ARM GAS  /tmp/cc8vE36X.s 			page 1


   1              		.cpu cortex-m4
   2              		.arch armv7e-m
   3              		.fpu fpv4-sp-d16
   4              		.eabi_attribute 27, 1
   5              		.eabi_attribute 28, 1
   6              		.eabi_attribute 20, 1
   7              		.eabi_attribute 21, 1
   8              		.eabi_attribute 23, 3
   9              		.eabi_attribute 24, 1
  10              		.eabi_attribute 25, 1
  11              		.eabi_attribute 26, 1
  12              		.eabi_attribute 30, 1
  13              		.eabi_attribute 34, 1
  14              		.eabi_attribute 18, 4
  15              		.file	"queue.c"
  16              		.text
  17              	.Ltext0:
  18              		.cfi_sections	.debug_frame
  19              		.file 1 "Middlewares/Third_Party/FreeRTOS/Source/queue.c"
  20              		.section	.text.prvGetDisinheritPriorityAfterTimeout,"ax",%progbits
  21              		.align	1
  22              		.syntax unified
  23              		.thumb
  24              		.thumb_func
  26              	prvGetDisinheritPriorityAfterTimeout:
  27              	.LVL0:
  28              	.LFB32:
   1:Middlewares/Third_Party/FreeRTOS/Source/queue.c **** /*
   2:Middlewares/Third_Party/FreeRTOS/Source/queue.c ****  * FreeRTOS Kernel V10.0.1
   3:Middlewares/Third_Party/FreeRTOS/Source/queue.c ****  * Copyright (C) 2017 Amazon.com, Inc. or its affiliates.  All Rights Reserved.
   4:Middlewares/Third_Party/FreeRTOS/Source/queue.c ****  *
   5:Middlewares/Third_Party/FreeRTOS/Source/queue.c ****  * Permission is hereby granted, free of charge, to any person obtaining a copy of
   6:Middlewares/Third_Party/FreeRTOS/Source/queue.c ****  * this software and associated documentation files (the "Software"), to deal in
   7:Middlewares/Third_Party/FreeRTOS/Source/queue.c ****  * the Software without restriction, including without limitation the rights to
   8:Middlewares/Third_Party/FreeRTOS/Source/queue.c ****  * use, copy, modify, merge, publish, distribute, sublicense, and/or sell copies of
   9:Middlewares/Third_Party/FreeRTOS/Source/queue.c ****  * the Software, and to permit persons to whom the Software is furnished to do so,
  10:Middlewares/Third_Party/FreeRTOS/Source/queue.c ****  * subject to the following conditions:
  11:Middlewares/Third_Party/FreeRTOS/Source/queue.c ****  *
  12:Middlewares/Third_Party/FreeRTOS/Source/queue.c ****  * The above copyright notice and this permission notice shall be included in all
  13:Middlewares/Third_Party/FreeRTOS/Source/queue.c ****  * copies or substantial portions of the Software.
  14:Middlewares/Third_Party/FreeRTOS/Source/queue.c ****  *
  15:Middlewares/Third_Party/FreeRTOS/Source/queue.c ****  * THE SOFTWARE IS PROVIDED "AS IS", WITHOUT WARRANTY OF ANY KIND, EXPRESS OR
  16:Middlewares/Third_Party/FreeRTOS/Source/queue.c ****  * IMPLIED, INCLUDING BUT NOT LIMITED TO THE WARRANTIES OF MERCHANTABILITY, FITNESS
  17:Middlewares/Third_Party/FreeRTOS/Source/queue.c ****  * FOR A PARTICULAR PURPOSE AND NONINFRINGEMENT. IN NO EVENT SHALL THE AUTHORS OR
  18:Middlewares/Third_Party/FreeRTOS/Source/queue.c ****  * COPYRIGHT HOLDERS BE LIABLE FOR ANY CLAIM, DAMAGES OR OTHER LIABILITY, WHETHER
  19:Middlewares/Third_Party/FreeRTOS/Source/queue.c ****  * IN AN ACTION OF CONTRACT, TORT OR OTHERWISE, ARISING FROM, OUT OF OR IN
  20:Middlewares/Third_Party/FreeRTOS/Source/queue.c ****  * CONNECTION WITH THE SOFTWARE OR THE USE OR OTHER DEALINGS IN THE SOFTWARE.
  21:Middlewares/Third_Party/FreeRTOS/Source/queue.c ****  *
  22:Middlewares/Third_Party/FreeRTOS/Source/queue.c ****  * http://www.FreeRTOS.org
  23:Middlewares/Third_Party/FreeRTOS/Source/queue.c ****  * http://aws.amazon.com/freertos
  24:Middlewares/Third_Party/FreeRTOS/Source/queue.c ****  *
  25:Middlewares/Third_Party/FreeRTOS/Source/queue.c ****  * 1 tab == 4 spaces!
  26:Middlewares/Third_Party/FreeRTOS/Source/queue.c ****  */
  27:Middlewares/Third_Party/FreeRTOS/Source/queue.c **** 
  28:Middlewares/Third_Party/FreeRTOS/Source/queue.c **** #include <stdlib.h>
  29:Middlewares/Third_Party/FreeRTOS/Source/queue.c **** #include <string.h>
  30:Middlewares/Third_Party/FreeRTOS/Source/queue.c **** 
ARM GAS  /tmp/cc8vE36X.s 			page 2


  31:Middlewares/Third_Party/FreeRTOS/Source/queue.c **** /* Defining MPU_WRAPPERS_INCLUDED_FROM_API_FILE prevents task.h from redefining
  32:Middlewares/Third_Party/FreeRTOS/Source/queue.c **** all the API functions to use the MPU wrappers.  That should only be done when
  33:Middlewares/Third_Party/FreeRTOS/Source/queue.c **** task.h is included from an application file. */
  34:Middlewares/Third_Party/FreeRTOS/Source/queue.c **** #define MPU_WRAPPERS_INCLUDED_FROM_API_FILE
  35:Middlewares/Third_Party/FreeRTOS/Source/queue.c **** 
  36:Middlewares/Third_Party/FreeRTOS/Source/queue.c **** #include "FreeRTOS.h"
  37:Middlewares/Third_Party/FreeRTOS/Source/queue.c **** #include "task.h"
  38:Middlewares/Third_Party/FreeRTOS/Source/queue.c **** #include "queue.h"
  39:Middlewares/Third_Party/FreeRTOS/Source/queue.c **** 
  40:Middlewares/Third_Party/FreeRTOS/Source/queue.c **** #if ( configUSE_CO_ROUTINES == 1 )
  41:Middlewares/Third_Party/FreeRTOS/Source/queue.c **** 	#include "croutine.h"
  42:Middlewares/Third_Party/FreeRTOS/Source/queue.c **** #endif
  43:Middlewares/Third_Party/FreeRTOS/Source/queue.c **** 
  44:Middlewares/Third_Party/FreeRTOS/Source/queue.c **** /* Lint e961 and e750 are suppressed as a MISRA exception justified because the
  45:Middlewares/Third_Party/FreeRTOS/Source/queue.c **** MPU ports require MPU_WRAPPERS_INCLUDED_FROM_API_FILE to be defined for the
  46:Middlewares/Third_Party/FreeRTOS/Source/queue.c **** header files above, but not in this file, in order to generate the correct
  47:Middlewares/Third_Party/FreeRTOS/Source/queue.c **** privileged Vs unprivileged linkage and placement. */
  48:Middlewares/Third_Party/FreeRTOS/Source/queue.c **** #undef MPU_WRAPPERS_INCLUDED_FROM_API_FILE /*lint !e961 !e750. */
  49:Middlewares/Third_Party/FreeRTOS/Source/queue.c **** 
  50:Middlewares/Third_Party/FreeRTOS/Source/queue.c **** 
  51:Middlewares/Third_Party/FreeRTOS/Source/queue.c **** /* Constants used with the cRxLock and cTxLock structure members. */
  52:Middlewares/Third_Party/FreeRTOS/Source/queue.c **** #define queueUNLOCKED					( ( int8_t ) -1 )
  53:Middlewares/Third_Party/FreeRTOS/Source/queue.c **** #define queueLOCKED_UNMODIFIED			( ( int8_t ) 0 )
  54:Middlewares/Third_Party/FreeRTOS/Source/queue.c **** 
  55:Middlewares/Third_Party/FreeRTOS/Source/queue.c **** /* When the Queue_t structure is used to represent a base queue its pcHead and
  56:Middlewares/Third_Party/FreeRTOS/Source/queue.c **** pcTail members are used as pointers into the queue storage area.  When the
  57:Middlewares/Third_Party/FreeRTOS/Source/queue.c **** Queue_t structure is used to represent a mutex pcHead and pcTail pointers are
  58:Middlewares/Third_Party/FreeRTOS/Source/queue.c **** not necessary, and the pcHead pointer is set to NULL to indicate that the
  59:Middlewares/Third_Party/FreeRTOS/Source/queue.c **** pcTail pointer actually points to the mutex holder (if any).  Map alternative
  60:Middlewares/Third_Party/FreeRTOS/Source/queue.c **** names to the pcHead and pcTail structure members to ensure the readability of
  61:Middlewares/Third_Party/FreeRTOS/Source/queue.c **** the code is maintained despite this dual use of two structure members.  An
  62:Middlewares/Third_Party/FreeRTOS/Source/queue.c **** alternative implementation would be to use a union, but use of a union is
  63:Middlewares/Third_Party/FreeRTOS/Source/queue.c **** against the coding standard (although an exception to the standard has been
  64:Middlewares/Third_Party/FreeRTOS/Source/queue.c **** permitted where the dual use also significantly changes the type of the
  65:Middlewares/Third_Party/FreeRTOS/Source/queue.c **** structure member). */
  66:Middlewares/Third_Party/FreeRTOS/Source/queue.c **** #define pxMutexHolder					pcTail
  67:Middlewares/Third_Party/FreeRTOS/Source/queue.c **** #define uxQueueType						pcHead
  68:Middlewares/Third_Party/FreeRTOS/Source/queue.c **** #define queueQUEUE_IS_MUTEX				NULL
  69:Middlewares/Third_Party/FreeRTOS/Source/queue.c **** 
  70:Middlewares/Third_Party/FreeRTOS/Source/queue.c **** /* Semaphores do not actually store or copy data, so have an item size of
  71:Middlewares/Third_Party/FreeRTOS/Source/queue.c **** zero. */
  72:Middlewares/Third_Party/FreeRTOS/Source/queue.c **** #define queueSEMAPHORE_QUEUE_ITEM_LENGTH ( ( UBaseType_t ) 0 )
  73:Middlewares/Third_Party/FreeRTOS/Source/queue.c **** #define queueMUTEX_GIVE_BLOCK_TIME		 ( ( TickType_t ) 0U )
  74:Middlewares/Third_Party/FreeRTOS/Source/queue.c **** 
  75:Middlewares/Third_Party/FreeRTOS/Source/queue.c **** #if( configUSE_PREEMPTION == 0 )
  76:Middlewares/Third_Party/FreeRTOS/Source/queue.c **** 	/* If the cooperative scheduler is being used then a yield should not be
  77:Middlewares/Third_Party/FreeRTOS/Source/queue.c **** 	performed just because a higher priority task has been woken. */
  78:Middlewares/Third_Party/FreeRTOS/Source/queue.c **** 	#define queueYIELD_IF_USING_PREEMPTION()
  79:Middlewares/Third_Party/FreeRTOS/Source/queue.c **** #else
  80:Middlewares/Third_Party/FreeRTOS/Source/queue.c **** 	#define queueYIELD_IF_USING_PREEMPTION() portYIELD_WITHIN_API()
  81:Middlewares/Third_Party/FreeRTOS/Source/queue.c **** #endif
  82:Middlewares/Third_Party/FreeRTOS/Source/queue.c **** 
  83:Middlewares/Third_Party/FreeRTOS/Source/queue.c **** /*
  84:Middlewares/Third_Party/FreeRTOS/Source/queue.c ****  * Definition of the queue used by the scheduler.
  85:Middlewares/Third_Party/FreeRTOS/Source/queue.c ****  * Items are queued by copy, not reference.  See the following link for the
  86:Middlewares/Third_Party/FreeRTOS/Source/queue.c ****  * rationale: http://www.freertos.org/Embedded-RTOS-Queues.html
  87:Middlewares/Third_Party/FreeRTOS/Source/queue.c ****  */
ARM GAS  /tmp/cc8vE36X.s 			page 3


  88:Middlewares/Third_Party/FreeRTOS/Source/queue.c **** typedef struct QueueDefinition
  89:Middlewares/Third_Party/FreeRTOS/Source/queue.c **** {
  90:Middlewares/Third_Party/FreeRTOS/Source/queue.c **** 	int8_t *pcHead;					/*< Points to the beginning of the queue storage area. */
  91:Middlewares/Third_Party/FreeRTOS/Source/queue.c **** 	int8_t *pcTail;					/*< Points to the byte at the end of the queue storage area.  Once more byte i
  92:Middlewares/Third_Party/FreeRTOS/Source/queue.c **** 	int8_t *pcWriteTo;				/*< Points to the free next place in the storage area. */
  93:Middlewares/Third_Party/FreeRTOS/Source/queue.c **** 
  94:Middlewares/Third_Party/FreeRTOS/Source/queue.c **** 	union							/* Use of a union is an exception to the coding standard to ensure two mutually exclus
  95:Middlewares/Third_Party/FreeRTOS/Source/queue.c **** 	{
  96:Middlewares/Third_Party/FreeRTOS/Source/queue.c **** 		int8_t *pcReadFrom;			/*< Points to the last place that a queued item was read from when the stru
  97:Middlewares/Third_Party/FreeRTOS/Source/queue.c **** 		UBaseType_t uxRecursiveCallCount;/*< Maintains a count of the number of times a recursive mutex h
  98:Middlewares/Third_Party/FreeRTOS/Source/queue.c **** 	} u;
  99:Middlewares/Third_Party/FreeRTOS/Source/queue.c **** 
 100:Middlewares/Third_Party/FreeRTOS/Source/queue.c **** 	List_t xTasksWaitingToSend;		/*< List of tasks that are blocked waiting to post onto this queue.  
 101:Middlewares/Third_Party/FreeRTOS/Source/queue.c **** 	List_t xTasksWaitingToReceive;	/*< List of tasks that are blocked waiting to read from this queue.
 102:Middlewares/Third_Party/FreeRTOS/Source/queue.c **** 
 103:Middlewares/Third_Party/FreeRTOS/Source/queue.c **** 	volatile UBaseType_t uxMessagesWaiting;/*< The number of items currently in the queue. */
 104:Middlewares/Third_Party/FreeRTOS/Source/queue.c **** 	UBaseType_t uxLength;			/*< The length of the queue defined as the number of items it will hold, n
 105:Middlewares/Third_Party/FreeRTOS/Source/queue.c **** 	UBaseType_t uxItemSize;			/*< The size of each items that the queue will hold. */
 106:Middlewares/Third_Party/FreeRTOS/Source/queue.c **** 
 107:Middlewares/Third_Party/FreeRTOS/Source/queue.c **** 	volatile int8_t cRxLock;		/*< Stores the number of items received from the queue (removed from the
 108:Middlewares/Third_Party/FreeRTOS/Source/queue.c **** 	volatile int8_t cTxLock;		/*< Stores the number of items transmitted to the queue (added to the qu
 109:Middlewares/Third_Party/FreeRTOS/Source/queue.c **** 
 110:Middlewares/Third_Party/FreeRTOS/Source/queue.c **** 	#if( ( configSUPPORT_STATIC_ALLOCATION == 1 ) && ( configSUPPORT_DYNAMIC_ALLOCATION == 1 ) )
 111:Middlewares/Third_Party/FreeRTOS/Source/queue.c **** 		uint8_t ucStaticallyAllocated;	/*< Set to pdTRUE if the memory used by the queue was statically a
 112:Middlewares/Third_Party/FreeRTOS/Source/queue.c **** 	#endif
 113:Middlewares/Third_Party/FreeRTOS/Source/queue.c **** 
 114:Middlewares/Third_Party/FreeRTOS/Source/queue.c **** 	#if ( configUSE_QUEUE_SETS == 1 )
 115:Middlewares/Third_Party/FreeRTOS/Source/queue.c **** 		struct QueueDefinition *pxQueueSetContainer;
 116:Middlewares/Third_Party/FreeRTOS/Source/queue.c **** 	#endif
 117:Middlewares/Third_Party/FreeRTOS/Source/queue.c **** 
 118:Middlewares/Third_Party/FreeRTOS/Source/queue.c **** 	#if ( configUSE_TRACE_FACILITY == 1 )
 119:Middlewares/Third_Party/FreeRTOS/Source/queue.c **** 		UBaseType_t uxQueueNumber;
 120:Middlewares/Third_Party/FreeRTOS/Source/queue.c **** 		uint8_t ucQueueType;
 121:Middlewares/Third_Party/FreeRTOS/Source/queue.c **** 	#endif
 122:Middlewares/Third_Party/FreeRTOS/Source/queue.c **** 
 123:Middlewares/Third_Party/FreeRTOS/Source/queue.c **** } xQUEUE;
 124:Middlewares/Third_Party/FreeRTOS/Source/queue.c **** 
 125:Middlewares/Third_Party/FreeRTOS/Source/queue.c **** /* The old xQUEUE name is maintained above then typedefed to the new Queue_t
 126:Middlewares/Third_Party/FreeRTOS/Source/queue.c **** name below to enable the use of older kernel aware debuggers. */
 127:Middlewares/Third_Party/FreeRTOS/Source/queue.c **** typedef xQUEUE Queue_t;
 128:Middlewares/Third_Party/FreeRTOS/Source/queue.c **** 
 129:Middlewares/Third_Party/FreeRTOS/Source/queue.c **** /*-----------------------------------------------------------*/
 130:Middlewares/Third_Party/FreeRTOS/Source/queue.c **** 
 131:Middlewares/Third_Party/FreeRTOS/Source/queue.c **** /*
 132:Middlewares/Third_Party/FreeRTOS/Source/queue.c ****  * The queue registry is just a means for kernel aware debuggers to locate
 133:Middlewares/Third_Party/FreeRTOS/Source/queue.c ****  * queue structures.  It has no other purpose so is an optional component.
 134:Middlewares/Third_Party/FreeRTOS/Source/queue.c ****  */
 135:Middlewares/Third_Party/FreeRTOS/Source/queue.c **** #if ( configQUEUE_REGISTRY_SIZE > 0 )
 136:Middlewares/Third_Party/FreeRTOS/Source/queue.c **** 
 137:Middlewares/Third_Party/FreeRTOS/Source/queue.c **** 	/* The type stored within the queue registry array.  This allows a name
 138:Middlewares/Third_Party/FreeRTOS/Source/queue.c **** 	to be assigned to each queue making kernel aware debugging a little
 139:Middlewares/Third_Party/FreeRTOS/Source/queue.c **** 	more user friendly. */
 140:Middlewares/Third_Party/FreeRTOS/Source/queue.c **** 	typedef struct QUEUE_REGISTRY_ITEM
 141:Middlewares/Third_Party/FreeRTOS/Source/queue.c **** 	{
 142:Middlewares/Third_Party/FreeRTOS/Source/queue.c **** 		const char *pcQueueName; /*lint !e971 Unqualified char types are allowed for strings and single c
 143:Middlewares/Third_Party/FreeRTOS/Source/queue.c **** 		QueueHandle_t xHandle;
 144:Middlewares/Third_Party/FreeRTOS/Source/queue.c **** 	} xQueueRegistryItem;
ARM GAS  /tmp/cc8vE36X.s 			page 4


 145:Middlewares/Third_Party/FreeRTOS/Source/queue.c **** 
 146:Middlewares/Third_Party/FreeRTOS/Source/queue.c **** 	/* The old xQueueRegistryItem name is maintained above then typedefed to the
 147:Middlewares/Third_Party/FreeRTOS/Source/queue.c **** 	new xQueueRegistryItem name below to enable the use of older kernel aware
 148:Middlewares/Third_Party/FreeRTOS/Source/queue.c **** 	debuggers. */
 149:Middlewares/Third_Party/FreeRTOS/Source/queue.c **** 	typedef xQueueRegistryItem QueueRegistryItem_t;
 150:Middlewares/Third_Party/FreeRTOS/Source/queue.c **** 
 151:Middlewares/Third_Party/FreeRTOS/Source/queue.c **** 	/* The queue registry is simply an array of QueueRegistryItem_t structures.
 152:Middlewares/Third_Party/FreeRTOS/Source/queue.c **** 	The pcQueueName member of a structure being NULL is indicative of the
 153:Middlewares/Third_Party/FreeRTOS/Source/queue.c **** 	array position being vacant. */
 154:Middlewares/Third_Party/FreeRTOS/Source/queue.c **** 	PRIVILEGED_DATA QueueRegistryItem_t xQueueRegistry[ configQUEUE_REGISTRY_SIZE ];
 155:Middlewares/Third_Party/FreeRTOS/Source/queue.c **** 
 156:Middlewares/Third_Party/FreeRTOS/Source/queue.c **** #endif /* configQUEUE_REGISTRY_SIZE */
 157:Middlewares/Third_Party/FreeRTOS/Source/queue.c **** 
 158:Middlewares/Third_Party/FreeRTOS/Source/queue.c **** /*
 159:Middlewares/Third_Party/FreeRTOS/Source/queue.c ****  * Unlocks a queue locked by a call to prvLockQueue.  Locking a queue does not
 160:Middlewares/Third_Party/FreeRTOS/Source/queue.c ****  * prevent an ISR from adding or removing items to the queue, but does prevent
 161:Middlewares/Third_Party/FreeRTOS/Source/queue.c ****  * an ISR from removing tasks from the queue event lists.  If an ISR finds a
 162:Middlewares/Third_Party/FreeRTOS/Source/queue.c ****  * queue is locked it will instead increment the appropriate queue lock count
 163:Middlewares/Third_Party/FreeRTOS/Source/queue.c ****  * to indicate that a task may require unblocking.  When the queue in unlocked
 164:Middlewares/Third_Party/FreeRTOS/Source/queue.c ****  * these lock counts are inspected, and the appropriate action taken.
 165:Middlewares/Third_Party/FreeRTOS/Source/queue.c ****  */
 166:Middlewares/Third_Party/FreeRTOS/Source/queue.c **** static void prvUnlockQueue( Queue_t * const pxQueue ) PRIVILEGED_FUNCTION;
 167:Middlewares/Third_Party/FreeRTOS/Source/queue.c **** 
 168:Middlewares/Third_Party/FreeRTOS/Source/queue.c **** /*
 169:Middlewares/Third_Party/FreeRTOS/Source/queue.c ****  * Uses a critical section to determine if there is any data in a queue.
 170:Middlewares/Third_Party/FreeRTOS/Source/queue.c ****  *
 171:Middlewares/Third_Party/FreeRTOS/Source/queue.c ****  * @return pdTRUE if the queue contains no items, otherwise pdFALSE.
 172:Middlewares/Third_Party/FreeRTOS/Source/queue.c ****  */
 173:Middlewares/Third_Party/FreeRTOS/Source/queue.c **** static BaseType_t prvIsQueueEmpty( const Queue_t *pxQueue ) PRIVILEGED_FUNCTION;
 174:Middlewares/Third_Party/FreeRTOS/Source/queue.c **** 
 175:Middlewares/Third_Party/FreeRTOS/Source/queue.c **** /*
 176:Middlewares/Third_Party/FreeRTOS/Source/queue.c ****  * Uses a critical section to determine if there is any space in a queue.
 177:Middlewares/Third_Party/FreeRTOS/Source/queue.c ****  *
 178:Middlewares/Third_Party/FreeRTOS/Source/queue.c ****  * @return pdTRUE if there is no space, otherwise pdFALSE;
 179:Middlewares/Third_Party/FreeRTOS/Source/queue.c ****  */
 180:Middlewares/Third_Party/FreeRTOS/Source/queue.c **** static BaseType_t prvIsQueueFull( const Queue_t *pxQueue ) PRIVILEGED_FUNCTION;
 181:Middlewares/Third_Party/FreeRTOS/Source/queue.c **** 
 182:Middlewares/Third_Party/FreeRTOS/Source/queue.c **** /*
 183:Middlewares/Third_Party/FreeRTOS/Source/queue.c ****  * Copies an item into the queue, either at the front of the queue or the
 184:Middlewares/Third_Party/FreeRTOS/Source/queue.c ****  * back of the queue.
 185:Middlewares/Third_Party/FreeRTOS/Source/queue.c ****  */
 186:Middlewares/Third_Party/FreeRTOS/Source/queue.c **** static BaseType_t prvCopyDataToQueue( Queue_t * const pxQueue, const void *pvItemToQueue, const Bas
 187:Middlewares/Third_Party/FreeRTOS/Source/queue.c **** 
 188:Middlewares/Third_Party/FreeRTOS/Source/queue.c **** /*
 189:Middlewares/Third_Party/FreeRTOS/Source/queue.c ****  * Copies an item out of a queue.
 190:Middlewares/Third_Party/FreeRTOS/Source/queue.c ****  */
 191:Middlewares/Third_Party/FreeRTOS/Source/queue.c **** static void prvCopyDataFromQueue( Queue_t * const pxQueue, void * const pvBuffer ) PRIVILEGED_FUNCT
 192:Middlewares/Third_Party/FreeRTOS/Source/queue.c **** 
 193:Middlewares/Third_Party/FreeRTOS/Source/queue.c **** #if ( configUSE_QUEUE_SETS == 1 )
 194:Middlewares/Third_Party/FreeRTOS/Source/queue.c **** 	/*
 195:Middlewares/Third_Party/FreeRTOS/Source/queue.c **** 	 * Checks to see if a queue is a member of a queue set, and if so, notifies
 196:Middlewares/Third_Party/FreeRTOS/Source/queue.c **** 	 * the queue set that the queue contains data.
 197:Middlewares/Third_Party/FreeRTOS/Source/queue.c **** 	 */
 198:Middlewares/Third_Party/FreeRTOS/Source/queue.c **** 	static BaseType_t prvNotifyQueueSetContainer( const Queue_t * const pxQueue, const BaseType_t xCop
 199:Middlewares/Third_Party/FreeRTOS/Source/queue.c **** #endif
 200:Middlewares/Third_Party/FreeRTOS/Source/queue.c **** 
 201:Middlewares/Third_Party/FreeRTOS/Source/queue.c **** /*
ARM GAS  /tmp/cc8vE36X.s 			page 5


 202:Middlewares/Third_Party/FreeRTOS/Source/queue.c ****  * Called after a Queue_t structure has been allocated either statically or
 203:Middlewares/Third_Party/FreeRTOS/Source/queue.c ****  * dynamically to fill in the structure's members.
 204:Middlewares/Third_Party/FreeRTOS/Source/queue.c ****  */
 205:Middlewares/Third_Party/FreeRTOS/Source/queue.c **** static void prvInitialiseNewQueue( const UBaseType_t uxQueueLength, const UBaseType_t uxItemSize, u
 206:Middlewares/Third_Party/FreeRTOS/Source/queue.c **** 
 207:Middlewares/Third_Party/FreeRTOS/Source/queue.c **** /*
 208:Middlewares/Third_Party/FreeRTOS/Source/queue.c ****  * Mutexes are a special type of queue.  When a mutex is created, first the
 209:Middlewares/Third_Party/FreeRTOS/Source/queue.c ****  * queue is created, then prvInitialiseMutex() is called to configure the queue
 210:Middlewares/Third_Party/FreeRTOS/Source/queue.c ****  * as a mutex.
 211:Middlewares/Third_Party/FreeRTOS/Source/queue.c ****  */
 212:Middlewares/Third_Party/FreeRTOS/Source/queue.c **** #if( configUSE_MUTEXES == 1 )
 213:Middlewares/Third_Party/FreeRTOS/Source/queue.c **** 	static void prvInitialiseMutex( Queue_t *pxNewQueue ) PRIVILEGED_FUNCTION;
 214:Middlewares/Third_Party/FreeRTOS/Source/queue.c **** #endif
 215:Middlewares/Third_Party/FreeRTOS/Source/queue.c **** 
 216:Middlewares/Third_Party/FreeRTOS/Source/queue.c **** #if( configUSE_MUTEXES == 1 )
 217:Middlewares/Third_Party/FreeRTOS/Source/queue.c **** 	/*
 218:Middlewares/Third_Party/FreeRTOS/Source/queue.c **** 	 * If a task waiting for a mutex causes the mutex holder to inherit a
 219:Middlewares/Third_Party/FreeRTOS/Source/queue.c **** 	 * priority, but the waiting task times out, then the holder should
 220:Middlewares/Third_Party/FreeRTOS/Source/queue.c **** 	 * disinherit the priority - but only down to the highest priority of any
 221:Middlewares/Third_Party/FreeRTOS/Source/queue.c **** 	 * other tasks that are waiting for the same mutex.  This function returns
 222:Middlewares/Third_Party/FreeRTOS/Source/queue.c **** 	 * that priority.
 223:Middlewares/Third_Party/FreeRTOS/Source/queue.c **** 	 */
 224:Middlewares/Third_Party/FreeRTOS/Source/queue.c **** 	static UBaseType_t prvGetDisinheritPriorityAfterTimeout( const Queue_t * const pxQueue ) PRIVILEGE
 225:Middlewares/Third_Party/FreeRTOS/Source/queue.c **** #endif
 226:Middlewares/Third_Party/FreeRTOS/Source/queue.c **** /*-----------------------------------------------------------*/
 227:Middlewares/Third_Party/FreeRTOS/Source/queue.c **** 
 228:Middlewares/Third_Party/FreeRTOS/Source/queue.c **** /*
 229:Middlewares/Third_Party/FreeRTOS/Source/queue.c ****  * Macro to mark a queue as locked.  Locking a queue prevents an ISR from
 230:Middlewares/Third_Party/FreeRTOS/Source/queue.c ****  * accessing the queue event lists.
 231:Middlewares/Third_Party/FreeRTOS/Source/queue.c ****  */
 232:Middlewares/Third_Party/FreeRTOS/Source/queue.c **** #define prvLockQueue( pxQueue )								\
 233:Middlewares/Third_Party/FreeRTOS/Source/queue.c **** 	taskENTER_CRITICAL();									\
 234:Middlewares/Third_Party/FreeRTOS/Source/queue.c **** 	{														\
 235:Middlewares/Third_Party/FreeRTOS/Source/queue.c **** 		if( ( pxQueue )->cRxLock == queueUNLOCKED )			\
 236:Middlewares/Third_Party/FreeRTOS/Source/queue.c **** 		{													\
 237:Middlewares/Third_Party/FreeRTOS/Source/queue.c **** 			( pxQueue )->cRxLock = queueLOCKED_UNMODIFIED;	\
 238:Middlewares/Third_Party/FreeRTOS/Source/queue.c **** 		}													\
 239:Middlewares/Third_Party/FreeRTOS/Source/queue.c **** 		if( ( pxQueue )->cTxLock == queueUNLOCKED )			\
 240:Middlewares/Third_Party/FreeRTOS/Source/queue.c **** 		{													\
 241:Middlewares/Third_Party/FreeRTOS/Source/queue.c **** 			( pxQueue )->cTxLock = queueLOCKED_UNMODIFIED;	\
 242:Middlewares/Third_Party/FreeRTOS/Source/queue.c **** 		}													\
 243:Middlewares/Third_Party/FreeRTOS/Source/queue.c **** 	}														\
 244:Middlewares/Third_Party/FreeRTOS/Source/queue.c **** 	taskEXIT_CRITICAL()
 245:Middlewares/Third_Party/FreeRTOS/Source/queue.c **** /*-----------------------------------------------------------*/
 246:Middlewares/Third_Party/FreeRTOS/Source/queue.c **** 
 247:Middlewares/Third_Party/FreeRTOS/Source/queue.c **** BaseType_t xQueueGenericReset( QueueHandle_t xQueue, BaseType_t xNewQueue )
 248:Middlewares/Third_Party/FreeRTOS/Source/queue.c **** {
 249:Middlewares/Third_Party/FreeRTOS/Source/queue.c **** Queue_t * const pxQueue = ( Queue_t * ) xQueue;
 250:Middlewares/Third_Party/FreeRTOS/Source/queue.c **** 
 251:Middlewares/Third_Party/FreeRTOS/Source/queue.c **** 	configASSERT( pxQueue );
 252:Middlewares/Third_Party/FreeRTOS/Source/queue.c **** 
 253:Middlewares/Third_Party/FreeRTOS/Source/queue.c **** 	taskENTER_CRITICAL();
 254:Middlewares/Third_Party/FreeRTOS/Source/queue.c **** 	{
 255:Middlewares/Third_Party/FreeRTOS/Source/queue.c **** 		pxQueue->pcTail = pxQueue->pcHead + ( pxQueue->uxLength * pxQueue->uxItemSize );
 256:Middlewares/Third_Party/FreeRTOS/Source/queue.c **** 		pxQueue->uxMessagesWaiting = ( UBaseType_t ) 0U;
 257:Middlewares/Third_Party/FreeRTOS/Source/queue.c **** 		pxQueue->pcWriteTo = pxQueue->pcHead;
 258:Middlewares/Third_Party/FreeRTOS/Source/queue.c **** 		pxQueue->u.pcReadFrom = pxQueue->pcHead + ( ( pxQueue->uxLength - ( UBaseType_t ) 1U ) * pxQueue-
ARM GAS  /tmp/cc8vE36X.s 			page 6


 259:Middlewares/Third_Party/FreeRTOS/Source/queue.c **** 		pxQueue->cRxLock = queueUNLOCKED;
 260:Middlewares/Third_Party/FreeRTOS/Source/queue.c **** 		pxQueue->cTxLock = queueUNLOCKED;
 261:Middlewares/Third_Party/FreeRTOS/Source/queue.c **** 
 262:Middlewares/Third_Party/FreeRTOS/Source/queue.c **** 		if( xNewQueue == pdFALSE )
 263:Middlewares/Third_Party/FreeRTOS/Source/queue.c **** 		{
 264:Middlewares/Third_Party/FreeRTOS/Source/queue.c **** 			/* If there are tasks blocked waiting to read from the queue, then
 265:Middlewares/Third_Party/FreeRTOS/Source/queue.c **** 			the tasks will remain blocked as after this function exits the queue
 266:Middlewares/Third_Party/FreeRTOS/Source/queue.c **** 			will still be empty.  If there are tasks blocked waiting to write to
 267:Middlewares/Third_Party/FreeRTOS/Source/queue.c **** 			the queue, then one should be unblocked as after this function exits
 268:Middlewares/Third_Party/FreeRTOS/Source/queue.c **** 			it will be possible to write to it. */
 269:Middlewares/Third_Party/FreeRTOS/Source/queue.c **** 			if( listLIST_IS_EMPTY( &( pxQueue->xTasksWaitingToSend ) ) == pdFALSE )
 270:Middlewares/Third_Party/FreeRTOS/Source/queue.c **** 			{
 271:Middlewares/Third_Party/FreeRTOS/Source/queue.c **** 				if( xTaskRemoveFromEventList( &( pxQueue->xTasksWaitingToSend ) ) != pdFALSE )
 272:Middlewares/Third_Party/FreeRTOS/Source/queue.c **** 				{
 273:Middlewares/Third_Party/FreeRTOS/Source/queue.c **** 					queueYIELD_IF_USING_PREEMPTION();
 274:Middlewares/Third_Party/FreeRTOS/Source/queue.c **** 				}
 275:Middlewares/Third_Party/FreeRTOS/Source/queue.c **** 				else
 276:Middlewares/Third_Party/FreeRTOS/Source/queue.c **** 				{
 277:Middlewares/Third_Party/FreeRTOS/Source/queue.c **** 					mtCOVERAGE_TEST_MARKER();
 278:Middlewares/Third_Party/FreeRTOS/Source/queue.c **** 				}
 279:Middlewares/Third_Party/FreeRTOS/Source/queue.c **** 			}
 280:Middlewares/Third_Party/FreeRTOS/Source/queue.c **** 			else
 281:Middlewares/Third_Party/FreeRTOS/Source/queue.c **** 			{
 282:Middlewares/Third_Party/FreeRTOS/Source/queue.c **** 				mtCOVERAGE_TEST_MARKER();
 283:Middlewares/Third_Party/FreeRTOS/Source/queue.c **** 			}
 284:Middlewares/Third_Party/FreeRTOS/Source/queue.c **** 		}
 285:Middlewares/Third_Party/FreeRTOS/Source/queue.c **** 		else
 286:Middlewares/Third_Party/FreeRTOS/Source/queue.c **** 		{
 287:Middlewares/Third_Party/FreeRTOS/Source/queue.c **** 			/* Ensure the event queues start in the correct state. */
 288:Middlewares/Third_Party/FreeRTOS/Source/queue.c **** 			vListInitialise( &( pxQueue->xTasksWaitingToSend ) );
 289:Middlewares/Third_Party/FreeRTOS/Source/queue.c **** 			vListInitialise( &( pxQueue->xTasksWaitingToReceive ) );
 290:Middlewares/Third_Party/FreeRTOS/Source/queue.c **** 		}
 291:Middlewares/Third_Party/FreeRTOS/Source/queue.c **** 	}
 292:Middlewares/Third_Party/FreeRTOS/Source/queue.c **** 	taskEXIT_CRITICAL();
 293:Middlewares/Third_Party/FreeRTOS/Source/queue.c **** 
 294:Middlewares/Third_Party/FreeRTOS/Source/queue.c **** 	/* A value is returned for calling semantic consistency with previous
 295:Middlewares/Third_Party/FreeRTOS/Source/queue.c **** 	versions. */
 296:Middlewares/Third_Party/FreeRTOS/Source/queue.c **** 	return pdPASS;
 297:Middlewares/Third_Party/FreeRTOS/Source/queue.c **** }
 298:Middlewares/Third_Party/FreeRTOS/Source/queue.c **** /*-----------------------------------------------------------*/
 299:Middlewares/Third_Party/FreeRTOS/Source/queue.c **** 
 300:Middlewares/Third_Party/FreeRTOS/Source/queue.c **** #if( configSUPPORT_STATIC_ALLOCATION == 1 )
 301:Middlewares/Third_Party/FreeRTOS/Source/queue.c **** 
 302:Middlewares/Third_Party/FreeRTOS/Source/queue.c **** 	QueueHandle_t xQueueGenericCreateStatic( const UBaseType_t uxQueueLength, const UBaseType_t uxItem
 303:Middlewares/Third_Party/FreeRTOS/Source/queue.c **** 	{
 304:Middlewares/Third_Party/FreeRTOS/Source/queue.c **** 	Queue_t *pxNewQueue;
 305:Middlewares/Third_Party/FreeRTOS/Source/queue.c **** 
 306:Middlewares/Third_Party/FreeRTOS/Source/queue.c **** 		configASSERT( uxQueueLength > ( UBaseType_t ) 0 );
 307:Middlewares/Third_Party/FreeRTOS/Source/queue.c **** 
 308:Middlewares/Third_Party/FreeRTOS/Source/queue.c **** 		/* The StaticQueue_t structure and the queue storage area must be
 309:Middlewares/Third_Party/FreeRTOS/Source/queue.c **** 		supplied. */
 310:Middlewares/Third_Party/FreeRTOS/Source/queue.c **** 		configASSERT( pxStaticQueue != NULL );
 311:Middlewares/Third_Party/FreeRTOS/Source/queue.c **** 
 312:Middlewares/Third_Party/FreeRTOS/Source/queue.c **** 		/* A queue storage area should be provided if the item size is not 0, and
 313:Middlewares/Third_Party/FreeRTOS/Source/queue.c **** 		should not be provided if the item size is 0. */
 314:Middlewares/Third_Party/FreeRTOS/Source/queue.c **** 		configASSERT( !( ( pucQueueStorage != NULL ) && ( uxItemSize == 0 ) ) );
 315:Middlewares/Third_Party/FreeRTOS/Source/queue.c **** 		configASSERT( !( ( pucQueueStorage == NULL ) && ( uxItemSize != 0 ) ) );
ARM GAS  /tmp/cc8vE36X.s 			page 7


 316:Middlewares/Third_Party/FreeRTOS/Source/queue.c **** 
 317:Middlewares/Third_Party/FreeRTOS/Source/queue.c **** 		#if( configASSERT_DEFINED == 1 )
 318:Middlewares/Third_Party/FreeRTOS/Source/queue.c **** 		{
 319:Middlewares/Third_Party/FreeRTOS/Source/queue.c **** 			/* Sanity check that the size of the structure used to declare a
 320:Middlewares/Third_Party/FreeRTOS/Source/queue.c **** 			variable of type StaticQueue_t or StaticSemaphore_t equals the size of
 321:Middlewares/Third_Party/FreeRTOS/Source/queue.c **** 			the real queue and semaphore structures. */
 322:Middlewares/Third_Party/FreeRTOS/Source/queue.c **** 			volatile size_t xSize = sizeof( StaticQueue_t );
 323:Middlewares/Third_Party/FreeRTOS/Source/queue.c **** 			configASSERT( xSize == sizeof( Queue_t ) );
 324:Middlewares/Third_Party/FreeRTOS/Source/queue.c **** 		}
 325:Middlewares/Third_Party/FreeRTOS/Source/queue.c **** 		#endif /* configASSERT_DEFINED */
 326:Middlewares/Third_Party/FreeRTOS/Source/queue.c **** 
 327:Middlewares/Third_Party/FreeRTOS/Source/queue.c **** 		/* The address of a statically allocated queue was passed in, use it.
 328:Middlewares/Third_Party/FreeRTOS/Source/queue.c **** 		The address of a statically allocated storage area was also passed in
 329:Middlewares/Third_Party/FreeRTOS/Source/queue.c **** 		but is already set. */
 330:Middlewares/Third_Party/FreeRTOS/Source/queue.c **** 		pxNewQueue = ( Queue_t * ) pxStaticQueue; /*lint !e740 Unusual cast is ok as the structures are d
 331:Middlewares/Third_Party/FreeRTOS/Source/queue.c **** 
 332:Middlewares/Third_Party/FreeRTOS/Source/queue.c **** 		if( pxNewQueue != NULL )
 333:Middlewares/Third_Party/FreeRTOS/Source/queue.c **** 		{
 334:Middlewares/Third_Party/FreeRTOS/Source/queue.c **** 			#if( configSUPPORT_DYNAMIC_ALLOCATION == 1 )
 335:Middlewares/Third_Party/FreeRTOS/Source/queue.c **** 			{
 336:Middlewares/Third_Party/FreeRTOS/Source/queue.c **** 				/* Queues can be allocated wither statically or dynamically, so
 337:Middlewares/Third_Party/FreeRTOS/Source/queue.c **** 				note this queue was allocated statically in case the queue is
 338:Middlewares/Third_Party/FreeRTOS/Source/queue.c **** 				later deleted. */
 339:Middlewares/Third_Party/FreeRTOS/Source/queue.c **** 				pxNewQueue->ucStaticallyAllocated = pdTRUE;
 340:Middlewares/Third_Party/FreeRTOS/Source/queue.c **** 			}
 341:Middlewares/Third_Party/FreeRTOS/Source/queue.c **** 			#endif /* configSUPPORT_DYNAMIC_ALLOCATION */
 342:Middlewares/Third_Party/FreeRTOS/Source/queue.c **** 
 343:Middlewares/Third_Party/FreeRTOS/Source/queue.c **** 			prvInitialiseNewQueue( uxQueueLength, uxItemSize, pucQueueStorage, ucQueueType, pxNewQueue );
 344:Middlewares/Third_Party/FreeRTOS/Source/queue.c **** 		}
 345:Middlewares/Third_Party/FreeRTOS/Source/queue.c **** 		else
 346:Middlewares/Third_Party/FreeRTOS/Source/queue.c **** 		{
 347:Middlewares/Third_Party/FreeRTOS/Source/queue.c **** 			traceQUEUE_CREATE_FAILED( ucQueueType );
 348:Middlewares/Third_Party/FreeRTOS/Source/queue.c **** 		}
 349:Middlewares/Third_Party/FreeRTOS/Source/queue.c **** 
 350:Middlewares/Third_Party/FreeRTOS/Source/queue.c **** 		return pxNewQueue;
 351:Middlewares/Third_Party/FreeRTOS/Source/queue.c **** 	}
 352:Middlewares/Third_Party/FreeRTOS/Source/queue.c **** 
 353:Middlewares/Third_Party/FreeRTOS/Source/queue.c **** #endif /* configSUPPORT_STATIC_ALLOCATION */
 354:Middlewares/Third_Party/FreeRTOS/Source/queue.c **** /*-----------------------------------------------------------*/
 355:Middlewares/Third_Party/FreeRTOS/Source/queue.c **** 
 356:Middlewares/Third_Party/FreeRTOS/Source/queue.c **** #if( configSUPPORT_DYNAMIC_ALLOCATION == 1 )
 357:Middlewares/Third_Party/FreeRTOS/Source/queue.c **** 
 358:Middlewares/Third_Party/FreeRTOS/Source/queue.c **** 	QueueHandle_t xQueueGenericCreate( const UBaseType_t uxQueueLength, const UBaseType_t uxItemSize, 
 359:Middlewares/Third_Party/FreeRTOS/Source/queue.c **** 	{
 360:Middlewares/Third_Party/FreeRTOS/Source/queue.c **** 	Queue_t *pxNewQueue;
 361:Middlewares/Third_Party/FreeRTOS/Source/queue.c **** 	size_t xQueueSizeInBytes;
 362:Middlewares/Third_Party/FreeRTOS/Source/queue.c **** 	uint8_t *pucQueueStorage;
 363:Middlewares/Third_Party/FreeRTOS/Source/queue.c **** 
 364:Middlewares/Third_Party/FreeRTOS/Source/queue.c **** 		configASSERT( uxQueueLength > ( UBaseType_t ) 0 );
 365:Middlewares/Third_Party/FreeRTOS/Source/queue.c **** 
 366:Middlewares/Third_Party/FreeRTOS/Source/queue.c **** 		if( uxItemSize == ( UBaseType_t ) 0 )
 367:Middlewares/Third_Party/FreeRTOS/Source/queue.c **** 		{
 368:Middlewares/Third_Party/FreeRTOS/Source/queue.c **** 			/* There is not going to be a queue storage area. */
 369:Middlewares/Third_Party/FreeRTOS/Source/queue.c **** 			xQueueSizeInBytes = ( size_t ) 0;
 370:Middlewares/Third_Party/FreeRTOS/Source/queue.c **** 		}
 371:Middlewares/Third_Party/FreeRTOS/Source/queue.c **** 		else
 372:Middlewares/Third_Party/FreeRTOS/Source/queue.c **** 		{
ARM GAS  /tmp/cc8vE36X.s 			page 8


 373:Middlewares/Third_Party/FreeRTOS/Source/queue.c **** 			/* Allocate enough space to hold the maximum number of items that
 374:Middlewares/Third_Party/FreeRTOS/Source/queue.c **** 			can be in the queue at any time. */
 375:Middlewares/Third_Party/FreeRTOS/Source/queue.c **** 			xQueueSizeInBytes = ( size_t ) ( uxQueueLength * uxItemSize ); /*lint !e961 MISRA exception as t
 376:Middlewares/Third_Party/FreeRTOS/Source/queue.c **** 		}
 377:Middlewares/Third_Party/FreeRTOS/Source/queue.c **** 
 378:Middlewares/Third_Party/FreeRTOS/Source/queue.c **** 		pxNewQueue = ( Queue_t * ) pvPortMalloc( sizeof( Queue_t ) + xQueueSizeInBytes );
 379:Middlewares/Third_Party/FreeRTOS/Source/queue.c **** 
 380:Middlewares/Third_Party/FreeRTOS/Source/queue.c **** 		if( pxNewQueue != NULL )
 381:Middlewares/Third_Party/FreeRTOS/Source/queue.c **** 		{
 382:Middlewares/Third_Party/FreeRTOS/Source/queue.c **** 			/* Jump past the queue structure to find the location of the queue
 383:Middlewares/Third_Party/FreeRTOS/Source/queue.c **** 			storage area. */
 384:Middlewares/Third_Party/FreeRTOS/Source/queue.c **** 			pucQueueStorage = ( ( uint8_t * ) pxNewQueue ) + sizeof( Queue_t );
 385:Middlewares/Third_Party/FreeRTOS/Source/queue.c **** 
 386:Middlewares/Third_Party/FreeRTOS/Source/queue.c **** 			#if( configSUPPORT_STATIC_ALLOCATION == 1 )
 387:Middlewares/Third_Party/FreeRTOS/Source/queue.c **** 			{
 388:Middlewares/Third_Party/FreeRTOS/Source/queue.c **** 				/* Queues can be created either statically or dynamically, so
 389:Middlewares/Third_Party/FreeRTOS/Source/queue.c **** 				note this task was created dynamically in case it is later
 390:Middlewares/Third_Party/FreeRTOS/Source/queue.c **** 				deleted. */
 391:Middlewares/Third_Party/FreeRTOS/Source/queue.c **** 				pxNewQueue->ucStaticallyAllocated = pdFALSE;
 392:Middlewares/Third_Party/FreeRTOS/Source/queue.c **** 			}
 393:Middlewares/Third_Party/FreeRTOS/Source/queue.c **** 			#endif /* configSUPPORT_STATIC_ALLOCATION */
 394:Middlewares/Third_Party/FreeRTOS/Source/queue.c **** 
 395:Middlewares/Third_Party/FreeRTOS/Source/queue.c **** 			prvInitialiseNewQueue( uxQueueLength, uxItemSize, pucQueueStorage, ucQueueType, pxNewQueue );
 396:Middlewares/Third_Party/FreeRTOS/Source/queue.c **** 		}
 397:Middlewares/Third_Party/FreeRTOS/Source/queue.c **** 		else
 398:Middlewares/Third_Party/FreeRTOS/Source/queue.c **** 		{
 399:Middlewares/Third_Party/FreeRTOS/Source/queue.c **** 			traceQUEUE_CREATE_FAILED( ucQueueType );
 400:Middlewares/Third_Party/FreeRTOS/Source/queue.c **** 		}
 401:Middlewares/Third_Party/FreeRTOS/Source/queue.c **** 
 402:Middlewares/Third_Party/FreeRTOS/Source/queue.c **** 		return pxNewQueue;
 403:Middlewares/Third_Party/FreeRTOS/Source/queue.c **** 	}
 404:Middlewares/Third_Party/FreeRTOS/Source/queue.c **** 
 405:Middlewares/Third_Party/FreeRTOS/Source/queue.c **** #endif /* configSUPPORT_STATIC_ALLOCATION */
 406:Middlewares/Third_Party/FreeRTOS/Source/queue.c **** /*-----------------------------------------------------------*/
 407:Middlewares/Third_Party/FreeRTOS/Source/queue.c **** 
 408:Middlewares/Third_Party/FreeRTOS/Source/queue.c **** static void prvInitialiseNewQueue( const UBaseType_t uxQueueLength, const UBaseType_t uxItemSize, u
 409:Middlewares/Third_Party/FreeRTOS/Source/queue.c **** {
 410:Middlewares/Third_Party/FreeRTOS/Source/queue.c **** 	/* Remove compiler warnings about unused parameters should
 411:Middlewares/Third_Party/FreeRTOS/Source/queue.c **** 	configUSE_TRACE_FACILITY not be set to 1. */
 412:Middlewares/Third_Party/FreeRTOS/Source/queue.c **** 	( void ) ucQueueType;
 413:Middlewares/Third_Party/FreeRTOS/Source/queue.c **** 
 414:Middlewares/Third_Party/FreeRTOS/Source/queue.c **** 	if( uxItemSize == ( UBaseType_t ) 0 )
 415:Middlewares/Third_Party/FreeRTOS/Source/queue.c **** 	{
 416:Middlewares/Third_Party/FreeRTOS/Source/queue.c **** 		/* No RAM was allocated for the queue storage area, but PC head cannot
 417:Middlewares/Third_Party/FreeRTOS/Source/queue.c **** 		be set to NULL because NULL is used as a key to say the queue is used as
 418:Middlewares/Third_Party/FreeRTOS/Source/queue.c **** 		a mutex.  Therefore just set pcHead to point to the queue as a benign
 419:Middlewares/Third_Party/FreeRTOS/Source/queue.c **** 		value that is known to be within the memory map. */
 420:Middlewares/Third_Party/FreeRTOS/Source/queue.c **** 		pxNewQueue->pcHead = ( int8_t * ) pxNewQueue;
 421:Middlewares/Third_Party/FreeRTOS/Source/queue.c **** 	}
 422:Middlewares/Third_Party/FreeRTOS/Source/queue.c **** 	else
 423:Middlewares/Third_Party/FreeRTOS/Source/queue.c **** 	{
 424:Middlewares/Third_Party/FreeRTOS/Source/queue.c **** 		/* Set the head to the start of the queue storage area. */
 425:Middlewares/Third_Party/FreeRTOS/Source/queue.c **** 		pxNewQueue->pcHead = ( int8_t * ) pucQueueStorage;
 426:Middlewares/Third_Party/FreeRTOS/Source/queue.c **** 	}
 427:Middlewares/Third_Party/FreeRTOS/Source/queue.c **** 
 428:Middlewares/Third_Party/FreeRTOS/Source/queue.c **** 	/* Initialise the queue members as described where the queue type is
 429:Middlewares/Third_Party/FreeRTOS/Source/queue.c **** 	defined. */
ARM GAS  /tmp/cc8vE36X.s 			page 9


 430:Middlewares/Third_Party/FreeRTOS/Source/queue.c **** 	pxNewQueue->uxLength = uxQueueLength;
 431:Middlewares/Third_Party/FreeRTOS/Source/queue.c **** 	pxNewQueue->uxItemSize = uxItemSize;
 432:Middlewares/Third_Party/FreeRTOS/Source/queue.c **** 	( void ) xQueueGenericReset( pxNewQueue, pdTRUE );
 433:Middlewares/Third_Party/FreeRTOS/Source/queue.c **** 
 434:Middlewares/Third_Party/FreeRTOS/Source/queue.c **** 	#if ( configUSE_TRACE_FACILITY == 1 )
 435:Middlewares/Third_Party/FreeRTOS/Source/queue.c **** 	{
 436:Middlewares/Third_Party/FreeRTOS/Source/queue.c **** 		pxNewQueue->ucQueueType = ucQueueType;
 437:Middlewares/Third_Party/FreeRTOS/Source/queue.c **** 	}
 438:Middlewares/Third_Party/FreeRTOS/Source/queue.c **** 	#endif /* configUSE_TRACE_FACILITY */
 439:Middlewares/Third_Party/FreeRTOS/Source/queue.c **** 
 440:Middlewares/Third_Party/FreeRTOS/Source/queue.c **** 	#if( configUSE_QUEUE_SETS == 1 )
 441:Middlewares/Third_Party/FreeRTOS/Source/queue.c **** 	{
 442:Middlewares/Third_Party/FreeRTOS/Source/queue.c **** 		pxNewQueue->pxQueueSetContainer = NULL;
 443:Middlewares/Third_Party/FreeRTOS/Source/queue.c **** 	}
 444:Middlewares/Third_Party/FreeRTOS/Source/queue.c **** 	#endif /* configUSE_QUEUE_SETS */
 445:Middlewares/Third_Party/FreeRTOS/Source/queue.c **** 
 446:Middlewares/Third_Party/FreeRTOS/Source/queue.c **** 	traceQUEUE_CREATE( pxNewQueue );
 447:Middlewares/Third_Party/FreeRTOS/Source/queue.c **** }
 448:Middlewares/Third_Party/FreeRTOS/Source/queue.c **** /*-----------------------------------------------------------*/
 449:Middlewares/Third_Party/FreeRTOS/Source/queue.c **** 
 450:Middlewares/Third_Party/FreeRTOS/Source/queue.c **** #if( configUSE_MUTEXES == 1 )
 451:Middlewares/Third_Party/FreeRTOS/Source/queue.c **** 
 452:Middlewares/Third_Party/FreeRTOS/Source/queue.c **** 	static void prvInitialiseMutex( Queue_t *pxNewQueue )
 453:Middlewares/Third_Party/FreeRTOS/Source/queue.c **** 	{
 454:Middlewares/Third_Party/FreeRTOS/Source/queue.c **** 		if( pxNewQueue != NULL )
 455:Middlewares/Third_Party/FreeRTOS/Source/queue.c **** 		{
 456:Middlewares/Third_Party/FreeRTOS/Source/queue.c **** 			/* The queue create function will set all the queue structure members
 457:Middlewares/Third_Party/FreeRTOS/Source/queue.c **** 			correctly for a generic queue, but this function is creating a
 458:Middlewares/Third_Party/FreeRTOS/Source/queue.c **** 			mutex.  Overwrite those members that need to be set differently -
 459:Middlewares/Third_Party/FreeRTOS/Source/queue.c **** 			in particular the information required for priority inheritance. */
 460:Middlewares/Third_Party/FreeRTOS/Source/queue.c **** 			pxNewQueue->pxMutexHolder = NULL;
 461:Middlewares/Third_Party/FreeRTOS/Source/queue.c **** 			pxNewQueue->uxQueueType = queueQUEUE_IS_MUTEX;
 462:Middlewares/Third_Party/FreeRTOS/Source/queue.c **** 
 463:Middlewares/Third_Party/FreeRTOS/Source/queue.c **** 			/* In case this is a recursive mutex. */
 464:Middlewares/Third_Party/FreeRTOS/Source/queue.c **** 			pxNewQueue->u.uxRecursiveCallCount = 0;
 465:Middlewares/Third_Party/FreeRTOS/Source/queue.c **** 
 466:Middlewares/Third_Party/FreeRTOS/Source/queue.c **** 			traceCREATE_MUTEX( pxNewQueue );
 467:Middlewares/Third_Party/FreeRTOS/Source/queue.c **** 
 468:Middlewares/Third_Party/FreeRTOS/Source/queue.c **** 			/* Start with the semaphore in the expected state. */
 469:Middlewares/Third_Party/FreeRTOS/Source/queue.c **** 			( void ) xQueueGenericSend( pxNewQueue, NULL, ( TickType_t ) 0U, queueSEND_TO_BACK );
 470:Middlewares/Third_Party/FreeRTOS/Source/queue.c **** 		}
 471:Middlewares/Third_Party/FreeRTOS/Source/queue.c **** 		else
 472:Middlewares/Third_Party/FreeRTOS/Source/queue.c **** 		{
 473:Middlewares/Third_Party/FreeRTOS/Source/queue.c **** 			traceCREATE_MUTEX_FAILED();
 474:Middlewares/Third_Party/FreeRTOS/Source/queue.c **** 		}
 475:Middlewares/Third_Party/FreeRTOS/Source/queue.c **** 	}
 476:Middlewares/Third_Party/FreeRTOS/Source/queue.c **** 
 477:Middlewares/Third_Party/FreeRTOS/Source/queue.c **** #endif /* configUSE_MUTEXES */
 478:Middlewares/Third_Party/FreeRTOS/Source/queue.c **** /*-----------------------------------------------------------*/
 479:Middlewares/Third_Party/FreeRTOS/Source/queue.c **** 
 480:Middlewares/Third_Party/FreeRTOS/Source/queue.c **** #if( ( configUSE_MUTEXES == 1 ) && ( configSUPPORT_DYNAMIC_ALLOCATION == 1 ) )
 481:Middlewares/Third_Party/FreeRTOS/Source/queue.c **** 
 482:Middlewares/Third_Party/FreeRTOS/Source/queue.c **** 	QueueHandle_t xQueueCreateMutex( const uint8_t ucQueueType )
 483:Middlewares/Third_Party/FreeRTOS/Source/queue.c **** 	{
 484:Middlewares/Third_Party/FreeRTOS/Source/queue.c **** 	Queue_t *pxNewQueue;
 485:Middlewares/Third_Party/FreeRTOS/Source/queue.c **** 	const UBaseType_t uxMutexLength = ( UBaseType_t ) 1, uxMutexSize = ( UBaseType_t ) 0;
 486:Middlewares/Third_Party/FreeRTOS/Source/queue.c **** 
ARM GAS  /tmp/cc8vE36X.s 			page 10


 487:Middlewares/Third_Party/FreeRTOS/Source/queue.c **** 		pxNewQueue = ( Queue_t * ) xQueueGenericCreate( uxMutexLength, uxMutexSize, ucQueueType );
 488:Middlewares/Third_Party/FreeRTOS/Source/queue.c **** 		prvInitialiseMutex( pxNewQueue );
 489:Middlewares/Third_Party/FreeRTOS/Source/queue.c **** 
 490:Middlewares/Third_Party/FreeRTOS/Source/queue.c **** 		return pxNewQueue;
 491:Middlewares/Third_Party/FreeRTOS/Source/queue.c **** 	}
 492:Middlewares/Third_Party/FreeRTOS/Source/queue.c **** 
 493:Middlewares/Third_Party/FreeRTOS/Source/queue.c **** #endif /* configUSE_MUTEXES */
 494:Middlewares/Third_Party/FreeRTOS/Source/queue.c **** /*-----------------------------------------------------------*/
 495:Middlewares/Third_Party/FreeRTOS/Source/queue.c **** 
 496:Middlewares/Third_Party/FreeRTOS/Source/queue.c **** #if( ( configUSE_MUTEXES == 1 ) && ( configSUPPORT_STATIC_ALLOCATION == 1 ) )
 497:Middlewares/Third_Party/FreeRTOS/Source/queue.c **** 
 498:Middlewares/Third_Party/FreeRTOS/Source/queue.c **** 	QueueHandle_t xQueueCreateMutexStatic( const uint8_t ucQueueType, StaticQueue_t *pxStaticQueue )
 499:Middlewares/Third_Party/FreeRTOS/Source/queue.c **** 	{
 500:Middlewares/Third_Party/FreeRTOS/Source/queue.c **** 	Queue_t *pxNewQueue;
 501:Middlewares/Third_Party/FreeRTOS/Source/queue.c **** 	const UBaseType_t uxMutexLength = ( UBaseType_t ) 1, uxMutexSize = ( UBaseType_t ) 0;
 502:Middlewares/Third_Party/FreeRTOS/Source/queue.c **** 
 503:Middlewares/Third_Party/FreeRTOS/Source/queue.c **** 		/* Prevent compiler warnings about unused parameters if
 504:Middlewares/Third_Party/FreeRTOS/Source/queue.c **** 		configUSE_TRACE_FACILITY does not equal 1. */
 505:Middlewares/Third_Party/FreeRTOS/Source/queue.c **** 		( void ) ucQueueType;
 506:Middlewares/Third_Party/FreeRTOS/Source/queue.c **** 
 507:Middlewares/Third_Party/FreeRTOS/Source/queue.c **** 		pxNewQueue = ( Queue_t * ) xQueueGenericCreateStatic( uxMutexLength, uxMutexSize, NULL, pxStaticQ
 508:Middlewares/Third_Party/FreeRTOS/Source/queue.c **** 		prvInitialiseMutex( pxNewQueue );
 509:Middlewares/Third_Party/FreeRTOS/Source/queue.c **** 
 510:Middlewares/Third_Party/FreeRTOS/Source/queue.c **** 		return pxNewQueue;
 511:Middlewares/Third_Party/FreeRTOS/Source/queue.c **** 	}
 512:Middlewares/Third_Party/FreeRTOS/Source/queue.c **** 
 513:Middlewares/Third_Party/FreeRTOS/Source/queue.c **** #endif /* configUSE_MUTEXES */
 514:Middlewares/Third_Party/FreeRTOS/Source/queue.c **** /*-----------------------------------------------------------*/
 515:Middlewares/Third_Party/FreeRTOS/Source/queue.c **** 
 516:Middlewares/Third_Party/FreeRTOS/Source/queue.c **** #if ( ( configUSE_MUTEXES == 1 ) && ( INCLUDE_xSemaphoreGetMutexHolder == 1 ) )
 517:Middlewares/Third_Party/FreeRTOS/Source/queue.c **** 
 518:Middlewares/Third_Party/FreeRTOS/Source/queue.c **** 	void* xQueueGetMutexHolder( QueueHandle_t xSemaphore )
 519:Middlewares/Third_Party/FreeRTOS/Source/queue.c **** 	{
 520:Middlewares/Third_Party/FreeRTOS/Source/queue.c **** 	void *pxReturn;
 521:Middlewares/Third_Party/FreeRTOS/Source/queue.c **** 
 522:Middlewares/Third_Party/FreeRTOS/Source/queue.c **** 		/* This function is called by xSemaphoreGetMutexHolder(), and should not
 523:Middlewares/Third_Party/FreeRTOS/Source/queue.c **** 		be called directly.  Note:  This is a good way of determining if the
 524:Middlewares/Third_Party/FreeRTOS/Source/queue.c **** 		calling task is the mutex holder, but not a good way of determining the
 525:Middlewares/Third_Party/FreeRTOS/Source/queue.c **** 		identity of the mutex holder, as the holder may change between the
 526:Middlewares/Third_Party/FreeRTOS/Source/queue.c **** 		following critical section exiting and the function returning. */
 527:Middlewares/Third_Party/FreeRTOS/Source/queue.c **** 		taskENTER_CRITICAL();
 528:Middlewares/Third_Party/FreeRTOS/Source/queue.c **** 		{
 529:Middlewares/Third_Party/FreeRTOS/Source/queue.c **** 			if( ( ( Queue_t * ) xSemaphore )->uxQueueType == queueQUEUE_IS_MUTEX )
 530:Middlewares/Third_Party/FreeRTOS/Source/queue.c **** 			{
 531:Middlewares/Third_Party/FreeRTOS/Source/queue.c **** 				pxReturn = ( void * ) ( ( Queue_t * ) xSemaphore )->pxMutexHolder;
 532:Middlewares/Third_Party/FreeRTOS/Source/queue.c **** 			}
 533:Middlewares/Third_Party/FreeRTOS/Source/queue.c **** 			else
 534:Middlewares/Third_Party/FreeRTOS/Source/queue.c **** 			{
 535:Middlewares/Third_Party/FreeRTOS/Source/queue.c **** 				pxReturn = NULL;
 536:Middlewares/Third_Party/FreeRTOS/Source/queue.c **** 			}
 537:Middlewares/Third_Party/FreeRTOS/Source/queue.c **** 		}
 538:Middlewares/Third_Party/FreeRTOS/Source/queue.c **** 		taskEXIT_CRITICAL();
 539:Middlewares/Third_Party/FreeRTOS/Source/queue.c **** 
 540:Middlewares/Third_Party/FreeRTOS/Source/queue.c **** 		return pxReturn;
 541:Middlewares/Third_Party/FreeRTOS/Source/queue.c **** 	} /*lint !e818 xSemaphore cannot be a pointer to const because it is a typedef. */
 542:Middlewares/Third_Party/FreeRTOS/Source/queue.c **** 
 543:Middlewares/Third_Party/FreeRTOS/Source/queue.c **** #endif
ARM GAS  /tmp/cc8vE36X.s 			page 11


 544:Middlewares/Third_Party/FreeRTOS/Source/queue.c **** /*-----------------------------------------------------------*/
 545:Middlewares/Third_Party/FreeRTOS/Source/queue.c **** 
 546:Middlewares/Third_Party/FreeRTOS/Source/queue.c **** #if ( ( configUSE_MUTEXES == 1 ) && ( INCLUDE_xSemaphoreGetMutexHolder == 1 ) )
 547:Middlewares/Third_Party/FreeRTOS/Source/queue.c **** 
 548:Middlewares/Third_Party/FreeRTOS/Source/queue.c **** 	void* xQueueGetMutexHolderFromISR( QueueHandle_t xSemaphore )
 549:Middlewares/Third_Party/FreeRTOS/Source/queue.c **** 	{
 550:Middlewares/Third_Party/FreeRTOS/Source/queue.c **** 	void *pxReturn;
 551:Middlewares/Third_Party/FreeRTOS/Source/queue.c **** 
 552:Middlewares/Third_Party/FreeRTOS/Source/queue.c **** 		configASSERT( xSemaphore );
 553:Middlewares/Third_Party/FreeRTOS/Source/queue.c **** 
 554:Middlewares/Third_Party/FreeRTOS/Source/queue.c **** 		/* Mutexes cannot be used in interrupt service routines, so the mutex
 555:Middlewares/Third_Party/FreeRTOS/Source/queue.c **** 		holder should not change in an ISR, and therefore a critical section is
 556:Middlewares/Third_Party/FreeRTOS/Source/queue.c **** 		not required here. */
 557:Middlewares/Third_Party/FreeRTOS/Source/queue.c **** 		if( ( ( Queue_t * ) xSemaphore )->uxQueueType == queueQUEUE_IS_MUTEX )
 558:Middlewares/Third_Party/FreeRTOS/Source/queue.c **** 		{
 559:Middlewares/Third_Party/FreeRTOS/Source/queue.c **** 			pxReturn = ( void * ) ( ( Queue_t * ) xSemaphore )->pxMutexHolder;
 560:Middlewares/Third_Party/FreeRTOS/Source/queue.c **** 		}
 561:Middlewares/Third_Party/FreeRTOS/Source/queue.c **** 		else
 562:Middlewares/Third_Party/FreeRTOS/Source/queue.c **** 		{
 563:Middlewares/Third_Party/FreeRTOS/Source/queue.c **** 			pxReturn = NULL;
 564:Middlewares/Third_Party/FreeRTOS/Source/queue.c **** 		}
 565:Middlewares/Third_Party/FreeRTOS/Source/queue.c **** 
 566:Middlewares/Third_Party/FreeRTOS/Source/queue.c **** 		return pxReturn;
 567:Middlewares/Third_Party/FreeRTOS/Source/queue.c **** 	} /*lint !e818 xSemaphore cannot be a pointer to const because it is a typedef. */
 568:Middlewares/Third_Party/FreeRTOS/Source/queue.c **** 
 569:Middlewares/Third_Party/FreeRTOS/Source/queue.c **** #endif
 570:Middlewares/Third_Party/FreeRTOS/Source/queue.c **** /*-----------------------------------------------------------*/
 571:Middlewares/Third_Party/FreeRTOS/Source/queue.c **** 
 572:Middlewares/Third_Party/FreeRTOS/Source/queue.c **** #if ( configUSE_RECURSIVE_MUTEXES == 1 )
 573:Middlewares/Third_Party/FreeRTOS/Source/queue.c **** 
 574:Middlewares/Third_Party/FreeRTOS/Source/queue.c **** 	BaseType_t xQueueGiveMutexRecursive( QueueHandle_t xMutex )
 575:Middlewares/Third_Party/FreeRTOS/Source/queue.c **** 	{
 576:Middlewares/Third_Party/FreeRTOS/Source/queue.c **** 	BaseType_t xReturn;
 577:Middlewares/Third_Party/FreeRTOS/Source/queue.c **** 	Queue_t * const pxMutex = ( Queue_t * ) xMutex;
 578:Middlewares/Third_Party/FreeRTOS/Source/queue.c **** 
 579:Middlewares/Third_Party/FreeRTOS/Source/queue.c **** 		configASSERT( pxMutex );
 580:Middlewares/Third_Party/FreeRTOS/Source/queue.c **** 
 581:Middlewares/Third_Party/FreeRTOS/Source/queue.c **** 		/* If this is the task that holds the mutex then pxMutexHolder will not
 582:Middlewares/Third_Party/FreeRTOS/Source/queue.c **** 		change outside of this task.  If this task does not hold the mutex then
 583:Middlewares/Third_Party/FreeRTOS/Source/queue.c **** 		pxMutexHolder can never coincidentally equal the tasks handle, and as
 584:Middlewares/Third_Party/FreeRTOS/Source/queue.c **** 		this is the only condition we are interested in it does not matter if
 585:Middlewares/Third_Party/FreeRTOS/Source/queue.c **** 		pxMutexHolder is accessed simultaneously by another task.  Therefore no
 586:Middlewares/Third_Party/FreeRTOS/Source/queue.c **** 		mutual exclusion is required to test the pxMutexHolder variable. */
 587:Middlewares/Third_Party/FreeRTOS/Source/queue.c **** 		if( pxMutex->pxMutexHolder == ( void * ) xTaskGetCurrentTaskHandle() ) /*lint !e961 Not a redunda
 588:Middlewares/Third_Party/FreeRTOS/Source/queue.c **** 		{
 589:Middlewares/Third_Party/FreeRTOS/Source/queue.c **** 			traceGIVE_MUTEX_RECURSIVE( pxMutex );
 590:Middlewares/Third_Party/FreeRTOS/Source/queue.c **** 
 591:Middlewares/Third_Party/FreeRTOS/Source/queue.c **** 			/* uxRecursiveCallCount cannot be zero if pxMutexHolder is equal to
 592:Middlewares/Third_Party/FreeRTOS/Source/queue.c **** 			the task handle, therefore no underflow check is required.  Also,
 593:Middlewares/Third_Party/FreeRTOS/Source/queue.c **** 			uxRecursiveCallCount is only modified by the mutex holder, and as
 594:Middlewares/Third_Party/FreeRTOS/Source/queue.c **** 			there can only be one, no mutual exclusion is required to modify the
 595:Middlewares/Third_Party/FreeRTOS/Source/queue.c **** 			uxRecursiveCallCount member. */
 596:Middlewares/Third_Party/FreeRTOS/Source/queue.c **** 			( pxMutex->u.uxRecursiveCallCount )--;
 597:Middlewares/Third_Party/FreeRTOS/Source/queue.c **** 
 598:Middlewares/Third_Party/FreeRTOS/Source/queue.c **** 			/* Has the recursive call count unwound to 0? */
 599:Middlewares/Third_Party/FreeRTOS/Source/queue.c **** 			if( pxMutex->u.uxRecursiveCallCount == ( UBaseType_t ) 0 )
 600:Middlewares/Third_Party/FreeRTOS/Source/queue.c **** 			{
ARM GAS  /tmp/cc8vE36X.s 			page 12


 601:Middlewares/Third_Party/FreeRTOS/Source/queue.c **** 				/* Return the mutex.  This will automatically unblock any other
 602:Middlewares/Third_Party/FreeRTOS/Source/queue.c **** 				task that might be waiting to access the mutex. */
 603:Middlewares/Third_Party/FreeRTOS/Source/queue.c **** 				( void ) xQueueGenericSend( pxMutex, NULL, queueMUTEX_GIVE_BLOCK_TIME, queueSEND_TO_BACK );
 604:Middlewares/Third_Party/FreeRTOS/Source/queue.c **** 			}
 605:Middlewares/Third_Party/FreeRTOS/Source/queue.c **** 			else
 606:Middlewares/Third_Party/FreeRTOS/Source/queue.c **** 			{
 607:Middlewares/Third_Party/FreeRTOS/Source/queue.c **** 				mtCOVERAGE_TEST_MARKER();
 608:Middlewares/Third_Party/FreeRTOS/Source/queue.c **** 			}
 609:Middlewares/Third_Party/FreeRTOS/Source/queue.c **** 
 610:Middlewares/Third_Party/FreeRTOS/Source/queue.c **** 			xReturn = pdPASS;
 611:Middlewares/Third_Party/FreeRTOS/Source/queue.c **** 		}
 612:Middlewares/Third_Party/FreeRTOS/Source/queue.c **** 		else
 613:Middlewares/Third_Party/FreeRTOS/Source/queue.c **** 		{
 614:Middlewares/Third_Party/FreeRTOS/Source/queue.c **** 			/* The mutex cannot be given because the calling task is not the
 615:Middlewares/Third_Party/FreeRTOS/Source/queue.c **** 			holder. */
 616:Middlewares/Third_Party/FreeRTOS/Source/queue.c **** 			xReturn = pdFAIL;
 617:Middlewares/Third_Party/FreeRTOS/Source/queue.c **** 
 618:Middlewares/Third_Party/FreeRTOS/Source/queue.c **** 			traceGIVE_MUTEX_RECURSIVE_FAILED( pxMutex );
 619:Middlewares/Third_Party/FreeRTOS/Source/queue.c **** 		}
 620:Middlewares/Third_Party/FreeRTOS/Source/queue.c **** 
 621:Middlewares/Third_Party/FreeRTOS/Source/queue.c **** 		return xReturn;
 622:Middlewares/Third_Party/FreeRTOS/Source/queue.c **** 	}
 623:Middlewares/Third_Party/FreeRTOS/Source/queue.c **** 
 624:Middlewares/Third_Party/FreeRTOS/Source/queue.c **** #endif /* configUSE_RECURSIVE_MUTEXES */
 625:Middlewares/Third_Party/FreeRTOS/Source/queue.c **** /*-----------------------------------------------------------*/
 626:Middlewares/Third_Party/FreeRTOS/Source/queue.c **** 
 627:Middlewares/Third_Party/FreeRTOS/Source/queue.c **** #if ( configUSE_RECURSIVE_MUTEXES == 1 )
 628:Middlewares/Third_Party/FreeRTOS/Source/queue.c **** 
 629:Middlewares/Third_Party/FreeRTOS/Source/queue.c **** 	BaseType_t xQueueTakeMutexRecursive( QueueHandle_t xMutex, TickType_t xTicksToWait )
 630:Middlewares/Third_Party/FreeRTOS/Source/queue.c **** 	{
 631:Middlewares/Third_Party/FreeRTOS/Source/queue.c **** 	BaseType_t xReturn;
 632:Middlewares/Third_Party/FreeRTOS/Source/queue.c **** 	Queue_t * const pxMutex = ( Queue_t * ) xMutex;
 633:Middlewares/Third_Party/FreeRTOS/Source/queue.c **** 
 634:Middlewares/Third_Party/FreeRTOS/Source/queue.c **** 		configASSERT( pxMutex );
 635:Middlewares/Third_Party/FreeRTOS/Source/queue.c **** 
 636:Middlewares/Third_Party/FreeRTOS/Source/queue.c **** 		/* Comments regarding mutual exclusion as per those within
 637:Middlewares/Third_Party/FreeRTOS/Source/queue.c **** 		xQueueGiveMutexRecursive(). */
 638:Middlewares/Third_Party/FreeRTOS/Source/queue.c **** 
 639:Middlewares/Third_Party/FreeRTOS/Source/queue.c **** 		traceTAKE_MUTEX_RECURSIVE( pxMutex );
 640:Middlewares/Third_Party/FreeRTOS/Source/queue.c **** 
 641:Middlewares/Third_Party/FreeRTOS/Source/queue.c **** 		if( pxMutex->pxMutexHolder == ( void * ) xTaskGetCurrentTaskHandle() ) /*lint !e961 Cast is not r
 642:Middlewares/Third_Party/FreeRTOS/Source/queue.c **** 		{
 643:Middlewares/Third_Party/FreeRTOS/Source/queue.c **** 			( pxMutex->u.uxRecursiveCallCount )++;
 644:Middlewares/Third_Party/FreeRTOS/Source/queue.c **** 			xReturn = pdPASS;
 645:Middlewares/Third_Party/FreeRTOS/Source/queue.c **** 		}
 646:Middlewares/Third_Party/FreeRTOS/Source/queue.c **** 		else
 647:Middlewares/Third_Party/FreeRTOS/Source/queue.c **** 		{
 648:Middlewares/Third_Party/FreeRTOS/Source/queue.c **** 			xReturn = xQueueSemaphoreTake( pxMutex, xTicksToWait );
 649:Middlewares/Third_Party/FreeRTOS/Source/queue.c **** 
 650:Middlewares/Third_Party/FreeRTOS/Source/queue.c **** 			/* pdPASS will only be returned if the mutex was successfully
 651:Middlewares/Third_Party/FreeRTOS/Source/queue.c **** 			obtained.  The calling task may have entered the Blocked state
 652:Middlewares/Third_Party/FreeRTOS/Source/queue.c **** 			before reaching here. */
 653:Middlewares/Third_Party/FreeRTOS/Source/queue.c **** 			if( xReturn != pdFAIL )
 654:Middlewares/Third_Party/FreeRTOS/Source/queue.c **** 			{
 655:Middlewares/Third_Party/FreeRTOS/Source/queue.c **** 				( pxMutex->u.uxRecursiveCallCount )++;
 656:Middlewares/Third_Party/FreeRTOS/Source/queue.c **** 			}
 657:Middlewares/Third_Party/FreeRTOS/Source/queue.c **** 			else
ARM GAS  /tmp/cc8vE36X.s 			page 13


 658:Middlewares/Third_Party/FreeRTOS/Source/queue.c **** 			{
 659:Middlewares/Third_Party/FreeRTOS/Source/queue.c **** 				traceTAKE_MUTEX_RECURSIVE_FAILED( pxMutex );
 660:Middlewares/Third_Party/FreeRTOS/Source/queue.c **** 			}
 661:Middlewares/Third_Party/FreeRTOS/Source/queue.c **** 		}
 662:Middlewares/Third_Party/FreeRTOS/Source/queue.c **** 
 663:Middlewares/Third_Party/FreeRTOS/Source/queue.c **** 		return xReturn;
 664:Middlewares/Third_Party/FreeRTOS/Source/queue.c **** 	}
 665:Middlewares/Third_Party/FreeRTOS/Source/queue.c **** 
 666:Middlewares/Third_Party/FreeRTOS/Source/queue.c **** #endif /* configUSE_RECURSIVE_MUTEXES */
 667:Middlewares/Third_Party/FreeRTOS/Source/queue.c **** /*-----------------------------------------------------------*/
 668:Middlewares/Third_Party/FreeRTOS/Source/queue.c **** 
 669:Middlewares/Third_Party/FreeRTOS/Source/queue.c **** #if( ( configUSE_COUNTING_SEMAPHORES == 1 ) && ( configSUPPORT_STATIC_ALLOCATION == 1 ) )
 670:Middlewares/Third_Party/FreeRTOS/Source/queue.c **** 
 671:Middlewares/Third_Party/FreeRTOS/Source/queue.c **** 	QueueHandle_t xQueueCreateCountingSemaphoreStatic( const UBaseType_t uxMaxCount, const UBaseType_t
 672:Middlewares/Third_Party/FreeRTOS/Source/queue.c **** 	{
 673:Middlewares/Third_Party/FreeRTOS/Source/queue.c **** 	QueueHandle_t xHandle;
 674:Middlewares/Third_Party/FreeRTOS/Source/queue.c **** 
 675:Middlewares/Third_Party/FreeRTOS/Source/queue.c **** 		configASSERT( uxMaxCount != 0 );
 676:Middlewares/Third_Party/FreeRTOS/Source/queue.c **** 		configASSERT( uxInitialCount <= uxMaxCount );
 677:Middlewares/Third_Party/FreeRTOS/Source/queue.c **** 
 678:Middlewares/Third_Party/FreeRTOS/Source/queue.c **** 		xHandle = xQueueGenericCreateStatic( uxMaxCount, queueSEMAPHORE_QUEUE_ITEM_LENGTH, NULL, pxStatic
 679:Middlewares/Third_Party/FreeRTOS/Source/queue.c **** 
 680:Middlewares/Third_Party/FreeRTOS/Source/queue.c **** 		if( xHandle != NULL )
 681:Middlewares/Third_Party/FreeRTOS/Source/queue.c **** 		{
 682:Middlewares/Third_Party/FreeRTOS/Source/queue.c **** 			( ( Queue_t * ) xHandle )->uxMessagesWaiting = uxInitialCount;
 683:Middlewares/Third_Party/FreeRTOS/Source/queue.c **** 
 684:Middlewares/Third_Party/FreeRTOS/Source/queue.c **** 			traceCREATE_COUNTING_SEMAPHORE();
 685:Middlewares/Third_Party/FreeRTOS/Source/queue.c **** 		}
 686:Middlewares/Third_Party/FreeRTOS/Source/queue.c **** 		else
 687:Middlewares/Third_Party/FreeRTOS/Source/queue.c **** 		{
 688:Middlewares/Third_Party/FreeRTOS/Source/queue.c **** 			traceCREATE_COUNTING_SEMAPHORE_FAILED();
 689:Middlewares/Third_Party/FreeRTOS/Source/queue.c **** 		}
 690:Middlewares/Third_Party/FreeRTOS/Source/queue.c **** 
 691:Middlewares/Third_Party/FreeRTOS/Source/queue.c **** 		return xHandle;
 692:Middlewares/Third_Party/FreeRTOS/Source/queue.c **** 	}
 693:Middlewares/Third_Party/FreeRTOS/Source/queue.c **** 
 694:Middlewares/Third_Party/FreeRTOS/Source/queue.c **** #endif /* ( ( configUSE_COUNTING_SEMAPHORES == 1 ) && ( configSUPPORT_DYNAMIC_ALLOCATION == 1 ) ) *
 695:Middlewares/Third_Party/FreeRTOS/Source/queue.c **** /*-----------------------------------------------------------*/
 696:Middlewares/Third_Party/FreeRTOS/Source/queue.c **** 
 697:Middlewares/Third_Party/FreeRTOS/Source/queue.c **** #if( ( configUSE_COUNTING_SEMAPHORES == 1 ) && ( configSUPPORT_DYNAMIC_ALLOCATION == 1 ) )
 698:Middlewares/Third_Party/FreeRTOS/Source/queue.c **** 
 699:Middlewares/Third_Party/FreeRTOS/Source/queue.c **** 	QueueHandle_t xQueueCreateCountingSemaphore( const UBaseType_t uxMaxCount, const UBaseType_t uxIni
 700:Middlewares/Third_Party/FreeRTOS/Source/queue.c **** 	{
 701:Middlewares/Third_Party/FreeRTOS/Source/queue.c **** 	QueueHandle_t xHandle;
 702:Middlewares/Third_Party/FreeRTOS/Source/queue.c **** 
 703:Middlewares/Third_Party/FreeRTOS/Source/queue.c **** 		configASSERT( uxMaxCount != 0 );
 704:Middlewares/Third_Party/FreeRTOS/Source/queue.c **** 		configASSERT( uxInitialCount <= uxMaxCount );
 705:Middlewares/Third_Party/FreeRTOS/Source/queue.c **** 
 706:Middlewares/Third_Party/FreeRTOS/Source/queue.c **** 		xHandle = xQueueGenericCreate( uxMaxCount, queueSEMAPHORE_QUEUE_ITEM_LENGTH, queueQUEUE_TYPE_COUN
 707:Middlewares/Third_Party/FreeRTOS/Source/queue.c **** 
 708:Middlewares/Third_Party/FreeRTOS/Source/queue.c **** 		if( xHandle != NULL )
 709:Middlewares/Third_Party/FreeRTOS/Source/queue.c **** 		{
 710:Middlewares/Third_Party/FreeRTOS/Source/queue.c **** 			( ( Queue_t * ) xHandle )->uxMessagesWaiting = uxInitialCount;
 711:Middlewares/Third_Party/FreeRTOS/Source/queue.c **** 
 712:Middlewares/Third_Party/FreeRTOS/Source/queue.c **** 			traceCREATE_COUNTING_SEMAPHORE();
 713:Middlewares/Third_Party/FreeRTOS/Source/queue.c **** 		}
 714:Middlewares/Third_Party/FreeRTOS/Source/queue.c **** 		else
ARM GAS  /tmp/cc8vE36X.s 			page 14


 715:Middlewares/Third_Party/FreeRTOS/Source/queue.c **** 		{
 716:Middlewares/Third_Party/FreeRTOS/Source/queue.c **** 			traceCREATE_COUNTING_SEMAPHORE_FAILED();
 717:Middlewares/Third_Party/FreeRTOS/Source/queue.c **** 		}
 718:Middlewares/Third_Party/FreeRTOS/Source/queue.c **** 
 719:Middlewares/Third_Party/FreeRTOS/Source/queue.c **** 		return xHandle;
 720:Middlewares/Third_Party/FreeRTOS/Source/queue.c **** 	}
 721:Middlewares/Third_Party/FreeRTOS/Source/queue.c **** 
 722:Middlewares/Third_Party/FreeRTOS/Source/queue.c **** #endif /* ( ( configUSE_COUNTING_SEMAPHORES == 1 ) && ( configSUPPORT_DYNAMIC_ALLOCATION == 1 ) ) *
 723:Middlewares/Third_Party/FreeRTOS/Source/queue.c **** /*-----------------------------------------------------------*/
 724:Middlewares/Third_Party/FreeRTOS/Source/queue.c **** 
 725:Middlewares/Third_Party/FreeRTOS/Source/queue.c **** BaseType_t xQueueGenericSend( QueueHandle_t xQueue, const void * const pvItemToQueue, TickType_t xT
 726:Middlewares/Third_Party/FreeRTOS/Source/queue.c **** {
 727:Middlewares/Third_Party/FreeRTOS/Source/queue.c **** BaseType_t xEntryTimeSet = pdFALSE, xYieldRequired;
 728:Middlewares/Third_Party/FreeRTOS/Source/queue.c **** TimeOut_t xTimeOut;
 729:Middlewares/Third_Party/FreeRTOS/Source/queue.c **** Queue_t * const pxQueue = ( Queue_t * ) xQueue;
 730:Middlewares/Third_Party/FreeRTOS/Source/queue.c **** 
 731:Middlewares/Third_Party/FreeRTOS/Source/queue.c **** 	configASSERT( pxQueue );
 732:Middlewares/Third_Party/FreeRTOS/Source/queue.c **** 	configASSERT( !( ( pvItemToQueue == NULL ) && ( pxQueue->uxItemSize != ( UBaseType_t ) 0U ) ) );
 733:Middlewares/Third_Party/FreeRTOS/Source/queue.c **** 	configASSERT( !( ( xCopyPosition == queueOVERWRITE ) && ( pxQueue->uxLength != 1 ) ) );
 734:Middlewares/Third_Party/FreeRTOS/Source/queue.c **** 	#if ( ( INCLUDE_xTaskGetSchedulerState == 1 ) || ( configUSE_TIMERS == 1 ) )
 735:Middlewares/Third_Party/FreeRTOS/Source/queue.c **** 	{
 736:Middlewares/Third_Party/FreeRTOS/Source/queue.c **** 		configASSERT( !( ( xTaskGetSchedulerState() == taskSCHEDULER_SUSPENDED ) && ( xTicksToWait != 0 )
 737:Middlewares/Third_Party/FreeRTOS/Source/queue.c **** 	}
 738:Middlewares/Third_Party/FreeRTOS/Source/queue.c **** 	#endif
 739:Middlewares/Third_Party/FreeRTOS/Source/queue.c **** 
 740:Middlewares/Third_Party/FreeRTOS/Source/queue.c **** 
 741:Middlewares/Third_Party/FreeRTOS/Source/queue.c **** 	/* This function relaxes the coding standard somewhat to allow return
 742:Middlewares/Third_Party/FreeRTOS/Source/queue.c **** 	statements within the function itself.  This is done in the interest
 743:Middlewares/Third_Party/FreeRTOS/Source/queue.c **** 	of execution time efficiency. */
 744:Middlewares/Third_Party/FreeRTOS/Source/queue.c **** 	for( ;; )
 745:Middlewares/Third_Party/FreeRTOS/Source/queue.c **** 	{
 746:Middlewares/Third_Party/FreeRTOS/Source/queue.c **** 		taskENTER_CRITICAL();
 747:Middlewares/Third_Party/FreeRTOS/Source/queue.c **** 		{
 748:Middlewares/Third_Party/FreeRTOS/Source/queue.c **** 			/* Is there room on the queue now?  The running task must be the
 749:Middlewares/Third_Party/FreeRTOS/Source/queue.c **** 			highest priority task wanting to access the queue.  If the head item
 750:Middlewares/Third_Party/FreeRTOS/Source/queue.c **** 			in the queue is to be overwritten then it does not matter if the
 751:Middlewares/Third_Party/FreeRTOS/Source/queue.c **** 			queue is full. */
 752:Middlewares/Third_Party/FreeRTOS/Source/queue.c **** 			if( ( pxQueue->uxMessagesWaiting < pxQueue->uxLength ) || ( xCopyPosition == queueOVERWRITE ) )
 753:Middlewares/Third_Party/FreeRTOS/Source/queue.c **** 			{
 754:Middlewares/Third_Party/FreeRTOS/Source/queue.c **** 				traceQUEUE_SEND( pxQueue );
 755:Middlewares/Third_Party/FreeRTOS/Source/queue.c **** 				xYieldRequired = prvCopyDataToQueue( pxQueue, pvItemToQueue, xCopyPosition );
 756:Middlewares/Third_Party/FreeRTOS/Source/queue.c **** 
 757:Middlewares/Third_Party/FreeRTOS/Source/queue.c **** 				#if ( configUSE_QUEUE_SETS == 1 )
 758:Middlewares/Third_Party/FreeRTOS/Source/queue.c **** 				{
 759:Middlewares/Third_Party/FreeRTOS/Source/queue.c **** 					if( pxQueue->pxQueueSetContainer != NULL )
 760:Middlewares/Third_Party/FreeRTOS/Source/queue.c **** 					{
 761:Middlewares/Third_Party/FreeRTOS/Source/queue.c **** 						if( prvNotifyQueueSetContainer( pxQueue, xCopyPosition ) != pdFALSE )
 762:Middlewares/Third_Party/FreeRTOS/Source/queue.c **** 						{
 763:Middlewares/Third_Party/FreeRTOS/Source/queue.c **** 							/* The queue is a member of a queue set, and posting
 764:Middlewares/Third_Party/FreeRTOS/Source/queue.c **** 							to the queue set caused a higher priority task to
 765:Middlewares/Third_Party/FreeRTOS/Source/queue.c **** 							unblock. A context switch is required. */
 766:Middlewares/Third_Party/FreeRTOS/Source/queue.c **** 							queueYIELD_IF_USING_PREEMPTION();
 767:Middlewares/Third_Party/FreeRTOS/Source/queue.c **** 						}
 768:Middlewares/Third_Party/FreeRTOS/Source/queue.c **** 						else
 769:Middlewares/Third_Party/FreeRTOS/Source/queue.c **** 						{
 770:Middlewares/Third_Party/FreeRTOS/Source/queue.c **** 							mtCOVERAGE_TEST_MARKER();
 771:Middlewares/Third_Party/FreeRTOS/Source/queue.c **** 						}
ARM GAS  /tmp/cc8vE36X.s 			page 15


 772:Middlewares/Third_Party/FreeRTOS/Source/queue.c **** 					}
 773:Middlewares/Third_Party/FreeRTOS/Source/queue.c **** 					else
 774:Middlewares/Third_Party/FreeRTOS/Source/queue.c **** 					{
 775:Middlewares/Third_Party/FreeRTOS/Source/queue.c **** 						/* If there was a task waiting for data to arrive on the
 776:Middlewares/Third_Party/FreeRTOS/Source/queue.c **** 						queue then unblock it now. */
 777:Middlewares/Third_Party/FreeRTOS/Source/queue.c **** 						if( listLIST_IS_EMPTY( &( pxQueue->xTasksWaitingToReceive ) ) == pdFALSE )
 778:Middlewares/Third_Party/FreeRTOS/Source/queue.c **** 						{
 779:Middlewares/Third_Party/FreeRTOS/Source/queue.c **** 							if( xTaskRemoveFromEventList( &( pxQueue->xTasksWaitingToReceive ) ) != pdFALSE )
 780:Middlewares/Third_Party/FreeRTOS/Source/queue.c **** 							{
 781:Middlewares/Third_Party/FreeRTOS/Source/queue.c **** 								/* The unblocked task has a priority higher than
 782:Middlewares/Third_Party/FreeRTOS/Source/queue.c **** 								our own so yield immediately.  Yes it is ok to
 783:Middlewares/Third_Party/FreeRTOS/Source/queue.c **** 								do this from within the critical section - the
 784:Middlewares/Third_Party/FreeRTOS/Source/queue.c **** 								kernel takes care of that. */
 785:Middlewares/Third_Party/FreeRTOS/Source/queue.c **** 								queueYIELD_IF_USING_PREEMPTION();
 786:Middlewares/Third_Party/FreeRTOS/Source/queue.c **** 							}
 787:Middlewares/Third_Party/FreeRTOS/Source/queue.c **** 							else
 788:Middlewares/Third_Party/FreeRTOS/Source/queue.c **** 							{
 789:Middlewares/Third_Party/FreeRTOS/Source/queue.c **** 								mtCOVERAGE_TEST_MARKER();
 790:Middlewares/Third_Party/FreeRTOS/Source/queue.c **** 							}
 791:Middlewares/Third_Party/FreeRTOS/Source/queue.c **** 						}
 792:Middlewares/Third_Party/FreeRTOS/Source/queue.c **** 						else if( xYieldRequired != pdFALSE )
 793:Middlewares/Third_Party/FreeRTOS/Source/queue.c **** 						{
 794:Middlewares/Third_Party/FreeRTOS/Source/queue.c **** 							/* This path is a special case that will only get
 795:Middlewares/Third_Party/FreeRTOS/Source/queue.c **** 							executed if the task was holding multiple mutexes
 796:Middlewares/Third_Party/FreeRTOS/Source/queue.c **** 							and the mutexes were given back in an order that is
 797:Middlewares/Third_Party/FreeRTOS/Source/queue.c **** 							different to that in which they were taken. */
 798:Middlewares/Third_Party/FreeRTOS/Source/queue.c **** 							queueYIELD_IF_USING_PREEMPTION();
 799:Middlewares/Third_Party/FreeRTOS/Source/queue.c **** 						}
 800:Middlewares/Third_Party/FreeRTOS/Source/queue.c **** 						else
 801:Middlewares/Third_Party/FreeRTOS/Source/queue.c **** 						{
 802:Middlewares/Third_Party/FreeRTOS/Source/queue.c **** 							mtCOVERAGE_TEST_MARKER();
 803:Middlewares/Third_Party/FreeRTOS/Source/queue.c **** 						}
 804:Middlewares/Third_Party/FreeRTOS/Source/queue.c **** 					}
 805:Middlewares/Third_Party/FreeRTOS/Source/queue.c **** 				}
 806:Middlewares/Third_Party/FreeRTOS/Source/queue.c **** 				#else /* configUSE_QUEUE_SETS */
 807:Middlewares/Third_Party/FreeRTOS/Source/queue.c **** 				{
 808:Middlewares/Third_Party/FreeRTOS/Source/queue.c **** 					/* If there was a task waiting for data to arrive on the
 809:Middlewares/Third_Party/FreeRTOS/Source/queue.c **** 					queue then unblock it now. */
 810:Middlewares/Third_Party/FreeRTOS/Source/queue.c **** 					if( listLIST_IS_EMPTY( &( pxQueue->xTasksWaitingToReceive ) ) == pdFALSE )
 811:Middlewares/Third_Party/FreeRTOS/Source/queue.c **** 					{
 812:Middlewares/Third_Party/FreeRTOS/Source/queue.c **** 						if( xTaskRemoveFromEventList( &( pxQueue->xTasksWaitingToReceive ) ) != pdFALSE )
 813:Middlewares/Third_Party/FreeRTOS/Source/queue.c **** 						{
 814:Middlewares/Third_Party/FreeRTOS/Source/queue.c **** 							/* The unblocked task has a priority higher than
 815:Middlewares/Third_Party/FreeRTOS/Source/queue.c **** 							our own so yield immediately.  Yes it is ok to do
 816:Middlewares/Third_Party/FreeRTOS/Source/queue.c **** 							this from within the critical section - the kernel
 817:Middlewares/Third_Party/FreeRTOS/Source/queue.c **** 							takes care of that. */
 818:Middlewares/Third_Party/FreeRTOS/Source/queue.c **** 							queueYIELD_IF_USING_PREEMPTION();
 819:Middlewares/Third_Party/FreeRTOS/Source/queue.c **** 						}
 820:Middlewares/Third_Party/FreeRTOS/Source/queue.c **** 						else
 821:Middlewares/Third_Party/FreeRTOS/Source/queue.c **** 						{
 822:Middlewares/Third_Party/FreeRTOS/Source/queue.c **** 							mtCOVERAGE_TEST_MARKER();
 823:Middlewares/Third_Party/FreeRTOS/Source/queue.c **** 						}
 824:Middlewares/Third_Party/FreeRTOS/Source/queue.c **** 					}
 825:Middlewares/Third_Party/FreeRTOS/Source/queue.c **** 					else if( xYieldRequired != pdFALSE )
 826:Middlewares/Third_Party/FreeRTOS/Source/queue.c **** 					{
 827:Middlewares/Third_Party/FreeRTOS/Source/queue.c **** 						/* This path is a special case that will only get
 828:Middlewares/Third_Party/FreeRTOS/Source/queue.c **** 						executed if the task was holding multiple mutexes and
ARM GAS  /tmp/cc8vE36X.s 			page 16


 829:Middlewares/Third_Party/FreeRTOS/Source/queue.c **** 						the mutexes were given back in an order that is
 830:Middlewares/Third_Party/FreeRTOS/Source/queue.c **** 						different to that in which they were taken. */
 831:Middlewares/Third_Party/FreeRTOS/Source/queue.c **** 						queueYIELD_IF_USING_PREEMPTION();
 832:Middlewares/Third_Party/FreeRTOS/Source/queue.c **** 					}
 833:Middlewares/Third_Party/FreeRTOS/Source/queue.c **** 					else
 834:Middlewares/Third_Party/FreeRTOS/Source/queue.c **** 					{
 835:Middlewares/Third_Party/FreeRTOS/Source/queue.c **** 						mtCOVERAGE_TEST_MARKER();
 836:Middlewares/Third_Party/FreeRTOS/Source/queue.c **** 					}
 837:Middlewares/Third_Party/FreeRTOS/Source/queue.c **** 				}
 838:Middlewares/Third_Party/FreeRTOS/Source/queue.c **** 				#endif /* configUSE_QUEUE_SETS */
 839:Middlewares/Third_Party/FreeRTOS/Source/queue.c **** 
 840:Middlewares/Third_Party/FreeRTOS/Source/queue.c **** 				taskEXIT_CRITICAL();
 841:Middlewares/Third_Party/FreeRTOS/Source/queue.c **** 				return pdPASS;
 842:Middlewares/Third_Party/FreeRTOS/Source/queue.c **** 			}
 843:Middlewares/Third_Party/FreeRTOS/Source/queue.c **** 			else
 844:Middlewares/Third_Party/FreeRTOS/Source/queue.c **** 			{
 845:Middlewares/Third_Party/FreeRTOS/Source/queue.c **** 				if( xTicksToWait == ( TickType_t ) 0 )
 846:Middlewares/Third_Party/FreeRTOS/Source/queue.c **** 				{
 847:Middlewares/Third_Party/FreeRTOS/Source/queue.c **** 					/* The queue was full and no block time is specified (or
 848:Middlewares/Third_Party/FreeRTOS/Source/queue.c **** 					the block time has expired) so leave now. */
 849:Middlewares/Third_Party/FreeRTOS/Source/queue.c **** 					taskEXIT_CRITICAL();
 850:Middlewares/Third_Party/FreeRTOS/Source/queue.c **** 
 851:Middlewares/Third_Party/FreeRTOS/Source/queue.c **** 					/* Return to the original privilege level before exiting
 852:Middlewares/Third_Party/FreeRTOS/Source/queue.c **** 					the function. */
 853:Middlewares/Third_Party/FreeRTOS/Source/queue.c **** 					traceQUEUE_SEND_FAILED( pxQueue );
 854:Middlewares/Third_Party/FreeRTOS/Source/queue.c **** 					return errQUEUE_FULL;
 855:Middlewares/Third_Party/FreeRTOS/Source/queue.c **** 				}
 856:Middlewares/Third_Party/FreeRTOS/Source/queue.c **** 				else if( xEntryTimeSet == pdFALSE )
 857:Middlewares/Third_Party/FreeRTOS/Source/queue.c **** 				{
 858:Middlewares/Third_Party/FreeRTOS/Source/queue.c **** 					/* The queue was full and a block time was specified so
 859:Middlewares/Third_Party/FreeRTOS/Source/queue.c **** 					configure the timeout structure. */
 860:Middlewares/Third_Party/FreeRTOS/Source/queue.c **** 					vTaskInternalSetTimeOutState( &xTimeOut );
 861:Middlewares/Third_Party/FreeRTOS/Source/queue.c **** 					xEntryTimeSet = pdTRUE;
 862:Middlewares/Third_Party/FreeRTOS/Source/queue.c **** 				}
 863:Middlewares/Third_Party/FreeRTOS/Source/queue.c **** 				else
 864:Middlewares/Third_Party/FreeRTOS/Source/queue.c **** 				{
 865:Middlewares/Third_Party/FreeRTOS/Source/queue.c **** 					/* Entry time was already set. */
 866:Middlewares/Third_Party/FreeRTOS/Source/queue.c **** 					mtCOVERAGE_TEST_MARKER();
 867:Middlewares/Third_Party/FreeRTOS/Source/queue.c **** 				}
 868:Middlewares/Third_Party/FreeRTOS/Source/queue.c **** 			}
 869:Middlewares/Third_Party/FreeRTOS/Source/queue.c **** 		}
 870:Middlewares/Third_Party/FreeRTOS/Source/queue.c **** 		taskEXIT_CRITICAL();
 871:Middlewares/Third_Party/FreeRTOS/Source/queue.c **** 
 872:Middlewares/Third_Party/FreeRTOS/Source/queue.c **** 		/* Interrupts and other tasks can send to and receive from the queue
 873:Middlewares/Third_Party/FreeRTOS/Source/queue.c **** 		now the critical section has been exited. */
 874:Middlewares/Third_Party/FreeRTOS/Source/queue.c **** 
 875:Middlewares/Third_Party/FreeRTOS/Source/queue.c **** 		vTaskSuspendAll();
 876:Middlewares/Third_Party/FreeRTOS/Source/queue.c **** 		prvLockQueue( pxQueue );
 877:Middlewares/Third_Party/FreeRTOS/Source/queue.c **** 
 878:Middlewares/Third_Party/FreeRTOS/Source/queue.c **** 		/* Update the timeout state to see if it has expired yet. */
 879:Middlewares/Third_Party/FreeRTOS/Source/queue.c **** 		if( xTaskCheckForTimeOut( &xTimeOut, &xTicksToWait ) == pdFALSE )
 880:Middlewares/Third_Party/FreeRTOS/Source/queue.c **** 		{
 881:Middlewares/Third_Party/FreeRTOS/Source/queue.c **** 			if( prvIsQueueFull( pxQueue ) != pdFALSE )
 882:Middlewares/Third_Party/FreeRTOS/Source/queue.c **** 			{
 883:Middlewares/Third_Party/FreeRTOS/Source/queue.c **** 				traceBLOCKING_ON_QUEUE_SEND( pxQueue );
 884:Middlewares/Third_Party/FreeRTOS/Source/queue.c **** 				vTaskPlaceOnEventList( &( pxQueue->xTasksWaitingToSend ), xTicksToWait );
 885:Middlewares/Third_Party/FreeRTOS/Source/queue.c **** 
ARM GAS  /tmp/cc8vE36X.s 			page 17


 886:Middlewares/Third_Party/FreeRTOS/Source/queue.c **** 				/* Unlocking the queue means queue events can effect the
 887:Middlewares/Third_Party/FreeRTOS/Source/queue.c **** 				event list.  It is possible that interrupts occurring now
 888:Middlewares/Third_Party/FreeRTOS/Source/queue.c **** 				remove this task from the event list again - but as the
 889:Middlewares/Third_Party/FreeRTOS/Source/queue.c **** 				scheduler is suspended the task will go onto the pending
 890:Middlewares/Third_Party/FreeRTOS/Source/queue.c **** 				ready last instead of the actual ready list. */
 891:Middlewares/Third_Party/FreeRTOS/Source/queue.c **** 				prvUnlockQueue( pxQueue );
 892:Middlewares/Third_Party/FreeRTOS/Source/queue.c **** 
 893:Middlewares/Third_Party/FreeRTOS/Source/queue.c **** 				/* Resuming the scheduler will move tasks from the pending
 894:Middlewares/Third_Party/FreeRTOS/Source/queue.c **** 				ready list into the ready list - so it is feasible that this
 895:Middlewares/Third_Party/FreeRTOS/Source/queue.c **** 				task is already in a ready list before it yields - in which
 896:Middlewares/Third_Party/FreeRTOS/Source/queue.c **** 				case the yield will not cause a context switch unless there
 897:Middlewares/Third_Party/FreeRTOS/Source/queue.c **** 				is also a higher priority task in the pending ready list. */
 898:Middlewares/Third_Party/FreeRTOS/Source/queue.c **** 				if( xTaskResumeAll() == pdFALSE )
 899:Middlewares/Third_Party/FreeRTOS/Source/queue.c **** 				{
 900:Middlewares/Third_Party/FreeRTOS/Source/queue.c **** 					portYIELD_WITHIN_API();
 901:Middlewares/Third_Party/FreeRTOS/Source/queue.c **** 				}
 902:Middlewares/Third_Party/FreeRTOS/Source/queue.c **** 			}
 903:Middlewares/Third_Party/FreeRTOS/Source/queue.c **** 			else
 904:Middlewares/Third_Party/FreeRTOS/Source/queue.c **** 			{
 905:Middlewares/Third_Party/FreeRTOS/Source/queue.c **** 				/* Try again. */
 906:Middlewares/Third_Party/FreeRTOS/Source/queue.c **** 				prvUnlockQueue( pxQueue );
 907:Middlewares/Third_Party/FreeRTOS/Source/queue.c **** 				( void ) xTaskResumeAll();
 908:Middlewares/Third_Party/FreeRTOS/Source/queue.c **** 			}
 909:Middlewares/Third_Party/FreeRTOS/Source/queue.c **** 		}
 910:Middlewares/Third_Party/FreeRTOS/Source/queue.c **** 		else
 911:Middlewares/Third_Party/FreeRTOS/Source/queue.c **** 		{
 912:Middlewares/Third_Party/FreeRTOS/Source/queue.c **** 			/* The timeout has expired. */
 913:Middlewares/Third_Party/FreeRTOS/Source/queue.c **** 			prvUnlockQueue( pxQueue );
 914:Middlewares/Third_Party/FreeRTOS/Source/queue.c **** 			( void ) xTaskResumeAll();
 915:Middlewares/Third_Party/FreeRTOS/Source/queue.c **** 
 916:Middlewares/Third_Party/FreeRTOS/Source/queue.c **** 			traceQUEUE_SEND_FAILED( pxQueue );
 917:Middlewares/Third_Party/FreeRTOS/Source/queue.c **** 			return errQUEUE_FULL;
 918:Middlewares/Third_Party/FreeRTOS/Source/queue.c **** 		}
 919:Middlewares/Third_Party/FreeRTOS/Source/queue.c **** 	}
 920:Middlewares/Third_Party/FreeRTOS/Source/queue.c **** }
 921:Middlewares/Third_Party/FreeRTOS/Source/queue.c **** /*-----------------------------------------------------------*/
 922:Middlewares/Third_Party/FreeRTOS/Source/queue.c **** 
 923:Middlewares/Third_Party/FreeRTOS/Source/queue.c **** BaseType_t xQueueGenericSendFromISR( QueueHandle_t xQueue, const void * const pvItemToQueue, BaseTy
 924:Middlewares/Third_Party/FreeRTOS/Source/queue.c **** {
 925:Middlewares/Third_Party/FreeRTOS/Source/queue.c **** BaseType_t xReturn;
 926:Middlewares/Third_Party/FreeRTOS/Source/queue.c **** UBaseType_t uxSavedInterruptStatus;
 927:Middlewares/Third_Party/FreeRTOS/Source/queue.c **** Queue_t * const pxQueue = ( Queue_t * ) xQueue;
 928:Middlewares/Third_Party/FreeRTOS/Source/queue.c **** 
 929:Middlewares/Third_Party/FreeRTOS/Source/queue.c **** 	configASSERT( pxQueue );
 930:Middlewares/Third_Party/FreeRTOS/Source/queue.c **** 	configASSERT( !( ( pvItemToQueue == NULL ) && ( pxQueue->uxItemSize != ( UBaseType_t ) 0U ) ) );
 931:Middlewares/Third_Party/FreeRTOS/Source/queue.c **** 	configASSERT( !( ( xCopyPosition == queueOVERWRITE ) && ( pxQueue->uxLength != 1 ) ) );
 932:Middlewares/Third_Party/FreeRTOS/Source/queue.c **** 
 933:Middlewares/Third_Party/FreeRTOS/Source/queue.c **** 	/* RTOS ports that support interrupt nesting have the concept of a maximum
 934:Middlewares/Third_Party/FreeRTOS/Source/queue.c **** 	system call (or maximum API call) interrupt priority.  Interrupts that are
 935:Middlewares/Third_Party/FreeRTOS/Source/queue.c **** 	above the maximum system call priority are kept permanently enabled, even
 936:Middlewares/Third_Party/FreeRTOS/Source/queue.c **** 	when the RTOS kernel is in a critical section, but cannot make any calls to
 937:Middlewares/Third_Party/FreeRTOS/Source/queue.c **** 	FreeRTOS API functions.  If configASSERT() is defined in FreeRTOSConfig.h
 938:Middlewares/Third_Party/FreeRTOS/Source/queue.c **** 	then portASSERT_IF_INTERRUPT_PRIORITY_INVALID() will result in an assertion
 939:Middlewares/Third_Party/FreeRTOS/Source/queue.c **** 	failure if a FreeRTOS API function is called from an interrupt that has been
 940:Middlewares/Third_Party/FreeRTOS/Source/queue.c **** 	assigned a priority above the configured maximum system call priority.
 941:Middlewares/Third_Party/FreeRTOS/Source/queue.c **** 	Only FreeRTOS functions that end in FromISR can be called from interrupts
 942:Middlewares/Third_Party/FreeRTOS/Source/queue.c **** 	that have been assigned a priority at or (logically) below the maximum
ARM GAS  /tmp/cc8vE36X.s 			page 18


 943:Middlewares/Third_Party/FreeRTOS/Source/queue.c **** 	system call	interrupt priority.  FreeRTOS maintains a separate interrupt
 944:Middlewares/Third_Party/FreeRTOS/Source/queue.c **** 	safe API to ensure interrupt entry is as fast and as simple as possible.
 945:Middlewares/Third_Party/FreeRTOS/Source/queue.c **** 	More information (albeit Cortex-M specific) is provided on the following
 946:Middlewares/Third_Party/FreeRTOS/Source/queue.c **** 	link: http://www.freertos.org/RTOS-Cortex-M3-M4.html */
 947:Middlewares/Third_Party/FreeRTOS/Source/queue.c **** 	portASSERT_IF_INTERRUPT_PRIORITY_INVALID();
 948:Middlewares/Third_Party/FreeRTOS/Source/queue.c **** 
 949:Middlewares/Third_Party/FreeRTOS/Source/queue.c **** 	/* Similar to xQueueGenericSend, except without blocking if there is no room
 950:Middlewares/Third_Party/FreeRTOS/Source/queue.c **** 	in the queue.  Also don't directly wake a task that was blocked on a queue
 951:Middlewares/Third_Party/FreeRTOS/Source/queue.c **** 	read, instead return a flag to say whether a context switch is required or
 952:Middlewares/Third_Party/FreeRTOS/Source/queue.c **** 	not (i.e. has a task with a higher priority than us been woken by this
 953:Middlewares/Third_Party/FreeRTOS/Source/queue.c **** 	post). */
 954:Middlewares/Third_Party/FreeRTOS/Source/queue.c **** 	uxSavedInterruptStatus = portSET_INTERRUPT_MASK_FROM_ISR();
 955:Middlewares/Third_Party/FreeRTOS/Source/queue.c **** 	{
 956:Middlewares/Third_Party/FreeRTOS/Source/queue.c **** 		if( ( pxQueue->uxMessagesWaiting < pxQueue->uxLength ) || ( xCopyPosition == queueOVERWRITE ) )
 957:Middlewares/Third_Party/FreeRTOS/Source/queue.c **** 		{
 958:Middlewares/Third_Party/FreeRTOS/Source/queue.c **** 			const int8_t cTxLock = pxQueue->cTxLock;
 959:Middlewares/Third_Party/FreeRTOS/Source/queue.c **** 
 960:Middlewares/Third_Party/FreeRTOS/Source/queue.c **** 			traceQUEUE_SEND_FROM_ISR( pxQueue );
 961:Middlewares/Third_Party/FreeRTOS/Source/queue.c **** 
 962:Middlewares/Third_Party/FreeRTOS/Source/queue.c **** 			/* Semaphores use xQueueGiveFromISR(), so pxQueue will not be a
 963:Middlewares/Third_Party/FreeRTOS/Source/queue.c **** 			semaphore or mutex.  That means prvCopyDataToQueue() cannot result
 964:Middlewares/Third_Party/FreeRTOS/Source/queue.c **** 			in a task disinheriting a priority and prvCopyDataToQueue() can be
 965:Middlewares/Third_Party/FreeRTOS/Source/queue.c **** 			called here even though the disinherit function does not check if
 966:Middlewares/Third_Party/FreeRTOS/Source/queue.c **** 			the scheduler is suspended before accessing the ready lists. */
 967:Middlewares/Third_Party/FreeRTOS/Source/queue.c **** 			( void ) prvCopyDataToQueue( pxQueue, pvItemToQueue, xCopyPosition );
 968:Middlewares/Third_Party/FreeRTOS/Source/queue.c **** 
 969:Middlewares/Third_Party/FreeRTOS/Source/queue.c **** 			/* The event list is not altered if the queue is locked.  This will
 970:Middlewares/Third_Party/FreeRTOS/Source/queue.c **** 			be done when the queue is unlocked later. */
 971:Middlewares/Third_Party/FreeRTOS/Source/queue.c **** 			if( cTxLock == queueUNLOCKED )
 972:Middlewares/Third_Party/FreeRTOS/Source/queue.c **** 			{
 973:Middlewares/Third_Party/FreeRTOS/Source/queue.c **** 				#if ( configUSE_QUEUE_SETS == 1 )
 974:Middlewares/Third_Party/FreeRTOS/Source/queue.c **** 				{
 975:Middlewares/Third_Party/FreeRTOS/Source/queue.c **** 					if( pxQueue->pxQueueSetContainer != NULL )
 976:Middlewares/Third_Party/FreeRTOS/Source/queue.c **** 					{
 977:Middlewares/Third_Party/FreeRTOS/Source/queue.c **** 						if( prvNotifyQueueSetContainer( pxQueue, xCopyPosition ) != pdFALSE )
 978:Middlewares/Third_Party/FreeRTOS/Source/queue.c **** 						{
 979:Middlewares/Third_Party/FreeRTOS/Source/queue.c **** 							/* The queue is a member of a queue set, and posting
 980:Middlewares/Third_Party/FreeRTOS/Source/queue.c **** 							to the queue set caused a higher priority task to
 981:Middlewares/Third_Party/FreeRTOS/Source/queue.c **** 							unblock.  A context switch is required. */
 982:Middlewares/Third_Party/FreeRTOS/Source/queue.c **** 							if( pxHigherPriorityTaskWoken != NULL )
 983:Middlewares/Third_Party/FreeRTOS/Source/queue.c **** 							{
 984:Middlewares/Third_Party/FreeRTOS/Source/queue.c **** 								*pxHigherPriorityTaskWoken = pdTRUE;
 985:Middlewares/Third_Party/FreeRTOS/Source/queue.c **** 							}
 986:Middlewares/Third_Party/FreeRTOS/Source/queue.c **** 							else
 987:Middlewares/Third_Party/FreeRTOS/Source/queue.c **** 							{
 988:Middlewares/Third_Party/FreeRTOS/Source/queue.c **** 								mtCOVERAGE_TEST_MARKER();
 989:Middlewares/Third_Party/FreeRTOS/Source/queue.c **** 							}
 990:Middlewares/Third_Party/FreeRTOS/Source/queue.c **** 						}
 991:Middlewares/Third_Party/FreeRTOS/Source/queue.c **** 						else
 992:Middlewares/Third_Party/FreeRTOS/Source/queue.c **** 						{
 993:Middlewares/Third_Party/FreeRTOS/Source/queue.c **** 							mtCOVERAGE_TEST_MARKER();
 994:Middlewares/Third_Party/FreeRTOS/Source/queue.c **** 						}
 995:Middlewares/Third_Party/FreeRTOS/Source/queue.c **** 					}
 996:Middlewares/Third_Party/FreeRTOS/Source/queue.c **** 					else
 997:Middlewares/Third_Party/FreeRTOS/Source/queue.c **** 					{
 998:Middlewares/Third_Party/FreeRTOS/Source/queue.c **** 						if( listLIST_IS_EMPTY( &( pxQueue->xTasksWaitingToReceive ) ) == pdFALSE )
 999:Middlewares/Third_Party/FreeRTOS/Source/queue.c **** 						{
ARM GAS  /tmp/cc8vE36X.s 			page 19


1000:Middlewares/Third_Party/FreeRTOS/Source/queue.c **** 							if( xTaskRemoveFromEventList( &( pxQueue->xTasksWaitingToReceive ) ) != pdFALSE )
1001:Middlewares/Third_Party/FreeRTOS/Source/queue.c **** 							{
1002:Middlewares/Third_Party/FreeRTOS/Source/queue.c **** 								/* The task waiting has a higher priority so
1003:Middlewares/Third_Party/FreeRTOS/Source/queue.c **** 								record that a context switch is required. */
1004:Middlewares/Third_Party/FreeRTOS/Source/queue.c **** 								if( pxHigherPriorityTaskWoken != NULL )
1005:Middlewares/Third_Party/FreeRTOS/Source/queue.c **** 								{
1006:Middlewares/Third_Party/FreeRTOS/Source/queue.c **** 									*pxHigherPriorityTaskWoken = pdTRUE;
1007:Middlewares/Third_Party/FreeRTOS/Source/queue.c **** 								}
1008:Middlewares/Third_Party/FreeRTOS/Source/queue.c **** 								else
1009:Middlewares/Third_Party/FreeRTOS/Source/queue.c **** 								{
1010:Middlewares/Third_Party/FreeRTOS/Source/queue.c **** 									mtCOVERAGE_TEST_MARKER();
1011:Middlewares/Third_Party/FreeRTOS/Source/queue.c **** 								}
1012:Middlewares/Third_Party/FreeRTOS/Source/queue.c **** 							}
1013:Middlewares/Third_Party/FreeRTOS/Source/queue.c **** 							else
1014:Middlewares/Third_Party/FreeRTOS/Source/queue.c **** 							{
1015:Middlewares/Third_Party/FreeRTOS/Source/queue.c **** 								mtCOVERAGE_TEST_MARKER();
1016:Middlewares/Third_Party/FreeRTOS/Source/queue.c **** 							}
1017:Middlewares/Third_Party/FreeRTOS/Source/queue.c **** 						}
1018:Middlewares/Third_Party/FreeRTOS/Source/queue.c **** 						else
1019:Middlewares/Third_Party/FreeRTOS/Source/queue.c **** 						{
1020:Middlewares/Third_Party/FreeRTOS/Source/queue.c **** 							mtCOVERAGE_TEST_MARKER();
1021:Middlewares/Third_Party/FreeRTOS/Source/queue.c **** 						}
1022:Middlewares/Third_Party/FreeRTOS/Source/queue.c **** 					}
1023:Middlewares/Third_Party/FreeRTOS/Source/queue.c **** 				}
1024:Middlewares/Third_Party/FreeRTOS/Source/queue.c **** 				#else /* configUSE_QUEUE_SETS */
1025:Middlewares/Third_Party/FreeRTOS/Source/queue.c **** 				{
1026:Middlewares/Third_Party/FreeRTOS/Source/queue.c **** 					if( listLIST_IS_EMPTY( &( pxQueue->xTasksWaitingToReceive ) ) == pdFALSE )
1027:Middlewares/Third_Party/FreeRTOS/Source/queue.c **** 					{
1028:Middlewares/Third_Party/FreeRTOS/Source/queue.c **** 						if( xTaskRemoveFromEventList( &( pxQueue->xTasksWaitingToReceive ) ) != pdFALSE )
1029:Middlewares/Third_Party/FreeRTOS/Source/queue.c **** 						{
1030:Middlewares/Third_Party/FreeRTOS/Source/queue.c **** 							/* The task waiting has a higher priority so record that a
1031:Middlewares/Third_Party/FreeRTOS/Source/queue.c **** 							context	switch is required. */
1032:Middlewares/Third_Party/FreeRTOS/Source/queue.c **** 							if( pxHigherPriorityTaskWoken != NULL )
1033:Middlewares/Third_Party/FreeRTOS/Source/queue.c **** 							{
1034:Middlewares/Third_Party/FreeRTOS/Source/queue.c **** 								*pxHigherPriorityTaskWoken = pdTRUE;
1035:Middlewares/Third_Party/FreeRTOS/Source/queue.c **** 							}
1036:Middlewares/Third_Party/FreeRTOS/Source/queue.c **** 							else
1037:Middlewares/Third_Party/FreeRTOS/Source/queue.c **** 							{
1038:Middlewares/Third_Party/FreeRTOS/Source/queue.c **** 								mtCOVERAGE_TEST_MARKER();
1039:Middlewares/Third_Party/FreeRTOS/Source/queue.c **** 							}
1040:Middlewares/Third_Party/FreeRTOS/Source/queue.c **** 						}
1041:Middlewares/Third_Party/FreeRTOS/Source/queue.c **** 						else
1042:Middlewares/Third_Party/FreeRTOS/Source/queue.c **** 						{
1043:Middlewares/Third_Party/FreeRTOS/Source/queue.c **** 							mtCOVERAGE_TEST_MARKER();
1044:Middlewares/Third_Party/FreeRTOS/Source/queue.c **** 						}
1045:Middlewares/Third_Party/FreeRTOS/Source/queue.c **** 					}
1046:Middlewares/Third_Party/FreeRTOS/Source/queue.c **** 					else
1047:Middlewares/Third_Party/FreeRTOS/Source/queue.c **** 					{
1048:Middlewares/Third_Party/FreeRTOS/Source/queue.c **** 						mtCOVERAGE_TEST_MARKER();
1049:Middlewares/Third_Party/FreeRTOS/Source/queue.c **** 					}
1050:Middlewares/Third_Party/FreeRTOS/Source/queue.c **** 				}
1051:Middlewares/Third_Party/FreeRTOS/Source/queue.c **** 				#endif /* configUSE_QUEUE_SETS */
1052:Middlewares/Third_Party/FreeRTOS/Source/queue.c **** 			}
1053:Middlewares/Third_Party/FreeRTOS/Source/queue.c **** 			else
1054:Middlewares/Third_Party/FreeRTOS/Source/queue.c **** 			{
1055:Middlewares/Third_Party/FreeRTOS/Source/queue.c **** 				/* Increment the lock count so the task that unlocks the queue
1056:Middlewares/Third_Party/FreeRTOS/Source/queue.c **** 				knows that data was posted while it was locked. */
ARM GAS  /tmp/cc8vE36X.s 			page 20


1057:Middlewares/Third_Party/FreeRTOS/Source/queue.c **** 				pxQueue->cTxLock = ( int8_t ) ( cTxLock + 1 );
1058:Middlewares/Third_Party/FreeRTOS/Source/queue.c **** 			}
1059:Middlewares/Third_Party/FreeRTOS/Source/queue.c **** 
1060:Middlewares/Third_Party/FreeRTOS/Source/queue.c **** 			xReturn = pdPASS;
1061:Middlewares/Third_Party/FreeRTOS/Source/queue.c **** 		}
1062:Middlewares/Third_Party/FreeRTOS/Source/queue.c **** 		else
1063:Middlewares/Third_Party/FreeRTOS/Source/queue.c **** 		{
1064:Middlewares/Third_Party/FreeRTOS/Source/queue.c **** 			traceQUEUE_SEND_FROM_ISR_FAILED( pxQueue );
1065:Middlewares/Third_Party/FreeRTOS/Source/queue.c **** 			xReturn = errQUEUE_FULL;
1066:Middlewares/Third_Party/FreeRTOS/Source/queue.c **** 		}
1067:Middlewares/Third_Party/FreeRTOS/Source/queue.c **** 	}
1068:Middlewares/Third_Party/FreeRTOS/Source/queue.c **** 	portCLEAR_INTERRUPT_MASK_FROM_ISR( uxSavedInterruptStatus );
1069:Middlewares/Third_Party/FreeRTOS/Source/queue.c **** 
1070:Middlewares/Third_Party/FreeRTOS/Source/queue.c **** 	return xReturn;
1071:Middlewares/Third_Party/FreeRTOS/Source/queue.c **** }
1072:Middlewares/Third_Party/FreeRTOS/Source/queue.c **** /*-----------------------------------------------------------*/
1073:Middlewares/Third_Party/FreeRTOS/Source/queue.c **** 
1074:Middlewares/Third_Party/FreeRTOS/Source/queue.c **** BaseType_t xQueueGiveFromISR( QueueHandle_t xQueue, BaseType_t * const pxHigherPriorityTaskWoken )
1075:Middlewares/Third_Party/FreeRTOS/Source/queue.c **** {
1076:Middlewares/Third_Party/FreeRTOS/Source/queue.c **** BaseType_t xReturn;
1077:Middlewares/Third_Party/FreeRTOS/Source/queue.c **** UBaseType_t uxSavedInterruptStatus;
1078:Middlewares/Third_Party/FreeRTOS/Source/queue.c **** Queue_t * const pxQueue = ( Queue_t * ) xQueue;
1079:Middlewares/Third_Party/FreeRTOS/Source/queue.c **** 
1080:Middlewares/Third_Party/FreeRTOS/Source/queue.c **** 	/* Similar to xQueueGenericSendFromISR() but used with semaphores where the
1081:Middlewares/Third_Party/FreeRTOS/Source/queue.c **** 	item size is 0.  Don't directly wake a task that was blocked on a queue
1082:Middlewares/Third_Party/FreeRTOS/Source/queue.c **** 	read, instead return a flag to say whether a context switch is required or
1083:Middlewares/Third_Party/FreeRTOS/Source/queue.c **** 	not (i.e. has a task with a higher priority than us been woken by this
1084:Middlewares/Third_Party/FreeRTOS/Source/queue.c **** 	post). */
1085:Middlewares/Third_Party/FreeRTOS/Source/queue.c **** 
1086:Middlewares/Third_Party/FreeRTOS/Source/queue.c **** 	configASSERT( pxQueue );
1087:Middlewares/Third_Party/FreeRTOS/Source/queue.c **** 
1088:Middlewares/Third_Party/FreeRTOS/Source/queue.c **** 	/* xQueueGenericSendFromISR() should be used instead of xQueueGiveFromISR()
1089:Middlewares/Third_Party/FreeRTOS/Source/queue.c **** 	if the item size is not 0. */
1090:Middlewares/Third_Party/FreeRTOS/Source/queue.c **** 	configASSERT( pxQueue->uxItemSize == 0 );
1091:Middlewares/Third_Party/FreeRTOS/Source/queue.c **** 
1092:Middlewares/Third_Party/FreeRTOS/Source/queue.c **** 	/* Normally a mutex would not be given from an interrupt, especially if
1093:Middlewares/Third_Party/FreeRTOS/Source/queue.c **** 	there is a mutex holder, as priority inheritance makes no sense for an
1094:Middlewares/Third_Party/FreeRTOS/Source/queue.c **** 	interrupts, only tasks. */
1095:Middlewares/Third_Party/FreeRTOS/Source/queue.c **** 	configASSERT( !( ( pxQueue->uxQueueType == queueQUEUE_IS_MUTEX ) && ( pxQueue->pxMutexHolder != NU
1096:Middlewares/Third_Party/FreeRTOS/Source/queue.c **** 
1097:Middlewares/Third_Party/FreeRTOS/Source/queue.c **** 	/* RTOS ports that support interrupt nesting have the concept of a maximum
1098:Middlewares/Third_Party/FreeRTOS/Source/queue.c **** 	system call (or maximum API call) interrupt priority.  Interrupts that are
1099:Middlewares/Third_Party/FreeRTOS/Source/queue.c **** 	above the maximum system call priority are kept permanently enabled, even
1100:Middlewares/Third_Party/FreeRTOS/Source/queue.c **** 	when the RTOS kernel is in a critical section, but cannot make any calls to
1101:Middlewares/Third_Party/FreeRTOS/Source/queue.c **** 	FreeRTOS API functions.  If configASSERT() is defined in FreeRTOSConfig.h
1102:Middlewares/Third_Party/FreeRTOS/Source/queue.c **** 	then portASSERT_IF_INTERRUPT_PRIORITY_INVALID() will result in an assertion
1103:Middlewares/Third_Party/FreeRTOS/Source/queue.c **** 	failure if a FreeRTOS API function is called from an interrupt that has been
1104:Middlewares/Third_Party/FreeRTOS/Source/queue.c **** 	assigned a priority above the configured maximum system call priority.
1105:Middlewares/Third_Party/FreeRTOS/Source/queue.c **** 	Only FreeRTOS functions that end in FromISR can be called from interrupts
1106:Middlewares/Third_Party/FreeRTOS/Source/queue.c **** 	that have been assigned a priority at or (logically) below the maximum
1107:Middlewares/Third_Party/FreeRTOS/Source/queue.c **** 	system call	interrupt priority.  FreeRTOS maintains a separate interrupt
1108:Middlewares/Third_Party/FreeRTOS/Source/queue.c **** 	safe API to ensure interrupt entry is as fast and as simple as possible.
1109:Middlewares/Third_Party/FreeRTOS/Source/queue.c **** 	More information (albeit Cortex-M specific) is provided on the following
1110:Middlewares/Third_Party/FreeRTOS/Source/queue.c **** 	link: http://www.freertos.org/RTOS-Cortex-M3-M4.html */
1111:Middlewares/Third_Party/FreeRTOS/Source/queue.c **** 	portASSERT_IF_INTERRUPT_PRIORITY_INVALID();
1112:Middlewares/Third_Party/FreeRTOS/Source/queue.c **** 
1113:Middlewares/Third_Party/FreeRTOS/Source/queue.c **** 	uxSavedInterruptStatus = portSET_INTERRUPT_MASK_FROM_ISR();
ARM GAS  /tmp/cc8vE36X.s 			page 21


1114:Middlewares/Third_Party/FreeRTOS/Source/queue.c **** 	{
1115:Middlewares/Third_Party/FreeRTOS/Source/queue.c **** 		const UBaseType_t uxMessagesWaiting = pxQueue->uxMessagesWaiting;
1116:Middlewares/Third_Party/FreeRTOS/Source/queue.c **** 
1117:Middlewares/Third_Party/FreeRTOS/Source/queue.c **** 		/* When the queue is used to implement a semaphore no data is ever
1118:Middlewares/Third_Party/FreeRTOS/Source/queue.c **** 		moved through the queue but it is still valid to see if the queue 'has
1119:Middlewares/Third_Party/FreeRTOS/Source/queue.c **** 		space'. */
1120:Middlewares/Third_Party/FreeRTOS/Source/queue.c **** 		if( uxMessagesWaiting < pxQueue->uxLength )
1121:Middlewares/Third_Party/FreeRTOS/Source/queue.c **** 		{
1122:Middlewares/Third_Party/FreeRTOS/Source/queue.c **** 			const int8_t cTxLock = pxQueue->cTxLock;
1123:Middlewares/Third_Party/FreeRTOS/Source/queue.c **** 
1124:Middlewares/Third_Party/FreeRTOS/Source/queue.c **** 			traceQUEUE_SEND_FROM_ISR( pxQueue );
1125:Middlewares/Third_Party/FreeRTOS/Source/queue.c **** 
1126:Middlewares/Third_Party/FreeRTOS/Source/queue.c **** 			/* A task can only have an inherited priority if it is a mutex
1127:Middlewares/Third_Party/FreeRTOS/Source/queue.c **** 			holder - and if there is a mutex holder then the mutex cannot be
1128:Middlewares/Third_Party/FreeRTOS/Source/queue.c **** 			given from an ISR.  As this is the ISR version of the function it
1129:Middlewares/Third_Party/FreeRTOS/Source/queue.c **** 			can be assumed there is no mutex holder and no need to determine if
1130:Middlewares/Third_Party/FreeRTOS/Source/queue.c **** 			priority disinheritance is needed.  Simply increase the count of
1131:Middlewares/Third_Party/FreeRTOS/Source/queue.c **** 			messages (semaphores) available. */
1132:Middlewares/Third_Party/FreeRTOS/Source/queue.c **** 			pxQueue->uxMessagesWaiting = uxMessagesWaiting + ( UBaseType_t ) 1;
1133:Middlewares/Third_Party/FreeRTOS/Source/queue.c **** 
1134:Middlewares/Third_Party/FreeRTOS/Source/queue.c **** 			/* The event list is not altered if the queue is locked.  This will
1135:Middlewares/Third_Party/FreeRTOS/Source/queue.c **** 			be done when the queue is unlocked later. */
1136:Middlewares/Third_Party/FreeRTOS/Source/queue.c **** 			if( cTxLock == queueUNLOCKED )
1137:Middlewares/Third_Party/FreeRTOS/Source/queue.c **** 			{
1138:Middlewares/Third_Party/FreeRTOS/Source/queue.c **** 				#if ( configUSE_QUEUE_SETS == 1 )
1139:Middlewares/Third_Party/FreeRTOS/Source/queue.c **** 				{
1140:Middlewares/Third_Party/FreeRTOS/Source/queue.c **** 					if( pxQueue->pxQueueSetContainer != NULL )
1141:Middlewares/Third_Party/FreeRTOS/Source/queue.c **** 					{
1142:Middlewares/Third_Party/FreeRTOS/Source/queue.c **** 						if( prvNotifyQueueSetContainer( pxQueue, queueSEND_TO_BACK ) != pdFALSE )
1143:Middlewares/Third_Party/FreeRTOS/Source/queue.c **** 						{
1144:Middlewares/Third_Party/FreeRTOS/Source/queue.c **** 							/* The semaphore is a member of a queue set, and
1145:Middlewares/Third_Party/FreeRTOS/Source/queue.c **** 							posting	to the queue set caused a higher priority
1146:Middlewares/Third_Party/FreeRTOS/Source/queue.c **** 							task to	unblock.  A context switch is required. */
1147:Middlewares/Third_Party/FreeRTOS/Source/queue.c **** 							if( pxHigherPriorityTaskWoken != NULL )
1148:Middlewares/Third_Party/FreeRTOS/Source/queue.c **** 							{
1149:Middlewares/Third_Party/FreeRTOS/Source/queue.c **** 								*pxHigherPriorityTaskWoken = pdTRUE;
1150:Middlewares/Third_Party/FreeRTOS/Source/queue.c **** 							}
1151:Middlewares/Third_Party/FreeRTOS/Source/queue.c **** 							else
1152:Middlewares/Third_Party/FreeRTOS/Source/queue.c **** 							{
1153:Middlewares/Third_Party/FreeRTOS/Source/queue.c **** 								mtCOVERAGE_TEST_MARKER();
1154:Middlewares/Third_Party/FreeRTOS/Source/queue.c **** 							}
1155:Middlewares/Third_Party/FreeRTOS/Source/queue.c **** 						}
1156:Middlewares/Third_Party/FreeRTOS/Source/queue.c **** 						else
1157:Middlewares/Third_Party/FreeRTOS/Source/queue.c **** 						{
1158:Middlewares/Third_Party/FreeRTOS/Source/queue.c **** 							mtCOVERAGE_TEST_MARKER();
1159:Middlewares/Third_Party/FreeRTOS/Source/queue.c **** 						}
1160:Middlewares/Third_Party/FreeRTOS/Source/queue.c **** 					}
1161:Middlewares/Third_Party/FreeRTOS/Source/queue.c **** 					else
1162:Middlewares/Third_Party/FreeRTOS/Source/queue.c **** 					{
1163:Middlewares/Third_Party/FreeRTOS/Source/queue.c **** 						if( listLIST_IS_EMPTY( &( pxQueue->xTasksWaitingToReceive ) ) == pdFALSE )
1164:Middlewares/Third_Party/FreeRTOS/Source/queue.c **** 						{
1165:Middlewares/Third_Party/FreeRTOS/Source/queue.c **** 							if( xTaskRemoveFromEventList( &( pxQueue->xTasksWaitingToReceive ) ) != pdFALSE )
1166:Middlewares/Third_Party/FreeRTOS/Source/queue.c **** 							{
1167:Middlewares/Third_Party/FreeRTOS/Source/queue.c **** 								/* The task waiting has a higher priority so
1168:Middlewares/Third_Party/FreeRTOS/Source/queue.c **** 								record that a context switch is required. */
1169:Middlewares/Third_Party/FreeRTOS/Source/queue.c **** 								if( pxHigherPriorityTaskWoken != NULL )
1170:Middlewares/Third_Party/FreeRTOS/Source/queue.c **** 								{
ARM GAS  /tmp/cc8vE36X.s 			page 22


1171:Middlewares/Third_Party/FreeRTOS/Source/queue.c **** 									*pxHigherPriorityTaskWoken = pdTRUE;
1172:Middlewares/Third_Party/FreeRTOS/Source/queue.c **** 								}
1173:Middlewares/Third_Party/FreeRTOS/Source/queue.c **** 								else
1174:Middlewares/Third_Party/FreeRTOS/Source/queue.c **** 								{
1175:Middlewares/Third_Party/FreeRTOS/Source/queue.c **** 									mtCOVERAGE_TEST_MARKER();
1176:Middlewares/Third_Party/FreeRTOS/Source/queue.c **** 								}
1177:Middlewares/Third_Party/FreeRTOS/Source/queue.c **** 							}
1178:Middlewares/Third_Party/FreeRTOS/Source/queue.c **** 							else
1179:Middlewares/Third_Party/FreeRTOS/Source/queue.c **** 							{
1180:Middlewares/Third_Party/FreeRTOS/Source/queue.c **** 								mtCOVERAGE_TEST_MARKER();
1181:Middlewares/Third_Party/FreeRTOS/Source/queue.c **** 							}
1182:Middlewares/Third_Party/FreeRTOS/Source/queue.c **** 						}
1183:Middlewares/Third_Party/FreeRTOS/Source/queue.c **** 						else
1184:Middlewares/Third_Party/FreeRTOS/Source/queue.c **** 						{
1185:Middlewares/Third_Party/FreeRTOS/Source/queue.c **** 							mtCOVERAGE_TEST_MARKER();
1186:Middlewares/Third_Party/FreeRTOS/Source/queue.c **** 						}
1187:Middlewares/Third_Party/FreeRTOS/Source/queue.c **** 					}
1188:Middlewares/Third_Party/FreeRTOS/Source/queue.c **** 				}
1189:Middlewares/Third_Party/FreeRTOS/Source/queue.c **** 				#else /* configUSE_QUEUE_SETS */
1190:Middlewares/Third_Party/FreeRTOS/Source/queue.c **** 				{
1191:Middlewares/Third_Party/FreeRTOS/Source/queue.c **** 					if( listLIST_IS_EMPTY( &( pxQueue->xTasksWaitingToReceive ) ) == pdFALSE )
1192:Middlewares/Third_Party/FreeRTOS/Source/queue.c **** 					{
1193:Middlewares/Third_Party/FreeRTOS/Source/queue.c **** 						if( xTaskRemoveFromEventList( &( pxQueue->xTasksWaitingToReceive ) ) != pdFALSE )
1194:Middlewares/Third_Party/FreeRTOS/Source/queue.c **** 						{
1195:Middlewares/Third_Party/FreeRTOS/Source/queue.c **** 							/* The task waiting has a higher priority so record that a
1196:Middlewares/Third_Party/FreeRTOS/Source/queue.c **** 							context	switch is required. */
1197:Middlewares/Third_Party/FreeRTOS/Source/queue.c **** 							if( pxHigherPriorityTaskWoken != NULL )
1198:Middlewares/Third_Party/FreeRTOS/Source/queue.c **** 							{
1199:Middlewares/Third_Party/FreeRTOS/Source/queue.c **** 								*pxHigherPriorityTaskWoken = pdTRUE;
1200:Middlewares/Third_Party/FreeRTOS/Source/queue.c **** 							}
1201:Middlewares/Third_Party/FreeRTOS/Source/queue.c **** 							else
1202:Middlewares/Third_Party/FreeRTOS/Source/queue.c **** 							{
1203:Middlewares/Third_Party/FreeRTOS/Source/queue.c **** 								mtCOVERAGE_TEST_MARKER();
1204:Middlewares/Third_Party/FreeRTOS/Source/queue.c **** 							}
1205:Middlewares/Third_Party/FreeRTOS/Source/queue.c **** 						}
1206:Middlewares/Third_Party/FreeRTOS/Source/queue.c **** 						else
1207:Middlewares/Third_Party/FreeRTOS/Source/queue.c **** 						{
1208:Middlewares/Third_Party/FreeRTOS/Source/queue.c **** 							mtCOVERAGE_TEST_MARKER();
1209:Middlewares/Third_Party/FreeRTOS/Source/queue.c **** 						}
1210:Middlewares/Third_Party/FreeRTOS/Source/queue.c **** 					}
1211:Middlewares/Third_Party/FreeRTOS/Source/queue.c **** 					else
1212:Middlewares/Third_Party/FreeRTOS/Source/queue.c **** 					{
1213:Middlewares/Third_Party/FreeRTOS/Source/queue.c **** 						mtCOVERAGE_TEST_MARKER();
1214:Middlewares/Third_Party/FreeRTOS/Source/queue.c **** 					}
1215:Middlewares/Third_Party/FreeRTOS/Source/queue.c **** 				}
1216:Middlewares/Third_Party/FreeRTOS/Source/queue.c **** 				#endif /* configUSE_QUEUE_SETS */
1217:Middlewares/Third_Party/FreeRTOS/Source/queue.c **** 			}
1218:Middlewares/Third_Party/FreeRTOS/Source/queue.c **** 			else
1219:Middlewares/Third_Party/FreeRTOS/Source/queue.c **** 			{
1220:Middlewares/Third_Party/FreeRTOS/Source/queue.c **** 				/* Increment the lock count so the task that unlocks the queue
1221:Middlewares/Third_Party/FreeRTOS/Source/queue.c **** 				knows that data was posted while it was locked. */
1222:Middlewares/Third_Party/FreeRTOS/Source/queue.c **** 				pxQueue->cTxLock = ( int8_t ) ( cTxLock + 1 );
1223:Middlewares/Third_Party/FreeRTOS/Source/queue.c **** 			}
1224:Middlewares/Third_Party/FreeRTOS/Source/queue.c **** 
1225:Middlewares/Third_Party/FreeRTOS/Source/queue.c **** 			xReturn = pdPASS;
1226:Middlewares/Third_Party/FreeRTOS/Source/queue.c **** 		}
1227:Middlewares/Third_Party/FreeRTOS/Source/queue.c **** 		else
ARM GAS  /tmp/cc8vE36X.s 			page 23


1228:Middlewares/Third_Party/FreeRTOS/Source/queue.c **** 		{
1229:Middlewares/Third_Party/FreeRTOS/Source/queue.c **** 			traceQUEUE_SEND_FROM_ISR_FAILED( pxQueue );
1230:Middlewares/Third_Party/FreeRTOS/Source/queue.c **** 			xReturn = errQUEUE_FULL;
1231:Middlewares/Third_Party/FreeRTOS/Source/queue.c **** 		}
1232:Middlewares/Third_Party/FreeRTOS/Source/queue.c **** 	}
1233:Middlewares/Third_Party/FreeRTOS/Source/queue.c **** 	portCLEAR_INTERRUPT_MASK_FROM_ISR( uxSavedInterruptStatus );
1234:Middlewares/Third_Party/FreeRTOS/Source/queue.c **** 
1235:Middlewares/Third_Party/FreeRTOS/Source/queue.c **** 	return xReturn;
1236:Middlewares/Third_Party/FreeRTOS/Source/queue.c **** }
1237:Middlewares/Third_Party/FreeRTOS/Source/queue.c **** /*-----------------------------------------------------------*/
1238:Middlewares/Third_Party/FreeRTOS/Source/queue.c **** 
1239:Middlewares/Third_Party/FreeRTOS/Source/queue.c **** BaseType_t xQueueReceive( QueueHandle_t xQueue, void * const pvBuffer, TickType_t xTicksToWait )
1240:Middlewares/Third_Party/FreeRTOS/Source/queue.c **** {
1241:Middlewares/Third_Party/FreeRTOS/Source/queue.c **** BaseType_t xEntryTimeSet = pdFALSE;
1242:Middlewares/Third_Party/FreeRTOS/Source/queue.c **** TimeOut_t xTimeOut;
1243:Middlewares/Third_Party/FreeRTOS/Source/queue.c **** Queue_t * const pxQueue = ( Queue_t * ) xQueue;
1244:Middlewares/Third_Party/FreeRTOS/Source/queue.c **** 
1245:Middlewares/Third_Party/FreeRTOS/Source/queue.c **** 	/* Check the pointer is not NULL. */
1246:Middlewares/Third_Party/FreeRTOS/Source/queue.c **** 	configASSERT( ( pxQueue ) );
1247:Middlewares/Third_Party/FreeRTOS/Source/queue.c **** 
1248:Middlewares/Third_Party/FreeRTOS/Source/queue.c **** 	/* The buffer into which data is received can only be NULL if the data size
1249:Middlewares/Third_Party/FreeRTOS/Source/queue.c **** 	is zero (so no data is copied into the buffer. */
1250:Middlewares/Third_Party/FreeRTOS/Source/queue.c **** 	configASSERT( !( ( ( pvBuffer ) == NULL ) && ( ( pxQueue )->uxItemSize != ( UBaseType_t ) 0U ) ) )
1251:Middlewares/Third_Party/FreeRTOS/Source/queue.c **** 
1252:Middlewares/Third_Party/FreeRTOS/Source/queue.c **** 	/* Cannot block if the scheduler is suspended. */
1253:Middlewares/Third_Party/FreeRTOS/Source/queue.c **** 	#if ( ( INCLUDE_xTaskGetSchedulerState == 1 ) || ( configUSE_TIMERS == 1 ) )
1254:Middlewares/Third_Party/FreeRTOS/Source/queue.c **** 	{
1255:Middlewares/Third_Party/FreeRTOS/Source/queue.c **** 		configASSERT( !( ( xTaskGetSchedulerState() == taskSCHEDULER_SUSPENDED ) && ( xTicksToWait != 0 )
1256:Middlewares/Third_Party/FreeRTOS/Source/queue.c **** 	}
1257:Middlewares/Third_Party/FreeRTOS/Source/queue.c **** 	#endif
1258:Middlewares/Third_Party/FreeRTOS/Source/queue.c **** 
1259:Middlewares/Third_Party/FreeRTOS/Source/queue.c **** 	/* This function relaxes the coding standard somewhat to allow return
1260:Middlewares/Third_Party/FreeRTOS/Source/queue.c **** 	statements within the function itself.  This is done in the interest
1261:Middlewares/Third_Party/FreeRTOS/Source/queue.c **** 	of execution time efficiency. */
1262:Middlewares/Third_Party/FreeRTOS/Source/queue.c **** 
1263:Middlewares/Third_Party/FreeRTOS/Source/queue.c **** 	for( ;; )
1264:Middlewares/Third_Party/FreeRTOS/Source/queue.c **** 	{
1265:Middlewares/Third_Party/FreeRTOS/Source/queue.c **** 		taskENTER_CRITICAL();
1266:Middlewares/Third_Party/FreeRTOS/Source/queue.c **** 		{
1267:Middlewares/Third_Party/FreeRTOS/Source/queue.c **** 			const UBaseType_t uxMessagesWaiting = pxQueue->uxMessagesWaiting;
1268:Middlewares/Third_Party/FreeRTOS/Source/queue.c **** 
1269:Middlewares/Third_Party/FreeRTOS/Source/queue.c **** 			/* Is there data in the queue now?  To be running the calling task
1270:Middlewares/Third_Party/FreeRTOS/Source/queue.c **** 			must be the highest priority task wanting to access the queue. */
1271:Middlewares/Third_Party/FreeRTOS/Source/queue.c **** 			if( uxMessagesWaiting > ( UBaseType_t ) 0 )
1272:Middlewares/Third_Party/FreeRTOS/Source/queue.c **** 			{
1273:Middlewares/Third_Party/FreeRTOS/Source/queue.c **** 				/* Data available, remove one item. */
1274:Middlewares/Third_Party/FreeRTOS/Source/queue.c **** 				prvCopyDataFromQueue( pxQueue, pvBuffer );
1275:Middlewares/Third_Party/FreeRTOS/Source/queue.c **** 				traceQUEUE_RECEIVE( pxQueue );
1276:Middlewares/Third_Party/FreeRTOS/Source/queue.c **** 				pxQueue->uxMessagesWaiting = uxMessagesWaiting - ( UBaseType_t ) 1;
1277:Middlewares/Third_Party/FreeRTOS/Source/queue.c **** 
1278:Middlewares/Third_Party/FreeRTOS/Source/queue.c **** 				/* There is now space in the queue, were any tasks waiting to
1279:Middlewares/Third_Party/FreeRTOS/Source/queue.c **** 				post to the queue?  If so, unblock the highest priority waiting
1280:Middlewares/Third_Party/FreeRTOS/Source/queue.c **** 				task. */
1281:Middlewares/Third_Party/FreeRTOS/Source/queue.c **** 				if( listLIST_IS_EMPTY( &( pxQueue->xTasksWaitingToSend ) ) == pdFALSE )
1282:Middlewares/Third_Party/FreeRTOS/Source/queue.c **** 				{
1283:Middlewares/Third_Party/FreeRTOS/Source/queue.c **** 					if( xTaskRemoveFromEventList( &( pxQueue->xTasksWaitingToSend ) ) != pdFALSE )
1284:Middlewares/Third_Party/FreeRTOS/Source/queue.c **** 					{
ARM GAS  /tmp/cc8vE36X.s 			page 24


1285:Middlewares/Third_Party/FreeRTOS/Source/queue.c **** 						queueYIELD_IF_USING_PREEMPTION();
1286:Middlewares/Third_Party/FreeRTOS/Source/queue.c **** 					}
1287:Middlewares/Third_Party/FreeRTOS/Source/queue.c **** 					else
1288:Middlewares/Third_Party/FreeRTOS/Source/queue.c **** 					{
1289:Middlewares/Third_Party/FreeRTOS/Source/queue.c **** 						mtCOVERAGE_TEST_MARKER();
1290:Middlewares/Third_Party/FreeRTOS/Source/queue.c **** 					}
1291:Middlewares/Third_Party/FreeRTOS/Source/queue.c **** 				}
1292:Middlewares/Third_Party/FreeRTOS/Source/queue.c **** 				else
1293:Middlewares/Third_Party/FreeRTOS/Source/queue.c **** 				{
1294:Middlewares/Third_Party/FreeRTOS/Source/queue.c **** 					mtCOVERAGE_TEST_MARKER();
1295:Middlewares/Third_Party/FreeRTOS/Source/queue.c **** 				}
1296:Middlewares/Third_Party/FreeRTOS/Source/queue.c **** 
1297:Middlewares/Third_Party/FreeRTOS/Source/queue.c **** 				taskEXIT_CRITICAL();
1298:Middlewares/Third_Party/FreeRTOS/Source/queue.c **** 				return pdPASS;
1299:Middlewares/Third_Party/FreeRTOS/Source/queue.c **** 			}
1300:Middlewares/Third_Party/FreeRTOS/Source/queue.c **** 			else
1301:Middlewares/Third_Party/FreeRTOS/Source/queue.c **** 			{
1302:Middlewares/Third_Party/FreeRTOS/Source/queue.c **** 				if( xTicksToWait == ( TickType_t ) 0 )
1303:Middlewares/Third_Party/FreeRTOS/Source/queue.c **** 				{
1304:Middlewares/Third_Party/FreeRTOS/Source/queue.c **** 					/* The queue was empty and no block time is specified (or
1305:Middlewares/Third_Party/FreeRTOS/Source/queue.c **** 					the block time has expired) so leave now. */
1306:Middlewares/Third_Party/FreeRTOS/Source/queue.c **** 					taskEXIT_CRITICAL();
1307:Middlewares/Third_Party/FreeRTOS/Source/queue.c **** 					traceQUEUE_RECEIVE_FAILED( pxQueue );
1308:Middlewares/Third_Party/FreeRTOS/Source/queue.c **** 					return errQUEUE_EMPTY;
1309:Middlewares/Third_Party/FreeRTOS/Source/queue.c **** 				}
1310:Middlewares/Third_Party/FreeRTOS/Source/queue.c **** 				else if( xEntryTimeSet == pdFALSE )
1311:Middlewares/Third_Party/FreeRTOS/Source/queue.c **** 				{
1312:Middlewares/Third_Party/FreeRTOS/Source/queue.c **** 					/* The queue was empty and a block time was specified so
1313:Middlewares/Third_Party/FreeRTOS/Source/queue.c **** 					configure the timeout structure. */
1314:Middlewares/Third_Party/FreeRTOS/Source/queue.c **** 					vTaskInternalSetTimeOutState( &xTimeOut );
1315:Middlewares/Third_Party/FreeRTOS/Source/queue.c **** 					xEntryTimeSet = pdTRUE;
1316:Middlewares/Third_Party/FreeRTOS/Source/queue.c **** 				}
1317:Middlewares/Third_Party/FreeRTOS/Source/queue.c **** 				else
1318:Middlewares/Third_Party/FreeRTOS/Source/queue.c **** 				{
1319:Middlewares/Third_Party/FreeRTOS/Source/queue.c **** 					/* Entry time was already set. */
1320:Middlewares/Third_Party/FreeRTOS/Source/queue.c **** 					mtCOVERAGE_TEST_MARKER();
1321:Middlewares/Third_Party/FreeRTOS/Source/queue.c **** 				}
1322:Middlewares/Third_Party/FreeRTOS/Source/queue.c **** 			}
1323:Middlewares/Third_Party/FreeRTOS/Source/queue.c **** 		}
1324:Middlewares/Third_Party/FreeRTOS/Source/queue.c **** 		taskEXIT_CRITICAL();
1325:Middlewares/Third_Party/FreeRTOS/Source/queue.c **** 
1326:Middlewares/Third_Party/FreeRTOS/Source/queue.c **** 		/* Interrupts and other tasks can send to and receive from the queue
1327:Middlewares/Third_Party/FreeRTOS/Source/queue.c **** 		now the critical section has been exited. */
1328:Middlewares/Third_Party/FreeRTOS/Source/queue.c **** 
1329:Middlewares/Third_Party/FreeRTOS/Source/queue.c **** 		vTaskSuspendAll();
1330:Middlewares/Third_Party/FreeRTOS/Source/queue.c **** 		prvLockQueue( pxQueue );
1331:Middlewares/Third_Party/FreeRTOS/Source/queue.c **** 
1332:Middlewares/Third_Party/FreeRTOS/Source/queue.c **** 		/* Update the timeout state to see if it has expired yet. */
1333:Middlewares/Third_Party/FreeRTOS/Source/queue.c **** 		if( xTaskCheckForTimeOut( &xTimeOut, &xTicksToWait ) == pdFALSE )
1334:Middlewares/Third_Party/FreeRTOS/Source/queue.c **** 		{
1335:Middlewares/Third_Party/FreeRTOS/Source/queue.c **** 			/* The timeout has not expired.  If the queue is still empty place
1336:Middlewares/Third_Party/FreeRTOS/Source/queue.c **** 			the task on the list of tasks waiting to receive from the queue. */
1337:Middlewares/Third_Party/FreeRTOS/Source/queue.c **** 			if( prvIsQueueEmpty( pxQueue ) != pdFALSE )
1338:Middlewares/Third_Party/FreeRTOS/Source/queue.c **** 			{
1339:Middlewares/Third_Party/FreeRTOS/Source/queue.c **** 				traceBLOCKING_ON_QUEUE_RECEIVE( pxQueue );
1340:Middlewares/Third_Party/FreeRTOS/Source/queue.c **** 				vTaskPlaceOnEventList( &( pxQueue->xTasksWaitingToReceive ), xTicksToWait );
1341:Middlewares/Third_Party/FreeRTOS/Source/queue.c **** 				prvUnlockQueue( pxQueue );
ARM GAS  /tmp/cc8vE36X.s 			page 25


1342:Middlewares/Third_Party/FreeRTOS/Source/queue.c **** 				if( xTaskResumeAll() == pdFALSE )
1343:Middlewares/Third_Party/FreeRTOS/Source/queue.c **** 				{
1344:Middlewares/Third_Party/FreeRTOS/Source/queue.c **** 					portYIELD_WITHIN_API();
1345:Middlewares/Third_Party/FreeRTOS/Source/queue.c **** 				}
1346:Middlewares/Third_Party/FreeRTOS/Source/queue.c **** 				else
1347:Middlewares/Third_Party/FreeRTOS/Source/queue.c **** 				{
1348:Middlewares/Third_Party/FreeRTOS/Source/queue.c **** 					mtCOVERAGE_TEST_MARKER();
1349:Middlewares/Third_Party/FreeRTOS/Source/queue.c **** 				}
1350:Middlewares/Third_Party/FreeRTOS/Source/queue.c **** 			}
1351:Middlewares/Third_Party/FreeRTOS/Source/queue.c **** 			else
1352:Middlewares/Third_Party/FreeRTOS/Source/queue.c **** 			{
1353:Middlewares/Third_Party/FreeRTOS/Source/queue.c **** 				/* The queue contains data again.  Loop back to try and read the
1354:Middlewares/Third_Party/FreeRTOS/Source/queue.c **** 				data. */
1355:Middlewares/Third_Party/FreeRTOS/Source/queue.c **** 				prvUnlockQueue( pxQueue );
1356:Middlewares/Third_Party/FreeRTOS/Source/queue.c **** 				( void ) xTaskResumeAll();
1357:Middlewares/Third_Party/FreeRTOS/Source/queue.c **** 			}
1358:Middlewares/Third_Party/FreeRTOS/Source/queue.c **** 		}
1359:Middlewares/Third_Party/FreeRTOS/Source/queue.c **** 		else
1360:Middlewares/Third_Party/FreeRTOS/Source/queue.c **** 		{
1361:Middlewares/Third_Party/FreeRTOS/Source/queue.c **** 			/* Timed out.  If there is no data in the queue exit, otherwise loop
1362:Middlewares/Third_Party/FreeRTOS/Source/queue.c **** 			back and attempt to read the data. */
1363:Middlewares/Third_Party/FreeRTOS/Source/queue.c **** 			prvUnlockQueue( pxQueue );
1364:Middlewares/Third_Party/FreeRTOS/Source/queue.c **** 			( void ) xTaskResumeAll();
1365:Middlewares/Third_Party/FreeRTOS/Source/queue.c **** 
1366:Middlewares/Third_Party/FreeRTOS/Source/queue.c **** 			if( prvIsQueueEmpty( pxQueue ) != pdFALSE )
1367:Middlewares/Third_Party/FreeRTOS/Source/queue.c **** 			{
1368:Middlewares/Third_Party/FreeRTOS/Source/queue.c **** 				traceQUEUE_RECEIVE_FAILED( pxQueue );
1369:Middlewares/Third_Party/FreeRTOS/Source/queue.c **** 				return errQUEUE_EMPTY;
1370:Middlewares/Third_Party/FreeRTOS/Source/queue.c **** 			}
1371:Middlewares/Third_Party/FreeRTOS/Source/queue.c **** 			else
1372:Middlewares/Third_Party/FreeRTOS/Source/queue.c **** 			{
1373:Middlewares/Third_Party/FreeRTOS/Source/queue.c **** 				mtCOVERAGE_TEST_MARKER();
1374:Middlewares/Third_Party/FreeRTOS/Source/queue.c **** 			}
1375:Middlewares/Third_Party/FreeRTOS/Source/queue.c **** 		}
1376:Middlewares/Third_Party/FreeRTOS/Source/queue.c **** 	}
1377:Middlewares/Third_Party/FreeRTOS/Source/queue.c **** }
1378:Middlewares/Third_Party/FreeRTOS/Source/queue.c **** /*-----------------------------------------------------------*/
1379:Middlewares/Third_Party/FreeRTOS/Source/queue.c **** 
1380:Middlewares/Third_Party/FreeRTOS/Source/queue.c **** BaseType_t xQueueSemaphoreTake( QueueHandle_t xQueue, TickType_t xTicksToWait )
1381:Middlewares/Third_Party/FreeRTOS/Source/queue.c **** {
1382:Middlewares/Third_Party/FreeRTOS/Source/queue.c **** BaseType_t xEntryTimeSet = pdFALSE;
1383:Middlewares/Third_Party/FreeRTOS/Source/queue.c **** TimeOut_t xTimeOut;
1384:Middlewares/Third_Party/FreeRTOS/Source/queue.c **** Queue_t * const pxQueue = ( Queue_t * ) xQueue;
1385:Middlewares/Third_Party/FreeRTOS/Source/queue.c **** 
1386:Middlewares/Third_Party/FreeRTOS/Source/queue.c **** #if( configUSE_MUTEXES == 1 )
1387:Middlewares/Third_Party/FreeRTOS/Source/queue.c **** 	BaseType_t xInheritanceOccurred = pdFALSE;
1388:Middlewares/Third_Party/FreeRTOS/Source/queue.c **** #endif
1389:Middlewares/Third_Party/FreeRTOS/Source/queue.c **** 
1390:Middlewares/Third_Party/FreeRTOS/Source/queue.c **** 	/* Check the queue pointer is not NULL. */
1391:Middlewares/Third_Party/FreeRTOS/Source/queue.c **** 	configASSERT( ( pxQueue ) );
1392:Middlewares/Third_Party/FreeRTOS/Source/queue.c **** 
1393:Middlewares/Third_Party/FreeRTOS/Source/queue.c **** 	/* Check this really is a semaphore, in which case the item size will be
1394:Middlewares/Third_Party/FreeRTOS/Source/queue.c **** 	0. */
1395:Middlewares/Third_Party/FreeRTOS/Source/queue.c **** 	configASSERT( pxQueue->uxItemSize == 0 );
1396:Middlewares/Third_Party/FreeRTOS/Source/queue.c **** 
1397:Middlewares/Third_Party/FreeRTOS/Source/queue.c **** 	/* Cannot block if the scheduler is suspended. */
1398:Middlewares/Third_Party/FreeRTOS/Source/queue.c **** 	#if ( ( INCLUDE_xTaskGetSchedulerState == 1 ) || ( configUSE_TIMERS == 1 ) )
ARM GAS  /tmp/cc8vE36X.s 			page 26


1399:Middlewares/Third_Party/FreeRTOS/Source/queue.c **** 	{
1400:Middlewares/Third_Party/FreeRTOS/Source/queue.c **** 		configASSERT( !( ( xTaskGetSchedulerState() == taskSCHEDULER_SUSPENDED ) && ( xTicksToWait != 0 )
1401:Middlewares/Third_Party/FreeRTOS/Source/queue.c **** 	}
1402:Middlewares/Third_Party/FreeRTOS/Source/queue.c **** 	#endif
1403:Middlewares/Third_Party/FreeRTOS/Source/queue.c **** 
1404:Middlewares/Third_Party/FreeRTOS/Source/queue.c **** 
1405:Middlewares/Third_Party/FreeRTOS/Source/queue.c **** 	/* This function relaxes the coding standard somewhat to allow return
1406:Middlewares/Third_Party/FreeRTOS/Source/queue.c **** 	statements within the function itself.  This is done in the interest
1407:Middlewares/Third_Party/FreeRTOS/Source/queue.c **** 	of execution time efficiency. */
1408:Middlewares/Third_Party/FreeRTOS/Source/queue.c **** 
1409:Middlewares/Third_Party/FreeRTOS/Source/queue.c **** 	for( ;; )
1410:Middlewares/Third_Party/FreeRTOS/Source/queue.c **** 	{
1411:Middlewares/Third_Party/FreeRTOS/Source/queue.c **** 		taskENTER_CRITICAL();
1412:Middlewares/Third_Party/FreeRTOS/Source/queue.c **** 		{
1413:Middlewares/Third_Party/FreeRTOS/Source/queue.c **** 			/* Semaphores are queues with an item size of 0, and where the
1414:Middlewares/Third_Party/FreeRTOS/Source/queue.c **** 			number of messages in the queue is the semaphore's count value. */
1415:Middlewares/Third_Party/FreeRTOS/Source/queue.c **** 			const UBaseType_t uxSemaphoreCount = pxQueue->uxMessagesWaiting;
1416:Middlewares/Third_Party/FreeRTOS/Source/queue.c **** 
1417:Middlewares/Third_Party/FreeRTOS/Source/queue.c **** 			/* Is there data in the queue now?  To be running the calling task
1418:Middlewares/Third_Party/FreeRTOS/Source/queue.c **** 			must be the highest priority task wanting to access the queue. */
1419:Middlewares/Third_Party/FreeRTOS/Source/queue.c **** 			if( uxSemaphoreCount > ( UBaseType_t ) 0 )
1420:Middlewares/Third_Party/FreeRTOS/Source/queue.c **** 			{
1421:Middlewares/Third_Party/FreeRTOS/Source/queue.c **** 				traceQUEUE_RECEIVE( pxQueue );
1422:Middlewares/Third_Party/FreeRTOS/Source/queue.c **** 
1423:Middlewares/Third_Party/FreeRTOS/Source/queue.c **** 				/* Semaphores are queues with a data size of zero and where the
1424:Middlewares/Third_Party/FreeRTOS/Source/queue.c **** 				messages waiting is the semaphore's count.  Reduce the count. */
1425:Middlewares/Third_Party/FreeRTOS/Source/queue.c **** 				pxQueue->uxMessagesWaiting = uxSemaphoreCount - ( UBaseType_t ) 1;
1426:Middlewares/Third_Party/FreeRTOS/Source/queue.c **** 
1427:Middlewares/Third_Party/FreeRTOS/Source/queue.c **** 				#if ( configUSE_MUTEXES == 1 )
1428:Middlewares/Third_Party/FreeRTOS/Source/queue.c **** 				{
1429:Middlewares/Third_Party/FreeRTOS/Source/queue.c **** 					if( pxQueue->uxQueueType == queueQUEUE_IS_MUTEX )
1430:Middlewares/Third_Party/FreeRTOS/Source/queue.c **** 					{
1431:Middlewares/Third_Party/FreeRTOS/Source/queue.c **** 						/* Record the information required to implement
1432:Middlewares/Third_Party/FreeRTOS/Source/queue.c **** 						priority inheritance should it become necessary. */
1433:Middlewares/Third_Party/FreeRTOS/Source/queue.c **** 						pxQueue->pxMutexHolder = ( int8_t * ) pvTaskIncrementMutexHeldCount(); /*lint !e961 Cast is n
1434:Middlewares/Third_Party/FreeRTOS/Source/queue.c **** 					}
1435:Middlewares/Third_Party/FreeRTOS/Source/queue.c **** 					else
1436:Middlewares/Third_Party/FreeRTOS/Source/queue.c **** 					{
1437:Middlewares/Third_Party/FreeRTOS/Source/queue.c **** 						mtCOVERAGE_TEST_MARKER();
1438:Middlewares/Third_Party/FreeRTOS/Source/queue.c **** 					}
1439:Middlewares/Third_Party/FreeRTOS/Source/queue.c **** 				}
1440:Middlewares/Third_Party/FreeRTOS/Source/queue.c **** 				#endif /* configUSE_MUTEXES */
1441:Middlewares/Third_Party/FreeRTOS/Source/queue.c **** 
1442:Middlewares/Third_Party/FreeRTOS/Source/queue.c **** 				/* Check to see if other tasks are blocked waiting to give the
1443:Middlewares/Third_Party/FreeRTOS/Source/queue.c **** 				semaphore, and if so, unblock the highest priority such task. */
1444:Middlewares/Third_Party/FreeRTOS/Source/queue.c **** 				if( listLIST_IS_EMPTY( &( pxQueue->xTasksWaitingToSend ) ) == pdFALSE )
1445:Middlewares/Third_Party/FreeRTOS/Source/queue.c **** 				{
1446:Middlewares/Third_Party/FreeRTOS/Source/queue.c **** 					if( xTaskRemoveFromEventList( &( pxQueue->xTasksWaitingToSend ) ) != pdFALSE )
1447:Middlewares/Third_Party/FreeRTOS/Source/queue.c **** 					{
1448:Middlewares/Third_Party/FreeRTOS/Source/queue.c **** 						queueYIELD_IF_USING_PREEMPTION();
1449:Middlewares/Third_Party/FreeRTOS/Source/queue.c **** 					}
1450:Middlewares/Third_Party/FreeRTOS/Source/queue.c **** 					else
1451:Middlewares/Third_Party/FreeRTOS/Source/queue.c **** 					{
1452:Middlewares/Third_Party/FreeRTOS/Source/queue.c **** 						mtCOVERAGE_TEST_MARKER();
1453:Middlewares/Third_Party/FreeRTOS/Source/queue.c **** 					}
1454:Middlewares/Third_Party/FreeRTOS/Source/queue.c **** 				}
1455:Middlewares/Third_Party/FreeRTOS/Source/queue.c **** 				else
ARM GAS  /tmp/cc8vE36X.s 			page 27


1456:Middlewares/Third_Party/FreeRTOS/Source/queue.c **** 				{
1457:Middlewares/Third_Party/FreeRTOS/Source/queue.c **** 					mtCOVERAGE_TEST_MARKER();
1458:Middlewares/Third_Party/FreeRTOS/Source/queue.c **** 				}
1459:Middlewares/Third_Party/FreeRTOS/Source/queue.c **** 
1460:Middlewares/Third_Party/FreeRTOS/Source/queue.c **** 				taskEXIT_CRITICAL();
1461:Middlewares/Third_Party/FreeRTOS/Source/queue.c **** 				return pdPASS;
1462:Middlewares/Third_Party/FreeRTOS/Source/queue.c **** 			}
1463:Middlewares/Third_Party/FreeRTOS/Source/queue.c **** 			else
1464:Middlewares/Third_Party/FreeRTOS/Source/queue.c **** 			{
1465:Middlewares/Third_Party/FreeRTOS/Source/queue.c **** 				if( xTicksToWait == ( TickType_t ) 0 )
1466:Middlewares/Third_Party/FreeRTOS/Source/queue.c **** 				{
1467:Middlewares/Third_Party/FreeRTOS/Source/queue.c **** 					/* For inheritance to have occurred there must have been an
1468:Middlewares/Third_Party/FreeRTOS/Source/queue.c **** 					initial timeout, and an adjusted timeout cannot become 0, as
1469:Middlewares/Third_Party/FreeRTOS/Source/queue.c **** 					if it were 0 the function would have exited. */
1470:Middlewares/Third_Party/FreeRTOS/Source/queue.c **** 					#if( configUSE_MUTEXES == 1 )
1471:Middlewares/Third_Party/FreeRTOS/Source/queue.c **** 					{
1472:Middlewares/Third_Party/FreeRTOS/Source/queue.c **** 						configASSERT( xInheritanceOccurred == pdFALSE );
1473:Middlewares/Third_Party/FreeRTOS/Source/queue.c **** 					}
1474:Middlewares/Third_Party/FreeRTOS/Source/queue.c **** 					#endif /* configUSE_MUTEXES */
1475:Middlewares/Third_Party/FreeRTOS/Source/queue.c **** 
1476:Middlewares/Third_Party/FreeRTOS/Source/queue.c **** 					/* The semaphore count was 0 and no block time is specified
1477:Middlewares/Third_Party/FreeRTOS/Source/queue.c **** 					(or the block time has expired) so exit now. */
1478:Middlewares/Third_Party/FreeRTOS/Source/queue.c **** 					taskEXIT_CRITICAL();
1479:Middlewares/Third_Party/FreeRTOS/Source/queue.c **** 					traceQUEUE_RECEIVE_FAILED( pxQueue );
1480:Middlewares/Third_Party/FreeRTOS/Source/queue.c **** 					return errQUEUE_EMPTY;
1481:Middlewares/Third_Party/FreeRTOS/Source/queue.c **** 				}
1482:Middlewares/Third_Party/FreeRTOS/Source/queue.c **** 				else if( xEntryTimeSet == pdFALSE )
1483:Middlewares/Third_Party/FreeRTOS/Source/queue.c **** 				{
1484:Middlewares/Third_Party/FreeRTOS/Source/queue.c **** 					/* The semaphore count was 0 and a block time was specified
1485:Middlewares/Third_Party/FreeRTOS/Source/queue.c **** 					so configure the timeout structure ready to block. */
1486:Middlewares/Third_Party/FreeRTOS/Source/queue.c **** 					vTaskInternalSetTimeOutState( &xTimeOut );
1487:Middlewares/Third_Party/FreeRTOS/Source/queue.c **** 					xEntryTimeSet = pdTRUE;
1488:Middlewares/Third_Party/FreeRTOS/Source/queue.c **** 				}
1489:Middlewares/Third_Party/FreeRTOS/Source/queue.c **** 				else
1490:Middlewares/Third_Party/FreeRTOS/Source/queue.c **** 				{
1491:Middlewares/Third_Party/FreeRTOS/Source/queue.c **** 					/* Entry time was already set. */
1492:Middlewares/Third_Party/FreeRTOS/Source/queue.c **** 					mtCOVERAGE_TEST_MARKER();
1493:Middlewares/Third_Party/FreeRTOS/Source/queue.c **** 				}
1494:Middlewares/Third_Party/FreeRTOS/Source/queue.c **** 			}
1495:Middlewares/Third_Party/FreeRTOS/Source/queue.c **** 		}
1496:Middlewares/Third_Party/FreeRTOS/Source/queue.c **** 		taskEXIT_CRITICAL();
1497:Middlewares/Third_Party/FreeRTOS/Source/queue.c **** 
1498:Middlewares/Third_Party/FreeRTOS/Source/queue.c **** 		/* Interrupts and other tasks can give to and take from the semaphore
1499:Middlewares/Third_Party/FreeRTOS/Source/queue.c **** 		now the critical section has been exited. */
1500:Middlewares/Third_Party/FreeRTOS/Source/queue.c **** 
1501:Middlewares/Third_Party/FreeRTOS/Source/queue.c **** 		vTaskSuspendAll();
1502:Middlewares/Third_Party/FreeRTOS/Source/queue.c **** 		prvLockQueue( pxQueue );
1503:Middlewares/Third_Party/FreeRTOS/Source/queue.c **** 
1504:Middlewares/Third_Party/FreeRTOS/Source/queue.c **** 		/* Update the timeout state to see if it has expired yet. */
1505:Middlewares/Third_Party/FreeRTOS/Source/queue.c **** 		if( xTaskCheckForTimeOut( &xTimeOut, &xTicksToWait ) == pdFALSE )
1506:Middlewares/Third_Party/FreeRTOS/Source/queue.c **** 		{
1507:Middlewares/Third_Party/FreeRTOS/Source/queue.c **** 			/* A block time is specified and not expired.  If the semaphore
1508:Middlewares/Third_Party/FreeRTOS/Source/queue.c **** 			count is 0 then enter the Blocked state to wait for a semaphore to
1509:Middlewares/Third_Party/FreeRTOS/Source/queue.c **** 			become available.  As semaphores are implemented with queues the
1510:Middlewares/Third_Party/FreeRTOS/Source/queue.c **** 			queue being empty is equivalent to the semaphore count being 0. */
1511:Middlewares/Third_Party/FreeRTOS/Source/queue.c **** 			if( prvIsQueueEmpty( pxQueue ) != pdFALSE )
1512:Middlewares/Third_Party/FreeRTOS/Source/queue.c **** 			{
ARM GAS  /tmp/cc8vE36X.s 			page 28


1513:Middlewares/Third_Party/FreeRTOS/Source/queue.c **** 				traceBLOCKING_ON_QUEUE_RECEIVE( pxQueue );
1514:Middlewares/Third_Party/FreeRTOS/Source/queue.c **** 
1515:Middlewares/Third_Party/FreeRTOS/Source/queue.c **** 				#if ( configUSE_MUTEXES == 1 )
1516:Middlewares/Third_Party/FreeRTOS/Source/queue.c **** 				{
1517:Middlewares/Third_Party/FreeRTOS/Source/queue.c **** 					if( pxQueue->uxQueueType == queueQUEUE_IS_MUTEX )
1518:Middlewares/Third_Party/FreeRTOS/Source/queue.c **** 					{
1519:Middlewares/Third_Party/FreeRTOS/Source/queue.c **** 						taskENTER_CRITICAL();
1520:Middlewares/Third_Party/FreeRTOS/Source/queue.c **** 						{
1521:Middlewares/Third_Party/FreeRTOS/Source/queue.c **** 							xInheritanceOccurred = xTaskPriorityInherit( ( void * ) pxQueue->pxMutexHolder );
1522:Middlewares/Third_Party/FreeRTOS/Source/queue.c **** 						}
1523:Middlewares/Third_Party/FreeRTOS/Source/queue.c **** 						taskEXIT_CRITICAL();
1524:Middlewares/Third_Party/FreeRTOS/Source/queue.c **** 					}
1525:Middlewares/Third_Party/FreeRTOS/Source/queue.c **** 					else
1526:Middlewares/Third_Party/FreeRTOS/Source/queue.c **** 					{
1527:Middlewares/Third_Party/FreeRTOS/Source/queue.c **** 						mtCOVERAGE_TEST_MARKER();
1528:Middlewares/Third_Party/FreeRTOS/Source/queue.c **** 					}
1529:Middlewares/Third_Party/FreeRTOS/Source/queue.c **** 				}
1530:Middlewares/Third_Party/FreeRTOS/Source/queue.c **** 				#endif
1531:Middlewares/Third_Party/FreeRTOS/Source/queue.c **** 
1532:Middlewares/Third_Party/FreeRTOS/Source/queue.c **** 				vTaskPlaceOnEventList( &( pxQueue->xTasksWaitingToReceive ), xTicksToWait );
1533:Middlewares/Third_Party/FreeRTOS/Source/queue.c **** 				prvUnlockQueue( pxQueue );
1534:Middlewares/Third_Party/FreeRTOS/Source/queue.c **** 				if( xTaskResumeAll() == pdFALSE )
1535:Middlewares/Third_Party/FreeRTOS/Source/queue.c **** 				{
1536:Middlewares/Third_Party/FreeRTOS/Source/queue.c **** 					portYIELD_WITHIN_API();
1537:Middlewares/Third_Party/FreeRTOS/Source/queue.c **** 				}
1538:Middlewares/Third_Party/FreeRTOS/Source/queue.c **** 				else
1539:Middlewares/Third_Party/FreeRTOS/Source/queue.c **** 				{
1540:Middlewares/Third_Party/FreeRTOS/Source/queue.c **** 					mtCOVERAGE_TEST_MARKER();
1541:Middlewares/Third_Party/FreeRTOS/Source/queue.c **** 				}
1542:Middlewares/Third_Party/FreeRTOS/Source/queue.c **** 			}
1543:Middlewares/Third_Party/FreeRTOS/Source/queue.c **** 			else
1544:Middlewares/Third_Party/FreeRTOS/Source/queue.c **** 			{
1545:Middlewares/Third_Party/FreeRTOS/Source/queue.c **** 				/* There was no timeout and the semaphore count was not 0, so
1546:Middlewares/Third_Party/FreeRTOS/Source/queue.c **** 				attempt to take the semaphore again. */
1547:Middlewares/Third_Party/FreeRTOS/Source/queue.c **** 				prvUnlockQueue( pxQueue );
1548:Middlewares/Third_Party/FreeRTOS/Source/queue.c **** 				( void ) xTaskResumeAll();
1549:Middlewares/Third_Party/FreeRTOS/Source/queue.c **** 			}
1550:Middlewares/Third_Party/FreeRTOS/Source/queue.c **** 		}
1551:Middlewares/Third_Party/FreeRTOS/Source/queue.c **** 		else
1552:Middlewares/Third_Party/FreeRTOS/Source/queue.c **** 		{
1553:Middlewares/Third_Party/FreeRTOS/Source/queue.c **** 			/* Timed out. */
1554:Middlewares/Third_Party/FreeRTOS/Source/queue.c **** 			prvUnlockQueue( pxQueue );
1555:Middlewares/Third_Party/FreeRTOS/Source/queue.c **** 			( void ) xTaskResumeAll();
1556:Middlewares/Third_Party/FreeRTOS/Source/queue.c **** 
1557:Middlewares/Third_Party/FreeRTOS/Source/queue.c **** 			/* If the semaphore count is 0 exit now as the timeout has
1558:Middlewares/Third_Party/FreeRTOS/Source/queue.c **** 			expired.  Otherwise return to attempt to take the semaphore that is
1559:Middlewares/Third_Party/FreeRTOS/Source/queue.c **** 			known to be available.  As semaphores are implemented by queues the
1560:Middlewares/Third_Party/FreeRTOS/Source/queue.c **** 			queue being empty is equivalent to the semaphore count being 0. */
1561:Middlewares/Third_Party/FreeRTOS/Source/queue.c **** 			if( prvIsQueueEmpty( pxQueue ) != pdFALSE )
1562:Middlewares/Third_Party/FreeRTOS/Source/queue.c **** 			{
1563:Middlewares/Third_Party/FreeRTOS/Source/queue.c **** 				#if ( configUSE_MUTEXES == 1 )
1564:Middlewares/Third_Party/FreeRTOS/Source/queue.c **** 				{
1565:Middlewares/Third_Party/FreeRTOS/Source/queue.c **** 					/* xInheritanceOccurred could only have be set if
1566:Middlewares/Third_Party/FreeRTOS/Source/queue.c **** 					pxQueue->uxQueueType == queueQUEUE_IS_MUTEX so no need to
1567:Middlewares/Third_Party/FreeRTOS/Source/queue.c **** 					test the mutex type again to check it is actually a mutex. */
1568:Middlewares/Third_Party/FreeRTOS/Source/queue.c **** 					if( xInheritanceOccurred != pdFALSE )
1569:Middlewares/Third_Party/FreeRTOS/Source/queue.c **** 					{
ARM GAS  /tmp/cc8vE36X.s 			page 29


1570:Middlewares/Third_Party/FreeRTOS/Source/queue.c **** 						taskENTER_CRITICAL();
1571:Middlewares/Third_Party/FreeRTOS/Source/queue.c **** 						{
1572:Middlewares/Third_Party/FreeRTOS/Source/queue.c **** 							UBaseType_t uxHighestWaitingPriority;
1573:Middlewares/Third_Party/FreeRTOS/Source/queue.c **** 
1574:Middlewares/Third_Party/FreeRTOS/Source/queue.c **** 							/* This task blocking on the mutex caused another
1575:Middlewares/Third_Party/FreeRTOS/Source/queue.c **** 							task to inherit this task's priority.  Now this task
1576:Middlewares/Third_Party/FreeRTOS/Source/queue.c **** 							has timed out the priority should be disinherited
1577:Middlewares/Third_Party/FreeRTOS/Source/queue.c **** 							again, but only as low as the next highest priority
1578:Middlewares/Third_Party/FreeRTOS/Source/queue.c **** 							task that is waiting for the same mutex. */
1579:Middlewares/Third_Party/FreeRTOS/Source/queue.c **** 							uxHighestWaitingPriority = prvGetDisinheritPriorityAfterTimeout( pxQueue );
1580:Middlewares/Third_Party/FreeRTOS/Source/queue.c **** 							vTaskPriorityDisinheritAfterTimeout( ( void * ) pxQueue->pxMutexHolder, uxHighestWaitingPrio
1581:Middlewares/Third_Party/FreeRTOS/Source/queue.c **** 						}
1582:Middlewares/Third_Party/FreeRTOS/Source/queue.c **** 						taskEXIT_CRITICAL();
1583:Middlewares/Third_Party/FreeRTOS/Source/queue.c **** 					}
1584:Middlewares/Third_Party/FreeRTOS/Source/queue.c **** 				}
1585:Middlewares/Third_Party/FreeRTOS/Source/queue.c **** 				#endif /* configUSE_MUTEXES */
1586:Middlewares/Third_Party/FreeRTOS/Source/queue.c **** 
1587:Middlewares/Third_Party/FreeRTOS/Source/queue.c **** 				traceQUEUE_RECEIVE_FAILED( pxQueue );
1588:Middlewares/Third_Party/FreeRTOS/Source/queue.c **** 				return errQUEUE_EMPTY;
1589:Middlewares/Third_Party/FreeRTOS/Source/queue.c **** 			}
1590:Middlewares/Third_Party/FreeRTOS/Source/queue.c **** 			else
1591:Middlewares/Third_Party/FreeRTOS/Source/queue.c **** 			{
1592:Middlewares/Third_Party/FreeRTOS/Source/queue.c **** 				mtCOVERAGE_TEST_MARKER();
1593:Middlewares/Third_Party/FreeRTOS/Source/queue.c **** 			}
1594:Middlewares/Third_Party/FreeRTOS/Source/queue.c **** 		}
1595:Middlewares/Third_Party/FreeRTOS/Source/queue.c **** 	}
1596:Middlewares/Third_Party/FreeRTOS/Source/queue.c **** }
1597:Middlewares/Third_Party/FreeRTOS/Source/queue.c **** /*-----------------------------------------------------------*/
1598:Middlewares/Third_Party/FreeRTOS/Source/queue.c **** 
1599:Middlewares/Third_Party/FreeRTOS/Source/queue.c **** BaseType_t xQueuePeek( QueueHandle_t xQueue, void * const pvBuffer, TickType_t xTicksToWait )
1600:Middlewares/Third_Party/FreeRTOS/Source/queue.c **** {
1601:Middlewares/Third_Party/FreeRTOS/Source/queue.c **** BaseType_t xEntryTimeSet = pdFALSE;
1602:Middlewares/Third_Party/FreeRTOS/Source/queue.c **** TimeOut_t xTimeOut;
1603:Middlewares/Third_Party/FreeRTOS/Source/queue.c **** int8_t *pcOriginalReadPosition;
1604:Middlewares/Third_Party/FreeRTOS/Source/queue.c **** Queue_t * const pxQueue = ( Queue_t * ) xQueue;
1605:Middlewares/Third_Party/FreeRTOS/Source/queue.c **** 
1606:Middlewares/Third_Party/FreeRTOS/Source/queue.c **** 	/* Check the pointer is not NULL. */
1607:Middlewares/Third_Party/FreeRTOS/Source/queue.c **** 	configASSERT( ( pxQueue ) );
1608:Middlewares/Third_Party/FreeRTOS/Source/queue.c **** 
1609:Middlewares/Third_Party/FreeRTOS/Source/queue.c **** 	/* The buffer into which data is received can only be NULL if the data size
1610:Middlewares/Third_Party/FreeRTOS/Source/queue.c **** 	is zero (so no data is copied into the buffer. */
1611:Middlewares/Third_Party/FreeRTOS/Source/queue.c **** 	configASSERT( !( ( ( pvBuffer ) == NULL ) && ( ( pxQueue )->uxItemSize != ( UBaseType_t ) 0U ) ) )
1612:Middlewares/Third_Party/FreeRTOS/Source/queue.c **** 
1613:Middlewares/Third_Party/FreeRTOS/Source/queue.c **** 	/* Cannot block if the scheduler is suspended. */
1614:Middlewares/Third_Party/FreeRTOS/Source/queue.c **** 	#if ( ( INCLUDE_xTaskGetSchedulerState == 1 ) || ( configUSE_TIMERS == 1 ) )
1615:Middlewares/Third_Party/FreeRTOS/Source/queue.c **** 	{
1616:Middlewares/Third_Party/FreeRTOS/Source/queue.c **** 		configASSERT( !( ( xTaskGetSchedulerState() == taskSCHEDULER_SUSPENDED ) && ( xTicksToWait != 0 )
1617:Middlewares/Third_Party/FreeRTOS/Source/queue.c **** 	}
1618:Middlewares/Third_Party/FreeRTOS/Source/queue.c **** 	#endif
1619:Middlewares/Third_Party/FreeRTOS/Source/queue.c **** 
1620:Middlewares/Third_Party/FreeRTOS/Source/queue.c **** 
1621:Middlewares/Third_Party/FreeRTOS/Source/queue.c **** 	/* This function relaxes the coding standard somewhat to allow return
1622:Middlewares/Third_Party/FreeRTOS/Source/queue.c **** 	statements within the function itself.  This is done in the interest
1623:Middlewares/Third_Party/FreeRTOS/Source/queue.c **** 	of execution time efficiency. */
1624:Middlewares/Third_Party/FreeRTOS/Source/queue.c **** 
1625:Middlewares/Third_Party/FreeRTOS/Source/queue.c **** 	for( ;; )
1626:Middlewares/Third_Party/FreeRTOS/Source/queue.c **** 	{
ARM GAS  /tmp/cc8vE36X.s 			page 30


1627:Middlewares/Third_Party/FreeRTOS/Source/queue.c **** 		taskENTER_CRITICAL();
1628:Middlewares/Third_Party/FreeRTOS/Source/queue.c **** 		{
1629:Middlewares/Third_Party/FreeRTOS/Source/queue.c **** 			const UBaseType_t uxMessagesWaiting = pxQueue->uxMessagesWaiting;
1630:Middlewares/Third_Party/FreeRTOS/Source/queue.c **** 
1631:Middlewares/Third_Party/FreeRTOS/Source/queue.c **** 			/* Is there data in the queue now?  To be running the calling task
1632:Middlewares/Third_Party/FreeRTOS/Source/queue.c **** 			must be the highest priority task wanting to access the queue. */
1633:Middlewares/Third_Party/FreeRTOS/Source/queue.c **** 			if( uxMessagesWaiting > ( UBaseType_t ) 0 )
1634:Middlewares/Third_Party/FreeRTOS/Source/queue.c **** 			{
1635:Middlewares/Third_Party/FreeRTOS/Source/queue.c **** 				/* Remember the read position so it can be reset after the data
1636:Middlewares/Third_Party/FreeRTOS/Source/queue.c **** 				is read from the queue as this function is only peeking the
1637:Middlewares/Third_Party/FreeRTOS/Source/queue.c **** 				data, not removing it. */
1638:Middlewares/Third_Party/FreeRTOS/Source/queue.c **** 				pcOriginalReadPosition = pxQueue->u.pcReadFrom;
1639:Middlewares/Third_Party/FreeRTOS/Source/queue.c **** 
1640:Middlewares/Third_Party/FreeRTOS/Source/queue.c **** 				prvCopyDataFromQueue( pxQueue, pvBuffer );
1641:Middlewares/Third_Party/FreeRTOS/Source/queue.c **** 				traceQUEUE_PEEK( pxQueue );
1642:Middlewares/Third_Party/FreeRTOS/Source/queue.c **** 
1643:Middlewares/Third_Party/FreeRTOS/Source/queue.c **** 				/* The data is not being removed, so reset the read pointer. */
1644:Middlewares/Third_Party/FreeRTOS/Source/queue.c **** 				pxQueue->u.pcReadFrom = pcOriginalReadPosition;
1645:Middlewares/Third_Party/FreeRTOS/Source/queue.c **** 
1646:Middlewares/Third_Party/FreeRTOS/Source/queue.c **** 				/* The data is being left in the queue, so see if there are
1647:Middlewares/Third_Party/FreeRTOS/Source/queue.c **** 				any other tasks waiting for the data. */
1648:Middlewares/Third_Party/FreeRTOS/Source/queue.c **** 				if( listLIST_IS_EMPTY( &( pxQueue->xTasksWaitingToReceive ) ) == pdFALSE )
1649:Middlewares/Third_Party/FreeRTOS/Source/queue.c **** 				{
1650:Middlewares/Third_Party/FreeRTOS/Source/queue.c **** 					if( xTaskRemoveFromEventList( &( pxQueue->xTasksWaitingToReceive ) ) != pdFALSE )
1651:Middlewares/Third_Party/FreeRTOS/Source/queue.c **** 					{
1652:Middlewares/Third_Party/FreeRTOS/Source/queue.c **** 						/* The task waiting has a higher priority than this task. */
1653:Middlewares/Third_Party/FreeRTOS/Source/queue.c **** 						queueYIELD_IF_USING_PREEMPTION();
1654:Middlewares/Third_Party/FreeRTOS/Source/queue.c **** 					}
1655:Middlewares/Third_Party/FreeRTOS/Source/queue.c **** 					else
1656:Middlewares/Third_Party/FreeRTOS/Source/queue.c **** 					{
1657:Middlewares/Third_Party/FreeRTOS/Source/queue.c **** 						mtCOVERAGE_TEST_MARKER();
1658:Middlewares/Third_Party/FreeRTOS/Source/queue.c **** 					}
1659:Middlewares/Third_Party/FreeRTOS/Source/queue.c **** 				}
1660:Middlewares/Third_Party/FreeRTOS/Source/queue.c **** 				else
1661:Middlewares/Third_Party/FreeRTOS/Source/queue.c **** 				{
1662:Middlewares/Third_Party/FreeRTOS/Source/queue.c **** 					mtCOVERAGE_TEST_MARKER();
1663:Middlewares/Third_Party/FreeRTOS/Source/queue.c **** 				}
1664:Middlewares/Third_Party/FreeRTOS/Source/queue.c **** 
1665:Middlewares/Third_Party/FreeRTOS/Source/queue.c **** 				taskEXIT_CRITICAL();
1666:Middlewares/Third_Party/FreeRTOS/Source/queue.c **** 				return pdPASS;
1667:Middlewares/Third_Party/FreeRTOS/Source/queue.c **** 			}
1668:Middlewares/Third_Party/FreeRTOS/Source/queue.c **** 			else
1669:Middlewares/Third_Party/FreeRTOS/Source/queue.c **** 			{
1670:Middlewares/Third_Party/FreeRTOS/Source/queue.c **** 				if( xTicksToWait == ( TickType_t ) 0 )
1671:Middlewares/Third_Party/FreeRTOS/Source/queue.c **** 				{
1672:Middlewares/Third_Party/FreeRTOS/Source/queue.c **** 					/* The queue was empty and no block time is specified (or
1673:Middlewares/Third_Party/FreeRTOS/Source/queue.c **** 					the block time has expired) so leave now. */
1674:Middlewares/Third_Party/FreeRTOS/Source/queue.c **** 					taskEXIT_CRITICAL();
1675:Middlewares/Third_Party/FreeRTOS/Source/queue.c **** 					traceQUEUE_PEEK_FAILED( pxQueue );
1676:Middlewares/Third_Party/FreeRTOS/Source/queue.c **** 					return errQUEUE_EMPTY;
1677:Middlewares/Third_Party/FreeRTOS/Source/queue.c **** 				}
1678:Middlewares/Third_Party/FreeRTOS/Source/queue.c **** 				else if( xEntryTimeSet == pdFALSE )
1679:Middlewares/Third_Party/FreeRTOS/Source/queue.c **** 				{
1680:Middlewares/Third_Party/FreeRTOS/Source/queue.c **** 					/* The queue was empty and a block time was specified so
1681:Middlewares/Third_Party/FreeRTOS/Source/queue.c **** 					configure the timeout structure ready to enter the blocked
1682:Middlewares/Third_Party/FreeRTOS/Source/queue.c **** 					state. */
1683:Middlewares/Third_Party/FreeRTOS/Source/queue.c **** 					vTaskInternalSetTimeOutState( &xTimeOut );
ARM GAS  /tmp/cc8vE36X.s 			page 31


1684:Middlewares/Third_Party/FreeRTOS/Source/queue.c **** 					xEntryTimeSet = pdTRUE;
1685:Middlewares/Third_Party/FreeRTOS/Source/queue.c **** 				}
1686:Middlewares/Third_Party/FreeRTOS/Source/queue.c **** 				else
1687:Middlewares/Third_Party/FreeRTOS/Source/queue.c **** 				{
1688:Middlewares/Third_Party/FreeRTOS/Source/queue.c **** 					/* Entry time was already set. */
1689:Middlewares/Third_Party/FreeRTOS/Source/queue.c **** 					mtCOVERAGE_TEST_MARKER();
1690:Middlewares/Third_Party/FreeRTOS/Source/queue.c **** 				}
1691:Middlewares/Third_Party/FreeRTOS/Source/queue.c **** 			}
1692:Middlewares/Third_Party/FreeRTOS/Source/queue.c **** 		}
1693:Middlewares/Third_Party/FreeRTOS/Source/queue.c **** 		taskEXIT_CRITICAL();
1694:Middlewares/Third_Party/FreeRTOS/Source/queue.c **** 
1695:Middlewares/Third_Party/FreeRTOS/Source/queue.c **** 		/* Interrupts and other tasks can send to and receive from the queue
1696:Middlewares/Third_Party/FreeRTOS/Source/queue.c **** 		now the critical section has been exited. */
1697:Middlewares/Third_Party/FreeRTOS/Source/queue.c **** 
1698:Middlewares/Third_Party/FreeRTOS/Source/queue.c **** 		vTaskSuspendAll();
1699:Middlewares/Third_Party/FreeRTOS/Source/queue.c **** 		prvLockQueue( pxQueue );
1700:Middlewares/Third_Party/FreeRTOS/Source/queue.c **** 
1701:Middlewares/Third_Party/FreeRTOS/Source/queue.c **** 		/* Update the timeout state to see if it has expired yet. */
1702:Middlewares/Third_Party/FreeRTOS/Source/queue.c **** 		if( xTaskCheckForTimeOut( &xTimeOut, &xTicksToWait ) == pdFALSE )
1703:Middlewares/Third_Party/FreeRTOS/Source/queue.c **** 		{
1704:Middlewares/Third_Party/FreeRTOS/Source/queue.c **** 			/* Timeout has not expired yet, check to see if there is data in the
1705:Middlewares/Third_Party/FreeRTOS/Source/queue.c **** 			queue now, and if not enter the Blocked state to wait for data. */
1706:Middlewares/Third_Party/FreeRTOS/Source/queue.c **** 			if( prvIsQueueEmpty( pxQueue ) != pdFALSE )
1707:Middlewares/Third_Party/FreeRTOS/Source/queue.c **** 			{
1708:Middlewares/Third_Party/FreeRTOS/Source/queue.c **** 				traceBLOCKING_ON_QUEUE_PEEK( pxQueue );
1709:Middlewares/Third_Party/FreeRTOS/Source/queue.c **** 				vTaskPlaceOnEventList( &( pxQueue->xTasksWaitingToReceive ), xTicksToWait );
1710:Middlewares/Third_Party/FreeRTOS/Source/queue.c **** 				prvUnlockQueue( pxQueue );
1711:Middlewares/Third_Party/FreeRTOS/Source/queue.c **** 				if( xTaskResumeAll() == pdFALSE )
1712:Middlewares/Third_Party/FreeRTOS/Source/queue.c **** 				{
1713:Middlewares/Third_Party/FreeRTOS/Source/queue.c **** 					portYIELD_WITHIN_API();
1714:Middlewares/Third_Party/FreeRTOS/Source/queue.c **** 				}
1715:Middlewares/Third_Party/FreeRTOS/Source/queue.c **** 				else
1716:Middlewares/Third_Party/FreeRTOS/Source/queue.c **** 				{
1717:Middlewares/Third_Party/FreeRTOS/Source/queue.c **** 					mtCOVERAGE_TEST_MARKER();
1718:Middlewares/Third_Party/FreeRTOS/Source/queue.c **** 				}
1719:Middlewares/Third_Party/FreeRTOS/Source/queue.c **** 			}
1720:Middlewares/Third_Party/FreeRTOS/Source/queue.c **** 			else
1721:Middlewares/Third_Party/FreeRTOS/Source/queue.c **** 			{
1722:Middlewares/Third_Party/FreeRTOS/Source/queue.c **** 				/* There is data in the queue now, so don't enter the blocked
1723:Middlewares/Third_Party/FreeRTOS/Source/queue.c **** 				state, instead return to try and obtain the data. */
1724:Middlewares/Third_Party/FreeRTOS/Source/queue.c **** 				prvUnlockQueue( pxQueue );
1725:Middlewares/Third_Party/FreeRTOS/Source/queue.c **** 				( void ) xTaskResumeAll();
1726:Middlewares/Third_Party/FreeRTOS/Source/queue.c **** 			}
1727:Middlewares/Third_Party/FreeRTOS/Source/queue.c **** 		}
1728:Middlewares/Third_Party/FreeRTOS/Source/queue.c **** 		else
1729:Middlewares/Third_Party/FreeRTOS/Source/queue.c **** 		{
1730:Middlewares/Third_Party/FreeRTOS/Source/queue.c **** 			/* The timeout has expired.  If there is still no data in the queue
1731:Middlewares/Third_Party/FreeRTOS/Source/queue.c **** 			exit, otherwise go back and try to read the data again. */
1732:Middlewares/Third_Party/FreeRTOS/Source/queue.c **** 			prvUnlockQueue( pxQueue );
1733:Middlewares/Third_Party/FreeRTOS/Source/queue.c **** 			( void ) xTaskResumeAll();
1734:Middlewares/Third_Party/FreeRTOS/Source/queue.c **** 
1735:Middlewares/Third_Party/FreeRTOS/Source/queue.c **** 			if( prvIsQueueEmpty( pxQueue ) != pdFALSE )
1736:Middlewares/Third_Party/FreeRTOS/Source/queue.c **** 			{
1737:Middlewares/Third_Party/FreeRTOS/Source/queue.c **** 				traceQUEUE_PEEK_FAILED( pxQueue );
1738:Middlewares/Third_Party/FreeRTOS/Source/queue.c **** 				return errQUEUE_EMPTY;
1739:Middlewares/Third_Party/FreeRTOS/Source/queue.c **** 			}
1740:Middlewares/Third_Party/FreeRTOS/Source/queue.c **** 			else
ARM GAS  /tmp/cc8vE36X.s 			page 32


1741:Middlewares/Third_Party/FreeRTOS/Source/queue.c **** 			{
1742:Middlewares/Third_Party/FreeRTOS/Source/queue.c **** 				mtCOVERAGE_TEST_MARKER();
1743:Middlewares/Third_Party/FreeRTOS/Source/queue.c **** 			}
1744:Middlewares/Third_Party/FreeRTOS/Source/queue.c **** 		}
1745:Middlewares/Third_Party/FreeRTOS/Source/queue.c **** 	}
1746:Middlewares/Third_Party/FreeRTOS/Source/queue.c **** }
1747:Middlewares/Third_Party/FreeRTOS/Source/queue.c **** /*-----------------------------------------------------------*/
1748:Middlewares/Third_Party/FreeRTOS/Source/queue.c **** 
1749:Middlewares/Third_Party/FreeRTOS/Source/queue.c **** BaseType_t xQueueReceiveFromISR( QueueHandle_t xQueue, void * const pvBuffer, BaseType_t * const px
1750:Middlewares/Third_Party/FreeRTOS/Source/queue.c **** {
1751:Middlewares/Third_Party/FreeRTOS/Source/queue.c **** BaseType_t xReturn;
1752:Middlewares/Third_Party/FreeRTOS/Source/queue.c **** UBaseType_t uxSavedInterruptStatus;
1753:Middlewares/Third_Party/FreeRTOS/Source/queue.c **** Queue_t * const pxQueue = ( Queue_t * ) xQueue;
1754:Middlewares/Third_Party/FreeRTOS/Source/queue.c **** 
1755:Middlewares/Third_Party/FreeRTOS/Source/queue.c **** 	configASSERT( pxQueue );
1756:Middlewares/Third_Party/FreeRTOS/Source/queue.c **** 	configASSERT( !( ( pvBuffer == NULL ) && ( pxQueue->uxItemSize != ( UBaseType_t ) 0U ) ) );
1757:Middlewares/Third_Party/FreeRTOS/Source/queue.c **** 
1758:Middlewares/Third_Party/FreeRTOS/Source/queue.c **** 	/* RTOS ports that support interrupt nesting have the concept of a maximum
1759:Middlewares/Third_Party/FreeRTOS/Source/queue.c **** 	system call (or maximum API call) interrupt priority.  Interrupts that are
1760:Middlewares/Third_Party/FreeRTOS/Source/queue.c **** 	above the maximum system call priority are kept permanently enabled, even
1761:Middlewares/Third_Party/FreeRTOS/Source/queue.c **** 	when the RTOS kernel is in a critical section, but cannot make any calls to
1762:Middlewares/Third_Party/FreeRTOS/Source/queue.c **** 	FreeRTOS API functions.  If configASSERT() is defined in FreeRTOSConfig.h
1763:Middlewares/Third_Party/FreeRTOS/Source/queue.c **** 	then portASSERT_IF_INTERRUPT_PRIORITY_INVALID() will result in an assertion
1764:Middlewares/Third_Party/FreeRTOS/Source/queue.c **** 	failure if a FreeRTOS API function is called from an interrupt that has been
1765:Middlewares/Third_Party/FreeRTOS/Source/queue.c **** 	assigned a priority above the configured maximum system call priority.
1766:Middlewares/Third_Party/FreeRTOS/Source/queue.c **** 	Only FreeRTOS functions that end in FromISR can be called from interrupts
1767:Middlewares/Third_Party/FreeRTOS/Source/queue.c **** 	that have been assigned a priority at or (logically) below the maximum
1768:Middlewares/Third_Party/FreeRTOS/Source/queue.c **** 	system call	interrupt priority.  FreeRTOS maintains a separate interrupt
1769:Middlewares/Third_Party/FreeRTOS/Source/queue.c **** 	safe API to ensure interrupt entry is as fast and as simple as possible.
1770:Middlewares/Third_Party/FreeRTOS/Source/queue.c **** 	More information (albeit Cortex-M specific) is provided on the following
1771:Middlewares/Third_Party/FreeRTOS/Source/queue.c **** 	link: http://www.freertos.org/RTOS-Cortex-M3-M4.html */
1772:Middlewares/Third_Party/FreeRTOS/Source/queue.c **** 	portASSERT_IF_INTERRUPT_PRIORITY_INVALID();
1773:Middlewares/Third_Party/FreeRTOS/Source/queue.c **** 
1774:Middlewares/Third_Party/FreeRTOS/Source/queue.c **** 	uxSavedInterruptStatus = portSET_INTERRUPT_MASK_FROM_ISR();
1775:Middlewares/Third_Party/FreeRTOS/Source/queue.c **** 	{
1776:Middlewares/Third_Party/FreeRTOS/Source/queue.c **** 		const UBaseType_t uxMessagesWaiting = pxQueue->uxMessagesWaiting;
1777:Middlewares/Third_Party/FreeRTOS/Source/queue.c **** 
1778:Middlewares/Third_Party/FreeRTOS/Source/queue.c **** 		/* Cannot block in an ISR, so check there is data available. */
1779:Middlewares/Third_Party/FreeRTOS/Source/queue.c **** 		if( uxMessagesWaiting > ( UBaseType_t ) 0 )
1780:Middlewares/Third_Party/FreeRTOS/Source/queue.c **** 		{
1781:Middlewares/Third_Party/FreeRTOS/Source/queue.c **** 			const int8_t cRxLock = pxQueue->cRxLock;
1782:Middlewares/Third_Party/FreeRTOS/Source/queue.c **** 
1783:Middlewares/Third_Party/FreeRTOS/Source/queue.c **** 			traceQUEUE_RECEIVE_FROM_ISR( pxQueue );
1784:Middlewares/Third_Party/FreeRTOS/Source/queue.c **** 
1785:Middlewares/Third_Party/FreeRTOS/Source/queue.c **** 			prvCopyDataFromQueue( pxQueue, pvBuffer );
1786:Middlewares/Third_Party/FreeRTOS/Source/queue.c **** 			pxQueue->uxMessagesWaiting = uxMessagesWaiting - ( UBaseType_t ) 1;
1787:Middlewares/Third_Party/FreeRTOS/Source/queue.c **** 
1788:Middlewares/Third_Party/FreeRTOS/Source/queue.c **** 			/* If the queue is locked the event list will not be modified.
1789:Middlewares/Third_Party/FreeRTOS/Source/queue.c **** 			Instead update the lock count so the task that unlocks the queue
1790:Middlewares/Third_Party/FreeRTOS/Source/queue.c **** 			will know that an ISR has removed data while the queue was
1791:Middlewares/Third_Party/FreeRTOS/Source/queue.c **** 			locked. */
1792:Middlewares/Third_Party/FreeRTOS/Source/queue.c **** 			if( cRxLock == queueUNLOCKED )
1793:Middlewares/Third_Party/FreeRTOS/Source/queue.c **** 			{
1794:Middlewares/Third_Party/FreeRTOS/Source/queue.c **** 				if( listLIST_IS_EMPTY( &( pxQueue->xTasksWaitingToSend ) ) == pdFALSE )
1795:Middlewares/Third_Party/FreeRTOS/Source/queue.c **** 				{
1796:Middlewares/Third_Party/FreeRTOS/Source/queue.c **** 					if( xTaskRemoveFromEventList( &( pxQueue->xTasksWaitingToSend ) ) != pdFALSE )
1797:Middlewares/Third_Party/FreeRTOS/Source/queue.c **** 					{
ARM GAS  /tmp/cc8vE36X.s 			page 33


1798:Middlewares/Third_Party/FreeRTOS/Source/queue.c **** 						/* The task waiting has a higher priority than us so
1799:Middlewares/Third_Party/FreeRTOS/Source/queue.c **** 						force a context switch. */
1800:Middlewares/Third_Party/FreeRTOS/Source/queue.c **** 						if( pxHigherPriorityTaskWoken != NULL )
1801:Middlewares/Third_Party/FreeRTOS/Source/queue.c **** 						{
1802:Middlewares/Third_Party/FreeRTOS/Source/queue.c **** 							*pxHigherPriorityTaskWoken = pdTRUE;
1803:Middlewares/Third_Party/FreeRTOS/Source/queue.c **** 						}
1804:Middlewares/Third_Party/FreeRTOS/Source/queue.c **** 						else
1805:Middlewares/Third_Party/FreeRTOS/Source/queue.c **** 						{
1806:Middlewares/Third_Party/FreeRTOS/Source/queue.c **** 							mtCOVERAGE_TEST_MARKER();
1807:Middlewares/Third_Party/FreeRTOS/Source/queue.c **** 						}
1808:Middlewares/Third_Party/FreeRTOS/Source/queue.c **** 					}
1809:Middlewares/Third_Party/FreeRTOS/Source/queue.c **** 					else
1810:Middlewares/Third_Party/FreeRTOS/Source/queue.c **** 					{
1811:Middlewares/Third_Party/FreeRTOS/Source/queue.c **** 						mtCOVERAGE_TEST_MARKER();
1812:Middlewares/Third_Party/FreeRTOS/Source/queue.c **** 					}
1813:Middlewares/Third_Party/FreeRTOS/Source/queue.c **** 				}
1814:Middlewares/Third_Party/FreeRTOS/Source/queue.c **** 				else
1815:Middlewares/Third_Party/FreeRTOS/Source/queue.c **** 				{
1816:Middlewares/Third_Party/FreeRTOS/Source/queue.c **** 					mtCOVERAGE_TEST_MARKER();
1817:Middlewares/Third_Party/FreeRTOS/Source/queue.c **** 				}
1818:Middlewares/Third_Party/FreeRTOS/Source/queue.c **** 			}
1819:Middlewares/Third_Party/FreeRTOS/Source/queue.c **** 			else
1820:Middlewares/Third_Party/FreeRTOS/Source/queue.c **** 			{
1821:Middlewares/Third_Party/FreeRTOS/Source/queue.c **** 				/* Increment the lock count so the task that unlocks the queue
1822:Middlewares/Third_Party/FreeRTOS/Source/queue.c **** 				knows that data was removed while it was locked. */
1823:Middlewares/Third_Party/FreeRTOS/Source/queue.c **** 				pxQueue->cRxLock = ( int8_t ) ( cRxLock + 1 );
1824:Middlewares/Third_Party/FreeRTOS/Source/queue.c **** 			}
1825:Middlewares/Third_Party/FreeRTOS/Source/queue.c **** 
1826:Middlewares/Third_Party/FreeRTOS/Source/queue.c **** 			xReturn = pdPASS;
1827:Middlewares/Third_Party/FreeRTOS/Source/queue.c **** 		}
1828:Middlewares/Third_Party/FreeRTOS/Source/queue.c **** 		else
1829:Middlewares/Third_Party/FreeRTOS/Source/queue.c **** 		{
1830:Middlewares/Third_Party/FreeRTOS/Source/queue.c **** 			xReturn = pdFAIL;
1831:Middlewares/Third_Party/FreeRTOS/Source/queue.c **** 			traceQUEUE_RECEIVE_FROM_ISR_FAILED( pxQueue );
1832:Middlewares/Third_Party/FreeRTOS/Source/queue.c **** 		}
1833:Middlewares/Third_Party/FreeRTOS/Source/queue.c **** 	}
1834:Middlewares/Third_Party/FreeRTOS/Source/queue.c **** 	portCLEAR_INTERRUPT_MASK_FROM_ISR( uxSavedInterruptStatus );
1835:Middlewares/Third_Party/FreeRTOS/Source/queue.c **** 
1836:Middlewares/Third_Party/FreeRTOS/Source/queue.c **** 	return xReturn;
1837:Middlewares/Third_Party/FreeRTOS/Source/queue.c **** }
1838:Middlewares/Third_Party/FreeRTOS/Source/queue.c **** /*-----------------------------------------------------------*/
1839:Middlewares/Third_Party/FreeRTOS/Source/queue.c **** 
1840:Middlewares/Third_Party/FreeRTOS/Source/queue.c **** BaseType_t xQueuePeekFromISR( QueueHandle_t xQueue,  void * const pvBuffer )
1841:Middlewares/Third_Party/FreeRTOS/Source/queue.c **** {
1842:Middlewares/Third_Party/FreeRTOS/Source/queue.c **** BaseType_t xReturn;
1843:Middlewares/Third_Party/FreeRTOS/Source/queue.c **** UBaseType_t uxSavedInterruptStatus;
1844:Middlewares/Third_Party/FreeRTOS/Source/queue.c **** int8_t *pcOriginalReadPosition;
1845:Middlewares/Third_Party/FreeRTOS/Source/queue.c **** Queue_t * const pxQueue = ( Queue_t * ) xQueue;
1846:Middlewares/Third_Party/FreeRTOS/Source/queue.c **** 
1847:Middlewares/Third_Party/FreeRTOS/Source/queue.c **** 	configASSERT( pxQueue );
1848:Middlewares/Third_Party/FreeRTOS/Source/queue.c **** 	configASSERT( !( ( pvBuffer == NULL ) && ( pxQueue->uxItemSize != ( UBaseType_t ) 0U ) ) );
1849:Middlewares/Third_Party/FreeRTOS/Source/queue.c **** 	configASSERT( pxQueue->uxItemSize != 0 ); /* Can't peek a semaphore. */
1850:Middlewares/Third_Party/FreeRTOS/Source/queue.c **** 
1851:Middlewares/Third_Party/FreeRTOS/Source/queue.c **** 	/* RTOS ports that support interrupt nesting have the concept of a maximum
1852:Middlewares/Third_Party/FreeRTOS/Source/queue.c **** 	system call (or maximum API call) interrupt priority.  Interrupts that are
1853:Middlewares/Third_Party/FreeRTOS/Source/queue.c **** 	above the maximum system call priority are kept permanently enabled, even
1854:Middlewares/Third_Party/FreeRTOS/Source/queue.c **** 	when the RTOS kernel is in a critical section, but cannot make any calls to
ARM GAS  /tmp/cc8vE36X.s 			page 34


1855:Middlewares/Third_Party/FreeRTOS/Source/queue.c **** 	FreeRTOS API functions.  If configASSERT() is defined in FreeRTOSConfig.h
1856:Middlewares/Third_Party/FreeRTOS/Source/queue.c **** 	then portASSERT_IF_INTERRUPT_PRIORITY_INVALID() will result in an assertion
1857:Middlewares/Third_Party/FreeRTOS/Source/queue.c **** 	failure if a FreeRTOS API function is called from an interrupt that has been
1858:Middlewares/Third_Party/FreeRTOS/Source/queue.c **** 	assigned a priority above the configured maximum system call priority.
1859:Middlewares/Third_Party/FreeRTOS/Source/queue.c **** 	Only FreeRTOS functions that end in FromISR can be called from interrupts
1860:Middlewares/Third_Party/FreeRTOS/Source/queue.c **** 	that have been assigned a priority at or (logically) below the maximum
1861:Middlewares/Third_Party/FreeRTOS/Source/queue.c **** 	system call	interrupt priority.  FreeRTOS maintains a separate interrupt
1862:Middlewares/Third_Party/FreeRTOS/Source/queue.c **** 	safe API to ensure interrupt entry is as fast and as simple as possible.
1863:Middlewares/Third_Party/FreeRTOS/Source/queue.c **** 	More information (albeit Cortex-M specific) is provided on the following
1864:Middlewares/Third_Party/FreeRTOS/Source/queue.c **** 	link: http://www.freertos.org/RTOS-Cortex-M3-M4.html */
1865:Middlewares/Third_Party/FreeRTOS/Source/queue.c **** 	portASSERT_IF_INTERRUPT_PRIORITY_INVALID();
1866:Middlewares/Third_Party/FreeRTOS/Source/queue.c **** 
1867:Middlewares/Third_Party/FreeRTOS/Source/queue.c **** 	uxSavedInterruptStatus = portSET_INTERRUPT_MASK_FROM_ISR();
1868:Middlewares/Third_Party/FreeRTOS/Source/queue.c **** 	{
1869:Middlewares/Third_Party/FreeRTOS/Source/queue.c **** 		/* Cannot block in an ISR, so check there is data available. */
1870:Middlewares/Third_Party/FreeRTOS/Source/queue.c **** 		if( pxQueue->uxMessagesWaiting > ( UBaseType_t ) 0 )
1871:Middlewares/Third_Party/FreeRTOS/Source/queue.c **** 		{
1872:Middlewares/Third_Party/FreeRTOS/Source/queue.c **** 			traceQUEUE_PEEK_FROM_ISR( pxQueue );
1873:Middlewares/Third_Party/FreeRTOS/Source/queue.c **** 
1874:Middlewares/Third_Party/FreeRTOS/Source/queue.c **** 			/* Remember the read position so it can be reset as nothing is
1875:Middlewares/Third_Party/FreeRTOS/Source/queue.c **** 			actually being removed from the queue. */
1876:Middlewares/Third_Party/FreeRTOS/Source/queue.c **** 			pcOriginalReadPosition = pxQueue->u.pcReadFrom;
1877:Middlewares/Third_Party/FreeRTOS/Source/queue.c **** 			prvCopyDataFromQueue( pxQueue, pvBuffer );
1878:Middlewares/Third_Party/FreeRTOS/Source/queue.c **** 			pxQueue->u.pcReadFrom = pcOriginalReadPosition;
1879:Middlewares/Third_Party/FreeRTOS/Source/queue.c **** 
1880:Middlewares/Third_Party/FreeRTOS/Source/queue.c **** 			xReturn = pdPASS;
1881:Middlewares/Third_Party/FreeRTOS/Source/queue.c **** 		}
1882:Middlewares/Third_Party/FreeRTOS/Source/queue.c **** 		else
1883:Middlewares/Third_Party/FreeRTOS/Source/queue.c **** 		{
1884:Middlewares/Third_Party/FreeRTOS/Source/queue.c **** 			xReturn = pdFAIL;
1885:Middlewares/Third_Party/FreeRTOS/Source/queue.c **** 			traceQUEUE_PEEK_FROM_ISR_FAILED( pxQueue );
1886:Middlewares/Third_Party/FreeRTOS/Source/queue.c **** 		}
1887:Middlewares/Third_Party/FreeRTOS/Source/queue.c **** 	}
1888:Middlewares/Third_Party/FreeRTOS/Source/queue.c **** 	portCLEAR_INTERRUPT_MASK_FROM_ISR( uxSavedInterruptStatus );
1889:Middlewares/Third_Party/FreeRTOS/Source/queue.c **** 
1890:Middlewares/Third_Party/FreeRTOS/Source/queue.c **** 	return xReturn;
1891:Middlewares/Third_Party/FreeRTOS/Source/queue.c **** }
1892:Middlewares/Third_Party/FreeRTOS/Source/queue.c **** /*-----------------------------------------------------------*/
1893:Middlewares/Third_Party/FreeRTOS/Source/queue.c **** 
1894:Middlewares/Third_Party/FreeRTOS/Source/queue.c **** UBaseType_t uxQueueMessagesWaiting( const QueueHandle_t xQueue )
1895:Middlewares/Third_Party/FreeRTOS/Source/queue.c **** {
1896:Middlewares/Third_Party/FreeRTOS/Source/queue.c **** UBaseType_t uxReturn;
1897:Middlewares/Third_Party/FreeRTOS/Source/queue.c **** 
1898:Middlewares/Third_Party/FreeRTOS/Source/queue.c **** 	configASSERT( xQueue );
1899:Middlewares/Third_Party/FreeRTOS/Source/queue.c **** 
1900:Middlewares/Third_Party/FreeRTOS/Source/queue.c **** 	taskENTER_CRITICAL();
1901:Middlewares/Third_Party/FreeRTOS/Source/queue.c **** 	{
1902:Middlewares/Third_Party/FreeRTOS/Source/queue.c **** 		uxReturn = ( ( Queue_t * ) xQueue )->uxMessagesWaiting;
1903:Middlewares/Third_Party/FreeRTOS/Source/queue.c **** 	}
1904:Middlewares/Third_Party/FreeRTOS/Source/queue.c **** 	taskEXIT_CRITICAL();
1905:Middlewares/Third_Party/FreeRTOS/Source/queue.c **** 
1906:Middlewares/Third_Party/FreeRTOS/Source/queue.c **** 	return uxReturn;
1907:Middlewares/Third_Party/FreeRTOS/Source/queue.c **** } /*lint !e818 Pointer cannot be declared const as xQueue is a typedef not pointer. */
1908:Middlewares/Third_Party/FreeRTOS/Source/queue.c **** /*-----------------------------------------------------------*/
1909:Middlewares/Third_Party/FreeRTOS/Source/queue.c **** 
1910:Middlewares/Third_Party/FreeRTOS/Source/queue.c **** UBaseType_t uxQueueSpacesAvailable( const QueueHandle_t xQueue )
1911:Middlewares/Third_Party/FreeRTOS/Source/queue.c **** {
ARM GAS  /tmp/cc8vE36X.s 			page 35


1912:Middlewares/Third_Party/FreeRTOS/Source/queue.c **** UBaseType_t uxReturn;
1913:Middlewares/Third_Party/FreeRTOS/Source/queue.c **** Queue_t *pxQueue;
1914:Middlewares/Third_Party/FreeRTOS/Source/queue.c **** 
1915:Middlewares/Third_Party/FreeRTOS/Source/queue.c **** 	pxQueue = ( Queue_t * ) xQueue;
1916:Middlewares/Third_Party/FreeRTOS/Source/queue.c **** 	configASSERT( pxQueue );
1917:Middlewares/Third_Party/FreeRTOS/Source/queue.c **** 
1918:Middlewares/Third_Party/FreeRTOS/Source/queue.c **** 	taskENTER_CRITICAL();
1919:Middlewares/Third_Party/FreeRTOS/Source/queue.c **** 	{
1920:Middlewares/Third_Party/FreeRTOS/Source/queue.c **** 		uxReturn = pxQueue->uxLength - pxQueue->uxMessagesWaiting;
1921:Middlewares/Third_Party/FreeRTOS/Source/queue.c **** 	}
1922:Middlewares/Third_Party/FreeRTOS/Source/queue.c **** 	taskEXIT_CRITICAL();
1923:Middlewares/Third_Party/FreeRTOS/Source/queue.c **** 
1924:Middlewares/Third_Party/FreeRTOS/Source/queue.c **** 	return uxReturn;
1925:Middlewares/Third_Party/FreeRTOS/Source/queue.c **** } /*lint !e818 Pointer cannot be declared const as xQueue is a typedef not pointer. */
1926:Middlewares/Third_Party/FreeRTOS/Source/queue.c **** /*-----------------------------------------------------------*/
1927:Middlewares/Third_Party/FreeRTOS/Source/queue.c **** 
1928:Middlewares/Third_Party/FreeRTOS/Source/queue.c **** UBaseType_t uxQueueMessagesWaitingFromISR( const QueueHandle_t xQueue )
1929:Middlewares/Third_Party/FreeRTOS/Source/queue.c **** {
1930:Middlewares/Third_Party/FreeRTOS/Source/queue.c **** UBaseType_t uxReturn;
1931:Middlewares/Third_Party/FreeRTOS/Source/queue.c **** 
1932:Middlewares/Third_Party/FreeRTOS/Source/queue.c **** 	configASSERT( xQueue );
1933:Middlewares/Third_Party/FreeRTOS/Source/queue.c **** 
1934:Middlewares/Third_Party/FreeRTOS/Source/queue.c **** 	uxReturn = ( ( Queue_t * ) xQueue )->uxMessagesWaiting;
1935:Middlewares/Third_Party/FreeRTOS/Source/queue.c **** 
1936:Middlewares/Third_Party/FreeRTOS/Source/queue.c **** 	return uxReturn;
1937:Middlewares/Third_Party/FreeRTOS/Source/queue.c **** } /*lint !e818 Pointer cannot be declared const as xQueue is a typedef not pointer. */
1938:Middlewares/Third_Party/FreeRTOS/Source/queue.c **** /*-----------------------------------------------------------*/
1939:Middlewares/Third_Party/FreeRTOS/Source/queue.c **** 
1940:Middlewares/Third_Party/FreeRTOS/Source/queue.c **** void vQueueDelete( QueueHandle_t xQueue )
1941:Middlewares/Third_Party/FreeRTOS/Source/queue.c **** {
1942:Middlewares/Third_Party/FreeRTOS/Source/queue.c **** Queue_t * const pxQueue = ( Queue_t * ) xQueue;
1943:Middlewares/Third_Party/FreeRTOS/Source/queue.c **** 
1944:Middlewares/Third_Party/FreeRTOS/Source/queue.c **** 	configASSERT( pxQueue );
1945:Middlewares/Third_Party/FreeRTOS/Source/queue.c **** 	traceQUEUE_DELETE( pxQueue );
1946:Middlewares/Third_Party/FreeRTOS/Source/queue.c **** 
1947:Middlewares/Third_Party/FreeRTOS/Source/queue.c **** 	#if ( configQUEUE_REGISTRY_SIZE > 0 )
1948:Middlewares/Third_Party/FreeRTOS/Source/queue.c **** 	{
1949:Middlewares/Third_Party/FreeRTOS/Source/queue.c **** 		vQueueUnregisterQueue( pxQueue );
1950:Middlewares/Third_Party/FreeRTOS/Source/queue.c **** 	}
1951:Middlewares/Third_Party/FreeRTOS/Source/queue.c **** 	#endif
1952:Middlewares/Third_Party/FreeRTOS/Source/queue.c **** 
1953:Middlewares/Third_Party/FreeRTOS/Source/queue.c **** 	#if( ( configSUPPORT_DYNAMIC_ALLOCATION == 1 ) && ( configSUPPORT_STATIC_ALLOCATION == 0 ) )
1954:Middlewares/Third_Party/FreeRTOS/Source/queue.c **** 	{
1955:Middlewares/Third_Party/FreeRTOS/Source/queue.c **** 		/* The queue can only have been allocated dynamically - free it
1956:Middlewares/Third_Party/FreeRTOS/Source/queue.c **** 		again. */
1957:Middlewares/Third_Party/FreeRTOS/Source/queue.c **** 		vPortFree( pxQueue );
1958:Middlewares/Third_Party/FreeRTOS/Source/queue.c **** 	}
1959:Middlewares/Third_Party/FreeRTOS/Source/queue.c **** 	#elif( ( configSUPPORT_DYNAMIC_ALLOCATION == 1 ) && ( configSUPPORT_STATIC_ALLOCATION == 1 ) )
1960:Middlewares/Third_Party/FreeRTOS/Source/queue.c **** 	{
1961:Middlewares/Third_Party/FreeRTOS/Source/queue.c **** 		/* The queue could have been allocated statically or dynamically, so
1962:Middlewares/Third_Party/FreeRTOS/Source/queue.c **** 		check before attempting to free the memory. */
1963:Middlewares/Third_Party/FreeRTOS/Source/queue.c **** 		if( pxQueue->ucStaticallyAllocated == ( uint8_t ) pdFALSE )
1964:Middlewares/Third_Party/FreeRTOS/Source/queue.c **** 		{
1965:Middlewares/Third_Party/FreeRTOS/Source/queue.c **** 			vPortFree( pxQueue );
1966:Middlewares/Third_Party/FreeRTOS/Source/queue.c **** 		}
1967:Middlewares/Third_Party/FreeRTOS/Source/queue.c **** 		else
1968:Middlewares/Third_Party/FreeRTOS/Source/queue.c **** 		{
ARM GAS  /tmp/cc8vE36X.s 			page 36


1969:Middlewares/Third_Party/FreeRTOS/Source/queue.c **** 			mtCOVERAGE_TEST_MARKER();
1970:Middlewares/Third_Party/FreeRTOS/Source/queue.c **** 		}
1971:Middlewares/Third_Party/FreeRTOS/Source/queue.c **** 	}
1972:Middlewares/Third_Party/FreeRTOS/Source/queue.c **** 	#else
1973:Middlewares/Third_Party/FreeRTOS/Source/queue.c **** 	{
1974:Middlewares/Third_Party/FreeRTOS/Source/queue.c **** 		/* The queue must have been statically allocated, so is not going to be
1975:Middlewares/Third_Party/FreeRTOS/Source/queue.c **** 		deleted.  Avoid compiler warnings about the unused parameter. */
1976:Middlewares/Third_Party/FreeRTOS/Source/queue.c **** 		( void ) pxQueue;
1977:Middlewares/Third_Party/FreeRTOS/Source/queue.c **** 	}
1978:Middlewares/Third_Party/FreeRTOS/Source/queue.c **** 	#endif /* configSUPPORT_DYNAMIC_ALLOCATION */
1979:Middlewares/Third_Party/FreeRTOS/Source/queue.c **** }
1980:Middlewares/Third_Party/FreeRTOS/Source/queue.c **** /*-----------------------------------------------------------*/
1981:Middlewares/Third_Party/FreeRTOS/Source/queue.c **** 
1982:Middlewares/Third_Party/FreeRTOS/Source/queue.c **** #if ( configUSE_TRACE_FACILITY == 1 )
1983:Middlewares/Third_Party/FreeRTOS/Source/queue.c **** 
1984:Middlewares/Third_Party/FreeRTOS/Source/queue.c **** 	UBaseType_t uxQueueGetQueueNumber( QueueHandle_t xQueue )
1985:Middlewares/Third_Party/FreeRTOS/Source/queue.c **** 	{
1986:Middlewares/Third_Party/FreeRTOS/Source/queue.c **** 		return ( ( Queue_t * ) xQueue )->uxQueueNumber;
1987:Middlewares/Third_Party/FreeRTOS/Source/queue.c **** 	}
1988:Middlewares/Third_Party/FreeRTOS/Source/queue.c **** 
1989:Middlewares/Third_Party/FreeRTOS/Source/queue.c **** #endif /* configUSE_TRACE_FACILITY */
1990:Middlewares/Third_Party/FreeRTOS/Source/queue.c **** /*-----------------------------------------------------------*/
1991:Middlewares/Third_Party/FreeRTOS/Source/queue.c **** 
1992:Middlewares/Third_Party/FreeRTOS/Source/queue.c **** #if ( configUSE_TRACE_FACILITY == 1 )
1993:Middlewares/Third_Party/FreeRTOS/Source/queue.c **** 
1994:Middlewares/Third_Party/FreeRTOS/Source/queue.c **** 	void vQueueSetQueueNumber( QueueHandle_t xQueue, UBaseType_t uxQueueNumber )
1995:Middlewares/Third_Party/FreeRTOS/Source/queue.c **** 	{
1996:Middlewares/Third_Party/FreeRTOS/Source/queue.c **** 		( ( Queue_t * ) xQueue )->uxQueueNumber = uxQueueNumber;
1997:Middlewares/Third_Party/FreeRTOS/Source/queue.c **** 	}
1998:Middlewares/Third_Party/FreeRTOS/Source/queue.c **** 
1999:Middlewares/Third_Party/FreeRTOS/Source/queue.c **** #endif /* configUSE_TRACE_FACILITY */
2000:Middlewares/Third_Party/FreeRTOS/Source/queue.c **** /*-----------------------------------------------------------*/
2001:Middlewares/Third_Party/FreeRTOS/Source/queue.c **** 
2002:Middlewares/Third_Party/FreeRTOS/Source/queue.c **** #if ( configUSE_TRACE_FACILITY == 1 )
2003:Middlewares/Third_Party/FreeRTOS/Source/queue.c **** 
2004:Middlewares/Third_Party/FreeRTOS/Source/queue.c **** 	uint8_t ucQueueGetQueueType( QueueHandle_t xQueue )
2005:Middlewares/Third_Party/FreeRTOS/Source/queue.c **** 	{
2006:Middlewares/Third_Party/FreeRTOS/Source/queue.c **** 		return ( ( Queue_t * ) xQueue )->ucQueueType;
2007:Middlewares/Third_Party/FreeRTOS/Source/queue.c **** 	}
2008:Middlewares/Third_Party/FreeRTOS/Source/queue.c **** 
2009:Middlewares/Third_Party/FreeRTOS/Source/queue.c **** #endif /* configUSE_TRACE_FACILITY */
2010:Middlewares/Third_Party/FreeRTOS/Source/queue.c **** /*-----------------------------------------------------------*/
2011:Middlewares/Third_Party/FreeRTOS/Source/queue.c **** 
2012:Middlewares/Third_Party/FreeRTOS/Source/queue.c **** #if( configUSE_MUTEXES == 1 )
2013:Middlewares/Third_Party/FreeRTOS/Source/queue.c **** 
2014:Middlewares/Third_Party/FreeRTOS/Source/queue.c **** 	static UBaseType_t prvGetDisinheritPriorityAfterTimeout( const Queue_t * const pxQueue )
2015:Middlewares/Third_Party/FreeRTOS/Source/queue.c **** 	{
  29              		.loc 1 2015 2 view -0
  30              		.cfi_startproc
  31              		@ args = 0, pretend = 0, frame = 0
  32              		@ frame_needed = 0, uses_anonymous_args = 0
  33              		@ link register save eliminated.
  34              		.loc 1 2015 2 is_stmt 0 view .LVU1
  35 0000 0346     		mov	r3, r0
2016:Middlewares/Third_Party/FreeRTOS/Source/queue.c **** 	UBaseType_t uxHighestPriorityOfWaitingTasks;
  36              		.loc 1 2016 2 is_stmt 1 view .LVU2
2017:Middlewares/Third_Party/FreeRTOS/Source/queue.c **** 
ARM GAS  /tmp/cc8vE36X.s 			page 37


2018:Middlewares/Third_Party/FreeRTOS/Source/queue.c **** 		/* If a task waiting for a mutex causes the mutex holder to inherit a
2019:Middlewares/Third_Party/FreeRTOS/Source/queue.c **** 		priority, but the waiting task times out, then the holder should
2020:Middlewares/Third_Party/FreeRTOS/Source/queue.c **** 		disinherit the priority - but only down to the highest priority of any
2021:Middlewares/Third_Party/FreeRTOS/Source/queue.c **** 		other tasks that are waiting for the same mutex.  For this purpose,
2022:Middlewares/Third_Party/FreeRTOS/Source/queue.c **** 		return the priority of the highest priority task that is waiting for the
2023:Middlewares/Third_Party/FreeRTOS/Source/queue.c **** 		mutex. */
2024:Middlewares/Third_Party/FreeRTOS/Source/queue.c **** 		if( listCURRENT_LIST_LENGTH( &( pxQueue->xTasksWaitingToReceive ) ) > 0 )
  37              		.loc 1 2024 3 view .LVU3
  38              		.loc 1 2024 7 is_stmt 0 view .LVU4
  39 0002 406A     		ldr	r0, [r0, #36]
  40              	.LVL1:
  41              		.loc 1 2024 5 view .LVU5
  42 0004 18B1     		cbz	r0, .L1
2025:Middlewares/Third_Party/FreeRTOS/Source/queue.c **** 		{
2026:Middlewares/Third_Party/FreeRTOS/Source/queue.c **** 			uxHighestPriorityOfWaitingTasks = configMAX_PRIORITIES - listGET_ITEM_VALUE_OF_HEAD_ENTRY( &( px
  43              		.loc 1 2026 4 is_stmt 1 view .LVU6
  44              		.loc 1 2026 61 is_stmt 0 view .LVU7
  45 0006 1B6B     		ldr	r3, [r3, #48]
  46              	.LVL2:
  47              		.loc 1 2026 61 view .LVU8
  48 0008 1868     		ldr	r0, [r3]
  49              		.loc 1 2026 36 view .LVU9
  50 000a C0F13800 		rsb	r0, r0, #56
  51              	.LVL3:
2027:Middlewares/Third_Party/FreeRTOS/Source/queue.c **** 		}
2028:Middlewares/Third_Party/FreeRTOS/Source/queue.c **** 		else
2029:Middlewares/Third_Party/FreeRTOS/Source/queue.c **** 		{
2030:Middlewares/Third_Party/FreeRTOS/Source/queue.c **** 			uxHighestPriorityOfWaitingTasks = tskIDLE_PRIORITY;
2031:Middlewares/Third_Party/FreeRTOS/Source/queue.c **** 		}
2032:Middlewares/Third_Party/FreeRTOS/Source/queue.c **** 
2033:Middlewares/Third_Party/FreeRTOS/Source/queue.c **** 		return uxHighestPriorityOfWaitingTasks;
  52              		.loc 1 2033 3 is_stmt 1 view .LVU10
  53              	.L1:
2034:Middlewares/Third_Party/FreeRTOS/Source/queue.c **** 	}
  54              		.loc 1 2034 2 is_stmt 0 view .LVU11
  55 000e 7047     		bx	lr
  56              		.cfi_endproc
  57              	.LFE32:
  59              		.section	.text.prvIsQueueFull,"ax",%progbits
  60              		.align	1
  61              		.syntax unified
  62              		.thumb
  63              		.thumb_func
  65              	prvIsQueueFull:
  66              	.LVL4:
  67              	.LFB38:
2035:Middlewares/Third_Party/FreeRTOS/Source/queue.c **** 
2036:Middlewares/Third_Party/FreeRTOS/Source/queue.c **** #endif /* configUSE_MUTEXES */
2037:Middlewares/Third_Party/FreeRTOS/Source/queue.c **** /*-----------------------------------------------------------*/
2038:Middlewares/Third_Party/FreeRTOS/Source/queue.c **** 
2039:Middlewares/Third_Party/FreeRTOS/Source/queue.c **** static BaseType_t prvCopyDataToQueue( Queue_t * const pxQueue, const void *pvItemToQueue, const Bas
2040:Middlewares/Third_Party/FreeRTOS/Source/queue.c **** {
2041:Middlewares/Third_Party/FreeRTOS/Source/queue.c **** BaseType_t xReturn = pdFALSE;
2042:Middlewares/Third_Party/FreeRTOS/Source/queue.c **** UBaseType_t uxMessagesWaiting;
2043:Middlewares/Third_Party/FreeRTOS/Source/queue.c **** 
2044:Middlewares/Third_Party/FreeRTOS/Source/queue.c **** 	/* This function is called from a critical section. */
2045:Middlewares/Third_Party/FreeRTOS/Source/queue.c **** 
ARM GAS  /tmp/cc8vE36X.s 			page 38


2046:Middlewares/Third_Party/FreeRTOS/Source/queue.c **** 	uxMessagesWaiting = pxQueue->uxMessagesWaiting;
2047:Middlewares/Third_Party/FreeRTOS/Source/queue.c **** 
2048:Middlewares/Third_Party/FreeRTOS/Source/queue.c **** 	if( pxQueue->uxItemSize == ( UBaseType_t ) 0 )
2049:Middlewares/Third_Party/FreeRTOS/Source/queue.c **** 	{
2050:Middlewares/Third_Party/FreeRTOS/Source/queue.c **** 		#if ( configUSE_MUTEXES == 1 )
2051:Middlewares/Third_Party/FreeRTOS/Source/queue.c **** 		{
2052:Middlewares/Third_Party/FreeRTOS/Source/queue.c **** 			if( pxQueue->uxQueueType == queueQUEUE_IS_MUTEX )
2053:Middlewares/Third_Party/FreeRTOS/Source/queue.c **** 			{
2054:Middlewares/Third_Party/FreeRTOS/Source/queue.c **** 				/* The mutex is no longer being held. */
2055:Middlewares/Third_Party/FreeRTOS/Source/queue.c **** 				xReturn = xTaskPriorityDisinherit( ( void * ) pxQueue->pxMutexHolder );
2056:Middlewares/Third_Party/FreeRTOS/Source/queue.c **** 				pxQueue->pxMutexHolder = NULL;
2057:Middlewares/Third_Party/FreeRTOS/Source/queue.c **** 			}
2058:Middlewares/Third_Party/FreeRTOS/Source/queue.c **** 			else
2059:Middlewares/Third_Party/FreeRTOS/Source/queue.c **** 			{
2060:Middlewares/Third_Party/FreeRTOS/Source/queue.c **** 				mtCOVERAGE_TEST_MARKER();
2061:Middlewares/Third_Party/FreeRTOS/Source/queue.c **** 			}
2062:Middlewares/Third_Party/FreeRTOS/Source/queue.c **** 		}
2063:Middlewares/Third_Party/FreeRTOS/Source/queue.c **** 		#endif /* configUSE_MUTEXES */
2064:Middlewares/Third_Party/FreeRTOS/Source/queue.c **** 	}
2065:Middlewares/Third_Party/FreeRTOS/Source/queue.c **** 	else if( xPosition == queueSEND_TO_BACK )
2066:Middlewares/Third_Party/FreeRTOS/Source/queue.c **** 	{
2067:Middlewares/Third_Party/FreeRTOS/Source/queue.c **** 		( void ) memcpy( ( void * ) pxQueue->pcWriteTo, pvItemToQueue, ( size_t ) pxQueue->uxItemSize ); 
2068:Middlewares/Third_Party/FreeRTOS/Source/queue.c **** 		pxQueue->pcWriteTo += pxQueue->uxItemSize;
2069:Middlewares/Third_Party/FreeRTOS/Source/queue.c **** 		if( pxQueue->pcWriteTo >= pxQueue->pcTail ) /*lint !e946 MISRA exception justified as comparison 
2070:Middlewares/Third_Party/FreeRTOS/Source/queue.c **** 		{
2071:Middlewares/Third_Party/FreeRTOS/Source/queue.c **** 			pxQueue->pcWriteTo = pxQueue->pcHead;
2072:Middlewares/Third_Party/FreeRTOS/Source/queue.c **** 		}
2073:Middlewares/Third_Party/FreeRTOS/Source/queue.c **** 		else
2074:Middlewares/Third_Party/FreeRTOS/Source/queue.c **** 		{
2075:Middlewares/Third_Party/FreeRTOS/Source/queue.c **** 			mtCOVERAGE_TEST_MARKER();
2076:Middlewares/Third_Party/FreeRTOS/Source/queue.c **** 		}
2077:Middlewares/Third_Party/FreeRTOS/Source/queue.c **** 	}
2078:Middlewares/Third_Party/FreeRTOS/Source/queue.c **** 	else
2079:Middlewares/Third_Party/FreeRTOS/Source/queue.c **** 	{
2080:Middlewares/Third_Party/FreeRTOS/Source/queue.c **** 		( void ) memcpy( ( void * ) pxQueue->u.pcReadFrom, pvItemToQueue, ( size_t ) pxQueue->uxItemSize 
2081:Middlewares/Third_Party/FreeRTOS/Source/queue.c **** 		pxQueue->u.pcReadFrom -= pxQueue->uxItemSize;
2082:Middlewares/Third_Party/FreeRTOS/Source/queue.c **** 		if( pxQueue->u.pcReadFrom < pxQueue->pcHead ) /*lint !e946 MISRA exception justified as compariso
2083:Middlewares/Third_Party/FreeRTOS/Source/queue.c **** 		{
2084:Middlewares/Third_Party/FreeRTOS/Source/queue.c **** 			pxQueue->u.pcReadFrom = ( pxQueue->pcTail - pxQueue->uxItemSize );
2085:Middlewares/Third_Party/FreeRTOS/Source/queue.c **** 		}
2086:Middlewares/Third_Party/FreeRTOS/Source/queue.c **** 		else
2087:Middlewares/Third_Party/FreeRTOS/Source/queue.c **** 		{
2088:Middlewares/Third_Party/FreeRTOS/Source/queue.c **** 			mtCOVERAGE_TEST_MARKER();
2089:Middlewares/Third_Party/FreeRTOS/Source/queue.c **** 		}
2090:Middlewares/Third_Party/FreeRTOS/Source/queue.c **** 
2091:Middlewares/Third_Party/FreeRTOS/Source/queue.c **** 		if( xPosition == queueOVERWRITE )
2092:Middlewares/Third_Party/FreeRTOS/Source/queue.c **** 		{
2093:Middlewares/Third_Party/FreeRTOS/Source/queue.c **** 			if( uxMessagesWaiting > ( UBaseType_t ) 0 )
2094:Middlewares/Third_Party/FreeRTOS/Source/queue.c **** 			{
2095:Middlewares/Third_Party/FreeRTOS/Source/queue.c **** 				/* An item is not being added but overwritten, so subtract
2096:Middlewares/Third_Party/FreeRTOS/Source/queue.c **** 				one from the recorded number of items in the queue so when
2097:Middlewares/Third_Party/FreeRTOS/Source/queue.c **** 				one is added again below the number of recorded items remains
2098:Middlewares/Third_Party/FreeRTOS/Source/queue.c **** 				correct. */
2099:Middlewares/Third_Party/FreeRTOS/Source/queue.c **** 				--uxMessagesWaiting;
2100:Middlewares/Third_Party/FreeRTOS/Source/queue.c **** 			}
2101:Middlewares/Third_Party/FreeRTOS/Source/queue.c **** 			else
2102:Middlewares/Third_Party/FreeRTOS/Source/queue.c **** 			{
ARM GAS  /tmp/cc8vE36X.s 			page 39


2103:Middlewares/Third_Party/FreeRTOS/Source/queue.c **** 				mtCOVERAGE_TEST_MARKER();
2104:Middlewares/Third_Party/FreeRTOS/Source/queue.c **** 			}
2105:Middlewares/Third_Party/FreeRTOS/Source/queue.c **** 		}
2106:Middlewares/Third_Party/FreeRTOS/Source/queue.c **** 		else
2107:Middlewares/Third_Party/FreeRTOS/Source/queue.c **** 		{
2108:Middlewares/Third_Party/FreeRTOS/Source/queue.c **** 			mtCOVERAGE_TEST_MARKER();
2109:Middlewares/Third_Party/FreeRTOS/Source/queue.c **** 		}
2110:Middlewares/Third_Party/FreeRTOS/Source/queue.c **** 	}
2111:Middlewares/Third_Party/FreeRTOS/Source/queue.c **** 
2112:Middlewares/Third_Party/FreeRTOS/Source/queue.c **** 	pxQueue->uxMessagesWaiting = uxMessagesWaiting + ( UBaseType_t ) 1;
2113:Middlewares/Third_Party/FreeRTOS/Source/queue.c **** 
2114:Middlewares/Third_Party/FreeRTOS/Source/queue.c **** 	return xReturn;
2115:Middlewares/Third_Party/FreeRTOS/Source/queue.c **** }
2116:Middlewares/Third_Party/FreeRTOS/Source/queue.c **** /*-----------------------------------------------------------*/
2117:Middlewares/Third_Party/FreeRTOS/Source/queue.c **** 
2118:Middlewares/Third_Party/FreeRTOS/Source/queue.c **** static void prvCopyDataFromQueue( Queue_t * const pxQueue, void * const pvBuffer )
2119:Middlewares/Third_Party/FreeRTOS/Source/queue.c **** {
2120:Middlewares/Third_Party/FreeRTOS/Source/queue.c **** 	if( pxQueue->uxItemSize != ( UBaseType_t ) 0 )
2121:Middlewares/Third_Party/FreeRTOS/Source/queue.c **** 	{
2122:Middlewares/Third_Party/FreeRTOS/Source/queue.c **** 		pxQueue->u.pcReadFrom += pxQueue->uxItemSize;
2123:Middlewares/Third_Party/FreeRTOS/Source/queue.c **** 		if( pxQueue->u.pcReadFrom >= pxQueue->pcTail ) /*lint !e946 MISRA exception justified as use of t
2124:Middlewares/Third_Party/FreeRTOS/Source/queue.c **** 		{
2125:Middlewares/Third_Party/FreeRTOS/Source/queue.c **** 			pxQueue->u.pcReadFrom = pxQueue->pcHead;
2126:Middlewares/Third_Party/FreeRTOS/Source/queue.c **** 		}
2127:Middlewares/Third_Party/FreeRTOS/Source/queue.c **** 		else
2128:Middlewares/Third_Party/FreeRTOS/Source/queue.c **** 		{
2129:Middlewares/Third_Party/FreeRTOS/Source/queue.c **** 			mtCOVERAGE_TEST_MARKER();
2130:Middlewares/Third_Party/FreeRTOS/Source/queue.c **** 		}
2131:Middlewares/Third_Party/FreeRTOS/Source/queue.c **** 		( void ) memcpy( ( void * ) pvBuffer, ( void * ) pxQueue->u.pcReadFrom, ( size_t ) pxQueue->uxIte
2132:Middlewares/Third_Party/FreeRTOS/Source/queue.c **** 	}
2133:Middlewares/Third_Party/FreeRTOS/Source/queue.c **** }
2134:Middlewares/Third_Party/FreeRTOS/Source/queue.c **** /*-----------------------------------------------------------*/
2135:Middlewares/Third_Party/FreeRTOS/Source/queue.c **** 
2136:Middlewares/Third_Party/FreeRTOS/Source/queue.c **** static void prvUnlockQueue( Queue_t * const pxQueue )
2137:Middlewares/Third_Party/FreeRTOS/Source/queue.c **** {
2138:Middlewares/Third_Party/FreeRTOS/Source/queue.c **** 	/* THIS FUNCTION MUST BE CALLED WITH THE SCHEDULER SUSPENDED. */
2139:Middlewares/Third_Party/FreeRTOS/Source/queue.c **** 
2140:Middlewares/Third_Party/FreeRTOS/Source/queue.c **** 	/* The lock counts contains the number of extra data items placed or
2141:Middlewares/Third_Party/FreeRTOS/Source/queue.c **** 	removed from the queue while the queue was locked.  When a queue is
2142:Middlewares/Third_Party/FreeRTOS/Source/queue.c **** 	locked items can be added or removed, but the event lists cannot be
2143:Middlewares/Third_Party/FreeRTOS/Source/queue.c **** 	updated. */
2144:Middlewares/Third_Party/FreeRTOS/Source/queue.c **** 	taskENTER_CRITICAL();
2145:Middlewares/Third_Party/FreeRTOS/Source/queue.c **** 	{
2146:Middlewares/Third_Party/FreeRTOS/Source/queue.c **** 		int8_t cTxLock = pxQueue->cTxLock;
2147:Middlewares/Third_Party/FreeRTOS/Source/queue.c **** 
2148:Middlewares/Third_Party/FreeRTOS/Source/queue.c **** 		/* See if data was added to the queue while it was locked. */
2149:Middlewares/Third_Party/FreeRTOS/Source/queue.c **** 		while( cTxLock > queueLOCKED_UNMODIFIED )
2150:Middlewares/Third_Party/FreeRTOS/Source/queue.c **** 		{
2151:Middlewares/Third_Party/FreeRTOS/Source/queue.c **** 			/* Data was posted while the queue was locked.  Are any tasks
2152:Middlewares/Third_Party/FreeRTOS/Source/queue.c **** 			blocked waiting for data to become available? */
2153:Middlewares/Third_Party/FreeRTOS/Source/queue.c **** 			#if ( configUSE_QUEUE_SETS == 1 )
2154:Middlewares/Third_Party/FreeRTOS/Source/queue.c **** 			{
2155:Middlewares/Third_Party/FreeRTOS/Source/queue.c **** 				if( pxQueue->pxQueueSetContainer != NULL )
2156:Middlewares/Third_Party/FreeRTOS/Source/queue.c **** 				{
2157:Middlewares/Third_Party/FreeRTOS/Source/queue.c **** 					if( prvNotifyQueueSetContainer( pxQueue, queueSEND_TO_BACK ) != pdFALSE )
2158:Middlewares/Third_Party/FreeRTOS/Source/queue.c **** 					{
2159:Middlewares/Third_Party/FreeRTOS/Source/queue.c **** 						/* The queue is a member of a queue set, and posting to
ARM GAS  /tmp/cc8vE36X.s 			page 40


2160:Middlewares/Third_Party/FreeRTOS/Source/queue.c **** 						the queue set caused a higher priority task to unblock.
2161:Middlewares/Third_Party/FreeRTOS/Source/queue.c **** 						A context switch is required. */
2162:Middlewares/Third_Party/FreeRTOS/Source/queue.c **** 						vTaskMissedYield();
2163:Middlewares/Third_Party/FreeRTOS/Source/queue.c **** 					}
2164:Middlewares/Third_Party/FreeRTOS/Source/queue.c **** 					else
2165:Middlewares/Third_Party/FreeRTOS/Source/queue.c **** 					{
2166:Middlewares/Third_Party/FreeRTOS/Source/queue.c **** 						mtCOVERAGE_TEST_MARKER();
2167:Middlewares/Third_Party/FreeRTOS/Source/queue.c **** 					}
2168:Middlewares/Third_Party/FreeRTOS/Source/queue.c **** 				}
2169:Middlewares/Third_Party/FreeRTOS/Source/queue.c **** 				else
2170:Middlewares/Third_Party/FreeRTOS/Source/queue.c **** 				{
2171:Middlewares/Third_Party/FreeRTOS/Source/queue.c **** 					/* Tasks that are removed from the event list will get
2172:Middlewares/Third_Party/FreeRTOS/Source/queue.c **** 					added to the pending ready list as the scheduler is still
2173:Middlewares/Third_Party/FreeRTOS/Source/queue.c **** 					suspended. */
2174:Middlewares/Third_Party/FreeRTOS/Source/queue.c **** 					if( listLIST_IS_EMPTY( &( pxQueue->xTasksWaitingToReceive ) ) == pdFALSE )
2175:Middlewares/Third_Party/FreeRTOS/Source/queue.c **** 					{
2176:Middlewares/Third_Party/FreeRTOS/Source/queue.c **** 						if( xTaskRemoveFromEventList( &( pxQueue->xTasksWaitingToReceive ) ) != pdFALSE )
2177:Middlewares/Third_Party/FreeRTOS/Source/queue.c **** 						{
2178:Middlewares/Third_Party/FreeRTOS/Source/queue.c **** 							/* The task waiting has a higher priority so record that a
2179:Middlewares/Third_Party/FreeRTOS/Source/queue.c **** 							context	switch is required. */
2180:Middlewares/Third_Party/FreeRTOS/Source/queue.c **** 							vTaskMissedYield();
2181:Middlewares/Third_Party/FreeRTOS/Source/queue.c **** 						}
2182:Middlewares/Third_Party/FreeRTOS/Source/queue.c **** 						else
2183:Middlewares/Third_Party/FreeRTOS/Source/queue.c **** 						{
2184:Middlewares/Third_Party/FreeRTOS/Source/queue.c **** 							mtCOVERAGE_TEST_MARKER();
2185:Middlewares/Third_Party/FreeRTOS/Source/queue.c **** 						}
2186:Middlewares/Third_Party/FreeRTOS/Source/queue.c **** 					}
2187:Middlewares/Third_Party/FreeRTOS/Source/queue.c **** 					else
2188:Middlewares/Third_Party/FreeRTOS/Source/queue.c **** 					{
2189:Middlewares/Third_Party/FreeRTOS/Source/queue.c **** 						break;
2190:Middlewares/Third_Party/FreeRTOS/Source/queue.c **** 					}
2191:Middlewares/Third_Party/FreeRTOS/Source/queue.c **** 				}
2192:Middlewares/Third_Party/FreeRTOS/Source/queue.c **** 			}
2193:Middlewares/Third_Party/FreeRTOS/Source/queue.c **** 			#else /* configUSE_QUEUE_SETS */
2194:Middlewares/Third_Party/FreeRTOS/Source/queue.c **** 			{
2195:Middlewares/Third_Party/FreeRTOS/Source/queue.c **** 				/* Tasks that are removed from the event list will get added to
2196:Middlewares/Third_Party/FreeRTOS/Source/queue.c **** 				the pending ready list as the scheduler is still suspended. */
2197:Middlewares/Third_Party/FreeRTOS/Source/queue.c **** 				if( listLIST_IS_EMPTY( &( pxQueue->xTasksWaitingToReceive ) ) == pdFALSE )
2198:Middlewares/Third_Party/FreeRTOS/Source/queue.c **** 				{
2199:Middlewares/Third_Party/FreeRTOS/Source/queue.c **** 					if( xTaskRemoveFromEventList( &( pxQueue->xTasksWaitingToReceive ) ) != pdFALSE )
2200:Middlewares/Third_Party/FreeRTOS/Source/queue.c **** 					{
2201:Middlewares/Third_Party/FreeRTOS/Source/queue.c **** 						/* The task waiting has a higher priority so record that
2202:Middlewares/Third_Party/FreeRTOS/Source/queue.c **** 						a context switch is required. */
2203:Middlewares/Third_Party/FreeRTOS/Source/queue.c **** 						vTaskMissedYield();
2204:Middlewares/Third_Party/FreeRTOS/Source/queue.c **** 					}
2205:Middlewares/Third_Party/FreeRTOS/Source/queue.c **** 					else
2206:Middlewares/Third_Party/FreeRTOS/Source/queue.c **** 					{
2207:Middlewares/Third_Party/FreeRTOS/Source/queue.c **** 						mtCOVERAGE_TEST_MARKER();
2208:Middlewares/Third_Party/FreeRTOS/Source/queue.c **** 					}
2209:Middlewares/Third_Party/FreeRTOS/Source/queue.c **** 				}
2210:Middlewares/Third_Party/FreeRTOS/Source/queue.c **** 				else
2211:Middlewares/Third_Party/FreeRTOS/Source/queue.c **** 				{
2212:Middlewares/Third_Party/FreeRTOS/Source/queue.c **** 					break;
2213:Middlewares/Third_Party/FreeRTOS/Source/queue.c **** 				}
2214:Middlewares/Third_Party/FreeRTOS/Source/queue.c **** 			}
2215:Middlewares/Third_Party/FreeRTOS/Source/queue.c **** 			#endif /* configUSE_QUEUE_SETS */
2216:Middlewares/Third_Party/FreeRTOS/Source/queue.c **** 
ARM GAS  /tmp/cc8vE36X.s 			page 41


2217:Middlewares/Third_Party/FreeRTOS/Source/queue.c **** 			--cTxLock;
2218:Middlewares/Third_Party/FreeRTOS/Source/queue.c **** 		}
2219:Middlewares/Third_Party/FreeRTOS/Source/queue.c **** 
2220:Middlewares/Third_Party/FreeRTOS/Source/queue.c **** 		pxQueue->cTxLock = queueUNLOCKED;
2221:Middlewares/Third_Party/FreeRTOS/Source/queue.c **** 	}
2222:Middlewares/Third_Party/FreeRTOS/Source/queue.c **** 	taskEXIT_CRITICAL();
2223:Middlewares/Third_Party/FreeRTOS/Source/queue.c **** 
2224:Middlewares/Third_Party/FreeRTOS/Source/queue.c **** 	/* Do the same for the Rx lock. */
2225:Middlewares/Third_Party/FreeRTOS/Source/queue.c **** 	taskENTER_CRITICAL();
2226:Middlewares/Third_Party/FreeRTOS/Source/queue.c **** 	{
2227:Middlewares/Third_Party/FreeRTOS/Source/queue.c **** 		int8_t cRxLock = pxQueue->cRxLock;
2228:Middlewares/Third_Party/FreeRTOS/Source/queue.c **** 
2229:Middlewares/Third_Party/FreeRTOS/Source/queue.c **** 		while( cRxLock > queueLOCKED_UNMODIFIED )
2230:Middlewares/Third_Party/FreeRTOS/Source/queue.c **** 		{
2231:Middlewares/Third_Party/FreeRTOS/Source/queue.c **** 			if( listLIST_IS_EMPTY( &( pxQueue->xTasksWaitingToSend ) ) == pdFALSE )
2232:Middlewares/Third_Party/FreeRTOS/Source/queue.c **** 			{
2233:Middlewares/Third_Party/FreeRTOS/Source/queue.c **** 				if( xTaskRemoveFromEventList( &( pxQueue->xTasksWaitingToSend ) ) != pdFALSE )
2234:Middlewares/Third_Party/FreeRTOS/Source/queue.c **** 				{
2235:Middlewares/Third_Party/FreeRTOS/Source/queue.c **** 					vTaskMissedYield();
2236:Middlewares/Third_Party/FreeRTOS/Source/queue.c **** 				}
2237:Middlewares/Third_Party/FreeRTOS/Source/queue.c **** 				else
2238:Middlewares/Third_Party/FreeRTOS/Source/queue.c **** 				{
2239:Middlewares/Third_Party/FreeRTOS/Source/queue.c **** 					mtCOVERAGE_TEST_MARKER();
2240:Middlewares/Third_Party/FreeRTOS/Source/queue.c **** 				}
2241:Middlewares/Third_Party/FreeRTOS/Source/queue.c **** 
2242:Middlewares/Third_Party/FreeRTOS/Source/queue.c **** 				--cRxLock;
2243:Middlewares/Third_Party/FreeRTOS/Source/queue.c **** 			}
2244:Middlewares/Third_Party/FreeRTOS/Source/queue.c **** 			else
2245:Middlewares/Third_Party/FreeRTOS/Source/queue.c **** 			{
2246:Middlewares/Third_Party/FreeRTOS/Source/queue.c **** 				break;
2247:Middlewares/Third_Party/FreeRTOS/Source/queue.c **** 			}
2248:Middlewares/Third_Party/FreeRTOS/Source/queue.c **** 		}
2249:Middlewares/Third_Party/FreeRTOS/Source/queue.c **** 
2250:Middlewares/Third_Party/FreeRTOS/Source/queue.c **** 		pxQueue->cRxLock = queueUNLOCKED;
2251:Middlewares/Third_Party/FreeRTOS/Source/queue.c **** 	}
2252:Middlewares/Third_Party/FreeRTOS/Source/queue.c **** 	taskEXIT_CRITICAL();
2253:Middlewares/Third_Party/FreeRTOS/Source/queue.c **** }
2254:Middlewares/Third_Party/FreeRTOS/Source/queue.c **** /*-----------------------------------------------------------*/
2255:Middlewares/Third_Party/FreeRTOS/Source/queue.c **** 
2256:Middlewares/Third_Party/FreeRTOS/Source/queue.c **** static BaseType_t prvIsQueueEmpty( const Queue_t *pxQueue )
2257:Middlewares/Third_Party/FreeRTOS/Source/queue.c **** {
2258:Middlewares/Third_Party/FreeRTOS/Source/queue.c **** BaseType_t xReturn;
2259:Middlewares/Third_Party/FreeRTOS/Source/queue.c **** 
2260:Middlewares/Third_Party/FreeRTOS/Source/queue.c **** 	taskENTER_CRITICAL();
2261:Middlewares/Third_Party/FreeRTOS/Source/queue.c **** 	{
2262:Middlewares/Third_Party/FreeRTOS/Source/queue.c **** 		if( pxQueue->uxMessagesWaiting == ( UBaseType_t )  0 )
2263:Middlewares/Third_Party/FreeRTOS/Source/queue.c **** 		{
2264:Middlewares/Third_Party/FreeRTOS/Source/queue.c **** 			xReturn = pdTRUE;
2265:Middlewares/Third_Party/FreeRTOS/Source/queue.c **** 		}
2266:Middlewares/Third_Party/FreeRTOS/Source/queue.c **** 		else
2267:Middlewares/Third_Party/FreeRTOS/Source/queue.c **** 		{
2268:Middlewares/Third_Party/FreeRTOS/Source/queue.c **** 			xReturn = pdFALSE;
2269:Middlewares/Third_Party/FreeRTOS/Source/queue.c **** 		}
2270:Middlewares/Third_Party/FreeRTOS/Source/queue.c **** 	}
2271:Middlewares/Third_Party/FreeRTOS/Source/queue.c **** 	taskEXIT_CRITICAL();
2272:Middlewares/Third_Party/FreeRTOS/Source/queue.c **** 
2273:Middlewares/Third_Party/FreeRTOS/Source/queue.c **** 	return xReturn;
ARM GAS  /tmp/cc8vE36X.s 			page 42


2274:Middlewares/Third_Party/FreeRTOS/Source/queue.c **** }
2275:Middlewares/Third_Party/FreeRTOS/Source/queue.c **** /*-----------------------------------------------------------*/
2276:Middlewares/Third_Party/FreeRTOS/Source/queue.c **** 
2277:Middlewares/Third_Party/FreeRTOS/Source/queue.c **** BaseType_t xQueueIsQueueEmptyFromISR( const QueueHandle_t xQueue )
2278:Middlewares/Third_Party/FreeRTOS/Source/queue.c **** {
2279:Middlewares/Third_Party/FreeRTOS/Source/queue.c **** BaseType_t xReturn;
2280:Middlewares/Third_Party/FreeRTOS/Source/queue.c **** 
2281:Middlewares/Third_Party/FreeRTOS/Source/queue.c **** 	configASSERT( xQueue );
2282:Middlewares/Third_Party/FreeRTOS/Source/queue.c **** 	if( ( ( Queue_t * ) xQueue )->uxMessagesWaiting == ( UBaseType_t ) 0 )
2283:Middlewares/Third_Party/FreeRTOS/Source/queue.c **** 	{
2284:Middlewares/Third_Party/FreeRTOS/Source/queue.c **** 		xReturn = pdTRUE;
2285:Middlewares/Third_Party/FreeRTOS/Source/queue.c **** 	}
2286:Middlewares/Third_Party/FreeRTOS/Source/queue.c **** 	else
2287:Middlewares/Third_Party/FreeRTOS/Source/queue.c **** 	{
2288:Middlewares/Third_Party/FreeRTOS/Source/queue.c **** 		xReturn = pdFALSE;
2289:Middlewares/Third_Party/FreeRTOS/Source/queue.c **** 	}
2290:Middlewares/Third_Party/FreeRTOS/Source/queue.c **** 
2291:Middlewares/Third_Party/FreeRTOS/Source/queue.c **** 	return xReturn;
2292:Middlewares/Third_Party/FreeRTOS/Source/queue.c **** } /*lint !e818 xQueue could not be pointer to const because it is a typedef. */
2293:Middlewares/Third_Party/FreeRTOS/Source/queue.c **** /*-----------------------------------------------------------*/
2294:Middlewares/Third_Party/FreeRTOS/Source/queue.c **** 
2295:Middlewares/Third_Party/FreeRTOS/Source/queue.c **** static BaseType_t prvIsQueueFull( const Queue_t *pxQueue )
2296:Middlewares/Third_Party/FreeRTOS/Source/queue.c **** {
  68              		.loc 1 2296 1 is_stmt 1 view -0
  69              		.cfi_startproc
  70              		@ args = 0, pretend = 0, frame = 0
  71              		@ frame_needed = 0, uses_anonymous_args = 0
  72              		.loc 1 2296 1 is_stmt 0 view .LVU13
  73 0000 10B5     		push	{r4, lr}
  74              	.LCFI0:
  75              		.cfi_def_cfa_offset 8
  76              		.cfi_offset 4, -8
  77              		.cfi_offset 14, -4
  78 0002 0446     		mov	r4, r0
2297:Middlewares/Third_Party/FreeRTOS/Source/queue.c **** BaseType_t xReturn;
  79              		.loc 1 2297 1 is_stmt 1 view .LVU14
2298:Middlewares/Third_Party/FreeRTOS/Source/queue.c **** 
2299:Middlewares/Third_Party/FreeRTOS/Source/queue.c **** 	taskENTER_CRITICAL();
  80              		.loc 1 2299 2 view .LVU15
  81 0004 FFF7FEFF 		bl	vPortEnterCritical
  82              	.LVL5:
2300:Middlewares/Third_Party/FreeRTOS/Source/queue.c **** 	{
2301:Middlewares/Third_Party/FreeRTOS/Source/queue.c **** 		if( pxQueue->uxMessagesWaiting == pxQueue->uxLength )
  83              		.loc 1 2301 3 view .LVU16
  84              		.loc 1 2301 14 is_stmt 0 view .LVU17
  85 0008 A26B     		ldr	r2, [r4, #56]
  86              		.loc 1 2301 44 view .LVU18
  87 000a E36B     		ldr	r3, [r4, #60]
  88              		.loc 1 2301 5 view .LVU19
  89 000c 9A42     		cmp	r2, r3
  90 000e 04D0     		beq	.L7
2302:Middlewares/Third_Party/FreeRTOS/Source/queue.c **** 		{
2303:Middlewares/Third_Party/FreeRTOS/Source/queue.c **** 			xReturn = pdTRUE;
2304:Middlewares/Third_Party/FreeRTOS/Source/queue.c **** 		}
2305:Middlewares/Third_Party/FreeRTOS/Source/queue.c **** 		else
2306:Middlewares/Third_Party/FreeRTOS/Source/queue.c **** 		{
2307:Middlewares/Third_Party/FreeRTOS/Source/queue.c **** 			xReturn = pdFALSE;
ARM GAS  /tmp/cc8vE36X.s 			page 43


  91              		.loc 1 2307 12 view .LVU20
  92 0010 0024     		movs	r4, #0
  93              	.LVL6:
  94              	.L4:
2308:Middlewares/Third_Party/FreeRTOS/Source/queue.c **** 		}
2309:Middlewares/Third_Party/FreeRTOS/Source/queue.c **** 	}
2310:Middlewares/Third_Party/FreeRTOS/Source/queue.c **** 	taskEXIT_CRITICAL();
  95              		.loc 1 2310 2 is_stmt 1 view .LVU21
  96 0012 FFF7FEFF 		bl	vPortExitCritical
  97              	.LVL7:
2311:Middlewares/Third_Party/FreeRTOS/Source/queue.c **** 
2312:Middlewares/Third_Party/FreeRTOS/Source/queue.c **** 	return xReturn;
  98              		.loc 1 2312 2 view .LVU22
2313:Middlewares/Third_Party/FreeRTOS/Source/queue.c **** }
  99              		.loc 1 2313 1 is_stmt 0 view .LVU23
 100 0016 2046     		mov	r0, r4
 101 0018 10BD     		pop	{r4, pc}
 102              	.LVL8:
 103              	.L7:
2303:Middlewares/Third_Party/FreeRTOS/Source/queue.c **** 		}
 104              		.loc 1 2303 12 view .LVU24
 105 001a 0124     		movs	r4, #1
 106              	.LVL9:
2303:Middlewares/Third_Party/FreeRTOS/Source/queue.c **** 		}
 107              		.loc 1 2303 12 view .LVU25
 108 001c F9E7     		b	.L4
 109              		.cfi_endproc
 110              	.LFE38:
 112              		.section	.text.prvIsQueueEmpty,"ax",%progbits
 113              		.align	1
 114              		.syntax unified
 115              		.thumb
 116              		.thumb_func
 118              	prvIsQueueEmpty:
 119              	.LVL10:
 120              	.LFB36:
2257:Middlewares/Third_Party/FreeRTOS/Source/queue.c **** BaseType_t xReturn;
 121              		.loc 1 2257 1 is_stmt 1 view -0
 122              		.cfi_startproc
 123              		@ args = 0, pretend = 0, frame = 0
 124              		@ frame_needed = 0, uses_anonymous_args = 0
2257:Middlewares/Third_Party/FreeRTOS/Source/queue.c **** BaseType_t xReturn;
 125              		.loc 1 2257 1 is_stmt 0 view .LVU27
 126 0000 10B5     		push	{r4, lr}
 127              	.LCFI1:
 128              		.cfi_def_cfa_offset 8
 129              		.cfi_offset 4, -8
 130              		.cfi_offset 14, -4
 131 0002 0446     		mov	r4, r0
2258:Middlewares/Third_Party/FreeRTOS/Source/queue.c **** 
 132              		.loc 1 2258 1 is_stmt 1 view .LVU28
2260:Middlewares/Third_Party/FreeRTOS/Source/queue.c **** 	{
 133              		.loc 1 2260 2 view .LVU29
 134 0004 FFF7FEFF 		bl	vPortEnterCritical
 135              	.LVL11:
2262:Middlewares/Third_Party/FreeRTOS/Source/queue.c **** 		{
 136              		.loc 1 2262 3 view .LVU30
ARM GAS  /tmp/cc8vE36X.s 			page 44


2262:Middlewares/Third_Party/FreeRTOS/Source/queue.c **** 		{
 137              		.loc 1 2262 14 is_stmt 0 view .LVU31
 138 0008 A36B     		ldr	r3, [r4, #56]
2262:Middlewares/Third_Party/FreeRTOS/Source/queue.c **** 		{
 139              		.loc 1 2262 5 view .LVU32
 140 000a 23B9     		cbnz	r3, .L10
2264:Middlewares/Third_Party/FreeRTOS/Source/queue.c **** 		}
 141              		.loc 1 2264 12 view .LVU33
 142 000c 0124     		movs	r4, #1
 143              	.LVL12:
 144              	.L9:
2271:Middlewares/Third_Party/FreeRTOS/Source/queue.c **** 
 145              		.loc 1 2271 2 is_stmt 1 view .LVU34
 146 000e FFF7FEFF 		bl	vPortExitCritical
 147              	.LVL13:
2273:Middlewares/Third_Party/FreeRTOS/Source/queue.c **** }
 148              		.loc 1 2273 2 view .LVU35
2274:Middlewares/Third_Party/FreeRTOS/Source/queue.c **** /*-----------------------------------------------------------*/
 149              		.loc 1 2274 1 is_stmt 0 view .LVU36
 150 0012 2046     		mov	r0, r4
 151 0014 10BD     		pop	{r4, pc}
 152              	.LVL14:
 153              	.L10:
2268:Middlewares/Third_Party/FreeRTOS/Source/queue.c **** 		}
 154              		.loc 1 2268 12 view .LVU37
 155 0016 0024     		movs	r4, #0
 156              	.LVL15:
2268:Middlewares/Third_Party/FreeRTOS/Source/queue.c **** 		}
 157              		.loc 1 2268 12 view .LVU38
 158 0018 F9E7     		b	.L9
 159              		.cfi_endproc
 160              	.LFE36:
 162              		.section	.text.prvCopyDataToQueue,"ax",%progbits
 163              		.align	1
 164              		.syntax unified
 165              		.thumb
 166              		.thumb_func
 168              	prvCopyDataToQueue:
 169              	.LVL16:
 170              	.LFB33:
2040:Middlewares/Third_Party/FreeRTOS/Source/queue.c **** BaseType_t xReturn = pdFALSE;
 171              		.loc 1 2040 1 is_stmt 1 view -0
 172              		.cfi_startproc
 173              		@ args = 0, pretend = 0, frame = 0
 174              		@ frame_needed = 0, uses_anonymous_args = 0
2040:Middlewares/Third_Party/FreeRTOS/Source/queue.c **** BaseType_t xReturn = pdFALSE;
 175              		.loc 1 2040 1 is_stmt 0 view .LVU40
 176 0000 70B5     		push	{r4, r5, r6, lr}
 177              	.LCFI2:
 178              		.cfi_def_cfa_offset 16
 179              		.cfi_offset 4, -16
 180              		.cfi_offset 5, -12
 181              		.cfi_offset 6, -8
 182              		.cfi_offset 14, -4
 183 0002 0446     		mov	r4, r0
 184 0004 1546     		mov	r5, r2
2041:Middlewares/Third_Party/FreeRTOS/Source/queue.c **** UBaseType_t uxMessagesWaiting;
ARM GAS  /tmp/cc8vE36X.s 			page 45


 185              		.loc 1 2041 1 is_stmt 1 view .LVU41
 186              	.LVL17:
2042:Middlewares/Third_Party/FreeRTOS/Source/queue.c **** 
 187              		.loc 1 2042 1 view .LVU42
2046:Middlewares/Third_Party/FreeRTOS/Source/queue.c **** 
 188              		.loc 1 2046 2 view .LVU43
2046:Middlewares/Third_Party/FreeRTOS/Source/queue.c **** 
 189              		.loc 1 2046 20 is_stmt 0 view .LVU44
 190 0006 866B     		ldr	r6, [r0, #56]
 191              	.LVL18:
2048:Middlewares/Third_Party/FreeRTOS/Source/queue.c **** 	{
 192              		.loc 1 2048 2 is_stmt 1 view .LVU45
2048:Middlewares/Third_Party/FreeRTOS/Source/queue.c **** 	{
 193              		.loc 1 2048 13 is_stmt 0 view .LVU46
 194 0008 026C     		ldr	r2, [r0, #64]
 195              	.LVL19:
2048:Middlewares/Third_Party/FreeRTOS/Source/queue.c **** 	{
 196              		.loc 1 2048 4 view .LVU47
 197 000a 5AB9     		cbnz	r2, .L13
2052:Middlewares/Third_Party/FreeRTOS/Source/queue.c **** 			{
 198              		.loc 1 2052 4 is_stmt 1 view .LVU48
2052:Middlewares/Third_Party/FreeRTOS/Source/queue.c **** 			{
 199              		.loc 1 2052 15 is_stmt 0 view .LVU49
 200 000c 0368     		ldr	r3, [r0]
2052:Middlewares/Third_Party/FreeRTOS/Source/queue.c **** 			{
 201              		.loc 1 2052 6 view .LVU50
 202 000e 1BB1     		cbz	r3, .L22
2041:Middlewares/Third_Party/FreeRTOS/Source/queue.c **** UBaseType_t uxMessagesWaiting;
 203              		.loc 1 2041 12 view .LVU51
 204 0010 0020     		movs	r0, #0
 205              	.LVL20:
 206              	.L14:
2108:Middlewares/Third_Party/FreeRTOS/Source/queue.c **** 		}
 207              		.loc 1 2108 28 is_stmt 1 view .LVU52
2112:Middlewares/Third_Party/FreeRTOS/Source/queue.c **** 
 208              		.loc 1 2112 2 view .LVU53
2112:Middlewares/Third_Party/FreeRTOS/Source/queue.c **** 
 209              		.loc 1 2112 49 is_stmt 0 view .LVU54
 210 0012 0136     		adds	r6, r6, #1
 211              	.LVL21:
2112:Middlewares/Third_Party/FreeRTOS/Source/queue.c **** 
 212              		.loc 1 2112 29 view .LVU55
 213 0014 A663     		str	r6, [r4, #56]
2114:Middlewares/Third_Party/FreeRTOS/Source/queue.c **** }
 214              		.loc 1 2114 2 is_stmt 1 view .LVU56
2115:Middlewares/Third_Party/FreeRTOS/Source/queue.c **** /*-----------------------------------------------------------*/
 215              		.loc 1 2115 1 is_stmt 0 view .LVU57
 216 0016 70BD     		pop	{r4, r5, r6, pc}
 217              	.LVL22:
 218              	.L22:
2055:Middlewares/Third_Party/FreeRTOS/Source/queue.c **** 				pxQueue->pxMutexHolder = NULL;
 219              		.loc 1 2055 5 is_stmt 1 view .LVU58
2055:Middlewares/Third_Party/FreeRTOS/Source/queue.c **** 				pxQueue->pxMutexHolder = NULL;
 220              		.loc 1 2055 15 is_stmt 0 view .LVU59
 221 0018 4068     		ldr	r0, [r0, #4]
 222              	.LVL23:
2055:Middlewares/Third_Party/FreeRTOS/Source/queue.c **** 				pxQueue->pxMutexHolder = NULL;
ARM GAS  /tmp/cc8vE36X.s 			page 46


 223              		.loc 1 2055 15 view .LVU60
 224 001a FFF7FEFF 		bl	xTaskPriorityDisinherit
 225              	.LVL24:
2056:Middlewares/Third_Party/FreeRTOS/Source/queue.c **** 			}
 226              		.loc 1 2056 5 is_stmt 1 view .LVU61
2056:Middlewares/Third_Party/FreeRTOS/Source/queue.c **** 			}
 227              		.loc 1 2056 28 is_stmt 0 view .LVU62
 228 001e 0023     		movs	r3, #0
 229 0020 6360     		str	r3, [r4, #4]
 230 0022 F6E7     		b	.L14
 231              	.LVL25:
 232              	.L13:
2065:Middlewares/Third_Party/FreeRTOS/Source/queue.c **** 	{
 233              		.loc 1 2065 7 is_stmt 1 view .LVU63
2065:Middlewares/Third_Party/FreeRTOS/Source/queue.c **** 	{
 234              		.loc 1 2065 9 is_stmt 0 view .LVU64
 235 0024 6DB9     		cbnz	r5, .L15
2067:Middlewares/Third_Party/FreeRTOS/Source/queue.c **** 		pxQueue->pcWriteTo += pxQueue->uxItemSize;
 236              		.loc 1 2067 3 is_stmt 1 view .LVU65
2067:Middlewares/Third_Party/FreeRTOS/Source/queue.c **** 		pxQueue->pcWriteTo += pxQueue->uxItemSize;
 237              		.loc 1 2067 12 is_stmt 0 view .LVU66
 238 0026 8068     		ldr	r0, [r0, #8]
 239              	.LVL26:
2067:Middlewares/Third_Party/FreeRTOS/Source/queue.c **** 		pxQueue->pcWriteTo += pxQueue->uxItemSize;
 240              		.loc 1 2067 12 view .LVU67
 241 0028 FFF7FEFF 		bl	memcpy
 242              	.LVL27:
2068:Middlewares/Third_Party/FreeRTOS/Source/queue.c **** 		if( pxQueue->pcWriteTo >= pxQueue->pcTail ) /*lint !e946 MISRA exception justified as comparison 
 243              		.loc 1 2068 3 is_stmt 1 view .LVU68
2068:Middlewares/Third_Party/FreeRTOS/Source/queue.c **** 		if( pxQueue->pcWriteTo >= pxQueue->pcTail ) /*lint !e946 MISRA exception justified as comparison 
 244              		.loc 1 2068 10 is_stmt 0 view .LVU69
 245 002c A368     		ldr	r3, [r4, #8]
2068:Middlewares/Third_Party/FreeRTOS/Source/queue.c **** 		if( pxQueue->pcWriteTo >= pxQueue->pcTail ) /*lint !e946 MISRA exception justified as comparison 
 246              		.loc 1 2068 32 view .LVU70
 247 002e 226C     		ldr	r2, [r4, #64]
2068:Middlewares/Third_Party/FreeRTOS/Source/queue.c **** 		if( pxQueue->pcWriteTo >= pxQueue->pcTail ) /*lint !e946 MISRA exception justified as comparison 
 248              		.loc 1 2068 22 view .LVU71
 249 0030 1344     		add	r3, r3, r2
 250 0032 A360     		str	r3, [r4, #8]
2069:Middlewares/Third_Party/FreeRTOS/Source/queue.c **** 		{
 251              		.loc 1 2069 3 is_stmt 1 view .LVU72
2069:Middlewares/Third_Party/FreeRTOS/Source/queue.c **** 		{
 252              		.loc 1 2069 36 is_stmt 0 view .LVU73
 253 0034 6268     		ldr	r2, [r4, #4]
2069:Middlewares/Third_Party/FreeRTOS/Source/queue.c **** 		{
 254              		.loc 1 2069 5 view .LVU74
 255 0036 9342     		cmp	r3, r2
 256 0038 19D3     		bcc	.L18
2071:Middlewares/Third_Party/FreeRTOS/Source/queue.c **** 		}
 257              		.loc 1 2071 4 is_stmt 1 view .LVU75
2071:Middlewares/Third_Party/FreeRTOS/Source/queue.c **** 		}
 258              		.loc 1 2071 32 is_stmt 0 view .LVU76
 259 003a 2368     		ldr	r3, [r4]
2071:Middlewares/Third_Party/FreeRTOS/Source/queue.c **** 		}
 260              		.loc 1 2071 23 view .LVU77
 261 003c A360     		str	r3, [r4, #8]
2041:Middlewares/Third_Party/FreeRTOS/Source/queue.c **** UBaseType_t uxMessagesWaiting;
ARM GAS  /tmp/cc8vE36X.s 			page 47


 262              		.loc 1 2041 12 view .LVU78
 263 003e 2846     		mov	r0, r5
 264 0040 E7E7     		b	.L14
 265              	.LVL28:
 266              	.L15:
2080:Middlewares/Third_Party/FreeRTOS/Source/queue.c **** 		pxQueue->u.pcReadFrom -= pxQueue->uxItemSize;
 267              		.loc 1 2080 3 is_stmt 1 view .LVU79
2080:Middlewares/Third_Party/FreeRTOS/Source/queue.c **** 		pxQueue->u.pcReadFrom -= pxQueue->uxItemSize;
 268              		.loc 1 2080 12 is_stmt 0 view .LVU80
 269 0042 C068     		ldr	r0, [r0, #12]
 270              	.LVL29:
2080:Middlewares/Third_Party/FreeRTOS/Source/queue.c **** 		pxQueue->u.pcReadFrom -= pxQueue->uxItemSize;
 271              		.loc 1 2080 12 view .LVU81
 272 0044 FFF7FEFF 		bl	memcpy
 273              	.LVL30:
2081:Middlewares/Third_Party/FreeRTOS/Source/queue.c **** 		if( pxQueue->u.pcReadFrom < pxQueue->pcHead ) /*lint !e946 MISRA exception justified as compariso
 274              		.loc 1 2081 3 is_stmt 1 view .LVU82
2081:Middlewares/Third_Party/FreeRTOS/Source/queue.c **** 		if( pxQueue->u.pcReadFrom < pxQueue->pcHead ) /*lint !e946 MISRA exception justified as compariso
 275              		.loc 1 2081 13 is_stmt 0 view .LVU83
 276 0048 E368     		ldr	r3, [r4, #12]
2081:Middlewares/Third_Party/FreeRTOS/Source/queue.c **** 		if( pxQueue->u.pcReadFrom < pxQueue->pcHead ) /*lint !e946 MISRA exception justified as compariso
 277              		.loc 1 2081 35 view .LVU84
 278 004a 226C     		ldr	r2, [r4, #64]
2081:Middlewares/Third_Party/FreeRTOS/Source/queue.c **** 		if( pxQueue->u.pcReadFrom < pxQueue->pcHead ) /*lint !e946 MISRA exception justified as compariso
 279              		.loc 1 2081 25 view .LVU85
 280 004c 5142     		rsbs	r1, r2, #0
 281 004e 9B1A     		subs	r3, r3, r2
 282 0050 E360     		str	r3, [r4, #12]
2082:Middlewares/Third_Party/FreeRTOS/Source/queue.c **** 		{
 283              		.loc 1 2082 3 is_stmt 1 view .LVU86
2082:Middlewares/Third_Party/FreeRTOS/Source/queue.c **** 		{
 284              		.loc 1 2082 38 is_stmt 0 view .LVU87
 285 0052 2268     		ldr	r2, [r4]
2082:Middlewares/Third_Party/FreeRTOS/Source/queue.c **** 		{
 286              		.loc 1 2082 5 view .LVU88
 287 0054 9342     		cmp	r3, r2
 288 0056 02D2     		bcs	.L16
2084:Middlewares/Third_Party/FreeRTOS/Source/queue.c **** 		}
 289              		.loc 1 2084 4 is_stmt 1 view .LVU89
2084:Middlewares/Third_Party/FreeRTOS/Source/queue.c **** 		}
 290              		.loc 1 2084 37 is_stmt 0 view .LVU90
 291 0058 6368     		ldr	r3, [r4, #4]
2084:Middlewares/Third_Party/FreeRTOS/Source/queue.c **** 		}
 292              		.loc 1 2084 46 view .LVU91
 293 005a 0B44     		add	r3, r3, r1
2084:Middlewares/Third_Party/FreeRTOS/Source/queue.c **** 		}
 294              		.loc 1 2084 26 view .LVU92
 295 005c E360     		str	r3, [r4, #12]
 296              	.L16:
2088:Middlewares/Third_Party/FreeRTOS/Source/queue.c **** 		}
 297              		.loc 1 2088 28 is_stmt 1 view .LVU93
2091:Middlewares/Third_Party/FreeRTOS/Source/queue.c **** 		{
 298              		.loc 1 2091 3 view .LVU94
2091:Middlewares/Third_Party/FreeRTOS/Source/queue.c **** 		{
 299              		.loc 1 2091 5 is_stmt 0 view .LVU95
 300 005e 022D     		cmp	r5, #2
 301 0060 01D0     		beq	.L23
ARM GAS  /tmp/cc8vE36X.s 			page 48


2041:Middlewares/Third_Party/FreeRTOS/Source/queue.c **** UBaseType_t uxMessagesWaiting;
 302              		.loc 1 2041 12 view .LVU96
 303 0062 0020     		movs	r0, #0
 304 0064 D5E7     		b	.L14
 305              	.L23:
2093:Middlewares/Third_Party/FreeRTOS/Source/queue.c **** 			{
 306              		.loc 1 2093 4 is_stmt 1 view .LVU97
2093:Middlewares/Third_Party/FreeRTOS/Source/queue.c **** 			{
 307              		.loc 1 2093 6 is_stmt 0 view .LVU98
 308 0066 26B1     		cbz	r6, .L20
2099:Middlewares/Third_Party/FreeRTOS/Source/queue.c **** 			}
 309              		.loc 1 2099 5 is_stmt 1 view .LVU99
 310 0068 013E     		subs	r6, r6, #1
 311              	.LVL31:
2041:Middlewares/Third_Party/FreeRTOS/Source/queue.c **** UBaseType_t uxMessagesWaiting;
 312              		.loc 1 2041 12 is_stmt 0 view .LVU100
 313 006a 0020     		movs	r0, #0
 314 006c D1E7     		b	.L14
 315              	.L18:
2041:Middlewares/Third_Party/FreeRTOS/Source/queue.c **** UBaseType_t uxMessagesWaiting;
 316              		.loc 1 2041 12 view .LVU101
 317 006e 2846     		mov	r0, r5
 318 0070 CFE7     		b	.L14
 319              	.L20:
2041:Middlewares/Third_Party/FreeRTOS/Source/queue.c **** UBaseType_t uxMessagesWaiting;
 320              		.loc 1 2041 12 view .LVU102
 321 0072 0020     		movs	r0, #0
 322 0074 CDE7     		b	.L14
 323              		.cfi_endproc
 324              	.LFE33:
 326              		.section	.text.prvCopyDataFromQueue,"ax",%progbits
 327              		.align	1
 328              		.syntax unified
 329              		.thumb
 330              		.thumb_func
 332              	prvCopyDataFromQueue:
 333              	.LVL32:
 334              	.LFB34:
2119:Middlewares/Third_Party/FreeRTOS/Source/queue.c **** 	if( pxQueue->uxItemSize != ( UBaseType_t ) 0 )
 335              		.loc 1 2119 1 is_stmt 1 view -0
 336              		.cfi_startproc
 337              		@ args = 0, pretend = 0, frame = 0
 338              		@ frame_needed = 0, uses_anonymous_args = 0
2119:Middlewares/Third_Party/FreeRTOS/Source/queue.c **** 	if( pxQueue->uxItemSize != ( UBaseType_t ) 0 )
 339              		.loc 1 2119 1 is_stmt 0 view .LVU104
 340 0000 0346     		mov	r3, r0
2120:Middlewares/Third_Party/FreeRTOS/Source/queue.c **** 	{
 341              		.loc 1 2120 2 is_stmt 1 view .LVU105
2120:Middlewares/Third_Party/FreeRTOS/Source/queue.c **** 	{
 342              		.loc 1 2120 13 is_stmt 0 view .LVU106
 343 0002 026C     		ldr	r2, [r0, #64]
2120:Middlewares/Third_Party/FreeRTOS/Source/queue.c **** 	{
 344              		.loc 1 2120 4 view .LVU107
 345 0004 6AB1     		cbz	r2, .L28
2119:Middlewares/Third_Party/FreeRTOS/Source/queue.c **** 	if( pxQueue->uxItemSize != ( UBaseType_t ) 0 )
 346              		.loc 1 2119 1 view .LVU108
 347 0006 10B5     		push	{r4, lr}
ARM GAS  /tmp/cc8vE36X.s 			page 49


 348              	.LCFI3:
 349              		.cfi_def_cfa_offset 8
 350              		.cfi_offset 4, -8
 351              		.cfi_offset 14, -4
 352 0008 0846     		mov	r0, r1
 353              	.LVL33:
2122:Middlewares/Third_Party/FreeRTOS/Source/queue.c **** 		if( pxQueue->u.pcReadFrom >= pxQueue->pcTail ) /*lint !e946 MISRA exception justified as use of t
 354              		.loc 1 2122 3 is_stmt 1 view .LVU109
2122:Middlewares/Third_Party/FreeRTOS/Source/queue.c **** 		if( pxQueue->u.pcReadFrom >= pxQueue->pcTail ) /*lint !e946 MISRA exception justified as use of t
 355              		.loc 1 2122 13 is_stmt 0 view .LVU110
 356 000a D968     		ldr	r1, [r3, #12]
 357              	.LVL34:
2122:Middlewares/Third_Party/FreeRTOS/Source/queue.c **** 		if( pxQueue->u.pcReadFrom >= pxQueue->pcTail ) /*lint !e946 MISRA exception justified as use of t
 358              		.loc 1 2122 25 view .LVU111
 359 000c 1144     		add	r1, r1, r2
 360 000e D960     		str	r1, [r3, #12]
2123:Middlewares/Third_Party/FreeRTOS/Source/queue.c **** 		{
 361              		.loc 1 2123 3 is_stmt 1 view .LVU112
2123:Middlewares/Third_Party/FreeRTOS/Source/queue.c **** 		{
 362              		.loc 1 2123 5 is_stmt 0 view .LVU113
 363 0010 5C68     		ldr	r4, [r3, #4]
 364 0012 A142     		cmp	r1, r4
 365 0014 01D3     		bcc	.L26
2125:Middlewares/Third_Party/FreeRTOS/Source/queue.c **** 		}
 366              		.loc 1 2125 4 is_stmt 1 view .LVU114
2125:Middlewares/Third_Party/FreeRTOS/Source/queue.c **** 		}
 367              		.loc 1 2125 35 is_stmt 0 view .LVU115
 368 0016 1968     		ldr	r1, [r3]
2125:Middlewares/Third_Party/FreeRTOS/Source/queue.c **** 		}
 369              		.loc 1 2125 26 view .LVU116
 370 0018 D960     		str	r1, [r3, #12]
 371              	.L26:
2129:Middlewares/Third_Party/FreeRTOS/Source/queue.c **** 		}
 372              		.loc 1 2129 28 is_stmt 1 view .LVU117
2131:Middlewares/Third_Party/FreeRTOS/Source/queue.c **** 	}
 373              		.loc 1 2131 3 view .LVU118
2131:Middlewares/Third_Party/FreeRTOS/Source/queue.c **** 	}
 374              		.loc 1 2131 12 is_stmt 0 view .LVU119
 375 001a D968     		ldr	r1, [r3, #12]
 376 001c FFF7FEFF 		bl	memcpy
 377              	.LVL35:
2133:Middlewares/Third_Party/FreeRTOS/Source/queue.c **** /*-----------------------------------------------------------*/
 378              		.loc 1 2133 1 view .LVU120
 379 0020 10BD     		pop	{r4, pc}
 380              	.LVL36:
 381              	.L28:
 382              	.LCFI4:
 383              		.cfi_def_cfa_offset 0
 384              		.cfi_restore 4
 385              		.cfi_restore 14
2133:Middlewares/Third_Party/FreeRTOS/Source/queue.c **** /*-----------------------------------------------------------*/
 386              		.loc 1 2133 1 view .LVU121
 387 0022 7047     		bx	lr
 388              		.cfi_endproc
 389              	.LFE34:
 391              		.section	.text.prvUnlockQueue,"ax",%progbits
 392              		.align	1
ARM GAS  /tmp/cc8vE36X.s 			page 50


 393              		.syntax unified
 394              		.thumb
 395              		.thumb_func
 397              	prvUnlockQueue:
 398              	.LVL37:
 399              	.LFB35:
2137:Middlewares/Third_Party/FreeRTOS/Source/queue.c **** 	/* THIS FUNCTION MUST BE CALLED WITH THE SCHEDULER SUSPENDED. */
 400              		.loc 1 2137 1 is_stmt 1 view -0
 401              		.cfi_startproc
 402              		@ args = 0, pretend = 0, frame = 0
 403              		@ frame_needed = 0, uses_anonymous_args = 0
2137:Middlewares/Third_Party/FreeRTOS/Source/queue.c **** 	/* THIS FUNCTION MUST BE CALLED WITH THE SCHEDULER SUSPENDED. */
 404              		.loc 1 2137 1 is_stmt 0 view .LVU123
 405 0000 38B5     		push	{r3, r4, r5, lr}
 406              	.LCFI5:
 407              		.cfi_def_cfa_offset 16
 408              		.cfi_offset 3, -16
 409              		.cfi_offset 4, -12
 410              		.cfi_offset 5, -8
 411              		.cfi_offset 14, -4
 412 0002 0546     		mov	r5, r0
2144:Middlewares/Third_Party/FreeRTOS/Source/queue.c **** 	{
 413              		.loc 1 2144 2 is_stmt 1 view .LVU124
 414 0004 FFF7FEFF 		bl	vPortEnterCritical
 415              	.LVL38:
 416              	.LBB118:
2146:Middlewares/Third_Party/FreeRTOS/Source/queue.c **** 
 417              		.loc 1 2146 3 view .LVU125
2146:Middlewares/Third_Party/FreeRTOS/Source/queue.c **** 
 418              		.loc 1 2146 10 is_stmt 0 view .LVU126
 419 0008 95F84540 		ldrb	r4, [r5, #69]	@ zero_extendqisi2
 420 000c 64B2     		sxtb	r4, r4
 421              	.LVL39:
2149:Middlewares/Third_Party/FreeRTOS/Source/queue.c **** 		{
 422              		.loc 1 2149 3 is_stmt 1 view .LVU127
2149:Middlewares/Third_Party/FreeRTOS/Source/queue.c **** 		{
 423              		.loc 1 2149 8 is_stmt 0 view .LVU128
 424 000e 01E0     		b	.L32
 425              	.L34:
2207:Middlewares/Third_Party/FreeRTOS/Source/queue.c **** 					}
 426              		.loc 1 2207 31 is_stmt 1 view .LVU129
2217:Middlewares/Third_Party/FreeRTOS/Source/queue.c **** 		}
 427              		.loc 1 2217 4 view .LVU130
 428 0010 013C     		subs	r4, r4, #1
 429              	.LVL40:
2217:Middlewares/Third_Party/FreeRTOS/Source/queue.c **** 		}
 430              		.loc 1 2217 4 is_stmt 0 view .LVU131
 431 0012 64B2     		sxtb	r4, r4
 432              	.LVL41:
 433              	.L32:
2149:Middlewares/Third_Party/FreeRTOS/Source/queue.c **** 		{
 434              		.loc 1 2149 18 is_stmt 1 view .LVU132
 435 0014 002C     		cmp	r4, #0
 436 0016 0ADD     		ble	.L33
2197:Middlewares/Third_Party/FreeRTOS/Source/queue.c **** 				{
 437              		.loc 1 2197 5 view .LVU133
2197:Middlewares/Third_Party/FreeRTOS/Source/queue.c **** 				{
ARM GAS  /tmp/cc8vE36X.s 			page 51


 438              		.loc 1 2197 9 is_stmt 0 view .LVU134
 439 0018 6B6A     		ldr	r3, [r5, #36]
2197:Middlewares/Third_Party/FreeRTOS/Source/queue.c **** 				{
 440              		.loc 1 2197 7 view .LVU135
 441 001a 43B1     		cbz	r3, .L33
2199:Middlewares/Third_Party/FreeRTOS/Source/queue.c **** 					{
 442              		.loc 1 2199 6 is_stmt 1 view .LVU136
2199:Middlewares/Third_Party/FreeRTOS/Source/queue.c **** 					{
 443              		.loc 1 2199 10 is_stmt 0 view .LVU137
 444 001c 05F12400 		add	r0, r5, #36
 445 0020 FFF7FEFF 		bl	xTaskRemoveFromEventList
 446              	.LVL42:
2199:Middlewares/Third_Party/FreeRTOS/Source/queue.c **** 					{
 447              		.loc 1 2199 8 discriminator 1 view .LVU138
 448 0024 0028     		cmp	r0, #0
 449 0026 F3D0     		beq	.L34
2203:Middlewares/Third_Party/FreeRTOS/Source/queue.c **** 					}
 450              		.loc 1 2203 7 is_stmt 1 view .LVU139
 451 0028 FFF7FEFF 		bl	vTaskMissedYield
 452              	.LVL43:
 453 002c F0E7     		b	.L34
 454              	.L33:
2220:Middlewares/Third_Party/FreeRTOS/Source/queue.c **** 	}
 455              		.loc 1 2220 3 view .LVU140
2220:Middlewares/Third_Party/FreeRTOS/Source/queue.c **** 	}
 456              		.loc 1 2220 20 is_stmt 0 view .LVU141
 457 002e FF23     		movs	r3, #255
 458 0030 85F84530 		strb	r3, [r5, #69]
 459              	.LBE118:
2222:Middlewares/Third_Party/FreeRTOS/Source/queue.c **** 
 460              		.loc 1 2222 2 is_stmt 1 view .LVU142
 461 0034 FFF7FEFF 		bl	vPortExitCritical
 462              	.LVL44:
2225:Middlewares/Third_Party/FreeRTOS/Source/queue.c **** 	{
 463              		.loc 1 2225 2 view .LVU143
 464 0038 FFF7FEFF 		bl	vPortEnterCritical
 465              	.LVL45:
 466              	.LBB119:
2227:Middlewares/Third_Party/FreeRTOS/Source/queue.c **** 
 467              		.loc 1 2227 3 view .LVU144
2227:Middlewares/Third_Party/FreeRTOS/Source/queue.c **** 
 468              		.loc 1 2227 10 is_stmt 0 view .LVU145
 469 003c 95F84440 		ldrb	r4, [r5, #68]	@ zero_extendqisi2
 470              	.LVL46:
2227:Middlewares/Third_Party/FreeRTOS/Source/queue.c **** 
 471              		.loc 1 2227 10 view .LVU146
 472 0040 64B2     		sxtb	r4, r4
 473              	.LVL47:
2229:Middlewares/Third_Party/FreeRTOS/Source/queue.c **** 		{
 474              		.loc 1 2229 3 is_stmt 1 view .LVU147
2229:Middlewares/Third_Party/FreeRTOS/Source/queue.c **** 		{
 475              		.loc 1 2229 8 is_stmt 0 view .LVU148
 476 0042 01E0     		b	.L36
 477              	.L38:
2239:Middlewares/Third_Party/FreeRTOS/Source/queue.c **** 				}
 478              		.loc 1 2239 30 is_stmt 1 view .LVU149
2242:Middlewares/Third_Party/FreeRTOS/Source/queue.c **** 			}
ARM GAS  /tmp/cc8vE36X.s 			page 52


 479              		.loc 1 2242 5 view .LVU150
 480 0044 013C     		subs	r4, r4, #1
 481              	.LVL48:
2242:Middlewares/Third_Party/FreeRTOS/Source/queue.c **** 			}
 482              		.loc 1 2242 5 is_stmt 0 view .LVU151
 483 0046 64B2     		sxtb	r4, r4
 484              	.LVL49:
 485              	.L36:
2229:Middlewares/Third_Party/FreeRTOS/Source/queue.c **** 		{
 486              		.loc 1 2229 18 is_stmt 1 view .LVU152
 487 0048 002C     		cmp	r4, #0
 488 004a 0ADD     		ble	.L37
2231:Middlewares/Third_Party/FreeRTOS/Source/queue.c **** 			{
 489              		.loc 1 2231 4 view .LVU153
2231:Middlewares/Third_Party/FreeRTOS/Source/queue.c **** 			{
 490              		.loc 1 2231 8 is_stmt 0 view .LVU154
 491 004c 2B69     		ldr	r3, [r5, #16]
2231:Middlewares/Third_Party/FreeRTOS/Source/queue.c **** 			{
 492              		.loc 1 2231 6 view .LVU155
 493 004e 43B1     		cbz	r3, .L37
2233:Middlewares/Third_Party/FreeRTOS/Source/queue.c **** 				{
 494              		.loc 1 2233 5 is_stmt 1 view .LVU156
2233:Middlewares/Third_Party/FreeRTOS/Source/queue.c **** 				{
 495              		.loc 1 2233 9 is_stmt 0 view .LVU157
 496 0050 05F11000 		add	r0, r5, #16
 497 0054 FFF7FEFF 		bl	xTaskRemoveFromEventList
 498              	.LVL50:
2233:Middlewares/Third_Party/FreeRTOS/Source/queue.c **** 				{
 499              		.loc 1 2233 7 discriminator 1 view .LVU158
 500 0058 0028     		cmp	r0, #0
 501 005a F3D0     		beq	.L38
2235:Middlewares/Third_Party/FreeRTOS/Source/queue.c **** 				}
 502              		.loc 1 2235 6 is_stmt 1 view .LVU159
 503 005c FFF7FEFF 		bl	vTaskMissedYield
 504              	.LVL51:
 505 0060 F0E7     		b	.L38
 506              	.L37:
2250:Middlewares/Third_Party/FreeRTOS/Source/queue.c **** 	}
 507              		.loc 1 2250 3 view .LVU160
2250:Middlewares/Third_Party/FreeRTOS/Source/queue.c **** 	}
 508              		.loc 1 2250 20 is_stmt 0 view .LVU161
 509 0062 FF23     		movs	r3, #255
 510 0064 85F84430 		strb	r3, [r5, #68]
 511              	.LBE119:
2252:Middlewares/Third_Party/FreeRTOS/Source/queue.c **** }
 512              		.loc 1 2252 2 is_stmt 1 view .LVU162
 513 0068 FFF7FEFF 		bl	vPortExitCritical
 514              	.LVL52:
2253:Middlewares/Third_Party/FreeRTOS/Source/queue.c **** /*-----------------------------------------------------------*/
 515              		.loc 1 2253 1 is_stmt 0 view .LVU163
 516 006c 38BD     		pop	{r3, r4, r5, pc}
2253:Middlewares/Third_Party/FreeRTOS/Source/queue.c **** /*-----------------------------------------------------------*/
 517              		.loc 1 2253 1 view .LVU164
 518              		.cfi_endproc
 519              	.LFE35:
 521              		.section	.text.xQueueGenericReset,"ax",%progbits
 522              		.align	1
ARM GAS  /tmp/cc8vE36X.s 			page 53


 523              		.global	xQueueGenericReset
 524              		.syntax unified
 525              		.thumb
 526              		.thumb_func
 528              	xQueueGenericReset:
 529              	.LVL53:
 530              	.LFB4:
 248:Middlewares/Third_Party/FreeRTOS/Source/queue.c **** Queue_t * const pxQueue = ( Queue_t * ) xQueue;
 531              		.loc 1 248 1 is_stmt 1 view -0
 532              		.cfi_startproc
 533              		@ args = 0, pretend = 0, frame = 0
 534              		@ frame_needed = 0, uses_anonymous_args = 0
 248:Middlewares/Third_Party/FreeRTOS/Source/queue.c **** Queue_t * const pxQueue = ( Queue_t * ) xQueue;
 535              		.loc 1 248 1 is_stmt 0 view .LVU166
 536 0000 38B5     		push	{r3, r4, r5, lr}
 537              	.LCFI6:
 538              		.cfi_def_cfa_offset 16
 539              		.cfi_offset 3, -16
 540              		.cfi_offset 4, -12
 541              		.cfi_offset 5, -8
 542              		.cfi_offset 14, -4
 249:Middlewares/Third_Party/FreeRTOS/Source/queue.c **** 
 543              		.loc 1 249 1 is_stmt 1 view .LVU167
 544              	.LVL54:
 251:Middlewares/Third_Party/FreeRTOS/Source/queue.c **** 
 545              		.loc 1 251 2 view .LVU168
 546 0002 E0B1     		cbz	r0, .L47
 547 0004 0D46     		mov	r5, r1
 548 0006 0446     		mov	r4, r0
 251:Middlewares/Third_Party/FreeRTOS/Source/queue.c **** 
 549              		.loc 1 251 25 discriminator 2 view .LVU169
 253:Middlewares/Third_Party/FreeRTOS/Source/queue.c **** 	{
 550              		.loc 1 253 2 view .LVU170
 551 0008 FFF7FEFF 		bl	vPortEnterCritical
 552              	.LVL55:
 255:Middlewares/Third_Party/FreeRTOS/Source/queue.c **** 		pxQueue->uxMessagesWaiting = ( UBaseType_t ) 0U;
 553              		.loc 1 255 3 view .LVU171
 255:Middlewares/Third_Party/FreeRTOS/Source/queue.c **** 		pxQueue->uxMessagesWaiting = ( UBaseType_t ) 0U;
 554              		.loc 1 255 28 is_stmt 0 view .LVU172
 555 000c 2368     		ldr	r3, [r4]
 255:Middlewares/Third_Party/FreeRTOS/Source/queue.c **** 		pxQueue->uxMessagesWaiting = ( UBaseType_t ) 0U;
 556              		.loc 1 255 48 view .LVU173
 557 000e E26B     		ldr	r2, [r4, #60]
 255:Middlewares/Third_Party/FreeRTOS/Source/queue.c **** 		pxQueue->uxMessagesWaiting = ( UBaseType_t ) 0U;
 558              		.loc 1 255 68 view .LVU174
 559 0010 216C     		ldr	r1, [r4, #64]
 255:Middlewares/Third_Party/FreeRTOS/Source/queue.c **** 		pxQueue->uxMessagesWaiting = ( UBaseType_t ) 0U;
 560              		.loc 1 255 37 view .LVU175
 561 0012 01FB0230 		mla	r0, r1, r2, r3
 255:Middlewares/Third_Party/FreeRTOS/Source/queue.c **** 		pxQueue->uxMessagesWaiting = ( UBaseType_t ) 0U;
 562              		.loc 1 255 19 view .LVU176
 563 0016 6060     		str	r0, [r4, #4]
 256:Middlewares/Third_Party/FreeRTOS/Source/queue.c **** 		pxQueue->pcWriteTo = pxQueue->pcHead;
 564              		.loc 1 256 3 is_stmt 1 view .LVU177
 256:Middlewares/Third_Party/FreeRTOS/Source/queue.c **** 		pxQueue->pcWriteTo = pxQueue->pcHead;
 565              		.loc 1 256 30 is_stmt 0 view .LVU178
 566 0018 0020     		movs	r0, #0
ARM GAS  /tmp/cc8vE36X.s 			page 54


 567 001a A063     		str	r0, [r4, #56]
 257:Middlewares/Third_Party/FreeRTOS/Source/queue.c **** 		pxQueue->u.pcReadFrom = pxQueue->pcHead + ( ( pxQueue->uxLength - ( UBaseType_t ) 1U ) * pxQueue-
 568              		.loc 1 257 3 is_stmt 1 view .LVU179
 257:Middlewares/Third_Party/FreeRTOS/Source/queue.c **** 		pxQueue->u.pcReadFrom = pxQueue->pcHead + ( ( pxQueue->uxLength - ( UBaseType_t ) 1U ) * pxQueue-
 569              		.loc 1 257 22 is_stmt 0 view .LVU180
 570 001c A360     		str	r3, [r4, #8]
 258:Middlewares/Third_Party/FreeRTOS/Source/queue.c **** 		pxQueue->cRxLock = queueUNLOCKED;
 571              		.loc 1 258 3 is_stmt 1 view .LVU181
 258:Middlewares/Third_Party/FreeRTOS/Source/queue.c **** 		pxQueue->cRxLock = queueUNLOCKED;
 572              		.loc 1 258 67 is_stmt 0 view .LVU182
 573 001e 013A     		subs	r2, r2, #1
 258:Middlewares/Third_Party/FreeRTOS/Source/queue.c **** 		pxQueue->cRxLock = queueUNLOCKED;
 574              		.loc 1 258 43 view .LVU183
 575 0020 02FB0133 		mla	r3, r2, r1, r3
 258:Middlewares/Third_Party/FreeRTOS/Source/queue.c **** 		pxQueue->cRxLock = queueUNLOCKED;
 576              		.loc 1 258 25 view .LVU184
 577 0024 E360     		str	r3, [r4, #12]
 259:Middlewares/Third_Party/FreeRTOS/Source/queue.c **** 		pxQueue->cTxLock = queueUNLOCKED;
 578              		.loc 1 259 3 is_stmt 1 view .LVU185
 259:Middlewares/Third_Party/FreeRTOS/Source/queue.c **** 		pxQueue->cTxLock = queueUNLOCKED;
 579              		.loc 1 259 20 is_stmt 0 view .LVU186
 580 0026 FF23     		movs	r3, #255
 581 0028 84F84430 		strb	r3, [r4, #68]
 260:Middlewares/Third_Party/FreeRTOS/Source/queue.c **** 
 582              		.loc 1 260 3 is_stmt 1 view .LVU187
 260:Middlewares/Third_Party/FreeRTOS/Source/queue.c **** 
 583              		.loc 1 260 20 is_stmt 0 view .LVU188
 584 002c 84F84530 		strb	r3, [r4, #69]
 262:Middlewares/Third_Party/FreeRTOS/Source/queue.c **** 		{
 585              		.loc 1 262 3 is_stmt 1 view .LVU189
 262:Middlewares/Third_Party/FreeRTOS/Source/queue.c **** 		{
 586              		.loc 1 262 5 is_stmt 0 view .LVU190
 587 0030 FDB9     		cbnz	r5, .L44
 269:Middlewares/Third_Party/FreeRTOS/Source/queue.c **** 			{
 588              		.loc 1 269 4 is_stmt 1 view .LVU191
 269:Middlewares/Third_Party/FreeRTOS/Source/queue.c **** 			{
 589              		.loc 1 269 8 is_stmt 0 view .LVU192
 590 0032 2369     		ldr	r3, [r4, #16]
 269:Middlewares/Third_Party/FreeRTOS/Source/queue.c **** 			{
 591              		.loc 1 269 6 view .LVU193
 592 0034 63B9     		cbnz	r3, .L48
 593              	.L45:
 292:Middlewares/Third_Party/FreeRTOS/Source/queue.c **** 
 594              		.loc 1 292 2 is_stmt 1 view .LVU194
 595 0036 FFF7FEFF 		bl	vPortExitCritical
 596              	.LVL56:
 296:Middlewares/Third_Party/FreeRTOS/Source/queue.c **** }
 597              		.loc 1 296 2 view .LVU195
 297:Middlewares/Third_Party/FreeRTOS/Source/queue.c **** /*-----------------------------------------------------------*/
 598              		.loc 1 297 1 is_stmt 0 view .LVU196
 599 003a 0120     		movs	r0, #1
 600 003c 38BD     		pop	{r3, r4, r5, pc}
 601              	.LVL57:
 602              	.L47:
 251:Middlewares/Third_Party/FreeRTOS/Source/queue.c **** 
 603              		.loc 1 251 2 is_stmt 1 discriminator 1 view .LVU197
 604              	.LBB120:
ARM GAS  /tmp/cc8vE36X.s 			page 55


 605              	.LBI120:
 606              		.file 2 "Middlewares/Third_Party/FreeRTOS/Source/portable/GCC/ARM_CM4F/portmacro.h"
   1:Middlewares/Third_Party/FreeRTOS/Source/portable/GCC/ARM_CM4F/portmacro.h **** /*
   2:Middlewares/Third_Party/FreeRTOS/Source/portable/GCC/ARM_CM4F/portmacro.h ****  * FreeRTOS Kernel V10.0.1
   3:Middlewares/Third_Party/FreeRTOS/Source/portable/GCC/ARM_CM4F/portmacro.h ****  * Copyright (C) 2017 Amazon.com, Inc. or its affiliates.  All Rights Reserved.
   4:Middlewares/Third_Party/FreeRTOS/Source/portable/GCC/ARM_CM4F/portmacro.h ****  *
   5:Middlewares/Third_Party/FreeRTOS/Source/portable/GCC/ARM_CM4F/portmacro.h ****  * Permission is hereby granted, free of charge, to any person obtaining a copy of
   6:Middlewares/Third_Party/FreeRTOS/Source/portable/GCC/ARM_CM4F/portmacro.h ****  * this software and associated documentation files (the "Software"), to deal in
   7:Middlewares/Third_Party/FreeRTOS/Source/portable/GCC/ARM_CM4F/portmacro.h ****  * the Software without restriction, including without limitation the rights to
   8:Middlewares/Third_Party/FreeRTOS/Source/portable/GCC/ARM_CM4F/portmacro.h ****  * use, copy, modify, merge, publish, distribute, sublicense, and/or sell copies of
   9:Middlewares/Third_Party/FreeRTOS/Source/portable/GCC/ARM_CM4F/portmacro.h ****  * the Software, and to permit persons to whom the Software is furnished to do so,
  10:Middlewares/Third_Party/FreeRTOS/Source/portable/GCC/ARM_CM4F/portmacro.h ****  * subject to the following conditions:
  11:Middlewares/Third_Party/FreeRTOS/Source/portable/GCC/ARM_CM4F/portmacro.h ****  *
  12:Middlewares/Third_Party/FreeRTOS/Source/portable/GCC/ARM_CM4F/portmacro.h ****  * The above copyright notice and this permission notice shall be included in all
  13:Middlewares/Third_Party/FreeRTOS/Source/portable/GCC/ARM_CM4F/portmacro.h ****  * copies or substantial portions of the Software.
  14:Middlewares/Third_Party/FreeRTOS/Source/portable/GCC/ARM_CM4F/portmacro.h ****  *
  15:Middlewares/Third_Party/FreeRTOS/Source/portable/GCC/ARM_CM4F/portmacro.h ****  * THE SOFTWARE IS PROVIDED "AS IS", WITHOUT WARRANTY OF ANY KIND, EXPRESS OR
  16:Middlewares/Third_Party/FreeRTOS/Source/portable/GCC/ARM_CM4F/portmacro.h ****  * IMPLIED, INCLUDING BUT NOT LIMITED TO THE WARRANTIES OF MERCHANTABILITY, FITNESS
  17:Middlewares/Third_Party/FreeRTOS/Source/portable/GCC/ARM_CM4F/portmacro.h ****  * FOR A PARTICULAR PURPOSE AND NONINFRINGEMENT. IN NO EVENT SHALL THE AUTHORS OR
  18:Middlewares/Third_Party/FreeRTOS/Source/portable/GCC/ARM_CM4F/portmacro.h ****  * COPYRIGHT HOLDERS BE LIABLE FOR ANY CLAIM, DAMAGES OR OTHER LIABILITY, WHETHER
  19:Middlewares/Third_Party/FreeRTOS/Source/portable/GCC/ARM_CM4F/portmacro.h ****  * IN AN ACTION OF CONTRACT, TORT OR OTHERWISE, ARISING FROM, OUT OF OR IN
  20:Middlewares/Third_Party/FreeRTOS/Source/portable/GCC/ARM_CM4F/portmacro.h ****  * CONNECTION WITH THE SOFTWARE OR THE USE OR OTHER DEALINGS IN THE SOFTWARE.
  21:Middlewares/Third_Party/FreeRTOS/Source/portable/GCC/ARM_CM4F/portmacro.h ****  *
  22:Middlewares/Third_Party/FreeRTOS/Source/portable/GCC/ARM_CM4F/portmacro.h ****  * http://www.FreeRTOS.org
  23:Middlewares/Third_Party/FreeRTOS/Source/portable/GCC/ARM_CM4F/portmacro.h ****  * http://aws.amazon.com/freertos
  24:Middlewares/Third_Party/FreeRTOS/Source/portable/GCC/ARM_CM4F/portmacro.h ****  *
  25:Middlewares/Third_Party/FreeRTOS/Source/portable/GCC/ARM_CM4F/portmacro.h ****  * 1 tab == 4 spaces!
  26:Middlewares/Third_Party/FreeRTOS/Source/portable/GCC/ARM_CM4F/portmacro.h ****  */
  27:Middlewares/Third_Party/FreeRTOS/Source/portable/GCC/ARM_CM4F/portmacro.h **** 
  28:Middlewares/Third_Party/FreeRTOS/Source/portable/GCC/ARM_CM4F/portmacro.h **** 
  29:Middlewares/Third_Party/FreeRTOS/Source/portable/GCC/ARM_CM4F/portmacro.h **** #ifndef PORTMACRO_H
  30:Middlewares/Third_Party/FreeRTOS/Source/portable/GCC/ARM_CM4F/portmacro.h **** #define PORTMACRO_H
  31:Middlewares/Third_Party/FreeRTOS/Source/portable/GCC/ARM_CM4F/portmacro.h **** 
  32:Middlewares/Third_Party/FreeRTOS/Source/portable/GCC/ARM_CM4F/portmacro.h **** #ifdef __cplusplus
  33:Middlewares/Third_Party/FreeRTOS/Source/portable/GCC/ARM_CM4F/portmacro.h **** extern "C" {
  34:Middlewares/Third_Party/FreeRTOS/Source/portable/GCC/ARM_CM4F/portmacro.h **** #endif
  35:Middlewares/Third_Party/FreeRTOS/Source/portable/GCC/ARM_CM4F/portmacro.h **** 
  36:Middlewares/Third_Party/FreeRTOS/Source/portable/GCC/ARM_CM4F/portmacro.h **** /*-----------------------------------------------------------
  37:Middlewares/Third_Party/FreeRTOS/Source/portable/GCC/ARM_CM4F/portmacro.h ****  * Port specific definitions.
  38:Middlewares/Third_Party/FreeRTOS/Source/portable/GCC/ARM_CM4F/portmacro.h ****  *
  39:Middlewares/Third_Party/FreeRTOS/Source/portable/GCC/ARM_CM4F/portmacro.h ****  * The settings in this file configure FreeRTOS correctly for the
  40:Middlewares/Third_Party/FreeRTOS/Source/portable/GCC/ARM_CM4F/portmacro.h ****  * given hardware and compiler.
  41:Middlewares/Third_Party/FreeRTOS/Source/portable/GCC/ARM_CM4F/portmacro.h ****  *
  42:Middlewares/Third_Party/FreeRTOS/Source/portable/GCC/ARM_CM4F/portmacro.h ****  * These settings should not be altered.
  43:Middlewares/Third_Party/FreeRTOS/Source/portable/GCC/ARM_CM4F/portmacro.h ****  *-----------------------------------------------------------
  44:Middlewares/Third_Party/FreeRTOS/Source/portable/GCC/ARM_CM4F/portmacro.h ****  */
  45:Middlewares/Third_Party/FreeRTOS/Source/portable/GCC/ARM_CM4F/portmacro.h **** 
  46:Middlewares/Third_Party/FreeRTOS/Source/portable/GCC/ARM_CM4F/portmacro.h **** /* Type definitions. */
  47:Middlewares/Third_Party/FreeRTOS/Source/portable/GCC/ARM_CM4F/portmacro.h **** #define portCHAR		char
  48:Middlewares/Third_Party/FreeRTOS/Source/portable/GCC/ARM_CM4F/portmacro.h **** #define portFLOAT		float
  49:Middlewares/Third_Party/FreeRTOS/Source/portable/GCC/ARM_CM4F/portmacro.h **** #define portDOUBLE		double
  50:Middlewares/Third_Party/FreeRTOS/Source/portable/GCC/ARM_CM4F/portmacro.h **** #define portLONG		long
  51:Middlewares/Third_Party/FreeRTOS/Source/portable/GCC/ARM_CM4F/portmacro.h **** #define portSHORT		short
  52:Middlewares/Third_Party/FreeRTOS/Source/portable/GCC/ARM_CM4F/portmacro.h **** #define portSTACK_TYPE	uint32_t
  53:Middlewares/Third_Party/FreeRTOS/Source/portable/GCC/ARM_CM4F/portmacro.h **** #define portBASE_TYPE	long
  54:Middlewares/Third_Party/FreeRTOS/Source/portable/GCC/ARM_CM4F/portmacro.h **** 
  55:Middlewares/Third_Party/FreeRTOS/Source/portable/GCC/ARM_CM4F/portmacro.h **** typedef portSTACK_TYPE StackType_t;
ARM GAS  /tmp/cc8vE36X.s 			page 56


  56:Middlewares/Third_Party/FreeRTOS/Source/portable/GCC/ARM_CM4F/portmacro.h **** typedef long BaseType_t;
  57:Middlewares/Third_Party/FreeRTOS/Source/portable/GCC/ARM_CM4F/portmacro.h **** typedef unsigned long UBaseType_t;
  58:Middlewares/Third_Party/FreeRTOS/Source/portable/GCC/ARM_CM4F/portmacro.h **** 
  59:Middlewares/Third_Party/FreeRTOS/Source/portable/GCC/ARM_CM4F/portmacro.h **** #if( configUSE_16_BIT_TICKS == 1 )
  60:Middlewares/Third_Party/FreeRTOS/Source/portable/GCC/ARM_CM4F/portmacro.h **** 	typedef uint16_t TickType_t;
  61:Middlewares/Third_Party/FreeRTOS/Source/portable/GCC/ARM_CM4F/portmacro.h **** 	#define portMAX_DELAY ( TickType_t ) 0xffff
  62:Middlewares/Third_Party/FreeRTOS/Source/portable/GCC/ARM_CM4F/portmacro.h **** #else
  63:Middlewares/Third_Party/FreeRTOS/Source/portable/GCC/ARM_CM4F/portmacro.h **** 	typedef uint32_t TickType_t;
  64:Middlewares/Third_Party/FreeRTOS/Source/portable/GCC/ARM_CM4F/portmacro.h **** 	#define portMAX_DELAY ( TickType_t ) 0xffffffffUL
  65:Middlewares/Third_Party/FreeRTOS/Source/portable/GCC/ARM_CM4F/portmacro.h **** 
  66:Middlewares/Third_Party/FreeRTOS/Source/portable/GCC/ARM_CM4F/portmacro.h **** 	/* 32-bit tick type on a 32-bit architecture, so reads of the tick count do
  67:Middlewares/Third_Party/FreeRTOS/Source/portable/GCC/ARM_CM4F/portmacro.h **** 	not need to be guarded with a critical section. */
  68:Middlewares/Third_Party/FreeRTOS/Source/portable/GCC/ARM_CM4F/portmacro.h **** 	#define portTICK_TYPE_IS_ATOMIC 1
  69:Middlewares/Third_Party/FreeRTOS/Source/portable/GCC/ARM_CM4F/portmacro.h **** #endif
  70:Middlewares/Third_Party/FreeRTOS/Source/portable/GCC/ARM_CM4F/portmacro.h **** /*-----------------------------------------------------------*/
  71:Middlewares/Third_Party/FreeRTOS/Source/portable/GCC/ARM_CM4F/portmacro.h **** 
  72:Middlewares/Third_Party/FreeRTOS/Source/portable/GCC/ARM_CM4F/portmacro.h **** /* Architecture specifics. */
  73:Middlewares/Third_Party/FreeRTOS/Source/portable/GCC/ARM_CM4F/portmacro.h **** #define portSTACK_GROWTH			( -1 )
  74:Middlewares/Third_Party/FreeRTOS/Source/portable/GCC/ARM_CM4F/portmacro.h **** #define portTICK_PERIOD_MS			( ( TickType_t ) 1000 / configTICK_RATE_HZ )
  75:Middlewares/Third_Party/FreeRTOS/Source/portable/GCC/ARM_CM4F/portmacro.h **** #define portBYTE_ALIGNMENT			8
  76:Middlewares/Third_Party/FreeRTOS/Source/portable/GCC/ARM_CM4F/portmacro.h **** /*-----------------------------------------------------------*/
  77:Middlewares/Third_Party/FreeRTOS/Source/portable/GCC/ARM_CM4F/portmacro.h **** 
  78:Middlewares/Third_Party/FreeRTOS/Source/portable/GCC/ARM_CM4F/portmacro.h **** /* Scheduler utilities. */
  79:Middlewares/Third_Party/FreeRTOS/Source/portable/GCC/ARM_CM4F/portmacro.h **** #define portYIELD() 															\
  80:Middlewares/Third_Party/FreeRTOS/Source/portable/GCC/ARM_CM4F/portmacro.h **** {																				\
  81:Middlewares/Third_Party/FreeRTOS/Source/portable/GCC/ARM_CM4F/portmacro.h **** 	/* Set a PendSV to request a context switch. */								\
  82:Middlewares/Third_Party/FreeRTOS/Source/portable/GCC/ARM_CM4F/portmacro.h **** 	portNVIC_INT_CTRL_REG = portNVIC_PENDSVSET_BIT;								\
  83:Middlewares/Third_Party/FreeRTOS/Source/portable/GCC/ARM_CM4F/portmacro.h **** 																				\
  84:Middlewares/Third_Party/FreeRTOS/Source/portable/GCC/ARM_CM4F/portmacro.h **** 	/* Barriers are normally not required but do ensure the code is completely	\
  85:Middlewares/Third_Party/FreeRTOS/Source/portable/GCC/ARM_CM4F/portmacro.h **** 	within the specified behaviour for the architecture. */						\
  86:Middlewares/Third_Party/FreeRTOS/Source/portable/GCC/ARM_CM4F/portmacro.h **** 	__asm volatile( "dsb" ::: "memory" );										\
  87:Middlewares/Third_Party/FreeRTOS/Source/portable/GCC/ARM_CM4F/portmacro.h **** 	__asm volatile( "isb" );													\
  88:Middlewares/Third_Party/FreeRTOS/Source/portable/GCC/ARM_CM4F/portmacro.h **** }
  89:Middlewares/Third_Party/FreeRTOS/Source/portable/GCC/ARM_CM4F/portmacro.h **** 
  90:Middlewares/Third_Party/FreeRTOS/Source/portable/GCC/ARM_CM4F/portmacro.h **** #define portNVIC_INT_CTRL_REG		( * ( ( volatile uint32_t * ) 0xe000ed04 ) )
  91:Middlewares/Third_Party/FreeRTOS/Source/portable/GCC/ARM_CM4F/portmacro.h **** #define portNVIC_PENDSVSET_BIT		( 1UL << 28UL )
  92:Middlewares/Third_Party/FreeRTOS/Source/portable/GCC/ARM_CM4F/portmacro.h **** #define portEND_SWITCHING_ISR( xSwitchRequired ) if( xSwitchRequired != pdFALSE ) portYIELD()
  93:Middlewares/Third_Party/FreeRTOS/Source/portable/GCC/ARM_CM4F/portmacro.h **** #define portYIELD_FROM_ISR( x ) portEND_SWITCHING_ISR( x )
  94:Middlewares/Third_Party/FreeRTOS/Source/portable/GCC/ARM_CM4F/portmacro.h **** /*-----------------------------------------------------------*/
  95:Middlewares/Third_Party/FreeRTOS/Source/portable/GCC/ARM_CM4F/portmacro.h **** 
  96:Middlewares/Third_Party/FreeRTOS/Source/portable/GCC/ARM_CM4F/portmacro.h **** /* Critical section management. */
  97:Middlewares/Third_Party/FreeRTOS/Source/portable/GCC/ARM_CM4F/portmacro.h **** extern void vPortEnterCritical( void );
  98:Middlewares/Third_Party/FreeRTOS/Source/portable/GCC/ARM_CM4F/portmacro.h **** extern void vPortExitCritical( void );
  99:Middlewares/Third_Party/FreeRTOS/Source/portable/GCC/ARM_CM4F/portmacro.h **** #define portSET_INTERRUPT_MASK_FROM_ISR()		ulPortRaiseBASEPRI()
 100:Middlewares/Third_Party/FreeRTOS/Source/portable/GCC/ARM_CM4F/portmacro.h **** #define portCLEAR_INTERRUPT_MASK_FROM_ISR(x)	vPortSetBASEPRI(x)
 101:Middlewares/Third_Party/FreeRTOS/Source/portable/GCC/ARM_CM4F/portmacro.h **** #define portDISABLE_INTERRUPTS()				vPortRaiseBASEPRI()
 102:Middlewares/Third_Party/FreeRTOS/Source/portable/GCC/ARM_CM4F/portmacro.h **** #define portENABLE_INTERRUPTS()					vPortSetBASEPRI(0)
 103:Middlewares/Third_Party/FreeRTOS/Source/portable/GCC/ARM_CM4F/portmacro.h **** #define portENTER_CRITICAL()					vPortEnterCritical()
 104:Middlewares/Third_Party/FreeRTOS/Source/portable/GCC/ARM_CM4F/portmacro.h **** #define portEXIT_CRITICAL()						vPortExitCritical()
 105:Middlewares/Third_Party/FreeRTOS/Source/portable/GCC/ARM_CM4F/portmacro.h **** 
 106:Middlewares/Third_Party/FreeRTOS/Source/portable/GCC/ARM_CM4F/portmacro.h **** /*-----------------------------------------------------------*/
 107:Middlewares/Third_Party/FreeRTOS/Source/portable/GCC/ARM_CM4F/portmacro.h **** 
 108:Middlewares/Third_Party/FreeRTOS/Source/portable/GCC/ARM_CM4F/portmacro.h **** /* Task function macros as described on the FreeRTOS.org WEB site.  These are
 109:Middlewares/Third_Party/FreeRTOS/Source/portable/GCC/ARM_CM4F/portmacro.h **** not necessary for to use this port.  They are defined so the common demo files
 110:Middlewares/Third_Party/FreeRTOS/Source/portable/GCC/ARM_CM4F/portmacro.h **** (which build with all the ports) will build. */
 111:Middlewares/Third_Party/FreeRTOS/Source/portable/GCC/ARM_CM4F/portmacro.h **** #define portTASK_FUNCTION_PROTO( vFunction, pvParameters ) void vFunction( void *pvParameters )
 112:Middlewares/Third_Party/FreeRTOS/Source/portable/GCC/ARM_CM4F/portmacro.h **** #define portTASK_FUNCTION( vFunction, pvParameters ) void vFunction( void *pvParameters )
ARM GAS  /tmp/cc8vE36X.s 			page 57


 113:Middlewares/Third_Party/FreeRTOS/Source/portable/GCC/ARM_CM4F/portmacro.h **** /*-----------------------------------------------------------*/
 114:Middlewares/Third_Party/FreeRTOS/Source/portable/GCC/ARM_CM4F/portmacro.h **** 
 115:Middlewares/Third_Party/FreeRTOS/Source/portable/GCC/ARM_CM4F/portmacro.h **** /* Tickless idle/low power functionality. */
 116:Middlewares/Third_Party/FreeRTOS/Source/portable/GCC/ARM_CM4F/portmacro.h **** #ifndef portSUPPRESS_TICKS_AND_SLEEP
 117:Middlewares/Third_Party/FreeRTOS/Source/portable/GCC/ARM_CM4F/portmacro.h **** 	extern void vPortSuppressTicksAndSleep( TickType_t xExpectedIdleTime );
 118:Middlewares/Third_Party/FreeRTOS/Source/portable/GCC/ARM_CM4F/portmacro.h **** 	#define portSUPPRESS_TICKS_AND_SLEEP( xExpectedIdleTime ) vPortSuppressTicksAndSleep( xExpectedIdl
 119:Middlewares/Third_Party/FreeRTOS/Source/portable/GCC/ARM_CM4F/portmacro.h **** #endif
 120:Middlewares/Third_Party/FreeRTOS/Source/portable/GCC/ARM_CM4F/portmacro.h **** /*-----------------------------------------------------------*/
 121:Middlewares/Third_Party/FreeRTOS/Source/portable/GCC/ARM_CM4F/portmacro.h **** 
 122:Middlewares/Third_Party/FreeRTOS/Source/portable/GCC/ARM_CM4F/portmacro.h **** /* Architecture specific optimisations. */
 123:Middlewares/Third_Party/FreeRTOS/Source/portable/GCC/ARM_CM4F/portmacro.h **** #ifndef configUSE_PORT_OPTIMISED_TASK_SELECTION
 124:Middlewares/Third_Party/FreeRTOS/Source/portable/GCC/ARM_CM4F/portmacro.h **** 	#define configUSE_PORT_OPTIMISED_TASK_SELECTION 1
 125:Middlewares/Third_Party/FreeRTOS/Source/portable/GCC/ARM_CM4F/portmacro.h **** #endif
 126:Middlewares/Third_Party/FreeRTOS/Source/portable/GCC/ARM_CM4F/portmacro.h **** 
 127:Middlewares/Third_Party/FreeRTOS/Source/portable/GCC/ARM_CM4F/portmacro.h **** #if configUSE_PORT_OPTIMISED_TASK_SELECTION == 1
 128:Middlewares/Third_Party/FreeRTOS/Source/portable/GCC/ARM_CM4F/portmacro.h **** 
 129:Middlewares/Third_Party/FreeRTOS/Source/portable/GCC/ARM_CM4F/portmacro.h **** 	/* Generic helper function. */
 130:Middlewares/Third_Party/FreeRTOS/Source/portable/GCC/ARM_CM4F/portmacro.h **** 	__attribute__( ( always_inline ) ) static inline uint8_t ucPortCountLeadingZeros( uint32_t ulBitma
 131:Middlewares/Third_Party/FreeRTOS/Source/portable/GCC/ARM_CM4F/portmacro.h **** 	{
 132:Middlewares/Third_Party/FreeRTOS/Source/portable/GCC/ARM_CM4F/portmacro.h **** 	uint8_t ucReturn;
 133:Middlewares/Third_Party/FreeRTOS/Source/portable/GCC/ARM_CM4F/portmacro.h **** 
 134:Middlewares/Third_Party/FreeRTOS/Source/portable/GCC/ARM_CM4F/portmacro.h **** 		__asm volatile ( "clz %0, %1" : "=r" ( ucReturn ) : "r" ( ulBitmap ) : "memory" );
 135:Middlewares/Third_Party/FreeRTOS/Source/portable/GCC/ARM_CM4F/portmacro.h **** 		return ucReturn;
 136:Middlewares/Third_Party/FreeRTOS/Source/portable/GCC/ARM_CM4F/portmacro.h **** 	}
 137:Middlewares/Third_Party/FreeRTOS/Source/portable/GCC/ARM_CM4F/portmacro.h **** 
 138:Middlewares/Third_Party/FreeRTOS/Source/portable/GCC/ARM_CM4F/portmacro.h **** 	/* Check the configuration. */
 139:Middlewares/Third_Party/FreeRTOS/Source/portable/GCC/ARM_CM4F/portmacro.h **** 	#if( configMAX_PRIORITIES > 32 )
 140:Middlewares/Third_Party/FreeRTOS/Source/portable/GCC/ARM_CM4F/portmacro.h **** 		#error configUSE_PORT_OPTIMISED_TASK_SELECTION can only be set to 1 when configMAX_PRIORITIES is 
 141:Middlewares/Third_Party/FreeRTOS/Source/portable/GCC/ARM_CM4F/portmacro.h **** 	#endif
 142:Middlewares/Third_Party/FreeRTOS/Source/portable/GCC/ARM_CM4F/portmacro.h **** 
 143:Middlewares/Third_Party/FreeRTOS/Source/portable/GCC/ARM_CM4F/portmacro.h **** 	/* Store/clear the ready priorities in a bit map. */
 144:Middlewares/Third_Party/FreeRTOS/Source/portable/GCC/ARM_CM4F/portmacro.h **** 	#define portRECORD_READY_PRIORITY( uxPriority, uxReadyPriorities ) ( uxReadyPriorities ) |= ( 1UL 
 145:Middlewares/Third_Party/FreeRTOS/Source/portable/GCC/ARM_CM4F/portmacro.h **** 	#define portRESET_READY_PRIORITY( uxPriority, uxReadyPriorities ) ( uxReadyPriorities ) &= ~( 1UL 
 146:Middlewares/Third_Party/FreeRTOS/Source/portable/GCC/ARM_CM4F/portmacro.h **** 
 147:Middlewares/Third_Party/FreeRTOS/Source/portable/GCC/ARM_CM4F/portmacro.h **** 	/*-----------------------------------------------------------*/
 148:Middlewares/Third_Party/FreeRTOS/Source/portable/GCC/ARM_CM4F/portmacro.h **** 
 149:Middlewares/Third_Party/FreeRTOS/Source/portable/GCC/ARM_CM4F/portmacro.h **** 	#define portGET_HIGHEST_PRIORITY( uxTopPriority, uxReadyPriorities ) uxTopPriority = ( 31UL - ( ui
 150:Middlewares/Third_Party/FreeRTOS/Source/portable/GCC/ARM_CM4F/portmacro.h **** 
 151:Middlewares/Third_Party/FreeRTOS/Source/portable/GCC/ARM_CM4F/portmacro.h **** #endif /* configUSE_PORT_OPTIMISED_TASK_SELECTION */
 152:Middlewares/Third_Party/FreeRTOS/Source/portable/GCC/ARM_CM4F/portmacro.h **** 
 153:Middlewares/Third_Party/FreeRTOS/Source/portable/GCC/ARM_CM4F/portmacro.h **** /*-----------------------------------------------------------*/
 154:Middlewares/Third_Party/FreeRTOS/Source/portable/GCC/ARM_CM4F/portmacro.h **** 
 155:Middlewares/Third_Party/FreeRTOS/Source/portable/GCC/ARM_CM4F/portmacro.h **** #ifdef configASSERT
 156:Middlewares/Third_Party/FreeRTOS/Source/portable/GCC/ARM_CM4F/portmacro.h **** 	void vPortValidateInterruptPriority( void );
 157:Middlewares/Third_Party/FreeRTOS/Source/portable/GCC/ARM_CM4F/portmacro.h **** 	#define portASSERT_IF_INTERRUPT_PRIORITY_INVALID() 	vPortValidateInterruptPriority()
 158:Middlewares/Third_Party/FreeRTOS/Source/portable/GCC/ARM_CM4F/portmacro.h **** #endif
 159:Middlewares/Third_Party/FreeRTOS/Source/portable/GCC/ARM_CM4F/portmacro.h **** 
 160:Middlewares/Third_Party/FreeRTOS/Source/portable/GCC/ARM_CM4F/portmacro.h **** /* portNOP() is not required by this port. */
 161:Middlewares/Third_Party/FreeRTOS/Source/portable/GCC/ARM_CM4F/portmacro.h **** #define portNOP()
 162:Middlewares/Third_Party/FreeRTOS/Source/portable/GCC/ARM_CM4F/portmacro.h **** 
 163:Middlewares/Third_Party/FreeRTOS/Source/portable/GCC/ARM_CM4F/portmacro.h **** #define portINLINE	__inline
 164:Middlewares/Third_Party/FreeRTOS/Source/portable/GCC/ARM_CM4F/portmacro.h **** 
 165:Middlewares/Third_Party/FreeRTOS/Source/portable/GCC/ARM_CM4F/portmacro.h **** #ifndef portFORCE_INLINE
 166:Middlewares/Third_Party/FreeRTOS/Source/portable/GCC/ARM_CM4F/portmacro.h **** 	#define portFORCE_INLINE inline __attribute__(( always_inline))
 167:Middlewares/Third_Party/FreeRTOS/Source/portable/GCC/ARM_CM4F/portmacro.h **** #endif
 168:Middlewares/Third_Party/FreeRTOS/Source/portable/GCC/ARM_CM4F/portmacro.h **** 
 169:Middlewares/Third_Party/FreeRTOS/Source/portable/GCC/ARM_CM4F/portmacro.h **** portFORCE_INLINE static BaseType_t xPortIsInsideInterrupt( void )
ARM GAS  /tmp/cc8vE36X.s 			page 58


 170:Middlewares/Third_Party/FreeRTOS/Source/portable/GCC/ARM_CM4F/portmacro.h **** {
 171:Middlewares/Third_Party/FreeRTOS/Source/portable/GCC/ARM_CM4F/portmacro.h **** uint32_t ulCurrentInterrupt;
 172:Middlewares/Third_Party/FreeRTOS/Source/portable/GCC/ARM_CM4F/portmacro.h **** BaseType_t xReturn;
 173:Middlewares/Third_Party/FreeRTOS/Source/portable/GCC/ARM_CM4F/portmacro.h **** 
 174:Middlewares/Third_Party/FreeRTOS/Source/portable/GCC/ARM_CM4F/portmacro.h **** 	/* Obtain the number of the currently executing interrupt. */
 175:Middlewares/Third_Party/FreeRTOS/Source/portable/GCC/ARM_CM4F/portmacro.h **** 	__asm volatile( "mrs %0, ipsr" : "=r"( ulCurrentInterrupt ) :: "memory" );
 176:Middlewares/Third_Party/FreeRTOS/Source/portable/GCC/ARM_CM4F/portmacro.h **** 
 177:Middlewares/Third_Party/FreeRTOS/Source/portable/GCC/ARM_CM4F/portmacro.h **** 	if( ulCurrentInterrupt == 0 )
 178:Middlewares/Third_Party/FreeRTOS/Source/portable/GCC/ARM_CM4F/portmacro.h **** 	{
 179:Middlewares/Third_Party/FreeRTOS/Source/portable/GCC/ARM_CM4F/portmacro.h **** 		xReturn = pdFALSE;
 180:Middlewares/Third_Party/FreeRTOS/Source/portable/GCC/ARM_CM4F/portmacro.h **** 	}
 181:Middlewares/Third_Party/FreeRTOS/Source/portable/GCC/ARM_CM4F/portmacro.h **** 	else
 182:Middlewares/Third_Party/FreeRTOS/Source/portable/GCC/ARM_CM4F/portmacro.h **** 	{
 183:Middlewares/Third_Party/FreeRTOS/Source/portable/GCC/ARM_CM4F/portmacro.h **** 		xReturn = pdTRUE;
 184:Middlewares/Third_Party/FreeRTOS/Source/portable/GCC/ARM_CM4F/portmacro.h **** 	}
 185:Middlewares/Third_Party/FreeRTOS/Source/portable/GCC/ARM_CM4F/portmacro.h **** 
 186:Middlewares/Third_Party/FreeRTOS/Source/portable/GCC/ARM_CM4F/portmacro.h **** 	return xReturn;
 187:Middlewares/Third_Party/FreeRTOS/Source/portable/GCC/ARM_CM4F/portmacro.h **** }
 188:Middlewares/Third_Party/FreeRTOS/Source/portable/GCC/ARM_CM4F/portmacro.h **** 
 189:Middlewares/Third_Party/FreeRTOS/Source/portable/GCC/ARM_CM4F/portmacro.h **** /*-----------------------------------------------------------*/
 190:Middlewares/Third_Party/FreeRTOS/Source/portable/GCC/ARM_CM4F/portmacro.h **** 
 191:Middlewares/Third_Party/FreeRTOS/Source/portable/GCC/ARM_CM4F/portmacro.h **** portFORCE_INLINE static void vPortRaiseBASEPRI( void )
 607              		.loc 2 191 30 view .LVU198
 608              	.LBB121:
 192:Middlewares/Third_Party/FreeRTOS/Source/portable/GCC/ARM_CM4F/portmacro.h **** {
 193:Middlewares/Third_Party/FreeRTOS/Source/portable/GCC/ARM_CM4F/portmacro.h **** uint32_t ulNewBASEPRI;
 609              		.loc 2 193 1 view .LVU199
 194:Middlewares/Third_Party/FreeRTOS/Source/portable/GCC/ARM_CM4F/portmacro.h **** 
 195:Middlewares/Third_Party/FreeRTOS/Source/portable/GCC/ARM_CM4F/portmacro.h **** 	__asm volatile
 610              		.loc 2 195 2 view .LVU200
 611              		.syntax unified
 612              	@ 195 "Middlewares/Third_Party/FreeRTOS/Source/portable/GCC/ARM_CM4F/portmacro.h" 1
 613 003e 4FF05003 			mov r3, #80												
 614 0042 83F31188 		msr basepri, r3											
 615 0046 BFF36F8F 		isb														
 616 004a BFF34F8F 		dsb														
 617              	
 618              	@ 0 "" 2
 619              		.thumb
 620              		.syntax unified
 621              	.L43:
 622              	.LBE121:
 623              	.LBE120:
 251:Middlewares/Third_Party/FreeRTOS/Source/queue.c **** 
 624              		.loc 1 251 2 discriminator 3 view .LVU201
 251:Middlewares/Third_Party/FreeRTOS/Source/queue.c **** 
 625              		.loc 1 251 2 discriminator 3 view .LVU202
 626 004e FEE7     		b	.L43
 627              	.LVL58:
 628              	.L48:
 271:Middlewares/Third_Party/FreeRTOS/Source/queue.c **** 				{
 629              		.loc 1 271 5 view .LVU203
 271:Middlewares/Third_Party/FreeRTOS/Source/queue.c **** 				{
 630              		.loc 1 271 9 is_stmt 0 view .LVU204
 631 0050 04F11000 		add	r0, r4, #16
 632 0054 FFF7FEFF 		bl	xTaskRemoveFromEventList
 633              	.LVL59:
ARM GAS  /tmp/cc8vE36X.s 			page 59


 271:Middlewares/Third_Party/FreeRTOS/Source/queue.c **** 				{
 634              		.loc 1 271 7 discriminator 1 view .LVU205
 635 0058 0028     		cmp	r0, #0
 636 005a ECD0     		beq	.L45
 273:Middlewares/Third_Party/FreeRTOS/Source/queue.c **** 				}
 637              		.loc 1 273 6 is_stmt 1 view .LVU206
 638 005c 4FF0E023 		mov	r3, #-536813568
 639 0060 4FF08052 		mov	r2, #268435456
 640 0064 C3F8042D 		str	r2, [r3, #3332]
 273:Middlewares/Third_Party/FreeRTOS/Source/queue.c **** 				}
 641              		.loc 1 273 6 view .LVU207
 642              		.syntax unified
 643              	@ 273 "Middlewares/Third_Party/FreeRTOS/Source/queue.c" 1
 644 0068 BFF34F8F 		dsb
 645              	@ 0 "" 2
 273:Middlewares/Third_Party/FreeRTOS/Source/queue.c **** 				}
 646              		.loc 1 273 6 view .LVU208
 647              	@ 273 "Middlewares/Third_Party/FreeRTOS/Source/queue.c" 1
 648 006c BFF36F8F 		isb
 649              	@ 0 "" 2
 273:Middlewares/Third_Party/FreeRTOS/Source/queue.c **** 				}
 650              		.loc 1 273 38 view .LVU209
 651              		.thumb
 652              		.syntax unified
 653 0070 E1E7     		b	.L45
 654              	.L44:
 288:Middlewares/Third_Party/FreeRTOS/Source/queue.c **** 			vListInitialise( &( pxQueue->xTasksWaitingToReceive ) );
 655              		.loc 1 288 4 view .LVU210
 656 0072 04F11000 		add	r0, r4, #16
 657 0076 FFF7FEFF 		bl	vListInitialise
 658              	.LVL60:
 289:Middlewares/Third_Party/FreeRTOS/Source/queue.c **** 		}
 659              		.loc 1 289 4 view .LVU211
 660 007a 04F12400 		add	r0, r4, #36
 661 007e FFF7FEFF 		bl	vListInitialise
 662              	.LVL61:
 663 0082 D8E7     		b	.L45
 664              		.cfi_endproc
 665              	.LFE4:
 667              		.section	.text.prvInitialiseNewQueue,"ax",%progbits
 668              		.align	1
 669              		.syntax unified
 670              		.thumb
 671              		.thumb_func
 673              	prvInitialiseNewQueue:
 674              	.LVL62:
 675              	.LFB7:
 409:Middlewares/Third_Party/FreeRTOS/Source/queue.c **** 	/* Remove compiler warnings about unused parameters should
 676              		.loc 1 409 1 view -0
 677              		.cfi_startproc
 678              		@ args = 4, pretend = 0, frame = 0
 679              		@ frame_needed = 0, uses_anonymous_args = 0
 409:Middlewares/Third_Party/FreeRTOS/Source/queue.c **** 	/* Remove compiler warnings about unused parameters should
 680              		.loc 1 409 1 is_stmt 0 view .LVU213
 681 0000 38B5     		push	{r3, r4, r5, lr}
 682              	.LCFI7:
 683              		.cfi_def_cfa_offset 16
ARM GAS  /tmp/cc8vE36X.s 			page 60


 684              		.cfi_offset 3, -16
 685              		.cfi_offset 4, -12
 686              		.cfi_offset 5, -8
 687              		.cfi_offset 14, -4
 688 0002 1D46     		mov	r5, r3
 689 0004 049C     		ldr	r4, [sp, #16]
 412:Middlewares/Third_Party/FreeRTOS/Source/queue.c **** 
 690              		.loc 1 412 2 is_stmt 1 view .LVU214
 414:Middlewares/Third_Party/FreeRTOS/Source/queue.c **** 	{
 691              		.loc 1 414 2 view .LVU215
 414:Middlewares/Third_Party/FreeRTOS/Source/queue.c **** 	{
 692              		.loc 1 414 4 is_stmt 0 view .LVU216
 693 0006 0B46     		mov	r3, r1
 694              	.LVL63:
 414:Middlewares/Third_Party/FreeRTOS/Source/queue.c **** 	{
 695              		.loc 1 414 4 view .LVU217
 696 0008 49B9     		cbnz	r1, .L50
 420:Middlewares/Third_Party/FreeRTOS/Source/queue.c **** 	}
 697              		.loc 1 420 3 is_stmt 1 view .LVU218
 420:Middlewares/Third_Party/FreeRTOS/Source/queue.c **** 	}
 698              		.loc 1 420 22 is_stmt 0 view .LVU219
 699 000a 2460     		str	r4, [r4]
 700              	.L51:
 430:Middlewares/Third_Party/FreeRTOS/Source/queue.c **** 	pxNewQueue->uxItemSize = uxItemSize;
 701              		.loc 1 430 2 is_stmt 1 view .LVU220
 430:Middlewares/Third_Party/FreeRTOS/Source/queue.c **** 	pxNewQueue->uxItemSize = uxItemSize;
 702              		.loc 1 430 23 is_stmt 0 view .LVU221
 703 000c E063     		str	r0, [r4, #60]
 431:Middlewares/Third_Party/FreeRTOS/Source/queue.c **** 	( void ) xQueueGenericReset( pxNewQueue, pdTRUE );
 704              		.loc 1 431 2 is_stmt 1 view .LVU222
 431:Middlewares/Third_Party/FreeRTOS/Source/queue.c **** 	( void ) xQueueGenericReset( pxNewQueue, pdTRUE );
 705              		.loc 1 431 25 is_stmt 0 view .LVU223
 706 000e 2364     		str	r3, [r4, #64]
 432:Middlewares/Third_Party/FreeRTOS/Source/queue.c **** 
 707              		.loc 1 432 2 is_stmt 1 view .LVU224
 432:Middlewares/Third_Party/FreeRTOS/Source/queue.c **** 
 708              		.loc 1 432 11 is_stmt 0 view .LVU225
 709 0010 0121     		movs	r1, #1
 710              	.LVL64:
 432:Middlewares/Third_Party/FreeRTOS/Source/queue.c **** 
 711              		.loc 1 432 11 view .LVU226
 712 0012 2046     		mov	r0, r4
 713              	.LVL65:
 432:Middlewares/Third_Party/FreeRTOS/Source/queue.c **** 
 714              		.loc 1 432 11 view .LVU227
 715 0014 FFF7FEFF 		bl	xQueueGenericReset
 716              	.LVL66:
 436:Middlewares/Third_Party/FreeRTOS/Source/queue.c **** 	}
 717              		.loc 1 436 3 is_stmt 1 view .LVU228
 436:Middlewares/Third_Party/FreeRTOS/Source/queue.c **** 	}
 718              		.loc 1 436 27 is_stmt 0 view .LVU229
 719 0018 84F84C50 		strb	r5, [r4, #76]
 446:Middlewares/Third_Party/FreeRTOS/Source/queue.c **** }
 720              		.loc 1 446 33 is_stmt 1 view .LVU230
 447:Middlewares/Third_Party/FreeRTOS/Source/queue.c **** /*-----------------------------------------------------------*/
 721              		.loc 1 447 1 is_stmt 0 view .LVU231
 722 001c 38BD     		pop	{r3, r4, r5, pc}
ARM GAS  /tmp/cc8vE36X.s 			page 61


 723              	.LVL67:
 724              	.L50:
 425:Middlewares/Third_Party/FreeRTOS/Source/queue.c **** 	}
 725              		.loc 1 425 3 is_stmt 1 view .LVU232
 425:Middlewares/Third_Party/FreeRTOS/Source/queue.c **** 	}
 726              		.loc 1 425 22 is_stmt 0 view .LVU233
 727 001e 2260     		str	r2, [r4]
 728 0020 F4E7     		b	.L51
 729              		.cfi_endproc
 730              	.LFE7:
 732              		.section	.text.xQueueGenericCreateStatic,"ax",%progbits
 733              		.align	1
 734              		.global	xQueueGenericCreateStatic
 735              		.syntax unified
 736              		.thumb
 737              		.thumb_func
 739              	xQueueGenericCreateStatic:
 740              	.LVL68:
 741              	.LFB5:
 303:Middlewares/Third_Party/FreeRTOS/Source/queue.c **** 	Queue_t *pxNewQueue;
 742              		.loc 1 303 2 is_stmt 1 view -0
 743              		.cfi_startproc
 744              		@ args = 4, pretend = 0, frame = 8
 745              		@ frame_needed = 0, uses_anonymous_args = 0
 304:Middlewares/Third_Party/FreeRTOS/Source/queue.c **** 
 746              		.loc 1 304 2 view .LVU235
 306:Middlewares/Third_Party/FreeRTOS/Source/queue.c **** 
 747              		.loc 1 306 3 view .LVU236
 748 0000 40B9     		cbnz	r0, .L54
 306:Middlewares/Third_Party/FreeRTOS/Source/queue.c **** 
 749              		.loc 1 306 3 discriminator 1 view .LVU237
 750              	.LBB122:
 751              	.LBI122:
 191:Middlewares/Third_Party/FreeRTOS/Source/portable/GCC/ARM_CM4F/portmacro.h **** {
 752              		.loc 2 191 30 view .LVU238
 753              	.LBB123:
 193:Middlewares/Third_Party/FreeRTOS/Source/portable/GCC/ARM_CM4F/portmacro.h **** 
 754              		.loc 2 193 1 view .LVU239
 755              		.loc 2 195 2 view .LVU240
 756              		.syntax unified
 757              	@ 195 "Middlewares/Third_Party/FreeRTOS/Source/portable/GCC/ARM_CM4F/portmacro.h" 1
 758 0002 4FF05003 			mov r3, #80												
 759 0006 83F31188 		msr basepri, r3											
 760 000a BFF36F8F 		isb														
 761 000e BFF34F8F 		dsb														
 762              	
 763              	@ 0 "" 2
 764              	.LVL69:
 765              		.thumb
 766              		.syntax unified
 767              	.L55:
 768              		.loc 2 195 2 is_stmt 0 view .LVU241
 769              	.LBE123:
 770              	.LBE122:
 306:Middlewares/Third_Party/FreeRTOS/Source/queue.c **** 
 771              		.loc 1 306 3 is_stmt 1 discriminator 3 view .LVU242
 306:Middlewares/Third_Party/FreeRTOS/Source/queue.c **** 
ARM GAS  /tmp/cc8vE36X.s 			page 62


 772              		.loc 1 306 3 discriminator 3 view .LVU243
 773 0012 FEE7     		b	.L55
 774              	.LVL70:
 775              	.L54:
 303:Middlewares/Third_Party/FreeRTOS/Source/queue.c **** 	Queue_t *pxNewQueue;
 776              		.loc 1 303 2 is_stmt 0 view .LVU244
 777 0014 10B5     		push	{r4, lr}
 778              	.LCFI8:
 779              		.cfi_def_cfa_offset 8
 780              		.cfi_offset 4, -8
 781              		.cfi_offset 14, -4
 782 0016 84B0     		sub	sp, sp, #16
 783              	.LCFI9:
 784              		.cfi_def_cfa_offset 24
 785 0018 1C46     		mov	r4, r3
 786 001a 8446     		mov	ip, r0
 306:Middlewares/Third_Party/FreeRTOS/Source/queue.c **** 
 787              		.loc 1 306 52 is_stmt 1 discriminator 2 view .LVU245
 310:Middlewares/Third_Party/FreeRTOS/Source/queue.c **** 
 788              		.loc 1 310 3 view .LVU246
 789 001c 53B1     		cbz	r3, .L66
 310:Middlewares/Third_Party/FreeRTOS/Source/queue.c **** 
 790              		.loc 1 310 40 discriminator 2 view .LVU247
 314:Middlewares/Third_Party/FreeRTOS/Source/queue.c **** 		configASSERT( !( ( pucQueueStorage == NULL ) && ( uxItemSize != 0 ) ) );
 791              		.loc 1 314 3 view .LVU248
 792 001e 92B1     		cbz	r2, .L58
 314:Middlewares/Third_Party/FreeRTOS/Source/queue.c **** 		configASSERT( !( ( pucQueueStorage == NULL ) && ( uxItemSize != 0 ) ) );
 793              		.loc 1 314 3 is_stmt 0 discriminator 2 view .LVU249
 794 0020 89B9     		cbnz	r1, .L58
 314:Middlewares/Third_Party/FreeRTOS/Source/queue.c **** 		configASSERT( !( ( pucQueueStorage == NULL ) && ( uxItemSize != 0 ) ) );
 795              		.loc 1 314 3 is_stmt 1 discriminator 7 view .LVU250
 796              	.LBB124:
 797              	.LBI124:
 191:Middlewares/Third_Party/FreeRTOS/Source/portable/GCC/ARM_CM4F/portmacro.h **** {
 798              		.loc 2 191 30 view .LVU251
 799              	.LBB125:
 193:Middlewares/Third_Party/FreeRTOS/Source/portable/GCC/ARM_CM4F/portmacro.h **** 
 800              		.loc 2 193 1 view .LVU252
 801              		.loc 2 195 2 view .LVU253
 802              		.syntax unified
 803              	@ 195 "Middlewares/Third_Party/FreeRTOS/Source/portable/GCC/ARM_CM4F/portmacro.h" 1
 804 0022 4FF05003 			mov r3, #80												
 805 0026 83F31188 		msr basepri, r3											
 806 002a BFF36F8F 		isb														
 807 002e BFF34F8F 		dsb														
 808              	
 809              	@ 0 "" 2
 810              	.LVL71:
 811              		.thumb
 812              		.syntax unified
 813              	.L59:
 814              		.loc 2 195 2 is_stmt 0 view .LVU254
 815              	.LBE125:
 816              	.LBE124:
 314:Middlewares/Third_Party/FreeRTOS/Source/queue.c **** 		configASSERT( !( ( pucQueueStorage == NULL ) && ( uxItemSize != 0 ) ) );
 817              		.loc 1 314 3 is_stmt 1 discriminator 9 view .LVU255
 314:Middlewares/Third_Party/FreeRTOS/Source/queue.c **** 		configASSERT( !( ( pucQueueStorage == NULL ) && ( uxItemSize != 0 ) ) );
ARM GAS  /tmp/cc8vE36X.s 			page 63


 818              		.loc 1 314 3 discriminator 9 view .LVU256
 819 0032 FEE7     		b	.L59
 820              	.LVL72:
 821              	.L66:
 310:Middlewares/Third_Party/FreeRTOS/Source/queue.c **** 
 822              		.loc 1 310 3 discriminator 1 view .LVU257
 823              	.LBB126:
 824              	.LBI126:
 191:Middlewares/Third_Party/FreeRTOS/Source/portable/GCC/ARM_CM4F/portmacro.h **** {
 825              		.loc 2 191 30 view .LVU258
 826              	.LBB127:
 193:Middlewares/Third_Party/FreeRTOS/Source/portable/GCC/ARM_CM4F/portmacro.h **** 
 827              		.loc 2 193 1 view .LVU259
 828              		.loc 2 195 2 view .LVU260
 829              		.syntax unified
 830              	@ 195 "Middlewares/Third_Party/FreeRTOS/Source/portable/GCC/ARM_CM4F/portmacro.h" 1
 831 0034 4FF05003 			mov r3, #80												
 832 0038 83F31188 		msr basepri, r3											
 833 003c BFF36F8F 		isb														
 834 0040 BFF34F8F 		dsb														
 835              	
 836              	@ 0 "" 2
 837              	.LVL73:
 838              		.thumb
 839              		.syntax unified
 840              	.L57:
 841              		.loc 2 195 2 is_stmt 0 view .LVU261
 842              	.LBE127:
 843              	.LBE126:
 310:Middlewares/Third_Party/FreeRTOS/Source/queue.c **** 
 844              		.loc 1 310 3 is_stmt 1 discriminator 3 view .LVU262
 310:Middlewares/Third_Party/FreeRTOS/Source/queue.c **** 
 845              		.loc 1 310 3 discriminator 3 view .LVU263
 846 0044 FEE7     		b	.L57
 847              	.LVL74:
 848              	.L58:
 314:Middlewares/Third_Party/FreeRTOS/Source/queue.c **** 		configASSERT( !( ( pucQueueStorage == NULL ) && ( uxItemSize != 0 ) ) );
 849              		.loc 1 314 74 discriminator 8 view .LVU264
 315:Middlewares/Third_Party/FreeRTOS/Source/queue.c **** 
 850              		.loc 1 315 3 view .LVU265
 851 0046 6AB1     		cbz	r2, .L67
 852              	.L60:
 315:Middlewares/Third_Party/FreeRTOS/Source/queue.c **** 
 853              		.loc 1 315 74 discriminator 8 view .LVU266
 854              	.LBB128:
 322:Middlewares/Third_Party/FreeRTOS/Source/queue.c **** 			configASSERT( xSize == sizeof( Queue_t ) );
 855              		.loc 1 322 4 view .LVU267
 322:Middlewares/Third_Party/FreeRTOS/Source/queue.c **** 			configASSERT( xSize == sizeof( Queue_t ) );
 856              		.loc 1 322 20 is_stmt 0 view .LVU268
 857 0048 5023     		movs	r3, #80
 858              	.LVL75:
 322:Middlewares/Third_Party/FreeRTOS/Source/queue.c **** 			configASSERT( xSize == sizeof( Queue_t ) );
 859              		.loc 1 322 20 view .LVU269
 860 004a 0393     		str	r3, [sp, #12]
 323:Middlewares/Third_Party/FreeRTOS/Source/queue.c **** 		}
 861              		.loc 1 323 4 is_stmt 1 view .LVU270
 862 004c 039B     		ldr	r3, [sp, #12]
ARM GAS  /tmp/cc8vE36X.s 			page 64


 863 004e 502B     		cmp	r3, #80
 864 0050 13D0     		beq	.L62
 323:Middlewares/Third_Party/FreeRTOS/Source/queue.c **** 		}
 865              		.loc 1 323 4 discriminator 1 view .LVU271
 866              	.LBB129:
 867              	.LBI129:
 191:Middlewares/Third_Party/FreeRTOS/Source/portable/GCC/ARM_CM4F/portmacro.h **** {
 868              		.loc 2 191 30 view .LVU272
 869              	.LBB130:
 193:Middlewares/Third_Party/FreeRTOS/Source/portable/GCC/ARM_CM4F/portmacro.h **** 
 870              		.loc 2 193 1 view .LVU273
 871              		.loc 2 195 2 view .LVU274
 872              		.syntax unified
 873              	@ 195 "Middlewares/Third_Party/FreeRTOS/Source/portable/GCC/ARM_CM4F/portmacro.h" 1
 874 0052 4FF05003 			mov r3, #80												
 875 0056 83F31188 		msr basepri, r3											
 876 005a BFF36F8F 		isb														
 877 005e BFF34F8F 		dsb														
 878              	
 879              	@ 0 "" 2
 880              		.thumb
 881              		.syntax unified
 882              	.L63:
 883              	.LBE130:
 884              	.LBE129:
 323:Middlewares/Third_Party/FreeRTOS/Source/queue.c **** 		}
 885              		.loc 1 323 4 discriminator 3 view .LVU275
 323:Middlewares/Third_Party/FreeRTOS/Source/queue.c **** 		}
 886              		.loc 1 323 4 discriminator 3 view .LVU276
 887 0062 FEE7     		b	.L63
 888              	.LVL76:
 889              	.L67:
 323:Middlewares/Third_Party/FreeRTOS/Source/queue.c **** 		}
 890              		.loc 1 323 4 is_stmt 0 discriminator 3 view .LVU277
 891              	.LBE128:
 315:Middlewares/Third_Party/FreeRTOS/Source/queue.c **** 
 892              		.loc 1 315 3 discriminator 2 view .LVU278
 893 0064 0029     		cmp	r1, #0
 894 0066 EFD0     		beq	.L60
 315:Middlewares/Third_Party/FreeRTOS/Source/queue.c **** 
 895              		.loc 1 315 3 is_stmt 1 discriminator 7 view .LVU279
 896              	.LBB131:
 897              	.LBI131:
 191:Middlewares/Third_Party/FreeRTOS/Source/portable/GCC/ARM_CM4F/portmacro.h **** {
 898              		.loc 2 191 30 view .LVU280
 899              	.LBB132:
 193:Middlewares/Third_Party/FreeRTOS/Source/portable/GCC/ARM_CM4F/portmacro.h **** 
 900              		.loc 2 193 1 view .LVU281
 901              		.loc 2 195 2 view .LVU282
 902              		.syntax unified
 903              	@ 195 "Middlewares/Third_Party/FreeRTOS/Source/portable/GCC/ARM_CM4F/portmacro.h" 1
 904 0068 4FF05003 			mov r3, #80												
 905 006c 83F31188 		msr basepri, r3											
 906 0070 BFF36F8F 		isb														
 907 0074 BFF34F8F 		dsb														
 908              	
 909              	@ 0 "" 2
ARM GAS  /tmp/cc8vE36X.s 			page 65


 910              	.LVL77:
 911              		.thumb
 912              		.syntax unified
 913              	.L61:
 914              		.loc 2 195 2 is_stmt 0 view .LVU283
 915              	.LBE132:
 916              	.LBE131:
 315:Middlewares/Third_Party/FreeRTOS/Source/queue.c **** 
 917              		.loc 1 315 3 is_stmt 1 discriminator 9 view .LVU284
 315:Middlewares/Third_Party/FreeRTOS/Source/queue.c **** 
 918              		.loc 1 315 3 discriminator 9 view .LVU285
 919 0078 FEE7     		b	.L61
 920              	.L62:
 921              	.LBB133:
 323:Middlewares/Third_Party/FreeRTOS/Source/queue.c **** 		}
 922              		.loc 1 323 46 discriminator 2 view .LVU286
 923              	.LBE133:
 330:Middlewares/Third_Party/FreeRTOS/Source/queue.c **** 
 924              		.loc 1 330 3 view .LVU287
 925              	.LVL78:
 332:Middlewares/Third_Party/FreeRTOS/Source/queue.c **** 		{
 926              		.loc 1 332 3 view .LVU288
 339:Middlewares/Third_Party/FreeRTOS/Source/queue.c **** 			}
 927              		.loc 1 339 5 view .LVU289
 339:Middlewares/Third_Party/FreeRTOS/Source/queue.c **** 			}
 928              		.loc 1 339 39 is_stmt 0 view .LVU290
 929 007a 0123     		movs	r3, #1
 930 007c 84F84630 		strb	r3, [r4, #70]
 343:Middlewares/Third_Party/FreeRTOS/Source/queue.c **** 		}
 931              		.loc 1 343 4 is_stmt 1 view .LVU291
 932 0080 0094     		str	r4, [sp]
 933 0082 9DF81830 		ldrb	r3, [sp, #24]	@ zero_extendqisi2
 934 0086 6046     		mov	r0, ip
 935              	.LVL79:
 343:Middlewares/Third_Party/FreeRTOS/Source/queue.c **** 		}
 936              		.loc 1 343 4 is_stmt 0 view .LVU292
 937 0088 FFF7FEFF 		bl	prvInitialiseNewQueue
 938              	.LVL80:
 347:Middlewares/Third_Party/FreeRTOS/Source/queue.c **** 		}
 939              		.loc 1 347 43 is_stmt 1 view .LVU293
 350:Middlewares/Third_Party/FreeRTOS/Source/queue.c **** 	}
 940              		.loc 1 350 3 view .LVU294
 351:Middlewares/Third_Party/FreeRTOS/Source/queue.c **** 
 941              		.loc 1 351 2 is_stmt 0 view .LVU295
 942 008c 2046     		mov	r0, r4
 943 008e 04B0     		add	sp, sp, #16
 944              	.LCFI10:
 945              		.cfi_def_cfa_offset 8
 946              		@ sp needed
 947 0090 10BD     		pop	{r4, pc}
 351:Middlewares/Third_Party/FreeRTOS/Source/queue.c **** 
 948              		.loc 1 351 2 view .LVU296
 949              		.cfi_endproc
 950              	.LFE5:
 952              		.section	.text.xQueueGenericCreate,"ax",%progbits
 953              		.align	1
 954              		.global	xQueueGenericCreate
ARM GAS  /tmp/cc8vE36X.s 			page 66


 955              		.syntax unified
 956              		.thumb
 957              		.thumb_func
 959              	xQueueGenericCreate:
 960              	.LVL81:
 961              	.LFB6:
 359:Middlewares/Third_Party/FreeRTOS/Source/queue.c **** 	Queue_t *pxNewQueue;
 962              		.loc 1 359 2 is_stmt 1 view -0
 963              		.cfi_startproc
 964              		@ args = 0, pretend = 0, frame = 0
 965              		@ frame_needed = 0, uses_anonymous_args = 0
 360:Middlewares/Third_Party/FreeRTOS/Source/queue.c **** 	size_t xQueueSizeInBytes;
 966              		.loc 1 360 2 view .LVU298
 361:Middlewares/Third_Party/FreeRTOS/Source/queue.c **** 	uint8_t *pucQueueStorage;
 967              		.loc 1 361 2 view .LVU299
 362:Middlewares/Third_Party/FreeRTOS/Source/queue.c **** 
 968              		.loc 1 362 2 view .LVU300
 364:Middlewares/Third_Party/FreeRTOS/Source/queue.c **** 
 969              		.loc 1 364 3 view .LVU301
 970 0000 40B9     		cbnz	r0, .L69
 364:Middlewares/Third_Party/FreeRTOS/Source/queue.c **** 
 971              		.loc 1 364 3 discriminator 1 view .LVU302
 972              	.LBB134:
 973              	.LBI134:
 191:Middlewares/Third_Party/FreeRTOS/Source/portable/GCC/ARM_CM4F/portmacro.h **** {
 974              		.loc 2 191 30 view .LVU303
 975              	.LBB135:
 193:Middlewares/Third_Party/FreeRTOS/Source/portable/GCC/ARM_CM4F/portmacro.h **** 
 976              		.loc 2 193 1 view .LVU304
 977              		.loc 2 195 2 view .LVU305
 978              		.syntax unified
 979              	@ 195 "Middlewares/Third_Party/FreeRTOS/Source/portable/GCC/ARM_CM4F/portmacro.h" 1
 980 0002 4FF05003 			mov r3, #80												
 981 0006 83F31188 		msr basepri, r3											
 982 000a BFF36F8F 		isb														
 983 000e BFF34F8F 		dsb														
 984              	
 985              	@ 0 "" 2
 986              		.thumb
 987              		.syntax unified
 988              	.L70:
 989              	.LBE135:
 990              	.LBE134:
 364:Middlewares/Third_Party/FreeRTOS/Source/queue.c **** 
 991              		.loc 1 364 3 discriminator 3 view .LVU306
 364:Middlewares/Third_Party/FreeRTOS/Source/queue.c **** 
 992              		.loc 1 364 3 discriminator 3 view .LVU307
 993 0012 FEE7     		b	.L70
 994              	.L69:
 359:Middlewares/Third_Party/FreeRTOS/Source/queue.c **** 	Queue_t *pxNewQueue;
 995              		.loc 1 359 2 is_stmt 0 view .LVU308
 996 0014 F0B5     		push	{r4, r5, r6, r7, lr}
 997              	.LCFI11:
 998              		.cfi_def_cfa_offset 20
 999              		.cfi_offset 4, -20
 1000              		.cfi_offset 5, -16
 1001              		.cfi_offset 6, -12
ARM GAS  /tmp/cc8vE36X.s 			page 67


 1002              		.cfi_offset 7, -8
 1003              		.cfi_offset 14, -4
 1004 0016 83B0     		sub	sp, sp, #12
 1005              	.LCFI12:
 1006              		.cfi_def_cfa_offset 32
 1007 0018 0C46     		mov	r4, r1
 1008 001a 1546     		mov	r5, r2
 1009 001c 0746     		mov	r7, r0
 364:Middlewares/Third_Party/FreeRTOS/Source/queue.c **** 
 1010              		.loc 1 364 52 is_stmt 1 discriminator 2 view .LVU309
 366:Middlewares/Third_Party/FreeRTOS/Source/queue.c **** 		{
 1011              		.loc 1 366 3 view .LVU310
 366:Middlewares/Third_Party/FreeRTOS/Source/queue.c **** 		{
 1012              		.loc 1 366 5 is_stmt 0 view .LVU311
 1013 001e A1B1     		cbz	r1, .L73
 375:Middlewares/Third_Party/FreeRTOS/Source/queue.c **** 		}
 1014              		.loc 1 375 4 is_stmt 1 view .LVU312
 375:Middlewares/Third_Party/FreeRTOS/Source/queue.c **** 		}
 1015              		.loc 1 375 22 is_stmt 0 view .LVU313
 1016 0020 01FB00F0 		mul	r0, r1, r0
 1017              	.LVL82:
 1018              	.L71:
 378:Middlewares/Third_Party/FreeRTOS/Source/queue.c **** 
 1019              		.loc 1 378 3 is_stmt 1 view .LVU314
 378:Middlewares/Third_Party/FreeRTOS/Source/queue.c **** 
 1020              		.loc 1 378 30 is_stmt 0 view .LVU315
 1021 0024 5030     		adds	r0, r0, #80
 1022              	.LVL83:
 378:Middlewares/Third_Party/FreeRTOS/Source/queue.c **** 
 1023              		.loc 1 378 30 view .LVU316
 1024 0026 FFF7FEFF 		bl	pvPortMalloc
 1025              	.LVL84:
 380:Middlewares/Third_Party/FreeRTOS/Source/queue.c **** 		{
 1026              		.loc 1 380 3 is_stmt 1 view .LVU317
 380:Middlewares/Third_Party/FreeRTOS/Source/queue.c **** 		{
 1027              		.loc 1 380 5 is_stmt 0 view .LVU318
 1028 002a 0646     		mov	r6, r0
 1029 002c 50B1     		cbz	r0, .L68
 384:Middlewares/Third_Party/FreeRTOS/Source/queue.c **** 
 1030              		.loc 1 384 4 is_stmt 1 view .LVU319
 1031              	.LVL85:
 391:Middlewares/Third_Party/FreeRTOS/Source/queue.c **** 			}
 1032              		.loc 1 391 5 view .LVU320
 391:Middlewares/Third_Party/FreeRTOS/Source/queue.c **** 			}
 1033              		.loc 1 391 39 is_stmt 0 view .LVU321
 1034 002e 0023     		movs	r3, #0
 1035 0030 80F84630 		strb	r3, [r0, #70]
 395:Middlewares/Third_Party/FreeRTOS/Source/queue.c **** 		}
 1036              		.loc 1 395 4 is_stmt 1 view .LVU322
 1037 0034 0090     		str	r0, [sp]
 1038 0036 2B46     		mov	r3, r5
 1039 0038 00F15002 		add	r2, r0, #80
 1040              	.LVL86:
 395:Middlewares/Third_Party/FreeRTOS/Source/queue.c **** 		}
 1041              		.loc 1 395 4 is_stmt 0 view .LVU323
 1042 003c 2146     		mov	r1, r4
 1043 003e 3846     		mov	r0, r7
ARM GAS  /tmp/cc8vE36X.s 			page 68


 1044              	.LVL87:
 395:Middlewares/Third_Party/FreeRTOS/Source/queue.c **** 		}
 1045              		.loc 1 395 4 view .LVU324
 1046 0040 FFF7FEFF 		bl	prvInitialiseNewQueue
 1047              	.LVL88:
 399:Middlewares/Third_Party/FreeRTOS/Source/queue.c **** 		}
 1048              		.loc 1 399 43 is_stmt 1 view .LVU325
 402:Middlewares/Third_Party/FreeRTOS/Source/queue.c **** 	}
 1049              		.loc 1 402 3 view .LVU326
 1050              	.L68:
 403:Middlewares/Third_Party/FreeRTOS/Source/queue.c **** 
 1051              		.loc 1 403 2 is_stmt 0 view .LVU327
 1052 0044 3046     		mov	r0, r6
 1053 0046 03B0     		add	sp, sp, #12
 1054              	.LCFI13:
 1055              		.cfi_remember_state
 1056              		.cfi_def_cfa_offset 20
 1057              		@ sp needed
 1058 0048 F0BD     		pop	{r4, r5, r6, r7, pc}
 1059              	.LVL89:
 1060              	.L73:
 1061              	.LCFI14:
 1062              		.cfi_restore_state
 369:Middlewares/Third_Party/FreeRTOS/Source/queue.c **** 		}
 1063              		.loc 1 369 22 view .LVU328
 1064 004a 0846     		mov	r0, r1
 1065              	.LVL90:
 369:Middlewares/Third_Party/FreeRTOS/Source/queue.c **** 		}
 1066              		.loc 1 369 22 view .LVU329
 1067 004c EAE7     		b	.L71
 1068              		.cfi_endproc
 1069              	.LFE6:
 1071              		.section	.text.xQueueGetMutexHolder,"ax",%progbits
 1072              		.align	1
 1073              		.global	xQueueGetMutexHolder
 1074              		.syntax unified
 1075              		.thumb
 1076              		.thumb_func
 1078              	xQueueGetMutexHolder:
 1079              	.LVL91:
 1080              	.LFB11:
 519:Middlewares/Third_Party/FreeRTOS/Source/queue.c **** 	void *pxReturn;
 1081              		.loc 1 519 2 is_stmt 1 view -0
 1082              		.cfi_startproc
 1083              		@ args = 0, pretend = 0, frame = 0
 1084              		@ frame_needed = 0, uses_anonymous_args = 0
 519:Middlewares/Third_Party/FreeRTOS/Source/queue.c **** 	void *pxReturn;
 1085              		.loc 1 519 2 is_stmt 0 view .LVU331
 1086 0000 10B5     		push	{r4, lr}
 1087              	.LCFI15:
 1088              		.cfi_def_cfa_offset 8
 1089              		.cfi_offset 4, -8
 1090              		.cfi_offset 14, -4
 1091 0002 0446     		mov	r4, r0
 520:Middlewares/Third_Party/FreeRTOS/Source/queue.c **** 
 1092              		.loc 1 520 2 is_stmt 1 view .LVU332
 527:Middlewares/Third_Party/FreeRTOS/Source/queue.c **** 		{
ARM GAS  /tmp/cc8vE36X.s 			page 69


 1093              		.loc 1 527 3 view .LVU333
 1094 0004 FFF7FEFF 		bl	vPortEnterCritical
 1095              	.LVL92:
 529:Middlewares/Third_Party/FreeRTOS/Source/queue.c **** 			{
 1096              		.loc 1 529 4 view .LVU334
 529:Middlewares/Third_Party/FreeRTOS/Source/queue.c **** 			{
 1097              		.loc 1 529 36 is_stmt 0 view .LVU335
 1098 0008 2368     		ldr	r3, [r4]
 529:Middlewares/Third_Party/FreeRTOS/Source/queue.c **** 			{
 1099              		.loc 1 529 6 view .LVU336
 1100 000a 23B9     		cbnz	r3, .L78
 531:Middlewares/Third_Party/FreeRTOS/Source/queue.c **** 			}
 1101              		.loc 1 531 5 is_stmt 1 view .LVU337
 531:Middlewares/Third_Party/FreeRTOS/Source/queue.c **** 			}
 1102              		.loc 1 531 14 is_stmt 0 view .LVU338
 1103 000c 6468     		ldr	r4, [r4, #4]
 1104              	.LVL93:
 1105              	.L77:
 538:Middlewares/Third_Party/FreeRTOS/Source/queue.c **** 
 1106              		.loc 1 538 3 is_stmt 1 view .LVU339
 1107 000e FFF7FEFF 		bl	vPortExitCritical
 1108              	.LVL94:
 540:Middlewares/Third_Party/FreeRTOS/Source/queue.c **** 	} /*lint !e818 xSemaphore cannot be a pointer to const because it is a typedef. */
 1109              		.loc 1 540 3 view .LVU340
 541:Middlewares/Third_Party/FreeRTOS/Source/queue.c **** 
 1110              		.loc 1 541 2 is_stmt 0 view .LVU341
 1111 0012 2046     		mov	r0, r4
 1112 0014 10BD     		pop	{r4, pc}
 1113              	.LVL95:
 1114              	.L78:
 535:Middlewares/Third_Party/FreeRTOS/Source/queue.c **** 			}
 1115              		.loc 1 535 14 view .LVU342
 1116 0016 0024     		movs	r4, #0
 1117              	.LVL96:
 535:Middlewares/Third_Party/FreeRTOS/Source/queue.c **** 			}
 1118              		.loc 1 535 14 view .LVU343
 1119 0018 F9E7     		b	.L77
 1120              		.cfi_endproc
 1121              	.LFE11:
 1123              		.section	.text.xQueueGetMutexHolderFromISR,"ax",%progbits
 1124              		.align	1
 1125              		.global	xQueueGetMutexHolderFromISR
 1126              		.syntax unified
 1127              		.thumb
 1128              		.thumb_func
 1130              	xQueueGetMutexHolderFromISR:
 1131              	.LVL97:
 1132              	.LFB12:
 549:Middlewares/Third_Party/FreeRTOS/Source/queue.c **** 	void *pxReturn;
 1133              		.loc 1 549 2 is_stmt 1 view -0
 1134              		.cfi_startproc
 1135              		@ args = 0, pretend = 0, frame = 0
 1136              		@ frame_needed = 0, uses_anonymous_args = 0
 1137              		@ link register save eliminated.
 550:Middlewares/Third_Party/FreeRTOS/Source/queue.c **** 
 1138              		.loc 1 550 2 view .LVU345
 552:Middlewares/Third_Party/FreeRTOS/Source/queue.c **** 
ARM GAS  /tmp/cc8vE36X.s 			page 70


 1139              		.loc 1 552 3 view .LVU346
 1140 0000 18B1     		cbz	r0, .L85
 552:Middlewares/Third_Party/FreeRTOS/Source/queue.c **** 
 1141              		.loc 1 552 29 discriminator 2 view .LVU347
 557:Middlewares/Third_Party/FreeRTOS/Source/queue.c **** 		{
 1142              		.loc 1 557 3 view .LVU348
 557:Middlewares/Third_Party/FreeRTOS/Source/queue.c **** 		{
 1143              		.loc 1 557 35 is_stmt 0 view .LVU349
 1144 0002 0268     		ldr	r2, [r0]
 557:Middlewares/Third_Party/FreeRTOS/Source/queue.c **** 		{
 1145              		.loc 1 557 5 view .LVU350
 1146 0004 52B9     		cbnz	r2, .L84
 559:Middlewares/Third_Party/FreeRTOS/Source/queue.c **** 		}
 1147              		.loc 1 559 4 is_stmt 1 view .LVU351
 559:Middlewares/Third_Party/FreeRTOS/Source/queue.c **** 		}
 1148              		.loc 1 559 13 is_stmt 0 view .LVU352
 1149 0006 4068     		ldr	r0, [r0, #4]
 1150              	.LVL98:
 559:Middlewares/Third_Party/FreeRTOS/Source/queue.c **** 		}
 1151              		.loc 1 559 13 view .LVU353
 1152 0008 7047     		bx	lr
 1153              	.LVL99:
 1154              	.L85:
 552:Middlewares/Third_Party/FreeRTOS/Source/queue.c **** 
 1155              		.loc 1 552 3 is_stmt 1 discriminator 1 view .LVU354
 1156              	.LBB136:
 1157              	.LBI136:
 191:Middlewares/Third_Party/FreeRTOS/Source/portable/GCC/ARM_CM4F/portmacro.h **** {
 1158              		.loc 2 191 30 view .LVU355
 1159              	.LBB137:
 193:Middlewares/Third_Party/FreeRTOS/Source/portable/GCC/ARM_CM4F/portmacro.h **** 
 1160              		.loc 2 193 1 view .LVU356
 1161              		.loc 2 195 2 view .LVU357
 1162              		.syntax unified
 1163              	@ 195 "Middlewares/Third_Party/FreeRTOS/Source/portable/GCC/ARM_CM4F/portmacro.h" 1
 1164 000a 4FF05003 			mov r3, #80												
 1165 000e 83F31188 		msr basepri, r3											
 1166 0012 BFF36F8F 		isb														
 1167 0016 BFF34F8F 		dsb														
 1168              	
 1169              	@ 0 "" 2
 1170              		.thumb
 1171              		.syntax unified
 1172              	.L82:
 1173              	.LBE137:
 1174              	.LBE136:
 552:Middlewares/Third_Party/FreeRTOS/Source/queue.c **** 
 1175              		.loc 1 552 3 discriminator 3 view .LVU358
 552:Middlewares/Third_Party/FreeRTOS/Source/queue.c **** 
 1176              		.loc 1 552 3 discriminator 3 view .LVU359
 1177 001a FEE7     		b	.L82
 1178              	.L84:
 563:Middlewares/Third_Party/FreeRTOS/Source/queue.c **** 		}
 1179              		.loc 1 563 13 is_stmt 0 view .LVU360
 1180 001c 0020     		movs	r0, #0
 1181              	.LVL100:
 566:Middlewares/Third_Party/FreeRTOS/Source/queue.c **** 	} /*lint !e818 xSemaphore cannot be a pointer to const because it is a typedef. */
ARM GAS  /tmp/cc8vE36X.s 			page 71


 1182              		.loc 1 566 3 is_stmt 1 view .LVU361
 567:Middlewares/Third_Party/FreeRTOS/Source/queue.c **** 
 1183              		.loc 1 567 2 is_stmt 0 view .LVU362
 1184 001e 7047     		bx	lr
 1185              		.cfi_endproc
 1186              	.LFE12:
 1188              		.section	.text.xQueueCreateCountingSemaphoreStatic,"ax",%progbits
 1189              		.align	1
 1190              		.global	xQueueCreateCountingSemaphoreStatic
 1191              		.syntax unified
 1192              		.thumb
 1193              		.thumb_func
 1195              	xQueueCreateCountingSemaphoreStatic:
 1196              	.LVL101:
 1197              	.LFB15:
 672:Middlewares/Third_Party/FreeRTOS/Source/queue.c **** 	QueueHandle_t xHandle;
 1198              		.loc 1 672 2 is_stmt 1 view -0
 1199              		.cfi_startproc
 1200              		@ args = 0, pretend = 0, frame = 0
 1201              		@ frame_needed = 0, uses_anonymous_args = 0
 673:Middlewares/Third_Party/FreeRTOS/Source/queue.c **** 
 1202              		.loc 1 673 2 view .LVU364
 675:Middlewares/Third_Party/FreeRTOS/Source/queue.c **** 		configASSERT( uxInitialCount <= uxMaxCount );
 1203              		.loc 1 675 3 view .LVU365
 1204 0000 40B9     		cbnz	r0, .L87
 675:Middlewares/Third_Party/FreeRTOS/Source/queue.c **** 		configASSERT( uxInitialCount <= uxMaxCount );
 1205              		.loc 1 675 3 discriminator 1 view .LVU366
 1206              	.LBB138:
 1207              	.LBI138:
 191:Middlewares/Third_Party/FreeRTOS/Source/portable/GCC/ARM_CM4F/portmacro.h **** {
 1208              		.loc 2 191 30 view .LVU367
 1209              	.LBB139:
 193:Middlewares/Third_Party/FreeRTOS/Source/portable/GCC/ARM_CM4F/portmacro.h **** 
 1210              		.loc 2 193 1 view .LVU368
 1211              		.loc 2 195 2 view .LVU369
 1212              		.syntax unified
 1213              	@ 195 "Middlewares/Third_Party/FreeRTOS/Source/portable/GCC/ARM_CM4F/portmacro.h" 1
 1214 0002 4FF05003 			mov r3, #80												
 1215 0006 83F31188 		msr basepri, r3											
 1216 000a BFF36F8F 		isb														
 1217 000e BFF34F8F 		dsb														
 1218              	
 1219              	@ 0 "" 2
 1220              		.thumb
 1221              		.syntax unified
 1222              	.L88:
 1223              	.LBE139:
 1224              	.LBE138:
 675:Middlewares/Third_Party/FreeRTOS/Source/queue.c **** 		configASSERT( uxInitialCount <= uxMaxCount );
 1225              		.loc 1 675 3 discriminator 3 view .LVU370
 675:Middlewares/Third_Party/FreeRTOS/Source/queue.c **** 		configASSERT( uxInitialCount <= uxMaxCount );
 1226              		.loc 1 675 3 discriminator 3 view .LVU371
 1227 0012 FEE7     		b	.L88
 1228              	.L87:
 672:Middlewares/Third_Party/FreeRTOS/Source/queue.c **** 	QueueHandle_t xHandle;
 1229              		.loc 1 672 2 is_stmt 0 view .LVU372
 1230 0014 10B5     		push	{r4, lr}
ARM GAS  /tmp/cc8vE36X.s 			page 72


 1231              	.LCFI16:
 1232              		.cfi_def_cfa_offset 8
 1233              		.cfi_offset 4, -8
 1234              		.cfi_offset 14, -4
 1235 0016 82B0     		sub	sp, sp, #8
 1236              	.LCFI17:
 1237              		.cfi_def_cfa_offset 16
 1238 0018 0C46     		mov	r4, r1
 675:Middlewares/Third_Party/FreeRTOS/Source/queue.c **** 		configASSERT( uxInitialCount <= uxMaxCount );
 1239              		.loc 1 675 34 is_stmt 1 discriminator 2 view .LVU373
 676:Middlewares/Third_Party/FreeRTOS/Source/queue.c **** 
 1240              		.loc 1 676 3 view .LVU374
 1241 001a 8842     		cmp	r0, r1
 1242 001c 08D2     		bcs	.L89
 676:Middlewares/Third_Party/FreeRTOS/Source/queue.c **** 
 1243              		.loc 1 676 3 discriminator 1 view .LVU375
 1244              	.LBB140:
 1245              	.LBI140:
 191:Middlewares/Third_Party/FreeRTOS/Source/portable/GCC/ARM_CM4F/portmacro.h **** {
 1246              		.loc 2 191 30 view .LVU376
 1247              	.LBB141:
 193:Middlewares/Third_Party/FreeRTOS/Source/portable/GCC/ARM_CM4F/portmacro.h **** 
 1248              		.loc 2 193 1 view .LVU377
 1249              		.loc 2 195 2 view .LVU378
 1250              		.syntax unified
 1251              	@ 195 "Middlewares/Third_Party/FreeRTOS/Source/portable/GCC/ARM_CM4F/portmacro.h" 1
 1252 001e 4FF05003 			mov r3, #80												
 1253 0022 83F31188 		msr basepri, r3											
 1254 0026 BFF36F8F 		isb														
 1255 002a BFF34F8F 		dsb														
 1256              	
 1257              	@ 0 "" 2
 1258              		.thumb
 1259              		.syntax unified
 1260              	.L90:
 1261              	.LBE141:
 1262              	.LBE140:
 676:Middlewares/Third_Party/FreeRTOS/Source/queue.c **** 
 1263              		.loc 1 676 3 discriminator 3 view .LVU379
 676:Middlewares/Third_Party/FreeRTOS/Source/queue.c **** 
 1264              		.loc 1 676 3 discriminator 3 view .LVU380
 1265 002e FEE7     		b	.L90
 1266              	.L89:
 676:Middlewares/Third_Party/FreeRTOS/Source/queue.c **** 
 1267              		.loc 1 676 47 discriminator 2 view .LVU381
 678:Middlewares/Third_Party/FreeRTOS/Source/queue.c **** 
 1268              		.loc 1 678 3 view .LVU382
 678:Middlewares/Third_Party/FreeRTOS/Source/queue.c **** 
 1269              		.loc 1 678 13 is_stmt 0 view .LVU383
 1270 0030 0223     		movs	r3, #2
 1271 0032 0093     		str	r3, [sp]
 1272 0034 1346     		mov	r3, r2
 1273 0036 0022     		movs	r2, #0
 1274              	.LVL102:
 678:Middlewares/Third_Party/FreeRTOS/Source/queue.c **** 
 1275              		.loc 1 678 13 view .LVU384
 1276 0038 1146     		mov	r1, r2
ARM GAS  /tmp/cc8vE36X.s 			page 73


 1277              	.LVL103:
 678:Middlewares/Third_Party/FreeRTOS/Source/queue.c **** 
 1278              		.loc 1 678 13 view .LVU385
 1279 003a FFF7FEFF 		bl	xQueueGenericCreateStatic
 1280              	.LVL104:
 680:Middlewares/Third_Party/FreeRTOS/Source/queue.c **** 		{
 1281              		.loc 1 680 3 is_stmt 1 view .LVU386
 680:Middlewares/Third_Party/FreeRTOS/Source/queue.c **** 		{
 1282              		.loc 1 680 5 is_stmt 0 view .LVU387
 1283 003e 00B1     		cbz	r0, .L86
 682:Middlewares/Third_Party/FreeRTOS/Source/queue.c **** 
 1284              		.loc 1 682 4 is_stmt 1 view .LVU388
 682:Middlewares/Third_Party/FreeRTOS/Source/queue.c **** 
 1285              		.loc 1 682 49 is_stmt 0 view .LVU389
 1286 0040 8463     		str	r4, [r0, #56]
 684:Middlewares/Third_Party/FreeRTOS/Source/queue.c **** 		}
 1287              		.loc 1 684 36 is_stmt 1 view .LVU390
 688:Middlewares/Third_Party/FreeRTOS/Source/queue.c **** 		}
 1288              		.loc 1 688 43 view .LVU391
 691:Middlewares/Third_Party/FreeRTOS/Source/queue.c **** 	}
 1289              		.loc 1 691 3 view .LVU392
 1290              	.L86:
 692:Middlewares/Third_Party/FreeRTOS/Source/queue.c **** 
 1291              		.loc 1 692 2 is_stmt 0 view .LVU393
 1292 0042 02B0     		add	sp, sp, #8
 1293              	.LCFI18:
 1294              		.cfi_def_cfa_offset 8
 1295              		@ sp needed
 1296 0044 10BD     		pop	{r4, pc}
 692:Middlewares/Third_Party/FreeRTOS/Source/queue.c **** 
 1297              		.loc 1 692 2 view .LVU394
 1298              		.cfi_endproc
 1299              	.LFE15:
 1301              		.section	.text.xQueueCreateCountingSemaphore,"ax",%progbits
 1302              		.align	1
 1303              		.global	xQueueCreateCountingSemaphore
 1304              		.syntax unified
 1305              		.thumb
 1306              		.thumb_func
 1308              	xQueueCreateCountingSemaphore:
 1309              	.LVL105:
 1310              	.LFB16:
 700:Middlewares/Third_Party/FreeRTOS/Source/queue.c **** 	QueueHandle_t xHandle;
 1311              		.loc 1 700 2 is_stmt 1 view -0
 1312              		.cfi_startproc
 1313              		@ args = 0, pretend = 0, frame = 0
 1314              		@ frame_needed = 0, uses_anonymous_args = 0
 701:Middlewares/Third_Party/FreeRTOS/Source/queue.c **** 
 1315              		.loc 1 701 2 view .LVU396
 703:Middlewares/Third_Party/FreeRTOS/Source/queue.c **** 		configASSERT( uxInitialCount <= uxMaxCount );
 1316              		.loc 1 703 3 view .LVU397
 1317 0000 40B9     		cbnz	r0, .L95
 703:Middlewares/Third_Party/FreeRTOS/Source/queue.c **** 		configASSERT( uxInitialCount <= uxMaxCount );
 1318              		.loc 1 703 3 discriminator 1 view .LVU398
 1319              	.LBB142:
 1320              	.LBI142:
 191:Middlewares/Third_Party/FreeRTOS/Source/portable/GCC/ARM_CM4F/portmacro.h **** {
ARM GAS  /tmp/cc8vE36X.s 			page 74


 1321              		.loc 2 191 30 view .LVU399
 1322              	.LBB143:
 193:Middlewares/Third_Party/FreeRTOS/Source/portable/GCC/ARM_CM4F/portmacro.h **** 
 1323              		.loc 2 193 1 view .LVU400
 1324              		.loc 2 195 2 view .LVU401
 1325              		.syntax unified
 1326              	@ 195 "Middlewares/Third_Party/FreeRTOS/Source/portable/GCC/ARM_CM4F/portmacro.h" 1
 1327 0002 4FF05003 			mov r3, #80												
 1328 0006 83F31188 		msr basepri, r3											
 1329 000a BFF36F8F 		isb														
 1330 000e BFF34F8F 		dsb														
 1331              	
 1332              	@ 0 "" 2
 1333              		.thumb
 1334              		.syntax unified
 1335              	.L96:
 1336              	.LBE143:
 1337              	.LBE142:
 703:Middlewares/Third_Party/FreeRTOS/Source/queue.c **** 		configASSERT( uxInitialCount <= uxMaxCount );
 1338              		.loc 1 703 3 discriminator 3 view .LVU402
 703:Middlewares/Third_Party/FreeRTOS/Source/queue.c **** 		configASSERT( uxInitialCount <= uxMaxCount );
 1339              		.loc 1 703 3 discriminator 3 view .LVU403
 1340 0012 FEE7     		b	.L96
 1341              	.L95:
 700:Middlewares/Third_Party/FreeRTOS/Source/queue.c **** 	QueueHandle_t xHandle;
 1342              		.loc 1 700 2 is_stmt 0 view .LVU404
 1343 0014 10B5     		push	{r4, lr}
 1344              	.LCFI19:
 1345              		.cfi_def_cfa_offset 8
 1346              		.cfi_offset 4, -8
 1347              		.cfi_offset 14, -4
 1348 0016 0C46     		mov	r4, r1
 703:Middlewares/Third_Party/FreeRTOS/Source/queue.c **** 		configASSERT( uxInitialCount <= uxMaxCount );
 1349              		.loc 1 703 34 is_stmt 1 discriminator 2 view .LVU405
 704:Middlewares/Third_Party/FreeRTOS/Source/queue.c **** 
 1350              		.loc 1 704 3 view .LVU406
 1351 0018 8842     		cmp	r0, r1
 1352 001a 08D2     		bcs	.L97
 704:Middlewares/Third_Party/FreeRTOS/Source/queue.c **** 
 1353              		.loc 1 704 3 discriminator 1 view .LVU407
 1354              	.LBB144:
 1355              	.LBI144:
 191:Middlewares/Third_Party/FreeRTOS/Source/portable/GCC/ARM_CM4F/portmacro.h **** {
 1356              		.loc 2 191 30 view .LVU408
 1357              	.LBB145:
 193:Middlewares/Third_Party/FreeRTOS/Source/portable/GCC/ARM_CM4F/portmacro.h **** 
 1358              		.loc 2 193 1 view .LVU409
 1359              		.loc 2 195 2 view .LVU410
 1360              		.syntax unified
 1361              	@ 195 "Middlewares/Third_Party/FreeRTOS/Source/portable/GCC/ARM_CM4F/portmacro.h" 1
 1362 001c 4FF05003 			mov r3, #80												
 1363 0020 83F31188 		msr basepri, r3											
 1364 0024 BFF36F8F 		isb														
 1365 0028 BFF34F8F 		dsb														
 1366              	
 1367              	@ 0 "" 2
 1368              		.thumb
ARM GAS  /tmp/cc8vE36X.s 			page 75


 1369              		.syntax unified
 1370              	.L98:
 1371              	.LBE145:
 1372              	.LBE144:
 704:Middlewares/Third_Party/FreeRTOS/Source/queue.c **** 
 1373              		.loc 1 704 3 discriminator 3 view .LVU411
 704:Middlewares/Third_Party/FreeRTOS/Source/queue.c **** 
 1374              		.loc 1 704 3 discriminator 3 view .LVU412
 1375 002c FEE7     		b	.L98
 1376              	.L97:
 704:Middlewares/Third_Party/FreeRTOS/Source/queue.c **** 
 1377              		.loc 1 704 47 discriminator 2 view .LVU413
 706:Middlewares/Third_Party/FreeRTOS/Source/queue.c **** 
 1378              		.loc 1 706 3 view .LVU414
 706:Middlewares/Third_Party/FreeRTOS/Source/queue.c **** 
 1379              		.loc 1 706 13 is_stmt 0 view .LVU415
 1380 002e 0222     		movs	r2, #2
 1381 0030 0021     		movs	r1, #0
 1382              	.LVL106:
 706:Middlewares/Third_Party/FreeRTOS/Source/queue.c **** 
 1383              		.loc 1 706 13 view .LVU416
 1384 0032 FFF7FEFF 		bl	xQueueGenericCreate
 1385              	.LVL107:
 708:Middlewares/Third_Party/FreeRTOS/Source/queue.c **** 		{
 1386              		.loc 1 708 3 is_stmt 1 view .LVU417
 708:Middlewares/Third_Party/FreeRTOS/Source/queue.c **** 		{
 1387              		.loc 1 708 5 is_stmt 0 view .LVU418
 1388 0036 00B1     		cbz	r0, .L94
 710:Middlewares/Third_Party/FreeRTOS/Source/queue.c **** 
 1389              		.loc 1 710 4 is_stmt 1 view .LVU419
 710:Middlewares/Third_Party/FreeRTOS/Source/queue.c **** 
 1390              		.loc 1 710 49 is_stmt 0 view .LVU420
 1391 0038 8463     		str	r4, [r0, #56]
 712:Middlewares/Third_Party/FreeRTOS/Source/queue.c **** 		}
 1392              		.loc 1 712 36 is_stmt 1 view .LVU421
 716:Middlewares/Third_Party/FreeRTOS/Source/queue.c **** 		}
 1393              		.loc 1 716 43 view .LVU422
 719:Middlewares/Third_Party/FreeRTOS/Source/queue.c **** 	}
 1394              		.loc 1 719 3 view .LVU423
 1395              	.L94:
 720:Middlewares/Third_Party/FreeRTOS/Source/queue.c **** 
 1396              		.loc 1 720 2 is_stmt 0 view .LVU424
 1397 003a 10BD     		pop	{r4, pc}
 720:Middlewares/Third_Party/FreeRTOS/Source/queue.c **** 
 1398              		.loc 1 720 2 view .LVU425
 1399              		.cfi_endproc
 1400              	.LFE16:
 1402              		.section	.text.xQueueGenericSend,"ax",%progbits
 1403              		.align	1
 1404              		.global	xQueueGenericSend
 1405              		.syntax unified
 1406              		.thumb
 1407              		.thumb_func
 1409              	xQueueGenericSend:
 1410              	.LVL108:
 1411              	.LFB17:
 726:Middlewares/Third_Party/FreeRTOS/Source/queue.c **** BaseType_t xEntryTimeSet = pdFALSE, xYieldRequired;
ARM GAS  /tmp/cc8vE36X.s 			page 76


 1412              		.loc 1 726 1 is_stmt 1 view -0
 1413              		.cfi_startproc
 1414              		@ args = 0, pretend = 0, frame = 16
 1415              		@ frame_needed = 0, uses_anonymous_args = 0
 726:Middlewares/Third_Party/FreeRTOS/Source/queue.c **** BaseType_t xEntryTimeSet = pdFALSE, xYieldRequired;
 1416              		.loc 1 726 1 is_stmt 0 view .LVU427
 1417 0000 F0B5     		push	{r4, r5, r6, r7, lr}
 1418              	.LCFI20:
 1419              		.cfi_def_cfa_offset 20
 1420              		.cfi_offset 4, -20
 1421              		.cfi_offset 5, -16
 1422              		.cfi_offset 6, -12
 1423              		.cfi_offset 7, -8
 1424              		.cfi_offset 14, -4
 1425 0002 85B0     		sub	sp, sp, #20
 1426              	.LCFI21:
 1427              		.cfi_def_cfa_offset 40
 1428 0004 0192     		str	r2, [sp, #4]
 727:Middlewares/Third_Party/FreeRTOS/Source/queue.c **** TimeOut_t xTimeOut;
 1429              		.loc 1 727 1 is_stmt 1 view .LVU428
 1430              	.LVL109:
 728:Middlewares/Third_Party/FreeRTOS/Source/queue.c **** Queue_t * const pxQueue = ( Queue_t * ) xQueue;
 1431              		.loc 1 728 1 view .LVU429
 729:Middlewares/Third_Party/FreeRTOS/Source/queue.c **** 
 1432              		.loc 1 729 1 view .LVU430
 731:Middlewares/Third_Party/FreeRTOS/Source/queue.c **** 	configASSERT( !( ( pvItemToQueue == NULL ) && ( pxQueue->uxItemSize != ( UBaseType_t ) 0U ) ) );
 1433              		.loc 1 731 2 view .LVU431
 1434 0006 88B1     		cbz	r0, .L126
 1435 0008 0F46     		mov	r7, r1
 1436 000a 1D46     		mov	r5, r3
 1437 000c 0446     		mov	r4, r0
 731:Middlewares/Third_Party/FreeRTOS/Source/queue.c **** 	configASSERT( !( ( pvItemToQueue == NULL ) && ( pxQueue->uxItemSize != ( UBaseType_t ) 0U ) ) );
 1438              		.loc 1 731 25 discriminator 2 view .LVU432
 732:Middlewares/Third_Party/FreeRTOS/Source/queue.c **** 	configASSERT( !( ( xCopyPosition == queueOVERWRITE ) && ( pxQueue->uxLength != 1 ) ) );
 1439              		.loc 1 732 2 view .LVU433
 1440 000e B1B1     		cbz	r1, .L127
 1441              	.LVL110:
 1442              	.L105:
 732:Middlewares/Third_Party/FreeRTOS/Source/queue.c **** 	configASSERT( !( ( xCopyPosition == queueOVERWRITE ) && ( pxQueue->uxLength != 1 ) ) );
 1443              		.loc 1 732 97 discriminator 8 view .LVU434
 733:Middlewares/Third_Party/FreeRTOS/Source/queue.c **** 	#if ( ( INCLUDE_xTaskGetSchedulerState == 1 ) || ( configUSE_TIMERS == 1 ) )
 1444              		.loc 1 733 2 view .LVU435
 1445 0010 022D     		cmp	r5, #2
 1446 0012 20D1     		bne	.L107
 733:Middlewares/Third_Party/FreeRTOS/Source/queue.c **** 	#if ( ( INCLUDE_xTaskGetSchedulerState == 1 ) || ( configUSE_TIMERS == 1 ) )
 1447              		.loc 1 733 2 is_stmt 0 discriminator 2 view .LVU436
 1448 0014 E36B     		ldr	r3, [r4, #60]
 1449 0016 012B     		cmp	r3, #1
 1450 0018 1DD0     		beq	.L107
 733:Middlewares/Third_Party/FreeRTOS/Source/queue.c **** 	#if ( ( INCLUDE_xTaskGetSchedulerState == 1 ) || ( configUSE_TIMERS == 1 ) )
 1451              		.loc 1 733 2 is_stmt 1 discriminator 7 view .LVU437
 1452              	.LBB146:
 1453              	.LBI146:
 191:Middlewares/Third_Party/FreeRTOS/Source/portable/GCC/ARM_CM4F/portmacro.h **** {
 1454              		.loc 2 191 30 view .LVU438
 1455              	.LBB147:
 193:Middlewares/Third_Party/FreeRTOS/Source/portable/GCC/ARM_CM4F/portmacro.h **** 
ARM GAS  /tmp/cc8vE36X.s 			page 77


 1456              		.loc 2 193 1 view .LVU439
 1457              		.loc 2 195 2 view .LVU440
 1458              		.syntax unified
 1459              	@ 195 "Middlewares/Third_Party/FreeRTOS/Source/portable/GCC/ARM_CM4F/portmacro.h" 1
 1460 001a 4FF05003 			mov r3, #80												
 1461 001e 83F31188 		msr basepri, r3											
 1462 0022 BFF36F8F 		isb														
 1463 0026 BFF34F8F 		dsb														
 1464              	
 1465              	@ 0 "" 2
 1466              		.thumb
 1467              		.syntax unified
 1468              	.L108:
 1469              	.LBE147:
 1470              	.LBE146:
 733:Middlewares/Third_Party/FreeRTOS/Source/queue.c **** 	#if ( ( INCLUDE_xTaskGetSchedulerState == 1 ) || ( configUSE_TIMERS == 1 ) )
 1471              		.loc 1 733 2 discriminator 9 view .LVU441
 733:Middlewares/Third_Party/FreeRTOS/Source/queue.c **** 	#if ( ( INCLUDE_xTaskGetSchedulerState == 1 ) || ( configUSE_TIMERS == 1 ) )
 1472              		.loc 1 733 2 discriminator 9 view .LVU442
 1473 002a FEE7     		b	.L108
 1474              	.LVL111:
 1475              	.L126:
 731:Middlewares/Third_Party/FreeRTOS/Source/queue.c **** 	configASSERT( !( ( pvItemToQueue == NULL ) && ( pxQueue->uxItemSize != ( UBaseType_t ) 0U ) ) );
 1476              		.loc 1 731 2 discriminator 1 view .LVU443
 1477              	.LBB148:
 1478              	.LBI148:
 191:Middlewares/Third_Party/FreeRTOS/Source/portable/GCC/ARM_CM4F/portmacro.h **** {
 1479              		.loc 2 191 30 view .LVU444
 1480              	.LBB149:
 193:Middlewares/Third_Party/FreeRTOS/Source/portable/GCC/ARM_CM4F/portmacro.h **** 
 1481              		.loc 2 193 1 view .LVU445
 1482              		.loc 2 195 2 view .LVU446
 1483              		.syntax unified
 1484              	@ 195 "Middlewares/Third_Party/FreeRTOS/Source/portable/GCC/ARM_CM4F/portmacro.h" 1
 1485 002c 4FF05003 			mov r3, #80												
 1486 0030 83F31188 		msr basepri, r3											
 1487 0034 BFF36F8F 		isb														
 1488 0038 BFF34F8F 		dsb														
 1489              	
 1490              	@ 0 "" 2
 1491              	.LVL112:
 1492              		.thumb
 1493              		.syntax unified
 1494              	.L104:
 1495              		.loc 2 195 2 is_stmt 0 view .LVU447
 1496              	.LBE149:
 1497              	.LBE148:
 731:Middlewares/Third_Party/FreeRTOS/Source/queue.c **** 	configASSERT( !( ( pvItemToQueue == NULL ) && ( pxQueue->uxItemSize != ( UBaseType_t ) 0U ) ) );
 1498              		.loc 1 731 2 is_stmt 1 discriminator 3 view .LVU448
 731:Middlewares/Third_Party/FreeRTOS/Source/queue.c **** 	configASSERT( !( ( pvItemToQueue == NULL ) && ( pxQueue->uxItemSize != ( UBaseType_t ) 0U ) ) );
 1499              		.loc 1 731 2 discriminator 3 view .LVU449
 1500 003c FEE7     		b	.L104
 1501              	.LVL113:
 1502              	.L127:
 732:Middlewares/Third_Party/FreeRTOS/Source/queue.c **** 	configASSERT( !( ( xCopyPosition == queueOVERWRITE ) && ( pxQueue->uxLength != 1 ) ) );
 1503              		.loc 1 732 2 is_stmt 0 discriminator 2 view .LVU450
 1504 003e 036C     		ldr	r3, [r0, #64]
ARM GAS  /tmp/cc8vE36X.s 			page 78


 1505              	.LVL114:
 732:Middlewares/Third_Party/FreeRTOS/Source/queue.c **** 	configASSERT( !( ( xCopyPosition == queueOVERWRITE ) && ( pxQueue->uxLength != 1 ) ) );
 1506              		.loc 1 732 2 discriminator 2 view .LVU451
 1507 0040 002B     		cmp	r3, #0
 1508 0042 E5D0     		beq	.L105
 732:Middlewares/Third_Party/FreeRTOS/Source/queue.c **** 	configASSERT( !( ( xCopyPosition == queueOVERWRITE ) && ( pxQueue->uxLength != 1 ) ) );
 1509              		.loc 1 732 2 is_stmt 1 discriminator 7 view .LVU452
 1510              	.LBB150:
 1511              	.LBI150:
 191:Middlewares/Third_Party/FreeRTOS/Source/portable/GCC/ARM_CM4F/portmacro.h **** {
 1512              		.loc 2 191 30 view .LVU453
 1513              	.LBB151:
 193:Middlewares/Third_Party/FreeRTOS/Source/portable/GCC/ARM_CM4F/portmacro.h **** 
 1514              		.loc 2 193 1 view .LVU454
 1515              		.loc 2 195 2 view .LVU455
 1516              		.syntax unified
 1517              	@ 195 "Middlewares/Third_Party/FreeRTOS/Source/portable/GCC/ARM_CM4F/portmacro.h" 1
 1518 0044 4FF05003 			mov r3, #80												
 1519 0048 83F31188 		msr basepri, r3											
 1520 004c BFF36F8F 		isb														
 1521 0050 BFF34F8F 		dsb														
 1522              	
 1523              	@ 0 "" 2
 1524              		.thumb
 1525              		.syntax unified
 1526              	.L106:
 1527              	.LBE151:
 1528              	.LBE150:
 732:Middlewares/Third_Party/FreeRTOS/Source/queue.c **** 	configASSERT( !( ( xCopyPosition == queueOVERWRITE ) && ( pxQueue->uxLength != 1 ) ) );
 1529              		.loc 1 732 2 discriminator 9 view .LVU456
 732:Middlewares/Third_Party/FreeRTOS/Source/queue.c **** 	configASSERT( !( ( xCopyPosition == queueOVERWRITE ) && ( pxQueue->uxLength != 1 ) ) );
 1530              		.loc 1 732 2 discriminator 9 view .LVU457
 1531 0054 FEE7     		b	.L106
 1532              	.L107:
 733:Middlewares/Third_Party/FreeRTOS/Source/queue.c **** 	#if ( ( INCLUDE_xTaskGetSchedulerState == 1 ) || ( configUSE_TIMERS == 1 ) )
 1533              		.loc 1 733 88 discriminator 8 view .LVU458
 736:Middlewares/Third_Party/FreeRTOS/Source/queue.c **** 	}
 1534              		.loc 1 736 3 view .LVU459
 1535 0056 FFF7FEFF 		bl	xTaskGetSchedulerState
 1536              	.LVL115:
 736:Middlewares/Third_Party/FreeRTOS/Source/queue.c **** 	}
 1537              		.loc 1 736 3 is_stmt 0 discriminator 1 view .LVU460
 1538 005a 0646     		mov	r6, r0
 1539 005c 58B9     		cbnz	r0, .L124
 736:Middlewares/Third_Party/FreeRTOS/Source/queue.c **** 	}
 1540              		.loc 1 736 3 discriminator 2 view .LVU461
 1541 005e 019B     		ldr	r3, [sp, #4]
 1542 0060 002B     		cmp	r3, #0
 1543 0062 48D0     		beq	.L111
 736:Middlewares/Third_Party/FreeRTOS/Source/queue.c **** 	}
 1544              		.loc 1 736 3 is_stmt 1 discriminator 7 view .LVU462
 1545              	.LBB152:
 1546              	.LBI152:
 191:Middlewares/Third_Party/FreeRTOS/Source/portable/GCC/ARM_CM4F/portmacro.h **** {
 1547              		.loc 2 191 30 view .LVU463
 1548              	.LBB153:
 193:Middlewares/Third_Party/FreeRTOS/Source/portable/GCC/ARM_CM4F/portmacro.h **** 
ARM GAS  /tmp/cc8vE36X.s 			page 79


 1549              		.loc 2 193 1 view .LVU464
 1550              		.loc 2 195 2 view .LVU465
 1551              		.syntax unified
 1552              	@ 195 "Middlewares/Third_Party/FreeRTOS/Source/portable/GCC/ARM_CM4F/portmacro.h" 1
 1553 0064 4FF05003 			mov r3, #80												
 1554 0068 83F31188 		msr basepri, r3											
 1555 006c BFF36F8F 		isb														
 1556 0070 BFF34F8F 		dsb														
 1557              	
 1558              	@ 0 "" 2
 1559              		.thumb
 1560              		.syntax unified
 1561              	.L110:
 1562              	.LBE153:
 1563              	.LBE152:
 736:Middlewares/Third_Party/FreeRTOS/Source/queue.c **** 	}
 1564              		.loc 1 736 3 discriminator 9 view .LVU466
 736:Middlewares/Third_Party/FreeRTOS/Source/queue.c **** 	}
 1565              		.loc 1 736 3 discriminator 9 view .LVU467
 1566 0074 FEE7     		b	.L110
 1567              	.L124:
 1568 0076 0026     		movs	r6, #0
 1569 0078 3DE0     		b	.L111
 1570              	.LVL116:
 1571              	.L112:
 754:Middlewares/Third_Party/FreeRTOS/Source/queue.c **** 				xYieldRequired = prvCopyDataToQueue( pxQueue, pvItemToQueue, xCopyPosition );
 1572              		.loc 1 754 31 view .LVU468
 755:Middlewares/Third_Party/FreeRTOS/Source/queue.c **** 
 1573              		.loc 1 755 5 view .LVU469
 755:Middlewares/Third_Party/FreeRTOS/Source/queue.c **** 
 1574              		.loc 1 755 22 is_stmt 0 view .LVU470
 1575 007a 2A46     		mov	r2, r5
 1576 007c 3946     		mov	r1, r7
 1577 007e 2046     		mov	r0, r4
 1578 0080 FFF7FEFF 		bl	prvCopyDataToQueue
 1579              	.LVL117:
 810:Middlewares/Third_Party/FreeRTOS/Source/queue.c **** 					{
 1580              		.loc 1 810 6 is_stmt 1 view .LVU471
 810:Middlewares/Third_Party/FreeRTOS/Source/queue.c **** 					{
 1581              		.loc 1 810 10 is_stmt 0 view .LVU472
 1582 0084 636A     		ldr	r3, [r4, #36]
 810:Middlewares/Third_Party/FreeRTOS/Source/queue.c **** 					{
 1583              		.loc 1 810 8 view .LVU473
 1584 0086 7BB9     		cbnz	r3, .L128
 825:Middlewares/Third_Party/FreeRTOS/Source/queue.c **** 					{
 1585              		.loc 1 825 11 is_stmt 1 view .LVU474
 825:Middlewares/Third_Party/FreeRTOS/Source/queue.c **** 					{
 1586              		.loc 1 825 13 is_stmt 0 view .LVU475
 1587 0088 48B1     		cbz	r0, .L115
 831:Middlewares/Third_Party/FreeRTOS/Source/queue.c **** 					}
 1588              		.loc 1 831 7 is_stmt 1 view .LVU476
 1589 008a 4FF0E023 		mov	r3, #-536813568
 1590 008e 4FF08052 		mov	r2, #268435456
 1591 0092 C3F8042D 		str	r2, [r3, #3332]
 831:Middlewares/Third_Party/FreeRTOS/Source/queue.c **** 					}
 1592              		.loc 1 831 7 view .LVU477
 1593              		.syntax unified
ARM GAS  /tmp/cc8vE36X.s 			page 80


 1594              	@ 831 "Middlewares/Third_Party/FreeRTOS/Source/queue.c" 1
 1595 0096 BFF34F8F 		dsb
 1596              	@ 0 "" 2
 831:Middlewares/Third_Party/FreeRTOS/Source/queue.c **** 					}
 1597              		.loc 1 831 7 view .LVU478
 1598              	@ 831 "Middlewares/Third_Party/FreeRTOS/Source/queue.c" 1
 1599 009a BFF36F8F 		isb
 1600              	@ 0 "" 2
 831:Middlewares/Third_Party/FreeRTOS/Source/queue.c **** 					}
 1601              		.loc 1 831 39 view .LVU479
 1602              	.LVL118:
 1603              		.thumb
 1604              		.syntax unified
 1605              	.L115:
 835:Middlewares/Third_Party/FreeRTOS/Source/queue.c **** 					}
 1606              		.loc 1 835 31 view .LVU480
 840:Middlewares/Third_Party/FreeRTOS/Source/queue.c **** 				return pdPASS;
 1607              		.loc 1 840 5 view .LVU481
 1608 009e FFF7FEFF 		bl	vPortExitCritical
 1609              	.LVL119:
 841:Middlewares/Third_Party/FreeRTOS/Source/queue.c **** 			}
 1610              		.loc 1 841 5 view .LVU482
 841:Middlewares/Third_Party/FreeRTOS/Source/queue.c **** 			}
 1611              		.loc 1 841 12 is_stmt 0 view .LVU483
 1612 00a2 0120     		movs	r0, #1
 1613              	.LVL120:
 1614              	.L102:
 920:Middlewares/Third_Party/FreeRTOS/Source/queue.c **** /*-----------------------------------------------------------*/
 1615              		.loc 1 920 1 view .LVU484
 1616 00a4 05B0     		add	sp, sp, #20
 1617              	.LCFI22:
 1618              		.cfi_remember_state
 1619              		.cfi_def_cfa_offset 20
 1620              		@ sp needed
 1621 00a6 F0BD     		pop	{r4, r5, r6, r7, pc}
 1622              	.LVL121:
 1623              	.L128:
 1624              	.LCFI23:
 1625              		.cfi_restore_state
 812:Middlewares/Third_Party/FreeRTOS/Source/queue.c **** 						{
 1626              		.loc 1 812 7 is_stmt 1 view .LVU485
 812:Middlewares/Third_Party/FreeRTOS/Source/queue.c **** 						{
 1627              		.loc 1 812 11 is_stmt 0 view .LVU486
 1628 00a8 04F12400 		add	r0, r4, #36
 1629              	.LVL122:
 812:Middlewares/Third_Party/FreeRTOS/Source/queue.c **** 						{
 1630              		.loc 1 812 11 view .LVU487
 1631 00ac FFF7FEFF 		bl	xTaskRemoveFromEventList
 1632              	.LVL123:
 812:Middlewares/Third_Party/FreeRTOS/Source/queue.c **** 						{
 1633              		.loc 1 812 9 discriminator 1 view .LVU488
 1634 00b0 0028     		cmp	r0, #0
 1635 00b2 F4D0     		beq	.L115
 818:Middlewares/Third_Party/FreeRTOS/Source/queue.c **** 						}
 1636              		.loc 1 818 8 is_stmt 1 view .LVU489
 1637 00b4 4FF0E023 		mov	r3, #-536813568
 1638 00b8 4FF08052 		mov	r2, #268435456
ARM GAS  /tmp/cc8vE36X.s 			page 81


 1639 00bc C3F8042D 		str	r2, [r3, #3332]
 818:Middlewares/Third_Party/FreeRTOS/Source/queue.c **** 						}
 1640              		.loc 1 818 8 view .LVU490
 1641              		.syntax unified
 1642              	@ 818 "Middlewares/Third_Party/FreeRTOS/Source/queue.c" 1
 1643 00c0 BFF34F8F 		dsb
 1644              	@ 0 "" 2
 818:Middlewares/Third_Party/FreeRTOS/Source/queue.c **** 						}
 1645              		.loc 1 818 8 view .LVU491
 1646              	@ 818 "Middlewares/Third_Party/FreeRTOS/Source/queue.c" 1
 1647 00c4 BFF36F8F 		isb
 1648              	@ 0 "" 2
 818:Middlewares/Third_Party/FreeRTOS/Source/queue.c **** 						}
 1649              		.loc 1 818 40 view .LVU492
 1650              		.thumb
 1651              		.syntax unified
 1652 00c8 E9E7     		b	.L115
 1653              	.LVL124:
 1654              	.L129:
 849:Middlewares/Third_Party/FreeRTOS/Source/queue.c **** 
 1655              		.loc 1 849 6 view .LVU493
 1656 00ca FFF7FEFF 		bl	vPortExitCritical
 1657              	.LVL125:
 853:Middlewares/Third_Party/FreeRTOS/Source/queue.c **** 					return errQUEUE_FULL;
 1658              		.loc 1 853 39 view .LVU494
 854:Middlewares/Third_Party/FreeRTOS/Source/queue.c **** 				}
 1659              		.loc 1 854 6 view .LVU495
 854:Middlewares/Third_Party/FreeRTOS/Source/queue.c **** 				}
 1660              		.loc 1 854 13 is_stmt 0 view .LVU496
 1661 00ce 0020     		movs	r0, #0
 1662 00d0 E8E7     		b	.L102
 1663              	.L130:
 860:Middlewares/Third_Party/FreeRTOS/Source/queue.c **** 					xEntryTimeSet = pdTRUE;
 1664              		.loc 1 860 6 is_stmt 1 view .LVU497
 1665 00d2 02A8     		add	r0, sp, #8
 1666 00d4 FFF7FEFF 		bl	vTaskInternalSetTimeOutState
 1667              	.LVL126:
 861:Middlewares/Third_Party/FreeRTOS/Source/queue.c **** 				}
 1668              		.loc 1 861 6 view .LVU498
 861:Middlewares/Third_Party/FreeRTOS/Source/queue.c **** 				}
 1669              		.loc 1 861 20 is_stmt 0 view .LVU499
 1670 00d8 0126     		movs	r6, #1
 1671 00da 19E0     		b	.L118
 1672              	.LVL127:
 1673              	.L131:
 876:Middlewares/Third_Party/FreeRTOS/Source/queue.c **** 
 1674              		.loc 1 876 3 is_stmt 1 discriminator 1 view .LVU500
 1675 00dc 0023     		movs	r3, #0
 1676 00de 84F84430 		strb	r3, [r4, #68]
 1677 00e2 21E0     		b	.L119
 1678              	.L132:
 876:Middlewares/Third_Party/FreeRTOS/Source/queue.c **** 
 1679              		.loc 1 876 3 discriminator 4 view .LVU501
 1680 00e4 0023     		movs	r3, #0
 1681 00e6 84F84530 		strb	r3, [r4, #69]
 1682 00ea 23E0     		b	.L120
 1683              	.L122:
ARM GAS  /tmp/cc8vE36X.s 			page 82


 906:Middlewares/Third_Party/FreeRTOS/Source/queue.c **** 				( void ) xTaskResumeAll();
 1684              		.loc 1 906 5 view .LVU502
 1685 00ec 2046     		mov	r0, r4
 1686 00ee FFF7FEFF 		bl	prvUnlockQueue
 1687              	.LVL128:
 907:Middlewares/Third_Party/FreeRTOS/Source/queue.c **** 			}
 1688              		.loc 1 907 5 view .LVU503
 907:Middlewares/Third_Party/FreeRTOS/Source/queue.c **** 			}
 1689              		.loc 1 907 14 is_stmt 0 view .LVU504
 1690 00f2 FFF7FEFF 		bl	xTaskResumeAll
 1691              	.LVL129:
 1692              	.L111:
 736:Middlewares/Third_Party/FreeRTOS/Source/queue.c **** 	}
 1693              		.loc 1 736 104 is_stmt 1 discriminator 8 view .LVU505
 744:Middlewares/Third_Party/FreeRTOS/Source/queue.c **** 	{
 1694              		.loc 1 744 2 view .LVU506
 746:Middlewares/Third_Party/FreeRTOS/Source/queue.c **** 		{
 1695              		.loc 1 746 3 view .LVU507
 1696 00f6 FFF7FEFF 		bl	vPortEnterCritical
 1697              	.LVL130:
 752:Middlewares/Third_Party/FreeRTOS/Source/queue.c **** 			{
 1698              		.loc 1 752 4 view .LVU508
 752:Middlewares/Third_Party/FreeRTOS/Source/queue.c **** 			{
 1699              		.loc 1 752 17 is_stmt 0 view .LVU509
 1700 00fa A26B     		ldr	r2, [r4, #56]
 752:Middlewares/Third_Party/FreeRTOS/Source/queue.c **** 			{
 1701              		.loc 1 752 46 view .LVU510
 1702 00fc E36B     		ldr	r3, [r4, #60]
 752:Middlewares/Third_Party/FreeRTOS/Source/queue.c **** 			{
 1703              		.loc 1 752 6 view .LVU511
 1704 00fe 9A42     		cmp	r2, r3
 1705 0100 BBD3     		bcc	.L112
 752:Middlewares/Third_Party/FreeRTOS/Source/queue.c **** 			{
 1706              		.loc 1 752 59 discriminator 1 view .LVU512
 1707 0102 022D     		cmp	r5, #2
 1708 0104 B9D0     		beq	.L112
 845:Middlewares/Third_Party/FreeRTOS/Source/queue.c **** 				{
 1709              		.loc 1 845 5 is_stmt 1 view .LVU513
 845:Middlewares/Third_Party/FreeRTOS/Source/queue.c **** 				{
 1710              		.loc 1 845 22 is_stmt 0 view .LVU514
 1711 0106 019B     		ldr	r3, [sp, #4]
 845:Middlewares/Third_Party/FreeRTOS/Source/queue.c **** 				{
 1712              		.loc 1 845 7 view .LVU515
 1713 0108 002B     		cmp	r3, #0
 1714 010a DED0     		beq	.L129
 856:Middlewares/Third_Party/FreeRTOS/Source/queue.c **** 				{
 1715              		.loc 1 856 10 is_stmt 1 view .LVU516
 856:Middlewares/Third_Party/FreeRTOS/Source/queue.c **** 				{
 1716              		.loc 1 856 12 is_stmt 0 view .LVU517
 1717 010c 002E     		cmp	r6, #0
 1718 010e E0D0     		beq	.L130
 1719              	.LVL131:
 1720              	.L118:
 866:Middlewares/Third_Party/FreeRTOS/Source/queue.c **** 				}
 1721              		.loc 1 866 30 is_stmt 1 view .LVU518
 870:Middlewares/Third_Party/FreeRTOS/Source/queue.c **** 
 1722              		.loc 1 870 3 view .LVU519
ARM GAS  /tmp/cc8vE36X.s 			page 83


 1723 0110 FFF7FEFF 		bl	vPortExitCritical
 1724              	.LVL132:
 875:Middlewares/Third_Party/FreeRTOS/Source/queue.c **** 		prvLockQueue( pxQueue );
 1725              		.loc 1 875 3 view .LVU520
 1726 0114 FFF7FEFF 		bl	vTaskSuspendAll
 1727              	.LVL133:
 876:Middlewares/Third_Party/FreeRTOS/Source/queue.c **** 
 1728              		.loc 1 876 3 view .LVU521
 1729 0118 FFF7FEFF 		bl	vPortEnterCritical
 1730              	.LVL134:
 876:Middlewares/Third_Party/FreeRTOS/Source/queue.c **** 
 1731              		.loc 1 876 3 discriminator 1 view .LVU522
 1732 011c 94F84420 		ldrb	r2, [r4, #68]	@ zero_extendqisi2
 1733 0120 52B2     		sxtb	r2, r2
 1734 0122 B2F1FF3F 		cmp	r2, #-1
 1735 0126 D9D0     		beq	.L131
 1736              	.L119:
 876:Middlewares/Third_Party/FreeRTOS/Source/queue.c **** 
 1737              		.loc 1 876 3 discriminator 3 view .LVU523
 1738 0128 94F84520 		ldrb	r2, [r4, #69]	@ zero_extendqisi2
 1739 012c 52B2     		sxtb	r2, r2
 1740 012e B2F1FF3F 		cmp	r2, #-1
 1741 0132 D7D0     		beq	.L132
 1742              	.L120:
 876:Middlewares/Third_Party/FreeRTOS/Source/queue.c **** 
 1743              		.loc 1 876 3 discriminator 6 view .LVU524
 1744 0134 FFF7FEFF 		bl	vPortExitCritical
 1745              	.LVL135:
 879:Middlewares/Third_Party/FreeRTOS/Source/queue.c **** 		{
 1746              		.loc 1 879 3 view .LVU525
 879:Middlewares/Third_Party/FreeRTOS/Source/queue.c **** 		{
 1747              		.loc 1 879 7 is_stmt 0 view .LVU526
 1748 0138 01A9     		add	r1, sp, #4
 1749 013a 02A8     		add	r0, sp, #8
 1750 013c FFF7FEFF 		bl	xTaskCheckForTimeOut
 1751              	.LVL136:
 879:Middlewares/Third_Party/FreeRTOS/Source/queue.c **** 		{
 1752              		.loc 1 879 5 discriminator 1 view .LVU527
 1753 0140 D8B9     		cbnz	r0, .L121
 881:Middlewares/Third_Party/FreeRTOS/Source/queue.c **** 			{
 1754              		.loc 1 881 4 is_stmt 1 view .LVU528
 881:Middlewares/Third_Party/FreeRTOS/Source/queue.c **** 			{
 1755              		.loc 1 881 8 is_stmt 0 view .LVU529
 1756 0142 2046     		mov	r0, r4
 1757 0144 FFF7FEFF 		bl	prvIsQueueFull
 1758              	.LVL137:
 881:Middlewares/Third_Party/FreeRTOS/Source/queue.c **** 			{
 1759              		.loc 1 881 6 discriminator 1 view .LVU530
 1760 0148 0028     		cmp	r0, #0
 1761 014a CFD0     		beq	.L122
 883:Middlewares/Third_Party/FreeRTOS/Source/queue.c **** 				vTaskPlaceOnEventList( &( pxQueue->xTasksWaitingToSend ), xTicksToWait );
 1762              		.loc 1 883 43 is_stmt 1 view .LVU531
 884:Middlewares/Third_Party/FreeRTOS/Source/queue.c **** 
 1763              		.loc 1 884 5 view .LVU532
 1764 014c 0199     		ldr	r1, [sp, #4]
 1765 014e 04F11000 		add	r0, r4, #16
 1766 0152 FFF7FEFF 		bl	vTaskPlaceOnEventList
ARM GAS  /tmp/cc8vE36X.s 			page 84


 1767              	.LVL138:
 891:Middlewares/Third_Party/FreeRTOS/Source/queue.c **** 
 1768              		.loc 1 891 5 view .LVU533
 1769 0156 2046     		mov	r0, r4
 1770 0158 FFF7FEFF 		bl	prvUnlockQueue
 1771              	.LVL139:
 898:Middlewares/Third_Party/FreeRTOS/Source/queue.c **** 				{
 1772              		.loc 1 898 5 view .LVU534
 898:Middlewares/Third_Party/FreeRTOS/Source/queue.c **** 				{
 1773              		.loc 1 898 9 is_stmt 0 view .LVU535
 1774 015c FFF7FEFF 		bl	xTaskResumeAll
 1775              	.LVL140:
 898:Middlewares/Third_Party/FreeRTOS/Source/queue.c **** 				{
 1776              		.loc 1 898 7 discriminator 1 view .LVU536
 1777 0160 0028     		cmp	r0, #0
 1778 0162 C8D1     		bne	.L111
 900:Middlewares/Third_Party/FreeRTOS/Source/queue.c **** 				}
 1779              		.loc 1 900 6 is_stmt 1 view .LVU537
 1780 0164 4FF0E023 		mov	r3, #-536813568
 1781 0168 4FF08052 		mov	r2, #268435456
 1782 016c C3F8042D 		str	r2, [r3, #3332]
 900:Middlewares/Third_Party/FreeRTOS/Source/queue.c **** 				}
 1783              		.loc 1 900 6 view .LVU538
 1784              		.syntax unified
 1785              	@ 900 "Middlewares/Third_Party/FreeRTOS/Source/queue.c" 1
 1786 0170 BFF34F8F 		dsb
 1787              	@ 0 "" 2
 900:Middlewares/Third_Party/FreeRTOS/Source/queue.c **** 				}
 1788              		.loc 1 900 6 view .LVU539
 1789              	@ 900 "Middlewares/Third_Party/FreeRTOS/Source/queue.c" 1
 1790 0174 BFF36F8F 		isb
 1791              	@ 0 "" 2
 1792              		.thumb
 1793              		.syntax unified
 1794 0178 BDE7     		b	.L111
 1795              	.L121:
 913:Middlewares/Third_Party/FreeRTOS/Source/queue.c **** 			( void ) xTaskResumeAll();
 1796              		.loc 1 913 4 view .LVU540
 1797 017a 2046     		mov	r0, r4
 1798 017c FFF7FEFF 		bl	prvUnlockQueue
 1799              	.LVL141:
 914:Middlewares/Third_Party/FreeRTOS/Source/queue.c **** 
 1800              		.loc 1 914 4 view .LVU541
 914:Middlewares/Third_Party/FreeRTOS/Source/queue.c **** 
 1801              		.loc 1 914 13 is_stmt 0 view .LVU542
 1802 0180 FFF7FEFF 		bl	xTaskResumeAll
 1803              	.LVL142:
 916:Middlewares/Third_Party/FreeRTOS/Source/queue.c **** 			return errQUEUE_FULL;
 1804              		.loc 1 916 37 is_stmt 1 view .LVU543
 917:Middlewares/Third_Party/FreeRTOS/Source/queue.c **** 		}
 1805              		.loc 1 917 4 view .LVU544
 917:Middlewares/Third_Party/FreeRTOS/Source/queue.c **** 		}
 1806              		.loc 1 917 11 is_stmt 0 view .LVU545
 1807 0184 0020     		movs	r0, #0
 1808 0186 8DE7     		b	.L102
 1809              		.cfi_endproc
 1810              	.LFE17:
ARM GAS  /tmp/cc8vE36X.s 			page 85


 1812              		.section	.text.prvInitialiseMutex,"ax",%progbits
 1813              		.align	1
 1814              		.syntax unified
 1815              		.thumb
 1816              		.thumb_func
 1818              	prvInitialiseMutex:
 1819              	.LVL143:
 1820              	.LFB8:
 453:Middlewares/Third_Party/FreeRTOS/Source/queue.c **** 		if( pxNewQueue != NULL )
 1821              		.loc 1 453 2 is_stmt 1 view -0
 1822              		.cfi_startproc
 1823              		@ args = 0, pretend = 0, frame = 0
 1824              		@ frame_needed = 0, uses_anonymous_args = 0
 454:Middlewares/Third_Party/FreeRTOS/Source/queue.c **** 		{
 1825              		.loc 1 454 3 view .LVU547
 454:Middlewares/Third_Party/FreeRTOS/Source/queue.c **** 		{
 1826              		.loc 1 454 5 is_stmt 0 view .LVU548
 1827 0000 48B1     		cbz	r0, .L136
 453:Middlewares/Third_Party/FreeRTOS/Source/queue.c **** 		if( pxNewQueue != NULL )
 1828              		.loc 1 453 2 view .LVU549
 1829 0002 08B5     		push	{r3, lr}
 1830              	.LCFI24:
 1831              		.cfi_def_cfa_offset 8
 1832              		.cfi_offset 3, -8
 1833              		.cfi_offset 14, -4
 460:Middlewares/Third_Party/FreeRTOS/Source/queue.c **** 			pxNewQueue->uxQueueType = queueQUEUE_IS_MUTEX;
 1834              		.loc 1 460 4 is_stmt 1 view .LVU550
 460:Middlewares/Third_Party/FreeRTOS/Source/queue.c **** 			pxNewQueue->uxQueueType = queueQUEUE_IS_MUTEX;
 1835              		.loc 1 460 30 is_stmt 0 view .LVU551
 1836 0004 0021     		movs	r1, #0
 1837 0006 4160     		str	r1, [r0, #4]
 461:Middlewares/Third_Party/FreeRTOS/Source/queue.c **** 
 1838              		.loc 1 461 4 is_stmt 1 view .LVU552
 461:Middlewares/Third_Party/FreeRTOS/Source/queue.c **** 
 1839              		.loc 1 461 28 is_stmt 0 view .LVU553
 1840 0008 0160     		str	r1, [r0]
 464:Middlewares/Third_Party/FreeRTOS/Source/queue.c **** 
 1841              		.loc 1 464 4 is_stmt 1 view .LVU554
 464:Middlewares/Third_Party/FreeRTOS/Source/queue.c **** 
 1842              		.loc 1 464 39 is_stmt 0 view .LVU555
 1843 000a C160     		str	r1, [r0, #12]
 466:Middlewares/Third_Party/FreeRTOS/Source/queue.c **** 
 1844              		.loc 1 466 35 is_stmt 1 view .LVU556
 469:Middlewares/Third_Party/FreeRTOS/Source/queue.c **** 		}
 1845              		.loc 1 469 4 view .LVU557
 469:Middlewares/Third_Party/FreeRTOS/Source/queue.c **** 		}
 1846              		.loc 1 469 13 is_stmt 0 view .LVU558
 1847 000c 0B46     		mov	r3, r1
 1848 000e 0A46     		mov	r2, r1
 1849 0010 FFF7FEFF 		bl	xQueueGenericSend
 1850              	.LVL144:
 473:Middlewares/Third_Party/FreeRTOS/Source/queue.c **** 		}
 1851              		.loc 1 473 30 is_stmt 1 view .LVU559
 475:Middlewares/Third_Party/FreeRTOS/Source/queue.c **** 
 1852              		.loc 1 475 2 is_stmt 0 view .LVU560
 1853 0014 08BD     		pop	{r3, pc}
 1854              	.LVL145:
ARM GAS  /tmp/cc8vE36X.s 			page 86


 1855              	.L136:
 1856              	.LCFI25:
 1857              		.cfi_def_cfa_offset 0
 1858              		.cfi_restore 3
 1859              		.cfi_restore 14
 475:Middlewares/Third_Party/FreeRTOS/Source/queue.c **** 
 1860              		.loc 1 475 2 view .LVU561
 1861 0016 7047     		bx	lr
 1862              		.cfi_endproc
 1863              	.LFE8:
 1865              		.section	.text.xQueueCreateMutex,"ax",%progbits
 1866              		.align	1
 1867              		.global	xQueueCreateMutex
 1868              		.syntax unified
 1869              		.thumb
 1870              		.thumb_func
 1872              	xQueueCreateMutex:
 1873              	.LVL146:
 1874              	.LFB9:
 483:Middlewares/Third_Party/FreeRTOS/Source/queue.c **** 	Queue_t *pxNewQueue;
 1875              		.loc 1 483 2 is_stmt 1 view -0
 1876              		.cfi_startproc
 1877              		@ args = 0, pretend = 0, frame = 0
 1878              		@ frame_needed = 0, uses_anonymous_args = 0
 483:Middlewares/Third_Party/FreeRTOS/Source/queue.c **** 	Queue_t *pxNewQueue;
 1879              		.loc 1 483 2 is_stmt 0 view .LVU563
 1880 0000 10B5     		push	{r4, lr}
 1881              	.LCFI26:
 1882              		.cfi_def_cfa_offset 8
 1883              		.cfi_offset 4, -8
 1884              		.cfi_offset 14, -4
 1885 0002 0246     		mov	r2, r0
 484:Middlewares/Third_Party/FreeRTOS/Source/queue.c **** 	const UBaseType_t uxMutexLength = ( UBaseType_t ) 1, uxMutexSize = ( UBaseType_t ) 0;
 1886              		.loc 1 484 2 is_stmt 1 view .LVU564
 485:Middlewares/Third_Party/FreeRTOS/Source/queue.c **** 
 1887              		.loc 1 485 2 view .LVU565
 1888              	.LVL147:
 487:Middlewares/Third_Party/FreeRTOS/Source/queue.c **** 		prvInitialiseMutex( pxNewQueue );
 1889              		.loc 1 487 3 view .LVU566
 487:Middlewares/Third_Party/FreeRTOS/Source/queue.c **** 		prvInitialiseMutex( pxNewQueue );
 1890              		.loc 1 487 30 is_stmt 0 view .LVU567
 1891 0004 0021     		movs	r1, #0
 1892 0006 0120     		movs	r0, #1
 1893              	.LVL148:
 487:Middlewares/Third_Party/FreeRTOS/Source/queue.c **** 		prvInitialiseMutex( pxNewQueue );
 1894              		.loc 1 487 30 view .LVU568
 1895 0008 FFF7FEFF 		bl	xQueueGenericCreate
 1896              	.LVL149:
 487:Middlewares/Third_Party/FreeRTOS/Source/queue.c **** 		prvInitialiseMutex( pxNewQueue );
 1897              		.loc 1 487 30 view .LVU569
 1898 000c 0446     		mov	r4, r0
 1899              	.LVL150:
 488:Middlewares/Third_Party/FreeRTOS/Source/queue.c **** 
 1900              		.loc 1 488 3 is_stmt 1 view .LVU570
 1901 000e FFF7FEFF 		bl	prvInitialiseMutex
 1902              	.LVL151:
 490:Middlewares/Third_Party/FreeRTOS/Source/queue.c **** 	}
ARM GAS  /tmp/cc8vE36X.s 			page 87


 1903              		.loc 1 490 3 view .LVU571
 491:Middlewares/Third_Party/FreeRTOS/Source/queue.c **** 
 1904              		.loc 1 491 2 is_stmt 0 view .LVU572
 1905 0012 2046     		mov	r0, r4
 1906 0014 10BD     		pop	{r4, pc}
 491:Middlewares/Third_Party/FreeRTOS/Source/queue.c **** 
 1907              		.loc 1 491 2 view .LVU573
 1908              		.cfi_endproc
 1909              	.LFE9:
 1911              		.section	.text.xQueueCreateMutexStatic,"ax",%progbits
 1912              		.align	1
 1913              		.global	xQueueCreateMutexStatic
 1914              		.syntax unified
 1915              		.thumb
 1916              		.thumb_func
 1918              	xQueueCreateMutexStatic:
 1919              	.LVL152:
 1920              	.LFB10:
 499:Middlewares/Third_Party/FreeRTOS/Source/queue.c **** 	Queue_t *pxNewQueue;
 1921              		.loc 1 499 2 is_stmt 1 view -0
 1922              		.cfi_startproc
 1923              		@ args = 0, pretend = 0, frame = 0
 1924              		@ frame_needed = 0, uses_anonymous_args = 0
 499:Middlewares/Third_Party/FreeRTOS/Source/queue.c **** 	Queue_t *pxNewQueue;
 1925              		.loc 1 499 2 is_stmt 0 view .LVU575
 1926 0000 10B5     		push	{r4, lr}
 1927              	.LCFI27:
 1928              		.cfi_def_cfa_offset 8
 1929              		.cfi_offset 4, -8
 1930              		.cfi_offset 14, -4
 1931 0002 82B0     		sub	sp, sp, #8
 1932              	.LCFI28:
 1933              		.cfi_def_cfa_offset 16
 1934 0004 0B46     		mov	r3, r1
 500:Middlewares/Third_Party/FreeRTOS/Source/queue.c **** 	const UBaseType_t uxMutexLength = ( UBaseType_t ) 1, uxMutexSize = ( UBaseType_t ) 0;
 1935              		.loc 1 500 2 is_stmt 1 view .LVU576
 501:Middlewares/Third_Party/FreeRTOS/Source/queue.c **** 
 1936              		.loc 1 501 2 view .LVU577
 1937              	.LVL153:
 505:Middlewares/Third_Party/FreeRTOS/Source/queue.c **** 
 1938              		.loc 1 505 3 view .LVU578
 507:Middlewares/Third_Party/FreeRTOS/Source/queue.c **** 		prvInitialiseMutex( pxNewQueue );
 1939              		.loc 1 507 3 view .LVU579
 507:Middlewares/Third_Party/FreeRTOS/Source/queue.c **** 		prvInitialiseMutex( pxNewQueue );
 1940              		.loc 1 507 30 is_stmt 0 view .LVU580
 1941 0006 0090     		str	r0, [sp]
 1942 0008 0022     		movs	r2, #0
 1943 000a 1146     		mov	r1, r2
 1944              	.LVL154:
 507:Middlewares/Third_Party/FreeRTOS/Source/queue.c **** 		prvInitialiseMutex( pxNewQueue );
 1945              		.loc 1 507 30 view .LVU581
 1946 000c 0120     		movs	r0, #1
 1947              	.LVL155:
 507:Middlewares/Third_Party/FreeRTOS/Source/queue.c **** 		prvInitialiseMutex( pxNewQueue );
 1948              		.loc 1 507 30 view .LVU582
 1949 000e FFF7FEFF 		bl	xQueueGenericCreateStatic
 1950              	.LVL156:
ARM GAS  /tmp/cc8vE36X.s 			page 88


 507:Middlewares/Third_Party/FreeRTOS/Source/queue.c **** 		prvInitialiseMutex( pxNewQueue );
 1951              		.loc 1 507 30 view .LVU583
 1952 0012 0446     		mov	r4, r0
 1953              	.LVL157:
 508:Middlewares/Third_Party/FreeRTOS/Source/queue.c **** 
 1954              		.loc 1 508 3 is_stmt 1 view .LVU584
 1955 0014 FFF7FEFF 		bl	prvInitialiseMutex
 1956              	.LVL158:
 510:Middlewares/Third_Party/FreeRTOS/Source/queue.c **** 	}
 1957              		.loc 1 510 3 view .LVU585
 511:Middlewares/Third_Party/FreeRTOS/Source/queue.c **** 
 1958              		.loc 1 511 2 is_stmt 0 view .LVU586
 1959 0018 2046     		mov	r0, r4
 1960 001a 02B0     		add	sp, sp, #8
 1961              	.LCFI29:
 1962              		.cfi_def_cfa_offset 8
 1963              		@ sp needed
 1964 001c 10BD     		pop	{r4, pc}
 511:Middlewares/Third_Party/FreeRTOS/Source/queue.c **** 
 1965              		.loc 1 511 2 view .LVU587
 1966              		.cfi_endproc
 1967              	.LFE10:
 1969              		.section	.text.xQueueGiveMutexRecursive,"ax",%progbits
 1970              		.align	1
 1971              		.global	xQueueGiveMutexRecursive
 1972              		.syntax unified
 1973              		.thumb
 1974              		.thumb_func
 1976              	xQueueGiveMutexRecursive:
 1977              	.LVL159:
 1978              	.LFB13:
 575:Middlewares/Third_Party/FreeRTOS/Source/queue.c **** 	BaseType_t xReturn;
 1979              		.loc 1 575 2 is_stmt 1 view -0
 1980              		.cfi_startproc
 1981              		@ args = 0, pretend = 0, frame = 0
 1982              		@ frame_needed = 0, uses_anonymous_args = 0
 575:Middlewares/Third_Party/FreeRTOS/Source/queue.c **** 	BaseType_t xReturn;
 1983              		.loc 1 575 2 is_stmt 0 view .LVU589
 1984 0000 38B5     		push	{r3, r4, r5, lr}
 1985              	.LCFI30:
 1986              		.cfi_def_cfa_offset 16
 1987              		.cfi_offset 3, -16
 1988              		.cfi_offset 4, -12
 1989              		.cfi_offset 5, -8
 1990              		.cfi_offset 14, -4
 576:Middlewares/Third_Party/FreeRTOS/Source/queue.c **** 	Queue_t * const pxMutex = ( Queue_t * ) xMutex;
 1991              		.loc 1 576 2 is_stmt 1 view .LVU590
 577:Middlewares/Third_Party/FreeRTOS/Source/queue.c **** 
 1992              		.loc 1 577 2 view .LVU591
 1993              	.LVL160:
 579:Middlewares/Third_Party/FreeRTOS/Source/queue.c **** 
 1994              		.loc 1 579 3 view .LVU592
 1995 0002 38B1     		cbz	r0, .L150
 1996 0004 0446     		mov	r4, r0
 579:Middlewares/Third_Party/FreeRTOS/Source/queue.c **** 
 1997              		.loc 1 579 26 discriminator 2 view .LVU593
 587:Middlewares/Third_Party/FreeRTOS/Source/queue.c **** 		{
ARM GAS  /tmp/cc8vE36X.s 			page 89


 1998              		.loc 1 587 3 view .LVU594
 587:Middlewares/Third_Party/FreeRTOS/Source/queue.c **** 		{
 1999              		.loc 1 587 14 is_stmt 0 view .LVU595
 2000 0006 4568     		ldr	r5, [r0, #4]
 587:Middlewares/Third_Party/FreeRTOS/Source/queue.c **** 		{
 2001              		.loc 1 587 44 view .LVU596
 2002 0008 FFF7FEFF 		bl	xTaskGetCurrentTaskHandle
 2003              	.LVL161:
 587:Middlewares/Third_Party/FreeRTOS/Source/queue.c **** 		{
 2004              		.loc 1 587 5 discriminator 1 view .LVU597
 2005 000c 8542     		cmp	r5, r0
 2006 000e 0AD0     		beq	.L151
 616:Middlewares/Third_Party/FreeRTOS/Source/queue.c **** 
 2007              		.loc 1 616 12 view .LVU598
 2008 0010 0020     		movs	r0, #0
 2009              	.L143:
 622:Middlewares/Third_Party/FreeRTOS/Source/queue.c **** 
 2010              		.loc 1 622 2 view .LVU599
 2011 0012 38BD     		pop	{r3, r4, r5, pc}
 2012              	.LVL162:
 2013              	.L150:
 579:Middlewares/Third_Party/FreeRTOS/Source/queue.c **** 
 2014              		.loc 1 579 3 is_stmt 1 discriminator 1 view .LVU600
 2015              	.LBB154:
 2016              	.LBI154:
 191:Middlewares/Third_Party/FreeRTOS/Source/portable/GCC/ARM_CM4F/portmacro.h **** {
 2017              		.loc 2 191 30 view .LVU601
 2018              	.LBB155:
 193:Middlewares/Third_Party/FreeRTOS/Source/portable/GCC/ARM_CM4F/portmacro.h **** 
 2019              		.loc 2 193 1 view .LVU602
 2020              		.loc 2 195 2 view .LVU603
 2021              		.syntax unified
 2022              	@ 195 "Middlewares/Third_Party/FreeRTOS/Source/portable/GCC/ARM_CM4F/portmacro.h" 1
 2023 0014 4FF05003 			mov r3, #80												
 2024 0018 83F31188 		msr basepri, r3											
 2025 001c BFF36F8F 		isb														
 2026 0020 BFF34F8F 		dsb														
 2027              	
 2028              	@ 0 "" 2
 2029              		.thumb
 2030              		.syntax unified
 2031              	.L145:
 2032              	.LBE155:
 2033              	.LBE154:
 579:Middlewares/Third_Party/FreeRTOS/Source/queue.c **** 
 2034              		.loc 1 579 3 discriminator 3 view .LVU604
 579:Middlewares/Third_Party/FreeRTOS/Source/queue.c **** 
 2035              		.loc 1 579 3 discriminator 3 view .LVU605
 2036 0024 FEE7     		b	.L145
 2037              	.LVL163:
 2038              	.L151:
 589:Middlewares/Third_Party/FreeRTOS/Source/queue.c **** 
 2039              		.loc 1 589 40 view .LVU606
 596:Middlewares/Third_Party/FreeRTOS/Source/queue.c **** 
 2040              		.loc 1 596 4 view .LVU607
 596:Middlewares/Third_Party/FreeRTOS/Source/queue.c **** 
 2041              		.loc 1 596 16 is_stmt 0 view .LVU608
ARM GAS  /tmp/cc8vE36X.s 			page 90


 2042 0026 E368     		ldr	r3, [r4, #12]
 596:Middlewares/Third_Party/FreeRTOS/Source/queue.c **** 
 2043              		.loc 1 596 39 view .LVU609
 2044 0028 013B     		subs	r3, r3, #1
 2045 002a E360     		str	r3, [r4, #12]
 599:Middlewares/Third_Party/FreeRTOS/Source/queue.c **** 			{
 2046              		.loc 1 599 4 is_stmt 1 view .LVU610
 599:Middlewares/Third_Party/FreeRTOS/Source/queue.c **** 			{
 2047              		.loc 1 599 6 is_stmt 0 view .LVU611
 2048 002c 0BB1     		cbz	r3, .L152
 610:Middlewares/Third_Party/FreeRTOS/Source/queue.c **** 		}
 2049              		.loc 1 610 12 view .LVU612
 2050 002e 0120     		movs	r0, #1
 2051              	.LVL164:
 618:Middlewares/Third_Party/FreeRTOS/Source/queue.c **** 		}
 2052              		.loc 1 618 47 is_stmt 1 view .LVU613
 621:Middlewares/Third_Party/FreeRTOS/Source/queue.c **** 	}
 2053              		.loc 1 621 3 view .LVU614
 621:Middlewares/Third_Party/FreeRTOS/Source/queue.c **** 	}
 2054              		.loc 1 621 10 is_stmt 0 view .LVU615
 2055 0030 EFE7     		b	.L143
 2056              	.LVL165:
 2057              	.L152:
 603:Middlewares/Third_Party/FreeRTOS/Source/queue.c **** 			}
 2058              		.loc 1 603 5 is_stmt 1 view .LVU616
 603:Middlewares/Third_Party/FreeRTOS/Source/queue.c **** 			}
 2059              		.loc 1 603 14 is_stmt 0 view .LVU617
 2060 0032 1A46     		mov	r2, r3
 2061 0034 1946     		mov	r1, r3
 2062 0036 2046     		mov	r0, r4
 2063 0038 FFF7FEFF 		bl	xQueueGenericSend
 2064              	.LVL166:
 610:Middlewares/Third_Party/FreeRTOS/Source/queue.c **** 		}
 2065              		.loc 1 610 12 view .LVU618
 2066 003c 0120     		movs	r0, #1
 2067 003e E8E7     		b	.L143
 2068              		.cfi_endproc
 2069              	.LFE13:
 2071              		.section	.text.xQueueGenericSendFromISR,"ax",%progbits
 2072              		.align	1
 2073              		.global	xQueueGenericSendFromISR
 2074              		.syntax unified
 2075              		.thumb
 2076              		.thumb_func
 2078              	xQueueGenericSendFromISR:
 2079              	.LVL167:
 2080              	.LFB18:
 924:Middlewares/Third_Party/FreeRTOS/Source/queue.c **** BaseType_t xReturn;
 2081              		.loc 1 924 1 is_stmt 1 view -0
 2082              		.cfi_startproc
 2083              		@ args = 0, pretend = 0, frame = 0
 2084              		@ frame_needed = 0, uses_anonymous_args = 0
 924:Middlewares/Third_Party/FreeRTOS/Source/queue.c **** BaseType_t xReturn;
 2085              		.loc 1 924 1 is_stmt 0 view .LVU620
 2086 0000 2DE9F843 		push	{r3, r4, r5, r6, r7, r8, r9, lr}
 2087              	.LCFI31:
 2088              		.cfi_def_cfa_offset 32
ARM GAS  /tmp/cc8vE36X.s 			page 91


 2089              		.cfi_offset 3, -32
 2090              		.cfi_offset 4, -28
 2091              		.cfi_offset 5, -24
 2092              		.cfi_offset 6, -20
 2093              		.cfi_offset 7, -16
 2094              		.cfi_offset 8, -12
 2095              		.cfi_offset 9, -8
 2096              		.cfi_offset 14, -4
 925:Middlewares/Third_Party/FreeRTOS/Source/queue.c **** UBaseType_t uxSavedInterruptStatus;
 2097              		.loc 1 925 1 is_stmt 1 view .LVU621
 926:Middlewares/Third_Party/FreeRTOS/Source/queue.c **** Queue_t * const pxQueue = ( Queue_t * ) xQueue;
 2098              		.loc 1 926 1 view .LVU622
 927:Middlewares/Third_Party/FreeRTOS/Source/queue.c **** 
 2099              		.loc 1 927 1 view .LVU623
 2100              	.LVL168:
 929:Middlewares/Third_Party/FreeRTOS/Source/queue.c **** 	configASSERT( !( ( pvItemToQueue == NULL ) && ( pxQueue->uxItemSize != ( UBaseType_t ) 0U ) ) );
 2101              		.loc 1 929 2 view .LVU624
 2102 0004 90B1     		cbz	r0, .L168
 2103 0006 0F46     		mov	r7, r1
 2104 0008 1646     		mov	r6, r2
 2105 000a 1C46     		mov	r4, r3
 2106 000c 0546     		mov	r5, r0
 929:Middlewares/Third_Party/FreeRTOS/Source/queue.c **** 	configASSERT( !( ( pvItemToQueue == NULL ) && ( pxQueue->uxItemSize != ( UBaseType_t ) 0U ) ) );
 2107              		.loc 1 929 25 discriminator 2 view .LVU625
 930:Middlewares/Third_Party/FreeRTOS/Source/queue.c **** 	configASSERT( !( ( xCopyPosition == queueOVERWRITE ) && ( pxQueue->uxLength != 1 ) ) );
 2108              		.loc 1 930 2 view .LVU626
 2109 000e B1B1     		cbz	r1, .L169
 2110              	.LVL169:
 2111              	.L156:
 930:Middlewares/Third_Party/FreeRTOS/Source/queue.c **** 	configASSERT( !( ( xCopyPosition == queueOVERWRITE ) && ( pxQueue->uxLength != 1 ) ) );
 2112              		.loc 1 930 97 discriminator 8 view .LVU627
 931:Middlewares/Third_Party/FreeRTOS/Source/queue.c **** 
 2113              		.loc 1 931 2 view .LVU628
 2114 0010 022C     		cmp	r4, #2
 2115 0012 20D1     		bne	.L158
 931:Middlewares/Third_Party/FreeRTOS/Source/queue.c **** 
 2116              		.loc 1 931 2 is_stmt 0 discriminator 2 view .LVU629
 2117 0014 EB6B     		ldr	r3, [r5, #60]
 2118 0016 012B     		cmp	r3, #1
 2119 0018 1DD0     		beq	.L158
 931:Middlewares/Third_Party/FreeRTOS/Source/queue.c **** 
 2120              		.loc 1 931 2 is_stmt 1 discriminator 7 view .LVU630
 2121              	.LBB156:
 2122              	.LBI156:
 191:Middlewares/Third_Party/FreeRTOS/Source/portable/GCC/ARM_CM4F/portmacro.h **** {
 2123              		.loc 2 191 30 view .LVU631
 2124              	.LBB157:
 193:Middlewares/Third_Party/FreeRTOS/Source/portable/GCC/ARM_CM4F/portmacro.h **** 
 2125              		.loc 2 193 1 view .LVU632
 2126              		.loc 2 195 2 view .LVU633
 2127              		.syntax unified
 2128              	@ 195 "Middlewares/Third_Party/FreeRTOS/Source/portable/GCC/ARM_CM4F/portmacro.h" 1
 2129 001a 4FF05003 			mov r3, #80												
 2130 001e 83F31188 		msr basepri, r3											
 2131 0022 BFF36F8F 		isb														
 2132 0026 BFF34F8F 		dsb														
 2133              	
ARM GAS  /tmp/cc8vE36X.s 			page 92


 2134              	@ 0 "" 2
 2135              		.thumb
 2136              		.syntax unified
 2137              	.L159:
 2138              	.LBE157:
 2139              	.LBE156:
 931:Middlewares/Third_Party/FreeRTOS/Source/queue.c **** 
 2140              		.loc 1 931 2 discriminator 9 view .LVU634
 931:Middlewares/Third_Party/FreeRTOS/Source/queue.c **** 
 2141              		.loc 1 931 2 discriminator 9 view .LVU635
 2142 002a FEE7     		b	.L159
 2143              	.LVL170:
 2144              	.L168:
 929:Middlewares/Third_Party/FreeRTOS/Source/queue.c **** 	configASSERT( !( ( pvItemToQueue == NULL ) && ( pxQueue->uxItemSize != ( UBaseType_t ) 0U ) ) );
 2145              		.loc 1 929 2 discriminator 1 view .LVU636
 2146              	.LBB158:
 2147              	.LBI158:
 191:Middlewares/Third_Party/FreeRTOS/Source/portable/GCC/ARM_CM4F/portmacro.h **** {
 2148              		.loc 2 191 30 view .LVU637
 2149              	.LBB159:
 193:Middlewares/Third_Party/FreeRTOS/Source/portable/GCC/ARM_CM4F/portmacro.h **** 
 2150              		.loc 2 193 1 view .LVU638
 2151              		.loc 2 195 2 view .LVU639
 2152              		.syntax unified
 2153              	@ 195 "Middlewares/Third_Party/FreeRTOS/Source/portable/GCC/ARM_CM4F/portmacro.h" 1
 2154 002c 4FF05003 			mov r3, #80												
 2155 0030 83F31188 		msr basepri, r3											
 2156 0034 BFF36F8F 		isb														
 2157 0038 BFF34F8F 		dsb														
 2158              	
 2159              	@ 0 "" 2
 2160              	.LVL171:
 2161              		.thumb
 2162              		.syntax unified
 2163              	.L155:
 2164              		.loc 2 195 2 is_stmt 0 view .LVU640
 2165              	.LBE159:
 2166              	.LBE158:
 929:Middlewares/Third_Party/FreeRTOS/Source/queue.c **** 	configASSERT( !( ( pvItemToQueue == NULL ) && ( pxQueue->uxItemSize != ( UBaseType_t ) 0U ) ) );
 2167              		.loc 1 929 2 is_stmt 1 discriminator 3 view .LVU641
 929:Middlewares/Third_Party/FreeRTOS/Source/queue.c **** 	configASSERT( !( ( pvItemToQueue == NULL ) && ( pxQueue->uxItemSize != ( UBaseType_t ) 0U ) ) );
 2168              		.loc 1 929 2 discriminator 3 view .LVU642
 2169 003c FEE7     		b	.L155
 2170              	.LVL172:
 2171              	.L169:
 930:Middlewares/Third_Party/FreeRTOS/Source/queue.c **** 	configASSERT( !( ( xCopyPosition == queueOVERWRITE ) && ( pxQueue->uxLength != 1 ) ) );
 2172              		.loc 1 930 2 is_stmt 0 discriminator 2 view .LVU643
 2173 003e 036C     		ldr	r3, [r0, #64]
 2174              	.LVL173:
 930:Middlewares/Third_Party/FreeRTOS/Source/queue.c **** 	configASSERT( !( ( xCopyPosition == queueOVERWRITE ) && ( pxQueue->uxLength != 1 ) ) );
 2175              		.loc 1 930 2 discriminator 2 view .LVU644
 2176 0040 002B     		cmp	r3, #0
 2177 0042 E5D0     		beq	.L156
 930:Middlewares/Third_Party/FreeRTOS/Source/queue.c **** 	configASSERT( !( ( xCopyPosition == queueOVERWRITE ) && ( pxQueue->uxLength != 1 ) ) );
 2178              		.loc 1 930 2 is_stmt 1 discriminator 7 view .LVU645
 2179              	.LBB160:
 2180              	.LBI160:
ARM GAS  /tmp/cc8vE36X.s 			page 93


 191:Middlewares/Third_Party/FreeRTOS/Source/portable/GCC/ARM_CM4F/portmacro.h **** {
 2181              		.loc 2 191 30 view .LVU646
 2182              	.LBB161:
 193:Middlewares/Third_Party/FreeRTOS/Source/portable/GCC/ARM_CM4F/portmacro.h **** 
 2183              		.loc 2 193 1 view .LVU647
 2184              		.loc 2 195 2 view .LVU648
 2185              		.syntax unified
 2186              	@ 195 "Middlewares/Third_Party/FreeRTOS/Source/portable/GCC/ARM_CM4F/portmacro.h" 1
 2187 0044 4FF05003 			mov r3, #80												
 2188 0048 83F31188 		msr basepri, r3											
 2189 004c BFF36F8F 		isb														
 2190 0050 BFF34F8F 		dsb														
 2191              	
 2192              	@ 0 "" 2
 2193              		.thumb
 2194              		.syntax unified
 2195              	.L157:
 2196              	.LBE161:
 2197              	.LBE160:
 930:Middlewares/Third_Party/FreeRTOS/Source/queue.c **** 	configASSERT( !( ( xCopyPosition == queueOVERWRITE ) && ( pxQueue->uxLength != 1 ) ) );
 2198              		.loc 1 930 2 discriminator 9 view .LVU649
 930:Middlewares/Third_Party/FreeRTOS/Source/queue.c **** 	configASSERT( !( ( xCopyPosition == queueOVERWRITE ) && ( pxQueue->uxLength != 1 ) ) );
 2199              		.loc 1 930 2 discriminator 9 view .LVU650
 2200 0054 FEE7     		b	.L157
 2201              	.L158:
 931:Middlewares/Third_Party/FreeRTOS/Source/queue.c **** 
 2202              		.loc 1 931 88 discriminator 8 view .LVU651
 947:Middlewares/Third_Party/FreeRTOS/Source/queue.c **** 
 2203              		.loc 1 947 2 view .LVU652
 2204 0056 FFF7FEFF 		bl	vPortValidateInterruptPriority
 2205              	.LVL174:
 954:Middlewares/Third_Party/FreeRTOS/Source/queue.c **** 	{
 2206              		.loc 1 954 2 view .LVU653
 2207              	.LBB162:
 2208              	.LBI162:
 196:Middlewares/Third_Party/FreeRTOS/Source/portable/GCC/ARM_CM4F/portmacro.h **** 	(
 197:Middlewares/Third_Party/FreeRTOS/Source/portable/GCC/ARM_CM4F/portmacro.h **** 		"	mov %0, %1												\n"	\
 198:Middlewares/Third_Party/FreeRTOS/Source/portable/GCC/ARM_CM4F/portmacro.h **** 		"	msr basepri, %0											\n" \
 199:Middlewares/Third_Party/FreeRTOS/Source/portable/GCC/ARM_CM4F/portmacro.h **** 		"	isb														\n" \
 200:Middlewares/Third_Party/FreeRTOS/Source/portable/GCC/ARM_CM4F/portmacro.h **** 		"	dsb														\n" \
 201:Middlewares/Third_Party/FreeRTOS/Source/portable/GCC/ARM_CM4F/portmacro.h **** 		:"=r" (ulNewBASEPRI) : "i" ( configMAX_SYSCALL_INTERRUPT_PRIORITY ) : "memory"
 202:Middlewares/Third_Party/FreeRTOS/Source/portable/GCC/ARM_CM4F/portmacro.h **** 	);
 203:Middlewares/Third_Party/FreeRTOS/Source/portable/GCC/ARM_CM4F/portmacro.h **** }
 204:Middlewares/Third_Party/FreeRTOS/Source/portable/GCC/ARM_CM4F/portmacro.h **** 
 205:Middlewares/Third_Party/FreeRTOS/Source/portable/GCC/ARM_CM4F/portmacro.h **** /*-----------------------------------------------------------*/
 206:Middlewares/Third_Party/FreeRTOS/Source/portable/GCC/ARM_CM4F/portmacro.h **** 
 207:Middlewares/Third_Party/FreeRTOS/Source/portable/GCC/ARM_CM4F/portmacro.h **** portFORCE_INLINE static uint32_t ulPortRaiseBASEPRI( void )
 2209              		.loc 2 207 34 view .LVU654
 2210              	.LBB163:
 208:Middlewares/Third_Party/FreeRTOS/Source/portable/GCC/ARM_CM4F/portmacro.h **** {
 209:Middlewares/Third_Party/FreeRTOS/Source/portable/GCC/ARM_CM4F/portmacro.h **** uint32_t ulOriginalBASEPRI, ulNewBASEPRI;
 2211              		.loc 2 209 1 view .LVU655
 210:Middlewares/Third_Party/FreeRTOS/Source/portable/GCC/ARM_CM4F/portmacro.h **** 
 211:Middlewares/Third_Party/FreeRTOS/Source/portable/GCC/ARM_CM4F/portmacro.h **** 	__asm volatile
 2212              		.loc 2 211 2 view .LVU656
 2213              		.syntax unified
 2214              	@ 211 "Middlewares/Third_Party/FreeRTOS/Source/portable/GCC/ARM_CM4F/portmacro.h" 1
ARM GAS  /tmp/cc8vE36X.s 			page 94


 2215 005a EFF31188 			mrs r8, basepri											
 2216 005e 4FF05003 		mov r3, #80												
 2217 0062 83F31188 		msr basepri, r3											
 2218 0066 BFF36F8F 		isb														
 2219 006a BFF34F8F 		dsb														
 2220              	
 2221              	@ 0 "" 2
 2222              	.LVL175:
 212:Middlewares/Third_Party/FreeRTOS/Source/portable/GCC/ARM_CM4F/portmacro.h **** 	(
 213:Middlewares/Third_Party/FreeRTOS/Source/portable/GCC/ARM_CM4F/portmacro.h **** 		"	mrs %0, basepri											\n" \
 214:Middlewares/Third_Party/FreeRTOS/Source/portable/GCC/ARM_CM4F/portmacro.h **** 		"	mov %1, %2												\n"	\
 215:Middlewares/Third_Party/FreeRTOS/Source/portable/GCC/ARM_CM4F/portmacro.h **** 		"	msr basepri, %1											\n" \
 216:Middlewares/Third_Party/FreeRTOS/Source/portable/GCC/ARM_CM4F/portmacro.h **** 		"	isb														\n" \
 217:Middlewares/Third_Party/FreeRTOS/Source/portable/GCC/ARM_CM4F/portmacro.h **** 		"	dsb														\n" \
 218:Middlewares/Third_Party/FreeRTOS/Source/portable/GCC/ARM_CM4F/portmacro.h **** 		:"=r" (ulOriginalBASEPRI), "=r" (ulNewBASEPRI) : "i" ( configMAX_SYSCALL_INTERRUPT_PRIORITY ) : "
 219:Middlewares/Third_Party/FreeRTOS/Source/portable/GCC/ARM_CM4F/portmacro.h **** 	);
 220:Middlewares/Third_Party/FreeRTOS/Source/portable/GCC/ARM_CM4F/portmacro.h **** 
 221:Middlewares/Third_Party/FreeRTOS/Source/portable/GCC/ARM_CM4F/portmacro.h **** 	/* This return will not be reached but is necessary to prevent compiler
 222:Middlewares/Third_Party/FreeRTOS/Source/portable/GCC/ARM_CM4F/portmacro.h **** 	warnings. */
 223:Middlewares/Third_Party/FreeRTOS/Source/portable/GCC/ARM_CM4F/portmacro.h **** 	return ulOriginalBASEPRI;
 2223              		.loc 2 223 2 view .LVU657
 2224              		.loc 2 223 2 is_stmt 0 view .LVU658
 2225              		.thumb
 2226              		.syntax unified
 2227              	.LBE163:
 2228              	.LBE162:
 956:Middlewares/Third_Party/FreeRTOS/Source/queue.c **** 		{
 2229              		.loc 1 956 3 is_stmt 1 view .LVU659
 956:Middlewares/Third_Party/FreeRTOS/Source/queue.c **** 		{
 2230              		.loc 1 956 16 is_stmt 0 view .LVU660
 2231 006e AA6B     		ldr	r2, [r5, #56]
 956:Middlewares/Third_Party/FreeRTOS/Source/queue.c **** 		{
 2232              		.loc 1 956 45 view .LVU661
 2233 0070 EB6B     		ldr	r3, [r5, #60]
 956:Middlewares/Third_Party/FreeRTOS/Source/queue.c **** 		{
 2234              		.loc 1 956 5 view .LVU662
 2235 0072 9A42     		cmp	r2, r3
 2236 0074 06D3     		bcc	.L160
 956:Middlewares/Third_Party/FreeRTOS/Source/queue.c **** 		{
 2237              		.loc 1 956 58 discriminator 1 view .LVU663
 2238 0076 022C     		cmp	r4, #2
 2239 0078 04D0     		beq	.L160
1065:Middlewares/Third_Party/FreeRTOS/Source/queue.c **** 		}
 2240              		.loc 1 1065 12 view .LVU664
 2241 007a 0020     		movs	r0, #0
 2242              	.L161:
 2243              	.LVL176:
1068:Middlewares/Third_Party/FreeRTOS/Source/queue.c **** 
 2244              		.loc 1 1068 2 is_stmt 1 view .LVU665
 2245              	.LBB164:
 2246              	.LBI164:
 224:Middlewares/Third_Party/FreeRTOS/Source/portable/GCC/ARM_CM4F/portmacro.h **** }
 225:Middlewares/Third_Party/FreeRTOS/Source/portable/GCC/ARM_CM4F/portmacro.h **** /*-----------------------------------------------------------*/
 226:Middlewares/Third_Party/FreeRTOS/Source/portable/GCC/ARM_CM4F/portmacro.h **** 
 227:Middlewares/Third_Party/FreeRTOS/Source/portable/GCC/ARM_CM4F/portmacro.h **** portFORCE_INLINE static void vPortSetBASEPRI( uint32_t ulNewMaskValue )
 2247              		.loc 2 227 30 view .LVU666
 2248              	.LBB165:
ARM GAS  /tmp/cc8vE36X.s 			page 95


 228:Middlewares/Third_Party/FreeRTOS/Source/portable/GCC/ARM_CM4F/portmacro.h **** {
 229:Middlewares/Third_Party/FreeRTOS/Source/portable/GCC/ARM_CM4F/portmacro.h **** 	__asm volatile
 2249              		.loc 2 229 2 view .LVU667
 2250              		.syntax unified
 2251              	@ 229 "Middlewares/Third_Party/FreeRTOS/Source/portable/GCC/ARM_CM4F/portmacro.h" 1
 2252 007c 88F31188 			msr basepri, r8	
 2253              	@ 0 "" 2
 2254              		.thumb
 2255              		.syntax unified
 2256              	.LBE165:
 2257              	.LBE164:
1070:Middlewares/Third_Party/FreeRTOS/Source/queue.c **** }
 2258              		.loc 1 1070 2 view .LVU668
1071:Middlewares/Third_Party/FreeRTOS/Source/queue.c **** /*-----------------------------------------------------------*/
 2259              		.loc 1 1071 1 is_stmt 0 view .LVU669
 2260 0080 BDE8F883 		pop	{r3, r4, r5, r6, r7, r8, r9, pc}
 2261              	.LVL177:
 2262              	.L160:
 2263              	.LBB166:
 958:Middlewares/Third_Party/FreeRTOS/Source/queue.c **** 
 2264              		.loc 1 958 4 is_stmt 1 view .LVU670
 958:Middlewares/Third_Party/FreeRTOS/Source/queue.c **** 
 2265              		.loc 1 958 17 is_stmt 0 view .LVU671
 2266 0084 95F84590 		ldrb	r9, [r5, #69]	@ zero_extendqisi2
 2267 0088 4FFA89F9 		sxtb	r9, r9
 2268              	.LVL178:
 960:Middlewares/Third_Party/FreeRTOS/Source/queue.c **** 
 2269              		.loc 1 960 39 is_stmt 1 view .LVU672
 967:Middlewares/Third_Party/FreeRTOS/Source/queue.c **** 
 2270              		.loc 1 967 4 view .LVU673
 967:Middlewares/Third_Party/FreeRTOS/Source/queue.c **** 
 2271              		.loc 1 967 13 is_stmt 0 view .LVU674
 2272 008c 2246     		mov	r2, r4
 2273 008e 3946     		mov	r1, r7
 2274 0090 2846     		mov	r0, r5
 2275 0092 FFF7FEFF 		bl	prvCopyDataToQueue
 2276              	.LVL179:
 971:Middlewares/Third_Party/FreeRTOS/Source/queue.c **** 			{
 2277              		.loc 1 971 4 is_stmt 1 view .LVU675
 971:Middlewares/Third_Party/FreeRTOS/Source/queue.c **** 			{
 2278              		.loc 1 971 6 is_stmt 0 view .LVU676
 2279 0096 B9F1FF3F 		cmp	r9, #-1
 2280 009a 06D0     		beq	.L170
1057:Middlewares/Third_Party/FreeRTOS/Source/queue.c **** 			}
 2281              		.loc 1 1057 5 is_stmt 1 view .LVU677
1057:Middlewares/Third_Party/FreeRTOS/Source/queue.c **** 			}
 2282              		.loc 1 1057 45 is_stmt 0 view .LVU678
 2283 009c 09F10103 		add	r3, r9, #1
1057:Middlewares/Third_Party/FreeRTOS/Source/queue.c **** 			}
 2284              		.loc 1 1057 24 view .LVU679
 2285 00a0 5BB2     		sxtb	r3, r3
1057:Middlewares/Third_Party/FreeRTOS/Source/queue.c **** 			}
 2286              		.loc 1 1057 22 view .LVU680
 2287 00a2 85F84530 		strb	r3, [r5, #69]
1060:Middlewares/Third_Party/FreeRTOS/Source/queue.c **** 		}
 2288              		.loc 1 1060 12 view .LVU681
 2289 00a6 0120     		movs	r0, #1
ARM GAS  /tmp/cc8vE36X.s 			page 96


 2290 00a8 E8E7     		b	.L161
 2291              	.L170:
1026:Middlewares/Third_Party/FreeRTOS/Source/queue.c **** 					{
 2292              		.loc 1 1026 6 is_stmt 1 view .LVU682
1026:Middlewares/Third_Party/FreeRTOS/Source/queue.c **** 					{
 2293              		.loc 1 1026 10 is_stmt 0 view .LVU683
 2294 00aa 6B6A     		ldr	r3, [r5, #36]
1026:Middlewares/Third_Party/FreeRTOS/Source/queue.c **** 					{
 2295              		.loc 1 1026 8 view .LVU684
 2296 00ac 0BB9     		cbnz	r3, .L171
1060:Middlewares/Third_Party/FreeRTOS/Source/queue.c **** 		}
 2297              		.loc 1 1060 12 view .LVU685
 2298 00ae 0120     		movs	r0, #1
 2299 00b0 E4E7     		b	.L161
 2300              	.L171:
1028:Middlewares/Third_Party/FreeRTOS/Source/queue.c **** 						{
 2301              		.loc 1 1028 7 is_stmt 1 view .LVU686
1028:Middlewares/Third_Party/FreeRTOS/Source/queue.c **** 						{
 2302              		.loc 1 1028 11 is_stmt 0 view .LVU687
 2303 00b2 05F12400 		add	r0, r5, #36
 2304 00b6 FFF7FEFF 		bl	xTaskRemoveFromEventList
 2305              	.LVL180:
1028:Middlewares/Third_Party/FreeRTOS/Source/queue.c **** 						{
 2306              		.loc 1 1028 9 discriminator 1 view .LVU688
 2307 00ba 18B1     		cbz	r0, .L165
1032:Middlewares/Third_Party/FreeRTOS/Source/queue.c **** 							{
 2308              		.loc 1 1032 8 is_stmt 1 view .LVU689
1032:Middlewares/Third_Party/FreeRTOS/Source/queue.c **** 							{
 2309              		.loc 1 1032 10 is_stmt 0 view .LVU690
 2310 00bc 26B1     		cbz	r6, .L166
1034:Middlewares/Third_Party/FreeRTOS/Source/queue.c **** 							}
 2311              		.loc 1 1034 9 is_stmt 1 view .LVU691
1034:Middlewares/Third_Party/FreeRTOS/Source/queue.c **** 							}
 2312              		.loc 1 1034 36 is_stmt 0 view .LVU692
 2313 00be 0120     		movs	r0, #1
 2314 00c0 3060     		str	r0, [r6]
 2315 00c2 DBE7     		b	.L161
 2316              	.L165:
1060:Middlewares/Third_Party/FreeRTOS/Source/queue.c **** 		}
 2317              		.loc 1 1060 12 view .LVU693
 2318 00c4 0120     		movs	r0, #1
 2319 00c6 D9E7     		b	.L161
 2320              	.L166:
 2321 00c8 0120     		movs	r0, #1
 2322 00ca D7E7     		b	.L161
 2323              	.LBE166:
 2324              		.cfi_endproc
 2325              	.LFE18:
 2327              		.section	.text.xQueueGiveFromISR,"ax",%progbits
 2328              		.align	1
 2329              		.global	xQueueGiveFromISR
 2330              		.syntax unified
 2331              		.thumb
 2332              		.thumb_func
 2334              	xQueueGiveFromISR:
 2335              	.LVL181:
 2336              	.LFB19:
ARM GAS  /tmp/cc8vE36X.s 			page 97


1075:Middlewares/Third_Party/FreeRTOS/Source/queue.c **** BaseType_t xReturn;
 2337              		.loc 1 1075 1 is_stmt 1 view -0
 2338              		.cfi_startproc
 2339              		@ args = 0, pretend = 0, frame = 0
 2340              		@ frame_needed = 0, uses_anonymous_args = 0
1076:Middlewares/Third_Party/FreeRTOS/Source/queue.c **** UBaseType_t uxSavedInterruptStatus;
 2341              		.loc 1 1076 1 view .LVU695
1077:Middlewares/Third_Party/FreeRTOS/Source/queue.c **** Queue_t * const pxQueue = ( Queue_t * ) xQueue;
 2342              		.loc 1 1077 1 view .LVU696
1078:Middlewares/Third_Party/FreeRTOS/Source/queue.c **** 
 2343              		.loc 1 1078 1 view .LVU697
1086:Middlewares/Third_Party/FreeRTOS/Source/queue.c **** 
 2344              		.loc 1 1086 2 view .LVU698
 2345 0000 68B1     		cbz	r0, .L187
1075:Middlewares/Third_Party/FreeRTOS/Source/queue.c **** BaseType_t xReturn;
 2346              		.loc 1 1075 1 is_stmt 0 view .LVU699
 2347 0002 70B5     		push	{r4, r5, r6, lr}
 2348              	.LCFI32:
 2349              		.cfi_def_cfa_offset 16
 2350              		.cfi_offset 4, -16
 2351              		.cfi_offset 5, -12
 2352              		.cfi_offset 6, -8
 2353              		.cfi_offset 14, -4
 2354 0004 0C46     		mov	r4, r1
 2355 0006 0546     		mov	r5, r0
1086:Middlewares/Third_Party/FreeRTOS/Source/queue.c **** 
 2356              		.loc 1 1086 25 is_stmt 1 discriminator 2 view .LVU700
1090:Middlewares/Third_Party/FreeRTOS/Source/queue.c **** 
 2357              		.loc 1 1090 2 view .LVU701
 2358 0008 036C     		ldr	r3, [r0, #64]
 2359 000a 8BB1     		cbz	r3, .L175
1090:Middlewares/Third_Party/FreeRTOS/Source/queue.c **** 
 2360              		.loc 1 1090 2 discriminator 1 view .LVU702
 2361              	.LBB167:
 2362              	.LBI167:
 191:Middlewares/Third_Party/FreeRTOS/Source/portable/GCC/ARM_CM4F/portmacro.h **** {
 2363              		.loc 2 191 30 view .LVU703
 2364              	.LBB168:
 193:Middlewares/Third_Party/FreeRTOS/Source/portable/GCC/ARM_CM4F/portmacro.h **** 
 2365              		.loc 2 193 1 view .LVU704
 195:Middlewares/Third_Party/FreeRTOS/Source/portable/GCC/ARM_CM4F/portmacro.h **** 	(
 2366              		.loc 2 195 2 view .LVU705
 2367              		.syntax unified
 2368              	@ 195 "Middlewares/Third_Party/FreeRTOS/Source/portable/GCC/ARM_CM4F/portmacro.h" 1
 2369 000c 4FF05003 			mov r3, #80												
 2370 0010 83F31188 		msr basepri, r3											
 2371 0014 BFF36F8F 		isb														
 2372 0018 BFF34F8F 		dsb														
 2373              	
 2374              	@ 0 "" 2
 2375              		.thumb
 2376              		.syntax unified
 2377              	.L176:
 2378              	.LBE168:
 2379              	.LBE167:
1090:Middlewares/Third_Party/FreeRTOS/Source/queue.c **** 
 2380              		.loc 1 1090 2 discriminator 3 view .LVU706
ARM GAS  /tmp/cc8vE36X.s 			page 98


1090:Middlewares/Third_Party/FreeRTOS/Source/queue.c **** 
 2381              		.loc 1 1090 2 discriminator 3 view .LVU707
 2382 001c FEE7     		b	.L176
 2383              	.L187:
 2384              	.LCFI33:
 2385              		.cfi_def_cfa_offset 0
 2386              		.cfi_restore 4
 2387              		.cfi_restore 5
 2388              		.cfi_restore 6
 2389              		.cfi_restore 14
1086:Middlewares/Third_Party/FreeRTOS/Source/queue.c **** 
 2390              		.loc 1 1086 2 discriminator 1 view .LVU708
 2391              	.LBB169:
 2392              	.LBI169:
 191:Middlewares/Third_Party/FreeRTOS/Source/portable/GCC/ARM_CM4F/portmacro.h **** {
 2393              		.loc 2 191 30 view .LVU709
 2394              	.LBB170:
 193:Middlewares/Third_Party/FreeRTOS/Source/portable/GCC/ARM_CM4F/portmacro.h **** 
 2395              		.loc 2 193 1 view .LVU710
 195:Middlewares/Third_Party/FreeRTOS/Source/portable/GCC/ARM_CM4F/portmacro.h **** 	(
 2396              		.loc 2 195 2 view .LVU711
 2397              		.syntax unified
 2398              	@ 195 "Middlewares/Third_Party/FreeRTOS/Source/portable/GCC/ARM_CM4F/portmacro.h" 1
 2399 001e 4FF05003 			mov r3, #80												
 2400 0022 83F31188 		msr basepri, r3											
 2401 0026 BFF36F8F 		isb														
 2402 002a BFF34F8F 		dsb														
 2403              	
 2404              	@ 0 "" 2
 2405              		.thumb
 2406              		.syntax unified
 2407              	.L174:
 2408              	.LBE170:
 2409              	.LBE169:
1086:Middlewares/Third_Party/FreeRTOS/Source/queue.c **** 
 2410              		.loc 1 1086 2 discriminator 3 view .LVU712
1086:Middlewares/Third_Party/FreeRTOS/Source/queue.c **** 
 2411              		.loc 1 1086 2 discriminator 3 view .LVU713
 2412 002e FEE7     		b	.L174
 2413              	.L175:
 2414              	.LCFI34:
 2415              		.cfi_def_cfa_offset 16
 2416              		.cfi_offset 4, -16
 2417              		.cfi_offset 5, -12
 2418              		.cfi_offset 6, -8
 2419              		.cfi_offset 14, -4
1090:Middlewares/Third_Party/FreeRTOS/Source/queue.c **** 
 2420              		.loc 1 1090 42 discriminator 2 view .LVU714
1095:Middlewares/Third_Party/FreeRTOS/Source/queue.c **** 
 2421              		.loc 1 1095 2 view .LVU715
 2422 0030 0368     		ldr	r3, [r0]
 2423 0032 EBB1     		cbz	r3, .L188
 2424              	.L177:
1095:Middlewares/Third_Party/FreeRTOS/Source/queue.c **** 
 2425              		.loc 1 1095 108 discriminator 8 view .LVU716
1111:Middlewares/Third_Party/FreeRTOS/Source/queue.c **** 
 2426              		.loc 1 1111 2 view .LVU717
ARM GAS  /tmp/cc8vE36X.s 			page 99


 2427 0034 FFF7FEFF 		bl	vPortValidateInterruptPriority
 2428              	.LVL182:
1113:Middlewares/Third_Party/FreeRTOS/Source/queue.c **** 	{
 2429              		.loc 1 1113 2 view .LVU718
 2430              	.LBB171:
 2431              	.LBI171:
 207:Middlewares/Third_Party/FreeRTOS/Source/portable/GCC/ARM_CM4F/portmacro.h **** {
 2432              		.loc 2 207 34 view .LVU719
 2433              	.LBB172:
 209:Middlewares/Third_Party/FreeRTOS/Source/portable/GCC/ARM_CM4F/portmacro.h **** 
 2434              		.loc 2 209 1 view .LVU720
 211:Middlewares/Third_Party/FreeRTOS/Source/portable/GCC/ARM_CM4F/portmacro.h **** 	(
 2435              		.loc 2 211 2 view .LVU721
 2436              		.syntax unified
 2437              	@ 211 "Middlewares/Third_Party/FreeRTOS/Source/portable/GCC/ARM_CM4F/portmacro.h" 1
 2438 0038 EFF31186 			mrs r6, basepri											
 2439 003c 4FF05003 		mov r3, #80												
 2440 0040 83F31188 		msr basepri, r3											
 2441 0044 BFF36F8F 		isb														
 2442 0048 BFF34F8F 		dsb														
 2443              	
 2444              	@ 0 "" 2
 2445              	.LVL183:
 223:Middlewares/Third_Party/FreeRTOS/Source/portable/GCC/ARM_CM4F/portmacro.h **** }
 2446              		.loc 2 223 2 view .LVU722
 223:Middlewares/Third_Party/FreeRTOS/Source/portable/GCC/ARM_CM4F/portmacro.h **** }
 2447              		.loc 2 223 2 is_stmt 0 view .LVU723
 2448              		.thumb
 2449              		.syntax unified
 2450              	.LBE172:
 2451              	.LBE171:
 2452              	.LBB173:
1115:Middlewares/Third_Party/FreeRTOS/Source/queue.c **** 
 2453              		.loc 1 1115 3 is_stmt 1 view .LVU724
1115:Middlewares/Third_Party/FreeRTOS/Source/queue.c **** 
 2454              		.loc 1 1115 21 is_stmt 0 view .LVU725
 2455 004c AA6B     		ldr	r2, [r5, #56]
 2456              	.LVL184:
1120:Middlewares/Third_Party/FreeRTOS/Source/queue.c **** 		{
 2457              		.loc 1 1120 3 is_stmt 1 view .LVU726
1120:Middlewares/Third_Party/FreeRTOS/Source/queue.c **** 		{
 2458              		.loc 1 1120 34 is_stmt 0 view .LVU727
 2459 004e EB6B     		ldr	r3, [r5, #60]
1120:Middlewares/Third_Party/FreeRTOS/Source/queue.c **** 		{
 2460              		.loc 1 1120 5 view .LVU728
 2461 0050 9342     		cmp	r3, r2
 2462 0052 26D9     		bls	.L181
 2463              	.LBB174:
1122:Middlewares/Third_Party/FreeRTOS/Source/queue.c **** 
 2464              		.loc 1 1122 4 is_stmt 1 view .LVU729
1122:Middlewares/Third_Party/FreeRTOS/Source/queue.c **** 
 2465              		.loc 1 1122 17 is_stmt 0 view .LVU730
 2466 0054 95F84530 		ldrb	r3, [r5, #69]	@ zero_extendqisi2
 2467 0058 5BB2     		sxtb	r3, r3
 2468              	.LVL185:
1124:Middlewares/Third_Party/FreeRTOS/Source/queue.c **** 
 2469              		.loc 1 1124 39 is_stmt 1 view .LVU731
ARM GAS  /tmp/cc8vE36X.s 			page 100


1132:Middlewares/Third_Party/FreeRTOS/Source/queue.c **** 
 2470              		.loc 1 1132 4 view .LVU732
1132:Middlewares/Third_Party/FreeRTOS/Source/queue.c **** 
 2471              		.loc 1 1132 51 is_stmt 0 view .LVU733
 2472 005a 0132     		adds	r2, r2, #1
 2473              	.LVL186:
1132:Middlewares/Third_Party/FreeRTOS/Source/queue.c **** 
 2474              		.loc 1 1132 31 view .LVU734
 2475 005c AA63     		str	r2, [r5, #56]
1136:Middlewares/Third_Party/FreeRTOS/Source/queue.c **** 			{
 2476              		.loc 1 1136 4 is_stmt 1 view .LVU735
1136:Middlewares/Third_Party/FreeRTOS/Source/queue.c **** 			{
 2477              		.loc 1 1136 6 is_stmt 0 view .LVU736
 2478 005e B3F1FF3F 		cmp	r3, #-1
 2479 0062 11D0     		beq	.L189
1222:Middlewares/Third_Party/FreeRTOS/Source/queue.c **** 			}
 2480              		.loc 1 1222 5 is_stmt 1 view .LVU737
1222:Middlewares/Third_Party/FreeRTOS/Source/queue.c **** 			}
 2481              		.loc 1 1222 45 is_stmt 0 view .LVU738
 2482 0064 0133     		adds	r3, r3, #1
 2483              	.LVL187:
1222:Middlewares/Third_Party/FreeRTOS/Source/queue.c **** 			}
 2484              		.loc 1 1222 24 view .LVU739
 2485 0066 5BB2     		sxtb	r3, r3
 2486              	.LVL188:
1222:Middlewares/Third_Party/FreeRTOS/Source/queue.c **** 			}
 2487              		.loc 1 1222 22 view .LVU740
 2488 0068 85F84530 		strb	r3, [r5, #69]
1225:Middlewares/Third_Party/FreeRTOS/Source/queue.c **** 		}
 2489              		.loc 1 1225 12 view .LVU741
 2490 006c 0120     		movs	r0, #1
 2491 006e 19E0     		b	.L179
 2492              	.LVL189:
 2493              	.L188:
1225:Middlewares/Third_Party/FreeRTOS/Source/queue.c **** 		}
 2494              		.loc 1 1225 12 view .LVU742
 2495              	.LBE174:
 2496              	.LBE173:
1095:Middlewares/Third_Party/FreeRTOS/Source/queue.c **** 
 2497              		.loc 1 1095 2 discriminator 2 view .LVU743
 2498 0070 4368     		ldr	r3, [r0, #4]
 2499 0072 002B     		cmp	r3, #0
 2500 0074 DED0     		beq	.L177
1095:Middlewares/Third_Party/FreeRTOS/Source/queue.c **** 
 2501              		.loc 1 1095 2 is_stmt 1 discriminator 7 view .LVU744
 2502              	.LBB177:
 2503              	.LBI177:
 191:Middlewares/Third_Party/FreeRTOS/Source/portable/GCC/ARM_CM4F/portmacro.h **** {
 2504              		.loc 2 191 30 view .LVU745
 2505              	.LBB178:
 193:Middlewares/Third_Party/FreeRTOS/Source/portable/GCC/ARM_CM4F/portmacro.h **** 
 2506              		.loc 2 193 1 view .LVU746
 195:Middlewares/Third_Party/FreeRTOS/Source/portable/GCC/ARM_CM4F/portmacro.h **** 	(
 2507              		.loc 2 195 2 view .LVU747
 2508              		.syntax unified
 2509              	@ 195 "Middlewares/Third_Party/FreeRTOS/Source/portable/GCC/ARM_CM4F/portmacro.h" 1
 2510 0076 4FF05003 			mov r3, #80												
ARM GAS  /tmp/cc8vE36X.s 			page 101


 2511 007a 83F31188 		msr basepri, r3											
 2512 007e BFF36F8F 		isb														
 2513 0082 BFF34F8F 		dsb														
 2514              	
 2515              	@ 0 "" 2
 2516              		.thumb
 2517              		.syntax unified
 2518              	.L178:
 2519              	.LBE178:
 2520              	.LBE177:
1095:Middlewares/Third_Party/FreeRTOS/Source/queue.c **** 
 2521              		.loc 1 1095 2 discriminator 9 view .LVU748
1095:Middlewares/Third_Party/FreeRTOS/Source/queue.c **** 
 2522              		.loc 1 1095 2 discriminator 9 view .LVU749
 2523 0086 FEE7     		b	.L178
 2524              	.LVL190:
 2525              	.L189:
 2526              	.LBB179:
 2527              	.LBB175:
1191:Middlewares/Third_Party/FreeRTOS/Source/queue.c **** 					{
 2528              		.loc 1 1191 6 view .LVU750
1191:Middlewares/Third_Party/FreeRTOS/Source/queue.c **** 					{
 2529              		.loc 1 1191 10 is_stmt 0 view .LVU751
 2530 0088 6B6A     		ldr	r3, [r5, #36]
 2531              	.LVL191:
1191:Middlewares/Third_Party/FreeRTOS/Source/queue.c **** 					{
 2532              		.loc 1 1191 8 view .LVU752
 2533 008a 0BB9     		cbnz	r3, .L190
1225:Middlewares/Third_Party/FreeRTOS/Source/queue.c **** 		}
 2534              		.loc 1 1225 12 view .LVU753
 2535 008c 0120     		movs	r0, #1
 2536 008e 09E0     		b	.L179
 2537              	.L190:
1193:Middlewares/Third_Party/FreeRTOS/Source/queue.c **** 						{
 2538              		.loc 1 1193 7 is_stmt 1 view .LVU754
1193:Middlewares/Third_Party/FreeRTOS/Source/queue.c **** 						{
 2539              		.loc 1 1193 11 is_stmt 0 view .LVU755
 2540 0090 05F12400 		add	r0, r5, #36
 2541 0094 FFF7FEFF 		bl	xTaskRemoveFromEventList
 2542              	.LVL192:
1193:Middlewares/Third_Party/FreeRTOS/Source/queue.c **** 						{
 2543              		.loc 1 1193 9 discriminator 1 view .LVU756
 2544 0098 38B1     		cbz	r0, .L183
1197:Middlewares/Third_Party/FreeRTOS/Source/queue.c **** 							{
 2545              		.loc 1 1197 8 is_stmt 1 view .LVU757
1197:Middlewares/Third_Party/FreeRTOS/Source/queue.c **** 							{
 2546              		.loc 1 1197 10 is_stmt 0 view .LVU758
 2547 009a 44B1     		cbz	r4, .L184
1199:Middlewares/Third_Party/FreeRTOS/Source/queue.c **** 							}
 2548              		.loc 1 1199 9 is_stmt 1 view .LVU759
1199:Middlewares/Third_Party/FreeRTOS/Source/queue.c **** 							}
 2549              		.loc 1 1199 36 is_stmt 0 view .LVU760
 2550 009c 0120     		movs	r0, #1
 2551 009e 2060     		str	r0, [r4]
 2552 00a0 00E0     		b	.L179
 2553              	.LVL193:
 2554              	.L181:
ARM GAS  /tmp/cc8vE36X.s 			page 102


1199:Middlewares/Third_Party/FreeRTOS/Source/queue.c **** 							}
 2555              		.loc 1 1199 36 view .LVU761
 2556              	.LBE175:
1230:Middlewares/Third_Party/FreeRTOS/Source/queue.c **** 		}
 2557              		.loc 1 1230 12 view .LVU762
 2558 00a2 0020     		movs	r0, #0
 2559              	.LVL194:
 2560              	.L179:
1230:Middlewares/Third_Party/FreeRTOS/Source/queue.c **** 		}
 2561              		.loc 1 1230 12 view .LVU763
 2562              	.LBE179:
1233:Middlewares/Third_Party/FreeRTOS/Source/queue.c **** 
 2563              		.loc 1 1233 2 is_stmt 1 view .LVU764
 2564              	.LBB180:
 2565              	.LBI180:
 227:Middlewares/Third_Party/FreeRTOS/Source/portable/GCC/ARM_CM4F/portmacro.h **** {
 2566              		.loc 2 227 30 view .LVU765
 2567              	.LBB181:
 2568              		.loc 2 229 2 view .LVU766
 2569              		.syntax unified
 2570              	@ 229 "Middlewares/Third_Party/FreeRTOS/Source/portable/GCC/ARM_CM4F/portmacro.h" 1
 2571 00a4 86F31188 			msr basepri, r6	
 2572              	@ 0 "" 2
 2573              		.thumb
 2574              		.syntax unified
 2575              	.LBE181:
 2576              	.LBE180:
1235:Middlewares/Third_Party/FreeRTOS/Source/queue.c **** }
 2577              		.loc 1 1235 2 view .LVU767
1236:Middlewares/Third_Party/FreeRTOS/Source/queue.c **** /*-----------------------------------------------------------*/
 2578              		.loc 1 1236 1 is_stmt 0 view .LVU768
 2579 00a8 70BD     		pop	{r4, r5, r6, pc}
 2580              	.LVL195:
 2581              	.L183:
 2582              	.LBB182:
 2583              	.LBB176:
1225:Middlewares/Third_Party/FreeRTOS/Source/queue.c **** 		}
 2584              		.loc 1 1225 12 view .LVU769
 2585 00aa 0120     		movs	r0, #1
 2586 00ac FAE7     		b	.L179
 2587              	.L184:
 2588 00ae 0120     		movs	r0, #1
 2589 00b0 F8E7     		b	.L179
 2590              	.LBE176:
 2591              	.LBE182:
 2592              		.cfi_endproc
 2593              	.LFE19:
 2595              		.section	.text.xQueueReceive,"ax",%progbits
 2596              		.align	1
 2597              		.global	xQueueReceive
 2598              		.syntax unified
 2599              		.thumb
 2600              		.thumb_func
 2602              	xQueueReceive:
 2603              	.LVL196:
 2604              	.LFB20:
1240:Middlewares/Third_Party/FreeRTOS/Source/queue.c **** BaseType_t xEntryTimeSet = pdFALSE;
ARM GAS  /tmp/cc8vE36X.s 			page 103


 2605              		.loc 1 1240 1 is_stmt 1 view -0
 2606              		.cfi_startproc
 2607              		@ args = 0, pretend = 0, frame = 16
 2608              		@ frame_needed = 0, uses_anonymous_args = 0
1240:Middlewares/Third_Party/FreeRTOS/Source/queue.c **** BaseType_t xEntryTimeSet = pdFALSE;
 2609              		.loc 1 1240 1 is_stmt 0 view .LVU771
 2610 0000 F0B5     		push	{r4, r5, r6, r7, lr}
 2611              	.LCFI35:
 2612              		.cfi_def_cfa_offset 20
 2613              		.cfi_offset 4, -20
 2614              		.cfi_offset 5, -16
 2615              		.cfi_offset 6, -12
 2616              		.cfi_offset 7, -8
 2617              		.cfi_offset 14, -4
 2618 0002 85B0     		sub	sp, sp, #20
 2619              	.LCFI36:
 2620              		.cfi_def_cfa_offset 40
 2621 0004 0192     		str	r2, [sp, #4]
1241:Middlewares/Third_Party/FreeRTOS/Source/queue.c **** TimeOut_t xTimeOut;
 2622              		.loc 1 1241 1 is_stmt 1 view .LVU772
 2623              	.LVL197:
1242:Middlewares/Third_Party/FreeRTOS/Source/queue.c **** Queue_t * const pxQueue = ( Queue_t * ) xQueue;
 2624              		.loc 1 1242 1 view .LVU773
1243:Middlewares/Third_Party/FreeRTOS/Source/queue.c **** 
 2625              		.loc 1 1243 1 view .LVU774
1246:Middlewares/Third_Party/FreeRTOS/Source/queue.c **** 
 2626              		.loc 1 1246 2 view .LVU775
 2627 0006 90B1     		cbz	r0, .L211
 2628 0008 0F46     		mov	r7, r1
 2629 000a 0446     		mov	r4, r0
1246:Middlewares/Third_Party/FreeRTOS/Source/queue.c **** 
 2630              		.loc 1 1246 29 discriminator 2 view .LVU776
1250:Middlewares/Third_Party/FreeRTOS/Source/queue.c **** 
 2631              		.loc 1 1250 2 view .LVU777
 2632 000c C1B1     		cbz	r1, .L212
 2633              	.L194:
1250:Middlewares/Third_Party/FreeRTOS/Source/queue.c **** 
 2634              		.loc 1 1250 100 discriminator 8 view .LVU778
1255:Middlewares/Third_Party/FreeRTOS/Source/queue.c **** 	}
 2635              		.loc 1 1255 3 view .LVU779
 2636 000e FFF7FEFF 		bl	xTaskGetSchedulerState
 2637              	.LVL198:
1255:Middlewares/Third_Party/FreeRTOS/Source/queue.c **** 	}
 2638              		.loc 1 1255 3 is_stmt 0 discriminator 1 view .LVU780
 2639 0012 0646     		mov	r6, r0
 2640 0014 00BB     		cbnz	r0, .L209
1255:Middlewares/Third_Party/FreeRTOS/Source/queue.c **** 	}
 2641              		.loc 1 1255 3 discriminator 2 view .LVU781
 2642 0016 019B     		ldr	r3, [sp, #4]
 2643 0018 002B     		cmp	r3, #0
 2644 001a 5ED0     		beq	.L198
1255:Middlewares/Third_Party/FreeRTOS/Source/queue.c **** 	}
 2645              		.loc 1 1255 3 is_stmt 1 discriminator 7 view .LVU782
 2646              	.LBB183:
 2647              	.LBI183:
 191:Middlewares/Third_Party/FreeRTOS/Source/portable/GCC/ARM_CM4F/portmacro.h **** {
 2648              		.loc 2 191 30 view .LVU783
ARM GAS  /tmp/cc8vE36X.s 			page 104


 2649              	.LBB184:
 193:Middlewares/Third_Party/FreeRTOS/Source/portable/GCC/ARM_CM4F/portmacro.h **** 
 2650              		.loc 2 193 1 view .LVU784
 195:Middlewares/Third_Party/FreeRTOS/Source/portable/GCC/ARM_CM4F/portmacro.h **** 	(
 2651              		.loc 2 195 2 view .LVU785
 2652              		.syntax unified
 2653              	@ 195 "Middlewares/Third_Party/FreeRTOS/Source/portable/GCC/ARM_CM4F/portmacro.h" 1
 2654 001c 4FF05003 			mov r3, #80												
 2655 0020 83F31188 		msr basepri, r3											
 2656 0024 BFF36F8F 		isb														
 2657 0028 BFF34F8F 		dsb														
 2658              	
 2659              	@ 0 "" 2
 2660              		.thumb
 2661              		.syntax unified
 2662              	.L197:
 2663              	.LBE184:
 2664              	.LBE183:
1255:Middlewares/Third_Party/FreeRTOS/Source/queue.c **** 	}
 2665              		.loc 1 1255 3 discriminator 9 view .LVU786
1255:Middlewares/Third_Party/FreeRTOS/Source/queue.c **** 	}
 2666              		.loc 1 1255 3 discriminator 9 view .LVU787
 2667 002c FEE7     		b	.L197
 2668              	.LVL199:
 2669              	.L211:
1246:Middlewares/Third_Party/FreeRTOS/Source/queue.c **** 
 2670              		.loc 1 1246 2 discriminator 1 view .LVU788
 2671              	.LBB185:
 2672              	.LBI185:
 191:Middlewares/Third_Party/FreeRTOS/Source/portable/GCC/ARM_CM4F/portmacro.h **** {
 2673              		.loc 2 191 30 view .LVU789
 2674              	.LBB186:
 193:Middlewares/Third_Party/FreeRTOS/Source/portable/GCC/ARM_CM4F/portmacro.h **** 
 2675              		.loc 2 193 1 view .LVU790
 195:Middlewares/Third_Party/FreeRTOS/Source/portable/GCC/ARM_CM4F/portmacro.h **** 	(
 2676              		.loc 2 195 2 view .LVU791
 2677              		.syntax unified
 2678              	@ 195 "Middlewares/Third_Party/FreeRTOS/Source/portable/GCC/ARM_CM4F/portmacro.h" 1
 2679 002e 4FF05003 			mov r3, #80												
 2680 0032 83F31188 		msr basepri, r3											
 2681 0036 BFF36F8F 		isb														
 2682 003a BFF34F8F 		dsb														
 2683              	
 2684              	@ 0 "" 2
 2685              		.thumb
 2686              		.syntax unified
 2687              	.L193:
 2688              	.LBE186:
 2689              	.LBE185:
1246:Middlewares/Third_Party/FreeRTOS/Source/queue.c **** 
 2690              		.loc 1 1246 2 discriminator 3 view .LVU792
1246:Middlewares/Third_Party/FreeRTOS/Source/queue.c **** 
 2691              		.loc 1 1246 2 discriminator 3 view .LVU793
 2692 003e FEE7     		b	.L193
 2693              	.L212:
1250:Middlewares/Third_Party/FreeRTOS/Source/queue.c **** 
 2694              		.loc 1 1250 2 is_stmt 0 discriminator 2 view .LVU794
ARM GAS  /tmp/cc8vE36X.s 			page 105


 2695 0040 036C     		ldr	r3, [r0, #64]
 2696 0042 002B     		cmp	r3, #0
 2697 0044 E3D0     		beq	.L194
1250:Middlewares/Third_Party/FreeRTOS/Source/queue.c **** 
 2698              		.loc 1 1250 2 is_stmt 1 discriminator 7 view .LVU795
 2699              	.LBB187:
 2700              	.LBI187:
 191:Middlewares/Third_Party/FreeRTOS/Source/portable/GCC/ARM_CM4F/portmacro.h **** {
 2701              		.loc 2 191 30 view .LVU796
 2702              	.LBB188:
 193:Middlewares/Third_Party/FreeRTOS/Source/portable/GCC/ARM_CM4F/portmacro.h **** 
 2703              		.loc 2 193 1 view .LVU797
 195:Middlewares/Third_Party/FreeRTOS/Source/portable/GCC/ARM_CM4F/portmacro.h **** 	(
 2704              		.loc 2 195 2 view .LVU798
 2705              		.syntax unified
 2706              	@ 195 "Middlewares/Third_Party/FreeRTOS/Source/portable/GCC/ARM_CM4F/portmacro.h" 1
 2707 0046 4FF05003 			mov r3, #80												
 2708 004a 83F31188 		msr basepri, r3											
 2709 004e BFF36F8F 		isb														
 2710 0052 BFF34F8F 		dsb														
 2711              	
 2712              	@ 0 "" 2
 2713              		.thumb
 2714              		.syntax unified
 2715              	.L195:
 2716              	.LBE188:
 2717              	.LBE187:
1250:Middlewares/Third_Party/FreeRTOS/Source/queue.c **** 
 2718              		.loc 1 1250 2 discriminator 9 view .LVU799
1250:Middlewares/Third_Party/FreeRTOS/Source/queue.c **** 
 2719              		.loc 1 1250 2 discriminator 9 view .LVU800
 2720 0056 FEE7     		b	.L195
 2721              	.LVL200:
 2722              	.L209:
1250:Middlewares/Third_Party/FreeRTOS/Source/queue.c **** 
 2723              		.loc 1 1250 2 is_stmt 0 discriminator 9 view .LVU801
 2724 0058 0026     		movs	r6, #0
 2725 005a 3EE0     		b	.L198
 2726              	.LVL201:
 2727              	.L215:
 2728              	.LBB189:
1274:Middlewares/Third_Party/FreeRTOS/Source/queue.c **** 				traceQUEUE_RECEIVE( pxQueue );
 2729              		.loc 1 1274 5 is_stmt 1 view .LVU802
 2730 005c 3946     		mov	r1, r7
 2731 005e 2046     		mov	r0, r4
 2732 0060 FFF7FEFF 		bl	prvCopyDataFromQueue
 2733              	.LVL202:
1275:Middlewares/Third_Party/FreeRTOS/Source/queue.c **** 				pxQueue->uxMessagesWaiting = uxMessagesWaiting - ( UBaseType_t ) 1;
 2734              		.loc 1 1275 34 view .LVU803
1276:Middlewares/Third_Party/FreeRTOS/Source/queue.c **** 
 2735              		.loc 1 1276 5 view .LVU804
1276:Middlewares/Third_Party/FreeRTOS/Source/queue.c **** 
 2736              		.loc 1 1276 52 is_stmt 0 view .LVU805
 2737 0064 013D     		subs	r5, r5, #1
 2738              	.LVL203:
1276:Middlewares/Third_Party/FreeRTOS/Source/queue.c **** 
 2739              		.loc 1 1276 32 view .LVU806
ARM GAS  /tmp/cc8vE36X.s 			page 106


 2740 0066 A563     		str	r5, [r4, #56]
1281:Middlewares/Third_Party/FreeRTOS/Source/queue.c **** 				{
 2741              		.loc 1 1281 5 is_stmt 1 view .LVU807
1281:Middlewares/Third_Party/FreeRTOS/Source/queue.c **** 				{
 2742              		.loc 1 1281 9 is_stmt 0 view .LVU808
 2743 0068 2369     		ldr	r3, [r4, #16]
1281:Middlewares/Third_Party/FreeRTOS/Source/queue.c **** 				{
 2744              		.loc 1 1281 7 view .LVU809
 2745 006a 23B9     		cbnz	r3, .L213
 2746              	.L200:
1294:Middlewares/Third_Party/FreeRTOS/Source/queue.c **** 				}
 2747              		.loc 1 1294 30 is_stmt 1 view .LVU810
1297:Middlewares/Third_Party/FreeRTOS/Source/queue.c **** 				return pdPASS;
 2748              		.loc 1 1297 5 view .LVU811
 2749 006c FFF7FEFF 		bl	vPortExitCritical
 2750              	.LVL204:
1298:Middlewares/Third_Party/FreeRTOS/Source/queue.c **** 			}
 2751              		.loc 1 1298 5 view .LVU812
1298:Middlewares/Third_Party/FreeRTOS/Source/queue.c **** 			}
 2752              		.loc 1 1298 12 is_stmt 0 view .LVU813
 2753 0070 0120     		movs	r0, #1
 2754              	.LVL205:
 2755              	.L191:
1298:Middlewares/Third_Party/FreeRTOS/Source/queue.c **** 			}
 2756              		.loc 1 1298 12 view .LVU814
 2757              	.LBE189:
1377:Middlewares/Third_Party/FreeRTOS/Source/queue.c **** /*-----------------------------------------------------------*/
 2758              		.loc 1 1377 1 view .LVU815
 2759 0072 05B0     		add	sp, sp, #20
 2760              	.LCFI37:
 2761              		.cfi_remember_state
 2762              		.cfi_def_cfa_offset 20
 2763              		@ sp needed
 2764 0074 F0BD     		pop	{r4, r5, r6, r7, pc}
 2765              	.LVL206:
 2766              	.L213:
 2767              	.LCFI38:
 2768              		.cfi_restore_state
 2769              	.LBB190:
1283:Middlewares/Third_Party/FreeRTOS/Source/queue.c **** 					{
 2770              		.loc 1 1283 6 is_stmt 1 view .LVU816
1283:Middlewares/Third_Party/FreeRTOS/Source/queue.c **** 					{
 2771              		.loc 1 1283 10 is_stmt 0 view .LVU817
 2772 0076 04F11000 		add	r0, r4, #16
 2773 007a FFF7FEFF 		bl	xTaskRemoveFromEventList
 2774              	.LVL207:
1283:Middlewares/Third_Party/FreeRTOS/Source/queue.c **** 					{
 2775              		.loc 1 1283 8 discriminator 1 view .LVU818
 2776 007e 0028     		cmp	r0, #0
 2777 0080 F4D0     		beq	.L200
1285:Middlewares/Third_Party/FreeRTOS/Source/queue.c **** 					}
 2778              		.loc 1 1285 7 is_stmt 1 view .LVU819
 2779 0082 4FF0E023 		mov	r3, #-536813568
 2780 0086 4FF08052 		mov	r2, #268435456
 2781 008a C3F8042D 		str	r2, [r3, #3332]
1285:Middlewares/Third_Party/FreeRTOS/Source/queue.c **** 					}
 2782              		.loc 1 1285 7 view .LVU820
ARM GAS  /tmp/cc8vE36X.s 			page 107


 2783              		.syntax unified
 2784              	@ 1285 "Middlewares/Third_Party/FreeRTOS/Source/queue.c" 1
 2785 008e BFF34F8F 		dsb
 2786              	@ 0 "" 2
1285:Middlewares/Third_Party/FreeRTOS/Source/queue.c **** 					}
 2787              		.loc 1 1285 7 view .LVU821
 2788              	@ 1285 "Middlewares/Third_Party/FreeRTOS/Source/queue.c" 1
 2789 0092 BFF36F8F 		isb
 2790              	@ 0 "" 2
1285:Middlewares/Third_Party/FreeRTOS/Source/queue.c **** 					}
 2791              		.loc 1 1285 39 view .LVU822
 2792              		.thumb
 2793              		.syntax unified
 2794 0096 E9E7     		b	.L200
 2795              	.LVL208:
 2796              	.L216:
1306:Middlewares/Third_Party/FreeRTOS/Source/queue.c **** 					traceQUEUE_RECEIVE_FAILED( pxQueue );
 2797              		.loc 1 1306 6 view .LVU823
 2798 0098 FFF7FEFF 		bl	vPortExitCritical
 2799              	.LVL209:
1307:Middlewares/Third_Party/FreeRTOS/Source/queue.c **** 					return errQUEUE_EMPTY;
 2800              		.loc 1 1307 42 view .LVU824
1308:Middlewares/Third_Party/FreeRTOS/Source/queue.c **** 				}
 2801              		.loc 1 1308 6 view .LVU825
1308:Middlewares/Third_Party/FreeRTOS/Source/queue.c **** 				}
 2802              		.loc 1 1308 13 is_stmt 0 view .LVU826
 2803 009c 0020     		movs	r0, #0
 2804 009e E8E7     		b	.L191
 2805              	.L217:
1314:Middlewares/Third_Party/FreeRTOS/Source/queue.c **** 					xEntryTimeSet = pdTRUE;
 2806              		.loc 1 1314 6 is_stmt 1 view .LVU827
 2807 00a0 02A8     		add	r0, sp, #8
 2808 00a2 FFF7FEFF 		bl	vTaskInternalSetTimeOutState
 2809              	.LVL210:
1315:Middlewares/Third_Party/FreeRTOS/Source/queue.c **** 				}
 2810              		.loc 1 1315 6 view .LVU828
1315:Middlewares/Third_Party/FreeRTOS/Source/queue.c **** 				}
 2811              		.loc 1 1315 20 is_stmt 0 view .LVU829
 2812 00a6 0126     		movs	r6, #1
 2813 00a8 21E0     		b	.L203
 2814              	.LVL211:
 2815              	.L218:
1315:Middlewares/Third_Party/FreeRTOS/Source/queue.c **** 				}
 2816              		.loc 1 1315 20 view .LVU830
 2817              	.LBE190:
1330:Middlewares/Third_Party/FreeRTOS/Source/queue.c **** 
 2818              		.loc 1 1330 3 is_stmt 1 discriminator 1 view .LVU831
 2819 00aa 0023     		movs	r3, #0
 2820 00ac 84F84430 		strb	r3, [r4, #68]
 2821 00b0 29E0     		b	.L204
 2822              	.L219:
1330:Middlewares/Third_Party/FreeRTOS/Source/queue.c **** 
 2823              		.loc 1 1330 3 discriminator 4 view .LVU832
 2824 00b2 0023     		movs	r3, #0
 2825 00b4 84F84530 		strb	r3, [r4, #69]
 2826 00b8 2BE0     		b	.L205
 2827              	.L207:
ARM GAS  /tmp/cc8vE36X.s 			page 108


1355:Middlewares/Third_Party/FreeRTOS/Source/queue.c **** 				( void ) xTaskResumeAll();
 2828              		.loc 1 1355 5 view .LVU833
 2829 00ba 2046     		mov	r0, r4
 2830 00bc FFF7FEFF 		bl	prvUnlockQueue
 2831              	.LVL212:
1356:Middlewares/Third_Party/FreeRTOS/Source/queue.c **** 			}
 2832              		.loc 1 1356 5 view .LVU834
1356:Middlewares/Third_Party/FreeRTOS/Source/queue.c **** 			}
 2833              		.loc 1 1356 14 is_stmt 0 view .LVU835
 2834 00c0 FFF7FEFF 		bl	xTaskResumeAll
 2835              	.LVL213:
 2836 00c4 09E0     		b	.L198
 2837              	.L206:
1363:Middlewares/Third_Party/FreeRTOS/Source/queue.c **** 			( void ) xTaskResumeAll();
 2838              		.loc 1 1363 4 is_stmt 1 view .LVU836
 2839 00c6 2046     		mov	r0, r4
 2840 00c8 FFF7FEFF 		bl	prvUnlockQueue
 2841              	.LVL214:
1364:Middlewares/Third_Party/FreeRTOS/Source/queue.c **** 
 2842              		.loc 1 1364 4 view .LVU837
1364:Middlewares/Third_Party/FreeRTOS/Source/queue.c **** 
 2843              		.loc 1 1364 13 is_stmt 0 view .LVU838
 2844 00cc FFF7FEFF 		bl	xTaskResumeAll
 2845              	.LVL215:
1366:Middlewares/Third_Party/FreeRTOS/Source/queue.c **** 			{
 2846              		.loc 1 1366 4 is_stmt 1 view .LVU839
1366:Middlewares/Third_Party/FreeRTOS/Source/queue.c **** 			{
 2847              		.loc 1 1366 8 is_stmt 0 view .LVU840
 2848 00d0 2046     		mov	r0, r4
 2849 00d2 FFF7FEFF 		bl	prvIsQueueEmpty
 2850              	.LVL216:
1366:Middlewares/Third_Party/FreeRTOS/Source/queue.c **** 			{
 2851              		.loc 1 1366 6 discriminator 1 view .LVU841
 2852 00d6 0028     		cmp	r0, #0
 2853 00d8 3FD1     		bne	.L214
 2854              	.LVL217:
 2855              	.L198:
1255:Middlewares/Third_Party/FreeRTOS/Source/queue.c **** 	}
 2856              		.loc 1 1255 104 is_stmt 1 discriminator 8 view .LVU842
1263:Middlewares/Third_Party/FreeRTOS/Source/queue.c **** 	{
 2857              		.loc 1 1263 2 view .LVU843
1265:Middlewares/Third_Party/FreeRTOS/Source/queue.c **** 		{
 2858              		.loc 1 1265 3 view .LVU844
 2859 00da FFF7FEFF 		bl	vPortEnterCritical
 2860              	.LVL218:
 2861              	.LBB191:
1267:Middlewares/Third_Party/FreeRTOS/Source/queue.c **** 
 2862              		.loc 1 1267 4 view .LVU845
1267:Middlewares/Third_Party/FreeRTOS/Source/queue.c **** 
 2863              		.loc 1 1267 22 is_stmt 0 view .LVU846
 2864 00de A56B     		ldr	r5, [r4, #56]
 2865              	.LVL219:
1271:Middlewares/Third_Party/FreeRTOS/Source/queue.c **** 			{
 2866              		.loc 1 1271 4 is_stmt 1 view .LVU847
1271:Middlewares/Third_Party/FreeRTOS/Source/queue.c **** 			{
 2867              		.loc 1 1271 6 is_stmt 0 view .LVU848
 2868 00e0 002D     		cmp	r5, #0
ARM GAS  /tmp/cc8vE36X.s 			page 109


 2869 00e2 BBD1     		bne	.L215
1302:Middlewares/Third_Party/FreeRTOS/Source/queue.c **** 				{
 2870              		.loc 1 1302 5 is_stmt 1 view .LVU849
1302:Middlewares/Third_Party/FreeRTOS/Source/queue.c **** 				{
 2871              		.loc 1 1302 22 is_stmt 0 view .LVU850
 2872 00e4 019B     		ldr	r3, [sp, #4]
1302:Middlewares/Third_Party/FreeRTOS/Source/queue.c **** 				{
 2873              		.loc 1 1302 7 view .LVU851
 2874 00e6 002B     		cmp	r3, #0
 2875 00e8 D6D0     		beq	.L216
1310:Middlewares/Third_Party/FreeRTOS/Source/queue.c **** 				{
 2876              		.loc 1 1310 10 is_stmt 1 view .LVU852
1310:Middlewares/Third_Party/FreeRTOS/Source/queue.c **** 				{
 2877              		.loc 1 1310 12 is_stmt 0 view .LVU853
 2878 00ea 002E     		cmp	r6, #0
 2879 00ec D8D0     		beq	.L217
 2880              	.LVL220:
 2881              	.L203:
1320:Middlewares/Third_Party/FreeRTOS/Source/queue.c **** 				}
 2882              		.loc 1 1320 30 is_stmt 1 view .LVU854
 2883              	.LBE191:
1324:Middlewares/Third_Party/FreeRTOS/Source/queue.c **** 
 2884              		.loc 1 1324 3 view .LVU855
 2885 00ee FFF7FEFF 		bl	vPortExitCritical
 2886              	.LVL221:
1329:Middlewares/Third_Party/FreeRTOS/Source/queue.c **** 		prvLockQueue( pxQueue );
 2887              		.loc 1 1329 3 view .LVU856
 2888 00f2 FFF7FEFF 		bl	vTaskSuspendAll
 2889              	.LVL222:
1330:Middlewares/Third_Party/FreeRTOS/Source/queue.c **** 
 2890              		.loc 1 1330 3 view .LVU857
 2891 00f6 FFF7FEFF 		bl	vPortEnterCritical
 2892              	.LVL223:
1330:Middlewares/Third_Party/FreeRTOS/Source/queue.c **** 
 2893              		.loc 1 1330 3 discriminator 1 view .LVU858
 2894 00fa 94F84430 		ldrb	r3, [r4, #68]	@ zero_extendqisi2
 2895 00fe 5BB2     		sxtb	r3, r3
 2896 0100 B3F1FF3F 		cmp	r3, #-1
 2897 0104 D1D0     		beq	.L218
 2898              	.L204:
1330:Middlewares/Third_Party/FreeRTOS/Source/queue.c **** 
 2899              		.loc 1 1330 3 discriminator 3 view .LVU859
 2900 0106 94F84530 		ldrb	r3, [r4, #69]	@ zero_extendqisi2
 2901 010a 5BB2     		sxtb	r3, r3
 2902 010c B3F1FF3F 		cmp	r3, #-1
 2903 0110 CFD0     		beq	.L219
 2904              	.L205:
1330:Middlewares/Third_Party/FreeRTOS/Source/queue.c **** 
 2905              		.loc 1 1330 3 discriminator 6 view .LVU860
 2906 0112 FFF7FEFF 		bl	vPortExitCritical
 2907              	.LVL224:
1333:Middlewares/Third_Party/FreeRTOS/Source/queue.c **** 		{
 2908              		.loc 1 1333 3 view .LVU861
1333:Middlewares/Third_Party/FreeRTOS/Source/queue.c **** 		{
 2909              		.loc 1 1333 7 is_stmt 0 view .LVU862
 2910 0116 01A9     		add	r1, sp, #4
 2911 0118 02A8     		add	r0, sp, #8
ARM GAS  /tmp/cc8vE36X.s 			page 110


 2912 011a FFF7FEFF 		bl	xTaskCheckForTimeOut
 2913              	.LVL225:
1333:Middlewares/Third_Party/FreeRTOS/Source/queue.c **** 		{
 2914              		.loc 1 1333 5 discriminator 1 view .LVU863
 2915 011e 0028     		cmp	r0, #0
 2916 0120 D1D1     		bne	.L206
1337:Middlewares/Third_Party/FreeRTOS/Source/queue.c **** 			{
 2917              		.loc 1 1337 4 is_stmt 1 view .LVU864
1337:Middlewares/Third_Party/FreeRTOS/Source/queue.c **** 			{
 2918              		.loc 1 1337 8 is_stmt 0 view .LVU865
 2919 0122 2046     		mov	r0, r4
 2920 0124 FFF7FEFF 		bl	prvIsQueueEmpty
 2921              	.LVL226:
1337:Middlewares/Third_Party/FreeRTOS/Source/queue.c **** 			{
 2922              		.loc 1 1337 6 discriminator 1 view .LVU866
 2923 0128 0028     		cmp	r0, #0
 2924 012a C6D0     		beq	.L207
1339:Middlewares/Third_Party/FreeRTOS/Source/queue.c **** 				vTaskPlaceOnEventList( &( pxQueue->xTasksWaitingToReceive ), xTicksToWait );
 2925              		.loc 1 1339 46 is_stmt 1 view .LVU867
1340:Middlewares/Third_Party/FreeRTOS/Source/queue.c **** 				prvUnlockQueue( pxQueue );
 2926              		.loc 1 1340 5 view .LVU868
 2927 012c 0199     		ldr	r1, [sp, #4]
 2928 012e 04F12400 		add	r0, r4, #36
 2929 0132 FFF7FEFF 		bl	vTaskPlaceOnEventList
 2930              	.LVL227:
1341:Middlewares/Third_Party/FreeRTOS/Source/queue.c **** 				if( xTaskResumeAll() == pdFALSE )
 2931              		.loc 1 1341 5 view .LVU869
 2932 0136 2046     		mov	r0, r4
 2933 0138 FFF7FEFF 		bl	prvUnlockQueue
 2934              	.LVL228:
1342:Middlewares/Third_Party/FreeRTOS/Source/queue.c **** 				{
 2935              		.loc 1 1342 5 view .LVU870
1342:Middlewares/Third_Party/FreeRTOS/Source/queue.c **** 				{
 2936              		.loc 1 1342 9 is_stmt 0 view .LVU871
 2937 013c FFF7FEFF 		bl	xTaskResumeAll
 2938              	.LVL229:
1342:Middlewares/Third_Party/FreeRTOS/Source/queue.c **** 				{
 2939              		.loc 1 1342 7 discriminator 1 view .LVU872
 2940 0140 0028     		cmp	r0, #0
 2941 0142 CAD1     		bne	.L198
1344:Middlewares/Third_Party/FreeRTOS/Source/queue.c **** 				}
 2942              		.loc 1 1344 6 is_stmt 1 view .LVU873
 2943 0144 4FF0E023 		mov	r3, #-536813568
 2944 0148 4FF08052 		mov	r2, #268435456
 2945 014c C3F8042D 		str	r2, [r3, #3332]
1344:Middlewares/Third_Party/FreeRTOS/Source/queue.c **** 				}
 2946              		.loc 1 1344 6 view .LVU874
 2947              		.syntax unified
 2948              	@ 1344 "Middlewares/Third_Party/FreeRTOS/Source/queue.c" 1
 2949 0150 BFF34F8F 		dsb
 2950              	@ 0 "" 2
1344:Middlewares/Third_Party/FreeRTOS/Source/queue.c **** 				}
 2951              		.loc 1 1344 6 view .LVU875
 2952              	@ 1344 "Middlewares/Third_Party/FreeRTOS/Source/queue.c" 1
 2953 0154 BFF36F8F 		isb
 2954              	@ 0 "" 2
1344:Middlewares/Third_Party/FreeRTOS/Source/queue.c **** 				}
ARM GAS  /tmp/cc8vE36X.s 			page 111


 2955              		.loc 1 1344 28 view .LVU876
 2956              		.thumb
 2957              		.syntax unified
 2958 0158 BFE7     		b	.L198
 2959              	.L214:
1369:Middlewares/Third_Party/FreeRTOS/Source/queue.c **** 			}
 2960              		.loc 1 1369 12 is_stmt 0 view .LVU877
 2961 015a 0020     		movs	r0, #0
 2962 015c 89E7     		b	.L191
 2963              		.cfi_endproc
 2964              	.LFE20:
 2966              		.section	.text.xQueueSemaphoreTake,"ax",%progbits
 2967              		.align	1
 2968              		.global	xQueueSemaphoreTake
 2969              		.syntax unified
 2970              		.thumb
 2971              		.thumb_func
 2973              	xQueueSemaphoreTake:
 2974              	.LVL230:
 2975              	.LFB21:
1381:Middlewares/Third_Party/FreeRTOS/Source/queue.c **** BaseType_t xEntryTimeSet = pdFALSE;
 2976              		.loc 1 1381 1 is_stmt 1 view -0
 2977              		.cfi_startproc
 2978              		@ args = 0, pretend = 0, frame = 16
 2979              		@ frame_needed = 0, uses_anonymous_args = 0
1381:Middlewares/Third_Party/FreeRTOS/Source/queue.c **** BaseType_t xEntryTimeSet = pdFALSE;
 2980              		.loc 1 1381 1 is_stmt 0 view .LVU879
 2981 0000 70B5     		push	{r4, r5, r6, lr}
 2982              	.LCFI39:
 2983              		.cfi_def_cfa_offset 16
 2984              		.cfi_offset 4, -16
 2985              		.cfi_offset 5, -12
 2986              		.cfi_offset 6, -8
 2987              		.cfi_offset 14, -4
 2988 0002 84B0     		sub	sp, sp, #16
 2989              	.LCFI40:
 2990              		.cfi_def_cfa_offset 32
 2991 0004 0191     		str	r1, [sp, #4]
1382:Middlewares/Third_Party/FreeRTOS/Source/queue.c **** TimeOut_t xTimeOut;
 2992              		.loc 1 1382 1 is_stmt 1 view .LVU880
 2993              	.LVL231:
1383:Middlewares/Third_Party/FreeRTOS/Source/queue.c **** Queue_t * const pxQueue = ( Queue_t * ) xQueue;
 2994              		.loc 1 1383 1 view .LVU881
1384:Middlewares/Third_Party/FreeRTOS/Source/queue.c **** 
 2995              		.loc 1 1384 1 view .LVU882
1387:Middlewares/Third_Party/FreeRTOS/Source/queue.c **** #endif
 2996              		.loc 1 1387 2 view .LVU883
1391:Middlewares/Third_Party/FreeRTOS/Source/queue.c **** 
 2997              		.loc 1 1391 2 view .LVU884
 2998 0006 58B1     		cbz	r0, .L246
 2999 0008 0446     		mov	r4, r0
1391:Middlewares/Third_Party/FreeRTOS/Source/queue.c **** 
 3000              		.loc 1 1391 29 discriminator 2 view .LVU885
1395:Middlewares/Third_Party/FreeRTOS/Source/queue.c **** 
 3001              		.loc 1 1395 2 view .LVU886
 3002 000a 036C     		ldr	r3, [r0, #64]
 3003 000c 8BB1     		cbz	r3, .L223
ARM GAS  /tmp/cc8vE36X.s 			page 112


1395:Middlewares/Third_Party/FreeRTOS/Source/queue.c **** 
 3004              		.loc 1 1395 2 discriminator 1 view .LVU887
 3005              	.LBB192:
 3006              	.LBI192:
 191:Middlewares/Third_Party/FreeRTOS/Source/portable/GCC/ARM_CM4F/portmacro.h **** {
 3007              		.loc 2 191 30 view .LVU888
 3008              	.LBB193:
 193:Middlewares/Third_Party/FreeRTOS/Source/portable/GCC/ARM_CM4F/portmacro.h **** 
 3009              		.loc 2 193 1 view .LVU889
 195:Middlewares/Third_Party/FreeRTOS/Source/portable/GCC/ARM_CM4F/portmacro.h **** 	(
 3010              		.loc 2 195 2 view .LVU890
 3011              		.syntax unified
 3012              	@ 195 "Middlewares/Third_Party/FreeRTOS/Source/portable/GCC/ARM_CM4F/portmacro.h" 1
 3013 000e 4FF05003 			mov r3, #80												
 3014 0012 83F31188 		msr basepri, r3											
 3015 0016 BFF36F8F 		isb														
 3016 001a BFF34F8F 		dsb														
 3017              	
 3018              	@ 0 "" 2
 3019              		.thumb
 3020              		.syntax unified
 3021              	.L224:
 3022              	.LBE193:
 3023              	.LBE192:
1395:Middlewares/Third_Party/FreeRTOS/Source/queue.c **** 
 3024              		.loc 1 1395 2 discriminator 3 view .LVU891
1395:Middlewares/Third_Party/FreeRTOS/Source/queue.c **** 
 3025              		.loc 1 1395 2 discriminator 3 view .LVU892
 3026 001e FEE7     		b	.L224
 3027              	.L246:
1391:Middlewares/Third_Party/FreeRTOS/Source/queue.c **** 
 3028              		.loc 1 1391 2 discriminator 1 view .LVU893
 3029              	.LBB194:
 3030              	.LBI194:
 191:Middlewares/Third_Party/FreeRTOS/Source/portable/GCC/ARM_CM4F/portmacro.h **** {
 3031              		.loc 2 191 30 view .LVU894
 3032              	.LBB195:
 193:Middlewares/Third_Party/FreeRTOS/Source/portable/GCC/ARM_CM4F/portmacro.h **** 
 3033              		.loc 2 193 1 view .LVU895
 195:Middlewares/Third_Party/FreeRTOS/Source/portable/GCC/ARM_CM4F/portmacro.h **** 	(
 3034              		.loc 2 195 2 view .LVU896
 3035              		.syntax unified
 3036              	@ 195 "Middlewares/Third_Party/FreeRTOS/Source/portable/GCC/ARM_CM4F/portmacro.h" 1
 3037 0020 4FF05003 			mov r3, #80												
 3038 0024 83F31188 		msr basepri, r3											
 3039 0028 BFF36F8F 		isb														
 3040 002c BFF34F8F 		dsb														
 3041              	
 3042              	@ 0 "" 2
 3043              		.thumb
 3044              		.syntax unified
 3045              	.L222:
 3046              	.LBE195:
 3047              	.LBE194:
1391:Middlewares/Third_Party/FreeRTOS/Source/queue.c **** 
 3048              		.loc 1 1391 2 discriminator 3 view .LVU897
1391:Middlewares/Third_Party/FreeRTOS/Source/queue.c **** 
ARM GAS  /tmp/cc8vE36X.s 			page 113


 3049              		.loc 1 1391 2 discriminator 3 view .LVU898
 3050 0030 FEE7     		b	.L222
 3051              	.L223:
1395:Middlewares/Third_Party/FreeRTOS/Source/queue.c **** 
 3052              		.loc 1 1395 42 discriminator 2 view .LVU899
1400:Middlewares/Third_Party/FreeRTOS/Source/queue.c **** 	}
 3053              		.loc 1 1400 3 view .LVU900
 3054 0032 FFF7FEFF 		bl	xTaskGetSchedulerState
 3055              	.LVL232:
1400:Middlewares/Third_Party/FreeRTOS/Source/queue.c **** 	}
 3056              		.loc 1 1400 3 is_stmt 0 discriminator 1 view .LVU901
 3057 0036 0546     		mov	r5, r0
 3058 0038 50B9     		cbnz	r0, .L243
1400:Middlewares/Third_Party/FreeRTOS/Source/queue.c **** 	}
 3059              		.loc 1 1400 3 discriminator 2 view .LVU902
 3060 003a 019B     		ldr	r3, [sp, #4]
 3061 003c 5BB1     		cbz	r3, .L244
1400:Middlewares/Third_Party/FreeRTOS/Source/queue.c **** 	}
 3062              		.loc 1 1400 3 is_stmt 1 discriminator 7 view .LVU903
 3063              	.LBB196:
 3064              	.LBI196:
 191:Middlewares/Third_Party/FreeRTOS/Source/portable/GCC/ARM_CM4F/portmacro.h **** {
 3065              		.loc 2 191 30 view .LVU904
 3066              	.LBB197:
 193:Middlewares/Third_Party/FreeRTOS/Source/portable/GCC/ARM_CM4F/portmacro.h **** 
 3067              		.loc 2 193 1 view .LVU905
 195:Middlewares/Third_Party/FreeRTOS/Source/portable/GCC/ARM_CM4F/portmacro.h **** 	(
 3068              		.loc 2 195 2 view .LVU906
 3069              		.syntax unified
 3070              	@ 195 "Middlewares/Third_Party/FreeRTOS/Source/portable/GCC/ARM_CM4F/portmacro.h" 1
 3071 003e 4FF05003 			mov r3, #80												
 3072 0042 83F31188 		msr basepri, r3											
 3073 0046 BFF36F8F 		isb														
 3074 004a BFF34F8F 		dsb														
 3075              	
 3076              	@ 0 "" 2
 3077              		.thumb
 3078              		.syntax unified
 3079              	.L226:
 3080              	.LBE197:
 3081              	.LBE196:
1400:Middlewares/Third_Party/FreeRTOS/Source/queue.c **** 	}
 3082              		.loc 1 1400 3 discriminator 9 view .LVU907
1400:Middlewares/Third_Party/FreeRTOS/Source/queue.c **** 	}
 3083              		.loc 1 1400 3 discriminator 9 view .LVU908
 3084 004e FEE7     		b	.L226
 3085              	.L243:
 3086 0050 0026     		movs	r6, #0
 3087 0052 3546     		mov	r5, r6
 3088 0054 55E0     		b	.L227
 3089              	.L244:
 3090 0056 0646     		mov	r6, r0
 3091 0058 53E0     		b	.L227
 3092              	.LVL233:
 3093              	.L250:
 3094              	.LBB198:
1421:Middlewares/Third_Party/FreeRTOS/Source/queue.c **** 
ARM GAS  /tmp/cc8vE36X.s 			page 114


 3095              		.loc 1 1421 34 view .LVU909
1425:Middlewares/Third_Party/FreeRTOS/Source/queue.c **** 
 3096              		.loc 1 1425 5 view .LVU910
1425:Middlewares/Third_Party/FreeRTOS/Source/queue.c **** 
 3097              		.loc 1 1425 51 is_stmt 0 view .LVU911
 3098 005a 013B     		subs	r3, r3, #1
 3099              	.LVL234:
1425:Middlewares/Third_Party/FreeRTOS/Source/queue.c **** 
 3100              		.loc 1 1425 32 view .LVU912
 3101 005c A363     		str	r3, [r4, #56]
1429:Middlewares/Third_Party/FreeRTOS/Source/queue.c **** 					{
 3102              		.loc 1 1429 6 is_stmt 1 view .LVU913
1429:Middlewares/Third_Party/FreeRTOS/Source/queue.c **** 					{
 3103              		.loc 1 1429 17 is_stmt 0 view .LVU914
 3104 005e 2368     		ldr	r3, [r4]
 3105              	.LVL235:
1429:Middlewares/Third_Party/FreeRTOS/Source/queue.c **** 					{
 3106              		.loc 1 1429 8 view .LVU915
 3107 0060 3BB1     		cbz	r3, .L247
 3108              	.LVL236:
 3109              	.L229:
1437:Middlewares/Third_Party/FreeRTOS/Source/queue.c **** 					}
 3110              		.loc 1 1437 31 is_stmt 1 view .LVU916
1444:Middlewares/Third_Party/FreeRTOS/Source/queue.c **** 				{
 3111              		.loc 1 1444 5 view .LVU917
1444:Middlewares/Third_Party/FreeRTOS/Source/queue.c **** 				{
 3112              		.loc 1 1444 9 is_stmt 0 view .LVU918
 3113 0062 2369     		ldr	r3, [r4, #16]
1444:Middlewares/Third_Party/FreeRTOS/Source/queue.c **** 				{
 3114              		.loc 1 1444 7 view .LVU919
 3115 0064 4BB9     		cbnz	r3, .L248
 3116              	.L230:
1457:Middlewares/Third_Party/FreeRTOS/Source/queue.c **** 				}
 3117              		.loc 1 1457 30 is_stmt 1 view .LVU920
1460:Middlewares/Third_Party/FreeRTOS/Source/queue.c **** 				return pdPASS;
 3118              		.loc 1 1460 5 view .LVU921
 3119 0066 FFF7FEFF 		bl	vPortExitCritical
 3120              	.LVL237:
1461:Middlewares/Third_Party/FreeRTOS/Source/queue.c **** 			}
 3121              		.loc 1 1461 5 view .LVU922
1461:Middlewares/Third_Party/FreeRTOS/Source/queue.c **** 			}
 3122              		.loc 1 1461 12 is_stmt 0 view .LVU923
 3123 006a 0126     		movs	r6, #1
 3124              	.LVL238:
 3125              	.L220:
1461:Middlewares/Third_Party/FreeRTOS/Source/queue.c **** 			}
 3126              		.loc 1 1461 12 view .LVU924
 3127              	.LBE198:
1596:Middlewares/Third_Party/FreeRTOS/Source/queue.c **** /*-----------------------------------------------------------*/
 3128              		.loc 1 1596 1 view .LVU925
 3129 006c 3046     		mov	r0, r6
 3130 006e 04B0     		add	sp, sp, #16
 3131              	.LCFI41:
 3132              		.cfi_remember_state
 3133              		.cfi_def_cfa_offset 16
 3134              		@ sp needed
 3135 0070 70BD     		pop	{r4, r5, r6, pc}
ARM GAS  /tmp/cc8vE36X.s 			page 115


 3136              	.LVL239:
 3137              	.L247:
 3138              	.LCFI42:
 3139              		.cfi_restore_state
 3140              	.LBB201:
1433:Middlewares/Third_Party/FreeRTOS/Source/queue.c **** 					}
 3141              		.loc 1 1433 7 is_stmt 1 view .LVU926
1433:Middlewares/Third_Party/FreeRTOS/Source/queue.c **** 					}
 3142              		.loc 1 1433 45 is_stmt 0 view .LVU927
 3143 0072 FFF7FEFF 		bl	pvTaskIncrementMutexHeldCount
 3144              	.LVL240:
1433:Middlewares/Third_Party/FreeRTOS/Source/queue.c **** 					}
 3145              		.loc 1 1433 30 discriminator 1 view .LVU928
 3146 0076 6060     		str	r0, [r4, #4]
 3147 0078 F3E7     		b	.L229
 3148              	.L248:
1446:Middlewares/Third_Party/FreeRTOS/Source/queue.c **** 					{
 3149              		.loc 1 1446 6 is_stmt 1 view .LVU929
1446:Middlewares/Third_Party/FreeRTOS/Source/queue.c **** 					{
 3150              		.loc 1 1446 10 is_stmt 0 view .LVU930
 3151 007a 04F11000 		add	r0, r4, #16
 3152 007e FFF7FEFF 		bl	xTaskRemoveFromEventList
 3153              	.LVL241:
1446:Middlewares/Third_Party/FreeRTOS/Source/queue.c **** 					{
 3154              		.loc 1 1446 8 discriminator 1 view .LVU931
 3155 0082 0028     		cmp	r0, #0
 3156 0084 EFD0     		beq	.L230
1448:Middlewares/Third_Party/FreeRTOS/Source/queue.c **** 					}
 3157              		.loc 1 1448 7 is_stmt 1 view .LVU932
 3158 0086 4FF0E023 		mov	r3, #-536813568
 3159 008a 4FF08052 		mov	r2, #268435456
 3160 008e C3F8042D 		str	r2, [r3, #3332]
1448:Middlewares/Third_Party/FreeRTOS/Source/queue.c **** 					}
 3161              		.loc 1 1448 7 view .LVU933
 3162              		.syntax unified
 3163              	@ 1448 "Middlewares/Third_Party/FreeRTOS/Source/queue.c" 1
 3164 0092 BFF34F8F 		dsb
 3165              	@ 0 "" 2
1448:Middlewares/Third_Party/FreeRTOS/Source/queue.c **** 					}
 3166              		.loc 1 1448 7 view .LVU934
 3167              	@ 1448 "Middlewares/Third_Party/FreeRTOS/Source/queue.c" 1
 3168 0096 BFF36F8F 		isb
 3169              	@ 0 "" 2
1448:Middlewares/Third_Party/FreeRTOS/Source/queue.c **** 					}
 3170              		.loc 1 1448 39 view .LVU935
 3171              		.thumb
 3172              		.syntax unified
 3173 009a E4E7     		b	.L230
 3174              	.L251:
1472:Middlewares/Third_Party/FreeRTOS/Source/queue.c **** 					}
 3175              		.loc 1 1472 7 view .LVU936
 3176 009c 46B1     		cbz	r6, .L233
1472:Middlewares/Third_Party/FreeRTOS/Source/queue.c **** 					}
 3177              		.loc 1 1472 7 discriminator 1 view .LVU937
 3178              	.LBB199:
 3179              	.LBI199:
 191:Middlewares/Third_Party/FreeRTOS/Source/portable/GCC/ARM_CM4F/portmacro.h **** {
ARM GAS  /tmp/cc8vE36X.s 			page 116


 3180              		.loc 2 191 30 view .LVU938
 3181              	.LBB200:
 193:Middlewares/Third_Party/FreeRTOS/Source/portable/GCC/ARM_CM4F/portmacro.h **** 
 3182              		.loc 2 193 1 view .LVU939
 195:Middlewares/Third_Party/FreeRTOS/Source/portable/GCC/ARM_CM4F/portmacro.h **** 	(
 3183              		.loc 2 195 2 view .LVU940
 3184              		.syntax unified
 3185              	@ 195 "Middlewares/Third_Party/FreeRTOS/Source/portable/GCC/ARM_CM4F/portmacro.h" 1
 3186 009e 4FF05003 			mov r3, #80												
 3187 00a2 83F31188 		msr basepri, r3											
 3188 00a6 BFF36F8F 		isb														
 3189 00aa BFF34F8F 		dsb														
 3190              	
 3191              	@ 0 "" 2
 3192              		.thumb
 3193              		.syntax unified
 3194              	.L234:
 3195              	.LBE200:
 3196              	.LBE199:
1472:Middlewares/Third_Party/FreeRTOS/Source/queue.c **** 					}
 3197              		.loc 1 1472 7 discriminator 3 view .LVU941
1472:Middlewares/Third_Party/FreeRTOS/Source/queue.c **** 					}
 3198              		.loc 1 1472 7 discriminator 3 view .LVU942
 3199 00ae FEE7     		b	.L234
 3200              	.L233:
1472:Middlewares/Third_Party/FreeRTOS/Source/queue.c **** 					}
 3201              		.loc 1 1472 54 discriminator 2 view .LVU943
1478:Middlewares/Third_Party/FreeRTOS/Source/queue.c **** 					traceQUEUE_RECEIVE_FAILED( pxQueue );
 3202              		.loc 1 1478 6 view .LVU944
 3203 00b0 FFF7FEFF 		bl	vPortExitCritical
 3204              	.LVL242:
1479:Middlewares/Third_Party/FreeRTOS/Source/queue.c **** 					return errQUEUE_EMPTY;
 3205              		.loc 1 1479 42 view .LVU945
1480:Middlewares/Third_Party/FreeRTOS/Source/queue.c **** 				}
 3206              		.loc 1 1480 6 view .LVU946
1480:Middlewares/Third_Party/FreeRTOS/Source/queue.c **** 				}
 3207              		.loc 1 1480 13 is_stmt 0 view .LVU947
 3208 00b4 DAE7     		b	.L220
 3209              	.L252:
1486:Middlewares/Third_Party/FreeRTOS/Source/queue.c **** 					xEntryTimeSet = pdTRUE;
 3210              		.loc 1 1486 6 is_stmt 1 view .LVU948
 3211 00b6 02A8     		add	r0, sp, #8
 3212 00b8 FFF7FEFF 		bl	vTaskInternalSetTimeOutState
 3213              	.LVL243:
1487:Middlewares/Third_Party/FreeRTOS/Source/queue.c **** 				}
 3214              		.loc 1 1487 6 view .LVU949
1487:Middlewares/Third_Party/FreeRTOS/Source/queue.c **** 				}
 3215              		.loc 1 1487 20 is_stmt 0 view .LVU950
 3216 00bc 0125     		movs	r5, #1
 3217 00be 2AE0     		b	.L235
 3218              	.LVL244:
 3219              	.L253:
1487:Middlewares/Third_Party/FreeRTOS/Source/queue.c **** 				}
 3220              		.loc 1 1487 20 view .LVU951
 3221              	.LBE201:
1502:Middlewares/Third_Party/FreeRTOS/Source/queue.c **** 
 3222              		.loc 1 1502 3 is_stmt 1 discriminator 1 view .LVU952
ARM GAS  /tmp/cc8vE36X.s 			page 117


 3223 00c0 0023     		movs	r3, #0
 3224 00c2 84F84430 		strb	r3, [r4, #68]
 3225 00c6 32E0     		b	.L236
 3226              	.L254:
1502:Middlewares/Third_Party/FreeRTOS/Source/queue.c **** 
 3227              		.loc 1 1502 3 discriminator 4 view .LVU953
 3228 00c8 0023     		movs	r3, #0
 3229 00ca 84F84530 		strb	r3, [r4, #69]
 3230 00ce 34E0     		b	.L237
 3231              	.L255:
1519:Middlewares/Third_Party/FreeRTOS/Source/queue.c **** 						{
 3232              		.loc 1 1519 7 view .LVU954
 3233 00d0 FFF7FEFF 		bl	vPortEnterCritical
 3234              	.LVL245:
1521:Middlewares/Third_Party/FreeRTOS/Source/queue.c **** 						}
 3235              		.loc 1 1521 8 view .LVU955
1521:Middlewares/Third_Party/FreeRTOS/Source/queue.c **** 						}
 3236              		.loc 1 1521 31 is_stmt 0 view .LVU956
 3237 00d4 6068     		ldr	r0, [r4, #4]
 3238 00d6 FFF7FEFF 		bl	xTaskPriorityInherit
 3239              	.LVL246:
 3240 00da 0646     		mov	r6, r0
 3241              	.LVL247:
1523:Middlewares/Third_Party/FreeRTOS/Source/queue.c **** 					}
 3242              		.loc 1 1523 7 is_stmt 1 view .LVU957
 3243 00dc FFF7FEFF 		bl	vPortExitCritical
 3244              	.LVL248:
1523:Middlewares/Third_Party/FreeRTOS/Source/queue.c **** 					}
 3245              		.loc 1 1523 7 is_stmt 0 view .LVU958
 3246 00e0 3BE0     		b	.L240
 3247              	.L239:
1547:Middlewares/Third_Party/FreeRTOS/Source/queue.c **** 				( void ) xTaskResumeAll();
 3248              		.loc 1 1547 5 is_stmt 1 view .LVU959
 3249 00e2 2046     		mov	r0, r4
 3250 00e4 FFF7FEFF 		bl	prvUnlockQueue
 3251              	.LVL249:
1548:Middlewares/Third_Party/FreeRTOS/Source/queue.c **** 			}
 3252              		.loc 1 1548 5 view .LVU960
1548:Middlewares/Third_Party/FreeRTOS/Source/queue.c **** 			}
 3253              		.loc 1 1548 14 is_stmt 0 view .LVU961
 3254 00e8 FFF7FEFF 		bl	xTaskResumeAll
 3255              	.LVL250:
 3256 00ec 09E0     		b	.L227
 3257              	.L238:
1554:Middlewares/Third_Party/FreeRTOS/Source/queue.c **** 			( void ) xTaskResumeAll();
 3258              		.loc 1 1554 4 is_stmt 1 view .LVU962
 3259 00ee 2046     		mov	r0, r4
 3260 00f0 FFF7FEFF 		bl	prvUnlockQueue
 3261              	.LVL251:
1555:Middlewares/Third_Party/FreeRTOS/Source/queue.c **** 
 3262              		.loc 1 1555 4 view .LVU963
1555:Middlewares/Third_Party/FreeRTOS/Source/queue.c **** 
 3263              		.loc 1 1555 13 is_stmt 0 view .LVU964
 3264 00f4 FFF7FEFF 		bl	xTaskResumeAll
 3265              	.LVL252:
1561:Middlewares/Third_Party/FreeRTOS/Source/queue.c **** 			{
 3266              		.loc 1 1561 4 is_stmt 1 view .LVU965
ARM GAS  /tmp/cc8vE36X.s 			page 118


1561:Middlewares/Third_Party/FreeRTOS/Source/queue.c **** 			{
 3267              		.loc 1 1561 8 is_stmt 0 view .LVU966
 3268 00f8 2046     		mov	r0, r4
 3269 00fa FFF7FEFF 		bl	prvIsQueueEmpty
 3270              	.LVL253:
1561:Middlewares/Third_Party/FreeRTOS/Source/queue.c **** 			{
 3271              		.loc 1 1561 6 discriminator 1 view .LVU967
 3272 00fe 0028     		cmp	r0, #0
 3273 0100 42D1     		bne	.L249
 3274              	.LVL254:
 3275              	.L227:
1400:Middlewares/Third_Party/FreeRTOS/Source/queue.c **** 	}
 3276              		.loc 1 1400 104 is_stmt 1 discriminator 8 view .LVU968
1409:Middlewares/Third_Party/FreeRTOS/Source/queue.c **** 	{
 3277              		.loc 1 1409 2 view .LVU969
1411:Middlewares/Third_Party/FreeRTOS/Source/queue.c **** 		{
 3278              		.loc 1 1411 3 view .LVU970
 3279 0102 FFF7FEFF 		bl	vPortEnterCritical
 3280              	.LVL255:
 3281              	.LBB202:
1415:Middlewares/Third_Party/FreeRTOS/Source/queue.c **** 
 3282              		.loc 1 1415 4 view .LVU971
1415:Middlewares/Third_Party/FreeRTOS/Source/queue.c **** 
 3283              		.loc 1 1415 22 is_stmt 0 view .LVU972
 3284 0106 A36B     		ldr	r3, [r4, #56]
 3285              	.LVL256:
1419:Middlewares/Third_Party/FreeRTOS/Source/queue.c **** 			{
 3286              		.loc 1 1419 4 is_stmt 1 view .LVU973
1419:Middlewares/Third_Party/FreeRTOS/Source/queue.c **** 			{
 3287              		.loc 1 1419 6 is_stmt 0 view .LVU974
 3288 0108 002B     		cmp	r3, #0
 3289 010a A6D1     		bne	.L250
1465:Middlewares/Third_Party/FreeRTOS/Source/queue.c **** 				{
 3290              		.loc 1 1465 5 is_stmt 1 view .LVU975
1465:Middlewares/Third_Party/FreeRTOS/Source/queue.c **** 				{
 3291              		.loc 1 1465 22 is_stmt 0 view .LVU976
 3292 010c 019B     		ldr	r3, [sp, #4]
 3293              	.LVL257:
1465:Middlewares/Third_Party/FreeRTOS/Source/queue.c **** 				{
 3294              		.loc 1 1465 7 view .LVU977
 3295 010e 002B     		cmp	r3, #0
 3296 0110 C4D0     		beq	.L251
1482:Middlewares/Third_Party/FreeRTOS/Source/queue.c **** 				{
 3297              		.loc 1 1482 10 is_stmt 1 view .LVU978
1482:Middlewares/Third_Party/FreeRTOS/Source/queue.c **** 				{
 3298              		.loc 1 1482 12 is_stmt 0 view .LVU979
 3299 0112 002D     		cmp	r5, #0
 3300 0114 CFD0     		beq	.L252
 3301              	.LVL258:
 3302              	.L235:
1492:Middlewares/Third_Party/FreeRTOS/Source/queue.c **** 				}
 3303              		.loc 1 1492 30 is_stmt 1 view .LVU980
 3304              	.LBE202:
1496:Middlewares/Third_Party/FreeRTOS/Source/queue.c **** 
 3305              		.loc 1 1496 3 view .LVU981
 3306 0116 FFF7FEFF 		bl	vPortExitCritical
 3307              	.LVL259:
ARM GAS  /tmp/cc8vE36X.s 			page 119


1501:Middlewares/Third_Party/FreeRTOS/Source/queue.c **** 		prvLockQueue( pxQueue );
 3308              		.loc 1 1501 3 view .LVU982
 3309 011a FFF7FEFF 		bl	vTaskSuspendAll
 3310              	.LVL260:
1502:Middlewares/Third_Party/FreeRTOS/Source/queue.c **** 
 3311              		.loc 1 1502 3 view .LVU983
 3312 011e FFF7FEFF 		bl	vPortEnterCritical
 3313              	.LVL261:
1502:Middlewares/Third_Party/FreeRTOS/Source/queue.c **** 
 3314              		.loc 1 1502 3 discriminator 1 view .LVU984
 3315 0122 94F84430 		ldrb	r3, [r4, #68]	@ zero_extendqisi2
 3316 0126 5BB2     		sxtb	r3, r3
 3317 0128 B3F1FF3F 		cmp	r3, #-1
 3318 012c C8D0     		beq	.L253
 3319              	.L236:
1502:Middlewares/Third_Party/FreeRTOS/Source/queue.c **** 
 3320              		.loc 1 1502 3 discriminator 3 view .LVU985
 3321 012e 94F84530 		ldrb	r3, [r4, #69]	@ zero_extendqisi2
 3322 0132 5BB2     		sxtb	r3, r3
 3323 0134 B3F1FF3F 		cmp	r3, #-1
 3324 0138 C6D0     		beq	.L254
 3325              	.L237:
1502:Middlewares/Third_Party/FreeRTOS/Source/queue.c **** 
 3326              		.loc 1 1502 3 discriminator 6 view .LVU986
 3327 013a FFF7FEFF 		bl	vPortExitCritical
 3328              	.LVL262:
1505:Middlewares/Third_Party/FreeRTOS/Source/queue.c **** 		{
 3329              		.loc 1 1505 3 view .LVU987
1505:Middlewares/Third_Party/FreeRTOS/Source/queue.c **** 		{
 3330              		.loc 1 1505 7 is_stmt 0 view .LVU988
 3331 013e 01A9     		add	r1, sp, #4
 3332 0140 02A8     		add	r0, sp, #8
 3333 0142 FFF7FEFF 		bl	xTaskCheckForTimeOut
 3334              	.LVL263:
1505:Middlewares/Third_Party/FreeRTOS/Source/queue.c **** 		{
 3335              		.loc 1 1505 5 discriminator 1 view .LVU989
 3336 0146 0028     		cmp	r0, #0
 3337 0148 D1D1     		bne	.L238
1511:Middlewares/Third_Party/FreeRTOS/Source/queue.c **** 			{
 3338              		.loc 1 1511 4 is_stmt 1 view .LVU990
1511:Middlewares/Third_Party/FreeRTOS/Source/queue.c **** 			{
 3339              		.loc 1 1511 8 is_stmt 0 view .LVU991
 3340 014a 2046     		mov	r0, r4
 3341 014c FFF7FEFF 		bl	prvIsQueueEmpty
 3342              	.LVL264:
1511:Middlewares/Third_Party/FreeRTOS/Source/queue.c **** 			{
 3343              		.loc 1 1511 6 discriminator 1 view .LVU992
 3344 0150 0028     		cmp	r0, #0
 3345 0152 C6D0     		beq	.L239
1513:Middlewares/Third_Party/FreeRTOS/Source/queue.c **** 
 3346              		.loc 1 1513 46 is_stmt 1 view .LVU993
1517:Middlewares/Third_Party/FreeRTOS/Source/queue.c **** 					{
 3347              		.loc 1 1517 6 view .LVU994
1517:Middlewares/Third_Party/FreeRTOS/Source/queue.c **** 					{
 3348              		.loc 1 1517 17 is_stmt 0 view .LVU995
 3349 0154 2368     		ldr	r3, [r4]
1517:Middlewares/Third_Party/FreeRTOS/Source/queue.c **** 					{
ARM GAS  /tmp/cc8vE36X.s 			page 120


 3350              		.loc 1 1517 8 view .LVU996
 3351 0156 002B     		cmp	r3, #0
 3352 0158 BAD0     		beq	.L255
 3353              	.L240:
1527:Middlewares/Third_Party/FreeRTOS/Source/queue.c **** 					}
 3354              		.loc 1 1527 31 is_stmt 1 view .LVU997
1532:Middlewares/Third_Party/FreeRTOS/Source/queue.c **** 				prvUnlockQueue( pxQueue );
 3355              		.loc 1 1532 5 view .LVU998
 3356 015a 0199     		ldr	r1, [sp, #4]
 3357 015c 04F12400 		add	r0, r4, #36
 3358 0160 FFF7FEFF 		bl	vTaskPlaceOnEventList
 3359              	.LVL265:
1533:Middlewares/Third_Party/FreeRTOS/Source/queue.c **** 				if( xTaskResumeAll() == pdFALSE )
 3360              		.loc 1 1533 5 view .LVU999
 3361 0164 2046     		mov	r0, r4
 3362 0166 FFF7FEFF 		bl	prvUnlockQueue
 3363              	.LVL266:
1534:Middlewares/Third_Party/FreeRTOS/Source/queue.c **** 				{
 3364              		.loc 1 1534 5 view .LVU1000
1534:Middlewares/Third_Party/FreeRTOS/Source/queue.c **** 				{
 3365              		.loc 1 1534 9 is_stmt 0 view .LVU1001
 3366 016a FFF7FEFF 		bl	xTaskResumeAll
 3367              	.LVL267:
1534:Middlewares/Third_Party/FreeRTOS/Source/queue.c **** 				{
 3368              		.loc 1 1534 7 discriminator 1 view .LVU1002
 3369 016e 0028     		cmp	r0, #0
 3370 0170 C7D1     		bne	.L227
1536:Middlewares/Third_Party/FreeRTOS/Source/queue.c **** 				}
 3371              		.loc 1 1536 6 is_stmt 1 view .LVU1003
 3372 0172 4FF0E023 		mov	r3, #-536813568
 3373 0176 4FF08052 		mov	r2, #268435456
 3374 017a C3F8042D 		str	r2, [r3, #3332]
1536:Middlewares/Third_Party/FreeRTOS/Source/queue.c **** 				}
 3375              		.loc 1 1536 6 view .LVU1004
 3376              		.syntax unified
 3377              	@ 1536 "Middlewares/Third_Party/FreeRTOS/Source/queue.c" 1
 3378 017e BFF34F8F 		dsb
 3379              	@ 0 "" 2
1536:Middlewares/Third_Party/FreeRTOS/Source/queue.c **** 				}
 3380              		.loc 1 1536 6 view .LVU1005
 3381              	@ 1536 "Middlewares/Third_Party/FreeRTOS/Source/queue.c" 1
 3382 0182 BFF36F8F 		isb
 3383              	@ 0 "" 2
1536:Middlewares/Third_Party/FreeRTOS/Source/queue.c **** 				}
 3384              		.loc 1 1536 28 view .LVU1006
 3385              		.thumb
 3386              		.syntax unified
 3387 0186 BCE7     		b	.L227
 3388              	.L249:
1568:Middlewares/Third_Party/FreeRTOS/Source/queue.c **** 					{
 3389              		.loc 1 1568 6 view .LVU1007
1568:Middlewares/Third_Party/FreeRTOS/Source/queue.c **** 					{
 3390              		.loc 1 1568 8 is_stmt 0 view .LVU1008
 3391 0188 0EB9     		cbnz	r6, .L256
 3392              	.L242:
1587:Middlewares/Third_Party/FreeRTOS/Source/queue.c **** 				return errQUEUE_EMPTY;
 3393              		.loc 1 1587 41 is_stmt 1 view .LVU1009
ARM GAS  /tmp/cc8vE36X.s 			page 121


1588:Middlewares/Third_Party/FreeRTOS/Source/queue.c **** 			}
 3394              		.loc 1 1588 5 view .LVU1010
1588:Middlewares/Third_Party/FreeRTOS/Source/queue.c **** 			}
 3395              		.loc 1 1588 12 is_stmt 0 view .LVU1011
 3396 018a 0026     		movs	r6, #0
 3397              	.LVL268:
1588:Middlewares/Third_Party/FreeRTOS/Source/queue.c **** 			}
 3398              		.loc 1 1588 12 view .LVU1012
 3399 018c 6EE7     		b	.L220
 3400              	.LVL269:
 3401              	.L256:
1570:Middlewares/Third_Party/FreeRTOS/Source/queue.c **** 						{
 3402              		.loc 1 1570 7 is_stmt 1 view .LVU1013
 3403 018e FFF7FEFF 		bl	vPortEnterCritical
 3404              	.LVL270:
 3405              	.LBB203:
1572:Middlewares/Third_Party/FreeRTOS/Source/queue.c **** 
 3406              		.loc 1 1572 8 view .LVU1014
1579:Middlewares/Third_Party/FreeRTOS/Source/queue.c **** 							vTaskPriorityDisinheritAfterTimeout( ( void * ) pxQueue->pxMutexHolder, uxHighestWaitingPrio
 3407              		.loc 1 1579 8 view .LVU1015
1579:Middlewares/Third_Party/FreeRTOS/Source/queue.c **** 							vTaskPriorityDisinheritAfterTimeout( ( void * ) pxQueue->pxMutexHolder, uxHighestWaitingPrio
 3408              		.loc 1 1579 35 is_stmt 0 view .LVU1016
 3409 0192 2046     		mov	r0, r4
 3410 0194 FFF7FEFF 		bl	prvGetDisinheritPriorityAfterTimeout
 3411              	.LVL271:
 3412 0198 0146     		mov	r1, r0
 3413              	.LVL272:
1580:Middlewares/Third_Party/FreeRTOS/Source/queue.c **** 						}
 3414              		.loc 1 1580 8 is_stmt 1 view .LVU1017
 3415 019a 6068     		ldr	r0, [r4, #4]
 3416              	.LVL273:
1580:Middlewares/Third_Party/FreeRTOS/Source/queue.c **** 						}
 3417              		.loc 1 1580 8 is_stmt 0 view .LVU1018
 3418 019c FFF7FEFF 		bl	vTaskPriorityDisinheritAfterTimeout
 3419              	.LVL274:
1580:Middlewares/Third_Party/FreeRTOS/Source/queue.c **** 						}
 3420              		.loc 1 1580 8 view .LVU1019
 3421              	.LBE203:
1582:Middlewares/Third_Party/FreeRTOS/Source/queue.c **** 					}
 3422              		.loc 1 1582 7 is_stmt 1 view .LVU1020
 3423 01a0 FFF7FEFF 		bl	vPortExitCritical
 3424              	.LVL275:
 3425 01a4 F1E7     		b	.L242
 3426              		.cfi_endproc
 3427              	.LFE21:
 3429              		.section	.text.xQueueTakeMutexRecursive,"ax",%progbits
 3430              		.align	1
 3431              		.global	xQueueTakeMutexRecursive
 3432              		.syntax unified
 3433              		.thumb
 3434              		.thumb_func
 3436              	xQueueTakeMutexRecursive:
 3437              	.LVL276:
 3438              	.LFB14:
 630:Middlewares/Third_Party/FreeRTOS/Source/queue.c **** 	BaseType_t xReturn;
 3439              		.loc 1 630 2 view -0
 3440              		.cfi_startproc
ARM GAS  /tmp/cc8vE36X.s 			page 122


 3441              		@ args = 0, pretend = 0, frame = 0
 3442              		@ frame_needed = 0, uses_anonymous_args = 0
 631:Middlewares/Third_Party/FreeRTOS/Source/queue.c **** 	Queue_t * const pxMutex = ( Queue_t * ) xMutex;
 3443              		.loc 1 631 2 view .LVU1022
 632:Middlewares/Third_Party/FreeRTOS/Source/queue.c **** 
 3444              		.loc 1 632 2 view .LVU1023
 634:Middlewares/Third_Party/FreeRTOS/Source/queue.c **** 
 3445              		.loc 1 634 3 view .LVU1024
 3446 0000 80B1     		cbz	r0, .L264
 630:Middlewares/Third_Party/FreeRTOS/Source/queue.c **** 	BaseType_t xReturn;
 3447              		.loc 1 630 2 is_stmt 0 view .LVU1025
 3448 0002 70B5     		push	{r4, r5, r6, lr}
 3449              	.LCFI43:
 3450              		.cfi_def_cfa_offset 16
 3451              		.cfi_offset 4, -16
 3452              		.cfi_offset 5, -12
 3453              		.cfi_offset 6, -8
 3454              		.cfi_offset 14, -4
 3455 0004 0C46     		mov	r4, r1
 3456 0006 0546     		mov	r5, r0
 634:Middlewares/Third_Party/FreeRTOS/Source/queue.c **** 
 3457              		.loc 1 634 26 is_stmt 1 discriminator 2 view .LVU1026
 639:Middlewares/Third_Party/FreeRTOS/Source/queue.c **** 
 3458              		.loc 1 639 39 view .LVU1027
 641:Middlewares/Third_Party/FreeRTOS/Source/queue.c **** 		{
 3459              		.loc 1 641 3 view .LVU1028
 641:Middlewares/Third_Party/FreeRTOS/Source/queue.c **** 		{
 3460              		.loc 1 641 14 is_stmt 0 view .LVU1029
 3461 0008 4668     		ldr	r6, [r0, #4]
 641:Middlewares/Third_Party/FreeRTOS/Source/queue.c **** 		{
 3462              		.loc 1 641 44 view .LVU1030
 3463 000a FFF7FEFF 		bl	xTaskGetCurrentTaskHandle
 3464              	.LVL277:
 641:Middlewares/Third_Party/FreeRTOS/Source/queue.c **** 		{
 3465              		.loc 1 641 5 discriminator 1 view .LVU1031
 3466 000e 8642     		cmp	r6, r0
 3467 0010 11D0     		beq	.L265
 648:Middlewares/Third_Party/FreeRTOS/Source/queue.c **** 
 3468              		.loc 1 648 4 is_stmt 1 view .LVU1032
 648:Middlewares/Third_Party/FreeRTOS/Source/queue.c **** 
 3469              		.loc 1 648 14 is_stmt 0 view .LVU1033
 3470 0012 2146     		mov	r1, r4
 3471 0014 2846     		mov	r0, r5
 3472 0016 FFF7FEFF 		bl	xQueueSemaphoreTake
 3473              	.LVL278:
 653:Middlewares/Third_Party/FreeRTOS/Source/queue.c **** 			{
 3474              		.loc 1 653 4 is_stmt 1 view .LVU1034
 653:Middlewares/Third_Party/FreeRTOS/Source/queue.c **** 			{
 3475              		.loc 1 653 6 is_stmt 0 view .LVU1035
 3476 001a 80B1     		cbz	r0, .L257
 655:Middlewares/Third_Party/FreeRTOS/Source/queue.c **** 			}
 3477              		.loc 1 655 5 is_stmt 1 view .LVU1036
 655:Middlewares/Third_Party/FreeRTOS/Source/queue.c **** 			}
 3478              		.loc 1 655 17 is_stmt 0 view .LVU1037
 3479 001c EB68     		ldr	r3, [r5, #12]
 655:Middlewares/Third_Party/FreeRTOS/Source/queue.c **** 			}
 3480              		.loc 1 655 40 view .LVU1038
ARM GAS  /tmp/cc8vE36X.s 			page 123


 3481 001e 0133     		adds	r3, r3, #1
 3482 0020 EB60     		str	r3, [r5, #12]
 659:Middlewares/Third_Party/FreeRTOS/Source/queue.c **** 			}
 3483              		.loc 1 659 48 is_stmt 1 view .LVU1039
 663:Middlewares/Third_Party/FreeRTOS/Source/queue.c **** 	}
 3484              		.loc 1 663 3 view .LVU1040
 663:Middlewares/Third_Party/FreeRTOS/Source/queue.c **** 	}
 3485              		.loc 1 663 10 is_stmt 0 view .LVU1041
 3486 0022 0CE0     		b	.L257
 3487              	.LVL279:
 3488              	.L264:
 3489              	.LCFI44:
 3490              		.cfi_def_cfa_offset 0
 3491              		.cfi_restore 4
 3492              		.cfi_restore 5
 3493              		.cfi_restore 6
 3494              		.cfi_restore 14
 634:Middlewares/Third_Party/FreeRTOS/Source/queue.c **** 
 3495              		.loc 1 634 3 is_stmt 1 discriminator 1 view .LVU1042
 3496              	.LBB204:
 3497              	.LBI204:
 191:Middlewares/Third_Party/FreeRTOS/Source/portable/GCC/ARM_CM4F/portmacro.h **** {
 3498              		.loc 2 191 30 view .LVU1043
 3499              	.LBB205:
 193:Middlewares/Third_Party/FreeRTOS/Source/portable/GCC/ARM_CM4F/portmacro.h **** 
 3500              		.loc 2 193 1 view .LVU1044
 195:Middlewares/Third_Party/FreeRTOS/Source/portable/GCC/ARM_CM4F/portmacro.h **** 	(
 3501              		.loc 2 195 2 view .LVU1045
 3502              		.syntax unified
 3503              	@ 195 "Middlewares/Third_Party/FreeRTOS/Source/portable/GCC/ARM_CM4F/portmacro.h" 1
 3504 0024 4FF05003 			mov r3, #80												
 3505 0028 83F31188 		msr basepri, r3											
 3506 002c BFF36F8F 		isb														
 3507 0030 BFF34F8F 		dsb														
 3508              	
 3509              	@ 0 "" 2
 3510              		.thumb
 3511              		.syntax unified
 3512              	.L259:
 3513              	.LBE205:
 3514              	.LBE204:
 634:Middlewares/Third_Party/FreeRTOS/Source/queue.c **** 
 3515              		.loc 1 634 3 discriminator 3 view .LVU1046
 634:Middlewares/Third_Party/FreeRTOS/Source/queue.c **** 
 3516              		.loc 1 634 3 discriminator 3 view .LVU1047
 3517 0034 FEE7     		b	.L259
 3518              	.LVL280:
 3519              	.L265:
 3520              	.LCFI45:
 3521              		.cfi_def_cfa_offset 16
 3522              		.cfi_offset 4, -16
 3523              		.cfi_offset 5, -12
 3524              		.cfi_offset 6, -8
 3525              		.cfi_offset 14, -4
 643:Middlewares/Third_Party/FreeRTOS/Source/queue.c **** 			xReturn = pdPASS;
 3526              		.loc 1 643 4 view .LVU1048
 643:Middlewares/Third_Party/FreeRTOS/Source/queue.c **** 			xReturn = pdPASS;
ARM GAS  /tmp/cc8vE36X.s 			page 124


 3527              		.loc 1 643 16 is_stmt 0 view .LVU1049
 3528 0036 EB68     		ldr	r3, [r5, #12]
 643:Middlewares/Third_Party/FreeRTOS/Source/queue.c **** 			xReturn = pdPASS;
 3529              		.loc 1 643 39 view .LVU1050
 3530 0038 0133     		adds	r3, r3, #1
 3531 003a EB60     		str	r3, [r5, #12]
 644:Middlewares/Third_Party/FreeRTOS/Source/queue.c **** 		}
 3532              		.loc 1 644 4 is_stmt 1 view .LVU1051
 3533              	.LVL281:
 644:Middlewares/Third_Party/FreeRTOS/Source/queue.c **** 		}
 3534              		.loc 1 644 12 is_stmt 0 view .LVU1052
 3535 003c 0120     		movs	r0, #1
 3536              	.LVL282:
 3537              	.L257:
 664:Middlewares/Third_Party/FreeRTOS/Source/queue.c **** 
 3538              		.loc 1 664 2 view .LVU1053
 3539 003e 70BD     		pop	{r4, r5, r6, pc}
 664:Middlewares/Third_Party/FreeRTOS/Source/queue.c **** 
 3540              		.loc 1 664 2 view .LVU1054
 3541              		.cfi_endproc
 3542              	.LFE14:
 3544              		.section	.text.xQueuePeek,"ax",%progbits
 3545              		.align	1
 3546              		.global	xQueuePeek
 3547              		.syntax unified
 3548              		.thumb
 3549              		.thumb_func
 3551              	xQueuePeek:
 3552              	.LVL283:
 3553              	.LFB22:
1600:Middlewares/Third_Party/FreeRTOS/Source/queue.c **** BaseType_t xEntryTimeSet = pdFALSE;
 3554              		.loc 1 1600 1 is_stmt 1 view -0
 3555              		.cfi_startproc
 3556              		@ args = 0, pretend = 0, frame = 16
 3557              		@ frame_needed = 0, uses_anonymous_args = 0
1600:Middlewares/Third_Party/FreeRTOS/Source/queue.c **** BaseType_t xEntryTimeSet = pdFALSE;
 3558              		.loc 1 1600 1 is_stmt 0 view .LVU1056
 3559 0000 70B5     		push	{r4, r5, r6, lr}
 3560              	.LCFI46:
 3561              		.cfi_def_cfa_offset 16
 3562              		.cfi_offset 4, -16
 3563              		.cfi_offset 5, -12
 3564              		.cfi_offset 6, -8
 3565              		.cfi_offset 14, -4
 3566 0002 84B0     		sub	sp, sp, #16
 3567              	.LCFI47:
 3568              		.cfi_def_cfa_offset 32
 3569 0004 0192     		str	r2, [sp, #4]
1601:Middlewares/Third_Party/FreeRTOS/Source/queue.c **** TimeOut_t xTimeOut;
 3570              		.loc 1 1601 1 is_stmt 1 view .LVU1057
 3571              	.LVL284:
1602:Middlewares/Third_Party/FreeRTOS/Source/queue.c **** int8_t *pcOriginalReadPosition;
 3572              		.loc 1 1602 1 view .LVU1058
1603:Middlewares/Third_Party/FreeRTOS/Source/queue.c **** Queue_t * const pxQueue = ( Queue_t * ) xQueue;
 3573              		.loc 1 1603 1 view .LVU1059
1604:Middlewares/Third_Party/FreeRTOS/Source/queue.c **** 
 3574              		.loc 1 1604 1 view .LVU1060
ARM GAS  /tmp/cc8vE36X.s 			page 125


1607:Middlewares/Third_Party/FreeRTOS/Source/queue.c **** 
 3575              		.loc 1 1607 2 view .LVU1061
 3576 0006 90B1     		cbz	r0, .L286
 3577 0008 0E46     		mov	r6, r1
 3578 000a 0446     		mov	r4, r0
1607:Middlewares/Third_Party/FreeRTOS/Source/queue.c **** 
 3579              		.loc 1 1607 29 discriminator 2 view .LVU1062
1611:Middlewares/Third_Party/FreeRTOS/Source/queue.c **** 
 3580              		.loc 1 1611 2 view .LVU1063
 3581 000c C1B1     		cbz	r1, .L287
 3582              	.L269:
1611:Middlewares/Third_Party/FreeRTOS/Source/queue.c **** 
 3583              		.loc 1 1611 100 discriminator 8 view .LVU1064
1616:Middlewares/Third_Party/FreeRTOS/Source/queue.c **** 	}
 3584              		.loc 1 1616 3 view .LVU1065
 3585 000e FFF7FEFF 		bl	xTaskGetSchedulerState
 3586              	.LVL285:
1616:Middlewares/Third_Party/FreeRTOS/Source/queue.c **** 	}
 3587              		.loc 1 1616 3 is_stmt 0 discriminator 1 view .LVU1066
 3588 0012 0546     		mov	r5, r0
 3589 0014 00BB     		cbnz	r0, .L284
1616:Middlewares/Third_Party/FreeRTOS/Source/queue.c **** 	}
 3590              		.loc 1 1616 3 discriminator 2 view .LVU1067
 3591 0016 019B     		ldr	r3, [sp, #4]
 3592 0018 002B     		cmp	r3, #0
 3593 001a 5ED0     		beq	.L273
1616:Middlewares/Third_Party/FreeRTOS/Source/queue.c **** 	}
 3594              		.loc 1 1616 3 is_stmt 1 discriminator 7 view .LVU1068
 3595              	.LBB206:
 3596              	.LBI206:
 191:Middlewares/Third_Party/FreeRTOS/Source/portable/GCC/ARM_CM4F/portmacro.h **** {
 3597              		.loc 2 191 30 view .LVU1069
 3598              	.LBB207:
 193:Middlewares/Third_Party/FreeRTOS/Source/portable/GCC/ARM_CM4F/portmacro.h **** 
 3599              		.loc 2 193 1 view .LVU1070
 195:Middlewares/Third_Party/FreeRTOS/Source/portable/GCC/ARM_CM4F/portmacro.h **** 	(
 3600              		.loc 2 195 2 view .LVU1071
 3601              		.syntax unified
 3602              	@ 195 "Middlewares/Third_Party/FreeRTOS/Source/portable/GCC/ARM_CM4F/portmacro.h" 1
 3603 001c 4FF05003 			mov r3, #80												
 3604 0020 83F31188 		msr basepri, r3											
 3605 0024 BFF36F8F 		isb														
 3606 0028 BFF34F8F 		dsb														
 3607              	
 3608              	@ 0 "" 2
 3609              		.thumb
 3610              		.syntax unified
 3611              	.L272:
 3612              	.LBE207:
 3613              	.LBE206:
1616:Middlewares/Third_Party/FreeRTOS/Source/queue.c **** 	}
 3614              		.loc 1 1616 3 discriminator 9 view .LVU1072
1616:Middlewares/Third_Party/FreeRTOS/Source/queue.c **** 	}
 3615              		.loc 1 1616 3 discriminator 9 view .LVU1073
 3616 002c FEE7     		b	.L272
 3617              	.LVL286:
 3618              	.L286:
ARM GAS  /tmp/cc8vE36X.s 			page 126


1607:Middlewares/Third_Party/FreeRTOS/Source/queue.c **** 
 3619              		.loc 1 1607 2 discriminator 1 view .LVU1074
 3620              	.LBB208:
 3621              	.LBI208:
 191:Middlewares/Third_Party/FreeRTOS/Source/portable/GCC/ARM_CM4F/portmacro.h **** {
 3622              		.loc 2 191 30 view .LVU1075
 3623              	.LBB209:
 193:Middlewares/Third_Party/FreeRTOS/Source/portable/GCC/ARM_CM4F/portmacro.h **** 
 3624              		.loc 2 193 1 view .LVU1076
 195:Middlewares/Third_Party/FreeRTOS/Source/portable/GCC/ARM_CM4F/portmacro.h **** 	(
 3625              		.loc 2 195 2 view .LVU1077
 3626              		.syntax unified
 3627              	@ 195 "Middlewares/Third_Party/FreeRTOS/Source/portable/GCC/ARM_CM4F/portmacro.h" 1
 3628 002e 4FF05003 			mov r3, #80												
 3629 0032 83F31188 		msr basepri, r3											
 3630 0036 BFF36F8F 		isb														
 3631 003a BFF34F8F 		dsb														
 3632              	
 3633              	@ 0 "" 2
 3634              		.thumb
 3635              		.syntax unified
 3636              	.L268:
 3637              	.LBE209:
 3638              	.LBE208:
1607:Middlewares/Third_Party/FreeRTOS/Source/queue.c **** 
 3639              		.loc 1 1607 2 discriminator 3 view .LVU1078
1607:Middlewares/Third_Party/FreeRTOS/Source/queue.c **** 
 3640              		.loc 1 1607 2 discriminator 3 view .LVU1079
 3641 003e FEE7     		b	.L268
 3642              	.L287:
1611:Middlewares/Third_Party/FreeRTOS/Source/queue.c **** 
 3643              		.loc 1 1611 2 is_stmt 0 discriminator 2 view .LVU1080
 3644 0040 036C     		ldr	r3, [r0, #64]
 3645 0042 002B     		cmp	r3, #0
 3646 0044 E3D0     		beq	.L269
1611:Middlewares/Third_Party/FreeRTOS/Source/queue.c **** 
 3647              		.loc 1 1611 2 is_stmt 1 discriminator 7 view .LVU1081
 3648              	.LBB210:
 3649              	.LBI210:
 191:Middlewares/Third_Party/FreeRTOS/Source/portable/GCC/ARM_CM4F/portmacro.h **** {
 3650              		.loc 2 191 30 view .LVU1082
 3651              	.LBB211:
 193:Middlewares/Third_Party/FreeRTOS/Source/portable/GCC/ARM_CM4F/portmacro.h **** 
 3652              		.loc 2 193 1 view .LVU1083
 195:Middlewares/Third_Party/FreeRTOS/Source/portable/GCC/ARM_CM4F/portmacro.h **** 	(
 3653              		.loc 2 195 2 view .LVU1084
 3654              		.syntax unified
 3655              	@ 195 "Middlewares/Third_Party/FreeRTOS/Source/portable/GCC/ARM_CM4F/portmacro.h" 1
 3656 0046 4FF05003 			mov r3, #80												
 3657 004a 83F31188 		msr basepri, r3											
 3658 004e BFF36F8F 		isb														
 3659 0052 BFF34F8F 		dsb														
 3660              	
 3661              	@ 0 "" 2
 3662              		.thumb
 3663              		.syntax unified
 3664              	.L270:
ARM GAS  /tmp/cc8vE36X.s 			page 127


 3665              	.LBE211:
 3666              	.LBE210:
1611:Middlewares/Third_Party/FreeRTOS/Source/queue.c **** 
 3667              		.loc 1 1611 2 discriminator 9 view .LVU1085
1611:Middlewares/Third_Party/FreeRTOS/Source/queue.c **** 
 3668              		.loc 1 1611 2 discriminator 9 view .LVU1086
 3669 0056 FEE7     		b	.L270
 3670              	.LVL287:
 3671              	.L284:
1611:Middlewares/Third_Party/FreeRTOS/Source/queue.c **** 
 3672              		.loc 1 1611 2 is_stmt 0 discriminator 9 view .LVU1087
 3673 0058 0025     		movs	r5, #0
 3674 005a 3EE0     		b	.L273
 3675              	.LVL288:
 3676              	.L290:
 3677              	.LBB212:
1638:Middlewares/Third_Party/FreeRTOS/Source/queue.c **** 
 3678              		.loc 1 1638 5 is_stmt 1 view .LVU1088
1638:Middlewares/Third_Party/FreeRTOS/Source/queue.c **** 
 3679              		.loc 1 1638 28 is_stmt 0 view .LVU1089
 3680 005c E568     		ldr	r5, [r4, #12]
 3681              	.LVL289:
1640:Middlewares/Third_Party/FreeRTOS/Source/queue.c **** 				traceQUEUE_PEEK( pxQueue );
 3682              		.loc 1 1640 5 is_stmt 1 view .LVU1090
 3683 005e 3146     		mov	r1, r6
 3684 0060 2046     		mov	r0, r4
 3685 0062 FFF7FEFF 		bl	prvCopyDataFromQueue
 3686              	.LVL290:
1641:Middlewares/Third_Party/FreeRTOS/Source/queue.c **** 
 3687              		.loc 1 1641 31 view .LVU1091
1644:Middlewares/Third_Party/FreeRTOS/Source/queue.c **** 
 3688              		.loc 1 1644 5 view .LVU1092
1644:Middlewares/Third_Party/FreeRTOS/Source/queue.c **** 
 3689              		.loc 1 1644 27 is_stmt 0 view .LVU1093
 3690 0066 E560     		str	r5, [r4, #12]
1648:Middlewares/Third_Party/FreeRTOS/Source/queue.c **** 				{
 3691              		.loc 1 1648 5 is_stmt 1 view .LVU1094
1648:Middlewares/Third_Party/FreeRTOS/Source/queue.c **** 				{
 3692              		.loc 1 1648 9 is_stmt 0 view .LVU1095
 3693 0068 636A     		ldr	r3, [r4, #36]
1648:Middlewares/Third_Party/FreeRTOS/Source/queue.c **** 				{
 3694              		.loc 1 1648 7 view .LVU1096
 3695 006a 23B9     		cbnz	r3, .L288
 3696              	.L275:
1662:Middlewares/Third_Party/FreeRTOS/Source/queue.c **** 				}
 3697              		.loc 1 1662 30 is_stmt 1 view .LVU1097
1665:Middlewares/Third_Party/FreeRTOS/Source/queue.c **** 				return pdPASS;
 3698              		.loc 1 1665 5 view .LVU1098
 3699 006c FFF7FEFF 		bl	vPortExitCritical
 3700              	.LVL291:
1666:Middlewares/Third_Party/FreeRTOS/Source/queue.c **** 			}
 3701              		.loc 1 1666 5 view .LVU1099
1666:Middlewares/Third_Party/FreeRTOS/Source/queue.c **** 			}
 3702              		.loc 1 1666 12 is_stmt 0 view .LVU1100
 3703 0070 0120     		movs	r0, #1
 3704              	.LVL292:
 3705              	.L266:
ARM GAS  /tmp/cc8vE36X.s 			page 128


1666:Middlewares/Third_Party/FreeRTOS/Source/queue.c **** 			}
 3706              		.loc 1 1666 12 view .LVU1101
 3707              	.LBE212:
1746:Middlewares/Third_Party/FreeRTOS/Source/queue.c **** /*-----------------------------------------------------------*/
 3708              		.loc 1 1746 1 view .LVU1102
 3709 0072 04B0     		add	sp, sp, #16
 3710              	.LCFI48:
 3711              		.cfi_remember_state
 3712              		.cfi_def_cfa_offset 16
 3713              		@ sp needed
 3714 0074 70BD     		pop	{r4, r5, r6, pc}
 3715              	.LVL293:
 3716              	.L288:
 3717              	.LCFI49:
 3718              		.cfi_restore_state
 3719              	.LBB213:
1650:Middlewares/Third_Party/FreeRTOS/Source/queue.c **** 					{
 3720              		.loc 1 1650 6 is_stmt 1 view .LVU1103
1650:Middlewares/Third_Party/FreeRTOS/Source/queue.c **** 					{
 3721              		.loc 1 1650 10 is_stmt 0 view .LVU1104
 3722 0076 04F12400 		add	r0, r4, #36
 3723 007a FFF7FEFF 		bl	xTaskRemoveFromEventList
 3724              	.LVL294:
1650:Middlewares/Third_Party/FreeRTOS/Source/queue.c **** 					{
 3725              		.loc 1 1650 8 discriminator 1 view .LVU1105
 3726 007e 0028     		cmp	r0, #0
 3727 0080 F4D0     		beq	.L275
1653:Middlewares/Third_Party/FreeRTOS/Source/queue.c **** 					}
 3728              		.loc 1 1653 7 is_stmt 1 view .LVU1106
 3729 0082 4FF0E023 		mov	r3, #-536813568
 3730 0086 4FF08052 		mov	r2, #268435456
 3731 008a C3F8042D 		str	r2, [r3, #3332]
1653:Middlewares/Third_Party/FreeRTOS/Source/queue.c **** 					}
 3732              		.loc 1 1653 7 view .LVU1107
 3733              		.syntax unified
 3734              	@ 1653 "Middlewares/Third_Party/FreeRTOS/Source/queue.c" 1
 3735 008e BFF34F8F 		dsb
 3736              	@ 0 "" 2
1653:Middlewares/Third_Party/FreeRTOS/Source/queue.c **** 					}
 3737              		.loc 1 1653 7 view .LVU1108
 3738              	@ 1653 "Middlewares/Third_Party/FreeRTOS/Source/queue.c" 1
 3739 0092 BFF36F8F 		isb
 3740              	@ 0 "" 2
1653:Middlewares/Third_Party/FreeRTOS/Source/queue.c **** 					}
 3741              		.loc 1 1653 39 view .LVU1109
 3742              		.thumb
 3743              		.syntax unified
 3744 0096 E9E7     		b	.L275
 3745              	.LVL295:
 3746              	.L291:
1674:Middlewares/Third_Party/FreeRTOS/Source/queue.c **** 					traceQUEUE_PEEK_FAILED( pxQueue );
 3747              		.loc 1 1674 6 view .LVU1110
 3748 0098 FFF7FEFF 		bl	vPortExitCritical
 3749              	.LVL296:
1675:Middlewares/Third_Party/FreeRTOS/Source/queue.c **** 					return errQUEUE_EMPTY;
 3750              		.loc 1 1675 39 view .LVU1111
1676:Middlewares/Third_Party/FreeRTOS/Source/queue.c **** 				}
ARM GAS  /tmp/cc8vE36X.s 			page 129


 3751              		.loc 1 1676 6 view .LVU1112
1676:Middlewares/Third_Party/FreeRTOS/Source/queue.c **** 				}
 3752              		.loc 1 1676 13 is_stmt 0 view .LVU1113
 3753 009c 0020     		movs	r0, #0
 3754 009e E8E7     		b	.L266
 3755              	.L292:
1683:Middlewares/Third_Party/FreeRTOS/Source/queue.c **** 					xEntryTimeSet = pdTRUE;
 3756              		.loc 1 1683 6 is_stmt 1 view .LVU1114
 3757 00a0 02A8     		add	r0, sp, #8
 3758 00a2 FFF7FEFF 		bl	vTaskInternalSetTimeOutState
 3759              	.LVL297:
1684:Middlewares/Third_Party/FreeRTOS/Source/queue.c **** 				}
 3760              		.loc 1 1684 6 view .LVU1115
1684:Middlewares/Third_Party/FreeRTOS/Source/queue.c **** 				}
 3761              		.loc 1 1684 20 is_stmt 0 view .LVU1116
 3762 00a6 0125     		movs	r5, #1
 3763 00a8 21E0     		b	.L278
 3764              	.LVL298:
 3765              	.L293:
1684:Middlewares/Third_Party/FreeRTOS/Source/queue.c **** 				}
 3766              		.loc 1 1684 20 view .LVU1117
 3767              	.LBE213:
1699:Middlewares/Third_Party/FreeRTOS/Source/queue.c **** 
 3768              		.loc 1 1699 3 is_stmt 1 discriminator 1 view .LVU1118
 3769 00aa 0023     		movs	r3, #0
 3770 00ac 84F84430 		strb	r3, [r4, #68]
 3771 00b0 29E0     		b	.L279
 3772              	.L294:
1699:Middlewares/Third_Party/FreeRTOS/Source/queue.c **** 
 3773              		.loc 1 1699 3 discriminator 4 view .LVU1119
 3774 00b2 0023     		movs	r3, #0
 3775 00b4 84F84530 		strb	r3, [r4, #69]
 3776 00b8 2BE0     		b	.L280
 3777              	.L282:
1724:Middlewares/Third_Party/FreeRTOS/Source/queue.c **** 				( void ) xTaskResumeAll();
 3778              		.loc 1 1724 5 view .LVU1120
 3779 00ba 2046     		mov	r0, r4
 3780 00bc FFF7FEFF 		bl	prvUnlockQueue
 3781              	.LVL299:
1725:Middlewares/Third_Party/FreeRTOS/Source/queue.c **** 			}
 3782              		.loc 1 1725 5 view .LVU1121
1725:Middlewares/Third_Party/FreeRTOS/Source/queue.c **** 			}
 3783              		.loc 1 1725 14 is_stmt 0 view .LVU1122
 3784 00c0 FFF7FEFF 		bl	xTaskResumeAll
 3785              	.LVL300:
 3786 00c4 09E0     		b	.L273
 3787              	.L281:
1732:Middlewares/Third_Party/FreeRTOS/Source/queue.c **** 			( void ) xTaskResumeAll();
 3788              		.loc 1 1732 4 is_stmt 1 view .LVU1123
 3789 00c6 2046     		mov	r0, r4
 3790 00c8 FFF7FEFF 		bl	prvUnlockQueue
 3791              	.LVL301:
1733:Middlewares/Third_Party/FreeRTOS/Source/queue.c **** 
 3792              		.loc 1 1733 4 view .LVU1124
1733:Middlewares/Third_Party/FreeRTOS/Source/queue.c **** 
 3793              		.loc 1 1733 13 is_stmt 0 view .LVU1125
 3794 00cc FFF7FEFF 		bl	xTaskResumeAll
ARM GAS  /tmp/cc8vE36X.s 			page 130


 3795              	.LVL302:
1735:Middlewares/Third_Party/FreeRTOS/Source/queue.c **** 			{
 3796              		.loc 1 1735 4 is_stmt 1 view .LVU1126
1735:Middlewares/Third_Party/FreeRTOS/Source/queue.c **** 			{
 3797              		.loc 1 1735 8 is_stmt 0 view .LVU1127
 3798 00d0 2046     		mov	r0, r4
 3799 00d2 FFF7FEFF 		bl	prvIsQueueEmpty
 3800              	.LVL303:
1735:Middlewares/Third_Party/FreeRTOS/Source/queue.c **** 			{
 3801              		.loc 1 1735 6 discriminator 1 view .LVU1128
 3802 00d6 0028     		cmp	r0, #0
 3803 00d8 3FD1     		bne	.L289
 3804              	.LVL304:
 3805              	.L273:
1616:Middlewares/Third_Party/FreeRTOS/Source/queue.c **** 	}
 3806              		.loc 1 1616 104 is_stmt 1 discriminator 8 view .LVU1129
1625:Middlewares/Third_Party/FreeRTOS/Source/queue.c **** 	{
 3807              		.loc 1 1625 2 view .LVU1130
1627:Middlewares/Third_Party/FreeRTOS/Source/queue.c **** 		{
 3808              		.loc 1 1627 3 view .LVU1131
 3809 00da FFF7FEFF 		bl	vPortEnterCritical
 3810              	.LVL305:
 3811              	.LBB214:
1629:Middlewares/Third_Party/FreeRTOS/Source/queue.c **** 
 3812              		.loc 1 1629 4 view .LVU1132
1629:Middlewares/Third_Party/FreeRTOS/Source/queue.c **** 
 3813              		.loc 1 1629 22 is_stmt 0 view .LVU1133
 3814 00de A36B     		ldr	r3, [r4, #56]
 3815              	.LVL306:
1633:Middlewares/Third_Party/FreeRTOS/Source/queue.c **** 			{
 3816              		.loc 1 1633 4 is_stmt 1 view .LVU1134
1633:Middlewares/Third_Party/FreeRTOS/Source/queue.c **** 			{
 3817              		.loc 1 1633 6 is_stmt 0 view .LVU1135
 3818 00e0 002B     		cmp	r3, #0
 3819 00e2 BBD1     		bne	.L290
1670:Middlewares/Third_Party/FreeRTOS/Source/queue.c **** 				{
 3820              		.loc 1 1670 5 is_stmt 1 view .LVU1136
1670:Middlewares/Third_Party/FreeRTOS/Source/queue.c **** 				{
 3821              		.loc 1 1670 22 is_stmt 0 view .LVU1137
 3822 00e4 019B     		ldr	r3, [sp, #4]
 3823              	.LVL307:
1670:Middlewares/Third_Party/FreeRTOS/Source/queue.c **** 				{
 3824              		.loc 1 1670 7 view .LVU1138
 3825 00e6 002B     		cmp	r3, #0
 3826 00e8 D6D0     		beq	.L291
1678:Middlewares/Third_Party/FreeRTOS/Source/queue.c **** 				{
 3827              		.loc 1 1678 10 is_stmt 1 view .LVU1139
1678:Middlewares/Third_Party/FreeRTOS/Source/queue.c **** 				{
 3828              		.loc 1 1678 12 is_stmt 0 view .LVU1140
 3829 00ea 002D     		cmp	r5, #0
 3830 00ec D8D0     		beq	.L292
 3831              	.LVL308:
 3832              	.L278:
1689:Middlewares/Third_Party/FreeRTOS/Source/queue.c **** 				}
 3833              		.loc 1 1689 30 is_stmt 1 view .LVU1141
 3834              	.LBE214:
1693:Middlewares/Third_Party/FreeRTOS/Source/queue.c **** 
ARM GAS  /tmp/cc8vE36X.s 			page 131


 3835              		.loc 1 1693 3 view .LVU1142
 3836 00ee FFF7FEFF 		bl	vPortExitCritical
 3837              	.LVL309:
1698:Middlewares/Third_Party/FreeRTOS/Source/queue.c **** 		prvLockQueue( pxQueue );
 3838              		.loc 1 1698 3 view .LVU1143
 3839 00f2 FFF7FEFF 		bl	vTaskSuspendAll
 3840              	.LVL310:
1699:Middlewares/Third_Party/FreeRTOS/Source/queue.c **** 
 3841              		.loc 1 1699 3 view .LVU1144
 3842 00f6 FFF7FEFF 		bl	vPortEnterCritical
 3843              	.LVL311:
1699:Middlewares/Third_Party/FreeRTOS/Source/queue.c **** 
 3844              		.loc 1 1699 3 discriminator 1 view .LVU1145
 3845 00fa 94F84430 		ldrb	r3, [r4, #68]	@ zero_extendqisi2
 3846 00fe 5BB2     		sxtb	r3, r3
 3847 0100 B3F1FF3F 		cmp	r3, #-1
 3848 0104 D1D0     		beq	.L293
 3849              	.L279:
1699:Middlewares/Third_Party/FreeRTOS/Source/queue.c **** 
 3850              		.loc 1 1699 3 discriminator 3 view .LVU1146
 3851 0106 94F84530 		ldrb	r3, [r4, #69]	@ zero_extendqisi2
 3852 010a 5BB2     		sxtb	r3, r3
 3853 010c B3F1FF3F 		cmp	r3, #-1
 3854 0110 CFD0     		beq	.L294
 3855              	.L280:
1699:Middlewares/Third_Party/FreeRTOS/Source/queue.c **** 
 3856              		.loc 1 1699 3 discriminator 6 view .LVU1147
 3857 0112 FFF7FEFF 		bl	vPortExitCritical
 3858              	.LVL312:
1702:Middlewares/Third_Party/FreeRTOS/Source/queue.c **** 		{
 3859              		.loc 1 1702 3 view .LVU1148
1702:Middlewares/Third_Party/FreeRTOS/Source/queue.c **** 		{
 3860              		.loc 1 1702 7 is_stmt 0 view .LVU1149
 3861 0116 01A9     		add	r1, sp, #4
 3862 0118 02A8     		add	r0, sp, #8
 3863 011a FFF7FEFF 		bl	xTaskCheckForTimeOut
 3864              	.LVL313:
1702:Middlewares/Third_Party/FreeRTOS/Source/queue.c **** 		{
 3865              		.loc 1 1702 5 discriminator 1 view .LVU1150
 3866 011e 0028     		cmp	r0, #0
 3867 0120 D1D1     		bne	.L281
1706:Middlewares/Third_Party/FreeRTOS/Source/queue.c **** 			{
 3868              		.loc 1 1706 4 is_stmt 1 view .LVU1151
1706:Middlewares/Third_Party/FreeRTOS/Source/queue.c **** 			{
 3869              		.loc 1 1706 8 is_stmt 0 view .LVU1152
 3870 0122 2046     		mov	r0, r4
 3871 0124 FFF7FEFF 		bl	prvIsQueueEmpty
 3872              	.LVL314:
1706:Middlewares/Third_Party/FreeRTOS/Source/queue.c **** 			{
 3873              		.loc 1 1706 6 discriminator 1 view .LVU1153
 3874 0128 0028     		cmp	r0, #0
 3875 012a C6D0     		beq	.L282
1708:Middlewares/Third_Party/FreeRTOS/Source/queue.c **** 				vTaskPlaceOnEventList( &( pxQueue->xTasksWaitingToReceive ), xTicksToWait );
 3876              		.loc 1 1708 43 is_stmt 1 view .LVU1154
1709:Middlewares/Third_Party/FreeRTOS/Source/queue.c **** 				prvUnlockQueue( pxQueue );
 3877              		.loc 1 1709 5 view .LVU1155
 3878 012c 0199     		ldr	r1, [sp, #4]
ARM GAS  /tmp/cc8vE36X.s 			page 132


 3879 012e 04F12400 		add	r0, r4, #36
 3880 0132 FFF7FEFF 		bl	vTaskPlaceOnEventList
 3881              	.LVL315:
1710:Middlewares/Third_Party/FreeRTOS/Source/queue.c **** 				if( xTaskResumeAll() == pdFALSE )
 3882              		.loc 1 1710 5 view .LVU1156
 3883 0136 2046     		mov	r0, r4
 3884 0138 FFF7FEFF 		bl	prvUnlockQueue
 3885              	.LVL316:
1711:Middlewares/Third_Party/FreeRTOS/Source/queue.c **** 				{
 3886              		.loc 1 1711 5 view .LVU1157
1711:Middlewares/Third_Party/FreeRTOS/Source/queue.c **** 				{
 3887              		.loc 1 1711 9 is_stmt 0 view .LVU1158
 3888 013c FFF7FEFF 		bl	xTaskResumeAll
 3889              	.LVL317:
1711:Middlewares/Third_Party/FreeRTOS/Source/queue.c **** 				{
 3890              		.loc 1 1711 7 discriminator 1 view .LVU1159
 3891 0140 0028     		cmp	r0, #0
 3892 0142 CAD1     		bne	.L273
1713:Middlewares/Third_Party/FreeRTOS/Source/queue.c **** 				}
 3893              		.loc 1 1713 6 is_stmt 1 view .LVU1160
 3894 0144 4FF0E023 		mov	r3, #-536813568
 3895 0148 4FF08052 		mov	r2, #268435456
 3896 014c C3F8042D 		str	r2, [r3, #3332]
1713:Middlewares/Third_Party/FreeRTOS/Source/queue.c **** 				}
 3897              		.loc 1 1713 6 view .LVU1161
 3898              		.syntax unified
 3899              	@ 1713 "Middlewares/Third_Party/FreeRTOS/Source/queue.c" 1
 3900 0150 BFF34F8F 		dsb
 3901              	@ 0 "" 2
1713:Middlewares/Third_Party/FreeRTOS/Source/queue.c **** 				}
 3902              		.loc 1 1713 6 view .LVU1162
 3903              	@ 1713 "Middlewares/Third_Party/FreeRTOS/Source/queue.c" 1
 3904 0154 BFF36F8F 		isb
 3905              	@ 0 "" 2
1713:Middlewares/Third_Party/FreeRTOS/Source/queue.c **** 				}
 3906              		.loc 1 1713 28 view .LVU1163
 3907              		.thumb
 3908              		.syntax unified
 3909 0158 BFE7     		b	.L273
 3910              	.L289:
1738:Middlewares/Third_Party/FreeRTOS/Source/queue.c **** 			}
 3911              		.loc 1 1738 12 is_stmt 0 view .LVU1164
 3912 015a 0020     		movs	r0, #0
 3913 015c 89E7     		b	.L266
 3914              		.cfi_endproc
 3915              	.LFE22:
 3917              		.section	.text.xQueueReceiveFromISR,"ax",%progbits
 3918              		.align	1
 3919              		.global	xQueueReceiveFromISR
 3920              		.syntax unified
 3921              		.thumb
 3922              		.thumb_func
 3924              	xQueueReceiveFromISR:
 3925              	.LVL318:
 3926              	.LFB23:
1750:Middlewares/Third_Party/FreeRTOS/Source/queue.c **** BaseType_t xReturn;
 3927              		.loc 1 1750 1 is_stmt 1 view -0
ARM GAS  /tmp/cc8vE36X.s 			page 133


 3928              		.cfi_startproc
 3929              		@ args = 0, pretend = 0, frame = 0
 3930              		@ frame_needed = 0, uses_anonymous_args = 0
1750:Middlewares/Third_Party/FreeRTOS/Source/queue.c **** BaseType_t xReturn;
 3931              		.loc 1 1750 1 is_stmt 0 view .LVU1166
 3932 0000 2DE9F843 		push	{r3, r4, r5, r6, r7, r8, r9, lr}
 3933              	.LCFI50:
 3934              		.cfi_def_cfa_offset 32
 3935              		.cfi_offset 3, -32
 3936              		.cfi_offset 4, -28
 3937              		.cfi_offset 5, -24
 3938              		.cfi_offset 6, -20
 3939              		.cfi_offset 7, -16
 3940              		.cfi_offset 8, -12
 3941              		.cfi_offset 9, -8
 3942              		.cfi_offset 14, -4
1751:Middlewares/Third_Party/FreeRTOS/Source/queue.c **** UBaseType_t uxSavedInterruptStatus;
 3943              		.loc 1 1751 1 is_stmt 1 view .LVU1167
1752:Middlewares/Third_Party/FreeRTOS/Source/queue.c **** Queue_t * const pxQueue = ( Queue_t * ) xQueue;
 3944              		.loc 1 1752 1 view .LVU1168
1753:Middlewares/Third_Party/FreeRTOS/Source/queue.c **** 
 3945              		.loc 1 1753 1 view .LVU1169
 3946              	.LVL319:
1755:Middlewares/Third_Party/FreeRTOS/Source/queue.c **** 	configASSERT( !( ( pvBuffer == NULL ) && ( pxQueue->uxItemSize != ( UBaseType_t ) 0U ) ) );
 3947              		.loc 1 1755 2 view .LVU1170
 3948 0004 B0B1     		cbz	r0, .L307
 3949 0006 0D46     		mov	r5, r1
 3950 0008 9046     		mov	r8, r2
 3951 000a 0446     		mov	r4, r0
1755:Middlewares/Third_Party/FreeRTOS/Source/queue.c **** 	configASSERT( !( ( pvBuffer == NULL ) && ( pxQueue->uxItemSize != ( UBaseType_t ) 0U ) ) );
 3952              		.loc 1 1755 25 discriminator 2 view .LVU1171
1756:Middlewares/Third_Party/FreeRTOS/Source/queue.c **** 
 3953              		.loc 1 1756 2 view .LVU1172
 3954 000c D9B1     		cbz	r1, .L308
 3955              	.L298:
1756:Middlewares/Third_Party/FreeRTOS/Source/queue.c **** 
 3956              		.loc 1 1756 92 discriminator 8 view .LVU1173
1772:Middlewares/Third_Party/FreeRTOS/Source/queue.c **** 
 3957              		.loc 1 1772 2 view .LVU1174
 3958 000e FFF7FEFF 		bl	vPortValidateInterruptPriority
 3959              	.LVL320:
1774:Middlewares/Third_Party/FreeRTOS/Source/queue.c **** 	{
 3960              		.loc 1 1774 2 view .LVU1175
 3961              	.LBB215:
 3962              	.LBI215:
 207:Middlewares/Third_Party/FreeRTOS/Source/portable/GCC/ARM_CM4F/portmacro.h **** {
 3963              		.loc 2 207 34 view .LVU1176
 3964              	.LBB216:
 209:Middlewares/Third_Party/FreeRTOS/Source/portable/GCC/ARM_CM4F/portmacro.h **** 
 3965              		.loc 2 209 1 view .LVU1177
 211:Middlewares/Third_Party/FreeRTOS/Source/portable/GCC/ARM_CM4F/portmacro.h **** 	(
 3966              		.loc 2 211 2 view .LVU1178
 3967              		.syntax unified
 3968              	@ 211 "Middlewares/Third_Party/FreeRTOS/Source/portable/GCC/ARM_CM4F/portmacro.h" 1
 3969 0012 EFF31187 			mrs r7, basepri											
 3970 0016 4FF05003 		mov r3, #80												
 3971 001a 83F31188 		msr basepri, r3											
ARM GAS  /tmp/cc8vE36X.s 			page 134


 3972 001e BFF36F8F 		isb														
 3973 0022 BFF34F8F 		dsb														
 3974              	
 3975              	@ 0 "" 2
 3976              	.LVL321:
 223:Middlewares/Third_Party/FreeRTOS/Source/portable/GCC/ARM_CM4F/portmacro.h **** }
 3977              		.loc 2 223 2 view .LVU1179
 223:Middlewares/Third_Party/FreeRTOS/Source/portable/GCC/ARM_CM4F/portmacro.h **** }
 3978              		.loc 2 223 2 is_stmt 0 view .LVU1180
 3979              		.thumb
 3980              		.syntax unified
 3981              	.LBE216:
 3982              	.LBE215:
 3983              	.LBB217:
1776:Middlewares/Third_Party/FreeRTOS/Source/queue.c **** 
 3984              		.loc 1 1776 3 is_stmt 1 view .LVU1181
1776:Middlewares/Third_Party/FreeRTOS/Source/queue.c **** 
 3985              		.loc 1 1776 21 is_stmt 0 view .LVU1182
 3986 0026 A66B     		ldr	r6, [r4, #56]
 3987              	.LVL322:
1779:Middlewares/Third_Party/FreeRTOS/Source/queue.c **** 		{
 3988              		.loc 1 1779 3 is_stmt 1 view .LVU1183
1779:Middlewares/Third_Party/FreeRTOS/Source/queue.c **** 		{
 3989              		.loc 1 1779 5 is_stmt 0 view .LVU1184
 3990 0028 CEB9     		cbnz	r6, .L309
1830:Middlewares/Third_Party/FreeRTOS/Source/queue.c **** 			traceQUEUE_RECEIVE_FROM_ISR_FAILED( pxQueue );
 3991              		.loc 1 1830 12 view .LVU1185
 3992 002a 0020     		movs	r0, #0
 3993              	.L300:
 3994              	.LVL323:
1831:Middlewares/Third_Party/FreeRTOS/Source/queue.c **** 		}
 3995              		.loc 1 1831 49 is_stmt 1 view .LVU1186
 3996              	.LBE217:
1834:Middlewares/Third_Party/FreeRTOS/Source/queue.c **** 
 3997              		.loc 1 1834 2 view .LVU1187
 3998              	.LBB219:
 3999              	.LBI219:
 227:Middlewares/Third_Party/FreeRTOS/Source/portable/GCC/ARM_CM4F/portmacro.h **** {
 4000              		.loc 2 227 30 view .LVU1188
 4001              	.LBB220:
 4002              		.loc 2 229 2 view .LVU1189
 4003              		.syntax unified
 4004              	@ 229 "Middlewares/Third_Party/FreeRTOS/Source/portable/GCC/ARM_CM4F/portmacro.h" 1
 4005 002c 87F31188 			msr basepri, r7	
 4006              	@ 0 "" 2
 4007              		.thumb
 4008              		.syntax unified
 4009              	.LBE220:
 4010              	.LBE219:
1836:Middlewares/Third_Party/FreeRTOS/Source/queue.c **** }
 4011              		.loc 1 1836 2 view .LVU1190
1837:Middlewares/Third_Party/FreeRTOS/Source/queue.c **** /*-----------------------------------------------------------*/
 4012              		.loc 1 1837 1 is_stmt 0 view .LVU1191
 4013 0030 BDE8F883 		pop	{r3, r4, r5, r6, r7, r8, r9, pc}
 4014              	.LVL324:
 4015              	.L307:
1755:Middlewares/Third_Party/FreeRTOS/Source/queue.c **** 	configASSERT( !( ( pvBuffer == NULL ) && ( pxQueue->uxItemSize != ( UBaseType_t ) 0U ) ) );
ARM GAS  /tmp/cc8vE36X.s 			page 135


 4016              		.loc 1 1755 2 is_stmt 1 discriminator 1 view .LVU1192
 4017              	.LBB221:
 4018              	.LBI221:
 191:Middlewares/Third_Party/FreeRTOS/Source/portable/GCC/ARM_CM4F/portmacro.h **** {
 4019              		.loc 2 191 30 view .LVU1193
 4020              	.LBB222:
 193:Middlewares/Third_Party/FreeRTOS/Source/portable/GCC/ARM_CM4F/portmacro.h **** 
 4021              		.loc 2 193 1 view .LVU1194
 195:Middlewares/Third_Party/FreeRTOS/Source/portable/GCC/ARM_CM4F/portmacro.h **** 	(
 4022              		.loc 2 195 2 view .LVU1195
 4023              		.syntax unified
 4024              	@ 195 "Middlewares/Third_Party/FreeRTOS/Source/portable/GCC/ARM_CM4F/portmacro.h" 1
 4025 0034 4FF05003 			mov r3, #80												
 4026 0038 83F31188 		msr basepri, r3											
 4027 003c BFF36F8F 		isb														
 4028 0040 BFF34F8F 		dsb														
 4029              	
 4030              	@ 0 "" 2
 4031              		.thumb
 4032              		.syntax unified
 4033              	.L297:
 4034              	.LBE222:
 4035              	.LBE221:
1755:Middlewares/Third_Party/FreeRTOS/Source/queue.c **** 	configASSERT( !( ( pvBuffer == NULL ) && ( pxQueue->uxItemSize != ( UBaseType_t ) 0U ) ) );
 4036              		.loc 1 1755 2 discriminator 3 view .LVU1196
1755:Middlewares/Third_Party/FreeRTOS/Source/queue.c **** 	configASSERT( !( ( pvBuffer == NULL ) && ( pxQueue->uxItemSize != ( UBaseType_t ) 0U ) ) );
 4037              		.loc 1 1755 2 discriminator 3 view .LVU1197
 4038 0044 FEE7     		b	.L297
 4039              	.L308:
1756:Middlewares/Third_Party/FreeRTOS/Source/queue.c **** 
 4040              		.loc 1 1756 2 is_stmt 0 discriminator 2 view .LVU1198
 4041 0046 036C     		ldr	r3, [r0, #64]
 4042 0048 002B     		cmp	r3, #0
 4043 004a E0D0     		beq	.L298
1756:Middlewares/Third_Party/FreeRTOS/Source/queue.c **** 
 4044              		.loc 1 1756 2 is_stmt 1 discriminator 7 view .LVU1199
 4045              	.LBB223:
 4046              	.LBI223:
 191:Middlewares/Third_Party/FreeRTOS/Source/portable/GCC/ARM_CM4F/portmacro.h **** {
 4047              		.loc 2 191 30 view .LVU1200
 4048              	.LBB224:
 193:Middlewares/Third_Party/FreeRTOS/Source/portable/GCC/ARM_CM4F/portmacro.h **** 
 4049              		.loc 2 193 1 view .LVU1201
 195:Middlewares/Third_Party/FreeRTOS/Source/portable/GCC/ARM_CM4F/portmacro.h **** 	(
 4050              		.loc 2 195 2 view .LVU1202
 4051              		.syntax unified
 4052              	@ 195 "Middlewares/Third_Party/FreeRTOS/Source/portable/GCC/ARM_CM4F/portmacro.h" 1
 4053 004c 4FF05003 			mov r3, #80												
 4054 0050 83F31188 		msr basepri, r3											
 4055 0054 BFF36F8F 		isb														
 4056 0058 BFF34F8F 		dsb														
 4057              	
 4058              	@ 0 "" 2
 4059              		.thumb
 4060              		.syntax unified
 4061              	.L299:
 4062              	.LBE224:
ARM GAS  /tmp/cc8vE36X.s 			page 136


 4063              	.LBE223:
1756:Middlewares/Third_Party/FreeRTOS/Source/queue.c **** 
 4064              		.loc 1 1756 2 discriminator 9 view .LVU1203
1756:Middlewares/Third_Party/FreeRTOS/Source/queue.c **** 
 4065              		.loc 1 1756 2 discriminator 9 view .LVU1204
 4066 005c FEE7     		b	.L299
 4067              	.LVL325:
 4068              	.L309:
 4069              	.LBB225:
 4070              	.LBB218:
1781:Middlewares/Third_Party/FreeRTOS/Source/queue.c **** 
 4071              		.loc 1 1781 4 view .LVU1205
1781:Middlewares/Third_Party/FreeRTOS/Source/queue.c **** 
 4072              		.loc 1 1781 17 is_stmt 0 view .LVU1206
 4073 005e 94F84490 		ldrb	r9, [r4, #68]	@ zero_extendqisi2
 4074 0062 4FFA89F9 		sxtb	r9, r9
 4075              	.LVL326:
1783:Middlewares/Third_Party/FreeRTOS/Source/queue.c **** 
 4076              		.loc 1 1783 42 is_stmt 1 view .LVU1207
1785:Middlewares/Third_Party/FreeRTOS/Source/queue.c **** 			pxQueue->uxMessagesWaiting = uxMessagesWaiting - ( UBaseType_t ) 1;
 4077              		.loc 1 1785 4 view .LVU1208
 4078 0066 2946     		mov	r1, r5
 4079 0068 2046     		mov	r0, r4
 4080 006a FFF7FEFF 		bl	prvCopyDataFromQueue
 4081              	.LVL327:
1786:Middlewares/Third_Party/FreeRTOS/Source/queue.c **** 
 4082              		.loc 1 1786 4 view .LVU1209
1786:Middlewares/Third_Party/FreeRTOS/Source/queue.c **** 
 4083              		.loc 1 1786 51 is_stmt 0 view .LVU1210
 4084 006e 731E     		subs	r3, r6, #1
1786:Middlewares/Third_Party/FreeRTOS/Source/queue.c **** 
 4085              		.loc 1 1786 31 view .LVU1211
 4086 0070 A363     		str	r3, [r4, #56]
1792:Middlewares/Third_Party/FreeRTOS/Source/queue.c **** 			{
 4087              		.loc 1 1792 4 is_stmt 1 view .LVU1212
1792:Middlewares/Third_Party/FreeRTOS/Source/queue.c **** 			{
 4088              		.loc 1 1792 6 is_stmt 0 view .LVU1213
 4089 0072 B9F1FF3F 		cmp	r9, #-1
 4090 0076 06D0     		beq	.L310
1823:Middlewares/Third_Party/FreeRTOS/Source/queue.c **** 			}
 4091              		.loc 1 1823 5 is_stmt 1 view .LVU1214
1823:Middlewares/Third_Party/FreeRTOS/Source/queue.c **** 			}
 4092              		.loc 1 1823 45 is_stmt 0 view .LVU1215
 4093 0078 09F10103 		add	r3, r9, #1
1823:Middlewares/Third_Party/FreeRTOS/Source/queue.c **** 			}
 4094              		.loc 1 1823 24 view .LVU1216
 4095 007c 5BB2     		sxtb	r3, r3
1823:Middlewares/Third_Party/FreeRTOS/Source/queue.c **** 			}
 4096              		.loc 1 1823 22 view .LVU1217
 4097 007e 84F84430 		strb	r3, [r4, #68]
1826:Middlewares/Third_Party/FreeRTOS/Source/queue.c **** 		}
 4098              		.loc 1 1826 12 view .LVU1218
 4099 0082 0120     		movs	r0, #1
 4100 0084 D2E7     		b	.L300
 4101              	.L310:
1794:Middlewares/Third_Party/FreeRTOS/Source/queue.c **** 				{
 4102              		.loc 1 1794 5 is_stmt 1 view .LVU1219
ARM GAS  /tmp/cc8vE36X.s 			page 137


1794:Middlewares/Third_Party/FreeRTOS/Source/queue.c **** 				{
 4103              		.loc 1 1794 9 is_stmt 0 view .LVU1220
 4104 0086 2369     		ldr	r3, [r4, #16]
1794:Middlewares/Third_Party/FreeRTOS/Source/queue.c **** 				{
 4105              		.loc 1 1794 7 view .LVU1221
 4106 0088 0BB9     		cbnz	r3, .L311
1826:Middlewares/Third_Party/FreeRTOS/Source/queue.c **** 		}
 4107              		.loc 1 1826 12 view .LVU1222
 4108 008a 0120     		movs	r0, #1
 4109 008c CEE7     		b	.L300
 4110              	.L311:
1796:Middlewares/Third_Party/FreeRTOS/Source/queue.c **** 					{
 4111              		.loc 1 1796 6 is_stmt 1 view .LVU1223
1796:Middlewares/Third_Party/FreeRTOS/Source/queue.c **** 					{
 4112              		.loc 1 1796 10 is_stmt 0 view .LVU1224
 4113 008e 04F11000 		add	r0, r4, #16
 4114 0092 FFF7FEFF 		bl	xTaskRemoveFromEventList
 4115              	.LVL328:
1796:Middlewares/Third_Party/FreeRTOS/Source/queue.c **** 					{
 4116              		.loc 1 1796 8 discriminator 1 view .LVU1225
 4117 0096 30B1     		cbz	r0, .L304
1800:Middlewares/Third_Party/FreeRTOS/Source/queue.c **** 						{
 4118              		.loc 1 1800 7 is_stmt 1 view .LVU1226
1800:Middlewares/Third_Party/FreeRTOS/Source/queue.c **** 						{
 4119              		.loc 1 1800 9 is_stmt 0 view .LVU1227
 4120 0098 B8F1000F 		cmp	r8, #0
 4121 009c 05D0     		beq	.L305
1802:Middlewares/Third_Party/FreeRTOS/Source/queue.c **** 						}
 4122              		.loc 1 1802 8 is_stmt 1 view .LVU1228
1802:Middlewares/Third_Party/FreeRTOS/Source/queue.c **** 						}
 4123              		.loc 1 1802 35 is_stmt 0 view .LVU1229
 4124 009e 0120     		movs	r0, #1
 4125 00a0 C8F80000 		str	r0, [r8]
 4126 00a4 C2E7     		b	.L300
 4127              	.L304:
1826:Middlewares/Third_Party/FreeRTOS/Source/queue.c **** 		}
 4128              		.loc 1 1826 12 view .LVU1230
 4129 00a6 0120     		movs	r0, #1
 4130 00a8 C0E7     		b	.L300
 4131              	.L305:
 4132 00aa 0120     		movs	r0, #1
 4133 00ac BEE7     		b	.L300
 4134              	.LBE218:
 4135              	.LBE225:
 4136              		.cfi_endproc
 4137              	.LFE23:
 4139              		.section	.text.xQueuePeekFromISR,"ax",%progbits
 4140              		.align	1
 4141              		.global	xQueuePeekFromISR
 4142              		.syntax unified
 4143              		.thumb
 4144              		.thumb_func
 4146              	xQueuePeekFromISR:
 4147              	.LVL329:
 4148              	.LFB24:
1841:Middlewares/Third_Party/FreeRTOS/Source/queue.c **** BaseType_t xReturn;
 4149              		.loc 1 1841 1 is_stmt 1 view -0
ARM GAS  /tmp/cc8vE36X.s 			page 138


 4150              		.cfi_startproc
 4151              		@ args = 0, pretend = 0, frame = 0
 4152              		@ frame_needed = 0, uses_anonymous_args = 0
1841:Middlewares/Third_Party/FreeRTOS/Source/queue.c **** BaseType_t xReturn;
 4153              		.loc 1 1841 1 is_stmt 0 view .LVU1232
 4154 0000 F8B5     		push	{r3, r4, r5, r6, r7, lr}
 4155              	.LCFI51:
 4156              		.cfi_def_cfa_offset 24
 4157              		.cfi_offset 3, -24
 4158              		.cfi_offset 4, -20
 4159              		.cfi_offset 5, -16
 4160              		.cfi_offset 6, -12
 4161              		.cfi_offset 7, -8
 4162              		.cfi_offset 14, -4
1842:Middlewares/Third_Party/FreeRTOS/Source/queue.c **** UBaseType_t uxSavedInterruptStatus;
 4163              		.loc 1 1842 1 is_stmt 1 view .LVU1233
1843:Middlewares/Third_Party/FreeRTOS/Source/queue.c **** int8_t *pcOriginalReadPosition;
 4164              		.loc 1 1843 1 view .LVU1234
1844:Middlewares/Third_Party/FreeRTOS/Source/queue.c **** Queue_t * const pxQueue = ( Queue_t * ) xQueue;
 4165              		.loc 1 1844 1 view .LVU1235
1845:Middlewares/Third_Party/FreeRTOS/Source/queue.c **** 
 4166              		.loc 1 1845 1 view .LVU1236
 4167              	.LVL330:
1847:Middlewares/Third_Party/FreeRTOS/Source/queue.c **** 	configASSERT( !( ( pvBuffer == NULL ) && ( pxQueue->uxItemSize != ( UBaseType_t ) 0U ) ) );
 4168              		.loc 1 1847 2 view .LVU1237
 4169 0002 68B1     		cbz	r0, .L322
 4170 0004 0D46     		mov	r5, r1
 4171 0006 0446     		mov	r4, r0
1847:Middlewares/Third_Party/FreeRTOS/Source/queue.c **** 	configASSERT( !( ( pvBuffer == NULL ) && ( pxQueue->uxItemSize != ( UBaseType_t ) 0U ) ) );
 4172              		.loc 1 1847 25 discriminator 2 view .LVU1238
1848:Middlewares/Third_Party/FreeRTOS/Source/queue.c **** 	configASSERT( pxQueue->uxItemSize != 0 ); /* Can't peek a semaphore. */
 4173              		.loc 1 1848 2 view .LVU1239
 4174 0008 99B1     		cbz	r1, .L323
 4175              	.L315:
1848:Middlewares/Third_Party/FreeRTOS/Source/queue.c **** 	configASSERT( pxQueue->uxItemSize != 0 ); /* Can't peek a semaphore. */
 4176              		.loc 1 1848 92 discriminator 8 view .LVU1240
1849:Middlewares/Third_Party/FreeRTOS/Source/queue.c **** 
 4177              		.loc 1 1849 2 view .LVU1241
 4178 000a 236C     		ldr	r3, [r4, #64]
 4179 000c EBB9     		cbnz	r3, .L317
1849:Middlewares/Third_Party/FreeRTOS/Source/queue.c **** 
 4180              		.loc 1 1849 2 discriminator 1 view .LVU1242
 4181              	.LBB226:
 4182              	.LBI226:
 191:Middlewares/Third_Party/FreeRTOS/Source/portable/GCC/ARM_CM4F/portmacro.h **** {
 4183              		.loc 2 191 30 view .LVU1243
 4184              	.LBB227:
 193:Middlewares/Third_Party/FreeRTOS/Source/portable/GCC/ARM_CM4F/portmacro.h **** 
 4185              		.loc 2 193 1 view .LVU1244
 195:Middlewares/Third_Party/FreeRTOS/Source/portable/GCC/ARM_CM4F/portmacro.h **** 	(
 4186              		.loc 2 195 2 view .LVU1245
 4187              		.syntax unified
 4188              	@ 195 "Middlewares/Third_Party/FreeRTOS/Source/portable/GCC/ARM_CM4F/portmacro.h" 1
 4189 000e 4FF05003 			mov r3, #80												
 4190 0012 83F31188 		msr basepri, r3											
 4191 0016 BFF36F8F 		isb														
 4192 001a BFF34F8F 		dsb														
ARM GAS  /tmp/cc8vE36X.s 			page 139


 4193              	
 4194              	@ 0 "" 2
 4195              		.thumb
 4196              		.syntax unified
 4197              	.L318:
 4198              	.LBE227:
 4199              	.LBE226:
1849:Middlewares/Third_Party/FreeRTOS/Source/queue.c **** 
 4200              		.loc 1 1849 2 discriminator 3 view .LVU1246
1849:Middlewares/Third_Party/FreeRTOS/Source/queue.c **** 
 4201              		.loc 1 1849 2 discriminator 3 view .LVU1247
 4202 001e FEE7     		b	.L318
 4203              	.L322:
1847:Middlewares/Third_Party/FreeRTOS/Source/queue.c **** 	configASSERT( !( ( pvBuffer == NULL ) && ( pxQueue->uxItemSize != ( UBaseType_t ) 0U ) ) );
 4204              		.loc 1 1847 2 discriminator 1 view .LVU1248
 4205              	.LBB228:
 4206              	.LBI228:
 191:Middlewares/Third_Party/FreeRTOS/Source/portable/GCC/ARM_CM4F/portmacro.h **** {
 4207              		.loc 2 191 30 view .LVU1249
 4208              	.LBB229:
 193:Middlewares/Third_Party/FreeRTOS/Source/portable/GCC/ARM_CM4F/portmacro.h **** 
 4209              		.loc 2 193 1 view .LVU1250
 195:Middlewares/Third_Party/FreeRTOS/Source/portable/GCC/ARM_CM4F/portmacro.h **** 	(
 4210              		.loc 2 195 2 view .LVU1251
 4211              		.syntax unified
 4212              	@ 195 "Middlewares/Third_Party/FreeRTOS/Source/portable/GCC/ARM_CM4F/portmacro.h" 1
 4213 0020 4FF05003 			mov r3, #80												
 4214 0024 83F31188 		msr basepri, r3											
 4215 0028 BFF36F8F 		isb														
 4216 002c BFF34F8F 		dsb														
 4217              	
 4218              	@ 0 "" 2
 4219              		.thumb
 4220              		.syntax unified
 4221              	.L314:
 4222              	.LBE229:
 4223              	.LBE228:
1847:Middlewares/Third_Party/FreeRTOS/Source/queue.c **** 	configASSERT( !( ( pvBuffer == NULL ) && ( pxQueue->uxItemSize != ( UBaseType_t ) 0U ) ) );
 4224              		.loc 1 1847 2 discriminator 3 view .LVU1252
1847:Middlewares/Third_Party/FreeRTOS/Source/queue.c **** 	configASSERT( !( ( pvBuffer == NULL ) && ( pxQueue->uxItemSize != ( UBaseType_t ) 0U ) ) );
 4225              		.loc 1 1847 2 discriminator 3 view .LVU1253
 4226 0030 FEE7     		b	.L314
 4227              	.L323:
1848:Middlewares/Third_Party/FreeRTOS/Source/queue.c **** 	configASSERT( pxQueue->uxItemSize != 0 ); /* Can't peek a semaphore. */
 4228              		.loc 1 1848 2 is_stmt 0 discriminator 2 view .LVU1254
 4229 0032 036C     		ldr	r3, [r0, #64]
 4230 0034 002B     		cmp	r3, #0
 4231 0036 E8D0     		beq	.L315
1848:Middlewares/Third_Party/FreeRTOS/Source/queue.c **** 	configASSERT( pxQueue->uxItemSize != 0 ); /* Can't peek a semaphore. */
 4232              		.loc 1 1848 2 is_stmt 1 discriminator 7 view .LVU1255
 4233              	.LBB230:
 4234              	.LBI230:
 191:Middlewares/Third_Party/FreeRTOS/Source/portable/GCC/ARM_CM4F/portmacro.h **** {
 4235              		.loc 2 191 30 view .LVU1256
 4236              	.LBB231:
 193:Middlewares/Third_Party/FreeRTOS/Source/portable/GCC/ARM_CM4F/portmacro.h **** 
 4237              		.loc 2 193 1 view .LVU1257
ARM GAS  /tmp/cc8vE36X.s 			page 140


 195:Middlewares/Third_Party/FreeRTOS/Source/portable/GCC/ARM_CM4F/portmacro.h **** 	(
 4238              		.loc 2 195 2 view .LVU1258
 4239              		.syntax unified
 4240              	@ 195 "Middlewares/Third_Party/FreeRTOS/Source/portable/GCC/ARM_CM4F/portmacro.h" 1
 4241 0038 4FF05003 			mov r3, #80												
 4242 003c 83F31188 		msr basepri, r3											
 4243 0040 BFF36F8F 		isb														
 4244 0044 BFF34F8F 		dsb														
 4245              	
 4246              	@ 0 "" 2
 4247              		.thumb
 4248              		.syntax unified
 4249              	.L316:
 4250              	.LBE231:
 4251              	.LBE230:
1848:Middlewares/Third_Party/FreeRTOS/Source/queue.c **** 	configASSERT( pxQueue->uxItemSize != 0 ); /* Can't peek a semaphore. */
 4252              		.loc 1 1848 2 discriminator 9 view .LVU1259
1848:Middlewares/Third_Party/FreeRTOS/Source/queue.c **** 	configASSERT( pxQueue->uxItemSize != 0 ); /* Can't peek a semaphore. */
 4253              		.loc 1 1848 2 discriminator 9 view .LVU1260
 4254 0048 FEE7     		b	.L316
 4255              	.L317:
1849:Middlewares/Third_Party/FreeRTOS/Source/queue.c **** 
 4256              		.loc 1 1849 42 discriminator 2 view .LVU1261
1865:Middlewares/Third_Party/FreeRTOS/Source/queue.c **** 
 4257              		.loc 1 1865 2 view .LVU1262
 4258 004a FFF7FEFF 		bl	vPortValidateInterruptPriority
 4259              	.LVL331:
1867:Middlewares/Third_Party/FreeRTOS/Source/queue.c **** 	{
 4260              		.loc 1 1867 2 view .LVU1263
 4261              	.LBB232:
 4262              	.LBI232:
 207:Middlewares/Third_Party/FreeRTOS/Source/portable/GCC/ARM_CM4F/portmacro.h **** {
 4263              		.loc 2 207 34 view .LVU1264
 4264              	.LBB233:
 209:Middlewares/Third_Party/FreeRTOS/Source/portable/GCC/ARM_CM4F/portmacro.h **** 
 4265              		.loc 2 209 1 view .LVU1265
 211:Middlewares/Third_Party/FreeRTOS/Source/portable/GCC/ARM_CM4F/portmacro.h **** 	(
 4266              		.loc 2 211 2 view .LVU1266
 4267              		.syntax unified
 4268              	@ 211 "Middlewares/Third_Party/FreeRTOS/Source/portable/GCC/ARM_CM4F/portmacro.h" 1
 4269 004e EFF31186 			mrs r6, basepri											
 4270 0052 4FF05003 		mov r3, #80												
 4271 0056 83F31188 		msr basepri, r3											
 4272 005a BFF36F8F 		isb														
 4273 005e BFF34F8F 		dsb														
 4274              	
 4275              	@ 0 "" 2
 4276              	.LVL332:
 223:Middlewares/Third_Party/FreeRTOS/Source/portable/GCC/ARM_CM4F/portmacro.h **** }
 4277              		.loc 2 223 2 view .LVU1267
 223:Middlewares/Third_Party/FreeRTOS/Source/portable/GCC/ARM_CM4F/portmacro.h **** }
 4278              		.loc 2 223 2 is_stmt 0 view .LVU1268
 4279              		.thumb
 4280              		.syntax unified
 4281              	.LBE233:
 4282              	.LBE232:
1870:Middlewares/Third_Party/FreeRTOS/Source/queue.c **** 		{
ARM GAS  /tmp/cc8vE36X.s 			page 141


 4283              		.loc 1 1870 3 is_stmt 1 view .LVU1269
1870:Middlewares/Third_Party/FreeRTOS/Source/queue.c **** 		{
 4284              		.loc 1 1870 14 is_stmt 0 view .LVU1270
 4285 0062 A36B     		ldr	r3, [r4, #56]
1870:Middlewares/Third_Party/FreeRTOS/Source/queue.c **** 		{
 4286              		.loc 1 1870 5 view .LVU1271
 4287 0064 1BB9     		cbnz	r3, .L324
1884:Middlewares/Third_Party/FreeRTOS/Source/queue.c **** 			traceQUEUE_PEEK_FROM_ISR_FAILED( pxQueue );
 4288              		.loc 1 1884 12 view .LVU1272
 4289 0066 0020     		movs	r0, #0
 4290              	.L319:
 4291              	.LVL333:
1885:Middlewares/Third_Party/FreeRTOS/Source/queue.c **** 		}
 4292              		.loc 1 1885 46 is_stmt 1 view .LVU1273
1888:Middlewares/Third_Party/FreeRTOS/Source/queue.c **** 
 4293              		.loc 1 1888 2 view .LVU1274
 4294              	.LBB234:
 4295              	.LBI234:
 227:Middlewares/Third_Party/FreeRTOS/Source/portable/GCC/ARM_CM4F/portmacro.h **** {
 4296              		.loc 2 227 30 view .LVU1275
 4297              	.LBB235:
 4298              		.loc 2 229 2 view .LVU1276
 4299              		.syntax unified
 4300              	@ 229 "Middlewares/Third_Party/FreeRTOS/Source/portable/GCC/ARM_CM4F/portmacro.h" 1
 4301 0068 86F31188 			msr basepri, r6	
 4302              	@ 0 "" 2
 4303              		.thumb
 4304              		.syntax unified
 4305              	.LBE235:
 4306              	.LBE234:
1890:Middlewares/Third_Party/FreeRTOS/Source/queue.c **** }
 4307              		.loc 1 1890 2 view .LVU1277
1891:Middlewares/Third_Party/FreeRTOS/Source/queue.c **** /*-----------------------------------------------------------*/
 4308              		.loc 1 1891 1 is_stmt 0 view .LVU1278
 4309 006c F8BD     		pop	{r3, r4, r5, r6, r7, pc}
 4310              	.LVL334:
 4311              	.L324:
1872:Middlewares/Third_Party/FreeRTOS/Source/queue.c **** 
 4312              		.loc 1 1872 39 is_stmt 1 view .LVU1279
1876:Middlewares/Third_Party/FreeRTOS/Source/queue.c **** 			prvCopyDataFromQueue( pxQueue, pvBuffer );
 4313              		.loc 1 1876 4 view .LVU1280
1876:Middlewares/Third_Party/FreeRTOS/Source/queue.c **** 			prvCopyDataFromQueue( pxQueue, pvBuffer );
 4314              		.loc 1 1876 27 is_stmt 0 view .LVU1281
 4315 006e E768     		ldr	r7, [r4, #12]
 4316              	.LVL335:
1877:Middlewares/Third_Party/FreeRTOS/Source/queue.c **** 			pxQueue->u.pcReadFrom = pcOriginalReadPosition;
 4317              		.loc 1 1877 4 is_stmt 1 view .LVU1282
 4318 0070 2946     		mov	r1, r5
 4319 0072 2046     		mov	r0, r4
 4320 0074 FFF7FEFF 		bl	prvCopyDataFromQueue
 4321              	.LVL336:
1878:Middlewares/Third_Party/FreeRTOS/Source/queue.c **** 
 4322              		.loc 1 1878 4 view .LVU1283
1878:Middlewares/Third_Party/FreeRTOS/Source/queue.c **** 
 4323              		.loc 1 1878 26 is_stmt 0 view .LVU1284
 4324 0078 E760     		str	r7, [r4, #12]
1880:Middlewares/Third_Party/FreeRTOS/Source/queue.c **** 		}
ARM GAS  /tmp/cc8vE36X.s 			page 142


 4325              		.loc 1 1880 4 is_stmt 1 view .LVU1285
 4326              	.LVL337:
1880:Middlewares/Third_Party/FreeRTOS/Source/queue.c **** 		}
 4327              		.loc 1 1880 12 is_stmt 0 view .LVU1286
 4328 007a 0120     		movs	r0, #1
 4329 007c F4E7     		b	.L319
 4330              		.cfi_endproc
 4331              	.LFE24:
 4333              		.section	.text.uxQueueMessagesWaiting,"ax",%progbits
 4334              		.align	1
 4335              		.global	uxQueueMessagesWaiting
 4336              		.syntax unified
 4337              		.thumb
 4338              		.thumb_func
 4340              	uxQueueMessagesWaiting:
 4341              	.LVL338:
 4342              	.LFB25:
1895:Middlewares/Third_Party/FreeRTOS/Source/queue.c **** UBaseType_t uxReturn;
 4343              		.loc 1 1895 1 is_stmt 1 view -0
 4344              		.cfi_startproc
 4345              		@ args = 0, pretend = 0, frame = 0
 4346              		@ frame_needed = 0, uses_anonymous_args = 0
1896:Middlewares/Third_Party/FreeRTOS/Source/queue.c **** 
 4347              		.loc 1 1896 1 view .LVU1288
1898:Middlewares/Third_Party/FreeRTOS/Source/queue.c **** 
 4348              		.loc 1 1898 2 view .LVU1289
 4349 0000 40B1     		cbz	r0, .L330
1895:Middlewares/Third_Party/FreeRTOS/Source/queue.c **** UBaseType_t uxReturn;
 4350              		.loc 1 1895 1 is_stmt 0 view .LVU1290
 4351 0002 10B5     		push	{r4, lr}
 4352              	.LCFI52:
 4353              		.cfi_def_cfa_offset 8
 4354              		.cfi_offset 4, -8
 4355              		.cfi_offset 14, -4
 4356 0004 0446     		mov	r4, r0
1898:Middlewares/Third_Party/FreeRTOS/Source/queue.c **** 
 4357              		.loc 1 1898 24 is_stmt 1 discriminator 2 view .LVU1291
1900:Middlewares/Third_Party/FreeRTOS/Source/queue.c **** 	{
 4358              		.loc 1 1900 2 view .LVU1292
 4359 0006 FFF7FEFF 		bl	vPortEnterCritical
 4360              	.LVL339:
1902:Middlewares/Third_Party/FreeRTOS/Source/queue.c **** 	}
 4361              		.loc 1 1902 3 view .LVU1293
1902:Middlewares/Third_Party/FreeRTOS/Source/queue.c **** 	}
 4362              		.loc 1 1902 12 is_stmt 0 view .LVU1294
 4363 000a A46B     		ldr	r4, [r4, #56]
 4364              	.LVL340:
1904:Middlewares/Third_Party/FreeRTOS/Source/queue.c **** 
 4365              		.loc 1 1904 2 is_stmt 1 view .LVU1295
 4366 000c FFF7FEFF 		bl	vPortExitCritical
 4367              	.LVL341:
1906:Middlewares/Third_Party/FreeRTOS/Source/queue.c **** } /*lint !e818 Pointer cannot be declared const as xQueue is a typedef not pointer. */
 4368              		.loc 1 1906 2 view .LVU1296
1907:Middlewares/Third_Party/FreeRTOS/Source/queue.c **** /*-----------------------------------------------------------*/
 4369              		.loc 1 1907 1 is_stmt 0 view .LVU1297
 4370 0010 2046     		mov	r0, r4
 4371 0012 10BD     		pop	{r4, pc}
ARM GAS  /tmp/cc8vE36X.s 			page 143


 4372              	.LVL342:
 4373              	.L330:
 4374              	.LCFI53:
 4375              		.cfi_def_cfa_offset 0
 4376              		.cfi_restore 4
 4377              		.cfi_restore 14
1898:Middlewares/Third_Party/FreeRTOS/Source/queue.c **** 
 4378              		.loc 1 1898 2 is_stmt 1 discriminator 1 view .LVU1298
 4379              	.LBB236:
 4380              	.LBI236:
 191:Middlewares/Third_Party/FreeRTOS/Source/portable/GCC/ARM_CM4F/portmacro.h **** {
 4381              		.loc 2 191 30 view .LVU1299
 4382              	.LBB237:
 193:Middlewares/Third_Party/FreeRTOS/Source/portable/GCC/ARM_CM4F/portmacro.h **** 
 4383              		.loc 2 193 1 view .LVU1300
 195:Middlewares/Third_Party/FreeRTOS/Source/portable/GCC/ARM_CM4F/portmacro.h **** 	(
 4384              		.loc 2 195 2 view .LVU1301
 4385              		.syntax unified
 4386              	@ 195 "Middlewares/Third_Party/FreeRTOS/Source/portable/GCC/ARM_CM4F/portmacro.h" 1
 4387 0014 4FF05003 			mov r3, #80												
 4388 0018 83F31188 		msr basepri, r3											
 4389 001c BFF36F8F 		isb														
 4390 0020 BFF34F8F 		dsb														
 4391              	
 4392              	@ 0 "" 2
 4393              		.thumb
 4394              		.syntax unified
 4395              	.L327:
 4396              	.LBE237:
 4397              	.LBE236:
1898:Middlewares/Third_Party/FreeRTOS/Source/queue.c **** 
 4398              		.loc 1 1898 2 discriminator 3 view .LVU1302
1898:Middlewares/Third_Party/FreeRTOS/Source/queue.c **** 
 4399              		.loc 1 1898 2 discriminator 3 view .LVU1303
 4400 0024 FEE7     		b	.L327
 4401              		.cfi_endproc
 4402              	.LFE25:
 4404              		.section	.text.uxQueueSpacesAvailable,"ax",%progbits
 4405              		.align	1
 4406              		.global	uxQueueSpacesAvailable
 4407              		.syntax unified
 4408              		.thumb
 4409              		.thumb_func
 4411              	uxQueueSpacesAvailable:
 4412              	.LVL343:
 4413              	.LFB26:
1911:Middlewares/Third_Party/FreeRTOS/Source/queue.c **** UBaseType_t uxReturn;
 4414              		.loc 1 1911 1 view -0
 4415              		.cfi_startproc
 4416              		@ args = 0, pretend = 0, frame = 0
 4417              		@ frame_needed = 0, uses_anonymous_args = 0
1911:Middlewares/Third_Party/FreeRTOS/Source/queue.c **** UBaseType_t uxReturn;
 4418              		.loc 1 1911 1 is_stmt 0 view .LVU1305
 4419 0000 38B5     		push	{r3, r4, r5, lr}
 4420              	.LCFI54:
 4421              		.cfi_def_cfa_offset 16
 4422              		.cfi_offset 3, -16
ARM GAS  /tmp/cc8vE36X.s 			page 144


 4423              		.cfi_offset 4, -12
 4424              		.cfi_offset 5, -8
 4425              		.cfi_offset 14, -4
1912:Middlewares/Third_Party/FreeRTOS/Source/queue.c **** Queue_t *pxQueue;
 4426              		.loc 1 1912 1 is_stmt 1 view .LVU1306
1913:Middlewares/Third_Party/FreeRTOS/Source/queue.c **** 
 4427              		.loc 1 1913 1 view .LVU1307
1915:Middlewares/Third_Party/FreeRTOS/Source/queue.c **** 	configASSERT( pxQueue );
 4428              		.loc 1 1915 2 view .LVU1308
 4429              	.LVL344:
1916:Middlewares/Third_Party/FreeRTOS/Source/queue.c **** 
 4430              		.loc 1 1916 2 view .LVU1309
 4431 0002 48B1     		cbz	r0, .L335
 4432 0004 0546     		mov	r5, r0
1916:Middlewares/Third_Party/FreeRTOS/Source/queue.c **** 
 4433              		.loc 1 1916 25 discriminator 2 view .LVU1310
1918:Middlewares/Third_Party/FreeRTOS/Source/queue.c **** 	{
 4434              		.loc 1 1918 2 view .LVU1311
 4435 0006 FFF7FEFF 		bl	vPortEnterCritical
 4436              	.LVL345:
1920:Middlewares/Third_Party/FreeRTOS/Source/queue.c **** 	}
 4437              		.loc 1 1920 3 view .LVU1312
1920:Middlewares/Third_Party/FreeRTOS/Source/queue.c **** 	}
 4438              		.loc 1 1920 21 is_stmt 0 view .LVU1313
 4439 000a EC6B     		ldr	r4, [r5, #60]
1920:Middlewares/Third_Party/FreeRTOS/Source/queue.c **** 	}
 4440              		.loc 1 1920 41 view .LVU1314
 4441 000c AB6B     		ldr	r3, [r5, #56]
1920:Middlewares/Third_Party/FreeRTOS/Source/queue.c **** 	}
 4442              		.loc 1 1920 12 view .LVU1315
 4443 000e E41A     		subs	r4, r4, r3
 4444              	.LVL346:
1922:Middlewares/Third_Party/FreeRTOS/Source/queue.c **** 
 4445              		.loc 1 1922 2 is_stmt 1 view .LVU1316
 4446 0010 FFF7FEFF 		bl	vPortExitCritical
 4447              	.LVL347:
1924:Middlewares/Third_Party/FreeRTOS/Source/queue.c **** } /*lint !e818 Pointer cannot be declared const as xQueue is a typedef not pointer. */
 4448              		.loc 1 1924 2 view .LVU1317
1925:Middlewares/Third_Party/FreeRTOS/Source/queue.c **** /*-----------------------------------------------------------*/
 4449              		.loc 1 1925 1 is_stmt 0 view .LVU1318
 4450 0014 2046     		mov	r0, r4
 4451 0016 38BD     		pop	{r3, r4, r5, pc}
 4452              	.LVL348:
 4453              	.L335:
1916:Middlewares/Third_Party/FreeRTOS/Source/queue.c **** 
 4454              		.loc 1 1916 2 is_stmt 1 discriminator 1 view .LVU1319
 4455              	.LBB238:
 4456              	.LBI238:
 191:Middlewares/Third_Party/FreeRTOS/Source/portable/GCC/ARM_CM4F/portmacro.h **** {
 4457              		.loc 2 191 30 view .LVU1320
 4458              	.LBB239:
 193:Middlewares/Third_Party/FreeRTOS/Source/portable/GCC/ARM_CM4F/portmacro.h **** 
 4459              		.loc 2 193 1 view .LVU1321
 195:Middlewares/Third_Party/FreeRTOS/Source/portable/GCC/ARM_CM4F/portmacro.h **** 	(
 4460              		.loc 2 195 2 view .LVU1322
 4461              		.syntax unified
 4462              	@ 195 "Middlewares/Third_Party/FreeRTOS/Source/portable/GCC/ARM_CM4F/portmacro.h" 1
ARM GAS  /tmp/cc8vE36X.s 			page 145


 4463 0018 4FF05003 			mov r3, #80												
 4464 001c 83F31188 		msr basepri, r3											
 4465 0020 BFF36F8F 		isb														
 4466 0024 BFF34F8F 		dsb														
 4467              	
 4468              	@ 0 "" 2
 4469              		.thumb
 4470              		.syntax unified
 4471              	.L333:
 4472              	.LBE239:
 4473              	.LBE238:
1916:Middlewares/Third_Party/FreeRTOS/Source/queue.c **** 
 4474              		.loc 1 1916 2 discriminator 3 view .LVU1323
1916:Middlewares/Third_Party/FreeRTOS/Source/queue.c **** 
 4475              		.loc 1 1916 2 discriminator 3 view .LVU1324
 4476 0028 FEE7     		b	.L333
 4477              		.cfi_endproc
 4478              	.LFE26:
 4480              		.section	.text.uxQueueMessagesWaitingFromISR,"ax",%progbits
 4481              		.align	1
 4482              		.global	uxQueueMessagesWaitingFromISR
 4483              		.syntax unified
 4484              		.thumb
 4485              		.thumb_func
 4487              	uxQueueMessagesWaitingFromISR:
 4488              	.LVL349:
 4489              	.LFB27:
1929:Middlewares/Third_Party/FreeRTOS/Source/queue.c **** UBaseType_t uxReturn;
 4490              		.loc 1 1929 1 view -0
 4491              		.cfi_startproc
 4492              		@ args = 0, pretend = 0, frame = 0
 4493              		@ frame_needed = 0, uses_anonymous_args = 0
 4494              		@ link register save eliminated.
1930:Middlewares/Third_Party/FreeRTOS/Source/queue.c **** 
 4495              		.loc 1 1930 1 view .LVU1326
1932:Middlewares/Third_Party/FreeRTOS/Source/queue.c **** 
 4496              		.loc 1 1932 2 view .LVU1327
 4497 0000 08B1     		cbz	r0, .L339
1932:Middlewares/Third_Party/FreeRTOS/Source/queue.c **** 
 4498              		.loc 1 1932 24 discriminator 2 view .LVU1328
1934:Middlewares/Third_Party/FreeRTOS/Source/queue.c **** 
 4499              		.loc 1 1934 2 view .LVU1329
1934:Middlewares/Third_Party/FreeRTOS/Source/queue.c **** 
 4500              		.loc 1 1934 11 is_stmt 0 view .LVU1330
 4501 0002 806B     		ldr	r0, [r0, #56]
 4502              	.LVL350:
1936:Middlewares/Third_Party/FreeRTOS/Source/queue.c **** } /*lint !e818 Pointer cannot be declared const as xQueue is a typedef not pointer. */
 4503              		.loc 1 1936 2 is_stmt 1 view .LVU1331
1937:Middlewares/Third_Party/FreeRTOS/Source/queue.c **** /*-----------------------------------------------------------*/
 4504              		.loc 1 1937 1 is_stmt 0 view .LVU1332
 4505 0004 7047     		bx	lr
 4506              	.LVL351:
 4507              	.L339:
1932:Middlewares/Third_Party/FreeRTOS/Source/queue.c **** 
 4508              		.loc 1 1932 2 is_stmt 1 discriminator 1 view .LVU1333
 4509              	.LBB240:
 4510              	.LBI240:
ARM GAS  /tmp/cc8vE36X.s 			page 146


 191:Middlewares/Third_Party/FreeRTOS/Source/portable/GCC/ARM_CM4F/portmacro.h **** {
 4511              		.loc 2 191 30 view .LVU1334
 4512              	.LBB241:
 193:Middlewares/Third_Party/FreeRTOS/Source/portable/GCC/ARM_CM4F/portmacro.h **** 
 4513              		.loc 2 193 1 view .LVU1335
 195:Middlewares/Third_Party/FreeRTOS/Source/portable/GCC/ARM_CM4F/portmacro.h **** 	(
 4514              		.loc 2 195 2 view .LVU1336
 4515              		.syntax unified
 4516              	@ 195 "Middlewares/Third_Party/FreeRTOS/Source/portable/GCC/ARM_CM4F/portmacro.h" 1
 4517 0006 4FF05003 			mov r3, #80												
 4518 000a 83F31188 		msr basepri, r3											
 4519 000e BFF36F8F 		isb														
 4520 0012 BFF34F8F 		dsb														
 4521              	
 4522              	@ 0 "" 2
 4523              		.thumb
 4524              		.syntax unified
 4525              	.L338:
 4526              	.LBE241:
 4527              	.LBE240:
1932:Middlewares/Third_Party/FreeRTOS/Source/queue.c **** 
 4528              		.loc 1 1932 2 discriminator 3 view .LVU1337
1932:Middlewares/Third_Party/FreeRTOS/Source/queue.c **** 
 4529              		.loc 1 1932 2 discriminator 3 view .LVU1338
 4530 0016 FEE7     		b	.L338
 4531              		.cfi_endproc
 4532              	.LFE27:
 4534              		.section	.text.uxQueueGetQueueNumber,"ax",%progbits
 4535              		.align	1
 4536              		.global	uxQueueGetQueueNumber
 4537              		.syntax unified
 4538              		.thumb
 4539              		.thumb_func
 4541              	uxQueueGetQueueNumber:
 4542              	.LVL352:
 4543              	.LFB29:
1985:Middlewares/Third_Party/FreeRTOS/Source/queue.c **** 		return ( ( Queue_t * ) xQueue )->uxQueueNumber;
 4544              		.loc 1 1985 2 view -0
 4545              		.cfi_startproc
 4546              		@ args = 0, pretend = 0, frame = 0
 4547              		@ frame_needed = 0, uses_anonymous_args = 0
 4548              		@ link register save eliminated.
1986:Middlewares/Third_Party/FreeRTOS/Source/queue.c **** 	}
 4549              		.loc 1 1986 3 view .LVU1340
1987:Middlewares/Third_Party/FreeRTOS/Source/queue.c **** 
 4550              		.loc 1 1987 2 is_stmt 0 view .LVU1341
 4551 0000 806C     		ldr	r0, [r0, #72]
 4552              	.LVL353:
1987:Middlewares/Third_Party/FreeRTOS/Source/queue.c **** 
 4553              		.loc 1 1987 2 view .LVU1342
 4554 0002 7047     		bx	lr
 4555              		.cfi_endproc
 4556              	.LFE29:
 4558              		.section	.text.vQueueSetQueueNumber,"ax",%progbits
 4559              		.align	1
 4560              		.global	vQueueSetQueueNumber
 4561              		.syntax unified
ARM GAS  /tmp/cc8vE36X.s 			page 147


 4562              		.thumb
 4563              		.thumb_func
 4565              	vQueueSetQueueNumber:
 4566              	.LVL354:
 4567              	.LFB30:
1995:Middlewares/Third_Party/FreeRTOS/Source/queue.c **** 		( ( Queue_t * ) xQueue )->uxQueueNumber = uxQueueNumber;
 4568              		.loc 1 1995 2 is_stmt 1 view -0
 4569              		.cfi_startproc
 4570              		@ args = 0, pretend = 0, frame = 0
 4571              		@ frame_needed = 0, uses_anonymous_args = 0
 4572              		@ link register save eliminated.
1996:Middlewares/Third_Party/FreeRTOS/Source/queue.c **** 	}
 4573              		.loc 1 1996 3 view .LVU1344
1996:Middlewares/Third_Party/FreeRTOS/Source/queue.c **** 	}
 4574              		.loc 1 1996 43 is_stmt 0 view .LVU1345
 4575 0000 8164     		str	r1, [r0, #72]
1997:Middlewares/Third_Party/FreeRTOS/Source/queue.c **** 
 4576              		.loc 1 1997 2 view .LVU1346
 4577 0002 7047     		bx	lr
 4578              		.cfi_endproc
 4579              	.LFE30:
 4581              		.section	.text.ucQueueGetQueueType,"ax",%progbits
 4582              		.align	1
 4583              		.global	ucQueueGetQueueType
 4584              		.syntax unified
 4585              		.thumb
 4586              		.thumb_func
 4588              	ucQueueGetQueueType:
 4589              	.LVL355:
 4590              	.LFB31:
2005:Middlewares/Third_Party/FreeRTOS/Source/queue.c **** 		return ( ( Queue_t * ) xQueue )->ucQueueType;
 4591              		.loc 1 2005 2 is_stmt 1 view -0
 4592              		.cfi_startproc
 4593              		@ args = 0, pretend = 0, frame = 0
 4594              		@ frame_needed = 0, uses_anonymous_args = 0
 4595              		@ link register save eliminated.
2006:Middlewares/Third_Party/FreeRTOS/Source/queue.c **** 	}
 4596              		.loc 1 2006 3 view .LVU1348
2007:Middlewares/Third_Party/FreeRTOS/Source/queue.c **** 
 4597              		.loc 1 2007 2 is_stmt 0 view .LVU1349
 4598 0000 90F84C00 		ldrb	r0, [r0, #76]	@ zero_extendqisi2
 4599              	.LVL356:
2007:Middlewares/Third_Party/FreeRTOS/Source/queue.c **** 
 4600              		.loc 1 2007 2 view .LVU1350
 4601 0004 7047     		bx	lr
 4602              		.cfi_endproc
 4603              	.LFE31:
 4605              		.section	.text.xQueueIsQueueEmptyFromISR,"ax",%progbits
 4606              		.align	1
 4607              		.global	xQueueIsQueueEmptyFromISR
 4608              		.syntax unified
 4609              		.thumb
 4610              		.thumb_func
 4612              	xQueueIsQueueEmptyFromISR:
 4613              	.LVL357:
 4614              	.LFB37:
2278:Middlewares/Third_Party/FreeRTOS/Source/queue.c **** BaseType_t xReturn;
ARM GAS  /tmp/cc8vE36X.s 			page 148


 4615              		.loc 1 2278 1 is_stmt 1 view -0
 4616              		.cfi_startproc
 4617              		@ args = 0, pretend = 0, frame = 0
 4618              		@ frame_needed = 0, uses_anonymous_args = 0
 4619              		@ link register save eliminated.
2279:Middlewares/Third_Party/FreeRTOS/Source/queue.c **** 
 4620              		.loc 1 2279 1 view .LVU1352
2281:Middlewares/Third_Party/FreeRTOS/Source/queue.c **** 	if( ( ( Queue_t * ) xQueue )->uxMessagesWaiting == ( UBaseType_t ) 0 )
 4621              		.loc 1 2281 2 view .LVU1353
 4622 0000 18B1     		cbz	r0, .L348
2281:Middlewares/Third_Party/FreeRTOS/Source/queue.c **** 	if( ( ( Queue_t * ) xQueue )->uxMessagesWaiting == ( UBaseType_t ) 0 )
 4623              		.loc 1 2281 24 discriminator 2 view .LVU1354
2282:Middlewares/Third_Party/FreeRTOS/Source/queue.c **** 	{
 4624              		.loc 1 2282 2 view .LVU1355
2282:Middlewares/Third_Party/FreeRTOS/Source/queue.c **** 	{
 4625              		.loc 1 2282 30 is_stmt 0 view .LVU1356
 4626 0002 836B     		ldr	r3, [r0, #56]
2282:Middlewares/Third_Party/FreeRTOS/Source/queue.c **** 	{
 4627              		.loc 1 2282 4 view .LVU1357
 4628 0004 53B9     		cbnz	r3, .L347
2284:Middlewares/Third_Party/FreeRTOS/Source/queue.c **** 	}
 4629              		.loc 1 2284 11 view .LVU1358
 4630 0006 0120     		movs	r0, #1
 4631              	.LVL358:
2284:Middlewares/Third_Party/FreeRTOS/Source/queue.c **** 	}
 4632              		.loc 1 2284 11 view .LVU1359
 4633 0008 7047     		bx	lr
 4634              	.LVL359:
 4635              	.L348:
2281:Middlewares/Third_Party/FreeRTOS/Source/queue.c **** 	if( ( ( Queue_t * ) xQueue )->uxMessagesWaiting == ( UBaseType_t ) 0 )
 4636              		.loc 1 2281 2 is_stmt 1 discriminator 1 view .LVU1360
 4637              	.LBB242:
 4638              	.LBI242:
 191:Middlewares/Third_Party/FreeRTOS/Source/portable/GCC/ARM_CM4F/portmacro.h **** {
 4639              		.loc 2 191 30 view .LVU1361
 4640              	.LBB243:
 193:Middlewares/Third_Party/FreeRTOS/Source/portable/GCC/ARM_CM4F/portmacro.h **** 
 4641              		.loc 2 193 1 view .LVU1362
 195:Middlewares/Third_Party/FreeRTOS/Source/portable/GCC/ARM_CM4F/portmacro.h **** 	(
 4642              		.loc 2 195 2 view .LVU1363
 4643              		.syntax unified
 4644              	@ 195 "Middlewares/Third_Party/FreeRTOS/Source/portable/GCC/ARM_CM4F/portmacro.h" 1
 4645 000a 4FF05003 			mov r3, #80												
 4646 000e 83F31188 		msr basepri, r3											
 4647 0012 BFF36F8F 		isb														
 4648 0016 BFF34F8F 		dsb														
 4649              	
 4650              	@ 0 "" 2
 4651              		.thumb
 4652              		.syntax unified
 4653              	.L345:
 4654              	.LBE243:
 4655              	.LBE242:
2281:Middlewares/Third_Party/FreeRTOS/Source/queue.c **** 	if( ( ( Queue_t * ) xQueue )->uxMessagesWaiting == ( UBaseType_t ) 0 )
 4656              		.loc 1 2281 2 discriminator 3 view .LVU1364
2281:Middlewares/Third_Party/FreeRTOS/Source/queue.c **** 	if( ( ( Queue_t * ) xQueue )->uxMessagesWaiting == ( UBaseType_t ) 0 )
 4657              		.loc 1 2281 2 discriminator 3 view .LVU1365
ARM GAS  /tmp/cc8vE36X.s 			page 149


 4658 001a FEE7     		b	.L345
 4659              	.L347:
2288:Middlewares/Third_Party/FreeRTOS/Source/queue.c **** 	}
 4660              		.loc 1 2288 11 is_stmt 0 view .LVU1366
 4661 001c 0020     		movs	r0, #0
 4662              	.LVL360:
2291:Middlewares/Third_Party/FreeRTOS/Source/queue.c **** } /*lint !e818 xQueue could not be pointer to const because it is a typedef. */
 4663              		.loc 1 2291 2 is_stmt 1 view .LVU1367
2292:Middlewares/Third_Party/FreeRTOS/Source/queue.c **** /*-----------------------------------------------------------*/
 4664              		.loc 1 2292 1 is_stmt 0 view .LVU1368
 4665 001e 7047     		bx	lr
 4666              		.cfi_endproc
 4667              	.LFE37:
 4669              		.section	.text.xQueueIsQueueFullFromISR,"ax",%progbits
 4670              		.align	1
 4671              		.global	xQueueIsQueueFullFromISR
 4672              		.syntax unified
 4673              		.thumb
 4674              		.thumb_func
 4676              	xQueueIsQueueFullFromISR:
 4677              	.LVL361:
 4678              	.LFB39:
2314:Middlewares/Third_Party/FreeRTOS/Source/queue.c **** /*-----------------------------------------------------------*/
2315:Middlewares/Third_Party/FreeRTOS/Source/queue.c **** 
2316:Middlewares/Third_Party/FreeRTOS/Source/queue.c **** BaseType_t xQueueIsQueueFullFromISR( const QueueHandle_t xQueue )
2317:Middlewares/Third_Party/FreeRTOS/Source/queue.c **** {
 4679              		.loc 1 2317 1 is_stmt 1 view -0
 4680              		.cfi_startproc
 4681              		@ args = 0, pretend = 0, frame = 0
 4682              		@ frame_needed = 0, uses_anonymous_args = 0
 4683              		@ link register save eliminated.
2318:Middlewares/Third_Party/FreeRTOS/Source/queue.c **** BaseType_t xReturn;
 4684              		.loc 1 2318 1 view .LVU1370
2319:Middlewares/Third_Party/FreeRTOS/Source/queue.c **** 
2320:Middlewares/Third_Party/FreeRTOS/Source/queue.c **** 	configASSERT( xQueue );
 4685              		.loc 1 2320 2 view .LVU1371
 4686 0000 28B1     		cbz	r0, .L354
 4687              		.loc 1 2320 24 discriminator 2 view .LVU1372
2321:Middlewares/Third_Party/FreeRTOS/Source/queue.c **** 	if( ( ( Queue_t * ) xQueue )->uxMessagesWaiting == ( ( Queue_t * ) xQueue )->uxLength )
 4688              		.loc 1 2321 2 view .LVU1373
 4689              		.loc 1 2321 30 is_stmt 0 view .LVU1374
 4690 0002 826B     		ldr	r2, [r0, #56]
 4691              		.loc 1 2321 77 view .LVU1375
 4692 0004 C36B     		ldr	r3, [r0, #60]
 4693              		.loc 1 2321 4 view .LVU1376
 4694 0006 9A42     		cmp	r2, r3
 4695 0008 0AD0     		beq	.L355
2322:Middlewares/Third_Party/FreeRTOS/Source/queue.c **** 	{
2323:Middlewares/Third_Party/FreeRTOS/Source/queue.c **** 		xReturn = pdTRUE;
2324:Middlewares/Third_Party/FreeRTOS/Source/queue.c **** 	}
2325:Middlewares/Third_Party/FreeRTOS/Source/queue.c **** 	else
2326:Middlewares/Third_Party/FreeRTOS/Source/queue.c **** 	{
2327:Middlewares/Third_Party/FreeRTOS/Source/queue.c **** 		xReturn = pdFALSE;
 4696              		.loc 1 2327 11 view .LVU1377
 4697 000a 0020     		movs	r0, #0
 4698              	.LVL362:
2328:Middlewares/Third_Party/FreeRTOS/Source/queue.c **** 	}
ARM GAS  /tmp/cc8vE36X.s 			page 150


2329:Middlewares/Third_Party/FreeRTOS/Source/queue.c **** 
2330:Middlewares/Third_Party/FreeRTOS/Source/queue.c **** 	return xReturn;
 4699              		.loc 1 2330 2 is_stmt 1 view .LVU1378
2331:Middlewares/Third_Party/FreeRTOS/Source/queue.c **** } /*lint !e818 xQueue could not be pointer to const because it is a typedef. */
 4700              		.loc 1 2331 1 is_stmt 0 view .LVU1379
 4701 000c 7047     		bx	lr
 4702              	.LVL363:
 4703              	.L354:
2320:Middlewares/Third_Party/FreeRTOS/Source/queue.c **** 	if( ( ( Queue_t * ) xQueue )->uxMessagesWaiting == ( ( Queue_t * ) xQueue )->uxLength )
 4704              		.loc 1 2320 2 is_stmt 1 discriminator 1 view .LVU1380
 4705              	.LBB244:
 4706              	.LBI244:
 191:Middlewares/Third_Party/FreeRTOS/Source/portable/GCC/ARM_CM4F/portmacro.h **** {
 4707              		.loc 2 191 30 view .LVU1381
 4708              	.LBB245:
 193:Middlewares/Third_Party/FreeRTOS/Source/portable/GCC/ARM_CM4F/portmacro.h **** 
 4709              		.loc 2 193 1 view .LVU1382
 195:Middlewares/Third_Party/FreeRTOS/Source/portable/GCC/ARM_CM4F/portmacro.h **** 	(
 4710              		.loc 2 195 2 view .LVU1383
 4711              		.syntax unified
 4712              	@ 195 "Middlewares/Third_Party/FreeRTOS/Source/portable/GCC/ARM_CM4F/portmacro.h" 1
 4713 000e 4FF05003 			mov r3, #80												
 4714 0012 83F31188 		msr basepri, r3											
 4715 0016 BFF36F8F 		isb														
 4716 001a BFF34F8F 		dsb														
 4717              	
 4718              	@ 0 "" 2
 4719              		.thumb
 4720              		.syntax unified
 4721              	.L351:
 4722              	.LBE245:
 4723              	.LBE244:
2320:Middlewares/Third_Party/FreeRTOS/Source/queue.c **** 	if( ( ( Queue_t * ) xQueue )->uxMessagesWaiting == ( ( Queue_t * ) xQueue )->uxLength )
 4724              		.loc 1 2320 2 discriminator 3 view .LVU1384
2320:Middlewares/Third_Party/FreeRTOS/Source/queue.c **** 	if( ( ( Queue_t * ) xQueue )->uxMessagesWaiting == ( ( Queue_t * ) xQueue )->uxLength )
 4725              		.loc 1 2320 2 discriminator 3 view .LVU1385
 4726 001e FEE7     		b	.L351
 4727              	.L355:
2323:Middlewares/Third_Party/FreeRTOS/Source/queue.c **** 	}
 4728              		.loc 1 2323 11 is_stmt 0 view .LVU1386
 4729 0020 0120     		movs	r0, #1
 4730              	.LVL364:
2323:Middlewares/Third_Party/FreeRTOS/Source/queue.c **** 	}
 4731              		.loc 1 2323 11 view .LVU1387
 4732 0022 7047     		bx	lr
 4733              		.cfi_endproc
 4734              	.LFE39:
 4736              		.section	.text.vQueueAddToRegistry,"ax",%progbits
 4737              		.align	1
 4738              		.global	vQueueAddToRegistry
 4739              		.syntax unified
 4740              		.thumb
 4741              		.thumb_func
 4743              	vQueueAddToRegistry:
 4744              	.LVL365:
 4745              	.LFB40:
2332:Middlewares/Third_Party/FreeRTOS/Source/queue.c **** /*-----------------------------------------------------------*/
ARM GAS  /tmp/cc8vE36X.s 			page 151


2333:Middlewares/Third_Party/FreeRTOS/Source/queue.c **** 
2334:Middlewares/Third_Party/FreeRTOS/Source/queue.c **** #if ( configUSE_CO_ROUTINES == 1 )
2335:Middlewares/Third_Party/FreeRTOS/Source/queue.c **** 
2336:Middlewares/Third_Party/FreeRTOS/Source/queue.c **** 	BaseType_t xQueueCRSend( QueueHandle_t xQueue, const void *pvItemToQueue, TickType_t xTicksToWait 
2337:Middlewares/Third_Party/FreeRTOS/Source/queue.c **** 	{
2338:Middlewares/Third_Party/FreeRTOS/Source/queue.c **** 	BaseType_t xReturn;
2339:Middlewares/Third_Party/FreeRTOS/Source/queue.c **** 	Queue_t * const pxQueue = ( Queue_t * ) xQueue;
2340:Middlewares/Third_Party/FreeRTOS/Source/queue.c **** 
2341:Middlewares/Third_Party/FreeRTOS/Source/queue.c **** 		/* If the queue is already full we may have to block.  A critical section
2342:Middlewares/Third_Party/FreeRTOS/Source/queue.c **** 		is required to prevent an interrupt removing something from the queue
2343:Middlewares/Third_Party/FreeRTOS/Source/queue.c **** 		between the check to see if the queue is full and blocking on the queue. */
2344:Middlewares/Third_Party/FreeRTOS/Source/queue.c **** 		portDISABLE_INTERRUPTS();
2345:Middlewares/Third_Party/FreeRTOS/Source/queue.c **** 		{
2346:Middlewares/Third_Party/FreeRTOS/Source/queue.c **** 			if( prvIsQueueFull( pxQueue ) != pdFALSE )
2347:Middlewares/Third_Party/FreeRTOS/Source/queue.c **** 			{
2348:Middlewares/Third_Party/FreeRTOS/Source/queue.c **** 				/* The queue is full - do we want to block or just leave without
2349:Middlewares/Third_Party/FreeRTOS/Source/queue.c **** 				posting? */
2350:Middlewares/Third_Party/FreeRTOS/Source/queue.c **** 				if( xTicksToWait > ( TickType_t ) 0 )
2351:Middlewares/Third_Party/FreeRTOS/Source/queue.c **** 				{
2352:Middlewares/Third_Party/FreeRTOS/Source/queue.c **** 					/* As this is called from a coroutine we cannot block directly, but
2353:Middlewares/Third_Party/FreeRTOS/Source/queue.c **** 					return indicating that we need to block. */
2354:Middlewares/Third_Party/FreeRTOS/Source/queue.c **** 					vCoRoutineAddToDelayedList( xTicksToWait, &( pxQueue->xTasksWaitingToSend ) );
2355:Middlewares/Third_Party/FreeRTOS/Source/queue.c **** 					portENABLE_INTERRUPTS();
2356:Middlewares/Third_Party/FreeRTOS/Source/queue.c **** 					return errQUEUE_BLOCKED;
2357:Middlewares/Third_Party/FreeRTOS/Source/queue.c **** 				}
2358:Middlewares/Third_Party/FreeRTOS/Source/queue.c **** 				else
2359:Middlewares/Third_Party/FreeRTOS/Source/queue.c **** 				{
2360:Middlewares/Third_Party/FreeRTOS/Source/queue.c **** 					portENABLE_INTERRUPTS();
2361:Middlewares/Third_Party/FreeRTOS/Source/queue.c **** 					return errQUEUE_FULL;
2362:Middlewares/Third_Party/FreeRTOS/Source/queue.c **** 				}
2363:Middlewares/Third_Party/FreeRTOS/Source/queue.c **** 			}
2364:Middlewares/Third_Party/FreeRTOS/Source/queue.c **** 		}
2365:Middlewares/Third_Party/FreeRTOS/Source/queue.c **** 		portENABLE_INTERRUPTS();
2366:Middlewares/Third_Party/FreeRTOS/Source/queue.c **** 
2367:Middlewares/Third_Party/FreeRTOS/Source/queue.c **** 		portDISABLE_INTERRUPTS();
2368:Middlewares/Third_Party/FreeRTOS/Source/queue.c **** 		{
2369:Middlewares/Third_Party/FreeRTOS/Source/queue.c **** 			if( pxQueue->uxMessagesWaiting < pxQueue->uxLength )
2370:Middlewares/Third_Party/FreeRTOS/Source/queue.c **** 			{
2371:Middlewares/Third_Party/FreeRTOS/Source/queue.c **** 				/* There is room in the queue, copy the data into the queue. */
2372:Middlewares/Third_Party/FreeRTOS/Source/queue.c **** 				prvCopyDataToQueue( pxQueue, pvItemToQueue, queueSEND_TO_BACK );
2373:Middlewares/Third_Party/FreeRTOS/Source/queue.c **** 				xReturn = pdPASS;
2374:Middlewares/Third_Party/FreeRTOS/Source/queue.c **** 
2375:Middlewares/Third_Party/FreeRTOS/Source/queue.c **** 				/* Were any co-routines waiting for data to become available? */
2376:Middlewares/Third_Party/FreeRTOS/Source/queue.c **** 				if( listLIST_IS_EMPTY( &( pxQueue->xTasksWaitingToReceive ) ) == pdFALSE )
2377:Middlewares/Third_Party/FreeRTOS/Source/queue.c **** 				{
2378:Middlewares/Third_Party/FreeRTOS/Source/queue.c **** 					/* In this instance the co-routine could be placed directly
2379:Middlewares/Third_Party/FreeRTOS/Source/queue.c **** 					into the ready list as we are within a critical section.
2380:Middlewares/Third_Party/FreeRTOS/Source/queue.c **** 					Instead the same pending ready list mechanism is used as if
2381:Middlewares/Third_Party/FreeRTOS/Source/queue.c **** 					the event were caused from within an interrupt. */
2382:Middlewares/Third_Party/FreeRTOS/Source/queue.c **** 					if( xCoRoutineRemoveFromEventList( &( pxQueue->xTasksWaitingToReceive ) ) != pdFALSE )
2383:Middlewares/Third_Party/FreeRTOS/Source/queue.c **** 					{
2384:Middlewares/Third_Party/FreeRTOS/Source/queue.c **** 						/* The co-routine waiting has a higher priority so record
2385:Middlewares/Third_Party/FreeRTOS/Source/queue.c **** 						that a yield might be appropriate. */
2386:Middlewares/Third_Party/FreeRTOS/Source/queue.c **** 						xReturn = errQUEUE_YIELD;
2387:Middlewares/Third_Party/FreeRTOS/Source/queue.c **** 					}
2388:Middlewares/Third_Party/FreeRTOS/Source/queue.c **** 					else
2389:Middlewares/Third_Party/FreeRTOS/Source/queue.c **** 					{
ARM GAS  /tmp/cc8vE36X.s 			page 152


2390:Middlewares/Third_Party/FreeRTOS/Source/queue.c **** 						mtCOVERAGE_TEST_MARKER();
2391:Middlewares/Third_Party/FreeRTOS/Source/queue.c **** 					}
2392:Middlewares/Third_Party/FreeRTOS/Source/queue.c **** 				}
2393:Middlewares/Third_Party/FreeRTOS/Source/queue.c **** 				else
2394:Middlewares/Third_Party/FreeRTOS/Source/queue.c **** 				{
2395:Middlewares/Third_Party/FreeRTOS/Source/queue.c **** 					mtCOVERAGE_TEST_MARKER();
2396:Middlewares/Third_Party/FreeRTOS/Source/queue.c **** 				}
2397:Middlewares/Third_Party/FreeRTOS/Source/queue.c **** 			}
2398:Middlewares/Third_Party/FreeRTOS/Source/queue.c **** 			else
2399:Middlewares/Third_Party/FreeRTOS/Source/queue.c **** 			{
2400:Middlewares/Third_Party/FreeRTOS/Source/queue.c **** 				xReturn = errQUEUE_FULL;
2401:Middlewares/Third_Party/FreeRTOS/Source/queue.c **** 			}
2402:Middlewares/Third_Party/FreeRTOS/Source/queue.c **** 		}
2403:Middlewares/Third_Party/FreeRTOS/Source/queue.c **** 		portENABLE_INTERRUPTS();
2404:Middlewares/Third_Party/FreeRTOS/Source/queue.c **** 
2405:Middlewares/Third_Party/FreeRTOS/Source/queue.c **** 		return xReturn;
2406:Middlewares/Third_Party/FreeRTOS/Source/queue.c **** 	}
2407:Middlewares/Third_Party/FreeRTOS/Source/queue.c **** 
2408:Middlewares/Third_Party/FreeRTOS/Source/queue.c **** #endif /* configUSE_CO_ROUTINES */
2409:Middlewares/Third_Party/FreeRTOS/Source/queue.c **** /*-----------------------------------------------------------*/
2410:Middlewares/Third_Party/FreeRTOS/Source/queue.c **** 
2411:Middlewares/Third_Party/FreeRTOS/Source/queue.c **** #if ( configUSE_CO_ROUTINES == 1 )
2412:Middlewares/Third_Party/FreeRTOS/Source/queue.c **** 
2413:Middlewares/Third_Party/FreeRTOS/Source/queue.c **** 	BaseType_t xQueueCRReceive( QueueHandle_t xQueue, void *pvBuffer, TickType_t xTicksToWait )
2414:Middlewares/Third_Party/FreeRTOS/Source/queue.c **** 	{
2415:Middlewares/Third_Party/FreeRTOS/Source/queue.c **** 	BaseType_t xReturn;
2416:Middlewares/Third_Party/FreeRTOS/Source/queue.c **** 	Queue_t * const pxQueue = ( Queue_t * ) xQueue;
2417:Middlewares/Third_Party/FreeRTOS/Source/queue.c **** 
2418:Middlewares/Third_Party/FreeRTOS/Source/queue.c **** 		/* If the queue is already empty we may have to block.  A critical section
2419:Middlewares/Third_Party/FreeRTOS/Source/queue.c **** 		is required to prevent an interrupt adding something to the queue
2420:Middlewares/Third_Party/FreeRTOS/Source/queue.c **** 		between the check to see if the queue is empty and blocking on the queue. */
2421:Middlewares/Third_Party/FreeRTOS/Source/queue.c **** 		portDISABLE_INTERRUPTS();
2422:Middlewares/Third_Party/FreeRTOS/Source/queue.c **** 		{
2423:Middlewares/Third_Party/FreeRTOS/Source/queue.c **** 			if( pxQueue->uxMessagesWaiting == ( UBaseType_t ) 0 )
2424:Middlewares/Third_Party/FreeRTOS/Source/queue.c **** 			{
2425:Middlewares/Third_Party/FreeRTOS/Source/queue.c **** 				/* There are no messages in the queue, do we want to block or just
2426:Middlewares/Third_Party/FreeRTOS/Source/queue.c **** 				leave with nothing? */
2427:Middlewares/Third_Party/FreeRTOS/Source/queue.c **** 				if( xTicksToWait > ( TickType_t ) 0 )
2428:Middlewares/Third_Party/FreeRTOS/Source/queue.c **** 				{
2429:Middlewares/Third_Party/FreeRTOS/Source/queue.c **** 					/* As this is a co-routine we cannot block directly, but return
2430:Middlewares/Third_Party/FreeRTOS/Source/queue.c **** 					indicating that we need to block. */
2431:Middlewares/Third_Party/FreeRTOS/Source/queue.c **** 					vCoRoutineAddToDelayedList( xTicksToWait, &( pxQueue->xTasksWaitingToReceive ) );
2432:Middlewares/Third_Party/FreeRTOS/Source/queue.c **** 					portENABLE_INTERRUPTS();
2433:Middlewares/Third_Party/FreeRTOS/Source/queue.c **** 					return errQUEUE_BLOCKED;
2434:Middlewares/Third_Party/FreeRTOS/Source/queue.c **** 				}
2435:Middlewares/Third_Party/FreeRTOS/Source/queue.c **** 				else
2436:Middlewares/Third_Party/FreeRTOS/Source/queue.c **** 				{
2437:Middlewares/Third_Party/FreeRTOS/Source/queue.c **** 					portENABLE_INTERRUPTS();
2438:Middlewares/Third_Party/FreeRTOS/Source/queue.c **** 					return errQUEUE_FULL;
2439:Middlewares/Third_Party/FreeRTOS/Source/queue.c **** 				}
2440:Middlewares/Third_Party/FreeRTOS/Source/queue.c **** 			}
2441:Middlewares/Third_Party/FreeRTOS/Source/queue.c **** 			else
2442:Middlewares/Third_Party/FreeRTOS/Source/queue.c **** 			{
2443:Middlewares/Third_Party/FreeRTOS/Source/queue.c **** 				mtCOVERAGE_TEST_MARKER();
2444:Middlewares/Third_Party/FreeRTOS/Source/queue.c **** 			}
2445:Middlewares/Third_Party/FreeRTOS/Source/queue.c **** 		}
2446:Middlewares/Third_Party/FreeRTOS/Source/queue.c **** 		portENABLE_INTERRUPTS();
ARM GAS  /tmp/cc8vE36X.s 			page 153


2447:Middlewares/Third_Party/FreeRTOS/Source/queue.c **** 
2448:Middlewares/Third_Party/FreeRTOS/Source/queue.c **** 		portDISABLE_INTERRUPTS();
2449:Middlewares/Third_Party/FreeRTOS/Source/queue.c **** 		{
2450:Middlewares/Third_Party/FreeRTOS/Source/queue.c **** 			if( pxQueue->uxMessagesWaiting > ( UBaseType_t ) 0 )
2451:Middlewares/Third_Party/FreeRTOS/Source/queue.c **** 			{
2452:Middlewares/Third_Party/FreeRTOS/Source/queue.c **** 				/* Data is available from the queue. */
2453:Middlewares/Third_Party/FreeRTOS/Source/queue.c **** 				pxQueue->u.pcReadFrom += pxQueue->uxItemSize;
2454:Middlewares/Third_Party/FreeRTOS/Source/queue.c **** 				if( pxQueue->u.pcReadFrom >= pxQueue->pcTail )
2455:Middlewares/Third_Party/FreeRTOS/Source/queue.c **** 				{
2456:Middlewares/Third_Party/FreeRTOS/Source/queue.c **** 					pxQueue->u.pcReadFrom = pxQueue->pcHead;
2457:Middlewares/Third_Party/FreeRTOS/Source/queue.c **** 				}
2458:Middlewares/Third_Party/FreeRTOS/Source/queue.c **** 				else
2459:Middlewares/Third_Party/FreeRTOS/Source/queue.c **** 				{
2460:Middlewares/Third_Party/FreeRTOS/Source/queue.c **** 					mtCOVERAGE_TEST_MARKER();
2461:Middlewares/Third_Party/FreeRTOS/Source/queue.c **** 				}
2462:Middlewares/Third_Party/FreeRTOS/Source/queue.c **** 				--( pxQueue->uxMessagesWaiting );
2463:Middlewares/Third_Party/FreeRTOS/Source/queue.c **** 				( void ) memcpy( ( void * ) pvBuffer, ( void * ) pxQueue->u.pcReadFrom, ( unsigned ) pxQueue->u
2464:Middlewares/Third_Party/FreeRTOS/Source/queue.c **** 
2465:Middlewares/Third_Party/FreeRTOS/Source/queue.c **** 				xReturn = pdPASS;
2466:Middlewares/Third_Party/FreeRTOS/Source/queue.c **** 
2467:Middlewares/Third_Party/FreeRTOS/Source/queue.c **** 				/* Were any co-routines waiting for space to become available? */
2468:Middlewares/Third_Party/FreeRTOS/Source/queue.c **** 				if( listLIST_IS_EMPTY( &( pxQueue->xTasksWaitingToSend ) ) == pdFALSE )
2469:Middlewares/Third_Party/FreeRTOS/Source/queue.c **** 				{
2470:Middlewares/Third_Party/FreeRTOS/Source/queue.c **** 					/* In this instance the co-routine could be placed directly
2471:Middlewares/Third_Party/FreeRTOS/Source/queue.c **** 					into the ready list as we are within a critical section.
2472:Middlewares/Third_Party/FreeRTOS/Source/queue.c **** 					Instead the same pending ready list mechanism is used as if
2473:Middlewares/Third_Party/FreeRTOS/Source/queue.c **** 					the event were caused from within an interrupt. */
2474:Middlewares/Third_Party/FreeRTOS/Source/queue.c **** 					if( xCoRoutineRemoveFromEventList( &( pxQueue->xTasksWaitingToSend ) ) != pdFALSE )
2475:Middlewares/Third_Party/FreeRTOS/Source/queue.c **** 					{
2476:Middlewares/Third_Party/FreeRTOS/Source/queue.c **** 						xReturn = errQUEUE_YIELD;
2477:Middlewares/Third_Party/FreeRTOS/Source/queue.c **** 					}
2478:Middlewares/Third_Party/FreeRTOS/Source/queue.c **** 					else
2479:Middlewares/Third_Party/FreeRTOS/Source/queue.c **** 					{
2480:Middlewares/Third_Party/FreeRTOS/Source/queue.c **** 						mtCOVERAGE_TEST_MARKER();
2481:Middlewares/Third_Party/FreeRTOS/Source/queue.c **** 					}
2482:Middlewares/Third_Party/FreeRTOS/Source/queue.c **** 				}
2483:Middlewares/Third_Party/FreeRTOS/Source/queue.c **** 				else
2484:Middlewares/Third_Party/FreeRTOS/Source/queue.c **** 				{
2485:Middlewares/Third_Party/FreeRTOS/Source/queue.c **** 					mtCOVERAGE_TEST_MARKER();
2486:Middlewares/Third_Party/FreeRTOS/Source/queue.c **** 				}
2487:Middlewares/Third_Party/FreeRTOS/Source/queue.c **** 			}
2488:Middlewares/Third_Party/FreeRTOS/Source/queue.c **** 			else
2489:Middlewares/Third_Party/FreeRTOS/Source/queue.c **** 			{
2490:Middlewares/Third_Party/FreeRTOS/Source/queue.c **** 				xReturn = pdFAIL;
2491:Middlewares/Third_Party/FreeRTOS/Source/queue.c **** 			}
2492:Middlewares/Third_Party/FreeRTOS/Source/queue.c **** 		}
2493:Middlewares/Third_Party/FreeRTOS/Source/queue.c **** 		portENABLE_INTERRUPTS();
2494:Middlewares/Third_Party/FreeRTOS/Source/queue.c **** 
2495:Middlewares/Third_Party/FreeRTOS/Source/queue.c **** 		return xReturn;
2496:Middlewares/Third_Party/FreeRTOS/Source/queue.c **** 	}
2497:Middlewares/Third_Party/FreeRTOS/Source/queue.c **** 
2498:Middlewares/Third_Party/FreeRTOS/Source/queue.c **** #endif /* configUSE_CO_ROUTINES */
2499:Middlewares/Third_Party/FreeRTOS/Source/queue.c **** /*-----------------------------------------------------------*/
2500:Middlewares/Third_Party/FreeRTOS/Source/queue.c **** 
2501:Middlewares/Third_Party/FreeRTOS/Source/queue.c **** #if ( configUSE_CO_ROUTINES == 1 )
2502:Middlewares/Third_Party/FreeRTOS/Source/queue.c **** 
2503:Middlewares/Third_Party/FreeRTOS/Source/queue.c **** 	BaseType_t xQueueCRSendFromISR( QueueHandle_t xQueue, const void *pvItemToQueue, BaseType_t xCoRou
ARM GAS  /tmp/cc8vE36X.s 			page 154


2504:Middlewares/Third_Party/FreeRTOS/Source/queue.c **** 	{
2505:Middlewares/Third_Party/FreeRTOS/Source/queue.c **** 	Queue_t * const pxQueue = ( Queue_t * ) xQueue;
2506:Middlewares/Third_Party/FreeRTOS/Source/queue.c **** 
2507:Middlewares/Third_Party/FreeRTOS/Source/queue.c **** 		/* Cannot block within an ISR so if there is no space on the queue then
2508:Middlewares/Third_Party/FreeRTOS/Source/queue.c **** 		exit without doing anything. */
2509:Middlewares/Third_Party/FreeRTOS/Source/queue.c **** 		if( pxQueue->uxMessagesWaiting < pxQueue->uxLength )
2510:Middlewares/Third_Party/FreeRTOS/Source/queue.c **** 		{
2511:Middlewares/Third_Party/FreeRTOS/Source/queue.c **** 			prvCopyDataToQueue( pxQueue, pvItemToQueue, queueSEND_TO_BACK );
2512:Middlewares/Third_Party/FreeRTOS/Source/queue.c **** 
2513:Middlewares/Third_Party/FreeRTOS/Source/queue.c **** 			/* We only want to wake one co-routine per ISR, so check that a
2514:Middlewares/Third_Party/FreeRTOS/Source/queue.c **** 			co-routine has not already been woken. */
2515:Middlewares/Third_Party/FreeRTOS/Source/queue.c **** 			if( xCoRoutinePreviouslyWoken == pdFALSE )
2516:Middlewares/Third_Party/FreeRTOS/Source/queue.c **** 			{
2517:Middlewares/Third_Party/FreeRTOS/Source/queue.c **** 				if( listLIST_IS_EMPTY( &( pxQueue->xTasksWaitingToReceive ) ) == pdFALSE )
2518:Middlewares/Third_Party/FreeRTOS/Source/queue.c **** 				{
2519:Middlewares/Third_Party/FreeRTOS/Source/queue.c **** 					if( xCoRoutineRemoveFromEventList( &( pxQueue->xTasksWaitingToReceive ) ) != pdFALSE )
2520:Middlewares/Third_Party/FreeRTOS/Source/queue.c **** 					{
2521:Middlewares/Third_Party/FreeRTOS/Source/queue.c **** 						return pdTRUE;
2522:Middlewares/Third_Party/FreeRTOS/Source/queue.c **** 					}
2523:Middlewares/Third_Party/FreeRTOS/Source/queue.c **** 					else
2524:Middlewares/Third_Party/FreeRTOS/Source/queue.c **** 					{
2525:Middlewares/Third_Party/FreeRTOS/Source/queue.c **** 						mtCOVERAGE_TEST_MARKER();
2526:Middlewares/Third_Party/FreeRTOS/Source/queue.c **** 					}
2527:Middlewares/Third_Party/FreeRTOS/Source/queue.c **** 				}
2528:Middlewares/Third_Party/FreeRTOS/Source/queue.c **** 				else
2529:Middlewares/Third_Party/FreeRTOS/Source/queue.c **** 				{
2530:Middlewares/Third_Party/FreeRTOS/Source/queue.c **** 					mtCOVERAGE_TEST_MARKER();
2531:Middlewares/Third_Party/FreeRTOS/Source/queue.c **** 				}
2532:Middlewares/Third_Party/FreeRTOS/Source/queue.c **** 			}
2533:Middlewares/Third_Party/FreeRTOS/Source/queue.c **** 			else
2534:Middlewares/Third_Party/FreeRTOS/Source/queue.c **** 			{
2535:Middlewares/Third_Party/FreeRTOS/Source/queue.c **** 				mtCOVERAGE_TEST_MARKER();
2536:Middlewares/Third_Party/FreeRTOS/Source/queue.c **** 			}
2537:Middlewares/Third_Party/FreeRTOS/Source/queue.c **** 		}
2538:Middlewares/Third_Party/FreeRTOS/Source/queue.c **** 		else
2539:Middlewares/Third_Party/FreeRTOS/Source/queue.c **** 		{
2540:Middlewares/Third_Party/FreeRTOS/Source/queue.c **** 			mtCOVERAGE_TEST_MARKER();
2541:Middlewares/Third_Party/FreeRTOS/Source/queue.c **** 		}
2542:Middlewares/Third_Party/FreeRTOS/Source/queue.c **** 
2543:Middlewares/Third_Party/FreeRTOS/Source/queue.c **** 		return xCoRoutinePreviouslyWoken;
2544:Middlewares/Third_Party/FreeRTOS/Source/queue.c **** 	}
2545:Middlewares/Third_Party/FreeRTOS/Source/queue.c **** 
2546:Middlewares/Third_Party/FreeRTOS/Source/queue.c **** #endif /* configUSE_CO_ROUTINES */
2547:Middlewares/Third_Party/FreeRTOS/Source/queue.c **** /*-----------------------------------------------------------*/
2548:Middlewares/Third_Party/FreeRTOS/Source/queue.c **** 
2549:Middlewares/Third_Party/FreeRTOS/Source/queue.c **** #if ( configUSE_CO_ROUTINES == 1 )
2550:Middlewares/Third_Party/FreeRTOS/Source/queue.c **** 
2551:Middlewares/Third_Party/FreeRTOS/Source/queue.c **** 	BaseType_t xQueueCRReceiveFromISR( QueueHandle_t xQueue, void *pvBuffer, BaseType_t *pxCoRoutineWo
2552:Middlewares/Third_Party/FreeRTOS/Source/queue.c **** 	{
2553:Middlewares/Third_Party/FreeRTOS/Source/queue.c **** 	BaseType_t xReturn;
2554:Middlewares/Third_Party/FreeRTOS/Source/queue.c **** 	Queue_t * const pxQueue = ( Queue_t * ) xQueue;
2555:Middlewares/Third_Party/FreeRTOS/Source/queue.c **** 
2556:Middlewares/Third_Party/FreeRTOS/Source/queue.c **** 		/* We cannot block from an ISR, so check there is data available. If
2557:Middlewares/Third_Party/FreeRTOS/Source/queue.c **** 		not then just leave without doing anything. */
2558:Middlewares/Third_Party/FreeRTOS/Source/queue.c **** 		if( pxQueue->uxMessagesWaiting > ( UBaseType_t ) 0 )
2559:Middlewares/Third_Party/FreeRTOS/Source/queue.c **** 		{
2560:Middlewares/Third_Party/FreeRTOS/Source/queue.c **** 			/* Copy the data from the queue. */
ARM GAS  /tmp/cc8vE36X.s 			page 155


2561:Middlewares/Third_Party/FreeRTOS/Source/queue.c **** 			pxQueue->u.pcReadFrom += pxQueue->uxItemSize;
2562:Middlewares/Third_Party/FreeRTOS/Source/queue.c **** 			if( pxQueue->u.pcReadFrom >= pxQueue->pcTail )
2563:Middlewares/Third_Party/FreeRTOS/Source/queue.c **** 			{
2564:Middlewares/Third_Party/FreeRTOS/Source/queue.c **** 				pxQueue->u.pcReadFrom = pxQueue->pcHead;
2565:Middlewares/Third_Party/FreeRTOS/Source/queue.c **** 			}
2566:Middlewares/Third_Party/FreeRTOS/Source/queue.c **** 			else
2567:Middlewares/Third_Party/FreeRTOS/Source/queue.c **** 			{
2568:Middlewares/Third_Party/FreeRTOS/Source/queue.c **** 				mtCOVERAGE_TEST_MARKER();
2569:Middlewares/Third_Party/FreeRTOS/Source/queue.c **** 			}
2570:Middlewares/Third_Party/FreeRTOS/Source/queue.c **** 			--( pxQueue->uxMessagesWaiting );
2571:Middlewares/Third_Party/FreeRTOS/Source/queue.c **** 			( void ) memcpy( ( void * ) pvBuffer, ( void * ) pxQueue->u.pcReadFrom, ( unsigned ) pxQueue->ux
2572:Middlewares/Third_Party/FreeRTOS/Source/queue.c **** 
2573:Middlewares/Third_Party/FreeRTOS/Source/queue.c **** 			if( ( *pxCoRoutineWoken ) == pdFALSE )
2574:Middlewares/Third_Party/FreeRTOS/Source/queue.c **** 			{
2575:Middlewares/Third_Party/FreeRTOS/Source/queue.c **** 				if( listLIST_IS_EMPTY( &( pxQueue->xTasksWaitingToSend ) ) == pdFALSE )
2576:Middlewares/Third_Party/FreeRTOS/Source/queue.c **** 				{
2577:Middlewares/Third_Party/FreeRTOS/Source/queue.c **** 					if( xCoRoutineRemoveFromEventList( &( pxQueue->xTasksWaitingToSend ) ) != pdFALSE )
2578:Middlewares/Third_Party/FreeRTOS/Source/queue.c **** 					{
2579:Middlewares/Third_Party/FreeRTOS/Source/queue.c **** 						*pxCoRoutineWoken = pdTRUE;
2580:Middlewares/Third_Party/FreeRTOS/Source/queue.c **** 					}
2581:Middlewares/Third_Party/FreeRTOS/Source/queue.c **** 					else
2582:Middlewares/Third_Party/FreeRTOS/Source/queue.c **** 					{
2583:Middlewares/Third_Party/FreeRTOS/Source/queue.c **** 						mtCOVERAGE_TEST_MARKER();
2584:Middlewares/Third_Party/FreeRTOS/Source/queue.c **** 					}
2585:Middlewares/Third_Party/FreeRTOS/Source/queue.c **** 				}
2586:Middlewares/Third_Party/FreeRTOS/Source/queue.c **** 				else
2587:Middlewares/Third_Party/FreeRTOS/Source/queue.c **** 				{
2588:Middlewares/Third_Party/FreeRTOS/Source/queue.c **** 					mtCOVERAGE_TEST_MARKER();
2589:Middlewares/Third_Party/FreeRTOS/Source/queue.c **** 				}
2590:Middlewares/Third_Party/FreeRTOS/Source/queue.c **** 			}
2591:Middlewares/Third_Party/FreeRTOS/Source/queue.c **** 			else
2592:Middlewares/Third_Party/FreeRTOS/Source/queue.c **** 			{
2593:Middlewares/Third_Party/FreeRTOS/Source/queue.c **** 				mtCOVERAGE_TEST_MARKER();
2594:Middlewares/Third_Party/FreeRTOS/Source/queue.c **** 			}
2595:Middlewares/Third_Party/FreeRTOS/Source/queue.c **** 
2596:Middlewares/Third_Party/FreeRTOS/Source/queue.c **** 			xReturn = pdPASS;
2597:Middlewares/Third_Party/FreeRTOS/Source/queue.c **** 		}
2598:Middlewares/Third_Party/FreeRTOS/Source/queue.c **** 		else
2599:Middlewares/Third_Party/FreeRTOS/Source/queue.c **** 		{
2600:Middlewares/Third_Party/FreeRTOS/Source/queue.c **** 			xReturn = pdFAIL;
2601:Middlewares/Third_Party/FreeRTOS/Source/queue.c **** 		}
2602:Middlewares/Third_Party/FreeRTOS/Source/queue.c **** 
2603:Middlewares/Third_Party/FreeRTOS/Source/queue.c **** 		return xReturn;
2604:Middlewares/Third_Party/FreeRTOS/Source/queue.c **** 	}
2605:Middlewares/Third_Party/FreeRTOS/Source/queue.c **** 
2606:Middlewares/Third_Party/FreeRTOS/Source/queue.c **** #endif /* configUSE_CO_ROUTINES */
2607:Middlewares/Third_Party/FreeRTOS/Source/queue.c **** /*-----------------------------------------------------------*/
2608:Middlewares/Third_Party/FreeRTOS/Source/queue.c **** 
2609:Middlewares/Third_Party/FreeRTOS/Source/queue.c **** #if ( configQUEUE_REGISTRY_SIZE > 0 )
2610:Middlewares/Third_Party/FreeRTOS/Source/queue.c **** 
2611:Middlewares/Third_Party/FreeRTOS/Source/queue.c **** 	void vQueueAddToRegistry( QueueHandle_t xQueue, const char *pcQueueName ) /*lint !e971 Unqualified
2612:Middlewares/Third_Party/FreeRTOS/Source/queue.c **** 	{
 4746              		.loc 1 2612 2 is_stmt 1 view -0
 4747              		.cfi_startproc
 4748              		@ args = 0, pretend = 0, frame = 0
 4749              		@ frame_needed = 0, uses_anonymous_args = 0
 4750              		@ link register save eliminated.
ARM GAS  /tmp/cc8vE36X.s 			page 156


2613:Middlewares/Third_Party/FreeRTOS/Source/queue.c **** 	UBaseType_t ux;
 4751              		.loc 1 2613 2 view .LVU1389
2614:Middlewares/Third_Party/FreeRTOS/Source/queue.c **** 
2615:Middlewares/Third_Party/FreeRTOS/Source/queue.c **** 		/* See if there is an empty space in the registry.  A NULL name denotes
2616:Middlewares/Third_Party/FreeRTOS/Source/queue.c **** 		a free slot. */
2617:Middlewares/Third_Party/FreeRTOS/Source/queue.c **** 		for( ux = ( UBaseType_t ) 0U; ux < ( UBaseType_t ) configQUEUE_REGISTRY_SIZE; ux++ )
 4752              		.loc 1 2617 3 view .LVU1390
 4753              		.loc 1 2617 11 is_stmt 0 view .LVU1391
 4754 0000 0023     		movs	r3, #0
 4755              	.LVL366:
 4756              	.L357:
 4757              		.loc 1 2617 36 is_stmt 1 discriminator 1 view .LVU1392
 4758 0002 072B     		cmp	r3, #7
 4759 0004 0CD8     		bhi	.L361
2618:Middlewares/Third_Party/FreeRTOS/Source/queue.c **** 		{
2619:Middlewares/Third_Party/FreeRTOS/Source/queue.c **** 			if( xQueueRegistry[ ux ].pcQueueName == NULL )
 4760              		.loc 1 2619 4 view .LVU1393
 4761              		.loc 1 2619 28 is_stmt 0 view .LVU1394
 4762 0006 074A     		ldr	r2, .L363
 4763 0008 52F83320 		ldr	r2, [r2, r3, lsl #3]
 4764              		.loc 1 2619 6 view .LVU1395
 4765 000c 0AB1     		cbz	r2, .L362
2620:Middlewares/Third_Party/FreeRTOS/Source/queue.c **** 			{
2621:Middlewares/Third_Party/FreeRTOS/Source/queue.c **** 				/* Store the information on this queue. */
2622:Middlewares/Third_Party/FreeRTOS/Source/queue.c **** 				xQueueRegistry[ ux ].pcQueueName = pcQueueName;
2623:Middlewares/Third_Party/FreeRTOS/Source/queue.c **** 				xQueueRegistry[ ux ].xHandle = xQueue;
2624:Middlewares/Third_Party/FreeRTOS/Source/queue.c **** 
2625:Middlewares/Third_Party/FreeRTOS/Source/queue.c **** 				traceQUEUE_REGISTRY_ADD( xQueue, pcQueueName );
2626:Middlewares/Third_Party/FreeRTOS/Source/queue.c **** 				break;
2627:Middlewares/Third_Party/FreeRTOS/Source/queue.c **** 			}
2628:Middlewares/Third_Party/FreeRTOS/Source/queue.c **** 			else
2629:Middlewares/Third_Party/FreeRTOS/Source/queue.c **** 			{
2630:Middlewares/Third_Party/FreeRTOS/Source/queue.c **** 				mtCOVERAGE_TEST_MARKER();
 4766              		.loc 1 2630 29 is_stmt 1 view .LVU1396
2617:Middlewares/Third_Party/FreeRTOS/Source/queue.c **** 		{
 4767              		.loc 1 2617 83 discriminator 2 view .LVU1397
 4768 000e 0133     		adds	r3, r3, #1
 4769              	.LVL367:
2617:Middlewares/Third_Party/FreeRTOS/Source/queue.c **** 		{
 4770              		.loc 1 2617 83 is_stmt 0 discriminator 2 view .LVU1398
 4771 0010 F7E7     		b	.L357
 4772              	.L362:
2622:Middlewares/Third_Party/FreeRTOS/Source/queue.c **** 				xQueueRegistry[ ux ].xHandle = xQueue;
 4773              		.loc 1 2622 5 is_stmt 1 view .LVU1399
2622:Middlewares/Third_Party/FreeRTOS/Source/queue.c **** 				xQueueRegistry[ ux ].xHandle = xQueue;
 4774              		.loc 1 2622 38 is_stmt 0 view .LVU1400
 4775 0012 044A     		ldr	r2, .L363
 4776 0014 42F83310 		str	r1, [r2, r3, lsl #3]
2623:Middlewares/Third_Party/FreeRTOS/Source/queue.c **** 
 4777              		.loc 1 2623 5 is_stmt 1 view .LVU1401
2623:Middlewares/Third_Party/FreeRTOS/Source/queue.c **** 
 4778              		.loc 1 2623 34 is_stmt 0 view .LVU1402
 4779 0018 02EBC302 		add	r2, r2, r3, lsl #3
 4780 001c 5060     		str	r0, [r2, #4]
2625:Middlewares/Third_Party/FreeRTOS/Source/queue.c **** 				break;
 4781              		.loc 1 2625 51 is_stmt 1 view .LVU1403
2626:Middlewares/Third_Party/FreeRTOS/Source/queue.c **** 			}
ARM GAS  /tmp/cc8vE36X.s 			page 157


 4782              		.loc 1 2626 5 view .LVU1404
 4783 001e 7047     		bx	lr
 4784              	.L361:
2631:Middlewares/Third_Party/FreeRTOS/Source/queue.c **** 			}
2632:Middlewares/Third_Party/FreeRTOS/Source/queue.c **** 		}
2633:Middlewares/Third_Party/FreeRTOS/Source/queue.c **** 	}
 4785              		.loc 1 2633 2 is_stmt 0 view .LVU1405
 4786 0020 7047     		bx	lr
 4787              	.L364:
 4788 0022 00BF     		.align	2
 4789              	.L363:
 4790 0024 00000000 		.word	xQueueRegistry
 4791              		.cfi_endproc
 4792              	.LFE40:
 4794              		.section	.text.pcQueueGetName,"ax",%progbits
 4795              		.align	1
 4796              		.global	pcQueueGetName
 4797              		.syntax unified
 4798              		.thumb
 4799              		.thumb_func
 4801              	pcQueueGetName:
 4802              	.LVL368:
 4803              	.LFB41:
2634:Middlewares/Third_Party/FreeRTOS/Source/queue.c **** 
2635:Middlewares/Third_Party/FreeRTOS/Source/queue.c **** #endif /* configQUEUE_REGISTRY_SIZE */
2636:Middlewares/Third_Party/FreeRTOS/Source/queue.c **** /*-----------------------------------------------------------*/
2637:Middlewares/Third_Party/FreeRTOS/Source/queue.c **** 
2638:Middlewares/Third_Party/FreeRTOS/Source/queue.c **** #if ( configQUEUE_REGISTRY_SIZE > 0 )
2639:Middlewares/Third_Party/FreeRTOS/Source/queue.c **** 
2640:Middlewares/Third_Party/FreeRTOS/Source/queue.c **** 	const char *pcQueueGetName( QueueHandle_t xQueue ) /*lint !e971 Unqualified char types are allowed
2641:Middlewares/Third_Party/FreeRTOS/Source/queue.c **** 	{
 4804              		.loc 1 2641 2 is_stmt 1 view -0
 4805              		.cfi_startproc
 4806              		@ args = 0, pretend = 0, frame = 0
 4807              		@ frame_needed = 0, uses_anonymous_args = 0
 4808              		@ link register save eliminated.
2642:Middlewares/Third_Party/FreeRTOS/Source/queue.c **** 	UBaseType_t ux;
 4809              		.loc 1 2642 2 view .LVU1407
2643:Middlewares/Third_Party/FreeRTOS/Source/queue.c **** 	const char *pcReturn = NULL; /*lint !e971 Unqualified char types are allowed for strings and singl
 4810              		.loc 1 2643 2 view .LVU1408
2644:Middlewares/Third_Party/FreeRTOS/Source/queue.c **** 
2645:Middlewares/Third_Party/FreeRTOS/Source/queue.c **** 		/* Note there is nothing here to protect against another task adding or
2646:Middlewares/Third_Party/FreeRTOS/Source/queue.c **** 		removing entries from the registry while it is being searched. */
2647:Middlewares/Third_Party/FreeRTOS/Source/queue.c **** 		for( ux = ( UBaseType_t ) 0U; ux < ( UBaseType_t ) configQUEUE_REGISTRY_SIZE; ux++ )
 4811              		.loc 1 2647 3 view .LVU1409
 4812              		.loc 1 2647 11 is_stmt 0 view .LVU1410
 4813 0000 0023     		movs	r3, #0
 4814              	.LVL369:
 4815              	.L366:
 4816              		.loc 1 2647 36 is_stmt 1 discriminator 1 view .LVU1411
 4817 0002 072B     		cmp	r3, #7
 4818 0004 0BD8     		bhi	.L370
2648:Middlewares/Third_Party/FreeRTOS/Source/queue.c **** 		{
2649:Middlewares/Third_Party/FreeRTOS/Source/queue.c **** 			if( xQueueRegistry[ ux ].xHandle == xQueue )
 4819              		.loc 1 2649 4 view .LVU1412
 4820              		.loc 1 2649 28 is_stmt 0 view .LVU1413
 4821 0006 074A     		ldr	r2, .L372
ARM GAS  /tmp/cc8vE36X.s 			page 158


 4822 0008 02EBC302 		add	r2, r2, r3, lsl #3
 4823 000c 5268     		ldr	r2, [r2, #4]
 4824              		.loc 1 2649 6 view .LVU1414
 4825 000e 8242     		cmp	r2, r0
 4826 0010 01D0     		beq	.L371
2650:Middlewares/Third_Party/FreeRTOS/Source/queue.c **** 			{
2651:Middlewares/Third_Party/FreeRTOS/Source/queue.c **** 				pcReturn = xQueueRegistry[ ux ].pcQueueName;
2652:Middlewares/Third_Party/FreeRTOS/Source/queue.c **** 				break;
2653:Middlewares/Third_Party/FreeRTOS/Source/queue.c **** 			}
2654:Middlewares/Third_Party/FreeRTOS/Source/queue.c **** 			else
2655:Middlewares/Third_Party/FreeRTOS/Source/queue.c **** 			{
2656:Middlewares/Third_Party/FreeRTOS/Source/queue.c **** 				mtCOVERAGE_TEST_MARKER();
 4827              		.loc 1 2656 29 is_stmt 1 view .LVU1415
2647:Middlewares/Third_Party/FreeRTOS/Source/queue.c **** 		{
 4828              		.loc 1 2647 83 discriminator 2 view .LVU1416
 4829 0012 0133     		adds	r3, r3, #1
 4830              	.LVL370:
2647:Middlewares/Third_Party/FreeRTOS/Source/queue.c **** 		{
 4831              		.loc 1 2647 83 is_stmt 0 discriminator 2 view .LVU1417
 4832 0014 F5E7     		b	.L366
 4833              	.L371:
2651:Middlewares/Third_Party/FreeRTOS/Source/queue.c **** 				break;
 4834              		.loc 1 2651 5 is_stmt 1 view .LVU1418
2651:Middlewares/Third_Party/FreeRTOS/Source/queue.c **** 				break;
 4835              		.loc 1 2651 14 is_stmt 0 view .LVU1419
 4836 0016 034A     		ldr	r2, .L372
 4837 0018 52F83300 		ldr	r0, [r2, r3, lsl #3]
 4838              	.LVL371:
2652:Middlewares/Third_Party/FreeRTOS/Source/queue.c **** 			}
 4839              		.loc 1 2652 5 is_stmt 1 view .LVU1420
 4840 001c 7047     		bx	lr
 4841              	.LVL372:
 4842              	.L370:
2643:Middlewares/Third_Party/FreeRTOS/Source/queue.c **** 
 4843              		.loc 1 2643 14 is_stmt 0 view .LVU1421
 4844 001e 0020     		movs	r0, #0
 4845              	.LVL373:
2657:Middlewares/Third_Party/FreeRTOS/Source/queue.c **** 			}
2658:Middlewares/Third_Party/FreeRTOS/Source/queue.c **** 		}
2659:Middlewares/Third_Party/FreeRTOS/Source/queue.c **** 
2660:Middlewares/Third_Party/FreeRTOS/Source/queue.c **** 		return pcReturn;
 4846              		.loc 1 2660 3 is_stmt 1 view .LVU1422
2661:Middlewares/Third_Party/FreeRTOS/Source/queue.c **** 	} /*lint !e818 xQueue cannot be a pointer to const because it is a typedef. */
 4847              		.loc 1 2661 2 is_stmt 0 view .LVU1423
 4848 0020 7047     		bx	lr
 4849              	.L373:
 4850 0022 00BF     		.align	2
 4851              	.L372:
 4852 0024 00000000 		.word	xQueueRegistry
 4853              		.cfi_endproc
 4854              	.LFE41:
 4856              		.section	.text.vQueueUnregisterQueue,"ax",%progbits
 4857              		.align	1
 4858              		.global	vQueueUnregisterQueue
 4859              		.syntax unified
 4860              		.thumb
 4861              		.thumb_func
ARM GAS  /tmp/cc8vE36X.s 			page 159


 4863              	vQueueUnregisterQueue:
 4864              	.LVL374:
 4865              	.LFB42:
2662:Middlewares/Third_Party/FreeRTOS/Source/queue.c **** 
2663:Middlewares/Third_Party/FreeRTOS/Source/queue.c **** #endif /* configQUEUE_REGISTRY_SIZE */
2664:Middlewares/Third_Party/FreeRTOS/Source/queue.c **** /*-----------------------------------------------------------*/
2665:Middlewares/Third_Party/FreeRTOS/Source/queue.c **** 
2666:Middlewares/Third_Party/FreeRTOS/Source/queue.c **** #if ( configQUEUE_REGISTRY_SIZE > 0 )
2667:Middlewares/Third_Party/FreeRTOS/Source/queue.c **** 
2668:Middlewares/Third_Party/FreeRTOS/Source/queue.c **** 	void vQueueUnregisterQueue( QueueHandle_t xQueue )
2669:Middlewares/Third_Party/FreeRTOS/Source/queue.c **** 	{
 4866              		.loc 1 2669 2 is_stmt 1 view -0
 4867              		.cfi_startproc
 4868              		@ args = 0, pretend = 0, frame = 0
 4869              		@ frame_needed = 0, uses_anonymous_args = 0
 4870              		@ link register save eliminated.
2670:Middlewares/Third_Party/FreeRTOS/Source/queue.c **** 	UBaseType_t ux;
 4871              		.loc 1 2670 2 view .LVU1425
2671:Middlewares/Third_Party/FreeRTOS/Source/queue.c **** 
2672:Middlewares/Third_Party/FreeRTOS/Source/queue.c **** 		/* See if the handle of the queue being unregistered in actually in the
2673:Middlewares/Third_Party/FreeRTOS/Source/queue.c **** 		registry. */
2674:Middlewares/Third_Party/FreeRTOS/Source/queue.c **** 		for( ux = ( UBaseType_t ) 0U; ux < ( UBaseType_t ) configQUEUE_REGISTRY_SIZE; ux++ )
 4872              		.loc 1 2674 3 view .LVU1426
 4873              		.loc 1 2674 11 is_stmt 0 view .LVU1427
 4874 0000 0023     		movs	r3, #0
 4875              	.LVL375:
 4876              	.L375:
 4877              		.loc 1 2674 36 is_stmt 1 discriminator 1 view .LVU1428
 4878 0002 072B     		cmp	r3, #7
 4879 0004 0FD8     		bhi	.L379
2675:Middlewares/Third_Party/FreeRTOS/Source/queue.c **** 		{
2676:Middlewares/Third_Party/FreeRTOS/Source/queue.c **** 			if( xQueueRegistry[ ux ].xHandle == xQueue )
 4880              		.loc 1 2676 4 view .LVU1429
 4881              		.loc 1 2676 28 is_stmt 0 view .LVU1430
 4882 0006 084A     		ldr	r2, .L381
 4883 0008 02EBC302 		add	r2, r2, r3, lsl #3
 4884 000c 5268     		ldr	r2, [r2, #4]
 4885              		.loc 1 2676 6 view .LVU1431
 4886 000e 8242     		cmp	r2, r0
 4887 0010 01D0     		beq	.L380
2677:Middlewares/Third_Party/FreeRTOS/Source/queue.c **** 			{
2678:Middlewares/Third_Party/FreeRTOS/Source/queue.c **** 				/* Set the name to NULL to show that this slot if free again. */
2679:Middlewares/Third_Party/FreeRTOS/Source/queue.c **** 				xQueueRegistry[ ux ].pcQueueName = NULL;
2680:Middlewares/Third_Party/FreeRTOS/Source/queue.c **** 
2681:Middlewares/Third_Party/FreeRTOS/Source/queue.c **** 				/* Set the handle to NULL to ensure the same queue handle cannot
2682:Middlewares/Third_Party/FreeRTOS/Source/queue.c **** 				appear in the registry twice if it is added, removed, then
2683:Middlewares/Third_Party/FreeRTOS/Source/queue.c **** 				added again. */
2684:Middlewares/Third_Party/FreeRTOS/Source/queue.c **** 				xQueueRegistry[ ux ].xHandle = ( QueueHandle_t ) 0;
2685:Middlewares/Third_Party/FreeRTOS/Source/queue.c **** 				break;
2686:Middlewares/Third_Party/FreeRTOS/Source/queue.c **** 			}
2687:Middlewares/Third_Party/FreeRTOS/Source/queue.c **** 			else
2688:Middlewares/Third_Party/FreeRTOS/Source/queue.c **** 			{
2689:Middlewares/Third_Party/FreeRTOS/Source/queue.c **** 				mtCOVERAGE_TEST_MARKER();
 4888              		.loc 1 2689 29 is_stmt 1 view .LVU1432
2674:Middlewares/Third_Party/FreeRTOS/Source/queue.c **** 		{
 4889              		.loc 1 2674 83 discriminator 2 view .LVU1433
 4890 0012 0133     		adds	r3, r3, #1
ARM GAS  /tmp/cc8vE36X.s 			page 160


 4891              	.LVL376:
2674:Middlewares/Third_Party/FreeRTOS/Source/queue.c **** 		{
 4892              		.loc 1 2674 83 is_stmt 0 discriminator 2 view .LVU1434
 4893 0014 F5E7     		b	.L375
 4894              	.L380:
2679:Middlewares/Third_Party/FreeRTOS/Source/queue.c **** 
 4895              		.loc 1 2679 5 is_stmt 1 view .LVU1435
2679:Middlewares/Third_Party/FreeRTOS/Source/queue.c **** 
 4896              		.loc 1 2679 38 is_stmt 0 view .LVU1436
 4897 0016 044A     		ldr	r2, .L381
 4898 0018 0021     		movs	r1, #0
 4899 001a 42F83310 		str	r1, [r2, r3, lsl #3]
2684:Middlewares/Third_Party/FreeRTOS/Source/queue.c **** 				break;
 4900              		.loc 1 2684 5 is_stmt 1 view .LVU1437
2684:Middlewares/Third_Party/FreeRTOS/Source/queue.c **** 				break;
 4901              		.loc 1 2684 34 is_stmt 0 view .LVU1438
 4902 001e 02EBC302 		add	r2, r2, r3, lsl #3
 4903 0022 5160     		str	r1, [r2, #4]
2685:Middlewares/Third_Party/FreeRTOS/Source/queue.c **** 			}
 4904              		.loc 1 2685 5 is_stmt 1 view .LVU1439
 4905 0024 7047     		bx	lr
 4906              	.L379:
2690:Middlewares/Third_Party/FreeRTOS/Source/queue.c **** 			}
2691:Middlewares/Third_Party/FreeRTOS/Source/queue.c **** 		}
2692:Middlewares/Third_Party/FreeRTOS/Source/queue.c **** 
2693:Middlewares/Third_Party/FreeRTOS/Source/queue.c **** 	} /*lint !e818 xQueue could not be pointer to const because it is a typedef. */
 4907              		.loc 1 2693 2 is_stmt 0 view .LVU1440
 4908 0026 7047     		bx	lr
 4909              	.L382:
 4910              		.align	2
 4911              	.L381:
 4912 0028 00000000 		.word	xQueueRegistry
 4913              		.cfi_endproc
 4914              	.LFE42:
 4916              		.section	.text.vQueueDelete,"ax",%progbits
 4917              		.align	1
 4918              		.global	vQueueDelete
 4919              		.syntax unified
 4920              		.thumb
 4921              		.thumb_func
 4923              	vQueueDelete:
 4924              	.LVL377:
 4925              	.LFB28:
1941:Middlewares/Third_Party/FreeRTOS/Source/queue.c **** Queue_t * const pxQueue = ( Queue_t * ) xQueue;
 4926              		.loc 1 1941 1 is_stmt 1 view -0
 4927              		.cfi_startproc
 4928              		@ args = 0, pretend = 0, frame = 0
 4929              		@ frame_needed = 0, uses_anonymous_args = 0
1942:Middlewares/Third_Party/FreeRTOS/Source/queue.c **** 
 4930              		.loc 1 1942 1 view .LVU1442
1944:Middlewares/Third_Party/FreeRTOS/Source/queue.c **** 	traceQUEUE_DELETE( pxQueue );
 4931              		.loc 1 1944 2 view .LVU1443
 4932 0000 38B1     		cbz	r0, .L389
1941:Middlewares/Third_Party/FreeRTOS/Source/queue.c **** Queue_t * const pxQueue = ( Queue_t * ) xQueue;
 4933              		.loc 1 1941 1 is_stmt 0 view .LVU1444
 4934 0002 10B5     		push	{r4, lr}
 4935              	.LCFI55:
ARM GAS  /tmp/cc8vE36X.s 			page 161


 4936              		.cfi_def_cfa_offset 8
 4937              		.cfi_offset 4, -8
 4938              		.cfi_offset 14, -4
 4939 0004 0446     		mov	r4, r0
1944:Middlewares/Third_Party/FreeRTOS/Source/queue.c **** 	traceQUEUE_DELETE( pxQueue );
 4940              		.loc 1 1944 25 is_stmt 1 discriminator 2 view .LVU1445
1945:Middlewares/Third_Party/FreeRTOS/Source/queue.c **** 
 4941              		.loc 1 1945 30 view .LVU1446
1949:Middlewares/Third_Party/FreeRTOS/Source/queue.c **** 	}
 4942              		.loc 1 1949 3 view .LVU1447
 4943 0006 FFF7FEFF 		bl	vQueueUnregisterQueue
 4944              	.LVL378:
1963:Middlewares/Third_Party/FreeRTOS/Source/queue.c **** 		{
 4945              		.loc 1 1963 3 view .LVU1448
1963:Middlewares/Third_Party/FreeRTOS/Source/queue.c **** 		{
 4946              		.loc 1 1963 14 is_stmt 0 view .LVU1449
 4947 000a 94F84630 		ldrb	r3, [r4, #70]	@ zero_extendqisi2
1963:Middlewares/Third_Party/FreeRTOS/Source/queue.c **** 		{
 4948              		.loc 1 1963 5 view .LVU1450
 4949 000e 4BB1     		cbz	r3, .L390
 4950              	.L383:
1979:Middlewares/Third_Party/FreeRTOS/Source/queue.c **** /*-----------------------------------------------------------*/
 4951              		.loc 1 1979 1 view .LVU1451
 4952 0010 10BD     		pop	{r4, pc}
 4953              	.LVL379:
 4954              	.L389:
 4955              	.LCFI56:
 4956              		.cfi_def_cfa_offset 0
 4957              		.cfi_restore 4
 4958              		.cfi_restore 14
1944:Middlewares/Third_Party/FreeRTOS/Source/queue.c **** 	traceQUEUE_DELETE( pxQueue );
 4959              		.loc 1 1944 2 is_stmt 1 discriminator 1 view .LVU1452
 4960              	.LBB246:
 4961              	.LBI246:
 191:Middlewares/Third_Party/FreeRTOS/Source/portable/GCC/ARM_CM4F/portmacro.h **** {
 4962              		.loc 2 191 30 view .LVU1453
 4963              	.LBB247:
 193:Middlewares/Third_Party/FreeRTOS/Source/portable/GCC/ARM_CM4F/portmacro.h **** 
 4964              		.loc 2 193 1 view .LVU1454
 195:Middlewares/Third_Party/FreeRTOS/Source/portable/GCC/ARM_CM4F/portmacro.h **** 	(
 4965              		.loc 2 195 2 view .LVU1455
 4966              		.syntax unified
 4967              	@ 195 "Middlewares/Third_Party/FreeRTOS/Source/portable/GCC/ARM_CM4F/portmacro.h" 1
 4968 0012 4FF05003 			mov r3, #80												
 4969 0016 83F31188 		msr basepri, r3											
 4970 001a BFF36F8F 		isb														
 4971 001e BFF34F8F 		dsb														
 4972              	
 4973              	@ 0 "" 2
 4974              		.thumb
 4975              		.syntax unified
 4976              	.L385:
 4977              	.LBE247:
 4978              	.LBE246:
1944:Middlewares/Third_Party/FreeRTOS/Source/queue.c **** 	traceQUEUE_DELETE( pxQueue );
 4979              		.loc 1 1944 2 discriminator 3 view .LVU1456
1944:Middlewares/Third_Party/FreeRTOS/Source/queue.c **** 	traceQUEUE_DELETE( pxQueue );
ARM GAS  /tmp/cc8vE36X.s 			page 162


 4980              		.loc 1 1944 2 discriminator 3 view .LVU1457
 4981 0022 FEE7     		b	.L385
 4982              	.LVL380:
 4983              	.L390:
 4984              	.LCFI57:
 4985              		.cfi_def_cfa_offset 8
 4986              		.cfi_offset 4, -8
 4987              		.cfi_offset 14, -4
1965:Middlewares/Third_Party/FreeRTOS/Source/queue.c **** 		}
 4988              		.loc 1 1965 4 view .LVU1458
 4989 0024 2046     		mov	r0, r4
 4990 0026 FFF7FEFF 		bl	vPortFree
 4991              	.LVL381:
1969:Middlewares/Third_Party/FreeRTOS/Source/queue.c **** 		}
 4992              		.loc 1 1969 28 view .LVU1459
1979:Middlewares/Third_Party/FreeRTOS/Source/queue.c **** /*-----------------------------------------------------------*/
 4993              		.loc 1 1979 1 is_stmt 0 view .LVU1460
 4994 002a F1E7     		b	.L383
 4995              		.cfi_endproc
 4996              	.LFE28:
 4998              		.section	.text.vQueueWaitForMessageRestricted,"ax",%progbits
 4999              		.align	1
 5000              		.global	vQueueWaitForMessageRestricted
 5001              		.syntax unified
 5002              		.thumb
 5003              		.thumb_func
 5005              	vQueueWaitForMessageRestricted:
 5006              	.LVL382:
 5007              	.LFB43:
2694:Middlewares/Third_Party/FreeRTOS/Source/queue.c **** 
2695:Middlewares/Third_Party/FreeRTOS/Source/queue.c **** #endif /* configQUEUE_REGISTRY_SIZE */
2696:Middlewares/Third_Party/FreeRTOS/Source/queue.c **** /*-----------------------------------------------------------*/
2697:Middlewares/Third_Party/FreeRTOS/Source/queue.c **** 
2698:Middlewares/Third_Party/FreeRTOS/Source/queue.c **** #if ( configUSE_TIMERS == 1 )
2699:Middlewares/Third_Party/FreeRTOS/Source/queue.c **** 
2700:Middlewares/Third_Party/FreeRTOS/Source/queue.c **** 	void vQueueWaitForMessageRestricted( QueueHandle_t xQueue, TickType_t xTicksToWait, const BaseType
2701:Middlewares/Third_Party/FreeRTOS/Source/queue.c **** 	{
 5008              		.loc 1 2701 2 is_stmt 1 view -0
 5009              		.cfi_startproc
 5010              		@ args = 0, pretend = 0, frame = 0
 5011              		@ frame_needed = 0, uses_anonymous_args = 0
 5012              		.loc 1 2701 2 is_stmt 0 view .LVU1462
 5013 0000 70B5     		push	{r4, r5, r6, lr}
 5014              	.LCFI58:
 5015              		.cfi_def_cfa_offset 16
 5016              		.cfi_offset 4, -16
 5017              		.cfi_offset 5, -12
 5018              		.cfi_offset 6, -8
 5019              		.cfi_offset 14, -4
 5020 0002 0446     		mov	r4, r0
 5021 0004 0D46     		mov	r5, r1
 5022 0006 1646     		mov	r6, r2
2702:Middlewares/Third_Party/FreeRTOS/Source/queue.c **** 	Queue_t * const pxQueue = ( Queue_t * ) xQueue;
 5023              		.loc 1 2702 2 is_stmt 1 view .LVU1463
 5024              	.LVL383:
2703:Middlewares/Third_Party/FreeRTOS/Source/queue.c **** 
2704:Middlewares/Third_Party/FreeRTOS/Source/queue.c **** 		/* This function should not be called by application code hence the
ARM GAS  /tmp/cc8vE36X.s 			page 163


2705:Middlewares/Third_Party/FreeRTOS/Source/queue.c **** 		'Restricted' in its name.  It is not part of the public API.  It is
2706:Middlewares/Third_Party/FreeRTOS/Source/queue.c **** 		designed for use by kernel code, and has special calling requirements.
2707:Middlewares/Third_Party/FreeRTOS/Source/queue.c **** 		It can result in vListInsert() being called on a list that can only
2708:Middlewares/Third_Party/FreeRTOS/Source/queue.c **** 		possibly ever have one item in it, so the list will be fast, but even
2709:Middlewares/Third_Party/FreeRTOS/Source/queue.c **** 		so it should be called with the scheduler locked and not from a critical
2710:Middlewares/Third_Party/FreeRTOS/Source/queue.c **** 		section. */
2711:Middlewares/Third_Party/FreeRTOS/Source/queue.c **** 
2712:Middlewares/Third_Party/FreeRTOS/Source/queue.c **** 		/* Only do anything if there are no messages in the queue.  This function
2713:Middlewares/Third_Party/FreeRTOS/Source/queue.c **** 		will not actually cause the task to block, just place it on a blocked
2714:Middlewares/Third_Party/FreeRTOS/Source/queue.c **** 		list.  It will not block until the scheduler is unlocked - at which
2715:Middlewares/Third_Party/FreeRTOS/Source/queue.c **** 		time a yield will be performed.  If an item is added to the queue while
2716:Middlewares/Third_Party/FreeRTOS/Source/queue.c **** 		the queue is locked, and the calling task blocks on the queue, then the
2717:Middlewares/Third_Party/FreeRTOS/Source/queue.c **** 		calling task will be immediately unblocked when the queue is unlocked. */
2718:Middlewares/Third_Party/FreeRTOS/Source/queue.c **** 		prvLockQueue( pxQueue );
 5025              		.loc 1 2718 3 view .LVU1464
 5026 0008 FFF7FEFF 		bl	vPortEnterCritical
 5027              	.LVL384:
 5028              		.loc 1 2718 3 discriminator 1 view .LVU1465
 5029 000c 94F84430 		ldrb	r3, [r4, #68]	@ zero_extendqisi2
 5030 0010 5BB2     		sxtb	r3, r3
 5031 0012 B3F1FF3F 		cmp	r3, #-1
 5032 0016 0DD0     		beq	.L396
 5033              	.L392:
 5034              		.loc 1 2718 3 discriminator 3 view .LVU1466
 5035 0018 94F84530 		ldrb	r3, [r4, #69]	@ zero_extendqisi2
 5036 001c 5BB2     		sxtb	r3, r3
 5037 001e B3F1FF3F 		cmp	r3, #-1
 5038 0022 0BD0     		beq	.L397
 5039              	.L393:
 5040              		.loc 1 2718 3 discriminator 6 view .LVU1467
 5041 0024 FFF7FEFF 		bl	vPortExitCritical
 5042              	.LVL385:
2719:Middlewares/Third_Party/FreeRTOS/Source/queue.c **** 		if( pxQueue->uxMessagesWaiting == ( UBaseType_t ) 0U )
 5043              		.loc 1 2719 3 view .LVU1468
 5044              		.loc 1 2719 14 is_stmt 0 view .LVU1469
 5045 0028 A36B     		ldr	r3, [r4, #56]
 5046              		.loc 1 2719 5 view .LVU1470
 5047 002a 5BB1     		cbz	r3, .L398
 5048              	.L394:
2720:Middlewares/Third_Party/FreeRTOS/Source/queue.c **** 		{
2721:Middlewares/Third_Party/FreeRTOS/Source/queue.c **** 			/* There is nothing in the queue, block for the specified period. */
2722:Middlewares/Third_Party/FreeRTOS/Source/queue.c **** 			vTaskPlaceOnEventListRestricted( &( pxQueue->xTasksWaitingToReceive ), xTicksToWait, xWaitIndefi
2723:Middlewares/Third_Party/FreeRTOS/Source/queue.c **** 		}
2724:Middlewares/Third_Party/FreeRTOS/Source/queue.c **** 		else
2725:Middlewares/Third_Party/FreeRTOS/Source/queue.c **** 		{
2726:Middlewares/Third_Party/FreeRTOS/Source/queue.c **** 			mtCOVERAGE_TEST_MARKER();
 5049              		.loc 1 2726 28 is_stmt 1 view .LVU1471
2727:Middlewares/Third_Party/FreeRTOS/Source/queue.c **** 		}
2728:Middlewares/Third_Party/FreeRTOS/Source/queue.c **** 		prvUnlockQueue( pxQueue );
 5050              		.loc 1 2728 3 view .LVU1472
 5051 002c 2046     		mov	r0, r4
 5052 002e FFF7FEFF 		bl	prvUnlockQueue
 5053              	.LVL386:
2729:Middlewares/Third_Party/FreeRTOS/Source/queue.c **** 	}
 5054              		.loc 1 2729 2 is_stmt 0 view .LVU1473
 5055 0032 70BD     		pop	{r4, r5, r6, pc}
 5056              	.LVL387:
ARM GAS  /tmp/cc8vE36X.s 			page 164


 5057              	.L396:
2718:Middlewares/Third_Party/FreeRTOS/Source/queue.c **** 		if( pxQueue->uxMessagesWaiting == ( UBaseType_t ) 0U )
 5058              		.loc 1 2718 3 is_stmt 1 discriminator 1 view .LVU1474
 5059 0034 0023     		movs	r3, #0
 5060 0036 84F84430 		strb	r3, [r4, #68]
 5061 003a EDE7     		b	.L392
 5062              	.L397:
2718:Middlewares/Third_Party/FreeRTOS/Source/queue.c **** 		if( pxQueue->uxMessagesWaiting == ( UBaseType_t ) 0U )
 5063              		.loc 1 2718 3 discriminator 4 view .LVU1475
 5064 003c 0023     		movs	r3, #0
 5065 003e 84F84530 		strb	r3, [r4, #69]
 5066 0042 EFE7     		b	.L393
 5067              	.L398:
2722:Middlewares/Third_Party/FreeRTOS/Source/queue.c **** 		}
 5068              		.loc 1 2722 4 view .LVU1476
 5069 0044 3246     		mov	r2, r6
 5070 0046 2946     		mov	r1, r5
 5071 0048 04F12400 		add	r0, r4, #36
 5072 004c FFF7FEFF 		bl	vTaskPlaceOnEventListRestricted
 5073              	.LVL388:
 5074 0050 ECE7     		b	.L394
 5075              		.cfi_endproc
 5076              	.LFE43:
 5078              		.global	xQueueRegistry
 5079              		.section	.bss.xQueueRegistry,"aw",%nobits
 5080              		.align	2
 5083              	xQueueRegistry:
 5084 0000 00000000 		.space	64
 5084      00000000 
 5084      00000000 
 5084      00000000 
 5084      00000000 
 5085              		.text
 5086              	.Letext0:
 5087              		.file 3 "/usr/lib/gcc/arm-none-eabi/13.2.1/include/stddef.h"
 5088              		.file 4 "/usr/lib/gcc/arm-none-eabi/13.2.1/include/stdint.h"
 5089              		.file 5 "Middlewares/Third_Party/FreeRTOS/Source/include/FreeRTOS.h"
 5090              		.file 6 "Middlewares/Third_Party/FreeRTOS/Source/include/list.h"
 5091              		.file 7 "Middlewares/Third_Party/FreeRTOS/Source/include/task.h"
 5092              		.file 8 "Middlewares/Third_Party/FreeRTOS/Source/include/queue.h"
 5093              		.file 9 "Middlewares/Third_Party/FreeRTOS/Source/include/portable.h"
 5094              		.file 10 "/usr/include/newlib/string.h"
 5095              		.file 11 "<built-in>"
ARM GAS  /tmp/cc8vE36X.s 			page 165


DEFINED SYMBOLS
                            *ABS*:00000000 queue.c
     /tmp/cc8vE36X.s:21     .text.prvGetDisinheritPriorityAfterTimeout:00000000 $t
     /tmp/cc8vE36X.s:26     .text.prvGetDisinheritPriorityAfterTimeout:00000000 prvGetDisinheritPriorityAfterTimeout
     /tmp/cc8vE36X.s:60     .text.prvIsQueueFull:00000000 $t
     /tmp/cc8vE36X.s:65     .text.prvIsQueueFull:00000000 prvIsQueueFull
     /tmp/cc8vE36X.s:113    .text.prvIsQueueEmpty:00000000 $t
     /tmp/cc8vE36X.s:118    .text.prvIsQueueEmpty:00000000 prvIsQueueEmpty
     /tmp/cc8vE36X.s:163    .text.prvCopyDataToQueue:00000000 $t
     /tmp/cc8vE36X.s:168    .text.prvCopyDataToQueue:00000000 prvCopyDataToQueue
     /tmp/cc8vE36X.s:327    .text.prvCopyDataFromQueue:00000000 $t
     /tmp/cc8vE36X.s:332    .text.prvCopyDataFromQueue:00000000 prvCopyDataFromQueue
     /tmp/cc8vE36X.s:392    .text.prvUnlockQueue:00000000 $t
     /tmp/cc8vE36X.s:397    .text.prvUnlockQueue:00000000 prvUnlockQueue
     /tmp/cc8vE36X.s:522    .text.xQueueGenericReset:00000000 $t
     /tmp/cc8vE36X.s:528    .text.xQueueGenericReset:00000000 xQueueGenericReset
     /tmp/cc8vE36X.s:668    .text.prvInitialiseNewQueue:00000000 $t
     /tmp/cc8vE36X.s:673    .text.prvInitialiseNewQueue:00000000 prvInitialiseNewQueue
     /tmp/cc8vE36X.s:733    .text.xQueueGenericCreateStatic:00000000 $t
     /tmp/cc8vE36X.s:739    .text.xQueueGenericCreateStatic:00000000 xQueueGenericCreateStatic
     /tmp/cc8vE36X.s:953    .text.xQueueGenericCreate:00000000 $t
     /tmp/cc8vE36X.s:959    .text.xQueueGenericCreate:00000000 xQueueGenericCreate
     /tmp/cc8vE36X.s:1072   .text.xQueueGetMutexHolder:00000000 $t
     /tmp/cc8vE36X.s:1078   .text.xQueueGetMutexHolder:00000000 xQueueGetMutexHolder
     /tmp/cc8vE36X.s:1124   .text.xQueueGetMutexHolderFromISR:00000000 $t
     /tmp/cc8vE36X.s:1130   .text.xQueueGetMutexHolderFromISR:00000000 xQueueGetMutexHolderFromISR
     /tmp/cc8vE36X.s:1189   .text.xQueueCreateCountingSemaphoreStatic:00000000 $t
     /tmp/cc8vE36X.s:1195   .text.xQueueCreateCountingSemaphoreStatic:00000000 xQueueCreateCountingSemaphoreStatic
     /tmp/cc8vE36X.s:1302   .text.xQueueCreateCountingSemaphore:00000000 $t
     /tmp/cc8vE36X.s:1308   .text.xQueueCreateCountingSemaphore:00000000 xQueueCreateCountingSemaphore
     /tmp/cc8vE36X.s:1403   .text.xQueueGenericSend:00000000 $t
     /tmp/cc8vE36X.s:1409   .text.xQueueGenericSend:00000000 xQueueGenericSend
     /tmp/cc8vE36X.s:1813   .text.prvInitialiseMutex:00000000 $t
     /tmp/cc8vE36X.s:1818   .text.prvInitialiseMutex:00000000 prvInitialiseMutex
     /tmp/cc8vE36X.s:1866   .text.xQueueCreateMutex:00000000 $t
     /tmp/cc8vE36X.s:1872   .text.xQueueCreateMutex:00000000 xQueueCreateMutex
     /tmp/cc8vE36X.s:1912   .text.xQueueCreateMutexStatic:00000000 $t
     /tmp/cc8vE36X.s:1918   .text.xQueueCreateMutexStatic:00000000 xQueueCreateMutexStatic
     /tmp/cc8vE36X.s:1970   .text.xQueueGiveMutexRecursive:00000000 $t
     /tmp/cc8vE36X.s:1976   .text.xQueueGiveMutexRecursive:00000000 xQueueGiveMutexRecursive
     /tmp/cc8vE36X.s:2072   .text.xQueueGenericSendFromISR:00000000 $t
     /tmp/cc8vE36X.s:2078   .text.xQueueGenericSendFromISR:00000000 xQueueGenericSendFromISR
     /tmp/cc8vE36X.s:2328   .text.xQueueGiveFromISR:00000000 $t
     /tmp/cc8vE36X.s:2334   .text.xQueueGiveFromISR:00000000 xQueueGiveFromISR
     /tmp/cc8vE36X.s:2596   .text.xQueueReceive:00000000 $t
     /tmp/cc8vE36X.s:2602   .text.xQueueReceive:00000000 xQueueReceive
     /tmp/cc8vE36X.s:2967   .text.xQueueSemaphoreTake:00000000 $t
     /tmp/cc8vE36X.s:2973   .text.xQueueSemaphoreTake:00000000 xQueueSemaphoreTake
     /tmp/cc8vE36X.s:3430   .text.xQueueTakeMutexRecursive:00000000 $t
     /tmp/cc8vE36X.s:3436   .text.xQueueTakeMutexRecursive:00000000 xQueueTakeMutexRecursive
     /tmp/cc8vE36X.s:3545   .text.xQueuePeek:00000000 $t
     /tmp/cc8vE36X.s:3551   .text.xQueuePeek:00000000 xQueuePeek
     /tmp/cc8vE36X.s:3918   .text.xQueueReceiveFromISR:00000000 $t
     /tmp/cc8vE36X.s:3924   .text.xQueueReceiveFromISR:00000000 xQueueReceiveFromISR
     /tmp/cc8vE36X.s:4140   .text.xQueuePeekFromISR:00000000 $t
     /tmp/cc8vE36X.s:4146   .text.xQueuePeekFromISR:00000000 xQueuePeekFromISR
     /tmp/cc8vE36X.s:4334   .text.uxQueueMessagesWaiting:00000000 $t
ARM GAS  /tmp/cc8vE36X.s 			page 166


     /tmp/cc8vE36X.s:4340   .text.uxQueueMessagesWaiting:00000000 uxQueueMessagesWaiting
     /tmp/cc8vE36X.s:4405   .text.uxQueueSpacesAvailable:00000000 $t
     /tmp/cc8vE36X.s:4411   .text.uxQueueSpacesAvailable:00000000 uxQueueSpacesAvailable
     /tmp/cc8vE36X.s:4481   .text.uxQueueMessagesWaitingFromISR:00000000 $t
     /tmp/cc8vE36X.s:4487   .text.uxQueueMessagesWaitingFromISR:00000000 uxQueueMessagesWaitingFromISR
     /tmp/cc8vE36X.s:4535   .text.uxQueueGetQueueNumber:00000000 $t
     /tmp/cc8vE36X.s:4541   .text.uxQueueGetQueueNumber:00000000 uxQueueGetQueueNumber
     /tmp/cc8vE36X.s:4559   .text.vQueueSetQueueNumber:00000000 $t
     /tmp/cc8vE36X.s:4565   .text.vQueueSetQueueNumber:00000000 vQueueSetQueueNumber
     /tmp/cc8vE36X.s:4582   .text.ucQueueGetQueueType:00000000 $t
     /tmp/cc8vE36X.s:4588   .text.ucQueueGetQueueType:00000000 ucQueueGetQueueType
     /tmp/cc8vE36X.s:4606   .text.xQueueIsQueueEmptyFromISR:00000000 $t
     /tmp/cc8vE36X.s:4612   .text.xQueueIsQueueEmptyFromISR:00000000 xQueueIsQueueEmptyFromISR
     /tmp/cc8vE36X.s:4670   .text.xQueueIsQueueFullFromISR:00000000 $t
     /tmp/cc8vE36X.s:4676   .text.xQueueIsQueueFullFromISR:00000000 xQueueIsQueueFullFromISR
     /tmp/cc8vE36X.s:4737   .text.vQueueAddToRegistry:00000000 $t
     /tmp/cc8vE36X.s:4743   .text.vQueueAddToRegistry:00000000 vQueueAddToRegistry
     /tmp/cc8vE36X.s:4790   .text.vQueueAddToRegistry:00000024 $d
     /tmp/cc8vE36X.s:5083   .bss.xQueueRegistry:00000000 xQueueRegistry
     /tmp/cc8vE36X.s:4795   .text.pcQueueGetName:00000000 $t
     /tmp/cc8vE36X.s:4801   .text.pcQueueGetName:00000000 pcQueueGetName
     /tmp/cc8vE36X.s:4852   .text.pcQueueGetName:00000024 $d
     /tmp/cc8vE36X.s:4857   .text.vQueueUnregisterQueue:00000000 $t
     /tmp/cc8vE36X.s:4863   .text.vQueueUnregisterQueue:00000000 vQueueUnregisterQueue
     /tmp/cc8vE36X.s:4912   .text.vQueueUnregisterQueue:00000028 $d
     /tmp/cc8vE36X.s:4917   .text.vQueueDelete:00000000 $t
     /tmp/cc8vE36X.s:4923   .text.vQueueDelete:00000000 vQueueDelete
     /tmp/cc8vE36X.s:4999   .text.vQueueWaitForMessageRestricted:00000000 $t
     /tmp/cc8vE36X.s:5005   .text.vQueueWaitForMessageRestricted:00000000 vQueueWaitForMessageRestricted
     /tmp/cc8vE36X.s:5080   .bss.xQueueRegistry:00000000 $d

UNDEFINED SYMBOLS
vPortEnterCritical
vPortExitCritical
xTaskPriorityDisinherit
memcpy
xTaskRemoveFromEventList
vTaskMissedYield
vListInitialise
pvPortMalloc
xTaskGetSchedulerState
vTaskInternalSetTimeOutState
xTaskResumeAll
vTaskSuspendAll
xTaskCheckForTimeOut
vTaskPlaceOnEventList
xTaskGetCurrentTaskHandle
vPortValidateInterruptPriority
pvTaskIncrementMutexHeldCount
xTaskPriorityInherit
vTaskPriorityDisinheritAfterTimeout
vPortFree
vTaskPlaceOnEventListRestricted
