ARM GAS  /tmp/ccZ7gpLS.s 			page 1


   1              		.cpu cortex-m4
   2              		.arch armv7e-m
   3              		.fpu fpv4-sp-d16
   4              		.eabi_attribute 27, 1
   5              		.eabi_attribute 28, 1
   6              		.eabi_attribute 20, 1
   7              		.eabi_attribute 21, 1
   8              		.eabi_attribute 23, 3
   9              		.eabi_attribute 24, 1
  10              		.eabi_attribute 25, 1
  11              		.eabi_attribute 26, 1
  12              		.eabi_attribute 30, 1
  13              		.eabi_attribute 34, 1
  14              		.eabi_attribute 18, 4
  15              		.file	"stm32f3xx_hal_gpio.c"
  16              		.text
  17              	.Ltext0:
  18              		.cfi_sections	.debug_frame
  19              		.file 1 "Drivers/STM32F3xx_HAL_Driver/Src/stm32f3xx_hal_gpio.c"
  20              		.section	.text.HAL_GPIO_Init,"ax",%progbits
  21              		.align	1
  22              		.global	HAL_GPIO_Init
  23              		.syntax unified
  24              		.thumb
  25              		.thumb_func
  27              	HAL_GPIO_Init:
  28              	.LVL0:
  29              	.LFB130:
   1:Drivers/STM32F3xx_HAL_Driver/Src/stm32f3xx_hal_gpio.c **** /**
   2:Drivers/STM32F3xx_HAL_Driver/Src/stm32f3xx_hal_gpio.c ****   ******************************************************************************
   3:Drivers/STM32F3xx_HAL_Driver/Src/stm32f3xx_hal_gpio.c ****   * @file    stm32f3xx_hal_gpio.c
   4:Drivers/STM32F3xx_HAL_Driver/Src/stm32f3xx_hal_gpio.c ****   * @author  MCD Application Team
   5:Drivers/STM32F3xx_HAL_Driver/Src/stm32f3xx_hal_gpio.c ****   * @brief   GPIO HAL module driver.
   6:Drivers/STM32F3xx_HAL_Driver/Src/stm32f3xx_hal_gpio.c ****   *          This file provides firmware functions to manage the following
   7:Drivers/STM32F3xx_HAL_Driver/Src/stm32f3xx_hal_gpio.c ****   *          functionalities of the General Purpose Input/Output (GPIO) peripheral:
   8:Drivers/STM32F3xx_HAL_Driver/Src/stm32f3xx_hal_gpio.c ****   *           + Initialization and de-initialization functions
   9:Drivers/STM32F3xx_HAL_Driver/Src/stm32f3xx_hal_gpio.c ****   *           + IO operation functions
  10:Drivers/STM32F3xx_HAL_Driver/Src/stm32f3xx_hal_gpio.c ****   *
  11:Drivers/STM32F3xx_HAL_Driver/Src/stm32f3xx_hal_gpio.c ****   ******************************************************************************
  12:Drivers/STM32F3xx_HAL_Driver/Src/stm32f3xx_hal_gpio.c ****   * @attention
  13:Drivers/STM32F3xx_HAL_Driver/Src/stm32f3xx_hal_gpio.c ****   *
  14:Drivers/STM32F3xx_HAL_Driver/Src/stm32f3xx_hal_gpio.c ****   * Copyright (c) 2016 STMicroelectronics.
  15:Drivers/STM32F3xx_HAL_Driver/Src/stm32f3xx_hal_gpio.c ****   * All rights reserved.
  16:Drivers/STM32F3xx_HAL_Driver/Src/stm32f3xx_hal_gpio.c ****   *
  17:Drivers/STM32F3xx_HAL_Driver/Src/stm32f3xx_hal_gpio.c ****   * This software is licensed under terms that can be found in the LICENSE file
  18:Drivers/STM32F3xx_HAL_Driver/Src/stm32f3xx_hal_gpio.c ****   * in the root directory of this software component.
  19:Drivers/STM32F3xx_HAL_Driver/Src/stm32f3xx_hal_gpio.c ****   * If no LICENSE file comes with this software, it is provided AS-IS.
  20:Drivers/STM32F3xx_HAL_Driver/Src/stm32f3xx_hal_gpio.c ****   *
  21:Drivers/STM32F3xx_HAL_Driver/Src/stm32f3xx_hal_gpio.c ****   ******************************************************************************
  22:Drivers/STM32F3xx_HAL_Driver/Src/stm32f3xx_hal_gpio.c ****   @verbatim
  23:Drivers/STM32F3xx_HAL_Driver/Src/stm32f3xx_hal_gpio.c ****   ==============================================================================
  24:Drivers/STM32F3xx_HAL_Driver/Src/stm32f3xx_hal_gpio.c ****                     ##### GPIO Peripheral features #####
  25:Drivers/STM32F3xx_HAL_Driver/Src/stm32f3xx_hal_gpio.c ****   ==============================================================================
  26:Drivers/STM32F3xx_HAL_Driver/Src/stm32f3xx_hal_gpio.c ****   [..]
  27:Drivers/STM32F3xx_HAL_Driver/Src/stm32f3xx_hal_gpio.c ****     (+) Each port bit of the general-purpose I/O (GPIO) ports can be individually
  28:Drivers/STM32F3xx_HAL_Driver/Src/stm32f3xx_hal_gpio.c ****         configured by software in several modes:
  29:Drivers/STM32F3xx_HAL_Driver/Src/stm32f3xx_hal_gpio.c ****         (++) Input mode
ARM GAS  /tmp/ccZ7gpLS.s 			page 2


  30:Drivers/STM32F3xx_HAL_Driver/Src/stm32f3xx_hal_gpio.c ****         (++) Analog mode
  31:Drivers/STM32F3xx_HAL_Driver/Src/stm32f3xx_hal_gpio.c ****         (++) Output mode
  32:Drivers/STM32F3xx_HAL_Driver/Src/stm32f3xx_hal_gpio.c ****         (++) Alternate function mode
  33:Drivers/STM32F3xx_HAL_Driver/Src/stm32f3xx_hal_gpio.c ****         (++) External interrupt/event lines
  34:Drivers/STM32F3xx_HAL_Driver/Src/stm32f3xx_hal_gpio.c **** 
  35:Drivers/STM32F3xx_HAL_Driver/Src/stm32f3xx_hal_gpio.c ****     (+) During and just after reset, the alternate functions and external interrupt
  36:Drivers/STM32F3xx_HAL_Driver/Src/stm32f3xx_hal_gpio.c ****         lines are not active and the I/O ports are configured in input floating mode.
  37:Drivers/STM32F3xx_HAL_Driver/Src/stm32f3xx_hal_gpio.c **** 
  38:Drivers/STM32F3xx_HAL_Driver/Src/stm32f3xx_hal_gpio.c ****     (+) All GPIO pins have weak internal pull-up and pull-down resistors, which can be
  39:Drivers/STM32F3xx_HAL_Driver/Src/stm32f3xx_hal_gpio.c ****         activated or not.
  40:Drivers/STM32F3xx_HAL_Driver/Src/stm32f3xx_hal_gpio.c **** 
  41:Drivers/STM32F3xx_HAL_Driver/Src/stm32f3xx_hal_gpio.c ****     (+) In Output or Alternate mode, each IO can be configured on open-drain or push-pull
  42:Drivers/STM32F3xx_HAL_Driver/Src/stm32f3xx_hal_gpio.c ****         type and the IO speed can be selected depending on the VDD value.
  43:Drivers/STM32F3xx_HAL_Driver/Src/stm32f3xx_hal_gpio.c **** 
  44:Drivers/STM32F3xx_HAL_Driver/Src/stm32f3xx_hal_gpio.c ****     (+) The microcontroller IO pins are connected to onboard peripherals/modules through a
  45:Drivers/STM32F3xx_HAL_Driver/Src/stm32f3xx_hal_gpio.c ****         multiplexer that allows only one peripheral alternate function (AF) connected
  46:Drivers/STM32F3xx_HAL_Driver/Src/stm32f3xx_hal_gpio.c ****        to an IO pin at a time. In this way, there can be no conflict between peripherals
  47:Drivers/STM32F3xx_HAL_Driver/Src/stm32f3xx_hal_gpio.c ****        sharing the same IO pin.
  48:Drivers/STM32F3xx_HAL_Driver/Src/stm32f3xx_hal_gpio.c **** 
  49:Drivers/STM32F3xx_HAL_Driver/Src/stm32f3xx_hal_gpio.c ****     (+) All ports have external interrupt/event capability. To use external interrupt
  50:Drivers/STM32F3xx_HAL_Driver/Src/stm32f3xx_hal_gpio.c ****         lines, the port must be configured in input mode. All available GPIO pins are
  51:Drivers/STM32F3xx_HAL_Driver/Src/stm32f3xx_hal_gpio.c ****         connected to the 16 external interrupt/event lines from EXTI0 to EXTI15.
  52:Drivers/STM32F3xx_HAL_Driver/Src/stm32f3xx_hal_gpio.c **** 
  53:Drivers/STM32F3xx_HAL_Driver/Src/stm32f3xx_hal_gpio.c ****     (+) The external interrupt/event controller consists of up to 23 edge detectors
  54:Drivers/STM32F3xx_HAL_Driver/Src/stm32f3xx_hal_gpio.c ****         (16 lines are connected to GPIO) for generating event/interrupt requests (each
  55:Drivers/STM32F3xx_HAL_Driver/Src/stm32f3xx_hal_gpio.c ****         input line can be independently configured to select the type (interrupt or event)
  56:Drivers/STM32F3xx_HAL_Driver/Src/stm32f3xx_hal_gpio.c ****         and the corresponding trigger event (rising or falling or both). Each line can
  57:Drivers/STM32F3xx_HAL_Driver/Src/stm32f3xx_hal_gpio.c ****         also be masked independently.
  58:Drivers/STM32F3xx_HAL_Driver/Src/stm32f3xx_hal_gpio.c **** 
  59:Drivers/STM32F3xx_HAL_Driver/Src/stm32f3xx_hal_gpio.c ****                      ##### How to use this driver #####
  60:Drivers/STM32F3xx_HAL_Driver/Src/stm32f3xx_hal_gpio.c ****   ==============================================================================
  61:Drivers/STM32F3xx_HAL_Driver/Src/stm32f3xx_hal_gpio.c ****   [..]
  62:Drivers/STM32F3xx_HAL_Driver/Src/stm32f3xx_hal_gpio.c ****     (#) Enable the GPIO AHB clock using the following function: __HAL_RCC_GPIOx_CLK_ENABLE().
  63:Drivers/STM32F3xx_HAL_Driver/Src/stm32f3xx_hal_gpio.c **** 
  64:Drivers/STM32F3xx_HAL_Driver/Src/stm32f3xx_hal_gpio.c ****     (#) Configure the GPIO pin(s) using HAL_GPIO_Init().
  65:Drivers/STM32F3xx_HAL_Driver/Src/stm32f3xx_hal_gpio.c ****         (++) Configure the IO mode using "Mode" member from GPIO_InitTypeDef structure
  66:Drivers/STM32F3xx_HAL_Driver/Src/stm32f3xx_hal_gpio.c ****         (++) Activate Pull-up, Pull-down resistor using "Pull" member from GPIO_InitTypeDef
  67:Drivers/STM32F3xx_HAL_Driver/Src/stm32f3xx_hal_gpio.c ****              structure.
  68:Drivers/STM32F3xx_HAL_Driver/Src/stm32f3xx_hal_gpio.c ****         (++) In case of Output or alternate function mode selection: the speed is
  69:Drivers/STM32F3xx_HAL_Driver/Src/stm32f3xx_hal_gpio.c ****              configured through "Speed" member from GPIO_InitTypeDef structure.
  70:Drivers/STM32F3xx_HAL_Driver/Src/stm32f3xx_hal_gpio.c ****         (++) In alternate mode is selection, the alternate function connected to the IO
  71:Drivers/STM32F3xx_HAL_Driver/Src/stm32f3xx_hal_gpio.c ****              is configured through "Alternate" member from GPIO_InitTypeDef structure.
  72:Drivers/STM32F3xx_HAL_Driver/Src/stm32f3xx_hal_gpio.c ****         (++) Analog mode is required when a pin is to be used as ADC channel
  73:Drivers/STM32F3xx_HAL_Driver/Src/stm32f3xx_hal_gpio.c ****              or DAC output.
  74:Drivers/STM32F3xx_HAL_Driver/Src/stm32f3xx_hal_gpio.c ****         (++) In case of external interrupt/event selection the "Mode" member from
  75:Drivers/STM32F3xx_HAL_Driver/Src/stm32f3xx_hal_gpio.c ****              GPIO_InitTypeDef structure select the type (interrupt or event) and
  76:Drivers/STM32F3xx_HAL_Driver/Src/stm32f3xx_hal_gpio.c ****              the corresponding trigger event (rising or falling or both).
  77:Drivers/STM32F3xx_HAL_Driver/Src/stm32f3xx_hal_gpio.c **** 
  78:Drivers/STM32F3xx_HAL_Driver/Src/stm32f3xx_hal_gpio.c ****     (#) In case of external interrupt/event mode selection, configure NVIC IRQ priority
  79:Drivers/STM32F3xx_HAL_Driver/Src/stm32f3xx_hal_gpio.c ****         mapped to the EXTI line using HAL_NVIC_SetPriority() and enable it using
  80:Drivers/STM32F3xx_HAL_Driver/Src/stm32f3xx_hal_gpio.c ****         HAL_NVIC_EnableIRQ().
  81:Drivers/STM32F3xx_HAL_Driver/Src/stm32f3xx_hal_gpio.c **** 
  82:Drivers/STM32F3xx_HAL_Driver/Src/stm32f3xx_hal_gpio.c ****     (#) To get the level of a pin configured in input mode use HAL_GPIO_ReadPin().
  83:Drivers/STM32F3xx_HAL_Driver/Src/stm32f3xx_hal_gpio.c **** 
  84:Drivers/STM32F3xx_HAL_Driver/Src/stm32f3xx_hal_gpio.c ****     (#) To set/reset the level of a pin configured in output mode use
  85:Drivers/STM32F3xx_HAL_Driver/Src/stm32f3xx_hal_gpio.c ****         HAL_GPIO_WritePin()/HAL_GPIO_TogglePin().
  86:Drivers/STM32F3xx_HAL_Driver/Src/stm32f3xx_hal_gpio.c **** 
ARM GAS  /tmp/ccZ7gpLS.s 			page 3


  87:Drivers/STM32F3xx_HAL_Driver/Src/stm32f3xx_hal_gpio.c ****    (#) To lock pin configuration until next reset use HAL_GPIO_LockPin().
  88:Drivers/STM32F3xx_HAL_Driver/Src/stm32f3xx_hal_gpio.c ****   
  89:Drivers/STM32F3xx_HAL_Driver/Src/stm32f3xx_hal_gpio.c ****     (#) During and just after reset, the alternate functions are not
  90:Drivers/STM32F3xx_HAL_Driver/Src/stm32f3xx_hal_gpio.c ****         active and the GPIO pins are configured in input floating mode (except JTAG
  91:Drivers/STM32F3xx_HAL_Driver/Src/stm32f3xx_hal_gpio.c ****         pins).
  92:Drivers/STM32F3xx_HAL_Driver/Src/stm32f3xx_hal_gpio.c **** 
  93:Drivers/STM32F3xx_HAL_Driver/Src/stm32f3xx_hal_gpio.c ****     (#) The LSE oscillator pins OSC32_IN and OSC32_OUT can be used as general purpose
  94:Drivers/STM32F3xx_HAL_Driver/Src/stm32f3xx_hal_gpio.c ****         (PC14 and PC15U, respectively) when the LSE oscillator is off. The LSE has
  95:Drivers/STM32F3xx_HAL_Driver/Src/stm32f3xx_hal_gpio.c ****         priority over the GPIO function.
  96:Drivers/STM32F3xx_HAL_Driver/Src/stm32f3xx_hal_gpio.c **** 
  97:Drivers/STM32F3xx_HAL_Driver/Src/stm32f3xx_hal_gpio.c ****     (#) The HSE oscillator pins OSC_IN/OSC_OUT can be used as
  98:Drivers/STM32F3xx_HAL_Driver/Src/stm32f3xx_hal_gpio.c ****         general purpose PF0 and PF1, respectively, when the HSE oscillator is off.
  99:Drivers/STM32F3xx_HAL_Driver/Src/stm32f3xx_hal_gpio.c ****         The HSE has priority over the GPIO function.
 100:Drivers/STM32F3xx_HAL_Driver/Src/stm32f3xx_hal_gpio.c **** 
 101:Drivers/STM32F3xx_HAL_Driver/Src/stm32f3xx_hal_gpio.c ****   @endverbatim
 102:Drivers/STM32F3xx_HAL_Driver/Src/stm32f3xx_hal_gpio.c ****   ******************************************************************************
 103:Drivers/STM32F3xx_HAL_Driver/Src/stm32f3xx_hal_gpio.c ****   */
 104:Drivers/STM32F3xx_HAL_Driver/Src/stm32f3xx_hal_gpio.c **** 
 105:Drivers/STM32F3xx_HAL_Driver/Src/stm32f3xx_hal_gpio.c **** /* Includes ------------------------------------------------------------------*/
 106:Drivers/STM32F3xx_HAL_Driver/Src/stm32f3xx_hal_gpio.c **** #include "stm32f3xx_hal.h"
 107:Drivers/STM32F3xx_HAL_Driver/Src/stm32f3xx_hal_gpio.c **** 
 108:Drivers/STM32F3xx_HAL_Driver/Src/stm32f3xx_hal_gpio.c **** /** @addtogroup STM32F3xx_HAL_Driver
 109:Drivers/STM32F3xx_HAL_Driver/Src/stm32f3xx_hal_gpio.c ****   * @{
 110:Drivers/STM32F3xx_HAL_Driver/Src/stm32f3xx_hal_gpio.c ****   */
 111:Drivers/STM32F3xx_HAL_Driver/Src/stm32f3xx_hal_gpio.c **** 
 112:Drivers/STM32F3xx_HAL_Driver/Src/stm32f3xx_hal_gpio.c **** /** @defgroup GPIO GPIO
 113:Drivers/STM32F3xx_HAL_Driver/Src/stm32f3xx_hal_gpio.c ****   * @brief GPIO HAL module driver
 114:Drivers/STM32F3xx_HAL_Driver/Src/stm32f3xx_hal_gpio.c ****   * @{
 115:Drivers/STM32F3xx_HAL_Driver/Src/stm32f3xx_hal_gpio.c ****   */
 116:Drivers/STM32F3xx_HAL_Driver/Src/stm32f3xx_hal_gpio.c **** 
 117:Drivers/STM32F3xx_HAL_Driver/Src/stm32f3xx_hal_gpio.c **** /** MISRA C:2012 deviation rule has been granted for following rules:
 118:Drivers/STM32F3xx_HAL_Driver/Src/stm32f3xx_hal_gpio.c ****   * Rule-18.1_d - Medium: Array pointer `GPIOx' is accessed with index [..,..]
 119:Drivers/STM32F3xx_HAL_Driver/Src/stm32f3xx_hal_gpio.c ****   * which may be out of array bounds [..,UNKNOWN] in following APIs:
 120:Drivers/STM32F3xx_HAL_Driver/Src/stm32f3xx_hal_gpio.c ****   * HAL_GPIO_Init
 121:Drivers/STM32F3xx_HAL_Driver/Src/stm32f3xx_hal_gpio.c ****   * HAL_GPIO_DeInit
 122:Drivers/STM32F3xx_HAL_Driver/Src/stm32f3xx_hal_gpio.c ****   */
 123:Drivers/STM32F3xx_HAL_Driver/Src/stm32f3xx_hal_gpio.c **** 
 124:Drivers/STM32F3xx_HAL_Driver/Src/stm32f3xx_hal_gpio.c **** #ifdef HAL_GPIO_MODULE_ENABLED
 125:Drivers/STM32F3xx_HAL_Driver/Src/stm32f3xx_hal_gpio.c **** 
 126:Drivers/STM32F3xx_HAL_Driver/Src/stm32f3xx_hal_gpio.c **** /* Private typedef -----------------------------------------------------------*/
 127:Drivers/STM32F3xx_HAL_Driver/Src/stm32f3xx_hal_gpio.c **** /* Private defines -----------------------------------------------------------*/
 128:Drivers/STM32F3xx_HAL_Driver/Src/stm32f3xx_hal_gpio.c **** /** @addtogroup GPIO_Private_Constants
 129:Drivers/STM32F3xx_HAL_Driver/Src/stm32f3xx_hal_gpio.c ****   * @{
 130:Drivers/STM32F3xx_HAL_Driver/Src/stm32f3xx_hal_gpio.c ****   */
 131:Drivers/STM32F3xx_HAL_Driver/Src/stm32f3xx_hal_gpio.c **** #define GPIO_NUMBER           (16U)
 132:Drivers/STM32F3xx_HAL_Driver/Src/stm32f3xx_hal_gpio.c **** /**
 133:Drivers/STM32F3xx_HAL_Driver/Src/stm32f3xx_hal_gpio.c ****   * @}
 134:Drivers/STM32F3xx_HAL_Driver/Src/stm32f3xx_hal_gpio.c ****   */
 135:Drivers/STM32F3xx_HAL_Driver/Src/stm32f3xx_hal_gpio.c ****   
 136:Drivers/STM32F3xx_HAL_Driver/Src/stm32f3xx_hal_gpio.c **** /* Private macros ------------------------------------------------------------*/
 137:Drivers/STM32F3xx_HAL_Driver/Src/stm32f3xx_hal_gpio.c **** /* Private macros ------------------------------------------------------------*/
 138:Drivers/STM32F3xx_HAL_Driver/Src/stm32f3xx_hal_gpio.c **** /** @defgroup GPIO_Private_Macros GPIO Private Macros
 139:Drivers/STM32F3xx_HAL_Driver/Src/stm32f3xx_hal_gpio.c ****   * @{
 140:Drivers/STM32F3xx_HAL_Driver/Src/stm32f3xx_hal_gpio.c ****   */
 141:Drivers/STM32F3xx_HAL_Driver/Src/stm32f3xx_hal_gpio.c **** /**
 142:Drivers/STM32F3xx_HAL_Driver/Src/stm32f3xx_hal_gpio.c ****   * @}
 143:Drivers/STM32F3xx_HAL_Driver/Src/stm32f3xx_hal_gpio.c ****   */
ARM GAS  /tmp/ccZ7gpLS.s 			page 4


 144:Drivers/STM32F3xx_HAL_Driver/Src/stm32f3xx_hal_gpio.c **** /* Private variables ---------------------------------------------------------*/
 145:Drivers/STM32F3xx_HAL_Driver/Src/stm32f3xx_hal_gpio.c **** /* Private function prototypes -----------------------------------------------*/
 146:Drivers/STM32F3xx_HAL_Driver/Src/stm32f3xx_hal_gpio.c **** /* Exported functions --------------------------------------------------------*/
 147:Drivers/STM32F3xx_HAL_Driver/Src/stm32f3xx_hal_gpio.c **** 
 148:Drivers/STM32F3xx_HAL_Driver/Src/stm32f3xx_hal_gpio.c **** /** @defgroup GPIO_Exported_Functions GPIO Exported Functions
 149:Drivers/STM32F3xx_HAL_Driver/Src/stm32f3xx_hal_gpio.c ****   * @{
 150:Drivers/STM32F3xx_HAL_Driver/Src/stm32f3xx_hal_gpio.c ****   */
 151:Drivers/STM32F3xx_HAL_Driver/Src/stm32f3xx_hal_gpio.c **** 
 152:Drivers/STM32F3xx_HAL_Driver/Src/stm32f3xx_hal_gpio.c **** /** @defgroup GPIO_Exported_Functions_Group1 Initialization/de-initialization functions 
 153:Drivers/STM32F3xx_HAL_Driver/Src/stm32f3xx_hal_gpio.c ****  *  @brief    Initialization and Configuration functions
 154:Drivers/STM32F3xx_HAL_Driver/Src/stm32f3xx_hal_gpio.c ****  *
 155:Drivers/STM32F3xx_HAL_Driver/Src/stm32f3xx_hal_gpio.c **** @verbatim
 156:Drivers/STM32F3xx_HAL_Driver/Src/stm32f3xx_hal_gpio.c ****  ===============================================================================
 157:Drivers/STM32F3xx_HAL_Driver/Src/stm32f3xx_hal_gpio.c ****               ##### Initialization and de-initialization functions #####
 158:Drivers/STM32F3xx_HAL_Driver/Src/stm32f3xx_hal_gpio.c ****  ===============================================================================
 159:Drivers/STM32F3xx_HAL_Driver/Src/stm32f3xx_hal_gpio.c **** 
 160:Drivers/STM32F3xx_HAL_Driver/Src/stm32f3xx_hal_gpio.c **** @endverbatim
 161:Drivers/STM32F3xx_HAL_Driver/Src/stm32f3xx_hal_gpio.c ****   * @{
 162:Drivers/STM32F3xx_HAL_Driver/Src/stm32f3xx_hal_gpio.c ****   */
 163:Drivers/STM32F3xx_HAL_Driver/Src/stm32f3xx_hal_gpio.c **** 
 164:Drivers/STM32F3xx_HAL_Driver/Src/stm32f3xx_hal_gpio.c **** /**
 165:Drivers/STM32F3xx_HAL_Driver/Src/stm32f3xx_hal_gpio.c ****   * @brief  Initialize the GPIOx peripheral according to the specified parameters in the GPIO_Init.
 166:Drivers/STM32F3xx_HAL_Driver/Src/stm32f3xx_hal_gpio.c ****   * @param  GPIOx where x can be (A..F) to select the GPIO peripheral for STM32F3 family devices
 167:Drivers/STM32F3xx_HAL_Driver/Src/stm32f3xx_hal_gpio.c ****   * @param  GPIO_Init pointer to a GPIO_InitTypeDef structure that contains
 168:Drivers/STM32F3xx_HAL_Driver/Src/stm32f3xx_hal_gpio.c ****   *         the configuration information for the specified GPIO peripheral.
 169:Drivers/STM32F3xx_HAL_Driver/Src/stm32f3xx_hal_gpio.c ****   * @retval None
 170:Drivers/STM32F3xx_HAL_Driver/Src/stm32f3xx_hal_gpio.c ****   */
 171:Drivers/STM32F3xx_HAL_Driver/Src/stm32f3xx_hal_gpio.c **** void HAL_GPIO_Init(GPIO_TypeDef  *GPIOx, GPIO_InitTypeDef *GPIO_Init)
 172:Drivers/STM32F3xx_HAL_Driver/Src/stm32f3xx_hal_gpio.c **** {
  30              		.loc 1 172 1 view -0
  31              		.cfi_startproc
  32              		@ args = 0, pretend = 0, frame = 8
  33              		@ frame_needed = 0, uses_anonymous_args = 0
  34              		.loc 1 172 1 is_stmt 0 view .LVU1
  35 0000 F0B5     		push	{r4, r5, r6, r7, lr}
  36              	.LCFI0:
  37              		.cfi_def_cfa_offset 20
  38              		.cfi_offset 4, -20
  39              		.cfi_offset 5, -16
  40              		.cfi_offset 6, -12
  41              		.cfi_offset 7, -8
  42              		.cfi_offset 14, -4
  43 0002 83B0     		sub	sp, sp, #12
  44              	.LCFI1:
  45              		.cfi_def_cfa_offset 32
 173:Drivers/STM32F3xx_HAL_Driver/Src/stm32f3xx_hal_gpio.c ****   uint32_t position = 0x00u;
  46              		.loc 1 173 3 is_stmt 1 view .LVU2
  47              	.LVL1:
 174:Drivers/STM32F3xx_HAL_Driver/Src/stm32f3xx_hal_gpio.c ****   uint32_t iocurrent;
  48              		.loc 1 174 3 view .LVU3
 175:Drivers/STM32F3xx_HAL_Driver/Src/stm32f3xx_hal_gpio.c ****   uint32_t temp;
  49              		.loc 1 175 3 view .LVU4
 176:Drivers/STM32F3xx_HAL_Driver/Src/stm32f3xx_hal_gpio.c **** 
 177:Drivers/STM32F3xx_HAL_Driver/Src/stm32f3xx_hal_gpio.c ****   /* Check the parameters */
 178:Drivers/STM32F3xx_HAL_Driver/Src/stm32f3xx_hal_gpio.c ****   assert_param(IS_GPIO_ALL_INSTANCE(GPIOx));
  50              		.loc 1 178 3 view .LVU5
 179:Drivers/STM32F3xx_HAL_Driver/Src/stm32f3xx_hal_gpio.c ****   assert_param(IS_GPIO_PIN(GPIO_Init->Pin));
ARM GAS  /tmp/ccZ7gpLS.s 			page 5


  51              		.loc 1 179 3 view .LVU6
 180:Drivers/STM32F3xx_HAL_Driver/Src/stm32f3xx_hal_gpio.c ****   assert_param(IS_GPIO_MODE(GPIO_Init->Mode));
  52              		.loc 1 180 3 view .LVU7
 181:Drivers/STM32F3xx_HAL_Driver/Src/stm32f3xx_hal_gpio.c **** 
 182:Drivers/STM32F3xx_HAL_Driver/Src/stm32f3xx_hal_gpio.c ****   /* Configure the port pins */
 183:Drivers/STM32F3xx_HAL_Driver/Src/stm32f3xx_hal_gpio.c ****   while (((GPIO_Init->Pin) >> position) != 0x00u)
  53              		.loc 1 183 3 view .LVU8
 173:Drivers/STM32F3xx_HAL_Driver/Src/stm32f3xx_hal_gpio.c ****   uint32_t iocurrent;
  54              		.loc 1 173 12 is_stmt 0 view .LVU9
  55 0004 0023     		movs	r3, #0
  56              		.loc 1 183 9 view .LVU10
  57 0006 62E0     		b	.L2
  58              	.LVL2:
  59              	.L22:
 184:Drivers/STM32F3xx_HAL_Driver/Src/stm32f3xx_hal_gpio.c ****   {
 185:Drivers/STM32F3xx_HAL_Driver/Src/stm32f3xx_hal_gpio.c ****     /* Get current io position */
 186:Drivers/STM32F3xx_HAL_Driver/Src/stm32f3xx_hal_gpio.c ****     iocurrent = (GPIO_Init->Pin) & (1uL << position);
 187:Drivers/STM32F3xx_HAL_Driver/Src/stm32f3xx_hal_gpio.c **** 
 188:Drivers/STM32F3xx_HAL_Driver/Src/stm32f3xx_hal_gpio.c ****     if (iocurrent != 0x00u)
 189:Drivers/STM32F3xx_HAL_Driver/Src/stm32f3xx_hal_gpio.c ****     {
 190:Drivers/STM32F3xx_HAL_Driver/Src/stm32f3xx_hal_gpio.c ****       /*--------------------- GPIO Mode Configuration ------------------------*/
 191:Drivers/STM32F3xx_HAL_Driver/Src/stm32f3xx_hal_gpio.c ****       /* In case of Output or Alternate function mode selection */
 192:Drivers/STM32F3xx_HAL_Driver/Src/stm32f3xx_hal_gpio.c ****       if(((GPIO_Init->Mode & GPIO_MODE) == MODE_OUTPUT) || ((GPIO_Init->Mode & GPIO_MODE) == MODE_A
 193:Drivers/STM32F3xx_HAL_Driver/Src/stm32f3xx_hal_gpio.c ****       {
 194:Drivers/STM32F3xx_HAL_Driver/Src/stm32f3xx_hal_gpio.c ****         /* Check the Speed parameter */
 195:Drivers/STM32F3xx_HAL_Driver/Src/stm32f3xx_hal_gpio.c ****         assert_param(IS_GPIO_SPEED(GPIO_Init->Speed));
  60              		.loc 1 195 9 is_stmt 1 view .LVU11
 196:Drivers/STM32F3xx_HAL_Driver/Src/stm32f3xx_hal_gpio.c ****         /* Configure the IO Speed */
 197:Drivers/STM32F3xx_HAL_Driver/Src/stm32f3xx_hal_gpio.c ****         temp = GPIOx->OSPEEDR;
  61              		.loc 1 197 9 view .LVU12
  62              		.loc 1 197 14 is_stmt 0 view .LVU13
  63 0008 8568     		ldr	r5, [r0, #8]
  64              	.LVL3:
 198:Drivers/STM32F3xx_HAL_Driver/Src/stm32f3xx_hal_gpio.c ****         temp &= ~(GPIO_OSPEEDER_OSPEEDR0 << (position * 2u));
  65              		.loc 1 198 9 is_stmt 1 view .LVU14
  66              		.loc 1 198 55 is_stmt 0 view .LVU15
  67 000a 5E00     		lsls	r6, r3, #1
  68              		.loc 1 198 42 view .LVU16
  69 000c 0324     		movs	r4, #3
  70 000e B440     		lsls	r4, r4, r6
  71              		.loc 1 198 14 view .LVU17
  72 0010 25EA0405 		bic	r5, r5, r4
  73              	.LVL4:
 199:Drivers/STM32F3xx_HAL_Driver/Src/stm32f3xx_hal_gpio.c ****         temp |= (GPIO_Init->Speed << (position * 2u));
  74              		.loc 1 199 9 is_stmt 1 view .LVU18
  75              		.loc 1 199 27 is_stmt 0 view .LVU19
  76 0014 CC68     		ldr	r4, [r1, #12]
  77              		.loc 1 199 35 view .LVU20
  78 0016 B440     		lsls	r4, r4, r6
  79              		.loc 1 199 14 view .LVU21
  80 0018 2C43     		orrs	r4, r4, r5
  81              	.LVL5:
 200:Drivers/STM32F3xx_HAL_Driver/Src/stm32f3xx_hal_gpio.c ****         GPIOx->OSPEEDR = temp;
  82              		.loc 1 200 9 is_stmt 1 view .LVU22
  83              		.loc 1 200 24 is_stmt 0 view .LVU23
  84 001a 8460     		str	r4, [r0, #8]
 201:Drivers/STM32F3xx_HAL_Driver/Src/stm32f3xx_hal_gpio.c **** 
ARM GAS  /tmp/ccZ7gpLS.s 			page 6


 202:Drivers/STM32F3xx_HAL_Driver/Src/stm32f3xx_hal_gpio.c ****         /* Configure the IO Output Type */
 203:Drivers/STM32F3xx_HAL_Driver/Src/stm32f3xx_hal_gpio.c ****         temp = GPIOx->OTYPER;
  85              		.loc 1 203 9 is_stmt 1 view .LVU24
  86              		.loc 1 203 14 is_stmt 0 view .LVU25
  87 001c 4568     		ldr	r5, [r0, #4]
  88              	.LVL6:
 204:Drivers/STM32F3xx_HAL_Driver/Src/stm32f3xx_hal_gpio.c ****         temp &= ~(GPIO_OTYPER_OT_0 << position) ;
  89              		.loc 1 204 9 is_stmt 1 view .LVU26
  90              		.loc 1 204 14 is_stmt 0 view .LVU27
  91 001e 25EA0C05 		bic	r5, r5, ip
  92              	.LVL7:
 205:Drivers/STM32F3xx_HAL_Driver/Src/stm32f3xx_hal_gpio.c ****         temp |= (((GPIO_Init->Mode & OUTPUT_TYPE) >> OUTPUT_TYPE_Pos) << position);
  93              		.loc 1 205 9 is_stmt 1 view .LVU28
  94              		.loc 1 205 29 is_stmt 0 view .LVU29
  95 0022 4C68     		ldr	r4, [r1, #4]
  96              		.loc 1 205 51 view .LVU30
  97 0024 C4F30014 		ubfx	r4, r4, #4, #1
  98              		.loc 1 205 71 view .LVU31
  99 0028 9C40     		lsls	r4, r4, r3
 100              		.loc 1 205 14 view .LVU32
 101 002a 2C43     		orrs	r4, r4, r5
 102              	.LVL8:
 206:Drivers/STM32F3xx_HAL_Driver/Src/stm32f3xx_hal_gpio.c ****         GPIOx->OTYPER = temp;
 103              		.loc 1 206 9 is_stmt 1 view .LVU33
 104              		.loc 1 206 23 is_stmt 0 view .LVU34
 105 002c 4460     		str	r4, [r0, #4]
 106 002e 5FE0     		b	.L4
 107              	.LVL9:
 108              	.L23:
 207:Drivers/STM32F3xx_HAL_Driver/Src/stm32f3xx_hal_gpio.c ****       }
 208:Drivers/STM32F3xx_HAL_Driver/Src/stm32f3xx_hal_gpio.c **** 
 209:Drivers/STM32F3xx_HAL_Driver/Src/stm32f3xx_hal_gpio.c ****       if((GPIO_Init->Mode & GPIO_MODE) != MODE_ANALOG)
 210:Drivers/STM32F3xx_HAL_Driver/Src/stm32f3xx_hal_gpio.c ****       {
 211:Drivers/STM32F3xx_HAL_Driver/Src/stm32f3xx_hal_gpio.c ****         /* Check the Pull parameter */
 212:Drivers/STM32F3xx_HAL_Driver/Src/stm32f3xx_hal_gpio.c ****         assert_param(IS_GPIO_PULL(GPIO_Init->Pull));
 213:Drivers/STM32F3xx_HAL_Driver/Src/stm32f3xx_hal_gpio.c **** 
 214:Drivers/STM32F3xx_HAL_Driver/Src/stm32f3xx_hal_gpio.c ****         /* Activate the Pull-up or Pull down resistor for the current IO */
 215:Drivers/STM32F3xx_HAL_Driver/Src/stm32f3xx_hal_gpio.c ****         temp = GPIOx->PUPDR;
 216:Drivers/STM32F3xx_HAL_Driver/Src/stm32f3xx_hal_gpio.c ****         temp &= ~(GPIO_PUPDR_PUPDR0 << (position * 2u));
 217:Drivers/STM32F3xx_HAL_Driver/Src/stm32f3xx_hal_gpio.c ****         temp |= ((GPIO_Init->Pull) << (position * 2u));
 218:Drivers/STM32F3xx_HAL_Driver/Src/stm32f3xx_hal_gpio.c ****         GPIOx->PUPDR = temp;
 219:Drivers/STM32F3xx_HAL_Driver/Src/stm32f3xx_hal_gpio.c ****       }
 220:Drivers/STM32F3xx_HAL_Driver/Src/stm32f3xx_hal_gpio.c **** 
 221:Drivers/STM32F3xx_HAL_Driver/Src/stm32f3xx_hal_gpio.c ****       /*--------------------- GPIO Mode Configuration ------------------------*/
 222:Drivers/STM32F3xx_HAL_Driver/Src/stm32f3xx_hal_gpio.c ****       /* In case of Alternate function mode selection */
 223:Drivers/STM32F3xx_HAL_Driver/Src/stm32f3xx_hal_gpio.c ****       if((GPIO_Init->Mode & GPIO_MODE) == MODE_AF)
 224:Drivers/STM32F3xx_HAL_Driver/Src/stm32f3xx_hal_gpio.c ****       {
 225:Drivers/STM32F3xx_HAL_Driver/Src/stm32f3xx_hal_gpio.c ****         /* Check the Alternate function parameters */
 226:Drivers/STM32F3xx_HAL_Driver/Src/stm32f3xx_hal_gpio.c ****         assert_param(IS_GPIO_AF_INSTANCE(GPIOx));
 109              		.loc 1 226 9 is_stmt 1 view .LVU35
 227:Drivers/STM32F3xx_HAL_Driver/Src/stm32f3xx_hal_gpio.c ****         assert_param(IS_GPIO_AF(GPIO_Init->Alternate));
 110              		.loc 1 227 9 view .LVU36
 228:Drivers/STM32F3xx_HAL_Driver/Src/stm32f3xx_hal_gpio.c **** 
 229:Drivers/STM32F3xx_HAL_Driver/Src/stm32f3xx_hal_gpio.c ****         /* Configure Alternate function mapped with the current IO */
 230:Drivers/STM32F3xx_HAL_Driver/Src/stm32f3xx_hal_gpio.c ****         temp = GPIOx->AFR[position >> 3u];
 111              		.loc 1 230 9 view .LVU37
 112              		.loc 1 230 36 is_stmt 0 view .LVU38
ARM GAS  /tmp/ccZ7gpLS.s 			page 7


 113 0030 DD08     		lsrs	r5, r3, #3
 114              		.loc 1 230 14 view .LVU39
 115 0032 0835     		adds	r5, r5, #8
 116 0034 50F82540 		ldr	r4, [r0, r5, lsl #2]
 117              	.LVL10:
 231:Drivers/STM32F3xx_HAL_Driver/Src/stm32f3xx_hal_gpio.c ****         temp &= ~(0xFu << ((position & 0x07u) * 4u));
 118              		.loc 1 231 9 is_stmt 1 view .LVU40
 119              		.loc 1 231 38 is_stmt 0 view .LVU41
 120 0038 03F0070C 		and	ip, r3, #7
 121              		.loc 1 231 47 view .LVU42
 122 003c 4FEA8C0C 		lsl	ip, ip, #2
 123              		.loc 1 231 24 view .LVU43
 124 0040 4FF00F0E 		mov	lr, #15
 125 0044 0EFA0CFE 		lsl	lr, lr, ip
 126              		.loc 1 231 14 view .LVU44
 127 0048 24EA0E0E 		bic	lr, r4, lr
 128              	.LVL11:
 232:Drivers/STM32F3xx_HAL_Driver/Src/stm32f3xx_hal_gpio.c ****         temp |= ((GPIO_Init->Alternate) << ((position & 0x07u) * 4u));
 129              		.loc 1 232 9 is_stmt 1 view .LVU45
 130              		.loc 1 232 28 is_stmt 0 view .LVU46
 131 004c 0C69     		ldr	r4, [r1, #16]
 132              		.loc 1 232 41 view .LVU47
 133 004e 04FA0CF4 		lsl	r4, r4, ip
 134              		.loc 1 232 14 view .LVU48
 135 0052 44EA0E04 		orr	r4, r4, lr
 136              	.LVL12:
 233:Drivers/STM32F3xx_HAL_Driver/Src/stm32f3xx_hal_gpio.c ****         GPIOx->AFR[position >> 3u] = temp;
 137              		.loc 1 233 9 is_stmt 1 view .LVU49
 138              		.loc 1 233 36 is_stmt 0 view .LVU50
 139 0056 40F82540 		str	r4, [r0, r5, lsl #2]
 140 005a 60E0     		b	.L6
 141              	.LVL13:
 142              	.L24:
 234:Drivers/STM32F3xx_HAL_Driver/Src/stm32f3xx_hal_gpio.c ****       }
 235:Drivers/STM32F3xx_HAL_Driver/Src/stm32f3xx_hal_gpio.c **** 
 236:Drivers/STM32F3xx_HAL_Driver/Src/stm32f3xx_hal_gpio.c ****       /* Configure IO Direction mode (Input, Output, Alternate or Analog) */
 237:Drivers/STM32F3xx_HAL_Driver/Src/stm32f3xx_hal_gpio.c ****       temp = GPIOx->MODER;
 238:Drivers/STM32F3xx_HAL_Driver/Src/stm32f3xx_hal_gpio.c ****       temp &= ~(GPIO_MODER_MODER0 << (position * 2u));
 239:Drivers/STM32F3xx_HAL_Driver/Src/stm32f3xx_hal_gpio.c ****       temp |= ((GPIO_Init->Mode & GPIO_MODE) << (position * 2u));
 240:Drivers/STM32F3xx_HAL_Driver/Src/stm32f3xx_hal_gpio.c ****       GPIOx->MODER = temp;
 241:Drivers/STM32F3xx_HAL_Driver/Src/stm32f3xx_hal_gpio.c **** 
 242:Drivers/STM32F3xx_HAL_Driver/Src/stm32f3xx_hal_gpio.c ****       /*--------------------- EXTI Mode Configuration ------------------------*/
 243:Drivers/STM32F3xx_HAL_Driver/Src/stm32f3xx_hal_gpio.c ****       /* Configure the External Interrupt or event for the current IO */
 244:Drivers/STM32F3xx_HAL_Driver/Src/stm32f3xx_hal_gpio.c ****       if((GPIO_Init->Mode & EXTI_MODE) != 0x00u)
 245:Drivers/STM32F3xx_HAL_Driver/Src/stm32f3xx_hal_gpio.c ****       {
 246:Drivers/STM32F3xx_HAL_Driver/Src/stm32f3xx_hal_gpio.c ****         /* Enable SYSCFG Clock */
 247:Drivers/STM32F3xx_HAL_Driver/Src/stm32f3xx_hal_gpio.c ****         __HAL_RCC_SYSCFG_CLK_ENABLE();
 248:Drivers/STM32F3xx_HAL_Driver/Src/stm32f3xx_hal_gpio.c **** 
 249:Drivers/STM32F3xx_HAL_Driver/Src/stm32f3xx_hal_gpio.c ****         temp = SYSCFG->EXTICR[position >> 2u];
 250:Drivers/STM32F3xx_HAL_Driver/Src/stm32f3xx_hal_gpio.c ****         temp &= ~(0x0FuL << (4u * (position & 0x03u)));
 251:Drivers/STM32F3xx_HAL_Driver/Src/stm32f3xx_hal_gpio.c ****         temp |= (GPIO_GET_INDEX(GPIOx) << (4u * (position & 0x03u)));
 143              		.loc 1 251 18 discriminator 13 view .LVU51
 144 005c 0624     		movs	r4, #6
 145 005e 00E0     		b	.L7
 146              	.L13:
 147              		.loc 1 251 18 discriminator 2 view .LVU52
 148 0060 0024     		movs	r4, #0
ARM GAS  /tmp/ccZ7gpLS.s 			page 8


 149              	.L7:
 150              		.loc 1 251 40 discriminator 28 view .LVU53
 151 0062 04FA0EF4 		lsl	r4, r4, lr
 152              		.loc 1 251 14 discriminator 28 view .LVU54
 153 0066 2C43     		orrs	r4, r4, r5
 154              	.LVL14:
 252:Drivers/STM32F3xx_HAL_Driver/Src/stm32f3xx_hal_gpio.c ****         SYSCFG->EXTICR[position >> 2u] = temp;
 155              		.loc 1 252 9 is_stmt 1 view .LVU55
 156              		.loc 1 252 40 is_stmt 0 view .LVU56
 157 0068 0CF1020C 		add	ip, ip, #2
 158 006c 584D     		ldr	r5, .L25
 159 006e 45F82C40 		str	r4, [r5, ip, lsl #2]
 253:Drivers/STM32F3xx_HAL_Driver/Src/stm32f3xx_hal_gpio.c **** 
 254:Drivers/STM32F3xx_HAL_Driver/Src/stm32f3xx_hal_gpio.c ****         /* Clear Rising Falling edge configuration */
 255:Drivers/STM32F3xx_HAL_Driver/Src/stm32f3xx_hal_gpio.c ****         temp = EXTI->RTSR;
 160              		.loc 1 255 9 is_stmt 1 view .LVU57
 161              		.loc 1 255 14 is_stmt 0 view .LVU58
 162 0072 584C     		ldr	r4, .L25+4
 163              	.LVL15:
 164              		.loc 1 255 14 view .LVU59
 165 0074 A568     		ldr	r5, [r4, #8]
 166              	.LVL16:
 256:Drivers/STM32F3xx_HAL_Driver/Src/stm32f3xx_hal_gpio.c ****         temp &= ~(iocurrent);
 167              		.loc 1 256 9 is_stmt 1 view .LVU60
 168              		.loc 1 256 17 is_stmt 0 view .LVU61
 169 0076 D443     		mvns	r4, r2
 170              		.loc 1 256 14 view .LVU62
 171 0078 25EA0206 		bic	r6, r5, r2
 172              	.LVL17:
 257:Drivers/STM32F3xx_HAL_Driver/Src/stm32f3xx_hal_gpio.c ****         if((GPIO_Init->Mode & TRIGGER_RISING) != 0x00u)
 173              		.loc 1 257 9 is_stmt 1 view .LVU63
 174              		.loc 1 257 11 is_stmt 0 view .LVU64
 175 007c 4F68     		ldr	r7, [r1, #4]
 176 007e 17F4801F 		tst	r7, #1048576
 177 0082 01D0     		beq	.L8
 258:Drivers/STM32F3xx_HAL_Driver/Src/stm32f3xx_hal_gpio.c ****         {
 259:Drivers/STM32F3xx_HAL_Driver/Src/stm32f3xx_hal_gpio.c ****           temp |= iocurrent;
 178              		.loc 1 259 11 is_stmt 1 view .LVU65
 179              		.loc 1 259 16 is_stmt 0 view .LVU66
 180 0084 42EA0506 		orr	r6, r2, r5
 181              	.LVL18:
 182              	.L8:
 260:Drivers/STM32F3xx_HAL_Driver/Src/stm32f3xx_hal_gpio.c ****         }
 261:Drivers/STM32F3xx_HAL_Driver/Src/stm32f3xx_hal_gpio.c ****         EXTI->RTSR = temp;
 183              		.loc 1 261 9 is_stmt 1 view .LVU67
 184              		.loc 1 261 20 is_stmt 0 view .LVU68
 185 0088 524D     		ldr	r5, .L25+4
 186 008a AE60     		str	r6, [r5, #8]
 262:Drivers/STM32F3xx_HAL_Driver/Src/stm32f3xx_hal_gpio.c **** 
 263:Drivers/STM32F3xx_HAL_Driver/Src/stm32f3xx_hal_gpio.c ****         temp = EXTI->FTSR;
 187              		.loc 1 263 9 is_stmt 1 view .LVU69
 188              		.loc 1 263 14 is_stmt 0 view .LVU70
 189 008c ED68     		ldr	r5, [r5, #12]
 190              	.LVL19:
 264:Drivers/STM32F3xx_HAL_Driver/Src/stm32f3xx_hal_gpio.c ****         temp &= ~(iocurrent);
 191              		.loc 1 264 9 is_stmt 1 view .LVU71
 192              		.loc 1 264 14 is_stmt 0 view .LVU72
ARM GAS  /tmp/ccZ7gpLS.s 			page 9


 193 008e 04EA0506 		and	r6, r4, r5
 194              	.LVL20:
 265:Drivers/STM32F3xx_HAL_Driver/Src/stm32f3xx_hal_gpio.c ****         if((GPIO_Init->Mode & TRIGGER_FALLING) != 0x00u)
 195              		.loc 1 265 9 is_stmt 1 view .LVU73
 196              		.loc 1 265 11 is_stmt 0 view .LVU74
 197 0092 4F68     		ldr	r7, [r1, #4]
 198 0094 17F4001F 		tst	r7, #2097152
 199 0098 01D0     		beq	.L9
 266:Drivers/STM32F3xx_HAL_Driver/Src/stm32f3xx_hal_gpio.c ****         {
 267:Drivers/STM32F3xx_HAL_Driver/Src/stm32f3xx_hal_gpio.c ****           temp |= iocurrent;
 200              		.loc 1 267 11 is_stmt 1 view .LVU75
 201              		.loc 1 267 16 is_stmt 0 view .LVU76
 202 009a 42EA0506 		orr	r6, r2, r5
 203              	.LVL21:
 204              	.L9:
 268:Drivers/STM32F3xx_HAL_Driver/Src/stm32f3xx_hal_gpio.c ****         }
 269:Drivers/STM32F3xx_HAL_Driver/Src/stm32f3xx_hal_gpio.c ****         EXTI->FTSR = temp;
 205              		.loc 1 269 9 is_stmt 1 view .LVU77
 206              		.loc 1 269 20 is_stmt 0 view .LVU78
 207 009e 4D4D     		ldr	r5, .L25+4
 208 00a0 EE60     		str	r6, [r5, #12]
 270:Drivers/STM32F3xx_HAL_Driver/Src/stm32f3xx_hal_gpio.c **** 
 271:Drivers/STM32F3xx_HAL_Driver/Src/stm32f3xx_hal_gpio.c ****         temp = EXTI->EMR;
 209              		.loc 1 271 9 is_stmt 1 view .LVU79
 210              		.loc 1 271 14 is_stmt 0 view .LVU80
 211 00a2 6D68     		ldr	r5, [r5, #4]
 212              	.LVL22:
 272:Drivers/STM32F3xx_HAL_Driver/Src/stm32f3xx_hal_gpio.c ****         temp &= ~(iocurrent);
 213              		.loc 1 272 9 is_stmt 1 view .LVU81
 214              		.loc 1 272 14 is_stmt 0 view .LVU82
 215 00a4 04EA0506 		and	r6, r4, r5
 216              	.LVL23:
 273:Drivers/STM32F3xx_HAL_Driver/Src/stm32f3xx_hal_gpio.c ****         if((GPIO_Init->Mode & EXTI_EVT) != 0x00u)
 217              		.loc 1 273 9 is_stmt 1 view .LVU83
 218              		.loc 1 273 11 is_stmt 0 view .LVU84
 219 00a8 4F68     		ldr	r7, [r1, #4]
 220 00aa 17F4003F 		tst	r7, #131072
 221 00ae 01D0     		beq	.L10
 274:Drivers/STM32F3xx_HAL_Driver/Src/stm32f3xx_hal_gpio.c ****         {
 275:Drivers/STM32F3xx_HAL_Driver/Src/stm32f3xx_hal_gpio.c ****           temp |= iocurrent;
 222              		.loc 1 275 11 is_stmt 1 view .LVU85
 223              		.loc 1 275 16 is_stmt 0 view .LVU86
 224 00b0 42EA0506 		orr	r6, r2, r5
 225              	.LVL24:
 226              	.L10:
 276:Drivers/STM32F3xx_HAL_Driver/Src/stm32f3xx_hal_gpio.c ****         }
 277:Drivers/STM32F3xx_HAL_Driver/Src/stm32f3xx_hal_gpio.c ****         EXTI->EMR = temp;
 227              		.loc 1 277 9 is_stmt 1 view .LVU87
 228              		.loc 1 277 19 is_stmt 0 view .LVU88
 229 00b4 474D     		ldr	r5, .L25+4
 230 00b6 6E60     		str	r6, [r5, #4]
 278:Drivers/STM32F3xx_HAL_Driver/Src/stm32f3xx_hal_gpio.c **** 
 279:Drivers/STM32F3xx_HAL_Driver/Src/stm32f3xx_hal_gpio.c ****         /* Clear EXTI line configuration */
 280:Drivers/STM32F3xx_HAL_Driver/Src/stm32f3xx_hal_gpio.c ****         temp = EXTI->IMR;
 231              		.loc 1 280 9 is_stmt 1 view .LVU89
 232              		.loc 1 280 14 is_stmt 0 view .LVU90
 233 00b8 2D68     		ldr	r5, [r5]
ARM GAS  /tmp/ccZ7gpLS.s 			page 10


 234              	.LVL25:
 281:Drivers/STM32F3xx_HAL_Driver/Src/stm32f3xx_hal_gpio.c ****         temp &= ~(iocurrent);
 235              		.loc 1 281 9 is_stmt 1 view .LVU91
 236              		.loc 1 281 14 is_stmt 0 view .LVU92
 237 00ba 2C40     		ands	r4, r4, r5
 238              	.LVL26:
 282:Drivers/STM32F3xx_HAL_Driver/Src/stm32f3xx_hal_gpio.c ****         if((GPIO_Init->Mode & EXTI_IT) != 0x00u)
 239              		.loc 1 282 9 is_stmt 1 view .LVU93
 240              		.loc 1 282 22 is_stmt 0 view .LVU94
 241 00bc 4E68     		ldr	r6, [r1, #4]
 242              		.loc 1 282 11 view .LVU95
 243 00be 16F4803F 		tst	r6, #65536
 244 00c2 01D0     		beq	.L11
 283:Drivers/STM32F3xx_HAL_Driver/Src/stm32f3xx_hal_gpio.c ****         {
 284:Drivers/STM32F3xx_HAL_Driver/Src/stm32f3xx_hal_gpio.c ****           temp |= iocurrent;
 245              		.loc 1 284 11 is_stmt 1 view .LVU96
 246              		.loc 1 284 16 is_stmt 0 view .LVU97
 247 00c4 42EA0504 		orr	r4, r2, r5
 248              	.LVL27:
 249              	.L11:
 285:Drivers/STM32F3xx_HAL_Driver/Src/stm32f3xx_hal_gpio.c ****         }
 286:Drivers/STM32F3xx_HAL_Driver/Src/stm32f3xx_hal_gpio.c ****         EXTI->IMR = temp;
 250              		.loc 1 286 9 is_stmt 1 view .LVU98
 251              		.loc 1 286 19 is_stmt 0 view .LVU99
 252 00c8 424A     		ldr	r2, .L25+4
 253              	.LVL28:
 254              		.loc 1 286 19 view .LVU100
 255 00ca 1460     		str	r4, [r2]
 256              	.LVL29:
 257              	.L3:
 287:Drivers/STM32F3xx_HAL_Driver/Src/stm32f3xx_hal_gpio.c ****       }
 288:Drivers/STM32F3xx_HAL_Driver/Src/stm32f3xx_hal_gpio.c ****     }
 289:Drivers/STM32F3xx_HAL_Driver/Src/stm32f3xx_hal_gpio.c **** 
 290:Drivers/STM32F3xx_HAL_Driver/Src/stm32f3xx_hal_gpio.c ****     position++;
 258              		.loc 1 290 5 is_stmt 1 view .LVU101
 259              		.loc 1 290 13 is_stmt 0 view .LVU102
 260 00cc 0133     		adds	r3, r3, #1
 261              	.LVL30:
 262              	.L2:
 183:Drivers/STM32F3xx_HAL_Driver/Src/stm32f3xx_hal_gpio.c ****   {
 263              		.loc 1 183 41 is_stmt 1 view .LVU103
 183:Drivers/STM32F3xx_HAL_Driver/Src/stm32f3xx_hal_gpio.c ****   {
 264              		.loc 1 183 21 is_stmt 0 view .LVU104
 265 00ce 0A68     		ldr	r2, [r1]
 183:Drivers/STM32F3xx_HAL_Driver/Src/stm32f3xx_hal_gpio.c ****   {
 266              		.loc 1 183 41 view .LVU105
 267 00d0 32FA03F4 		lsrs	r4, r2, r3
 268 00d4 7AD0     		beq	.L21
 186:Drivers/STM32F3xx_HAL_Driver/Src/stm32f3xx_hal_gpio.c **** 
 269              		.loc 1 186 5 is_stmt 1 view .LVU106
 186:Drivers/STM32F3xx_HAL_Driver/Src/stm32f3xx_hal_gpio.c **** 
 270              		.loc 1 186 41 is_stmt 0 view .LVU107
 271 00d6 4FF0010C 		mov	ip, #1
 272 00da 0CFA03FC 		lsl	ip, ip, r3
 273              	.LVL31:
 188:Drivers/STM32F3xx_HAL_Driver/Src/stm32f3xx_hal_gpio.c ****     {
 274              		.loc 1 188 5 is_stmt 1 view .LVU108
ARM GAS  /tmp/ccZ7gpLS.s 			page 11


 188:Drivers/STM32F3xx_HAL_Driver/Src/stm32f3xx_hal_gpio.c ****     {
 275              		.loc 1 188 8 is_stmt 0 view .LVU109
 276 00de 1CEA0202 		ands	r2, ip, r2
 277              	.LVL32:
 188:Drivers/STM32F3xx_HAL_Driver/Src/stm32f3xx_hal_gpio.c ****     {
 278              		.loc 1 188 8 view .LVU110
 279 00e2 F3D0     		beq	.L3
 192:Drivers/STM32F3xx_HAL_Driver/Src/stm32f3xx_hal_gpio.c ****       {
 280              		.loc 1 192 7 is_stmt 1 view .LVU111
 192:Drivers/STM32F3xx_HAL_Driver/Src/stm32f3xx_hal_gpio.c ****       {
 281              		.loc 1 192 21 is_stmt 0 view .LVU112
 282 00e4 4C68     		ldr	r4, [r1, #4]
 192:Drivers/STM32F3xx_HAL_Driver/Src/stm32f3xx_hal_gpio.c ****       {
 283              		.loc 1 192 28 view .LVU113
 284 00e6 04F00304 		and	r4, r4, #3
 192:Drivers/STM32F3xx_HAL_Driver/Src/stm32f3xx_hal_gpio.c ****       {
 285              		.loc 1 192 57 view .LVU114
 286 00ea 013C     		subs	r4, r4, #1
 192:Drivers/STM32F3xx_HAL_Driver/Src/stm32f3xx_hal_gpio.c ****       {
 287              		.loc 1 192 9 view .LVU115
 288 00ec 012C     		cmp	r4, #1
 289 00ee 8BD9     		bls	.L22
 290              	.L4:
 209:Drivers/STM32F3xx_HAL_Driver/Src/stm32f3xx_hal_gpio.c ****       {
 291              		.loc 1 209 7 is_stmt 1 view .LVU116
 209:Drivers/STM32F3xx_HAL_Driver/Src/stm32f3xx_hal_gpio.c ****       {
 292              		.loc 1 209 20 is_stmt 0 view .LVU117
 293 00f0 4C68     		ldr	r4, [r1, #4]
 209:Drivers/STM32F3xx_HAL_Driver/Src/stm32f3xx_hal_gpio.c ****       {
 294              		.loc 1 209 27 view .LVU118
 295 00f2 04F00304 		and	r4, r4, #3
 209:Drivers/STM32F3xx_HAL_Driver/Src/stm32f3xx_hal_gpio.c ****       {
 296              		.loc 1 209 9 view .LVU119
 297 00f6 032C     		cmp	r4, #3
 298 00f8 0CD0     		beq	.L5
 212:Drivers/STM32F3xx_HAL_Driver/Src/stm32f3xx_hal_gpio.c **** 
 299              		.loc 1 212 9 is_stmt 1 view .LVU120
 215:Drivers/STM32F3xx_HAL_Driver/Src/stm32f3xx_hal_gpio.c ****         temp &= ~(GPIO_PUPDR_PUPDR0 << (position * 2u));
 300              		.loc 1 215 9 view .LVU121
 215:Drivers/STM32F3xx_HAL_Driver/Src/stm32f3xx_hal_gpio.c ****         temp &= ~(GPIO_PUPDR_PUPDR0 << (position * 2u));
 301              		.loc 1 215 14 is_stmt 0 view .LVU122
 302 00fa C468     		ldr	r4, [r0, #12]
 303              	.LVL33:
 216:Drivers/STM32F3xx_HAL_Driver/Src/stm32f3xx_hal_gpio.c ****         temp |= ((GPIO_Init->Pull) << (position * 2u));
 304              		.loc 1 216 9 is_stmt 1 view .LVU123
 216:Drivers/STM32F3xx_HAL_Driver/Src/stm32f3xx_hal_gpio.c ****         temp |= ((GPIO_Init->Pull) << (position * 2u));
 305              		.loc 1 216 50 is_stmt 0 view .LVU124
 306 00fc 5D00     		lsls	r5, r3, #1
 216:Drivers/STM32F3xx_HAL_Driver/Src/stm32f3xx_hal_gpio.c ****         temp |= ((GPIO_Init->Pull) << (position * 2u));
 307              		.loc 1 216 37 view .LVU125
 308 00fe 4FF0030C 		mov	ip, #3
 309 0102 0CFA05FC 		lsl	ip, ip, r5
 216:Drivers/STM32F3xx_HAL_Driver/Src/stm32f3xx_hal_gpio.c ****         temp |= ((GPIO_Init->Pull) << (position * 2u));
 310              		.loc 1 216 14 view .LVU126
 311 0106 24EA0C0C 		bic	ip, r4, ip
 312              	.LVL34:
 217:Drivers/STM32F3xx_HAL_Driver/Src/stm32f3xx_hal_gpio.c ****         GPIOx->PUPDR = temp;
ARM GAS  /tmp/ccZ7gpLS.s 			page 12


 313              		.loc 1 217 9 is_stmt 1 view .LVU127
 217:Drivers/STM32F3xx_HAL_Driver/Src/stm32f3xx_hal_gpio.c ****         GPIOx->PUPDR = temp;
 314              		.loc 1 217 28 is_stmt 0 view .LVU128
 315 010a 8C68     		ldr	r4, [r1, #8]
 217:Drivers/STM32F3xx_HAL_Driver/Src/stm32f3xx_hal_gpio.c ****         GPIOx->PUPDR = temp;
 316              		.loc 1 217 36 view .LVU129
 317 010c AC40     		lsls	r4, r4, r5
 217:Drivers/STM32F3xx_HAL_Driver/Src/stm32f3xx_hal_gpio.c ****         GPIOx->PUPDR = temp;
 318              		.loc 1 217 14 view .LVU130
 319 010e 44EA0C04 		orr	r4, r4, ip
 320              	.LVL35:
 218:Drivers/STM32F3xx_HAL_Driver/Src/stm32f3xx_hal_gpio.c ****       }
 321              		.loc 1 218 9 is_stmt 1 view .LVU131
 218:Drivers/STM32F3xx_HAL_Driver/Src/stm32f3xx_hal_gpio.c ****       }
 322              		.loc 1 218 22 is_stmt 0 view .LVU132
 323 0112 C460     		str	r4, [r0, #12]
 324              	.LVL36:
 325              	.L5:
 223:Drivers/STM32F3xx_HAL_Driver/Src/stm32f3xx_hal_gpio.c ****       {
 326              		.loc 1 223 7 is_stmt 1 view .LVU133
 223:Drivers/STM32F3xx_HAL_Driver/Src/stm32f3xx_hal_gpio.c ****       {
 327              		.loc 1 223 20 is_stmt 0 view .LVU134
 328 0114 4C68     		ldr	r4, [r1, #4]
 223:Drivers/STM32F3xx_HAL_Driver/Src/stm32f3xx_hal_gpio.c ****       {
 329              		.loc 1 223 27 view .LVU135
 330 0116 04F00304 		and	r4, r4, #3
 223:Drivers/STM32F3xx_HAL_Driver/Src/stm32f3xx_hal_gpio.c ****       {
 331              		.loc 1 223 9 view .LVU136
 332 011a 022C     		cmp	r4, #2
 333 011c 88D0     		beq	.L23
 334              	.L6:
 237:Drivers/STM32F3xx_HAL_Driver/Src/stm32f3xx_hal_gpio.c ****       temp &= ~(GPIO_MODER_MODER0 << (position * 2u));
 335              		.loc 1 237 7 is_stmt 1 view .LVU137
 237:Drivers/STM32F3xx_HAL_Driver/Src/stm32f3xx_hal_gpio.c ****       temp &= ~(GPIO_MODER_MODER0 << (position * 2u));
 336              		.loc 1 237 12 is_stmt 0 view .LVU138
 337 011e 0468     		ldr	r4, [r0]
 338              	.LVL37:
 238:Drivers/STM32F3xx_HAL_Driver/Src/stm32f3xx_hal_gpio.c ****       temp |= ((GPIO_Init->Mode & GPIO_MODE) << (position * 2u));
 339              		.loc 1 238 7 is_stmt 1 view .LVU139
 238:Drivers/STM32F3xx_HAL_Driver/Src/stm32f3xx_hal_gpio.c ****       temp |= ((GPIO_Init->Mode & GPIO_MODE) << (position * 2u));
 340              		.loc 1 238 48 is_stmt 0 view .LVU140
 341 0120 4FEA430E 		lsl	lr, r3, #1
 238:Drivers/STM32F3xx_HAL_Driver/Src/stm32f3xx_hal_gpio.c ****       temp |= ((GPIO_Init->Mode & GPIO_MODE) << (position * 2u));
 342              		.loc 1 238 35 view .LVU141
 343 0124 4FF0030C 		mov	ip, #3
 344 0128 0CFA0EFC 		lsl	ip, ip, lr
 238:Drivers/STM32F3xx_HAL_Driver/Src/stm32f3xx_hal_gpio.c ****       temp |= ((GPIO_Init->Mode & GPIO_MODE) << (position * 2u));
 345              		.loc 1 238 12 view .LVU142
 346 012c 24EA0C0C 		bic	ip, r4, ip
 347              	.LVL38:
 239:Drivers/STM32F3xx_HAL_Driver/Src/stm32f3xx_hal_gpio.c ****       GPIOx->MODER = temp;
 348              		.loc 1 239 7 is_stmt 1 view .LVU143
 239:Drivers/STM32F3xx_HAL_Driver/Src/stm32f3xx_hal_gpio.c ****       GPIOx->MODER = temp;
 349              		.loc 1 239 26 is_stmt 0 view .LVU144
 350 0130 4C68     		ldr	r4, [r1, #4]
 239:Drivers/STM32F3xx_HAL_Driver/Src/stm32f3xx_hal_gpio.c ****       GPIOx->MODER = temp;
 351              		.loc 1 239 33 view .LVU145
ARM GAS  /tmp/ccZ7gpLS.s 			page 13


 352 0132 04F00304 		and	r4, r4, #3
 239:Drivers/STM32F3xx_HAL_Driver/Src/stm32f3xx_hal_gpio.c ****       GPIOx->MODER = temp;
 353              		.loc 1 239 46 view .LVU146
 354 0136 04FA0EF4 		lsl	r4, r4, lr
 239:Drivers/STM32F3xx_HAL_Driver/Src/stm32f3xx_hal_gpio.c ****       GPIOx->MODER = temp;
 355              		.loc 1 239 12 view .LVU147
 356 013a 44EA0C04 		orr	r4, r4, ip
 357              	.LVL39:
 240:Drivers/STM32F3xx_HAL_Driver/Src/stm32f3xx_hal_gpio.c **** 
 358              		.loc 1 240 7 is_stmt 1 view .LVU148
 240:Drivers/STM32F3xx_HAL_Driver/Src/stm32f3xx_hal_gpio.c **** 
 359              		.loc 1 240 20 is_stmt 0 view .LVU149
 360 013e 0460     		str	r4, [r0]
 244:Drivers/STM32F3xx_HAL_Driver/Src/stm32f3xx_hal_gpio.c ****       {
 361              		.loc 1 244 7 is_stmt 1 view .LVU150
 244:Drivers/STM32F3xx_HAL_Driver/Src/stm32f3xx_hal_gpio.c ****       {
 362              		.loc 1 244 20 is_stmt 0 view .LVU151
 363 0140 4C68     		ldr	r4, [r1, #4]
 364              	.LVL40:
 244:Drivers/STM32F3xx_HAL_Driver/Src/stm32f3xx_hal_gpio.c ****       {
 365              		.loc 1 244 9 view .LVU152
 366 0142 14F4403F 		tst	r4, #196608
 367 0146 C1D0     		beq	.L3
 247:Drivers/STM32F3xx_HAL_Driver/Src/stm32f3xx_hal_gpio.c **** 
 368              		.loc 1 247 9 is_stmt 1 view .LVU153
 369              	.LBB2:
 247:Drivers/STM32F3xx_HAL_Driver/Src/stm32f3xx_hal_gpio.c **** 
 370              		.loc 1 247 9 view .LVU154
 247:Drivers/STM32F3xx_HAL_Driver/Src/stm32f3xx_hal_gpio.c **** 
 371              		.loc 1 247 9 view .LVU155
 372 0148 234C     		ldr	r4, .L25+8
 373 014a A569     		ldr	r5, [r4, #24]
 374 014c 45F00105 		orr	r5, r5, #1
 375 0150 A561     		str	r5, [r4, #24]
 376              	.LVL41:
 247:Drivers/STM32F3xx_HAL_Driver/Src/stm32f3xx_hal_gpio.c **** 
 377              		.loc 1 247 9 view .LVU156
 378 0152 A469     		ldr	r4, [r4, #24]
 379 0154 04F00104 		and	r4, r4, #1
 380 0158 0194     		str	r4, [sp, #4]
 247:Drivers/STM32F3xx_HAL_Driver/Src/stm32f3xx_hal_gpio.c **** 
 381              		.loc 1 247 9 view .LVU157
 382 015a 019C     		ldr	r4, [sp, #4]
 383              	.LBE2:
 247:Drivers/STM32F3xx_HAL_Driver/Src/stm32f3xx_hal_gpio.c **** 
 384              		.loc 1 247 9 view .LVU158
 249:Drivers/STM32F3xx_HAL_Driver/Src/stm32f3xx_hal_gpio.c ****         temp &= ~(0x0FuL << (4u * (position & 0x03u)));
 385              		.loc 1 249 9 view .LVU159
 249:Drivers/STM32F3xx_HAL_Driver/Src/stm32f3xx_hal_gpio.c ****         temp &= ~(0x0FuL << (4u * (position & 0x03u)));
 386              		.loc 1 249 40 is_stmt 0 view .LVU160
 387 015c 4FEA930C 		lsr	ip, r3, #2
 249:Drivers/STM32F3xx_HAL_Driver/Src/stm32f3xx_hal_gpio.c ****         temp &= ~(0x0FuL << (4u * (position & 0x03u)));
 388              		.loc 1 249 14 view .LVU161
 389 0160 0CF10205 		add	r5, ip, #2
 390 0164 1A4C     		ldr	r4, .L25
 391 0166 54F82550 		ldr	r5, [r4, r5, lsl #2]
 392              	.LVL42:
ARM GAS  /tmp/ccZ7gpLS.s 			page 14


 250:Drivers/STM32F3xx_HAL_Driver/Src/stm32f3xx_hal_gpio.c ****         temp |= (GPIO_GET_INDEX(GPIOx) << (4u * (position & 0x03u)));
 393              		.loc 1 250 9 is_stmt 1 view .LVU162
 250:Drivers/STM32F3xx_HAL_Driver/Src/stm32f3xx_hal_gpio.c ****         temp |= (GPIO_GET_INDEX(GPIOx) << (4u * (position & 0x03u)));
 394              		.loc 1 250 45 is_stmt 0 view .LVU163
 395 016a 03F0030E 		and	lr, r3, #3
 250:Drivers/STM32F3xx_HAL_Driver/Src/stm32f3xx_hal_gpio.c ****         temp |= (GPIO_GET_INDEX(GPIOx) << (4u * (position & 0x03u)));
 396              		.loc 1 250 33 view .LVU164
 397 016e 4FEA8E0E 		lsl	lr, lr, #2
 250:Drivers/STM32F3xx_HAL_Driver/Src/stm32f3xx_hal_gpio.c ****         temp |= (GPIO_GET_INDEX(GPIOx) << (4u * (position & 0x03u)));
 398              		.loc 1 250 26 view .LVU165
 399 0172 0F24     		movs	r4, #15
 400 0174 04FA0EF4 		lsl	r4, r4, lr
 250:Drivers/STM32F3xx_HAL_Driver/Src/stm32f3xx_hal_gpio.c ****         temp |= (GPIO_GET_INDEX(GPIOx) << (4u * (position & 0x03u)));
 401              		.loc 1 250 14 view .LVU166
 402 0178 25EA0405 		bic	r5, r5, r4
 403              	.LVL43:
 251:Drivers/STM32F3xx_HAL_Driver/Src/stm32f3xx_hal_gpio.c ****         SYSCFG->EXTICR[position >> 2u] = temp;
 404              		.loc 1 251 9 is_stmt 1 view .LVU167
 251:Drivers/STM32F3xx_HAL_Driver/Src/stm32f3xx_hal_gpio.c ****         SYSCFG->EXTICR[position >> 2u] = temp;
 405              		.loc 1 251 18 is_stmt 0 view .LVU168
 406 017c B0F1904F 		cmp	r0, #1207959552
 407 0180 3FF46EAF 		beq	.L13
 251:Drivers/STM32F3xx_HAL_Driver/Src/stm32f3xx_hal_gpio.c ****         SYSCFG->EXTICR[position >> 2u] = temp;
 408              		.loc 1 251 18 discriminator 1 view .LVU169
 409 0184 154C     		ldr	r4, .L25+12
 410 0186 A042     		cmp	r0, r4
 411 0188 16D0     		beq	.L14
 251:Drivers/STM32F3xx_HAL_Driver/Src/stm32f3xx_hal_gpio.c ****         SYSCFG->EXTICR[position >> 2u] = temp;
 412              		.loc 1 251 18 discriminator 3 view .LVU170
 413 018a 04F58064 		add	r4, r4, #1024
 414 018e A042     		cmp	r0, r4
 415 0190 14D0     		beq	.L15
 251:Drivers/STM32F3xx_HAL_Driver/Src/stm32f3xx_hal_gpio.c ****         SYSCFG->EXTICR[position >> 2u] = temp;
 416              		.loc 1 251 18 discriminator 5 view .LVU171
 417 0192 04F58064 		add	r4, r4, #1024
 418 0196 A042     		cmp	r0, r4
 419 0198 12D0     		beq	.L16
 251:Drivers/STM32F3xx_HAL_Driver/Src/stm32f3xx_hal_gpio.c ****         SYSCFG->EXTICR[position >> 2u] = temp;
 420              		.loc 1 251 18 discriminator 7 view .LVU172
 421 019a 04F58064 		add	r4, r4, #1024
 422 019e A042     		cmp	r0, r4
 423 01a0 10D0     		beq	.L17
 251:Drivers/STM32F3xx_HAL_Driver/Src/stm32f3xx_hal_gpio.c ****         SYSCFG->EXTICR[position >> 2u] = temp;
 424              		.loc 1 251 18 discriminator 9 view .LVU173
 425 01a2 04F58064 		add	r4, r4, #1024
 426 01a6 A042     		cmp	r0, r4
 427 01a8 0ED0     		beq	.L18
 251:Drivers/STM32F3xx_HAL_Driver/Src/stm32f3xx_hal_gpio.c ****         SYSCFG->EXTICR[position >> 2u] = temp;
 428              		.loc 1 251 18 discriminator 11 view .LVU174
 429 01aa 04F58064 		add	r4, r4, #1024
 430 01ae A042     		cmp	r0, r4
 431 01b0 3FF454AF 		beq	.L24
 251:Drivers/STM32F3xx_HAL_Driver/Src/stm32f3xx_hal_gpio.c ****         SYSCFG->EXTICR[position >> 2u] = temp;
 432              		.loc 1 251 18 discriminator 14 view .LVU175
 433 01b4 0724     		movs	r4, #7
 434 01b6 54E7     		b	.L7
 435              	.L14:
ARM GAS  /tmp/ccZ7gpLS.s 			page 15


 251:Drivers/STM32F3xx_HAL_Driver/Src/stm32f3xx_hal_gpio.c ****         SYSCFG->EXTICR[position >> 2u] = temp;
 436              		.loc 1 251 18 discriminator 4 view .LVU176
 437 01b8 0124     		movs	r4, #1
 438 01ba 52E7     		b	.L7
 439              	.L15:
 251:Drivers/STM32F3xx_HAL_Driver/Src/stm32f3xx_hal_gpio.c ****         SYSCFG->EXTICR[position >> 2u] = temp;
 440              		.loc 1 251 18 discriminator 6 view .LVU177
 441 01bc 0224     		movs	r4, #2
 442 01be 50E7     		b	.L7
 443              	.L16:
 251:Drivers/STM32F3xx_HAL_Driver/Src/stm32f3xx_hal_gpio.c ****         SYSCFG->EXTICR[position >> 2u] = temp;
 444              		.loc 1 251 18 discriminator 8 view .LVU178
 445 01c0 0324     		movs	r4, #3
 446 01c2 4EE7     		b	.L7
 447              	.L17:
 251:Drivers/STM32F3xx_HAL_Driver/Src/stm32f3xx_hal_gpio.c ****         SYSCFG->EXTICR[position >> 2u] = temp;
 448              		.loc 1 251 18 discriminator 10 view .LVU179
 449 01c4 0424     		movs	r4, #4
 450 01c6 4CE7     		b	.L7
 451              	.L18:
 251:Drivers/STM32F3xx_HAL_Driver/Src/stm32f3xx_hal_gpio.c ****         SYSCFG->EXTICR[position >> 2u] = temp;
 452              		.loc 1 251 18 discriminator 12 view .LVU180
 453 01c8 0524     		movs	r4, #5
 454 01ca 4AE7     		b	.L7
 455              	.LVL44:
 456              	.L21:
 291:Drivers/STM32F3xx_HAL_Driver/Src/stm32f3xx_hal_gpio.c ****   }
 292:Drivers/STM32F3xx_HAL_Driver/Src/stm32f3xx_hal_gpio.c **** }
 457              		.loc 1 292 1 view .LVU181
 458 01cc 03B0     		add	sp, sp, #12
 459              	.LCFI2:
 460              		.cfi_def_cfa_offset 20
 461              		@ sp needed
 462 01ce F0BD     		pop	{r4, r5, r6, r7, pc}
 463              	.L26:
 464              		.align	2
 465              	.L25:
 466 01d0 00000140 		.word	1073807360
 467 01d4 00040140 		.word	1073808384
 468 01d8 00100240 		.word	1073876992
 469 01dc 00040048 		.word	1207960576
 470              		.cfi_endproc
 471              	.LFE130:
 473              		.section	.text.HAL_GPIO_DeInit,"ax",%progbits
 474              		.align	1
 475              		.global	HAL_GPIO_DeInit
 476              		.syntax unified
 477              		.thumb
 478              		.thumb_func
 480              	HAL_GPIO_DeInit:
 481              	.LVL45:
 482              	.LFB131:
 293:Drivers/STM32F3xx_HAL_Driver/Src/stm32f3xx_hal_gpio.c **** 
 294:Drivers/STM32F3xx_HAL_Driver/Src/stm32f3xx_hal_gpio.c **** /**
 295:Drivers/STM32F3xx_HAL_Driver/Src/stm32f3xx_hal_gpio.c ****   * @brief  De-initialize the GPIOx peripheral registers to their default reset values.
 296:Drivers/STM32F3xx_HAL_Driver/Src/stm32f3xx_hal_gpio.c ****   * @param  GPIOx where x can be (A..F) to select the GPIO peripheral for STM32F30X device or STM32
 297:Drivers/STM32F3xx_HAL_Driver/Src/stm32f3xx_hal_gpio.c ****   * @param  GPIO_Pin specifies the port bit to be written.
ARM GAS  /tmp/ccZ7gpLS.s 			page 16


 298:Drivers/STM32F3xx_HAL_Driver/Src/stm32f3xx_hal_gpio.c ****   *         This parameter can be one of GPIO_PIN_x where x can be (0..15).
 299:Drivers/STM32F3xx_HAL_Driver/Src/stm32f3xx_hal_gpio.c ****   * @retval None
 300:Drivers/STM32F3xx_HAL_Driver/Src/stm32f3xx_hal_gpio.c ****   */
 301:Drivers/STM32F3xx_HAL_Driver/Src/stm32f3xx_hal_gpio.c **** void HAL_GPIO_DeInit(GPIO_TypeDef  *GPIOx, uint32_t GPIO_Pin)
 302:Drivers/STM32F3xx_HAL_Driver/Src/stm32f3xx_hal_gpio.c **** {
 483              		.loc 1 302 1 is_stmt 1 view -0
 484              		.cfi_startproc
 485              		@ args = 0, pretend = 0, frame = 0
 486              		@ frame_needed = 0, uses_anonymous_args = 0
 303:Drivers/STM32F3xx_HAL_Driver/Src/stm32f3xx_hal_gpio.c ****   uint32_t position = 0x00u;
 487              		.loc 1 303 3 view .LVU183
 304:Drivers/STM32F3xx_HAL_Driver/Src/stm32f3xx_hal_gpio.c ****   uint32_t iocurrent;
 488              		.loc 1 304 3 view .LVU184
 305:Drivers/STM32F3xx_HAL_Driver/Src/stm32f3xx_hal_gpio.c ****   uint32_t tmp;
 489              		.loc 1 305 3 view .LVU185
 306:Drivers/STM32F3xx_HAL_Driver/Src/stm32f3xx_hal_gpio.c **** 
 307:Drivers/STM32F3xx_HAL_Driver/Src/stm32f3xx_hal_gpio.c ****   /* Check the parameters */
 308:Drivers/STM32F3xx_HAL_Driver/Src/stm32f3xx_hal_gpio.c ****   assert_param(IS_GPIO_ALL_INSTANCE(GPIOx));
 490              		.loc 1 308 3 view .LVU186
 309:Drivers/STM32F3xx_HAL_Driver/Src/stm32f3xx_hal_gpio.c ****   assert_param(IS_GPIO_PIN(GPIO_Pin));
 491              		.loc 1 309 3 view .LVU187
 310:Drivers/STM32F3xx_HAL_Driver/Src/stm32f3xx_hal_gpio.c **** 
 311:Drivers/STM32F3xx_HAL_Driver/Src/stm32f3xx_hal_gpio.c ****   /* Configure the port pins */
 312:Drivers/STM32F3xx_HAL_Driver/Src/stm32f3xx_hal_gpio.c ****   while ((GPIO_Pin >> position) != 0x00u)
 492              		.loc 1 312 3 view .LVU188
 303:Drivers/STM32F3xx_HAL_Driver/Src/stm32f3xx_hal_gpio.c ****   uint32_t iocurrent;
 493              		.loc 1 303 12 is_stmt 0 view .LVU189
 494 0000 0023     		movs	r3, #0
 495              	.LVL46:
 496              		.loc 1 312 33 is_stmt 1 view .LVU190
 497 0002 31FA03F2 		lsrs	r2, r1, r3
 498 0006 00F08780 		beq	.L43
 302:Drivers/STM32F3xx_HAL_Driver/Src/stm32f3xx_hal_gpio.c ****   uint32_t position = 0x00u;
 499              		.loc 1 302 1 is_stmt 0 view .LVU191
 500 000a F0B5     		push	{r4, r5, r6, r7, lr}
 501              	.LCFI3:
 502              		.cfi_def_cfa_offset 20
 503              		.cfi_offset 4, -20
 504              		.cfi_offset 5, -16
 505              		.cfi_offset 6, -12
 506              		.cfi_offset 7, -8
 507              		.cfi_offset 14, -4
 508 000c 2EE0     		b	.L32
 509              	.LVL47:
 510              	.L46:
 313:Drivers/STM32F3xx_HAL_Driver/Src/stm32f3xx_hal_gpio.c ****   {
 314:Drivers/STM32F3xx_HAL_Driver/Src/stm32f3xx_hal_gpio.c ****     /* Get current io position */
 315:Drivers/STM32F3xx_HAL_Driver/Src/stm32f3xx_hal_gpio.c ****     iocurrent = (GPIO_Pin) & (1uL << position);
 316:Drivers/STM32F3xx_HAL_Driver/Src/stm32f3xx_hal_gpio.c **** 
 317:Drivers/STM32F3xx_HAL_Driver/Src/stm32f3xx_hal_gpio.c ****     if (iocurrent != 0x00u)
 318:Drivers/STM32F3xx_HAL_Driver/Src/stm32f3xx_hal_gpio.c ****     {
 319:Drivers/STM32F3xx_HAL_Driver/Src/stm32f3xx_hal_gpio.c ****       /*------------------------- EXTI Mode Configuration --------------------*/
 320:Drivers/STM32F3xx_HAL_Driver/Src/stm32f3xx_hal_gpio.c ****       /* Clear the External Interrupt or Event for the current IO */
 321:Drivers/STM32F3xx_HAL_Driver/Src/stm32f3xx_hal_gpio.c **** 
 322:Drivers/STM32F3xx_HAL_Driver/Src/stm32f3xx_hal_gpio.c ****       tmp = SYSCFG->EXTICR[position >> 2u];
 323:Drivers/STM32F3xx_HAL_Driver/Src/stm32f3xx_hal_gpio.c ****       tmp &= (0x0FuL << (4u * (position & 0x03u)));
 324:Drivers/STM32F3xx_HAL_Driver/Src/stm32f3xx_hal_gpio.c ****       if (tmp == (GPIO_GET_INDEX(GPIOx) << (4u * (position & 0x03u))))
ARM GAS  /tmp/ccZ7gpLS.s 			page 17


 511              		.loc 1 324 19 discriminator 13 view .LVU192
 512 000e 0625     		movs	r5, #6
 513 0010 00E0     		b	.L30
 514              	.L33:
 515              		.loc 1 324 19 discriminator 2 view .LVU193
 516 0012 0025     		movs	r5, #0
 517              	.L30:
 518              		.loc 1 324 41 discriminator 28 view .LVU194
 519 0014 05FA0CF5 		lsl	r5, r5, ip
 520              		.loc 1 324 10 discriminator 28 view .LVU195
 521 0018 A542     		cmp	r5, r4
 522 001a 61D0     		beq	.L44
 523              	.LVL48:
 524              	.L31:
 325:Drivers/STM32F3xx_HAL_Driver/Src/stm32f3xx_hal_gpio.c ****       {
 326:Drivers/STM32F3xx_HAL_Driver/Src/stm32f3xx_hal_gpio.c ****         /* Clear EXTI line configuration */
 327:Drivers/STM32F3xx_HAL_Driver/Src/stm32f3xx_hal_gpio.c ****         EXTI->IMR &= ~((uint32_t)iocurrent);
 328:Drivers/STM32F3xx_HAL_Driver/Src/stm32f3xx_hal_gpio.c ****         EXTI->EMR &= ~((uint32_t)iocurrent);
 329:Drivers/STM32F3xx_HAL_Driver/Src/stm32f3xx_hal_gpio.c ****         
 330:Drivers/STM32F3xx_HAL_Driver/Src/stm32f3xx_hal_gpio.c ****         /* Clear Rising Falling edge configuration */
 331:Drivers/STM32F3xx_HAL_Driver/Src/stm32f3xx_hal_gpio.c ****         EXTI->FTSR &= ~((uint32_t)iocurrent);
 332:Drivers/STM32F3xx_HAL_Driver/Src/stm32f3xx_hal_gpio.c ****         EXTI->RTSR &= ~((uint32_t)iocurrent);
 333:Drivers/STM32F3xx_HAL_Driver/Src/stm32f3xx_hal_gpio.c **** 
 334:Drivers/STM32F3xx_HAL_Driver/Src/stm32f3xx_hal_gpio.c ****         /* Configure the External Interrupt or event for the current IO */
 335:Drivers/STM32F3xx_HAL_Driver/Src/stm32f3xx_hal_gpio.c ****         tmp = 0x0FuL << (4u * (position & 0x03u));
 336:Drivers/STM32F3xx_HAL_Driver/Src/stm32f3xx_hal_gpio.c ****         SYSCFG->EXTICR[position >> 2u] &= ~tmp;
 337:Drivers/STM32F3xx_HAL_Driver/Src/stm32f3xx_hal_gpio.c ****       }
 338:Drivers/STM32F3xx_HAL_Driver/Src/stm32f3xx_hal_gpio.c **** 
 339:Drivers/STM32F3xx_HAL_Driver/Src/stm32f3xx_hal_gpio.c ****       /*------------------------- GPIO Mode Configuration --------------------*/
 340:Drivers/STM32F3xx_HAL_Driver/Src/stm32f3xx_hal_gpio.c ****       /* Configure IO Direction in Input Floating Mode */
 341:Drivers/STM32F3xx_HAL_Driver/Src/stm32f3xx_hal_gpio.c ****       GPIOx->MODER &= ~(GPIO_MODER_MODER0 << (position * 2u));
 525              		.loc 1 341 7 is_stmt 1 view .LVU196
 526              		.loc 1 341 12 is_stmt 0 view .LVU197
 527 001c 0468     		ldr	r4, [r0]
 528              		.loc 1 341 56 view .LVU198
 529 001e 5D00     		lsls	r5, r3, #1
 530              		.loc 1 341 43 view .LVU199
 531 0020 4FF0030C 		mov	ip, #3
 532 0024 0CFA05FC 		lsl	ip, ip, r5
 533              		.loc 1 341 20 view .LVU200
 534 0028 24EA0C04 		bic	r4, r4, ip
 535 002c 0460     		str	r4, [r0]
 342:Drivers/STM32F3xx_HAL_Driver/Src/stm32f3xx_hal_gpio.c **** 
 343:Drivers/STM32F3xx_HAL_Driver/Src/stm32f3xx_hal_gpio.c ****       /* Configure the default Alternate Function in current IO */
 344:Drivers/STM32F3xx_HAL_Driver/Src/stm32f3xx_hal_gpio.c ****       GPIOx->AFR[position >> 3u] &= ~(0xFu << ((uint32_t)(position & 0x07u) * 4u)) ;
 536              		.loc 1 344 7 is_stmt 1 view .LVU201
 537              		.loc 1 344 17 is_stmt 0 view .LVU202
 538 002e 4FEAD30E 		lsr	lr, r3, #3
 539 0032 0EF1080E 		add	lr, lr, #8
 540 0036 50F82E40 		ldr	r4, [r0, lr, lsl #2]
 541              		.loc 1 344 48 view .LVU203
 542 003a 03F00706 		and	r6, r3, #7
 543              		.loc 1 344 77 view .LVU204
 544 003e B600     		lsls	r6, r6, #2
 545              		.loc 1 344 44 view .LVU205
 546 0040 0F25     		movs	r5, #15
 547 0042 B540     		lsls	r5, r5, r6
ARM GAS  /tmp/ccZ7gpLS.s 			page 18


 548              		.loc 1 344 34 view .LVU206
 549 0044 24EA0504 		bic	r4, r4, r5
 550 0048 40F82E40 		str	r4, [r0, lr, lsl #2]
 345:Drivers/STM32F3xx_HAL_Driver/Src/stm32f3xx_hal_gpio.c **** 
 346:Drivers/STM32F3xx_HAL_Driver/Src/stm32f3xx_hal_gpio.c ****       /* Deactivate the Pull-up and Pull-down resistor for the current IO */
 347:Drivers/STM32F3xx_HAL_Driver/Src/stm32f3xx_hal_gpio.c ****       GPIOx->PUPDR &= ~(GPIO_PUPDR_PUPDR0 << (position * 2u));
 551              		.loc 1 347 7 is_stmt 1 view .LVU207
 552              		.loc 1 347 12 is_stmt 0 view .LVU208
 553 004c C468     		ldr	r4, [r0, #12]
 554              		.loc 1 347 20 view .LVU209
 555 004e 24EA0C04 		bic	r4, r4, ip
 556 0052 C460     		str	r4, [r0, #12]
 348:Drivers/STM32F3xx_HAL_Driver/Src/stm32f3xx_hal_gpio.c **** 
 349:Drivers/STM32F3xx_HAL_Driver/Src/stm32f3xx_hal_gpio.c ****       /* Configure the default value IO Output Type */
 350:Drivers/STM32F3xx_HAL_Driver/Src/stm32f3xx_hal_gpio.c ****       GPIOx->OTYPER  &= ~(GPIO_OTYPER_OT_0 << position) ;
 557              		.loc 1 350 7 is_stmt 1 view .LVU210
 558              		.loc 1 350 12 is_stmt 0 view .LVU211
 559 0054 4468     		ldr	r4, [r0, #4]
 560              		.loc 1 350 22 view .LVU212
 561 0056 24EA0202 		bic	r2, r4, r2
 562              	.LVL49:
 563              		.loc 1 350 22 view .LVU213
 564 005a 4260     		str	r2, [r0, #4]
 351:Drivers/STM32F3xx_HAL_Driver/Src/stm32f3xx_hal_gpio.c **** 
 352:Drivers/STM32F3xx_HAL_Driver/Src/stm32f3xx_hal_gpio.c ****       /* Configure the default value for IO Speed */
 353:Drivers/STM32F3xx_HAL_Driver/Src/stm32f3xx_hal_gpio.c ****       GPIOx->OSPEEDR &= ~(GPIO_OSPEEDER_OSPEEDR0 << (position * 2u));
 565              		.loc 1 353 7 is_stmt 1 view .LVU214
 566              		.loc 1 353 12 is_stmt 0 view .LVU215
 567 005c 8268     		ldr	r2, [r0, #8]
 568              		.loc 1 353 22 view .LVU216
 569 005e 22EA0C02 		bic	r2, r2, ip
 570 0062 8260     		str	r2, [r0, #8]
 571              	.L29:
 354:Drivers/STM32F3xx_HAL_Driver/Src/stm32f3xx_hal_gpio.c ****     }
 355:Drivers/STM32F3xx_HAL_Driver/Src/stm32f3xx_hal_gpio.c **** 
 356:Drivers/STM32F3xx_HAL_Driver/Src/stm32f3xx_hal_gpio.c ****     position++;
 572              		.loc 1 356 5 is_stmt 1 view .LVU217
 573              		.loc 1 356 13 is_stmt 0 view .LVU218
 574 0064 0133     		adds	r3, r3, #1
 575              	.LVL50:
 312:Drivers/STM32F3xx_HAL_Driver/Src/stm32f3xx_hal_gpio.c ****   {
 576              		.loc 1 312 33 is_stmt 1 view .LVU219
 577 0066 31FA03F2 		lsrs	r2, r1, r3
 578 006a 54D0     		beq	.L45
 579              	.LVL51:
 580              	.L32:
 315:Drivers/STM32F3xx_HAL_Driver/Src/stm32f3xx_hal_gpio.c **** 
 581              		.loc 1 315 5 view .LVU220
 315:Drivers/STM32F3xx_HAL_Driver/Src/stm32f3xx_hal_gpio.c **** 
 582              		.loc 1 315 35 is_stmt 0 view .LVU221
 583 006c 0122     		movs	r2, #1
 584 006e 9A40     		lsls	r2, r2, r3
 585              	.LVL52:
 317:Drivers/STM32F3xx_HAL_Driver/Src/stm32f3xx_hal_gpio.c ****     {
 586              		.loc 1 317 5 is_stmt 1 view .LVU222
 317:Drivers/STM32F3xx_HAL_Driver/Src/stm32f3xx_hal_gpio.c ****     {
 587              		.loc 1 317 8 is_stmt 0 view .LVU223
ARM GAS  /tmp/ccZ7gpLS.s 			page 19


 588 0070 12EA0107 		ands	r7, r2, r1
 589              	.LVL53:
 317:Drivers/STM32F3xx_HAL_Driver/Src/stm32f3xx_hal_gpio.c ****     {
 590              		.loc 1 317 8 view .LVU224
 591 0074 F6D0     		beq	.L29
 322:Drivers/STM32F3xx_HAL_Driver/Src/stm32f3xx_hal_gpio.c ****       tmp &= (0x0FuL << (4u * (position & 0x03u)));
 592              		.loc 1 322 7 is_stmt 1 view .LVU225
 322:Drivers/STM32F3xx_HAL_Driver/Src/stm32f3xx_hal_gpio.c ****       tmp &= (0x0FuL << (4u * (position & 0x03u)));
 593              		.loc 1 322 37 is_stmt 0 view .LVU226
 594 0076 4FEA930E 		lsr	lr, r3, #2
 322:Drivers/STM32F3xx_HAL_Driver/Src/stm32f3xx_hal_gpio.c ****       tmp &= (0x0FuL << (4u * (position & 0x03u)));
 595              		.loc 1 322 11 view .LVU227
 596 007a 0EF10205 		add	r5, lr, #2
 597 007e 274C     		ldr	r4, .L47
 598 0080 54F82540 		ldr	r4, [r4, r5, lsl #2]
 599              	.LVL54:
 323:Drivers/STM32F3xx_HAL_Driver/Src/stm32f3xx_hal_gpio.c ****       if (tmp == (GPIO_GET_INDEX(GPIOx) << (4u * (position & 0x03u))))
 600              		.loc 1 323 7 is_stmt 1 view .LVU228
 323:Drivers/STM32F3xx_HAL_Driver/Src/stm32f3xx_hal_gpio.c ****       if (tmp == (GPIO_GET_INDEX(GPIOx) << (4u * (position & 0x03u))))
 601              		.loc 1 323 41 is_stmt 0 view .LVU229
 602 0084 03F0030C 		and	ip, r3, #3
 323:Drivers/STM32F3xx_HAL_Driver/Src/stm32f3xx_hal_gpio.c ****       if (tmp == (GPIO_GET_INDEX(GPIOx) << (4u * (position & 0x03u))))
 603              		.loc 1 323 29 view .LVU230
 604 0088 4FEA8C0C 		lsl	ip, ip, #2
 323:Drivers/STM32F3xx_HAL_Driver/Src/stm32f3xx_hal_gpio.c ****       if (tmp == (GPIO_GET_INDEX(GPIOx) << (4u * (position & 0x03u))))
 605              		.loc 1 323 22 view .LVU231
 606 008c 0F25     		movs	r5, #15
 607 008e 05FA0CF6 		lsl	r6, r5, ip
 323:Drivers/STM32F3xx_HAL_Driver/Src/stm32f3xx_hal_gpio.c ****       if (tmp == (GPIO_GET_INDEX(GPIOx) << (4u * (position & 0x03u))))
 608              		.loc 1 323 11 view .LVU232
 609 0092 3440     		ands	r4, r4, r6
 610              	.LVL55:
 324:Drivers/STM32F3xx_HAL_Driver/Src/stm32f3xx_hal_gpio.c ****       {
 611              		.loc 1 324 7 is_stmt 1 view .LVU233
 324:Drivers/STM32F3xx_HAL_Driver/Src/stm32f3xx_hal_gpio.c ****       {
 612              		.loc 1 324 19 is_stmt 0 view .LVU234
 613 0094 B0F1904F 		cmp	r0, #1207959552
 614 0098 BBD0     		beq	.L33
 324:Drivers/STM32F3xx_HAL_Driver/Src/stm32f3xx_hal_gpio.c ****       {
 615              		.loc 1 324 19 discriminator 1 view .LVU235
 616 009a 214D     		ldr	r5, .L47+4
 617 009c A842     		cmp	r0, r5
 618 009e 15D0     		beq	.L34
 324:Drivers/STM32F3xx_HAL_Driver/Src/stm32f3xx_hal_gpio.c ****       {
 619              		.loc 1 324 19 discriminator 3 view .LVU236
 620 00a0 05F58065 		add	r5, r5, #1024
 621 00a4 A842     		cmp	r0, r5
 622 00a6 13D0     		beq	.L35
 324:Drivers/STM32F3xx_HAL_Driver/Src/stm32f3xx_hal_gpio.c ****       {
 623              		.loc 1 324 19 discriminator 5 view .LVU237
 624 00a8 05F58065 		add	r5, r5, #1024
 625 00ac A842     		cmp	r0, r5
 626 00ae 11D0     		beq	.L36
 324:Drivers/STM32F3xx_HAL_Driver/Src/stm32f3xx_hal_gpio.c ****       {
 627              		.loc 1 324 19 discriminator 7 view .LVU238
 628 00b0 05F58065 		add	r5, r5, #1024
 629 00b4 A842     		cmp	r0, r5
ARM GAS  /tmp/ccZ7gpLS.s 			page 20


 630 00b6 0FD0     		beq	.L37
 324:Drivers/STM32F3xx_HAL_Driver/Src/stm32f3xx_hal_gpio.c ****       {
 631              		.loc 1 324 19 discriminator 9 view .LVU239
 632 00b8 05F58065 		add	r5, r5, #1024
 633 00bc A842     		cmp	r0, r5
 634 00be 0DD0     		beq	.L38
 324:Drivers/STM32F3xx_HAL_Driver/Src/stm32f3xx_hal_gpio.c ****       {
 635              		.loc 1 324 19 discriminator 11 view .LVU240
 636 00c0 05F58065 		add	r5, r5, #1024
 637 00c4 A842     		cmp	r0, r5
 638 00c6 A2D0     		beq	.L46
 324:Drivers/STM32F3xx_HAL_Driver/Src/stm32f3xx_hal_gpio.c ****       {
 639              		.loc 1 324 19 discriminator 14 view .LVU241
 640 00c8 0725     		movs	r5, #7
 641 00ca A3E7     		b	.L30
 642              	.L34:
 324:Drivers/STM32F3xx_HAL_Driver/Src/stm32f3xx_hal_gpio.c ****       {
 643              		.loc 1 324 19 discriminator 4 view .LVU242
 644 00cc 0125     		movs	r5, #1
 645 00ce A1E7     		b	.L30
 646              	.L35:
 324:Drivers/STM32F3xx_HAL_Driver/Src/stm32f3xx_hal_gpio.c ****       {
 647              		.loc 1 324 19 discriminator 6 view .LVU243
 648 00d0 0225     		movs	r5, #2
 649 00d2 9FE7     		b	.L30
 650              	.L36:
 324:Drivers/STM32F3xx_HAL_Driver/Src/stm32f3xx_hal_gpio.c ****       {
 651              		.loc 1 324 19 discriminator 8 view .LVU244
 652 00d4 0325     		movs	r5, #3
 653 00d6 9DE7     		b	.L30
 654              	.L37:
 324:Drivers/STM32F3xx_HAL_Driver/Src/stm32f3xx_hal_gpio.c ****       {
 655              		.loc 1 324 19 discriminator 10 view .LVU245
 656 00d8 0425     		movs	r5, #4
 657 00da 9BE7     		b	.L30
 658              	.L38:
 324:Drivers/STM32F3xx_HAL_Driver/Src/stm32f3xx_hal_gpio.c ****       {
 659              		.loc 1 324 19 discriminator 12 view .LVU246
 660 00dc 0525     		movs	r5, #5
 661 00de 99E7     		b	.L30
 662              	.L44:
 327:Drivers/STM32F3xx_HAL_Driver/Src/stm32f3xx_hal_gpio.c ****         EXTI->EMR &= ~((uint32_t)iocurrent);
 663              		.loc 1 327 9 is_stmt 1 view .LVU247
 327:Drivers/STM32F3xx_HAL_Driver/Src/stm32f3xx_hal_gpio.c ****         EXTI->EMR &= ~((uint32_t)iocurrent);
 664              		.loc 1 327 13 is_stmt 0 view .LVU248
 665 00e0 104C     		ldr	r4, .L47+8
 666              	.LVL56:
 327:Drivers/STM32F3xx_HAL_Driver/Src/stm32f3xx_hal_gpio.c ****         EXTI->EMR &= ~((uint32_t)iocurrent);
 667              		.loc 1 327 13 view .LVU249
 668 00e2 2568     		ldr	r5, [r4]
 327:Drivers/STM32F3xx_HAL_Driver/Src/stm32f3xx_hal_gpio.c ****         EXTI->EMR &= ~((uint32_t)iocurrent);
 669              		.loc 1 327 19 view .LVU250
 670 00e4 25EA0705 		bic	r5, r5, r7
 671 00e8 2560     		str	r5, [r4]
 328:Drivers/STM32F3xx_HAL_Driver/Src/stm32f3xx_hal_gpio.c ****         
 672              		.loc 1 328 9 is_stmt 1 view .LVU251
 328:Drivers/STM32F3xx_HAL_Driver/Src/stm32f3xx_hal_gpio.c ****         
ARM GAS  /tmp/ccZ7gpLS.s 			page 21


 673              		.loc 1 328 13 is_stmt 0 view .LVU252
 674 00ea 6568     		ldr	r5, [r4, #4]
 328:Drivers/STM32F3xx_HAL_Driver/Src/stm32f3xx_hal_gpio.c ****         
 675              		.loc 1 328 19 view .LVU253
 676 00ec 25EA0705 		bic	r5, r5, r7
 677 00f0 6560     		str	r5, [r4, #4]
 331:Drivers/STM32F3xx_HAL_Driver/Src/stm32f3xx_hal_gpio.c ****         EXTI->RTSR &= ~((uint32_t)iocurrent);
 678              		.loc 1 331 9 is_stmt 1 view .LVU254
 331:Drivers/STM32F3xx_HAL_Driver/Src/stm32f3xx_hal_gpio.c ****         EXTI->RTSR &= ~((uint32_t)iocurrent);
 679              		.loc 1 331 13 is_stmt 0 view .LVU255
 680 00f2 E568     		ldr	r5, [r4, #12]
 331:Drivers/STM32F3xx_HAL_Driver/Src/stm32f3xx_hal_gpio.c ****         EXTI->RTSR &= ~((uint32_t)iocurrent);
 681              		.loc 1 331 20 view .LVU256
 682 00f4 25EA0705 		bic	r5, r5, r7
 683 00f8 E560     		str	r5, [r4, #12]
 332:Drivers/STM32F3xx_HAL_Driver/Src/stm32f3xx_hal_gpio.c **** 
 684              		.loc 1 332 9 is_stmt 1 view .LVU257
 332:Drivers/STM32F3xx_HAL_Driver/Src/stm32f3xx_hal_gpio.c **** 
 685              		.loc 1 332 13 is_stmt 0 view .LVU258
 686 00fa A568     		ldr	r5, [r4, #8]
 332:Drivers/STM32F3xx_HAL_Driver/Src/stm32f3xx_hal_gpio.c **** 
 687              		.loc 1 332 20 view .LVU259
 688 00fc 25EA0705 		bic	r5, r5, r7
 689 0100 A560     		str	r5, [r4, #8]
 335:Drivers/STM32F3xx_HAL_Driver/Src/stm32f3xx_hal_gpio.c ****         SYSCFG->EXTICR[position >> 2u] &= ~tmp;
 690              		.loc 1 335 9 is_stmt 1 view .LVU260
 691              	.LVL57:
 336:Drivers/STM32F3xx_HAL_Driver/Src/stm32f3xx_hal_gpio.c ****       }
 692              		.loc 1 336 9 view .LVU261
 336:Drivers/STM32F3xx_HAL_Driver/Src/stm32f3xx_hal_gpio.c ****       }
 693              		.loc 1 336 23 is_stmt 0 view .LVU262
 694 0102 064F     		ldr	r7, .L47
 695              	.LVL58:
 336:Drivers/STM32F3xx_HAL_Driver/Src/stm32f3xx_hal_gpio.c ****       }
 696              		.loc 1 336 23 view .LVU263
 697 0104 0EF10204 		add	r4, lr, #2
 698 0108 57F82450 		ldr	r5, [r7, r4, lsl #2]
 336:Drivers/STM32F3xx_HAL_Driver/Src/stm32f3xx_hal_gpio.c ****       }
 699              		.loc 1 336 40 view .LVU264
 700 010c 25EA0605 		bic	r5, r5, r6
 701 0110 47F82450 		str	r5, [r7, r4, lsl #2]
 702 0114 82E7     		b	.L31
 703              	.LVL59:
 704              	.L45:
 357:Drivers/STM32F3xx_HAL_Driver/Src/stm32f3xx_hal_gpio.c ****   }
 358:Drivers/STM32F3xx_HAL_Driver/Src/stm32f3xx_hal_gpio.c **** }
 705              		.loc 1 358 1 view .LVU265
 706 0116 F0BD     		pop	{r4, r5, r6, r7, pc}
 707              	.LVL60:
 708              	.L43:
 709              	.LCFI4:
 710              		.cfi_def_cfa_offset 0
 711              		.cfi_restore 4
 712              		.cfi_restore 5
 713              		.cfi_restore 6
 714              		.cfi_restore 7
 715              		.cfi_restore 14
ARM GAS  /tmp/ccZ7gpLS.s 			page 22


 716              		.loc 1 358 1 view .LVU266
 717 0118 7047     		bx	lr
 718              	.L48:
 719 011a 00BF     		.align	2
 720              	.L47:
 721 011c 00000140 		.word	1073807360
 722 0120 00040048 		.word	1207960576
 723 0124 00040140 		.word	1073808384
 724              		.cfi_endproc
 725              	.LFE131:
 727              		.section	.text.HAL_GPIO_ReadPin,"ax",%progbits
 728              		.align	1
 729              		.global	HAL_GPIO_ReadPin
 730              		.syntax unified
 731              		.thumb
 732              		.thumb_func
 734              	HAL_GPIO_ReadPin:
 735              	.LVL61:
 736              	.LFB132:
 359:Drivers/STM32F3xx_HAL_Driver/Src/stm32f3xx_hal_gpio.c **** 
 360:Drivers/STM32F3xx_HAL_Driver/Src/stm32f3xx_hal_gpio.c **** /**
 361:Drivers/STM32F3xx_HAL_Driver/Src/stm32f3xx_hal_gpio.c ****   * @}
 362:Drivers/STM32F3xx_HAL_Driver/Src/stm32f3xx_hal_gpio.c ****   */
 363:Drivers/STM32F3xx_HAL_Driver/Src/stm32f3xx_hal_gpio.c **** 
 364:Drivers/STM32F3xx_HAL_Driver/Src/stm32f3xx_hal_gpio.c **** /** @defgroup GPIO_Exported_Functions_Group2 IO operation functions 
 365:Drivers/STM32F3xx_HAL_Driver/Src/stm32f3xx_hal_gpio.c ****  *  @brief GPIO Read, Write, Toggle, Lock and EXTI management functions.
 366:Drivers/STM32F3xx_HAL_Driver/Src/stm32f3xx_hal_gpio.c ****  *
 367:Drivers/STM32F3xx_HAL_Driver/Src/stm32f3xx_hal_gpio.c **** @verbatim
 368:Drivers/STM32F3xx_HAL_Driver/Src/stm32f3xx_hal_gpio.c ****  ===============================================================================
 369:Drivers/STM32F3xx_HAL_Driver/Src/stm32f3xx_hal_gpio.c ****                        ##### IO operation functions #####
 370:Drivers/STM32F3xx_HAL_Driver/Src/stm32f3xx_hal_gpio.c ****  ===============================================================================
 371:Drivers/STM32F3xx_HAL_Driver/Src/stm32f3xx_hal_gpio.c **** 
 372:Drivers/STM32F3xx_HAL_Driver/Src/stm32f3xx_hal_gpio.c **** @endverbatim
 373:Drivers/STM32F3xx_HAL_Driver/Src/stm32f3xx_hal_gpio.c ****   * @{
 374:Drivers/STM32F3xx_HAL_Driver/Src/stm32f3xx_hal_gpio.c ****   */
 375:Drivers/STM32F3xx_HAL_Driver/Src/stm32f3xx_hal_gpio.c **** 
 376:Drivers/STM32F3xx_HAL_Driver/Src/stm32f3xx_hal_gpio.c **** /**
 377:Drivers/STM32F3xx_HAL_Driver/Src/stm32f3xx_hal_gpio.c ****   * @brief  Read the specified input port pin.
 378:Drivers/STM32F3xx_HAL_Driver/Src/stm32f3xx_hal_gpio.c ****   * @param  GPIOx where x can be (A..F) to select the GPIO peripheral for STM32F3 family
 379:Drivers/STM32F3xx_HAL_Driver/Src/stm32f3xx_hal_gpio.c ****   * @param  GPIO_Pin specifies the port bit to read.
 380:Drivers/STM32F3xx_HAL_Driver/Src/stm32f3xx_hal_gpio.c ****   *         This parameter can be GPIO_PIN_x where x can be (0..15).
 381:Drivers/STM32F3xx_HAL_Driver/Src/stm32f3xx_hal_gpio.c ****   * @retval The input port pin value.
 382:Drivers/STM32F3xx_HAL_Driver/Src/stm32f3xx_hal_gpio.c ****   */
 383:Drivers/STM32F3xx_HAL_Driver/Src/stm32f3xx_hal_gpio.c **** GPIO_PinState HAL_GPIO_ReadPin(GPIO_TypeDef* GPIOx, uint16_t GPIO_Pin)
 384:Drivers/STM32F3xx_HAL_Driver/Src/stm32f3xx_hal_gpio.c **** {
 737              		.loc 1 384 1 is_stmt 1 view -0
 738              		.cfi_startproc
 739              		@ args = 0, pretend = 0, frame = 0
 740              		@ frame_needed = 0, uses_anonymous_args = 0
 741              		@ link register save eliminated.
 385:Drivers/STM32F3xx_HAL_Driver/Src/stm32f3xx_hal_gpio.c ****   GPIO_PinState bitstatus;
 742              		.loc 1 385 3 view .LVU268
 386:Drivers/STM32F3xx_HAL_Driver/Src/stm32f3xx_hal_gpio.c **** 
 387:Drivers/STM32F3xx_HAL_Driver/Src/stm32f3xx_hal_gpio.c ****   /* Check the parameters */
 388:Drivers/STM32F3xx_HAL_Driver/Src/stm32f3xx_hal_gpio.c ****   assert_param(IS_GPIO_PIN(GPIO_Pin));
 743              		.loc 1 388 3 view .LVU269
 389:Drivers/STM32F3xx_HAL_Driver/Src/stm32f3xx_hal_gpio.c **** 
ARM GAS  /tmp/ccZ7gpLS.s 			page 23


 390:Drivers/STM32F3xx_HAL_Driver/Src/stm32f3xx_hal_gpio.c ****   if((GPIOx->IDR & GPIO_Pin) != (uint32_t)GPIO_PIN_RESET)
 744              		.loc 1 390 3 view .LVU270
 745              		.loc 1 390 12 is_stmt 0 view .LVU271
 746 0000 0369     		ldr	r3, [r0, #16]
 747              		.loc 1 390 5 view .LVU272
 748 0002 1942     		tst	r1, r3
 749 0004 01D0     		beq	.L51
 391:Drivers/STM32F3xx_HAL_Driver/Src/stm32f3xx_hal_gpio.c ****   {
 392:Drivers/STM32F3xx_HAL_Driver/Src/stm32f3xx_hal_gpio.c ****     bitstatus = GPIO_PIN_SET;
 750              		.loc 1 392 15 view .LVU273
 751 0006 0120     		movs	r0, #1
 752              	.LVL62:
 753              		.loc 1 392 15 view .LVU274
 754 0008 7047     		bx	lr
 755              	.LVL63:
 756              	.L51:
 393:Drivers/STM32F3xx_HAL_Driver/Src/stm32f3xx_hal_gpio.c ****   }
 394:Drivers/STM32F3xx_HAL_Driver/Src/stm32f3xx_hal_gpio.c ****   else
 395:Drivers/STM32F3xx_HAL_Driver/Src/stm32f3xx_hal_gpio.c ****   {
 396:Drivers/STM32F3xx_HAL_Driver/Src/stm32f3xx_hal_gpio.c ****     bitstatus = GPIO_PIN_RESET;
 757              		.loc 1 396 15 view .LVU275
 758 000a 0020     		movs	r0, #0
 759              	.LVL64:
 397:Drivers/STM32F3xx_HAL_Driver/Src/stm32f3xx_hal_gpio.c ****   }
 398:Drivers/STM32F3xx_HAL_Driver/Src/stm32f3xx_hal_gpio.c ****   return bitstatus;
 760              		.loc 1 398 3 is_stmt 1 view .LVU276
 399:Drivers/STM32F3xx_HAL_Driver/Src/stm32f3xx_hal_gpio.c **** }
 761              		.loc 1 399 1 is_stmt 0 view .LVU277
 762 000c 7047     		bx	lr
 763              		.cfi_endproc
 764              	.LFE132:
 766              		.section	.text.HAL_GPIO_WritePin,"ax",%progbits
 767              		.align	1
 768              		.global	HAL_GPIO_WritePin
 769              		.syntax unified
 770              		.thumb
 771              		.thumb_func
 773              	HAL_GPIO_WritePin:
 774              	.LVL65:
 775              	.LFB133:
 400:Drivers/STM32F3xx_HAL_Driver/Src/stm32f3xx_hal_gpio.c **** 
 401:Drivers/STM32F3xx_HAL_Driver/Src/stm32f3xx_hal_gpio.c **** /**
 402:Drivers/STM32F3xx_HAL_Driver/Src/stm32f3xx_hal_gpio.c ****   * @brief  Set or clear the selected data port bit.
 403:Drivers/STM32F3xx_HAL_Driver/Src/stm32f3xx_hal_gpio.c ****   *
 404:Drivers/STM32F3xx_HAL_Driver/Src/stm32f3xx_hal_gpio.c ****   * @note   This function uses GPIOx_BSRR and GPIOx_BRR registers to allow atomic read/modify
 405:Drivers/STM32F3xx_HAL_Driver/Src/stm32f3xx_hal_gpio.c ****   *         accesses. In this way, there is no risk of an IRQ occurring between
 406:Drivers/STM32F3xx_HAL_Driver/Src/stm32f3xx_hal_gpio.c ****   *         the read and the modify access.
 407:Drivers/STM32F3xx_HAL_Driver/Src/stm32f3xx_hal_gpio.c ****   *
 408:Drivers/STM32F3xx_HAL_Driver/Src/stm32f3xx_hal_gpio.c ****   * @param  GPIOx where x can be (A..F) to select the GPIO peripheral for STM32F3 family
 409:Drivers/STM32F3xx_HAL_Driver/Src/stm32f3xx_hal_gpio.c ****   * @param  GPIO_Pin specifies the port bit to be written.
 410:Drivers/STM32F3xx_HAL_Driver/Src/stm32f3xx_hal_gpio.c ****   *         This parameter can be one of GPIO_PIN_x where x can be (0..15).
 411:Drivers/STM32F3xx_HAL_Driver/Src/stm32f3xx_hal_gpio.c ****   * @param  PinState specifies the value to be written to the selected bit.
 412:Drivers/STM32F3xx_HAL_Driver/Src/stm32f3xx_hal_gpio.c ****   *         This parameter can be one of the GPIO_PinState enum values:
 413:Drivers/STM32F3xx_HAL_Driver/Src/stm32f3xx_hal_gpio.c ****   *            @arg GPIO_PIN_RESET: to clear the port pin
 414:Drivers/STM32F3xx_HAL_Driver/Src/stm32f3xx_hal_gpio.c ****   *            @arg GPIO_PIN_SET: to set the port pin
 415:Drivers/STM32F3xx_HAL_Driver/Src/stm32f3xx_hal_gpio.c ****   * @retval None
 416:Drivers/STM32F3xx_HAL_Driver/Src/stm32f3xx_hal_gpio.c ****   */
ARM GAS  /tmp/ccZ7gpLS.s 			page 24


 417:Drivers/STM32F3xx_HAL_Driver/Src/stm32f3xx_hal_gpio.c **** void HAL_GPIO_WritePin(GPIO_TypeDef* GPIOx, uint16_t GPIO_Pin, GPIO_PinState PinState)
 418:Drivers/STM32F3xx_HAL_Driver/Src/stm32f3xx_hal_gpio.c **** {
 776              		.loc 1 418 1 is_stmt 1 view -0
 777              		.cfi_startproc
 778              		@ args = 0, pretend = 0, frame = 0
 779              		@ frame_needed = 0, uses_anonymous_args = 0
 780              		@ link register save eliminated.
 419:Drivers/STM32F3xx_HAL_Driver/Src/stm32f3xx_hal_gpio.c ****   /* Check the parameters */
 420:Drivers/STM32F3xx_HAL_Driver/Src/stm32f3xx_hal_gpio.c ****   assert_param(IS_GPIO_PIN(GPIO_Pin));
 781              		.loc 1 420 3 view .LVU279
 421:Drivers/STM32F3xx_HAL_Driver/Src/stm32f3xx_hal_gpio.c ****   assert_param(IS_GPIO_PIN_ACTION(PinState));
 782              		.loc 1 421 3 view .LVU280
 422:Drivers/STM32F3xx_HAL_Driver/Src/stm32f3xx_hal_gpio.c **** 
 423:Drivers/STM32F3xx_HAL_Driver/Src/stm32f3xx_hal_gpio.c ****   if(PinState != GPIO_PIN_RESET)
 783              		.loc 1 423 3 view .LVU281
 784              		.loc 1 423 5 is_stmt 0 view .LVU282
 785 0000 0AB1     		cbz	r2, .L53
 424:Drivers/STM32F3xx_HAL_Driver/Src/stm32f3xx_hal_gpio.c ****   {
 425:Drivers/STM32F3xx_HAL_Driver/Src/stm32f3xx_hal_gpio.c ****     GPIOx->BSRR = (uint32_t)GPIO_Pin;
 786              		.loc 1 425 5 is_stmt 1 view .LVU283
 787              		.loc 1 425 17 is_stmt 0 view .LVU284
 788 0002 8161     		str	r1, [r0, #24]
 789 0004 7047     		bx	lr
 790              	.L53:
 426:Drivers/STM32F3xx_HAL_Driver/Src/stm32f3xx_hal_gpio.c ****   }
 427:Drivers/STM32F3xx_HAL_Driver/Src/stm32f3xx_hal_gpio.c ****   else
 428:Drivers/STM32F3xx_HAL_Driver/Src/stm32f3xx_hal_gpio.c ****   {
 429:Drivers/STM32F3xx_HAL_Driver/Src/stm32f3xx_hal_gpio.c ****     GPIOx->BRR = (uint32_t)GPIO_Pin;
 791              		.loc 1 429 5 is_stmt 1 view .LVU285
 792              		.loc 1 429 16 is_stmt 0 view .LVU286
 793 0006 8162     		str	r1, [r0, #40]
 430:Drivers/STM32F3xx_HAL_Driver/Src/stm32f3xx_hal_gpio.c ****   }
 431:Drivers/STM32F3xx_HAL_Driver/Src/stm32f3xx_hal_gpio.c **** }
 794              		.loc 1 431 1 view .LVU287
 795 0008 7047     		bx	lr
 796              		.cfi_endproc
 797              	.LFE133:
 799              		.section	.text.HAL_GPIO_TogglePin,"ax",%progbits
 800              		.align	1
 801              		.global	HAL_GPIO_TogglePin
 802              		.syntax unified
 803              		.thumb
 804              		.thumb_func
 806              	HAL_GPIO_TogglePin:
 807              	.LVL66:
 808              	.LFB134:
 432:Drivers/STM32F3xx_HAL_Driver/Src/stm32f3xx_hal_gpio.c **** 
 433:Drivers/STM32F3xx_HAL_Driver/Src/stm32f3xx_hal_gpio.c **** /**
 434:Drivers/STM32F3xx_HAL_Driver/Src/stm32f3xx_hal_gpio.c ****   * @brief  Toggle the specified GPIO pin.
 435:Drivers/STM32F3xx_HAL_Driver/Src/stm32f3xx_hal_gpio.c ****   * @param  GPIOx where x can be (A..F) to select the GPIO peripheral for STM32F3 family
 436:Drivers/STM32F3xx_HAL_Driver/Src/stm32f3xx_hal_gpio.c ****   * @param  GPIO_Pin specifies the pin to be toggled.
 437:Drivers/STM32F3xx_HAL_Driver/Src/stm32f3xx_hal_gpio.c ****   * @retval None
 438:Drivers/STM32F3xx_HAL_Driver/Src/stm32f3xx_hal_gpio.c ****   */
 439:Drivers/STM32F3xx_HAL_Driver/Src/stm32f3xx_hal_gpio.c **** void HAL_GPIO_TogglePin(GPIO_TypeDef* GPIOx, uint16_t GPIO_Pin)
 440:Drivers/STM32F3xx_HAL_Driver/Src/stm32f3xx_hal_gpio.c **** {
 809              		.loc 1 440 1 is_stmt 1 view -0
 810              		.cfi_startproc
ARM GAS  /tmp/ccZ7gpLS.s 			page 25


 811              		@ args = 0, pretend = 0, frame = 0
 812              		@ frame_needed = 0, uses_anonymous_args = 0
 813              		@ link register save eliminated.
 441:Drivers/STM32F3xx_HAL_Driver/Src/stm32f3xx_hal_gpio.c ****   uint32_t odr;
 814              		.loc 1 441 3 view .LVU289
 442:Drivers/STM32F3xx_HAL_Driver/Src/stm32f3xx_hal_gpio.c **** 
 443:Drivers/STM32F3xx_HAL_Driver/Src/stm32f3xx_hal_gpio.c ****   /* Check the parameters */
 444:Drivers/STM32F3xx_HAL_Driver/Src/stm32f3xx_hal_gpio.c ****   assert_param(IS_GPIO_PIN(GPIO_Pin));
 815              		.loc 1 444 3 view .LVU290
 445:Drivers/STM32F3xx_HAL_Driver/Src/stm32f3xx_hal_gpio.c **** 
 446:Drivers/STM32F3xx_HAL_Driver/Src/stm32f3xx_hal_gpio.c ****   /* get current Output Data Register value */
 447:Drivers/STM32F3xx_HAL_Driver/Src/stm32f3xx_hal_gpio.c ****   odr = GPIOx->ODR;
 816              		.loc 1 447 3 view .LVU291
 817              		.loc 1 447 7 is_stmt 0 view .LVU292
 818 0000 4369     		ldr	r3, [r0, #20]
 819              	.LVL67:
 448:Drivers/STM32F3xx_HAL_Driver/Src/stm32f3xx_hal_gpio.c **** 
 449:Drivers/STM32F3xx_HAL_Driver/Src/stm32f3xx_hal_gpio.c ****   /* Set selected pins that were at low level, and reset ones that were high */
 450:Drivers/STM32F3xx_HAL_Driver/Src/stm32f3xx_hal_gpio.c ****   GPIOx->BSRR = ((odr & GPIO_Pin) << GPIO_NUMBER) | (~odr & GPIO_Pin);
 820              		.loc 1 450 3 is_stmt 1 view .LVU293
 821              		.loc 1 450 23 is_stmt 0 view .LVU294
 822 0002 01EA0302 		and	r2, r1, r3
 823              		.loc 1 450 59 view .LVU295
 824 0006 21EA0301 		bic	r1, r1, r3
 825              	.LVL68:
 826              		.loc 1 450 51 view .LVU296
 827 000a 41EA0241 		orr	r1, r1, r2, lsl #16
 828              		.loc 1 450 15 view .LVU297
 829 000e 8161     		str	r1, [r0, #24]
 451:Drivers/STM32F3xx_HAL_Driver/Src/stm32f3xx_hal_gpio.c **** }
 830              		.loc 1 451 1 view .LVU298
 831 0010 7047     		bx	lr
 832              		.cfi_endproc
 833              	.LFE134:
 835              		.section	.text.HAL_GPIO_LockPin,"ax",%progbits
 836              		.align	1
 837              		.global	HAL_GPIO_LockPin
 838              		.syntax unified
 839              		.thumb
 840              		.thumb_func
 842              	HAL_GPIO_LockPin:
 843              	.LVL69:
 844              	.LFB135:
 452:Drivers/STM32F3xx_HAL_Driver/Src/stm32f3xx_hal_gpio.c **** 
 453:Drivers/STM32F3xx_HAL_Driver/Src/stm32f3xx_hal_gpio.c **** /**
 454:Drivers/STM32F3xx_HAL_Driver/Src/stm32f3xx_hal_gpio.c **** * @brief  Lock GPIO Pins configuration registers.
 455:Drivers/STM32F3xx_HAL_Driver/Src/stm32f3xx_hal_gpio.c ****   * @note   The locked registers are GPIOx_MODER, GPIOx_OTYPER, GPIOx_OSPEEDR,
 456:Drivers/STM32F3xx_HAL_Driver/Src/stm32f3xx_hal_gpio.c ****   *         GPIOx_PUPDR, GPIOx_AFRL and GPIOx_AFRH.
 457:Drivers/STM32F3xx_HAL_Driver/Src/stm32f3xx_hal_gpio.c ****   * @note   The configuration of the locked GPIO pins can no longer be modified
 458:Drivers/STM32F3xx_HAL_Driver/Src/stm32f3xx_hal_gpio.c ****   *         until the next reset.
 459:Drivers/STM32F3xx_HAL_Driver/Src/stm32f3xx_hal_gpio.c ****   * @param  GPIOx where x can be (A..F) to select the GPIO peripheral for STM32F3 family
 460:Drivers/STM32F3xx_HAL_Driver/Src/stm32f3xx_hal_gpio.c ****   * @param  GPIO_Pin specifies the port bits to be locked.
 461:Drivers/STM32F3xx_HAL_Driver/Src/stm32f3xx_hal_gpio.c ****   *         This parameter can be any combination of GPIO_PIN_x where x can be (0..15).
 462:Drivers/STM32F3xx_HAL_Driver/Src/stm32f3xx_hal_gpio.c ****   * @retval None
 463:Drivers/STM32F3xx_HAL_Driver/Src/stm32f3xx_hal_gpio.c ****   */
 464:Drivers/STM32F3xx_HAL_Driver/Src/stm32f3xx_hal_gpio.c **** HAL_StatusTypeDef HAL_GPIO_LockPin(GPIO_TypeDef* GPIOx, uint16_t GPIO_Pin)
 465:Drivers/STM32F3xx_HAL_Driver/Src/stm32f3xx_hal_gpio.c **** {
ARM GAS  /tmp/ccZ7gpLS.s 			page 26


 845              		.loc 1 465 1 is_stmt 1 view -0
 846              		.cfi_startproc
 847              		@ args = 0, pretend = 0, frame = 8
 848              		@ frame_needed = 0, uses_anonymous_args = 0
 849              		@ link register save eliminated.
 850              		.loc 1 465 1 is_stmt 0 view .LVU300
 851 0000 82B0     		sub	sp, sp, #8
 852              	.LCFI5:
 853              		.cfi_def_cfa_offset 8
 466:Drivers/STM32F3xx_HAL_Driver/Src/stm32f3xx_hal_gpio.c ****   __IO uint32_t tmp = GPIO_LCKR_LCKK;
 854              		.loc 1 466 3 is_stmt 1 view .LVU301
 855              		.loc 1 466 17 is_stmt 0 view .LVU302
 856 0002 4FF48033 		mov	r3, #65536
 857 0006 0193     		str	r3, [sp, #4]
 467:Drivers/STM32F3xx_HAL_Driver/Src/stm32f3xx_hal_gpio.c **** 
 468:Drivers/STM32F3xx_HAL_Driver/Src/stm32f3xx_hal_gpio.c ****   /* Check the parameters */
 469:Drivers/STM32F3xx_HAL_Driver/Src/stm32f3xx_hal_gpio.c ****   assert_param(IS_GPIO_LOCK_INSTANCE(GPIOx));
 858              		.loc 1 469 3 is_stmt 1 view .LVU303
 470:Drivers/STM32F3xx_HAL_Driver/Src/stm32f3xx_hal_gpio.c ****   assert_param(IS_GPIO_PIN(GPIO_Pin));
 859              		.loc 1 470 3 view .LVU304
 471:Drivers/STM32F3xx_HAL_Driver/Src/stm32f3xx_hal_gpio.c **** 
 472:Drivers/STM32F3xx_HAL_Driver/Src/stm32f3xx_hal_gpio.c ****   /* Apply lock key write sequence */
 473:Drivers/STM32F3xx_HAL_Driver/Src/stm32f3xx_hal_gpio.c ****   tmp |= GPIO_Pin;
 860              		.loc 1 473 3 view .LVU305
 861              		.loc 1 473 7 is_stmt 0 view .LVU306
 862 0008 019B     		ldr	r3, [sp, #4]
 863 000a 0B43     		orrs	r3, r3, r1
 864 000c 0193     		str	r3, [sp, #4]
 474:Drivers/STM32F3xx_HAL_Driver/Src/stm32f3xx_hal_gpio.c ****   /* Set LCKx bit(s): LCKK='1' + LCK[15U-0] */
 475:Drivers/STM32F3xx_HAL_Driver/Src/stm32f3xx_hal_gpio.c ****   GPIOx->LCKR = tmp;
 865              		.loc 1 475 3 is_stmt 1 view .LVU307
 866              		.loc 1 475 15 is_stmt 0 view .LVU308
 867 000e 019B     		ldr	r3, [sp, #4]
 868 0010 C361     		str	r3, [r0, #28]
 476:Drivers/STM32F3xx_HAL_Driver/Src/stm32f3xx_hal_gpio.c ****   /* Reset LCKx bit(s): LCKK='0' + LCK[15U-0] */
 477:Drivers/STM32F3xx_HAL_Driver/Src/stm32f3xx_hal_gpio.c ****   GPIOx->LCKR = GPIO_Pin;
 869              		.loc 1 477 3 is_stmt 1 view .LVU309
 870              		.loc 1 477 15 is_stmt 0 view .LVU310
 871 0012 C161     		str	r1, [r0, #28]
 478:Drivers/STM32F3xx_HAL_Driver/Src/stm32f3xx_hal_gpio.c ****   /* Set LCKx bit(s): LCKK='1' + LCK[15U-0] */
 479:Drivers/STM32F3xx_HAL_Driver/Src/stm32f3xx_hal_gpio.c ****   GPIOx->LCKR = tmp;
 872              		.loc 1 479 3 is_stmt 1 view .LVU311
 873              		.loc 1 479 15 is_stmt 0 view .LVU312
 874 0014 019B     		ldr	r3, [sp, #4]
 875 0016 C361     		str	r3, [r0, #28]
 480:Drivers/STM32F3xx_HAL_Driver/Src/stm32f3xx_hal_gpio.c ****   /* Read LCKK register. This read is mandatory to complete key lock sequence */
 481:Drivers/STM32F3xx_HAL_Driver/Src/stm32f3xx_hal_gpio.c ****   tmp = GPIOx->LCKR;
 876              		.loc 1 481 3 is_stmt 1 view .LVU313
 877              		.loc 1 481 14 is_stmt 0 view .LVU314
 878 0018 C369     		ldr	r3, [r0, #28]
 879              		.loc 1 481 7 view .LVU315
 880 001a 0193     		str	r3, [sp, #4]
 482:Drivers/STM32F3xx_HAL_Driver/Src/stm32f3xx_hal_gpio.c **** 
 483:Drivers/STM32F3xx_HAL_Driver/Src/stm32f3xx_hal_gpio.c ****   /* read again in order to confirm lock is active */
 484:Drivers/STM32F3xx_HAL_Driver/Src/stm32f3xx_hal_gpio.c ****  if((GPIOx->LCKR & GPIO_LCKR_LCKK) != 0x00u)
 881              		.loc 1 484 2 is_stmt 1 view .LVU316
 882              		.loc 1 484 11 is_stmt 0 view .LVU317
ARM GAS  /tmp/ccZ7gpLS.s 			page 27


 883 001c C369     		ldr	r3, [r0, #28]
 884              		.loc 1 484 4 view .LVU318
 885 001e 13F4803F 		tst	r3, #65536
 886 0022 02D0     		beq	.L58
 485:Drivers/STM32F3xx_HAL_Driver/Src/stm32f3xx_hal_gpio.c ****   {
 486:Drivers/STM32F3xx_HAL_Driver/Src/stm32f3xx_hal_gpio.c ****     return HAL_OK;
 887              		.loc 1 486 12 view .LVU319
 888 0024 0020     		movs	r0, #0
 889              	.LVL70:
 890              	.L57:
 487:Drivers/STM32F3xx_HAL_Driver/Src/stm32f3xx_hal_gpio.c ****   }
 488:Drivers/STM32F3xx_HAL_Driver/Src/stm32f3xx_hal_gpio.c ****   else
 489:Drivers/STM32F3xx_HAL_Driver/Src/stm32f3xx_hal_gpio.c ****   {
 490:Drivers/STM32F3xx_HAL_Driver/Src/stm32f3xx_hal_gpio.c ****     return HAL_ERROR;
 491:Drivers/STM32F3xx_HAL_Driver/Src/stm32f3xx_hal_gpio.c ****   }
 492:Drivers/STM32F3xx_HAL_Driver/Src/stm32f3xx_hal_gpio.c **** }
 891              		.loc 1 492 1 view .LVU320
 892 0026 02B0     		add	sp, sp, #8
 893              	.LCFI6:
 894              		.cfi_remember_state
 895              		.cfi_def_cfa_offset 0
 896              		@ sp needed
 897 0028 7047     		bx	lr
 898              	.LVL71:
 899              	.L58:
 900              	.LCFI7:
 901              		.cfi_restore_state
 490:Drivers/STM32F3xx_HAL_Driver/Src/stm32f3xx_hal_gpio.c ****   }
 902              		.loc 1 490 12 view .LVU321
 903 002a 0120     		movs	r0, #1
 904              	.LVL72:
 490:Drivers/STM32F3xx_HAL_Driver/Src/stm32f3xx_hal_gpio.c ****   }
 905              		.loc 1 490 12 view .LVU322
 906 002c FBE7     		b	.L57
 907              		.cfi_endproc
 908              	.LFE135:
 910              		.section	.text.HAL_GPIO_EXTI_Callback,"ax",%progbits
 911              		.align	1
 912              		.weak	HAL_GPIO_EXTI_Callback
 913              		.syntax unified
 914              		.thumb
 915              		.thumb_func
 917              	HAL_GPIO_EXTI_Callback:
 918              	.LVL73:
 919              	.LFB137:
 493:Drivers/STM32F3xx_HAL_Driver/Src/stm32f3xx_hal_gpio.c **** 
 494:Drivers/STM32F3xx_HAL_Driver/Src/stm32f3xx_hal_gpio.c **** /**
 495:Drivers/STM32F3xx_HAL_Driver/Src/stm32f3xx_hal_gpio.c ****   * @brief  Handle EXTI interrupt request.
 496:Drivers/STM32F3xx_HAL_Driver/Src/stm32f3xx_hal_gpio.c ****   * @param  GPIO_Pin Specifies the port pin connected to corresponding EXTI line.
 497:Drivers/STM32F3xx_HAL_Driver/Src/stm32f3xx_hal_gpio.c ****   * @retval None
 498:Drivers/STM32F3xx_HAL_Driver/Src/stm32f3xx_hal_gpio.c ****   */
 499:Drivers/STM32F3xx_HAL_Driver/Src/stm32f3xx_hal_gpio.c **** void HAL_GPIO_EXTI_IRQHandler(uint16_t GPIO_Pin)
 500:Drivers/STM32F3xx_HAL_Driver/Src/stm32f3xx_hal_gpio.c **** {
 501:Drivers/STM32F3xx_HAL_Driver/Src/stm32f3xx_hal_gpio.c ****   /* EXTI line interrupt detected */
 502:Drivers/STM32F3xx_HAL_Driver/Src/stm32f3xx_hal_gpio.c ****   if(__HAL_GPIO_EXTI_GET_IT(GPIO_Pin) != 0x00u)
 503:Drivers/STM32F3xx_HAL_Driver/Src/stm32f3xx_hal_gpio.c ****   {
 504:Drivers/STM32F3xx_HAL_Driver/Src/stm32f3xx_hal_gpio.c ****     __HAL_GPIO_EXTI_CLEAR_IT(GPIO_Pin);
ARM GAS  /tmp/ccZ7gpLS.s 			page 28


 505:Drivers/STM32F3xx_HAL_Driver/Src/stm32f3xx_hal_gpio.c ****     HAL_GPIO_EXTI_Callback(GPIO_Pin);
 506:Drivers/STM32F3xx_HAL_Driver/Src/stm32f3xx_hal_gpio.c ****   }
 507:Drivers/STM32F3xx_HAL_Driver/Src/stm32f3xx_hal_gpio.c **** }
 508:Drivers/STM32F3xx_HAL_Driver/Src/stm32f3xx_hal_gpio.c **** 
 509:Drivers/STM32F3xx_HAL_Driver/Src/stm32f3xx_hal_gpio.c **** /**
 510:Drivers/STM32F3xx_HAL_Driver/Src/stm32f3xx_hal_gpio.c ****   * @brief  EXTI line detection callback.
 511:Drivers/STM32F3xx_HAL_Driver/Src/stm32f3xx_hal_gpio.c ****   * @param  GPIO_Pin Specifies the port pin connected to corresponding EXTI line.
 512:Drivers/STM32F3xx_HAL_Driver/Src/stm32f3xx_hal_gpio.c ****   * @retval None
 513:Drivers/STM32F3xx_HAL_Driver/Src/stm32f3xx_hal_gpio.c ****   */
 514:Drivers/STM32F3xx_HAL_Driver/Src/stm32f3xx_hal_gpio.c **** __weak void HAL_GPIO_EXTI_Callback(uint16_t GPIO_Pin)
 515:Drivers/STM32F3xx_HAL_Driver/Src/stm32f3xx_hal_gpio.c **** {
 920              		.loc 1 515 1 is_stmt 1 view -0
 921              		.cfi_startproc
 922              		@ args = 0, pretend = 0, frame = 0
 923              		@ frame_needed = 0, uses_anonymous_args = 0
 924              		@ link register save eliminated.
 516:Drivers/STM32F3xx_HAL_Driver/Src/stm32f3xx_hal_gpio.c ****   /* Prevent unused argument(s) compilation warning */
 517:Drivers/STM32F3xx_HAL_Driver/Src/stm32f3xx_hal_gpio.c ****   UNUSED(GPIO_Pin);
 925              		.loc 1 517 3 view .LVU324
 518:Drivers/STM32F3xx_HAL_Driver/Src/stm32f3xx_hal_gpio.c **** 
 519:Drivers/STM32F3xx_HAL_Driver/Src/stm32f3xx_hal_gpio.c ****   /* NOTE: This function should not be modified, when the callback is needed,
 520:Drivers/STM32F3xx_HAL_Driver/Src/stm32f3xx_hal_gpio.c ****            the HAL_GPIO_EXTI_Callback could be implemented in the user file
 521:Drivers/STM32F3xx_HAL_Driver/Src/stm32f3xx_hal_gpio.c ****    */
 522:Drivers/STM32F3xx_HAL_Driver/Src/stm32f3xx_hal_gpio.c **** }
 926              		.loc 1 522 1 is_stmt 0 view .LVU325
 927 0000 7047     		bx	lr
 928              		.cfi_endproc
 929              	.LFE137:
 931              		.section	.text.HAL_GPIO_EXTI_IRQHandler,"ax",%progbits
 932              		.align	1
 933              		.global	HAL_GPIO_EXTI_IRQHandler
 934              		.syntax unified
 935              		.thumb
 936              		.thumb_func
 938              	HAL_GPIO_EXTI_IRQHandler:
 939              	.LVL74:
 940              	.LFB136:
 500:Drivers/STM32F3xx_HAL_Driver/Src/stm32f3xx_hal_gpio.c ****   /* EXTI line interrupt detected */
 941              		.loc 1 500 1 is_stmt 1 view -0
 942              		.cfi_startproc
 943              		@ args = 0, pretend = 0, frame = 0
 944              		@ frame_needed = 0, uses_anonymous_args = 0
 500:Drivers/STM32F3xx_HAL_Driver/Src/stm32f3xx_hal_gpio.c ****   /* EXTI line interrupt detected */
 945              		.loc 1 500 1 is_stmt 0 view .LVU327
 946 0000 08B5     		push	{r3, lr}
 947              	.LCFI8:
 948              		.cfi_def_cfa_offset 8
 949              		.cfi_offset 3, -8
 950              		.cfi_offset 14, -4
 502:Drivers/STM32F3xx_HAL_Driver/Src/stm32f3xx_hal_gpio.c ****   {
 951              		.loc 1 502 3 is_stmt 1 view .LVU328
 502:Drivers/STM32F3xx_HAL_Driver/Src/stm32f3xx_hal_gpio.c ****   {
 952              		.loc 1 502 6 is_stmt 0 view .LVU329
 953 0002 054B     		ldr	r3, .L65
 954 0004 5B69     		ldr	r3, [r3, #20]
 502:Drivers/STM32F3xx_HAL_Driver/Src/stm32f3xx_hal_gpio.c ****   {
 955              		.loc 1 502 5 view .LVU330
ARM GAS  /tmp/ccZ7gpLS.s 			page 29


 956 0006 0342     		tst	r3, r0
 957 0008 00D1     		bne	.L64
 958              	.LVL75:
 959              	.L61:
 507:Drivers/STM32F3xx_HAL_Driver/Src/stm32f3xx_hal_gpio.c **** 
 960              		.loc 1 507 1 view .LVU331
 961 000a 08BD     		pop	{r3, pc}
 962              	.LVL76:
 963              	.L64:
 504:Drivers/STM32F3xx_HAL_Driver/Src/stm32f3xx_hal_gpio.c ****     HAL_GPIO_EXTI_Callback(GPIO_Pin);
 964              		.loc 1 504 5 is_stmt 1 view .LVU332
 965 000c 024B     		ldr	r3, .L65
 966 000e 5861     		str	r0, [r3, #20]
 505:Drivers/STM32F3xx_HAL_Driver/Src/stm32f3xx_hal_gpio.c ****   }
 967              		.loc 1 505 5 view .LVU333
 968 0010 FFF7FEFF 		bl	HAL_GPIO_EXTI_Callback
 969              	.LVL77:
 507:Drivers/STM32F3xx_HAL_Driver/Src/stm32f3xx_hal_gpio.c **** 
 970              		.loc 1 507 1 is_stmt 0 view .LVU334
 971 0014 F9E7     		b	.L61
 972              	.L66:
 973 0016 00BF     		.align	2
 974              	.L65:
 975 0018 00040140 		.word	1073808384
 976              		.cfi_endproc
 977              	.LFE136:
 979              		.text
 980              	.Letext0:
 981              		.file 2 "/usr/lib/gcc/arm-none-eabi/13.2.1/include/stdint.h"
 982              		.file 3 "Drivers/CMSIS/Device/ST/STM32F3xx/Include/stm32f303xe.h"
 983              		.file 4 "Drivers/STM32F3xx_HAL_Driver/Inc/stm32f3xx_hal_def.h"
 984              		.file 5 "Drivers/STM32F3xx_HAL_Driver/Inc/stm32f3xx_hal_gpio.h"
ARM GAS  /tmp/ccZ7gpLS.s 			page 30


DEFINED SYMBOLS
                            *ABS*:00000000 stm32f3xx_hal_gpio.c
     /tmp/ccZ7gpLS.s:21     .text.HAL_GPIO_Init:00000000 $t
     /tmp/ccZ7gpLS.s:27     .text.HAL_GPIO_Init:00000000 HAL_GPIO_Init
     /tmp/ccZ7gpLS.s:466    .text.HAL_GPIO_Init:000001d0 $d
     /tmp/ccZ7gpLS.s:474    .text.HAL_GPIO_DeInit:00000000 $t
     /tmp/ccZ7gpLS.s:480    .text.HAL_GPIO_DeInit:00000000 HAL_GPIO_DeInit
     /tmp/ccZ7gpLS.s:721    .text.HAL_GPIO_DeInit:0000011c $d
     /tmp/ccZ7gpLS.s:728    .text.HAL_GPIO_ReadPin:00000000 $t
     /tmp/ccZ7gpLS.s:734    .text.HAL_GPIO_ReadPin:00000000 HAL_GPIO_ReadPin
     /tmp/ccZ7gpLS.s:767    .text.HAL_GPIO_WritePin:00000000 $t
     /tmp/ccZ7gpLS.s:773    .text.HAL_GPIO_WritePin:00000000 HAL_GPIO_WritePin
     /tmp/ccZ7gpLS.s:800    .text.HAL_GPIO_TogglePin:00000000 $t
     /tmp/ccZ7gpLS.s:806    .text.HAL_GPIO_TogglePin:00000000 HAL_GPIO_TogglePin
     /tmp/ccZ7gpLS.s:836    .text.HAL_GPIO_LockPin:00000000 $t
     /tmp/ccZ7gpLS.s:842    .text.HAL_GPIO_LockPin:00000000 HAL_GPIO_LockPin
     /tmp/ccZ7gpLS.s:911    .text.HAL_GPIO_EXTI_Callback:00000000 $t
     /tmp/ccZ7gpLS.s:917    .text.HAL_GPIO_EXTI_Callback:00000000 HAL_GPIO_EXTI_Callback
     /tmp/ccZ7gpLS.s:932    .text.HAL_GPIO_EXTI_IRQHandler:00000000 $t
     /tmp/ccZ7gpLS.s:938    .text.HAL_GPIO_EXTI_IRQHandler:00000000 HAL_GPIO_EXTI_IRQHandler
     /tmp/ccZ7gpLS.s:975    .text.HAL_GPIO_EXTI_IRQHandler:00000018 $d

NO UNDEFINED SYMBOLS
