ARM GAS  /tmp/ccRCfR3k.s 			page 1


   1              		.cpu cortex-m4
   2              		.arch armv7e-m
   3              		.fpu fpv4-sp-d16
   4              		.eabi_attribute 27, 1
   5              		.eabi_attribute 28, 1
   6              		.eabi_attribute 20, 1
   7              		.eabi_attribute 21, 1
   8              		.eabi_attribute 23, 3
   9              		.eabi_attribute 24, 1
  10              		.eabi_attribute 25, 1
  11              		.eabi_attribute 26, 1
  12              		.eabi_attribute 30, 1
  13              		.eabi_attribute 34, 1
  14              		.eabi_attribute 18, 4
  15              		.file	"stm32f3xx_hal_rcc.c"
  16              		.text
  17              	.Ltext0:
  18              		.cfi_sections	.debug_frame
  19              		.file 1 "Drivers/STM32F3xx_HAL_Driver/Src/stm32f3xx_hal_rcc.c"
  20              		.section	.text.HAL_RCC_DeInit,"ax",%progbits
  21              		.align	1
  22              		.global	HAL_RCC_DeInit
  23              		.syntax unified
  24              		.thumb
  25              		.thumb_func
  27              	HAL_RCC_DeInit:
  28              	.LFB130:
   1:Drivers/STM32F3xx_HAL_Driver/Src/stm32f3xx_hal_rcc.c **** /**
   2:Drivers/STM32F3xx_HAL_Driver/Src/stm32f3xx_hal_rcc.c ****   ******************************************************************************
   3:Drivers/STM32F3xx_HAL_Driver/Src/stm32f3xx_hal_rcc.c ****   * @file    stm32f3xx_hal_rcc.c
   4:Drivers/STM32F3xx_HAL_Driver/Src/stm32f3xx_hal_rcc.c ****   * @author  MCD Application Team
   5:Drivers/STM32F3xx_HAL_Driver/Src/stm32f3xx_hal_rcc.c ****   * @brief   RCC HAL module driver.
   6:Drivers/STM32F3xx_HAL_Driver/Src/stm32f3xx_hal_rcc.c ****   *          This file provides firmware functions to manage the following 
   7:Drivers/STM32F3xx_HAL_Driver/Src/stm32f3xx_hal_rcc.c ****   *          functionalities of the Reset and Clock Control (RCC) peripheral:
   8:Drivers/STM32F3xx_HAL_Driver/Src/stm32f3xx_hal_rcc.c ****   *           + Initialization and de-initialization functions
   9:Drivers/STM32F3xx_HAL_Driver/Src/stm32f3xx_hal_rcc.c ****   *           + Peripheral Control functions
  10:Drivers/STM32F3xx_HAL_Driver/Src/stm32f3xx_hal_rcc.c ****   *       
  11:Drivers/STM32F3xx_HAL_Driver/Src/stm32f3xx_hal_rcc.c ****   @verbatim                
  12:Drivers/STM32F3xx_HAL_Driver/Src/stm32f3xx_hal_rcc.c ****   ==============================================================================
  13:Drivers/STM32F3xx_HAL_Driver/Src/stm32f3xx_hal_rcc.c ****                       ##### RCC specific features #####
  14:Drivers/STM32F3xx_HAL_Driver/Src/stm32f3xx_hal_rcc.c ****   ==============================================================================
  15:Drivers/STM32F3xx_HAL_Driver/Src/stm32f3xx_hal_rcc.c ****     [..]  
  16:Drivers/STM32F3xx_HAL_Driver/Src/stm32f3xx_hal_rcc.c ****       After reset the device is running from Internal High Speed oscillator
  17:Drivers/STM32F3xx_HAL_Driver/Src/stm32f3xx_hal_rcc.c ****       (HSI 8MHz) with Flash 0 wait state, Flash prefetch buffer is enabled, 
  18:Drivers/STM32F3xx_HAL_Driver/Src/stm32f3xx_hal_rcc.c ****       and all peripherals are off except internal SRAM, Flash and JTAG.
  19:Drivers/STM32F3xx_HAL_Driver/Src/stm32f3xx_hal_rcc.c ****       (+) There is no prescaler on High speed (AHB) and Low speed (APB) buses;
  20:Drivers/STM32F3xx_HAL_Driver/Src/stm32f3xx_hal_rcc.c ****           all peripherals mapped on these buses are running at HSI speed.
  21:Drivers/STM32F3xx_HAL_Driver/Src/stm32f3xx_hal_rcc.c ****       (+) The clock for all peripherals is switched off, except the SRAM and FLASH.
  22:Drivers/STM32F3xx_HAL_Driver/Src/stm32f3xx_hal_rcc.c ****       (+) All GPIOs are in input floating state, except the JTAG pins which
  23:Drivers/STM32F3xx_HAL_Driver/Src/stm32f3xx_hal_rcc.c ****           are assigned to be used for debug purpose.
  24:Drivers/STM32F3xx_HAL_Driver/Src/stm32f3xx_hal_rcc.c ****     [..] Once the device started from reset, the user application has to:
  25:Drivers/STM32F3xx_HAL_Driver/Src/stm32f3xx_hal_rcc.c ****       (+) Configure the clock source to be used to drive the System clock
  26:Drivers/STM32F3xx_HAL_Driver/Src/stm32f3xx_hal_rcc.c ****           (if the application needs higher frequency/performance)
  27:Drivers/STM32F3xx_HAL_Driver/Src/stm32f3xx_hal_rcc.c ****       (+) Configure the System clock frequency and Flash settings  
  28:Drivers/STM32F3xx_HAL_Driver/Src/stm32f3xx_hal_rcc.c ****       (+) Configure the AHB and APB buses prescalers
  29:Drivers/STM32F3xx_HAL_Driver/Src/stm32f3xx_hal_rcc.c ****       (+) Enable the clock for the peripheral(s) to be used
  30:Drivers/STM32F3xx_HAL_Driver/Src/stm32f3xx_hal_rcc.c ****       (+) Configure the clock source(s) for peripherals whose clocks are not
ARM GAS  /tmp/ccRCfR3k.s 			page 2


  31:Drivers/STM32F3xx_HAL_Driver/Src/stm32f3xx_hal_rcc.c ****           derived from the System clock (RTC, ADC, I2C, I2S, TIM, USB FS)
  32:Drivers/STM32F3xx_HAL_Driver/Src/stm32f3xx_hal_rcc.c **** 
  33:Drivers/STM32F3xx_HAL_Driver/Src/stm32f3xx_hal_rcc.c ****                       ##### RCC Limitations #####
  34:Drivers/STM32F3xx_HAL_Driver/Src/stm32f3xx_hal_rcc.c ****   ==============================================================================
  35:Drivers/STM32F3xx_HAL_Driver/Src/stm32f3xx_hal_rcc.c ****     [..]  
  36:Drivers/STM32F3xx_HAL_Driver/Src/stm32f3xx_hal_rcc.c ****       A delay between an RCC peripheral clock enable and the effective peripheral 
  37:Drivers/STM32F3xx_HAL_Driver/Src/stm32f3xx_hal_rcc.c ****       enabling should be taken into account in order to manage the peripheral read/write 
  38:Drivers/STM32F3xx_HAL_Driver/Src/stm32f3xx_hal_rcc.c ****       from/to registers.
  39:Drivers/STM32F3xx_HAL_Driver/Src/stm32f3xx_hal_rcc.c ****       (+) This delay depends on the peripheral mapping.
  40:Drivers/STM32F3xx_HAL_Driver/Src/stm32f3xx_hal_rcc.c ****         (++) AHB & APB peripherals, 1 dummy read is necessary
  41:Drivers/STM32F3xx_HAL_Driver/Src/stm32f3xx_hal_rcc.c **** 
  42:Drivers/STM32F3xx_HAL_Driver/Src/stm32f3xx_hal_rcc.c ****     [..]  
  43:Drivers/STM32F3xx_HAL_Driver/Src/stm32f3xx_hal_rcc.c ****       Workarounds:
  44:Drivers/STM32F3xx_HAL_Driver/Src/stm32f3xx_hal_rcc.c ****       (#) For AHB & APB peripherals, a dummy read to the peripheral register has been
  45:Drivers/STM32F3xx_HAL_Driver/Src/stm32f3xx_hal_rcc.c ****           inserted in each __HAL_RCC_PPP_CLK_ENABLE() macro.
  46:Drivers/STM32F3xx_HAL_Driver/Src/stm32f3xx_hal_rcc.c **** 
  47:Drivers/STM32F3xx_HAL_Driver/Src/stm32f3xx_hal_rcc.c ****   @endverbatim
  48:Drivers/STM32F3xx_HAL_Driver/Src/stm32f3xx_hal_rcc.c ****   ******************************************************************************
  49:Drivers/STM32F3xx_HAL_Driver/Src/stm32f3xx_hal_rcc.c ****   * @attention
  50:Drivers/STM32F3xx_HAL_Driver/Src/stm32f3xx_hal_rcc.c ****   *
  51:Drivers/STM32F3xx_HAL_Driver/Src/stm32f3xx_hal_rcc.c ****   * Copyright (c) 2016 STMicroelectronics.
  52:Drivers/STM32F3xx_HAL_Driver/Src/stm32f3xx_hal_rcc.c ****   * All rights reserved.
  53:Drivers/STM32F3xx_HAL_Driver/Src/stm32f3xx_hal_rcc.c ****   *
  54:Drivers/STM32F3xx_HAL_Driver/Src/stm32f3xx_hal_rcc.c ****   * This software is licensed under terms that can be found in the LICENSE file in
  55:Drivers/STM32F3xx_HAL_Driver/Src/stm32f3xx_hal_rcc.c ****   * the root directory of this software component.
  56:Drivers/STM32F3xx_HAL_Driver/Src/stm32f3xx_hal_rcc.c ****   * If no LICENSE file comes with this software, it is provided AS-IS.
  57:Drivers/STM32F3xx_HAL_Driver/Src/stm32f3xx_hal_rcc.c ****   ******************************************************************************
  58:Drivers/STM32F3xx_HAL_Driver/Src/stm32f3xx_hal_rcc.c ****   */
  59:Drivers/STM32F3xx_HAL_Driver/Src/stm32f3xx_hal_rcc.c **** 
  60:Drivers/STM32F3xx_HAL_Driver/Src/stm32f3xx_hal_rcc.c **** /* Includes ------------------------------------------------------------------*/
  61:Drivers/STM32F3xx_HAL_Driver/Src/stm32f3xx_hal_rcc.c **** #include "stm32f3xx_hal.h"
  62:Drivers/STM32F3xx_HAL_Driver/Src/stm32f3xx_hal_rcc.c **** 
  63:Drivers/STM32F3xx_HAL_Driver/Src/stm32f3xx_hal_rcc.c **** /** @addtogroup STM32F3xx_HAL_Driver
  64:Drivers/STM32F3xx_HAL_Driver/Src/stm32f3xx_hal_rcc.c ****   * @{
  65:Drivers/STM32F3xx_HAL_Driver/Src/stm32f3xx_hal_rcc.c ****   */
  66:Drivers/STM32F3xx_HAL_Driver/Src/stm32f3xx_hal_rcc.c **** 
  67:Drivers/STM32F3xx_HAL_Driver/Src/stm32f3xx_hal_rcc.c **** /** @defgroup RCC RCC
  68:Drivers/STM32F3xx_HAL_Driver/Src/stm32f3xx_hal_rcc.c **** * @brief RCC HAL module driver
  69:Drivers/STM32F3xx_HAL_Driver/Src/stm32f3xx_hal_rcc.c ****   * @{
  70:Drivers/STM32F3xx_HAL_Driver/Src/stm32f3xx_hal_rcc.c ****   */
  71:Drivers/STM32F3xx_HAL_Driver/Src/stm32f3xx_hal_rcc.c **** 
  72:Drivers/STM32F3xx_HAL_Driver/Src/stm32f3xx_hal_rcc.c **** #ifdef HAL_RCC_MODULE_ENABLED
  73:Drivers/STM32F3xx_HAL_Driver/Src/stm32f3xx_hal_rcc.c **** 
  74:Drivers/STM32F3xx_HAL_Driver/Src/stm32f3xx_hal_rcc.c **** /* Private typedef -----------------------------------------------------------*/
  75:Drivers/STM32F3xx_HAL_Driver/Src/stm32f3xx_hal_rcc.c **** /* Private define ------------------------------------------------------------*/
  76:Drivers/STM32F3xx_HAL_Driver/Src/stm32f3xx_hal_rcc.c **** /** @defgroup RCC_Private_Constants RCC Private Constants
  77:Drivers/STM32F3xx_HAL_Driver/Src/stm32f3xx_hal_rcc.c ****  * @{
  78:Drivers/STM32F3xx_HAL_Driver/Src/stm32f3xx_hal_rcc.c ****  */
  79:Drivers/STM32F3xx_HAL_Driver/Src/stm32f3xx_hal_rcc.c **** /* Bits position in  in the CFGR register */
  80:Drivers/STM32F3xx_HAL_Driver/Src/stm32f3xx_hal_rcc.c **** #define RCC_CFGR_HPRE_BITNUMBER           POSITION_VAL(RCC_CFGR_HPRE)
  81:Drivers/STM32F3xx_HAL_Driver/Src/stm32f3xx_hal_rcc.c **** #define RCC_CFGR_PPRE1_BITNUMBER          POSITION_VAL(RCC_CFGR_PPRE1)
  82:Drivers/STM32F3xx_HAL_Driver/Src/stm32f3xx_hal_rcc.c **** #define RCC_CFGR_PPRE2_BITNUMBER          POSITION_VAL(RCC_CFGR_PPRE2)
  83:Drivers/STM32F3xx_HAL_Driver/Src/stm32f3xx_hal_rcc.c **** /**
  84:Drivers/STM32F3xx_HAL_Driver/Src/stm32f3xx_hal_rcc.c ****   * @}
  85:Drivers/STM32F3xx_HAL_Driver/Src/stm32f3xx_hal_rcc.c ****   */
  86:Drivers/STM32F3xx_HAL_Driver/Src/stm32f3xx_hal_rcc.c **** /* Private macro -------------------------------------------------------------*/
  87:Drivers/STM32F3xx_HAL_Driver/Src/stm32f3xx_hal_rcc.c **** /** @defgroup RCC_Private_Macros RCC Private Macros
ARM GAS  /tmp/ccRCfR3k.s 			page 3


  88:Drivers/STM32F3xx_HAL_Driver/Src/stm32f3xx_hal_rcc.c ****   * @{
  89:Drivers/STM32F3xx_HAL_Driver/Src/stm32f3xx_hal_rcc.c ****   */
  90:Drivers/STM32F3xx_HAL_Driver/Src/stm32f3xx_hal_rcc.c **** 
  91:Drivers/STM32F3xx_HAL_Driver/Src/stm32f3xx_hal_rcc.c **** #define MCO1_CLK_ENABLE()     __HAL_RCC_GPIOA_CLK_ENABLE()
  92:Drivers/STM32F3xx_HAL_Driver/Src/stm32f3xx_hal_rcc.c **** #define MCO1_GPIO_PORT        GPIOA
  93:Drivers/STM32F3xx_HAL_Driver/Src/stm32f3xx_hal_rcc.c **** #define MCO1_PIN              GPIO_PIN_8
  94:Drivers/STM32F3xx_HAL_Driver/Src/stm32f3xx_hal_rcc.c **** 
  95:Drivers/STM32F3xx_HAL_Driver/Src/stm32f3xx_hal_rcc.c **** /**
  96:Drivers/STM32F3xx_HAL_Driver/Src/stm32f3xx_hal_rcc.c ****   * @}
  97:Drivers/STM32F3xx_HAL_Driver/Src/stm32f3xx_hal_rcc.c ****   */
  98:Drivers/STM32F3xx_HAL_Driver/Src/stm32f3xx_hal_rcc.c **** 
  99:Drivers/STM32F3xx_HAL_Driver/Src/stm32f3xx_hal_rcc.c **** /* Private variables ---------------------------------------------------------*/
 100:Drivers/STM32F3xx_HAL_Driver/Src/stm32f3xx_hal_rcc.c **** /** @defgroup RCC_Private_Variables RCC Private Variables
 101:Drivers/STM32F3xx_HAL_Driver/Src/stm32f3xx_hal_rcc.c ****   * @{
 102:Drivers/STM32F3xx_HAL_Driver/Src/stm32f3xx_hal_rcc.c ****   */
 103:Drivers/STM32F3xx_HAL_Driver/Src/stm32f3xx_hal_rcc.c **** static const uint8_t aPLLMULFactorTable[16U] = { 2U,  3U,  4U,  5U,  6U,  7U,  8U,  9U,
 104:Drivers/STM32F3xx_HAL_Driver/Src/stm32f3xx_hal_rcc.c ****                                                  10U, 11U, 12U, 13U, 14U, 15U, 16U, 16U};
 105:Drivers/STM32F3xx_HAL_Driver/Src/stm32f3xx_hal_rcc.c **** static const uint8_t aPredivFactorTable[16U] = { 1U, 2U,  3U,  4U,  5U,  6U,  7U,  8U,
 106:Drivers/STM32F3xx_HAL_Driver/Src/stm32f3xx_hal_rcc.c ****                                                  9U,10U, 11U, 12U, 13U, 14U, 15U, 16U};
 107:Drivers/STM32F3xx_HAL_Driver/Src/stm32f3xx_hal_rcc.c **** /**
 108:Drivers/STM32F3xx_HAL_Driver/Src/stm32f3xx_hal_rcc.c ****   * @}
 109:Drivers/STM32F3xx_HAL_Driver/Src/stm32f3xx_hal_rcc.c ****   */
 110:Drivers/STM32F3xx_HAL_Driver/Src/stm32f3xx_hal_rcc.c **** 
 111:Drivers/STM32F3xx_HAL_Driver/Src/stm32f3xx_hal_rcc.c **** /* Private function prototypes -----------------------------------------------*/
 112:Drivers/STM32F3xx_HAL_Driver/Src/stm32f3xx_hal_rcc.c **** /* Exported functions ---------------------------------------------------------*/
 113:Drivers/STM32F3xx_HAL_Driver/Src/stm32f3xx_hal_rcc.c **** 
 114:Drivers/STM32F3xx_HAL_Driver/Src/stm32f3xx_hal_rcc.c **** /** @defgroup RCC_Exported_Functions RCC Exported Functions
 115:Drivers/STM32F3xx_HAL_Driver/Src/stm32f3xx_hal_rcc.c ****   * @{
 116:Drivers/STM32F3xx_HAL_Driver/Src/stm32f3xx_hal_rcc.c ****   */
 117:Drivers/STM32F3xx_HAL_Driver/Src/stm32f3xx_hal_rcc.c **** 
 118:Drivers/STM32F3xx_HAL_Driver/Src/stm32f3xx_hal_rcc.c **** /** @defgroup RCC_Exported_Functions_Group1 Initialization and de-initialization functions 
 119:Drivers/STM32F3xx_HAL_Driver/Src/stm32f3xx_hal_rcc.c ****   *  @brief    Initialization and Configuration functions 
 120:Drivers/STM32F3xx_HAL_Driver/Src/stm32f3xx_hal_rcc.c ****   *
 121:Drivers/STM32F3xx_HAL_Driver/Src/stm32f3xx_hal_rcc.c ****   @verbatim    
 122:Drivers/STM32F3xx_HAL_Driver/Src/stm32f3xx_hal_rcc.c ****   ===============================================================================
 123:Drivers/STM32F3xx_HAL_Driver/Src/stm32f3xx_hal_rcc.c ****            ##### Initialization and de-initialization functions #####
 124:Drivers/STM32F3xx_HAL_Driver/Src/stm32f3xx_hal_rcc.c ****   ===============================================================================
 125:Drivers/STM32F3xx_HAL_Driver/Src/stm32f3xx_hal_rcc.c ****     [..]
 126:Drivers/STM32F3xx_HAL_Driver/Src/stm32f3xx_hal_rcc.c ****       This section provides functions allowing to configure the internal/external oscillators
 127:Drivers/STM32F3xx_HAL_Driver/Src/stm32f3xx_hal_rcc.c ****       (HSE, HSI, LSE, LSI, PLL, CSS and MCO) and the System buses clocks (SYSCLK, AHB, APB1
 128:Drivers/STM32F3xx_HAL_Driver/Src/stm32f3xx_hal_rcc.c ****       and APB2).
 129:Drivers/STM32F3xx_HAL_Driver/Src/stm32f3xx_hal_rcc.c **** 
 130:Drivers/STM32F3xx_HAL_Driver/Src/stm32f3xx_hal_rcc.c ****     [..] Internal/external clock and PLL configuration
 131:Drivers/STM32F3xx_HAL_Driver/Src/stm32f3xx_hal_rcc.c ****       (#) HSI (high-speed internal), 8 MHz factory-trimmed RC used directly or through
 132:Drivers/STM32F3xx_HAL_Driver/Src/stm32f3xx_hal_rcc.c ****           the PLL as System clock source.
 133:Drivers/STM32F3xx_HAL_Driver/Src/stm32f3xx_hal_rcc.c ****           The HSI clock can be used also to clock the USART and I2C peripherals.
 134:Drivers/STM32F3xx_HAL_Driver/Src/stm32f3xx_hal_rcc.c **** 
 135:Drivers/STM32F3xx_HAL_Driver/Src/stm32f3xx_hal_rcc.c ****       (#) LSI (low-speed internal), ~40 KHz low consumption RC used as IWDG and/or RTC
 136:Drivers/STM32F3xx_HAL_Driver/Src/stm32f3xx_hal_rcc.c ****           clock source.
 137:Drivers/STM32F3xx_HAL_Driver/Src/stm32f3xx_hal_rcc.c **** 
 138:Drivers/STM32F3xx_HAL_Driver/Src/stm32f3xx_hal_rcc.c ****       (#) HSE (high-speed external), 4 to 32 MHz crystal oscillator used directly or
 139:Drivers/STM32F3xx_HAL_Driver/Src/stm32f3xx_hal_rcc.c ****           through the PLL as System clock source. Can be used also as RTC clock source.
 140:Drivers/STM32F3xx_HAL_Driver/Src/stm32f3xx_hal_rcc.c **** 
 141:Drivers/STM32F3xx_HAL_Driver/Src/stm32f3xx_hal_rcc.c ****       (#) LSE (low-speed external), 32 KHz oscillator used as RTC clock source.   
 142:Drivers/STM32F3xx_HAL_Driver/Src/stm32f3xx_hal_rcc.c **** 
 143:Drivers/STM32F3xx_HAL_Driver/Src/stm32f3xx_hal_rcc.c ****       (#) PLL (clocked by HSI or HSE), featuring different output clocks:
 144:Drivers/STM32F3xx_HAL_Driver/Src/stm32f3xx_hal_rcc.c ****         (++) The first output is used to generate the high speed system clock (up to 72 MHz)
ARM GAS  /tmp/ccRCfR3k.s 			page 4


 145:Drivers/STM32F3xx_HAL_Driver/Src/stm32f3xx_hal_rcc.c ****         (++) The second output is used to generate the clock for the USB FS (48 MHz)
 146:Drivers/STM32F3xx_HAL_Driver/Src/stm32f3xx_hal_rcc.c ****         (++) The third output may be used to generate the clock for the ADC peripherals (up to 72 M
 147:Drivers/STM32F3xx_HAL_Driver/Src/stm32f3xx_hal_rcc.c ****         (++) The fourth output may be used to generate the clock for the TIM peripherals (144 MHz)
 148:Drivers/STM32F3xx_HAL_Driver/Src/stm32f3xx_hal_rcc.c **** 
 149:Drivers/STM32F3xx_HAL_Driver/Src/stm32f3xx_hal_rcc.c ****       (#) CSS (Clock security system), once enable using the macro __HAL_RCC_CSS_ENABLE()
 150:Drivers/STM32F3xx_HAL_Driver/Src/stm32f3xx_hal_rcc.c ****           and if a HSE clock failure occurs(HSE used directly or through PLL as System 
 151:Drivers/STM32F3xx_HAL_Driver/Src/stm32f3xx_hal_rcc.c ****           clock source), the System clocks automatically switched to HSI and an interrupt
 152:Drivers/STM32F3xx_HAL_Driver/Src/stm32f3xx_hal_rcc.c ****           is generated if enabled. The interrupt is linked to the Cortex-M4 NMI 
 153:Drivers/STM32F3xx_HAL_Driver/Src/stm32f3xx_hal_rcc.c ****           (Non-Maskable Interrupt) exception vector.   
 154:Drivers/STM32F3xx_HAL_Driver/Src/stm32f3xx_hal_rcc.c **** 
 155:Drivers/STM32F3xx_HAL_Driver/Src/stm32f3xx_hal_rcc.c ****       (#) MCO (microcontroller clock output), used to output SYSCLK, HSI, HSE, LSI, LSE or PLL
 156:Drivers/STM32F3xx_HAL_Driver/Src/stm32f3xx_hal_rcc.c ****           clock (divided by 2) output on pin (such as PA8 pin).
 157:Drivers/STM32F3xx_HAL_Driver/Src/stm32f3xx_hal_rcc.c **** 
 158:Drivers/STM32F3xx_HAL_Driver/Src/stm32f3xx_hal_rcc.c ****     [..] System, AHB and APB buses clocks configuration
 159:Drivers/STM32F3xx_HAL_Driver/Src/stm32f3xx_hal_rcc.c ****       (#) Several clock sources can be used to drive the System clock (SYSCLK): HSI,
 160:Drivers/STM32F3xx_HAL_Driver/Src/stm32f3xx_hal_rcc.c ****           HSE and PLL.
 161:Drivers/STM32F3xx_HAL_Driver/Src/stm32f3xx_hal_rcc.c ****           The AHB clock (HCLK) is derived from System clock through configurable
 162:Drivers/STM32F3xx_HAL_Driver/Src/stm32f3xx_hal_rcc.c ****           prescaler and used to clock the CPU, memory and peripherals mapped
 163:Drivers/STM32F3xx_HAL_Driver/Src/stm32f3xx_hal_rcc.c ****           on AHB bus (DMA, GPIO...). APB1 (PCLK1) and APB2 (PCLK2) clocks are derived
 164:Drivers/STM32F3xx_HAL_Driver/Src/stm32f3xx_hal_rcc.c ****           from AHB clock through configurable prescalers and used to clock
 165:Drivers/STM32F3xx_HAL_Driver/Src/stm32f3xx_hal_rcc.c ****           the peripherals mapped on these buses. You can use
 166:Drivers/STM32F3xx_HAL_Driver/Src/stm32f3xx_hal_rcc.c ****           "HAL_RCC_GetSysClockFreq()" function to retrieve the frequencies of these clocks.
 167:Drivers/STM32F3xx_HAL_Driver/Src/stm32f3xx_hal_rcc.c **** 
 168:Drivers/STM32F3xx_HAL_Driver/Src/stm32f3xx_hal_rcc.c ****       (#) All the peripheral clocks are derived from the System clock (SYSCLK) except:
 169:Drivers/STM32F3xx_HAL_Driver/Src/stm32f3xx_hal_rcc.c ****         (++) The FLASH program/erase clock  which is always HSI 8MHz clock.
 170:Drivers/STM32F3xx_HAL_Driver/Src/stm32f3xx_hal_rcc.c ****         (++) The USB 48 MHz clock which is derived from the PLL VCO clock.
 171:Drivers/STM32F3xx_HAL_Driver/Src/stm32f3xx_hal_rcc.c ****         (++) The USART clock which can be derived as well from HSI 8MHz, LSI or LSE.
 172:Drivers/STM32F3xx_HAL_Driver/Src/stm32f3xx_hal_rcc.c ****         (++) The I2C clock which can be derived as well from HSI 8MHz clock.
 173:Drivers/STM32F3xx_HAL_Driver/Src/stm32f3xx_hal_rcc.c ****         (++) The ADC clock which is derived from PLL output.
 174:Drivers/STM32F3xx_HAL_Driver/Src/stm32f3xx_hal_rcc.c ****         (++) The RTC clock which is derived from the LSE, LSI or 1 MHz HSE_RTC
 175:Drivers/STM32F3xx_HAL_Driver/Src/stm32f3xx_hal_rcc.c ****              (HSE divided by a programmable prescaler). The System clock (SYSCLK)
 176:Drivers/STM32F3xx_HAL_Driver/Src/stm32f3xx_hal_rcc.c ****              frequency must be higher or equal to the RTC clock frequency.
 177:Drivers/STM32F3xx_HAL_Driver/Src/stm32f3xx_hal_rcc.c ****         (++) IWDG clock which is always the LSI clock.
 178:Drivers/STM32F3xx_HAL_Driver/Src/stm32f3xx_hal_rcc.c **** 
 179:Drivers/STM32F3xx_HAL_Driver/Src/stm32f3xx_hal_rcc.c ****          (#) For the STM32F3xx devices, the maximum frequency of the SYSCLK, HCLK, PCLK1 and PCLK2 
 180:Drivers/STM32F3xx_HAL_Driver/Src/stm32f3xx_hal_rcc.c ****              Depending on the SYSCLK frequency, the flash latency should be adapted accordingly.
 181:Drivers/STM32F3xx_HAL_Driver/Src/stm32f3xx_hal_rcc.c **** 
 182:Drivers/STM32F3xx_HAL_Driver/Src/stm32f3xx_hal_rcc.c ****          (#) After reset, the System clock source is the HSI (8 MHz) with 0 WS and
 183:Drivers/STM32F3xx_HAL_Driver/Src/stm32f3xx_hal_rcc.c ****              prefetch is disabled.
 184:Drivers/STM32F3xx_HAL_Driver/Src/stm32f3xx_hal_rcc.c ****   @endverbatim
 185:Drivers/STM32F3xx_HAL_Driver/Src/stm32f3xx_hal_rcc.c ****   * @{
 186:Drivers/STM32F3xx_HAL_Driver/Src/stm32f3xx_hal_rcc.c ****   */
 187:Drivers/STM32F3xx_HAL_Driver/Src/stm32f3xx_hal_rcc.c ****   
 188:Drivers/STM32F3xx_HAL_Driver/Src/stm32f3xx_hal_rcc.c **** /*
 189:Drivers/STM32F3xx_HAL_Driver/Src/stm32f3xx_hal_rcc.c ****   Additional consideration on the SYSCLK based on Latency settings:
 190:Drivers/STM32F3xx_HAL_Driver/Src/stm32f3xx_hal_rcc.c ****         +-----------------------------------------------+
 191:Drivers/STM32F3xx_HAL_Driver/Src/stm32f3xx_hal_rcc.c ****         | Latency       | SYSCLK clock frequency (MHz)  |
 192:Drivers/STM32F3xx_HAL_Driver/Src/stm32f3xx_hal_rcc.c ****         |---------------|-------------------------------|
 193:Drivers/STM32F3xx_HAL_Driver/Src/stm32f3xx_hal_rcc.c ****         |0WS(1CPU cycle)|       0 < SYSCLK <= 24        |
 194:Drivers/STM32F3xx_HAL_Driver/Src/stm32f3xx_hal_rcc.c ****         |---------------|-------------------------------|
 195:Drivers/STM32F3xx_HAL_Driver/Src/stm32f3xx_hal_rcc.c ****         |1WS(2CPU cycle)|      24 < SYSCLK <= 48        |
 196:Drivers/STM32F3xx_HAL_Driver/Src/stm32f3xx_hal_rcc.c ****         |---------------|-------------------------------|
 197:Drivers/STM32F3xx_HAL_Driver/Src/stm32f3xx_hal_rcc.c ****         |2WS(3CPU cycle)|      48 < SYSCLK <= 72        |
 198:Drivers/STM32F3xx_HAL_Driver/Src/stm32f3xx_hal_rcc.c ****         +-----------------------------------------------+
 199:Drivers/STM32F3xx_HAL_Driver/Src/stm32f3xx_hal_rcc.c ****   */
 200:Drivers/STM32F3xx_HAL_Driver/Src/stm32f3xx_hal_rcc.c **** 
 201:Drivers/STM32F3xx_HAL_Driver/Src/stm32f3xx_hal_rcc.c **** /**
ARM GAS  /tmp/ccRCfR3k.s 			page 5


 202:Drivers/STM32F3xx_HAL_Driver/Src/stm32f3xx_hal_rcc.c ****   * @brief  Resets the RCC clock configuration to the default reset state.
 203:Drivers/STM32F3xx_HAL_Driver/Src/stm32f3xx_hal_rcc.c ****   * @note   The default reset state of the clock configuration is given below:
 204:Drivers/STM32F3xx_HAL_Driver/Src/stm32f3xx_hal_rcc.c ****   *            - HSI ON and used as system clock source
 205:Drivers/STM32F3xx_HAL_Driver/Src/stm32f3xx_hal_rcc.c ****   *            - HSE and PLL OFF
 206:Drivers/STM32F3xx_HAL_Driver/Src/stm32f3xx_hal_rcc.c ****   *            - AHB, APB1 and APB2 prescaler set to 1.
 207:Drivers/STM32F3xx_HAL_Driver/Src/stm32f3xx_hal_rcc.c ****   *            - CSS and MCO1 OFF
 208:Drivers/STM32F3xx_HAL_Driver/Src/stm32f3xx_hal_rcc.c ****   *            - All interrupts disabled
 209:Drivers/STM32F3xx_HAL_Driver/Src/stm32f3xx_hal_rcc.c ****   * @note   This function does not modify the configuration of the
 210:Drivers/STM32F3xx_HAL_Driver/Src/stm32f3xx_hal_rcc.c ****   *            - Peripheral clocks
 211:Drivers/STM32F3xx_HAL_Driver/Src/stm32f3xx_hal_rcc.c ****   *            - LSI, LSE and RTC clocks
 212:Drivers/STM32F3xx_HAL_Driver/Src/stm32f3xx_hal_rcc.c ****   * @retval HAL status
 213:Drivers/STM32F3xx_HAL_Driver/Src/stm32f3xx_hal_rcc.c ****   */
 214:Drivers/STM32F3xx_HAL_Driver/Src/stm32f3xx_hal_rcc.c **** HAL_StatusTypeDef HAL_RCC_DeInit(void)
 215:Drivers/STM32F3xx_HAL_Driver/Src/stm32f3xx_hal_rcc.c **** {
  29              		.loc 1 215 1 view -0
  30              		.cfi_startproc
  31              		@ args = 0, pretend = 0, frame = 0
  32              		@ frame_needed = 0, uses_anonymous_args = 0
  33 0000 38B5     		push	{r3, r4, r5, lr}
  34              	.LCFI0:
  35              		.cfi_def_cfa_offset 16
  36              		.cfi_offset 3, -16
  37              		.cfi_offset 4, -12
  38              		.cfi_offset 5, -8
  39              		.cfi_offset 14, -4
 216:Drivers/STM32F3xx_HAL_Driver/Src/stm32f3xx_hal_rcc.c ****   uint32_t tickstart = 0;
  40              		.loc 1 216 3 view .LVU1
  41              	.LVL0:
 217:Drivers/STM32F3xx_HAL_Driver/Src/stm32f3xx_hal_rcc.c **** 
 218:Drivers/STM32F3xx_HAL_Driver/Src/stm32f3xx_hal_rcc.c ****   /* Set HSION bit */
 219:Drivers/STM32F3xx_HAL_Driver/Src/stm32f3xx_hal_rcc.c ****   SET_BIT(RCC->CR, RCC_CR_HSION);
  42              		.loc 1 219 3 view .LVU2
  43 0002 364A     		ldr	r2, .L18
  44 0004 1368     		ldr	r3, [r2]
  45 0006 43F00103 		orr	r3, r3, #1
  46 000a 1360     		str	r3, [r2]
 220:Drivers/STM32F3xx_HAL_Driver/Src/stm32f3xx_hal_rcc.c **** 
 221:Drivers/STM32F3xx_HAL_Driver/Src/stm32f3xx_hal_rcc.c ****   /* Insure HSIRDY bit is set before writing default HSITRIM value */
 222:Drivers/STM32F3xx_HAL_Driver/Src/stm32f3xx_hal_rcc.c ****   /* Get start tick */
 223:Drivers/STM32F3xx_HAL_Driver/Src/stm32f3xx_hal_rcc.c ****   tickstart = HAL_GetTick();
  47              		.loc 1 223 3 view .LVU3
  48              		.loc 1 223 15 is_stmt 0 view .LVU4
  49 000c FFF7FEFF 		bl	HAL_GetTick
  50              	.LVL1:
  51 0010 0446     		mov	r4, r0
  52              	.LVL2:
 224:Drivers/STM32F3xx_HAL_Driver/Src/stm32f3xx_hal_rcc.c **** 
 225:Drivers/STM32F3xx_HAL_Driver/Src/stm32f3xx_hal_rcc.c ****   /* Wait till HSI is ready */
 226:Drivers/STM32F3xx_HAL_Driver/Src/stm32f3xx_hal_rcc.c ****   while(READ_BIT(RCC->CR, RCC_CR_HSIRDY) == RESET)
  53              		.loc 1 226 3 is_stmt 1 view .LVU5
  54              	.L2:
  55              		.loc 1 226 42 view .LVU6
  56              		.loc 1 226 9 is_stmt 0 view .LVU7
  57 0012 324B     		ldr	r3, .L18
  58 0014 1B68     		ldr	r3, [r3]
  59              		.loc 1 226 42 view .LVU8
  60 0016 13F0020F 		tst	r3, #2
ARM GAS  /tmp/ccRCfR3k.s 			page 6


  61 001a 07D1     		bne	.L14
 227:Drivers/STM32F3xx_HAL_Driver/Src/stm32f3xx_hal_rcc.c ****   {
 228:Drivers/STM32F3xx_HAL_Driver/Src/stm32f3xx_hal_rcc.c ****     if((HAL_GetTick() - tickstart) > HSI_TIMEOUT_VALUE)
  62              		.loc 1 228 5 is_stmt 1 view .LVU9
  63              		.loc 1 228 9 is_stmt 0 view .LVU10
  64 001c FFF7FEFF 		bl	HAL_GetTick
  65              	.LVL3:
  66              		.loc 1 228 23 discriminator 1 view .LVU11
  67 0020 001B     		subs	r0, r0, r4
  68              		.loc 1 228 7 discriminator 1 view .LVU12
  69 0022 0228     		cmp	r0, #2
  70 0024 F5D9     		bls	.L2
 229:Drivers/STM32F3xx_HAL_Driver/Src/stm32f3xx_hal_rcc.c ****     {
 230:Drivers/STM32F3xx_HAL_Driver/Src/stm32f3xx_hal_rcc.c ****       return HAL_TIMEOUT;
  71              		.loc 1 230 14 view .LVU13
  72 0026 0324     		movs	r4, #3
  73              	.LVL4:
  74              	.L3:
 231:Drivers/STM32F3xx_HAL_Driver/Src/stm32f3xx_hal_rcc.c ****     }
 232:Drivers/STM32F3xx_HAL_Driver/Src/stm32f3xx_hal_rcc.c ****   }
 233:Drivers/STM32F3xx_HAL_Driver/Src/stm32f3xx_hal_rcc.c **** 
 234:Drivers/STM32F3xx_HAL_Driver/Src/stm32f3xx_hal_rcc.c ****   /* Set HSITRIM default value */
 235:Drivers/STM32F3xx_HAL_Driver/Src/stm32f3xx_hal_rcc.c ****   MODIFY_REG(RCC->CR, RCC_CR_HSITRIM, RCC_CR_HSITRIM_4);
 236:Drivers/STM32F3xx_HAL_Driver/Src/stm32f3xx_hal_rcc.c **** 
 237:Drivers/STM32F3xx_HAL_Driver/Src/stm32f3xx_hal_rcc.c ****   /* Reset SW[1:0], HPRE[3:0], PPRE1[2:0], PPRE2[2:0] and MCOSEL[2:0] bits */
 238:Drivers/STM32F3xx_HAL_Driver/Src/stm32f3xx_hal_rcc.c ****   CLEAR_BIT(RCC->CFGR, RCC_CFGR_SW | RCC_CFGR_HPRE | RCC_CFGR_PPRE1 | RCC_CFGR_PPRE2 | RCC_CFGR_MCO
 239:Drivers/STM32F3xx_HAL_Driver/Src/stm32f3xx_hal_rcc.c **** 
 240:Drivers/STM32F3xx_HAL_Driver/Src/stm32f3xx_hal_rcc.c ****   /* Insure HSI selected as system clock source */
 241:Drivers/STM32F3xx_HAL_Driver/Src/stm32f3xx_hal_rcc.c ****   /* Get start tick */
 242:Drivers/STM32F3xx_HAL_Driver/Src/stm32f3xx_hal_rcc.c ****   tickstart = HAL_GetTick();
 243:Drivers/STM32F3xx_HAL_Driver/Src/stm32f3xx_hal_rcc.c **** 
 244:Drivers/STM32F3xx_HAL_Driver/Src/stm32f3xx_hal_rcc.c ****   /* Wait till system clock source is ready */
 245:Drivers/STM32F3xx_HAL_Driver/Src/stm32f3xx_hal_rcc.c ****   while(READ_BIT(RCC->CFGR, RCC_CFGR_SWS) != RCC_CFGR_SWS_HSI)
 246:Drivers/STM32F3xx_HAL_Driver/Src/stm32f3xx_hal_rcc.c ****   {
 247:Drivers/STM32F3xx_HAL_Driver/Src/stm32f3xx_hal_rcc.c ****     if((HAL_GetTick() - tickstart) > CLOCKSWITCH_TIMEOUT_VALUE)
 248:Drivers/STM32F3xx_HAL_Driver/Src/stm32f3xx_hal_rcc.c ****     {
 249:Drivers/STM32F3xx_HAL_Driver/Src/stm32f3xx_hal_rcc.c ****       return HAL_TIMEOUT;
 250:Drivers/STM32F3xx_HAL_Driver/Src/stm32f3xx_hal_rcc.c ****     }
 251:Drivers/STM32F3xx_HAL_Driver/Src/stm32f3xx_hal_rcc.c ****   }
 252:Drivers/STM32F3xx_HAL_Driver/Src/stm32f3xx_hal_rcc.c **** 
 253:Drivers/STM32F3xx_HAL_Driver/Src/stm32f3xx_hal_rcc.c ****   /* Update the SystemCoreClock global variable for HSI as system clock source */
 254:Drivers/STM32F3xx_HAL_Driver/Src/stm32f3xx_hal_rcc.c ****   SystemCoreClock = HSI_VALUE;
 255:Drivers/STM32F3xx_HAL_Driver/Src/stm32f3xx_hal_rcc.c **** 
 256:Drivers/STM32F3xx_HAL_Driver/Src/stm32f3xx_hal_rcc.c ****   /* Configure the source of time base considering new system clock settings  */
 257:Drivers/STM32F3xx_HAL_Driver/Src/stm32f3xx_hal_rcc.c ****   if(HAL_InitTick(uwTickPrio) != HAL_OK)
 258:Drivers/STM32F3xx_HAL_Driver/Src/stm32f3xx_hal_rcc.c ****   {
 259:Drivers/STM32F3xx_HAL_Driver/Src/stm32f3xx_hal_rcc.c ****     return HAL_ERROR;
 260:Drivers/STM32F3xx_HAL_Driver/Src/stm32f3xx_hal_rcc.c ****   }
 261:Drivers/STM32F3xx_HAL_Driver/Src/stm32f3xx_hal_rcc.c **** 
 262:Drivers/STM32F3xx_HAL_Driver/Src/stm32f3xx_hal_rcc.c ****   /* Reset HSEON, CSSON, PLLON bits */
 263:Drivers/STM32F3xx_HAL_Driver/Src/stm32f3xx_hal_rcc.c ****   CLEAR_BIT(RCC->CR, RCC_CR_PLLON | RCC_CR_CSSON | RCC_CR_HSEON);
 264:Drivers/STM32F3xx_HAL_Driver/Src/stm32f3xx_hal_rcc.c **** 
 265:Drivers/STM32F3xx_HAL_Driver/Src/stm32f3xx_hal_rcc.c ****   /* Reset HSEBYP bit */
 266:Drivers/STM32F3xx_HAL_Driver/Src/stm32f3xx_hal_rcc.c ****   CLEAR_BIT(RCC->CR, RCC_CR_HSEBYP);
 267:Drivers/STM32F3xx_HAL_Driver/Src/stm32f3xx_hal_rcc.c **** 
 268:Drivers/STM32F3xx_HAL_Driver/Src/stm32f3xx_hal_rcc.c ****   /* Insure PLLRDY is reset */
 269:Drivers/STM32F3xx_HAL_Driver/Src/stm32f3xx_hal_rcc.c ****   /* Get start tick */
ARM GAS  /tmp/ccRCfR3k.s 			page 7


 270:Drivers/STM32F3xx_HAL_Driver/Src/stm32f3xx_hal_rcc.c ****   tickstart = HAL_GetTick();
 271:Drivers/STM32F3xx_HAL_Driver/Src/stm32f3xx_hal_rcc.c ****   while(READ_BIT(RCC->CR, RCC_CR_PLLRDY) != 0U)
 272:Drivers/STM32F3xx_HAL_Driver/Src/stm32f3xx_hal_rcc.c ****   {
 273:Drivers/STM32F3xx_HAL_Driver/Src/stm32f3xx_hal_rcc.c ****     if((HAL_GetTick() - tickstart) > PLL_TIMEOUT_VALUE)
 274:Drivers/STM32F3xx_HAL_Driver/Src/stm32f3xx_hal_rcc.c ****     {
 275:Drivers/STM32F3xx_HAL_Driver/Src/stm32f3xx_hal_rcc.c ****       return HAL_TIMEOUT;
 276:Drivers/STM32F3xx_HAL_Driver/Src/stm32f3xx_hal_rcc.c ****     }
 277:Drivers/STM32F3xx_HAL_Driver/Src/stm32f3xx_hal_rcc.c ****   }
 278:Drivers/STM32F3xx_HAL_Driver/Src/stm32f3xx_hal_rcc.c **** 
 279:Drivers/STM32F3xx_HAL_Driver/Src/stm32f3xx_hal_rcc.c ****   /* Reset CFGR register */
 280:Drivers/STM32F3xx_HAL_Driver/Src/stm32f3xx_hal_rcc.c ****   CLEAR_REG(RCC->CFGR);
 281:Drivers/STM32F3xx_HAL_Driver/Src/stm32f3xx_hal_rcc.c **** 
 282:Drivers/STM32F3xx_HAL_Driver/Src/stm32f3xx_hal_rcc.c ****   /* Reset CFGR2 register */
 283:Drivers/STM32F3xx_HAL_Driver/Src/stm32f3xx_hal_rcc.c ****   CLEAR_REG(RCC->CFGR2);
 284:Drivers/STM32F3xx_HAL_Driver/Src/stm32f3xx_hal_rcc.c **** 
 285:Drivers/STM32F3xx_HAL_Driver/Src/stm32f3xx_hal_rcc.c ****   /* Reset CFGR3 register */
 286:Drivers/STM32F3xx_HAL_Driver/Src/stm32f3xx_hal_rcc.c ****   CLEAR_REG(RCC->CFGR3);
 287:Drivers/STM32F3xx_HAL_Driver/Src/stm32f3xx_hal_rcc.c **** 
 288:Drivers/STM32F3xx_HAL_Driver/Src/stm32f3xx_hal_rcc.c ****   /* Clear all interrupt flags */
 289:Drivers/STM32F3xx_HAL_Driver/Src/stm32f3xx_hal_rcc.c ****   SET_BIT(RCC->CIR, RCC_CIR_LSIRDYC | RCC_CIR_LSERDYC | RCC_CIR_HSIRDYC | RCC_CIR_HSERDYC | RCC_CIR
 290:Drivers/STM32F3xx_HAL_Driver/Src/stm32f3xx_hal_rcc.c **** 
 291:Drivers/STM32F3xx_HAL_Driver/Src/stm32f3xx_hal_rcc.c ****   /* Disable all interrupts */
 292:Drivers/STM32F3xx_HAL_Driver/Src/stm32f3xx_hal_rcc.c ****   CLEAR_REG(RCC->CIR);
 293:Drivers/STM32F3xx_HAL_Driver/Src/stm32f3xx_hal_rcc.c **** 
 294:Drivers/STM32F3xx_HAL_Driver/Src/stm32f3xx_hal_rcc.c ****   /* Reset all CSR flags */
 295:Drivers/STM32F3xx_HAL_Driver/Src/stm32f3xx_hal_rcc.c ****   __HAL_RCC_CLEAR_RESET_FLAGS();
 296:Drivers/STM32F3xx_HAL_Driver/Src/stm32f3xx_hal_rcc.c **** 
 297:Drivers/STM32F3xx_HAL_Driver/Src/stm32f3xx_hal_rcc.c ****   return HAL_OK;
 298:Drivers/STM32F3xx_HAL_Driver/Src/stm32f3xx_hal_rcc.c **** }
  75              		.loc 1 298 1 view .LVU14
  76 0028 2046     		mov	r0, r4
  77 002a 38BD     		pop	{r3, r4, r5, pc}
  78              	.LVL5:
  79              	.L14:
 235:Drivers/STM32F3xx_HAL_Driver/Src/stm32f3xx_hal_rcc.c **** 
  80              		.loc 1 235 3 is_stmt 1 view .LVU15
  81 002c 2B4A     		ldr	r2, .L18
  82 002e 1368     		ldr	r3, [r2]
  83 0030 23F0F803 		bic	r3, r3, #248
  84 0034 43F08003 		orr	r3, r3, #128
  85 0038 1360     		str	r3, [r2]
 238:Drivers/STM32F3xx_HAL_Driver/Src/stm32f3xx_hal_rcc.c **** 
  86              		.loc 1 238 3 view .LVU16
  87 003a 5168     		ldr	r1, [r2, #4]
  88 003c 284B     		ldr	r3, .L18+4
  89 003e 0B40     		ands	r3, r3, r1
  90 0040 5360     		str	r3, [r2, #4]
 242:Drivers/STM32F3xx_HAL_Driver/Src/stm32f3xx_hal_rcc.c **** 
  91              		.loc 1 242 3 view .LVU17
 242:Drivers/STM32F3xx_HAL_Driver/Src/stm32f3xx_hal_rcc.c **** 
  92              		.loc 1 242 15 is_stmt 0 view .LVU18
  93 0042 FFF7FEFF 		bl	HAL_GetTick
  94              	.LVL6:
  95 0046 0446     		mov	r4, r0
  96              	.LVL7:
 245:Drivers/STM32F3xx_HAL_Driver/Src/stm32f3xx_hal_rcc.c ****   {
  97              		.loc 1 245 3 is_stmt 1 view .LVU19
ARM GAS  /tmp/ccRCfR3k.s 			page 8


  98              	.L5:
 245:Drivers/STM32F3xx_HAL_Driver/Src/stm32f3xx_hal_rcc.c ****   {
  99              		.loc 1 245 43 view .LVU20
 245:Drivers/STM32F3xx_HAL_Driver/Src/stm32f3xx_hal_rcc.c ****   {
 100              		.loc 1 245 9 is_stmt 0 view .LVU21
 101 0048 244B     		ldr	r3, .L18
 102 004a 5B68     		ldr	r3, [r3, #4]
 245:Drivers/STM32F3xx_HAL_Driver/Src/stm32f3xx_hal_rcc.c ****   {
 103              		.loc 1 245 43 view .LVU22
 104 004c 13F00C0F 		tst	r3, #12
 105 0050 08D0     		beq	.L15
 247:Drivers/STM32F3xx_HAL_Driver/Src/stm32f3xx_hal_rcc.c ****     {
 106              		.loc 1 247 5 is_stmt 1 view .LVU23
 247:Drivers/STM32F3xx_HAL_Driver/Src/stm32f3xx_hal_rcc.c ****     {
 107              		.loc 1 247 9 is_stmt 0 view .LVU24
 108 0052 FFF7FEFF 		bl	HAL_GetTick
 109              	.LVL8:
 247:Drivers/STM32F3xx_HAL_Driver/Src/stm32f3xx_hal_rcc.c ****     {
 110              		.loc 1 247 23 discriminator 1 view .LVU25
 111 0056 001B     		subs	r0, r0, r4
 247:Drivers/STM32F3xx_HAL_Driver/Src/stm32f3xx_hal_rcc.c ****     {
 112              		.loc 1 247 7 discriminator 1 view .LVU26
 113 0058 41F28833 		movw	r3, #5000
 114 005c 9842     		cmp	r0, r3
 115 005e F3D9     		bls	.L5
 249:Drivers/STM32F3xx_HAL_Driver/Src/stm32f3xx_hal_rcc.c ****     }
 116              		.loc 1 249 14 view .LVU27
 117 0060 0324     		movs	r4, #3
 118              	.LVL9:
 249:Drivers/STM32F3xx_HAL_Driver/Src/stm32f3xx_hal_rcc.c ****     }
 119              		.loc 1 249 14 view .LVU28
 120 0062 E1E7     		b	.L3
 121              	.LVL10:
 122              	.L15:
 254:Drivers/STM32F3xx_HAL_Driver/Src/stm32f3xx_hal_rcc.c **** 
 123              		.loc 1 254 3 is_stmt 1 view .LVU29
 254:Drivers/STM32F3xx_HAL_Driver/Src/stm32f3xx_hal_rcc.c **** 
 124              		.loc 1 254 19 is_stmt 0 view .LVU30
 125 0064 1F4B     		ldr	r3, .L18+8
 126 0066 204A     		ldr	r2, .L18+12
 127 0068 1A60     		str	r2, [r3]
 257:Drivers/STM32F3xx_HAL_Driver/Src/stm32f3xx_hal_rcc.c ****   {
 128              		.loc 1 257 3 is_stmt 1 view .LVU31
 257:Drivers/STM32F3xx_HAL_Driver/Src/stm32f3xx_hal_rcc.c ****   {
 129              		.loc 1 257 6 is_stmt 0 view .LVU32
 130 006a 204B     		ldr	r3, .L18+16
 131 006c 1868     		ldr	r0, [r3]
 132 006e FFF7FEFF 		bl	HAL_InitTick
 133              	.LVL11:
 257:Drivers/STM32F3xx_HAL_Driver/Src/stm32f3xx_hal_rcc.c ****   {
 134              		.loc 1 257 5 discriminator 1 view .LVU33
 135 0072 0446     		mov	r4, r0
 136              	.LVL12:
 257:Drivers/STM32F3xx_HAL_Driver/Src/stm32f3xx_hal_rcc.c ****   {
 137              		.loc 1 257 5 discriminator 1 view .LVU34
 138 0074 08B1     		cbz	r0, .L16
 259:Drivers/STM32F3xx_HAL_Driver/Src/stm32f3xx_hal_rcc.c ****   }
ARM GAS  /tmp/ccRCfR3k.s 			page 9


 139              		.loc 1 259 12 view .LVU35
 140 0076 0124     		movs	r4, #1
 141 0078 D6E7     		b	.L3
 142              	.L16:
 263:Drivers/STM32F3xx_HAL_Driver/Src/stm32f3xx_hal_rcc.c **** 
 143              		.loc 1 263 3 is_stmt 1 view .LVU36
 144 007a 184A     		ldr	r2, .L18
 145 007c 1368     		ldr	r3, [r2]
 146 007e 23F08473 		bic	r3, r3, #17301504
 147 0082 23F48033 		bic	r3, r3, #65536
 148 0086 1360     		str	r3, [r2]
 266:Drivers/STM32F3xx_HAL_Driver/Src/stm32f3xx_hal_rcc.c **** 
 149              		.loc 1 266 3 view .LVU37
 150 0088 1368     		ldr	r3, [r2]
 151 008a 23F48023 		bic	r3, r3, #262144
 152 008e 1360     		str	r3, [r2]
 270:Drivers/STM32F3xx_HAL_Driver/Src/stm32f3xx_hal_rcc.c ****   while(READ_BIT(RCC->CR, RCC_CR_PLLRDY) != 0U)
 153              		.loc 1 270 3 view .LVU38
 270:Drivers/STM32F3xx_HAL_Driver/Src/stm32f3xx_hal_rcc.c ****   while(READ_BIT(RCC->CR, RCC_CR_PLLRDY) != 0U)
 154              		.loc 1 270 15 is_stmt 0 view .LVU39
 155 0090 FFF7FEFF 		bl	HAL_GetTick
 156              	.LVL13:
 157 0094 0546     		mov	r5, r0
 158              	.LVL14:
 271:Drivers/STM32F3xx_HAL_Driver/Src/stm32f3xx_hal_rcc.c ****   {
 159              		.loc 1 271 3 is_stmt 1 view .LVU40
 160              	.L7:
 271:Drivers/STM32F3xx_HAL_Driver/Src/stm32f3xx_hal_rcc.c ****   {
 161              		.loc 1 271 42 view .LVU41
 271:Drivers/STM32F3xx_HAL_Driver/Src/stm32f3xx_hal_rcc.c ****   {
 162              		.loc 1 271 9 is_stmt 0 view .LVU42
 163 0096 114B     		ldr	r3, .L18
 164 0098 1B68     		ldr	r3, [r3]
 271:Drivers/STM32F3xx_HAL_Driver/Src/stm32f3xx_hal_rcc.c ****   {
 165              		.loc 1 271 42 view .LVU43
 166 009a 13F0007F 		tst	r3, #33554432
 167 009e 06D0     		beq	.L17
 273:Drivers/STM32F3xx_HAL_Driver/Src/stm32f3xx_hal_rcc.c ****     {
 168              		.loc 1 273 5 is_stmt 1 view .LVU44
 273:Drivers/STM32F3xx_HAL_Driver/Src/stm32f3xx_hal_rcc.c ****     {
 169              		.loc 1 273 9 is_stmt 0 view .LVU45
 170 00a0 FFF7FEFF 		bl	HAL_GetTick
 171              	.LVL15:
 273:Drivers/STM32F3xx_HAL_Driver/Src/stm32f3xx_hal_rcc.c ****     {
 172              		.loc 1 273 23 discriminator 1 view .LVU46
 173 00a4 401B     		subs	r0, r0, r5
 273:Drivers/STM32F3xx_HAL_Driver/Src/stm32f3xx_hal_rcc.c ****     {
 174              		.loc 1 273 7 discriminator 1 view .LVU47
 175 00a6 0228     		cmp	r0, #2
 176 00a8 F5D9     		bls	.L7
 275:Drivers/STM32F3xx_HAL_Driver/Src/stm32f3xx_hal_rcc.c ****     }
 177              		.loc 1 275 14 view .LVU48
 178 00aa 0324     		movs	r4, #3
 179 00ac BCE7     		b	.L3
 180              	.L17:
 280:Drivers/STM32F3xx_HAL_Driver/Src/stm32f3xx_hal_rcc.c **** 
 181              		.loc 1 280 3 is_stmt 1 view .LVU49
ARM GAS  /tmp/ccRCfR3k.s 			page 10


 182 00ae 0B4B     		ldr	r3, .L18
 183 00b0 0022     		movs	r2, #0
 184 00b2 5A60     		str	r2, [r3, #4]
 283:Drivers/STM32F3xx_HAL_Driver/Src/stm32f3xx_hal_rcc.c **** 
 185              		.loc 1 283 3 view .LVU50
 186 00b4 DA62     		str	r2, [r3, #44]
 286:Drivers/STM32F3xx_HAL_Driver/Src/stm32f3xx_hal_rcc.c **** 
 187              		.loc 1 286 3 view .LVU51
 188 00b6 1A63     		str	r2, [r3, #48]
 289:Drivers/STM32F3xx_HAL_Driver/Src/stm32f3xx_hal_rcc.c **** 
 189              		.loc 1 289 3 view .LVU52
 190 00b8 9968     		ldr	r1, [r3, #8]
 191 00ba 41F41F01 		orr	r1, r1, #10420224
 192 00be 9960     		str	r1, [r3, #8]
 292:Drivers/STM32F3xx_HAL_Driver/Src/stm32f3xx_hal_rcc.c **** 
 193              		.loc 1 292 3 view .LVU53
 194 00c0 9A60     		str	r2, [r3, #8]
 295:Drivers/STM32F3xx_HAL_Driver/Src/stm32f3xx_hal_rcc.c **** 
 195              		.loc 1 295 3 view .LVU54
 196              	.LVL16:
 197              	.LBB162:
 198              	.LBI162:
 199              		.file 2 "Drivers/CMSIS/Include/cmsis_gcc.h"
   1:Drivers/CMSIS/Include/cmsis_gcc.h **** /**************************************************************************//**
   2:Drivers/CMSIS/Include/cmsis_gcc.h ****  * @file     cmsis_gcc.h
   3:Drivers/CMSIS/Include/cmsis_gcc.h ****  * @brief    CMSIS compiler GCC header file
   4:Drivers/CMSIS/Include/cmsis_gcc.h ****  * @version  V5.0.4
   5:Drivers/CMSIS/Include/cmsis_gcc.h ****  * @date     09. April 2018
   6:Drivers/CMSIS/Include/cmsis_gcc.h ****  ******************************************************************************/
   7:Drivers/CMSIS/Include/cmsis_gcc.h **** /*
   8:Drivers/CMSIS/Include/cmsis_gcc.h ****  * Copyright (c) 2009-2018 Arm Limited. All rights reserved.
   9:Drivers/CMSIS/Include/cmsis_gcc.h ****  *
  10:Drivers/CMSIS/Include/cmsis_gcc.h ****  * SPDX-License-Identifier: Apache-2.0
  11:Drivers/CMSIS/Include/cmsis_gcc.h ****  *
  12:Drivers/CMSIS/Include/cmsis_gcc.h ****  * Licensed under the Apache License, Version 2.0 (the License); you may
  13:Drivers/CMSIS/Include/cmsis_gcc.h ****  * not use this file except in compliance with the License.
  14:Drivers/CMSIS/Include/cmsis_gcc.h ****  * You may obtain a copy of the License at
  15:Drivers/CMSIS/Include/cmsis_gcc.h ****  *
  16:Drivers/CMSIS/Include/cmsis_gcc.h ****  * www.apache.org/licenses/LICENSE-2.0
  17:Drivers/CMSIS/Include/cmsis_gcc.h ****  *
  18:Drivers/CMSIS/Include/cmsis_gcc.h ****  * Unless required by applicable law or agreed to in writing, software
  19:Drivers/CMSIS/Include/cmsis_gcc.h ****  * distributed under the License is distributed on an AS IS BASIS, WITHOUT
  20:Drivers/CMSIS/Include/cmsis_gcc.h ****  * WARRANTIES OR CONDITIONS OF ANY KIND, either express or implied.
  21:Drivers/CMSIS/Include/cmsis_gcc.h ****  * See the License for the specific language governing permissions and
  22:Drivers/CMSIS/Include/cmsis_gcc.h ****  * limitations under the License.
  23:Drivers/CMSIS/Include/cmsis_gcc.h ****  */
  24:Drivers/CMSIS/Include/cmsis_gcc.h **** 
  25:Drivers/CMSIS/Include/cmsis_gcc.h **** #ifndef __CMSIS_GCC_H
  26:Drivers/CMSIS/Include/cmsis_gcc.h **** #define __CMSIS_GCC_H
  27:Drivers/CMSIS/Include/cmsis_gcc.h **** 
  28:Drivers/CMSIS/Include/cmsis_gcc.h **** /* ignore some GCC warnings */
  29:Drivers/CMSIS/Include/cmsis_gcc.h **** #pragma GCC diagnostic push
  30:Drivers/CMSIS/Include/cmsis_gcc.h **** #pragma GCC diagnostic ignored "-Wsign-conversion"
  31:Drivers/CMSIS/Include/cmsis_gcc.h **** #pragma GCC diagnostic ignored "-Wconversion"
  32:Drivers/CMSIS/Include/cmsis_gcc.h **** #pragma GCC diagnostic ignored "-Wunused-parameter"
  33:Drivers/CMSIS/Include/cmsis_gcc.h **** 
  34:Drivers/CMSIS/Include/cmsis_gcc.h **** /* Fallback for __has_builtin */
ARM GAS  /tmp/ccRCfR3k.s 			page 11


  35:Drivers/CMSIS/Include/cmsis_gcc.h **** #ifndef __has_builtin
  36:Drivers/CMSIS/Include/cmsis_gcc.h ****   #define __has_builtin(x) (0)
  37:Drivers/CMSIS/Include/cmsis_gcc.h **** #endif
  38:Drivers/CMSIS/Include/cmsis_gcc.h **** 
  39:Drivers/CMSIS/Include/cmsis_gcc.h **** /* CMSIS compiler specific defines */
  40:Drivers/CMSIS/Include/cmsis_gcc.h **** #ifndef   __ASM
  41:Drivers/CMSIS/Include/cmsis_gcc.h ****   #define __ASM                                  __asm
  42:Drivers/CMSIS/Include/cmsis_gcc.h **** #endif
  43:Drivers/CMSIS/Include/cmsis_gcc.h **** #ifndef   __INLINE
  44:Drivers/CMSIS/Include/cmsis_gcc.h ****   #define __INLINE                               inline
  45:Drivers/CMSIS/Include/cmsis_gcc.h **** #endif
  46:Drivers/CMSIS/Include/cmsis_gcc.h **** #ifndef   __STATIC_INLINE
  47:Drivers/CMSIS/Include/cmsis_gcc.h ****   #define __STATIC_INLINE                        static inline
  48:Drivers/CMSIS/Include/cmsis_gcc.h **** #endif
  49:Drivers/CMSIS/Include/cmsis_gcc.h **** #ifndef   __STATIC_FORCEINLINE                 
  50:Drivers/CMSIS/Include/cmsis_gcc.h ****   #define __STATIC_FORCEINLINE                   __attribute__((always_inline)) static inline
  51:Drivers/CMSIS/Include/cmsis_gcc.h **** #endif                                           
  52:Drivers/CMSIS/Include/cmsis_gcc.h **** #ifndef   __NO_RETURN
  53:Drivers/CMSIS/Include/cmsis_gcc.h ****   #define __NO_RETURN                            __attribute__((__noreturn__))
  54:Drivers/CMSIS/Include/cmsis_gcc.h **** #endif
  55:Drivers/CMSIS/Include/cmsis_gcc.h **** #ifndef   __USED
  56:Drivers/CMSIS/Include/cmsis_gcc.h ****   #define __USED                                 __attribute__((used))
  57:Drivers/CMSIS/Include/cmsis_gcc.h **** #endif
  58:Drivers/CMSIS/Include/cmsis_gcc.h **** #ifndef   __WEAK
  59:Drivers/CMSIS/Include/cmsis_gcc.h ****   #define __WEAK                                 __attribute__((weak))
  60:Drivers/CMSIS/Include/cmsis_gcc.h **** #endif
  61:Drivers/CMSIS/Include/cmsis_gcc.h **** #ifndef   __PACKED
  62:Drivers/CMSIS/Include/cmsis_gcc.h ****   #define __PACKED                               __attribute__((packed, aligned(1)))
  63:Drivers/CMSIS/Include/cmsis_gcc.h **** #endif
  64:Drivers/CMSIS/Include/cmsis_gcc.h **** #ifndef   __PACKED_STRUCT
  65:Drivers/CMSIS/Include/cmsis_gcc.h ****   #define __PACKED_STRUCT                        struct __attribute__((packed, aligned(1)))
  66:Drivers/CMSIS/Include/cmsis_gcc.h **** #endif
  67:Drivers/CMSIS/Include/cmsis_gcc.h **** #ifndef   __PACKED_UNION
  68:Drivers/CMSIS/Include/cmsis_gcc.h ****   #define __PACKED_UNION                         union __attribute__((packed, aligned(1)))
  69:Drivers/CMSIS/Include/cmsis_gcc.h **** #endif
  70:Drivers/CMSIS/Include/cmsis_gcc.h **** #ifndef   __UNALIGNED_UINT32        /* deprecated */
  71:Drivers/CMSIS/Include/cmsis_gcc.h ****   #pragma GCC diagnostic push
  72:Drivers/CMSIS/Include/cmsis_gcc.h ****   #pragma GCC diagnostic ignored "-Wpacked"
  73:Drivers/CMSIS/Include/cmsis_gcc.h ****   #pragma GCC diagnostic ignored "-Wattributes"
  74:Drivers/CMSIS/Include/cmsis_gcc.h ****   struct __attribute__((packed)) T_UINT32 { uint32_t v; };
  75:Drivers/CMSIS/Include/cmsis_gcc.h ****   #pragma GCC diagnostic pop
  76:Drivers/CMSIS/Include/cmsis_gcc.h ****   #define __UNALIGNED_UINT32(x)                  (((struct T_UINT32 *)(x))->v)
  77:Drivers/CMSIS/Include/cmsis_gcc.h **** #endif
  78:Drivers/CMSIS/Include/cmsis_gcc.h **** #ifndef   __UNALIGNED_UINT16_WRITE
  79:Drivers/CMSIS/Include/cmsis_gcc.h ****   #pragma GCC diagnostic push
  80:Drivers/CMSIS/Include/cmsis_gcc.h ****   #pragma GCC diagnostic ignored "-Wpacked"
  81:Drivers/CMSIS/Include/cmsis_gcc.h ****   #pragma GCC diagnostic ignored "-Wattributes"
  82:Drivers/CMSIS/Include/cmsis_gcc.h ****   __PACKED_STRUCT T_UINT16_WRITE { uint16_t v; };
  83:Drivers/CMSIS/Include/cmsis_gcc.h ****   #pragma GCC diagnostic pop
  84:Drivers/CMSIS/Include/cmsis_gcc.h ****   #define __UNALIGNED_UINT16_WRITE(addr, val)    (void)((((struct T_UINT16_WRITE *)(void *)(addr))-
  85:Drivers/CMSIS/Include/cmsis_gcc.h **** #endif
  86:Drivers/CMSIS/Include/cmsis_gcc.h **** #ifndef   __UNALIGNED_UINT16_READ
  87:Drivers/CMSIS/Include/cmsis_gcc.h ****   #pragma GCC diagnostic push
  88:Drivers/CMSIS/Include/cmsis_gcc.h ****   #pragma GCC diagnostic ignored "-Wpacked"
  89:Drivers/CMSIS/Include/cmsis_gcc.h ****   #pragma GCC diagnostic ignored "-Wattributes"
  90:Drivers/CMSIS/Include/cmsis_gcc.h ****   __PACKED_STRUCT T_UINT16_READ { uint16_t v; };
  91:Drivers/CMSIS/Include/cmsis_gcc.h ****   #pragma GCC diagnostic pop
ARM GAS  /tmp/ccRCfR3k.s 			page 12


  92:Drivers/CMSIS/Include/cmsis_gcc.h ****   #define __UNALIGNED_UINT16_READ(addr)          (((const struct T_UINT16_READ *)(const void *)(add
  93:Drivers/CMSIS/Include/cmsis_gcc.h **** #endif
  94:Drivers/CMSIS/Include/cmsis_gcc.h **** #ifndef   __UNALIGNED_UINT32_WRITE
  95:Drivers/CMSIS/Include/cmsis_gcc.h ****   #pragma GCC diagnostic push
  96:Drivers/CMSIS/Include/cmsis_gcc.h ****   #pragma GCC diagnostic ignored "-Wpacked"
  97:Drivers/CMSIS/Include/cmsis_gcc.h ****   #pragma GCC diagnostic ignored "-Wattributes"
  98:Drivers/CMSIS/Include/cmsis_gcc.h ****   __PACKED_STRUCT T_UINT32_WRITE { uint32_t v; };
  99:Drivers/CMSIS/Include/cmsis_gcc.h ****   #pragma GCC diagnostic pop
 100:Drivers/CMSIS/Include/cmsis_gcc.h ****   #define __UNALIGNED_UINT32_WRITE(addr, val)    (void)((((struct T_UINT32_WRITE *)(void *)(addr))-
 101:Drivers/CMSIS/Include/cmsis_gcc.h **** #endif
 102:Drivers/CMSIS/Include/cmsis_gcc.h **** #ifndef   __UNALIGNED_UINT32_READ
 103:Drivers/CMSIS/Include/cmsis_gcc.h ****   #pragma GCC diagnostic push
 104:Drivers/CMSIS/Include/cmsis_gcc.h ****   #pragma GCC diagnostic ignored "-Wpacked"
 105:Drivers/CMSIS/Include/cmsis_gcc.h ****   #pragma GCC diagnostic ignored "-Wattributes"
 106:Drivers/CMSIS/Include/cmsis_gcc.h ****   __PACKED_STRUCT T_UINT32_READ { uint32_t v; };
 107:Drivers/CMSIS/Include/cmsis_gcc.h ****   #pragma GCC diagnostic pop
 108:Drivers/CMSIS/Include/cmsis_gcc.h ****   #define __UNALIGNED_UINT32_READ(addr)          (((const struct T_UINT32_READ *)(const void *)(add
 109:Drivers/CMSIS/Include/cmsis_gcc.h **** #endif
 110:Drivers/CMSIS/Include/cmsis_gcc.h **** #ifndef   __ALIGNED
 111:Drivers/CMSIS/Include/cmsis_gcc.h ****   #define __ALIGNED(x)                           __attribute__((aligned(x)))
 112:Drivers/CMSIS/Include/cmsis_gcc.h **** #endif
 113:Drivers/CMSIS/Include/cmsis_gcc.h **** #ifndef   __RESTRICT
 114:Drivers/CMSIS/Include/cmsis_gcc.h ****   #define __RESTRICT                             __restrict
 115:Drivers/CMSIS/Include/cmsis_gcc.h **** #endif
 116:Drivers/CMSIS/Include/cmsis_gcc.h **** 
 117:Drivers/CMSIS/Include/cmsis_gcc.h **** 
 118:Drivers/CMSIS/Include/cmsis_gcc.h **** /* ###########################  Core Function Access  ########################### */
 119:Drivers/CMSIS/Include/cmsis_gcc.h **** /** \ingroup  CMSIS_Core_FunctionInterface
 120:Drivers/CMSIS/Include/cmsis_gcc.h ****     \defgroup CMSIS_Core_RegAccFunctions CMSIS Core Register Access Functions
 121:Drivers/CMSIS/Include/cmsis_gcc.h ****   @{
 122:Drivers/CMSIS/Include/cmsis_gcc.h ****  */
 123:Drivers/CMSIS/Include/cmsis_gcc.h **** 
 124:Drivers/CMSIS/Include/cmsis_gcc.h **** /**
 125:Drivers/CMSIS/Include/cmsis_gcc.h ****   \brief   Enable IRQ Interrupts
 126:Drivers/CMSIS/Include/cmsis_gcc.h ****   \details Enables IRQ interrupts by clearing the I-bit in the CPSR.
 127:Drivers/CMSIS/Include/cmsis_gcc.h ****            Can only be executed in Privileged modes.
 128:Drivers/CMSIS/Include/cmsis_gcc.h ****  */
 129:Drivers/CMSIS/Include/cmsis_gcc.h **** __STATIC_FORCEINLINE void __enable_irq(void)
 130:Drivers/CMSIS/Include/cmsis_gcc.h **** {
 131:Drivers/CMSIS/Include/cmsis_gcc.h ****   __ASM volatile ("cpsie i" : : : "memory");
 132:Drivers/CMSIS/Include/cmsis_gcc.h **** }
 133:Drivers/CMSIS/Include/cmsis_gcc.h **** 
 134:Drivers/CMSIS/Include/cmsis_gcc.h **** 
 135:Drivers/CMSIS/Include/cmsis_gcc.h **** /**
 136:Drivers/CMSIS/Include/cmsis_gcc.h ****   \brief   Disable IRQ Interrupts
 137:Drivers/CMSIS/Include/cmsis_gcc.h ****   \details Disables IRQ interrupts by setting the I-bit in the CPSR.
 138:Drivers/CMSIS/Include/cmsis_gcc.h ****            Can only be executed in Privileged modes.
 139:Drivers/CMSIS/Include/cmsis_gcc.h ****  */
 140:Drivers/CMSIS/Include/cmsis_gcc.h **** __STATIC_FORCEINLINE void __disable_irq(void)
 141:Drivers/CMSIS/Include/cmsis_gcc.h **** {
 142:Drivers/CMSIS/Include/cmsis_gcc.h ****   __ASM volatile ("cpsid i" : : : "memory");
 143:Drivers/CMSIS/Include/cmsis_gcc.h **** }
 144:Drivers/CMSIS/Include/cmsis_gcc.h **** 
 145:Drivers/CMSIS/Include/cmsis_gcc.h **** 
 146:Drivers/CMSIS/Include/cmsis_gcc.h **** /**
 147:Drivers/CMSIS/Include/cmsis_gcc.h ****   \brief   Get Control Register
 148:Drivers/CMSIS/Include/cmsis_gcc.h ****   \details Returns the content of the Control Register.
ARM GAS  /tmp/ccRCfR3k.s 			page 13


 149:Drivers/CMSIS/Include/cmsis_gcc.h ****   \return               Control Register value
 150:Drivers/CMSIS/Include/cmsis_gcc.h ****  */
 151:Drivers/CMSIS/Include/cmsis_gcc.h **** __STATIC_FORCEINLINE uint32_t __get_CONTROL(void)
 152:Drivers/CMSIS/Include/cmsis_gcc.h **** {
 153:Drivers/CMSIS/Include/cmsis_gcc.h ****   uint32_t result;
 154:Drivers/CMSIS/Include/cmsis_gcc.h **** 
 155:Drivers/CMSIS/Include/cmsis_gcc.h ****   __ASM volatile ("MRS %0, control" : "=r" (result) );
 156:Drivers/CMSIS/Include/cmsis_gcc.h ****   return(result);
 157:Drivers/CMSIS/Include/cmsis_gcc.h **** }
 158:Drivers/CMSIS/Include/cmsis_gcc.h **** 
 159:Drivers/CMSIS/Include/cmsis_gcc.h **** 
 160:Drivers/CMSIS/Include/cmsis_gcc.h **** #if (defined (__ARM_FEATURE_CMSE ) && (__ARM_FEATURE_CMSE == 3))
 161:Drivers/CMSIS/Include/cmsis_gcc.h **** /**
 162:Drivers/CMSIS/Include/cmsis_gcc.h ****   \brief   Get Control Register (non-secure)
 163:Drivers/CMSIS/Include/cmsis_gcc.h ****   \details Returns the content of the non-secure Control Register when in secure mode.
 164:Drivers/CMSIS/Include/cmsis_gcc.h ****   \return               non-secure Control Register value
 165:Drivers/CMSIS/Include/cmsis_gcc.h ****  */
 166:Drivers/CMSIS/Include/cmsis_gcc.h **** __STATIC_FORCEINLINE uint32_t __TZ_get_CONTROL_NS(void)
 167:Drivers/CMSIS/Include/cmsis_gcc.h **** {
 168:Drivers/CMSIS/Include/cmsis_gcc.h ****   uint32_t result;
 169:Drivers/CMSIS/Include/cmsis_gcc.h **** 
 170:Drivers/CMSIS/Include/cmsis_gcc.h ****   __ASM volatile ("MRS %0, control_ns" : "=r" (result) );
 171:Drivers/CMSIS/Include/cmsis_gcc.h ****   return(result);
 172:Drivers/CMSIS/Include/cmsis_gcc.h **** }
 173:Drivers/CMSIS/Include/cmsis_gcc.h **** #endif
 174:Drivers/CMSIS/Include/cmsis_gcc.h **** 
 175:Drivers/CMSIS/Include/cmsis_gcc.h **** 
 176:Drivers/CMSIS/Include/cmsis_gcc.h **** /**
 177:Drivers/CMSIS/Include/cmsis_gcc.h ****   \brief   Set Control Register
 178:Drivers/CMSIS/Include/cmsis_gcc.h ****   \details Writes the given value to the Control Register.
 179:Drivers/CMSIS/Include/cmsis_gcc.h ****   \param [in]    control  Control Register value to set
 180:Drivers/CMSIS/Include/cmsis_gcc.h ****  */
 181:Drivers/CMSIS/Include/cmsis_gcc.h **** __STATIC_FORCEINLINE void __set_CONTROL(uint32_t control)
 182:Drivers/CMSIS/Include/cmsis_gcc.h **** {
 183:Drivers/CMSIS/Include/cmsis_gcc.h ****   __ASM volatile ("MSR control, %0" : : "r" (control) : "memory");
 184:Drivers/CMSIS/Include/cmsis_gcc.h **** }
 185:Drivers/CMSIS/Include/cmsis_gcc.h **** 
 186:Drivers/CMSIS/Include/cmsis_gcc.h **** 
 187:Drivers/CMSIS/Include/cmsis_gcc.h **** #if (defined (__ARM_FEATURE_CMSE ) && (__ARM_FEATURE_CMSE == 3))
 188:Drivers/CMSIS/Include/cmsis_gcc.h **** /**
 189:Drivers/CMSIS/Include/cmsis_gcc.h ****   \brief   Set Control Register (non-secure)
 190:Drivers/CMSIS/Include/cmsis_gcc.h ****   \details Writes the given value to the non-secure Control Register when in secure state.
 191:Drivers/CMSIS/Include/cmsis_gcc.h ****   \param [in]    control  Control Register value to set
 192:Drivers/CMSIS/Include/cmsis_gcc.h ****  */
 193:Drivers/CMSIS/Include/cmsis_gcc.h **** __STATIC_FORCEINLINE void __TZ_set_CONTROL_NS(uint32_t control)
 194:Drivers/CMSIS/Include/cmsis_gcc.h **** {
 195:Drivers/CMSIS/Include/cmsis_gcc.h ****   __ASM volatile ("MSR control_ns, %0" : : "r" (control) : "memory");
 196:Drivers/CMSIS/Include/cmsis_gcc.h **** }
 197:Drivers/CMSIS/Include/cmsis_gcc.h **** #endif
 198:Drivers/CMSIS/Include/cmsis_gcc.h **** 
 199:Drivers/CMSIS/Include/cmsis_gcc.h **** 
 200:Drivers/CMSIS/Include/cmsis_gcc.h **** /**
 201:Drivers/CMSIS/Include/cmsis_gcc.h ****   \brief   Get IPSR Register
 202:Drivers/CMSIS/Include/cmsis_gcc.h ****   \details Returns the content of the IPSR Register.
 203:Drivers/CMSIS/Include/cmsis_gcc.h ****   \return               IPSR Register value
 204:Drivers/CMSIS/Include/cmsis_gcc.h ****  */
 205:Drivers/CMSIS/Include/cmsis_gcc.h **** __STATIC_FORCEINLINE uint32_t __get_IPSR(void)
ARM GAS  /tmp/ccRCfR3k.s 			page 14


 206:Drivers/CMSIS/Include/cmsis_gcc.h **** {
 207:Drivers/CMSIS/Include/cmsis_gcc.h ****   uint32_t result;
 208:Drivers/CMSIS/Include/cmsis_gcc.h **** 
 209:Drivers/CMSIS/Include/cmsis_gcc.h ****   __ASM volatile ("MRS %0, ipsr" : "=r" (result) );
 210:Drivers/CMSIS/Include/cmsis_gcc.h ****   return(result);
 211:Drivers/CMSIS/Include/cmsis_gcc.h **** }
 212:Drivers/CMSIS/Include/cmsis_gcc.h **** 
 213:Drivers/CMSIS/Include/cmsis_gcc.h **** 
 214:Drivers/CMSIS/Include/cmsis_gcc.h **** /**
 215:Drivers/CMSIS/Include/cmsis_gcc.h ****   \brief   Get APSR Register
 216:Drivers/CMSIS/Include/cmsis_gcc.h ****   \details Returns the content of the APSR Register.
 217:Drivers/CMSIS/Include/cmsis_gcc.h ****   \return               APSR Register value
 218:Drivers/CMSIS/Include/cmsis_gcc.h ****  */
 219:Drivers/CMSIS/Include/cmsis_gcc.h **** __STATIC_FORCEINLINE uint32_t __get_APSR(void)
 220:Drivers/CMSIS/Include/cmsis_gcc.h **** {
 221:Drivers/CMSIS/Include/cmsis_gcc.h ****   uint32_t result;
 222:Drivers/CMSIS/Include/cmsis_gcc.h **** 
 223:Drivers/CMSIS/Include/cmsis_gcc.h ****   __ASM volatile ("MRS %0, apsr" : "=r" (result) );
 224:Drivers/CMSIS/Include/cmsis_gcc.h ****   return(result);
 225:Drivers/CMSIS/Include/cmsis_gcc.h **** }
 226:Drivers/CMSIS/Include/cmsis_gcc.h **** 
 227:Drivers/CMSIS/Include/cmsis_gcc.h **** 
 228:Drivers/CMSIS/Include/cmsis_gcc.h **** /**
 229:Drivers/CMSIS/Include/cmsis_gcc.h ****   \brief   Get xPSR Register
 230:Drivers/CMSIS/Include/cmsis_gcc.h ****   \details Returns the content of the xPSR Register.
 231:Drivers/CMSIS/Include/cmsis_gcc.h ****   \return               xPSR Register value
 232:Drivers/CMSIS/Include/cmsis_gcc.h ****  */
 233:Drivers/CMSIS/Include/cmsis_gcc.h **** __STATIC_FORCEINLINE uint32_t __get_xPSR(void)
 234:Drivers/CMSIS/Include/cmsis_gcc.h **** {
 235:Drivers/CMSIS/Include/cmsis_gcc.h ****   uint32_t result;
 236:Drivers/CMSIS/Include/cmsis_gcc.h **** 
 237:Drivers/CMSIS/Include/cmsis_gcc.h ****   __ASM volatile ("MRS %0, xpsr" : "=r" (result) );
 238:Drivers/CMSIS/Include/cmsis_gcc.h ****   return(result);
 239:Drivers/CMSIS/Include/cmsis_gcc.h **** }
 240:Drivers/CMSIS/Include/cmsis_gcc.h **** 
 241:Drivers/CMSIS/Include/cmsis_gcc.h **** 
 242:Drivers/CMSIS/Include/cmsis_gcc.h **** /**
 243:Drivers/CMSIS/Include/cmsis_gcc.h ****   \brief   Get Process Stack Pointer
 244:Drivers/CMSIS/Include/cmsis_gcc.h ****   \details Returns the current value of the Process Stack Pointer (PSP).
 245:Drivers/CMSIS/Include/cmsis_gcc.h ****   \return               PSP Register value
 246:Drivers/CMSIS/Include/cmsis_gcc.h ****  */
 247:Drivers/CMSIS/Include/cmsis_gcc.h **** __STATIC_FORCEINLINE uint32_t __get_PSP(void)
 248:Drivers/CMSIS/Include/cmsis_gcc.h **** {
 249:Drivers/CMSIS/Include/cmsis_gcc.h ****   uint32_t result;
 250:Drivers/CMSIS/Include/cmsis_gcc.h **** 
 251:Drivers/CMSIS/Include/cmsis_gcc.h ****   __ASM volatile ("MRS %0, psp"  : "=r" (result) );
 252:Drivers/CMSIS/Include/cmsis_gcc.h ****   return(result);
 253:Drivers/CMSIS/Include/cmsis_gcc.h **** }
 254:Drivers/CMSIS/Include/cmsis_gcc.h **** 
 255:Drivers/CMSIS/Include/cmsis_gcc.h **** 
 256:Drivers/CMSIS/Include/cmsis_gcc.h **** #if (defined (__ARM_FEATURE_CMSE ) && (__ARM_FEATURE_CMSE == 3))
 257:Drivers/CMSIS/Include/cmsis_gcc.h **** /**
 258:Drivers/CMSIS/Include/cmsis_gcc.h ****   \brief   Get Process Stack Pointer (non-secure)
 259:Drivers/CMSIS/Include/cmsis_gcc.h ****   \details Returns the current value of the non-secure Process Stack Pointer (PSP) when in secure s
 260:Drivers/CMSIS/Include/cmsis_gcc.h ****   \return               PSP Register value
 261:Drivers/CMSIS/Include/cmsis_gcc.h ****  */
 262:Drivers/CMSIS/Include/cmsis_gcc.h **** __STATIC_FORCEINLINE uint32_t __TZ_get_PSP_NS(void)
ARM GAS  /tmp/ccRCfR3k.s 			page 15


 263:Drivers/CMSIS/Include/cmsis_gcc.h **** {
 264:Drivers/CMSIS/Include/cmsis_gcc.h ****   uint32_t result;
 265:Drivers/CMSIS/Include/cmsis_gcc.h **** 
 266:Drivers/CMSIS/Include/cmsis_gcc.h ****   __ASM volatile ("MRS %0, psp_ns"  : "=r" (result) );
 267:Drivers/CMSIS/Include/cmsis_gcc.h ****   return(result);
 268:Drivers/CMSIS/Include/cmsis_gcc.h **** }
 269:Drivers/CMSIS/Include/cmsis_gcc.h **** #endif
 270:Drivers/CMSIS/Include/cmsis_gcc.h **** 
 271:Drivers/CMSIS/Include/cmsis_gcc.h **** 
 272:Drivers/CMSIS/Include/cmsis_gcc.h **** /**
 273:Drivers/CMSIS/Include/cmsis_gcc.h ****   \brief   Set Process Stack Pointer
 274:Drivers/CMSIS/Include/cmsis_gcc.h ****   \details Assigns the given value to the Process Stack Pointer (PSP).
 275:Drivers/CMSIS/Include/cmsis_gcc.h ****   \param [in]    topOfProcStack  Process Stack Pointer value to set
 276:Drivers/CMSIS/Include/cmsis_gcc.h ****  */
 277:Drivers/CMSIS/Include/cmsis_gcc.h **** __STATIC_FORCEINLINE void __set_PSP(uint32_t topOfProcStack)
 278:Drivers/CMSIS/Include/cmsis_gcc.h **** {
 279:Drivers/CMSIS/Include/cmsis_gcc.h ****   __ASM volatile ("MSR psp, %0" : : "r" (topOfProcStack) : );
 280:Drivers/CMSIS/Include/cmsis_gcc.h **** }
 281:Drivers/CMSIS/Include/cmsis_gcc.h **** 
 282:Drivers/CMSIS/Include/cmsis_gcc.h **** 
 283:Drivers/CMSIS/Include/cmsis_gcc.h **** #if (defined (__ARM_FEATURE_CMSE ) && (__ARM_FEATURE_CMSE == 3))
 284:Drivers/CMSIS/Include/cmsis_gcc.h **** /**
 285:Drivers/CMSIS/Include/cmsis_gcc.h ****   \brief   Set Process Stack Pointer (non-secure)
 286:Drivers/CMSIS/Include/cmsis_gcc.h ****   \details Assigns the given value to the non-secure Process Stack Pointer (PSP) when in secure sta
 287:Drivers/CMSIS/Include/cmsis_gcc.h ****   \param [in]    topOfProcStack  Process Stack Pointer value to set
 288:Drivers/CMSIS/Include/cmsis_gcc.h ****  */
 289:Drivers/CMSIS/Include/cmsis_gcc.h **** __STATIC_FORCEINLINE void __TZ_set_PSP_NS(uint32_t topOfProcStack)
 290:Drivers/CMSIS/Include/cmsis_gcc.h **** {
 291:Drivers/CMSIS/Include/cmsis_gcc.h ****   __ASM volatile ("MSR psp_ns, %0" : : "r" (topOfProcStack) : );
 292:Drivers/CMSIS/Include/cmsis_gcc.h **** }
 293:Drivers/CMSIS/Include/cmsis_gcc.h **** #endif
 294:Drivers/CMSIS/Include/cmsis_gcc.h **** 
 295:Drivers/CMSIS/Include/cmsis_gcc.h **** 
 296:Drivers/CMSIS/Include/cmsis_gcc.h **** /**
 297:Drivers/CMSIS/Include/cmsis_gcc.h ****   \brief   Get Main Stack Pointer
 298:Drivers/CMSIS/Include/cmsis_gcc.h ****   \details Returns the current value of the Main Stack Pointer (MSP).
 299:Drivers/CMSIS/Include/cmsis_gcc.h ****   \return               MSP Register value
 300:Drivers/CMSIS/Include/cmsis_gcc.h ****  */
 301:Drivers/CMSIS/Include/cmsis_gcc.h **** __STATIC_FORCEINLINE uint32_t __get_MSP(void)
 302:Drivers/CMSIS/Include/cmsis_gcc.h **** {
 303:Drivers/CMSIS/Include/cmsis_gcc.h ****   uint32_t result;
 304:Drivers/CMSIS/Include/cmsis_gcc.h **** 
 305:Drivers/CMSIS/Include/cmsis_gcc.h ****   __ASM volatile ("MRS %0, msp" : "=r" (result) );
 306:Drivers/CMSIS/Include/cmsis_gcc.h ****   return(result);
 307:Drivers/CMSIS/Include/cmsis_gcc.h **** }
 308:Drivers/CMSIS/Include/cmsis_gcc.h **** 
 309:Drivers/CMSIS/Include/cmsis_gcc.h **** 
 310:Drivers/CMSIS/Include/cmsis_gcc.h **** #if (defined (__ARM_FEATURE_CMSE ) && (__ARM_FEATURE_CMSE == 3))
 311:Drivers/CMSIS/Include/cmsis_gcc.h **** /**
 312:Drivers/CMSIS/Include/cmsis_gcc.h ****   \brief   Get Main Stack Pointer (non-secure)
 313:Drivers/CMSIS/Include/cmsis_gcc.h ****   \details Returns the current value of the non-secure Main Stack Pointer (MSP) when in secure stat
 314:Drivers/CMSIS/Include/cmsis_gcc.h ****   \return               MSP Register value
 315:Drivers/CMSIS/Include/cmsis_gcc.h ****  */
 316:Drivers/CMSIS/Include/cmsis_gcc.h **** __STATIC_FORCEINLINE uint32_t __TZ_get_MSP_NS(void)
 317:Drivers/CMSIS/Include/cmsis_gcc.h **** {
 318:Drivers/CMSIS/Include/cmsis_gcc.h ****   uint32_t result;
 319:Drivers/CMSIS/Include/cmsis_gcc.h **** 
ARM GAS  /tmp/ccRCfR3k.s 			page 16


 320:Drivers/CMSIS/Include/cmsis_gcc.h ****   __ASM volatile ("MRS %0, msp_ns" : "=r" (result) );
 321:Drivers/CMSIS/Include/cmsis_gcc.h ****   return(result);
 322:Drivers/CMSIS/Include/cmsis_gcc.h **** }
 323:Drivers/CMSIS/Include/cmsis_gcc.h **** #endif
 324:Drivers/CMSIS/Include/cmsis_gcc.h **** 
 325:Drivers/CMSIS/Include/cmsis_gcc.h **** 
 326:Drivers/CMSIS/Include/cmsis_gcc.h **** /**
 327:Drivers/CMSIS/Include/cmsis_gcc.h ****   \brief   Set Main Stack Pointer
 328:Drivers/CMSIS/Include/cmsis_gcc.h ****   \details Assigns the given value to the Main Stack Pointer (MSP).
 329:Drivers/CMSIS/Include/cmsis_gcc.h ****   \param [in]    topOfMainStack  Main Stack Pointer value to set
 330:Drivers/CMSIS/Include/cmsis_gcc.h ****  */
 331:Drivers/CMSIS/Include/cmsis_gcc.h **** __STATIC_FORCEINLINE void __set_MSP(uint32_t topOfMainStack)
 332:Drivers/CMSIS/Include/cmsis_gcc.h **** {
 333:Drivers/CMSIS/Include/cmsis_gcc.h ****   __ASM volatile ("MSR msp, %0" : : "r" (topOfMainStack) : );
 334:Drivers/CMSIS/Include/cmsis_gcc.h **** }
 335:Drivers/CMSIS/Include/cmsis_gcc.h **** 
 336:Drivers/CMSIS/Include/cmsis_gcc.h **** 
 337:Drivers/CMSIS/Include/cmsis_gcc.h **** #if (defined (__ARM_FEATURE_CMSE ) && (__ARM_FEATURE_CMSE == 3))
 338:Drivers/CMSIS/Include/cmsis_gcc.h **** /**
 339:Drivers/CMSIS/Include/cmsis_gcc.h ****   \brief   Set Main Stack Pointer (non-secure)
 340:Drivers/CMSIS/Include/cmsis_gcc.h ****   \details Assigns the given value to the non-secure Main Stack Pointer (MSP) when in secure state.
 341:Drivers/CMSIS/Include/cmsis_gcc.h ****   \param [in]    topOfMainStack  Main Stack Pointer value to set
 342:Drivers/CMSIS/Include/cmsis_gcc.h ****  */
 343:Drivers/CMSIS/Include/cmsis_gcc.h **** __STATIC_FORCEINLINE void __TZ_set_MSP_NS(uint32_t topOfMainStack)
 344:Drivers/CMSIS/Include/cmsis_gcc.h **** {
 345:Drivers/CMSIS/Include/cmsis_gcc.h ****   __ASM volatile ("MSR msp_ns, %0" : : "r" (topOfMainStack) : );
 346:Drivers/CMSIS/Include/cmsis_gcc.h **** }
 347:Drivers/CMSIS/Include/cmsis_gcc.h **** #endif
 348:Drivers/CMSIS/Include/cmsis_gcc.h **** 
 349:Drivers/CMSIS/Include/cmsis_gcc.h **** 
 350:Drivers/CMSIS/Include/cmsis_gcc.h **** #if (defined (__ARM_FEATURE_CMSE ) && (__ARM_FEATURE_CMSE == 3))
 351:Drivers/CMSIS/Include/cmsis_gcc.h **** /**
 352:Drivers/CMSIS/Include/cmsis_gcc.h ****   \brief   Get Stack Pointer (non-secure)
 353:Drivers/CMSIS/Include/cmsis_gcc.h ****   \details Returns the current value of the non-secure Stack Pointer (SP) when in secure state.
 354:Drivers/CMSIS/Include/cmsis_gcc.h ****   \return               SP Register value
 355:Drivers/CMSIS/Include/cmsis_gcc.h ****  */
 356:Drivers/CMSIS/Include/cmsis_gcc.h **** __STATIC_FORCEINLINE uint32_t __TZ_get_SP_NS(void)
 357:Drivers/CMSIS/Include/cmsis_gcc.h **** {
 358:Drivers/CMSIS/Include/cmsis_gcc.h ****   uint32_t result;
 359:Drivers/CMSIS/Include/cmsis_gcc.h **** 
 360:Drivers/CMSIS/Include/cmsis_gcc.h ****   __ASM volatile ("MRS %0, sp_ns" : "=r" (result) );
 361:Drivers/CMSIS/Include/cmsis_gcc.h ****   return(result);
 362:Drivers/CMSIS/Include/cmsis_gcc.h **** }
 363:Drivers/CMSIS/Include/cmsis_gcc.h **** 
 364:Drivers/CMSIS/Include/cmsis_gcc.h **** 
 365:Drivers/CMSIS/Include/cmsis_gcc.h **** /**
 366:Drivers/CMSIS/Include/cmsis_gcc.h ****   \brief   Set Stack Pointer (non-secure)
 367:Drivers/CMSIS/Include/cmsis_gcc.h ****   \details Assigns the given value to the non-secure Stack Pointer (SP) when in secure state.
 368:Drivers/CMSIS/Include/cmsis_gcc.h ****   \param [in]    topOfStack  Stack Pointer value to set
 369:Drivers/CMSIS/Include/cmsis_gcc.h ****  */
 370:Drivers/CMSIS/Include/cmsis_gcc.h **** __STATIC_FORCEINLINE void __TZ_set_SP_NS(uint32_t topOfStack)
 371:Drivers/CMSIS/Include/cmsis_gcc.h **** {
 372:Drivers/CMSIS/Include/cmsis_gcc.h ****   __ASM volatile ("MSR sp_ns, %0" : : "r" (topOfStack) : );
 373:Drivers/CMSIS/Include/cmsis_gcc.h **** }
 374:Drivers/CMSIS/Include/cmsis_gcc.h **** #endif
 375:Drivers/CMSIS/Include/cmsis_gcc.h **** 
 376:Drivers/CMSIS/Include/cmsis_gcc.h **** 
ARM GAS  /tmp/ccRCfR3k.s 			page 17


 377:Drivers/CMSIS/Include/cmsis_gcc.h **** /**
 378:Drivers/CMSIS/Include/cmsis_gcc.h ****   \brief   Get Priority Mask
 379:Drivers/CMSIS/Include/cmsis_gcc.h ****   \details Returns the current state of the priority mask bit from the Priority Mask Register.
 380:Drivers/CMSIS/Include/cmsis_gcc.h ****   \return               Priority Mask value
 381:Drivers/CMSIS/Include/cmsis_gcc.h ****  */
 382:Drivers/CMSIS/Include/cmsis_gcc.h **** __STATIC_FORCEINLINE uint32_t __get_PRIMASK(void)
 383:Drivers/CMSIS/Include/cmsis_gcc.h **** {
 384:Drivers/CMSIS/Include/cmsis_gcc.h ****   uint32_t result;
 385:Drivers/CMSIS/Include/cmsis_gcc.h **** 
 386:Drivers/CMSIS/Include/cmsis_gcc.h ****   __ASM volatile ("MRS %0, primask" : "=r" (result) :: "memory");
 387:Drivers/CMSIS/Include/cmsis_gcc.h ****   return(result);
 388:Drivers/CMSIS/Include/cmsis_gcc.h **** }
 389:Drivers/CMSIS/Include/cmsis_gcc.h **** 
 390:Drivers/CMSIS/Include/cmsis_gcc.h **** 
 391:Drivers/CMSIS/Include/cmsis_gcc.h **** #if (defined (__ARM_FEATURE_CMSE ) && (__ARM_FEATURE_CMSE == 3))
 392:Drivers/CMSIS/Include/cmsis_gcc.h **** /**
 393:Drivers/CMSIS/Include/cmsis_gcc.h ****   \brief   Get Priority Mask (non-secure)
 394:Drivers/CMSIS/Include/cmsis_gcc.h ****   \details Returns the current state of the non-secure priority mask bit from the Priority Mask Reg
 395:Drivers/CMSIS/Include/cmsis_gcc.h ****   \return               Priority Mask value
 396:Drivers/CMSIS/Include/cmsis_gcc.h ****  */
 397:Drivers/CMSIS/Include/cmsis_gcc.h **** __STATIC_FORCEINLINE uint32_t __TZ_get_PRIMASK_NS(void)
 398:Drivers/CMSIS/Include/cmsis_gcc.h **** {
 399:Drivers/CMSIS/Include/cmsis_gcc.h ****   uint32_t result;
 400:Drivers/CMSIS/Include/cmsis_gcc.h **** 
 401:Drivers/CMSIS/Include/cmsis_gcc.h ****   __ASM volatile ("MRS %0, primask_ns" : "=r" (result) :: "memory");
 402:Drivers/CMSIS/Include/cmsis_gcc.h ****   return(result);
 403:Drivers/CMSIS/Include/cmsis_gcc.h **** }
 404:Drivers/CMSIS/Include/cmsis_gcc.h **** #endif
 405:Drivers/CMSIS/Include/cmsis_gcc.h **** 
 406:Drivers/CMSIS/Include/cmsis_gcc.h **** 
 407:Drivers/CMSIS/Include/cmsis_gcc.h **** /**
 408:Drivers/CMSIS/Include/cmsis_gcc.h ****   \brief   Set Priority Mask
 409:Drivers/CMSIS/Include/cmsis_gcc.h ****   \details Assigns the given value to the Priority Mask Register.
 410:Drivers/CMSIS/Include/cmsis_gcc.h ****   \param [in]    priMask  Priority Mask
 411:Drivers/CMSIS/Include/cmsis_gcc.h ****  */
 412:Drivers/CMSIS/Include/cmsis_gcc.h **** __STATIC_FORCEINLINE void __set_PRIMASK(uint32_t priMask)
 413:Drivers/CMSIS/Include/cmsis_gcc.h **** {
 414:Drivers/CMSIS/Include/cmsis_gcc.h ****   __ASM volatile ("MSR primask, %0" : : "r" (priMask) : "memory");
 415:Drivers/CMSIS/Include/cmsis_gcc.h **** }
 416:Drivers/CMSIS/Include/cmsis_gcc.h **** 
 417:Drivers/CMSIS/Include/cmsis_gcc.h **** 
 418:Drivers/CMSIS/Include/cmsis_gcc.h **** #if (defined (__ARM_FEATURE_CMSE ) && (__ARM_FEATURE_CMSE == 3))
 419:Drivers/CMSIS/Include/cmsis_gcc.h **** /**
 420:Drivers/CMSIS/Include/cmsis_gcc.h ****   \brief   Set Priority Mask (non-secure)
 421:Drivers/CMSIS/Include/cmsis_gcc.h ****   \details Assigns the given value to the non-secure Priority Mask Register when in secure state.
 422:Drivers/CMSIS/Include/cmsis_gcc.h ****   \param [in]    priMask  Priority Mask
 423:Drivers/CMSIS/Include/cmsis_gcc.h ****  */
 424:Drivers/CMSIS/Include/cmsis_gcc.h **** __STATIC_FORCEINLINE void __TZ_set_PRIMASK_NS(uint32_t priMask)
 425:Drivers/CMSIS/Include/cmsis_gcc.h **** {
 426:Drivers/CMSIS/Include/cmsis_gcc.h ****   __ASM volatile ("MSR primask_ns, %0" : : "r" (priMask) : "memory");
 427:Drivers/CMSIS/Include/cmsis_gcc.h **** }
 428:Drivers/CMSIS/Include/cmsis_gcc.h **** #endif
 429:Drivers/CMSIS/Include/cmsis_gcc.h **** 
 430:Drivers/CMSIS/Include/cmsis_gcc.h **** 
 431:Drivers/CMSIS/Include/cmsis_gcc.h **** #if ((defined (__ARM_ARCH_7M__      ) && (__ARM_ARCH_7M__      == 1)) || \
 432:Drivers/CMSIS/Include/cmsis_gcc.h ****      (defined (__ARM_ARCH_7EM__     ) && (__ARM_ARCH_7EM__     == 1)) || \
 433:Drivers/CMSIS/Include/cmsis_gcc.h ****      (defined (__ARM_ARCH_8M_MAIN__ ) && (__ARM_ARCH_8M_MAIN__ == 1))    )
ARM GAS  /tmp/ccRCfR3k.s 			page 18


 434:Drivers/CMSIS/Include/cmsis_gcc.h **** /**
 435:Drivers/CMSIS/Include/cmsis_gcc.h ****   \brief   Enable FIQ
 436:Drivers/CMSIS/Include/cmsis_gcc.h ****   \details Enables FIQ interrupts by clearing the F-bit in the CPSR.
 437:Drivers/CMSIS/Include/cmsis_gcc.h ****            Can only be executed in Privileged modes.
 438:Drivers/CMSIS/Include/cmsis_gcc.h ****  */
 439:Drivers/CMSIS/Include/cmsis_gcc.h **** __STATIC_FORCEINLINE void __enable_fault_irq(void)
 440:Drivers/CMSIS/Include/cmsis_gcc.h **** {
 441:Drivers/CMSIS/Include/cmsis_gcc.h ****   __ASM volatile ("cpsie f" : : : "memory");
 442:Drivers/CMSIS/Include/cmsis_gcc.h **** }
 443:Drivers/CMSIS/Include/cmsis_gcc.h **** 
 444:Drivers/CMSIS/Include/cmsis_gcc.h **** 
 445:Drivers/CMSIS/Include/cmsis_gcc.h **** /**
 446:Drivers/CMSIS/Include/cmsis_gcc.h ****   \brief   Disable FIQ
 447:Drivers/CMSIS/Include/cmsis_gcc.h ****   \details Disables FIQ interrupts by setting the F-bit in the CPSR.
 448:Drivers/CMSIS/Include/cmsis_gcc.h ****            Can only be executed in Privileged modes.
 449:Drivers/CMSIS/Include/cmsis_gcc.h ****  */
 450:Drivers/CMSIS/Include/cmsis_gcc.h **** __STATIC_FORCEINLINE void __disable_fault_irq(void)
 451:Drivers/CMSIS/Include/cmsis_gcc.h **** {
 452:Drivers/CMSIS/Include/cmsis_gcc.h ****   __ASM volatile ("cpsid f" : : : "memory");
 453:Drivers/CMSIS/Include/cmsis_gcc.h **** }
 454:Drivers/CMSIS/Include/cmsis_gcc.h **** 
 455:Drivers/CMSIS/Include/cmsis_gcc.h **** 
 456:Drivers/CMSIS/Include/cmsis_gcc.h **** /**
 457:Drivers/CMSIS/Include/cmsis_gcc.h ****   \brief   Get Base Priority
 458:Drivers/CMSIS/Include/cmsis_gcc.h ****   \details Returns the current value of the Base Priority register.
 459:Drivers/CMSIS/Include/cmsis_gcc.h ****   \return               Base Priority register value
 460:Drivers/CMSIS/Include/cmsis_gcc.h ****  */
 461:Drivers/CMSIS/Include/cmsis_gcc.h **** __STATIC_FORCEINLINE uint32_t __get_BASEPRI(void)
 462:Drivers/CMSIS/Include/cmsis_gcc.h **** {
 463:Drivers/CMSIS/Include/cmsis_gcc.h ****   uint32_t result;
 464:Drivers/CMSIS/Include/cmsis_gcc.h **** 
 465:Drivers/CMSIS/Include/cmsis_gcc.h ****   __ASM volatile ("MRS %0, basepri" : "=r" (result) );
 466:Drivers/CMSIS/Include/cmsis_gcc.h ****   return(result);
 467:Drivers/CMSIS/Include/cmsis_gcc.h **** }
 468:Drivers/CMSIS/Include/cmsis_gcc.h **** 
 469:Drivers/CMSIS/Include/cmsis_gcc.h **** 
 470:Drivers/CMSIS/Include/cmsis_gcc.h **** #if (defined (__ARM_FEATURE_CMSE ) && (__ARM_FEATURE_CMSE == 3))
 471:Drivers/CMSIS/Include/cmsis_gcc.h **** /**
 472:Drivers/CMSIS/Include/cmsis_gcc.h ****   \brief   Get Base Priority (non-secure)
 473:Drivers/CMSIS/Include/cmsis_gcc.h ****   \details Returns the current value of the non-secure Base Priority register when in secure state.
 474:Drivers/CMSIS/Include/cmsis_gcc.h ****   \return               Base Priority register value
 475:Drivers/CMSIS/Include/cmsis_gcc.h ****  */
 476:Drivers/CMSIS/Include/cmsis_gcc.h **** __STATIC_FORCEINLINE uint32_t __TZ_get_BASEPRI_NS(void)
 477:Drivers/CMSIS/Include/cmsis_gcc.h **** {
 478:Drivers/CMSIS/Include/cmsis_gcc.h ****   uint32_t result;
 479:Drivers/CMSIS/Include/cmsis_gcc.h **** 
 480:Drivers/CMSIS/Include/cmsis_gcc.h ****   __ASM volatile ("MRS %0, basepri_ns" : "=r" (result) );
 481:Drivers/CMSIS/Include/cmsis_gcc.h ****   return(result);
 482:Drivers/CMSIS/Include/cmsis_gcc.h **** }
 483:Drivers/CMSIS/Include/cmsis_gcc.h **** #endif
 484:Drivers/CMSIS/Include/cmsis_gcc.h **** 
 485:Drivers/CMSIS/Include/cmsis_gcc.h **** 
 486:Drivers/CMSIS/Include/cmsis_gcc.h **** /**
 487:Drivers/CMSIS/Include/cmsis_gcc.h ****   \brief   Set Base Priority
 488:Drivers/CMSIS/Include/cmsis_gcc.h ****   \details Assigns the given value to the Base Priority register.
 489:Drivers/CMSIS/Include/cmsis_gcc.h ****   \param [in]    basePri  Base Priority value to set
 490:Drivers/CMSIS/Include/cmsis_gcc.h ****  */
ARM GAS  /tmp/ccRCfR3k.s 			page 19


 491:Drivers/CMSIS/Include/cmsis_gcc.h **** __STATIC_FORCEINLINE void __set_BASEPRI(uint32_t basePri)
 492:Drivers/CMSIS/Include/cmsis_gcc.h **** {
 493:Drivers/CMSIS/Include/cmsis_gcc.h ****   __ASM volatile ("MSR basepri, %0" : : "r" (basePri) : "memory");
 494:Drivers/CMSIS/Include/cmsis_gcc.h **** }
 495:Drivers/CMSIS/Include/cmsis_gcc.h **** 
 496:Drivers/CMSIS/Include/cmsis_gcc.h **** 
 497:Drivers/CMSIS/Include/cmsis_gcc.h **** #if (defined (__ARM_FEATURE_CMSE ) && (__ARM_FEATURE_CMSE == 3))
 498:Drivers/CMSIS/Include/cmsis_gcc.h **** /**
 499:Drivers/CMSIS/Include/cmsis_gcc.h ****   \brief   Set Base Priority (non-secure)
 500:Drivers/CMSIS/Include/cmsis_gcc.h ****   \details Assigns the given value to the non-secure Base Priority register when in secure state.
 501:Drivers/CMSIS/Include/cmsis_gcc.h ****   \param [in]    basePri  Base Priority value to set
 502:Drivers/CMSIS/Include/cmsis_gcc.h ****  */
 503:Drivers/CMSIS/Include/cmsis_gcc.h **** __STATIC_FORCEINLINE void __TZ_set_BASEPRI_NS(uint32_t basePri)
 504:Drivers/CMSIS/Include/cmsis_gcc.h **** {
 505:Drivers/CMSIS/Include/cmsis_gcc.h ****   __ASM volatile ("MSR basepri_ns, %0" : : "r" (basePri) : "memory");
 506:Drivers/CMSIS/Include/cmsis_gcc.h **** }
 507:Drivers/CMSIS/Include/cmsis_gcc.h **** #endif
 508:Drivers/CMSIS/Include/cmsis_gcc.h **** 
 509:Drivers/CMSIS/Include/cmsis_gcc.h **** 
 510:Drivers/CMSIS/Include/cmsis_gcc.h **** /**
 511:Drivers/CMSIS/Include/cmsis_gcc.h ****   \brief   Set Base Priority with condition
 512:Drivers/CMSIS/Include/cmsis_gcc.h ****   \details Assigns the given value to the Base Priority register only if BASEPRI masking is disable
 513:Drivers/CMSIS/Include/cmsis_gcc.h ****            or the new value increases the BASEPRI priority level.
 514:Drivers/CMSIS/Include/cmsis_gcc.h ****   \param [in]    basePri  Base Priority value to set
 515:Drivers/CMSIS/Include/cmsis_gcc.h ****  */
 516:Drivers/CMSIS/Include/cmsis_gcc.h **** __STATIC_FORCEINLINE void __set_BASEPRI_MAX(uint32_t basePri)
 517:Drivers/CMSIS/Include/cmsis_gcc.h **** {
 518:Drivers/CMSIS/Include/cmsis_gcc.h ****   __ASM volatile ("MSR basepri_max, %0" : : "r" (basePri) : "memory");
 519:Drivers/CMSIS/Include/cmsis_gcc.h **** }
 520:Drivers/CMSIS/Include/cmsis_gcc.h **** 
 521:Drivers/CMSIS/Include/cmsis_gcc.h **** 
 522:Drivers/CMSIS/Include/cmsis_gcc.h **** /**
 523:Drivers/CMSIS/Include/cmsis_gcc.h ****   \brief   Get Fault Mask
 524:Drivers/CMSIS/Include/cmsis_gcc.h ****   \details Returns the current value of the Fault Mask register.
 525:Drivers/CMSIS/Include/cmsis_gcc.h ****   \return               Fault Mask register value
 526:Drivers/CMSIS/Include/cmsis_gcc.h ****  */
 527:Drivers/CMSIS/Include/cmsis_gcc.h **** __STATIC_FORCEINLINE uint32_t __get_FAULTMASK(void)
 528:Drivers/CMSIS/Include/cmsis_gcc.h **** {
 529:Drivers/CMSIS/Include/cmsis_gcc.h ****   uint32_t result;
 530:Drivers/CMSIS/Include/cmsis_gcc.h **** 
 531:Drivers/CMSIS/Include/cmsis_gcc.h ****   __ASM volatile ("MRS %0, faultmask" : "=r" (result) );
 532:Drivers/CMSIS/Include/cmsis_gcc.h ****   return(result);
 533:Drivers/CMSIS/Include/cmsis_gcc.h **** }
 534:Drivers/CMSIS/Include/cmsis_gcc.h **** 
 535:Drivers/CMSIS/Include/cmsis_gcc.h **** 
 536:Drivers/CMSIS/Include/cmsis_gcc.h **** #if (defined (__ARM_FEATURE_CMSE ) && (__ARM_FEATURE_CMSE == 3))
 537:Drivers/CMSIS/Include/cmsis_gcc.h **** /**
 538:Drivers/CMSIS/Include/cmsis_gcc.h ****   \brief   Get Fault Mask (non-secure)
 539:Drivers/CMSIS/Include/cmsis_gcc.h ****   \details Returns the current value of the non-secure Fault Mask register when in secure state.
 540:Drivers/CMSIS/Include/cmsis_gcc.h ****   \return               Fault Mask register value
 541:Drivers/CMSIS/Include/cmsis_gcc.h ****  */
 542:Drivers/CMSIS/Include/cmsis_gcc.h **** __STATIC_FORCEINLINE uint32_t __TZ_get_FAULTMASK_NS(void)
 543:Drivers/CMSIS/Include/cmsis_gcc.h **** {
 544:Drivers/CMSIS/Include/cmsis_gcc.h ****   uint32_t result;
 545:Drivers/CMSIS/Include/cmsis_gcc.h **** 
 546:Drivers/CMSIS/Include/cmsis_gcc.h ****   __ASM volatile ("MRS %0, faultmask_ns" : "=r" (result) );
 547:Drivers/CMSIS/Include/cmsis_gcc.h ****   return(result);
ARM GAS  /tmp/ccRCfR3k.s 			page 20


 548:Drivers/CMSIS/Include/cmsis_gcc.h **** }
 549:Drivers/CMSIS/Include/cmsis_gcc.h **** #endif
 550:Drivers/CMSIS/Include/cmsis_gcc.h **** 
 551:Drivers/CMSIS/Include/cmsis_gcc.h **** 
 552:Drivers/CMSIS/Include/cmsis_gcc.h **** /**
 553:Drivers/CMSIS/Include/cmsis_gcc.h ****   \brief   Set Fault Mask
 554:Drivers/CMSIS/Include/cmsis_gcc.h ****   \details Assigns the given value to the Fault Mask register.
 555:Drivers/CMSIS/Include/cmsis_gcc.h ****   \param [in]    faultMask  Fault Mask value to set
 556:Drivers/CMSIS/Include/cmsis_gcc.h ****  */
 557:Drivers/CMSIS/Include/cmsis_gcc.h **** __STATIC_FORCEINLINE void __set_FAULTMASK(uint32_t faultMask)
 558:Drivers/CMSIS/Include/cmsis_gcc.h **** {
 559:Drivers/CMSIS/Include/cmsis_gcc.h ****   __ASM volatile ("MSR faultmask, %0" : : "r" (faultMask) : "memory");
 560:Drivers/CMSIS/Include/cmsis_gcc.h **** }
 561:Drivers/CMSIS/Include/cmsis_gcc.h **** 
 562:Drivers/CMSIS/Include/cmsis_gcc.h **** 
 563:Drivers/CMSIS/Include/cmsis_gcc.h **** #if (defined (__ARM_FEATURE_CMSE ) && (__ARM_FEATURE_CMSE == 3))
 564:Drivers/CMSIS/Include/cmsis_gcc.h **** /**
 565:Drivers/CMSIS/Include/cmsis_gcc.h ****   \brief   Set Fault Mask (non-secure)
 566:Drivers/CMSIS/Include/cmsis_gcc.h ****   \details Assigns the given value to the non-secure Fault Mask register when in secure state.
 567:Drivers/CMSIS/Include/cmsis_gcc.h ****   \param [in]    faultMask  Fault Mask value to set
 568:Drivers/CMSIS/Include/cmsis_gcc.h ****  */
 569:Drivers/CMSIS/Include/cmsis_gcc.h **** __STATIC_FORCEINLINE void __TZ_set_FAULTMASK_NS(uint32_t faultMask)
 570:Drivers/CMSIS/Include/cmsis_gcc.h **** {
 571:Drivers/CMSIS/Include/cmsis_gcc.h ****   __ASM volatile ("MSR faultmask_ns, %0" : : "r" (faultMask) : "memory");
 572:Drivers/CMSIS/Include/cmsis_gcc.h **** }
 573:Drivers/CMSIS/Include/cmsis_gcc.h **** #endif
 574:Drivers/CMSIS/Include/cmsis_gcc.h **** 
 575:Drivers/CMSIS/Include/cmsis_gcc.h **** #endif /* ((defined (__ARM_ARCH_7M__      ) && (__ARM_ARCH_7M__      == 1)) || \
 576:Drivers/CMSIS/Include/cmsis_gcc.h ****            (defined (__ARM_ARCH_7EM__     ) && (__ARM_ARCH_7EM__     == 1)) || \
 577:Drivers/CMSIS/Include/cmsis_gcc.h ****            (defined (__ARM_ARCH_8M_MAIN__ ) && (__ARM_ARCH_8M_MAIN__ == 1))    ) */
 578:Drivers/CMSIS/Include/cmsis_gcc.h **** 
 579:Drivers/CMSIS/Include/cmsis_gcc.h **** 
 580:Drivers/CMSIS/Include/cmsis_gcc.h **** #if ((defined (__ARM_ARCH_8M_MAIN__ ) && (__ARM_ARCH_8M_MAIN__ == 1)) || \
 581:Drivers/CMSIS/Include/cmsis_gcc.h ****      (defined (__ARM_ARCH_8M_BASE__ ) && (__ARM_ARCH_8M_BASE__ == 1))    )
 582:Drivers/CMSIS/Include/cmsis_gcc.h **** 
 583:Drivers/CMSIS/Include/cmsis_gcc.h **** /**
 584:Drivers/CMSIS/Include/cmsis_gcc.h ****   \brief   Get Process Stack Pointer Limit
 585:Drivers/CMSIS/Include/cmsis_gcc.h ****   Devices without ARMv8-M Main Extensions (i.e. Cortex-M23) lack the non-secure
 586:Drivers/CMSIS/Include/cmsis_gcc.h ****   Stack Pointer Limit register hence zero is returned always in non-secure
 587:Drivers/CMSIS/Include/cmsis_gcc.h ****   mode.
 588:Drivers/CMSIS/Include/cmsis_gcc.h ****   
 589:Drivers/CMSIS/Include/cmsis_gcc.h ****   \details Returns the current value of the Process Stack Pointer Limit (PSPLIM).
 590:Drivers/CMSIS/Include/cmsis_gcc.h ****   \return               PSPLIM Register value
 591:Drivers/CMSIS/Include/cmsis_gcc.h ****  */
 592:Drivers/CMSIS/Include/cmsis_gcc.h **** __STATIC_FORCEINLINE uint32_t __get_PSPLIM(void)
 593:Drivers/CMSIS/Include/cmsis_gcc.h **** {
 594:Drivers/CMSIS/Include/cmsis_gcc.h **** #if (!(defined (__ARM_ARCH_8M_MAIN__ ) && (__ARM_ARCH_8M_MAIN__ == 1)) && \
 595:Drivers/CMSIS/Include/cmsis_gcc.h ****     (!defined (__ARM_FEATURE_CMSE) || (__ARM_FEATURE_CMSE < 3)))
 596:Drivers/CMSIS/Include/cmsis_gcc.h ****     // without main extensions, the non-secure PSPLIM is RAZ/WI
 597:Drivers/CMSIS/Include/cmsis_gcc.h ****   return 0U;
 598:Drivers/CMSIS/Include/cmsis_gcc.h **** #else
 599:Drivers/CMSIS/Include/cmsis_gcc.h ****   uint32_t result;
 600:Drivers/CMSIS/Include/cmsis_gcc.h ****   __ASM volatile ("MRS %0, psplim"  : "=r" (result) );
 601:Drivers/CMSIS/Include/cmsis_gcc.h ****   return result;
 602:Drivers/CMSIS/Include/cmsis_gcc.h **** #endif
 603:Drivers/CMSIS/Include/cmsis_gcc.h **** }
 604:Drivers/CMSIS/Include/cmsis_gcc.h **** 
ARM GAS  /tmp/ccRCfR3k.s 			page 21


 605:Drivers/CMSIS/Include/cmsis_gcc.h **** #if (defined (__ARM_FEATURE_CMSE) && (__ARM_FEATURE_CMSE == 3))
 606:Drivers/CMSIS/Include/cmsis_gcc.h **** /**
 607:Drivers/CMSIS/Include/cmsis_gcc.h ****   \brief   Get Process Stack Pointer Limit (non-secure)
 608:Drivers/CMSIS/Include/cmsis_gcc.h ****   Devices without ARMv8-M Main Extensions (i.e. Cortex-M23) lack the non-secure
 609:Drivers/CMSIS/Include/cmsis_gcc.h ****   Stack Pointer Limit register hence zero is returned always.
 610:Drivers/CMSIS/Include/cmsis_gcc.h **** 
 611:Drivers/CMSIS/Include/cmsis_gcc.h ****   \details Returns the current value of the non-secure Process Stack Pointer Limit (PSPLIM) when in
 612:Drivers/CMSIS/Include/cmsis_gcc.h ****   \return               PSPLIM Register value
 613:Drivers/CMSIS/Include/cmsis_gcc.h ****  */
 614:Drivers/CMSIS/Include/cmsis_gcc.h **** __STATIC_FORCEINLINE uint32_t __TZ_get_PSPLIM_NS(void)
 615:Drivers/CMSIS/Include/cmsis_gcc.h **** {
 616:Drivers/CMSIS/Include/cmsis_gcc.h **** #if (!(defined (__ARM_ARCH_8M_MAIN__ ) && (__ARM_ARCH_8M_MAIN__ == 1)))
 617:Drivers/CMSIS/Include/cmsis_gcc.h ****   // without main extensions, the non-secure PSPLIM is RAZ/WI
 618:Drivers/CMSIS/Include/cmsis_gcc.h ****   return 0U;
 619:Drivers/CMSIS/Include/cmsis_gcc.h **** #else
 620:Drivers/CMSIS/Include/cmsis_gcc.h ****   uint32_t result;
 621:Drivers/CMSIS/Include/cmsis_gcc.h ****   __ASM volatile ("MRS %0, psplim_ns"  : "=r" (result) );
 622:Drivers/CMSIS/Include/cmsis_gcc.h ****   return result;
 623:Drivers/CMSIS/Include/cmsis_gcc.h **** #endif
 624:Drivers/CMSIS/Include/cmsis_gcc.h **** }
 625:Drivers/CMSIS/Include/cmsis_gcc.h **** #endif
 626:Drivers/CMSIS/Include/cmsis_gcc.h **** 
 627:Drivers/CMSIS/Include/cmsis_gcc.h **** 
 628:Drivers/CMSIS/Include/cmsis_gcc.h **** /**
 629:Drivers/CMSIS/Include/cmsis_gcc.h ****   \brief   Set Process Stack Pointer Limit
 630:Drivers/CMSIS/Include/cmsis_gcc.h ****   Devices without ARMv8-M Main Extensions (i.e. Cortex-M23) lack the non-secure
 631:Drivers/CMSIS/Include/cmsis_gcc.h ****   Stack Pointer Limit register hence the write is silently ignored in non-secure
 632:Drivers/CMSIS/Include/cmsis_gcc.h ****   mode.
 633:Drivers/CMSIS/Include/cmsis_gcc.h ****   
 634:Drivers/CMSIS/Include/cmsis_gcc.h ****   \details Assigns the given value to the Process Stack Pointer Limit (PSPLIM).
 635:Drivers/CMSIS/Include/cmsis_gcc.h ****   \param [in]    ProcStackPtrLimit  Process Stack Pointer Limit value to set
 636:Drivers/CMSIS/Include/cmsis_gcc.h ****  */
 637:Drivers/CMSIS/Include/cmsis_gcc.h **** __STATIC_FORCEINLINE void __set_PSPLIM(uint32_t ProcStackPtrLimit)
 638:Drivers/CMSIS/Include/cmsis_gcc.h **** {
 639:Drivers/CMSIS/Include/cmsis_gcc.h **** #if (!(defined (__ARM_ARCH_8M_MAIN__ ) && (__ARM_ARCH_8M_MAIN__ == 1)) && \
 640:Drivers/CMSIS/Include/cmsis_gcc.h ****     (!defined (__ARM_FEATURE_CMSE) || (__ARM_FEATURE_CMSE < 3)))
 641:Drivers/CMSIS/Include/cmsis_gcc.h ****   // without main extensions, the non-secure PSPLIM is RAZ/WI
 642:Drivers/CMSIS/Include/cmsis_gcc.h ****   (void)ProcStackPtrLimit;
 643:Drivers/CMSIS/Include/cmsis_gcc.h **** #else
 644:Drivers/CMSIS/Include/cmsis_gcc.h ****   __ASM volatile ("MSR psplim, %0" : : "r" (ProcStackPtrLimit));
 645:Drivers/CMSIS/Include/cmsis_gcc.h **** #endif
 646:Drivers/CMSIS/Include/cmsis_gcc.h **** }
 647:Drivers/CMSIS/Include/cmsis_gcc.h **** 
 648:Drivers/CMSIS/Include/cmsis_gcc.h **** 
 649:Drivers/CMSIS/Include/cmsis_gcc.h **** #if (defined (__ARM_FEATURE_CMSE  ) && (__ARM_FEATURE_CMSE   == 3))
 650:Drivers/CMSIS/Include/cmsis_gcc.h **** /**
 651:Drivers/CMSIS/Include/cmsis_gcc.h ****   \brief   Set Process Stack Pointer (non-secure)
 652:Drivers/CMSIS/Include/cmsis_gcc.h ****   Devices without ARMv8-M Main Extensions (i.e. Cortex-M23) lack the non-secure
 653:Drivers/CMSIS/Include/cmsis_gcc.h ****   Stack Pointer Limit register hence the write is silently ignored.
 654:Drivers/CMSIS/Include/cmsis_gcc.h **** 
 655:Drivers/CMSIS/Include/cmsis_gcc.h ****   \details Assigns the given value to the non-secure Process Stack Pointer Limit (PSPLIM) when in s
 656:Drivers/CMSIS/Include/cmsis_gcc.h ****   \param [in]    ProcStackPtrLimit  Process Stack Pointer Limit value to set
 657:Drivers/CMSIS/Include/cmsis_gcc.h ****  */
 658:Drivers/CMSIS/Include/cmsis_gcc.h **** __STATIC_FORCEINLINE void __TZ_set_PSPLIM_NS(uint32_t ProcStackPtrLimit)
 659:Drivers/CMSIS/Include/cmsis_gcc.h **** {
 660:Drivers/CMSIS/Include/cmsis_gcc.h **** #if (!(defined (__ARM_ARCH_8M_MAIN__ ) && (__ARM_ARCH_8M_MAIN__ == 1)))
 661:Drivers/CMSIS/Include/cmsis_gcc.h ****   // without main extensions, the non-secure PSPLIM is RAZ/WI
ARM GAS  /tmp/ccRCfR3k.s 			page 22


 662:Drivers/CMSIS/Include/cmsis_gcc.h ****   (void)ProcStackPtrLimit;
 663:Drivers/CMSIS/Include/cmsis_gcc.h **** #else
 664:Drivers/CMSIS/Include/cmsis_gcc.h ****   __ASM volatile ("MSR psplim_ns, %0\n" : : "r" (ProcStackPtrLimit));
 665:Drivers/CMSIS/Include/cmsis_gcc.h **** #endif
 666:Drivers/CMSIS/Include/cmsis_gcc.h **** }
 667:Drivers/CMSIS/Include/cmsis_gcc.h **** #endif
 668:Drivers/CMSIS/Include/cmsis_gcc.h **** 
 669:Drivers/CMSIS/Include/cmsis_gcc.h **** 
 670:Drivers/CMSIS/Include/cmsis_gcc.h **** /**
 671:Drivers/CMSIS/Include/cmsis_gcc.h ****   \brief   Get Main Stack Pointer Limit
 672:Drivers/CMSIS/Include/cmsis_gcc.h ****   Devices without ARMv8-M Main Extensions (i.e. Cortex-M23) lack the non-secure
 673:Drivers/CMSIS/Include/cmsis_gcc.h ****   Stack Pointer Limit register hence zero is returned always in non-secure
 674:Drivers/CMSIS/Include/cmsis_gcc.h ****   mode.
 675:Drivers/CMSIS/Include/cmsis_gcc.h **** 
 676:Drivers/CMSIS/Include/cmsis_gcc.h ****   \details Returns the current value of the Main Stack Pointer Limit (MSPLIM).
 677:Drivers/CMSIS/Include/cmsis_gcc.h ****   \return               MSPLIM Register value
 678:Drivers/CMSIS/Include/cmsis_gcc.h ****  */
 679:Drivers/CMSIS/Include/cmsis_gcc.h **** __STATIC_FORCEINLINE uint32_t __get_MSPLIM(void)
 680:Drivers/CMSIS/Include/cmsis_gcc.h **** {
 681:Drivers/CMSIS/Include/cmsis_gcc.h **** #if (!(defined (__ARM_ARCH_8M_MAIN__ ) && (__ARM_ARCH_8M_MAIN__ == 1)) && \
 682:Drivers/CMSIS/Include/cmsis_gcc.h ****     (!defined (__ARM_FEATURE_CMSE) || (__ARM_FEATURE_CMSE < 3)))
 683:Drivers/CMSIS/Include/cmsis_gcc.h ****   // without main extensions, the non-secure MSPLIM is RAZ/WI
 684:Drivers/CMSIS/Include/cmsis_gcc.h ****   return 0U;
 685:Drivers/CMSIS/Include/cmsis_gcc.h **** #else
 686:Drivers/CMSIS/Include/cmsis_gcc.h ****   uint32_t result;
 687:Drivers/CMSIS/Include/cmsis_gcc.h ****   __ASM volatile ("MRS %0, msplim" : "=r" (result) );
 688:Drivers/CMSIS/Include/cmsis_gcc.h ****   return result;
 689:Drivers/CMSIS/Include/cmsis_gcc.h **** #endif
 690:Drivers/CMSIS/Include/cmsis_gcc.h **** }
 691:Drivers/CMSIS/Include/cmsis_gcc.h **** 
 692:Drivers/CMSIS/Include/cmsis_gcc.h **** 
 693:Drivers/CMSIS/Include/cmsis_gcc.h **** #if (defined (__ARM_FEATURE_CMSE  ) && (__ARM_FEATURE_CMSE   == 3))
 694:Drivers/CMSIS/Include/cmsis_gcc.h **** /**
 695:Drivers/CMSIS/Include/cmsis_gcc.h ****   \brief   Get Main Stack Pointer Limit (non-secure)
 696:Drivers/CMSIS/Include/cmsis_gcc.h ****   Devices without ARMv8-M Main Extensions (i.e. Cortex-M23) lack the non-secure
 697:Drivers/CMSIS/Include/cmsis_gcc.h ****   Stack Pointer Limit register hence zero is returned always.
 698:Drivers/CMSIS/Include/cmsis_gcc.h **** 
 699:Drivers/CMSIS/Include/cmsis_gcc.h ****   \details Returns the current value of the non-secure Main Stack Pointer Limit(MSPLIM) when in sec
 700:Drivers/CMSIS/Include/cmsis_gcc.h ****   \return               MSPLIM Register value
 701:Drivers/CMSIS/Include/cmsis_gcc.h ****  */
 702:Drivers/CMSIS/Include/cmsis_gcc.h **** __STATIC_FORCEINLINE uint32_t __TZ_get_MSPLIM_NS(void)
 703:Drivers/CMSIS/Include/cmsis_gcc.h **** {
 704:Drivers/CMSIS/Include/cmsis_gcc.h **** #if (!(defined (__ARM_ARCH_8M_MAIN__ ) && (__ARM_ARCH_8M_MAIN__ == 1)))
 705:Drivers/CMSIS/Include/cmsis_gcc.h ****   // without main extensions, the non-secure MSPLIM is RAZ/WI
 706:Drivers/CMSIS/Include/cmsis_gcc.h ****   return 0U;
 707:Drivers/CMSIS/Include/cmsis_gcc.h **** #else
 708:Drivers/CMSIS/Include/cmsis_gcc.h ****   uint32_t result;
 709:Drivers/CMSIS/Include/cmsis_gcc.h ****   __ASM volatile ("MRS %0, msplim_ns" : "=r" (result) );
 710:Drivers/CMSIS/Include/cmsis_gcc.h ****   return result;
 711:Drivers/CMSIS/Include/cmsis_gcc.h **** #endif
 712:Drivers/CMSIS/Include/cmsis_gcc.h **** }
 713:Drivers/CMSIS/Include/cmsis_gcc.h **** #endif
 714:Drivers/CMSIS/Include/cmsis_gcc.h **** 
 715:Drivers/CMSIS/Include/cmsis_gcc.h **** 
 716:Drivers/CMSIS/Include/cmsis_gcc.h **** /**
 717:Drivers/CMSIS/Include/cmsis_gcc.h ****   \brief   Set Main Stack Pointer Limit
 718:Drivers/CMSIS/Include/cmsis_gcc.h ****   Devices without ARMv8-M Main Extensions (i.e. Cortex-M23) lack the non-secure
ARM GAS  /tmp/ccRCfR3k.s 			page 23


 719:Drivers/CMSIS/Include/cmsis_gcc.h ****   Stack Pointer Limit register hence the write is silently ignored in non-secure
 720:Drivers/CMSIS/Include/cmsis_gcc.h ****   mode.
 721:Drivers/CMSIS/Include/cmsis_gcc.h **** 
 722:Drivers/CMSIS/Include/cmsis_gcc.h ****   \details Assigns the given value to the Main Stack Pointer Limit (MSPLIM).
 723:Drivers/CMSIS/Include/cmsis_gcc.h ****   \param [in]    MainStackPtrLimit  Main Stack Pointer Limit value to set
 724:Drivers/CMSIS/Include/cmsis_gcc.h ****  */
 725:Drivers/CMSIS/Include/cmsis_gcc.h **** __STATIC_FORCEINLINE void __set_MSPLIM(uint32_t MainStackPtrLimit)
 726:Drivers/CMSIS/Include/cmsis_gcc.h **** {
 727:Drivers/CMSIS/Include/cmsis_gcc.h **** #if (!(defined (__ARM_ARCH_8M_MAIN__ ) && (__ARM_ARCH_8M_MAIN__ == 1)) && \
 728:Drivers/CMSIS/Include/cmsis_gcc.h ****     (!defined (__ARM_FEATURE_CMSE) || (__ARM_FEATURE_CMSE < 3)))
 729:Drivers/CMSIS/Include/cmsis_gcc.h ****   // without main extensions, the non-secure MSPLIM is RAZ/WI
 730:Drivers/CMSIS/Include/cmsis_gcc.h ****   (void)MainStackPtrLimit;
 731:Drivers/CMSIS/Include/cmsis_gcc.h **** #else
 732:Drivers/CMSIS/Include/cmsis_gcc.h ****   __ASM volatile ("MSR msplim, %0" : : "r" (MainStackPtrLimit));
 733:Drivers/CMSIS/Include/cmsis_gcc.h **** #endif
 734:Drivers/CMSIS/Include/cmsis_gcc.h **** }
 735:Drivers/CMSIS/Include/cmsis_gcc.h **** 
 736:Drivers/CMSIS/Include/cmsis_gcc.h **** 
 737:Drivers/CMSIS/Include/cmsis_gcc.h **** #if (defined (__ARM_FEATURE_CMSE  ) && (__ARM_FEATURE_CMSE   == 3))
 738:Drivers/CMSIS/Include/cmsis_gcc.h **** /**
 739:Drivers/CMSIS/Include/cmsis_gcc.h ****   \brief   Set Main Stack Pointer Limit (non-secure)
 740:Drivers/CMSIS/Include/cmsis_gcc.h ****   Devices without ARMv8-M Main Extensions (i.e. Cortex-M23) lack the non-secure
 741:Drivers/CMSIS/Include/cmsis_gcc.h ****   Stack Pointer Limit register hence the write is silently ignored.
 742:Drivers/CMSIS/Include/cmsis_gcc.h **** 
 743:Drivers/CMSIS/Include/cmsis_gcc.h ****   \details Assigns the given value to the non-secure Main Stack Pointer Limit (MSPLIM) when in secu
 744:Drivers/CMSIS/Include/cmsis_gcc.h ****   \param [in]    MainStackPtrLimit  Main Stack Pointer value to set
 745:Drivers/CMSIS/Include/cmsis_gcc.h ****  */
 746:Drivers/CMSIS/Include/cmsis_gcc.h **** __STATIC_FORCEINLINE void __TZ_set_MSPLIM_NS(uint32_t MainStackPtrLimit)
 747:Drivers/CMSIS/Include/cmsis_gcc.h **** {
 748:Drivers/CMSIS/Include/cmsis_gcc.h **** #if (!(defined (__ARM_ARCH_8M_MAIN__ ) && (__ARM_ARCH_8M_MAIN__ == 1)))
 749:Drivers/CMSIS/Include/cmsis_gcc.h ****   // without main extensions, the non-secure MSPLIM is RAZ/WI
 750:Drivers/CMSIS/Include/cmsis_gcc.h ****   (void)MainStackPtrLimit;
 751:Drivers/CMSIS/Include/cmsis_gcc.h **** #else
 752:Drivers/CMSIS/Include/cmsis_gcc.h ****   __ASM volatile ("MSR msplim_ns, %0" : : "r" (MainStackPtrLimit));
 753:Drivers/CMSIS/Include/cmsis_gcc.h **** #endif
 754:Drivers/CMSIS/Include/cmsis_gcc.h **** }
 755:Drivers/CMSIS/Include/cmsis_gcc.h **** #endif
 756:Drivers/CMSIS/Include/cmsis_gcc.h **** 
 757:Drivers/CMSIS/Include/cmsis_gcc.h **** #endif /* ((defined (__ARM_ARCH_8M_MAIN__ ) && (__ARM_ARCH_8M_MAIN__ == 1)) || \
 758:Drivers/CMSIS/Include/cmsis_gcc.h ****            (defined (__ARM_ARCH_8M_BASE__ ) && (__ARM_ARCH_8M_BASE__ == 1))    ) */
 759:Drivers/CMSIS/Include/cmsis_gcc.h **** 
 760:Drivers/CMSIS/Include/cmsis_gcc.h **** 
 761:Drivers/CMSIS/Include/cmsis_gcc.h **** /**
 762:Drivers/CMSIS/Include/cmsis_gcc.h ****   \brief   Get FPSCR
 763:Drivers/CMSIS/Include/cmsis_gcc.h ****   \details Returns the current value of the Floating Point Status/Control register.
 764:Drivers/CMSIS/Include/cmsis_gcc.h ****   \return               Floating Point Status/Control register value
 765:Drivers/CMSIS/Include/cmsis_gcc.h ****  */
 766:Drivers/CMSIS/Include/cmsis_gcc.h **** __STATIC_FORCEINLINE uint32_t __get_FPSCR(void)
 767:Drivers/CMSIS/Include/cmsis_gcc.h **** {
 768:Drivers/CMSIS/Include/cmsis_gcc.h **** #if ((defined (__FPU_PRESENT) && (__FPU_PRESENT == 1U)) && \
 769:Drivers/CMSIS/Include/cmsis_gcc.h ****      (defined (__FPU_USED   ) && (__FPU_USED    == 1U))     )
 770:Drivers/CMSIS/Include/cmsis_gcc.h **** #if __has_builtin(__builtin_arm_get_fpscr) 
 771:Drivers/CMSIS/Include/cmsis_gcc.h **** // Re-enable using built-in when GCC has been fixed
 772:Drivers/CMSIS/Include/cmsis_gcc.h **** // || (__GNUC__ > 7) || (__GNUC__ == 7 && __GNUC_MINOR__ >= 2)
 773:Drivers/CMSIS/Include/cmsis_gcc.h ****   /* see https://gcc.gnu.org/ml/gcc-patches/2017-04/msg00443.html */
 774:Drivers/CMSIS/Include/cmsis_gcc.h ****   return __builtin_arm_get_fpscr();
 775:Drivers/CMSIS/Include/cmsis_gcc.h **** #else
ARM GAS  /tmp/ccRCfR3k.s 			page 24


 776:Drivers/CMSIS/Include/cmsis_gcc.h ****   uint32_t result;
 777:Drivers/CMSIS/Include/cmsis_gcc.h **** 
 778:Drivers/CMSIS/Include/cmsis_gcc.h ****   __ASM volatile ("VMRS %0, fpscr" : "=r" (result) );
 779:Drivers/CMSIS/Include/cmsis_gcc.h ****   return(result);
 780:Drivers/CMSIS/Include/cmsis_gcc.h **** #endif
 781:Drivers/CMSIS/Include/cmsis_gcc.h **** #else
 782:Drivers/CMSIS/Include/cmsis_gcc.h ****   return(0U);
 783:Drivers/CMSIS/Include/cmsis_gcc.h **** #endif
 784:Drivers/CMSIS/Include/cmsis_gcc.h **** }
 785:Drivers/CMSIS/Include/cmsis_gcc.h **** 
 786:Drivers/CMSIS/Include/cmsis_gcc.h **** 
 787:Drivers/CMSIS/Include/cmsis_gcc.h **** /**
 788:Drivers/CMSIS/Include/cmsis_gcc.h ****   \brief   Set FPSCR
 789:Drivers/CMSIS/Include/cmsis_gcc.h ****   \details Assigns the given value to the Floating Point Status/Control register.
 790:Drivers/CMSIS/Include/cmsis_gcc.h ****   \param [in]    fpscr  Floating Point Status/Control value to set
 791:Drivers/CMSIS/Include/cmsis_gcc.h ****  */
 792:Drivers/CMSIS/Include/cmsis_gcc.h **** __STATIC_FORCEINLINE void __set_FPSCR(uint32_t fpscr)
 793:Drivers/CMSIS/Include/cmsis_gcc.h **** {
 794:Drivers/CMSIS/Include/cmsis_gcc.h **** #if ((defined (__FPU_PRESENT) && (__FPU_PRESENT == 1U)) && \
 795:Drivers/CMSIS/Include/cmsis_gcc.h ****      (defined (__FPU_USED   ) && (__FPU_USED    == 1U))     )
 796:Drivers/CMSIS/Include/cmsis_gcc.h **** #if __has_builtin(__builtin_arm_set_fpscr)
 797:Drivers/CMSIS/Include/cmsis_gcc.h **** // Re-enable using built-in when GCC has been fixed
 798:Drivers/CMSIS/Include/cmsis_gcc.h **** // || (__GNUC__ > 7) || (__GNUC__ == 7 && __GNUC_MINOR__ >= 2)
 799:Drivers/CMSIS/Include/cmsis_gcc.h ****   /* see https://gcc.gnu.org/ml/gcc-patches/2017-04/msg00443.html */
 800:Drivers/CMSIS/Include/cmsis_gcc.h ****   __builtin_arm_set_fpscr(fpscr);
 801:Drivers/CMSIS/Include/cmsis_gcc.h **** #else
 802:Drivers/CMSIS/Include/cmsis_gcc.h ****   __ASM volatile ("VMSR fpscr, %0" : : "r" (fpscr) : "vfpcc", "memory");
 803:Drivers/CMSIS/Include/cmsis_gcc.h **** #endif
 804:Drivers/CMSIS/Include/cmsis_gcc.h **** #else
 805:Drivers/CMSIS/Include/cmsis_gcc.h ****   (void)fpscr;
 806:Drivers/CMSIS/Include/cmsis_gcc.h **** #endif
 807:Drivers/CMSIS/Include/cmsis_gcc.h **** }
 808:Drivers/CMSIS/Include/cmsis_gcc.h **** 
 809:Drivers/CMSIS/Include/cmsis_gcc.h **** 
 810:Drivers/CMSIS/Include/cmsis_gcc.h **** /*@} end of CMSIS_Core_RegAccFunctions */
 811:Drivers/CMSIS/Include/cmsis_gcc.h **** 
 812:Drivers/CMSIS/Include/cmsis_gcc.h **** 
 813:Drivers/CMSIS/Include/cmsis_gcc.h **** /* ##########################  Core Instruction Access  ######################### */
 814:Drivers/CMSIS/Include/cmsis_gcc.h **** /** \defgroup CMSIS_Core_InstructionInterface CMSIS Core Instruction Interface
 815:Drivers/CMSIS/Include/cmsis_gcc.h ****   Access to dedicated instructions
 816:Drivers/CMSIS/Include/cmsis_gcc.h ****   @{
 817:Drivers/CMSIS/Include/cmsis_gcc.h **** */
 818:Drivers/CMSIS/Include/cmsis_gcc.h **** 
 819:Drivers/CMSIS/Include/cmsis_gcc.h **** /* Define macros for porting to both thumb1 and thumb2.
 820:Drivers/CMSIS/Include/cmsis_gcc.h ****  * For thumb1, use low register (r0-r7), specified by constraint "l"
 821:Drivers/CMSIS/Include/cmsis_gcc.h ****  * Otherwise, use general registers, specified by constraint "r" */
 822:Drivers/CMSIS/Include/cmsis_gcc.h **** #if defined (__thumb__) && !defined (__thumb2__)
 823:Drivers/CMSIS/Include/cmsis_gcc.h **** #define __CMSIS_GCC_OUT_REG(r) "=l" (r)
 824:Drivers/CMSIS/Include/cmsis_gcc.h **** #define __CMSIS_GCC_RW_REG(r) "+l" (r)
 825:Drivers/CMSIS/Include/cmsis_gcc.h **** #define __CMSIS_GCC_USE_REG(r) "l" (r)
 826:Drivers/CMSIS/Include/cmsis_gcc.h **** #else
 827:Drivers/CMSIS/Include/cmsis_gcc.h **** #define __CMSIS_GCC_OUT_REG(r) "=r" (r)
 828:Drivers/CMSIS/Include/cmsis_gcc.h **** #define __CMSIS_GCC_RW_REG(r) "+r" (r)
 829:Drivers/CMSIS/Include/cmsis_gcc.h **** #define __CMSIS_GCC_USE_REG(r) "r" (r)
 830:Drivers/CMSIS/Include/cmsis_gcc.h **** #endif
 831:Drivers/CMSIS/Include/cmsis_gcc.h **** 
 832:Drivers/CMSIS/Include/cmsis_gcc.h **** /**
ARM GAS  /tmp/ccRCfR3k.s 			page 25


 833:Drivers/CMSIS/Include/cmsis_gcc.h ****   \brief   No Operation
 834:Drivers/CMSIS/Include/cmsis_gcc.h ****   \details No Operation does nothing. This instruction can be used for code alignment purposes.
 835:Drivers/CMSIS/Include/cmsis_gcc.h ****  */
 836:Drivers/CMSIS/Include/cmsis_gcc.h **** #define __NOP()                             __ASM volatile ("nop")
 837:Drivers/CMSIS/Include/cmsis_gcc.h **** 
 838:Drivers/CMSIS/Include/cmsis_gcc.h **** /**
 839:Drivers/CMSIS/Include/cmsis_gcc.h ****   \brief   Wait For Interrupt
 840:Drivers/CMSIS/Include/cmsis_gcc.h ****   \details Wait For Interrupt is a hint instruction that suspends execution until one of a number o
 841:Drivers/CMSIS/Include/cmsis_gcc.h ****  */
 842:Drivers/CMSIS/Include/cmsis_gcc.h **** #define __WFI()                             __ASM volatile ("wfi")
 843:Drivers/CMSIS/Include/cmsis_gcc.h **** 
 844:Drivers/CMSIS/Include/cmsis_gcc.h **** 
 845:Drivers/CMSIS/Include/cmsis_gcc.h **** /**
 846:Drivers/CMSIS/Include/cmsis_gcc.h ****   \brief   Wait For Event
 847:Drivers/CMSIS/Include/cmsis_gcc.h ****   \details Wait For Event is a hint instruction that permits the processor to enter
 848:Drivers/CMSIS/Include/cmsis_gcc.h ****            a low-power state until one of a number of events occurs.
 849:Drivers/CMSIS/Include/cmsis_gcc.h ****  */
 850:Drivers/CMSIS/Include/cmsis_gcc.h **** #define __WFE()                             __ASM volatile ("wfe")
 851:Drivers/CMSIS/Include/cmsis_gcc.h **** 
 852:Drivers/CMSIS/Include/cmsis_gcc.h **** 
 853:Drivers/CMSIS/Include/cmsis_gcc.h **** /**
 854:Drivers/CMSIS/Include/cmsis_gcc.h ****   \brief   Send Event
 855:Drivers/CMSIS/Include/cmsis_gcc.h ****   \details Send Event is a hint instruction. It causes an event to be signaled to the CPU.
 856:Drivers/CMSIS/Include/cmsis_gcc.h ****  */
 857:Drivers/CMSIS/Include/cmsis_gcc.h **** #define __SEV()                             __ASM volatile ("sev")
 858:Drivers/CMSIS/Include/cmsis_gcc.h **** 
 859:Drivers/CMSIS/Include/cmsis_gcc.h **** 
 860:Drivers/CMSIS/Include/cmsis_gcc.h **** /**
 861:Drivers/CMSIS/Include/cmsis_gcc.h ****   \brief   Instruction Synchronization Barrier
 862:Drivers/CMSIS/Include/cmsis_gcc.h ****   \details Instruction Synchronization Barrier flushes the pipeline in the processor,
 863:Drivers/CMSIS/Include/cmsis_gcc.h ****            so that all instructions following the ISB are fetched from cache or memory,
 864:Drivers/CMSIS/Include/cmsis_gcc.h ****            after the instruction has been completed.
 865:Drivers/CMSIS/Include/cmsis_gcc.h ****  */
 866:Drivers/CMSIS/Include/cmsis_gcc.h **** __STATIC_FORCEINLINE void __ISB(void)
 867:Drivers/CMSIS/Include/cmsis_gcc.h **** {
 868:Drivers/CMSIS/Include/cmsis_gcc.h ****   __ASM volatile ("isb 0xF":::"memory");
 869:Drivers/CMSIS/Include/cmsis_gcc.h **** }
 870:Drivers/CMSIS/Include/cmsis_gcc.h **** 
 871:Drivers/CMSIS/Include/cmsis_gcc.h **** 
 872:Drivers/CMSIS/Include/cmsis_gcc.h **** /**
 873:Drivers/CMSIS/Include/cmsis_gcc.h ****   \brief   Data Synchronization Barrier
 874:Drivers/CMSIS/Include/cmsis_gcc.h ****   \details Acts as a special kind of Data Memory Barrier.
 875:Drivers/CMSIS/Include/cmsis_gcc.h ****            It completes when all explicit memory accesses before this instruction complete.
 876:Drivers/CMSIS/Include/cmsis_gcc.h ****  */
 877:Drivers/CMSIS/Include/cmsis_gcc.h **** __STATIC_FORCEINLINE void __DSB(void)
 878:Drivers/CMSIS/Include/cmsis_gcc.h **** {
 879:Drivers/CMSIS/Include/cmsis_gcc.h ****   __ASM volatile ("dsb 0xF":::"memory");
 880:Drivers/CMSIS/Include/cmsis_gcc.h **** }
 881:Drivers/CMSIS/Include/cmsis_gcc.h **** 
 882:Drivers/CMSIS/Include/cmsis_gcc.h **** 
 883:Drivers/CMSIS/Include/cmsis_gcc.h **** /**
 884:Drivers/CMSIS/Include/cmsis_gcc.h ****   \brief   Data Memory Barrier
 885:Drivers/CMSIS/Include/cmsis_gcc.h ****   \details Ensures the apparent order of the explicit memory operations before
 886:Drivers/CMSIS/Include/cmsis_gcc.h ****            and after the instruction, without ensuring their completion.
 887:Drivers/CMSIS/Include/cmsis_gcc.h ****  */
 888:Drivers/CMSIS/Include/cmsis_gcc.h **** __STATIC_FORCEINLINE void __DMB(void)
 889:Drivers/CMSIS/Include/cmsis_gcc.h **** {
ARM GAS  /tmp/ccRCfR3k.s 			page 26


 890:Drivers/CMSIS/Include/cmsis_gcc.h ****   __ASM volatile ("dmb 0xF":::"memory");
 891:Drivers/CMSIS/Include/cmsis_gcc.h **** }
 892:Drivers/CMSIS/Include/cmsis_gcc.h **** 
 893:Drivers/CMSIS/Include/cmsis_gcc.h **** 
 894:Drivers/CMSIS/Include/cmsis_gcc.h **** /**
 895:Drivers/CMSIS/Include/cmsis_gcc.h ****   \brief   Reverse byte order (32 bit)
 896:Drivers/CMSIS/Include/cmsis_gcc.h ****   \details Reverses the byte order in unsigned integer value. For example, 0x12345678 becomes 0x785
 897:Drivers/CMSIS/Include/cmsis_gcc.h ****   \param [in]    value  Value to reverse
 898:Drivers/CMSIS/Include/cmsis_gcc.h ****   \return               Reversed value
 899:Drivers/CMSIS/Include/cmsis_gcc.h ****  */
 900:Drivers/CMSIS/Include/cmsis_gcc.h **** __STATIC_FORCEINLINE uint32_t __REV(uint32_t value)
 901:Drivers/CMSIS/Include/cmsis_gcc.h **** {
 902:Drivers/CMSIS/Include/cmsis_gcc.h **** #if (__GNUC__ > 4) || (__GNUC__ == 4 && __GNUC_MINOR__ >= 5)
 903:Drivers/CMSIS/Include/cmsis_gcc.h ****   return __builtin_bswap32(value);
 904:Drivers/CMSIS/Include/cmsis_gcc.h **** #else
 905:Drivers/CMSIS/Include/cmsis_gcc.h ****   uint32_t result;
 906:Drivers/CMSIS/Include/cmsis_gcc.h **** 
 907:Drivers/CMSIS/Include/cmsis_gcc.h ****   __ASM volatile ("rev %0, %1" : __CMSIS_GCC_OUT_REG (result) : __CMSIS_GCC_USE_REG (value) );
 908:Drivers/CMSIS/Include/cmsis_gcc.h ****   return result;
 909:Drivers/CMSIS/Include/cmsis_gcc.h **** #endif
 910:Drivers/CMSIS/Include/cmsis_gcc.h **** }
 911:Drivers/CMSIS/Include/cmsis_gcc.h **** 
 912:Drivers/CMSIS/Include/cmsis_gcc.h **** 
 913:Drivers/CMSIS/Include/cmsis_gcc.h **** /**
 914:Drivers/CMSIS/Include/cmsis_gcc.h ****   \brief   Reverse byte order (16 bit)
 915:Drivers/CMSIS/Include/cmsis_gcc.h ****   \details Reverses the byte order within each halfword of a word. For example, 0x12345678 becomes 
 916:Drivers/CMSIS/Include/cmsis_gcc.h ****   \param [in]    value  Value to reverse
 917:Drivers/CMSIS/Include/cmsis_gcc.h ****   \return               Reversed value
 918:Drivers/CMSIS/Include/cmsis_gcc.h ****  */
 919:Drivers/CMSIS/Include/cmsis_gcc.h **** __STATIC_FORCEINLINE uint32_t __REV16(uint32_t value)
 920:Drivers/CMSIS/Include/cmsis_gcc.h **** {
 921:Drivers/CMSIS/Include/cmsis_gcc.h ****   uint32_t result;
 922:Drivers/CMSIS/Include/cmsis_gcc.h **** 
 923:Drivers/CMSIS/Include/cmsis_gcc.h ****   __ASM volatile ("rev16 %0, %1" : __CMSIS_GCC_OUT_REG (result) : __CMSIS_GCC_USE_REG (value) );
 924:Drivers/CMSIS/Include/cmsis_gcc.h ****   return result;
 925:Drivers/CMSIS/Include/cmsis_gcc.h **** }
 926:Drivers/CMSIS/Include/cmsis_gcc.h **** 
 927:Drivers/CMSIS/Include/cmsis_gcc.h **** 
 928:Drivers/CMSIS/Include/cmsis_gcc.h **** /**
 929:Drivers/CMSIS/Include/cmsis_gcc.h ****   \brief   Reverse byte order (16 bit)
 930:Drivers/CMSIS/Include/cmsis_gcc.h ****   \details Reverses the byte order in a 16-bit value and returns the signed 16-bit result. For exam
 931:Drivers/CMSIS/Include/cmsis_gcc.h ****   \param [in]    value  Value to reverse
 932:Drivers/CMSIS/Include/cmsis_gcc.h ****   \return               Reversed value
 933:Drivers/CMSIS/Include/cmsis_gcc.h ****  */
 934:Drivers/CMSIS/Include/cmsis_gcc.h **** __STATIC_FORCEINLINE int16_t __REVSH(int16_t value)
 935:Drivers/CMSIS/Include/cmsis_gcc.h **** {
 936:Drivers/CMSIS/Include/cmsis_gcc.h **** #if (__GNUC__ > 4) || (__GNUC__ == 4 && __GNUC_MINOR__ >= 8)
 937:Drivers/CMSIS/Include/cmsis_gcc.h ****   return (int16_t)__builtin_bswap16(value);
 938:Drivers/CMSIS/Include/cmsis_gcc.h **** #else
 939:Drivers/CMSIS/Include/cmsis_gcc.h ****   int16_t result;
 940:Drivers/CMSIS/Include/cmsis_gcc.h **** 
 941:Drivers/CMSIS/Include/cmsis_gcc.h ****   __ASM volatile ("revsh %0, %1" : __CMSIS_GCC_OUT_REG (result) : __CMSIS_GCC_USE_REG (value) );
 942:Drivers/CMSIS/Include/cmsis_gcc.h ****   return result;
 943:Drivers/CMSIS/Include/cmsis_gcc.h **** #endif
 944:Drivers/CMSIS/Include/cmsis_gcc.h **** }
 945:Drivers/CMSIS/Include/cmsis_gcc.h **** 
 946:Drivers/CMSIS/Include/cmsis_gcc.h **** 
ARM GAS  /tmp/ccRCfR3k.s 			page 27


 947:Drivers/CMSIS/Include/cmsis_gcc.h **** /**
 948:Drivers/CMSIS/Include/cmsis_gcc.h ****   \brief   Rotate Right in unsigned value (32 bit)
 949:Drivers/CMSIS/Include/cmsis_gcc.h ****   \details Rotate Right (immediate) provides the value of the contents of a register rotated by a v
 950:Drivers/CMSIS/Include/cmsis_gcc.h ****   \param [in]    op1  Value to rotate
 951:Drivers/CMSIS/Include/cmsis_gcc.h ****   \param [in]    op2  Number of Bits to rotate
 952:Drivers/CMSIS/Include/cmsis_gcc.h ****   \return               Rotated value
 953:Drivers/CMSIS/Include/cmsis_gcc.h ****  */
 954:Drivers/CMSIS/Include/cmsis_gcc.h **** __STATIC_FORCEINLINE uint32_t __ROR(uint32_t op1, uint32_t op2)
 955:Drivers/CMSIS/Include/cmsis_gcc.h **** {
 956:Drivers/CMSIS/Include/cmsis_gcc.h ****   op2 %= 32U;
 957:Drivers/CMSIS/Include/cmsis_gcc.h ****   if (op2 == 0U)
 958:Drivers/CMSIS/Include/cmsis_gcc.h ****   {
 959:Drivers/CMSIS/Include/cmsis_gcc.h ****     return op1;
 960:Drivers/CMSIS/Include/cmsis_gcc.h ****   }
 961:Drivers/CMSIS/Include/cmsis_gcc.h ****   return (op1 >> op2) | (op1 << (32U - op2));
 962:Drivers/CMSIS/Include/cmsis_gcc.h **** }
 963:Drivers/CMSIS/Include/cmsis_gcc.h **** 
 964:Drivers/CMSIS/Include/cmsis_gcc.h **** 
 965:Drivers/CMSIS/Include/cmsis_gcc.h **** /**
 966:Drivers/CMSIS/Include/cmsis_gcc.h ****   \brief   Breakpoint
 967:Drivers/CMSIS/Include/cmsis_gcc.h ****   \details Causes the processor to enter Debug state.
 968:Drivers/CMSIS/Include/cmsis_gcc.h ****            Debug tools can use this to investigate system state when the instruction at a particula
 969:Drivers/CMSIS/Include/cmsis_gcc.h ****   \param [in]    value  is ignored by the processor.
 970:Drivers/CMSIS/Include/cmsis_gcc.h ****                  If required, a debugger can use it to store additional information about the break
 971:Drivers/CMSIS/Include/cmsis_gcc.h ****  */
 972:Drivers/CMSIS/Include/cmsis_gcc.h **** #define __BKPT(value)                       __ASM volatile ("bkpt "#value)
 973:Drivers/CMSIS/Include/cmsis_gcc.h **** 
 974:Drivers/CMSIS/Include/cmsis_gcc.h **** 
 975:Drivers/CMSIS/Include/cmsis_gcc.h **** /**
 976:Drivers/CMSIS/Include/cmsis_gcc.h ****   \brief   Reverse bit order of value
 977:Drivers/CMSIS/Include/cmsis_gcc.h ****   \details Reverses the bit order of the given value.
 978:Drivers/CMSIS/Include/cmsis_gcc.h ****   \param [in]    value  Value to reverse
 979:Drivers/CMSIS/Include/cmsis_gcc.h ****   \return               Reversed value
 980:Drivers/CMSIS/Include/cmsis_gcc.h ****  */
 981:Drivers/CMSIS/Include/cmsis_gcc.h **** __STATIC_FORCEINLINE uint32_t __RBIT(uint32_t value)
 200              		.loc 2 981 31 view .LVU55
 201              	.LBB163:
 982:Drivers/CMSIS/Include/cmsis_gcc.h **** {
 983:Drivers/CMSIS/Include/cmsis_gcc.h ****   uint32_t result;
 202              		.loc 2 983 3 view .LVU56
 984:Drivers/CMSIS/Include/cmsis_gcc.h **** 
 985:Drivers/CMSIS/Include/cmsis_gcc.h **** #if ((defined (__ARM_ARCH_7M__      ) && (__ARM_ARCH_7M__      == 1)) || \
 986:Drivers/CMSIS/Include/cmsis_gcc.h ****      (defined (__ARM_ARCH_7EM__     ) && (__ARM_ARCH_7EM__     == 1)) || \
 987:Drivers/CMSIS/Include/cmsis_gcc.h ****      (defined (__ARM_ARCH_8M_MAIN__ ) && (__ARM_ARCH_8M_MAIN__ == 1))    )
 988:Drivers/CMSIS/Include/cmsis_gcc.h ****    __ASM volatile ("rbit %0, %1" : "=r" (result) : "r" (value) );
 203              		.loc 2 988 4 view .LVU57
 204 00c2 4FF08072 		mov	r2, #16777216
 205              		.syntax unified
 206              	@ 988 "Drivers/CMSIS/Include/cmsis_gcc.h" 1
 207 00c6 92FAA2F2 		rbit r2, r2
 208              	@ 0 "" 2
 209              	.LVL17:
 989:Drivers/CMSIS/Include/cmsis_gcc.h **** #else
 990:Drivers/CMSIS/Include/cmsis_gcc.h ****   uint32_t s = (4U /*sizeof(v)*/ * 8U) - 1U; /* extra shift needed at end */
 991:Drivers/CMSIS/Include/cmsis_gcc.h **** 
 992:Drivers/CMSIS/Include/cmsis_gcc.h ****   result = value;                      /* r will be reversed bits of v; first get LSB of v */
 993:Drivers/CMSIS/Include/cmsis_gcc.h ****   for (value >>= 1U; value != 0U; value >>= 1U)
ARM GAS  /tmp/ccRCfR3k.s 			page 28


 994:Drivers/CMSIS/Include/cmsis_gcc.h ****   {
 995:Drivers/CMSIS/Include/cmsis_gcc.h ****     result <<= 1U;
 996:Drivers/CMSIS/Include/cmsis_gcc.h ****     result |= value & 1U;
 997:Drivers/CMSIS/Include/cmsis_gcc.h ****     s--;
 998:Drivers/CMSIS/Include/cmsis_gcc.h ****   }
 999:Drivers/CMSIS/Include/cmsis_gcc.h ****   result <<= s;                        /* shift when v's highest bits are zero */
1000:Drivers/CMSIS/Include/cmsis_gcc.h **** #endif
1001:Drivers/CMSIS/Include/cmsis_gcc.h ****   return result;
 210              		.loc 2 1001 3 view .LVU58
 211              		.loc 2 1001 3 is_stmt 0 view .LVU59
 212              		.thumb
 213              		.syntax unified
 214              	.LBE163:
 215              	.LBE162:
 295:Drivers/STM32F3xx_HAL_Driver/Src/stm32f3xx_hal_rcc.c **** 
 216              		.loc 1 295 3 discriminator 2 view .LVU60
 217 00ca B2FA82F2 		clz	r2, r2
 218 00ce 084B     		ldr	r3, .L18+20
 219 00d0 1344     		add	r3, r3, r2
 220 00d2 9B00     		lsls	r3, r3, #2
 221 00d4 0122     		movs	r2, #1
 222 00d6 1A60     		str	r2, [r3]
 297:Drivers/STM32F3xx_HAL_Driver/Src/stm32f3xx_hal_rcc.c **** }
 223              		.loc 1 297 3 is_stmt 1 view .LVU61
 297:Drivers/STM32F3xx_HAL_Driver/Src/stm32f3xx_hal_rcc.c **** }
 224              		.loc 1 297 10 is_stmt 0 view .LVU62
 225 00d8 A6E7     		b	.L3
 226              	.L19:
 227 00da 00BF     		.align	2
 228              	.L18:
 229 00dc 00100240 		.word	1073876992
 230 00e0 0CC0FFF8 		.word	-117456884
 231 00e4 00000000 		.word	SystemCoreClock
 232 00e8 00127A00 		.word	8000000
 233 00ec 00000000 		.word	uwTickPrio
 234 00f0 20819010 		.word	277905696
 235              		.cfi_endproc
 236              	.LFE130:
 238              		.section	.text.HAL_RCC_OscConfig,"ax",%progbits
 239              		.align	1
 240              		.global	HAL_RCC_OscConfig
 241              		.syntax unified
 242              		.thumb
 243              		.thumb_func
 245              	HAL_RCC_OscConfig:
 246              	.LVL18:
 247              	.LFB131:
 299:Drivers/STM32F3xx_HAL_Driver/Src/stm32f3xx_hal_rcc.c **** 
 300:Drivers/STM32F3xx_HAL_Driver/Src/stm32f3xx_hal_rcc.c **** /**
 301:Drivers/STM32F3xx_HAL_Driver/Src/stm32f3xx_hal_rcc.c ****   * @brief  Initializes the RCC Oscillators according to the specified parameters in the
 302:Drivers/STM32F3xx_HAL_Driver/Src/stm32f3xx_hal_rcc.c ****   *         RCC_OscInitTypeDef.
 303:Drivers/STM32F3xx_HAL_Driver/Src/stm32f3xx_hal_rcc.c ****   * @param  RCC_OscInitStruct pointer to an RCC_OscInitTypeDef structure that
 304:Drivers/STM32F3xx_HAL_Driver/Src/stm32f3xx_hal_rcc.c ****   *         contains the configuration information for the RCC Oscillators.
 305:Drivers/STM32F3xx_HAL_Driver/Src/stm32f3xx_hal_rcc.c ****   * @note   The PLL is not disabled when used as system clock.
 306:Drivers/STM32F3xx_HAL_Driver/Src/stm32f3xx_hal_rcc.c ****   * @note   Transitions LSE Bypass to LSE On and LSE On to LSE Bypass are not
 307:Drivers/STM32F3xx_HAL_Driver/Src/stm32f3xx_hal_rcc.c ****   *         supported by this macro. User should request a transition to LSE Off
 308:Drivers/STM32F3xx_HAL_Driver/Src/stm32f3xx_hal_rcc.c ****   *         first and then LSE On or LSE Bypass.
ARM GAS  /tmp/ccRCfR3k.s 			page 29


 309:Drivers/STM32F3xx_HAL_Driver/Src/stm32f3xx_hal_rcc.c ****   * @note   Transition HSE Bypass to HSE On and HSE On to HSE Bypass are not
 310:Drivers/STM32F3xx_HAL_Driver/Src/stm32f3xx_hal_rcc.c ****   *         supported by this macro. User should request a transition to HSE Off
 311:Drivers/STM32F3xx_HAL_Driver/Src/stm32f3xx_hal_rcc.c ****   *         first and then HSE On or HSE Bypass.
 312:Drivers/STM32F3xx_HAL_Driver/Src/stm32f3xx_hal_rcc.c ****   * @retval HAL status
 313:Drivers/STM32F3xx_HAL_Driver/Src/stm32f3xx_hal_rcc.c ****   */
 314:Drivers/STM32F3xx_HAL_Driver/Src/stm32f3xx_hal_rcc.c **** HAL_StatusTypeDef HAL_RCC_OscConfig(RCC_OscInitTypeDef  *RCC_OscInitStruct)
 315:Drivers/STM32F3xx_HAL_Driver/Src/stm32f3xx_hal_rcc.c **** {
 248              		.loc 1 315 1 is_stmt 1 view -0
 249              		.cfi_startproc
 250              		@ args = 0, pretend = 0, frame = 8
 251              		@ frame_needed = 0, uses_anonymous_args = 0
 316:Drivers/STM32F3xx_HAL_Driver/Src/stm32f3xx_hal_rcc.c ****   uint32_t tickstart;
 252              		.loc 1 316 3 view .LVU64
 317:Drivers/STM32F3xx_HAL_Driver/Src/stm32f3xx_hal_rcc.c ****   uint32_t pll_config;
 253              		.loc 1 317 3 view .LVU65
 318:Drivers/STM32F3xx_HAL_Driver/Src/stm32f3xx_hal_rcc.c **** #if defined(RCC_CFGR_PLLSRC_HSI_PREDIV)
 319:Drivers/STM32F3xx_HAL_Driver/Src/stm32f3xx_hal_rcc.c ****   uint32_t pll_config2;
 254              		.loc 1 319 3 view .LVU66
 320:Drivers/STM32F3xx_HAL_Driver/Src/stm32f3xx_hal_rcc.c **** #endif /* RCC_CFGR_PLLSRC_HSI_PREDIV */
 321:Drivers/STM32F3xx_HAL_Driver/Src/stm32f3xx_hal_rcc.c **** 
 322:Drivers/STM32F3xx_HAL_Driver/Src/stm32f3xx_hal_rcc.c ****   /* Check Null pointer */
 323:Drivers/STM32F3xx_HAL_Driver/Src/stm32f3xx_hal_rcc.c ****   if(RCC_OscInitStruct == NULL)
 255              		.loc 1 323 3 view .LVU67
 256              		.loc 1 323 5 is_stmt 0 view .LVU68
 257 0000 0028     		cmp	r0, #0
 258 0002 00F00883 		beq	.L94
 315:Drivers/STM32F3xx_HAL_Driver/Src/stm32f3xx_hal_rcc.c ****   uint32_t tickstart;
 259              		.loc 1 315 1 view .LVU69
 260 0006 70B5     		push	{r4, r5, r6, lr}
 261              	.LCFI1:
 262              		.cfi_def_cfa_offset 16
 263              		.cfi_offset 4, -16
 264              		.cfi_offset 5, -12
 265              		.cfi_offset 6, -8
 266              		.cfi_offset 14, -4
 267 0008 82B0     		sub	sp, sp, #8
 268              	.LCFI2:
 269              		.cfi_def_cfa_offset 24
 270 000a 0446     		mov	r4, r0
 324:Drivers/STM32F3xx_HAL_Driver/Src/stm32f3xx_hal_rcc.c ****   {
 325:Drivers/STM32F3xx_HAL_Driver/Src/stm32f3xx_hal_rcc.c ****     return HAL_ERROR;
 326:Drivers/STM32F3xx_HAL_Driver/Src/stm32f3xx_hal_rcc.c ****   }
 327:Drivers/STM32F3xx_HAL_Driver/Src/stm32f3xx_hal_rcc.c **** 
 328:Drivers/STM32F3xx_HAL_Driver/Src/stm32f3xx_hal_rcc.c ****   /* Check the parameters */
 329:Drivers/STM32F3xx_HAL_Driver/Src/stm32f3xx_hal_rcc.c ****   assert_param(IS_RCC_OSCILLATORTYPE(RCC_OscInitStruct->OscillatorType));
 271              		.loc 1 329 3 is_stmt 1 view .LVU70
 330:Drivers/STM32F3xx_HAL_Driver/Src/stm32f3xx_hal_rcc.c **** 
 331:Drivers/STM32F3xx_HAL_Driver/Src/stm32f3xx_hal_rcc.c ****   /*------------------------------- HSE Configuration ------------------------*/ 
 332:Drivers/STM32F3xx_HAL_Driver/Src/stm32f3xx_hal_rcc.c ****   if(((RCC_OscInitStruct->OscillatorType) & RCC_OSCILLATORTYPE_HSE) == RCC_OSCILLATORTYPE_HSE)
 272              		.loc 1 332 3 view .LVU71
 273              		.loc 1 332 25 is_stmt 0 view .LVU72
 274 000c 0368     		ldr	r3, [r0]
 275              		.loc 1 332 5 view .LVU73
 276 000e 13F0010F 		tst	r3, #1
 277 0012 3DD0     		beq	.L22
 333:Drivers/STM32F3xx_HAL_Driver/Src/stm32f3xx_hal_rcc.c ****   {
 334:Drivers/STM32F3xx_HAL_Driver/Src/stm32f3xx_hal_rcc.c ****     /* Check the parameters */
ARM GAS  /tmp/ccRCfR3k.s 			page 30


 335:Drivers/STM32F3xx_HAL_Driver/Src/stm32f3xx_hal_rcc.c ****     assert_param(IS_RCC_HSE(RCC_OscInitStruct->HSEState));
 278              		.loc 1 335 5 is_stmt 1 view .LVU74
 336:Drivers/STM32F3xx_HAL_Driver/Src/stm32f3xx_hal_rcc.c **** 
 337:Drivers/STM32F3xx_HAL_Driver/Src/stm32f3xx_hal_rcc.c ****     /* When the HSE is used as system clock or clock source for PLL in these cases it is not allowe
 338:Drivers/STM32F3xx_HAL_Driver/Src/stm32f3xx_hal_rcc.c ****     if((__HAL_RCC_GET_SYSCLK_SOURCE() == RCC_SYSCLKSOURCE_STATUS_HSE) 
 279              		.loc 1 338 5 view .LVU75
 280              		.loc 1 338 9 is_stmt 0 view .LVU76
 281 0014 B24B     		ldr	r3, .L133
 282 0016 5B68     		ldr	r3, [r3, #4]
 283 0018 03F00C03 		and	r3, r3, #12
 284              		.loc 1 338 7 view .LVU77
 285 001c 042B     		cmp	r3, #4
 286 001e 20D0     		beq	.L23
 339:Drivers/STM32F3xx_HAL_Driver/Src/stm32f3xx_hal_rcc.c ****        || ((__HAL_RCC_GET_SYSCLK_SOURCE() == RCC_SYSCLKSOURCE_STATUS_PLLCLK) && (__HAL_RCC_GET_PLL_
 287              		.loc 1 339 13 view .LVU78
 288 0020 AF4B     		ldr	r3, .L133
 289 0022 5B68     		ldr	r3, [r3, #4]
 290 0024 03F00C03 		and	r3, r3, #12
 291              		.loc 1 339 8 view .LVU79
 292 0028 082B     		cmp	r3, #8
 293 002a 13D0     		beq	.L119
 294              	.L24:
 340:Drivers/STM32F3xx_HAL_Driver/Src/stm32f3xx_hal_rcc.c ****     {
 341:Drivers/STM32F3xx_HAL_Driver/Src/stm32f3xx_hal_rcc.c ****       if((__HAL_RCC_GET_FLAG(RCC_FLAG_HSERDY) != RESET) && (RCC_OscInitStruct->HSEState == RCC_HSE_
 342:Drivers/STM32F3xx_HAL_Driver/Src/stm32f3xx_hal_rcc.c ****       {
 343:Drivers/STM32F3xx_HAL_Driver/Src/stm32f3xx_hal_rcc.c ****         return HAL_ERROR;
 344:Drivers/STM32F3xx_HAL_Driver/Src/stm32f3xx_hal_rcc.c ****       }
 345:Drivers/STM32F3xx_HAL_Driver/Src/stm32f3xx_hal_rcc.c ****     }
 346:Drivers/STM32F3xx_HAL_Driver/Src/stm32f3xx_hal_rcc.c ****     else
 347:Drivers/STM32F3xx_HAL_Driver/Src/stm32f3xx_hal_rcc.c ****     {
 348:Drivers/STM32F3xx_HAL_Driver/Src/stm32f3xx_hal_rcc.c ****       /* Set the new HSE configuration ---------------------------------------*/
 349:Drivers/STM32F3xx_HAL_Driver/Src/stm32f3xx_hal_rcc.c ****       __HAL_RCC_HSE_CONFIG(RCC_OscInitStruct->HSEState);
 295              		.loc 1 349 7 is_stmt 1 view .LVU80
 296              		.loc 1 349 7 view .LVU81
 297 002c 6368     		ldr	r3, [r4, #4]
 298 002e B3F5803F 		cmp	r3, #65536
 299 0032 6AD0     		beq	.L120
 300              		.loc 1 349 7 discriminator 2 view .LVU82
 301 0034 002B     		cmp	r3, #0
 302 0036 40F08D80 		bne	.L29
 303              		.loc 1 349 7 discriminator 4 view .LVU83
 304 003a 03F18043 		add	r3, r3, #1073741824
 305 003e 03F50433 		add	r3, r3, #135168
 306 0042 1A68     		ldr	r2, [r3]
 307 0044 22F48032 		bic	r2, r2, #65536
 308 0048 1A60     		str	r2, [r3]
 309              		.loc 1 349 7 discriminator 4 view .LVU84
 310 004a 1A68     		ldr	r2, [r3]
 311 004c 22F48022 		bic	r2, r2, #262144
 312 0050 1A60     		str	r2, [r3]
 313 0052 5FE0     		b	.L28
 314              	.L119:
 339:Drivers/STM32F3xx_HAL_Driver/Src/stm32f3xx_hal_rcc.c ****        || ((__HAL_RCC_GET_SYSCLK_SOURCE() == RCC_SYSCLKSOURCE_STATUS_PLLCLK) && (__HAL_RCC_GET_PLL_
 315              		.loc 1 339 82 is_stmt 0 discriminator 1 view .LVU85
 316 0054 A24B     		ldr	r3, .L133
 317 0056 5B68     		ldr	r3, [r3, #4]
 318 0058 03F4C033 		and	r3, r3, #98304
ARM GAS  /tmp/ccRCfR3k.s 			page 31


 339:Drivers/STM32F3xx_HAL_Driver/Src/stm32f3xx_hal_rcc.c ****        || ((__HAL_RCC_GET_SYSCLK_SOURCE() == RCC_SYSCLKSOURCE_STATUS_PLLCLK) && (__HAL_RCC_GET_PLL_
 319              		.loc 1 339 78 discriminator 1 view .LVU86
 320 005c B3F5803F 		cmp	r3, #65536
 321 0060 E4D1     		bne	.L24
 322              	.L23:
 341:Drivers/STM32F3xx_HAL_Driver/Src/stm32f3xx_hal_rcc.c ****       {
 323              		.loc 1 341 7 is_stmt 1 view .LVU87
 324              	.LVL19:
 325              	.LBB164:
 326              	.LBI164:
 981:Drivers/CMSIS/Include/cmsis_gcc.h **** {
 327              		.loc 2 981 31 view .LVU88
 328              	.LBB165:
 983:Drivers/CMSIS/Include/cmsis_gcc.h **** 
 329              		.loc 2 983 3 view .LVU89
 988:Drivers/CMSIS/Include/cmsis_gcc.h **** #else
 330              		.loc 2 988 4 view .LVU90
 331 0062 4FF40033 		mov	r3, #131072
 332              		.syntax unified
 333              	@ 988 "Drivers/CMSIS/Include/cmsis_gcc.h" 1
 334 0066 93FAA3F3 		rbit r3, r3
 335              	@ 0 "" 2
 336              		.loc 2 1001 3 view .LVU91
 337              	.LVL20:
 338              		.loc 2 1001 3 is_stmt 0 view .LVU92
 339              		.thumb
 340              		.syntax unified
 341              	.LBE165:
 342              	.LBE164:
 341:Drivers/STM32F3xx_HAL_Driver/Src/stm32f3xx_hal_rcc.c ****       {
 343              		.loc 1 341 11 discriminator 1 view .LVU93
 344 006a 9D4B     		ldr	r3, .L133
 345 006c 1968     		ldr	r1, [r3]
 346              	.LVL21:
 347              	.LBB166:
 348              	.LBI166:
 981:Drivers/CMSIS/Include/cmsis_gcc.h **** {
 349              		.loc 2 981 31 is_stmt 1 view .LVU94
 350              	.LBB167:
 983:Drivers/CMSIS/Include/cmsis_gcc.h **** 
 351              		.loc 2 983 3 view .LVU95
 988:Drivers/CMSIS/Include/cmsis_gcc.h **** #else
 352              		.loc 2 988 4 view .LVU96
 353 006e 4FF40033 		mov	r3, #131072
 354              		.syntax unified
 355              	@ 988 "Drivers/CMSIS/Include/cmsis_gcc.h" 1
 356 0072 93FAA3F3 		rbit r3, r3
 357              	@ 0 "" 2
 358              	.LVL22:
 359              		.loc 2 1001 3 view .LVU97
 360              		.loc 2 1001 3 is_stmt 0 view .LVU98
 361              		.thumb
 362              		.syntax unified
 363              	.LBE167:
 364              	.LBE166:
 341:Drivers/STM32F3xx_HAL_Driver/Src/stm32f3xx_hal_rcc.c ****       {
 365              		.loc 1 341 11 discriminator 2 view .LVU99
ARM GAS  /tmp/ccRCfR3k.s 			page 32


 366 0076 B3FA83F3 		clz	r3, r3
 367 007a 03F01F03 		and	r3, r3, #31
 368 007e 0122     		movs	r2, #1
 369 0080 02FA03F3 		lsl	r3, r2, r3
 341:Drivers/STM32F3xx_HAL_Driver/Src/stm32f3xx_hal_rcc.c ****       {
 370              		.loc 1 341 9 discriminator 2 view .LVU100
 371 0084 0B42     		tst	r3, r1
 372 0086 03D0     		beq	.L22
 341:Drivers/STM32F3xx_HAL_Driver/Src/stm32f3xx_hal_rcc.c ****       {
 373              		.loc 1 341 78 discriminator 13 view .LVU101
 374 0088 6368     		ldr	r3, [r4, #4]
 341:Drivers/STM32F3xx_HAL_Driver/Src/stm32f3xx_hal_rcc.c ****       {
 375              		.loc 1 341 57 discriminator 13 view .LVU102
 376 008a 002B     		cmp	r3, #0
 377 008c 00F0C582 		beq	.L121
 378              	.LVL23:
 379              	.L22:
 350:Drivers/STM32F3xx_HAL_Driver/Src/stm32f3xx_hal_rcc.c ****       
 351:Drivers/STM32F3xx_HAL_Driver/Src/stm32f3xx_hal_rcc.c **** #if defined(RCC_CFGR_PLLSRC_HSI_DIV2)
 352:Drivers/STM32F3xx_HAL_Driver/Src/stm32f3xx_hal_rcc.c ****       /* Configure the HSE predivision factor --------------------------------*/
 353:Drivers/STM32F3xx_HAL_Driver/Src/stm32f3xx_hal_rcc.c ****       __HAL_RCC_HSE_PREDIV_CONFIG(RCC_OscInitStruct->HSEPredivValue);
 354:Drivers/STM32F3xx_HAL_Driver/Src/stm32f3xx_hal_rcc.c **** #endif /* RCC_CFGR_PLLSRC_HSI_DIV2 */
 355:Drivers/STM32F3xx_HAL_Driver/Src/stm32f3xx_hal_rcc.c **** 
 356:Drivers/STM32F3xx_HAL_Driver/Src/stm32f3xx_hal_rcc.c ****        /* Check the HSE State */
 357:Drivers/STM32F3xx_HAL_Driver/Src/stm32f3xx_hal_rcc.c ****       if(RCC_OscInitStruct->HSEState != RCC_HSE_OFF)
 358:Drivers/STM32F3xx_HAL_Driver/Src/stm32f3xx_hal_rcc.c ****       {
 359:Drivers/STM32F3xx_HAL_Driver/Src/stm32f3xx_hal_rcc.c ****         /* Get Start Tick */
 360:Drivers/STM32F3xx_HAL_Driver/Src/stm32f3xx_hal_rcc.c ****         tickstart = HAL_GetTick();
 361:Drivers/STM32F3xx_HAL_Driver/Src/stm32f3xx_hal_rcc.c ****         
 362:Drivers/STM32F3xx_HAL_Driver/Src/stm32f3xx_hal_rcc.c ****         /* Wait till HSE is ready */
 363:Drivers/STM32F3xx_HAL_Driver/Src/stm32f3xx_hal_rcc.c ****         while(__HAL_RCC_GET_FLAG(RCC_FLAG_HSERDY) == RESET)
 364:Drivers/STM32F3xx_HAL_Driver/Src/stm32f3xx_hal_rcc.c ****         {
 365:Drivers/STM32F3xx_HAL_Driver/Src/stm32f3xx_hal_rcc.c ****           if((HAL_GetTick() - tickstart ) > HSE_TIMEOUT_VALUE)
 366:Drivers/STM32F3xx_HAL_Driver/Src/stm32f3xx_hal_rcc.c ****           {
 367:Drivers/STM32F3xx_HAL_Driver/Src/stm32f3xx_hal_rcc.c ****             return HAL_TIMEOUT;
 368:Drivers/STM32F3xx_HAL_Driver/Src/stm32f3xx_hal_rcc.c ****           }
 369:Drivers/STM32F3xx_HAL_Driver/Src/stm32f3xx_hal_rcc.c ****         }
 370:Drivers/STM32F3xx_HAL_Driver/Src/stm32f3xx_hal_rcc.c ****       }
 371:Drivers/STM32F3xx_HAL_Driver/Src/stm32f3xx_hal_rcc.c ****       else
 372:Drivers/STM32F3xx_HAL_Driver/Src/stm32f3xx_hal_rcc.c ****       {
 373:Drivers/STM32F3xx_HAL_Driver/Src/stm32f3xx_hal_rcc.c ****         /* Get Start Tick */
 374:Drivers/STM32F3xx_HAL_Driver/Src/stm32f3xx_hal_rcc.c ****         tickstart = HAL_GetTick();
 375:Drivers/STM32F3xx_HAL_Driver/Src/stm32f3xx_hal_rcc.c ****         
 376:Drivers/STM32F3xx_HAL_Driver/Src/stm32f3xx_hal_rcc.c ****         /* Wait till HSE is disabled */
 377:Drivers/STM32F3xx_HAL_Driver/Src/stm32f3xx_hal_rcc.c ****         while(__HAL_RCC_GET_FLAG(RCC_FLAG_HSERDY) != RESET)
 378:Drivers/STM32F3xx_HAL_Driver/Src/stm32f3xx_hal_rcc.c ****         {
 379:Drivers/STM32F3xx_HAL_Driver/Src/stm32f3xx_hal_rcc.c ****            if((HAL_GetTick() - tickstart ) > HSE_TIMEOUT_VALUE)
 380:Drivers/STM32F3xx_HAL_Driver/Src/stm32f3xx_hal_rcc.c ****           {
 381:Drivers/STM32F3xx_HAL_Driver/Src/stm32f3xx_hal_rcc.c ****             return HAL_TIMEOUT;
 382:Drivers/STM32F3xx_HAL_Driver/Src/stm32f3xx_hal_rcc.c ****           }
 383:Drivers/STM32F3xx_HAL_Driver/Src/stm32f3xx_hal_rcc.c ****         }
 384:Drivers/STM32F3xx_HAL_Driver/Src/stm32f3xx_hal_rcc.c ****       }
 385:Drivers/STM32F3xx_HAL_Driver/Src/stm32f3xx_hal_rcc.c ****     }
 386:Drivers/STM32F3xx_HAL_Driver/Src/stm32f3xx_hal_rcc.c ****   }
 387:Drivers/STM32F3xx_HAL_Driver/Src/stm32f3xx_hal_rcc.c ****   /*----------------------------- HSI Configuration --------------------------*/ 
 388:Drivers/STM32F3xx_HAL_Driver/Src/stm32f3xx_hal_rcc.c ****   if(((RCC_OscInitStruct->OscillatorType) & RCC_OSCILLATORTYPE_HSI) == RCC_OSCILLATORTYPE_HSI)
 380              		.loc 1 388 3 is_stmt 1 view .LVU103
ARM GAS  /tmp/ccRCfR3k.s 			page 33


 381              		.loc 1 388 25 is_stmt 0 view .LVU104
 382 0090 2368     		ldr	r3, [r4]
 383              		.loc 1 388 5 view .LVU105
 384 0092 13F0020F 		tst	r3, #2
 385 0096 00F0BF80 		beq	.L40
 389:Drivers/STM32F3xx_HAL_Driver/Src/stm32f3xx_hal_rcc.c ****   {
 390:Drivers/STM32F3xx_HAL_Driver/Src/stm32f3xx_hal_rcc.c ****     /* Check the parameters */
 391:Drivers/STM32F3xx_HAL_Driver/Src/stm32f3xx_hal_rcc.c ****     assert_param(IS_RCC_HSI(RCC_OscInitStruct->HSIState));
 386              		.loc 1 391 5 is_stmt 1 view .LVU106
 392:Drivers/STM32F3xx_HAL_Driver/Src/stm32f3xx_hal_rcc.c ****     assert_param(IS_RCC_CALIBRATION_VALUE(RCC_OscInitStruct->HSICalibrationValue));
 387              		.loc 1 392 5 view .LVU107
 393:Drivers/STM32F3xx_HAL_Driver/Src/stm32f3xx_hal_rcc.c ****     
 394:Drivers/STM32F3xx_HAL_Driver/Src/stm32f3xx_hal_rcc.c ****     /* Check if HSI is used as system clock or as PLL source when PLL is selected as system clock *
 395:Drivers/STM32F3xx_HAL_Driver/Src/stm32f3xx_hal_rcc.c ****     if((__HAL_RCC_GET_SYSCLK_SOURCE() == RCC_SYSCLKSOURCE_STATUS_HSI) 
 388              		.loc 1 395 5 view .LVU108
 389              		.loc 1 395 9 is_stmt 0 view .LVU109
 390 009a 914B     		ldr	r3, .L133
 391 009c 5B68     		ldr	r3, [r3, #4]
 392              		.loc 1 395 7 view .LVU110
 393 009e 13F00C0F 		tst	r3, #12
 394 00a2 00F09780 		beq	.L41
 396:Drivers/STM32F3xx_HAL_Driver/Src/stm32f3xx_hal_rcc.c ****        || ((__HAL_RCC_GET_SYSCLK_SOURCE() == RCC_SYSCLKSOURCE_STATUS_PLLCLK) && (__HAL_RCC_GET_PLL_
 395              		.loc 1 396 13 view .LVU111
 396 00a6 8E4B     		ldr	r3, .L133
 397 00a8 5B68     		ldr	r3, [r3, #4]
 398 00aa 03F00C03 		and	r3, r3, #12
 399              		.loc 1 396 8 view .LVU112
 400 00ae 082B     		cmp	r3, #8
 401 00b0 00F08880 		beq	.L122
 402              	.L42:
 397:Drivers/STM32F3xx_HAL_Driver/Src/stm32f3xx_hal_rcc.c ****     {
 398:Drivers/STM32F3xx_HAL_Driver/Src/stm32f3xx_hal_rcc.c ****       /* When HSI is used as system clock it will not disabled */
 399:Drivers/STM32F3xx_HAL_Driver/Src/stm32f3xx_hal_rcc.c ****       if((__HAL_RCC_GET_FLAG(RCC_FLAG_HSIRDY) != RESET) && (RCC_OscInitStruct->HSIState != RCC_HSI_
 400:Drivers/STM32F3xx_HAL_Driver/Src/stm32f3xx_hal_rcc.c ****       {
 401:Drivers/STM32F3xx_HAL_Driver/Src/stm32f3xx_hal_rcc.c ****         return HAL_ERROR;
 402:Drivers/STM32F3xx_HAL_Driver/Src/stm32f3xx_hal_rcc.c ****       }
 403:Drivers/STM32F3xx_HAL_Driver/Src/stm32f3xx_hal_rcc.c ****       /* Otherwise, just the calibration is allowed */
 404:Drivers/STM32F3xx_HAL_Driver/Src/stm32f3xx_hal_rcc.c ****       else
 405:Drivers/STM32F3xx_HAL_Driver/Src/stm32f3xx_hal_rcc.c ****       {
 406:Drivers/STM32F3xx_HAL_Driver/Src/stm32f3xx_hal_rcc.c ****         /* Adjusts the Internal High Speed oscillator (HSI) calibration value.*/
 407:Drivers/STM32F3xx_HAL_Driver/Src/stm32f3xx_hal_rcc.c ****         __HAL_RCC_HSI_CALIBRATIONVALUE_ADJUST(RCC_OscInitStruct->HSICalibrationValue);
 408:Drivers/STM32F3xx_HAL_Driver/Src/stm32f3xx_hal_rcc.c ****       }
 409:Drivers/STM32F3xx_HAL_Driver/Src/stm32f3xx_hal_rcc.c ****     }
 410:Drivers/STM32F3xx_HAL_Driver/Src/stm32f3xx_hal_rcc.c ****     else
 411:Drivers/STM32F3xx_HAL_Driver/Src/stm32f3xx_hal_rcc.c ****     {
 412:Drivers/STM32F3xx_HAL_Driver/Src/stm32f3xx_hal_rcc.c ****       /* Check the HSI State */
 413:Drivers/STM32F3xx_HAL_Driver/Src/stm32f3xx_hal_rcc.c ****       if(RCC_OscInitStruct->HSIState != RCC_HSI_OFF)
 403              		.loc 1 413 7 is_stmt 1 view .LVU113
 404              		.loc 1 413 27 is_stmt 0 view .LVU114
 405 00b4 E368     		ldr	r3, [r4, #12]
 406              		.loc 1 413 9 view .LVU115
 407 00b6 002B     		cmp	r3, #0
 408 00b8 00F0EB80 		beq	.L46
 414:Drivers/STM32F3xx_HAL_Driver/Src/stm32f3xx_hal_rcc.c ****       {
 415:Drivers/STM32F3xx_HAL_Driver/Src/stm32f3xx_hal_rcc.c ****        /* Enable the Internal High Speed oscillator (HSI). */
 416:Drivers/STM32F3xx_HAL_Driver/Src/stm32f3xx_hal_rcc.c ****         __HAL_RCC_HSI_ENABLE();
 409              		.loc 1 416 9 is_stmt 1 view .LVU116
ARM GAS  /tmp/ccRCfR3k.s 			page 34


 410              	.LVL24:
 411              	.LBB168:
 412              	.LBI168:
 981:Drivers/CMSIS/Include/cmsis_gcc.h **** {
 413              		.loc 2 981 31 view .LVU117
 414              	.LBB169:
 983:Drivers/CMSIS/Include/cmsis_gcc.h **** 
 415              		.loc 2 983 3 view .LVU118
 988:Drivers/CMSIS/Include/cmsis_gcc.h **** #else
 416              		.loc 2 988 4 view .LVU119
 417 00bc 0122     		movs	r2, #1
 418              		.syntax unified
 419              	@ 988 "Drivers/CMSIS/Include/cmsis_gcc.h" 1
 420 00be 92FAA2F3 		rbit r3, r2
 421              	@ 0 "" 2
 422              	.LVL25:
 423              		.loc 2 1001 3 view .LVU120
 424              		.loc 2 1001 3 is_stmt 0 view .LVU121
 425              		.thumb
 426              		.syntax unified
 427              	.LBE169:
 428              	.LBE168:
 429              		.loc 1 416 9 discriminator 2 view .LVU122
 430 00c2 B3FA83F3 		clz	r3, r3
 431 00c6 03F18453 		add	r3, r3, #276824064
 432 00ca 03F58413 		add	r3, r3, #1081344
 433 00ce 9B00     		lsls	r3, r3, #2
 434 00d0 1A60     		str	r2, [r3]
 417:Drivers/STM32F3xx_HAL_Driver/Src/stm32f3xx_hal_rcc.c ****         
 418:Drivers/STM32F3xx_HAL_Driver/Src/stm32f3xx_hal_rcc.c ****         /* Get Start Tick */
 419:Drivers/STM32F3xx_HAL_Driver/Src/stm32f3xx_hal_rcc.c ****         tickstart = HAL_GetTick();
 435              		.loc 1 419 9 is_stmt 1 view .LVU123
 436              		.loc 1 419 21 is_stmt 0 view .LVU124
 437 00d2 FFF7FEFF 		bl	HAL_GetTick
 438              	.LVL26:
 439 00d6 0546     		mov	r5, r0
 440              	.LVL27:
 420:Drivers/STM32F3xx_HAL_Driver/Src/stm32f3xx_hal_rcc.c ****         
 421:Drivers/STM32F3xx_HAL_Driver/Src/stm32f3xx_hal_rcc.c ****         /* Wait till HSI is ready */
 422:Drivers/STM32F3xx_HAL_Driver/Src/stm32f3xx_hal_rcc.c ****         while(__HAL_RCC_GET_FLAG(RCC_FLAG_HSIRDY) == RESET)
 441              		.loc 1 422 9 is_stmt 1 view .LVU125
 442              	.L47:
 443              		.loc 1 422 51 view .LVU126
 444              	.LBB170:
 445              	.LBI170:
 981:Drivers/CMSIS/Include/cmsis_gcc.h **** {
 446              		.loc 2 981 31 view .LVU127
 447              	.LBB171:
 983:Drivers/CMSIS/Include/cmsis_gcc.h **** 
 448              		.loc 2 983 3 view .LVU128
 988:Drivers/CMSIS/Include/cmsis_gcc.h **** #else
 449              		.loc 2 988 4 view .LVU129
 450 00d8 0223     		movs	r3, #2
 451              		.syntax unified
 452              	@ 988 "Drivers/CMSIS/Include/cmsis_gcc.h" 1
 453 00da 93FAA3F3 		rbit r3, r3
 454              	@ 0 "" 2
ARM GAS  /tmp/ccRCfR3k.s 			page 35


 455              		.loc 2 1001 3 view .LVU130
 456              	.LVL28:
 457              		.loc 2 1001 3 is_stmt 0 view .LVU131
 458              		.thumb
 459              		.syntax unified
 460              	.LBE171:
 461              	.LBE170:
 462              		.loc 1 422 15 discriminator 1 view .LVU132
 463 00de 804B     		ldr	r3, .L133
 464 00e0 1968     		ldr	r1, [r3]
 465              	.LVL29:
 466              	.LBB172:
 467              	.LBI172:
 981:Drivers/CMSIS/Include/cmsis_gcc.h **** {
 468              		.loc 2 981 31 is_stmt 1 view .LVU133
 469              	.LBB173:
 983:Drivers/CMSIS/Include/cmsis_gcc.h **** 
 470              		.loc 2 983 3 view .LVU134
 988:Drivers/CMSIS/Include/cmsis_gcc.h **** #else
 471              		.loc 2 988 4 view .LVU135
 472 00e2 0223     		movs	r3, #2
 473              		.syntax unified
 474              	@ 988 "Drivers/CMSIS/Include/cmsis_gcc.h" 1
 475 00e4 93FAA3F3 		rbit r3, r3
 476              	@ 0 "" 2
 477              	.LVL30:
 478              		.loc 2 1001 3 view .LVU136
 479              		.loc 2 1001 3 is_stmt 0 view .LVU137
 480              		.thumb
 481              		.syntax unified
 482              	.LBE173:
 483              	.LBE172:
 484              		.loc 1 422 15 discriminator 2 view .LVU138
 485 00e8 B3FA83F3 		clz	r3, r3
 486 00ec 03F01F03 		and	r3, r3, #31
 487 00f0 0122     		movs	r2, #1
 488 00f2 02FA03F3 		lsl	r3, r2, r3
 489              		.loc 1 422 51 discriminator 2 view .LVU139
 490 00f6 0B42     		tst	r3, r1
 491 00f8 40F0BD80 		bne	.L123
 423:Drivers/STM32F3xx_HAL_Driver/Src/stm32f3xx_hal_rcc.c ****         {
 424:Drivers/STM32F3xx_HAL_Driver/Src/stm32f3xx_hal_rcc.c ****           if((HAL_GetTick() - tickstart ) > HSI_TIMEOUT_VALUE)
 492              		.loc 1 424 11 is_stmt 1 view .LVU140
 493              		.loc 1 424 15 is_stmt 0 view .LVU141
 494 00fc FFF7FEFF 		bl	HAL_GetTick
 495              	.LVL31:
 496              		.loc 1 424 29 discriminator 1 view .LVU142
 497 0100 401B     		subs	r0, r0, r5
 498              		.loc 1 424 13 discriminator 1 view .LVU143
 499 0102 0228     		cmp	r0, #2
 500 0104 E8D9     		bls	.L47
 425:Drivers/STM32F3xx_HAL_Driver/Src/stm32f3xx_hal_rcc.c ****           {
 426:Drivers/STM32F3xx_HAL_Driver/Src/stm32f3xx_hal_rcc.c ****             return HAL_TIMEOUT;
 501              		.loc 1 426 20 view .LVU144
 502 0106 0320     		movs	r0, #3
 503 0108 90E2     		b	.L21
 504              	.LVL32:
ARM GAS  /tmp/ccRCfR3k.s 			page 36


 505              	.L120:
 349:Drivers/STM32F3xx_HAL_Driver/Src/stm32f3xx_hal_rcc.c ****       
 506              		.loc 1 349 7 is_stmt 1 discriminator 1 view .LVU145
 507 010a 754A     		ldr	r2, .L133
 508 010c 1368     		ldr	r3, [r2]
 509 010e 43F48033 		orr	r3, r3, #65536
 510 0112 1360     		str	r3, [r2]
 511              	.L28:
 349:Drivers/STM32F3xx_HAL_Driver/Src/stm32f3xx_hal_rcc.c ****       
 512              		.loc 1 349 7 discriminator 10 view .LVU146
 357:Drivers/STM32F3xx_HAL_Driver/Src/stm32f3xx_hal_rcc.c ****       {
 513              		.loc 1 357 7 view .LVU147
 357:Drivers/STM32F3xx_HAL_Driver/Src/stm32f3xx_hal_rcc.c ****       {
 514              		.loc 1 357 27 is_stmt 0 view .LVU148
 515 0114 6368     		ldr	r3, [r4, #4]
 357:Drivers/STM32F3xx_HAL_Driver/Src/stm32f3xx_hal_rcc.c ****       {
 516              		.loc 1 357 9 view .LVU149
 517 0116 002B     		cmp	r3, #0
 518 0118 36D0     		beq	.L31
 360:Drivers/STM32F3xx_HAL_Driver/Src/stm32f3xx_hal_rcc.c ****         
 519              		.loc 1 360 9 is_stmt 1 view .LVU150
 360:Drivers/STM32F3xx_HAL_Driver/Src/stm32f3xx_hal_rcc.c ****         
 520              		.loc 1 360 21 is_stmt 0 view .LVU151
 521 011a FFF7FEFF 		bl	HAL_GetTick
 522              	.LVL33:
 360:Drivers/STM32F3xx_HAL_Driver/Src/stm32f3xx_hal_rcc.c ****         
 523              		.loc 1 360 21 view .LVU152
 524 011e 0546     		mov	r5, r0
 525              	.LVL34:
 363:Drivers/STM32F3xx_HAL_Driver/Src/stm32f3xx_hal_rcc.c ****         {
 526              		.loc 1 363 9 is_stmt 1 view .LVU153
 527              	.L32:
 363:Drivers/STM32F3xx_HAL_Driver/Src/stm32f3xx_hal_rcc.c ****         {
 528              		.loc 1 363 51 view .LVU154
 529              	.LBB174:
 530              	.LBI174:
 981:Drivers/CMSIS/Include/cmsis_gcc.h **** {
 531              		.loc 2 981 31 view .LVU155
 532              	.LBB175:
 983:Drivers/CMSIS/Include/cmsis_gcc.h **** 
 533              		.loc 2 983 3 view .LVU156
 988:Drivers/CMSIS/Include/cmsis_gcc.h **** #else
 534              		.loc 2 988 4 view .LVU157
 535 0120 4FF40033 		mov	r3, #131072
 536              		.syntax unified
 537              	@ 988 "Drivers/CMSIS/Include/cmsis_gcc.h" 1
 538 0124 93FAA3F3 		rbit r3, r3
 539              	@ 0 "" 2
 540              		.loc 2 1001 3 view .LVU158
 541              	.LVL35:
 542              		.loc 2 1001 3 is_stmt 0 view .LVU159
 543              		.thumb
 544              		.syntax unified
 545              	.LBE175:
 546              	.LBE174:
 363:Drivers/STM32F3xx_HAL_Driver/Src/stm32f3xx_hal_rcc.c ****         {
 547              		.loc 1 363 15 discriminator 1 view .LVU160
ARM GAS  /tmp/ccRCfR3k.s 			page 37


 548 0128 6D4B     		ldr	r3, .L133
 549 012a 1968     		ldr	r1, [r3]
 550              	.LVL36:
 551              	.LBB176:
 552              	.LBI176:
 981:Drivers/CMSIS/Include/cmsis_gcc.h **** {
 553              		.loc 2 981 31 is_stmt 1 view .LVU161
 554              	.LBB177:
 983:Drivers/CMSIS/Include/cmsis_gcc.h **** 
 555              		.loc 2 983 3 view .LVU162
 988:Drivers/CMSIS/Include/cmsis_gcc.h **** #else
 556              		.loc 2 988 4 view .LVU163
 557 012c 4FF40033 		mov	r3, #131072
 558              		.syntax unified
 559              	@ 988 "Drivers/CMSIS/Include/cmsis_gcc.h" 1
 560 0130 93FAA3F3 		rbit r3, r3
 561              	@ 0 "" 2
 562              	.LVL37:
 563              		.loc 2 1001 3 view .LVU164
 564              		.loc 2 1001 3 is_stmt 0 view .LVU165
 565              		.thumb
 566              		.syntax unified
 567              	.LBE177:
 568              	.LBE176:
 363:Drivers/STM32F3xx_HAL_Driver/Src/stm32f3xx_hal_rcc.c ****         {
 569              		.loc 1 363 15 discriminator 2 view .LVU166
 570 0134 B3FA83F3 		clz	r3, r3
 571 0138 03F01F03 		and	r3, r3, #31
 572 013c 0122     		movs	r2, #1
 573 013e 02FA03F3 		lsl	r3, r2, r3
 363:Drivers/STM32F3xx_HAL_Driver/Src/stm32f3xx_hal_rcc.c ****         {
 574              		.loc 1 363 51 discriminator 2 view .LVU167
 575 0142 0B42     		tst	r3, r1
 576 0144 A4D1     		bne	.L22
 365:Drivers/STM32F3xx_HAL_Driver/Src/stm32f3xx_hal_rcc.c ****           {
 577              		.loc 1 365 11 is_stmt 1 view .LVU168
 365:Drivers/STM32F3xx_HAL_Driver/Src/stm32f3xx_hal_rcc.c ****           {
 578              		.loc 1 365 15 is_stmt 0 view .LVU169
 579 0146 FFF7FEFF 		bl	HAL_GetTick
 580              	.LVL38:
 365:Drivers/STM32F3xx_HAL_Driver/Src/stm32f3xx_hal_rcc.c ****           {
 581              		.loc 1 365 29 discriminator 1 view .LVU170
 582 014a 401B     		subs	r0, r0, r5
 365:Drivers/STM32F3xx_HAL_Driver/Src/stm32f3xx_hal_rcc.c ****           {
 583              		.loc 1 365 13 discriminator 1 view .LVU171
 584 014c 6428     		cmp	r0, #100
 585 014e E7D9     		bls	.L32
 367:Drivers/STM32F3xx_HAL_Driver/Src/stm32f3xx_hal_rcc.c ****           }
 586              		.loc 1 367 20 view .LVU172
 587 0150 0320     		movs	r0, #3
 588 0152 6BE2     		b	.L21
 589              	.LVL39:
 590              	.L29:
 349:Drivers/STM32F3xx_HAL_Driver/Src/stm32f3xx_hal_rcc.c ****       
 591              		.loc 1 349 7 is_stmt 1 discriminator 5 view .LVU173
 592 0154 B3F5A02F 		cmp	r3, #327680
 593 0158 09D0     		beq	.L124
ARM GAS  /tmp/ccRCfR3k.s 			page 38


 349:Drivers/STM32F3xx_HAL_Driver/Src/stm32f3xx_hal_rcc.c ****       
 594              		.loc 1 349 7 discriminator 8 view .LVU174
 595 015a 614B     		ldr	r3, .L133
 596 015c 1A68     		ldr	r2, [r3]
 597 015e 22F48032 		bic	r2, r2, #65536
 598 0162 1A60     		str	r2, [r3]
 349:Drivers/STM32F3xx_HAL_Driver/Src/stm32f3xx_hal_rcc.c ****       
 599              		.loc 1 349 7 discriminator 8 view .LVU175
 600 0164 1A68     		ldr	r2, [r3]
 601 0166 22F48022 		bic	r2, r2, #262144
 602 016a 1A60     		str	r2, [r3]
 603 016c D2E7     		b	.L28
 604              	.L124:
 349:Drivers/STM32F3xx_HAL_Driver/Src/stm32f3xx_hal_rcc.c ****       
 605              		.loc 1 349 7 discriminator 7 view .LVU176
 606 016e 03F18043 		add	r3, r3, #1073741824
 607 0172 A3F53C33 		sub	r3, r3, #192512
 608 0176 1A68     		ldr	r2, [r3]
 609 0178 42F48022 		orr	r2, r2, #262144
 610 017c 1A60     		str	r2, [r3]
 349:Drivers/STM32F3xx_HAL_Driver/Src/stm32f3xx_hal_rcc.c ****       
 611              		.loc 1 349 7 discriminator 7 view .LVU177
 612 017e 1A68     		ldr	r2, [r3]
 613 0180 42F48032 		orr	r2, r2, #65536
 614 0184 1A60     		str	r2, [r3]
 615 0186 C5E7     		b	.L28
 616              	.L31:
 374:Drivers/STM32F3xx_HAL_Driver/Src/stm32f3xx_hal_rcc.c ****         
 617              		.loc 1 374 9 view .LVU178
 374:Drivers/STM32F3xx_HAL_Driver/Src/stm32f3xx_hal_rcc.c ****         
 618              		.loc 1 374 21 is_stmt 0 view .LVU179
 619 0188 FFF7FEFF 		bl	HAL_GetTick
 620              	.LVL40:
 374:Drivers/STM32F3xx_HAL_Driver/Src/stm32f3xx_hal_rcc.c ****         
 621              		.loc 1 374 21 view .LVU180
 622 018c 0546     		mov	r5, r0
 623              	.LVL41:
 377:Drivers/STM32F3xx_HAL_Driver/Src/stm32f3xx_hal_rcc.c ****         {
 624              		.loc 1 377 9 is_stmt 1 view .LVU181
 625              	.L36:
 377:Drivers/STM32F3xx_HAL_Driver/Src/stm32f3xx_hal_rcc.c ****         {
 626              		.loc 1 377 51 view .LVU182
 627              	.LBB178:
 628              	.LBI178:
 981:Drivers/CMSIS/Include/cmsis_gcc.h **** {
 629              		.loc 2 981 31 view .LVU183
 630              	.LBB179:
 983:Drivers/CMSIS/Include/cmsis_gcc.h **** 
 631              		.loc 2 983 3 view .LVU184
 988:Drivers/CMSIS/Include/cmsis_gcc.h **** #else
 632              		.loc 2 988 4 view .LVU185
 633 018e 4FF40033 		mov	r3, #131072
 634              		.syntax unified
 635              	@ 988 "Drivers/CMSIS/Include/cmsis_gcc.h" 1
 636 0192 93FAA3F3 		rbit r3, r3
 637              	@ 0 "" 2
 638              		.loc 2 1001 3 view .LVU186
ARM GAS  /tmp/ccRCfR3k.s 			page 39


 639              	.LVL42:
 640              		.loc 2 1001 3 is_stmt 0 view .LVU187
 641              		.thumb
 642              		.syntax unified
 643              	.LBE179:
 644              	.LBE178:
 377:Drivers/STM32F3xx_HAL_Driver/Src/stm32f3xx_hal_rcc.c ****         {
 645              		.loc 1 377 15 discriminator 1 view .LVU188
 646 0196 524B     		ldr	r3, .L133
 647 0198 1968     		ldr	r1, [r3]
 648              	.LVL43:
 649              	.LBB180:
 650              	.LBI180:
 981:Drivers/CMSIS/Include/cmsis_gcc.h **** {
 651              		.loc 2 981 31 is_stmt 1 view .LVU189
 652              	.LBB181:
 983:Drivers/CMSIS/Include/cmsis_gcc.h **** 
 653              		.loc 2 983 3 view .LVU190
 988:Drivers/CMSIS/Include/cmsis_gcc.h **** #else
 654              		.loc 2 988 4 view .LVU191
 655 019a 4FF40033 		mov	r3, #131072
 656              		.syntax unified
 657              	@ 988 "Drivers/CMSIS/Include/cmsis_gcc.h" 1
 658 019e 93FAA3F3 		rbit r3, r3
 659              	@ 0 "" 2
 660              	.LVL44:
 661              		.loc 2 1001 3 view .LVU192
 662              		.loc 2 1001 3 is_stmt 0 view .LVU193
 663              		.thumb
 664              		.syntax unified
 665              	.LBE181:
 666              	.LBE180:
 377:Drivers/STM32F3xx_HAL_Driver/Src/stm32f3xx_hal_rcc.c ****         {
 667              		.loc 1 377 15 discriminator 2 view .LVU194
 668 01a2 B3FA83F3 		clz	r3, r3
 669 01a6 03F01F03 		and	r3, r3, #31
 670 01aa 0122     		movs	r2, #1
 671 01ac 02FA03F3 		lsl	r3, r2, r3
 377:Drivers/STM32F3xx_HAL_Driver/Src/stm32f3xx_hal_rcc.c ****         {
 672              		.loc 1 377 51 discriminator 2 view .LVU195
 673 01b0 0B42     		tst	r3, r1
 674 01b2 3FF46DAF 		beq	.L22
 379:Drivers/STM32F3xx_HAL_Driver/Src/stm32f3xx_hal_rcc.c ****           {
 675              		.loc 1 379 12 is_stmt 1 view .LVU196
 379:Drivers/STM32F3xx_HAL_Driver/Src/stm32f3xx_hal_rcc.c ****           {
 676              		.loc 1 379 16 is_stmt 0 view .LVU197
 677 01b6 FFF7FEFF 		bl	HAL_GetTick
 678              	.LVL45:
 379:Drivers/STM32F3xx_HAL_Driver/Src/stm32f3xx_hal_rcc.c ****           {
 679              		.loc 1 379 30 discriminator 1 view .LVU198
 680 01ba 401B     		subs	r0, r0, r5
 379:Drivers/STM32F3xx_HAL_Driver/Src/stm32f3xx_hal_rcc.c ****           {
 681              		.loc 1 379 14 discriminator 1 view .LVU199
 682 01bc 6428     		cmp	r0, #100
 683 01be E6D9     		bls	.L36
 381:Drivers/STM32F3xx_HAL_Driver/Src/stm32f3xx_hal_rcc.c ****           }
 684              		.loc 1 381 20 view .LVU200
ARM GAS  /tmp/ccRCfR3k.s 			page 40


 685 01c0 0320     		movs	r0, #3
 686 01c2 33E2     		b	.L21
 687              	.LVL46:
 688              	.L122:
 396:Drivers/STM32F3xx_HAL_Driver/Src/stm32f3xx_hal_rcc.c ****     {
 689              		.loc 1 396 82 discriminator 1 view .LVU201
 690 01c4 464B     		ldr	r3, .L133
 691 01c6 5B68     		ldr	r3, [r3, #4]
 692 01c8 03F4C033 		and	r3, r3, #98304
 396:Drivers/STM32F3xx_HAL_Driver/Src/stm32f3xx_hal_rcc.c ****     {
 693              		.loc 1 396 78 discriminator 1 view .LVU202
 694 01cc B3F5004F 		cmp	r3, #32768
 695 01d0 7FF470AF 		bne	.L42
 696              	.L41:
 399:Drivers/STM32F3xx_HAL_Driver/Src/stm32f3xx_hal_rcc.c ****       {
 697              		.loc 1 399 7 is_stmt 1 view .LVU203
 698              	.LVL47:
 699              	.LBB182:
 700              	.LBI182:
 981:Drivers/CMSIS/Include/cmsis_gcc.h **** {
 701              		.loc 2 981 31 view .LVU204
 702              	.LBB183:
 983:Drivers/CMSIS/Include/cmsis_gcc.h **** 
 703              		.loc 2 983 3 view .LVU205
 988:Drivers/CMSIS/Include/cmsis_gcc.h **** #else
 704              		.loc 2 988 4 view .LVU206
 705 01d4 0223     		movs	r3, #2
 706              		.syntax unified
 707              	@ 988 "Drivers/CMSIS/Include/cmsis_gcc.h" 1
 708 01d6 93FAA3F3 		rbit r3, r3
 709              	@ 0 "" 2
 710              		.loc 2 1001 3 view .LVU207
 711              	.LVL48:
 712              		.loc 2 1001 3 is_stmt 0 view .LVU208
 713              		.thumb
 714              		.syntax unified
 715              	.LBE183:
 716              	.LBE182:
 399:Drivers/STM32F3xx_HAL_Driver/Src/stm32f3xx_hal_rcc.c ****       {
 717              		.loc 1 399 11 discriminator 1 view .LVU209
 718 01da 414B     		ldr	r3, .L133
 719 01dc 1968     		ldr	r1, [r3]
 720              	.LVL49:
 721              	.LBB184:
 722              	.LBI184:
 981:Drivers/CMSIS/Include/cmsis_gcc.h **** {
 723              		.loc 2 981 31 is_stmt 1 view .LVU210
 724              	.LBB185:
 983:Drivers/CMSIS/Include/cmsis_gcc.h **** 
 725              		.loc 2 983 3 view .LVU211
 988:Drivers/CMSIS/Include/cmsis_gcc.h **** #else
 726              		.loc 2 988 4 view .LVU212
 727 01de 0223     		movs	r3, #2
 728              		.syntax unified
 729              	@ 988 "Drivers/CMSIS/Include/cmsis_gcc.h" 1
 730 01e0 93FAA3F3 		rbit r3, r3
 731              	@ 0 "" 2
ARM GAS  /tmp/ccRCfR3k.s 			page 41


 732              	.LVL50:
 733              		.loc 2 1001 3 view .LVU213
 734              		.loc 2 1001 3 is_stmt 0 view .LVU214
 735              		.thumb
 736              		.syntax unified
 737              	.LBE185:
 738              	.LBE184:
 399:Drivers/STM32F3xx_HAL_Driver/Src/stm32f3xx_hal_rcc.c ****       {
 739              		.loc 1 399 11 discriminator 2 view .LVU215
 740 01e4 B3FA83F3 		clz	r3, r3
 741 01e8 03F01F03 		and	r3, r3, #31
 742 01ec 0122     		movs	r2, #1
 743 01ee 02FA03F3 		lsl	r3, r2, r3
 399:Drivers/STM32F3xx_HAL_Driver/Src/stm32f3xx_hal_rcc.c ****       {
 744              		.loc 1 399 9 discriminator 2 view .LVU216
 745 01f2 0B42     		tst	r3, r1
 746 01f4 03D0     		beq	.L45
 399:Drivers/STM32F3xx_HAL_Driver/Src/stm32f3xx_hal_rcc.c ****       {
 747              		.loc 1 399 78 discriminator 13 view .LVU217
 748 01f6 E368     		ldr	r3, [r4, #12]
 399:Drivers/STM32F3xx_HAL_Driver/Src/stm32f3xx_hal_rcc.c ****       {
 749              		.loc 1 399 57 discriminator 13 view .LVU218
 750 01f8 9342     		cmp	r3, r2
 751 01fa 40F01082 		bne	.L98
 752              	.L45:
 407:Drivers/STM32F3xx_HAL_Driver/Src/stm32f3xx_hal_rcc.c ****       }
 753              		.loc 1 407 9 is_stmt 1 view .LVU219
 754 01fe 3848     		ldr	r0, .L133
 755 0200 0368     		ldr	r3, [r0]
 756 0202 23F0F803 		bic	r3, r3, #248
 757 0206 2169     		ldr	r1, [r4, #16]
 758              	.LVL51:
 759              	.LBB186:
 760              	.LBI186:
 981:Drivers/CMSIS/Include/cmsis_gcc.h **** {
 761              		.loc 2 981 31 view .LVU220
 762              	.LBB187:
 983:Drivers/CMSIS/Include/cmsis_gcc.h **** 
 763              		.loc 2 983 3 view .LVU221
 988:Drivers/CMSIS/Include/cmsis_gcc.h **** #else
 764              		.loc 2 988 4 view .LVU222
 765 0208 F822     		movs	r2, #248
 766              		.syntax unified
 767              	@ 988 "Drivers/CMSIS/Include/cmsis_gcc.h" 1
 768 020a 92FAA2F2 		rbit r2, r2
 769              	@ 0 "" 2
 770              	.LVL52:
 771              		.loc 2 1001 3 view .LVU223
 772              		.loc 2 1001 3 is_stmt 0 view .LVU224
 773              		.thumb
 774              		.syntax unified
 775              	.LBE187:
 776              	.LBE186:
 407:Drivers/STM32F3xx_HAL_Driver/Src/stm32f3xx_hal_rcc.c ****       }
 777              		.loc 1 407 9 discriminator 2 view .LVU225
 778 020e B2FA82F2 		clz	r2, r2
 779 0212 9140     		lsls	r1, r1, r2
ARM GAS  /tmp/ccRCfR3k.s 			page 42


 780 0214 0B43     		orrs	r3, r3, r1
 781 0216 0360     		str	r3, [r0]
 782              	.L40:
 427:Drivers/STM32F3xx_HAL_Driver/Src/stm32f3xx_hal_rcc.c ****           }
 428:Drivers/STM32F3xx_HAL_Driver/Src/stm32f3xx_hal_rcc.c ****         }
 429:Drivers/STM32F3xx_HAL_Driver/Src/stm32f3xx_hal_rcc.c ****                 
 430:Drivers/STM32F3xx_HAL_Driver/Src/stm32f3xx_hal_rcc.c ****         /* Adjusts the Internal High Speed oscillator (HSI) calibration value.*/
 431:Drivers/STM32F3xx_HAL_Driver/Src/stm32f3xx_hal_rcc.c ****         __HAL_RCC_HSI_CALIBRATIONVALUE_ADJUST(RCC_OscInitStruct->HSICalibrationValue);
 432:Drivers/STM32F3xx_HAL_Driver/Src/stm32f3xx_hal_rcc.c ****       }
 433:Drivers/STM32F3xx_HAL_Driver/Src/stm32f3xx_hal_rcc.c ****       else
 434:Drivers/STM32F3xx_HAL_Driver/Src/stm32f3xx_hal_rcc.c ****       {
 435:Drivers/STM32F3xx_HAL_Driver/Src/stm32f3xx_hal_rcc.c ****         /* Disable the Internal High Speed oscillator (HSI). */
 436:Drivers/STM32F3xx_HAL_Driver/Src/stm32f3xx_hal_rcc.c ****         __HAL_RCC_HSI_DISABLE();
 437:Drivers/STM32F3xx_HAL_Driver/Src/stm32f3xx_hal_rcc.c ****         
 438:Drivers/STM32F3xx_HAL_Driver/Src/stm32f3xx_hal_rcc.c ****         /* Get Start Tick */
 439:Drivers/STM32F3xx_HAL_Driver/Src/stm32f3xx_hal_rcc.c ****         tickstart = HAL_GetTick();
 440:Drivers/STM32F3xx_HAL_Driver/Src/stm32f3xx_hal_rcc.c ****         
 441:Drivers/STM32F3xx_HAL_Driver/Src/stm32f3xx_hal_rcc.c ****         /* Wait till HSI is disabled */
 442:Drivers/STM32F3xx_HAL_Driver/Src/stm32f3xx_hal_rcc.c ****         while(__HAL_RCC_GET_FLAG(RCC_FLAG_HSIRDY) != RESET)
 443:Drivers/STM32F3xx_HAL_Driver/Src/stm32f3xx_hal_rcc.c ****         {
 444:Drivers/STM32F3xx_HAL_Driver/Src/stm32f3xx_hal_rcc.c ****           if((HAL_GetTick() - tickstart ) > HSI_TIMEOUT_VALUE)
 445:Drivers/STM32F3xx_HAL_Driver/Src/stm32f3xx_hal_rcc.c ****           {
 446:Drivers/STM32F3xx_HAL_Driver/Src/stm32f3xx_hal_rcc.c ****             return HAL_TIMEOUT;
 447:Drivers/STM32F3xx_HAL_Driver/Src/stm32f3xx_hal_rcc.c ****           }
 448:Drivers/STM32F3xx_HAL_Driver/Src/stm32f3xx_hal_rcc.c ****         }
 449:Drivers/STM32F3xx_HAL_Driver/Src/stm32f3xx_hal_rcc.c ****       }
 450:Drivers/STM32F3xx_HAL_Driver/Src/stm32f3xx_hal_rcc.c ****     }
 451:Drivers/STM32F3xx_HAL_Driver/Src/stm32f3xx_hal_rcc.c ****   }
 452:Drivers/STM32F3xx_HAL_Driver/Src/stm32f3xx_hal_rcc.c ****   /*------------------------------ LSI Configuration -------------------------*/ 
 453:Drivers/STM32F3xx_HAL_Driver/Src/stm32f3xx_hal_rcc.c ****   if(((RCC_OscInitStruct->OscillatorType) & RCC_OSCILLATORTYPE_LSI) == RCC_OSCILLATORTYPE_LSI)
 783              		.loc 1 453 3 is_stmt 1 view .LVU226
 784              		.loc 1 453 25 is_stmt 0 view .LVU227
 785 0218 2368     		ldr	r3, [r4]
 786              		.loc 1 453 5 view .LVU228
 787 021a 13F0080F 		tst	r3, #8
 788 021e 00F08B80 		beq	.L55
 454:Drivers/STM32F3xx_HAL_Driver/Src/stm32f3xx_hal_rcc.c ****   {
 455:Drivers/STM32F3xx_HAL_Driver/Src/stm32f3xx_hal_rcc.c ****     /* Check the parameters */
 456:Drivers/STM32F3xx_HAL_Driver/Src/stm32f3xx_hal_rcc.c ****     assert_param(IS_RCC_LSI(RCC_OscInitStruct->LSIState));
 789              		.loc 1 456 5 is_stmt 1 view .LVU229
 457:Drivers/STM32F3xx_HAL_Driver/Src/stm32f3xx_hal_rcc.c ****     
 458:Drivers/STM32F3xx_HAL_Driver/Src/stm32f3xx_hal_rcc.c ****     /* Check the LSI State */
 459:Drivers/STM32F3xx_HAL_Driver/Src/stm32f3xx_hal_rcc.c ****     if(RCC_OscInitStruct->LSIState != RCC_LSI_OFF)
 790              		.loc 1 459 5 view .LVU230
 791              		.loc 1 459 25 is_stmt 0 view .LVU231
 792 0222 6369     		ldr	r3, [r4, #20]
 793              		.loc 1 459 7 view .LVU232
 794 0224 002B     		cmp	r3, #0
 795 0226 5FD0     		beq	.L56
 460:Drivers/STM32F3xx_HAL_Driver/Src/stm32f3xx_hal_rcc.c ****     {
 461:Drivers/STM32F3xx_HAL_Driver/Src/stm32f3xx_hal_rcc.c ****       /* Enable the Internal Low Speed oscillator (LSI). */
 462:Drivers/STM32F3xx_HAL_Driver/Src/stm32f3xx_hal_rcc.c ****       __HAL_RCC_LSI_ENABLE();
 796              		.loc 1 462 7 is_stmt 1 view .LVU233
 797              	.LVL53:
 798              	.LBB188:
 799              	.LBI188:
 981:Drivers/CMSIS/Include/cmsis_gcc.h **** {
ARM GAS  /tmp/ccRCfR3k.s 			page 43


 800              		.loc 2 981 31 view .LVU234
 801              	.LBB189:
 983:Drivers/CMSIS/Include/cmsis_gcc.h **** 
 802              		.loc 2 983 3 view .LVU235
 988:Drivers/CMSIS/Include/cmsis_gcc.h **** #else
 803              		.loc 2 988 4 view .LVU236
 804 0228 0121     		movs	r1, #1
 805              		.syntax unified
 806              	@ 988 "Drivers/CMSIS/Include/cmsis_gcc.h" 1
 807 022a 91FAA1F2 		rbit r2, r1
 808              	@ 0 "" 2
 809              	.LVL54:
 810              		.loc 2 1001 3 view .LVU237
 811              		.loc 2 1001 3 is_stmt 0 view .LVU238
 812              		.thumb
 813              		.syntax unified
 814              	.LBE189:
 815              	.LBE188:
 816              		.loc 1 462 7 discriminator 2 view .LVU239
 817 022e B2FA82F2 		clz	r2, r2
 818 0232 2C4B     		ldr	r3, .L133+4
 819 0234 1344     		add	r3, r3, r2
 820 0236 9B00     		lsls	r3, r3, #2
 821 0238 1960     		str	r1, [r3]
 463:Drivers/STM32F3xx_HAL_Driver/Src/stm32f3xx_hal_rcc.c ****       
 464:Drivers/STM32F3xx_HAL_Driver/Src/stm32f3xx_hal_rcc.c ****       /* Get Start Tick */
 465:Drivers/STM32F3xx_HAL_Driver/Src/stm32f3xx_hal_rcc.c ****       tickstart = HAL_GetTick();
 822              		.loc 1 465 7 is_stmt 1 view .LVU240
 823              		.loc 1 465 19 is_stmt 0 view .LVU241
 824 023a FFF7FEFF 		bl	HAL_GetTick
 825              	.LVL55:
 826 023e 0546     		mov	r5, r0
 827              	.LVL56:
 466:Drivers/STM32F3xx_HAL_Driver/Src/stm32f3xx_hal_rcc.c ****       
 467:Drivers/STM32F3xx_HAL_Driver/Src/stm32f3xx_hal_rcc.c ****       /* Wait till LSI is ready */  
 468:Drivers/STM32F3xx_HAL_Driver/Src/stm32f3xx_hal_rcc.c ****       while(__HAL_RCC_GET_FLAG(RCC_FLAG_LSIRDY) == RESET)
 828              		.loc 1 468 7 is_stmt 1 view .LVU242
 829              	.L57:
 830              		.loc 1 468 49 view .LVU243
 831              	.LBB190:
 832              	.LBI190:
 981:Drivers/CMSIS/Include/cmsis_gcc.h **** {
 833              		.loc 2 981 31 view .LVU244
 834              	.LBB191:
 983:Drivers/CMSIS/Include/cmsis_gcc.h **** 
 835              		.loc 2 983 3 view .LVU245
 988:Drivers/CMSIS/Include/cmsis_gcc.h **** #else
 836              		.loc 2 988 4 view .LVU246
 837 0240 0223     		movs	r3, #2
 838              		.syntax unified
 839              	@ 988 "Drivers/CMSIS/Include/cmsis_gcc.h" 1
 840 0242 93FAA3F2 		rbit r2, r3
 841              	@ 0 "" 2
 842              	.LVL57:
 843              		.loc 2 1001 3 view .LVU247
 844              		.loc 2 1001 3 is_stmt 0 view .LVU248
 845              		.thumb
ARM GAS  /tmp/ccRCfR3k.s 			page 44


 846              		.syntax unified
 847              	.LBE191:
 848              	.LBE190:
 849              	.LBB192:
 850              	.LBI192:
 981:Drivers/CMSIS/Include/cmsis_gcc.h **** {
 851              		.loc 2 981 31 is_stmt 1 view .LVU249
 852              	.LBB193:
 983:Drivers/CMSIS/Include/cmsis_gcc.h **** 
 853              		.loc 2 983 3 view .LVU250
 988:Drivers/CMSIS/Include/cmsis_gcc.h **** #else
 854              		.loc 2 988 4 view .LVU251
 855              		.syntax unified
 856              	@ 988 "Drivers/CMSIS/Include/cmsis_gcc.h" 1
 857 0246 93FAA3F2 		rbit r2, r3
 858              	@ 0 "" 2
 859              	.LVL58:
 860              		.loc 2 1001 3 view .LVU252
 861              		.loc 2 1001 3 is_stmt 0 view .LVU253
 862              		.thumb
 863              		.syntax unified
 864              	.LBE193:
 865              	.LBE192:
 866              	.LBB194:
 867              	.LBI194:
 981:Drivers/CMSIS/Include/cmsis_gcc.h **** {
 868              		.loc 2 981 31 is_stmt 1 view .LVU254
 869              	.LBB195:
 983:Drivers/CMSIS/Include/cmsis_gcc.h **** 
 870              		.loc 2 983 3 view .LVU255
 988:Drivers/CMSIS/Include/cmsis_gcc.h **** #else
 871              		.loc 2 988 4 view .LVU256
 872              		.syntax unified
 873              	@ 988 "Drivers/CMSIS/Include/cmsis_gcc.h" 1
 874 024a 93FAA3F2 		rbit r2, r3
 875              	@ 0 "" 2
 876              	.LVL59:
 877              		.loc 2 1001 3 view .LVU257
 878              		.loc 2 1001 3 is_stmt 0 view .LVU258
 879              		.thumb
 880              		.syntax unified
 881              	.LBE195:
 882              	.LBE194:
 883              		.loc 1 468 13 discriminator 8 view .LVU259
 884 024e 244A     		ldr	r2, .L133
 885 0250 516A     		ldr	r1, [r2, #36]
 886              	.LVL60:
 887              	.LBB196:
 888              	.LBI196:
 981:Drivers/CMSIS/Include/cmsis_gcc.h **** {
 889              		.loc 2 981 31 is_stmt 1 view .LVU260
 890              	.LBB197:
 983:Drivers/CMSIS/Include/cmsis_gcc.h **** 
 891              		.loc 2 983 3 view .LVU261
 988:Drivers/CMSIS/Include/cmsis_gcc.h **** #else
 892              		.loc 2 988 4 view .LVU262
 893              		.syntax unified
ARM GAS  /tmp/ccRCfR3k.s 			page 45


 894              	@ 988 "Drivers/CMSIS/Include/cmsis_gcc.h" 1
 895 0252 93FAA3F3 		rbit r3, r3
 896              	@ 0 "" 2
 897              	.LVL61:
 898              		.loc 2 1001 3 view .LVU263
 899              		.loc 2 1001 3 is_stmt 0 view .LVU264
 900              		.thumb
 901              		.syntax unified
 902              	.LBE197:
 903              	.LBE196:
 904              		.loc 1 468 13 discriminator 2 view .LVU265
 905 0256 B3FA83F3 		clz	r3, r3
 906 025a 03F01F03 		and	r3, r3, #31
 907 025e 0122     		movs	r2, #1
 908 0260 02FA03F3 		lsl	r3, r2, r3
 909              		.loc 1 468 49 discriminator 2 view .LVU266
 910 0264 0B42     		tst	r3, r1
 911 0266 67D1     		bne	.L55
 469:Drivers/STM32F3xx_HAL_Driver/Src/stm32f3xx_hal_rcc.c ****       {
 470:Drivers/STM32F3xx_HAL_Driver/Src/stm32f3xx_hal_rcc.c ****         if((HAL_GetTick() - tickstart ) > LSI_TIMEOUT_VALUE)
 912              		.loc 1 470 9 is_stmt 1 view .LVU267
 913              		.loc 1 470 13 is_stmt 0 view .LVU268
 914 0268 FFF7FEFF 		bl	HAL_GetTick
 915              	.LVL62:
 916              		.loc 1 470 27 discriminator 1 view .LVU269
 917 026c 401B     		subs	r0, r0, r5
 918              		.loc 1 470 11 discriminator 1 view .LVU270
 919 026e 0228     		cmp	r0, #2
 920 0270 E6D9     		bls	.L57
 471:Drivers/STM32F3xx_HAL_Driver/Src/stm32f3xx_hal_rcc.c ****         {
 472:Drivers/STM32F3xx_HAL_Driver/Src/stm32f3xx_hal_rcc.c ****           return HAL_TIMEOUT;
 921              		.loc 1 472 18 view .LVU271
 922 0272 0320     		movs	r0, #3
 923 0274 DAE1     		b	.L21
 924              	.L123:
 431:Drivers/STM32F3xx_HAL_Driver/Src/stm32f3xx_hal_rcc.c ****       }
 925              		.loc 1 431 9 is_stmt 1 view .LVU272
 926 0276 1A48     		ldr	r0, .L133
 927 0278 0368     		ldr	r3, [r0]
 928 027a 23F0F803 		bic	r3, r3, #248
 929 027e 2169     		ldr	r1, [r4, #16]
 930              	.LVL63:
 931              	.LBB198:
 932              	.LBI198:
 981:Drivers/CMSIS/Include/cmsis_gcc.h **** {
 933              		.loc 2 981 31 view .LVU273
 934              	.LBB199:
 983:Drivers/CMSIS/Include/cmsis_gcc.h **** 
 935              		.loc 2 983 3 view .LVU274
 988:Drivers/CMSIS/Include/cmsis_gcc.h **** #else
 936              		.loc 2 988 4 view .LVU275
 937 0280 F822     		movs	r2, #248
 938              		.syntax unified
 939              	@ 988 "Drivers/CMSIS/Include/cmsis_gcc.h" 1
 940 0282 92FAA2F2 		rbit r2, r2
 941              	@ 0 "" 2
 942              	.LVL64:
ARM GAS  /tmp/ccRCfR3k.s 			page 46


 943              		.loc 2 1001 3 view .LVU276
 944              		.loc 2 1001 3 is_stmt 0 view .LVU277
 945              		.thumb
 946              		.syntax unified
 947              	.LBE199:
 948              	.LBE198:
 431:Drivers/STM32F3xx_HAL_Driver/Src/stm32f3xx_hal_rcc.c ****       }
 949              		.loc 1 431 9 discriminator 2 view .LVU278
 950 0286 B2FA82F2 		clz	r2, r2
 951 028a 9140     		lsls	r1, r1, r2
 952 028c 0B43     		orrs	r3, r3, r1
 953 028e 0360     		str	r3, [r0]
 954 0290 C2E7     		b	.L40
 955              	.LVL65:
 956              	.L46:
 436:Drivers/STM32F3xx_HAL_Driver/Src/stm32f3xx_hal_rcc.c ****         
 957              		.loc 1 436 9 is_stmt 1 view .LVU279
 958              	.LBB200:
 959              	.LBI200:
 981:Drivers/CMSIS/Include/cmsis_gcc.h **** {
 960              		.loc 2 981 31 view .LVU280
 961              	.LBB201:
 983:Drivers/CMSIS/Include/cmsis_gcc.h **** 
 962              		.loc 2 983 3 view .LVU281
 988:Drivers/CMSIS/Include/cmsis_gcc.h **** #else
 963              		.loc 2 988 4 view .LVU282
 964 0292 0123     		movs	r3, #1
 965              		.syntax unified
 966              	@ 988 "Drivers/CMSIS/Include/cmsis_gcc.h" 1
 967 0294 93FAA3F3 		rbit r3, r3
 968              	@ 0 "" 2
 969              	.LVL66:
 970              		.loc 2 1001 3 view .LVU283
 971              		.loc 2 1001 3 is_stmt 0 view .LVU284
 972              		.thumb
 973              		.syntax unified
 974              	.LBE201:
 975              	.LBE200:
 436:Drivers/STM32F3xx_HAL_Driver/Src/stm32f3xx_hal_rcc.c ****         
 976              		.loc 1 436 9 discriminator 2 view .LVU285
 977 0298 B3FA83F3 		clz	r3, r3
 978 029c 03F18453 		add	r3, r3, #276824064
 979 02a0 03F58413 		add	r3, r3, #1081344
 980 02a4 9B00     		lsls	r3, r3, #2
 981 02a6 0022     		movs	r2, #0
 982 02a8 1A60     		str	r2, [r3]
 439:Drivers/STM32F3xx_HAL_Driver/Src/stm32f3xx_hal_rcc.c ****         
 983              		.loc 1 439 9 is_stmt 1 view .LVU286
 439:Drivers/STM32F3xx_HAL_Driver/Src/stm32f3xx_hal_rcc.c ****         
 984              		.loc 1 439 21 is_stmt 0 view .LVU287
 985 02aa FFF7FEFF 		bl	HAL_GetTick
 986              	.LVL67:
 987 02ae 0546     		mov	r5, r0
 988              	.LVL68:
 442:Drivers/STM32F3xx_HAL_Driver/Src/stm32f3xx_hal_rcc.c ****         {
 989              		.loc 1 442 9 is_stmt 1 view .LVU288
 990              	.L51:
ARM GAS  /tmp/ccRCfR3k.s 			page 47


 442:Drivers/STM32F3xx_HAL_Driver/Src/stm32f3xx_hal_rcc.c ****         {
 991              		.loc 1 442 51 view .LVU289
 992              	.LBB202:
 993              	.LBI202:
 981:Drivers/CMSIS/Include/cmsis_gcc.h **** {
 994              		.loc 2 981 31 view .LVU290
 995              	.LBB203:
 983:Drivers/CMSIS/Include/cmsis_gcc.h **** 
 996              		.loc 2 983 3 view .LVU291
 988:Drivers/CMSIS/Include/cmsis_gcc.h **** #else
 997              		.loc 2 988 4 view .LVU292
 998 02b0 0223     		movs	r3, #2
 999              		.syntax unified
 1000              	@ 988 "Drivers/CMSIS/Include/cmsis_gcc.h" 1
 1001 02b2 93FAA3F3 		rbit r3, r3
 1002              	@ 0 "" 2
 1003              		.loc 2 1001 3 view .LVU293
 1004              	.LVL69:
 1005              		.loc 2 1001 3 is_stmt 0 view .LVU294
 1006              		.thumb
 1007              		.syntax unified
 1008              	.LBE203:
 1009              	.LBE202:
 442:Drivers/STM32F3xx_HAL_Driver/Src/stm32f3xx_hal_rcc.c ****         {
 1010              		.loc 1 442 15 discriminator 1 view .LVU295
 1011 02b6 0A4B     		ldr	r3, .L133
 1012 02b8 1968     		ldr	r1, [r3]
 1013              	.LVL70:
 1014              	.LBB204:
 1015              	.LBI204:
 981:Drivers/CMSIS/Include/cmsis_gcc.h **** {
 1016              		.loc 2 981 31 is_stmt 1 view .LVU296
 1017              	.LBB205:
 983:Drivers/CMSIS/Include/cmsis_gcc.h **** 
 1018              		.loc 2 983 3 view .LVU297
 988:Drivers/CMSIS/Include/cmsis_gcc.h **** #else
 1019              		.loc 2 988 4 view .LVU298
 1020 02ba 0223     		movs	r3, #2
 1021              		.syntax unified
 1022              	@ 988 "Drivers/CMSIS/Include/cmsis_gcc.h" 1
 1023 02bc 93FAA3F3 		rbit r3, r3
 1024              	@ 0 "" 2
 1025              	.LVL71:
 1026              		.loc 2 1001 3 view .LVU299
 1027              		.loc 2 1001 3 is_stmt 0 view .LVU300
 1028              		.thumb
 1029              		.syntax unified
 1030              	.LBE205:
 1031              	.LBE204:
 442:Drivers/STM32F3xx_HAL_Driver/Src/stm32f3xx_hal_rcc.c ****         {
 1032              		.loc 1 442 15 discriminator 2 view .LVU301
 1033 02c0 B3FA83F3 		clz	r3, r3
 1034 02c4 03F01F03 		and	r3, r3, #31
 1035 02c8 0122     		movs	r2, #1
 1036 02ca 02FA03F3 		lsl	r3, r2, r3
 442:Drivers/STM32F3xx_HAL_Driver/Src/stm32f3xx_hal_rcc.c ****         {
 1037              		.loc 1 442 51 discriminator 2 view .LVU302
ARM GAS  /tmp/ccRCfR3k.s 			page 48


 1038 02ce 0B42     		tst	r3, r1
 1039 02d0 A2D0     		beq	.L40
 444:Drivers/STM32F3xx_HAL_Driver/Src/stm32f3xx_hal_rcc.c ****           {
 1040              		.loc 1 444 11 is_stmt 1 view .LVU303
 444:Drivers/STM32F3xx_HAL_Driver/Src/stm32f3xx_hal_rcc.c ****           {
 1041              		.loc 1 444 15 is_stmt 0 view .LVU304
 1042 02d2 FFF7FEFF 		bl	HAL_GetTick
 1043              	.LVL72:
 444:Drivers/STM32F3xx_HAL_Driver/Src/stm32f3xx_hal_rcc.c ****           {
 1044              		.loc 1 444 29 discriminator 1 view .LVU305
 1045 02d6 401B     		subs	r0, r0, r5
 444:Drivers/STM32F3xx_HAL_Driver/Src/stm32f3xx_hal_rcc.c ****           {
 1046              		.loc 1 444 13 discriminator 1 view .LVU306
 1047 02d8 0228     		cmp	r0, #2
 1048 02da E9D9     		bls	.L51
 446:Drivers/STM32F3xx_HAL_Driver/Src/stm32f3xx_hal_rcc.c ****           }
 1049              		.loc 1 446 20 view .LVU307
 1050 02dc 0320     		movs	r0, #3
 1051 02de A5E1     		b	.L21
 1052              	.L134:
 1053              		.align	2
 1054              	.L133:
 1055 02e0 00100240 		.word	1073876992
 1056 02e4 20819010 		.word	277905696
 1057              	.LVL73:
 1058              	.L56:
 473:Drivers/STM32F3xx_HAL_Driver/Src/stm32f3xx_hal_rcc.c ****         }
 474:Drivers/STM32F3xx_HAL_Driver/Src/stm32f3xx_hal_rcc.c ****       }
 475:Drivers/STM32F3xx_HAL_Driver/Src/stm32f3xx_hal_rcc.c ****     }
 476:Drivers/STM32F3xx_HAL_Driver/Src/stm32f3xx_hal_rcc.c ****     else
 477:Drivers/STM32F3xx_HAL_Driver/Src/stm32f3xx_hal_rcc.c ****     {
 478:Drivers/STM32F3xx_HAL_Driver/Src/stm32f3xx_hal_rcc.c ****       /* Disable the Internal Low Speed oscillator (LSI). */
 479:Drivers/STM32F3xx_HAL_Driver/Src/stm32f3xx_hal_rcc.c ****       __HAL_RCC_LSI_DISABLE();
 1059              		.loc 1 479 7 is_stmt 1 view .LVU308
 1060              	.LBB206:
 1061              	.LBI206:
 981:Drivers/CMSIS/Include/cmsis_gcc.h **** {
 1062              		.loc 2 981 31 view .LVU309
 1063              	.LBB207:
 983:Drivers/CMSIS/Include/cmsis_gcc.h **** 
 1064              		.loc 2 983 3 view .LVU310
 988:Drivers/CMSIS/Include/cmsis_gcc.h **** #else
 1065              		.loc 2 988 4 view .LVU311
 1066 02e8 0122     		movs	r2, #1
 1067              		.syntax unified
 1068              	@ 988 "Drivers/CMSIS/Include/cmsis_gcc.h" 1
 1069 02ea 92FAA2F2 		rbit r2, r2
 1070              	@ 0 "" 2
 1071              	.LVL74:
 1072              		.loc 2 1001 3 view .LVU312
 1073              		.loc 2 1001 3 is_stmt 0 view .LVU313
 1074              		.thumb
 1075              		.syntax unified
 1076              	.LBE207:
 1077              	.LBE206:
 1078              		.loc 1 479 7 discriminator 2 view .LVU314
 1079 02ee B2FA82F2 		clz	r2, r2
ARM GAS  /tmp/ccRCfR3k.s 			page 49


 1080 02f2 9C4B     		ldr	r3, .L135
 1081 02f4 1344     		add	r3, r3, r2
 1082 02f6 9B00     		lsls	r3, r3, #2
 1083 02f8 0022     		movs	r2, #0
 1084 02fa 1A60     		str	r2, [r3]
 480:Drivers/STM32F3xx_HAL_Driver/Src/stm32f3xx_hal_rcc.c ****       
 481:Drivers/STM32F3xx_HAL_Driver/Src/stm32f3xx_hal_rcc.c ****       /* Get Start Tick */
 482:Drivers/STM32F3xx_HAL_Driver/Src/stm32f3xx_hal_rcc.c ****       tickstart = HAL_GetTick();
 1085              		.loc 1 482 7 is_stmt 1 view .LVU315
 1086              		.loc 1 482 19 is_stmt 0 view .LVU316
 1087 02fc FFF7FEFF 		bl	HAL_GetTick
 1088              	.LVL75:
 1089 0300 0546     		mov	r5, r0
 1090              	.LVL76:
 483:Drivers/STM32F3xx_HAL_Driver/Src/stm32f3xx_hal_rcc.c ****       
 484:Drivers/STM32F3xx_HAL_Driver/Src/stm32f3xx_hal_rcc.c ****       /* Wait till LSI is disabled */  
 485:Drivers/STM32F3xx_HAL_Driver/Src/stm32f3xx_hal_rcc.c ****       while(__HAL_RCC_GET_FLAG(RCC_FLAG_LSIRDY) != RESET)
 1091              		.loc 1 485 7 is_stmt 1 view .LVU317
 1092              	.L59:
 1093              		.loc 1 485 49 view .LVU318
 1094              	.LBB208:
 1095              	.LBI208:
 981:Drivers/CMSIS/Include/cmsis_gcc.h **** {
 1096              		.loc 2 981 31 view .LVU319
 1097              	.LBB209:
 983:Drivers/CMSIS/Include/cmsis_gcc.h **** 
 1098              		.loc 2 983 3 view .LVU320
 988:Drivers/CMSIS/Include/cmsis_gcc.h **** #else
 1099              		.loc 2 988 4 view .LVU321
 1100 0302 0223     		movs	r3, #2
 1101              		.syntax unified
 1102              	@ 988 "Drivers/CMSIS/Include/cmsis_gcc.h" 1
 1103 0304 93FAA3F2 		rbit r2, r3
 1104              	@ 0 "" 2
 1105              	.LVL77:
 1106              		.loc 2 1001 3 view .LVU322
 1107              		.loc 2 1001 3 is_stmt 0 view .LVU323
 1108              		.thumb
 1109              		.syntax unified
 1110              	.LBE209:
 1111              	.LBE208:
 1112              	.LBB210:
 1113              	.LBI210:
 981:Drivers/CMSIS/Include/cmsis_gcc.h **** {
 1114              		.loc 2 981 31 is_stmt 1 view .LVU324
 1115              	.LBB211:
 983:Drivers/CMSIS/Include/cmsis_gcc.h **** 
 1116              		.loc 2 983 3 view .LVU325
 988:Drivers/CMSIS/Include/cmsis_gcc.h **** #else
 1117              		.loc 2 988 4 view .LVU326
 1118              		.syntax unified
 1119              	@ 988 "Drivers/CMSIS/Include/cmsis_gcc.h" 1
 1120 0308 93FAA3F2 		rbit r2, r3
 1121              	@ 0 "" 2
 1122              	.LVL78:
 1123              		.loc 2 1001 3 view .LVU327
 1124              		.loc 2 1001 3 is_stmt 0 view .LVU328
ARM GAS  /tmp/ccRCfR3k.s 			page 50


 1125              		.thumb
 1126              		.syntax unified
 1127              	.LBE211:
 1128              	.LBE210:
 1129              	.LBB212:
 1130              	.LBI212:
 981:Drivers/CMSIS/Include/cmsis_gcc.h **** {
 1131              		.loc 2 981 31 is_stmt 1 view .LVU329
 1132              	.LBB213:
 983:Drivers/CMSIS/Include/cmsis_gcc.h **** 
 1133              		.loc 2 983 3 view .LVU330
 988:Drivers/CMSIS/Include/cmsis_gcc.h **** #else
 1134              		.loc 2 988 4 view .LVU331
 1135              		.syntax unified
 1136              	@ 988 "Drivers/CMSIS/Include/cmsis_gcc.h" 1
 1137 030c 93FAA3F2 		rbit r2, r3
 1138              	@ 0 "" 2
 1139              	.LVL79:
 1140              		.loc 2 1001 3 view .LVU332
 1141              		.loc 2 1001 3 is_stmt 0 view .LVU333
 1142              		.thumb
 1143              		.syntax unified
 1144              	.LBE213:
 1145              	.LBE212:
 1146              		.loc 1 485 13 discriminator 8 view .LVU334
 1147 0310 954A     		ldr	r2, .L135+4
 1148 0312 516A     		ldr	r1, [r2, #36]
 1149              	.LVL80:
 1150              	.LBB214:
 1151              	.LBI214:
 981:Drivers/CMSIS/Include/cmsis_gcc.h **** {
 1152              		.loc 2 981 31 is_stmt 1 view .LVU335
 1153              	.LBB215:
 983:Drivers/CMSIS/Include/cmsis_gcc.h **** 
 1154              		.loc 2 983 3 view .LVU336
 988:Drivers/CMSIS/Include/cmsis_gcc.h **** #else
 1155              		.loc 2 988 4 view .LVU337
 1156              		.syntax unified
 1157              	@ 988 "Drivers/CMSIS/Include/cmsis_gcc.h" 1
 1158 0314 93FAA3F3 		rbit r3, r3
 1159              	@ 0 "" 2
 1160              	.LVL81:
 1161              		.loc 2 1001 3 view .LVU338
 1162              		.loc 2 1001 3 is_stmt 0 view .LVU339
 1163              		.thumb
 1164              		.syntax unified
 1165              	.LBE215:
 1166              	.LBE214:
 1167              		.loc 1 485 13 discriminator 2 view .LVU340
 1168 0318 B3FA83F3 		clz	r3, r3
 1169 031c 03F01F03 		and	r3, r3, #31
 1170 0320 0122     		movs	r2, #1
 1171 0322 02FA03F3 		lsl	r3, r2, r3
 1172              		.loc 1 485 49 discriminator 2 view .LVU341
 1173 0326 0B42     		tst	r3, r1
 1174 0328 06D0     		beq	.L55
 486:Drivers/STM32F3xx_HAL_Driver/Src/stm32f3xx_hal_rcc.c ****       {
ARM GAS  /tmp/ccRCfR3k.s 			page 51


 487:Drivers/STM32F3xx_HAL_Driver/Src/stm32f3xx_hal_rcc.c ****         if((HAL_GetTick() - tickstart ) > LSI_TIMEOUT_VALUE)
 1175              		.loc 1 487 9 is_stmt 1 view .LVU342
 1176              		.loc 1 487 13 is_stmt 0 view .LVU343
 1177 032a FFF7FEFF 		bl	HAL_GetTick
 1178              	.LVL82:
 1179              		.loc 1 487 27 discriminator 1 view .LVU344
 1180 032e 401B     		subs	r0, r0, r5
 1181              		.loc 1 487 11 discriminator 1 view .LVU345
 1182 0330 0228     		cmp	r0, #2
 1183 0332 E6D9     		bls	.L59
 488:Drivers/STM32F3xx_HAL_Driver/Src/stm32f3xx_hal_rcc.c ****         {
 489:Drivers/STM32F3xx_HAL_Driver/Src/stm32f3xx_hal_rcc.c ****           return HAL_TIMEOUT;
 1184              		.loc 1 489 18 view .LVU346
 1185 0334 0320     		movs	r0, #3
 1186 0336 79E1     		b	.L21
 1187              	.LVL83:
 1188              	.L55:
 490:Drivers/STM32F3xx_HAL_Driver/Src/stm32f3xx_hal_rcc.c ****         }
 491:Drivers/STM32F3xx_HAL_Driver/Src/stm32f3xx_hal_rcc.c ****       }
 492:Drivers/STM32F3xx_HAL_Driver/Src/stm32f3xx_hal_rcc.c ****     }
 493:Drivers/STM32F3xx_HAL_Driver/Src/stm32f3xx_hal_rcc.c ****   }
 494:Drivers/STM32F3xx_HAL_Driver/Src/stm32f3xx_hal_rcc.c ****   /*------------------------------ LSE Configuration -------------------------*/ 
 495:Drivers/STM32F3xx_HAL_Driver/Src/stm32f3xx_hal_rcc.c ****   if(((RCC_OscInitStruct->OscillatorType) & RCC_OSCILLATORTYPE_LSE) == RCC_OSCILLATORTYPE_LSE)
 1189              		.loc 1 495 3 is_stmt 1 view .LVU347
 1190              		.loc 1 495 25 is_stmt 0 view .LVU348
 1191 0338 2368     		ldr	r3, [r4]
 1192              		.loc 1 495 5 view .LVU349
 1193 033a 13F0040F 		tst	r3, #4
 1194 033e 00F0A980 		beq	.L61
 1195              	.LBB216:
 496:Drivers/STM32F3xx_HAL_Driver/Src/stm32f3xx_hal_rcc.c ****   {
 497:Drivers/STM32F3xx_HAL_Driver/Src/stm32f3xx_hal_rcc.c ****     FlagStatus       pwrclkchanged = RESET;
 1196              		.loc 1 497 5 is_stmt 1 view .LVU350
 1197              	.LVL84:
 498:Drivers/STM32F3xx_HAL_Driver/Src/stm32f3xx_hal_rcc.c ****     
 499:Drivers/STM32F3xx_HAL_Driver/Src/stm32f3xx_hal_rcc.c ****     /* Check the parameters */
 500:Drivers/STM32F3xx_HAL_Driver/Src/stm32f3xx_hal_rcc.c ****     assert_param(IS_RCC_LSE(RCC_OscInitStruct->LSEState));
 1198              		.loc 1 500 5 view .LVU351
 501:Drivers/STM32F3xx_HAL_Driver/Src/stm32f3xx_hal_rcc.c **** 
 502:Drivers/STM32F3xx_HAL_Driver/Src/stm32f3xx_hal_rcc.c ****     /* Update LSE configuration in Backup Domain control register    */
 503:Drivers/STM32F3xx_HAL_Driver/Src/stm32f3xx_hal_rcc.c ****     /* Requires to enable write access to Backup Domain of necessary */
 504:Drivers/STM32F3xx_HAL_Driver/Src/stm32f3xx_hal_rcc.c ****     if(__HAL_RCC_PWR_IS_CLK_DISABLED())
 1199              		.loc 1 504 5 view .LVU352
 1200              		.loc 1 504 8 is_stmt 0 view .LVU353
 1201 0342 894B     		ldr	r3, .L135+4
 1202 0344 DB69     		ldr	r3, [r3, #28]
 1203              		.loc 1 504 7 view .LVU354
 1204 0346 13F0805F 		tst	r3, #268435456
 1205 034a 20D1     		bne	.L103
 505:Drivers/STM32F3xx_HAL_Driver/Src/stm32f3xx_hal_rcc.c ****     {
 506:Drivers/STM32F3xx_HAL_Driver/Src/stm32f3xx_hal_rcc.c ****       __HAL_RCC_PWR_CLK_ENABLE();
 1206              		.loc 1 506 7 is_stmt 1 view .LVU355
 1207              	.LBB217:
 1208              		.loc 1 506 7 view .LVU356
 1209              		.loc 1 506 7 view .LVU357
 1210 034c 864B     		ldr	r3, .L135+4
 1211 034e DA69     		ldr	r2, [r3, #28]
ARM GAS  /tmp/ccRCfR3k.s 			page 52


 1212 0350 42F08052 		orr	r2, r2, #268435456
 1213 0354 DA61     		str	r2, [r3, #28]
 1214              		.loc 1 506 7 view .LVU358
 1215 0356 DB69     		ldr	r3, [r3, #28]
 1216 0358 03F08053 		and	r3, r3, #268435456
 1217 035c 0193     		str	r3, [sp, #4]
 1218              		.loc 1 506 7 view .LVU359
 1219 035e 019B     		ldr	r3, [sp, #4]
 1220              	.LBE217:
 1221              		.loc 1 506 7 view .LVU360
 507:Drivers/STM32F3xx_HAL_Driver/Src/stm32f3xx_hal_rcc.c ****       pwrclkchanged = SET;
 1222              		.loc 1 507 7 view .LVU361
 1223              	.LVL85:
 1224              		.loc 1 507 21 is_stmt 0 view .LVU362
 1225 0360 0125     		movs	r5, #1
 1226              	.LVL86:
 1227              	.L62:
 508:Drivers/STM32F3xx_HAL_Driver/Src/stm32f3xx_hal_rcc.c ****     }
 509:Drivers/STM32F3xx_HAL_Driver/Src/stm32f3xx_hal_rcc.c ****     
 510:Drivers/STM32F3xx_HAL_Driver/Src/stm32f3xx_hal_rcc.c ****     if(HAL_IS_BIT_CLR(PWR->CR, PWR_CR_DBP))
 1228              		.loc 1 510 5 is_stmt 1 view .LVU363
 1229              		.loc 1 510 8 is_stmt 0 view .LVU364
 1230 0362 824B     		ldr	r3, .L135+8
 1231 0364 1B68     		ldr	r3, [r3]
 1232              		.loc 1 510 7 view .LVU365
 1233 0366 13F4807F 		tst	r3, #256
 1234 036a 12D0     		beq	.L125
 1235              	.L63:
 511:Drivers/STM32F3xx_HAL_Driver/Src/stm32f3xx_hal_rcc.c ****     {
 512:Drivers/STM32F3xx_HAL_Driver/Src/stm32f3xx_hal_rcc.c ****       /* Enable write access to Backup domain */
 513:Drivers/STM32F3xx_HAL_Driver/Src/stm32f3xx_hal_rcc.c ****       SET_BIT(PWR->CR, PWR_CR_DBP);
 514:Drivers/STM32F3xx_HAL_Driver/Src/stm32f3xx_hal_rcc.c ****       
 515:Drivers/STM32F3xx_HAL_Driver/Src/stm32f3xx_hal_rcc.c ****       /* Wait for Backup domain Write protection disable */
 516:Drivers/STM32F3xx_HAL_Driver/Src/stm32f3xx_hal_rcc.c ****       tickstart = HAL_GetTick();
 517:Drivers/STM32F3xx_HAL_Driver/Src/stm32f3xx_hal_rcc.c **** 
 518:Drivers/STM32F3xx_HAL_Driver/Src/stm32f3xx_hal_rcc.c ****       while(HAL_IS_BIT_CLR(PWR->CR, PWR_CR_DBP))
 519:Drivers/STM32F3xx_HAL_Driver/Src/stm32f3xx_hal_rcc.c ****       {
 520:Drivers/STM32F3xx_HAL_Driver/Src/stm32f3xx_hal_rcc.c ****         if((HAL_GetTick() - tickstart) > RCC_DBP_TIMEOUT_VALUE)
 521:Drivers/STM32F3xx_HAL_Driver/Src/stm32f3xx_hal_rcc.c ****         {
 522:Drivers/STM32F3xx_HAL_Driver/Src/stm32f3xx_hal_rcc.c ****           return HAL_TIMEOUT;
 523:Drivers/STM32F3xx_HAL_Driver/Src/stm32f3xx_hal_rcc.c ****         }
 524:Drivers/STM32F3xx_HAL_Driver/Src/stm32f3xx_hal_rcc.c ****       }
 525:Drivers/STM32F3xx_HAL_Driver/Src/stm32f3xx_hal_rcc.c ****     }
 526:Drivers/STM32F3xx_HAL_Driver/Src/stm32f3xx_hal_rcc.c **** 
 527:Drivers/STM32F3xx_HAL_Driver/Src/stm32f3xx_hal_rcc.c ****     /* Set the new LSE configuration -----------------------------------------*/
 528:Drivers/STM32F3xx_HAL_Driver/Src/stm32f3xx_hal_rcc.c ****     __HAL_RCC_LSE_CONFIG(RCC_OscInitStruct->LSEState);
 1236              		.loc 1 528 5 is_stmt 1 view .LVU366
 1237              		.loc 1 528 5 view .LVU367
 1238 036c A368     		ldr	r3, [r4, #8]
 1239 036e 012B     		cmp	r3, #1
 1240 0370 23D0     		beq	.L126
 1241              		.loc 1 528 5 discriminator 2 view .LVU368
 1242 0372 73BB     		cbnz	r3, .L68
 1243              		.loc 1 528 5 discriminator 4 view .LVU369
 1244 0374 03F18043 		add	r3, r3, #1073741824
 1245 0378 03F50433 		add	r3, r3, #135168
 1246 037c 1A6A     		ldr	r2, [r3, #32]
ARM GAS  /tmp/ccRCfR3k.s 			page 53


 1247 037e 22F00102 		bic	r2, r2, #1
 1248 0382 1A62     		str	r2, [r3, #32]
 1249              		.loc 1 528 5 discriminator 4 view .LVU370
 1250 0384 1A6A     		ldr	r2, [r3, #32]
 1251 0386 22F00402 		bic	r2, r2, #4
 1252 038a 1A62     		str	r2, [r3, #32]
 1253 038c 1AE0     		b	.L67
 1254              	.LVL87:
 1255              	.L103:
 497:Drivers/STM32F3xx_HAL_Driver/Src/stm32f3xx_hal_rcc.c ****     
 1256              		.loc 1 497 22 is_stmt 0 view .LVU371
 1257 038e 0025     		movs	r5, #0
 1258 0390 E7E7     		b	.L62
 1259              	.LVL88:
 1260              	.L125:
 513:Drivers/STM32F3xx_HAL_Driver/Src/stm32f3xx_hal_rcc.c ****       
 1261              		.loc 1 513 7 is_stmt 1 view .LVU372
 1262 0392 764A     		ldr	r2, .L135+8
 1263 0394 1368     		ldr	r3, [r2]
 1264 0396 43F48073 		orr	r3, r3, #256
 1265 039a 1360     		str	r3, [r2]
 516:Drivers/STM32F3xx_HAL_Driver/Src/stm32f3xx_hal_rcc.c **** 
 1266              		.loc 1 516 7 view .LVU373
 516:Drivers/STM32F3xx_HAL_Driver/Src/stm32f3xx_hal_rcc.c **** 
 1267              		.loc 1 516 19 is_stmt 0 view .LVU374
 1268 039c FFF7FEFF 		bl	HAL_GetTick
 1269              	.LVL89:
 1270 03a0 0646     		mov	r6, r0
 1271              	.LVL90:
 518:Drivers/STM32F3xx_HAL_Driver/Src/stm32f3xx_hal_rcc.c ****       {
 1272              		.loc 1 518 7 is_stmt 1 view .LVU375
 1273              	.L64:
 518:Drivers/STM32F3xx_HAL_Driver/Src/stm32f3xx_hal_rcc.c ****       {
 1274              		.loc 1 518 13 view .LVU376
 1275 03a2 724B     		ldr	r3, .L135+8
 1276 03a4 1B68     		ldr	r3, [r3]
 1277 03a6 13F4807F 		tst	r3, #256
 1278 03aa DFD1     		bne	.L63
 520:Drivers/STM32F3xx_HAL_Driver/Src/stm32f3xx_hal_rcc.c ****         {
 1279              		.loc 1 520 9 view .LVU377
 520:Drivers/STM32F3xx_HAL_Driver/Src/stm32f3xx_hal_rcc.c ****         {
 1280              		.loc 1 520 13 is_stmt 0 view .LVU378
 1281 03ac FFF7FEFF 		bl	HAL_GetTick
 1282              	.LVL91:
 520:Drivers/STM32F3xx_HAL_Driver/Src/stm32f3xx_hal_rcc.c ****         {
 1283              		.loc 1 520 27 discriminator 1 view .LVU379
 1284 03b0 801B     		subs	r0, r0, r6
 520:Drivers/STM32F3xx_HAL_Driver/Src/stm32f3xx_hal_rcc.c ****         {
 1285              		.loc 1 520 11 discriminator 1 view .LVU380
 1286 03b2 6428     		cmp	r0, #100
 1287 03b4 F5D9     		bls	.L64
 522:Drivers/STM32F3xx_HAL_Driver/Src/stm32f3xx_hal_rcc.c ****         }
 1288              		.loc 1 522 18 view .LVU381
 1289 03b6 0320     		movs	r0, #3
 1290 03b8 38E1     		b	.L21
 1291              	.LVL92:
 1292              	.L126:
ARM GAS  /tmp/ccRCfR3k.s 			page 54


 1293              		.loc 1 528 5 is_stmt 1 discriminator 1 view .LVU382
 1294 03ba 6B4A     		ldr	r2, .L135+4
 1295 03bc 136A     		ldr	r3, [r2, #32]
 1296 03be 43F00103 		orr	r3, r3, #1
 1297 03c2 1362     		str	r3, [r2, #32]
 1298              	.L67:
 1299              		.loc 1 528 5 discriminator 10 view .LVU383
 529:Drivers/STM32F3xx_HAL_Driver/Src/stm32f3xx_hal_rcc.c ****     /* Check the LSE State */
 530:Drivers/STM32F3xx_HAL_Driver/Src/stm32f3xx_hal_rcc.c ****     if(RCC_OscInitStruct->LSEState != RCC_LSE_OFF)
 1300              		.loc 1 530 5 view .LVU384
 1301              		.loc 1 530 25 is_stmt 0 view .LVU385
 1302 03c4 A368     		ldr	r3, [r4, #8]
 1303              		.loc 1 530 7 view .LVU386
 1304 03c6 002B     		cmp	r3, #0
 1305 03c8 3CD0     		beq	.L70
 531:Drivers/STM32F3xx_HAL_Driver/Src/stm32f3xx_hal_rcc.c ****     {
 532:Drivers/STM32F3xx_HAL_Driver/Src/stm32f3xx_hal_rcc.c ****       /* Get Start Tick */
 533:Drivers/STM32F3xx_HAL_Driver/Src/stm32f3xx_hal_rcc.c ****       tickstart = HAL_GetTick();
 1306              		.loc 1 533 7 is_stmt 1 view .LVU387
 1307              		.loc 1 533 19 is_stmt 0 view .LVU388
 1308 03ca FFF7FEFF 		bl	HAL_GetTick
 1309              	.LVL93:
 1310 03ce 0646     		mov	r6, r0
 1311              	.LVL94:
 534:Drivers/STM32F3xx_HAL_Driver/Src/stm32f3xx_hal_rcc.c ****       
 535:Drivers/STM32F3xx_HAL_Driver/Src/stm32f3xx_hal_rcc.c ****       /* Wait till LSE is ready */  
 536:Drivers/STM32F3xx_HAL_Driver/Src/stm32f3xx_hal_rcc.c ****       while(__HAL_RCC_GET_FLAG(RCC_FLAG_LSERDY) == RESET)
 1312              		.loc 1 536 7 is_stmt 1 view .LVU389
 1313              		.loc 1 536 12 is_stmt 0 view .LVU390
 1314 03d0 2EE0     		b	.L71
 1315              	.LVL95:
 1316              	.L68:
 528:Drivers/STM32F3xx_HAL_Driver/Src/stm32f3xx_hal_rcc.c ****     /* Check the LSE State */
 1317              		.loc 1 528 5 is_stmt 1 discriminator 5 view .LVU391
 1318 03d2 052B     		cmp	r3, #5
 1319 03d4 09D0     		beq	.L127
 528:Drivers/STM32F3xx_HAL_Driver/Src/stm32f3xx_hal_rcc.c ****     /* Check the LSE State */
 1320              		.loc 1 528 5 discriminator 8 view .LVU392
 1321 03d6 644B     		ldr	r3, .L135+4
 1322 03d8 1A6A     		ldr	r2, [r3, #32]
 1323 03da 22F00102 		bic	r2, r2, #1
 1324 03de 1A62     		str	r2, [r3, #32]
 528:Drivers/STM32F3xx_HAL_Driver/Src/stm32f3xx_hal_rcc.c ****     /* Check the LSE State */
 1325              		.loc 1 528 5 discriminator 8 view .LVU393
 1326 03e0 1A6A     		ldr	r2, [r3, #32]
 1327 03e2 22F00402 		bic	r2, r2, #4
 1328 03e6 1A62     		str	r2, [r3, #32]
 1329 03e8 ECE7     		b	.L67
 1330              	.L127:
 528:Drivers/STM32F3xx_HAL_Driver/Src/stm32f3xx_hal_rcc.c ****     /* Check the LSE State */
 1331              		.loc 1 528 5 discriminator 7 view .LVU394
 1332 03ea 5F4B     		ldr	r3, .L135+4
 1333 03ec 1A6A     		ldr	r2, [r3, #32]
 1334 03ee 42F00402 		orr	r2, r2, #4
 1335 03f2 1A62     		str	r2, [r3, #32]
 528:Drivers/STM32F3xx_HAL_Driver/Src/stm32f3xx_hal_rcc.c ****     /* Check the LSE State */
 1336              		.loc 1 528 5 discriminator 7 view .LVU395
ARM GAS  /tmp/ccRCfR3k.s 			page 55


 1337 03f4 1A6A     		ldr	r2, [r3, #32]
 1338 03f6 42F00102 		orr	r2, r2, #1
 1339 03fa 1A62     		str	r2, [r3, #32]
 1340 03fc E2E7     		b	.L67
 1341              	.LVL96:
 1342              	.L72:
 1343              	.LBB218:
 1344              	.LBI218:
 981:Drivers/CMSIS/Include/cmsis_gcc.h **** {
 1345              		.loc 2 981 31 view .LVU396
 1346              	.LBB219:
 983:Drivers/CMSIS/Include/cmsis_gcc.h **** 
 1347              		.loc 2 983 3 view .LVU397
 988:Drivers/CMSIS/Include/cmsis_gcc.h **** #else
 1348              		.loc 2 988 4 view .LVU398
 1349 03fe 0223     		movs	r3, #2
 1350              		.syntax unified
 1351              	@ 988 "Drivers/CMSIS/Include/cmsis_gcc.h" 1
 1352 0400 93FAA3F3 		rbit r3, r3
 1353              	@ 0 "" 2
 1354              	.LVL97:
 1355              		.loc 2 1001 3 view .LVU399
 1356              		.loc 2 1001 3 is_stmt 0 view .LVU400
 1357              		.thumb
 1358              		.syntax unified
 1359              	.LBE219:
 1360              	.LBE218:
 1361              		.loc 1 536 13 discriminator 8 view .LVU401
 1362 0404 584B     		ldr	r3, .L135+4
 1363 0406 596A     		ldr	r1, [r3, #36]
 1364              	.L73:
 1365              	.LVL98:
 1366              	.LBB220:
 1367              	.LBI220:
 981:Drivers/CMSIS/Include/cmsis_gcc.h **** {
 1368              		.loc 2 981 31 is_stmt 1 view .LVU402
 1369              	.LBB221:
 983:Drivers/CMSIS/Include/cmsis_gcc.h **** 
 1370              		.loc 2 983 3 view .LVU403
 988:Drivers/CMSIS/Include/cmsis_gcc.h **** #else
 1371              		.loc 2 988 4 view .LVU404
 1372 0408 0223     		movs	r3, #2
 1373              		.syntax unified
 1374              	@ 988 "Drivers/CMSIS/Include/cmsis_gcc.h" 1
 1375 040a 93FAA3F3 		rbit r3, r3
 1376              	@ 0 "" 2
 1377              	.LVL99:
 1378              		.loc 2 1001 3 view .LVU405
 1379              		.loc 2 1001 3 is_stmt 0 view .LVU406
 1380              		.thumb
 1381              		.syntax unified
 1382              	.LBE221:
 1383              	.LBE220:
 1384              		.loc 1 536 13 discriminator 2 view .LVU407
 1385 040e B3FA83F3 		clz	r3, r3
 1386 0412 03F01F03 		and	r3, r3, #31
 1387 0416 0122     		movs	r2, #1
ARM GAS  /tmp/ccRCfR3k.s 			page 56


 1388 0418 02FA03F3 		lsl	r3, r2, r3
 1389              		.loc 1 536 49 discriminator 2 view .LVU408
 1390 041c 1942     		tst	r1, r3
 1391 041e 38D1     		bne	.L75
 537:Drivers/STM32F3xx_HAL_Driver/Src/stm32f3xx_hal_rcc.c ****       {
 538:Drivers/STM32F3xx_HAL_Driver/Src/stm32f3xx_hal_rcc.c ****         if((HAL_GetTick() - tickstart ) > RCC_LSE_TIMEOUT_VALUE)
 1392              		.loc 1 538 9 is_stmt 1 view .LVU409
 1393              		.loc 1 538 13 is_stmt 0 view .LVU410
 1394 0420 FFF7FEFF 		bl	HAL_GetTick
 1395              	.LVL100:
 1396              		.loc 1 538 27 discriminator 1 view .LVU411
 1397 0424 801B     		subs	r0, r0, r6
 1398              		.loc 1 538 11 discriminator 1 view .LVU412
 1399 0426 41F28833 		movw	r3, #5000
 1400 042a 9842     		cmp	r0, r3
 1401 042c 00F2F980 		bhi	.L105
 1402              	.L71:
 536:Drivers/STM32F3xx_HAL_Driver/Src/stm32f3xx_hal_rcc.c ****       {
 1403              		.loc 1 536 49 is_stmt 1 view .LVU413
 1404              	.LVL101:
 1405              	.LBB222:
 1406              	.LBI222:
 981:Drivers/CMSIS/Include/cmsis_gcc.h **** {
 1407              		.loc 2 981 31 view .LVU414
 1408              	.LBB223:
 983:Drivers/CMSIS/Include/cmsis_gcc.h **** 
 1409              		.loc 2 983 3 view .LVU415
 988:Drivers/CMSIS/Include/cmsis_gcc.h **** #else
 1410              		.loc 2 988 4 view .LVU416
 1411 0430 0223     		movs	r3, #2
 1412              		.syntax unified
 1413              	@ 988 "Drivers/CMSIS/Include/cmsis_gcc.h" 1
 1414 0432 93FAA3F2 		rbit r2, r3
 1415              	@ 0 "" 2
 1416              	.LVL102:
 1417              		.loc 2 1001 3 view .LVU417
 1418              		.loc 2 1001 3 is_stmt 0 view .LVU418
 1419              		.thumb
 1420              		.syntax unified
 1421              	.LBE223:
 1422              	.LBE222:
 1423              	.LBB224:
 1424              	.LBI224:
 981:Drivers/CMSIS/Include/cmsis_gcc.h **** {
 1425              		.loc 2 981 31 is_stmt 1 view .LVU419
 1426              	.LBB225:
 983:Drivers/CMSIS/Include/cmsis_gcc.h **** 
 1427              		.loc 2 983 3 view .LVU420
 988:Drivers/CMSIS/Include/cmsis_gcc.h **** #else
 1428              		.loc 2 988 4 view .LVU421
 1429              		.syntax unified
 1430              	@ 988 "Drivers/CMSIS/Include/cmsis_gcc.h" 1
 1431 0436 93FAA3F3 		rbit r3, r3
 1432              	@ 0 "" 2
 1433              	.LVL103:
 1434              		.loc 2 1001 3 view .LVU422
 1435              		.loc 2 1001 3 is_stmt 0 view .LVU423
ARM GAS  /tmp/ccRCfR3k.s 			page 57


 1436              		.thumb
 1437              		.syntax unified
 1438              	.LBE225:
 1439              	.LBE224:
 536:Drivers/STM32F3xx_HAL_Driver/Src/stm32f3xx_hal_rcc.c ****       {
 1440              		.loc 1 536 13 discriminator 2 view .LVU424
 1441 043a 002B     		cmp	r3, #0
 1442 043c DFD0     		beq	.L72
 536:Drivers/STM32F3xx_HAL_Driver/Src/stm32f3xx_hal_rcc.c ****       {
 1443              		.loc 1 536 13 discriminator 4 view .LVU425
 1444 043e 4A4B     		ldr	r3, .L135+4
 1445 0440 196A     		ldr	r1, [r3, #32]
 1446 0442 E1E7     		b	.L73
 1447              	.LVL104:
 1448              	.L70:
 539:Drivers/STM32F3xx_HAL_Driver/Src/stm32f3xx_hal_rcc.c ****         {
 540:Drivers/STM32F3xx_HAL_Driver/Src/stm32f3xx_hal_rcc.c ****           return HAL_TIMEOUT;
 541:Drivers/STM32F3xx_HAL_Driver/Src/stm32f3xx_hal_rcc.c ****         }
 542:Drivers/STM32F3xx_HAL_Driver/Src/stm32f3xx_hal_rcc.c ****       }
 543:Drivers/STM32F3xx_HAL_Driver/Src/stm32f3xx_hal_rcc.c ****     }
 544:Drivers/STM32F3xx_HAL_Driver/Src/stm32f3xx_hal_rcc.c ****     else
 545:Drivers/STM32F3xx_HAL_Driver/Src/stm32f3xx_hal_rcc.c ****     {
 546:Drivers/STM32F3xx_HAL_Driver/Src/stm32f3xx_hal_rcc.c ****       /* Get Start Tick */
 547:Drivers/STM32F3xx_HAL_Driver/Src/stm32f3xx_hal_rcc.c ****       tickstart = HAL_GetTick();
 1449              		.loc 1 547 7 is_stmt 1 view .LVU426
 1450              		.loc 1 547 19 is_stmt 0 view .LVU427
 1451 0444 FFF7FEFF 		bl	HAL_GetTick
 1452              	.LVL105:
 1453 0448 0646     		mov	r6, r0
 1454              	.LVL106:
 548:Drivers/STM32F3xx_HAL_Driver/Src/stm32f3xx_hal_rcc.c ****       
 549:Drivers/STM32F3xx_HAL_Driver/Src/stm32f3xx_hal_rcc.c ****       /* Wait till LSE is disabled */  
 550:Drivers/STM32F3xx_HAL_Driver/Src/stm32f3xx_hal_rcc.c ****       while(__HAL_RCC_GET_FLAG(RCC_FLAG_LSERDY) != RESET)
 1455              		.loc 1 550 7 is_stmt 1 view .LVU428
 1456              		.loc 1 550 12 is_stmt 0 view .LVU429
 1457 044a 18E0     		b	.L76
 1458              	.LVL107:
 1459              	.L77:
 1460              	.LBB226:
 1461              	.LBI226:
 981:Drivers/CMSIS/Include/cmsis_gcc.h **** {
 1462              		.loc 2 981 31 is_stmt 1 view .LVU430
 1463              	.LBB227:
 983:Drivers/CMSIS/Include/cmsis_gcc.h **** 
 1464              		.loc 2 983 3 view .LVU431
 988:Drivers/CMSIS/Include/cmsis_gcc.h **** #else
 1465              		.loc 2 988 4 view .LVU432
 1466 044c 0223     		movs	r3, #2
 1467              		.syntax unified
 1468              	@ 988 "Drivers/CMSIS/Include/cmsis_gcc.h" 1
 1469 044e 93FAA3F3 		rbit r3, r3
 1470              	@ 0 "" 2
 1471              	.LVL108:
 1472              		.loc 2 1001 3 view .LVU433
 1473              		.loc 2 1001 3 is_stmt 0 view .LVU434
 1474              		.thumb
 1475              		.syntax unified
ARM GAS  /tmp/ccRCfR3k.s 			page 58


 1476              	.LBE227:
 1477              	.LBE226:
 1478              		.loc 1 550 13 discriminator 8 view .LVU435
 1479 0452 454B     		ldr	r3, .L135+4
 1480 0454 596A     		ldr	r1, [r3, #36]
 1481              	.L78:
 1482              	.LVL109:
 1483              	.LBB228:
 1484              	.LBI228:
 981:Drivers/CMSIS/Include/cmsis_gcc.h **** {
 1485              		.loc 2 981 31 is_stmt 1 view .LVU436
 1486              	.LBB229:
 983:Drivers/CMSIS/Include/cmsis_gcc.h **** 
 1487              		.loc 2 983 3 view .LVU437
 988:Drivers/CMSIS/Include/cmsis_gcc.h **** #else
 1488              		.loc 2 988 4 view .LVU438
 1489 0456 0223     		movs	r3, #2
 1490              		.syntax unified
 1491              	@ 988 "Drivers/CMSIS/Include/cmsis_gcc.h" 1
 1492 0458 93FAA3F3 		rbit r3, r3
 1493              	@ 0 "" 2
 1494              	.LVL110:
 1495              		.loc 2 1001 3 view .LVU439
 1496              		.loc 2 1001 3 is_stmt 0 view .LVU440
 1497              		.thumb
 1498              		.syntax unified
 1499              	.LBE229:
 1500              	.LBE228:
 1501              		.loc 1 550 13 discriminator 2 view .LVU441
 1502 045c B3FA83F3 		clz	r3, r3
 1503 0460 03F01F03 		and	r3, r3, #31
 1504 0464 0122     		movs	r2, #1
 1505 0466 02FA03F3 		lsl	r3, r2, r3
 1506              		.loc 1 550 49 discriminator 2 view .LVU442
 1507 046a 1942     		tst	r1, r3
 1508 046c 11D0     		beq	.L75
 551:Drivers/STM32F3xx_HAL_Driver/Src/stm32f3xx_hal_rcc.c ****       {
 552:Drivers/STM32F3xx_HAL_Driver/Src/stm32f3xx_hal_rcc.c ****         if((HAL_GetTick() - tickstart ) > RCC_LSE_TIMEOUT_VALUE)
 1509              		.loc 1 552 9 is_stmt 1 view .LVU443
 1510              		.loc 1 552 13 is_stmt 0 view .LVU444
 1511 046e FFF7FEFF 		bl	HAL_GetTick
 1512              	.LVL111:
 1513              		.loc 1 552 27 discriminator 1 view .LVU445
 1514 0472 801B     		subs	r0, r0, r6
 1515              		.loc 1 552 11 discriminator 1 view .LVU446
 1516 0474 41F28833 		movw	r3, #5000
 1517 0478 9842     		cmp	r0, r3
 1518 047a 00F2D480 		bhi	.L106
 1519              	.L76:
 550:Drivers/STM32F3xx_HAL_Driver/Src/stm32f3xx_hal_rcc.c ****       {
 1520              		.loc 1 550 49 is_stmt 1 view .LVU447
 1521              	.LVL112:
 1522              	.LBB230:
 1523              	.LBI230:
 981:Drivers/CMSIS/Include/cmsis_gcc.h **** {
 1524              		.loc 2 981 31 view .LVU448
 1525              	.LBB231:
ARM GAS  /tmp/ccRCfR3k.s 			page 59


 983:Drivers/CMSIS/Include/cmsis_gcc.h **** 
 1526              		.loc 2 983 3 view .LVU449
 988:Drivers/CMSIS/Include/cmsis_gcc.h **** #else
 1527              		.loc 2 988 4 view .LVU450
 1528 047e 0223     		movs	r3, #2
 1529              		.syntax unified
 1530              	@ 988 "Drivers/CMSIS/Include/cmsis_gcc.h" 1
 1531 0480 93FAA3F2 		rbit r2, r3
 1532              	@ 0 "" 2
 1533              	.LVL113:
 1534              		.loc 2 1001 3 view .LVU451
 1535              		.loc 2 1001 3 is_stmt 0 view .LVU452
 1536              		.thumb
 1537              		.syntax unified
 1538              	.LBE231:
 1539              	.LBE230:
 1540              	.LBB232:
 1541              	.LBI232:
 981:Drivers/CMSIS/Include/cmsis_gcc.h **** {
 1542              		.loc 2 981 31 is_stmt 1 view .LVU453
 1543              	.LBB233:
 983:Drivers/CMSIS/Include/cmsis_gcc.h **** 
 1544              		.loc 2 983 3 view .LVU454
 988:Drivers/CMSIS/Include/cmsis_gcc.h **** #else
 1545              		.loc 2 988 4 view .LVU455
 1546              		.syntax unified
 1547              	@ 988 "Drivers/CMSIS/Include/cmsis_gcc.h" 1
 1548 0484 93FAA3F3 		rbit r3, r3
 1549              	@ 0 "" 2
 1550              	.LVL114:
 1551              		.loc 2 1001 3 view .LVU456
 1552              		.loc 2 1001 3 is_stmt 0 view .LVU457
 1553              		.thumb
 1554              		.syntax unified
 1555              	.LBE233:
 1556              	.LBE232:
 550:Drivers/STM32F3xx_HAL_Driver/Src/stm32f3xx_hal_rcc.c ****       {
 1557              		.loc 1 550 13 discriminator 2 view .LVU458
 1558 0488 002B     		cmp	r3, #0
 1559 048a DFD0     		beq	.L77
 550:Drivers/STM32F3xx_HAL_Driver/Src/stm32f3xx_hal_rcc.c ****       {
 1560              		.loc 1 550 13 discriminator 4 view .LVU459
 1561 048c 364B     		ldr	r3, .L135+4
 1562 048e 196A     		ldr	r1, [r3, #32]
 1563 0490 E1E7     		b	.L78
 1564              	.L75:
 553:Drivers/STM32F3xx_HAL_Driver/Src/stm32f3xx_hal_rcc.c ****         {
 554:Drivers/STM32F3xx_HAL_Driver/Src/stm32f3xx_hal_rcc.c ****           return HAL_TIMEOUT;
 555:Drivers/STM32F3xx_HAL_Driver/Src/stm32f3xx_hal_rcc.c ****         }
 556:Drivers/STM32F3xx_HAL_Driver/Src/stm32f3xx_hal_rcc.c ****       }
 557:Drivers/STM32F3xx_HAL_Driver/Src/stm32f3xx_hal_rcc.c ****     }
 558:Drivers/STM32F3xx_HAL_Driver/Src/stm32f3xx_hal_rcc.c **** 
 559:Drivers/STM32F3xx_HAL_Driver/Src/stm32f3xx_hal_rcc.c ****     /* Require to disable power clock if necessary */
 560:Drivers/STM32F3xx_HAL_Driver/Src/stm32f3xx_hal_rcc.c ****     if(pwrclkchanged == SET)
 1565              		.loc 1 560 5 is_stmt 1 view .LVU460
 1566              		.loc 1 560 7 is_stmt 0 view .LVU461
 1567 0492 B5BB     		cbnz	r5, .L128
ARM GAS  /tmp/ccRCfR3k.s 			page 60


 1568              	.LVL115:
 1569              	.L61:
 1570              		.loc 1 560 7 view .LVU462
 1571              	.LBE216:
 561:Drivers/STM32F3xx_HAL_Driver/Src/stm32f3xx_hal_rcc.c ****     {
 562:Drivers/STM32F3xx_HAL_Driver/Src/stm32f3xx_hal_rcc.c ****       __HAL_RCC_PWR_CLK_DISABLE();
 563:Drivers/STM32F3xx_HAL_Driver/Src/stm32f3xx_hal_rcc.c ****     }
 564:Drivers/STM32F3xx_HAL_Driver/Src/stm32f3xx_hal_rcc.c ****   }
 565:Drivers/STM32F3xx_HAL_Driver/Src/stm32f3xx_hal_rcc.c **** 
 566:Drivers/STM32F3xx_HAL_Driver/Src/stm32f3xx_hal_rcc.c ****   /*-------------------------------- PLL Configuration -----------------------*/
 567:Drivers/STM32F3xx_HAL_Driver/Src/stm32f3xx_hal_rcc.c ****   /* Check the parameters */
 568:Drivers/STM32F3xx_HAL_Driver/Src/stm32f3xx_hal_rcc.c ****   assert_param(IS_RCC_PLL(RCC_OscInitStruct->PLL.PLLState));
 1572              		.loc 1 568 3 is_stmt 1 view .LVU463
 569:Drivers/STM32F3xx_HAL_Driver/Src/stm32f3xx_hal_rcc.c ****   if ((RCC_OscInitStruct->PLL.PLLState) != RCC_PLL_NONE)
 1573              		.loc 1 569 3 view .LVU464
 1574              		.loc 1 569 30 is_stmt 0 view .LVU465
 1575 0494 A369     		ldr	r3, [r4, #24]
 1576              		.loc 1 569 6 view .LVU466
 1577 0496 002B     		cmp	r3, #0
 1578 0498 00F0C780 		beq	.L107
 570:Drivers/STM32F3xx_HAL_Driver/Src/stm32f3xx_hal_rcc.c ****   {
 571:Drivers/STM32F3xx_HAL_Driver/Src/stm32f3xx_hal_rcc.c ****     /* Check if the PLL is used as system clock or not */
 572:Drivers/STM32F3xx_HAL_Driver/Src/stm32f3xx_hal_rcc.c ****     if(__HAL_RCC_GET_SYSCLK_SOURCE() != RCC_SYSCLKSOURCE_STATUS_PLLCLK)
 1579              		.loc 1 572 5 is_stmt 1 view .LVU467
 1580              		.loc 1 572 8 is_stmt 0 view .LVU468
 1581 049c 324A     		ldr	r2, .L135+4
 1582 049e 5268     		ldr	r2, [r2, #4]
 1583 04a0 02F00C02 		and	r2, r2, #12
 1584              		.loc 1 572 7 view .LVU469
 1585 04a4 082A     		cmp	r2, #8
 1586 04a6 00F0A080 		beq	.L80
 573:Drivers/STM32F3xx_HAL_Driver/Src/stm32f3xx_hal_rcc.c ****     { 
 574:Drivers/STM32F3xx_HAL_Driver/Src/stm32f3xx_hal_rcc.c ****       if((RCC_OscInitStruct->PLL.PLLState) == RCC_PLL_ON)
 1587              		.loc 1 574 7 is_stmt 1 view .LVU470
 1588              		.loc 1 574 9 is_stmt 0 view .LVU471
 1589 04aa 022B     		cmp	r3, #2
 1590 04ac 2FD0     		beq	.L129
 575:Drivers/STM32F3xx_HAL_Driver/Src/stm32f3xx_hal_rcc.c ****       {
 576:Drivers/STM32F3xx_HAL_Driver/Src/stm32f3xx_hal_rcc.c ****         /* Check the parameters */
 577:Drivers/STM32F3xx_HAL_Driver/Src/stm32f3xx_hal_rcc.c ****         assert_param(IS_RCC_PLLSOURCE(RCC_OscInitStruct->PLL.PLLSource));
 578:Drivers/STM32F3xx_HAL_Driver/Src/stm32f3xx_hal_rcc.c ****         assert_param(IS_RCC_PLL_MUL(RCC_OscInitStruct->PLL.PLLMUL));
 579:Drivers/STM32F3xx_HAL_Driver/Src/stm32f3xx_hal_rcc.c **** #if   defined(RCC_CFGR_PLLSRC_HSI_PREDIV)
 580:Drivers/STM32F3xx_HAL_Driver/Src/stm32f3xx_hal_rcc.c ****         assert_param(IS_RCC_PREDIV(RCC_OscInitStruct->PLL.PREDIV));
 581:Drivers/STM32F3xx_HAL_Driver/Src/stm32f3xx_hal_rcc.c **** #endif
 582:Drivers/STM32F3xx_HAL_Driver/Src/stm32f3xx_hal_rcc.c ****   
 583:Drivers/STM32F3xx_HAL_Driver/Src/stm32f3xx_hal_rcc.c ****         /* Disable the main PLL. */
 584:Drivers/STM32F3xx_HAL_Driver/Src/stm32f3xx_hal_rcc.c ****         __HAL_RCC_PLL_DISABLE();
 585:Drivers/STM32F3xx_HAL_Driver/Src/stm32f3xx_hal_rcc.c ****         
 586:Drivers/STM32F3xx_HAL_Driver/Src/stm32f3xx_hal_rcc.c ****         /* Get Start Tick */
 587:Drivers/STM32F3xx_HAL_Driver/Src/stm32f3xx_hal_rcc.c ****         tickstart = HAL_GetTick();
 588:Drivers/STM32F3xx_HAL_Driver/Src/stm32f3xx_hal_rcc.c ****         
 589:Drivers/STM32F3xx_HAL_Driver/Src/stm32f3xx_hal_rcc.c ****         /* Wait till PLL is disabled */
 590:Drivers/STM32F3xx_HAL_Driver/Src/stm32f3xx_hal_rcc.c ****         while(__HAL_RCC_GET_FLAG(RCC_FLAG_PLLRDY)  != RESET)
 591:Drivers/STM32F3xx_HAL_Driver/Src/stm32f3xx_hal_rcc.c ****         {
 592:Drivers/STM32F3xx_HAL_Driver/Src/stm32f3xx_hal_rcc.c ****           if((HAL_GetTick() - tickstart ) > PLL_TIMEOUT_VALUE)
 593:Drivers/STM32F3xx_HAL_Driver/Src/stm32f3xx_hal_rcc.c ****           {
 594:Drivers/STM32F3xx_HAL_Driver/Src/stm32f3xx_hal_rcc.c ****             return HAL_TIMEOUT;
ARM GAS  /tmp/ccRCfR3k.s 			page 61


 595:Drivers/STM32F3xx_HAL_Driver/Src/stm32f3xx_hal_rcc.c ****           }
 596:Drivers/STM32F3xx_HAL_Driver/Src/stm32f3xx_hal_rcc.c ****         }
 597:Drivers/STM32F3xx_HAL_Driver/Src/stm32f3xx_hal_rcc.c **** 
 598:Drivers/STM32F3xx_HAL_Driver/Src/stm32f3xx_hal_rcc.c **** #if defined(RCC_CFGR_PLLSRC_HSI_PREDIV)
 599:Drivers/STM32F3xx_HAL_Driver/Src/stm32f3xx_hal_rcc.c ****         /* Configure the main PLL clock source, predivider and multiplication factor. */
 600:Drivers/STM32F3xx_HAL_Driver/Src/stm32f3xx_hal_rcc.c ****         __HAL_RCC_PLL_CONFIG(RCC_OscInitStruct->PLL.PLLSource,
 601:Drivers/STM32F3xx_HAL_Driver/Src/stm32f3xx_hal_rcc.c ****                              RCC_OscInitStruct->PLL.PREDIV,
 602:Drivers/STM32F3xx_HAL_Driver/Src/stm32f3xx_hal_rcc.c ****                              RCC_OscInitStruct->PLL.PLLMUL);
 603:Drivers/STM32F3xx_HAL_Driver/Src/stm32f3xx_hal_rcc.c **** #else
 604:Drivers/STM32F3xx_HAL_Driver/Src/stm32f3xx_hal_rcc.c ****       /* Configure the main PLL clock source and multiplication factor. */
 605:Drivers/STM32F3xx_HAL_Driver/Src/stm32f3xx_hal_rcc.c ****       __HAL_RCC_PLL_CONFIG(RCC_OscInitStruct->PLL.PLLSource,
 606:Drivers/STM32F3xx_HAL_Driver/Src/stm32f3xx_hal_rcc.c ****                            RCC_OscInitStruct->PLL.PLLMUL);
 607:Drivers/STM32F3xx_HAL_Driver/Src/stm32f3xx_hal_rcc.c **** #endif /* RCC_CFGR_PLLSRC_HSI_PREDIV */
 608:Drivers/STM32F3xx_HAL_Driver/Src/stm32f3xx_hal_rcc.c ****         /* Enable the main PLL. */
 609:Drivers/STM32F3xx_HAL_Driver/Src/stm32f3xx_hal_rcc.c ****         __HAL_RCC_PLL_ENABLE();
 610:Drivers/STM32F3xx_HAL_Driver/Src/stm32f3xx_hal_rcc.c ****         
 611:Drivers/STM32F3xx_HAL_Driver/Src/stm32f3xx_hal_rcc.c ****         /* Get Start Tick */
 612:Drivers/STM32F3xx_HAL_Driver/Src/stm32f3xx_hal_rcc.c ****         tickstart = HAL_GetTick();
 613:Drivers/STM32F3xx_HAL_Driver/Src/stm32f3xx_hal_rcc.c ****         
 614:Drivers/STM32F3xx_HAL_Driver/Src/stm32f3xx_hal_rcc.c ****         /* Wait till PLL is ready */
 615:Drivers/STM32F3xx_HAL_Driver/Src/stm32f3xx_hal_rcc.c ****         while(__HAL_RCC_GET_FLAG(RCC_FLAG_PLLRDY)  == RESET)
 616:Drivers/STM32F3xx_HAL_Driver/Src/stm32f3xx_hal_rcc.c ****         {
 617:Drivers/STM32F3xx_HAL_Driver/Src/stm32f3xx_hal_rcc.c ****           if((HAL_GetTick() - tickstart ) > PLL_TIMEOUT_VALUE)
 618:Drivers/STM32F3xx_HAL_Driver/Src/stm32f3xx_hal_rcc.c ****           {
 619:Drivers/STM32F3xx_HAL_Driver/Src/stm32f3xx_hal_rcc.c ****             return HAL_TIMEOUT;
 620:Drivers/STM32F3xx_HAL_Driver/Src/stm32f3xx_hal_rcc.c ****           }
 621:Drivers/STM32F3xx_HAL_Driver/Src/stm32f3xx_hal_rcc.c ****         }
 622:Drivers/STM32F3xx_HAL_Driver/Src/stm32f3xx_hal_rcc.c ****       }
 623:Drivers/STM32F3xx_HAL_Driver/Src/stm32f3xx_hal_rcc.c ****       else
 624:Drivers/STM32F3xx_HAL_Driver/Src/stm32f3xx_hal_rcc.c ****       {
 625:Drivers/STM32F3xx_HAL_Driver/Src/stm32f3xx_hal_rcc.c ****         /* Disable the main PLL. */
 626:Drivers/STM32F3xx_HAL_Driver/Src/stm32f3xx_hal_rcc.c ****         __HAL_RCC_PLL_DISABLE();
 1591              		.loc 1 626 9 is_stmt 1 view .LVU472
 1592              	.LVL116:
 1593              	.LBB234:
 1594              	.LBI234:
 981:Drivers/CMSIS/Include/cmsis_gcc.h **** {
 1595              		.loc 2 981 31 view .LVU473
 1596              	.LBB235:
 983:Drivers/CMSIS/Include/cmsis_gcc.h **** 
 1597              		.loc 2 983 3 view .LVU474
 988:Drivers/CMSIS/Include/cmsis_gcc.h **** #else
 1598              		.loc 2 988 4 view .LVU475
 1599 04ae 4FF08073 		mov	r3, #16777216
 1600              		.syntax unified
 1601              	@ 988 "Drivers/CMSIS/Include/cmsis_gcc.h" 1
 1602 04b2 93FAA3F3 		rbit r3, r3
 1603              	@ 0 "" 2
 1604              	.LVL117:
 1605              		.loc 2 1001 3 view .LVU476
 1606              		.loc 2 1001 3 is_stmt 0 view .LVU477
 1607              		.thumb
 1608              		.syntax unified
 1609              	.LBE235:
 1610              	.LBE234:
 1611              		.loc 1 626 9 discriminator 2 view .LVU478
 1612 04b6 B3FA83F3 		clz	r3, r3
ARM GAS  /tmp/ccRCfR3k.s 			page 62


 1613 04ba 03F18453 		add	r3, r3, #276824064
 1614 04be 03F58413 		add	r3, r3, #1081344
 1615 04c2 9B00     		lsls	r3, r3, #2
 1616 04c4 0022     		movs	r2, #0
 1617 04c6 1A60     		str	r2, [r3]
 627:Drivers/STM32F3xx_HAL_Driver/Src/stm32f3xx_hal_rcc.c ****  
 628:Drivers/STM32F3xx_HAL_Driver/Src/stm32f3xx_hal_rcc.c ****         /* Get Start Tick */
 629:Drivers/STM32F3xx_HAL_Driver/Src/stm32f3xx_hal_rcc.c ****         tickstart = HAL_GetTick();
 1618              		.loc 1 629 9 is_stmt 1 view .LVU479
 1619              		.loc 1 629 21 is_stmt 0 view .LVU480
 1620 04c8 FFF7FEFF 		bl	HAL_GetTick
 1621              	.LVL118:
 1622 04cc 0446     		mov	r4, r0
 1623              	.LVL119:
 630:Drivers/STM32F3xx_HAL_Driver/Src/stm32f3xx_hal_rcc.c ****         
 631:Drivers/STM32F3xx_HAL_Driver/Src/stm32f3xx_hal_rcc.c ****         /* Wait till PLL is disabled */  
 632:Drivers/STM32F3xx_HAL_Driver/Src/stm32f3xx_hal_rcc.c ****         while(__HAL_RCC_GET_FLAG(RCC_FLAG_PLLRDY)  != RESET)
 1624              		.loc 1 632 9 is_stmt 1 view .LVU481
 1625              	.L90:
 1626              		.loc 1 632 52 view .LVU482
 1627              	.LBB236:
 1628              	.LBI236:
 981:Drivers/CMSIS/Include/cmsis_gcc.h **** {
 1629              		.loc 2 981 31 view .LVU483
 1630              	.LBB237:
 983:Drivers/CMSIS/Include/cmsis_gcc.h **** 
 1631              		.loc 2 983 3 view .LVU484
 988:Drivers/CMSIS/Include/cmsis_gcc.h **** #else
 1632              		.loc 2 988 4 view .LVU485
 1633 04ce 4FF00073 		mov	r3, #33554432
 1634              		.syntax unified
 1635              	@ 988 "Drivers/CMSIS/Include/cmsis_gcc.h" 1
 1636 04d2 93FAA3F3 		rbit r3, r3
 1637              	@ 0 "" 2
 1638              		.loc 2 1001 3 view .LVU486
 1639              	.LVL120:
 1640              		.loc 2 1001 3 is_stmt 0 view .LVU487
 1641              		.thumb
 1642              		.syntax unified
 1643              	.LBE237:
 1644              	.LBE236:
 1645              		.loc 1 632 15 discriminator 1 view .LVU488
 1646 04d6 244B     		ldr	r3, .L135+4
 1647 04d8 1968     		ldr	r1, [r3]
 1648              	.LVL121:
 1649              	.LBB238:
 1650              	.LBI238:
 981:Drivers/CMSIS/Include/cmsis_gcc.h **** {
 1651              		.loc 2 981 31 is_stmt 1 view .LVU489
 1652              	.LBB239:
 983:Drivers/CMSIS/Include/cmsis_gcc.h **** 
 1653              		.loc 2 983 3 view .LVU490
 988:Drivers/CMSIS/Include/cmsis_gcc.h **** #else
 1654              		.loc 2 988 4 view .LVU491
 1655 04da 4FF00073 		mov	r3, #33554432
 1656              		.syntax unified
 1657              	@ 988 "Drivers/CMSIS/Include/cmsis_gcc.h" 1
ARM GAS  /tmp/ccRCfR3k.s 			page 63


 1658 04de 93FAA3F3 		rbit r3, r3
 1659              	@ 0 "" 2
 1660              	.LVL122:
 1661              		.loc 2 1001 3 view .LVU492
 1662              		.loc 2 1001 3 is_stmt 0 view .LVU493
 1663              		.thumb
 1664              		.syntax unified
 1665              	.LBE239:
 1666              	.LBE238:
 1667              		.loc 1 632 15 discriminator 2 view .LVU494
 1668 04e2 B3FA83F3 		clz	r3, r3
 1669 04e6 03F01F03 		and	r3, r3, #31
 1670 04ea 0122     		movs	r2, #1
 1671 04ec 02FA03F3 		lsl	r3, r2, r3
 1672              		.loc 1 632 52 discriminator 2 view .LVU495
 1673 04f0 1942     		tst	r1, r3
 1674 04f2 78D0     		beq	.L130
 633:Drivers/STM32F3xx_HAL_Driver/Src/stm32f3xx_hal_rcc.c ****         {
 634:Drivers/STM32F3xx_HAL_Driver/Src/stm32f3xx_hal_rcc.c ****           if((HAL_GetTick() - tickstart ) > PLL_TIMEOUT_VALUE)
 1675              		.loc 1 634 11 is_stmt 1 view .LVU496
 1676              		.loc 1 634 15 is_stmt 0 view .LVU497
 1677 04f4 FFF7FEFF 		bl	HAL_GetTick
 1678              	.LVL123:
 1679              		.loc 1 634 29 discriminator 1 view .LVU498
 1680 04f8 001B     		subs	r0, r0, r4
 1681              		.loc 1 634 13 discriminator 1 view .LVU499
 1682 04fa 0228     		cmp	r0, #2
 1683 04fc E7D9     		bls	.L90
 635:Drivers/STM32F3xx_HAL_Driver/Src/stm32f3xx_hal_rcc.c ****           {
 636:Drivers/STM32F3xx_HAL_Driver/Src/stm32f3xx_hal_rcc.c ****             return HAL_TIMEOUT;
 1684              		.loc 1 636 20 view .LVU500
 1685 04fe 0320     		movs	r0, #3
 1686 0500 94E0     		b	.L21
 1687              	.LVL124:
 1688              	.L128:
 1689              	.LBB240:
 562:Drivers/STM32F3xx_HAL_Driver/Src/stm32f3xx_hal_rcc.c ****     }
 1690              		.loc 1 562 7 is_stmt 1 view .LVU501
 1691 0502 194A     		ldr	r2, .L135+4
 1692 0504 D369     		ldr	r3, [r2, #28]
 1693 0506 23F08053 		bic	r3, r3, #268435456
 1694 050a D361     		str	r3, [r2, #28]
 1695 050c C2E7     		b	.L61
 1696              	.LVL125:
 1697              	.L129:
 562:Drivers/STM32F3xx_HAL_Driver/Src/stm32f3xx_hal_rcc.c ****     }
 1698              		.loc 1 562 7 is_stmt 0 view .LVU502
 1699              	.LBE240:
 577:Drivers/STM32F3xx_HAL_Driver/Src/stm32f3xx_hal_rcc.c ****         assert_param(IS_RCC_PLL_MUL(RCC_OscInitStruct->PLL.PLLMUL));
 1700              		.loc 1 577 9 is_stmt 1 view .LVU503
 578:Drivers/STM32F3xx_HAL_Driver/Src/stm32f3xx_hal_rcc.c **** #if   defined(RCC_CFGR_PLLSRC_HSI_PREDIV)
 1701              		.loc 1 578 9 view .LVU504
 580:Drivers/STM32F3xx_HAL_Driver/Src/stm32f3xx_hal_rcc.c **** #endif
 1702              		.loc 1 580 9 view .LVU505
 584:Drivers/STM32F3xx_HAL_Driver/Src/stm32f3xx_hal_rcc.c ****         
 1703              		.loc 1 584 9 view .LVU506
 1704              	.LBB241:
ARM GAS  /tmp/ccRCfR3k.s 			page 64


 1705              	.LBI241:
 981:Drivers/CMSIS/Include/cmsis_gcc.h **** {
 1706              		.loc 2 981 31 view .LVU507
 1707              	.LBB242:
 983:Drivers/CMSIS/Include/cmsis_gcc.h **** 
 1708              		.loc 2 983 3 view .LVU508
 988:Drivers/CMSIS/Include/cmsis_gcc.h **** #else
 1709              		.loc 2 988 4 view .LVU509
 1710 050e 4FF08073 		mov	r3, #16777216
 1711              		.syntax unified
 1712              	@ 988 "Drivers/CMSIS/Include/cmsis_gcc.h" 1
 1713 0512 93FAA3F3 		rbit r3, r3
 1714              	@ 0 "" 2
 1715              	.LVL126:
 1716              		.loc 2 1001 3 view .LVU510
 1717              		.loc 2 1001 3 is_stmt 0 view .LVU511
 1718              		.thumb
 1719              		.syntax unified
 1720              	.LBE242:
 1721              	.LBE241:
 584:Drivers/STM32F3xx_HAL_Driver/Src/stm32f3xx_hal_rcc.c ****         
 1722              		.loc 1 584 9 discriminator 2 view .LVU512
 1723 0516 B3FA83F3 		clz	r3, r3
 1724 051a 03F18453 		add	r3, r3, #276824064
 1725 051e 03F58413 		add	r3, r3, #1081344
 1726 0522 9B00     		lsls	r3, r3, #2
 1727 0524 0022     		movs	r2, #0
 1728 0526 1A60     		str	r2, [r3]
 587:Drivers/STM32F3xx_HAL_Driver/Src/stm32f3xx_hal_rcc.c ****         
 1729              		.loc 1 587 9 is_stmt 1 view .LVU513
 587:Drivers/STM32F3xx_HAL_Driver/Src/stm32f3xx_hal_rcc.c ****         
 1730              		.loc 1 587 21 is_stmt 0 view .LVU514
 1731 0528 FFF7FEFF 		bl	HAL_GetTick
 1732              	.LVL127:
 1733 052c 0546     		mov	r5, r0
 1734              	.LVL128:
 590:Drivers/STM32F3xx_HAL_Driver/Src/stm32f3xx_hal_rcc.c ****         {
 1735              		.loc 1 590 9 is_stmt 1 view .LVU515
 1736              	.L82:
 590:Drivers/STM32F3xx_HAL_Driver/Src/stm32f3xx_hal_rcc.c ****         {
 1737              		.loc 1 590 52 view .LVU516
 1738              	.LBB243:
 1739              	.LBI243:
 981:Drivers/CMSIS/Include/cmsis_gcc.h **** {
 1740              		.loc 2 981 31 view .LVU517
 1741              	.LBB244:
 983:Drivers/CMSIS/Include/cmsis_gcc.h **** 
 1742              		.loc 2 983 3 view .LVU518
 988:Drivers/CMSIS/Include/cmsis_gcc.h **** #else
 1743              		.loc 2 988 4 view .LVU519
 1744 052e 4FF00073 		mov	r3, #33554432
 1745              		.syntax unified
 1746              	@ 988 "Drivers/CMSIS/Include/cmsis_gcc.h" 1
 1747 0532 93FAA3F3 		rbit r3, r3
 1748              	@ 0 "" 2
 1749              		.loc 2 1001 3 view .LVU520
 1750              	.LVL129:
ARM GAS  /tmp/ccRCfR3k.s 			page 65


 1751              		.loc 2 1001 3 is_stmt 0 view .LVU521
 1752              		.thumb
 1753              		.syntax unified
 1754              	.LBE244:
 1755              	.LBE243:
 590:Drivers/STM32F3xx_HAL_Driver/Src/stm32f3xx_hal_rcc.c ****         {
 1756              		.loc 1 590 15 discriminator 1 view .LVU522
 1757 0536 0C4B     		ldr	r3, .L135+4
 1758 0538 1968     		ldr	r1, [r3]
 1759              	.LVL130:
 1760              	.LBB245:
 1761              	.LBI245:
 981:Drivers/CMSIS/Include/cmsis_gcc.h **** {
 1762              		.loc 2 981 31 is_stmt 1 view .LVU523
 1763              	.LBB246:
 983:Drivers/CMSIS/Include/cmsis_gcc.h **** 
 1764              		.loc 2 983 3 view .LVU524
 988:Drivers/CMSIS/Include/cmsis_gcc.h **** #else
 1765              		.loc 2 988 4 view .LVU525
 1766 053a 4FF00073 		mov	r3, #33554432
 1767              		.syntax unified
 1768              	@ 988 "Drivers/CMSIS/Include/cmsis_gcc.h" 1
 1769 053e 93FAA3F3 		rbit r3, r3
 1770              	@ 0 "" 2
 1771              	.LVL131:
 1772              		.loc 2 1001 3 view .LVU526
 1773              		.loc 2 1001 3 is_stmt 0 view .LVU527
 1774              		.thumb
 1775              		.syntax unified
 1776              	.LBE246:
 1777              	.LBE245:
 590:Drivers/STM32F3xx_HAL_Driver/Src/stm32f3xx_hal_rcc.c ****         {
 1778              		.loc 1 590 15 discriminator 2 view .LVU528
 1779 0542 B3FA83F3 		clz	r3, r3
 1780 0546 03F01F03 		and	r3, r3, #31
 1781 054a 0122     		movs	r2, #1
 1782 054c 02FA03F3 		lsl	r3, r2, r3
 590:Drivers/STM32F3xx_HAL_Driver/Src/stm32f3xx_hal_rcc.c ****         {
 1783              		.loc 1 590 52 discriminator 2 view .LVU529
 1784 0550 1942     		tst	r1, r3
 1785 0552 0DD0     		beq	.L131
 592:Drivers/STM32F3xx_HAL_Driver/Src/stm32f3xx_hal_rcc.c ****           {
 1786              		.loc 1 592 11 is_stmt 1 view .LVU530
 592:Drivers/STM32F3xx_HAL_Driver/Src/stm32f3xx_hal_rcc.c ****           {
 1787              		.loc 1 592 15 is_stmt 0 view .LVU531
 1788 0554 FFF7FEFF 		bl	HAL_GetTick
 1789              	.LVL132:
 592:Drivers/STM32F3xx_HAL_Driver/Src/stm32f3xx_hal_rcc.c ****           {
 1790              		.loc 1 592 29 discriminator 1 view .LVU532
 1791 0558 401B     		subs	r0, r0, r5
 592:Drivers/STM32F3xx_HAL_Driver/Src/stm32f3xx_hal_rcc.c ****           {
 1792              		.loc 1 592 13 discriminator 1 view .LVU533
 1793 055a 0228     		cmp	r0, #2
 1794 055c E7D9     		bls	.L82
 594:Drivers/STM32F3xx_HAL_Driver/Src/stm32f3xx_hal_rcc.c ****           }
 1795              		.loc 1 594 20 view .LVU534
 1796 055e 0320     		movs	r0, #3
ARM GAS  /tmp/ccRCfR3k.s 			page 66


 1797 0560 64E0     		b	.L21
 1798              	.L136:
 1799 0562 00BF     		.align	2
 1800              	.L135:
 1801 0564 20819010 		.word	277905696
 1802 0568 00100240 		.word	1073876992
 1803 056c 00700040 		.word	1073770496
 1804              	.L131:
 600:Drivers/STM32F3xx_HAL_Driver/Src/stm32f3xx_hal_rcc.c ****                              RCC_OscInitStruct->PLL.PREDIV,
 1805              		.loc 1 600 9 is_stmt 1 view .LVU535
 600:Drivers/STM32F3xx_HAL_Driver/Src/stm32f3xx_hal_rcc.c ****                              RCC_OscInitStruct->PLL.PREDIV,
 1806              		.loc 1 600 9 view .LVU536
 1807 0570 334A     		ldr	r2, .L137
 1808 0572 D36A     		ldr	r3, [r2, #44]
 1809 0574 23F00F03 		bic	r3, r3, #15
 1810 0578 616A     		ldr	r1, [r4, #36]
 1811 057a 0B43     		orrs	r3, r3, r1
 1812 057c D362     		str	r3, [r2, #44]
 600:Drivers/STM32F3xx_HAL_Driver/Src/stm32f3xx_hal_rcc.c ****                              RCC_OscInitStruct->PLL.PREDIV,
 1813              		.loc 1 600 9 view .LVU537
 1814 057e 5368     		ldr	r3, [r2, #4]
 1815 0580 23F47613 		bic	r3, r3, #4030464
 1816 0584 216A     		ldr	r1, [r4, #32]
 1817 0586 E069     		ldr	r0, [r4, #28]
 1818 0588 0143     		orrs	r1, r1, r0
 1819 058a 0B43     		orrs	r3, r3, r1
 1820 058c 5360     		str	r3, [r2, #4]
 600:Drivers/STM32F3xx_HAL_Driver/Src/stm32f3xx_hal_rcc.c ****                              RCC_OscInitStruct->PLL.PREDIV,
 1821              		.loc 1 600 9 view .LVU538
 609:Drivers/STM32F3xx_HAL_Driver/Src/stm32f3xx_hal_rcc.c ****         
 1822              		.loc 1 609 9 view .LVU539
 1823              	.LVL133:
 1824              	.LBB247:
 1825              	.LBI247:
 981:Drivers/CMSIS/Include/cmsis_gcc.h **** {
 1826              		.loc 2 981 31 view .LVU540
 1827              	.LBB248:
 983:Drivers/CMSIS/Include/cmsis_gcc.h **** 
 1828              		.loc 2 983 3 view .LVU541
 988:Drivers/CMSIS/Include/cmsis_gcc.h **** #else
 1829              		.loc 2 988 4 view .LVU542
 1830 058e 4FF08073 		mov	r3, #16777216
 1831              		.syntax unified
 1832              	@ 988 "Drivers/CMSIS/Include/cmsis_gcc.h" 1
 1833 0592 93FAA3F3 		rbit r3, r3
 1834              	@ 0 "" 2
 1835              	.LVL134:
 1836              		.loc 2 1001 3 view .LVU543
 1837              		.loc 2 1001 3 is_stmt 0 view .LVU544
 1838              		.thumb
 1839              		.syntax unified
 1840              	.LBE248:
 1841              	.LBE247:
 609:Drivers/STM32F3xx_HAL_Driver/Src/stm32f3xx_hal_rcc.c ****         
 1842              		.loc 1 609 9 discriminator 2 view .LVU545
 1843 0596 B3FA83F3 		clz	r3, r3
 1844 059a 03F18453 		add	r3, r3, #276824064
ARM GAS  /tmp/ccRCfR3k.s 			page 67


 1845 059e 03F58413 		add	r3, r3, #1081344
 1846 05a2 9B00     		lsls	r3, r3, #2
 1847 05a4 0122     		movs	r2, #1
 1848 05a6 1A60     		str	r2, [r3]
 612:Drivers/STM32F3xx_HAL_Driver/Src/stm32f3xx_hal_rcc.c ****         
 1849              		.loc 1 612 9 is_stmt 1 view .LVU546
 612:Drivers/STM32F3xx_HAL_Driver/Src/stm32f3xx_hal_rcc.c ****         
 1850              		.loc 1 612 21 is_stmt 0 view .LVU547
 1851 05a8 FFF7FEFF 		bl	HAL_GetTick
 1852              	.LVL135:
 1853 05ac 0446     		mov	r4, r0
 1854              	.LVL136:
 615:Drivers/STM32F3xx_HAL_Driver/Src/stm32f3xx_hal_rcc.c ****         {
 1855              		.loc 1 615 9 is_stmt 1 view .LVU548
 1856              	.L86:
 615:Drivers/STM32F3xx_HAL_Driver/Src/stm32f3xx_hal_rcc.c ****         {
 1857              		.loc 1 615 52 view .LVU549
 1858              	.LBB249:
 1859              	.LBI249:
 981:Drivers/CMSIS/Include/cmsis_gcc.h **** {
 1860              		.loc 2 981 31 view .LVU550
 1861              	.LBB250:
 983:Drivers/CMSIS/Include/cmsis_gcc.h **** 
 1862              		.loc 2 983 3 view .LVU551
 988:Drivers/CMSIS/Include/cmsis_gcc.h **** #else
 1863              		.loc 2 988 4 view .LVU552
 1864 05ae 4FF00073 		mov	r3, #33554432
 1865              		.syntax unified
 1866              	@ 988 "Drivers/CMSIS/Include/cmsis_gcc.h" 1
 1867 05b2 93FAA3F3 		rbit r3, r3
 1868              	@ 0 "" 2
 1869              		.loc 2 1001 3 view .LVU553
 1870              	.LVL137:
 1871              		.loc 2 1001 3 is_stmt 0 view .LVU554
 1872              		.thumb
 1873              		.syntax unified
 1874              	.LBE250:
 1875              	.LBE249:
 615:Drivers/STM32F3xx_HAL_Driver/Src/stm32f3xx_hal_rcc.c ****         {
 1876              		.loc 1 615 15 discriminator 1 view .LVU555
 1877 05b6 224B     		ldr	r3, .L137
 1878 05b8 1968     		ldr	r1, [r3]
 1879              	.LVL138:
 1880              	.LBB251:
 1881              	.LBI251:
 981:Drivers/CMSIS/Include/cmsis_gcc.h **** {
 1882              		.loc 2 981 31 is_stmt 1 view .LVU556
 1883              	.LBB252:
 983:Drivers/CMSIS/Include/cmsis_gcc.h **** 
 1884              		.loc 2 983 3 view .LVU557
 988:Drivers/CMSIS/Include/cmsis_gcc.h **** #else
 1885              		.loc 2 988 4 view .LVU558
 1886 05ba 4FF00073 		mov	r3, #33554432
 1887              		.syntax unified
 1888              	@ 988 "Drivers/CMSIS/Include/cmsis_gcc.h" 1
 1889 05be 93FAA3F3 		rbit r3, r3
 1890              	@ 0 "" 2
ARM GAS  /tmp/ccRCfR3k.s 			page 68


 1891              	.LVL139:
 1892              		.loc 2 1001 3 view .LVU559
 1893              		.loc 2 1001 3 is_stmt 0 view .LVU560
 1894              		.thumb
 1895              		.syntax unified
 1896              	.LBE252:
 1897              	.LBE251:
 615:Drivers/STM32F3xx_HAL_Driver/Src/stm32f3xx_hal_rcc.c ****         {
 1898              		.loc 1 615 15 discriminator 2 view .LVU561
 1899 05c2 B3FA83F3 		clz	r3, r3
 1900 05c6 03F01F03 		and	r3, r3, #31
 1901 05ca 0122     		movs	r2, #1
 1902 05cc 02FA03F3 		lsl	r3, r2, r3
 615:Drivers/STM32F3xx_HAL_Driver/Src/stm32f3xx_hal_rcc.c ****         {
 1903              		.loc 1 615 52 discriminator 2 view .LVU562
 1904 05d0 1942     		tst	r1, r3
 1905 05d2 06D1     		bne	.L132
 617:Drivers/STM32F3xx_HAL_Driver/Src/stm32f3xx_hal_rcc.c ****           {
 1906              		.loc 1 617 11 is_stmt 1 view .LVU563
 617:Drivers/STM32F3xx_HAL_Driver/Src/stm32f3xx_hal_rcc.c ****           {
 1907              		.loc 1 617 15 is_stmt 0 view .LVU564
 1908 05d4 FFF7FEFF 		bl	HAL_GetTick
 1909              	.LVL140:
 617:Drivers/STM32F3xx_HAL_Driver/Src/stm32f3xx_hal_rcc.c ****           {
 1910              		.loc 1 617 29 discriminator 1 view .LVU565
 1911 05d8 001B     		subs	r0, r0, r4
 617:Drivers/STM32F3xx_HAL_Driver/Src/stm32f3xx_hal_rcc.c ****           {
 1912              		.loc 1 617 13 discriminator 1 view .LVU566
 1913 05da 0228     		cmp	r0, #2
 1914 05dc E7D9     		bls	.L86
 619:Drivers/STM32F3xx_HAL_Driver/Src/stm32f3xx_hal_rcc.c ****           }
 1915              		.loc 1 619 20 view .LVU567
 1916 05de 0320     		movs	r0, #3
 1917 05e0 24E0     		b	.L21
 1918              	.L132:
 637:Drivers/STM32F3xx_HAL_Driver/Src/stm32f3xx_hal_rcc.c ****           }
 638:Drivers/STM32F3xx_HAL_Driver/Src/stm32f3xx_hal_rcc.c ****         }
 639:Drivers/STM32F3xx_HAL_Driver/Src/stm32f3xx_hal_rcc.c ****       }
 640:Drivers/STM32F3xx_HAL_Driver/Src/stm32f3xx_hal_rcc.c ****     }
 641:Drivers/STM32F3xx_HAL_Driver/Src/stm32f3xx_hal_rcc.c ****     else
 642:Drivers/STM32F3xx_HAL_Driver/Src/stm32f3xx_hal_rcc.c ****     {
 643:Drivers/STM32F3xx_HAL_Driver/Src/stm32f3xx_hal_rcc.c ****       /* Check if there is a request to disable the PLL used as System clock source */
 644:Drivers/STM32F3xx_HAL_Driver/Src/stm32f3xx_hal_rcc.c ****       if((RCC_OscInitStruct->PLL.PLLState) == RCC_PLL_OFF)
 645:Drivers/STM32F3xx_HAL_Driver/Src/stm32f3xx_hal_rcc.c ****       {
 646:Drivers/STM32F3xx_HAL_Driver/Src/stm32f3xx_hal_rcc.c ****         return HAL_ERROR;
 647:Drivers/STM32F3xx_HAL_Driver/Src/stm32f3xx_hal_rcc.c ****       }
 648:Drivers/STM32F3xx_HAL_Driver/Src/stm32f3xx_hal_rcc.c ****       else
 649:Drivers/STM32F3xx_HAL_Driver/Src/stm32f3xx_hal_rcc.c ****       {
 650:Drivers/STM32F3xx_HAL_Driver/Src/stm32f3xx_hal_rcc.c ****         /* Do not return HAL_ERROR if request repeats the current configuration */
 651:Drivers/STM32F3xx_HAL_Driver/Src/stm32f3xx_hal_rcc.c ****         pll_config = RCC->CFGR;
 652:Drivers/STM32F3xx_HAL_Driver/Src/stm32f3xx_hal_rcc.c **** #if defined(RCC_CFGR_PLLSRC_HSI_PREDIV)
 653:Drivers/STM32F3xx_HAL_Driver/Src/stm32f3xx_hal_rcc.c ****         pll_config2 = RCC->CFGR2;
 654:Drivers/STM32F3xx_HAL_Driver/Src/stm32f3xx_hal_rcc.c ****         if((READ_BIT(pll_config, RCC_CFGR_PLLSRC)   != RCC_OscInitStruct->PLL.PLLSource) ||      
 655:Drivers/STM32F3xx_HAL_Driver/Src/stm32f3xx_hal_rcc.c ****            (READ_BIT(pll_config, RCC_CFGR_PLLMUL)   != RCC_OscInitStruct->PLL.PLLMUL)    ||      
 656:Drivers/STM32F3xx_HAL_Driver/Src/stm32f3xx_hal_rcc.c ****            (READ_BIT(pll_config2, RCC_CFGR2_PREDIV)  != RCC_OscInitStruct->PLL.PREDIV))     
 657:Drivers/STM32F3xx_HAL_Driver/Src/stm32f3xx_hal_rcc.c **** #else
 658:Drivers/STM32F3xx_HAL_Driver/Src/stm32f3xx_hal_rcc.c ****         if((READ_BIT(pll_config, RCC_CFGR_PLLSRC)   != RCC_OscInitStruct->PLL.PLLSource) ||      
ARM GAS  /tmp/ccRCfR3k.s 			page 69


 659:Drivers/STM32F3xx_HAL_Driver/Src/stm32f3xx_hal_rcc.c ****            (READ_BIT(pll_config, RCC_CFGR_PLLMUL)   != RCC_OscInitStruct->PLL.PLLMUL))
 660:Drivers/STM32F3xx_HAL_Driver/Src/stm32f3xx_hal_rcc.c **** #endif
 661:Drivers/STM32F3xx_HAL_Driver/Src/stm32f3xx_hal_rcc.c ****         {
 662:Drivers/STM32F3xx_HAL_Driver/Src/stm32f3xx_hal_rcc.c ****           return HAL_ERROR;
 663:Drivers/STM32F3xx_HAL_Driver/Src/stm32f3xx_hal_rcc.c ****         }
 664:Drivers/STM32F3xx_HAL_Driver/Src/stm32f3xx_hal_rcc.c ****       }
 665:Drivers/STM32F3xx_HAL_Driver/Src/stm32f3xx_hal_rcc.c ****     }
 666:Drivers/STM32F3xx_HAL_Driver/Src/stm32f3xx_hal_rcc.c ****   }
 667:Drivers/STM32F3xx_HAL_Driver/Src/stm32f3xx_hal_rcc.c **** 
 668:Drivers/STM32F3xx_HAL_Driver/Src/stm32f3xx_hal_rcc.c ****   return HAL_OK;
 1919              		.loc 1 668 10 view .LVU568
 1920 05e2 0020     		movs	r0, #0
 1921 05e4 22E0     		b	.L21
 1922              	.L130:
 1923              		.loc 1 668 10 view .LVU569
 1924 05e6 0020     		movs	r0, #0
 1925 05e8 20E0     		b	.L21
 1926              	.LVL141:
 1927              	.L80:
 644:Drivers/STM32F3xx_HAL_Driver/Src/stm32f3xx_hal_rcc.c ****       {
 1928              		.loc 1 644 7 is_stmt 1 view .LVU570
 644:Drivers/STM32F3xx_HAL_Driver/Src/stm32f3xx_hal_rcc.c ****       {
 1929              		.loc 1 644 9 is_stmt 0 view .LVU571
 1930 05ea 012B     		cmp	r3, #1
 1931 05ec 20D0     		beq	.L111
 651:Drivers/STM32F3xx_HAL_Driver/Src/stm32f3xx_hal_rcc.c **** #if defined(RCC_CFGR_PLLSRC_HSI_PREDIV)
 1932              		.loc 1 651 9 is_stmt 1 view .LVU572
 651:Drivers/STM32F3xx_HAL_Driver/Src/stm32f3xx_hal_rcc.c **** #if defined(RCC_CFGR_PLLSRC_HSI_PREDIV)
 1933              		.loc 1 651 20 is_stmt 0 view .LVU573
 1934 05ee 144A     		ldr	r2, .L137
 1935 05f0 5368     		ldr	r3, [r2, #4]
 1936              	.LVL142:
 653:Drivers/STM32F3xx_HAL_Driver/Src/stm32f3xx_hal_rcc.c ****         if((READ_BIT(pll_config, RCC_CFGR_PLLSRC)   != RCC_OscInitStruct->PLL.PLLSource) ||      
 1937              		.loc 1 653 9 is_stmt 1 view .LVU574
 653:Drivers/STM32F3xx_HAL_Driver/Src/stm32f3xx_hal_rcc.c ****         if((READ_BIT(pll_config, RCC_CFGR_PLLSRC)   != RCC_OscInitStruct->PLL.PLLSource) ||      
 1938              		.loc 1 653 21 is_stmt 0 view .LVU575
 1939 05f2 D06A     		ldr	r0, [r2, #44]
 1940              	.LVL143:
 654:Drivers/STM32F3xx_HAL_Driver/Src/stm32f3xx_hal_rcc.c ****            (READ_BIT(pll_config, RCC_CFGR_PLLMUL)   != RCC_OscInitStruct->PLL.PLLMUL)    ||      
 1941              		.loc 1 654 9 is_stmt 1 view .LVU576
 654:Drivers/STM32F3xx_HAL_Driver/Src/stm32f3xx_hal_rcc.c ****            (READ_BIT(pll_config, RCC_CFGR_PLLMUL)   != RCC_OscInitStruct->PLL.PLLMUL)    ||      
 1942              		.loc 1 654 13 is_stmt 0 view .LVU577
 1943 05f4 03F4C031 		and	r1, r3, #98304
 654:Drivers/STM32F3xx_HAL_Driver/Src/stm32f3xx_hal_rcc.c ****            (READ_BIT(pll_config, RCC_CFGR_PLLMUL)   != RCC_OscInitStruct->PLL.PLLMUL)    ||      
 1944              		.loc 1 654 78 view .LVU578
 1945 05f8 E269     		ldr	r2, [r4, #28]
 654:Drivers/STM32F3xx_HAL_Driver/Src/stm32f3xx_hal_rcc.c ****            (READ_BIT(pll_config, RCC_CFGR_PLLMUL)   != RCC_OscInitStruct->PLL.PLLMUL)    ||      
 1946              		.loc 1 654 11 view .LVU579
 1947 05fa 9142     		cmp	r1, r2
 1948 05fc 1AD1     		bne	.L112
 655:Drivers/STM32F3xx_HAL_Driver/Src/stm32f3xx_hal_rcc.c ****            (READ_BIT(pll_config2, RCC_CFGR2_PREDIV)  != RCC_OscInitStruct->PLL.PREDIV))     
 1949              		.loc 1 655 13 view .LVU580
 1950 05fe 03F47013 		and	r3, r3, #3932160
 1951              	.LVL144:
 655:Drivers/STM32F3xx_HAL_Driver/Src/stm32f3xx_hal_rcc.c ****            (READ_BIT(pll_config2, RCC_CFGR2_PREDIV)  != RCC_OscInitStruct->PLL.PREDIV))     
 1952              		.loc 1 655 78 view .LVU581
 1953 0602 226A     		ldr	r2, [r4, #32]
ARM GAS  /tmp/ccRCfR3k.s 			page 70


 654:Drivers/STM32F3xx_HAL_Driver/Src/stm32f3xx_hal_rcc.c ****            (READ_BIT(pll_config, RCC_CFGR_PLLMUL)   != RCC_OscInitStruct->PLL.PLLMUL)    ||      
 1954              		.loc 1 654 90 discriminator 1 view .LVU582
 1955 0604 9342     		cmp	r3, r2
 1956 0606 17D1     		bne	.L113
 656:Drivers/STM32F3xx_HAL_Driver/Src/stm32f3xx_hal_rcc.c **** #else
 1957              		.loc 1 656 13 view .LVU583
 1958 0608 00F00F00 		and	r0, r0, #15
 1959              	.LVL145:
 656:Drivers/STM32F3xx_HAL_Driver/Src/stm32f3xx_hal_rcc.c **** #else
 1960              		.loc 1 656 79 view .LVU584
 1961 060c 636A     		ldr	r3, [r4, #36]
 655:Drivers/STM32F3xx_HAL_Driver/Src/stm32f3xx_hal_rcc.c ****            (READ_BIT(pll_config2, RCC_CFGR2_PREDIV)  != RCC_OscInitStruct->PLL.PREDIV))     
 1962              		.loc 1 655 90 view .LVU585
 1963 060e 9842     		cmp	r0, r3
 1964 0610 14D1     		bne	.L114
 1965              		.loc 1 668 10 view .LVU586
 1966 0612 0020     		movs	r0, #0
 1967 0614 0AE0     		b	.L21
 1968              	.LVL146:
 1969              	.L94:
 1970              	.LCFI3:
 1971              		.cfi_def_cfa_offset 0
 1972              		.cfi_restore 4
 1973              		.cfi_restore 5
 1974              		.cfi_restore 6
 1975              		.cfi_restore 14
 325:Drivers/STM32F3xx_HAL_Driver/Src/stm32f3xx_hal_rcc.c ****   }
 1976              		.loc 1 325 12 view .LVU587
 1977 0616 0120     		movs	r0, #1
 1978              	.LVL147:
 669:Drivers/STM32F3xx_HAL_Driver/Src/stm32f3xx_hal_rcc.c **** }
 1979              		.loc 1 669 1 view .LVU588
 1980 0618 7047     		bx	lr
 1981              	.LVL148:
 1982              	.L121:
 1983              	.LCFI4:
 1984              		.cfi_def_cfa_offset 24
 1985              		.cfi_offset 4, -16
 1986              		.cfi_offset 5, -12
 1987              		.cfi_offset 6, -8
 1988              		.cfi_offset 14, -4
 343:Drivers/STM32F3xx_HAL_Driver/Src/stm32f3xx_hal_rcc.c ****       }
 1989              		.loc 1 343 16 view .LVU589
 1990 061a 0120     		movs	r0, #1
 1991              	.LVL149:
 343:Drivers/STM32F3xx_HAL_Driver/Src/stm32f3xx_hal_rcc.c ****       }
 1992              		.loc 1 343 16 view .LVU590
 1993 061c 06E0     		b	.L21
 1994              	.L98:
 401:Drivers/STM32F3xx_HAL_Driver/Src/stm32f3xx_hal_rcc.c ****       }
 1995              		.loc 1 401 16 view .LVU591
 1996 061e 0120     		movs	r0, #1
 1997 0620 04E0     		b	.L21
 1998              	.LVL150:
 1999              	.L105:
 2000              	.LBB253:
 540:Drivers/STM32F3xx_HAL_Driver/Src/stm32f3xx_hal_rcc.c ****         }
ARM GAS  /tmp/ccRCfR3k.s 			page 71


 2001              		.loc 1 540 18 view .LVU592
 2002 0622 0320     		movs	r0, #3
 2003 0624 02E0     		b	.L21
 2004              	.L106:
 554:Drivers/STM32F3xx_HAL_Driver/Src/stm32f3xx_hal_rcc.c ****         }
 2005              		.loc 1 554 18 view .LVU593
 2006 0626 0320     		movs	r0, #3
 2007 0628 00E0     		b	.L21
 2008              	.LVL151:
 2009              	.L107:
 554:Drivers/STM32F3xx_HAL_Driver/Src/stm32f3xx_hal_rcc.c ****         }
 2010              		.loc 1 554 18 view .LVU594
 2011              	.LBE253:
 668:Drivers/STM32F3xx_HAL_Driver/Src/stm32f3xx_hal_rcc.c **** }
 2012              		.loc 1 668 10 view .LVU595
 2013 062a 0020     		movs	r0, #0
 2014              	.LVL152:
 2015              	.L21:
 2016              		.loc 1 669 1 view .LVU596
 2017 062c 02B0     		add	sp, sp, #8
 2018              	.LCFI5:
 2019              		.cfi_remember_state
 2020              		.cfi_def_cfa_offset 16
 2021              		@ sp needed
 2022 062e 70BD     		pop	{r4, r5, r6, pc}
 2023              	.LVL153:
 2024              	.L111:
 2025              	.LCFI6:
 2026              		.cfi_restore_state
 646:Drivers/STM32F3xx_HAL_Driver/Src/stm32f3xx_hal_rcc.c ****       }
 2027              		.loc 1 646 16 view .LVU597
 2028 0630 0120     		movs	r0, #1
 2029 0632 FBE7     		b	.L21
 2030              	.LVL154:
 2031              	.L112:
 662:Drivers/STM32F3xx_HAL_Driver/Src/stm32f3xx_hal_rcc.c ****         }
 2032              		.loc 1 662 18 view .LVU598
 2033 0634 0120     		movs	r0, #1
 2034              	.LVL155:
 662:Drivers/STM32F3xx_HAL_Driver/Src/stm32f3xx_hal_rcc.c ****         }
 2035              		.loc 1 662 18 view .LVU599
 2036 0636 F9E7     		b	.L21
 2037              	.LVL156:
 2038              	.L113:
 662:Drivers/STM32F3xx_HAL_Driver/Src/stm32f3xx_hal_rcc.c ****         }
 2039              		.loc 1 662 18 view .LVU600
 2040 0638 0120     		movs	r0, #1
 2041              	.LVL157:
 662:Drivers/STM32F3xx_HAL_Driver/Src/stm32f3xx_hal_rcc.c ****         }
 2042              		.loc 1 662 18 view .LVU601
 2043 063a F7E7     		b	.L21
 2044              	.L114:
 2045 063c 0120     		movs	r0, #1
 2046 063e F5E7     		b	.L21
 2047              	.L138:
 2048              		.align	2
 2049              	.L137:
ARM GAS  /tmp/ccRCfR3k.s 			page 72


 2050 0640 00100240 		.word	1073876992
 2051              		.cfi_endproc
 2052              	.LFE131:
 2054              		.section	.text.HAL_RCC_MCOConfig,"ax",%progbits
 2055              		.align	1
 2056              		.global	HAL_RCC_MCOConfig
 2057              		.syntax unified
 2058              		.thumb
 2059              		.thumb_func
 2061              	HAL_RCC_MCOConfig:
 2062              	.LVL158:
 2063              	.LFB133:
 670:Drivers/STM32F3xx_HAL_Driver/Src/stm32f3xx_hal_rcc.c **** 
 671:Drivers/STM32F3xx_HAL_Driver/Src/stm32f3xx_hal_rcc.c **** /**
 672:Drivers/STM32F3xx_HAL_Driver/Src/stm32f3xx_hal_rcc.c ****   * @brief  Initializes the CPU, AHB and APB buses clocks according to the specified 
 673:Drivers/STM32F3xx_HAL_Driver/Src/stm32f3xx_hal_rcc.c ****   *         parameters in the RCC_ClkInitStruct.
 674:Drivers/STM32F3xx_HAL_Driver/Src/stm32f3xx_hal_rcc.c ****   * @param  RCC_ClkInitStruct pointer to an RCC_OscInitTypeDef structure that
 675:Drivers/STM32F3xx_HAL_Driver/Src/stm32f3xx_hal_rcc.c ****   *         contains the configuration information for the RCC peripheral.
 676:Drivers/STM32F3xx_HAL_Driver/Src/stm32f3xx_hal_rcc.c ****   * @param  FLatency FLASH Latency                   
 677:Drivers/STM32F3xx_HAL_Driver/Src/stm32f3xx_hal_rcc.c ****   *          The value of this parameter depend on device used within the same series
 678:Drivers/STM32F3xx_HAL_Driver/Src/stm32f3xx_hal_rcc.c ****   * @note   The SystemCoreClock CMSIS variable is used to store System Clock Frequency 
 679:Drivers/STM32F3xx_HAL_Driver/Src/stm32f3xx_hal_rcc.c ****   *         and updated by @ref HAL_RCC_GetHCLKFreq() function called within this function
 680:Drivers/STM32F3xx_HAL_Driver/Src/stm32f3xx_hal_rcc.c ****   *
 681:Drivers/STM32F3xx_HAL_Driver/Src/stm32f3xx_hal_rcc.c ****   * @note   The HSI is used (enabled by hardware) as system clock source after
 682:Drivers/STM32F3xx_HAL_Driver/Src/stm32f3xx_hal_rcc.c ****   *         start-up from Reset, wake-up from STOP and STANDBY mode, or in case
 683:Drivers/STM32F3xx_HAL_Driver/Src/stm32f3xx_hal_rcc.c ****   *         of failure of the HSE used directly or indirectly as system clock
 684:Drivers/STM32F3xx_HAL_Driver/Src/stm32f3xx_hal_rcc.c ****   *         (if the Clock Security System CSS is enabled).
 685:Drivers/STM32F3xx_HAL_Driver/Src/stm32f3xx_hal_rcc.c ****   *           
 686:Drivers/STM32F3xx_HAL_Driver/Src/stm32f3xx_hal_rcc.c ****   * @note   A switch from one clock source to another occurs only if the target
 687:Drivers/STM32F3xx_HAL_Driver/Src/stm32f3xx_hal_rcc.c ****   *         clock source is ready (clock stable after start-up delay or PLL locked). 
 688:Drivers/STM32F3xx_HAL_Driver/Src/stm32f3xx_hal_rcc.c ****   *         If a clock source which is not yet ready is selected, the switch will
 689:Drivers/STM32F3xx_HAL_Driver/Src/stm32f3xx_hal_rcc.c ****   *         occur when the clock source will be ready. 
 690:Drivers/STM32F3xx_HAL_Driver/Src/stm32f3xx_hal_rcc.c ****   *         You can use @ref HAL_RCC_GetClockConfig() function to know which clock is
 691:Drivers/STM32F3xx_HAL_Driver/Src/stm32f3xx_hal_rcc.c ****   *         currently used as system clock source.
 692:Drivers/STM32F3xx_HAL_Driver/Src/stm32f3xx_hal_rcc.c ****   * @retval HAL status
 693:Drivers/STM32F3xx_HAL_Driver/Src/stm32f3xx_hal_rcc.c ****   */
 694:Drivers/STM32F3xx_HAL_Driver/Src/stm32f3xx_hal_rcc.c **** HAL_StatusTypeDef HAL_RCC_ClockConfig(RCC_ClkInitTypeDef  *RCC_ClkInitStruct, uint32_t FLatency)
 695:Drivers/STM32F3xx_HAL_Driver/Src/stm32f3xx_hal_rcc.c **** {
 696:Drivers/STM32F3xx_HAL_Driver/Src/stm32f3xx_hal_rcc.c ****   uint32_t tickstart = 0U;
 697:Drivers/STM32F3xx_HAL_Driver/Src/stm32f3xx_hal_rcc.c **** 
 698:Drivers/STM32F3xx_HAL_Driver/Src/stm32f3xx_hal_rcc.c ****   /* Check Null pointer */
 699:Drivers/STM32F3xx_HAL_Driver/Src/stm32f3xx_hal_rcc.c ****   if(RCC_ClkInitStruct == NULL)
 700:Drivers/STM32F3xx_HAL_Driver/Src/stm32f3xx_hal_rcc.c ****   {
 701:Drivers/STM32F3xx_HAL_Driver/Src/stm32f3xx_hal_rcc.c ****     return HAL_ERROR;
 702:Drivers/STM32F3xx_HAL_Driver/Src/stm32f3xx_hal_rcc.c ****   }
 703:Drivers/STM32F3xx_HAL_Driver/Src/stm32f3xx_hal_rcc.c **** 
 704:Drivers/STM32F3xx_HAL_Driver/Src/stm32f3xx_hal_rcc.c ****   /* Check the parameters */
 705:Drivers/STM32F3xx_HAL_Driver/Src/stm32f3xx_hal_rcc.c ****   assert_param(IS_RCC_CLOCKTYPE(RCC_ClkInitStruct->ClockType));
 706:Drivers/STM32F3xx_HAL_Driver/Src/stm32f3xx_hal_rcc.c ****   assert_param(IS_FLASH_LATENCY(FLatency));
 707:Drivers/STM32F3xx_HAL_Driver/Src/stm32f3xx_hal_rcc.c **** 
 708:Drivers/STM32F3xx_HAL_Driver/Src/stm32f3xx_hal_rcc.c ****   /* To correctly read data from FLASH memory, the number of wait states (LATENCY) 
 709:Drivers/STM32F3xx_HAL_Driver/Src/stm32f3xx_hal_rcc.c ****   must be correctly programmed according to the frequency of the CPU clock 
 710:Drivers/STM32F3xx_HAL_Driver/Src/stm32f3xx_hal_rcc.c ****     (HCLK) of the device. */
 711:Drivers/STM32F3xx_HAL_Driver/Src/stm32f3xx_hal_rcc.c **** 
 712:Drivers/STM32F3xx_HAL_Driver/Src/stm32f3xx_hal_rcc.c ****   /* Increasing the number of wait states because of higher CPU frequency */
 713:Drivers/STM32F3xx_HAL_Driver/Src/stm32f3xx_hal_rcc.c ****   if(FLatency > __HAL_FLASH_GET_LATENCY())
 714:Drivers/STM32F3xx_HAL_Driver/Src/stm32f3xx_hal_rcc.c ****   {    
ARM GAS  /tmp/ccRCfR3k.s 			page 73


 715:Drivers/STM32F3xx_HAL_Driver/Src/stm32f3xx_hal_rcc.c ****     /* Program the new number of wait states to the LATENCY bits in the FLASH_ACR register */
 716:Drivers/STM32F3xx_HAL_Driver/Src/stm32f3xx_hal_rcc.c ****     __HAL_FLASH_SET_LATENCY(FLatency);
 717:Drivers/STM32F3xx_HAL_Driver/Src/stm32f3xx_hal_rcc.c ****     
 718:Drivers/STM32F3xx_HAL_Driver/Src/stm32f3xx_hal_rcc.c ****     /* Check that the new number of wait states is taken into account to access the Flash
 719:Drivers/STM32F3xx_HAL_Driver/Src/stm32f3xx_hal_rcc.c ****     memory by reading the FLASH_ACR register */
 720:Drivers/STM32F3xx_HAL_Driver/Src/stm32f3xx_hal_rcc.c ****     if(__HAL_FLASH_GET_LATENCY() != FLatency)
 721:Drivers/STM32F3xx_HAL_Driver/Src/stm32f3xx_hal_rcc.c ****     {
 722:Drivers/STM32F3xx_HAL_Driver/Src/stm32f3xx_hal_rcc.c ****       return HAL_ERROR;
 723:Drivers/STM32F3xx_HAL_Driver/Src/stm32f3xx_hal_rcc.c ****     }
 724:Drivers/STM32F3xx_HAL_Driver/Src/stm32f3xx_hal_rcc.c ****   }
 725:Drivers/STM32F3xx_HAL_Driver/Src/stm32f3xx_hal_rcc.c **** 
 726:Drivers/STM32F3xx_HAL_Driver/Src/stm32f3xx_hal_rcc.c ****   /*-------------------------- HCLK Configuration --------------------------*/
 727:Drivers/STM32F3xx_HAL_Driver/Src/stm32f3xx_hal_rcc.c ****   if(((RCC_ClkInitStruct->ClockType) & RCC_CLOCKTYPE_HCLK) == RCC_CLOCKTYPE_HCLK)
 728:Drivers/STM32F3xx_HAL_Driver/Src/stm32f3xx_hal_rcc.c ****   {
 729:Drivers/STM32F3xx_HAL_Driver/Src/stm32f3xx_hal_rcc.c ****     assert_param(IS_RCC_HCLK(RCC_ClkInitStruct->AHBCLKDivider));
 730:Drivers/STM32F3xx_HAL_Driver/Src/stm32f3xx_hal_rcc.c ****     MODIFY_REG(RCC->CFGR, RCC_CFGR_HPRE, RCC_ClkInitStruct->AHBCLKDivider);
 731:Drivers/STM32F3xx_HAL_Driver/Src/stm32f3xx_hal_rcc.c ****   }
 732:Drivers/STM32F3xx_HAL_Driver/Src/stm32f3xx_hal_rcc.c **** 
 733:Drivers/STM32F3xx_HAL_Driver/Src/stm32f3xx_hal_rcc.c ****   /*------------------------- SYSCLK Configuration ---------------------------*/ 
 734:Drivers/STM32F3xx_HAL_Driver/Src/stm32f3xx_hal_rcc.c ****   if(((RCC_ClkInitStruct->ClockType) & RCC_CLOCKTYPE_SYSCLK) == RCC_CLOCKTYPE_SYSCLK)
 735:Drivers/STM32F3xx_HAL_Driver/Src/stm32f3xx_hal_rcc.c ****   {    
 736:Drivers/STM32F3xx_HAL_Driver/Src/stm32f3xx_hal_rcc.c ****     assert_param(IS_RCC_SYSCLKSOURCE(RCC_ClkInitStruct->SYSCLKSource));
 737:Drivers/STM32F3xx_HAL_Driver/Src/stm32f3xx_hal_rcc.c ****     
 738:Drivers/STM32F3xx_HAL_Driver/Src/stm32f3xx_hal_rcc.c ****     /* HSE is selected as System Clock Source */
 739:Drivers/STM32F3xx_HAL_Driver/Src/stm32f3xx_hal_rcc.c ****     if(RCC_ClkInitStruct->SYSCLKSource == RCC_SYSCLKSOURCE_HSE)
 740:Drivers/STM32F3xx_HAL_Driver/Src/stm32f3xx_hal_rcc.c ****     {
 741:Drivers/STM32F3xx_HAL_Driver/Src/stm32f3xx_hal_rcc.c ****       /* Check the HSE ready flag */  
 742:Drivers/STM32F3xx_HAL_Driver/Src/stm32f3xx_hal_rcc.c ****       if(__HAL_RCC_GET_FLAG(RCC_FLAG_HSERDY) == RESET)
 743:Drivers/STM32F3xx_HAL_Driver/Src/stm32f3xx_hal_rcc.c ****       {
 744:Drivers/STM32F3xx_HAL_Driver/Src/stm32f3xx_hal_rcc.c ****         return HAL_ERROR;
 745:Drivers/STM32F3xx_HAL_Driver/Src/stm32f3xx_hal_rcc.c ****       }
 746:Drivers/STM32F3xx_HAL_Driver/Src/stm32f3xx_hal_rcc.c ****     }
 747:Drivers/STM32F3xx_HAL_Driver/Src/stm32f3xx_hal_rcc.c ****     /* PLL is selected as System Clock Source */
 748:Drivers/STM32F3xx_HAL_Driver/Src/stm32f3xx_hal_rcc.c ****     else if(RCC_ClkInitStruct->SYSCLKSource == RCC_SYSCLKSOURCE_PLLCLK)
 749:Drivers/STM32F3xx_HAL_Driver/Src/stm32f3xx_hal_rcc.c ****     {
 750:Drivers/STM32F3xx_HAL_Driver/Src/stm32f3xx_hal_rcc.c ****       /* Check the PLL ready flag */  
 751:Drivers/STM32F3xx_HAL_Driver/Src/stm32f3xx_hal_rcc.c ****       if(__HAL_RCC_GET_FLAG(RCC_FLAG_PLLRDY) == RESET)
 752:Drivers/STM32F3xx_HAL_Driver/Src/stm32f3xx_hal_rcc.c ****       {
 753:Drivers/STM32F3xx_HAL_Driver/Src/stm32f3xx_hal_rcc.c ****         return HAL_ERROR;
 754:Drivers/STM32F3xx_HAL_Driver/Src/stm32f3xx_hal_rcc.c ****       }
 755:Drivers/STM32F3xx_HAL_Driver/Src/stm32f3xx_hal_rcc.c ****     }
 756:Drivers/STM32F3xx_HAL_Driver/Src/stm32f3xx_hal_rcc.c ****     /* HSI is selected as System Clock Source */
 757:Drivers/STM32F3xx_HAL_Driver/Src/stm32f3xx_hal_rcc.c ****     else
 758:Drivers/STM32F3xx_HAL_Driver/Src/stm32f3xx_hal_rcc.c ****     {
 759:Drivers/STM32F3xx_HAL_Driver/Src/stm32f3xx_hal_rcc.c ****       /* Check the HSI ready flag */  
 760:Drivers/STM32F3xx_HAL_Driver/Src/stm32f3xx_hal_rcc.c ****       if(__HAL_RCC_GET_FLAG(RCC_FLAG_HSIRDY) == RESET)
 761:Drivers/STM32F3xx_HAL_Driver/Src/stm32f3xx_hal_rcc.c ****       {
 762:Drivers/STM32F3xx_HAL_Driver/Src/stm32f3xx_hal_rcc.c ****         return HAL_ERROR;
 763:Drivers/STM32F3xx_HAL_Driver/Src/stm32f3xx_hal_rcc.c ****       }
 764:Drivers/STM32F3xx_HAL_Driver/Src/stm32f3xx_hal_rcc.c ****     }
 765:Drivers/STM32F3xx_HAL_Driver/Src/stm32f3xx_hal_rcc.c **** 
 766:Drivers/STM32F3xx_HAL_Driver/Src/stm32f3xx_hal_rcc.c ****     __HAL_RCC_SYSCLK_CONFIG(RCC_ClkInitStruct->SYSCLKSource);
 767:Drivers/STM32F3xx_HAL_Driver/Src/stm32f3xx_hal_rcc.c **** 
 768:Drivers/STM32F3xx_HAL_Driver/Src/stm32f3xx_hal_rcc.c ****     /* Get Start Tick */
 769:Drivers/STM32F3xx_HAL_Driver/Src/stm32f3xx_hal_rcc.c ****     tickstart = HAL_GetTick();
 770:Drivers/STM32F3xx_HAL_Driver/Src/stm32f3xx_hal_rcc.c ****     
 771:Drivers/STM32F3xx_HAL_Driver/Src/stm32f3xx_hal_rcc.c ****     while (__HAL_RCC_GET_SYSCLK_SOURCE() != (RCC_ClkInitStruct->SYSCLKSource << RCC_CFGR_SWS_Pos))
ARM GAS  /tmp/ccRCfR3k.s 			page 74


 772:Drivers/STM32F3xx_HAL_Driver/Src/stm32f3xx_hal_rcc.c ****     {
 773:Drivers/STM32F3xx_HAL_Driver/Src/stm32f3xx_hal_rcc.c ****       if ((HAL_GetTick() - tickstart) > CLOCKSWITCH_TIMEOUT_VALUE)
 774:Drivers/STM32F3xx_HAL_Driver/Src/stm32f3xx_hal_rcc.c ****       {
 775:Drivers/STM32F3xx_HAL_Driver/Src/stm32f3xx_hal_rcc.c ****         return HAL_TIMEOUT;
 776:Drivers/STM32F3xx_HAL_Driver/Src/stm32f3xx_hal_rcc.c ****       }
 777:Drivers/STM32F3xx_HAL_Driver/Src/stm32f3xx_hal_rcc.c ****     }
 778:Drivers/STM32F3xx_HAL_Driver/Src/stm32f3xx_hal_rcc.c ****   }
 779:Drivers/STM32F3xx_HAL_Driver/Src/stm32f3xx_hal_rcc.c ****   /* Decreasing the number of wait states because of lower CPU frequency */
 780:Drivers/STM32F3xx_HAL_Driver/Src/stm32f3xx_hal_rcc.c ****   if(FLatency < __HAL_FLASH_GET_LATENCY())
 781:Drivers/STM32F3xx_HAL_Driver/Src/stm32f3xx_hal_rcc.c ****   {    
 782:Drivers/STM32F3xx_HAL_Driver/Src/stm32f3xx_hal_rcc.c ****     /* Program the new number of wait states to the LATENCY bits in the FLASH_ACR register */
 783:Drivers/STM32F3xx_HAL_Driver/Src/stm32f3xx_hal_rcc.c ****     __HAL_FLASH_SET_LATENCY(FLatency);
 784:Drivers/STM32F3xx_HAL_Driver/Src/stm32f3xx_hal_rcc.c ****     
 785:Drivers/STM32F3xx_HAL_Driver/Src/stm32f3xx_hal_rcc.c ****     /* Check that the new number of wait states is taken into account to access the Flash
 786:Drivers/STM32F3xx_HAL_Driver/Src/stm32f3xx_hal_rcc.c ****     memory by reading the FLASH_ACR register */
 787:Drivers/STM32F3xx_HAL_Driver/Src/stm32f3xx_hal_rcc.c ****     if(__HAL_FLASH_GET_LATENCY() != FLatency)
 788:Drivers/STM32F3xx_HAL_Driver/Src/stm32f3xx_hal_rcc.c ****     {
 789:Drivers/STM32F3xx_HAL_Driver/Src/stm32f3xx_hal_rcc.c ****       return HAL_ERROR;
 790:Drivers/STM32F3xx_HAL_Driver/Src/stm32f3xx_hal_rcc.c ****     }
 791:Drivers/STM32F3xx_HAL_Driver/Src/stm32f3xx_hal_rcc.c ****   }    
 792:Drivers/STM32F3xx_HAL_Driver/Src/stm32f3xx_hal_rcc.c **** 
 793:Drivers/STM32F3xx_HAL_Driver/Src/stm32f3xx_hal_rcc.c ****   /*-------------------------- PCLK1 Configuration ---------------------------*/ 
 794:Drivers/STM32F3xx_HAL_Driver/Src/stm32f3xx_hal_rcc.c ****   if(((RCC_ClkInitStruct->ClockType) & RCC_CLOCKTYPE_PCLK1) == RCC_CLOCKTYPE_PCLK1)
 795:Drivers/STM32F3xx_HAL_Driver/Src/stm32f3xx_hal_rcc.c ****   {
 796:Drivers/STM32F3xx_HAL_Driver/Src/stm32f3xx_hal_rcc.c ****     assert_param(IS_RCC_PCLK(RCC_ClkInitStruct->APB1CLKDivider));
 797:Drivers/STM32F3xx_HAL_Driver/Src/stm32f3xx_hal_rcc.c ****     MODIFY_REG(RCC->CFGR, RCC_CFGR_PPRE1, RCC_ClkInitStruct->APB1CLKDivider);
 798:Drivers/STM32F3xx_HAL_Driver/Src/stm32f3xx_hal_rcc.c ****   }
 799:Drivers/STM32F3xx_HAL_Driver/Src/stm32f3xx_hal_rcc.c ****   
 800:Drivers/STM32F3xx_HAL_Driver/Src/stm32f3xx_hal_rcc.c ****   /*-------------------------- PCLK2 Configuration ---------------------------*/ 
 801:Drivers/STM32F3xx_HAL_Driver/Src/stm32f3xx_hal_rcc.c ****   if(((RCC_ClkInitStruct->ClockType) & RCC_CLOCKTYPE_PCLK2) == RCC_CLOCKTYPE_PCLK2)
 802:Drivers/STM32F3xx_HAL_Driver/Src/stm32f3xx_hal_rcc.c ****   {
 803:Drivers/STM32F3xx_HAL_Driver/Src/stm32f3xx_hal_rcc.c ****     assert_param(IS_RCC_PCLK(RCC_ClkInitStruct->APB2CLKDivider));
 804:Drivers/STM32F3xx_HAL_Driver/Src/stm32f3xx_hal_rcc.c ****     MODIFY_REG(RCC->CFGR, RCC_CFGR_PPRE2, ((RCC_ClkInitStruct->APB2CLKDivider) << 3U));
 805:Drivers/STM32F3xx_HAL_Driver/Src/stm32f3xx_hal_rcc.c ****   }
 806:Drivers/STM32F3xx_HAL_Driver/Src/stm32f3xx_hal_rcc.c ****  
 807:Drivers/STM32F3xx_HAL_Driver/Src/stm32f3xx_hal_rcc.c ****   /* Update the SystemCoreClock global variable */
 808:Drivers/STM32F3xx_HAL_Driver/Src/stm32f3xx_hal_rcc.c ****   SystemCoreClock = HAL_RCC_GetSysClockFreq() >> AHBPrescTable[(RCC->CFGR & RCC_CFGR_HPRE)>> RCC_CF
 809:Drivers/STM32F3xx_HAL_Driver/Src/stm32f3xx_hal_rcc.c **** 
 810:Drivers/STM32F3xx_HAL_Driver/Src/stm32f3xx_hal_rcc.c ****   /* Configure the source of time base considering new system clocks settings*/
 811:Drivers/STM32F3xx_HAL_Driver/Src/stm32f3xx_hal_rcc.c ****   HAL_InitTick (uwTickPrio);
 812:Drivers/STM32F3xx_HAL_Driver/Src/stm32f3xx_hal_rcc.c ****   
 813:Drivers/STM32F3xx_HAL_Driver/Src/stm32f3xx_hal_rcc.c ****   return HAL_OK;
 814:Drivers/STM32F3xx_HAL_Driver/Src/stm32f3xx_hal_rcc.c **** }
 815:Drivers/STM32F3xx_HAL_Driver/Src/stm32f3xx_hal_rcc.c **** 
 816:Drivers/STM32F3xx_HAL_Driver/Src/stm32f3xx_hal_rcc.c **** /**
 817:Drivers/STM32F3xx_HAL_Driver/Src/stm32f3xx_hal_rcc.c ****   * @}
 818:Drivers/STM32F3xx_HAL_Driver/Src/stm32f3xx_hal_rcc.c ****   */
 819:Drivers/STM32F3xx_HAL_Driver/Src/stm32f3xx_hal_rcc.c **** 
 820:Drivers/STM32F3xx_HAL_Driver/Src/stm32f3xx_hal_rcc.c **** /** @defgroup RCC_Exported_Functions_Group2 Peripheral Control functions
 821:Drivers/STM32F3xx_HAL_Driver/Src/stm32f3xx_hal_rcc.c ****   *  @brief   RCC clocks control functions
 822:Drivers/STM32F3xx_HAL_Driver/Src/stm32f3xx_hal_rcc.c ****   *
 823:Drivers/STM32F3xx_HAL_Driver/Src/stm32f3xx_hal_rcc.c ****   @verbatim   
 824:Drivers/STM32F3xx_HAL_Driver/Src/stm32f3xx_hal_rcc.c ****   ===============================================================================
 825:Drivers/STM32F3xx_HAL_Driver/Src/stm32f3xx_hal_rcc.c ****                   ##### Peripheral Control functions #####
 826:Drivers/STM32F3xx_HAL_Driver/Src/stm32f3xx_hal_rcc.c ****   ===============================================================================  
 827:Drivers/STM32F3xx_HAL_Driver/Src/stm32f3xx_hal_rcc.c ****     [..]
 828:Drivers/STM32F3xx_HAL_Driver/Src/stm32f3xx_hal_rcc.c ****     This subsection provides a set of functions allowing to control the RCC Clocks 
ARM GAS  /tmp/ccRCfR3k.s 			page 75


 829:Drivers/STM32F3xx_HAL_Driver/Src/stm32f3xx_hal_rcc.c ****     frequencies.
 830:Drivers/STM32F3xx_HAL_Driver/Src/stm32f3xx_hal_rcc.c **** 
 831:Drivers/STM32F3xx_HAL_Driver/Src/stm32f3xx_hal_rcc.c ****   @endverbatim
 832:Drivers/STM32F3xx_HAL_Driver/Src/stm32f3xx_hal_rcc.c ****   * @{
 833:Drivers/STM32F3xx_HAL_Driver/Src/stm32f3xx_hal_rcc.c ****   */
 834:Drivers/STM32F3xx_HAL_Driver/Src/stm32f3xx_hal_rcc.c **** 
 835:Drivers/STM32F3xx_HAL_Driver/Src/stm32f3xx_hal_rcc.c **** #if defined(RCC_CFGR_MCOPRE)
 836:Drivers/STM32F3xx_HAL_Driver/Src/stm32f3xx_hal_rcc.c **** /**
 837:Drivers/STM32F3xx_HAL_Driver/Src/stm32f3xx_hal_rcc.c ****   * @brief  Selects the clock source to output on MCO pin.
 838:Drivers/STM32F3xx_HAL_Driver/Src/stm32f3xx_hal_rcc.c ****   * @note   MCO pin should be configured in alternate function mode.
 839:Drivers/STM32F3xx_HAL_Driver/Src/stm32f3xx_hal_rcc.c ****   * @param  RCC_MCOx specifies the output direction for the clock source.
 840:Drivers/STM32F3xx_HAL_Driver/Src/stm32f3xx_hal_rcc.c ****   *          This parameter can be one of the following values:
 841:Drivers/STM32F3xx_HAL_Driver/Src/stm32f3xx_hal_rcc.c ****   *            @arg @ref RCC_MCO1 Clock source to output on MCO1 pin(PA8).
 842:Drivers/STM32F3xx_HAL_Driver/Src/stm32f3xx_hal_rcc.c ****   * @param  RCC_MCOSource specifies the clock source to output.
 843:Drivers/STM32F3xx_HAL_Driver/Src/stm32f3xx_hal_rcc.c ****   *          This parameter can be one of the following values:
 844:Drivers/STM32F3xx_HAL_Driver/Src/stm32f3xx_hal_rcc.c ****   *            @arg @ref RCC_MCO1SOURCE_NOCLOCK     No clock selected
 845:Drivers/STM32F3xx_HAL_Driver/Src/stm32f3xx_hal_rcc.c ****   *            @arg @ref RCC_MCO1SOURCE_SYSCLK      System Clock selected as MCO clock
 846:Drivers/STM32F3xx_HAL_Driver/Src/stm32f3xx_hal_rcc.c ****   *            @arg @ref RCC_MCO1SOURCE_HSI         HSI selected as MCO clock
 847:Drivers/STM32F3xx_HAL_Driver/Src/stm32f3xx_hal_rcc.c ****   *            @arg @ref RCC_MCO1SOURCE_HSE         HSE selected as MCO clock
 848:Drivers/STM32F3xx_HAL_Driver/Src/stm32f3xx_hal_rcc.c ****   *            @arg @ref RCC_MCO1SOURCE_LSI         LSI selected as MCO clock
 849:Drivers/STM32F3xx_HAL_Driver/Src/stm32f3xx_hal_rcc.c ****   *            @arg @ref RCC_MCO1SOURCE_LSE         LSE selected as MCO clock
 850:Drivers/STM32F3xx_HAL_Driver/Src/stm32f3xx_hal_rcc.c ****   *            @arg @ref RCC_MCO1SOURCE_PLLCLK      PLLCLK selected as MCO clock
 851:Drivers/STM32F3xx_HAL_Driver/Src/stm32f3xx_hal_rcc.c ****   *            @arg @ref RCC_MCO1SOURCE_PLLCLK_DIV2 PLLCLK Divided by 2 selected as MCO clock
 852:Drivers/STM32F3xx_HAL_Driver/Src/stm32f3xx_hal_rcc.c ****   * @param  RCC_MCODiv specifies the MCO DIV.
 853:Drivers/STM32F3xx_HAL_Driver/Src/stm32f3xx_hal_rcc.c ****   *          This parameter can be one of the following values:
 854:Drivers/STM32F3xx_HAL_Driver/Src/stm32f3xx_hal_rcc.c ****   *            @arg @ref RCC_MCODIV_1   no division applied to MCO clock
 855:Drivers/STM32F3xx_HAL_Driver/Src/stm32f3xx_hal_rcc.c ****   *            @arg @ref RCC_MCODIV_2   division by 2 applied to MCO clock
 856:Drivers/STM32F3xx_HAL_Driver/Src/stm32f3xx_hal_rcc.c ****   *            @arg @ref RCC_MCODIV_4   division by 4 applied to MCO clock
 857:Drivers/STM32F3xx_HAL_Driver/Src/stm32f3xx_hal_rcc.c ****   *            @arg @ref RCC_MCODIV_8   division by 8 applied to MCO clock
 858:Drivers/STM32F3xx_HAL_Driver/Src/stm32f3xx_hal_rcc.c ****   *            @arg @ref RCC_MCODIV_16  division by 16 applied to MCO clock
 859:Drivers/STM32F3xx_HAL_Driver/Src/stm32f3xx_hal_rcc.c ****   *            @arg @ref RCC_MCODIV_32  division by 32 applied to MCO clock
 860:Drivers/STM32F3xx_HAL_Driver/Src/stm32f3xx_hal_rcc.c ****   *            @arg @ref RCC_MCODIV_64  division by 64 applied to MCO clock
 861:Drivers/STM32F3xx_HAL_Driver/Src/stm32f3xx_hal_rcc.c ****   *            @arg @ref RCC_MCODIV_128 division by 128 applied to MCO clock
 862:Drivers/STM32F3xx_HAL_Driver/Src/stm32f3xx_hal_rcc.c ****   * @retval None
 863:Drivers/STM32F3xx_HAL_Driver/Src/stm32f3xx_hal_rcc.c ****   */
 864:Drivers/STM32F3xx_HAL_Driver/Src/stm32f3xx_hal_rcc.c **** #else
 865:Drivers/STM32F3xx_HAL_Driver/Src/stm32f3xx_hal_rcc.c **** /**
 866:Drivers/STM32F3xx_HAL_Driver/Src/stm32f3xx_hal_rcc.c ****   * @brief  Selects the clock source to output on MCO pin.
 867:Drivers/STM32F3xx_HAL_Driver/Src/stm32f3xx_hal_rcc.c ****   * @note   MCO pin should be configured in alternate function mode.
 868:Drivers/STM32F3xx_HAL_Driver/Src/stm32f3xx_hal_rcc.c ****   * @param  RCC_MCOx specifies the output direction for the clock source.
 869:Drivers/STM32F3xx_HAL_Driver/Src/stm32f3xx_hal_rcc.c ****   *          This parameter can be one of the following values:
 870:Drivers/STM32F3xx_HAL_Driver/Src/stm32f3xx_hal_rcc.c ****   *            @arg @ref RCC_MCO1 Clock source to output on MCO1 pin(PA8).
 871:Drivers/STM32F3xx_HAL_Driver/Src/stm32f3xx_hal_rcc.c ****   * @param  RCC_MCOSource specifies the clock source to output.
 872:Drivers/STM32F3xx_HAL_Driver/Src/stm32f3xx_hal_rcc.c ****   *          This parameter can be one of the following values:
 873:Drivers/STM32F3xx_HAL_Driver/Src/stm32f3xx_hal_rcc.c ****   *            @arg @ref RCC_MCO1SOURCE_NOCLOCK     No clock selected as MCO clock
 874:Drivers/STM32F3xx_HAL_Driver/Src/stm32f3xx_hal_rcc.c ****   *            @arg @ref RCC_MCO1SOURCE_SYSCLK      System clock selected as MCO clock
 875:Drivers/STM32F3xx_HAL_Driver/Src/stm32f3xx_hal_rcc.c ****   *            @arg @ref RCC_MCO1SOURCE_HSI         HSI selected as MCO clock
 876:Drivers/STM32F3xx_HAL_Driver/Src/stm32f3xx_hal_rcc.c ****   *            @arg @ref RCC_MCO1SOURCE_HSE         HSE selected as MCO clock
 877:Drivers/STM32F3xx_HAL_Driver/Src/stm32f3xx_hal_rcc.c ****   *            @arg @ref RCC_MCO1SOURCE_LSI         LSI selected as MCO clock
 878:Drivers/STM32F3xx_HAL_Driver/Src/stm32f3xx_hal_rcc.c ****   *            @arg @ref RCC_MCO1SOURCE_LSE         LSE selected as MCO clock
 879:Drivers/STM32F3xx_HAL_Driver/Src/stm32f3xx_hal_rcc.c ****   *            @arg @ref RCC_MCO1SOURCE_PLLCLK_DIV2 PLLCLK Divided by 2 selected as MCO clock
 880:Drivers/STM32F3xx_HAL_Driver/Src/stm32f3xx_hal_rcc.c ****   * @param  RCC_MCODiv specifies the MCO DIV.
 881:Drivers/STM32F3xx_HAL_Driver/Src/stm32f3xx_hal_rcc.c ****   *          This parameter can be one of the following values:
 882:Drivers/STM32F3xx_HAL_Driver/Src/stm32f3xx_hal_rcc.c ****   *            @arg @ref RCC_MCODIV_1 no division applied to MCO clock
 883:Drivers/STM32F3xx_HAL_Driver/Src/stm32f3xx_hal_rcc.c ****   * @retval None
 884:Drivers/STM32F3xx_HAL_Driver/Src/stm32f3xx_hal_rcc.c ****   */
 885:Drivers/STM32F3xx_HAL_Driver/Src/stm32f3xx_hal_rcc.c **** #endif
ARM GAS  /tmp/ccRCfR3k.s 			page 76


 886:Drivers/STM32F3xx_HAL_Driver/Src/stm32f3xx_hal_rcc.c **** void HAL_RCC_MCOConfig(uint32_t RCC_MCOx, uint32_t RCC_MCOSource, uint32_t RCC_MCODiv)
 887:Drivers/STM32F3xx_HAL_Driver/Src/stm32f3xx_hal_rcc.c **** {
 2064              		.loc 1 887 1 is_stmt 1 view -0
 2065              		.cfi_startproc
 2066              		@ args = 0, pretend = 0, frame = 24
 2067              		@ frame_needed = 0, uses_anonymous_args = 0
 2068              		.loc 1 887 1 is_stmt 0 view .LVU603
 2069 0000 70B5     		push	{r4, r5, r6, lr}
 2070              	.LCFI7:
 2071              		.cfi_def_cfa_offset 16
 2072              		.cfi_offset 4, -16
 2073              		.cfi_offset 5, -12
 2074              		.cfi_offset 6, -8
 2075              		.cfi_offset 14, -4
 2076 0002 86B0     		sub	sp, sp, #24
 2077              	.LCFI8:
 2078              		.cfi_def_cfa_offset 40
 2079 0004 0D46     		mov	r5, r1
 2080 0006 1646     		mov	r6, r2
 888:Drivers/STM32F3xx_HAL_Driver/Src/stm32f3xx_hal_rcc.c ****   GPIO_InitTypeDef gpio;
 2081              		.loc 1 888 3 is_stmt 1 view .LVU604
 889:Drivers/STM32F3xx_HAL_Driver/Src/stm32f3xx_hal_rcc.c **** 
 890:Drivers/STM32F3xx_HAL_Driver/Src/stm32f3xx_hal_rcc.c ****   /* Check the parameters */
 891:Drivers/STM32F3xx_HAL_Driver/Src/stm32f3xx_hal_rcc.c ****   assert_param(IS_RCC_MCO(RCC_MCOx));
 2082              		.loc 1 891 3 view .LVU605
 892:Drivers/STM32F3xx_HAL_Driver/Src/stm32f3xx_hal_rcc.c ****   assert_param(IS_RCC_MCODIV(RCC_MCODiv));
 2083              		.loc 1 892 3 view .LVU606
 893:Drivers/STM32F3xx_HAL_Driver/Src/stm32f3xx_hal_rcc.c ****   assert_param(IS_RCC_MCO1SOURCE(RCC_MCOSource));
 2084              		.loc 1 893 3 view .LVU607
 894:Drivers/STM32F3xx_HAL_Driver/Src/stm32f3xx_hal_rcc.c **** 
 895:Drivers/STM32F3xx_HAL_Driver/Src/stm32f3xx_hal_rcc.c ****   /* Prevent unused argument(s) compilation warning */
 896:Drivers/STM32F3xx_HAL_Driver/Src/stm32f3xx_hal_rcc.c ****   UNUSED(RCC_MCOx);
 2085              		.loc 1 896 3 view .LVU608
 897:Drivers/STM32F3xx_HAL_Driver/Src/stm32f3xx_hal_rcc.c **** 
 898:Drivers/STM32F3xx_HAL_Driver/Src/stm32f3xx_hal_rcc.c ****   /* Configure the MCO1 pin in alternate function mode */
 899:Drivers/STM32F3xx_HAL_Driver/Src/stm32f3xx_hal_rcc.c ****   gpio.Mode      = GPIO_MODE_AF_PP;
 2086              		.loc 1 899 3 view .LVU609
 2087              		.loc 1 899 18 is_stmt 0 view .LVU610
 2088 0008 0223     		movs	r3, #2
 2089 000a 0293     		str	r3, [sp, #8]
 900:Drivers/STM32F3xx_HAL_Driver/Src/stm32f3xx_hal_rcc.c ****   gpio.Speed     = GPIO_SPEED_FREQ_HIGH;
 2090              		.loc 1 900 3 is_stmt 1 view .LVU611
 2091              		.loc 1 900 18 is_stmt 0 view .LVU612
 2092 000c 0323     		movs	r3, #3
 2093 000e 0493     		str	r3, [sp, #16]
 901:Drivers/STM32F3xx_HAL_Driver/Src/stm32f3xx_hal_rcc.c ****   gpio.Pull      = GPIO_NOPULL;
 2094              		.loc 1 901 3 is_stmt 1 view .LVU613
 2095              		.loc 1 901 18 is_stmt 0 view .LVU614
 2096 0010 0023     		movs	r3, #0
 2097 0012 0393     		str	r3, [sp, #12]
 902:Drivers/STM32F3xx_HAL_Driver/Src/stm32f3xx_hal_rcc.c ****   gpio.Pin       = MCO1_PIN;
 2098              		.loc 1 902 3 is_stmt 1 view .LVU615
 2099              		.loc 1 902 18 is_stmt 0 view .LVU616
 2100 0014 4FF48072 		mov	r2, #256
 2101              	.LVL159:
 2102              		.loc 1 902 18 view .LVU617
 2103 0018 0192     		str	r2, [sp, #4]
ARM GAS  /tmp/ccRCfR3k.s 			page 77


 903:Drivers/STM32F3xx_HAL_Driver/Src/stm32f3xx_hal_rcc.c ****   gpio.Alternate = GPIO_AF0_MCO;
 2104              		.loc 1 903 3 is_stmt 1 view .LVU618
 2105              		.loc 1 903 18 is_stmt 0 view .LVU619
 2106 001a 0593     		str	r3, [sp, #20]
 904:Drivers/STM32F3xx_HAL_Driver/Src/stm32f3xx_hal_rcc.c **** 
 905:Drivers/STM32F3xx_HAL_Driver/Src/stm32f3xx_hal_rcc.c ****   /* MCO1 Clock Enable */
 906:Drivers/STM32F3xx_HAL_Driver/Src/stm32f3xx_hal_rcc.c ****   MCO1_CLK_ENABLE();
 2107              		.loc 1 906 3 is_stmt 1 view .LVU620
 2108              	.LBB254:
 2109              		.loc 1 906 3 view .LVU621
 2110              		.loc 1 906 3 view .LVU622
 2111 001c 0B4C     		ldr	r4, .L141
 2112 001e 6369     		ldr	r3, [r4, #20]
 2113 0020 43F40033 		orr	r3, r3, #131072
 2114 0024 6361     		str	r3, [r4, #20]
 2115              		.loc 1 906 3 view .LVU623
 2116 0026 6369     		ldr	r3, [r4, #20]
 2117 0028 03F40033 		and	r3, r3, #131072
 2118 002c 0093     		str	r3, [sp]
 2119              		.loc 1 906 3 view .LVU624
 2120 002e 009B     		ldr	r3, [sp]
 2121              	.LBE254:
 2122              		.loc 1 906 3 view .LVU625
 907:Drivers/STM32F3xx_HAL_Driver/Src/stm32f3xx_hal_rcc.c ****   
 908:Drivers/STM32F3xx_HAL_Driver/Src/stm32f3xx_hal_rcc.c ****   HAL_GPIO_Init(MCO1_GPIO_PORT, &gpio);
 2123              		.loc 1 908 3 view .LVU626
 2124 0030 01A9     		add	r1, sp, #4
 2125              	.LVL160:
 2126              		.loc 1 908 3 is_stmt 0 view .LVU627
 2127 0032 4FF09040 		mov	r0, #1207959552
 2128              	.LVL161:
 2129              		.loc 1 908 3 view .LVU628
 2130 0036 FFF7FEFF 		bl	HAL_GPIO_Init
 2131              	.LVL162:
 909:Drivers/STM32F3xx_HAL_Driver/Src/stm32f3xx_hal_rcc.c ****   
 910:Drivers/STM32F3xx_HAL_Driver/Src/stm32f3xx_hal_rcc.c ****   /* Configure the MCO clock source */
 911:Drivers/STM32F3xx_HAL_Driver/Src/stm32f3xx_hal_rcc.c ****   __HAL_RCC_MCO1_CONFIG(RCC_MCOSource, RCC_MCODiv);
 2132              		.loc 1 911 3 is_stmt 1 view .LVU629
 2133 003a 6368     		ldr	r3, [r4, #4]
 2134 003c 23F0EE43 		bic	r3, r3, #1996488704
 2135 0040 3543     		orrs	r5, r5, r6
 2136              	.LVL163:
 2137              		.loc 1 911 3 is_stmt 0 view .LVU630
 2138 0042 2B43     		orrs	r3, r3, r5
 2139 0044 6360     		str	r3, [r4, #4]
 912:Drivers/STM32F3xx_HAL_Driver/Src/stm32f3xx_hal_rcc.c **** }
 2140              		.loc 1 912 1 view .LVU631
 2141 0046 06B0     		add	sp, sp, #24
 2142              	.LCFI9:
 2143              		.cfi_def_cfa_offset 16
 2144              		@ sp needed
 2145 0048 70BD     		pop	{r4, r5, r6, pc}
 2146              	.LVL164:
 2147              	.L142:
 2148              		.loc 1 912 1 view .LVU632
 2149 004a 00BF     		.align	2
 2150              	.L141:
ARM GAS  /tmp/ccRCfR3k.s 			page 78


 2151 004c 00100240 		.word	1073876992
 2152              		.cfi_endproc
 2153              	.LFE133:
 2155              		.section	.text.HAL_RCC_EnableCSS,"ax",%progbits
 2156              		.align	1
 2157              		.global	HAL_RCC_EnableCSS
 2158              		.syntax unified
 2159              		.thumb
 2160              		.thumb_func
 2162              	HAL_RCC_EnableCSS:
 2163              	.LFB134:
 913:Drivers/STM32F3xx_HAL_Driver/Src/stm32f3xx_hal_rcc.c **** 
 914:Drivers/STM32F3xx_HAL_Driver/Src/stm32f3xx_hal_rcc.c **** /**
 915:Drivers/STM32F3xx_HAL_Driver/Src/stm32f3xx_hal_rcc.c ****   * @brief  Enables the Clock Security System.
 916:Drivers/STM32F3xx_HAL_Driver/Src/stm32f3xx_hal_rcc.c ****   * @note   If a failure is detected on the HSE oscillator clock, this oscillator
 917:Drivers/STM32F3xx_HAL_Driver/Src/stm32f3xx_hal_rcc.c ****   *         is automatically disabled and an interrupt is generated to inform the
 918:Drivers/STM32F3xx_HAL_Driver/Src/stm32f3xx_hal_rcc.c ****   *         software about the failure (Clock Security System Interrupt, CSSI),
 919:Drivers/STM32F3xx_HAL_Driver/Src/stm32f3xx_hal_rcc.c ****   *         allowing the MCU to perform rescue operations. The CSSI is linked to 
 920:Drivers/STM32F3xx_HAL_Driver/Src/stm32f3xx_hal_rcc.c ****   *         the Cortex-M4 NMI (Non-Maskable Interrupt) exception vector.  
 921:Drivers/STM32F3xx_HAL_Driver/Src/stm32f3xx_hal_rcc.c ****   * @retval None
 922:Drivers/STM32F3xx_HAL_Driver/Src/stm32f3xx_hal_rcc.c ****   */
 923:Drivers/STM32F3xx_HAL_Driver/Src/stm32f3xx_hal_rcc.c **** void HAL_RCC_EnableCSS(void)
 924:Drivers/STM32F3xx_HAL_Driver/Src/stm32f3xx_hal_rcc.c **** {
 2164              		.loc 1 924 1 is_stmt 1 view -0
 2165              		.cfi_startproc
 2166              		@ args = 0, pretend = 0, frame = 0
 2167              		@ frame_needed = 0, uses_anonymous_args = 0
 2168              		@ link register save eliminated.
 925:Drivers/STM32F3xx_HAL_Driver/Src/stm32f3xx_hal_rcc.c ****   *(__IO uint32_t *) RCC_CR_CSSON_BB = (uint32_t)ENABLE;
 2169              		.loc 1 925 3 view .LVU634
 2170              	.LVL165:
 2171              	.LBB255:
 2172              	.LBI255:
 981:Drivers/CMSIS/Include/cmsis_gcc.h **** {
 2173              		.loc 2 981 31 view .LVU635
 2174              	.LBB256:
 983:Drivers/CMSIS/Include/cmsis_gcc.h **** 
 2175              		.loc 2 983 3 view .LVU636
 988:Drivers/CMSIS/Include/cmsis_gcc.h **** #else
 2176              		.loc 2 988 4 view .LVU637
 2177 0000 4FF40023 		mov	r3, #524288
 2178              		.syntax unified
 2179              	@ 988 "Drivers/CMSIS/Include/cmsis_gcc.h" 1
 2180 0004 93FAA3F3 		rbit r3, r3
 2181              	@ 0 "" 2
 2182              	.LVL166:
 2183              		.loc 2 1001 3 view .LVU638
 2184              		.loc 2 1001 3 is_stmt 0 view .LVU639
 2185              		.thumb
 2186              		.syntax unified
 2187              	.LBE256:
 2188              	.LBE255:
 2189              		.loc 1 925 22 discriminator 2 view .LVU640
 2190 0008 B3FA83F3 		clz	r3, r3
 2191 000c 03F18453 		add	r3, r3, #276824064
 2192 0010 03F58413 		add	r3, r3, #1081344
 2193 0014 9B00     		lsls	r3, r3, #2
ARM GAS  /tmp/ccRCfR3k.s 			page 79


 2194              		.loc 1 925 38 discriminator 2 view .LVU641
 2195 0016 0122     		movs	r2, #1
 2196 0018 1A60     		str	r2, [r3]
 926:Drivers/STM32F3xx_HAL_Driver/Src/stm32f3xx_hal_rcc.c **** }
 2197              		.loc 1 926 1 view .LVU642
 2198 001a 7047     		bx	lr
 2199              		.cfi_endproc
 2200              	.LFE134:
 2202              		.section	.text.HAL_RCC_DisableCSS,"ax",%progbits
 2203              		.align	1
 2204              		.global	HAL_RCC_DisableCSS
 2205              		.syntax unified
 2206              		.thumb
 2207              		.thumb_func
 2209              	HAL_RCC_DisableCSS:
 2210              	.LFB135:
 927:Drivers/STM32F3xx_HAL_Driver/Src/stm32f3xx_hal_rcc.c **** 
 928:Drivers/STM32F3xx_HAL_Driver/Src/stm32f3xx_hal_rcc.c **** /**
 929:Drivers/STM32F3xx_HAL_Driver/Src/stm32f3xx_hal_rcc.c ****   * @brief  Disables the Clock Security System.
 930:Drivers/STM32F3xx_HAL_Driver/Src/stm32f3xx_hal_rcc.c ****   * @retval None
 931:Drivers/STM32F3xx_HAL_Driver/Src/stm32f3xx_hal_rcc.c ****   */
 932:Drivers/STM32F3xx_HAL_Driver/Src/stm32f3xx_hal_rcc.c **** void HAL_RCC_DisableCSS(void)
 933:Drivers/STM32F3xx_HAL_Driver/Src/stm32f3xx_hal_rcc.c **** {
 2211              		.loc 1 933 1 is_stmt 1 view -0
 2212              		.cfi_startproc
 2213              		@ args = 0, pretend = 0, frame = 0
 2214              		@ frame_needed = 0, uses_anonymous_args = 0
 2215              		@ link register save eliminated.
 934:Drivers/STM32F3xx_HAL_Driver/Src/stm32f3xx_hal_rcc.c ****   *(__IO uint32_t *) RCC_CR_CSSON_BB = (uint32_t)DISABLE;
 2216              		.loc 1 934 3 view .LVU644
 2217              	.LVL167:
 2218              	.LBB257:
 2219              	.LBI257:
 981:Drivers/CMSIS/Include/cmsis_gcc.h **** {
 2220              		.loc 2 981 31 view .LVU645
 2221              	.LBB258:
 983:Drivers/CMSIS/Include/cmsis_gcc.h **** 
 2222              		.loc 2 983 3 view .LVU646
 988:Drivers/CMSIS/Include/cmsis_gcc.h **** #else
 2223              		.loc 2 988 4 view .LVU647
 2224 0000 4FF40023 		mov	r3, #524288
 2225              		.syntax unified
 2226              	@ 988 "Drivers/CMSIS/Include/cmsis_gcc.h" 1
 2227 0004 93FAA3F3 		rbit r3, r3
 2228              	@ 0 "" 2
 2229              	.LVL168:
 2230              		.loc 2 1001 3 view .LVU648
 2231              		.loc 2 1001 3 is_stmt 0 view .LVU649
 2232              		.thumb
 2233              		.syntax unified
 2234              	.LBE258:
 2235              	.LBE257:
 2236              		.loc 1 934 22 discriminator 2 view .LVU650
 2237 0008 B3FA83F3 		clz	r3, r3
 2238 000c 03F18453 		add	r3, r3, #276824064
 2239 0010 03F58413 		add	r3, r3, #1081344
 2240 0014 9B00     		lsls	r3, r3, #2
ARM GAS  /tmp/ccRCfR3k.s 			page 80


 2241              		.loc 1 934 38 discriminator 2 view .LVU651
 2242 0016 0022     		movs	r2, #0
 2243 0018 1A60     		str	r2, [r3]
 935:Drivers/STM32F3xx_HAL_Driver/Src/stm32f3xx_hal_rcc.c **** }
 2244              		.loc 1 935 1 view .LVU652
 2245 001a 7047     		bx	lr
 2246              		.cfi_endproc
 2247              	.LFE135:
 2249              		.section	.text.HAL_RCC_GetSysClockFreq,"ax",%progbits
 2250              		.align	1
 2251              		.global	HAL_RCC_GetSysClockFreq
 2252              		.syntax unified
 2253              		.thumb
 2254              		.thumb_func
 2256              	HAL_RCC_GetSysClockFreq:
 2257              	.LFB136:
 936:Drivers/STM32F3xx_HAL_Driver/Src/stm32f3xx_hal_rcc.c **** 
 937:Drivers/STM32F3xx_HAL_Driver/Src/stm32f3xx_hal_rcc.c **** /**
 938:Drivers/STM32F3xx_HAL_Driver/Src/stm32f3xx_hal_rcc.c ****   * @brief  Returns the SYSCLK frequency     
 939:Drivers/STM32F3xx_HAL_Driver/Src/stm32f3xx_hal_rcc.c ****   * @note   The system frequency computed by this function is not the real 
 940:Drivers/STM32F3xx_HAL_Driver/Src/stm32f3xx_hal_rcc.c ****   *         frequency in the chip. It is calculated based on the predefined 
 941:Drivers/STM32F3xx_HAL_Driver/Src/stm32f3xx_hal_rcc.c ****   *         constant and the selected clock source:
 942:Drivers/STM32F3xx_HAL_Driver/Src/stm32f3xx_hal_rcc.c ****   * @note     If SYSCLK source is HSI, function returns values based on HSI_VALUE(*)
 943:Drivers/STM32F3xx_HAL_Driver/Src/stm32f3xx_hal_rcc.c ****   * @note     If SYSCLK source is HSE, function returns a value based on HSE_VALUE
 944:Drivers/STM32F3xx_HAL_Driver/Src/stm32f3xx_hal_rcc.c ****   *           divided by PREDIV factor(**)
 945:Drivers/STM32F3xx_HAL_Driver/Src/stm32f3xx_hal_rcc.c ****   * @note     If SYSCLK source is PLL, function returns a value based on HSE_VALUE
 946:Drivers/STM32F3xx_HAL_Driver/Src/stm32f3xx_hal_rcc.c ****   *           divided by PREDIV factor(**) or HSI_VALUE(*) multiplied by the PLL factor.
 947:Drivers/STM32F3xx_HAL_Driver/Src/stm32f3xx_hal_rcc.c ****   * @note     (*) HSI_VALUE is a constant defined in stm32f3xx_hal_conf.h file (default value
 948:Drivers/STM32F3xx_HAL_Driver/Src/stm32f3xx_hal_rcc.c ****   *               8 MHz) but the real value may vary depending on the variations
 949:Drivers/STM32F3xx_HAL_Driver/Src/stm32f3xx_hal_rcc.c ****   *               in voltage and temperature.
 950:Drivers/STM32F3xx_HAL_Driver/Src/stm32f3xx_hal_rcc.c ****   * @note     (**) HSE_VALUE is a constant defined in stm32f3xx_hal_conf.h file (default value
 951:Drivers/STM32F3xx_HAL_Driver/Src/stm32f3xx_hal_rcc.c ****   *                8 MHz), user has to ensure that HSE_VALUE is same as the real
 952:Drivers/STM32F3xx_HAL_Driver/Src/stm32f3xx_hal_rcc.c ****   *                frequency of the crystal used. Otherwise, this function may
 953:Drivers/STM32F3xx_HAL_Driver/Src/stm32f3xx_hal_rcc.c ****   *                have wrong result.
 954:Drivers/STM32F3xx_HAL_Driver/Src/stm32f3xx_hal_rcc.c ****   *                  
 955:Drivers/STM32F3xx_HAL_Driver/Src/stm32f3xx_hal_rcc.c ****   * @note   The result of this function could be not correct when using fractional
 956:Drivers/STM32F3xx_HAL_Driver/Src/stm32f3xx_hal_rcc.c ****   *         value for HSE crystal.
 957:Drivers/STM32F3xx_HAL_Driver/Src/stm32f3xx_hal_rcc.c ****   *           
 958:Drivers/STM32F3xx_HAL_Driver/Src/stm32f3xx_hal_rcc.c ****   * @note   This function can be used by the user application to compute the 
 959:Drivers/STM32F3xx_HAL_Driver/Src/stm32f3xx_hal_rcc.c ****   *         baud-rate for the communication peripherals or configure other parameters.
 960:Drivers/STM32F3xx_HAL_Driver/Src/stm32f3xx_hal_rcc.c ****   *           
 961:Drivers/STM32F3xx_HAL_Driver/Src/stm32f3xx_hal_rcc.c ****   * @note   Each time SYSCLK changes, this function must be called to update the
 962:Drivers/STM32F3xx_HAL_Driver/Src/stm32f3xx_hal_rcc.c ****   *         right SYSCLK value. Otherwise, any configuration based on this function will be incorre
 963:Drivers/STM32F3xx_HAL_Driver/Src/stm32f3xx_hal_rcc.c ****   *         
 964:Drivers/STM32F3xx_HAL_Driver/Src/stm32f3xx_hal_rcc.c ****   * @retval SYSCLK frequency
 965:Drivers/STM32F3xx_HAL_Driver/Src/stm32f3xx_hal_rcc.c ****   */
 966:Drivers/STM32F3xx_HAL_Driver/Src/stm32f3xx_hal_rcc.c **** uint32_t HAL_RCC_GetSysClockFreq(void)
 967:Drivers/STM32F3xx_HAL_Driver/Src/stm32f3xx_hal_rcc.c **** {
 2258              		.loc 1 967 1 is_stmt 1 view -0
 2259              		.cfi_startproc
 2260              		@ args = 0, pretend = 0, frame = 0
 2261              		@ frame_needed = 0, uses_anonymous_args = 0
 2262              		@ link register save eliminated.
 968:Drivers/STM32F3xx_HAL_Driver/Src/stm32f3xx_hal_rcc.c ****   uint32_t tmpreg = 0U, prediv = 0U, pllclk = 0U, pllmul = 0U;
 2263              		.loc 1 968 3 view .LVU654
 2264              	.LVL169:
 969:Drivers/STM32F3xx_HAL_Driver/Src/stm32f3xx_hal_rcc.c ****   uint32_t sysclockfreq = 0U;
ARM GAS  /tmp/ccRCfR3k.s 			page 81


 2265              		.loc 1 969 3 view .LVU655
 970:Drivers/STM32F3xx_HAL_Driver/Src/stm32f3xx_hal_rcc.c ****   
 971:Drivers/STM32F3xx_HAL_Driver/Src/stm32f3xx_hal_rcc.c ****   tmpreg = RCC->CFGR;
 2266              		.loc 1 971 3 view .LVU656
 2267              		.loc 1 971 10 is_stmt 0 view .LVU657
 2268 0000 104B     		ldr	r3, .L150
 2269 0002 5B68     		ldr	r3, [r3, #4]
 2270              	.LVL170:
 972:Drivers/STM32F3xx_HAL_Driver/Src/stm32f3xx_hal_rcc.c ****   
 973:Drivers/STM32F3xx_HAL_Driver/Src/stm32f3xx_hal_rcc.c ****   /* Get SYSCLK source -------------------------------------------------------*/
 974:Drivers/STM32F3xx_HAL_Driver/Src/stm32f3xx_hal_rcc.c ****   switch (tmpreg & RCC_CFGR_SWS)
 2271              		.loc 1 974 3 is_stmt 1 view .LVU658
 2272              		.loc 1 974 18 is_stmt 0 view .LVU659
 2273 0004 03F00C02 		and	r2, r3, #12
 2274              		.loc 1 974 3 view .LVU660
 2275 0008 082A     		cmp	r2, #8
 2276 000a 01D0     		beq	.L149
 975:Drivers/STM32F3xx_HAL_Driver/Src/stm32f3xx_hal_rcc.c ****   {
 976:Drivers/STM32F3xx_HAL_Driver/Src/stm32f3xx_hal_rcc.c ****     case RCC_SYSCLKSOURCE_STATUS_HSE:  /* HSE used as system clock */
 977:Drivers/STM32F3xx_HAL_Driver/Src/stm32f3xx_hal_rcc.c ****     {
 978:Drivers/STM32F3xx_HAL_Driver/Src/stm32f3xx_hal_rcc.c ****       sysclockfreq = HSE_VALUE;
 2277              		.loc 1 978 20 view .LVU661
 2278 000c 0E48     		ldr	r0, .L150+4
 2279              	.LVL171:
 979:Drivers/STM32F3xx_HAL_Driver/Src/stm32f3xx_hal_rcc.c ****       break;
 980:Drivers/STM32F3xx_HAL_Driver/Src/stm32f3xx_hal_rcc.c ****     }
 981:Drivers/STM32F3xx_HAL_Driver/Src/stm32f3xx_hal_rcc.c ****     case RCC_SYSCLKSOURCE_STATUS_PLLCLK:  /* PLL used as system clock */
 982:Drivers/STM32F3xx_HAL_Driver/Src/stm32f3xx_hal_rcc.c ****     {
 983:Drivers/STM32F3xx_HAL_Driver/Src/stm32f3xx_hal_rcc.c ****       pllmul = aPLLMULFactorTable[(uint32_t)(tmpreg & RCC_CFGR_PLLMUL) >> RCC_CFGR_PLLMUL_Pos];
 984:Drivers/STM32F3xx_HAL_Driver/Src/stm32f3xx_hal_rcc.c ****       prediv = aPredivFactorTable[(uint32_t)(RCC->CFGR2 & RCC_CFGR2_PREDIV) >> RCC_CFGR2_PREDIV_Pos
 985:Drivers/STM32F3xx_HAL_Driver/Src/stm32f3xx_hal_rcc.c **** #if defined(RCC_CFGR_PLLSRC_HSI_DIV2)
 986:Drivers/STM32F3xx_HAL_Driver/Src/stm32f3xx_hal_rcc.c ****       if ((tmpreg & RCC_CFGR_PLLSRC) != RCC_PLLSOURCE_HSI)
 987:Drivers/STM32F3xx_HAL_Driver/Src/stm32f3xx_hal_rcc.c ****       {
 988:Drivers/STM32F3xx_HAL_Driver/Src/stm32f3xx_hal_rcc.c ****         /* HSE used as PLL clock source : PLLCLK = HSE/PREDIV * PLLMUL */
 989:Drivers/STM32F3xx_HAL_Driver/Src/stm32f3xx_hal_rcc.c ****         pllclk = (uint32_t)((uint64_t) HSE_VALUE / (uint64_t) (prediv)) * ((uint64_t) pllmul);
 990:Drivers/STM32F3xx_HAL_Driver/Src/stm32f3xx_hal_rcc.c ****       }
 991:Drivers/STM32F3xx_HAL_Driver/Src/stm32f3xx_hal_rcc.c ****       else
 992:Drivers/STM32F3xx_HAL_Driver/Src/stm32f3xx_hal_rcc.c ****       {
 993:Drivers/STM32F3xx_HAL_Driver/Src/stm32f3xx_hal_rcc.c ****         /* HSI used as PLL clock source : PLLCLK = HSI/2 * PLLMUL */
 994:Drivers/STM32F3xx_HAL_Driver/Src/stm32f3xx_hal_rcc.c ****         pllclk = (uint32_t)((uint64_t) (HSI_VALUE >> 1U) * ((uint64_t) pllmul));
 995:Drivers/STM32F3xx_HAL_Driver/Src/stm32f3xx_hal_rcc.c ****       }
 996:Drivers/STM32F3xx_HAL_Driver/Src/stm32f3xx_hal_rcc.c **** #else
 997:Drivers/STM32F3xx_HAL_Driver/Src/stm32f3xx_hal_rcc.c ****       if ((tmpreg & RCC_CFGR_PLLSRC_HSE_PREDIV) == RCC_CFGR_PLLSRC_HSE_PREDIV)
 998:Drivers/STM32F3xx_HAL_Driver/Src/stm32f3xx_hal_rcc.c ****       {
 999:Drivers/STM32F3xx_HAL_Driver/Src/stm32f3xx_hal_rcc.c ****         /* HSE used as PLL clock source : PLLCLK = HSE/PREDIV * PLLMUL */
1000:Drivers/STM32F3xx_HAL_Driver/Src/stm32f3xx_hal_rcc.c ****         pllclk = (uint32_t)((uint64_t) HSE_VALUE / (uint64_t) (prediv)) * ((uint64_t) pllmul);
1001:Drivers/STM32F3xx_HAL_Driver/Src/stm32f3xx_hal_rcc.c ****       }
1002:Drivers/STM32F3xx_HAL_Driver/Src/stm32f3xx_hal_rcc.c ****       else
1003:Drivers/STM32F3xx_HAL_Driver/Src/stm32f3xx_hal_rcc.c ****       {
1004:Drivers/STM32F3xx_HAL_Driver/Src/stm32f3xx_hal_rcc.c ****         /* HSI used as PLL clock source : PLLCLK = HSI/PREDIV * PLLMUL */
1005:Drivers/STM32F3xx_HAL_Driver/Src/stm32f3xx_hal_rcc.c ****         pllclk = (uint32_t)((uint64_t) HSI_VALUE / (uint64_t) (prediv)) * ((uint64_t) pllmul);
1006:Drivers/STM32F3xx_HAL_Driver/Src/stm32f3xx_hal_rcc.c ****       }
1007:Drivers/STM32F3xx_HAL_Driver/Src/stm32f3xx_hal_rcc.c **** #endif /* RCC_CFGR_PLLSRC_HSI_DIV2 */
1008:Drivers/STM32F3xx_HAL_Driver/Src/stm32f3xx_hal_rcc.c ****       sysclockfreq = pllclk;
1009:Drivers/STM32F3xx_HAL_Driver/Src/stm32f3xx_hal_rcc.c ****       break;
1010:Drivers/STM32F3xx_HAL_Driver/Src/stm32f3xx_hal_rcc.c ****     }
1011:Drivers/STM32F3xx_HAL_Driver/Src/stm32f3xx_hal_rcc.c ****     case RCC_SYSCLKSOURCE_STATUS_HSI:  /* HSI used as system clock source */
ARM GAS  /tmp/ccRCfR3k.s 			page 82


1012:Drivers/STM32F3xx_HAL_Driver/Src/stm32f3xx_hal_rcc.c ****     default: /* HSI used as system clock */
1013:Drivers/STM32F3xx_HAL_Driver/Src/stm32f3xx_hal_rcc.c ****     {
1014:Drivers/STM32F3xx_HAL_Driver/Src/stm32f3xx_hal_rcc.c ****       sysclockfreq = HSI_VALUE;
1015:Drivers/STM32F3xx_HAL_Driver/Src/stm32f3xx_hal_rcc.c ****       break;
1016:Drivers/STM32F3xx_HAL_Driver/Src/stm32f3xx_hal_rcc.c ****     }
1017:Drivers/STM32F3xx_HAL_Driver/Src/stm32f3xx_hal_rcc.c ****   }
1018:Drivers/STM32F3xx_HAL_Driver/Src/stm32f3xx_hal_rcc.c ****   return sysclockfreq;
 2280              		.loc 1 1018 3 is_stmt 1 view .LVU662
1019:Drivers/STM32F3xx_HAL_Driver/Src/stm32f3xx_hal_rcc.c **** }
 2281              		.loc 1 1019 1 is_stmt 0 view .LVU663
 2282 000e 7047     		bx	lr
 2283              	.LVL172:
 2284              	.L149:
 983:Drivers/STM32F3xx_HAL_Driver/Src/stm32f3xx_hal_rcc.c ****       prediv = aPredivFactorTable[(uint32_t)(RCC->CFGR2 & RCC_CFGR2_PREDIV) >> RCC_CFGR2_PREDIV_Pos
 2285              		.loc 1 983 7 is_stmt 1 view .LVU664
 983:Drivers/STM32F3xx_HAL_Driver/Src/stm32f3xx_hal_rcc.c ****       prediv = aPredivFactorTable[(uint32_t)(RCC->CFGR2 & RCC_CFGR2_PREDIV) >> RCC_CFGR2_PREDIV_Pos
 2286              		.loc 1 983 72 is_stmt 0 view .LVU665
 2287 0010 C3F38342 		ubfx	r2, r3, #18, #4
 983:Drivers/STM32F3xx_HAL_Driver/Src/stm32f3xx_hal_rcc.c ****       prediv = aPredivFactorTable[(uint32_t)(RCC->CFGR2 & RCC_CFGR2_PREDIV) >> RCC_CFGR2_PREDIV_Pos
 2288              		.loc 1 983 34 view .LVU666
 2289 0014 0D49     		ldr	r1, .L150+8
 2290 0016 885C     		ldrb	r0, [r1, r2]	@ zero_extendqisi2
 2291              	.LVL173:
 984:Drivers/STM32F3xx_HAL_Driver/Src/stm32f3xx_hal_rcc.c **** #if defined(RCC_CFGR_PLLSRC_HSI_DIV2)
 2292              		.loc 1 984 7 is_stmt 1 view .LVU667
 984:Drivers/STM32F3xx_HAL_Driver/Src/stm32f3xx_hal_rcc.c **** #if defined(RCC_CFGR_PLLSRC_HSI_DIV2)
 2293              		.loc 1 984 49 is_stmt 0 view .LVU668
 2294 0018 0A4A     		ldr	r2, .L150
 2295 001a D26A     		ldr	r2, [r2, #44]
 984:Drivers/STM32F3xx_HAL_Driver/Src/stm32f3xx_hal_rcc.c **** #if defined(RCC_CFGR_PLLSRC_HSI_DIV2)
 2296              		.loc 1 984 77 view .LVU669
 2297 001c 02F00F02 		and	r2, r2, #15
 984:Drivers/STM32F3xx_HAL_Driver/Src/stm32f3xx_hal_rcc.c **** #if defined(RCC_CFGR_PLLSRC_HSI_DIV2)
 2298              		.loc 1 984 34 view .LVU670
 2299 0020 0B49     		ldr	r1, .L150+12
 2300 0022 8A5C     		ldrb	r2, [r1, r2]	@ zero_extendqisi2
 2301              	.LVL174:
 997:Drivers/STM32F3xx_HAL_Driver/Src/stm32f3xx_hal_rcc.c ****       {
 2302              		.loc 1 997 7 is_stmt 1 view .LVU671
 997:Drivers/STM32F3xx_HAL_Driver/Src/stm32f3xx_hal_rcc.c ****       {
 2303              		.loc 1 997 10 is_stmt 0 view .LVU672
 2304 0024 13F4803F 		tst	r3, #65536
 2305 0028 05D0     		beq	.L147
1000:Drivers/STM32F3xx_HAL_Driver/Src/stm32f3xx_hal_rcc.c ****       }
 2306              		.loc 1 1000 9 is_stmt 1 view .LVU673
1000:Drivers/STM32F3xx_HAL_Driver/Src/stm32f3xx_hal_rcc.c ****       }
 2307              		.loc 1 1000 18 is_stmt 0 view .LVU674
 2308 002a 074B     		ldr	r3, .L150+4
 2309              	.LVL175:
1000:Drivers/STM32F3xx_HAL_Driver/Src/stm32f3xx_hal_rcc.c ****       }
 2310              		.loc 1 1000 18 view .LVU675
 2311 002c B3FBF2F3 		udiv	r3, r3, r2
1000:Drivers/STM32F3xx_HAL_Driver/Src/stm32f3xx_hal_rcc.c ****       }
 2312              		.loc 1 1000 16 view .LVU676
 2313 0030 03FB00F0 		mul	r0, r3, r0
 2314              	.LVL176:
1000:Drivers/STM32F3xx_HAL_Driver/Src/stm32f3xx_hal_rcc.c ****       }
ARM GAS  /tmp/ccRCfR3k.s 			page 83


 2315              		.loc 1 1000 16 view .LVU677
 2316 0034 7047     		bx	lr
 2317              	.LVL177:
 2318              	.L147:
1005:Drivers/STM32F3xx_HAL_Driver/Src/stm32f3xx_hal_rcc.c ****       }
 2319              		.loc 1 1005 9 is_stmt 1 view .LVU678
1005:Drivers/STM32F3xx_HAL_Driver/Src/stm32f3xx_hal_rcc.c ****       }
 2320              		.loc 1 1005 18 is_stmt 0 view .LVU679
 2321 0036 044B     		ldr	r3, .L150+4
 2322              	.LVL178:
1005:Drivers/STM32F3xx_HAL_Driver/Src/stm32f3xx_hal_rcc.c ****       }
 2323              		.loc 1 1005 18 view .LVU680
 2324 0038 B3FBF2F3 		udiv	r3, r3, r2
1005:Drivers/STM32F3xx_HAL_Driver/Src/stm32f3xx_hal_rcc.c ****       }
 2325              		.loc 1 1005 16 view .LVU681
 2326 003c 03FB00F0 		mul	r0, r3, r0
 2327              	.LVL179:
1005:Drivers/STM32F3xx_HAL_Driver/Src/stm32f3xx_hal_rcc.c ****       }
 2328              		.loc 1 1005 16 view .LVU682
 2329 0040 7047     		bx	lr
 2330              	.L151:
 2331 0042 00BF     		.align	2
 2332              	.L150:
 2333 0044 00100240 		.word	1073876992
 2334 0048 00127A00 		.word	8000000
 2335 004c 00000000 		.word	aPLLMULFactorTable
 2336 0050 00000000 		.word	aPredivFactorTable
 2337              		.cfi_endproc
 2338              	.LFE136:
 2340              		.section	.text.HAL_RCC_ClockConfig,"ax",%progbits
 2341              		.align	1
 2342              		.global	HAL_RCC_ClockConfig
 2343              		.syntax unified
 2344              		.thumb
 2345              		.thumb_func
 2347              	HAL_RCC_ClockConfig:
 2348              	.LVL180:
 2349              	.LFB132:
 695:Drivers/STM32F3xx_HAL_Driver/Src/stm32f3xx_hal_rcc.c ****   uint32_t tickstart = 0U;
 2350              		.loc 1 695 1 is_stmt 1 view -0
 2351              		.cfi_startproc
 2352              		@ args = 0, pretend = 0, frame = 0
 2353              		@ frame_needed = 0, uses_anonymous_args = 0
 696:Drivers/STM32F3xx_HAL_Driver/Src/stm32f3xx_hal_rcc.c **** 
 2354              		.loc 1 696 3 view .LVU684
 699:Drivers/STM32F3xx_HAL_Driver/Src/stm32f3xx_hal_rcc.c ****   {
 2355              		.loc 1 699 3 view .LVU685
 699:Drivers/STM32F3xx_HAL_Driver/Src/stm32f3xx_hal_rcc.c ****   {
 2356              		.loc 1 699 5 is_stmt 0 view .LVU686
 2357 0000 0028     		cmp	r0, #0
 2358 0002 00F0BE80 		beq	.L171
 695:Drivers/STM32F3xx_HAL_Driver/Src/stm32f3xx_hal_rcc.c ****   uint32_t tickstart = 0U;
 2359              		.loc 1 695 1 view .LVU687
 2360 0006 70B5     		push	{r4, r5, r6, lr}
 2361              	.LCFI10:
 2362              		.cfi_def_cfa_offset 16
 2363              		.cfi_offset 4, -16
ARM GAS  /tmp/ccRCfR3k.s 			page 84


 2364              		.cfi_offset 5, -12
 2365              		.cfi_offset 6, -8
 2366              		.cfi_offset 14, -4
 2367 0008 0D46     		mov	r5, r1
 2368 000a 0446     		mov	r4, r0
 705:Drivers/STM32F3xx_HAL_Driver/Src/stm32f3xx_hal_rcc.c ****   assert_param(IS_FLASH_LATENCY(FLatency));
 2369              		.loc 1 705 3 is_stmt 1 view .LVU688
 706:Drivers/STM32F3xx_HAL_Driver/Src/stm32f3xx_hal_rcc.c **** 
 2370              		.loc 1 706 3 view .LVU689
 713:Drivers/STM32F3xx_HAL_Driver/Src/stm32f3xx_hal_rcc.c ****   {    
 2371              		.loc 1 713 3 view .LVU690
 713:Drivers/STM32F3xx_HAL_Driver/Src/stm32f3xx_hal_rcc.c ****   {    
 2372              		.loc 1 713 17 is_stmt 0 view .LVU691
 2373 000c 614B     		ldr	r3, .L184
 2374 000e 1B68     		ldr	r3, [r3]
 2375 0010 03F00703 		and	r3, r3, #7
 713:Drivers/STM32F3xx_HAL_Driver/Src/stm32f3xx_hal_rcc.c ****   {    
 2376              		.loc 1 713 5 view .LVU692
 2377 0014 8B42     		cmp	r3, r1
 2378 0016 0BD2     		bcs	.L154
 716:Drivers/STM32F3xx_HAL_Driver/Src/stm32f3xx_hal_rcc.c ****     
 2379              		.loc 1 716 5 is_stmt 1 view .LVU693
 2380 0018 5E4A     		ldr	r2, .L184
 2381 001a 1368     		ldr	r3, [r2]
 2382 001c 23F00703 		bic	r3, r3, #7
 2383 0020 0B43     		orrs	r3, r3, r1
 2384 0022 1360     		str	r3, [r2]
 720:Drivers/STM32F3xx_HAL_Driver/Src/stm32f3xx_hal_rcc.c ****     {
 2385              		.loc 1 720 5 view .LVU694
 720:Drivers/STM32F3xx_HAL_Driver/Src/stm32f3xx_hal_rcc.c ****     {
 2386              		.loc 1 720 8 is_stmt 0 view .LVU695
 2387 0024 1368     		ldr	r3, [r2]
 2388 0026 03F00703 		and	r3, r3, #7
 720:Drivers/STM32F3xx_HAL_Driver/Src/stm32f3xx_hal_rcc.c ****     {
 2389              		.loc 1 720 7 view .LVU696
 2390 002a 8B42     		cmp	r3, r1
 2391 002c 40F0AB80 		bne	.L172
 2392              	.L154:
 727:Drivers/STM32F3xx_HAL_Driver/Src/stm32f3xx_hal_rcc.c ****   {
 2393              		.loc 1 727 3 is_stmt 1 view .LVU697
 727:Drivers/STM32F3xx_HAL_Driver/Src/stm32f3xx_hal_rcc.c ****   {
 2394              		.loc 1 727 25 is_stmt 0 view .LVU698
 2395 0030 2368     		ldr	r3, [r4]
 727:Drivers/STM32F3xx_HAL_Driver/Src/stm32f3xx_hal_rcc.c ****   {
 2396              		.loc 1 727 5 view .LVU699
 2397 0032 13F0020F 		tst	r3, #2
 2398 0036 06D0     		beq	.L155
 729:Drivers/STM32F3xx_HAL_Driver/Src/stm32f3xx_hal_rcc.c ****     MODIFY_REG(RCC->CFGR, RCC_CFGR_HPRE, RCC_ClkInitStruct->AHBCLKDivider);
 2399              		.loc 1 729 5 is_stmt 1 view .LVU700
 730:Drivers/STM32F3xx_HAL_Driver/Src/stm32f3xx_hal_rcc.c ****   }
 2400              		.loc 1 730 5 view .LVU701
 2401 0038 574A     		ldr	r2, .L184+4
 2402 003a 5368     		ldr	r3, [r2, #4]
 2403 003c 23F0F003 		bic	r3, r3, #240
 2404 0040 A168     		ldr	r1, [r4, #8]
 2405              	.LVL181:
 730:Drivers/STM32F3xx_HAL_Driver/Src/stm32f3xx_hal_rcc.c ****   }
ARM GAS  /tmp/ccRCfR3k.s 			page 85


 2406              		.loc 1 730 5 is_stmt 0 view .LVU702
 2407 0042 0B43     		orrs	r3, r3, r1
 2408 0044 5360     		str	r3, [r2, #4]
 2409              	.L155:
 734:Drivers/STM32F3xx_HAL_Driver/Src/stm32f3xx_hal_rcc.c ****   {    
 2410              		.loc 1 734 3 is_stmt 1 view .LVU703
 734:Drivers/STM32F3xx_HAL_Driver/Src/stm32f3xx_hal_rcc.c ****   {    
 2411              		.loc 1 734 25 is_stmt 0 view .LVU704
 2412 0046 2368     		ldr	r3, [r4]
 734:Drivers/STM32F3xx_HAL_Driver/Src/stm32f3xx_hal_rcc.c ****   {    
 2413              		.loc 1 734 5 view .LVU705
 2414 0048 13F0010F 		tst	r3, #1
 2415 004c 5AD0     		beq	.L156
 736:Drivers/STM32F3xx_HAL_Driver/Src/stm32f3xx_hal_rcc.c ****     
 2416              		.loc 1 736 5 is_stmt 1 view .LVU706
 739:Drivers/STM32F3xx_HAL_Driver/Src/stm32f3xx_hal_rcc.c ****     {
 2417              		.loc 1 739 5 view .LVU707
 739:Drivers/STM32F3xx_HAL_Driver/Src/stm32f3xx_hal_rcc.c ****     {
 2418              		.loc 1 739 25 is_stmt 0 view .LVU708
 2419 004e 6368     		ldr	r3, [r4, #4]
 739:Drivers/STM32F3xx_HAL_Driver/Src/stm32f3xx_hal_rcc.c ****     {
 2420              		.loc 1 739 7 view .LVU709
 2421 0050 012B     		cmp	r3, #1
 2422 0052 2DD0     		beq	.L182
 748:Drivers/STM32F3xx_HAL_Driver/Src/stm32f3xx_hal_rcc.c ****     {
 2423              		.loc 1 748 10 is_stmt 1 view .LVU710
 748:Drivers/STM32F3xx_HAL_Driver/Src/stm32f3xx_hal_rcc.c ****     {
 2424              		.loc 1 748 12 is_stmt 0 view .LVU711
 2425 0054 022B     		cmp	r3, #2
 2426 0056 40D0     		beq	.L183
 760:Drivers/STM32F3xx_HAL_Driver/Src/stm32f3xx_hal_rcc.c ****       {
 2427              		.loc 1 760 7 is_stmt 1 view .LVU712
 2428              	.LVL182:
 2429              	.LBB259:
 2430              	.LBI259:
 981:Drivers/CMSIS/Include/cmsis_gcc.h **** {
 2431              		.loc 2 981 31 view .LVU713
 2432              	.LBB260:
 983:Drivers/CMSIS/Include/cmsis_gcc.h **** 
 2433              		.loc 2 983 3 view .LVU714
 988:Drivers/CMSIS/Include/cmsis_gcc.h **** #else
 2434              		.loc 2 988 4 view .LVU715
 2435 0058 0222     		movs	r2, #2
 2436              		.syntax unified
 2437              	@ 988 "Drivers/CMSIS/Include/cmsis_gcc.h" 1
 2438 005a 92FAA2F2 		rbit r2, r2
 2439              	@ 0 "" 2
 2440              		.loc 2 1001 3 view .LVU716
 2441              	.LVL183:
 2442              		.loc 2 1001 3 is_stmt 0 view .LVU717
 2443              		.thumb
 2444              		.syntax unified
 2445              	.LBE260:
 2446              	.LBE259:
 760:Drivers/STM32F3xx_HAL_Driver/Src/stm32f3xx_hal_rcc.c ****       {
 2447              		.loc 1 760 10 discriminator 1 view .LVU718
 2448 005e 4E4A     		ldr	r2, .L184+4
ARM GAS  /tmp/ccRCfR3k.s 			page 86


 2449 0060 1068     		ldr	r0, [r2]
 2450              	.LVL184:
 2451              	.LBB261:
 2452              	.LBI261:
 981:Drivers/CMSIS/Include/cmsis_gcc.h **** {
 2453              		.loc 2 981 31 is_stmt 1 view .LVU719
 2454              	.LBB262:
 983:Drivers/CMSIS/Include/cmsis_gcc.h **** 
 2455              		.loc 2 983 3 view .LVU720
 988:Drivers/CMSIS/Include/cmsis_gcc.h **** #else
 2456              		.loc 2 988 4 view .LVU721
 2457 0062 0222     		movs	r2, #2
 2458              		.syntax unified
 2459              	@ 988 "Drivers/CMSIS/Include/cmsis_gcc.h" 1
 2460 0064 92FAA2F2 		rbit r2, r2
 2461              	@ 0 "" 2
 2462              	.LVL185:
 2463              		.loc 2 1001 3 view .LVU722
 2464              		.loc 2 1001 3 is_stmt 0 view .LVU723
 2465              		.thumb
 2466              		.syntax unified
 2467              	.LBE262:
 2468              	.LBE261:
 760:Drivers/STM32F3xx_HAL_Driver/Src/stm32f3xx_hal_rcc.c ****       {
 2469              		.loc 1 760 10 discriminator 2 view .LVU724
 2470 0068 B2FA82F2 		clz	r2, r2
 2471 006c 02F01F02 		and	r2, r2, #31
 2472 0070 0121     		movs	r1, #1
 2473 0072 01FA02F2 		lsl	r2, r1, r2
 760:Drivers/STM32F3xx_HAL_Driver/Src/stm32f3xx_hal_rcc.c ****       {
 2474              		.loc 1 760 9 discriminator 2 view .LVU725
 2475 0076 1042     		tst	r0, r2
 2476 0078 00F08780 		beq	.L175
 2477              	.L160:
 766:Drivers/STM32F3xx_HAL_Driver/Src/stm32f3xx_hal_rcc.c **** 
 2478              		.loc 1 766 5 is_stmt 1 view .LVU726
 2479 007c 4649     		ldr	r1, .L184+4
 2480 007e 4A68     		ldr	r2, [r1, #4]
 2481 0080 22F00302 		bic	r2, r2, #3
 2482 0084 1343     		orrs	r3, r3, r2
 2483 0086 4B60     		str	r3, [r1, #4]
 769:Drivers/STM32F3xx_HAL_Driver/Src/stm32f3xx_hal_rcc.c ****     
 2484              		.loc 1 769 5 view .LVU727
 769:Drivers/STM32F3xx_HAL_Driver/Src/stm32f3xx_hal_rcc.c ****     
 2485              		.loc 1 769 17 is_stmt 0 view .LVU728
 2486 0088 FFF7FEFF 		bl	HAL_GetTick
 2487              	.LVL186:
 2488 008c 0646     		mov	r6, r0
 2489              	.LVL187:
 771:Drivers/STM32F3xx_HAL_Driver/Src/stm32f3xx_hal_rcc.c ****     {
 2490              		.loc 1 771 5 is_stmt 1 view .LVU729
 2491              	.L166:
 771:Drivers/STM32F3xx_HAL_Driver/Src/stm32f3xx_hal_rcc.c ****     {
 2492              		.loc 1 771 42 view .LVU730
 771:Drivers/STM32F3xx_HAL_Driver/Src/stm32f3xx_hal_rcc.c ****     {
 2493              		.loc 1 771 12 is_stmt 0 view .LVU731
 2494 008e 424B     		ldr	r3, .L184+4
ARM GAS  /tmp/ccRCfR3k.s 			page 87


 2495 0090 5B68     		ldr	r3, [r3, #4]
 2496 0092 03F00C03 		and	r3, r3, #12
 771:Drivers/STM32F3xx_HAL_Driver/Src/stm32f3xx_hal_rcc.c ****     {
 2497              		.loc 1 771 63 view .LVU732
 2498 0096 6268     		ldr	r2, [r4, #4]
 771:Drivers/STM32F3xx_HAL_Driver/Src/stm32f3xx_hal_rcc.c ****     {
 2499              		.loc 1 771 42 view .LVU733
 2500 0098 B3EB820F 		cmp	r3, r2, lsl #2
 2501 009c 32D0     		beq	.L156
 773:Drivers/STM32F3xx_HAL_Driver/Src/stm32f3xx_hal_rcc.c ****       {
 2502              		.loc 1 773 7 is_stmt 1 view .LVU734
 773:Drivers/STM32F3xx_HAL_Driver/Src/stm32f3xx_hal_rcc.c ****       {
 2503              		.loc 1 773 12 is_stmt 0 view .LVU735
 2504 009e FFF7FEFF 		bl	HAL_GetTick
 2505              	.LVL188:
 773:Drivers/STM32F3xx_HAL_Driver/Src/stm32f3xx_hal_rcc.c ****       {
 2506              		.loc 1 773 26 discriminator 1 view .LVU736
 2507 00a2 801B     		subs	r0, r0, r6
 773:Drivers/STM32F3xx_HAL_Driver/Src/stm32f3xx_hal_rcc.c ****       {
 2508              		.loc 1 773 10 discriminator 1 view .LVU737
 2509 00a4 41F28833 		movw	r3, #5000
 2510 00a8 9842     		cmp	r0, r3
 2511 00aa F0D9     		bls	.L166
 775:Drivers/STM32F3xx_HAL_Driver/Src/stm32f3xx_hal_rcc.c ****       }
 2512              		.loc 1 775 16 view .LVU738
 2513 00ac 0320     		movs	r0, #3
 2514 00ae 67E0     		b	.L153
 2515              	.LVL189:
 2516              	.L182:
 742:Drivers/STM32F3xx_HAL_Driver/Src/stm32f3xx_hal_rcc.c ****       {
 2517              		.loc 1 742 7 is_stmt 1 view .LVU739
 2518              	.LBB263:
 2519              	.LBI263:
 981:Drivers/CMSIS/Include/cmsis_gcc.h **** {
 2520              		.loc 2 981 31 view .LVU740
 2521              	.LBB264:
 983:Drivers/CMSIS/Include/cmsis_gcc.h **** 
 2522              		.loc 2 983 3 view .LVU741
 988:Drivers/CMSIS/Include/cmsis_gcc.h **** #else
 2523              		.loc 2 988 4 view .LVU742
 2524 00b0 4FF40032 		mov	r2, #131072
 2525              		.syntax unified
 2526              	@ 988 "Drivers/CMSIS/Include/cmsis_gcc.h" 1
 2527 00b4 92FAA2F2 		rbit r2, r2
 2528              	@ 0 "" 2
 2529              		.loc 2 1001 3 view .LVU743
 2530              	.LVL190:
 2531              		.loc 2 1001 3 is_stmt 0 view .LVU744
 2532              		.thumb
 2533              		.syntax unified
 2534              	.LBE264:
 2535              	.LBE263:
 742:Drivers/STM32F3xx_HAL_Driver/Src/stm32f3xx_hal_rcc.c ****       {
 2536              		.loc 1 742 10 discriminator 1 view .LVU745
 2537 00b8 374A     		ldr	r2, .L184+4
 2538 00ba 1068     		ldr	r0, [r2]
 2539              	.LVL191:
ARM GAS  /tmp/ccRCfR3k.s 			page 88


 2540              	.LBB265:
 2541              	.LBI265:
 981:Drivers/CMSIS/Include/cmsis_gcc.h **** {
 2542              		.loc 2 981 31 is_stmt 1 view .LVU746
 2543              	.LBB266:
 983:Drivers/CMSIS/Include/cmsis_gcc.h **** 
 2544              		.loc 2 983 3 view .LVU747
 988:Drivers/CMSIS/Include/cmsis_gcc.h **** #else
 2545              		.loc 2 988 4 view .LVU748
 2546 00bc 4FF40032 		mov	r2, #131072
 2547              		.syntax unified
 2548              	@ 988 "Drivers/CMSIS/Include/cmsis_gcc.h" 1
 2549 00c0 92FAA2F2 		rbit r2, r2
 2550              	@ 0 "" 2
 2551              	.LVL192:
 2552              		.loc 2 1001 3 view .LVU749
 2553              		.loc 2 1001 3 is_stmt 0 view .LVU750
 2554              		.thumb
 2555              		.syntax unified
 2556              	.LBE266:
 2557              	.LBE265:
 742:Drivers/STM32F3xx_HAL_Driver/Src/stm32f3xx_hal_rcc.c ****       {
 2558              		.loc 1 742 10 discriminator 2 view .LVU751
 2559 00c4 B2FA82F2 		clz	r2, r2
 2560 00c8 02F01F02 		and	r2, r2, #31
 2561 00cc 0121     		movs	r1, #1
 2562 00ce 01FA02F2 		lsl	r2, r1, r2
 742:Drivers/STM32F3xx_HAL_Driver/Src/stm32f3xx_hal_rcc.c ****       {
 2563              		.loc 1 742 9 discriminator 2 view .LVU752
 2564 00d2 0242     		tst	r2, r0
 2565 00d4 D2D1     		bne	.L160
 744:Drivers/STM32F3xx_HAL_Driver/Src/stm32f3xx_hal_rcc.c ****       }
 2566              		.loc 1 744 16 view .LVU753
 2567 00d6 0120     		movs	r0, #1
 2568 00d8 52E0     		b	.L153
 2569              	.LVL193:
 2570              	.L183:
 751:Drivers/STM32F3xx_HAL_Driver/Src/stm32f3xx_hal_rcc.c ****       {
 2571              		.loc 1 751 7 is_stmt 1 view .LVU754
 2572              	.LBB267:
 2573              	.LBI267:
 981:Drivers/CMSIS/Include/cmsis_gcc.h **** {
 2574              		.loc 2 981 31 view .LVU755
 2575              	.LBB268:
 983:Drivers/CMSIS/Include/cmsis_gcc.h **** 
 2576              		.loc 2 983 3 view .LVU756
 988:Drivers/CMSIS/Include/cmsis_gcc.h **** #else
 2577              		.loc 2 988 4 view .LVU757
 2578 00da 4FF00072 		mov	r2, #33554432
 2579              		.syntax unified
 2580              	@ 988 "Drivers/CMSIS/Include/cmsis_gcc.h" 1
 2581 00de 92FAA2F2 		rbit r2, r2
 2582              	@ 0 "" 2
 2583              		.loc 2 1001 3 view .LVU758
 2584              	.LVL194:
 2585              		.loc 2 1001 3 is_stmt 0 view .LVU759
 2586              		.thumb
ARM GAS  /tmp/ccRCfR3k.s 			page 89


 2587              		.syntax unified
 2588              	.LBE268:
 2589              	.LBE267:
 751:Drivers/STM32F3xx_HAL_Driver/Src/stm32f3xx_hal_rcc.c ****       {
 2590              		.loc 1 751 10 discriminator 1 view .LVU760
 2591 00e2 2D4A     		ldr	r2, .L184+4
 2592 00e4 1068     		ldr	r0, [r2]
 2593              	.LVL195:
 2594              	.LBB269:
 2595              	.LBI269:
 981:Drivers/CMSIS/Include/cmsis_gcc.h **** {
 2596              		.loc 2 981 31 is_stmt 1 view .LVU761
 2597              	.LBB270:
 983:Drivers/CMSIS/Include/cmsis_gcc.h **** 
 2598              		.loc 2 983 3 view .LVU762
 988:Drivers/CMSIS/Include/cmsis_gcc.h **** #else
 2599              		.loc 2 988 4 view .LVU763
 2600 00e6 4FF00072 		mov	r2, #33554432
 2601              		.syntax unified
 2602              	@ 988 "Drivers/CMSIS/Include/cmsis_gcc.h" 1
 2603 00ea 92FAA2F2 		rbit r2, r2
 2604              	@ 0 "" 2
 2605              	.LVL196:
 2606              		.loc 2 1001 3 view .LVU764
 2607              		.loc 2 1001 3 is_stmt 0 view .LVU765
 2608              		.thumb
 2609              		.syntax unified
 2610              	.LBE270:
 2611              	.LBE269:
 751:Drivers/STM32F3xx_HAL_Driver/Src/stm32f3xx_hal_rcc.c ****       {
 2612              		.loc 1 751 10 discriminator 2 view .LVU766
 2613 00ee B2FA82F2 		clz	r2, r2
 2614 00f2 02F01F02 		and	r2, r2, #31
 2615 00f6 0121     		movs	r1, #1
 2616 00f8 01FA02F2 		lsl	r2, r1, r2
 751:Drivers/STM32F3xx_HAL_Driver/Src/stm32f3xx_hal_rcc.c ****       {
 2617              		.loc 1 751 9 discriminator 2 view .LVU767
 2618 00fc 1042     		tst	r0, r2
 2619 00fe BDD1     		bne	.L160
 753:Drivers/STM32F3xx_HAL_Driver/Src/stm32f3xx_hal_rcc.c ****       }
 2620              		.loc 1 753 16 view .LVU768
 2621 0100 0120     		movs	r0, #1
 2622 0102 3DE0     		b	.L153
 2623              	.LVL197:
 2624              	.L156:
 780:Drivers/STM32F3xx_HAL_Driver/Src/stm32f3xx_hal_rcc.c ****   {    
 2625              		.loc 1 780 3 is_stmt 1 view .LVU769
 780:Drivers/STM32F3xx_HAL_Driver/Src/stm32f3xx_hal_rcc.c ****   {    
 2626              		.loc 1 780 17 is_stmt 0 view .LVU770
 2627 0104 234B     		ldr	r3, .L184
 2628 0106 1B68     		ldr	r3, [r3]
 2629 0108 03F00703 		and	r3, r3, #7
 780:Drivers/STM32F3xx_HAL_Driver/Src/stm32f3xx_hal_rcc.c ****   {    
 2630              		.loc 1 780 5 view .LVU771
 2631 010c AB42     		cmp	r3, r5
 2632 010e 0AD9     		bls	.L168
 783:Drivers/STM32F3xx_HAL_Driver/Src/stm32f3xx_hal_rcc.c ****     
ARM GAS  /tmp/ccRCfR3k.s 			page 90


 2633              		.loc 1 783 5 is_stmt 1 view .LVU772
 2634 0110 204A     		ldr	r2, .L184
 2635 0112 1368     		ldr	r3, [r2]
 2636 0114 23F00703 		bic	r3, r3, #7
 2637 0118 2B43     		orrs	r3, r3, r5
 2638 011a 1360     		str	r3, [r2]
 787:Drivers/STM32F3xx_HAL_Driver/Src/stm32f3xx_hal_rcc.c ****     {
 2639              		.loc 1 787 5 view .LVU773
 787:Drivers/STM32F3xx_HAL_Driver/Src/stm32f3xx_hal_rcc.c ****     {
 2640              		.loc 1 787 8 is_stmt 0 view .LVU774
 2641 011c 1368     		ldr	r3, [r2]
 2642 011e 03F00703 		and	r3, r3, #7
 787:Drivers/STM32F3xx_HAL_Driver/Src/stm32f3xx_hal_rcc.c ****     {
 2643              		.loc 1 787 7 view .LVU775
 2644 0122 AB42     		cmp	r3, r5
 2645 0124 33D1     		bne	.L177
 2646              	.L168:
 794:Drivers/STM32F3xx_HAL_Driver/Src/stm32f3xx_hal_rcc.c ****   {
 2647              		.loc 1 794 3 is_stmt 1 view .LVU776
 794:Drivers/STM32F3xx_HAL_Driver/Src/stm32f3xx_hal_rcc.c ****   {
 2648              		.loc 1 794 25 is_stmt 0 view .LVU777
 2649 0126 2368     		ldr	r3, [r4]
 794:Drivers/STM32F3xx_HAL_Driver/Src/stm32f3xx_hal_rcc.c ****   {
 2650              		.loc 1 794 5 view .LVU778
 2651 0128 13F0040F 		tst	r3, #4
 2652 012c 06D0     		beq	.L169
 796:Drivers/STM32F3xx_HAL_Driver/Src/stm32f3xx_hal_rcc.c ****     MODIFY_REG(RCC->CFGR, RCC_CFGR_PPRE1, RCC_ClkInitStruct->APB1CLKDivider);
 2653              		.loc 1 796 5 is_stmt 1 view .LVU779
 797:Drivers/STM32F3xx_HAL_Driver/Src/stm32f3xx_hal_rcc.c ****   }
 2654              		.loc 1 797 5 view .LVU780
 2655 012e 1A4A     		ldr	r2, .L184+4
 2656 0130 5368     		ldr	r3, [r2, #4]
 2657 0132 23F4E063 		bic	r3, r3, #1792
 2658 0136 E168     		ldr	r1, [r4, #12]
 2659 0138 0B43     		orrs	r3, r3, r1
 2660 013a 5360     		str	r3, [r2, #4]
 2661              	.L169:
 801:Drivers/STM32F3xx_HAL_Driver/Src/stm32f3xx_hal_rcc.c ****   {
 2662              		.loc 1 801 3 view .LVU781
 801:Drivers/STM32F3xx_HAL_Driver/Src/stm32f3xx_hal_rcc.c ****   {
 2663              		.loc 1 801 25 is_stmt 0 view .LVU782
 2664 013c 2368     		ldr	r3, [r4]
 801:Drivers/STM32F3xx_HAL_Driver/Src/stm32f3xx_hal_rcc.c ****   {
 2665              		.loc 1 801 5 view .LVU783
 2666 013e 13F0080F 		tst	r3, #8
 2667 0142 07D0     		beq	.L170
 803:Drivers/STM32F3xx_HAL_Driver/Src/stm32f3xx_hal_rcc.c ****     MODIFY_REG(RCC->CFGR, RCC_CFGR_PPRE2, ((RCC_ClkInitStruct->APB2CLKDivider) << 3U));
 2668              		.loc 1 803 5 is_stmt 1 view .LVU784
 804:Drivers/STM32F3xx_HAL_Driver/Src/stm32f3xx_hal_rcc.c ****   }
 2669              		.loc 1 804 5 view .LVU785
 2670 0144 144A     		ldr	r2, .L184+4
 2671 0146 5368     		ldr	r3, [r2, #4]
 2672 0148 23F46053 		bic	r3, r3, #14336
 2673 014c 2169     		ldr	r1, [r4, #16]
 2674 014e 43EAC103 		orr	r3, r3, r1, lsl #3
 2675 0152 5360     		str	r3, [r2, #4]
 2676              	.L170:
ARM GAS  /tmp/ccRCfR3k.s 			page 91


 808:Drivers/STM32F3xx_HAL_Driver/Src/stm32f3xx_hal_rcc.c **** 
 2677              		.loc 1 808 3 view .LVU786
 808:Drivers/STM32F3xx_HAL_Driver/Src/stm32f3xx_hal_rcc.c **** 
 2678              		.loc 1 808 21 is_stmt 0 view .LVU787
 2679 0154 FFF7FEFF 		bl	HAL_RCC_GetSysClockFreq
 2680              	.LVL198:
 808:Drivers/STM32F3xx_HAL_Driver/Src/stm32f3xx_hal_rcc.c **** 
 2681              		.loc 1 808 68 discriminator 1 view .LVU788
 2682 0158 0F4B     		ldr	r3, .L184+4
 2683 015a 5B68     		ldr	r3, [r3, #4]
 808:Drivers/STM32F3xx_HAL_Driver/Src/stm32f3xx_hal_rcc.c **** 
 2684              		.loc 1 808 75 discriminator 1 view .LVU789
 2685 015c 03F0F003 		and	r3, r3, #240
 2686              	.LVL199:
 2687              	.LBB271:
 2688              	.LBI271:
 981:Drivers/CMSIS/Include/cmsis_gcc.h **** {
 2689              		.loc 2 981 31 is_stmt 1 view .LVU790
 2690              	.LBB272:
 983:Drivers/CMSIS/Include/cmsis_gcc.h **** 
 2691              		.loc 2 983 3 view .LVU791
 988:Drivers/CMSIS/Include/cmsis_gcc.h **** #else
 2692              		.loc 2 988 4 view .LVU792
 2693 0160 F022     		movs	r2, #240
 2694              		.syntax unified
 2695              	@ 988 "Drivers/CMSIS/Include/cmsis_gcc.h" 1
 2696 0162 92FAA2F2 		rbit r2, r2
 2697              	@ 0 "" 2
 2698              	.LVL200:
 2699              		.loc 2 1001 3 view .LVU793
 2700              		.loc 2 1001 3 is_stmt 0 view .LVU794
 2701              		.thumb
 2702              		.syntax unified
 2703              	.LBE272:
 2704              	.LBE271:
 808:Drivers/STM32F3xx_HAL_Driver/Src/stm32f3xx_hal_rcc.c **** 
 2705              		.loc 1 808 91 discriminator 3 view .LVU795
 2706 0166 B2FA82F2 		clz	r2, r2
 2707 016a D340     		lsrs	r3, r3, r2
 808:Drivers/STM32F3xx_HAL_Driver/Src/stm32f3xx_hal_rcc.c **** 
 2708              		.loc 1 808 63 discriminator 3 view .LVU796
 2709 016c 0B4A     		ldr	r2, .L184+8
 2710 016e D35C     		ldrb	r3, [r2, r3]	@ zero_extendqisi2
 808:Drivers/STM32F3xx_HAL_Driver/Src/stm32f3xx_hal_rcc.c **** 
 2711              		.loc 1 808 47 discriminator 3 view .LVU797
 2712 0170 D840     		lsrs	r0, r0, r3
 808:Drivers/STM32F3xx_HAL_Driver/Src/stm32f3xx_hal_rcc.c **** 
 2713              		.loc 1 808 19 discriminator 3 view .LVU798
 2714 0172 0B4B     		ldr	r3, .L184+12
 2715 0174 1860     		str	r0, [r3]
 811:Drivers/STM32F3xx_HAL_Driver/Src/stm32f3xx_hal_rcc.c ****   
 2716              		.loc 1 811 3 is_stmt 1 view .LVU799
 2717 0176 0B4B     		ldr	r3, .L184+16
 2718 0178 1868     		ldr	r0, [r3]
 2719 017a FFF7FEFF 		bl	HAL_InitTick
 2720              	.LVL201:
 813:Drivers/STM32F3xx_HAL_Driver/Src/stm32f3xx_hal_rcc.c **** }
ARM GAS  /tmp/ccRCfR3k.s 			page 92


 2721              		.loc 1 813 3 view .LVU800
 813:Drivers/STM32F3xx_HAL_Driver/Src/stm32f3xx_hal_rcc.c **** }
 2722              		.loc 1 813 10 is_stmt 0 view .LVU801
 2723 017e 0020     		movs	r0, #0
 2724              	.L153:
 814:Drivers/STM32F3xx_HAL_Driver/Src/stm32f3xx_hal_rcc.c **** 
 2725              		.loc 1 814 1 view .LVU802
 2726 0180 70BD     		pop	{r4, r5, r6, pc}
 2727              	.LVL202:
 2728              	.L171:
 2729              	.LCFI11:
 2730              		.cfi_def_cfa_offset 0
 2731              		.cfi_restore 4
 2732              		.cfi_restore 5
 2733              		.cfi_restore 6
 2734              		.cfi_restore 14
 701:Drivers/STM32F3xx_HAL_Driver/Src/stm32f3xx_hal_rcc.c ****   }
 2735              		.loc 1 701 12 view .LVU803
 2736 0182 0120     		movs	r0, #1
 2737              	.LVL203:
 814:Drivers/STM32F3xx_HAL_Driver/Src/stm32f3xx_hal_rcc.c **** 
 2738              		.loc 1 814 1 view .LVU804
 2739 0184 7047     		bx	lr
 2740              	.LVL204:
 2741              	.L172:
 2742              	.LCFI12:
 2743              		.cfi_def_cfa_offset 16
 2744              		.cfi_offset 4, -16
 2745              		.cfi_offset 5, -12
 2746              		.cfi_offset 6, -8
 2747              		.cfi_offset 14, -4
 722:Drivers/STM32F3xx_HAL_Driver/Src/stm32f3xx_hal_rcc.c ****     }
 2748              		.loc 1 722 14 view .LVU805
 2749 0186 0120     		movs	r0, #1
 2750              	.LVL205:
 722:Drivers/STM32F3xx_HAL_Driver/Src/stm32f3xx_hal_rcc.c ****     }
 2751              		.loc 1 722 14 view .LVU806
 2752 0188 FAE7     		b	.L153
 2753              	.LVL206:
 2754              	.L175:
 762:Drivers/STM32F3xx_HAL_Driver/Src/stm32f3xx_hal_rcc.c ****       }
 2755              		.loc 1 762 16 view .LVU807
 2756 018a 0120     		movs	r0, #1
 2757 018c F8E7     		b	.L153
 2758              	.LVL207:
 2759              	.L177:
 789:Drivers/STM32F3xx_HAL_Driver/Src/stm32f3xx_hal_rcc.c ****     }
 2760              		.loc 1 789 14 view .LVU808
 2761 018e 0120     		movs	r0, #1
 2762 0190 F6E7     		b	.L153
 2763              	.L185:
 2764 0192 00BF     		.align	2
 2765              	.L184:
 2766 0194 00200240 		.word	1073881088
 2767 0198 00100240 		.word	1073876992
 2768 019c 00000000 		.word	AHBPrescTable
 2769 01a0 00000000 		.word	SystemCoreClock
ARM GAS  /tmp/ccRCfR3k.s 			page 93


 2770 01a4 00000000 		.word	uwTickPrio
 2771              		.cfi_endproc
 2772              	.LFE132:
 2774              		.section	.text.HAL_RCC_GetHCLKFreq,"ax",%progbits
 2775              		.align	1
 2776              		.global	HAL_RCC_GetHCLKFreq
 2777              		.syntax unified
 2778              		.thumb
 2779              		.thumb_func
 2781              	HAL_RCC_GetHCLKFreq:
 2782              	.LFB137:
1020:Drivers/STM32F3xx_HAL_Driver/Src/stm32f3xx_hal_rcc.c **** 
1021:Drivers/STM32F3xx_HAL_Driver/Src/stm32f3xx_hal_rcc.c **** /**
1022:Drivers/STM32F3xx_HAL_Driver/Src/stm32f3xx_hal_rcc.c ****   * @brief  Returns the HCLK frequency     
1023:Drivers/STM32F3xx_HAL_Driver/Src/stm32f3xx_hal_rcc.c ****   * @note   Each time HCLK changes, this function must be called to update the
1024:Drivers/STM32F3xx_HAL_Driver/Src/stm32f3xx_hal_rcc.c ****   *         right HCLK value. Otherwise, any configuration based on this function will be incorrect
1025:Drivers/STM32F3xx_HAL_Driver/Src/stm32f3xx_hal_rcc.c ****   * 
1026:Drivers/STM32F3xx_HAL_Driver/Src/stm32f3xx_hal_rcc.c ****   * @note   The SystemCoreClock CMSIS variable is used to store System Clock Frequency 
1027:Drivers/STM32F3xx_HAL_Driver/Src/stm32f3xx_hal_rcc.c ****   *         and updated within this function
1028:Drivers/STM32F3xx_HAL_Driver/Src/stm32f3xx_hal_rcc.c ****   * @retval HCLK frequency
1029:Drivers/STM32F3xx_HAL_Driver/Src/stm32f3xx_hal_rcc.c ****   */
1030:Drivers/STM32F3xx_HAL_Driver/Src/stm32f3xx_hal_rcc.c **** uint32_t HAL_RCC_GetHCLKFreq(void)
1031:Drivers/STM32F3xx_HAL_Driver/Src/stm32f3xx_hal_rcc.c **** {
 2783              		.loc 1 1031 1 is_stmt 1 view -0
 2784              		.cfi_startproc
 2785              		@ args = 0, pretend = 0, frame = 0
 2786              		@ frame_needed = 0, uses_anonymous_args = 0
 2787              		@ link register save eliminated.
1032:Drivers/STM32F3xx_HAL_Driver/Src/stm32f3xx_hal_rcc.c ****   return SystemCoreClock;
 2788              		.loc 1 1032 3 view .LVU810
1033:Drivers/STM32F3xx_HAL_Driver/Src/stm32f3xx_hal_rcc.c **** }
 2789              		.loc 1 1033 1 is_stmt 0 view .LVU811
 2790 0000 014B     		ldr	r3, .L187
 2791 0002 1868     		ldr	r0, [r3]
 2792 0004 7047     		bx	lr
 2793              	.L188:
 2794 0006 00BF     		.align	2
 2795              	.L187:
 2796 0008 00000000 		.word	SystemCoreClock
 2797              		.cfi_endproc
 2798              	.LFE137:
 2800              		.section	.text.HAL_RCC_GetPCLK1Freq,"ax",%progbits
 2801              		.align	1
 2802              		.global	HAL_RCC_GetPCLK1Freq
 2803              		.syntax unified
 2804              		.thumb
 2805              		.thumb_func
 2807              	HAL_RCC_GetPCLK1Freq:
 2808              	.LFB138:
1034:Drivers/STM32F3xx_HAL_Driver/Src/stm32f3xx_hal_rcc.c **** 
1035:Drivers/STM32F3xx_HAL_Driver/Src/stm32f3xx_hal_rcc.c **** /**
1036:Drivers/STM32F3xx_HAL_Driver/Src/stm32f3xx_hal_rcc.c ****   * @brief  Returns the PCLK1 frequency     
1037:Drivers/STM32F3xx_HAL_Driver/Src/stm32f3xx_hal_rcc.c ****   * @note   Each time PCLK1 changes, this function must be called to update the
1038:Drivers/STM32F3xx_HAL_Driver/Src/stm32f3xx_hal_rcc.c ****   *         right PCLK1 value. Otherwise, any configuration based on this function will be incorrec
1039:Drivers/STM32F3xx_HAL_Driver/Src/stm32f3xx_hal_rcc.c ****   * @retval PCLK1 frequency
1040:Drivers/STM32F3xx_HAL_Driver/Src/stm32f3xx_hal_rcc.c ****   */
1041:Drivers/STM32F3xx_HAL_Driver/Src/stm32f3xx_hal_rcc.c **** uint32_t HAL_RCC_GetPCLK1Freq(void)
ARM GAS  /tmp/ccRCfR3k.s 			page 94


1042:Drivers/STM32F3xx_HAL_Driver/Src/stm32f3xx_hal_rcc.c **** {
 2809              		.loc 1 1042 1 is_stmt 1 view -0
 2810              		.cfi_startproc
 2811              		@ args = 0, pretend = 0, frame = 0
 2812              		@ frame_needed = 0, uses_anonymous_args = 0
 2813 0000 08B5     		push	{r3, lr}
 2814              	.LCFI13:
 2815              		.cfi_def_cfa_offset 8
 2816              		.cfi_offset 3, -8
 2817              		.cfi_offset 14, -4
1043:Drivers/STM32F3xx_HAL_Driver/Src/stm32f3xx_hal_rcc.c ****   /* Get HCLK source and Compute PCLK1 frequency ---------------------------*/
1044:Drivers/STM32F3xx_HAL_Driver/Src/stm32f3xx_hal_rcc.c ****   return (HAL_RCC_GetHCLKFreq() >> APBPrescTable[(RCC->CFGR & RCC_CFGR_PPRE1) >> RCC_CFGR_PPRE1_BIT
 2818              		.loc 1 1044 3 view .LVU813
 2819              		.loc 1 1044 11 is_stmt 0 view .LVU814
 2820 0002 FFF7FEFF 		bl	HAL_RCC_GetHCLKFreq
 2821              	.LVL208:
 2822              		.loc 1 1044 54 discriminator 1 view .LVU815
 2823 0006 074B     		ldr	r3, .L191
 2824 0008 5B68     		ldr	r3, [r3, #4]
 2825              		.loc 1 1044 61 discriminator 1 view .LVU816
 2826 000a 03F4E063 		and	r3, r3, #1792
 2827              	.LVL209:
 2828              	.LBB273:
 2829              	.LBI273:
 981:Drivers/CMSIS/Include/cmsis_gcc.h **** {
 2830              		.loc 2 981 31 is_stmt 1 view .LVU817
 2831              	.LBB274:
 983:Drivers/CMSIS/Include/cmsis_gcc.h **** 
 2832              		.loc 2 983 3 view .LVU818
 988:Drivers/CMSIS/Include/cmsis_gcc.h **** #else
 2833              		.loc 2 988 4 view .LVU819
 2834 000e 4FF4E062 		mov	r2, #1792
 2835              		.syntax unified
 2836              	@ 988 "Drivers/CMSIS/Include/cmsis_gcc.h" 1
 2837 0012 92FAA2F2 		rbit r2, r2
 2838              	@ 0 "" 2
 2839              	.LVL210:
 2840              		.loc 2 1001 3 view .LVU820
 2841              		.loc 2 1001 3 is_stmt 0 view .LVU821
 2842              		.thumb
 2843              		.syntax unified
 2844              	.LBE274:
 2845              	.LBE273:
 2846              		.loc 1 1044 79 discriminator 3 view .LVU822
 2847 0016 B2FA82F2 		clz	r2, r2
 2848 001a D340     		lsrs	r3, r3, r2
 2849              		.loc 1 1044 49 discriminator 3 view .LVU823
 2850 001c 024A     		ldr	r2, .L191+4
 2851 001e D35C     		ldrb	r3, [r2, r3]	@ zero_extendqisi2
1045:Drivers/STM32F3xx_HAL_Driver/Src/stm32f3xx_hal_rcc.c **** }    
 2852              		.loc 1 1045 1 view .LVU824
 2853 0020 D840     		lsrs	r0, r0, r3
 2854 0022 08BD     		pop	{r3, pc}
 2855              	.L192:
 2856              		.align	2
 2857              	.L191:
 2858 0024 00100240 		.word	1073876992
ARM GAS  /tmp/ccRCfR3k.s 			page 95


 2859 0028 00000000 		.word	APBPrescTable
 2860              		.cfi_endproc
 2861              	.LFE138:
 2863              		.section	.text.HAL_RCC_GetPCLK2Freq,"ax",%progbits
 2864              		.align	1
 2865              		.global	HAL_RCC_GetPCLK2Freq
 2866              		.syntax unified
 2867              		.thumb
 2868              		.thumb_func
 2870              	HAL_RCC_GetPCLK2Freq:
 2871              	.LFB139:
1046:Drivers/STM32F3xx_HAL_Driver/Src/stm32f3xx_hal_rcc.c **** 
1047:Drivers/STM32F3xx_HAL_Driver/Src/stm32f3xx_hal_rcc.c **** /**
1048:Drivers/STM32F3xx_HAL_Driver/Src/stm32f3xx_hal_rcc.c ****   * @brief  Returns the PCLK2 frequency     
1049:Drivers/STM32F3xx_HAL_Driver/Src/stm32f3xx_hal_rcc.c ****   * @note   Each time PCLK2 changes, this function must be called to update the
1050:Drivers/STM32F3xx_HAL_Driver/Src/stm32f3xx_hal_rcc.c ****   *         right PCLK2 value. Otherwise, any configuration based on this function will be incorrec
1051:Drivers/STM32F3xx_HAL_Driver/Src/stm32f3xx_hal_rcc.c ****   * @retval PCLK2 frequency
1052:Drivers/STM32F3xx_HAL_Driver/Src/stm32f3xx_hal_rcc.c ****   */
1053:Drivers/STM32F3xx_HAL_Driver/Src/stm32f3xx_hal_rcc.c **** uint32_t HAL_RCC_GetPCLK2Freq(void)
1054:Drivers/STM32F3xx_HAL_Driver/Src/stm32f3xx_hal_rcc.c **** {
 2872              		.loc 1 1054 1 is_stmt 1 view -0
 2873              		.cfi_startproc
 2874              		@ args = 0, pretend = 0, frame = 0
 2875              		@ frame_needed = 0, uses_anonymous_args = 0
 2876 0000 08B5     		push	{r3, lr}
 2877              	.LCFI14:
 2878              		.cfi_def_cfa_offset 8
 2879              		.cfi_offset 3, -8
 2880              		.cfi_offset 14, -4
1055:Drivers/STM32F3xx_HAL_Driver/Src/stm32f3xx_hal_rcc.c ****   /* Get HCLK source and Compute PCLK2 frequency ---------------------------*/
1056:Drivers/STM32F3xx_HAL_Driver/Src/stm32f3xx_hal_rcc.c ****   return (HAL_RCC_GetHCLKFreq()>> APBPrescTable[(RCC->CFGR & RCC_CFGR_PPRE2) >> RCC_CFGR_PPRE2_BITN
 2881              		.loc 1 1056 3 view .LVU826
 2882              		.loc 1 1056 11 is_stmt 0 view .LVU827
 2883 0002 FFF7FEFF 		bl	HAL_RCC_GetHCLKFreq
 2884              	.LVL211:
 2885              		.loc 1 1056 53 discriminator 1 view .LVU828
 2886 0006 074B     		ldr	r3, .L195
 2887 0008 5B68     		ldr	r3, [r3, #4]
 2888              		.loc 1 1056 60 discriminator 1 view .LVU829
 2889 000a 03F46053 		and	r3, r3, #14336
 2890              	.LVL212:
 2891              	.LBB275:
 2892              	.LBI275:
 981:Drivers/CMSIS/Include/cmsis_gcc.h **** {
 2893              		.loc 2 981 31 is_stmt 1 view .LVU830
 2894              	.LBB276:
 983:Drivers/CMSIS/Include/cmsis_gcc.h **** 
 2895              		.loc 2 983 3 view .LVU831
 988:Drivers/CMSIS/Include/cmsis_gcc.h **** #else
 2896              		.loc 2 988 4 view .LVU832
 2897 000e 4FF46052 		mov	r2, #14336
 2898              		.syntax unified
 2899              	@ 988 "Drivers/CMSIS/Include/cmsis_gcc.h" 1
 2900 0012 92FAA2F2 		rbit r2, r2
 2901              	@ 0 "" 2
 2902              	.LVL213:
 2903              		.loc 2 1001 3 view .LVU833
ARM GAS  /tmp/ccRCfR3k.s 			page 96


 2904              		.loc 2 1001 3 is_stmt 0 view .LVU834
 2905              		.thumb
 2906              		.syntax unified
 2907              	.LBE276:
 2908              	.LBE275:
 2909              		.loc 1 1056 78 discriminator 3 view .LVU835
 2910 0016 B2FA82F2 		clz	r2, r2
 2911 001a D340     		lsrs	r3, r3, r2
 2912              		.loc 1 1056 48 discriminator 3 view .LVU836
 2913 001c 024A     		ldr	r2, .L195+4
 2914 001e D35C     		ldrb	r3, [r2, r3]	@ zero_extendqisi2
1057:Drivers/STM32F3xx_HAL_Driver/Src/stm32f3xx_hal_rcc.c **** } 
 2915              		.loc 1 1057 1 view .LVU837
 2916 0020 D840     		lsrs	r0, r0, r3
 2917 0022 08BD     		pop	{r3, pc}
 2918              	.L196:
 2919              		.align	2
 2920              	.L195:
 2921 0024 00100240 		.word	1073876992
 2922 0028 00000000 		.word	APBPrescTable
 2923              		.cfi_endproc
 2924              	.LFE139:
 2926              		.section	.text.HAL_RCC_GetOscConfig,"ax",%progbits
 2927              		.align	1
 2928              		.global	HAL_RCC_GetOscConfig
 2929              		.syntax unified
 2930              		.thumb
 2931              		.thumb_func
 2933              	HAL_RCC_GetOscConfig:
 2934              	.LVL214:
 2935              	.LFB140:
1058:Drivers/STM32F3xx_HAL_Driver/Src/stm32f3xx_hal_rcc.c **** 
1059:Drivers/STM32F3xx_HAL_Driver/Src/stm32f3xx_hal_rcc.c **** /**
1060:Drivers/STM32F3xx_HAL_Driver/Src/stm32f3xx_hal_rcc.c ****   * @brief  Configures the RCC_OscInitStruct according to the internal 
1061:Drivers/STM32F3xx_HAL_Driver/Src/stm32f3xx_hal_rcc.c ****   * RCC configuration registers.
1062:Drivers/STM32F3xx_HAL_Driver/Src/stm32f3xx_hal_rcc.c ****   * @param  RCC_OscInitStruct pointer to an RCC_OscInitTypeDef structure that 
1063:Drivers/STM32F3xx_HAL_Driver/Src/stm32f3xx_hal_rcc.c ****   * will be configured.
1064:Drivers/STM32F3xx_HAL_Driver/Src/stm32f3xx_hal_rcc.c ****   * @retval None
1065:Drivers/STM32F3xx_HAL_Driver/Src/stm32f3xx_hal_rcc.c ****   */
1066:Drivers/STM32F3xx_HAL_Driver/Src/stm32f3xx_hal_rcc.c **** void HAL_RCC_GetOscConfig(RCC_OscInitTypeDef  *RCC_OscInitStruct)
1067:Drivers/STM32F3xx_HAL_Driver/Src/stm32f3xx_hal_rcc.c **** {
 2936              		.loc 1 1067 1 is_stmt 1 view -0
 2937              		.cfi_startproc
 2938              		@ args = 0, pretend = 0, frame = 0
 2939              		@ frame_needed = 0, uses_anonymous_args = 0
 2940              		@ link register save eliminated.
1068:Drivers/STM32F3xx_HAL_Driver/Src/stm32f3xx_hal_rcc.c ****   /* Check the parameters */
1069:Drivers/STM32F3xx_HAL_Driver/Src/stm32f3xx_hal_rcc.c ****   assert_param(RCC_OscInitStruct != NULL);
 2941              		.loc 1 1069 3 view .LVU839
1070:Drivers/STM32F3xx_HAL_Driver/Src/stm32f3xx_hal_rcc.c **** 
1071:Drivers/STM32F3xx_HAL_Driver/Src/stm32f3xx_hal_rcc.c ****   /* Set all possible values for the Oscillator type parameter ---------------*/
1072:Drivers/STM32F3xx_HAL_Driver/Src/stm32f3xx_hal_rcc.c ****   RCC_OscInitStruct->OscillatorType = RCC_OSCILLATORTYPE_HSE | RCC_OSCILLATORTYPE_HSI  \
 2942              		.loc 1 1072 3 view .LVU840
 2943              		.loc 1 1072 37 is_stmt 0 view .LVU841
 2944 0000 0F23     		movs	r3, #15
 2945 0002 0360     		str	r3, [r0]
1073:Drivers/STM32F3xx_HAL_Driver/Src/stm32f3xx_hal_rcc.c ****                   | RCC_OSCILLATORTYPE_LSE | RCC_OSCILLATORTYPE_LSI;
ARM GAS  /tmp/ccRCfR3k.s 			page 97


1074:Drivers/STM32F3xx_HAL_Driver/Src/stm32f3xx_hal_rcc.c **** 
1075:Drivers/STM32F3xx_HAL_Driver/Src/stm32f3xx_hal_rcc.c **** 
1076:Drivers/STM32F3xx_HAL_Driver/Src/stm32f3xx_hal_rcc.c ****   /* Get the HSE configuration -----------------------------------------------*/
1077:Drivers/STM32F3xx_HAL_Driver/Src/stm32f3xx_hal_rcc.c ****   if((RCC->CR &RCC_CR_HSEBYP) == RCC_CR_HSEBYP)
 2946              		.loc 1 1077 3 is_stmt 1 view .LVU842
 2947              		.loc 1 1077 10 is_stmt 0 view .LVU843
 2948 0004 2A4B     		ldr	r3, .L210
 2949 0006 1B68     		ldr	r3, [r3]
 2950              		.loc 1 1077 5 view .LVU844
 2951 0008 13F4802F 		tst	r3, #262144
 2952 000c 30D0     		beq	.L198
1078:Drivers/STM32F3xx_HAL_Driver/Src/stm32f3xx_hal_rcc.c ****   {
1079:Drivers/STM32F3xx_HAL_Driver/Src/stm32f3xx_hal_rcc.c ****     RCC_OscInitStruct->HSEState = RCC_HSE_BYPASS;
 2953              		.loc 1 1079 5 is_stmt 1 view .LVU845
 2954              		.loc 1 1079 33 is_stmt 0 view .LVU846
 2955 000e 4FF4A023 		mov	r3, #327680
 2956 0012 4360     		str	r3, [r0, #4]
 2957              	.L199:
1080:Drivers/STM32F3xx_HAL_Driver/Src/stm32f3xx_hal_rcc.c ****   }
1081:Drivers/STM32F3xx_HAL_Driver/Src/stm32f3xx_hal_rcc.c ****   else if((RCC->CR &RCC_CR_HSEON) == RCC_CR_HSEON)
1082:Drivers/STM32F3xx_HAL_Driver/Src/stm32f3xx_hal_rcc.c ****   {
1083:Drivers/STM32F3xx_HAL_Driver/Src/stm32f3xx_hal_rcc.c ****     RCC_OscInitStruct->HSEState = RCC_HSE_ON;
1084:Drivers/STM32F3xx_HAL_Driver/Src/stm32f3xx_hal_rcc.c ****   }
1085:Drivers/STM32F3xx_HAL_Driver/Src/stm32f3xx_hal_rcc.c ****   else
1086:Drivers/STM32F3xx_HAL_Driver/Src/stm32f3xx_hal_rcc.c ****   {
1087:Drivers/STM32F3xx_HAL_Driver/Src/stm32f3xx_hal_rcc.c ****     RCC_OscInitStruct->HSEState = RCC_HSE_OFF;
1088:Drivers/STM32F3xx_HAL_Driver/Src/stm32f3xx_hal_rcc.c ****   }
1089:Drivers/STM32F3xx_HAL_Driver/Src/stm32f3xx_hal_rcc.c **** #if defined(RCC_CFGR_PLLSRC_HSI_DIV2)
1090:Drivers/STM32F3xx_HAL_Driver/Src/stm32f3xx_hal_rcc.c ****   RCC_OscInitStruct->HSEPredivValue = __HAL_RCC_HSE_GET_PREDIV();
1091:Drivers/STM32F3xx_HAL_Driver/Src/stm32f3xx_hal_rcc.c **** #endif
1092:Drivers/STM32F3xx_HAL_Driver/Src/stm32f3xx_hal_rcc.c **** 
1093:Drivers/STM32F3xx_HAL_Driver/Src/stm32f3xx_hal_rcc.c ****   /* Get the HSI configuration -----------------------------------------------*/
1094:Drivers/STM32F3xx_HAL_Driver/Src/stm32f3xx_hal_rcc.c ****   if((RCC->CR &RCC_CR_HSION) == RCC_CR_HSION)
 2958              		.loc 1 1094 3 is_stmt 1 view .LVU847
 2959              		.loc 1 1094 10 is_stmt 0 view .LVU848
 2960 0014 264B     		ldr	r3, .L210
 2961 0016 1B68     		ldr	r3, [r3]
 2962              		.loc 1 1094 5 view .LVU849
 2963 0018 13F0010F 		tst	r3, #1
 2964 001c 34D0     		beq	.L201
1095:Drivers/STM32F3xx_HAL_Driver/Src/stm32f3xx_hal_rcc.c ****   {
1096:Drivers/STM32F3xx_HAL_Driver/Src/stm32f3xx_hal_rcc.c ****     RCC_OscInitStruct->HSIState = RCC_HSI_ON;
 2965              		.loc 1 1096 5 is_stmt 1 view .LVU850
 2966              		.loc 1 1096 33 is_stmt 0 view .LVU851
 2967 001e 0123     		movs	r3, #1
 2968 0020 C360     		str	r3, [r0, #12]
 2969              	.L202:
1097:Drivers/STM32F3xx_HAL_Driver/Src/stm32f3xx_hal_rcc.c ****   }
1098:Drivers/STM32F3xx_HAL_Driver/Src/stm32f3xx_hal_rcc.c ****   else
1099:Drivers/STM32F3xx_HAL_Driver/Src/stm32f3xx_hal_rcc.c ****   {
1100:Drivers/STM32F3xx_HAL_Driver/Src/stm32f3xx_hal_rcc.c ****     RCC_OscInitStruct->HSIState = RCC_HSI_OFF;
1101:Drivers/STM32F3xx_HAL_Driver/Src/stm32f3xx_hal_rcc.c ****   }
1102:Drivers/STM32F3xx_HAL_Driver/Src/stm32f3xx_hal_rcc.c ****   
1103:Drivers/STM32F3xx_HAL_Driver/Src/stm32f3xx_hal_rcc.c ****   RCC_OscInitStruct->HSICalibrationValue = (uint32_t)((RCC->CR & RCC_CR_HSITRIM) >> RCC_CR_HSITRIM_
 2970              		.loc 1 1103 3 is_stmt 1 view .LVU852
 2971              		.loc 1 1103 59 is_stmt 0 view .LVU853
 2972 0022 234A     		ldr	r2, .L210
ARM GAS  /tmp/ccRCfR3k.s 			page 98


 2973 0024 1368     		ldr	r3, [r2]
 2974              		.loc 1 1103 44 view .LVU854
 2975 0026 C3F3C403 		ubfx	r3, r3, #3, #5
 2976              		.loc 1 1103 42 view .LVU855
 2977 002a 0361     		str	r3, [r0, #16]
1104:Drivers/STM32F3xx_HAL_Driver/Src/stm32f3xx_hal_rcc.c ****   
1105:Drivers/STM32F3xx_HAL_Driver/Src/stm32f3xx_hal_rcc.c ****   /* Get the LSE configuration -----------------------------------------------*/
1106:Drivers/STM32F3xx_HAL_Driver/Src/stm32f3xx_hal_rcc.c ****   if((RCC->BDCR &RCC_BDCR_LSEBYP) == RCC_BDCR_LSEBYP)
 2978              		.loc 1 1106 3 is_stmt 1 view .LVU856
 2979              		.loc 1 1106 10 is_stmt 0 view .LVU857
 2980 002c 136A     		ldr	r3, [r2, #32]
 2981              		.loc 1 1106 5 view .LVU858
 2982 002e 13F0040F 		tst	r3, #4
 2983 0032 2CD0     		beq	.L203
1107:Drivers/STM32F3xx_HAL_Driver/Src/stm32f3xx_hal_rcc.c ****   {
1108:Drivers/STM32F3xx_HAL_Driver/Src/stm32f3xx_hal_rcc.c ****     RCC_OscInitStruct->LSEState = RCC_LSE_BYPASS;
 2984              		.loc 1 1108 5 is_stmt 1 view .LVU859
 2985              		.loc 1 1108 33 is_stmt 0 view .LVU860
 2986 0034 0523     		movs	r3, #5
 2987 0036 8360     		str	r3, [r0, #8]
 2988              	.L204:
1109:Drivers/STM32F3xx_HAL_Driver/Src/stm32f3xx_hal_rcc.c ****   }
1110:Drivers/STM32F3xx_HAL_Driver/Src/stm32f3xx_hal_rcc.c ****   else if((RCC->BDCR &RCC_BDCR_LSEON) == RCC_BDCR_LSEON)
1111:Drivers/STM32F3xx_HAL_Driver/Src/stm32f3xx_hal_rcc.c ****   {
1112:Drivers/STM32F3xx_HAL_Driver/Src/stm32f3xx_hal_rcc.c ****     RCC_OscInitStruct->LSEState = RCC_LSE_ON;
1113:Drivers/STM32F3xx_HAL_Driver/Src/stm32f3xx_hal_rcc.c ****   }
1114:Drivers/STM32F3xx_HAL_Driver/Src/stm32f3xx_hal_rcc.c ****   else
1115:Drivers/STM32F3xx_HAL_Driver/Src/stm32f3xx_hal_rcc.c ****   {
1116:Drivers/STM32F3xx_HAL_Driver/Src/stm32f3xx_hal_rcc.c ****     RCC_OscInitStruct->LSEState = RCC_LSE_OFF;
1117:Drivers/STM32F3xx_HAL_Driver/Src/stm32f3xx_hal_rcc.c ****   }
1118:Drivers/STM32F3xx_HAL_Driver/Src/stm32f3xx_hal_rcc.c ****   
1119:Drivers/STM32F3xx_HAL_Driver/Src/stm32f3xx_hal_rcc.c ****   /* Get the LSI configuration -----------------------------------------------*/
1120:Drivers/STM32F3xx_HAL_Driver/Src/stm32f3xx_hal_rcc.c ****   if((RCC->CSR &RCC_CSR_LSION) == RCC_CSR_LSION)
 2989              		.loc 1 1120 3 is_stmt 1 view .LVU861
 2990              		.loc 1 1120 10 is_stmt 0 view .LVU862
 2991 0038 1D4B     		ldr	r3, .L210
 2992 003a 5B6A     		ldr	r3, [r3, #36]
 2993              		.loc 1 1120 5 view .LVU863
 2994 003c 13F0010F 		tst	r3, #1
 2995 0040 30D0     		beq	.L206
1121:Drivers/STM32F3xx_HAL_Driver/Src/stm32f3xx_hal_rcc.c ****   {
1122:Drivers/STM32F3xx_HAL_Driver/Src/stm32f3xx_hal_rcc.c ****     RCC_OscInitStruct->LSIState = RCC_LSI_ON;
 2996              		.loc 1 1122 5 is_stmt 1 view .LVU864
 2997              		.loc 1 1122 33 is_stmt 0 view .LVU865
 2998 0042 0123     		movs	r3, #1
 2999 0044 4361     		str	r3, [r0, #20]
 3000              	.L207:
1123:Drivers/STM32F3xx_HAL_Driver/Src/stm32f3xx_hal_rcc.c ****   }
1124:Drivers/STM32F3xx_HAL_Driver/Src/stm32f3xx_hal_rcc.c ****   else
1125:Drivers/STM32F3xx_HAL_Driver/Src/stm32f3xx_hal_rcc.c ****   {
1126:Drivers/STM32F3xx_HAL_Driver/Src/stm32f3xx_hal_rcc.c ****     RCC_OscInitStruct->LSIState = RCC_LSI_OFF;
1127:Drivers/STM32F3xx_HAL_Driver/Src/stm32f3xx_hal_rcc.c ****   }
1128:Drivers/STM32F3xx_HAL_Driver/Src/stm32f3xx_hal_rcc.c ****   
1129:Drivers/STM32F3xx_HAL_Driver/Src/stm32f3xx_hal_rcc.c **** 
1130:Drivers/STM32F3xx_HAL_Driver/Src/stm32f3xx_hal_rcc.c ****   /* Get the PLL configuration -----------------------------------------------*/
1131:Drivers/STM32F3xx_HAL_Driver/Src/stm32f3xx_hal_rcc.c ****   if((RCC->CR &RCC_CR_PLLON) == RCC_CR_PLLON)
 3001              		.loc 1 1131 3 is_stmt 1 view .LVU866
ARM GAS  /tmp/ccRCfR3k.s 			page 99


 3002              		.loc 1 1131 10 is_stmt 0 view .LVU867
 3003 0046 1A4B     		ldr	r3, .L210
 3004 0048 1B68     		ldr	r3, [r3]
 3005              		.loc 1 1131 5 view .LVU868
 3006 004a 13F0807F 		tst	r3, #16777216
 3007 004e 2CD0     		beq	.L208
1132:Drivers/STM32F3xx_HAL_Driver/Src/stm32f3xx_hal_rcc.c ****   {
1133:Drivers/STM32F3xx_HAL_Driver/Src/stm32f3xx_hal_rcc.c ****     RCC_OscInitStruct->PLL.PLLState = RCC_PLL_ON;
 3008              		.loc 1 1133 5 is_stmt 1 view .LVU869
 3009              		.loc 1 1133 37 is_stmt 0 view .LVU870
 3010 0050 0223     		movs	r3, #2
 3011 0052 8361     		str	r3, [r0, #24]
 3012              	.L209:
1134:Drivers/STM32F3xx_HAL_Driver/Src/stm32f3xx_hal_rcc.c ****   }
1135:Drivers/STM32F3xx_HAL_Driver/Src/stm32f3xx_hal_rcc.c ****   else
1136:Drivers/STM32F3xx_HAL_Driver/Src/stm32f3xx_hal_rcc.c ****   {
1137:Drivers/STM32F3xx_HAL_Driver/Src/stm32f3xx_hal_rcc.c ****     RCC_OscInitStruct->PLL.PLLState = RCC_PLL_OFF;
1138:Drivers/STM32F3xx_HAL_Driver/Src/stm32f3xx_hal_rcc.c ****   }
1139:Drivers/STM32F3xx_HAL_Driver/Src/stm32f3xx_hal_rcc.c ****   RCC_OscInitStruct->PLL.PLLSource = (uint32_t)(RCC->CFGR & RCC_CFGR_PLLSRC);
 3013              		.loc 1 1139 3 is_stmt 1 view .LVU871
 3014              		.loc 1 1139 52 is_stmt 0 view .LVU872
 3015 0054 164B     		ldr	r3, .L210
 3016 0056 5A68     		ldr	r2, [r3, #4]
 3017              		.loc 1 1139 38 view .LVU873
 3018 0058 02F4C032 		and	r2, r2, #98304
 3019              		.loc 1 1139 36 view .LVU874
 3020 005c C261     		str	r2, [r0, #28]
1140:Drivers/STM32F3xx_HAL_Driver/Src/stm32f3xx_hal_rcc.c ****   RCC_OscInitStruct->PLL.PLLMUL = (uint32_t)(RCC->CFGR & RCC_CFGR_PLLMUL);
 3021              		.loc 1 1140 3 is_stmt 1 view .LVU875
 3022              		.loc 1 1140 49 is_stmt 0 view .LVU876
 3023 005e 5A68     		ldr	r2, [r3, #4]
 3024              		.loc 1 1140 35 view .LVU877
 3025 0060 02F47012 		and	r2, r2, #3932160
 3026              		.loc 1 1140 33 view .LVU878
 3027 0064 0262     		str	r2, [r0, #32]
1141:Drivers/STM32F3xx_HAL_Driver/Src/stm32f3xx_hal_rcc.c **** #if defined(RCC_CFGR_PLLSRC_HSI_PREDIV)
1142:Drivers/STM32F3xx_HAL_Driver/Src/stm32f3xx_hal_rcc.c ****   RCC_OscInitStruct->PLL.PREDIV = (uint32_t)(RCC->CFGR2 & RCC_CFGR2_PREDIV);
 3028              		.loc 1 1142 3 is_stmt 1 view .LVU879
 3029              		.loc 1 1142 49 is_stmt 0 view .LVU880
 3030 0066 DB6A     		ldr	r3, [r3, #44]
 3031              		.loc 1 1142 35 view .LVU881
 3032 0068 03F00F03 		and	r3, r3, #15
 3033              		.loc 1 1142 33 view .LVU882
 3034 006c 4362     		str	r3, [r0, #36]
1143:Drivers/STM32F3xx_HAL_Driver/Src/stm32f3xx_hal_rcc.c **** #endif /* RCC_CFGR_PLLSRC_HSI_PREDIV */
1144:Drivers/STM32F3xx_HAL_Driver/Src/stm32f3xx_hal_rcc.c **** }
 3035              		.loc 1 1144 1 view .LVU883
 3036 006e 7047     		bx	lr
 3037              	.L198:
1081:Drivers/STM32F3xx_HAL_Driver/Src/stm32f3xx_hal_rcc.c ****   {
 3038              		.loc 1 1081 8 is_stmt 1 view .LVU884
1081:Drivers/STM32F3xx_HAL_Driver/Src/stm32f3xx_hal_rcc.c ****   {
 3039              		.loc 1 1081 15 is_stmt 0 view .LVU885
 3040 0070 0F4B     		ldr	r3, .L210
 3041 0072 1B68     		ldr	r3, [r3]
1081:Drivers/STM32F3xx_HAL_Driver/Src/stm32f3xx_hal_rcc.c ****   {
 3042              		.loc 1 1081 10 view .LVU886
ARM GAS  /tmp/ccRCfR3k.s 			page 100


 3043 0074 13F4803F 		tst	r3, #65536
 3044 0078 03D0     		beq	.L200
1083:Drivers/STM32F3xx_HAL_Driver/Src/stm32f3xx_hal_rcc.c ****   }
 3045              		.loc 1 1083 5 is_stmt 1 view .LVU887
1083:Drivers/STM32F3xx_HAL_Driver/Src/stm32f3xx_hal_rcc.c ****   }
 3046              		.loc 1 1083 33 is_stmt 0 view .LVU888
 3047 007a 4FF48033 		mov	r3, #65536
 3048 007e 4360     		str	r3, [r0, #4]
 3049 0080 C8E7     		b	.L199
 3050              	.L200:
1087:Drivers/STM32F3xx_HAL_Driver/Src/stm32f3xx_hal_rcc.c ****   }
 3051              		.loc 1 1087 5 is_stmt 1 view .LVU889
1087:Drivers/STM32F3xx_HAL_Driver/Src/stm32f3xx_hal_rcc.c ****   }
 3052              		.loc 1 1087 33 is_stmt 0 view .LVU890
 3053 0082 0023     		movs	r3, #0
 3054 0084 4360     		str	r3, [r0, #4]
 3055 0086 C5E7     		b	.L199
 3056              	.L201:
1100:Drivers/STM32F3xx_HAL_Driver/Src/stm32f3xx_hal_rcc.c ****   }
 3057              		.loc 1 1100 5 is_stmt 1 view .LVU891
1100:Drivers/STM32F3xx_HAL_Driver/Src/stm32f3xx_hal_rcc.c ****   }
 3058              		.loc 1 1100 33 is_stmt 0 view .LVU892
 3059 0088 0023     		movs	r3, #0
 3060 008a C360     		str	r3, [r0, #12]
 3061 008c C9E7     		b	.L202
 3062              	.L203:
1110:Drivers/STM32F3xx_HAL_Driver/Src/stm32f3xx_hal_rcc.c ****   {
 3063              		.loc 1 1110 8 is_stmt 1 view .LVU893
1110:Drivers/STM32F3xx_HAL_Driver/Src/stm32f3xx_hal_rcc.c ****   {
 3064              		.loc 1 1110 15 is_stmt 0 view .LVU894
 3065 008e 084B     		ldr	r3, .L210
 3066 0090 1B6A     		ldr	r3, [r3, #32]
1110:Drivers/STM32F3xx_HAL_Driver/Src/stm32f3xx_hal_rcc.c ****   {
 3067              		.loc 1 1110 10 view .LVU895
 3068 0092 13F0010F 		tst	r3, #1
 3069 0096 02D0     		beq	.L205
1112:Drivers/STM32F3xx_HAL_Driver/Src/stm32f3xx_hal_rcc.c ****   }
 3070              		.loc 1 1112 5 is_stmt 1 view .LVU896
1112:Drivers/STM32F3xx_HAL_Driver/Src/stm32f3xx_hal_rcc.c ****   }
 3071              		.loc 1 1112 33 is_stmt 0 view .LVU897
 3072 0098 0123     		movs	r3, #1
 3073 009a 8360     		str	r3, [r0, #8]
 3074 009c CCE7     		b	.L204
 3075              	.L205:
1116:Drivers/STM32F3xx_HAL_Driver/Src/stm32f3xx_hal_rcc.c ****   }
 3076              		.loc 1 1116 5 is_stmt 1 view .LVU898
1116:Drivers/STM32F3xx_HAL_Driver/Src/stm32f3xx_hal_rcc.c ****   }
 3077              		.loc 1 1116 33 is_stmt 0 view .LVU899
 3078 009e 0023     		movs	r3, #0
 3079 00a0 8360     		str	r3, [r0, #8]
 3080 00a2 C9E7     		b	.L204
 3081              	.L206:
1126:Drivers/STM32F3xx_HAL_Driver/Src/stm32f3xx_hal_rcc.c ****   }
 3082              		.loc 1 1126 5 is_stmt 1 view .LVU900
1126:Drivers/STM32F3xx_HAL_Driver/Src/stm32f3xx_hal_rcc.c ****   }
 3083              		.loc 1 1126 33 is_stmt 0 view .LVU901
 3084 00a4 0023     		movs	r3, #0
ARM GAS  /tmp/ccRCfR3k.s 			page 101


 3085 00a6 4361     		str	r3, [r0, #20]
 3086 00a8 CDE7     		b	.L207
 3087              	.L208:
1137:Drivers/STM32F3xx_HAL_Driver/Src/stm32f3xx_hal_rcc.c ****   }
 3088              		.loc 1 1137 5 is_stmt 1 view .LVU902
1137:Drivers/STM32F3xx_HAL_Driver/Src/stm32f3xx_hal_rcc.c ****   }
 3089              		.loc 1 1137 37 is_stmt 0 view .LVU903
 3090 00aa 0123     		movs	r3, #1
 3091 00ac 8361     		str	r3, [r0, #24]
 3092 00ae D1E7     		b	.L209
 3093              	.L211:
 3094              		.align	2
 3095              	.L210:
 3096 00b0 00100240 		.word	1073876992
 3097              		.cfi_endproc
 3098              	.LFE140:
 3100              		.section	.text.HAL_RCC_GetClockConfig,"ax",%progbits
 3101              		.align	1
 3102              		.global	HAL_RCC_GetClockConfig
 3103              		.syntax unified
 3104              		.thumb
 3105              		.thumb_func
 3107              	HAL_RCC_GetClockConfig:
 3108              	.LVL215:
 3109              	.LFB141:
1145:Drivers/STM32F3xx_HAL_Driver/Src/stm32f3xx_hal_rcc.c **** 
1146:Drivers/STM32F3xx_HAL_Driver/Src/stm32f3xx_hal_rcc.c **** /**
1147:Drivers/STM32F3xx_HAL_Driver/Src/stm32f3xx_hal_rcc.c ****   * @brief  Get the RCC_ClkInitStruct according to the internal 
1148:Drivers/STM32F3xx_HAL_Driver/Src/stm32f3xx_hal_rcc.c ****   * RCC configuration registers.
1149:Drivers/STM32F3xx_HAL_Driver/Src/stm32f3xx_hal_rcc.c ****   * @param  RCC_ClkInitStruct pointer to an RCC_ClkInitTypeDef structure that 
1150:Drivers/STM32F3xx_HAL_Driver/Src/stm32f3xx_hal_rcc.c ****   * contains the current clock configuration.
1151:Drivers/STM32F3xx_HAL_Driver/Src/stm32f3xx_hal_rcc.c ****   * @param  pFLatency Pointer on the Flash Latency.
1152:Drivers/STM32F3xx_HAL_Driver/Src/stm32f3xx_hal_rcc.c ****   * @retval None
1153:Drivers/STM32F3xx_HAL_Driver/Src/stm32f3xx_hal_rcc.c ****   */
1154:Drivers/STM32F3xx_HAL_Driver/Src/stm32f3xx_hal_rcc.c **** void HAL_RCC_GetClockConfig(RCC_ClkInitTypeDef  *RCC_ClkInitStruct, uint32_t *pFLatency)
1155:Drivers/STM32F3xx_HAL_Driver/Src/stm32f3xx_hal_rcc.c **** {
 3110              		.loc 1 1155 1 is_stmt 1 view -0
 3111              		.cfi_startproc
 3112              		@ args = 0, pretend = 0, frame = 0
 3113              		@ frame_needed = 0, uses_anonymous_args = 0
 3114              		@ link register save eliminated.
1156:Drivers/STM32F3xx_HAL_Driver/Src/stm32f3xx_hal_rcc.c ****   /* Check the parameters */
1157:Drivers/STM32F3xx_HAL_Driver/Src/stm32f3xx_hal_rcc.c ****   assert_param(RCC_ClkInitStruct != NULL);
 3115              		.loc 1 1157 3 view .LVU905
1158:Drivers/STM32F3xx_HAL_Driver/Src/stm32f3xx_hal_rcc.c ****   assert_param(pFLatency != NULL);
 3116              		.loc 1 1158 3 view .LVU906
1159:Drivers/STM32F3xx_HAL_Driver/Src/stm32f3xx_hal_rcc.c **** 
1160:Drivers/STM32F3xx_HAL_Driver/Src/stm32f3xx_hal_rcc.c ****   /* Set all possible values for the Clock type parameter --------------------*/
1161:Drivers/STM32F3xx_HAL_Driver/Src/stm32f3xx_hal_rcc.c ****   RCC_ClkInitStruct->ClockType = RCC_CLOCKTYPE_SYSCLK | RCC_CLOCKTYPE_HCLK | RCC_CLOCKTYPE_PCLK1 | 
 3117              		.loc 1 1161 3 view .LVU907
 3118              		.loc 1 1161 32 is_stmt 0 view .LVU908
 3119 0000 0F23     		movs	r3, #15
 3120 0002 0360     		str	r3, [r0]
1162:Drivers/STM32F3xx_HAL_Driver/Src/stm32f3xx_hal_rcc.c ****   
1163:Drivers/STM32F3xx_HAL_Driver/Src/stm32f3xx_hal_rcc.c ****   /* Get the SYSCLK configuration --------------------------------------------*/ 
1164:Drivers/STM32F3xx_HAL_Driver/Src/stm32f3xx_hal_rcc.c ****   RCC_ClkInitStruct->SYSCLKSource = (uint32_t)(RCC->CFGR & RCC_CFGR_SW);
 3121              		.loc 1 1164 3 is_stmt 1 view .LVU909
ARM GAS  /tmp/ccRCfR3k.s 			page 102


 3122              		.loc 1 1164 51 is_stmt 0 view .LVU910
 3123 0004 0B4B     		ldr	r3, .L213
 3124 0006 5A68     		ldr	r2, [r3, #4]
 3125              		.loc 1 1164 37 view .LVU911
 3126 0008 02F00302 		and	r2, r2, #3
 3127              		.loc 1 1164 35 view .LVU912
 3128 000c 4260     		str	r2, [r0, #4]
1165:Drivers/STM32F3xx_HAL_Driver/Src/stm32f3xx_hal_rcc.c ****   
1166:Drivers/STM32F3xx_HAL_Driver/Src/stm32f3xx_hal_rcc.c ****   /* Get the HCLK configuration ----------------------------------------------*/ 
1167:Drivers/STM32F3xx_HAL_Driver/Src/stm32f3xx_hal_rcc.c ****   RCC_ClkInitStruct->AHBCLKDivider = (uint32_t)(RCC->CFGR & RCC_CFGR_HPRE); 
 3129              		.loc 1 1167 3 is_stmt 1 view .LVU913
 3130              		.loc 1 1167 52 is_stmt 0 view .LVU914
 3131 000e 5A68     		ldr	r2, [r3, #4]
 3132              		.loc 1 1167 38 view .LVU915
 3133 0010 02F0F002 		and	r2, r2, #240
 3134              		.loc 1 1167 36 view .LVU916
 3135 0014 8260     		str	r2, [r0, #8]
1168:Drivers/STM32F3xx_HAL_Driver/Src/stm32f3xx_hal_rcc.c ****   
1169:Drivers/STM32F3xx_HAL_Driver/Src/stm32f3xx_hal_rcc.c ****   /* Get the APB1 configuration ----------------------------------------------*/ 
1170:Drivers/STM32F3xx_HAL_Driver/Src/stm32f3xx_hal_rcc.c ****   RCC_ClkInitStruct->APB1CLKDivider = (uint32_t)(RCC->CFGR & RCC_CFGR_PPRE1);   
 3136              		.loc 1 1170 3 is_stmt 1 view .LVU917
 3137              		.loc 1 1170 53 is_stmt 0 view .LVU918
 3138 0016 5A68     		ldr	r2, [r3, #4]
 3139              		.loc 1 1170 39 view .LVU919
 3140 0018 02F4E062 		and	r2, r2, #1792
 3141              		.loc 1 1170 37 view .LVU920
 3142 001c C260     		str	r2, [r0, #12]
1171:Drivers/STM32F3xx_HAL_Driver/Src/stm32f3xx_hal_rcc.c ****   
1172:Drivers/STM32F3xx_HAL_Driver/Src/stm32f3xx_hal_rcc.c ****   /* Get the APB2 configuration ----------------------------------------------*/ 
1173:Drivers/STM32F3xx_HAL_Driver/Src/stm32f3xx_hal_rcc.c ****   RCC_ClkInitStruct->APB2CLKDivider = (uint32_t)((RCC->CFGR & RCC_CFGR_PPRE2) >> 3U);
 3143              		.loc 1 1173 3 is_stmt 1 view .LVU921
 3144              		.loc 1 1173 54 is_stmt 0 view .LVU922
 3145 001e 5B68     		ldr	r3, [r3, #4]
 3146              		.loc 1 1173 39 view .LVU923
 3147 0020 DB08     		lsrs	r3, r3, #3
 3148 0022 03F4E063 		and	r3, r3, #1792
 3149              		.loc 1 1173 37 view .LVU924
 3150 0026 0361     		str	r3, [r0, #16]
1174:Drivers/STM32F3xx_HAL_Driver/Src/stm32f3xx_hal_rcc.c ****   
1175:Drivers/STM32F3xx_HAL_Driver/Src/stm32f3xx_hal_rcc.c ****   /* Get the Flash Wait State (Latency) configuration ------------------------*/   
1176:Drivers/STM32F3xx_HAL_Driver/Src/stm32f3xx_hal_rcc.c ****   *pFLatency = (uint32_t)(FLASH->ACR & FLASH_ACR_LATENCY); 
 3151              		.loc 1 1176 3 is_stmt 1 view .LVU925
 3152              		.loc 1 1176 32 is_stmt 0 view .LVU926
 3153 0028 034B     		ldr	r3, .L213+4
 3154 002a 1B68     		ldr	r3, [r3]
 3155              		.loc 1 1176 16 view .LVU927
 3156 002c 03F00703 		and	r3, r3, #7
 3157              		.loc 1 1176 14 view .LVU928
 3158 0030 0B60     		str	r3, [r1]
1177:Drivers/STM32F3xx_HAL_Driver/Src/stm32f3xx_hal_rcc.c **** }
 3159              		.loc 1 1177 1 view .LVU929
 3160 0032 7047     		bx	lr
 3161              	.L214:
 3162              		.align	2
 3163              	.L213:
 3164 0034 00100240 		.word	1073876992
 3165 0038 00200240 		.word	1073881088
ARM GAS  /tmp/ccRCfR3k.s 			page 103


 3166              		.cfi_endproc
 3167              	.LFE141:
 3169              		.section	.text.HAL_RCC_CSSCallback,"ax",%progbits
 3170              		.align	1
 3171              		.weak	HAL_RCC_CSSCallback
 3172              		.syntax unified
 3173              		.thumb
 3174              		.thumb_func
 3176              	HAL_RCC_CSSCallback:
 3177              	.LFB143:
1178:Drivers/STM32F3xx_HAL_Driver/Src/stm32f3xx_hal_rcc.c **** 
1179:Drivers/STM32F3xx_HAL_Driver/Src/stm32f3xx_hal_rcc.c **** /**
1180:Drivers/STM32F3xx_HAL_Driver/Src/stm32f3xx_hal_rcc.c ****   * @brief This function handles the RCC CSS interrupt request.
1181:Drivers/STM32F3xx_HAL_Driver/Src/stm32f3xx_hal_rcc.c ****   * @note This API should be called under the NMI_Handler().
1182:Drivers/STM32F3xx_HAL_Driver/Src/stm32f3xx_hal_rcc.c ****   * @retval None
1183:Drivers/STM32F3xx_HAL_Driver/Src/stm32f3xx_hal_rcc.c ****   */
1184:Drivers/STM32F3xx_HAL_Driver/Src/stm32f3xx_hal_rcc.c **** void HAL_RCC_NMI_IRQHandler(void)
1185:Drivers/STM32F3xx_HAL_Driver/Src/stm32f3xx_hal_rcc.c **** {
1186:Drivers/STM32F3xx_HAL_Driver/Src/stm32f3xx_hal_rcc.c ****   /* Check RCC CSSF flag  */
1187:Drivers/STM32F3xx_HAL_Driver/Src/stm32f3xx_hal_rcc.c ****   if(__HAL_RCC_GET_IT(RCC_IT_CSS))
1188:Drivers/STM32F3xx_HAL_Driver/Src/stm32f3xx_hal_rcc.c ****   {
1189:Drivers/STM32F3xx_HAL_Driver/Src/stm32f3xx_hal_rcc.c ****     /* RCC Clock Security System interrupt user callback */
1190:Drivers/STM32F3xx_HAL_Driver/Src/stm32f3xx_hal_rcc.c ****     HAL_RCC_CSSCallback();
1191:Drivers/STM32F3xx_HAL_Driver/Src/stm32f3xx_hal_rcc.c ****     
1192:Drivers/STM32F3xx_HAL_Driver/Src/stm32f3xx_hal_rcc.c ****     /* Clear RCC CSS pending bit */
1193:Drivers/STM32F3xx_HAL_Driver/Src/stm32f3xx_hal_rcc.c ****     __HAL_RCC_CLEAR_IT(RCC_IT_CSS);
1194:Drivers/STM32F3xx_HAL_Driver/Src/stm32f3xx_hal_rcc.c ****   }
1195:Drivers/STM32F3xx_HAL_Driver/Src/stm32f3xx_hal_rcc.c **** }
1196:Drivers/STM32F3xx_HAL_Driver/Src/stm32f3xx_hal_rcc.c **** 
1197:Drivers/STM32F3xx_HAL_Driver/Src/stm32f3xx_hal_rcc.c **** /**
1198:Drivers/STM32F3xx_HAL_Driver/Src/stm32f3xx_hal_rcc.c ****   * @brief  RCC Clock Security System interrupt callback
1199:Drivers/STM32F3xx_HAL_Driver/Src/stm32f3xx_hal_rcc.c ****   * @retval none
1200:Drivers/STM32F3xx_HAL_Driver/Src/stm32f3xx_hal_rcc.c ****   */
1201:Drivers/STM32F3xx_HAL_Driver/Src/stm32f3xx_hal_rcc.c **** __weak void HAL_RCC_CSSCallback(void)
1202:Drivers/STM32F3xx_HAL_Driver/Src/stm32f3xx_hal_rcc.c **** {
 3178              		.loc 1 1202 1 is_stmt 1 view -0
 3179              		.cfi_startproc
 3180              		@ args = 0, pretend = 0, frame = 0
 3181              		@ frame_needed = 0, uses_anonymous_args = 0
 3182              		@ link register save eliminated.
1203:Drivers/STM32F3xx_HAL_Driver/Src/stm32f3xx_hal_rcc.c ****   /* NOTE : This function Should not be modified, when the callback is needed,
1204:Drivers/STM32F3xx_HAL_Driver/Src/stm32f3xx_hal_rcc.c ****     the HAL_RCC_CSSCallback could be implemented in the user file
1205:Drivers/STM32F3xx_HAL_Driver/Src/stm32f3xx_hal_rcc.c ****     */ 
1206:Drivers/STM32F3xx_HAL_Driver/Src/stm32f3xx_hal_rcc.c **** }
 3183              		.loc 1 1206 1 view .LVU931
 3184 0000 7047     		bx	lr
 3185              		.cfi_endproc
 3186              	.LFE143:
 3188              		.section	.text.HAL_RCC_NMI_IRQHandler,"ax",%progbits
 3189              		.align	1
 3190              		.global	HAL_RCC_NMI_IRQHandler
 3191              		.syntax unified
 3192              		.thumb
 3193              		.thumb_func
 3195              	HAL_RCC_NMI_IRQHandler:
 3196              	.LFB142:
1185:Drivers/STM32F3xx_HAL_Driver/Src/stm32f3xx_hal_rcc.c ****   /* Check RCC CSSF flag  */
ARM GAS  /tmp/ccRCfR3k.s 			page 104


 3197              		.loc 1 1185 1 view -0
 3198              		.cfi_startproc
 3199              		@ args = 0, pretend = 0, frame = 0
 3200              		@ frame_needed = 0, uses_anonymous_args = 0
 3201 0000 08B5     		push	{r3, lr}
 3202              	.LCFI15:
 3203              		.cfi_def_cfa_offset 8
 3204              		.cfi_offset 3, -8
 3205              		.cfi_offset 14, -4
1187:Drivers/STM32F3xx_HAL_Driver/Src/stm32f3xx_hal_rcc.c ****   {
 3206              		.loc 1 1187 3 view .LVU933
1187:Drivers/STM32F3xx_HAL_Driver/Src/stm32f3xx_hal_rcc.c ****   {
 3207              		.loc 1 1187 6 is_stmt 0 view .LVU934
 3208 0002 064B     		ldr	r3, .L220
 3209 0004 9B68     		ldr	r3, [r3, #8]
1187:Drivers/STM32F3xx_HAL_Driver/Src/stm32f3xx_hal_rcc.c ****   {
 3210              		.loc 1 1187 5 view .LVU935
 3211 0006 13F0800F 		tst	r3, #128
 3212 000a 00D1     		bne	.L219
 3213              	.L216:
1195:Drivers/STM32F3xx_HAL_Driver/Src/stm32f3xx_hal_rcc.c **** 
 3214              		.loc 1 1195 1 view .LVU936
 3215 000c 08BD     		pop	{r3, pc}
 3216              	.L219:
1190:Drivers/STM32F3xx_HAL_Driver/Src/stm32f3xx_hal_rcc.c ****     
 3217              		.loc 1 1190 5 is_stmt 1 view .LVU937
 3218 000e FFF7FEFF 		bl	HAL_RCC_CSSCallback
 3219              	.LVL216:
1193:Drivers/STM32F3xx_HAL_Driver/Src/stm32f3xx_hal_rcc.c ****   }
 3220              		.loc 1 1193 5 view .LVU938
 3221 0012 024B     		ldr	r3, .L220
 3222 0014 8022     		movs	r2, #128
 3223 0016 9A72     		strb	r2, [r3, #10]
1195:Drivers/STM32F3xx_HAL_Driver/Src/stm32f3xx_hal_rcc.c **** 
 3224              		.loc 1 1195 1 is_stmt 0 view .LVU939
 3225 0018 F8E7     		b	.L216
 3226              	.L221:
 3227 001a 00BF     		.align	2
 3228              	.L220:
 3229 001c 00100240 		.word	1073876992
 3230              		.cfi_endproc
 3231              	.LFE142:
 3233              		.section	.rodata.aPredivFactorTable,"a"
 3234              		.align	2
 3237              	aPredivFactorTable:
 3238 0000 01020304 		.ascii	"\001\002\003\004\005\006\007\010\011\012\013\014\015"
 3238      05060708 
 3238      090A0B0C 
 3238      0D
 3239 000d 0E0F10   		.ascii	"\016\017\020"
 3240              		.section	.rodata.aPLLMULFactorTable,"a"
 3241              		.align	2
 3244              	aPLLMULFactorTable:
 3245 0000 02030405 		.ascii	"\002\003\004\005\006\007\010\011\012\013\014\015\016"
 3245      06070809 
 3245      0A0B0C0D 
 3245      0E
ARM GAS  /tmp/ccRCfR3k.s 			page 105


 3246 000d 0F1010   		.ascii	"\017\020\020"
 3247              		.text
 3248              	.Letext0:
 3249              		.file 3 "/usr/lib/gcc/arm-none-eabi/13.2.1/include/stdint.h"
 3250              		.file 4 "Drivers/CMSIS/Device/ST/STM32F3xx/Include/system_stm32f3xx.h"
 3251              		.file 5 "Drivers/CMSIS/Device/ST/STM32F3xx/Include/stm32f303xe.h"
 3252              		.file 6 "Drivers/CMSIS/Device/ST/STM32F3xx/Include/stm32f3xx.h"
 3253              		.file 7 "Drivers/STM32F3xx_HAL_Driver/Inc/stm32f3xx_hal_def.h"
 3254              		.file 8 "Drivers/STM32F3xx_HAL_Driver/Inc/stm32f3xx_hal_rcc.h"
 3255              		.file 9 "Drivers/STM32F3xx_HAL_Driver/Inc/stm32f3xx_hal_gpio.h"
 3256              		.file 10 "Drivers/STM32F3xx_HAL_Driver/Inc/stm32f3xx_hal.h"
ARM GAS  /tmp/ccRCfR3k.s 			page 106


DEFINED SYMBOLS
                            *ABS*:00000000 stm32f3xx_hal_rcc.c
     /tmp/ccRCfR3k.s:21     .text.HAL_RCC_DeInit:00000000 $t
     /tmp/ccRCfR3k.s:27     .text.HAL_RCC_DeInit:00000000 HAL_RCC_DeInit
     /tmp/ccRCfR3k.s:229    .text.HAL_RCC_DeInit:000000dc $d
     /tmp/ccRCfR3k.s:239    .text.HAL_RCC_OscConfig:00000000 $t
     /tmp/ccRCfR3k.s:245    .text.HAL_RCC_OscConfig:00000000 HAL_RCC_OscConfig
     /tmp/ccRCfR3k.s:1055   .text.HAL_RCC_OscConfig:000002e0 $d
     /tmp/ccRCfR3k.s:1066   .text.HAL_RCC_OscConfig:000002e8 $t
     /tmp/ccRCfR3k.s:1801   .text.HAL_RCC_OscConfig:00000564 $d
     /tmp/ccRCfR3k.s:1807   .text.HAL_RCC_OscConfig:00000570 $t
     /tmp/ccRCfR3k.s:2050   .text.HAL_RCC_OscConfig:00000640 $d
     /tmp/ccRCfR3k.s:2055   .text.HAL_RCC_MCOConfig:00000000 $t
     /tmp/ccRCfR3k.s:2061   .text.HAL_RCC_MCOConfig:00000000 HAL_RCC_MCOConfig
     /tmp/ccRCfR3k.s:2151   .text.HAL_RCC_MCOConfig:0000004c $d
     /tmp/ccRCfR3k.s:2156   .text.HAL_RCC_EnableCSS:00000000 $t
     /tmp/ccRCfR3k.s:2162   .text.HAL_RCC_EnableCSS:00000000 HAL_RCC_EnableCSS
     /tmp/ccRCfR3k.s:2203   .text.HAL_RCC_DisableCSS:00000000 $t
     /tmp/ccRCfR3k.s:2209   .text.HAL_RCC_DisableCSS:00000000 HAL_RCC_DisableCSS
     /tmp/ccRCfR3k.s:2250   .text.HAL_RCC_GetSysClockFreq:00000000 $t
     /tmp/ccRCfR3k.s:2256   .text.HAL_RCC_GetSysClockFreq:00000000 HAL_RCC_GetSysClockFreq
     /tmp/ccRCfR3k.s:2333   .text.HAL_RCC_GetSysClockFreq:00000044 $d
     /tmp/ccRCfR3k.s:3244   .rodata.aPLLMULFactorTable:00000000 aPLLMULFactorTable
     /tmp/ccRCfR3k.s:3237   .rodata.aPredivFactorTable:00000000 aPredivFactorTable
     /tmp/ccRCfR3k.s:2341   .text.HAL_RCC_ClockConfig:00000000 $t
     /tmp/ccRCfR3k.s:2347   .text.HAL_RCC_ClockConfig:00000000 HAL_RCC_ClockConfig
     /tmp/ccRCfR3k.s:2766   .text.HAL_RCC_ClockConfig:00000194 $d
     /tmp/ccRCfR3k.s:2775   .text.HAL_RCC_GetHCLKFreq:00000000 $t
     /tmp/ccRCfR3k.s:2781   .text.HAL_RCC_GetHCLKFreq:00000000 HAL_RCC_GetHCLKFreq
     /tmp/ccRCfR3k.s:2796   .text.HAL_RCC_GetHCLKFreq:00000008 $d
     /tmp/ccRCfR3k.s:2801   .text.HAL_RCC_GetPCLK1Freq:00000000 $t
     /tmp/ccRCfR3k.s:2807   .text.HAL_RCC_GetPCLK1Freq:00000000 HAL_RCC_GetPCLK1Freq
     /tmp/ccRCfR3k.s:2858   .text.HAL_RCC_GetPCLK1Freq:00000024 $d
     /tmp/ccRCfR3k.s:2864   .text.HAL_RCC_GetPCLK2Freq:00000000 $t
     /tmp/ccRCfR3k.s:2870   .text.HAL_RCC_GetPCLK2Freq:00000000 HAL_RCC_GetPCLK2Freq
     /tmp/ccRCfR3k.s:2921   .text.HAL_RCC_GetPCLK2Freq:00000024 $d
     /tmp/ccRCfR3k.s:2927   .text.HAL_RCC_GetOscConfig:00000000 $t
     /tmp/ccRCfR3k.s:2933   .text.HAL_RCC_GetOscConfig:00000000 HAL_RCC_GetOscConfig
     /tmp/ccRCfR3k.s:3096   .text.HAL_RCC_GetOscConfig:000000b0 $d
     /tmp/ccRCfR3k.s:3101   .text.HAL_RCC_GetClockConfig:00000000 $t
     /tmp/ccRCfR3k.s:3107   .text.HAL_RCC_GetClockConfig:00000000 HAL_RCC_GetClockConfig
     /tmp/ccRCfR3k.s:3164   .text.HAL_RCC_GetClockConfig:00000034 $d
     /tmp/ccRCfR3k.s:3170   .text.HAL_RCC_CSSCallback:00000000 $t
     /tmp/ccRCfR3k.s:3176   .text.HAL_RCC_CSSCallback:00000000 HAL_RCC_CSSCallback
     /tmp/ccRCfR3k.s:3189   .text.HAL_RCC_NMI_IRQHandler:00000000 $t
     /tmp/ccRCfR3k.s:3195   .text.HAL_RCC_NMI_IRQHandler:00000000 HAL_RCC_NMI_IRQHandler
     /tmp/ccRCfR3k.s:3229   .text.HAL_RCC_NMI_IRQHandler:0000001c $d
     /tmp/ccRCfR3k.s:3234   .rodata.aPredivFactorTable:00000000 $d
     /tmp/ccRCfR3k.s:3241   .rodata.aPLLMULFactorTable:00000000 $d

UNDEFINED SYMBOLS
HAL_GetTick
HAL_InitTick
SystemCoreClock
uwTickPrio
HAL_GPIO_Init
AHBPrescTable
ARM GAS  /tmp/ccRCfR3k.s 			page 107


APBPrescTable
