ARM GAS  /tmp/ccDqghRU.s 			page 1


   1              		.cpu cortex-m4
   2              		.arch armv7e-m
   3              		.fpu fpv4-sp-d16
   4              		.eabi_attribute 27, 1
   5              		.eabi_attribute 28, 1
   6              		.eabi_attribute 20, 1
   7              		.eabi_attribute 21, 1
   8              		.eabi_attribute 23, 3
   9              		.eabi_attribute 24, 1
  10              		.eabi_attribute 25, 1
  11              		.eabi_attribute 26, 1
  12              		.eabi_attribute 30, 1
  13              		.eabi_attribute 34, 1
  14              		.eabi_attribute 18, 4
  15              		.file	"stream_buffer.c"
  16              		.text
  17              	.Ltext0:
  18              		.cfi_sections	.debug_frame
  19              		.file 1 "Middlewares/Third_Party/FreeRTOS/Source/stream_buffer.c"
  20              		.section	.text.prvBytesInBuffer,"ax",%progbits
  21              		.align	1
  22              		.syntax unified
  23              		.thumb
  24              		.thumb_func
  26              	prvBytesInBuffer:
  27              	.LVL0:
  28              	.LFB23:
   1:Middlewares/Third_Party/FreeRTOS/Source/stream_buffer.c **** /*
   2:Middlewares/Third_Party/FreeRTOS/Source/stream_buffer.c ****  * FreeRTOS Kernel V10.0.1
   3:Middlewares/Third_Party/FreeRTOS/Source/stream_buffer.c ****  * Copyright (C) 2017 Amazon.com, Inc. or its affiliates.  All Rights Reserved.
   4:Middlewares/Third_Party/FreeRTOS/Source/stream_buffer.c ****  *
   5:Middlewares/Third_Party/FreeRTOS/Source/stream_buffer.c ****  * Permission is hereby granted, free of charge, to any person obtaining a copy of
   6:Middlewares/Third_Party/FreeRTOS/Source/stream_buffer.c ****  * this software and associated documentation files (the "Software"), to deal in
   7:Middlewares/Third_Party/FreeRTOS/Source/stream_buffer.c ****  * the Software without restriction, including without limitation the rights to
   8:Middlewares/Third_Party/FreeRTOS/Source/stream_buffer.c ****  * use, copy, modify, merge, publish, distribute, sublicense, and/or sell copies of
   9:Middlewares/Third_Party/FreeRTOS/Source/stream_buffer.c ****  * the Software, and to permit persons to whom the Software is furnished to do so,
  10:Middlewares/Third_Party/FreeRTOS/Source/stream_buffer.c ****  * subject to the following conditions:
  11:Middlewares/Third_Party/FreeRTOS/Source/stream_buffer.c ****  *
  12:Middlewares/Third_Party/FreeRTOS/Source/stream_buffer.c ****  * The above copyright notice and this permission notice shall be included in all
  13:Middlewares/Third_Party/FreeRTOS/Source/stream_buffer.c ****  * copies or substantial portions of the Software.
  14:Middlewares/Third_Party/FreeRTOS/Source/stream_buffer.c ****  *
  15:Middlewares/Third_Party/FreeRTOS/Source/stream_buffer.c ****  * THE SOFTWARE IS PROVIDED "AS IS", WITHOUT WARRANTY OF ANY KIND, EXPRESS OR
  16:Middlewares/Third_Party/FreeRTOS/Source/stream_buffer.c ****  * IMPLIED, INCLUDING BUT NOT LIMITED TO THE WARRANTIES OF MERCHANTABILITY, FITNESS
  17:Middlewares/Third_Party/FreeRTOS/Source/stream_buffer.c ****  * FOR A PARTICULAR PURPOSE AND NONINFRINGEMENT. IN NO EVENT SHALL THE AUTHORS OR
  18:Middlewares/Third_Party/FreeRTOS/Source/stream_buffer.c ****  * COPYRIGHT HOLDERS BE LIABLE FOR ANY CLAIM, DAMAGES OR OTHER LIABILITY, WHETHER
  19:Middlewares/Third_Party/FreeRTOS/Source/stream_buffer.c ****  * IN AN ACTION OF CONTRACT, TORT OR OTHERWISE, ARISING FROM, OUT OF OR IN
  20:Middlewares/Third_Party/FreeRTOS/Source/stream_buffer.c ****  * CONNECTION WITH THE SOFTWARE OR THE USE OR OTHER DEALINGS IN THE SOFTWARE.
  21:Middlewares/Third_Party/FreeRTOS/Source/stream_buffer.c ****  *
  22:Middlewares/Third_Party/FreeRTOS/Source/stream_buffer.c ****  * http://www.FreeRTOS.org
  23:Middlewares/Third_Party/FreeRTOS/Source/stream_buffer.c ****  * http://aws.amazon.com/freertos
  24:Middlewares/Third_Party/FreeRTOS/Source/stream_buffer.c ****  *
  25:Middlewares/Third_Party/FreeRTOS/Source/stream_buffer.c ****  * 1 tab == 4 spaces!
  26:Middlewares/Third_Party/FreeRTOS/Source/stream_buffer.c ****  */
  27:Middlewares/Third_Party/FreeRTOS/Source/stream_buffer.c **** 
  28:Middlewares/Third_Party/FreeRTOS/Source/stream_buffer.c **** /* Standard includes. */
  29:Middlewares/Third_Party/FreeRTOS/Source/stream_buffer.c **** #include <stdint.h>
  30:Middlewares/Third_Party/FreeRTOS/Source/stream_buffer.c **** #include <string.h>
ARM GAS  /tmp/ccDqghRU.s 			page 2


  31:Middlewares/Third_Party/FreeRTOS/Source/stream_buffer.c **** 
  32:Middlewares/Third_Party/FreeRTOS/Source/stream_buffer.c **** /* Defining MPU_WRAPPERS_INCLUDED_FROM_API_FILE prevents task.h from redefining
  33:Middlewares/Third_Party/FreeRTOS/Source/stream_buffer.c **** all the API functions to use the MPU wrappers.  That should only be done when
  34:Middlewares/Third_Party/FreeRTOS/Source/stream_buffer.c **** task.h is included from an application file. */
  35:Middlewares/Third_Party/FreeRTOS/Source/stream_buffer.c **** #define MPU_WRAPPERS_INCLUDED_FROM_API_FILE
  36:Middlewares/Third_Party/FreeRTOS/Source/stream_buffer.c **** 
  37:Middlewares/Third_Party/FreeRTOS/Source/stream_buffer.c **** /* FreeRTOS includes. */
  38:Middlewares/Third_Party/FreeRTOS/Source/stream_buffer.c **** #include "FreeRTOS.h"
  39:Middlewares/Third_Party/FreeRTOS/Source/stream_buffer.c **** #include "task.h"
  40:Middlewares/Third_Party/FreeRTOS/Source/stream_buffer.c **** #include "stream_buffer.h"
  41:Middlewares/Third_Party/FreeRTOS/Source/stream_buffer.c **** 
  42:Middlewares/Third_Party/FreeRTOS/Source/stream_buffer.c **** #if( configUSE_TASK_NOTIFICATIONS != 1 )
  43:Middlewares/Third_Party/FreeRTOS/Source/stream_buffer.c **** 	#error configUSE_TASK_NOTIFICATIONS must be set to 1 to build stream_buffer.c
  44:Middlewares/Third_Party/FreeRTOS/Source/stream_buffer.c **** #endif
  45:Middlewares/Third_Party/FreeRTOS/Source/stream_buffer.c **** 
  46:Middlewares/Third_Party/FreeRTOS/Source/stream_buffer.c **** /* Lint e961 and e750 are suppressed as a MISRA exception justified because the
  47:Middlewares/Third_Party/FreeRTOS/Source/stream_buffer.c **** MPU ports require MPU_WRAPPERS_INCLUDED_FROM_API_FILE to be defined for the
  48:Middlewares/Third_Party/FreeRTOS/Source/stream_buffer.c **** header files above, but not in this file, in order to generate the correct
  49:Middlewares/Third_Party/FreeRTOS/Source/stream_buffer.c **** privileged Vs unprivileged linkage and placement. */
  50:Middlewares/Third_Party/FreeRTOS/Source/stream_buffer.c **** #undef MPU_WRAPPERS_INCLUDED_FROM_API_FILE /*lint !e961 !e750. */
  51:Middlewares/Third_Party/FreeRTOS/Source/stream_buffer.c **** 
  52:Middlewares/Third_Party/FreeRTOS/Source/stream_buffer.c **** /* If the user has not provided application specific Rx notification macros,
  53:Middlewares/Third_Party/FreeRTOS/Source/stream_buffer.c **** or #defined the notification macros away, them provide default implementations
  54:Middlewares/Third_Party/FreeRTOS/Source/stream_buffer.c **** that uses task notifications. */
  55:Middlewares/Third_Party/FreeRTOS/Source/stream_buffer.c **** /*lint -save -e9026 Function like macros allowed and needed here so they can be overidden. */
  56:Middlewares/Third_Party/FreeRTOS/Source/stream_buffer.c **** #ifndef sbRECEIVE_COMPLETED
  57:Middlewares/Third_Party/FreeRTOS/Source/stream_buffer.c **** 	#define sbRECEIVE_COMPLETED( pxStreamBuffer )										\
  58:Middlewares/Third_Party/FreeRTOS/Source/stream_buffer.c **** 		vTaskSuspendAll();																\
  59:Middlewares/Third_Party/FreeRTOS/Source/stream_buffer.c **** 		{																				\
  60:Middlewares/Third_Party/FreeRTOS/Source/stream_buffer.c **** 			if( ( pxStreamBuffer )->xTaskWaitingToSend != NULL )						\
  61:Middlewares/Third_Party/FreeRTOS/Source/stream_buffer.c **** 			{																			\
  62:Middlewares/Third_Party/FreeRTOS/Source/stream_buffer.c **** 				( void ) xTaskNotify( ( pxStreamBuffer )->xTaskWaitingToSend,			\
  63:Middlewares/Third_Party/FreeRTOS/Source/stream_buffer.c **** 									  ( uint32_t ) 0,									\
  64:Middlewares/Third_Party/FreeRTOS/Source/stream_buffer.c **** 									  eNoAction );										\
  65:Middlewares/Third_Party/FreeRTOS/Source/stream_buffer.c **** 				( pxStreamBuffer )->xTaskWaitingToSend = NULL;							\
  66:Middlewares/Third_Party/FreeRTOS/Source/stream_buffer.c **** 			}																			\
  67:Middlewares/Third_Party/FreeRTOS/Source/stream_buffer.c **** 		}																				\
  68:Middlewares/Third_Party/FreeRTOS/Source/stream_buffer.c **** 		( void ) xTaskResumeAll();
  69:Middlewares/Third_Party/FreeRTOS/Source/stream_buffer.c **** #endif /* sbRECEIVE_COMPLETED */
  70:Middlewares/Third_Party/FreeRTOS/Source/stream_buffer.c **** 
  71:Middlewares/Third_Party/FreeRTOS/Source/stream_buffer.c **** #ifndef sbRECEIVE_COMPLETED_FROM_ISR
  72:Middlewares/Third_Party/FreeRTOS/Source/stream_buffer.c **** 	#define sbRECEIVE_COMPLETED_FROM_ISR( pxStreamBuffer,								\
  73:Middlewares/Third_Party/FreeRTOS/Source/stream_buffer.c **** 										  pxHigherPriorityTaskWoken )					\
  74:Middlewares/Third_Party/FreeRTOS/Source/stream_buffer.c **** 	{																					\
  75:Middlewares/Third_Party/FreeRTOS/Source/stream_buffer.c **** 	UBaseType_t uxSavedInterruptStatus;													\
  76:Middlewares/Third_Party/FreeRTOS/Source/stream_buffer.c **** 																						\
  77:Middlewares/Third_Party/FreeRTOS/Source/stream_buffer.c **** 		uxSavedInterruptStatus = ( UBaseType_t ) portSET_INTERRUPT_MASK_FROM_ISR();		\
  78:Middlewares/Third_Party/FreeRTOS/Source/stream_buffer.c **** 		{																				\
  79:Middlewares/Third_Party/FreeRTOS/Source/stream_buffer.c **** 			if( ( pxStreamBuffer )->xTaskWaitingToSend != NULL )						\
  80:Middlewares/Third_Party/FreeRTOS/Source/stream_buffer.c **** 			{																			\
  81:Middlewares/Third_Party/FreeRTOS/Source/stream_buffer.c **** 				( void ) xTaskNotifyFromISR( ( pxStreamBuffer )->xTaskWaitingToSend,	\
  82:Middlewares/Third_Party/FreeRTOS/Source/stream_buffer.c **** 											 ( uint32_t ) 0,							\
  83:Middlewares/Third_Party/FreeRTOS/Source/stream_buffer.c **** 											 eNoAction,									\
  84:Middlewares/Third_Party/FreeRTOS/Source/stream_buffer.c **** 											 pxHigherPriorityTaskWoken );				\
  85:Middlewares/Third_Party/FreeRTOS/Source/stream_buffer.c **** 				( pxStreamBuffer )->xTaskWaitingToSend = NULL;							\
  86:Middlewares/Third_Party/FreeRTOS/Source/stream_buffer.c **** 			}																			\
  87:Middlewares/Third_Party/FreeRTOS/Source/stream_buffer.c **** 		}																				\
ARM GAS  /tmp/ccDqghRU.s 			page 3


  88:Middlewares/Third_Party/FreeRTOS/Source/stream_buffer.c **** 		portCLEAR_INTERRUPT_MASK_FROM_ISR( uxSavedInterruptStatus );					\
  89:Middlewares/Third_Party/FreeRTOS/Source/stream_buffer.c **** 	}
  90:Middlewares/Third_Party/FreeRTOS/Source/stream_buffer.c **** #endif /* sbRECEIVE_COMPLETED_FROM_ISR */
  91:Middlewares/Third_Party/FreeRTOS/Source/stream_buffer.c **** 
  92:Middlewares/Third_Party/FreeRTOS/Source/stream_buffer.c **** /* If the user has not provided an application specific Tx notification macro,
  93:Middlewares/Third_Party/FreeRTOS/Source/stream_buffer.c **** or #defined the notification macro away, them provide a default implementation
  94:Middlewares/Third_Party/FreeRTOS/Source/stream_buffer.c **** that uses task notifications. */
  95:Middlewares/Third_Party/FreeRTOS/Source/stream_buffer.c **** #ifndef sbSEND_COMPLETED
  96:Middlewares/Third_Party/FreeRTOS/Source/stream_buffer.c **** 	#define sbSEND_COMPLETED( pxStreamBuffer )											\
  97:Middlewares/Third_Party/FreeRTOS/Source/stream_buffer.c **** 		vTaskSuspendAll();																\
  98:Middlewares/Third_Party/FreeRTOS/Source/stream_buffer.c **** 		{																				\
  99:Middlewares/Third_Party/FreeRTOS/Source/stream_buffer.c **** 			if( ( pxStreamBuffer )->xTaskWaitingToReceive != NULL )						\
 100:Middlewares/Third_Party/FreeRTOS/Source/stream_buffer.c **** 			{																			\
 101:Middlewares/Third_Party/FreeRTOS/Source/stream_buffer.c **** 				( void ) xTaskNotify( ( pxStreamBuffer )->xTaskWaitingToReceive,		\
 102:Middlewares/Third_Party/FreeRTOS/Source/stream_buffer.c **** 									  ( uint32_t ) 0,									\
 103:Middlewares/Third_Party/FreeRTOS/Source/stream_buffer.c **** 									  eNoAction );										\
 104:Middlewares/Third_Party/FreeRTOS/Source/stream_buffer.c **** 				( pxStreamBuffer )->xTaskWaitingToReceive = NULL;						\
 105:Middlewares/Third_Party/FreeRTOS/Source/stream_buffer.c **** 			}																			\
 106:Middlewares/Third_Party/FreeRTOS/Source/stream_buffer.c **** 		}																				\
 107:Middlewares/Third_Party/FreeRTOS/Source/stream_buffer.c **** 		( void ) xTaskResumeAll();
 108:Middlewares/Third_Party/FreeRTOS/Source/stream_buffer.c **** #endif /* sbSEND_COMPLETED */
 109:Middlewares/Third_Party/FreeRTOS/Source/stream_buffer.c **** 
 110:Middlewares/Third_Party/FreeRTOS/Source/stream_buffer.c **** #ifndef sbSEND_COMPLETE_FROM_ISR
 111:Middlewares/Third_Party/FreeRTOS/Source/stream_buffer.c **** 	#define sbSEND_COMPLETE_FROM_ISR( pxStreamBuffer, pxHigherPriorityTaskWoken )		\
 112:Middlewares/Third_Party/FreeRTOS/Source/stream_buffer.c **** 	{																					\
 113:Middlewares/Third_Party/FreeRTOS/Source/stream_buffer.c **** 	UBaseType_t uxSavedInterruptStatus;													\
 114:Middlewares/Third_Party/FreeRTOS/Source/stream_buffer.c **** 																						\
 115:Middlewares/Third_Party/FreeRTOS/Source/stream_buffer.c **** 		uxSavedInterruptStatus = ( UBaseType_t ) portSET_INTERRUPT_MASK_FROM_ISR();		\
 116:Middlewares/Third_Party/FreeRTOS/Source/stream_buffer.c **** 		{																				\
 117:Middlewares/Third_Party/FreeRTOS/Source/stream_buffer.c **** 			if( ( pxStreamBuffer )->xTaskWaitingToReceive != NULL )						\
 118:Middlewares/Third_Party/FreeRTOS/Source/stream_buffer.c **** 			{																			\
 119:Middlewares/Third_Party/FreeRTOS/Source/stream_buffer.c **** 				( void ) xTaskNotifyFromISR( ( pxStreamBuffer )->xTaskWaitingToReceive,	\
 120:Middlewares/Third_Party/FreeRTOS/Source/stream_buffer.c **** 											 ( uint32_t ) 0,							\
 121:Middlewares/Third_Party/FreeRTOS/Source/stream_buffer.c **** 											 eNoAction,									\
 122:Middlewares/Third_Party/FreeRTOS/Source/stream_buffer.c **** 											 pxHigherPriorityTaskWoken );				\
 123:Middlewares/Third_Party/FreeRTOS/Source/stream_buffer.c **** 				( pxStreamBuffer )->xTaskWaitingToReceive = NULL;						\
 124:Middlewares/Third_Party/FreeRTOS/Source/stream_buffer.c **** 			}																			\
 125:Middlewares/Third_Party/FreeRTOS/Source/stream_buffer.c **** 		}																				\
 126:Middlewares/Third_Party/FreeRTOS/Source/stream_buffer.c **** 		portCLEAR_INTERRUPT_MASK_FROM_ISR( uxSavedInterruptStatus );					\
 127:Middlewares/Third_Party/FreeRTOS/Source/stream_buffer.c **** 	}
 128:Middlewares/Third_Party/FreeRTOS/Source/stream_buffer.c **** #endif /* sbSEND_COMPLETE_FROM_ISR */
 129:Middlewares/Third_Party/FreeRTOS/Source/stream_buffer.c **** /*lint -restore (9026) */
 130:Middlewares/Third_Party/FreeRTOS/Source/stream_buffer.c **** 
 131:Middlewares/Third_Party/FreeRTOS/Source/stream_buffer.c **** /* The number of bytes used to hold the length of a message in the buffer. */
 132:Middlewares/Third_Party/FreeRTOS/Source/stream_buffer.c **** #define sbBYTES_TO_STORE_MESSAGE_LENGTH ( sizeof( size_t ) )
 133:Middlewares/Third_Party/FreeRTOS/Source/stream_buffer.c **** 
 134:Middlewares/Third_Party/FreeRTOS/Source/stream_buffer.c **** /* Bits stored in the ucFlags field of the stream buffer. */
 135:Middlewares/Third_Party/FreeRTOS/Source/stream_buffer.c **** #define sbFLAGS_IS_MESSAGE_BUFFER		( ( uint8_t ) 1 ) /* Set if the stream buffer was created as a m
 136:Middlewares/Third_Party/FreeRTOS/Source/stream_buffer.c **** #define sbFLAGS_IS_STATICALLY_ALLOCATED ( ( uint8_t ) 2 ) /* Set if the stream buffer was created u
 137:Middlewares/Third_Party/FreeRTOS/Source/stream_buffer.c **** 
 138:Middlewares/Third_Party/FreeRTOS/Source/stream_buffer.c **** /*-----------------------------------------------------------*/
 139:Middlewares/Third_Party/FreeRTOS/Source/stream_buffer.c **** 
 140:Middlewares/Third_Party/FreeRTOS/Source/stream_buffer.c **** /* Structure that hold state information on the buffer. */
 141:Middlewares/Third_Party/FreeRTOS/Source/stream_buffer.c **** typedef struct xSTREAM_BUFFER /*lint !e9058 Style convention uses tag. */
 142:Middlewares/Third_Party/FreeRTOS/Source/stream_buffer.c **** {
 143:Middlewares/Third_Party/FreeRTOS/Source/stream_buffer.c **** 	volatile size_t xTail;				/* Index to the next item to read within the buffer. */
 144:Middlewares/Third_Party/FreeRTOS/Source/stream_buffer.c **** 	volatile size_t xHead;				/* Index to the next item to write within the buffer. */
ARM GAS  /tmp/ccDqghRU.s 			page 4


 145:Middlewares/Third_Party/FreeRTOS/Source/stream_buffer.c **** 	size_t xLength;						/* The length of the buffer pointed to by pucBuffer. */
 146:Middlewares/Third_Party/FreeRTOS/Source/stream_buffer.c **** 	size_t xTriggerLevelBytes;			/* The number of bytes that must be in the stream buffer before a tas
 147:Middlewares/Third_Party/FreeRTOS/Source/stream_buffer.c **** 	volatile TaskHandle_t xTaskWaitingToReceive; /* Holds the handle of a task waiting for data, or NU
 148:Middlewares/Third_Party/FreeRTOS/Source/stream_buffer.c **** 	volatile TaskHandle_t xTaskWaitingToSend;	/* Holds the handle of a task waiting to send data to a 
 149:Middlewares/Third_Party/FreeRTOS/Source/stream_buffer.c **** 	uint8_t *pucBuffer;					/* Points to the buffer itself - that is - the RAM that stores the data pa
 150:Middlewares/Third_Party/FreeRTOS/Source/stream_buffer.c **** 	uint8_t ucFlags;
 151:Middlewares/Third_Party/FreeRTOS/Source/stream_buffer.c **** 
 152:Middlewares/Third_Party/FreeRTOS/Source/stream_buffer.c **** 	#if ( configUSE_TRACE_FACILITY == 1 )
 153:Middlewares/Third_Party/FreeRTOS/Source/stream_buffer.c **** 		UBaseType_t uxStreamBufferNumber;		/* Used for tracing purposes. */
 154:Middlewares/Third_Party/FreeRTOS/Source/stream_buffer.c **** 	#endif
 155:Middlewares/Third_Party/FreeRTOS/Source/stream_buffer.c **** } StreamBuffer_t;
 156:Middlewares/Third_Party/FreeRTOS/Source/stream_buffer.c **** 
 157:Middlewares/Third_Party/FreeRTOS/Source/stream_buffer.c **** /*
 158:Middlewares/Third_Party/FreeRTOS/Source/stream_buffer.c ****  * The number of bytes available to be read from the buffer.
 159:Middlewares/Third_Party/FreeRTOS/Source/stream_buffer.c ****  */
 160:Middlewares/Third_Party/FreeRTOS/Source/stream_buffer.c **** static size_t prvBytesInBuffer( const StreamBuffer_t * const pxStreamBuffer ) PRIVILEGED_FUNCTION;
 161:Middlewares/Third_Party/FreeRTOS/Source/stream_buffer.c **** 
 162:Middlewares/Third_Party/FreeRTOS/Source/stream_buffer.c **** /*
 163:Middlewares/Third_Party/FreeRTOS/Source/stream_buffer.c ****  * Add xCount bytes from pucData into the pxStreamBuffer message buffer.
 164:Middlewares/Third_Party/FreeRTOS/Source/stream_buffer.c ****  * Returns the number of bytes written, which will either equal xCount in the
 165:Middlewares/Third_Party/FreeRTOS/Source/stream_buffer.c ****  * success case, or 0 if there was not enough space in the buffer (in which case
 166:Middlewares/Third_Party/FreeRTOS/Source/stream_buffer.c ****  * no data is written into the buffer).
 167:Middlewares/Third_Party/FreeRTOS/Source/stream_buffer.c ****  */
 168:Middlewares/Third_Party/FreeRTOS/Source/stream_buffer.c **** static size_t prvWriteBytesToBuffer( StreamBuffer_t * const pxStreamBuffer, const uint8_t *pucData,
 169:Middlewares/Third_Party/FreeRTOS/Source/stream_buffer.c **** 
 170:Middlewares/Third_Party/FreeRTOS/Source/stream_buffer.c **** /*
 171:Middlewares/Third_Party/FreeRTOS/Source/stream_buffer.c ****  * If the stream buffer is being used as a message buffer, then reads an entire
 172:Middlewares/Third_Party/FreeRTOS/Source/stream_buffer.c ****  * message out of the buffer.  If the stream buffer is being used as a stream
 173:Middlewares/Third_Party/FreeRTOS/Source/stream_buffer.c ****  * buffer then read as many bytes as possible from the buffer.
 174:Middlewares/Third_Party/FreeRTOS/Source/stream_buffer.c ****  * prvReadBytesFromBuffer() is called to actually extract the bytes from the
 175:Middlewares/Third_Party/FreeRTOS/Source/stream_buffer.c ****  * buffer's data storage area.
 176:Middlewares/Third_Party/FreeRTOS/Source/stream_buffer.c ****  */
 177:Middlewares/Third_Party/FreeRTOS/Source/stream_buffer.c **** static size_t prvReadMessageFromBuffer( StreamBuffer_t *pxStreamBuffer,
 178:Middlewares/Third_Party/FreeRTOS/Source/stream_buffer.c **** 										void *pvRxData,
 179:Middlewares/Third_Party/FreeRTOS/Source/stream_buffer.c **** 										size_t xBufferLengthBytes,
 180:Middlewares/Third_Party/FreeRTOS/Source/stream_buffer.c **** 										size_t xBytesAvailable,
 181:Middlewares/Third_Party/FreeRTOS/Source/stream_buffer.c **** 										size_t xBytesToStoreMessageLength ) PRIVILEGED_FUNCTION;
 182:Middlewares/Third_Party/FreeRTOS/Source/stream_buffer.c **** 
 183:Middlewares/Third_Party/FreeRTOS/Source/stream_buffer.c **** /*
 184:Middlewares/Third_Party/FreeRTOS/Source/stream_buffer.c ****  * If the stream buffer is being used as a message buffer, then writes an entire
 185:Middlewares/Third_Party/FreeRTOS/Source/stream_buffer.c ****  * message to the buffer.  If the stream buffer is being used as a stream
 186:Middlewares/Third_Party/FreeRTOS/Source/stream_buffer.c ****  * buffer then write as many bytes as possible to the buffer.
 187:Middlewares/Third_Party/FreeRTOS/Source/stream_buffer.c ****  * prvWriteBytestoBuffer() is called to actually send the bytes to the buffer's
 188:Middlewares/Third_Party/FreeRTOS/Source/stream_buffer.c ****  * data storage area.
 189:Middlewares/Third_Party/FreeRTOS/Source/stream_buffer.c ****  */
 190:Middlewares/Third_Party/FreeRTOS/Source/stream_buffer.c **** static size_t prvWriteMessageToBuffer(  StreamBuffer_t * const pxStreamBuffer,
 191:Middlewares/Third_Party/FreeRTOS/Source/stream_buffer.c **** 										const void * pvTxData,
 192:Middlewares/Third_Party/FreeRTOS/Source/stream_buffer.c **** 										size_t xDataLengthBytes,
 193:Middlewares/Third_Party/FreeRTOS/Source/stream_buffer.c **** 										size_t xSpace,
 194:Middlewares/Third_Party/FreeRTOS/Source/stream_buffer.c **** 										size_t xRequiredSpace ) PRIVILEGED_FUNCTION;
 195:Middlewares/Third_Party/FreeRTOS/Source/stream_buffer.c **** 
 196:Middlewares/Third_Party/FreeRTOS/Source/stream_buffer.c **** /*
 197:Middlewares/Third_Party/FreeRTOS/Source/stream_buffer.c ****  * Read xMaxCount bytes from the pxStreamBuffer message buffer and write them
 198:Middlewares/Third_Party/FreeRTOS/Source/stream_buffer.c ****  * to pucData.
 199:Middlewares/Third_Party/FreeRTOS/Source/stream_buffer.c ****  */
 200:Middlewares/Third_Party/FreeRTOS/Source/stream_buffer.c **** static size_t prvReadBytesFromBuffer( StreamBuffer_t *pxStreamBuffer,
 201:Middlewares/Third_Party/FreeRTOS/Source/stream_buffer.c **** 									  uint8_t *pucData,
ARM GAS  /tmp/ccDqghRU.s 			page 5


 202:Middlewares/Third_Party/FreeRTOS/Source/stream_buffer.c **** 									  size_t xMaxCount,
 203:Middlewares/Third_Party/FreeRTOS/Source/stream_buffer.c **** 									  size_t xBytesAvailable ); PRIVILEGED_FUNCTION
 204:Middlewares/Third_Party/FreeRTOS/Source/stream_buffer.c **** 
 205:Middlewares/Third_Party/FreeRTOS/Source/stream_buffer.c **** /*
 206:Middlewares/Third_Party/FreeRTOS/Source/stream_buffer.c ****  * Called by both pxStreamBufferCreate() and pxStreamBufferCreateStatic() to
 207:Middlewares/Third_Party/FreeRTOS/Source/stream_buffer.c ****  * initialise the members of the newly created stream buffer structure.
 208:Middlewares/Third_Party/FreeRTOS/Source/stream_buffer.c ****  */
 209:Middlewares/Third_Party/FreeRTOS/Source/stream_buffer.c **** static void prvInitialiseNewStreamBuffer( StreamBuffer_t * const pxStreamBuffer,
 210:Middlewares/Third_Party/FreeRTOS/Source/stream_buffer.c **** 										  uint8_t * const pucBuffer,
 211:Middlewares/Third_Party/FreeRTOS/Source/stream_buffer.c **** 										  size_t xBufferSizeBytes,
 212:Middlewares/Third_Party/FreeRTOS/Source/stream_buffer.c **** 										  size_t xTriggerLevelBytes,
 213:Middlewares/Third_Party/FreeRTOS/Source/stream_buffer.c **** 										  BaseType_t xIsMessageBuffer ) PRIVILEGED_FUNCTION;
 214:Middlewares/Third_Party/FreeRTOS/Source/stream_buffer.c **** 
 215:Middlewares/Third_Party/FreeRTOS/Source/stream_buffer.c **** /*-----------------------------------------------------------*/
 216:Middlewares/Third_Party/FreeRTOS/Source/stream_buffer.c **** 
 217:Middlewares/Third_Party/FreeRTOS/Source/stream_buffer.c **** #if( configSUPPORT_DYNAMIC_ALLOCATION == 1 )
 218:Middlewares/Third_Party/FreeRTOS/Source/stream_buffer.c **** 
 219:Middlewares/Third_Party/FreeRTOS/Source/stream_buffer.c **** 	StreamBufferHandle_t xStreamBufferGenericCreate( size_t xBufferSizeBytes, size_t xTriggerLevelByte
 220:Middlewares/Third_Party/FreeRTOS/Source/stream_buffer.c **** 	{
 221:Middlewares/Third_Party/FreeRTOS/Source/stream_buffer.c **** 	uint8_t *pucAllocatedMemory;
 222:Middlewares/Third_Party/FreeRTOS/Source/stream_buffer.c **** 
 223:Middlewares/Third_Party/FreeRTOS/Source/stream_buffer.c **** 		/* In case the stream buffer is going to be used as a message buffer
 224:Middlewares/Third_Party/FreeRTOS/Source/stream_buffer.c **** 		(that is, it will hold discrete messages with a little meta data that
 225:Middlewares/Third_Party/FreeRTOS/Source/stream_buffer.c **** 		says how big the next message is) check the buffer will be large enough
 226:Middlewares/Third_Party/FreeRTOS/Source/stream_buffer.c **** 		to hold at least one message. */
 227:Middlewares/Third_Party/FreeRTOS/Source/stream_buffer.c **** 		configASSERT( xBufferSizeBytes > sbBYTES_TO_STORE_MESSAGE_LENGTH );
 228:Middlewares/Third_Party/FreeRTOS/Source/stream_buffer.c **** 		configASSERT( xTriggerLevelBytes <= xBufferSizeBytes );
 229:Middlewares/Third_Party/FreeRTOS/Source/stream_buffer.c **** 
 230:Middlewares/Third_Party/FreeRTOS/Source/stream_buffer.c **** 		/* A trigger level of 0 would cause a waiting task to unblock even when
 231:Middlewares/Third_Party/FreeRTOS/Source/stream_buffer.c **** 		the buffer was empty. */
 232:Middlewares/Third_Party/FreeRTOS/Source/stream_buffer.c **** 		if( xTriggerLevelBytes == ( size_t ) 0 )
 233:Middlewares/Third_Party/FreeRTOS/Source/stream_buffer.c **** 		{
 234:Middlewares/Third_Party/FreeRTOS/Source/stream_buffer.c **** 			xTriggerLevelBytes = ( size_t ) 1; /*lint !e9044 Parameter modified to ensure it doesn't have a 
 235:Middlewares/Third_Party/FreeRTOS/Source/stream_buffer.c **** 		}
 236:Middlewares/Third_Party/FreeRTOS/Source/stream_buffer.c **** 
 237:Middlewares/Third_Party/FreeRTOS/Source/stream_buffer.c **** 		/* A stream buffer requires a StreamBuffer_t structure and a buffer.
 238:Middlewares/Third_Party/FreeRTOS/Source/stream_buffer.c **** 		Both are allocated in a single call to pvPortMalloc().  The
 239:Middlewares/Third_Party/FreeRTOS/Source/stream_buffer.c **** 		StreamBuffer_t structure is placed at the start of the allocated memory
 240:Middlewares/Third_Party/FreeRTOS/Source/stream_buffer.c **** 		and the buffer follows immediately after.  The requested size is
 241:Middlewares/Third_Party/FreeRTOS/Source/stream_buffer.c **** 		incremented so the free space is returned as the user would expect -
 242:Middlewares/Third_Party/FreeRTOS/Source/stream_buffer.c **** 		this is a quirk of the implementation that means otherwise the free
 243:Middlewares/Third_Party/FreeRTOS/Source/stream_buffer.c **** 		space would be reported as one byte smaller than would be logically
 244:Middlewares/Third_Party/FreeRTOS/Source/stream_buffer.c **** 		expected. */
 245:Middlewares/Third_Party/FreeRTOS/Source/stream_buffer.c **** 		xBufferSizeBytes++;
 246:Middlewares/Third_Party/FreeRTOS/Source/stream_buffer.c **** 		pucAllocatedMemory = ( uint8_t * ) pvPortMalloc( xBufferSizeBytes + sizeof( StreamBuffer_t ) ); /
 247:Middlewares/Third_Party/FreeRTOS/Source/stream_buffer.c **** 
 248:Middlewares/Third_Party/FreeRTOS/Source/stream_buffer.c **** 		if( pucAllocatedMemory != NULL )
 249:Middlewares/Third_Party/FreeRTOS/Source/stream_buffer.c **** 		{
 250:Middlewares/Third_Party/FreeRTOS/Source/stream_buffer.c **** 			prvInitialiseNewStreamBuffer( ( StreamBuffer_t * ) pucAllocatedMemory, /* Structure at the start
 251:Middlewares/Third_Party/FreeRTOS/Source/stream_buffer.c **** 										   pucAllocatedMemory + sizeof( StreamBuffer_t ),  /* Storage area follows. */ /*lint !e9
 252:Middlewares/Third_Party/FreeRTOS/Source/stream_buffer.c **** 										   xBufferSizeBytes,
 253:Middlewares/Third_Party/FreeRTOS/Source/stream_buffer.c **** 										   xTriggerLevelBytes,
 254:Middlewares/Third_Party/FreeRTOS/Source/stream_buffer.c **** 										   xIsMessageBuffer );
 255:Middlewares/Third_Party/FreeRTOS/Source/stream_buffer.c **** 
 256:Middlewares/Third_Party/FreeRTOS/Source/stream_buffer.c **** 			traceSTREAM_BUFFER_CREATE( ( ( StreamBuffer_t * ) pucAllocatedMemory ), xIsMessageBuffer );
 257:Middlewares/Third_Party/FreeRTOS/Source/stream_buffer.c **** 		}
 258:Middlewares/Third_Party/FreeRTOS/Source/stream_buffer.c **** 		else
ARM GAS  /tmp/ccDqghRU.s 			page 6


 259:Middlewares/Third_Party/FreeRTOS/Source/stream_buffer.c **** 		{
 260:Middlewares/Third_Party/FreeRTOS/Source/stream_buffer.c **** 			traceSTREAM_BUFFER_CREATE_FAILED( xIsMessageBuffer );
 261:Middlewares/Third_Party/FreeRTOS/Source/stream_buffer.c **** 		}
 262:Middlewares/Third_Party/FreeRTOS/Source/stream_buffer.c **** 
 263:Middlewares/Third_Party/FreeRTOS/Source/stream_buffer.c **** 		return ( StreamBufferHandle_t * ) pucAllocatedMemory; /*lint !e9087 !e826 Safe cast as allocated 
 264:Middlewares/Third_Party/FreeRTOS/Source/stream_buffer.c **** 	}
 265:Middlewares/Third_Party/FreeRTOS/Source/stream_buffer.c **** 
 266:Middlewares/Third_Party/FreeRTOS/Source/stream_buffer.c **** #endif /* configSUPPORT_DYNAMIC_ALLOCATION */
 267:Middlewares/Third_Party/FreeRTOS/Source/stream_buffer.c **** /*-----------------------------------------------------------*/
 268:Middlewares/Third_Party/FreeRTOS/Source/stream_buffer.c **** 
 269:Middlewares/Third_Party/FreeRTOS/Source/stream_buffer.c **** #if( configSUPPORT_STATIC_ALLOCATION == 1 )
 270:Middlewares/Third_Party/FreeRTOS/Source/stream_buffer.c **** 
 271:Middlewares/Third_Party/FreeRTOS/Source/stream_buffer.c **** 	StreamBufferHandle_t xStreamBufferGenericCreateStatic( size_t xBufferSizeBytes,
 272:Middlewares/Third_Party/FreeRTOS/Source/stream_buffer.c **** 														   size_t xTriggerLevelBytes,
 273:Middlewares/Third_Party/FreeRTOS/Source/stream_buffer.c **** 														   BaseType_t xIsMessageBuffer,
 274:Middlewares/Third_Party/FreeRTOS/Source/stream_buffer.c **** 														   uint8_t * const pucStreamBufferStorageArea,
 275:Middlewares/Third_Party/FreeRTOS/Source/stream_buffer.c **** 														   StaticStreamBuffer_t * const pxStaticStreamBuffer )
 276:Middlewares/Third_Party/FreeRTOS/Source/stream_buffer.c **** 	{
 277:Middlewares/Third_Party/FreeRTOS/Source/stream_buffer.c **** 	StreamBuffer_t * const pxStreamBuffer = ( StreamBuffer_t * ) pxStaticStreamBuffer; /*lint !e740 !e
 278:Middlewares/Third_Party/FreeRTOS/Source/stream_buffer.c **** 	StreamBufferHandle_t xReturn;
 279:Middlewares/Third_Party/FreeRTOS/Source/stream_buffer.c **** 
 280:Middlewares/Third_Party/FreeRTOS/Source/stream_buffer.c **** 		configASSERT( pucStreamBufferStorageArea );
 281:Middlewares/Third_Party/FreeRTOS/Source/stream_buffer.c **** 		configASSERT( pxStaticStreamBuffer );
 282:Middlewares/Third_Party/FreeRTOS/Source/stream_buffer.c **** 		configASSERT( xTriggerLevelBytes <= xBufferSizeBytes );
 283:Middlewares/Third_Party/FreeRTOS/Source/stream_buffer.c **** 
 284:Middlewares/Third_Party/FreeRTOS/Source/stream_buffer.c **** 		/* A trigger level of 0 would cause a waiting task to unblock even when
 285:Middlewares/Third_Party/FreeRTOS/Source/stream_buffer.c **** 		the buffer was empty. */
 286:Middlewares/Third_Party/FreeRTOS/Source/stream_buffer.c **** 		if( xTriggerLevelBytes == ( size_t ) 0 )
 287:Middlewares/Third_Party/FreeRTOS/Source/stream_buffer.c **** 		{
 288:Middlewares/Third_Party/FreeRTOS/Source/stream_buffer.c **** 			xTriggerLevelBytes = ( size_t ) 1; /*lint !e9044 Function parameter deliberately modified to ens
 289:Middlewares/Third_Party/FreeRTOS/Source/stream_buffer.c **** 		}
 290:Middlewares/Third_Party/FreeRTOS/Source/stream_buffer.c **** 
 291:Middlewares/Third_Party/FreeRTOS/Source/stream_buffer.c **** 		/* In case the stream buffer is going to be used as a message buffer
 292:Middlewares/Third_Party/FreeRTOS/Source/stream_buffer.c **** 		(that is, it will hold discrete messages with a little meta data that
 293:Middlewares/Third_Party/FreeRTOS/Source/stream_buffer.c **** 		says how big the next message is) check the buffer will be large enough
 294:Middlewares/Third_Party/FreeRTOS/Source/stream_buffer.c **** 		to hold at least one message. */
 295:Middlewares/Third_Party/FreeRTOS/Source/stream_buffer.c **** 		configASSERT( xBufferSizeBytes > sbBYTES_TO_STORE_MESSAGE_LENGTH );
 296:Middlewares/Third_Party/FreeRTOS/Source/stream_buffer.c **** 
 297:Middlewares/Third_Party/FreeRTOS/Source/stream_buffer.c **** 		#if( configASSERT_DEFINED == 1 )
 298:Middlewares/Third_Party/FreeRTOS/Source/stream_buffer.c **** 		{
 299:Middlewares/Third_Party/FreeRTOS/Source/stream_buffer.c **** 			/* Sanity check that the size of the structure used to declare a
 300:Middlewares/Third_Party/FreeRTOS/Source/stream_buffer.c **** 			variable of type StaticStreamBuffer_t equals the size of the real
 301:Middlewares/Third_Party/FreeRTOS/Source/stream_buffer.c **** 			message buffer structure. */
 302:Middlewares/Third_Party/FreeRTOS/Source/stream_buffer.c **** 			volatile size_t xSize = sizeof( StaticStreamBuffer_t );
 303:Middlewares/Third_Party/FreeRTOS/Source/stream_buffer.c **** 			configASSERT( xSize == sizeof( StreamBuffer_t ) );
 304:Middlewares/Third_Party/FreeRTOS/Source/stream_buffer.c **** 		}
 305:Middlewares/Third_Party/FreeRTOS/Source/stream_buffer.c **** 		#endif /* configASSERT_DEFINED */
 306:Middlewares/Third_Party/FreeRTOS/Source/stream_buffer.c **** 
 307:Middlewares/Third_Party/FreeRTOS/Source/stream_buffer.c **** 		if( ( pucStreamBufferStorageArea != NULL ) && ( pxStaticStreamBuffer != NULL ) )
 308:Middlewares/Third_Party/FreeRTOS/Source/stream_buffer.c **** 		{
 309:Middlewares/Third_Party/FreeRTOS/Source/stream_buffer.c **** 			prvInitialiseNewStreamBuffer( pxStreamBuffer,
 310:Middlewares/Third_Party/FreeRTOS/Source/stream_buffer.c **** 										  pucStreamBufferStorageArea,
 311:Middlewares/Third_Party/FreeRTOS/Source/stream_buffer.c **** 										  xBufferSizeBytes,
 312:Middlewares/Third_Party/FreeRTOS/Source/stream_buffer.c **** 										  xTriggerLevelBytes,
 313:Middlewares/Third_Party/FreeRTOS/Source/stream_buffer.c **** 										  xIsMessageBuffer );
 314:Middlewares/Third_Party/FreeRTOS/Source/stream_buffer.c **** 
 315:Middlewares/Third_Party/FreeRTOS/Source/stream_buffer.c **** 			/* Remember this was statically allocated in case it is ever deleted
ARM GAS  /tmp/ccDqghRU.s 			page 7


 316:Middlewares/Third_Party/FreeRTOS/Source/stream_buffer.c **** 			again. */
 317:Middlewares/Third_Party/FreeRTOS/Source/stream_buffer.c **** 			pxStreamBuffer->ucFlags |= sbFLAGS_IS_STATICALLY_ALLOCATED;
 318:Middlewares/Third_Party/FreeRTOS/Source/stream_buffer.c **** 
 319:Middlewares/Third_Party/FreeRTOS/Source/stream_buffer.c **** 			traceSTREAM_BUFFER_CREATE( pxStreamBuffer, xIsMessageBuffer );
 320:Middlewares/Third_Party/FreeRTOS/Source/stream_buffer.c **** 
 321:Middlewares/Third_Party/FreeRTOS/Source/stream_buffer.c **** 			xReturn = ( StreamBufferHandle_t ) pxStaticStreamBuffer; /*lint !e9087 Data hiding requires cast
 322:Middlewares/Third_Party/FreeRTOS/Source/stream_buffer.c **** 		}
 323:Middlewares/Third_Party/FreeRTOS/Source/stream_buffer.c **** 		else
 324:Middlewares/Third_Party/FreeRTOS/Source/stream_buffer.c **** 		{
 325:Middlewares/Third_Party/FreeRTOS/Source/stream_buffer.c **** 			xReturn = NULL;
 326:Middlewares/Third_Party/FreeRTOS/Source/stream_buffer.c **** 			traceSTREAM_BUFFER_CREATE_STATIC_FAILED( xReturn, xIsMessageBuffer );
 327:Middlewares/Third_Party/FreeRTOS/Source/stream_buffer.c **** 		}
 328:Middlewares/Third_Party/FreeRTOS/Source/stream_buffer.c **** 
 329:Middlewares/Third_Party/FreeRTOS/Source/stream_buffer.c **** 		return xReturn;
 330:Middlewares/Third_Party/FreeRTOS/Source/stream_buffer.c **** 	}
 331:Middlewares/Third_Party/FreeRTOS/Source/stream_buffer.c **** 
 332:Middlewares/Third_Party/FreeRTOS/Source/stream_buffer.c **** #endif /* ( configSUPPORT_STATIC_ALLOCATION == 1 ) */
 333:Middlewares/Third_Party/FreeRTOS/Source/stream_buffer.c **** /*-----------------------------------------------------------*/
 334:Middlewares/Third_Party/FreeRTOS/Source/stream_buffer.c **** 
 335:Middlewares/Third_Party/FreeRTOS/Source/stream_buffer.c **** void vStreamBufferDelete( StreamBufferHandle_t xStreamBuffer )
 336:Middlewares/Third_Party/FreeRTOS/Source/stream_buffer.c **** {
 337:Middlewares/Third_Party/FreeRTOS/Source/stream_buffer.c **** StreamBuffer_t * pxStreamBuffer = ( StreamBuffer_t * ) xStreamBuffer; /*lint !e9087 !e9079 Safe cas
 338:Middlewares/Third_Party/FreeRTOS/Source/stream_buffer.c **** 
 339:Middlewares/Third_Party/FreeRTOS/Source/stream_buffer.c **** 	configASSERT( pxStreamBuffer );
 340:Middlewares/Third_Party/FreeRTOS/Source/stream_buffer.c **** 
 341:Middlewares/Third_Party/FreeRTOS/Source/stream_buffer.c **** 	traceSTREAM_BUFFER_DELETE( xStreamBuffer );
 342:Middlewares/Third_Party/FreeRTOS/Source/stream_buffer.c **** 
 343:Middlewares/Third_Party/FreeRTOS/Source/stream_buffer.c **** 	if( ( pxStreamBuffer->ucFlags & sbFLAGS_IS_STATICALLY_ALLOCATED ) == ( uint8_t ) pdFALSE )
 344:Middlewares/Third_Party/FreeRTOS/Source/stream_buffer.c **** 	{
 345:Middlewares/Third_Party/FreeRTOS/Source/stream_buffer.c **** 		#if( configSUPPORT_DYNAMIC_ALLOCATION == 1 )
 346:Middlewares/Third_Party/FreeRTOS/Source/stream_buffer.c **** 		{
 347:Middlewares/Third_Party/FreeRTOS/Source/stream_buffer.c **** 			/* Both the structure and the buffer were allocated using a single call
 348:Middlewares/Third_Party/FreeRTOS/Source/stream_buffer.c **** 			to pvPortMalloc(), hence only one call to vPortFree() is required. */
 349:Middlewares/Third_Party/FreeRTOS/Source/stream_buffer.c **** 			vPortFree( ( void * ) pxStreamBuffer ); /*lint !e9087 Standard free() semantics require void *, 
 350:Middlewares/Third_Party/FreeRTOS/Source/stream_buffer.c **** 		}
 351:Middlewares/Third_Party/FreeRTOS/Source/stream_buffer.c **** 		#else
 352:Middlewares/Third_Party/FreeRTOS/Source/stream_buffer.c **** 		{
 353:Middlewares/Third_Party/FreeRTOS/Source/stream_buffer.c **** 			/* Should not be possible to get here, ucFlags must be corrupt.
 354:Middlewares/Third_Party/FreeRTOS/Source/stream_buffer.c **** 			Force an assert. */
 355:Middlewares/Third_Party/FreeRTOS/Source/stream_buffer.c **** 			configASSERT( xStreamBuffer == ( StreamBufferHandle_t ) ~0 );
 356:Middlewares/Third_Party/FreeRTOS/Source/stream_buffer.c **** 		}
 357:Middlewares/Third_Party/FreeRTOS/Source/stream_buffer.c **** 		#endif
 358:Middlewares/Third_Party/FreeRTOS/Source/stream_buffer.c **** 	}
 359:Middlewares/Third_Party/FreeRTOS/Source/stream_buffer.c **** 	else
 360:Middlewares/Third_Party/FreeRTOS/Source/stream_buffer.c **** 	{
 361:Middlewares/Third_Party/FreeRTOS/Source/stream_buffer.c **** 		/* The structure and buffer were not allocated dynamically and cannot be
 362:Middlewares/Third_Party/FreeRTOS/Source/stream_buffer.c **** 		freed - just scrub the structure so future use will assert. */
 363:Middlewares/Third_Party/FreeRTOS/Source/stream_buffer.c **** 		memset( pxStreamBuffer, 0x00, sizeof( StreamBuffer_t ) );
 364:Middlewares/Third_Party/FreeRTOS/Source/stream_buffer.c **** 	}
 365:Middlewares/Third_Party/FreeRTOS/Source/stream_buffer.c **** }
 366:Middlewares/Third_Party/FreeRTOS/Source/stream_buffer.c **** /*-----------------------------------------------------------*/
 367:Middlewares/Third_Party/FreeRTOS/Source/stream_buffer.c **** 
 368:Middlewares/Third_Party/FreeRTOS/Source/stream_buffer.c **** BaseType_t xStreamBufferReset( StreamBufferHandle_t xStreamBuffer )
 369:Middlewares/Third_Party/FreeRTOS/Source/stream_buffer.c **** {
 370:Middlewares/Third_Party/FreeRTOS/Source/stream_buffer.c **** StreamBuffer_t * const pxStreamBuffer = ( StreamBuffer_t * ) xStreamBuffer; /*lint !e9087 !e9079 Sa
 371:Middlewares/Third_Party/FreeRTOS/Source/stream_buffer.c **** BaseType_t xReturn = pdFAIL, xIsMessageBuffer;
 372:Middlewares/Third_Party/FreeRTOS/Source/stream_buffer.c **** 
ARM GAS  /tmp/ccDqghRU.s 			page 8


 373:Middlewares/Third_Party/FreeRTOS/Source/stream_buffer.c **** #if( configUSE_TRACE_FACILITY == 1 )
 374:Middlewares/Third_Party/FreeRTOS/Source/stream_buffer.c **** 	UBaseType_t uxStreamBufferNumber;
 375:Middlewares/Third_Party/FreeRTOS/Source/stream_buffer.c **** #endif
 376:Middlewares/Third_Party/FreeRTOS/Source/stream_buffer.c **** 
 377:Middlewares/Third_Party/FreeRTOS/Source/stream_buffer.c **** 	configASSERT( pxStreamBuffer );
 378:Middlewares/Third_Party/FreeRTOS/Source/stream_buffer.c **** 
 379:Middlewares/Third_Party/FreeRTOS/Source/stream_buffer.c **** 	#if( configUSE_TRACE_FACILITY == 1 )
 380:Middlewares/Third_Party/FreeRTOS/Source/stream_buffer.c **** 	{
 381:Middlewares/Third_Party/FreeRTOS/Source/stream_buffer.c **** 		/* Store the stream buffer number so it can be restored after the
 382:Middlewares/Third_Party/FreeRTOS/Source/stream_buffer.c **** 		reset. */
 383:Middlewares/Third_Party/FreeRTOS/Source/stream_buffer.c **** 		uxStreamBufferNumber = pxStreamBuffer->uxStreamBufferNumber;
 384:Middlewares/Third_Party/FreeRTOS/Source/stream_buffer.c **** 	}
 385:Middlewares/Third_Party/FreeRTOS/Source/stream_buffer.c **** 	#endif
 386:Middlewares/Third_Party/FreeRTOS/Source/stream_buffer.c **** 
 387:Middlewares/Third_Party/FreeRTOS/Source/stream_buffer.c **** 	/* Can only reset a message buffer if there are no tasks blocked on it. */
 388:Middlewares/Third_Party/FreeRTOS/Source/stream_buffer.c **** 	if( pxStreamBuffer->xTaskWaitingToReceive == NULL )
 389:Middlewares/Third_Party/FreeRTOS/Source/stream_buffer.c **** 	{
 390:Middlewares/Third_Party/FreeRTOS/Source/stream_buffer.c **** 		if( pxStreamBuffer->xTaskWaitingToSend == NULL )
 391:Middlewares/Third_Party/FreeRTOS/Source/stream_buffer.c **** 		{
 392:Middlewares/Third_Party/FreeRTOS/Source/stream_buffer.c **** 			if( ( pxStreamBuffer->ucFlags & sbFLAGS_IS_MESSAGE_BUFFER ) != ( uint8_t ) 0 )
 393:Middlewares/Third_Party/FreeRTOS/Source/stream_buffer.c **** 			{
 394:Middlewares/Third_Party/FreeRTOS/Source/stream_buffer.c **** 				xIsMessageBuffer = pdTRUE;
 395:Middlewares/Third_Party/FreeRTOS/Source/stream_buffer.c **** 			}
 396:Middlewares/Third_Party/FreeRTOS/Source/stream_buffer.c **** 			else
 397:Middlewares/Third_Party/FreeRTOS/Source/stream_buffer.c **** 			{
 398:Middlewares/Third_Party/FreeRTOS/Source/stream_buffer.c **** 				xIsMessageBuffer = pdFALSE;
 399:Middlewares/Third_Party/FreeRTOS/Source/stream_buffer.c **** 			}
 400:Middlewares/Third_Party/FreeRTOS/Source/stream_buffer.c **** 
 401:Middlewares/Third_Party/FreeRTOS/Source/stream_buffer.c **** 			prvInitialiseNewStreamBuffer( pxStreamBuffer,
 402:Middlewares/Third_Party/FreeRTOS/Source/stream_buffer.c **** 										  pxStreamBuffer->pucBuffer,
 403:Middlewares/Third_Party/FreeRTOS/Source/stream_buffer.c **** 										  pxStreamBuffer->xLength,
 404:Middlewares/Third_Party/FreeRTOS/Source/stream_buffer.c **** 										  pxStreamBuffer->xTriggerLevelBytes,
 405:Middlewares/Third_Party/FreeRTOS/Source/stream_buffer.c **** 										  xIsMessageBuffer );
 406:Middlewares/Third_Party/FreeRTOS/Source/stream_buffer.c **** 			xReturn = pdPASS;
 407:Middlewares/Third_Party/FreeRTOS/Source/stream_buffer.c **** 
 408:Middlewares/Third_Party/FreeRTOS/Source/stream_buffer.c **** 			#if( configUSE_TRACE_FACILITY == 1 )
 409:Middlewares/Third_Party/FreeRTOS/Source/stream_buffer.c **** 			{
 410:Middlewares/Third_Party/FreeRTOS/Source/stream_buffer.c **** 				pxStreamBuffer->uxStreamBufferNumber = uxStreamBufferNumber;
 411:Middlewares/Third_Party/FreeRTOS/Source/stream_buffer.c **** 			}
 412:Middlewares/Third_Party/FreeRTOS/Source/stream_buffer.c **** 			#endif
 413:Middlewares/Third_Party/FreeRTOS/Source/stream_buffer.c **** 
 414:Middlewares/Third_Party/FreeRTOS/Source/stream_buffer.c **** 			traceSTREAM_BUFFER_RESET( xStreamBuffer );
 415:Middlewares/Third_Party/FreeRTOS/Source/stream_buffer.c **** 		}
 416:Middlewares/Third_Party/FreeRTOS/Source/stream_buffer.c **** 	}
 417:Middlewares/Third_Party/FreeRTOS/Source/stream_buffer.c **** 
 418:Middlewares/Third_Party/FreeRTOS/Source/stream_buffer.c **** 	return xReturn;
 419:Middlewares/Third_Party/FreeRTOS/Source/stream_buffer.c **** }
 420:Middlewares/Third_Party/FreeRTOS/Source/stream_buffer.c **** /*-----------------------------------------------------------*/
 421:Middlewares/Third_Party/FreeRTOS/Source/stream_buffer.c **** 
 422:Middlewares/Third_Party/FreeRTOS/Source/stream_buffer.c **** BaseType_t xStreamBufferSetTriggerLevel( StreamBufferHandle_t xStreamBuffer, size_t xTriggerLevel )
 423:Middlewares/Third_Party/FreeRTOS/Source/stream_buffer.c **** {
 424:Middlewares/Third_Party/FreeRTOS/Source/stream_buffer.c **** StreamBuffer_t * const pxStreamBuffer = ( StreamBuffer_t * ) xStreamBuffer; /*lint !e9087 !e9079 Sa
 425:Middlewares/Third_Party/FreeRTOS/Source/stream_buffer.c **** BaseType_t xReturn;
 426:Middlewares/Third_Party/FreeRTOS/Source/stream_buffer.c **** 
 427:Middlewares/Third_Party/FreeRTOS/Source/stream_buffer.c **** 	configASSERT( pxStreamBuffer );
 428:Middlewares/Third_Party/FreeRTOS/Source/stream_buffer.c **** 
 429:Middlewares/Third_Party/FreeRTOS/Source/stream_buffer.c **** 	/* It is not valid for the trigger level to be 0. */
ARM GAS  /tmp/ccDqghRU.s 			page 9


 430:Middlewares/Third_Party/FreeRTOS/Source/stream_buffer.c **** 	if( xTriggerLevel == ( size_t ) 0 )
 431:Middlewares/Third_Party/FreeRTOS/Source/stream_buffer.c **** 	{
 432:Middlewares/Third_Party/FreeRTOS/Source/stream_buffer.c **** 		xTriggerLevel = ( size_t ) 1; /*lint !e9044 Parameter modified to ensure it doesn't have a danger
 433:Middlewares/Third_Party/FreeRTOS/Source/stream_buffer.c **** 	}
 434:Middlewares/Third_Party/FreeRTOS/Source/stream_buffer.c **** 
 435:Middlewares/Third_Party/FreeRTOS/Source/stream_buffer.c **** 	/* The trigger level is the number of bytes that must be in the stream
 436:Middlewares/Third_Party/FreeRTOS/Source/stream_buffer.c **** 	buffer before a task that is waiting for data is unblocked. */
 437:Middlewares/Third_Party/FreeRTOS/Source/stream_buffer.c **** 	if( xTriggerLevel <= pxStreamBuffer->xLength )
 438:Middlewares/Third_Party/FreeRTOS/Source/stream_buffer.c **** 	{
 439:Middlewares/Third_Party/FreeRTOS/Source/stream_buffer.c **** 		pxStreamBuffer->xTriggerLevelBytes = xTriggerLevel;
 440:Middlewares/Third_Party/FreeRTOS/Source/stream_buffer.c **** 		xReturn = pdPASS;
 441:Middlewares/Third_Party/FreeRTOS/Source/stream_buffer.c **** 	}
 442:Middlewares/Third_Party/FreeRTOS/Source/stream_buffer.c **** 	else
 443:Middlewares/Third_Party/FreeRTOS/Source/stream_buffer.c **** 	{
 444:Middlewares/Third_Party/FreeRTOS/Source/stream_buffer.c **** 		xReturn = pdFALSE;
 445:Middlewares/Third_Party/FreeRTOS/Source/stream_buffer.c **** 	}
 446:Middlewares/Third_Party/FreeRTOS/Source/stream_buffer.c **** 
 447:Middlewares/Third_Party/FreeRTOS/Source/stream_buffer.c **** 	return xReturn;
 448:Middlewares/Third_Party/FreeRTOS/Source/stream_buffer.c **** }
 449:Middlewares/Third_Party/FreeRTOS/Source/stream_buffer.c **** /*-----------------------------------------------------------*/
 450:Middlewares/Third_Party/FreeRTOS/Source/stream_buffer.c **** 
 451:Middlewares/Third_Party/FreeRTOS/Source/stream_buffer.c **** size_t xStreamBufferSpacesAvailable( StreamBufferHandle_t xStreamBuffer )
 452:Middlewares/Third_Party/FreeRTOS/Source/stream_buffer.c **** {
 453:Middlewares/Third_Party/FreeRTOS/Source/stream_buffer.c **** const StreamBuffer_t * const pxStreamBuffer = ( StreamBuffer_t * ) xStreamBuffer; /*lint !e9087 !e9
 454:Middlewares/Third_Party/FreeRTOS/Source/stream_buffer.c **** size_t xSpace;
 455:Middlewares/Third_Party/FreeRTOS/Source/stream_buffer.c **** 
 456:Middlewares/Third_Party/FreeRTOS/Source/stream_buffer.c **** 	configASSERT( pxStreamBuffer );
 457:Middlewares/Third_Party/FreeRTOS/Source/stream_buffer.c **** 
 458:Middlewares/Third_Party/FreeRTOS/Source/stream_buffer.c **** 	xSpace = pxStreamBuffer->xLength + pxStreamBuffer->xTail;
 459:Middlewares/Third_Party/FreeRTOS/Source/stream_buffer.c **** 	xSpace -= pxStreamBuffer->xHead;
 460:Middlewares/Third_Party/FreeRTOS/Source/stream_buffer.c **** 	xSpace -= ( size_t ) 1;
 461:Middlewares/Third_Party/FreeRTOS/Source/stream_buffer.c **** 
 462:Middlewares/Third_Party/FreeRTOS/Source/stream_buffer.c **** 	if( xSpace >= pxStreamBuffer->xLength )
 463:Middlewares/Third_Party/FreeRTOS/Source/stream_buffer.c **** 	{
 464:Middlewares/Third_Party/FreeRTOS/Source/stream_buffer.c **** 		xSpace -= pxStreamBuffer->xLength;
 465:Middlewares/Third_Party/FreeRTOS/Source/stream_buffer.c **** 	}
 466:Middlewares/Third_Party/FreeRTOS/Source/stream_buffer.c **** 	else
 467:Middlewares/Third_Party/FreeRTOS/Source/stream_buffer.c **** 	{
 468:Middlewares/Third_Party/FreeRTOS/Source/stream_buffer.c **** 		mtCOVERAGE_TEST_MARKER();
 469:Middlewares/Third_Party/FreeRTOS/Source/stream_buffer.c **** 	}
 470:Middlewares/Third_Party/FreeRTOS/Source/stream_buffer.c **** 
 471:Middlewares/Third_Party/FreeRTOS/Source/stream_buffer.c **** 	return xSpace;
 472:Middlewares/Third_Party/FreeRTOS/Source/stream_buffer.c **** }
 473:Middlewares/Third_Party/FreeRTOS/Source/stream_buffer.c **** /*-----------------------------------------------------------*/
 474:Middlewares/Third_Party/FreeRTOS/Source/stream_buffer.c **** 
 475:Middlewares/Third_Party/FreeRTOS/Source/stream_buffer.c **** size_t xStreamBufferBytesAvailable( StreamBufferHandle_t xStreamBuffer )
 476:Middlewares/Third_Party/FreeRTOS/Source/stream_buffer.c **** {
 477:Middlewares/Third_Party/FreeRTOS/Source/stream_buffer.c **** const StreamBuffer_t * const pxStreamBuffer = ( StreamBuffer_t * ) xStreamBuffer; /*lint !e9087 !e9
 478:Middlewares/Third_Party/FreeRTOS/Source/stream_buffer.c **** size_t xReturn;
 479:Middlewares/Third_Party/FreeRTOS/Source/stream_buffer.c **** 
 480:Middlewares/Third_Party/FreeRTOS/Source/stream_buffer.c **** 	configASSERT( pxStreamBuffer );
 481:Middlewares/Third_Party/FreeRTOS/Source/stream_buffer.c **** 
 482:Middlewares/Third_Party/FreeRTOS/Source/stream_buffer.c **** 	xReturn = prvBytesInBuffer( pxStreamBuffer );
 483:Middlewares/Third_Party/FreeRTOS/Source/stream_buffer.c **** 	return xReturn;
 484:Middlewares/Third_Party/FreeRTOS/Source/stream_buffer.c **** }
 485:Middlewares/Third_Party/FreeRTOS/Source/stream_buffer.c **** /*-----------------------------------------------------------*/
 486:Middlewares/Third_Party/FreeRTOS/Source/stream_buffer.c **** 
ARM GAS  /tmp/ccDqghRU.s 			page 10


 487:Middlewares/Third_Party/FreeRTOS/Source/stream_buffer.c **** size_t xStreamBufferSend( StreamBufferHandle_t xStreamBuffer,
 488:Middlewares/Third_Party/FreeRTOS/Source/stream_buffer.c **** 						  const void *pvTxData,
 489:Middlewares/Third_Party/FreeRTOS/Source/stream_buffer.c **** 						  size_t xDataLengthBytes,
 490:Middlewares/Third_Party/FreeRTOS/Source/stream_buffer.c **** 						  TickType_t xTicksToWait )
 491:Middlewares/Third_Party/FreeRTOS/Source/stream_buffer.c **** {
 492:Middlewares/Third_Party/FreeRTOS/Source/stream_buffer.c **** StreamBuffer_t * const pxStreamBuffer = ( StreamBuffer_t * ) xStreamBuffer; /*lint !e9087 !e9079 Sa
 493:Middlewares/Third_Party/FreeRTOS/Source/stream_buffer.c **** size_t xReturn, xSpace = 0;
 494:Middlewares/Third_Party/FreeRTOS/Source/stream_buffer.c **** size_t xRequiredSpace = xDataLengthBytes;
 495:Middlewares/Third_Party/FreeRTOS/Source/stream_buffer.c **** TimeOut_t xTimeOut;
 496:Middlewares/Third_Party/FreeRTOS/Source/stream_buffer.c **** 
 497:Middlewares/Third_Party/FreeRTOS/Source/stream_buffer.c **** 	configASSERT( pvTxData );
 498:Middlewares/Third_Party/FreeRTOS/Source/stream_buffer.c **** 	configASSERT( pxStreamBuffer );
 499:Middlewares/Third_Party/FreeRTOS/Source/stream_buffer.c **** 
 500:Middlewares/Third_Party/FreeRTOS/Source/stream_buffer.c **** 	/* This send function is used to write to both message buffers and stream
 501:Middlewares/Third_Party/FreeRTOS/Source/stream_buffer.c **** 	buffers.  If this is a message buffer then the space needed must be
 502:Middlewares/Third_Party/FreeRTOS/Source/stream_buffer.c **** 	increased by the amount of bytes needed to store the length of the
 503:Middlewares/Third_Party/FreeRTOS/Source/stream_buffer.c **** 	message. */
 504:Middlewares/Third_Party/FreeRTOS/Source/stream_buffer.c **** 	if( ( pxStreamBuffer->ucFlags & sbFLAGS_IS_MESSAGE_BUFFER ) != ( uint8_t ) 0 )
 505:Middlewares/Third_Party/FreeRTOS/Source/stream_buffer.c **** 	{
 506:Middlewares/Third_Party/FreeRTOS/Source/stream_buffer.c **** 		xRequiredSpace += sbBYTES_TO_STORE_MESSAGE_LENGTH;
 507:Middlewares/Third_Party/FreeRTOS/Source/stream_buffer.c **** 	}
 508:Middlewares/Third_Party/FreeRTOS/Source/stream_buffer.c **** 	else
 509:Middlewares/Third_Party/FreeRTOS/Source/stream_buffer.c **** 	{
 510:Middlewares/Third_Party/FreeRTOS/Source/stream_buffer.c **** 		mtCOVERAGE_TEST_MARKER();
 511:Middlewares/Third_Party/FreeRTOS/Source/stream_buffer.c **** 	}
 512:Middlewares/Third_Party/FreeRTOS/Source/stream_buffer.c **** 
 513:Middlewares/Third_Party/FreeRTOS/Source/stream_buffer.c **** 	if( xTicksToWait != ( TickType_t ) 0 )
 514:Middlewares/Third_Party/FreeRTOS/Source/stream_buffer.c **** 	{
 515:Middlewares/Third_Party/FreeRTOS/Source/stream_buffer.c **** 		vTaskSetTimeOutState( &xTimeOut );
 516:Middlewares/Third_Party/FreeRTOS/Source/stream_buffer.c **** 
 517:Middlewares/Third_Party/FreeRTOS/Source/stream_buffer.c **** 		do
 518:Middlewares/Third_Party/FreeRTOS/Source/stream_buffer.c **** 		{
 519:Middlewares/Third_Party/FreeRTOS/Source/stream_buffer.c **** 			/* Wait until the required number of bytes are free in the message
 520:Middlewares/Third_Party/FreeRTOS/Source/stream_buffer.c **** 			buffer. */
 521:Middlewares/Third_Party/FreeRTOS/Source/stream_buffer.c **** 			taskENTER_CRITICAL();
 522:Middlewares/Third_Party/FreeRTOS/Source/stream_buffer.c **** 			{
 523:Middlewares/Third_Party/FreeRTOS/Source/stream_buffer.c **** 				xSpace = xStreamBufferSpacesAvailable( pxStreamBuffer );
 524:Middlewares/Third_Party/FreeRTOS/Source/stream_buffer.c **** 
 525:Middlewares/Third_Party/FreeRTOS/Source/stream_buffer.c **** 				if( xSpace < xRequiredSpace )
 526:Middlewares/Third_Party/FreeRTOS/Source/stream_buffer.c **** 				{
 527:Middlewares/Third_Party/FreeRTOS/Source/stream_buffer.c **** 					/* Clear notification state as going to wait for space. */
 528:Middlewares/Third_Party/FreeRTOS/Source/stream_buffer.c **** 					( void ) xTaskNotifyStateClear( NULL );
 529:Middlewares/Third_Party/FreeRTOS/Source/stream_buffer.c **** 
 530:Middlewares/Third_Party/FreeRTOS/Source/stream_buffer.c **** 					/* Should only be one writer. */
 531:Middlewares/Third_Party/FreeRTOS/Source/stream_buffer.c **** 					configASSERT( pxStreamBuffer->xTaskWaitingToSend == NULL );
 532:Middlewares/Third_Party/FreeRTOS/Source/stream_buffer.c **** 					pxStreamBuffer->xTaskWaitingToSend = xTaskGetCurrentTaskHandle();
 533:Middlewares/Third_Party/FreeRTOS/Source/stream_buffer.c **** 				}
 534:Middlewares/Third_Party/FreeRTOS/Source/stream_buffer.c **** 				else
 535:Middlewares/Third_Party/FreeRTOS/Source/stream_buffer.c **** 				{
 536:Middlewares/Third_Party/FreeRTOS/Source/stream_buffer.c **** 					taskEXIT_CRITICAL();
 537:Middlewares/Third_Party/FreeRTOS/Source/stream_buffer.c **** 					break;
 538:Middlewares/Third_Party/FreeRTOS/Source/stream_buffer.c **** 				}
 539:Middlewares/Third_Party/FreeRTOS/Source/stream_buffer.c **** 			}
 540:Middlewares/Third_Party/FreeRTOS/Source/stream_buffer.c **** 			taskEXIT_CRITICAL();
 541:Middlewares/Third_Party/FreeRTOS/Source/stream_buffer.c **** 
 542:Middlewares/Third_Party/FreeRTOS/Source/stream_buffer.c **** 			traceBLOCKING_ON_STREAM_BUFFER_SEND( xStreamBuffer );
 543:Middlewares/Third_Party/FreeRTOS/Source/stream_buffer.c **** 			( void ) xTaskNotifyWait( ( uint32_t ) 0, UINT32_MAX, NULL, xTicksToWait );
ARM GAS  /tmp/ccDqghRU.s 			page 11


 544:Middlewares/Third_Party/FreeRTOS/Source/stream_buffer.c **** 			pxStreamBuffer->xTaskWaitingToSend = NULL;
 545:Middlewares/Third_Party/FreeRTOS/Source/stream_buffer.c **** 
 546:Middlewares/Third_Party/FreeRTOS/Source/stream_buffer.c **** 		} while( xTaskCheckForTimeOut( &xTimeOut, &xTicksToWait ) == pdFALSE );
 547:Middlewares/Third_Party/FreeRTOS/Source/stream_buffer.c **** 	}
 548:Middlewares/Third_Party/FreeRTOS/Source/stream_buffer.c **** 	else
 549:Middlewares/Third_Party/FreeRTOS/Source/stream_buffer.c **** 	{
 550:Middlewares/Third_Party/FreeRTOS/Source/stream_buffer.c **** 		mtCOVERAGE_TEST_MARKER();
 551:Middlewares/Third_Party/FreeRTOS/Source/stream_buffer.c **** 	}
 552:Middlewares/Third_Party/FreeRTOS/Source/stream_buffer.c **** 
 553:Middlewares/Third_Party/FreeRTOS/Source/stream_buffer.c **** 	if( xSpace == ( size_t ) 0 )
 554:Middlewares/Third_Party/FreeRTOS/Source/stream_buffer.c **** 	{
 555:Middlewares/Third_Party/FreeRTOS/Source/stream_buffer.c **** 		xSpace = xStreamBufferSpacesAvailable( pxStreamBuffer );
 556:Middlewares/Third_Party/FreeRTOS/Source/stream_buffer.c **** 	}
 557:Middlewares/Third_Party/FreeRTOS/Source/stream_buffer.c **** 	else
 558:Middlewares/Third_Party/FreeRTOS/Source/stream_buffer.c **** 	{
 559:Middlewares/Third_Party/FreeRTOS/Source/stream_buffer.c **** 		mtCOVERAGE_TEST_MARKER();
 560:Middlewares/Third_Party/FreeRTOS/Source/stream_buffer.c **** 	}
 561:Middlewares/Third_Party/FreeRTOS/Source/stream_buffer.c **** 
 562:Middlewares/Third_Party/FreeRTOS/Source/stream_buffer.c **** 	xReturn = prvWriteMessageToBuffer( pxStreamBuffer, pvTxData, xDataLengthBytes, xSpace, xRequiredSp
 563:Middlewares/Third_Party/FreeRTOS/Source/stream_buffer.c **** 
 564:Middlewares/Third_Party/FreeRTOS/Source/stream_buffer.c **** 	if( xReturn > ( size_t ) 0 )
 565:Middlewares/Third_Party/FreeRTOS/Source/stream_buffer.c **** 	{
 566:Middlewares/Third_Party/FreeRTOS/Source/stream_buffer.c **** 		traceSTREAM_BUFFER_SEND( xStreamBuffer, xReturn );
 567:Middlewares/Third_Party/FreeRTOS/Source/stream_buffer.c **** 
 568:Middlewares/Third_Party/FreeRTOS/Source/stream_buffer.c **** 		/* Was a task waiting for the data? */
 569:Middlewares/Third_Party/FreeRTOS/Source/stream_buffer.c **** 		if( prvBytesInBuffer( pxStreamBuffer ) >= pxStreamBuffer->xTriggerLevelBytes )
 570:Middlewares/Third_Party/FreeRTOS/Source/stream_buffer.c **** 		{
 571:Middlewares/Third_Party/FreeRTOS/Source/stream_buffer.c **** 			sbSEND_COMPLETED( pxStreamBuffer );
 572:Middlewares/Third_Party/FreeRTOS/Source/stream_buffer.c **** 		}
 573:Middlewares/Third_Party/FreeRTOS/Source/stream_buffer.c **** 		else
 574:Middlewares/Third_Party/FreeRTOS/Source/stream_buffer.c **** 		{
 575:Middlewares/Third_Party/FreeRTOS/Source/stream_buffer.c **** 			mtCOVERAGE_TEST_MARKER();
 576:Middlewares/Third_Party/FreeRTOS/Source/stream_buffer.c **** 		}
 577:Middlewares/Third_Party/FreeRTOS/Source/stream_buffer.c **** 	}
 578:Middlewares/Third_Party/FreeRTOS/Source/stream_buffer.c **** 	else
 579:Middlewares/Third_Party/FreeRTOS/Source/stream_buffer.c **** 	{
 580:Middlewares/Third_Party/FreeRTOS/Source/stream_buffer.c **** 		mtCOVERAGE_TEST_MARKER();
 581:Middlewares/Third_Party/FreeRTOS/Source/stream_buffer.c **** 		traceSTREAM_BUFFER_SEND_FAILED( xStreamBuffer );
 582:Middlewares/Third_Party/FreeRTOS/Source/stream_buffer.c **** 	}
 583:Middlewares/Third_Party/FreeRTOS/Source/stream_buffer.c **** 
 584:Middlewares/Third_Party/FreeRTOS/Source/stream_buffer.c **** 	return xReturn;
 585:Middlewares/Third_Party/FreeRTOS/Source/stream_buffer.c **** }
 586:Middlewares/Third_Party/FreeRTOS/Source/stream_buffer.c **** /*-----------------------------------------------------------*/
 587:Middlewares/Third_Party/FreeRTOS/Source/stream_buffer.c **** 
 588:Middlewares/Third_Party/FreeRTOS/Source/stream_buffer.c **** size_t xStreamBufferSendFromISR( StreamBufferHandle_t xStreamBuffer,
 589:Middlewares/Third_Party/FreeRTOS/Source/stream_buffer.c **** 								 const void *pvTxData,
 590:Middlewares/Third_Party/FreeRTOS/Source/stream_buffer.c **** 								 size_t xDataLengthBytes,
 591:Middlewares/Third_Party/FreeRTOS/Source/stream_buffer.c **** 								 BaseType_t * const pxHigherPriorityTaskWoken )
 592:Middlewares/Third_Party/FreeRTOS/Source/stream_buffer.c **** {
 593:Middlewares/Third_Party/FreeRTOS/Source/stream_buffer.c **** StreamBuffer_t * const pxStreamBuffer = ( StreamBuffer_t * ) xStreamBuffer; /*lint !e9087 !e9079 Sa
 594:Middlewares/Third_Party/FreeRTOS/Source/stream_buffer.c **** size_t xReturn, xSpace;
 595:Middlewares/Third_Party/FreeRTOS/Source/stream_buffer.c **** size_t xRequiredSpace = xDataLengthBytes;
 596:Middlewares/Third_Party/FreeRTOS/Source/stream_buffer.c **** 
 597:Middlewares/Third_Party/FreeRTOS/Source/stream_buffer.c **** 	configASSERT( pvTxData );
 598:Middlewares/Third_Party/FreeRTOS/Source/stream_buffer.c **** 	configASSERT( pxStreamBuffer );
 599:Middlewares/Third_Party/FreeRTOS/Source/stream_buffer.c **** 
 600:Middlewares/Third_Party/FreeRTOS/Source/stream_buffer.c **** 	/* This send function is used to write to both message buffers and stream
ARM GAS  /tmp/ccDqghRU.s 			page 12


 601:Middlewares/Third_Party/FreeRTOS/Source/stream_buffer.c **** 	buffers.  If this is a message buffer then the space needed must be
 602:Middlewares/Third_Party/FreeRTOS/Source/stream_buffer.c **** 	increased by the amount of bytes needed to store the length of the
 603:Middlewares/Third_Party/FreeRTOS/Source/stream_buffer.c **** 	message. */
 604:Middlewares/Third_Party/FreeRTOS/Source/stream_buffer.c **** 	if( ( pxStreamBuffer->ucFlags & sbFLAGS_IS_MESSAGE_BUFFER ) != ( uint8_t ) 0 )
 605:Middlewares/Third_Party/FreeRTOS/Source/stream_buffer.c **** 	{
 606:Middlewares/Third_Party/FreeRTOS/Source/stream_buffer.c **** 		xRequiredSpace += sbBYTES_TO_STORE_MESSAGE_LENGTH;
 607:Middlewares/Third_Party/FreeRTOS/Source/stream_buffer.c **** 	}
 608:Middlewares/Third_Party/FreeRTOS/Source/stream_buffer.c **** 	else
 609:Middlewares/Third_Party/FreeRTOS/Source/stream_buffer.c **** 	{
 610:Middlewares/Third_Party/FreeRTOS/Source/stream_buffer.c **** 		mtCOVERAGE_TEST_MARKER();
 611:Middlewares/Third_Party/FreeRTOS/Source/stream_buffer.c **** 	}
 612:Middlewares/Third_Party/FreeRTOS/Source/stream_buffer.c **** 
 613:Middlewares/Third_Party/FreeRTOS/Source/stream_buffer.c **** 	xSpace = xStreamBufferSpacesAvailable( pxStreamBuffer );
 614:Middlewares/Third_Party/FreeRTOS/Source/stream_buffer.c **** 	xReturn = prvWriteMessageToBuffer( pxStreamBuffer, pvTxData, xDataLengthBytes, xSpace, xRequiredSp
 615:Middlewares/Third_Party/FreeRTOS/Source/stream_buffer.c **** 
 616:Middlewares/Third_Party/FreeRTOS/Source/stream_buffer.c **** 	if( xReturn > ( size_t ) 0 )
 617:Middlewares/Third_Party/FreeRTOS/Source/stream_buffer.c **** 	{
 618:Middlewares/Third_Party/FreeRTOS/Source/stream_buffer.c **** 		/* Was a task waiting for the data? */
 619:Middlewares/Third_Party/FreeRTOS/Source/stream_buffer.c **** 		if( prvBytesInBuffer( pxStreamBuffer ) >= pxStreamBuffer->xTriggerLevelBytes )
 620:Middlewares/Third_Party/FreeRTOS/Source/stream_buffer.c **** 		{
 621:Middlewares/Third_Party/FreeRTOS/Source/stream_buffer.c **** 			sbSEND_COMPLETE_FROM_ISR( pxStreamBuffer, pxHigherPriorityTaskWoken );
 622:Middlewares/Third_Party/FreeRTOS/Source/stream_buffer.c **** 		}
 623:Middlewares/Third_Party/FreeRTOS/Source/stream_buffer.c **** 		else
 624:Middlewares/Third_Party/FreeRTOS/Source/stream_buffer.c **** 		{
 625:Middlewares/Third_Party/FreeRTOS/Source/stream_buffer.c **** 			mtCOVERAGE_TEST_MARKER();
 626:Middlewares/Third_Party/FreeRTOS/Source/stream_buffer.c **** 		}
 627:Middlewares/Third_Party/FreeRTOS/Source/stream_buffer.c **** 	}
 628:Middlewares/Third_Party/FreeRTOS/Source/stream_buffer.c **** 	else
 629:Middlewares/Third_Party/FreeRTOS/Source/stream_buffer.c **** 	{
 630:Middlewares/Third_Party/FreeRTOS/Source/stream_buffer.c **** 		mtCOVERAGE_TEST_MARKER();
 631:Middlewares/Third_Party/FreeRTOS/Source/stream_buffer.c **** 	}
 632:Middlewares/Third_Party/FreeRTOS/Source/stream_buffer.c **** 
 633:Middlewares/Third_Party/FreeRTOS/Source/stream_buffer.c **** 	traceSTREAM_BUFFER_SEND_FROM_ISR( xStreamBuffer, xReturn );
 634:Middlewares/Third_Party/FreeRTOS/Source/stream_buffer.c **** 
 635:Middlewares/Third_Party/FreeRTOS/Source/stream_buffer.c **** 	return xReturn;
 636:Middlewares/Third_Party/FreeRTOS/Source/stream_buffer.c **** }
 637:Middlewares/Third_Party/FreeRTOS/Source/stream_buffer.c **** /*-----------------------------------------------------------*/
 638:Middlewares/Third_Party/FreeRTOS/Source/stream_buffer.c **** 
 639:Middlewares/Third_Party/FreeRTOS/Source/stream_buffer.c **** static size_t prvWriteMessageToBuffer( StreamBuffer_t * const pxStreamBuffer,
 640:Middlewares/Third_Party/FreeRTOS/Source/stream_buffer.c **** 									   const void * pvTxData,
 641:Middlewares/Third_Party/FreeRTOS/Source/stream_buffer.c **** 									   size_t xDataLengthBytes,
 642:Middlewares/Third_Party/FreeRTOS/Source/stream_buffer.c **** 									   size_t xSpace,
 643:Middlewares/Third_Party/FreeRTOS/Source/stream_buffer.c **** 									   size_t xRequiredSpace )
 644:Middlewares/Third_Party/FreeRTOS/Source/stream_buffer.c **** {
 645:Middlewares/Third_Party/FreeRTOS/Source/stream_buffer.c **** 	BaseType_t xShouldWrite;
 646:Middlewares/Third_Party/FreeRTOS/Source/stream_buffer.c **** 	size_t xReturn;
 647:Middlewares/Third_Party/FreeRTOS/Source/stream_buffer.c **** 
 648:Middlewares/Third_Party/FreeRTOS/Source/stream_buffer.c **** 	if( xSpace == ( size_t ) 0 )
 649:Middlewares/Third_Party/FreeRTOS/Source/stream_buffer.c **** 	{
 650:Middlewares/Third_Party/FreeRTOS/Source/stream_buffer.c **** 		/* Doesn't matter if this is a stream buffer or a message buffer, there
 651:Middlewares/Third_Party/FreeRTOS/Source/stream_buffer.c **** 		is no space to write. */
 652:Middlewares/Third_Party/FreeRTOS/Source/stream_buffer.c **** 		xShouldWrite = pdFALSE;
 653:Middlewares/Third_Party/FreeRTOS/Source/stream_buffer.c **** 	}
 654:Middlewares/Third_Party/FreeRTOS/Source/stream_buffer.c **** 	else if( ( pxStreamBuffer->ucFlags & sbFLAGS_IS_MESSAGE_BUFFER ) == ( uint8_t ) 0 )
 655:Middlewares/Third_Party/FreeRTOS/Source/stream_buffer.c **** 	{
 656:Middlewares/Third_Party/FreeRTOS/Source/stream_buffer.c **** 		/* This is a stream buffer, as opposed to a message buffer, so writing a
 657:Middlewares/Third_Party/FreeRTOS/Source/stream_buffer.c **** 		stream of bytes rather than discrete messages.  Write as many bytes as
ARM GAS  /tmp/ccDqghRU.s 			page 13


 658:Middlewares/Third_Party/FreeRTOS/Source/stream_buffer.c **** 		possible. */
 659:Middlewares/Third_Party/FreeRTOS/Source/stream_buffer.c **** 		xShouldWrite = pdTRUE;
 660:Middlewares/Third_Party/FreeRTOS/Source/stream_buffer.c **** 		xDataLengthBytes = configMIN( xDataLengthBytes, xSpace ); /*lint !e9044 Function parameter modifi
 661:Middlewares/Third_Party/FreeRTOS/Source/stream_buffer.c **** 	}
 662:Middlewares/Third_Party/FreeRTOS/Source/stream_buffer.c **** 	else if( xSpace >= xRequiredSpace )
 663:Middlewares/Third_Party/FreeRTOS/Source/stream_buffer.c **** 	{
 664:Middlewares/Third_Party/FreeRTOS/Source/stream_buffer.c **** 		/* This is a message buffer, as opposed to a stream buffer, and there
 665:Middlewares/Third_Party/FreeRTOS/Source/stream_buffer.c **** 		is enough space to write both the message length and the message itself
 666:Middlewares/Third_Party/FreeRTOS/Source/stream_buffer.c **** 		into the buffer.  Start by writing the length of the data, the data
 667:Middlewares/Third_Party/FreeRTOS/Source/stream_buffer.c **** 		itself will be written later in this function. */
 668:Middlewares/Third_Party/FreeRTOS/Source/stream_buffer.c **** 		xShouldWrite = pdTRUE;
 669:Middlewares/Third_Party/FreeRTOS/Source/stream_buffer.c **** 		( void ) prvWriteBytesToBuffer( pxStreamBuffer, ( const uint8_t * ) &( xDataLengthBytes ), sbBYTE
 670:Middlewares/Third_Party/FreeRTOS/Source/stream_buffer.c **** 	}
 671:Middlewares/Third_Party/FreeRTOS/Source/stream_buffer.c **** 	else
 672:Middlewares/Third_Party/FreeRTOS/Source/stream_buffer.c **** 	{
 673:Middlewares/Third_Party/FreeRTOS/Source/stream_buffer.c **** 		/* There is space available, but not enough space. */
 674:Middlewares/Third_Party/FreeRTOS/Source/stream_buffer.c **** 		xShouldWrite = pdFALSE;
 675:Middlewares/Third_Party/FreeRTOS/Source/stream_buffer.c **** 	}
 676:Middlewares/Third_Party/FreeRTOS/Source/stream_buffer.c **** 
 677:Middlewares/Third_Party/FreeRTOS/Source/stream_buffer.c **** 	if( xShouldWrite != pdFALSE )
 678:Middlewares/Third_Party/FreeRTOS/Source/stream_buffer.c **** 	{
 679:Middlewares/Third_Party/FreeRTOS/Source/stream_buffer.c **** 		/* Writes the data itself. */
 680:Middlewares/Third_Party/FreeRTOS/Source/stream_buffer.c **** 		xReturn = prvWriteBytesToBuffer( pxStreamBuffer, ( const uint8_t * ) pvTxData, xDataLengthBytes )
 681:Middlewares/Third_Party/FreeRTOS/Source/stream_buffer.c **** 	}
 682:Middlewares/Third_Party/FreeRTOS/Source/stream_buffer.c **** 	else
 683:Middlewares/Third_Party/FreeRTOS/Source/stream_buffer.c **** 	{
 684:Middlewares/Third_Party/FreeRTOS/Source/stream_buffer.c **** 		xReturn = 0;
 685:Middlewares/Third_Party/FreeRTOS/Source/stream_buffer.c **** 	}
 686:Middlewares/Third_Party/FreeRTOS/Source/stream_buffer.c **** 
 687:Middlewares/Third_Party/FreeRTOS/Source/stream_buffer.c **** 	return xReturn;
 688:Middlewares/Third_Party/FreeRTOS/Source/stream_buffer.c **** }
 689:Middlewares/Third_Party/FreeRTOS/Source/stream_buffer.c **** /*-----------------------------------------------------------*/
 690:Middlewares/Third_Party/FreeRTOS/Source/stream_buffer.c **** 
 691:Middlewares/Third_Party/FreeRTOS/Source/stream_buffer.c **** size_t xStreamBufferReceive( StreamBufferHandle_t xStreamBuffer,
 692:Middlewares/Third_Party/FreeRTOS/Source/stream_buffer.c **** 							 void *pvRxData,
 693:Middlewares/Third_Party/FreeRTOS/Source/stream_buffer.c **** 							 size_t xBufferLengthBytes,
 694:Middlewares/Third_Party/FreeRTOS/Source/stream_buffer.c **** 							 TickType_t xTicksToWait )
 695:Middlewares/Third_Party/FreeRTOS/Source/stream_buffer.c **** {
 696:Middlewares/Third_Party/FreeRTOS/Source/stream_buffer.c **** StreamBuffer_t * const pxStreamBuffer = ( StreamBuffer_t * ) xStreamBuffer; /*lint !e9087 !e9079 Sa
 697:Middlewares/Third_Party/FreeRTOS/Source/stream_buffer.c **** size_t xReceivedLength = 0, xBytesAvailable, xBytesToStoreMessageLength;
 698:Middlewares/Third_Party/FreeRTOS/Source/stream_buffer.c **** 
 699:Middlewares/Third_Party/FreeRTOS/Source/stream_buffer.c **** 	configASSERT( pvRxData );
 700:Middlewares/Third_Party/FreeRTOS/Source/stream_buffer.c **** 	configASSERT( pxStreamBuffer );
 701:Middlewares/Third_Party/FreeRTOS/Source/stream_buffer.c **** 
 702:Middlewares/Third_Party/FreeRTOS/Source/stream_buffer.c **** 	/* This receive function is used by both message buffers, which store
 703:Middlewares/Third_Party/FreeRTOS/Source/stream_buffer.c **** 	discrete messages, and stream buffers, which store a continuous stream of
 704:Middlewares/Third_Party/FreeRTOS/Source/stream_buffer.c **** 	bytes.  Discrete messages include an additional
 705:Middlewares/Third_Party/FreeRTOS/Source/stream_buffer.c **** 	sbBYTES_TO_STORE_MESSAGE_LENGTH bytes that hold the length of the
 706:Middlewares/Third_Party/FreeRTOS/Source/stream_buffer.c **** 	message. */
 707:Middlewares/Third_Party/FreeRTOS/Source/stream_buffer.c **** 	if( ( pxStreamBuffer->ucFlags & sbFLAGS_IS_MESSAGE_BUFFER ) != ( uint8_t ) 0 )
 708:Middlewares/Third_Party/FreeRTOS/Source/stream_buffer.c **** 	{
 709:Middlewares/Third_Party/FreeRTOS/Source/stream_buffer.c **** 		xBytesToStoreMessageLength = sbBYTES_TO_STORE_MESSAGE_LENGTH;
 710:Middlewares/Third_Party/FreeRTOS/Source/stream_buffer.c **** 	}
 711:Middlewares/Third_Party/FreeRTOS/Source/stream_buffer.c **** 	else
 712:Middlewares/Third_Party/FreeRTOS/Source/stream_buffer.c **** 	{
 713:Middlewares/Third_Party/FreeRTOS/Source/stream_buffer.c **** 		xBytesToStoreMessageLength = 0;
 714:Middlewares/Third_Party/FreeRTOS/Source/stream_buffer.c **** 	}
ARM GAS  /tmp/ccDqghRU.s 			page 14


 715:Middlewares/Third_Party/FreeRTOS/Source/stream_buffer.c **** 
 716:Middlewares/Third_Party/FreeRTOS/Source/stream_buffer.c **** 	if( xTicksToWait != ( TickType_t ) 0 )
 717:Middlewares/Third_Party/FreeRTOS/Source/stream_buffer.c **** 	{
 718:Middlewares/Third_Party/FreeRTOS/Source/stream_buffer.c **** 		/* Checking if there is data and clearing the notification state must be
 719:Middlewares/Third_Party/FreeRTOS/Source/stream_buffer.c **** 		performed atomically. */
 720:Middlewares/Third_Party/FreeRTOS/Source/stream_buffer.c **** 		taskENTER_CRITICAL();
 721:Middlewares/Third_Party/FreeRTOS/Source/stream_buffer.c **** 		{
 722:Middlewares/Third_Party/FreeRTOS/Source/stream_buffer.c **** 			xBytesAvailable = prvBytesInBuffer( pxStreamBuffer );
 723:Middlewares/Third_Party/FreeRTOS/Source/stream_buffer.c **** 
 724:Middlewares/Third_Party/FreeRTOS/Source/stream_buffer.c **** 			/* If this function was invoked by a message buffer read then
 725:Middlewares/Third_Party/FreeRTOS/Source/stream_buffer.c **** 			xBytesToStoreMessageLength holds the number of bytes used to hold
 726:Middlewares/Third_Party/FreeRTOS/Source/stream_buffer.c **** 			the length of the next discrete message.  If this function was
 727:Middlewares/Third_Party/FreeRTOS/Source/stream_buffer.c **** 			invoked by a stream buffer read then xBytesToStoreMessageLength will
 728:Middlewares/Third_Party/FreeRTOS/Source/stream_buffer.c **** 			be 0. */
 729:Middlewares/Third_Party/FreeRTOS/Source/stream_buffer.c **** 			if( xBytesAvailable <= xBytesToStoreMessageLength )
 730:Middlewares/Third_Party/FreeRTOS/Source/stream_buffer.c **** 			{
 731:Middlewares/Third_Party/FreeRTOS/Source/stream_buffer.c **** 				/* Clear notification state as going to wait for data. */
 732:Middlewares/Third_Party/FreeRTOS/Source/stream_buffer.c **** 				( void ) xTaskNotifyStateClear( NULL );
 733:Middlewares/Third_Party/FreeRTOS/Source/stream_buffer.c **** 
 734:Middlewares/Third_Party/FreeRTOS/Source/stream_buffer.c **** 				/* Should only be one reader. */
 735:Middlewares/Third_Party/FreeRTOS/Source/stream_buffer.c **** 				configASSERT( pxStreamBuffer->xTaskWaitingToReceive == NULL );
 736:Middlewares/Third_Party/FreeRTOS/Source/stream_buffer.c **** 				pxStreamBuffer->xTaskWaitingToReceive = xTaskGetCurrentTaskHandle();
 737:Middlewares/Third_Party/FreeRTOS/Source/stream_buffer.c **** 			}
 738:Middlewares/Third_Party/FreeRTOS/Source/stream_buffer.c **** 			else
 739:Middlewares/Third_Party/FreeRTOS/Source/stream_buffer.c **** 			{
 740:Middlewares/Third_Party/FreeRTOS/Source/stream_buffer.c **** 				mtCOVERAGE_TEST_MARKER();
 741:Middlewares/Third_Party/FreeRTOS/Source/stream_buffer.c **** 			}
 742:Middlewares/Third_Party/FreeRTOS/Source/stream_buffer.c **** 		}
 743:Middlewares/Third_Party/FreeRTOS/Source/stream_buffer.c **** 		taskEXIT_CRITICAL();
 744:Middlewares/Third_Party/FreeRTOS/Source/stream_buffer.c **** 
 745:Middlewares/Third_Party/FreeRTOS/Source/stream_buffer.c **** 		if( xBytesAvailable <= xBytesToStoreMessageLength )
 746:Middlewares/Third_Party/FreeRTOS/Source/stream_buffer.c **** 		{
 747:Middlewares/Third_Party/FreeRTOS/Source/stream_buffer.c **** 			/* Wait for data to be available. */
 748:Middlewares/Third_Party/FreeRTOS/Source/stream_buffer.c **** 			traceBLOCKING_ON_STREAM_BUFFER_RECEIVE( xStreamBuffer );
 749:Middlewares/Third_Party/FreeRTOS/Source/stream_buffer.c **** 			( void ) xTaskNotifyWait( ( uint32_t ) 0, UINT32_MAX, NULL, xTicksToWait );
 750:Middlewares/Third_Party/FreeRTOS/Source/stream_buffer.c **** 			pxStreamBuffer->xTaskWaitingToReceive = NULL;
 751:Middlewares/Third_Party/FreeRTOS/Source/stream_buffer.c **** 
 752:Middlewares/Third_Party/FreeRTOS/Source/stream_buffer.c **** 			/* Recheck the data available after blocking. */
 753:Middlewares/Third_Party/FreeRTOS/Source/stream_buffer.c **** 			xBytesAvailable = prvBytesInBuffer( pxStreamBuffer );
 754:Middlewares/Third_Party/FreeRTOS/Source/stream_buffer.c **** 		}
 755:Middlewares/Third_Party/FreeRTOS/Source/stream_buffer.c **** 		else
 756:Middlewares/Third_Party/FreeRTOS/Source/stream_buffer.c **** 		{
 757:Middlewares/Third_Party/FreeRTOS/Source/stream_buffer.c **** 			mtCOVERAGE_TEST_MARKER();
 758:Middlewares/Third_Party/FreeRTOS/Source/stream_buffer.c **** 		}
 759:Middlewares/Third_Party/FreeRTOS/Source/stream_buffer.c **** 	}
 760:Middlewares/Third_Party/FreeRTOS/Source/stream_buffer.c **** 	else
 761:Middlewares/Third_Party/FreeRTOS/Source/stream_buffer.c **** 	{
 762:Middlewares/Third_Party/FreeRTOS/Source/stream_buffer.c **** 		xBytesAvailable = prvBytesInBuffer( pxStreamBuffer );
 763:Middlewares/Third_Party/FreeRTOS/Source/stream_buffer.c **** 	}
 764:Middlewares/Third_Party/FreeRTOS/Source/stream_buffer.c **** 
 765:Middlewares/Third_Party/FreeRTOS/Source/stream_buffer.c **** 	/* Whether receiving a discrete message (where xBytesToStoreMessageLength
 766:Middlewares/Third_Party/FreeRTOS/Source/stream_buffer.c **** 	holds the number of bytes used to store the message length) or a stream of
 767:Middlewares/Third_Party/FreeRTOS/Source/stream_buffer.c **** 	bytes (where xBytesToStoreMessageLength is zero), the number of bytes
 768:Middlewares/Third_Party/FreeRTOS/Source/stream_buffer.c **** 	available must be greater than xBytesToStoreMessageLength to be able to
 769:Middlewares/Third_Party/FreeRTOS/Source/stream_buffer.c **** 	read bytes from the buffer. */
 770:Middlewares/Third_Party/FreeRTOS/Source/stream_buffer.c **** 	if( xBytesAvailable > xBytesToStoreMessageLength )
 771:Middlewares/Third_Party/FreeRTOS/Source/stream_buffer.c **** 	{
ARM GAS  /tmp/ccDqghRU.s 			page 15


 772:Middlewares/Third_Party/FreeRTOS/Source/stream_buffer.c **** 		xReceivedLength = prvReadMessageFromBuffer( pxStreamBuffer, pvRxData, xBufferLengthBytes, xBytesA
 773:Middlewares/Third_Party/FreeRTOS/Source/stream_buffer.c **** 
 774:Middlewares/Third_Party/FreeRTOS/Source/stream_buffer.c **** 		/* Was a task waiting for space in the buffer? */
 775:Middlewares/Third_Party/FreeRTOS/Source/stream_buffer.c **** 		if( xReceivedLength != ( size_t ) 0 )
 776:Middlewares/Third_Party/FreeRTOS/Source/stream_buffer.c **** 		{
 777:Middlewares/Third_Party/FreeRTOS/Source/stream_buffer.c **** 			traceSTREAM_BUFFER_RECEIVE( xStreamBuffer, xReceivedLength );
 778:Middlewares/Third_Party/FreeRTOS/Source/stream_buffer.c **** 			sbRECEIVE_COMPLETED( pxStreamBuffer );
 779:Middlewares/Third_Party/FreeRTOS/Source/stream_buffer.c **** 		}
 780:Middlewares/Third_Party/FreeRTOS/Source/stream_buffer.c **** 		else
 781:Middlewares/Third_Party/FreeRTOS/Source/stream_buffer.c **** 		{
 782:Middlewares/Third_Party/FreeRTOS/Source/stream_buffer.c **** 			mtCOVERAGE_TEST_MARKER();
 783:Middlewares/Third_Party/FreeRTOS/Source/stream_buffer.c **** 		}
 784:Middlewares/Third_Party/FreeRTOS/Source/stream_buffer.c **** 	}
 785:Middlewares/Third_Party/FreeRTOS/Source/stream_buffer.c **** 	else
 786:Middlewares/Third_Party/FreeRTOS/Source/stream_buffer.c **** 	{
 787:Middlewares/Third_Party/FreeRTOS/Source/stream_buffer.c **** 		traceSTREAM_BUFFER_RECEIVE_FAILED( xStreamBuffer );
 788:Middlewares/Third_Party/FreeRTOS/Source/stream_buffer.c **** 		mtCOVERAGE_TEST_MARKER();
 789:Middlewares/Third_Party/FreeRTOS/Source/stream_buffer.c **** 	}
 790:Middlewares/Third_Party/FreeRTOS/Source/stream_buffer.c **** 
 791:Middlewares/Third_Party/FreeRTOS/Source/stream_buffer.c **** 	return xReceivedLength;
 792:Middlewares/Third_Party/FreeRTOS/Source/stream_buffer.c **** }
 793:Middlewares/Third_Party/FreeRTOS/Source/stream_buffer.c **** /*-----------------------------------------------------------*/
 794:Middlewares/Third_Party/FreeRTOS/Source/stream_buffer.c **** 
 795:Middlewares/Third_Party/FreeRTOS/Source/stream_buffer.c **** size_t xStreamBufferReceiveFromISR( StreamBufferHandle_t xStreamBuffer,
 796:Middlewares/Third_Party/FreeRTOS/Source/stream_buffer.c **** 									void *pvRxData,
 797:Middlewares/Third_Party/FreeRTOS/Source/stream_buffer.c **** 									size_t xBufferLengthBytes,
 798:Middlewares/Third_Party/FreeRTOS/Source/stream_buffer.c **** 									BaseType_t * const pxHigherPriorityTaskWoken )
 799:Middlewares/Third_Party/FreeRTOS/Source/stream_buffer.c **** {
 800:Middlewares/Third_Party/FreeRTOS/Source/stream_buffer.c **** StreamBuffer_t * const pxStreamBuffer = ( StreamBuffer_t * ) xStreamBuffer; /*lint !e9087 !e9079 Sa
 801:Middlewares/Third_Party/FreeRTOS/Source/stream_buffer.c **** size_t xReceivedLength = 0, xBytesAvailable, xBytesToStoreMessageLength;
 802:Middlewares/Third_Party/FreeRTOS/Source/stream_buffer.c **** 
 803:Middlewares/Third_Party/FreeRTOS/Source/stream_buffer.c **** 	configASSERT( pvRxData );
 804:Middlewares/Third_Party/FreeRTOS/Source/stream_buffer.c **** 	configASSERT( pxStreamBuffer );
 805:Middlewares/Third_Party/FreeRTOS/Source/stream_buffer.c **** 
 806:Middlewares/Third_Party/FreeRTOS/Source/stream_buffer.c **** 	/* This receive function is used by both message buffers, which store
 807:Middlewares/Third_Party/FreeRTOS/Source/stream_buffer.c **** 	discrete messages, and stream buffers, which store a continuous stream of
 808:Middlewares/Third_Party/FreeRTOS/Source/stream_buffer.c **** 	bytes.  Discrete messages include an additional
 809:Middlewares/Third_Party/FreeRTOS/Source/stream_buffer.c **** 	sbBYTES_TO_STORE_MESSAGE_LENGTH bytes that hold the length of the
 810:Middlewares/Third_Party/FreeRTOS/Source/stream_buffer.c **** 	message. */
 811:Middlewares/Third_Party/FreeRTOS/Source/stream_buffer.c **** 	if( ( pxStreamBuffer->ucFlags & sbFLAGS_IS_MESSAGE_BUFFER ) != ( uint8_t ) 0 )
 812:Middlewares/Third_Party/FreeRTOS/Source/stream_buffer.c **** 	{
 813:Middlewares/Third_Party/FreeRTOS/Source/stream_buffer.c **** 		xBytesToStoreMessageLength = sbBYTES_TO_STORE_MESSAGE_LENGTH;
 814:Middlewares/Third_Party/FreeRTOS/Source/stream_buffer.c **** 	}
 815:Middlewares/Third_Party/FreeRTOS/Source/stream_buffer.c **** 	else
 816:Middlewares/Third_Party/FreeRTOS/Source/stream_buffer.c **** 	{
 817:Middlewares/Third_Party/FreeRTOS/Source/stream_buffer.c **** 		xBytesToStoreMessageLength = 0;
 818:Middlewares/Third_Party/FreeRTOS/Source/stream_buffer.c **** 	}
 819:Middlewares/Third_Party/FreeRTOS/Source/stream_buffer.c **** 
 820:Middlewares/Third_Party/FreeRTOS/Source/stream_buffer.c **** 	xBytesAvailable = prvBytesInBuffer( pxStreamBuffer );
 821:Middlewares/Third_Party/FreeRTOS/Source/stream_buffer.c **** 
 822:Middlewares/Third_Party/FreeRTOS/Source/stream_buffer.c **** 	/* Whether receiving a discrete message (where xBytesToStoreMessageLength
 823:Middlewares/Third_Party/FreeRTOS/Source/stream_buffer.c **** 	holds the number of bytes used to store the message length) or a stream of
 824:Middlewares/Third_Party/FreeRTOS/Source/stream_buffer.c **** 	bytes (where xBytesToStoreMessageLength is zero), the number of bytes
 825:Middlewares/Third_Party/FreeRTOS/Source/stream_buffer.c **** 	available must be greater than xBytesToStoreMessageLength to be able to
 826:Middlewares/Third_Party/FreeRTOS/Source/stream_buffer.c **** 	read bytes from the buffer. */
 827:Middlewares/Third_Party/FreeRTOS/Source/stream_buffer.c **** 	if( xBytesAvailable > xBytesToStoreMessageLength )
 828:Middlewares/Third_Party/FreeRTOS/Source/stream_buffer.c **** 	{
ARM GAS  /tmp/ccDqghRU.s 			page 16


 829:Middlewares/Third_Party/FreeRTOS/Source/stream_buffer.c **** 		xReceivedLength = prvReadMessageFromBuffer( pxStreamBuffer, pvRxData, xBufferLengthBytes, xBytesA
 830:Middlewares/Third_Party/FreeRTOS/Source/stream_buffer.c **** 
 831:Middlewares/Third_Party/FreeRTOS/Source/stream_buffer.c **** 		/* Was a task waiting for space in the buffer? */
 832:Middlewares/Third_Party/FreeRTOS/Source/stream_buffer.c **** 		if( xReceivedLength != ( size_t ) 0 )
 833:Middlewares/Third_Party/FreeRTOS/Source/stream_buffer.c **** 		{
 834:Middlewares/Third_Party/FreeRTOS/Source/stream_buffer.c **** 			sbRECEIVE_COMPLETED_FROM_ISR( pxStreamBuffer, pxHigherPriorityTaskWoken );
 835:Middlewares/Third_Party/FreeRTOS/Source/stream_buffer.c **** 		}
 836:Middlewares/Third_Party/FreeRTOS/Source/stream_buffer.c **** 		else
 837:Middlewares/Third_Party/FreeRTOS/Source/stream_buffer.c **** 		{
 838:Middlewares/Third_Party/FreeRTOS/Source/stream_buffer.c **** 			mtCOVERAGE_TEST_MARKER();
 839:Middlewares/Third_Party/FreeRTOS/Source/stream_buffer.c **** 		}
 840:Middlewares/Third_Party/FreeRTOS/Source/stream_buffer.c **** 	}
 841:Middlewares/Third_Party/FreeRTOS/Source/stream_buffer.c **** 	else
 842:Middlewares/Third_Party/FreeRTOS/Source/stream_buffer.c **** 	{
 843:Middlewares/Third_Party/FreeRTOS/Source/stream_buffer.c **** 		mtCOVERAGE_TEST_MARKER();
 844:Middlewares/Third_Party/FreeRTOS/Source/stream_buffer.c **** 	}
 845:Middlewares/Third_Party/FreeRTOS/Source/stream_buffer.c **** 
 846:Middlewares/Third_Party/FreeRTOS/Source/stream_buffer.c **** 	traceSTREAM_BUFFER_RECEIVE_FROM_ISR( xStreamBuffer, xReceivedLength );
 847:Middlewares/Third_Party/FreeRTOS/Source/stream_buffer.c **** 
 848:Middlewares/Third_Party/FreeRTOS/Source/stream_buffer.c **** 	return xReceivedLength;
 849:Middlewares/Third_Party/FreeRTOS/Source/stream_buffer.c **** }
 850:Middlewares/Third_Party/FreeRTOS/Source/stream_buffer.c **** /*-----------------------------------------------------------*/
 851:Middlewares/Third_Party/FreeRTOS/Source/stream_buffer.c **** 
 852:Middlewares/Third_Party/FreeRTOS/Source/stream_buffer.c **** static size_t prvReadMessageFromBuffer( StreamBuffer_t *pxStreamBuffer,
 853:Middlewares/Third_Party/FreeRTOS/Source/stream_buffer.c **** 										void *pvRxData,
 854:Middlewares/Third_Party/FreeRTOS/Source/stream_buffer.c **** 										size_t xBufferLengthBytes,
 855:Middlewares/Third_Party/FreeRTOS/Source/stream_buffer.c **** 										size_t xBytesAvailable,
 856:Middlewares/Third_Party/FreeRTOS/Source/stream_buffer.c **** 										size_t xBytesToStoreMessageLength )
 857:Middlewares/Third_Party/FreeRTOS/Source/stream_buffer.c **** {
 858:Middlewares/Third_Party/FreeRTOS/Source/stream_buffer.c **** size_t xOriginalTail, xReceivedLength, xNextMessageLength;
 859:Middlewares/Third_Party/FreeRTOS/Source/stream_buffer.c **** 
 860:Middlewares/Third_Party/FreeRTOS/Source/stream_buffer.c **** 	if( xBytesToStoreMessageLength != ( size_t ) 0 )
 861:Middlewares/Third_Party/FreeRTOS/Source/stream_buffer.c **** 	{
 862:Middlewares/Third_Party/FreeRTOS/Source/stream_buffer.c **** 		/* A discrete message is being received.  First receive the length
 863:Middlewares/Third_Party/FreeRTOS/Source/stream_buffer.c **** 		of the message.  A copy of the tail is stored so the buffer can be
 864:Middlewares/Third_Party/FreeRTOS/Source/stream_buffer.c **** 		returned to its prior state if the length of the message is too
 865:Middlewares/Third_Party/FreeRTOS/Source/stream_buffer.c **** 		large for the provided buffer. */
 866:Middlewares/Third_Party/FreeRTOS/Source/stream_buffer.c **** 		xOriginalTail = pxStreamBuffer->xTail;
 867:Middlewares/Third_Party/FreeRTOS/Source/stream_buffer.c **** 		( void ) prvReadBytesFromBuffer( pxStreamBuffer, ( uint8_t * ) &xNextMessageLength, xBytesToStore
 868:Middlewares/Third_Party/FreeRTOS/Source/stream_buffer.c **** 
 869:Middlewares/Third_Party/FreeRTOS/Source/stream_buffer.c **** 		/* Reduce the number of bytes available by the number of bytes just
 870:Middlewares/Third_Party/FreeRTOS/Source/stream_buffer.c **** 		read out. */
 871:Middlewares/Third_Party/FreeRTOS/Source/stream_buffer.c **** 		xBytesAvailable -= xBytesToStoreMessageLength;
 872:Middlewares/Third_Party/FreeRTOS/Source/stream_buffer.c **** 
 873:Middlewares/Third_Party/FreeRTOS/Source/stream_buffer.c **** 		/* Check there is enough space in the buffer provided by the
 874:Middlewares/Third_Party/FreeRTOS/Source/stream_buffer.c **** 		user. */
 875:Middlewares/Third_Party/FreeRTOS/Source/stream_buffer.c **** 		if( xNextMessageLength > xBufferLengthBytes )
 876:Middlewares/Third_Party/FreeRTOS/Source/stream_buffer.c **** 		{
 877:Middlewares/Third_Party/FreeRTOS/Source/stream_buffer.c **** 			/* The user has provided insufficient space to read the message
 878:Middlewares/Third_Party/FreeRTOS/Source/stream_buffer.c **** 			so return the buffer to its previous state (so the length of
 879:Middlewares/Third_Party/FreeRTOS/Source/stream_buffer.c **** 			the message is in the buffer again). */
 880:Middlewares/Third_Party/FreeRTOS/Source/stream_buffer.c **** 			pxStreamBuffer->xTail = xOriginalTail;
 881:Middlewares/Third_Party/FreeRTOS/Source/stream_buffer.c **** 			xNextMessageLength = 0;
 882:Middlewares/Third_Party/FreeRTOS/Source/stream_buffer.c **** 		}
 883:Middlewares/Third_Party/FreeRTOS/Source/stream_buffer.c **** 		else
 884:Middlewares/Third_Party/FreeRTOS/Source/stream_buffer.c **** 		{
 885:Middlewares/Third_Party/FreeRTOS/Source/stream_buffer.c **** 			mtCOVERAGE_TEST_MARKER();
ARM GAS  /tmp/ccDqghRU.s 			page 17


 886:Middlewares/Third_Party/FreeRTOS/Source/stream_buffer.c **** 		}
 887:Middlewares/Third_Party/FreeRTOS/Source/stream_buffer.c **** 	}
 888:Middlewares/Third_Party/FreeRTOS/Source/stream_buffer.c **** 	else
 889:Middlewares/Third_Party/FreeRTOS/Source/stream_buffer.c **** 	{
 890:Middlewares/Third_Party/FreeRTOS/Source/stream_buffer.c **** 		/* A stream of bytes is being received (as opposed to a discrete
 891:Middlewares/Third_Party/FreeRTOS/Source/stream_buffer.c **** 		message), so read as many bytes as possible. */
 892:Middlewares/Third_Party/FreeRTOS/Source/stream_buffer.c **** 		xNextMessageLength = xBufferLengthBytes;
 893:Middlewares/Third_Party/FreeRTOS/Source/stream_buffer.c **** 	}
 894:Middlewares/Third_Party/FreeRTOS/Source/stream_buffer.c **** 
 895:Middlewares/Third_Party/FreeRTOS/Source/stream_buffer.c **** 	/* Read the actual data. */
 896:Middlewares/Third_Party/FreeRTOS/Source/stream_buffer.c **** 	xReceivedLength = prvReadBytesFromBuffer( pxStreamBuffer, ( uint8_t * ) pvRxData, xNextMessageLeng
 897:Middlewares/Third_Party/FreeRTOS/Source/stream_buffer.c **** 
 898:Middlewares/Third_Party/FreeRTOS/Source/stream_buffer.c **** 	return xReceivedLength;
 899:Middlewares/Third_Party/FreeRTOS/Source/stream_buffer.c **** }
 900:Middlewares/Third_Party/FreeRTOS/Source/stream_buffer.c **** /*-----------------------------------------------------------*/
 901:Middlewares/Third_Party/FreeRTOS/Source/stream_buffer.c **** 
 902:Middlewares/Third_Party/FreeRTOS/Source/stream_buffer.c **** BaseType_t xStreamBufferIsEmpty( StreamBufferHandle_t xStreamBuffer )
 903:Middlewares/Third_Party/FreeRTOS/Source/stream_buffer.c **** {
 904:Middlewares/Third_Party/FreeRTOS/Source/stream_buffer.c **** const StreamBuffer_t * const pxStreamBuffer = ( StreamBuffer_t * ) xStreamBuffer; /*lint !e9087 !e9
 905:Middlewares/Third_Party/FreeRTOS/Source/stream_buffer.c **** BaseType_t xReturn;
 906:Middlewares/Third_Party/FreeRTOS/Source/stream_buffer.c **** size_t xTail;
 907:Middlewares/Third_Party/FreeRTOS/Source/stream_buffer.c **** 
 908:Middlewares/Third_Party/FreeRTOS/Source/stream_buffer.c **** 	configASSERT( pxStreamBuffer );
 909:Middlewares/Third_Party/FreeRTOS/Source/stream_buffer.c **** 
 910:Middlewares/Third_Party/FreeRTOS/Source/stream_buffer.c **** 	/* True if no bytes are available. */
 911:Middlewares/Third_Party/FreeRTOS/Source/stream_buffer.c **** 	xTail = pxStreamBuffer->xTail;
 912:Middlewares/Third_Party/FreeRTOS/Source/stream_buffer.c **** 	if( pxStreamBuffer->xHead == xTail )
 913:Middlewares/Third_Party/FreeRTOS/Source/stream_buffer.c **** 	{
 914:Middlewares/Third_Party/FreeRTOS/Source/stream_buffer.c **** 		xReturn = pdTRUE;
 915:Middlewares/Third_Party/FreeRTOS/Source/stream_buffer.c **** 	}
 916:Middlewares/Third_Party/FreeRTOS/Source/stream_buffer.c **** 	else
 917:Middlewares/Third_Party/FreeRTOS/Source/stream_buffer.c **** 	{
 918:Middlewares/Third_Party/FreeRTOS/Source/stream_buffer.c **** 		xReturn = pdFALSE;
 919:Middlewares/Third_Party/FreeRTOS/Source/stream_buffer.c **** 	}
 920:Middlewares/Third_Party/FreeRTOS/Source/stream_buffer.c **** 
 921:Middlewares/Third_Party/FreeRTOS/Source/stream_buffer.c **** 	return xReturn;
 922:Middlewares/Third_Party/FreeRTOS/Source/stream_buffer.c **** }
 923:Middlewares/Third_Party/FreeRTOS/Source/stream_buffer.c **** /*-----------------------------------------------------------*/
 924:Middlewares/Third_Party/FreeRTOS/Source/stream_buffer.c **** 
 925:Middlewares/Third_Party/FreeRTOS/Source/stream_buffer.c **** BaseType_t xStreamBufferIsFull( StreamBufferHandle_t xStreamBuffer )
 926:Middlewares/Third_Party/FreeRTOS/Source/stream_buffer.c **** {
 927:Middlewares/Third_Party/FreeRTOS/Source/stream_buffer.c **** BaseType_t xReturn;
 928:Middlewares/Third_Party/FreeRTOS/Source/stream_buffer.c **** size_t xBytesToStoreMessageLength;
 929:Middlewares/Third_Party/FreeRTOS/Source/stream_buffer.c **** const StreamBuffer_t * const pxStreamBuffer = ( StreamBuffer_t * ) xStreamBuffer; /*lint !e9087 !e9
 930:Middlewares/Third_Party/FreeRTOS/Source/stream_buffer.c **** 
 931:Middlewares/Third_Party/FreeRTOS/Source/stream_buffer.c **** 	configASSERT( pxStreamBuffer );
 932:Middlewares/Third_Party/FreeRTOS/Source/stream_buffer.c **** 
 933:Middlewares/Third_Party/FreeRTOS/Source/stream_buffer.c **** 	/* This generic version of the receive function is used by both message
 934:Middlewares/Third_Party/FreeRTOS/Source/stream_buffer.c **** 	buffers, which store discrete messages, and stream buffers, which store a
 935:Middlewares/Third_Party/FreeRTOS/Source/stream_buffer.c **** 	continuous stream of bytes.  Discrete messages include an additional
 936:Middlewares/Third_Party/FreeRTOS/Source/stream_buffer.c **** 	sbBYTES_TO_STORE_MESSAGE_LENGTH bytes that hold the length of the message. */
 937:Middlewares/Third_Party/FreeRTOS/Source/stream_buffer.c **** 	if( ( pxStreamBuffer->ucFlags & sbFLAGS_IS_MESSAGE_BUFFER ) != ( uint8_t ) 0 )
 938:Middlewares/Third_Party/FreeRTOS/Source/stream_buffer.c **** 	{
 939:Middlewares/Third_Party/FreeRTOS/Source/stream_buffer.c **** 		xBytesToStoreMessageLength = sbBYTES_TO_STORE_MESSAGE_LENGTH;
 940:Middlewares/Third_Party/FreeRTOS/Source/stream_buffer.c **** 	}
 941:Middlewares/Third_Party/FreeRTOS/Source/stream_buffer.c **** 	else
 942:Middlewares/Third_Party/FreeRTOS/Source/stream_buffer.c **** 	{
ARM GAS  /tmp/ccDqghRU.s 			page 18


 943:Middlewares/Third_Party/FreeRTOS/Source/stream_buffer.c **** 		xBytesToStoreMessageLength = 0;
 944:Middlewares/Third_Party/FreeRTOS/Source/stream_buffer.c **** 	}
 945:Middlewares/Third_Party/FreeRTOS/Source/stream_buffer.c **** 
 946:Middlewares/Third_Party/FreeRTOS/Source/stream_buffer.c **** 	/* True if the available space equals zero. */
 947:Middlewares/Third_Party/FreeRTOS/Source/stream_buffer.c **** 	if( xStreamBufferSpacesAvailable( xStreamBuffer ) <= xBytesToStoreMessageLength )
 948:Middlewares/Third_Party/FreeRTOS/Source/stream_buffer.c **** 	{
 949:Middlewares/Third_Party/FreeRTOS/Source/stream_buffer.c **** 		xReturn = pdTRUE;
 950:Middlewares/Third_Party/FreeRTOS/Source/stream_buffer.c **** 	}
 951:Middlewares/Third_Party/FreeRTOS/Source/stream_buffer.c **** 	else
 952:Middlewares/Third_Party/FreeRTOS/Source/stream_buffer.c **** 	{
 953:Middlewares/Third_Party/FreeRTOS/Source/stream_buffer.c **** 		xReturn = pdFALSE;
 954:Middlewares/Third_Party/FreeRTOS/Source/stream_buffer.c **** 	}
 955:Middlewares/Third_Party/FreeRTOS/Source/stream_buffer.c **** 
 956:Middlewares/Third_Party/FreeRTOS/Source/stream_buffer.c **** 	return xReturn;
 957:Middlewares/Third_Party/FreeRTOS/Source/stream_buffer.c **** }
 958:Middlewares/Third_Party/FreeRTOS/Source/stream_buffer.c **** /*-----------------------------------------------------------*/
 959:Middlewares/Third_Party/FreeRTOS/Source/stream_buffer.c **** 
 960:Middlewares/Third_Party/FreeRTOS/Source/stream_buffer.c **** BaseType_t xStreamBufferSendCompletedFromISR( StreamBufferHandle_t xStreamBuffer, BaseType_t *pxHig
 961:Middlewares/Third_Party/FreeRTOS/Source/stream_buffer.c **** {
 962:Middlewares/Third_Party/FreeRTOS/Source/stream_buffer.c **** StreamBuffer_t * const pxStreamBuffer = ( StreamBuffer_t * ) xStreamBuffer; /*lint !e9087 !e9079 Sa
 963:Middlewares/Third_Party/FreeRTOS/Source/stream_buffer.c **** BaseType_t xReturn;
 964:Middlewares/Third_Party/FreeRTOS/Source/stream_buffer.c **** UBaseType_t uxSavedInterruptStatus;
 965:Middlewares/Third_Party/FreeRTOS/Source/stream_buffer.c **** 
 966:Middlewares/Third_Party/FreeRTOS/Source/stream_buffer.c **** 	configASSERT( pxStreamBuffer );
 967:Middlewares/Third_Party/FreeRTOS/Source/stream_buffer.c **** 
 968:Middlewares/Third_Party/FreeRTOS/Source/stream_buffer.c **** 	uxSavedInterruptStatus = ( UBaseType_t ) portSET_INTERRUPT_MASK_FROM_ISR();
 969:Middlewares/Third_Party/FreeRTOS/Source/stream_buffer.c **** 	{
 970:Middlewares/Third_Party/FreeRTOS/Source/stream_buffer.c **** 		if( ( pxStreamBuffer )->xTaskWaitingToReceive != NULL )
 971:Middlewares/Third_Party/FreeRTOS/Source/stream_buffer.c **** 		{
 972:Middlewares/Third_Party/FreeRTOS/Source/stream_buffer.c **** 			( void ) xTaskNotifyFromISR( ( pxStreamBuffer )->xTaskWaitingToReceive,
 973:Middlewares/Third_Party/FreeRTOS/Source/stream_buffer.c **** 										 ( uint32_t ) 0,
 974:Middlewares/Third_Party/FreeRTOS/Source/stream_buffer.c **** 										 eNoAction,
 975:Middlewares/Third_Party/FreeRTOS/Source/stream_buffer.c **** 										 pxHigherPriorityTaskWoken );
 976:Middlewares/Third_Party/FreeRTOS/Source/stream_buffer.c **** 			( pxStreamBuffer )->xTaskWaitingToReceive = NULL;
 977:Middlewares/Third_Party/FreeRTOS/Source/stream_buffer.c **** 			xReturn = pdTRUE;
 978:Middlewares/Third_Party/FreeRTOS/Source/stream_buffer.c **** 		}
 979:Middlewares/Third_Party/FreeRTOS/Source/stream_buffer.c **** 		else
 980:Middlewares/Third_Party/FreeRTOS/Source/stream_buffer.c **** 		{
 981:Middlewares/Third_Party/FreeRTOS/Source/stream_buffer.c **** 			xReturn = pdFALSE;
 982:Middlewares/Third_Party/FreeRTOS/Source/stream_buffer.c **** 		}
 983:Middlewares/Third_Party/FreeRTOS/Source/stream_buffer.c **** 	}
 984:Middlewares/Third_Party/FreeRTOS/Source/stream_buffer.c **** 	portCLEAR_INTERRUPT_MASK_FROM_ISR( uxSavedInterruptStatus );
 985:Middlewares/Third_Party/FreeRTOS/Source/stream_buffer.c **** 
 986:Middlewares/Third_Party/FreeRTOS/Source/stream_buffer.c **** 	return xReturn;
 987:Middlewares/Third_Party/FreeRTOS/Source/stream_buffer.c **** }
 988:Middlewares/Third_Party/FreeRTOS/Source/stream_buffer.c **** /*-----------------------------------------------------------*/
 989:Middlewares/Third_Party/FreeRTOS/Source/stream_buffer.c **** 
 990:Middlewares/Third_Party/FreeRTOS/Source/stream_buffer.c **** BaseType_t xStreamBufferReceiveCompletedFromISR( StreamBufferHandle_t xStreamBuffer, BaseType_t *px
 991:Middlewares/Third_Party/FreeRTOS/Source/stream_buffer.c **** {
 992:Middlewares/Third_Party/FreeRTOS/Source/stream_buffer.c **** StreamBuffer_t * const pxStreamBuffer = ( StreamBuffer_t * ) xStreamBuffer; /*lint !e9087 !e9079 Sa
 993:Middlewares/Third_Party/FreeRTOS/Source/stream_buffer.c **** BaseType_t xReturn;
 994:Middlewares/Third_Party/FreeRTOS/Source/stream_buffer.c **** UBaseType_t uxSavedInterruptStatus;
 995:Middlewares/Third_Party/FreeRTOS/Source/stream_buffer.c **** 
 996:Middlewares/Third_Party/FreeRTOS/Source/stream_buffer.c **** 	configASSERT( pxStreamBuffer );
 997:Middlewares/Third_Party/FreeRTOS/Source/stream_buffer.c **** 
 998:Middlewares/Third_Party/FreeRTOS/Source/stream_buffer.c **** 	uxSavedInterruptStatus = ( UBaseType_t ) portSET_INTERRUPT_MASK_FROM_ISR();
 999:Middlewares/Third_Party/FreeRTOS/Source/stream_buffer.c **** 	{
ARM GAS  /tmp/ccDqghRU.s 			page 19


1000:Middlewares/Third_Party/FreeRTOS/Source/stream_buffer.c **** 		if( ( pxStreamBuffer )->xTaskWaitingToSend != NULL )
1001:Middlewares/Third_Party/FreeRTOS/Source/stream_buffer.c **** 		{
1002:Middlewares/Third_Party/FreeRTOS/Source/stream_buffer.c **** 			( void ) xTaskNotifyFromISR( ( pxStreamBuffer )->xTaskWaitingToSend,
1003:Middlewares/Third_Party/FreeRTOS/Source/stream_buffer.c **** 										 ( uint32_t ) 0,
1004:Middlewares/Third_Party/FreeRTOS/Source/stream_buffer.c **** 										 eNoAction,
1005:Middlewares/Third_Party/FreeRTOS/Source/stream_buffer.c **** 										 pxHigherPriorityTaskWoken );
1006:Middlewares/Third_Party/FreeRTOS/Source/stream_buffer.c **** 			( pxStreamBuffer )->xTaskWaitingToSend = NULL;
1007:Middlewares/Third_Party/FreeRTOS/Source/stream_buffer.c **** 			xReturn = pdTRUE;
1008:Middlewares/Third_Party/FreeRTOS/Source/stream_buffer.c **** 		}
1009:Middlewares/Third_Party/FreeRTOS/Source/stream_buffer.c **** 		else
1010:Middlewares/Third_Party/FreeRTOS/Source/stream_buffer.c **** 		{
1011:Middlewares/Third_Party/FreeRTOS/Source/stream_buffer.c **** 			xReturn = pdFALSE;
1012:Middlewares/Third_Party/FreeRTOS/Source/stream_buffer.c **** 		}
1013:Middlewares/Third_Party/FreeRTOS/Source/stream_buffer.c **** 	}
1014:Middlewares/Third_Party/FreeRTOS/Source/stream_buffer.c **** 	portCLEAR_INTERRUPT_MASK_FROM_ISR( uxSavedInterruptStatus );
1015:Middlewares/Third_Party/FreeRTOS/Source/stream_buffer.c **** 
1016:Middlewares/Third_Party/FreeRTOS/Source/stream_buffer.c **** 	return xReturn;
1017:Middlewares/Third_Party/FreeRTOS/Source/stream_buffer.c **** }
1018:Middlewares/Third_Party/FreeRTOS/Source/stream_buffer.c **** /*-----------------------------------------------------------*/
1019:Middlewares/Third_Party/FreeRTOS/Source/stream_buffer.c **** 
1020:Middlewares/Third_Party/FreeRTOS/Source/stream_buffer.c **** static size_t prvWriteBytesToBuffer( StreamBuffer_t * const pxStreamBuffer, const uint8_t *pucData,
1021:Middlewares/Third_Party/FreeRTOS/Source/stream_buffer.c **** {
1022:Middlewares/Third_Party/FreeRTOS/Source/stream_buffer.c **** size_t xNextHead, xFirstLength;
1023:Middlewares/Third_Party/FreeRTOS/Source/stream_buffer.c **** 
1024:Middlewares/Third_Party/FreeRTOS/Source/stream_buffer.c **** 	configASSERT( xCount > ( size_t ) 0 );
1025:Middlewares/Third_Party/FreeRTOS/Source/stream_buffer.c **** 
1026:Middlewares/Third_Party/FreeRTOS/Source/stream_buffer.c **** 	xNextHead = pxStreamBuffer->xHead;
1027:Middlewares/Third_Party/FreeRTOS/Source/stream_buffer.c **** 
1028:Middlewares/Third_Party/FreeRTOS/Source/stream_buffer.c **** 	/* Calculate the number of bytes that can be added in the first write -
1029:Middlewares/Third_Party/FreeRTOS/Source/stream_buffer.c **** 	which may be less than the total number of bytes that need to be added if
1030:Middlewares/Third_Party/FreeRTOS/Source/stream_buffer.c **** 	the buffer will wrap back to the beginning. */
1031:Middlewares/Third_Party/FreeRTOS/Source/stream_buffer.c **** 	xFirstLength = configMIN( pxStreamBuffer->xLength - xNextHead, xCount );
1032:Middlewares/Third_Party/FreeRTOS/Source/stream_buffer.c **** 
1033:Middlewares/Third_Party/FreeRTOS/Source/stream_buffer.c **** 	/* Write as many bytes as can be written in the first write. */
1034:Middlewares/Third_Party/FreeRTOS/Source/stream_buffer.c **** 	configASSERT( ( xNextHead + xFirstLength ) <= pxStreamBuffer->xLength );
1035:Middlewares/Third_Party/FreeRTOS/Source/stream_buffer.c **** 	memcpy( ( void* ) ( &( pxStreamBuffer->pucBuffer[ xNextHead ] ) ), ( const void * ) pucData, xFirs
1036:Middlewares/Third_Party/FreeRTOS/Source/stream_buffer.c **** 
1037:Middlewares/Third_Party/FreeRTOS/Source/stream_buffer.c **** 	/* If the number of bytes written was less than the number that could be
1038:Middlewares/Third_Party/FreeRTOS/Source/stream_buffer.c **** 	written in the first write... */
1039:Middlewares/Third_Party/FreeRTOS/Source/stream_buffer.c **** 	if( xCount > xFirstLength )
1040:Middlewares/Third_Party/FreeRTOS/Source/stream_buffer.c **** 	{
1041:Middlewares/Third_Party/FreeRTOS/Source/stream_buffer.c **** 		/* ...then write the remaining bytes to the start of the buffer. */
1042:Middlewares/Third_Party/FreeRTOS/Source/stream_buffer.c **** 		configASSERT( ( xCount - xFirstLength ) <= pxStreamBuffer->xLength );
1043:Middlewares/Third_Party/FreeRTOS/Source/stream_buffer.c **** 		memcpy( ( void * ) pxStreamBuffer->pucBuffer, ( const void * ) &( pucData[ xFirstLength ] ), xCou
1044:Middlewares/Third_Party/FreeRTOS/Source/stream_buffer.c **** 	}
1045:Middlewares/Third_Party/FreeRTOS/Source/stream_buffer.c **** 	else
1046:Middlewares/Third_Party/FreeRTOS/Source/stream_buffer.c **** 	{
1047:Middlewares/Third_Party/FreeRTOS/Source/stream_buffer.c **** 		mtCOVERAGE_TEST_MARKER();
1048:Middlewares/Third_Party/FreeRTOS/Source/stream_buffer.c **** 	}
1049:Middlewares/Third_Party/FreeRTOS/Source/stream_buffer.c **** 
1050:Middlewares/Third_Party/FreeRTOS/Source/stream_buffer.c **** 	xNextHead += xCount;
1051:Middlewares/Third_Party/FreeRTOS/Source/stream_buffer.c **** 	if( xNextHead >= pxStreamBuffer->xLength )
1052:Middlewares/Third_Party/FreeRTOS/Source/stream_buffer.c **** 	{
1053:Middlewares/Third_Party/FreeRTOS/Source/stream_buffer.c **** 		xNextHead -= pxStreamBuffer->xLength;
1054:Middlewares/Third_Party/FreeRTOS/Source/stream_buffer.c **** 	}
1055:Middlewares/Third_Party/FreeRTOS/Source/stream_buffer.c **** 	else
1056:Middlewares/Third_Party/FreeRTOS/Source/stream_buffer.c **** 	{
ARM GAS  /tmp/ccDqghRU.s 			page 20


1057:Middlewares/Third_Party/FreeRTOS/Source/stream_buffer.c **** 		mtCOVERAGE_TEST_MARKER();
1058:Middlewares/Third_Party/FreeRTOS/Source/stream_buffer.c **** 	}
1059:Middlewares/Third_Party/FreeRTOS/Source/stream_buffer.c **** 
1060:Middlewares/Third_Party/FreeRTOS/Source/stream_buffer.c **** 	pxStreamBuffer->xHead = xNextHead;
1061:Middlewares/Third_Party/FreeRTOS/Source/stream_buffer.c **** 
1062:Middlewares/Third_Party/FreeRTOS/Source/stream_buffer.c **** 	return xCount;
1063:Middlewares/Third_Party/FreeRTOS/Source/stream_buffer.c **** }
1064:Middlewares/Third_Party/FreeRTOS/Source/stream_buffer.c **** /*-----------------------------------------------------------*/
1065:Middlewares/Third_Party/FreeRTOS/Source/stream_buffer.c **** 
1066:Middlewares/Third_Party/FreeRTOS/Source/stream_buffer.c **** static size_t prvReadBytesFromBuffer( StreamBuffer_t *pxStreamBuffer, uint8_t *pucData, size_t xMax
1067:Middlewares/Third_Party/FreeRTOS/Source/stream_buffer.c **** {
1068:Middlewares/Third_Party/FreeRTOS/Source/stream_buffer.c **** size_t xCount, xFirstLength, xNextTail;
1069:Middlewares/Third_Party/FreeRTOS/Source/stream_buffer.c **** 
1070:Middlewares/Third_Party/FreeRTOS/Source/stream_buffer.c **** 	/* Use the minimum of the wanted bytes and the available bytes. */
1071:Middlewares/Third_Party/FreeRTOS/Source/stream_buffer.c **** 	xCount = configMIN( xBytesAvailable, xMaxCount );
1072:Middlewares/Third_Party/FreeRTOS/Source/stream_buffer.c **** 
1073:Middlewares/Third_Party/FreeRTOS/Source/stream_buffer.c **** 	if( xCount > ( size_t ) 0 )
1074:Middlewares/Third_Party/FreeRTOS/Source/stream_buffer.c **** 	{
1075:Middlewares/Third_Party/FreeRTOS/Source/stream_buffer.c **** 		xNextTail = pxStreamBuffer->xTail;
1076:Middlewares/Third_Party/FreeRTOS/Source/stream_buffer.c **** 
1077:Middlewares/Third_Party/FreeRTOS/Source/stream_buffer.c **** 		/* Calculate the number of bytes that can be read - which may be
1078:Middlewares/Third_Party/FreeRTOS/Source/stream_buffer.c **** 		less than the number wanted if the data wraps around to the start of
1079:Middlewares/Third_Party/FreeRTOS/Source/stream_buffer.c **** 		the buffer. */
1080:Middlewares/Third_Party/FreeRTOS/Source/stream_buffer.c **** 		xFirstLength = configMIN( pxStreamBuffer->xLength - xNextTail, xCount );
1081:Middlewares/Third_Party/FreeRTOS/Source/stream_buffer.c **** 
1082:Middlewares/Third_Party/FreeRTOS/Source/stream_buffer.c **** 		/* Obtain the number of bytes it is possible to obtain in the first
1083:Middlewares/Third_Party/FreeRTOS/Source/stream_buffer.c **** 		read.  Asserts check bounds of read and write. */
1084:Middlewares/Third_Party/FreeRTOS/Source/stream_buffer.c **** 		configASSERT( xFirstLength <= xMaxCount );
1085:Middlewares/Third_Party/FreeRTOS/Source/stream_buffer.c **** 		configASSERT( ( xNextTail + xFirstLength ) <= pxStreamBuffer->xLength );
1086:Middlewares/Third_Party/FreeRTOS/Source/stream_buffer.c **** 		memcpy( ( void * ) pucData, ( const void * ) &( pxStreamBuffer->pucBuffer[ xNextTail ] ), xFirstL
1087:Middlewares/Third_Party/FreeRTOS/Source/stream_buffer.c **** 
1088:Middlewares/Third_Party/FreeRTOS/Source/stream_buffer.c **** 		/* If the total number of wanted bytes is greater than the number
1089:Middlewares/Third_Party/FreeRTOS/Source/stream_buffer.c **** 		that could be read in the first read... */
1090:Middlewares/Third_Party/FreeRTOS/Source/stream_buffer.c **** 		if( xCount > xFirstLength )
1091:Middlewares/Third_Party/FreeRTOS/Source/stream_buffer.c **** 		{
1092:Middlewares/Third_Party/FreeRTOS/Source/stream_buffer.c **** 			/*...then read the remaining bytes from the start of the buffer. */
1093:Middlewares/Third_Party/FreeRTOS/Source/stream_buffer.c **** 			configASSERT( xCount <= xMaxCount );
1094:Middlewares/Third_Party/FreeRTOS/Source/stream_buffer.c **** 			memcpy( ( void * ) &( pucData[ xFirstLength ] ), ( void * ) ( pxStreamBuffer->pucBuffer ), xCoun
1095:Middlewares/Third_Party/FreeRTOS/Source/stream_buffer.c **** 		}
1096:Middlewares/Third_Party/FreeRTOS/Source/stream_buffer.c **** 		else
1097:Middlewares/Third_Party/FreeRTOS/Source/stream_buffer.c **** 		{
1098:Middlewares/Third_Party/FreeRTOS/Source/stream_buffer.c **** 			mtCOVERAGE_TEST_MARKER();
1099:Middlewares/Third_Party/FreeRTOS/Source/stream_buffer.c **** 		}
1100:Middlewares/Third_Party/FreeRTOS/Source/stream_buffer.c **** 
1101:Middlewares/Third_Party/FreeRTOS/Source/stream_buffer.c **** 		/* Move the tail pointer to effectively remove the data read from
1102:Middlewares/Third_Party/FreeRTOS/Source/stream_buffer.c **** 		the buffer. */
1103:Middlewares/Third_Party/FreeRTOS/Source/stream_buffer.c **** 		xNextTail += xCount;
1104:Middlewares/Third_Party/FreeRTOS/Source/stream_buffer.c **** 
1105:Middlewares/Third_Party/FreeRTOS/Source/stream_buffer.c **** 		if( xNextTail >= pxStreamBuffer->xLength )
1106:Middlewares/Third_Party/FreeRTOS/Source/stream_buffer.c **** 		{
1107:Middlewares/Third_Party/FreeRTOS/Source/stream_buffer.c **** 			xNextTail -= pxStreamBuffer->xLength;
1108:Middlewares/Third_Party/FreeRTOS/Source/stream_buffer.c **** 		}
1109:Middlewares/Third_Party/FreeRTOS/Source/stream_buffer.c **** 
1110:Middlewares/Third_Party/FreeRTOS/Source/stream_buffer.c **** 		pxStreamBuffer->xTail = xNextTail;
1111:Middlewares/Third_Party/FreeRTOS/Source/stream_buffer.c **** 	}
1112:Middlewares/Third_Party/FreeRTOS/Source/stream_buffer.c **** 	else
1113:Middlewares/Third_Party/FreeRTOS/Source/stream_buffer.c **** 	{
ARM GAS  /tmp/ccDqghRU.s 			page 21


1114:Middlewares/Third_Party/FreeRTOS/Source/stream_buffer.c **** 		mtCOVERAGE_TEST_MARKER();
1115:Middlewares/Third_Party/FreeRTOS/Source/stream_buffer.c **** 	}
1116:Middlewares/Third_Party/FreeRTOS/Source/stream_buffer.c **** 
1117:Middlewares/Third_Party/FreeRTOS/Source/stream_buffer.c **** 	return xCount;
1118:Middlewares/Third_Party/FreeRTOS/Source/stream_buffer.c **** }
1119:Middlewares/Third_Party/FreeRTOS/Source/stream_buffer.c **** /*-----------------------------------------------------------*/
1120:Middlewares/Third_Party/FreeRTOS/Source/stream_buffer.c **** 
1121:Middlewares/Third_Party/FreeRTOS/Source/stream_buffer.c **** static size_t prvBytesInBuffer( const StreamBuffer_t * const pxStreamBuffer )
1122:Middlewares/Third_Party/FreeRTOS/Source/stream_buffer.c **** {
  29              		.loc 1 1122 1 view -0
  30              		.cfi_startproc
  31              		@ args = 0, pretend = 0, frame = 0
  32              		@ frame_needed = 0, uses_anonymous_args = 0
  33              		@ link register save eliminated.
1123:Middlewares/Third_Party/FreeRTOS/Source/stream_buffer.c **** /* Returns the distance between xTail and xHead. */
1124:Middlewares/Third_Party/FreeRTOS/Source/stream_buffer.c **** size_t xCount;
  34              		.loc 1 1124 1 view .LVU1
1125:Middlewares/Third_Party/FreeRTOS/Source/stream_buffer.c **** 
1126:Middlewares/Third_Party/FreeRTOS/Source/stream_buffer.c **** 	xCount = pxStreamBuffer->xLength + pxStreamBuffer->xHead;
  35              		.loc 1 1126 2 view .LVU2
  36              		.loc 1 1126 25 is_stmt 0 view .LVU3
  37 0000 8268     		ldr	r2, [r0, #8]
  38              		.loc 1 1126 51 view .LVU4
  39 0002 4368     		ldr	r3, [r0, #4]
  40              		.loc 1 1126 9 view .LVU5
  41 0004 1344     		add	r3, r3, r2
  42              	.LVL1:
1127:Middlewares/Third_Party/FreeRTOS/Source/stream_buffer.c **** 	xCount -= pxStreamBuffer->xTail;
  43              		.loc 1 1127 2 is_stmt 1 view .LVU6
  44              		.loc 1 1127 26 is_stmt 0 view .LVU7
  45 0006 0068     		ldr	r0, [r0]
  46              	.LVL2:
  47              		.loc 1 1127 9 view .LVU8
  48 0008 181A     		subs	r0, r3, r0
  49              	.LVL3:
1128:Middlewares/Third_Party/FreeRTOS/Source/stream_buffer.c **** 	if ( xCount >= pxStreamBuffer->xLength )
  50              		.loc 1 1128 2 is_stmt 1 view .LVU9
  51              		.loc 1 1128 5 is_stmt 0 view .LVU10
  52 000a 8242     		cmp	r2, r0
  53 000c 00D8     		bhi	.L1
1129:Middlewares/Third_Party/FreeRTOS/Source/stream_buffer.c **** 	{
1130:Middlewares/Third_Party/FreeRTOS/Source/stream_buffer.c **** 		xCount -= pxStreamBuffer->xLength;
  54              		.loc 1 1130 3 is_stmt 1 view .LVU11
  55              		.loc 1 1130 10 is_stmt 0 view .LVU12
  56 000e 801A     		subs	r0, r0, r2
  57              	.LVL4:
1131:Middlewares/Third_Party/FreeRTOS/Source/stream_buffer.c **** 	}
1132:Middlewares/Third_Party/FreeRTOS/Source/stream_buffer.c **** 	else
1133:Middlewares/Third_Party/FreeRTOS/Source/stream_buffer.c **** 	{
1134:Middlewares/Third_Party/FreeRTOS/Source/stream_buffer.c **** 		mtCOVERAGE_TEST_MARKER();
  58              		.loc 1 1134 27 is_stmt 1 view .LVU13
1135:Middlewares/Third_Party/FreeRTOS/Source/stream_buffer.c **** 	}
1136:Middlewares/Third_Party/FreeRTOS/Source/stream_buffer.c **** 
1137:Middlewares/Third_Party/FreeRTOS/Source/stream_buffer.c **** 	return xCount;
  59              		.loc 1 1137 2 view .LVU14
  60              	.L1:
1138:Middlewares/Third_Party/FreeRTOS/Source/stream_buffer.c **** }
ARM GAS  /tmp/ccDqghRU.s 			page 22


  61              		.loc 1 1138 1 is_stmt 0 view .LVU15
  62 0010 7047     		bx	lr
  63              		.cfi_endproc
  64              	.LFE23:
  66              		.section	.text.prvInitialiseNewStreamBuffer,"ax",%progbits
  67              		.align	1
  68              		.syntax unified
  69              		.thumb
  70              		.thumb_func
  72              	prvInitialiseNewStreamBuffer:
  73              	.LVL5:
  74              	.LFB24:
1139:Middlewares/Third_Party/FreeRTOS/Source/stream_buffer.c **** /*-----------------------------------------------------------*/
1140:Middlewares/Third_Party/FreeRTOS/Source/stream_buffer.c **** 
1141:Middlewares/Third_Party/FreeRTOS/Source/stream_buffer.c **** static void prvInitialiseNewStreamBuffer( StreamBuffer_t * const pxStreamBuffer,
1142:Middlewares/Third_Party/FreeRTOS/Source/stream_buffer.c **** 										  uint8_t * const pucBuffer,
1143:Middlewares/Third_Party/FreeRTOS/Source/stream_buffer.c **** 										  size_t xBufferSizeBytes,
1144:Middlewares/Third_Party/FreeRTOS/Source/stream_buffer.c **** 										  size_t xTriggerLevelBytes,
1145:Middlewares/Third_Party/FreeRTOS/Source/stream_buffer.c **** 										  BaseType_t xIsMessageBuffer )
1146:Middlewares/Third_Party/FreeRTOS/Source/stream_buffer.c **** {
  75              		.loc 1 1146 1 is_stmt 1 view -0
  76              		.cfi_startproc
  77              		@ args = 4, pretend = 0, frame = 0
  78              		@ frame_needed = 0, uses_anonymous_args = 0
  79              		.loc 1 1146 1 is_stmt 0 view .LVU17
  80 0000 F8B5     		push	{r3, r4, r5, r6, r7, lr}
  81              	.LCFI0:
  82              		.cfi_def_cfa_offset 24
  83              		.cfi_offset 3, -24
  84              		.cfi_offset 4, -20
  85              		.cfi_offset 5, -16
  86              		.cfi_offset 6, -12
  87              		.cfi_offset 7, -8
  88              		.cfi_offset 14, -4
  89 0002 0746     		mov	r7, r0
  90 0004 0C46     		mov	r4, r1
  91 0006 1646     		mov	r6, r2
  92 0008 1D46     		mov	r5, r3
  93              	.LBB88:
1147:Middlewares/Third_Party/FreeRTOS/Source/stream_buffer.c **** 	/* Assert here is deliberately writing to the entire buffer to ensure it can
1148:Middlewares/Third_Party/FreeRTOS/Source/stream_buffer.c **** 	be written to without generating exceptions, and is setting the buffer to a
1149:Middlewares/Third_Party/FreeRTOS/Source/stream_buffer.c **** 	known value to assist in development/debugging. */
1150:Middlewares/Third_Party/FreeRTOS/Source/stream_buffer.c **** 	#if( configASSERT_DEFINED == 1 )
1151:Middlewares/Third_Party/FreeRTOS/Source/stream_buffer.c **** 	{
1152:Middlewares/Third_Party/FreeRTOS/Source/stream_buffer.c **** 		/* The value written just has to be identifiable when looking at the
1153:Middlewares/Third_Party/FreeRTOS/Source/stream_buffer.c **** 		memory.  Don't use 0xA5 as that is the stack fill value and could
1154:Middlewares/Third_Party/FreeRTOS/Source/stream_buffer.c **** 		result in confusion as to what is actually being observed. */
1155:Middlewares/Third_Party/FreeRTOS/Source/stream_buffer.c **** 		const BaseType_t xWriteValue = 0x55;
  94              		.loc 1 1155 3 is_stmt 1 view .LVU18
  95              	.LVL6:
1156:Middlewares/Third_Party/FreeRTOS/Source/stream_buffer.c **** 		configASSERT( memset( pucBuffer, ( int ) xWriteValue, xBufferSizeBytes ) == pucBuffer );
  96              		.loc 1 1156 3 view .LVU19
  97 000a 5521     		movs	r1, #85
  98              	.LVL7:
  99              		.loc 1 1156 3 is_stmt 0 view .LVU20
 100 000c 2046     		mov	r0, r4
 101              	.LVL8:
ARM GAS  /tmp/ccDqghRU.s 			page 23


 102              		.loc 1 1156 3 view .LVU21
 103 000e FFF7FEFF 		bl	memset
 104              	.LVL9:
 105              		.loc 1 1156 3 discriminator 1 view .LVU22
 106 0012 8442     		cmp	r4, r0
 107 0014 08D0     		beq	.L4
 108              		.loc 1 1156 3 is_stmt 1 discriminator 1 view .LVU23
 109              	.LBB89:
 110              	.LBI89:
 111              		.file 2 "Middlewares/Third_Party/FreeRTOS/Source/portable/GCC/ARM_CM4F/portmacro.h"
   1:Middlewares/Third_Party/FreeRTOS/Source/portable/GCC/ARM_CM4F/portmacro.h **** /*
   2:Middlewares/Third_Party/FreeRTOS/Source/portable/GCC/ARM_CM4F/portmacro.h ****  * FreeRTOS Kernel V10.0.1
   3:Middlewares/Third_Party/FreeRTOS/Source/portable/GCC/ARM_CM4F/portmacro.h ****  * Copyright (C) 2017 Amazon.com, Inc. or its affiliates.  All Rights Reserved.
   4:Middlewares/Third_Party/FreeRTOS/Source/portable/GCC/ARM_CM4F/portmacro.h ****  *
   5:Middlewares/Third_Party/FreeRTOS/Source/portable/GCC/ARM_CM4F/portmacro.h ****  * Permission is hereby granted, free of charge, to any person obtaining a copy of
   6:Middlewares/Third_Party/FreeRTOS/Source/portable/GCC/ARM_CM4F/portmacro.h ****  * this software and associated documentation files (the "Software"), to deal in
   7:Middlewares/Third_Party/FreeRTOS/Source/portable/GCC/ARM_CM4F/portmacro.h ****  * the Software without restriction, including without limitation the rights to
   8:Middlewares/Third_Party/FreeRTOS/Source/portable/GCC/ARM_CM4F/portmacro.h ****  * use, copy, modify, merge, publish, distribute, sublicense, and/or sell copies of
   9:Middlewares/Third_Party/FreeRTOS/Source/portable/GCC/ARM_CM4F/portmacro.h ****  * the Software, and to permit persons to whom the Software is furnished to do so,
  10:Middlewares/Third_Party/FreeRTOS/Source/portable/GCC/ARM_CM4F/portmacro.h ****  * subject to the following conditions:
  11:Middlewares/Third_Party/FreeRTOS/Source/portable/GCC/ARM_CM4F/portmacro.h ****  *
  12:Middlewares/Third_Party/FreeRTOS/Source/portable/GCC/ARM_CM4F/portmacro.h ****  * The above copyright notice and this permission notice shall be included in all
  13:Middlewares/Third_Party/FreeRTOS/Source/portable/GCC/ARM_CM4F/portmacro.h ****  * copies or substantial portions of the Software.
  14:Middlewares/Third_Party/FreeRTOS/Source/portable/GCC/ARM_CM4F/portmacro.h ****  *
  15:Middlewares/Third_Party/FreeRTOS/Source/portable/GCC/ARM_CM4F/portmacro.h ****  * THE SOFTWARE IS PROVIDED "AS IS", WITHOUT WARRANTY OF ANY KIND, EXPRESS OR
  16:Middlewares/Third_Party/FreeRTOS/Source/portable/GCC/ARM_CM4F/portmacro.h ****  * IMPLIED, INCLUDING BUT NOT LIMITED TO THE WARRANTIES OF MERCHANTABILITY, FITNESS
  17:Middlewares/Third_Party/FreeRTOS/Source/portable/GCC/ARM_CM4F/portmacro.h ****  * FOR A PARTICULAR PURPOSE AND NONINFRINGEMENT. IN NO EVENT SHALL THE AUTHORS OR
  18:Middlewares/Third_Party/FreeRTOS/Source/portable/GCC/ARM_CM4F/portmacro.h ****  * COPYRIGHT HOLDERS BE LIABLE FOR ANY CLAIM, DAMAGES OR OTHER LIABILITY, WHETHER
  19:Middlewares/Third_Party/FreeRTOS/Source/portable/GCC/ARM_CM4F/portmacro.h ****  * IN AN ACTION OF CONTRACT, TORT OR OTHERWISE, ARISING FROM, OUT OF OR IN
  20:Middlewares/Third_Party/FreeRTOS/Source/portable/GCC/ARM_CM4F/portmacro.h ****  * CONNECTION WITH THE SOFTWARE OR THE USE OR OTHER DEALINGS IN THE SOFTWARE.
  21:Middlewares/Third_Party/FreeRTOS/Source/portable/GCC/ARM_CM4F/portmacro.h ****  *
  22:Middlewares/Third_Party/FreeRTOS/Source/portable/GCC/ARM_CM4F/portmacro.h ****  * http://www.FreeRTOS.org
  23:Middlewares/Third_Party/FreeRTOS/Source/portable/GCC/ARM_CM4F/portmacro.h ****  * http://aws.amazon.com/freertos
  24:Middlewares/Third_Party/FreeRTOS/Source/portable/GCC/ARM_CM4F/portmacro.h ****  *
  25:Middlewares/Third_Party/FreeRTOS/Source/portable/GCC/ARM_CM4F/portmacro.h ****  * 1 tab == 4 spaces!
  26:Middlewares/Third_Party/FreeRTOS/Source/portable/GCC/ARM_CM4F/portmacro.h ****  */
  27:Middlewares/Third_Party/FreeRTOS/Source/portable/GCC/ARM_CM4F/portmacro.h **** 
  28:Middlewares/Third_Party/FreeRTOS/Source/portable/GCC/ARM_CM4F/portmacro.h **** 
  29:Middlewares/Third_Party/FreeRTOS/Source/portable/GCC/ARM_CM4F/portmacro.h **** #ifndef PORTMACRO_H
  30:Middlewares/Third_Party/FreeRTOS/Source/portable/GCC/ARM_CM4F/portmacro.h **** #define PORTMACRO_H
  31:Middlewares/Third_Party/FreeRTOS/Source/portable/GCC/ARM_CM4F/portmacro.h **** 
  32:Middlewares/Third_Party/FreeRTOS/Source/portable/GCC/ARM_CM4F/portmacro.h **** #ifdef __cplusplus
  33:Middlewares/Third_Party/FreeRTOS/Source/portable/GCC/ARM_CM4F/portmacro.h **** extern "C" {
  34:Middlewares/Third_Party/FreeRTOS/Source/portable/GCC/ARM_CM4F/portmacro.h **** #endif
  35:Middlewares/Third_Party/FreeRTOS/Source/portable/GCC/ARM_CM4F/portmacro.h **** 
  36:Middlewares/Third_Party/FreeRTOS/Source/portable/GCC/ARM_CM4F/portmacro.h **** /*-----------------------------------------------------------
  37:Middlewares/Third_Party/FreeRTOS/Source/portable/GCC/ARM_CM4F/portmacro.h ****  * Port specific definitions.
  38:Middlewares/Third_Party/FreeRTOS/Source/portable/GCC/ARM_CM4F/portmacro.h ****  *
  39:Middlewares/Third_Party/FreeRTOS/Source/portable/GCC/ARM_CM4F/portmacro.h ****  * The settings in this file configure FreeRTOS correctly for the
  40:Middlewares/Third_Party/FreeRTOS/Source/portable/GCC/ARM_CM4F/portmacro.h ****  * given hardware and compiler.
  41:Middlewares/Third_Party/FreeRTOS/Source/portable/GCC/ARM_CM4F/portmacro.h ****  *
  42:Middlewares/Third_Party/FreeRTOS/Source/portable/GCC/ARM_CM4F/portmacro.h ****  * These settings should not be altered.
  43:Middlewares/Third_Party/FreeRTOS/Source/portable/GCC/ARM_CM4F/portmacro.h ****  *-----------------------------------------------------------
  44:Middlewares/Third_Party/FreeRTOS/Source/portable/GCC/ARM_CM4F/portmacro.h ****  */
  45:Middlewares/Third_Party/FreeRTOS/Source/portable/GCC/ARM_CM4F/portmacro.h **** 
  46:Middlewares/Third_Party/FreeRTOS/Source/portable/GCC/ARM_CM4F/portmacro.h **** /* Type definitions. */
  47:Middlewares/Third_Party/FreeRTOS/Source/portable/GCC/ARM_CM4F/portmacro.h **** #define portCHAR		char
ARM GAS  /tmp/ccDqghRU.s 			page 24


  48:Middlewares/Third_Party/FreeRTOS/Source/portable/GCC/ARM_CM4F/portmacro.h **** #define portFLOAT		float
  49:Middlewares/Third_Party/FreeRTOS/Source/portable/GCC/ARM_CM4F/portmacro.h **** #define portDOUBLE		double
  50:Middlewares/Third_Party/FreeRTOS/Source/portable/GCC/ARM_CM4F/portmacro.h **** #define portLONG		long
  51:Middlewares/Third_Party/FreeRTOS/Source/portable/GCC/ARM_CM4F/portmacro.h **** #define portSHORT		short
  52:Middlewares/Third_Party/FreeRTOS/Source/portable/GCC/ARM_CM4F/portmacro.h **** #define portSTACK_TYPE	uint32_t
  53:Middlewares/Third_Party/FreeRTOS/Source/portable/GCC/ARM_CM4F/portmacro.h **** #define portBASE_TYPE	long
  54:Middlewares/Third_Party/FreeRTOS/Source/portable/GCC/ARM_CM4F/portmacro.h **** 
  55:Middlewares/Third_Party/FreeRTOS/Source/portable/GCC/ARM_CM4F/portmacro.h **** typedef portSTACK_TYPE StackType_t;
  56:Middlewares/Third_Party/FreeRTOS/Source/portable/GCC/ARM_CM4F/portmacro.h **** typedef long BaseType_t;
  57:Middlewares/Third_Party/FreeRTOS/Source/portable/GCC/ARM_CM4F/portmacro.h **** typedef unsigned long UBaseType_t;
  58:Middlewares/Third_Party/FreeRTOS/Source/portable/GCC/ARM_CM4F/portmacro.h **** 
  59:Middlewares/Third_Party/FreeRTOS/Source/portable/GCC/ARM_CM4F/portmacro.h **** #if( configUSE_16_BIT_TICKS == 1 )
  60:Middlewares/Third_Party/FreeRTOS/Source/portable/GCC/ARM_CM4F/portmacro.h **** 	typedef uint16_t TickType_t;
  61:Middlewares/Third_Party/FreeRTOS/Source/portable/GCC/ARM_CM4F/portmacro.h **** 	#define portMAX_DELAY ( TickType_t ) 0xffff
  62:Middlewares/Third_Party/FreeRTOS/Source/portable/GCC/ARM_CM4F/portmacro.h **** #else
  63:Middlewares/Third_Party/FreeRTOS/Source/portable/GCC/ARM_CM4F/portmacro.h **** 	typedef uint32_t TickType_t;
  64:Middlewares/Third_Party/FreeRTOS/Source/portable/GCC/ARM_CM4F/portmacro.h **** 	#define portMAX_DELAY ( TickType_t ) 0xffffffffUL
  65:Middlewares/Third_Party/FreeRTOS/Source/portable/GCC/ARM_CM4F/portmacro.h **** 
  66:Middlewares/Third_Party/FreeRTOS/Source/portable/GCC/ARM_CM4F/portmacro.h **** 	/* 32-bit tick type on a 32-bit architecture, so reads of the tick count do
  67:Middlewares/Third_Party/FreeRTOS/Source/portable/GCC/ARM_CM4F/portmacro.h **** 	not need to be guarded with a critical section. */
  68:Middlewares/Third_Party/FreeRTOS/Source/portable/GCC/ARM_CM4F/portmacro.h **** 	#define portTICK_TYPE_IS_ATOMIC 1
  69:Middlewares/Third_Party/FreeRTOS/Source/portable/GCC/ARM_CM4F/portmacro.h **** #endif
  70:Middlewares/Third_Party/FreeRTOS/Source/portable/GCC/ARM_CM4F/portmacro.h **** /*-----------------------------------------------------------*/
  71:Middlewares/Third_Party/FreeRTOS/Source/portable/GCC/ARM_CM4F/portmacro.h **** 
  72:Middlewares/Third_Party/FreeRTOS/Source/portable/GCC/ARM_CM4F/portmacro.h **** /* Architecture specifics. */
  73:Middlewares/Third_Party/FreeRTOS/Source/portable/GCC/ARM_CM4F/portmacro.h **** #define portSTACK_GROWTH			( -1 )
  74:Middlewares/Third_Party/FreeRTOS/Source/portable/GCC/ARM_CM4F/portmacro.h **** #define portTICK_PERIOD_MS			( ( TickType_t ) 1000 / configTICK_RATE_HZ )
  75:Middlewares/Third_Party/FreeRTOS/Source/portable/GCC/ARM_CM4F/portmacro.h **** #define portBYTE_ALIGNMENT			8
  76:Middlewares/Third_Party/FreeRTOS/Source/portable/GCC/ARM_CM4F/portmacro.h **** /*-----------------------------------------------------------*/
  77:Middlewares/Third_Party/FreeRTOS/Source/portable/GCC/ARM_CM4F/portmacro.h **** 
  78:Middlewares/Third_Party/FreeRTOS/Source/portable/GCC/ARM_CM4F/portmacro.h **** /* Scheduler utilities. */
  79:Middlewares/Third_Party/FreeRTOS/Source/portable/GCC/ARM_CM4F/portmacro.h **** #define portYIELD() 															\
  80:Middlewares/Third_Party/FreeRTOS/Source/portable/GCC/ARM_CM4F/portmacro.h **** {																				\
  81:Middlewares/Third_Party/FreeRTOS/Source/portable/GCC/ARM_CM4F/portmacro.h **** 	/* Set a PendSV to request a context switch. */								\
  82:Middlewares/Third_Party/FreeRTOS/Source/portable/GCC/ARM_CM4F/portmacro.h **** 	portNVIC_INT_CTRL_REG = portNVIC_PENDSVSET_BIT;								\
  83:Middlewares/Third_Party/FreeRTOS/Source/portable/GCC/ARM_CM4F/portmacro.h **** 																				\
  84:Middlewares/Third_Party/FreeRTOS/Source/portable/GCC/ARM_CM4F/portmacro.h **** 	/* Barriers are normally not required but do ensure the code is completely	\
  85:Middlewares/Third_Party/FreeRTOS/Source/portable/GCC/ARM_CM4F/portmacro.h **** 	within the specified behaviour for the architecture. */						\
  86:Middlewares/Third_Party/FreeRTOS/Source/portable/GCC/ARM_CM4F/portmacro.h **** 	__asm volatile( "dsb" ::: "memory" );										\
  87:Middlewares/Third_Party/FreeRTOS/Source/portable/GCC/ARM_CM4F/portmacro.h **** 	__asm volatile( "isb" );													\
  88:Middlewares/Third_Party/FreeRTOS/Source/portable/GCC/ARM_CM4F/portmacro.h **** }
  89:Middlewares/Third_Party/FreeRTOS/Source/portable/GCC/ARM_CM4F/portmacro.h **** 
  90:Middlewares/Third_Party/FreeRTOS/Source/portable/GCC/ARM_CM4F/portmacro.h **** #define portNVIC_INT_CTRL_REG		( * ( ( volatile uint32_t * ) 0xe000ed04 ) )
  91:Middlewares/Third_Party/FreeRTOS/Source/portable/GCC/ARM_CM4F/portmacro.h **** #define portNVIC_PENDSVSET_BIT		( 1UL << 28UL )
  92:Middlewares/Third_Party/FreeRTOS/Source/portable/GCC/ARM_CM4F/portmacro.h **** #define portEND_SWITCHING_ISR( xSwitchRequired ) if( xSwitchRequired != pdFALSE ) portYIELD()
  93:Middlewares/Third_Party/FreeRTOS/Source/portable/GCC/ARM_CM4F/portmacro.h **** #define portYIELD_FROM_ISR( x ) portEND_SWITCHING_ISR( x )
  94:Middlewares/Third_Party/FreeRTOS/Source/portable/GCC/ARM_CM4F/portmacro.h **** /*-----------------------------------------------------------*/
  95:Middlewares/Third_Party/FreeRTOS/Source/portable/GCC/ARM_CM4F/portmacro.h **** 
  96:Middlewares/Third_Party/FreeRTOS/Source/portable/GCC/ARM_CM4F/portmacro.h **** /* Critical section management. */
  97:Middlewares/Third_Party/FreeRTOS/Source/portable/GCC/ARM_CM4F/portmacro.h **** extern void vPortEnterCritical( void );
  98:Middlewares/Third_Party/FreeRTOS/Source/portable/GCC/ARM_CM4F/portmacro.h **** extern void vPortExitCritical( void );
  99:Middlewares/Third_Party/FreeRTOS/Source/portable/GCC/ARM_CM4F/portmacro.h **** #define portSET_INTERRUPT_MASK_FROM_ISR()		ulPortRaiseBASEPRI()
 100:Middlewares/Third_Party/FreeRTOS/Source/portable/GCC/ARM_CM4F/portmacro.h **** #define portCLEAR_INTERRUPT_MASK_FROM_ISR(x)	vPortSetBASEPRI(x)
 101:Middlewares/Third_Party/FreeRTOS/Source/portable/GCC/ARM_CM4F/portmacro.h **** #define portDISABLE_INTERRUPTS()				vPortRaiseBASEPRI()
 102:Middlewares/Third_Party/FreeRTOS/Source/portable/GCC/ARM_CM4F/portmacro.h **** #define portENABLE_INTERRUPTS()					vPortSetBASEPRI(0)
 103:Middlewares/Third_Party/FreeRTOS/Source/portable/GCC/ARM_CM4F/portmacro.h **** #define portENTER_CRITICAL()					vPortEnterCritical()
 104:Middlewares/Third_Party/FreeRTOS/Source/portable/GCC/ARM_CM4F/portmacro.h **** #define portEXIT_CRITICAL()						vPortExitCritical()
ARM GAS  /tmp/ccDqghRU.s 			page 25


 105:Middlewares/Third_Party/FreeRTOS/Source/portable/GCC/ARM_CM4F/portmacro.h **** 
 106:Middlewares/Third_Party/FreeRTOS/Source/portable/GCC/ARM_CM4F/portmacro.h **** /*-----------------------------------------------------------*/
 107:Middlewares/Third_Party/FreeRTOS/Source/portable/GCC/ARM_CM4F/portmacro.h **** 
 108:Middlewares/Third_Party/FreeRTOS/Source/portable/GCC/ARM_CM4F/portmacro.h **** /* Task function macros as described on the FreeRTOS.org WEB site.  These are
 109:Middlewares/Third_Party/FreeRTOS/Source/portable/GCC/ARM_CM4F/portmacro.h **** not necessary for to use this port.  They are defined so the common demo files
 110:Middlewares/Third_Party/FreeRTOS/Source/portable/GCC/ARM_CM4F/portmacro.h **** (which build with all the ports) will build. */
 111:Middlewares/Third_Party/FreeRTOS/Source/portable/GCC/ARM_CM4F/portmacro.h **** #define portTASK_FUNCTION_PROTO( vFunction, pvParameters ) void vFunction( void *pvParameters )
 112:Middlewares/Third_Party/FreeRTOS/Source/portable/GCC/ARM_CM4F/portmacro.h **** #define portTASK_FUNCTION( vFunction, pvParameters ) void vFunction( void *pvParameters )
 113:Middlewares/Third_Party/FreeRTOS/Source/portable/GCC/ARM_CM4F/portmacro.h **** /*-----------------------------------------------------------*/
 114:Middlewares/Third_Party/FreeRTOS/Source/portable/GCC/ARM_CM4F/portmacro.h **** 
 115:Middlewares/Third_Party/FreeRTOS/Source/portable/GCC/ARM_CM4F/portmacro.h **** /* Tickless idle/low power functionality. */
 116:Middlewares/Third_Party/FreeRTOS/Source/portable/GCC/ARM_CM4F/portmacro.h **** #ifndef portSUPPRESS_TICKS_AND_SLEEP
 117:Middlewares/Third_Party/FreeRTOS/Source/portable/GCC/ARM_CM4F/portmacro.h **** 	extern void vPortSuppressTicksAndSleep( TickType_t xExpectedIdleTime );
 118:Middlewares/Third_Party/FreeRTOS/Source/portable/GCC/ARM_CM4F/portmacro.h **** 	#define portSUPPRESS_TICKS_AND_SLEEP( xExpectedIdleTime ) vPortSuppressTicksAndSleep( xExpectedIdl
 119:Middlewares/Third_Party/FreeRTOS/Source/portable/GCC/ARM_CM4F/portmacro.h **** #endif
 120:Middlewares/Third_Party/FreeRTOS/Source/portable/GCC/ARM_CM4F/portmacro.h **** /*-----------------------------------------------------------*/
 121:Middlewares/Third_Party/FreeRTOS/Source/portable/GCC/ARM_CM4F/portmacro.h **** 
 122:Middlewares/Third_Party/FreeRTOS/Source/portable/GCC/ARM_CM4F/portmacro.h **** /* Architecture specific optimisations. */
 123:Middlewares/Third_Party/FreeRTOS/Source/portable/GCC/ARM_CM4F/portmacro.h **** #ifndef configUSE_PORT_OPTIMISED_TASK_SELECTION
 124:Middlewares/Third_Party/FreeRTOS/Source/portable/GCC/ARM_CM4F/portmacro.h **** 	#define configUSE_PORT_OPTIMISED_TASK_SELECTION 1
 125:Middlewares/Third_Party/FreeRTOS/Source/portable/GCC/ARM_CM4F/portmacro.h **** #endif
 126:Middlewares/Third_Party/FreeRTOS/Source/portable/GCC/ARM_CM4F/portmacro.h **** 
 127:Middlewares/Third_Party/FreeRTOS/Source/portable/GCC/ARM_CM4F/portmacro.h **** #if configUSE_PORT_OPTIMISED_TASK_SELECTION == 1
 128:Middlewares/Third_Party/FreeRTOS/Source/portable/GCC/ARM_CM4F/portmacro.h **** 
 129:Middlewares/Third_Party/FreeRTOS/Source/portable/GCC/ARM_CM4F/portmacro.h **** 	/* Generic helper function. */
 130:Middlewares/Third_Party/FreeRTOS/Source/portable/GCC/ARM_CM4F/portmacro.h **** 	__attribute__( ( always_inline ) ) static inline uint8_t ucPortCountLeadingZeros( uint32_t ulBitma
 131:Middlewares/Third_Party/FreeRTOS/Source/portable/GCC/ARM_CM4F/portmacro.h **** 	{
 132:Middlewares/Third_Party/FreeRTOS/Source/portable/GCC/ARM_CM4F/portmacro.h **** 	uint8_t ucReturn;
 133:Middlewares/Third_Party/FreeRTOS/Source/portable/GCC/ARM_CM4F/portmacro.h **** 
 134:Middlewares/Third_Party/FreeRTOS/Source/portable/GCC/ARM_CM4F/portmacro.h **** 		__asm volatile ( "clz %0, %1" : "=r" ( ucReturn ) : "r" ( ulBitmap ) : "memory" );
 135:Middlewares/Third_Party/FreeRTOS/Source/portable/GCC/ARM_CM4F/portmacro.h **** 		return ucReturn;
 136:Middlewares/Third_Party/FreeRTOS/Source/portable/GCC/ARM_CM4F/portmacro.h **** 	}
 137:Middlewares/Third_Party/FreeRTOS/Source/portable/GCC/ARM_CM4F/portmacro.h **** 
 138:Middlewares/Third_Party/FreeRTOS/Source/portable/GCC/ARM_CM4F/portmacro.h **** 	/* Check the configuration. */
 139:Middlewares/Third_Party/FreeRTOS/Source/portable/GCC/ARM_CM4F/portmacro.h **** 	#if( configMAX_PRIORITIES > 32 )
 140:Middlewares/Third_Party/FreeRTOS/Source/portable/GCC/ARM_CM4F/portmacro.h **** 		#error configUSE_PORT_OPTIMISED_TASK_SELECTION can only be set to 1 when configMAX_PRIORITIES is 
 141:Middlewares/Third_Party/FreeRTOS/Source/portable/GCC/ARM_CM4F/portmacro.h **** 	#endif
 142:Middlewares/Third_Party/FreeRTOS/Source/portable/GCC/ARM_CM4F/portmacro.h **** 
 143:Middlewares/Third_Party/FreeRTOS/Source/portable/GCC/ARM_CM4F/portmacro.h **** 	/* Store/clear the ready priorities in a bit map. */
 144:Middlewares/Third_Party/FreeRTOS/Source/portable/GCC/ARM_CM4F/portmacro.h **** 	#define portRECORD_READY_PRIORITY( uxPriority, uxReadyPriorities ) ( uxReadyPriorities ) |= ( 1UL 
 145:Middlewares/Third_Party/FreeRTOS/Source/portable/GCC/ARM_CM4F/portmacro.h **** 	#define portRESET_READY_PRIORITY( uxPriority, uxReadyPriorities ) ( uxReadyPriorities ) &= ~( 1UL 
 146:Middlewares/Third_Party/FreeRTOS/Source/portable/GCC/ARM_CM4F/portmacro.h **** 
 147:Middlewares/Third_Party/FreeRTOS/Source/portable/GCC/ARM_CM4F/portmacro.h **** 	/*-----------------------------------------------------------*/
 148:Middlewares/Third_Party/FreeRTOS/Source/portable/GCC/ARM_CM4F/portmacro.h **** 
 149:Middlewares/Third_Party/FreeRTOS/Source/portable/GCC/ARM_CM4F/portmacro.h **** 	#define portGET_HIGHEST_PRIORITY( uxTopPriority, uxReadyPriorities ) uxTopPriority = ( 31UL - ( ui
 150:Middlewares/Third_Party/FreeRTOS/Source/portable/GCC/ARM_CM4F/portmacro.h **** 
 151:Middlewares/Third_Party/FreeRTOS/Source/portable/GCC/ARM_CM4F/portmacro.h **** #endif /* configUSE_PORT_OPTIMISED_TASK_SELECTION */
 152:Middlewares/Third_Party/FreeRTOS/Source/portable/GCC/ARM_CM4F/portmacro.h **** 
 153:Middlewares/Third_Party/FreeRTOS/Source/portable/GCC/ARM_CM4F/portmacro.h **** /*-----------------------------------------------------------*/
 154:Middlewares/Third_Party/FreeRTOS/Source/portable/GCC/ARM_CM4F/portmacro.h **** 
 155:Middlewares/Third_Party/FreeRTOS/Source/portable/GCC/ARM_CM4F/portmacro.h **** #ifdef configASSERT
 156:Middlewares/Third_Party/FreeRTOS/Source/portable/GCC/ARM_CM4F/portmacro.h **** 	void vPortValidateInterruptPriority( void );
 157:Middlewares/Third_Party/FreeRTOS/Source/portable/GCC/ARM_CM4F/portmacro.h **** 	#define portASSERT_IF_INTERRUPT_PRIORITY_INVALID() 	vPortValidateInterruptPriority()
 158:Middlewares/Third_Party/FreeRTOS/Source/portable/GCC/ARM_CM4F/portmacro.h **** #endif
 159:Middlewares/Third_Party/FreeRTOS/Source/portable/GCC/ARM_CM4F/portmacro.h **** 
 160:Middlewares/Third_Party/FreeRTOS/Source/portable/GCC/ARM_CM4F/portmacro.h **** /* portNOP() is not required by this port. */
 161:Middlewares/Third_Party/FreeRTOS/Source/portable/GCC/ARM_CM4F/portmacro.h **** #define portNOP()
ARM GAS  /tmp/ccDqghRU.s 			page 26


 162:Middlewares/Third_Party/FreeRTOS/Source/portable/GCC/ARM_CM4F/portmacro.h **** 
 163:Middlewares/Third_Party/FreeRTOS/Source/portable/GCC/ARM_CM4F/portmacro.h **** #define portINLINE	__inline
 164:Middlewares/Third_Party/FreeRTOS/Source/portable/GCC/ARM_CM4F/portmacro.h **** 
 165:Middlewares/Third_Party/FreeRTOS/Source/portable/GCC/ARM_CM4F/portmacro.h **** #ifndef portFORCE_INLINE
 166:Middlewares/Third_Party/FreeRTOS/Source/portable/GCC/ARM_CM4F/portmacro.h **** 	#define portFORCE_INLINE inline __attribute__(( always_inline))
 167:Middlewares/Third_Party/FreeRTOS/Source/portable/GCC/ARM_CM4F/portmacro.h **** #endif
 168:Middlewares/Third_Party/FreeRTOS/Source/portable/GCC/ARM_CM4F/portmacro.h **** 
 169:Middlewares/Third_Party/FreeRTOS/Source/portable/GCC/ARM_CM4F/portmacro.h **** portFORCE_INLINE static BaseType_t xPortIsInsideInterrupt( void )
 170:Middlewares/Third_Party/FreeRTOS/Source/portable/GCC/ARM_CM4F/portmacro.h **** {
 171:Middlewares/Third_Party/FreeRTOS/Source/portable/GCC/ARM_CM4F/portmacro.h **** uint32_t ulCurrentInterrupt;
 172:Middlewares/Third_Party/FreeRTOS/Source/portable/GCC/ARM_CM4F/portmacro.h **** BaseType_t xReturn;
 173:Middlewares/Third_Party/FreeRTOS/Source/portable/GCC/ARM_CM4F/portmacro.h **** 
 174:Middlewares/Third_Party/FreeRTOS/Source/portable/GCC/ARM_CM4F/portmacro.h **** 	/* Obtain the number of the currently executing interrupt. */
 175:Middlewares/Third_Party/FreeRTOS/Source/portable/GCC/ARM_CM4F/portmacro.h **** 	__asm volatile( "mrs %0, ipsr" : "=r"( ulCurrentInterrupt ) :: "memory" );
 176:Middlewares/Third_Party/FreeRTOS/Source/portable/GCC/ARM_CM4F/portmacro.h **** 
 177:Middlewares/Third_Party/FreeRTOS/Source/portable/GCC/ARM_CM4F/portmacro.h **** 	if( ulCurrentInterrupt == 0 )
 178:Middlewares/Third_Party/FreeRTOS/Source/portable/GCC/ARM_CM4F/portmacro.h **** 	{
 179:Middlewares/Third_Party/FreeRTOS/Source/portable/GCC/ARM_CM4F/portmacro.h **** 		xReturn = pdFALSE;
 180:Middlewares/Third_Party/FreeRTOS/Source/portable/GCC/ARM_CM4F/portmacro.h **** 	}
 181:Middlewares/Third_Party/FreeRTOS/Source/portable/GCC/ARM_CM4F/portmacro.h **** 	else
 182:Middlewares/Third_Party/FreeRTOS/Source/portable/GCC/ARM_CM4F/portmacro.h **** 	{
 183:Middlewares/Third_Party/FreeRTOS/Source/portable/GCC/ARM_CM4F/portmacro.h **** 		xReturn = pdTRUE;
 184:Middlewares/Third_Party/FreeRTOS/Source/portable/GCC/ARM_CM4F/portmacro.h **** 	}
 185:Middlewares/Third_Party/FreeRTOS/Source/portable/GCC/ARM_CM4F/portmacro.h **** 
 186:Middlewares/Third_Party/FreeRTOS/Source/portable/GCC/ARM_CM4F/portmacro.h **** 	return xReturn;
 187:Middlewares/Third_Party/FreeRTOS/Source/portable/GCC/ARM_CM4F/portmacro.h **** }
 188:Middlewares/Third_Party/FreeRTOS/Source/portable/GCC/ARM_CM4F/portmacro.h **** 
 189:Middlewares/Third_Party/FreeRTOS/Source/portable/GCC/ARM_CM4F/portmacro.h **** /*-----------------------------------------------------------*/
 190:Middlewares/Third_Party/FreeRTOS/Source/portable/GCC/ARM_CM4F/portmacro.h **** 
 191:Middlewares/Third_Party/FreeRTOS/Source/portable/GCC/ARM_CM4F/portmacro.h **** portFORCE_INLINE static void vPortRaiseBASEPRI( void )
 112              		.loc 2 191 30 view .LVU24
 113              	.LBB90:
 192:Middlewares/Third_Party/FreeRTOS/Source/portable/GCC/ARM_CM4F/portmacro.h **** {
 193:Middlewares/Third_Party/FreeRTOS/Source/portable/GCC/ARM_CM4F/portmacro.h **** uint32_t ulNewBASEPRI;
 114              		.loc 2 193 1 view .LVU25
 194:Middlewares/Third_Party/FreeRTOS/Source/portable/GCC/ARM_CM4F/portmacro.h **** 
 195:Middlewares/Third_Party/FreeRTOS/Source/portable/GCC/ARM_CM4F/portmacro.h **** 	__asm volatile
 115              		.loc 2 195 2 view .LVU26
 116              		.syntax unified
 117              	@ 195 "Middlewares/Third_Party/FreeRTOS/Source/portable/GCC/ARM_CM4F/portmacro.h" 1
 118 0016 4FF05003 			mov r3, #80												
 119 001a 83F31188 		msr basepri, r3											
 120 001e BFF36F8F 		isb														
 121 0022 BFF34F8F 		dsb														
 122              	
 123              	@ 0 "" 2
 124              		.thumb
 125              		.syntax unified
 126              	.L5:
 127              	.LBE90:
 128              	.LBE89:
 129              		.loc 1 1156 3 discriminator 3 view .LVU27
 130              		.loc 1 1156 3 discriminator 3 view .LVU28
 131 0026 FEE7     		b	.L5
 132              	.L4:
 133              		.loc 1 1156 90 discriminator 2 view .LVU29
 134              	.LBE88:
ARM GAS  /tmp/ccDqghRU.s 			page 27


1157:Middlewares/Third_Party/FreeRTOS/Source/stream_buffer.c **** 	}
1158:Middlewares/Third_Party/FreeRTOS/Source/stream_buffer.c **** 	#endif
1159:Middlewares/Third_Party/FreeRTOS/Source/stream_buffer.c **** 
1160:Middlewares/Third_Party/FreeRTOS/Source/stream_buffer.c **** 	memset( ( void * ) pxStreamBuffer, 0x00, sizeof( StreamBuffer_t ) ); /*lint !e9087 memset() requir
 135              		.loc 1 1160 2 view .LVU30
 136 0028 2422     		movs	r2, #36
 137 002a 0021     		movs	r1, #0
 138 002c 3846     		mov	r0, r7
 139 002e FFF7FEFF 		bl	memset
 140              	.LVL10:
1161:Middlewares/Third_Party/FreeRTOS/Source/stream_buffer.c **** 	pxStreamBuffer->pucBuffer = pucBuffer;
 141              		.loc 1 1161 2 view .LVU31
 142              		.loc 1 1161 28 is_stmt 0 view .LVU32
 143 0032 BC61     		str	r4, [r7, #24]
1162:Middlewares/Third_Party/FreeRTOS/Source/stream_buffer.c **** 	pxStreamBuffer->xLength = xBufferSizeBytes;
 144              		.loc 1 1162 2 is_stmt 1 view .LVU33
 145              		.loc 1 1162 26 is_stmt 0 view .LVU34
 146 0034 BE60     		str	r6, [r7, #8]
1163:Middlewares/Third_Party/FreeRTOS/Source/stream_buffer.c **** 	pxStreamBuffer->xTriggerLevelBytes = xTriggerLevelBytes;
 147              		.loc 1 1163 2 is_stmt 1 view .LVU35
 148              		.loc 1 1163 37 is_stmt 0 view .LVU36
 149 0036 FD60     		str	r5, [r7, #12]
1164:Middlewares/Third_Party/FreeRTOS/Source/stream_buffer.c **** 
1165:Middlewares/Third_Party/FreeRTOS/Source/stream_buffer.c **** 	if( xIsMessageBuffer != pdFALSE )
 150              		.loc 1 1165 2 is_stmt 1 view .LVU37
 151              		.loc 1 1165 4 is_stmt 0 view .LVU38
 152 0038 069B     		ldr	r3, [sp, #24]
 153 003a 0BB1     		cbz	r3, .L3
1166:Middlewares/Third_Party/FreeRTOS/Source/stream_buffer.c **** 	{
1167:Middlewares/Third_Party/FreeRTOS/Source/stream_buffer.c **** 		pxStreamBuffer->ucFlags |= sbFLAGS_IS_MESSAGE_BUFFER;
 154              		.loc 1 1167 3 is_stmt 1 view .LVU39
 155              		.loc 1 1167 27 is_stmt 0 view .LVU40
 156 003c 0123     		movs	r3, #1
 157 003e 3B77     		strb	r3, [r7, #28]
 158              	.L3:
1168:Middlewares/Third_Party/FreeRTOS/Source/stream_buffer.c **** 	}
1169:Middlewares/Third_Party/FreeRTOS/Source/stream_buffer.c **** }
 159              		.loc 1 1169 1 view .LVU41
 160 0040 F8BD     		pop	{r3, r4, r5, r6, r7, pc}
 161              		.loc 1 1169 1 view .LVU42
 162              		.cfi_endproc
 163              	.LFE24:
 165              		.section	.text.prvWriteBytesToBuffer,"ax",%progbits
 166              		.align	1
 167              		.syntax unified
 168              		.thumb
 169              		.thumb_func
 171              	prvWriteBytesToBuffer:
 172              	.LVL11:
 173              	.LFB21:
1021:Middlewares/Third_Party/FreeRTOS/Source/stream_buffer.c **** size_t xNextHead, xFirstLength;
 174              		.loc 1 1021 1 is_stmt 1 view -0
 175              		.cfi_startproc
 176              		@ args = 0, pretend = 0, frame = 0
 177              		@ frame_needed = 0, uses_anonymous_args = 0
1022:Middlewares/Third_Party/FreeRTOS/Source/stream_buffer.c **** 
 178              		.loc 1 1022 1 view .LVU44
ARM GAS  /tmp/ccDqghRU.s 			page 28


1024:Middlewares/Third_Party/FreeRTOS/Source/stream_buffer.c **** 
 179              		.loc 1 1024 2 view .LVU45
 180 0000 42B9     		cbnz	r2, .L9
1024:Middlewares/Third_Party/FreeRTOS/Source/stream_buffer.c **** 
 181              		.loc 1 1024 2 discriminator 1 view .LVU46
 182              	.LBB91:
 183              	.LBI91:
 191:Middlewares/Third_Party/FreeRTOS/Source/portable/GCC/ARM_CM4F/portmacro.h **** {
 184              		.loc 2 191 30 view .LVU47
 185              	.LBB92:
 193:Middlewares/Third_Party/FreeRTOS/Source/portable/GCC/ARM_CM4F/portmacro.h **** 
 186              		.loc 2 193 1 view .LVU48
 187              		.loc 2 195 2 view .LVU49
 188              		.syntax unified
 189              	@ 195 "Middlewares/Third_Party/FreeRTOS/Source/portable/GCC/ARM_CM4F/portmacro.h" 1
 190 0002 4FF05003 			mov r3, #80												
 191 0006 83F31188 		msr basepri, r3											
 192 000a BFF36F8F 		isb														
 193 000e BFF34F8F 		dsb														
 194              	
 195              	@ 0 "" 2
 196              		.thumb
 197              		.syntax unified
 198              	.L10:
 199              	.LBE92:
 200              	.LBE91:
1024:Middlewares/Third_Party/FreeRTOS/Source/stream_buffer.c **** 
 201              		.loc 1 1024 2 discriminator 3 view .LVU50
1024:Middlewares/Third_Party/FreeRTOS/Source/stream_buffer.c **** 
 202              		.loc 1 1024 2 discriminator 3 view .LVU51
 203 0012 FEE7     		b	.L10
 204              	.L9:
1021:Middlewares/Third_Party/FreeRTOS/Source/stream_buffer.c **** size_t xNextHead, xFirstLength;
 205              		.loc 1 1021 1 is_stmt 0 view .LVU52
 206 0014 2DE9F041 		push	{r4, r5, r6, r7, r8, lr}
 207              	.LCFI1:
 208              		.cfi_def_cfa_offset 24
 209              		.cfi_offset 4, -24
 210              		.cfi_offset 5, -20
 211              		.cfi_offset 6, -16
 212              		.cfi_offset 7, -12
 213              		.cfi_offset 8, -8
 214              		.cfi_offset 14, -4
 215 0018 0446     		mov	r4, r0
 216 001a 0E46     		mov	r6, r1
 217 001c 1746     		mov	r7, r2
1024:Middlewares/Third_Party/FreeRTOS/Source/stream_buffer.c **** 
 218              		.loc 1 1024 39 is_stmt 1 discriminator 2 view .LVU53
1026:Middlewares/Third_Party/FreeRTOS/Source/stream_buffer.c **** 
 219              		.loc 1 1026 2 view .LVU54
1026:Middlewares/Third_Party/FreeRTOS/Source/stream_buffer.c **** 
 220              		.loc 1 1026 12 is_stmt 0 view .LVU55
 221 001e D0F80480 		ldr	r8, [r0, #4]
 222              	.LVL12:
1031:Middlewares/Third_Party/FreeRTOS/Source/stream_buffer.c **** 
 223              		.loc 1 1031 2 is_stmt 1 view .LVU56
1031:Middlewares/Third_Party/FreeRTOS/Source/stream_buffer.c **** 
ARM GAS  /tmp/ccDqghRU.s 			page 29


 224              		.loc 1 1031 17 is_stmt 0 view .LVU57
 225 0022 8368     		ldr	r3, [r0, #8]
 226 0024 A3EB0805 		sub	r5, r3, r8
1031:Middlewares/Third_Party/FreeRTOS/Source/stream_buffer.c **** 
 227              		.loc 1 1031 15 view .LVU58
 228 0028 9542     		cmp	r5, r2
 229 002a 28BF     		it	cs
 230 002c 1546     		movcs	r5, r2
 231              	.LVL13:
1034:Middlewares/Third_Party/FreeRTOS/Source/stream_buffer.c **** 	memcpy( ( void* ) ( &( pxStreamBuffer->pucBuffer[ xNextHead ] ) ), ( const void * ) pucData, xFirs
 232              		.loc 1 1034 2 is_stmt 1 view .LVU59
 233 002e 08EB0502 		add	r2, r8, r5
 234              	.LVL14:
1034:Middlewares/Third_Party/FreeRTOS/Source/stream_buffer.c **** 	memcpy( ( void* ) ( &( pxStreamBuffer->pucBuffer[ xNextHead ] ) ), ( const void * ) pucData, xFirs
 235              		.loc 1 1034 2 is_stmt 0 view .LVU60
 236 0032 9342     		cmp	r3, r2
 237 0034 08D2     		bcs	.L11
1034:Middlewares/Third_Party/FreeRTOS/Source/stream_buffer.c **** 	memcpy( ( void* ) ( &( pxStreamBuffer->pucBuffer[ xNextHead ] ) ), ( const void * ) pucData, xFirs
 238              		.loc 1 1034 2 is_stmt 1 discriminator 1 view .LVU61
 239              	.LBB93:
 240              	.LBI93:
 191:Middlewares/Third_Party/FreeRTOS/Source/portable/GCC/ARM_CM4F/portmacro.h **** {
 241              		.loc 2 191 30 view .LVU62
 242              	.LBB94:
 193:Middlewares/Third_Party/FreeRTOS/Source/portable/GCC/ARM_CM4F/portmacro.h **** 
 243              		.loc 2 193 1 view .LVU63
 244              		.loc 2 195 2 view .LVU64
 245              		.syntax unified
 246              	@ 195 "Middlewares/Third_Party/FreeRTOS/Source/portable/GCC/ARM_CM4F/portmacro.h" 1
 247 0036 4FF05003 			mov r3, #80												
 248 003a 83F31188 		msr basepri, r3											
 249 003e BFF36F8F 		isb														
 250 0042 BFF34F8F 		dsb														
 251              	
 252              	@ 0 "" 2
 253              		.thumb
 254              		.syntax unified
 255              	.L12:
 256              	.LBE94:
 257              	.LBE93:
1034:Middlewares/Third_Party/FreeRTOS/Source/stream_buffer.c **** 	memcpy( ( void* ) ( &( pxStreamBuffer->pucBuffer[ xNextHead ] ) ), ( const void * ) pucData, xFirs
 258              		.loc 1 1034 2 discriminator 3 view .LVU65
1034:Middlewares/Third_Party/FreeRTOS/Source/stream_buffer.c **** 	memcpy( ( void* ) ( &( pxStreamBuffer->pucBuffer[ xNextHead ] ) ), ( const void * ) pucData, xFirs
 259              		.loc 1 1034 2 discriminator 3 view .LVU66
 260 0046 FEE7     		b	.L12
 261              	.L11:
1034:Middlewares/Third_Party/FreeRTOS/Source/stream_buffer.c **** 	memcpy( ( void* ) ( &( pxStreamBuffer->pucBuffer[ xNextHead ] ) ), ( const void * ) pucData, xFirs
 262              		.loc 1 1034 73 discriminator 2 view .LVU67
1035:Middlewares/Third_Party/FreeRTOS/Source/stream_buffer.c **** 
 263              		.loc 1 1035 2 view .LVU68
1035:Middlewares/Third_Party/FreeRTOS/Source/stream_buffer.c **** 
 264              		.loc 1 1035 39 is_stmt 0 view .LVU69
 265 0048 8069     		ldr	r0, [r0, #24]
 266              	.LVL15:
1035:Middlewares/Third_Party/FreeRTOS/Source/stream_buffer.c **** 
 267              		.loc 1 1035 2 view .LVU70
 268 004a 2A46     		mov	r2, r5
ARM GAS  /tmp/ccDqghRU.s 			page 30


 269 004c 4044     		add	r0, r0, r8
 270 004e FFF7FEFF 		bl	memcpy
 271              	.LVL16:
1039:Middlewares/Third_Party/FreeRTOS/Source/stream_buffer.c **** 	{
 272              		.loc 1 1039 2 is_stmt 1 view .LVU71
1039:Middlewares/Third_Party/FreeRTOS/Source/stream_buffer.c **** 	{
 273              		.loc 1 1039 4 is_stmt 0 view .LVU72
 274 0052 AF42     		cmp	r7, r5
 275 0054 10D9     		bls	.L13
1042:Middlewares/Third_Party/FreeRTOS/Source/stream_buffer.c **** 		memcpy( ( void * ) pxStreamBuffer->pucBuffer, ( const void * ) &( pucData[ xFirstLength ] ), xCou
 276              		.loc 1 1042 3 is_stmt 1 view .LVU73
 277 0056 7A1B     		subs	r2, r7, r5
 278 0058 A368     		ldr	r3, [r4, #8]
 279 005a 9A42     		cmp	r2, r3
 280 005c 08D9     		bls	.L14
1042:Middlewares/Third_Party/FreeRTOS/Source/stream_buffer.c **** 		memcpy( ( void * ) pxStreamBuffer->pucBuffer, ( const void * ) &( pucData[ xFirstLength ] ), xCou
 281              		.loc 1 1042 3 discriminator 1 view .LVU74
 282              	.LBB95:
 283              	.LBI95:
 191:Middlewares/Third_Party/FreeRTOS/Source/portable/GCC/ARM_CM4F/portmacro.h **** {
 284              		.loc 2 191 30 view .LVU75
 285              	.LBB96:
 193:Middlewares/Third_Party/FreeRTOS/Source/portable/GCC/ARM_CM4F/portmacro.h **** 
 286              		.loc 2 193 1 view .LVU76
 287              		.loc 2 195 2 view .LVU77
 288              		.syntax unified
 289              	@ 195 "Middlewares/Third_Party/FreeRTOS/Source/portable/GCC/ARM_CM4F/portmacro.h" 1
 290 005e 4FF05003 			mov r3, #80												
 291 0062 83F31188 		msr basepri, r3											
 292 0066 BFF36F8F 		isb														
 293 006a BFF34F8F 		dsb														
 294              	
 295              	@ 0 "" 2
 296              		.thumb
 297              		.syntax unified
 298              	.L15:
 299              	.LBE96:
 300              	.LBE95:
1042:Middlewares/Third_Party/FreeRTOS/Source/stream_buffer.c **** 		memcpy( ( void * ) pxStreamBuffer->pucBuffer, ( const void * ) &( pucData[ xFirstLength ] ), xCou
 301              		.loc 1 1042 3 discriminator 3 view .LVU78
1042:Middlewares/Third_Party/FreeRTOS/Source/stream_buffer.c **** 		memcpy( ( void * ) pxStreamBuffer->pucBuffer, ( const void * ) &( pucData[ xFirstLength ] ), xCou
 302              		.loc 1 1042 3 discriminator 3 view .LVU79
 303 006e FEE7     		b	.L15
 304              	.L14:
1042:Middlewares/Third_Party/FreeRTOS/Source/stream_buffer.c **** 		memcpy( ( void * ) pxStreamBuffer->pucBuffer, ( const void * ) &( pucData[ xFirstLength ] ), xCou
 305              		.loc 1 1042 71 discriminator 2 view .LVU80
1043:Middlewares/Third_Party/FreeRTOS/Source/stream_buffer.c **** 	}
 306              		.loc 1 1043 3 view .LVU81
 307 0070 7119     		adds	r1, r6, r5
 308 0072 A069     		ldr	r0, [r4, #24]
 309 0074 FFF7FEFF 		bl	memcpy
 310              	.LVL17:
 311              	.L13:
1047:Middlewares/Third_Party/FreeRTOS/Source/stream_buffer.c **** 	}
 312              		.loc 1 1047 27 view .LVU82
1050:Middlewares/Third_Party/FreeRTOS/Source/stream_buffer.c **** 	if( xNextHead >= pxStreamBuffer->xLength )
 313              		.loc 1 1050 2 view .LVU83
ARM GAS  /tmp/ccDqghRU.s 			page 31


1050:Middlewares/Third_Party/FreeRTOS/Source/stream_buffer.c **** 	if( xNextHead >= pxStreamBuffer->xLength )
 314              		.loc 1 1050 12 is_stmt 0 view .LVU84
 315 0078 07EB0803 		add	r3, r7, r8
 316              	.LVL18:
1051:Middlewares/Third_Party/FreeRTOS/Source/stream_buffer.c **** 	{
 317              		.loc 1 1051 2 is_stmt 1 view .LVU85
1051:Middlewares/Third_Party/FreeRTOS/Source/stream_buffer.c **** 	{
 318              		.loc 1 1051 33 is_stmt 0 view .LVU86
 319 007c A268     		ldr	r2, [r4, #8]
1051:Middlewares/Third_Party/FreeRTOS/Source/stream_buffer.c **** 	{
 320              		.loc 1 1051 4 view .LVU87
 321 007e 9A42     		cmp	r2, r3
 322 0080 00D8     		bhi	.L16
1053:Middlewares/Third_Party/FreeRTOS/Source/stream_buffer.c **** 	}
 323              		.loc 1 1053 3 is_stmt 1 view .LVU88
1053:Middlewares/Third_Party/FreeRTOS/Source/stream_buffer.c **** 	}
 324              		.loc 1 1053 13 is_stmt 0 view .LVU89
 325 0082 9B1A     		subs	r3, r3, r2
 326              	.LVL19:
 327              	.L16:
1057:Middlewares/Third_Party/FreeRTOS/Source/stream_buffer.c **** 	}
 328              		.loc 1 1057 27 is_stmt 1 view .LVU90
1060:Middlewares/Third_Party/FreeRTOS/Source/stream_buffer.c **** 
 329              		.loc 1 1060 2 view .LVU91
1060:Middlewares/Third_Party/FreeRTOS/Source/stream_buffer.c **** 
 330              		.loc 1 1060 24 is_stmt 0 view .LVU92
 331 0084 6360     		str	r3, [r4, #4]
1062:Middlewares/Third_Party/FreeRTOS/Source/stream_buffer.c **** }
 332              		.loc 1 1062 2 is_stmt 1 view .LVU93
1063:Middlewares/Third_Party/FreeRTOS/Source/stream_buffer.c **** /*-----------------------------------------------------------*/
 333              		.loc 1 1063 1 is_stmt 0 view .LVU94
 334 0086 3846     		mov	r0, r7
 335 0088 BDE8F081 		pop	{r4, r5, r6, r7, r8, pc}
1063:Middlewares/Third_Party/FreeRTOS/Source/stream_buffer.c **** /*-----------------------------------------------------------*/
 336              		.loc 1 1063 1 view .LVU95
 337              		.cfi_endproc
 338              	.LFE21:
 340              		.section	.text.prvWriteMessageToBuffer,"ax",%progbits
 341              		.align	1
 342              		.syntax unified
 343              		.thumb
 344              		.thumb_func
 346              	prvWriteMessageToBuffer:
 347              	.LVL20:
 348              	.LFB13:
 644:Middlewares/Third_Party/FreeRTOS/Source/stream_buffer.c **** 	BaseType_t xShouldWrite;
 349              		.loc 1 644 1 is_stmt 1 view -0
 350              		.cfi_startproc
 351              		@ args = 4, pretend = 0, frame = 8
 352              		@ frame_needed = 0, uses_anonymous_args = 0
 644:Middlewares/Third_Party/FreeRTOS/Source/stream_buffer.c **** 	BaseType_t xShouldWrite;
 353              		.loc 1 644 1 is_stmt 0 view .LVU97
 354 0000 30B5     		push	{r4, r5, lr}
 355              	.LCFI2:
 356              		.cfi_def_cfa_offset 12
 357              		.cfi_offset 4, -12
 358              		.cfi_offset 5, -8
ARM GAS  /tmp/ccDqghRU.s 			page 32


 359              		.cfi_offset 14, -4
 360 0002 83B0     		sub	sp, sp, #12
 361              	.LCFI3:
 362              		.cfi_def_cfa_offset 24
 363 0004 0546     		mov	r5, r0
 364 0006 0192     		str	r2, [sp, #4]
 645:Middlewares/Third_Party/FreeRTOS/Source/stream_buffer.c **** 	size_t xReturn;
 365              		.loc 1 645 2 is_stmt 1 view .LVU98
 646:Middlewares/Third_Party/FreeRTOS/Source/stream_buffer.c **** 
 366              		.loc 1 646 2 view .LVU99
 648:Middlewares/Third_Party/FreeRTOS/Source/stream_buffer.c **** 	{
 367              		.loc 1 648 2 view .LVU100
 648:Middlewares/Third_Party/FreeRTOS/Source/stream_buffer.c **** 	{
 368              		.loc 1 648 4 is_stmt 0 view .LVU101
 369 0008 1846     		mov	r0, r3
 370              	.LVL21:
 648:Middlewares/Third_Party/FreeRTOS/Source/stream_buffer.c **** 	{
 371              		.loc 1 648 4 view .LVU102
 372 000a 6BB1     		cbz	r3, .L20
 373 000c 0C46     		mov	r4, r1
 654:Middlewares/Third_Party/FreeRTOS/Source/stream_buffer.c **** 	{
 374              		.loc 1 654 7 is_stmt 1 view .LVU103
 654:Middlewares/Third_Party/FreeRTOS/Source/stream_buffer.c **** 	{
 375              		.loc 1 654 27 is_stmt 0 view .LVU104
 376 000e 2B7F     		ldrb	r3, [r5, #28]	@ zero_extendqisi2
 377              	.LVL22:
 654:Middlewares/Third_Party/FreeRTOS/Source/stream_buffer.c **** 	{
 378              		.loc 1 654 9 view .LVU105
 379 0010 13F0010F 		tst	r3, #1
 380 0014 0AD1     		bne	.L21
 659:Middlewares/Third_Party/FreeRTOS/Source/stream_buffer.c **** 		xDataLengthBytes = configMIN( xDataLengthBytes, xSpace ); /*lint !e9044 Function parameter modifi
 381              		.loc 1 659 3 is_stmt 1 view .LVU106
 382              	.LVL23:
 660:Middlewares/Third_Party/FreeRTOS/Source/stream_buffer.c **** 	}
 383              		.loc 1 660 3 view .LVU107
 660:Middlewares/Third_Party/FreeRTOS/Source/stream_buffer.c **** 	}
 384              		.loc 1 660 22 is_stmt 0 view .LVU108
 385 0016 9042     		cmp	r0, r2
 386 0018 28BF     		it	cs
 387 001a 1046     		movcs	r0, r2
 388              	.LVL24:
 660:Middlewares/Third_Party/FreeRTOS/Source/stream_buffer.c **** 	}
 389              		.loc 1 660 20 view .LVU109
 390 001c 0190     		str	r0, [sp, #4]
 677:Middlewares/Third_Party/FreeRTOS/Source/stream_buffer.c **** 	{
 391              		.loc 1 677 2 is_stmt 1 view .LVU110
 392              	.LVL25:
 393              	.L22:
 680:Middlewares/Third_Party/FreeRTOS/Source/stream_buffer.c **** 	}
 394              		.loc 1 680 3 view .LVU111
 680:Middlewares/Third_Party/FreeRTOS/Source/stream_buffer.c **** 	}
 395              		.loc 1 680 13 is_stmt 0 view .LVU112
 396 001e 019A     		ldr	r2, [sp, #4]
 397 0020 2146     		mov	r1, r4
 398 0022 2846     		mov	r0, r5
 399 0024 FFF7FEFF 		bl	prvWriteBytesToBuffer
 400              	.LVL26:
ARM GAS  /tmp/ccDqghRU.s 			page 33


 401              	.L20:
 687:Middlewares/Third_Party/FreeRTOS/Source/stream_buffer.c **** }
 402              		.loc 1 687 2 is_stmt 1 view .LVU113
 688:Middlewares/Third_Party/FreeRTOS/Source/stream_buffer.c **** /*-----------------------------------------------------------*/
 403              		.loc 1 688 1 is_stmt 0 view .LVU114
 404 0028 03B0     		add	sp, sp, #12
 405              	.LCFI4:
 406              		.cfi_remember_state
 407              		.cfi_def_cfa_offset 12
 408              		@ sp needed
 409 002a 30BD     		pop	{r4, r5, pc}
 410              	.LVL27:
 411              	.L21:
 412              	.LCFI5:
 413              		.cfi_restore_state
 662:Middlewares/Third_Party/FreeRTOS/Source/stream_buffer.c **** 	{
 414              		.loc 1 662 7 is_stmt 1 view .LVU115
 662:Middlewares/Third_Party/FreeRTOS/Source/stream_buffer.c **** 	{
 415              		.loc 1 662 9 is_stmt 0 view .LVU116
 416 002c 069B     		ldr	r3, [sp, #24]
 417 002e 9842     		cmp	r0, r3
 418 0030 01D2     		bcs	.L25
 684:Middlewares/Third_Party/FreeRTOS/Source/stream_buffer.c **** 	}
 419              		.loc 1 684 11 view .LVU117
 420 0032 0020     		movs	r0, #0
 421              	.LVL28:
 684:Middlewares/Third_Party/FreeRTOS/Source/stream_buffer.c **** 	}
 422              		.loc 1 684 11 view .LVU118
 423 0034 F8E7     		b	.L20
 424              	.LVL29:
 425              	.L25:
 668:Middlewares/Third_Party/FreeRTOS/Source/stream_buffer.c **** 		( void ) prvWriteBytesToBuffer( pxStreamBuffer, ( const uint8_t * ) &( xDataLengthBytes ), sbBYTE
 426              		.loc 1 668 3 is_stmt 1 view .LVU119
 669:Middlewares/Third_Party/FreeRTOS/Source/stream_buffer.c **** 	}
 427              		.loc 1 669 3 view .LVU120
 669:Middlewares/Third_Party/FreeRTOS/Source/stream_buffer.c **** 	}
 428              		.loc 1 669 12 is_stmt 0 view .LVU121
 429 0036 0422     		movs	r2, #4
 430              	.LVL30:
 669:Middlewares/Third_Party/FreeRTOS/Source/stream_buffer.c **** 	}
 431              		.loc 1 669 12 view .LVU122
 432 0038 0DEB0201 		add	r1, sp, r2
 433              	.LVL31:
 669:Middlewares/Third_Party/FreeRTOS/Source/stream_buffer.c **** 	}
 434              		.loc 1 669 12 view .LVU123
 435 003c 2846     		mov	r0, r5
 436              	.LVL32:
 669:Middlewares/Third_Party/FreeRTOS/Source/stream_buffer.c **** 	}
 437              		.loc 1 669 12 view .LVU124
 438 003e FFF7FEFF 		bl	prvWriteBytesToBuffer
 439              	.LVL33:
 677:Middlewares/Third_Party/FreeRTOS/Source/stream_buffer.c **** 	{
 440              		.loc 1 677 2 is_stmt 1 view .LVU125
 441 0042 ECE7     		b	.L22
 442              		.cfi_endproc
 443              	.LFE13:
 445              		.section	.text.prvReadBytesFromBuffer,"ax",%progbits
ARM GAS  /tmp/ccDqghRU.s 			page 34


 446              		.align	1
 447              		.syntax unified
 448              		.thumb
 449              		.thumb_func
 451              	prvReadBytesFromBuffer:
 452              	.LVL34:
 453              	.LFB22:
1067:Middlewares/Third_Party/FreeRTOS/Source/stream_buffer.c **** size_t xCount, xFirstLength, xNextTail;
 454              		.loc 1 1067 1 view -0
 455              		.cfi_startproc
 456              		@ args = 0, pretend = 0, frame = 0
 457              		@ frame_needed = 0, uses_anonymous_args = 0
1067:Middlewares/Third_Party/FreeRTOS/Source/stream_buffer.c **** size_t xCount, xFirstLength, xNextTail;
 458              		.loc 1 1067 1 is_stmt 0 view .LVU127
 459 0000 2DE9F041 		push	{r4, r5, r6, r7, r8, lr}
 460              	.LCFI6:
 461              		.cfi_def_cfa_offset 24
 462              		.cfi_offset 4, -24
 463              		.cfi_offset 5, -20
 464              		.cfi_offset 6, -16
 465              		.cfi_offset 7, -12
 466              		.cfi_offset 8, -8
 467              		.cfi_offset 14, -4
1068:Middlewares/Third_Party/FreeRTOS/Source/stream_buffer.c **** 
 468              		.loc 1 1068 1 is_stmt 1 view .LVU128
1071:Middlewares/Third_Party/FreeRTOS/Source/stream_buffer.c **** 
 469              		.loc 1 1071 2 view .LVU129
1071:Middlewares/Third_Party/FreeRTOS/Source/stream_buffer.c **** 
 470              		.loc 1 1071 9 is_stmt 0 view .LVU130
 471 0004 9342     		cmp	r3, r2
 472 0006 28BF     		it	cs
 473 0008 1346     		movcs	r3, r2
 474              	.LVL35:
1071:Middlewares/Third_Party/FreeRTOS/Source/stream_buffer.c **** 
 475              		.loc 1 1071 9 view .LVU131
 476 000a 1C46     		mov	r4, r3
 477              	.LVL36:
1073:Middlewares/Third_Party/FreeRTOS/Source/stream_buffer.c **** 	{
 478              		.loc 1 1073 2 is_stmt 1 view .LVU132
1073:Middlewares/Third_Party/FreeRTOS/Source/stream_buffer.c **** 	{
 479              		.loc 1 1073 4 is_stmt 0 view .LVU133
 480 000c 83B3     		cbz	r3, .L26
 481 000e 0646     		mov	r6, r0
 482 0010 0F46     		mov	r7, r1
1075:Middlewares/Third_Party/FreeRTOS/Source/stream_buffer.c **** 
 483              		.loc 1 1075 3 is_stmt 1 view .LVU134
1075:Middlewares/Third_Party/FreeRTOS/Source/stream_buffer.c **** 
 484              		.loc 1 1075 13 is_stmt 0 view .LVU135
 485 0012 D0F80080 		ldr	r8, [r0]
 486              	.LVL37:
1080:Middlewares/Third_Party/FreeRTOS/Source/stream_buffer.c **** 
 487              		.loc 1 1080 3 is_stmt 1 view .LVU136
1080:Middlewares/Third_Party/FreeRTOS/Source/stream_buffer.c **** 
 488              		.loc 1 1080 18 is_stmt 0 view .LVU137
 489 0016 8368     		ldr	r3, [r0, #8]
 490              	.LVL38:
1080:Middlewares/Third_Party/FreeRTOS/Source/stream_buffer.c **** 
ARM GAS  /tmp/ccDqghRU.s 			page 35


 491              		.loc 1 1080 18 view .LVU138
 492 0018 A3EB0805 		sub	r5, r3, r8
1080:Middlewares/Third_Party/FreeRTOS/Source/stream_buffer.c **** 
 493              		.loc 1 1080 16 view .LVU139
 494 001c A542     		cmp	r5, r4
 495 001e 28BF     		it	cs
 496 0020 2546     		movcs	r5, r4
 497              	.LVL39:
1084:Middlewares/Third_Party/FreeRTOS/Source/stream_buffer.c **** 		configASSERT( ( xNextTail + xFirstLength ) <= pxStreamBuffer->xLength );
 498              		.loc 1 1084 3 is_stmt 1 view .LVU140
 499 0022 AA42     		cmp	r2, r5
 500 0024 08D2     		bcs	.L28
1084:Middlewares/Third_Party/FreeRTOS/Source/stream_buffer.c **** 		configASSERT( ( xNextTail + xFirstLength ) <= pxStreamBuffer->xLength );
 501              		.loc 1 1084 3 discriminator 1 view .LVU141
 502              	.LBB97:
 503              	.LBI97:
 191:Middlewares/Third_Party/FreeRTOS/Source/portable/GCC/ARM_CM4F/portmacro.h **** {
 504              		.loc 2 191 30 view .LVU142
 505              	.LBB98:
 193:Middlewares/Third_Party/FreeRTOS/Source/portable/GCC/ARM_CM4F/portmacro.h **** 
 506              		.loc 2 193 1 view .LVU143
 507              		.loc 2 195 2 view .LVU144
 508              		.syntax unified
 509              	@ 195 "Middlewares/Third_Party/FreeRTOS/Source/portable/GCC/ARM_CM4F/portmacro.h" 1
 510 0026 4FF05003 			mov r3, #80												
 511 002a 83F31188 		msr basepri, r3											
 512 002e BFF36F8F 		isb														
 513 0032 BFF34F8F 		dsb														
 514              	
 515              	@ 0 "" 2
 516              		.thumb
 517              		.syntax unified
 518              	.L29:
 519              	.LBE98:
 520              	.LBE97:
1084:Middlewares/Third_Party/FreeRTOS/Source/stream_buffer.c **** 		configASSERT( ( xNextTail + xFirstLength ) <= pxStreamBuffer->xLength );
 521              		.loc 1 1084 3 discriminator 3 view .LVU145
1084:Middlewares/Third_Party/FreeRTOS/Source/stream_buffer.c **** 		configASSERT( ( xNextTail + xFirstLength ) <= pxStreamBuffer->xLength );
 522              		.loc 1 1084 3 discriminator 3 view .LVU146
 523 0036 FEE7     		b	.L29
 524              	.L28:
1084:Middlewares/Third_Party/FreeRTOS/Source/stream_buffer.c **** 		configASSERT( ( xNextTail + xFirstLength ) <= pxStreamBuffer->xLength );
 525              		.loc 1 1084 44 discriminator 2 view .LVU147
1085:Middlewares/Third_Party/FreeRTOS/Source/stream_buffer.c **** 		memcpy( ( void * ) pucData, ( const void * ) &( pxStreamBuffer->pucBuffer[ xNextTail ] ), xFirstL
 526              		.loc 1 1085 3 view .LVU148
 527 0038 08EB0502 		add	r2, r8, r5
 528              	.LVL40:
1085:Middlewares/Third_Party/FreeRTOS/Source/stream_buffer.c **** 		memcpy( ( void * ) pucData, ( const void * ) &( pxStreamBuffer->pucBuffer[ xNextTail ] ), xFirstL
 529              		.loc 1 1085 3 is_stmt 0 view .LVU149
 530 003c 9342     		cmp	r3, r2
 531 003e 08D2     		bcs	.L30
1085:Middlewares/Third_Party/FreeRTOS/Source/stream_buffer.c **** 		memcpy( ( void * ) pucData, ( const void * ) &( pxStreamBuffer->pucBuffer[ xNextTail ] ), xFirstL
 532              		.loc 1 1085 3 is_stmt 1 discriminator 1 view .LVU150
 533              	.LBB99:
 534              	.LBI99:
 191:Middlewares/Third_Party/FreeRTOS/Source/portable/GCC/ARM_CM4F/portmacro.h **** {
 535              		.loc 2 191 30 view .LVU151
ARM GAS  /tmp/ccDqghRU.s 			page 36


 536              	.LBB100:
 193:Middlewares/Third_Party/FreeRTOS/Source/portable/GCC/ARM_CM4F/portmacro.h **** 
 537              		.loc 2 193 1 view .LVU152
 538              		.loc 2 195 2 view .LVU153
 539              		.syntax unified
 540              	@ 195 "Middlewares/Third_Party/FreeRTOS/Source/portable/GCC/ARM_CM4F/portmacro.h" 1
 541 0040 4FF05003 			mov r3, #80												
 542 0044 83F31188 		msr basepri, r3											
 543 0048 BFF36F8F 		isb														
 544 004c BFF34F8F 		dsb														
 545              	
 546              	@ 0 "" 2
 547              		.thumb
 548              		.syntax unified
 549              	.L31:
 550              	.LBE100:
 551              	.LBE99:
1085:Middlewares/Third_Party/FreeRTOS/Source/stream_buffer.c **** 		memcpy( ( void * ) pucData, ( const void * ) &( pxStreamBuffer->pucBuffer[ xNextTail ] ), xFirstL
 552              		.loc 1 1085 3 discriminator 3 view .LVU154
1085:Middlewares/Third_Party/FreeRTOS/Source/stream_buffer.c **** 		memcpy( ( void * ) pucData, ( const void * ) &( pxStreamBuffer->pucBuffer[ xNextTail ] ), xFirstL
 553              		.loc 1 1085 3 discriminator 3 view .LVU155
 554 0050 FEE7     		b	.L31
 555              	.L30:
1085:Middlewares/Third_Party/FreeRTOS/Source/stream_buffer.c **** 		memcpy( ( void * ) pucData, ( const void * ) &( pxStreamBuffer->pucBuffer[ xNextTail ] ), xFirstL
 556              		.loc 1 1085 74 discriminator 2 view .LVU156
1086:Middlewares/Third_Party/FreeRTOS/Source/stream_buffer.c **** 
 557              		.loc 1 1086 3 view .LVU157
1086:Middlewares/Third_Party/FreeRTOS/Source/stream_buffer.c **** 
 558              		.loc 1 1086 65 is_stmt 0 view .LVU158
 559 0052 8169     		ldr	r1, [r0, #24]
 560              	.LVL41:
1086:Middlewares/Third_Party/FreeRTOS/Source/stream_buffer.c **** 
 561              		.loc 1 1086 3 view .LVU159
 562 0054 2A46     		mov	r2, r5
 563 0056 4144     		add	r1, r1, r8
 564 0058 3846     		mov	r0, r7
 565              	.LVL42:
1086:Middlewares/Third_Party/FreeRTOS/Source/stream_buffer.c **** 
 566              		.loc 1 1086 3 view .LVU160
 567 005a FFF7FEFF 		bl	memcpy
 568              	.LVL43:
1090:Middlewares/Third_Party/FreeRTOS/Source/stream_buffer.c **** 		{
 569              		.loc 1 1090 3 is_stmt 1 view .LVU161
1090:Middlewares/Third_Party/FreeRTOS/Source/stream_buffer.c **** 		{
 570              		.loc 1 1090 5 is_stmt 0 view .LVU162
 571 005e AC42     		cmp	r4, r5
 572 0060 09D8     		bhi	.L35
 573              	.L32:
1098:Middlewares/Third_Party/FreeRTOS/Source/stream_buffer.c **** 		}
 574              		.loc 1 1098 28 is_stmt 1 view .LVU163
1103:Middlewares/Third_Party/FreeRTOS/Source/stream_buffer.c **** 
 575              		.loc 1 1103 3 view .LVU164
1103:Middlewares/Third_Party/FreeRTOS/Source/stream_buffer.c **** 
 576              		.loc 1 1103 13 is_stmt 0 view .LVU165
 577 0062 04EB0803 		add	r3, r4, r8
 578              	.LVL44:
1105:Middlewares/Third_Party/FreeRTOS/Source/stream_buffer.c **** 		{
ARM GAS  /tmp/ccDqghRU.s 			page 37


 579              		.loc 1 1105 3 is_stmt 1 view .LVU166
1105:Middlewares/Third_Party/FreeRTOS/Source/stream_buffer.c **** 		{
 580              		.loc 1 1105 34 is_stmt 0 view .LVU167
 581 0066 B268     		ldr	r2, [r6, #8]
1105:Middlewares/Third_Party/FreeRTOS/Source/stream_buffer.c **** 		{
 582              		.loc 1 1105 5 view .LVU168
 583 0068 9A42     		cmp	r2, r3
 584 006a 00D8     		bhi	.L33
1107:Middlewares/Third_Party/FreeRTOS/Source/stream_buffer.c **** 		}
 585              		.loc 1 1107 4 is_stmt 1 view .LVU169
1107:Middlewares/Third_Party/FreeRTOS/Source/stream_buffer.c **** 		}
 586              		.loc 1 1107 14 is_stmt 0 view .LVU170
 587 006c 9B1A     		subs	r3, r3, r2
 588              	.LVL45:
 589              	.L33:
1110:Middlewares/Third_Party/FreeRTOS/Source/stream_buffer.c **** 	}
 590              		.loc 1 1110 3 is_stmt 1 view .LVU171
1110:Middlewares/Third_Party/FreeRTOS/Source/stream_buffer.c **** 	}
 591              		.loc 1 1110 25 is_stmt 0 view .LVU172
 592 006e 3360     		str	r3, [r6]
1114:Middlewares/Third_Party/FreeRTOS/Source/stream_buffer.c **** 	}
 593              		.loc 1 1114 27 is_stmt 1 view .LVU173
1117:Middlewares/Third_Party/FreeRTOS/Source/stream_buffer.c **** }
 594              		.loc 1 1117 2 view .LVU174
 595              	.LVL46:
 596              	.L26:
1118:Middlewares/Third_Party/FreeRTOS/Source/stream_buffer.c **** /*-----------------------------------------------------------*/
 597              		.loc 1 1118 1 is_stmt 0 view .LVU175
 598 0070 2046     		mov	r0, r4
 599 0072 BDE8F081 		pop	{r4, r5, r6, r7, r8, pc}
 600              	.LVL47:
 601              	.L35:
1093:Middlewares/Third_Party/FreeRTOS/Source/stream_buffer.c **** 			memcpy( ( void * ) &( pucData[ xFirstLength ] ), ( void * ) ( pxStreamBuffer->pucBuffer ), xCoun
 602              		.loc 1 1093 4 is_stmt 1 view .LVU176
1093:Middlewares/Third_Party/FreeRTOS/Source/stream_buffer.c **** 			memcpy( ( void * ) &( pucData[ xFirstLength ] ), ( void * ) ( pxStreamBuffer->pucBuffer ), xCoun
 603              		.loc 1 1093 39 discriminator 2 view .LVU177
1094:Middlewares/Third_Party/FreeRTOS/Source/stream_buffer.c **** 		}
 604              		.loc 1 1094 4 view .LVU178
 605 0076 621B     		subs	r2, r4, r5
 606 0078 B169     		ldr	r1, [r6, #24]
 607 007a 7819     		adds	r0, r7, r5
 608 007c FFF7FEFF 		bl	memcpy
 609              	.LVL48:
 610 0080 EFE7     		b	.L32
 611              		.cfi_endproc
 612              	.LFE22:
 614              		.section	.text.prvReadMessageFromBuffer,"ax",%progbits
 615              		.align	1
 616              		.syntax unified
 617              		.thumb
 618              		.thumb_func
 620              	prvReadMessageFromBuffer:
 621              	.LVL49:
 622              	.LFB16:
 857:Middlewares/Third_Party/FreeRTOS/Source/stream_buffer.c **** size_t xOriginalTail, xReceivedLength, xNextMessageLength;
 623              		.loc 1 857 1 view -0
 624              		.cfi_startproc
ARM GAS  /tmp/ccDqghRU.s 			page 38


 625              		@ args = 4, pretend = 0, frame = 8
 626              		@ frame_needed = 0, uses_anonymous_args = 0
 857:Middlewares/Third_Party/FreeRTOS/Source/stream_buffer.c **** size_t xOriginalTail, xReceivedLength, xNextMessageLength;
 627              		.loc 1 857 1 is_stmt 0 view .LVU180
 628 0000 2DE9F043 		push	{r4, r5, r6, r7, r8, r9, lr}
 629              	.LCFI7:
 630              		.cfi_def_cfa_offset 28
 631              		.cfi_offset 4, -28
 632              		.cfi_offset 5, -24
 633              		.cfi_offset 6, -20
 634              		.cfi_offset 7, -16
 635              		.cfi_offset 8, -12
 636              		.cfi_offset 9, -8
 637              		.cfi_offset 14, -4
 638 0004 83B0     		sub	sp, sp, #12
 639              	.LCFI8:
 640              		.cfi_def_cfa_offset 40
 641 0006 0546     		mov	r5, r0
 642 0008 0E46     		mov	r6, r1
 643 000a 1746     		mov	r7, r2
 644 000c 1C46     		mov	r4, r3
 645 000e DDF82880 		ldr	r8, [sp, #40]
 858:Middlewares/Third_Party/FreeRTOS/Source/stream_buffer.c **** 
 646              		.loc 1 858 1 is_stmt 1 view .LVU181
 860:Middlewares/Third_Party/FreeRTOS/Source/stream_buffer.c **** 	{
 647              		.loc 1 860 2 view .LVU182
 860:Middlewares/Third_Party/FreeRTOS/Source/stream_buffer.c **** 	{
 648              		.loc 1 860 4 is_stmt 0 view .LVU183
 649 0012 B8F1000F 		cmp	r8, #0
 650 0016 09D1     		bne	.L40
 892:Middlewares/Third_Party/FreeRTOS/Source/stream_buffer.c **** 	}
 651              		.loc 1 892 3 is_stmt 1 view .LVU184
 892:Middlewares/Third_Party/FreeRTOS/Source/stream_buffer.c **** 	}
 652              		.loc 1 892 22 is_stmt 0 view .LVU185
 653 0018 0192     		str	r2, [sp, #4]
 654              	.LVL50:
 655              	.L38:
 896:Middlewares/Third_Party/FreeRTOS/Source/stream_buffer.c **** 
 656              		.loc 1 896 2 is_stmt 1 view .LVU186
 896:Middlewares/Third_Party/FreeRTOS/Source/stream_buffer.c **** 
 657              		.loc 1 896 20 is_stmt 0 view .LVU187
 658 001a 2346     		mov	r3, r4
 659 001c 019A     		ldr	r2, [sp, #4]
 660 001e 3146     		mov	r1, r6
 661 0020 2846     		mov	r0, r5
 662 0022 FFF7FEFF 		bl	prvReadBytesFromBuffer
 663              	.LVL51:
 898:Middlewares/Third_Party/FreeRTOS/Source/stream_buffer.c **** }
 664              		.loc 1 898 2 is_stmt 1 view .LVU188
 899:Middlewares/Third_Party/FreeRTOS/Source/stream_buffer.c **** /*-----------------------------------------------------------*/
 665              		.loc 1 899 1 is_stmt 0 view .LVU189
 666 0026 03B0     		add	sp, sp, #12
 667              	.LCFI9:
 668              		.cfi_remember_state
 669              		.cfi_def_cfa_offset 28
 670              		@ sp needed
 671 0028 BDE8F083 		pop	{r4, r5, r6, r7, r8, r9, pc}
ARM GAS  /tmp/ccDqghRU.s 			page 39


 672              	.LVL52:
 673              	.L40:
 674              	.LCFI10:
 675              		.cfi_restore_state
 866:Middlewares/Third_Party/FreeRTOS/Source/stream_buffer.c **** 		( void ) prvReadBytesFromBuffer( pxStreamBuffer, ( uint8_t * ) &xNextMessageLength, xBytesToStore
 676              		.loc 1 866 3 is_stmt 1 view .LVU190
 866:Middlewares/Third_Party/FreeRTOS/Source/stream_buffer.c **** 		( void ) prvReadBytesFromBuffer( pxStreamBuffer, ( uint8_t * ) &xNextMessageLength, xBytesToStore
 677              		.loc 1 866 17 is_stmt 0 view .LVU191
 678 002c D0F80090 		ldr	r9, [r0]
 679              	.LVL53:
 867:Middlewares/Third_Party/FreeRTOS/Source/stream_buffer.c **** 
 680              		.loc 1 867 3 is_stmt 1 view .LVU192
 867:Middlewares/Third_Party/FreeRTOS/Source/stream_buffer.c **** 
 681              		.loc 1 867 12 is_stmt 0 view .LVU193
 682 0030 4246     		mov	r2, r8
 683              	.LVL54:
 867:Middlewares/Third_Party/FreeRTOS/Source/stream_buffer.c **** 
 684              		.loc 1 867 12 view .LVU194
 685 0032 01A9     		add	r1, sp, #4
 686              	.LVL55:
 867:Middlewares/Third_Party/FreeRTOS/Source/stream_buffer.c **** 
 687              		.loc 1 867 12 view .LVU195
 688 0034 FFF7FEFF 		bl	prvReadBytesFromBuffer
 689              	.LVL56:
 871:Middlewares/Third_Party/FreeRTOS/Source/stream_buffer.c **** 
 690              		.loc 1 871 3 is_stmt 1 view .LVU196
 871:Middlewares/Third_Party/FreeRTOS/Source/stream_buffer.c **** 
 691              		.loc 1 871 19 is_stmt 0 view .LVU197
 692 0038 A4EB0804 		sub	r4, r4, r8
 693              	.LVL57:
 875:Middlewares/Third_Party/FreeRTOS/Source/stream_buffer.c **** 		{
 694              		.loc 1 875 3 is_stmt 1 view .LVU198
 875:Middlewares/Third_Party/FreeRTOS/Source/stream_buffer.c **** 		{
 695              		.loc 1 875 26 is_stmt 0 view .LVU199
 696 003c 019B     		ldr	r3, [sp, #4]
 875:Middlewares/Third_Party/FreeRTOS/Source/stream_buffer.c **** 		{
 697              		.loc 1 875 5 view .LVU200
 698 003e BB42     		cmp	r3, r7
 699 0040 EBD9     		bls	.L38
 880:Middlewares/Third_Party/FreeRTOS/Source/stream_buffer.c **** 			xNextMessageLength = 0;
 700              		.loc 1 880 4 is_stmt 1 view .LVU201
 880:Middlewares/Third_Party/FreeRTOS/Source/stream_buffer.c **** 			xNextMessageLength = 0;
 701              		.loc 1 880 26 is_stmt 0 view .LVU202
 702 0042 C5F80090 		str	r9, [r5]
 881:Middlewares/Third_Party/FreeRTOS/Source/stream_buffer.c **** 		}
 703              		.loc 1 881 4 is_stmt 1 view .LVU203
 881:Middlewares/Third_Party/FreeRTOS/Source/stream_buffer.c **** 		}
 704              		.loc 1 881 23 is_stmt 0 view .LVU204
 705 0046 0023     		movs	r3, #0
 706 0048 0193     		str	r3, [sp, #4]
 707 004a E6E7     		b	.L38
 708              		.cfi_endproc
 709              	.LFE16:
 711              		.section	.text.xStreamBufferGenericCreate,"ax",%progbits
 712              		.align	1
 713              		.global	xStreamBufferGenericCreate
 714              		.syntax unified
ARM GAS  /tmp/ccDqghRU.s 			page 40


 715              		.thumb
 716              		.thumb_func
 718              	xStreamBufferGenericCreate:
 719              	.LVL58:
 720              	.LFB4:
 220:Middlewares/Third_Party/FreeRTOS/Source/stream_buffer.c **** 	uint8_t *pucAllocatedMemory;
 721              		.loc 1 220 2 is_stmt 1 view -0
 722              		.cfi_startproc
 723              		@ args = 0, pretend = 0, frame = 0
 724              		@ frame_needed = 0, uses_anonymous_args = 0
 221:Middlewares/Third_Party/FreeRTOS/Source/stream_buffer.c **** 
 725              		.loc 1 221 2 view .LVU206
 227:Middlewares/Third_Party/FreeRTOS/Source/stream_buffer.c **** 		configASSERT( xTriggerLevelBytes <= xBufferSizeBytes );
 726              		.loc 1 227 3 view .LVU207
 727 0000 0428     		cmp	r0, #4
 728 0002 08D8     		bhi	.L42
 227:Middlewares/Third_Party/FreeRTOS/Source/stream_buffer.c **** 		configASSERT( xTriggerLevelBytes <= xBufferSizeBytes );
 729              		.loc 1 227 3 discriminator 1 view .LVU208
 730              	.LBB101:
 731              	.LBI101:
 191:Middlewares/Third_Party/FreeRTOS/Source/portable/GCC/ARM_CM4F/portmacro.h **** {
 732              		.loc 2 191 30 view .LVU209
 733              	.LBB102:
 193:Middlewares/Third_Party/FreeRTOS/Source/portable/GCC/ARM_CM4F/portmacro.h **** 
 734              		.loc 2 193 1 view .LVU210
 735              		.loc 2 195 2 view .LVU211
 736              		.syntax unified
 737              	@ 195 "Middlewares/Third_Party/FreeRTOS/Source/portable/GCC/ARM_CM4F/portmacro.h" 1
 738 0004 4FF05003 			mov r3, #80												
 739 0008 83F31188 		msr basepri, r3											
 740 000c BFF36F8F 		isb														
 741 0010 BFF34F8F 		dsb														
 742              	
 743              	@ 0 "" 2
 744              		.thumb
 745              		.syntax unified
 746              	.L43:
 747              	.LBE102:
 748              	.LBE101:
 227:Middlewares/Third_Party/FreeRTOS/Source/stream_buffer.c **** 		configASSERT( xTriggerLevelBytes <= xBufferSizeBytes );
 749              		.loc 1 227 3 discriminator 3 view .LVU212
 227:Middlewares/Third_Party/FreeRTOS/Source/stream_buffer.c **** 		configASSERT( xTriggerLevelBytes <= xBufferSizeBytes );
 750              		.loc 1 227 3 discriminator 3 view .LVU213
 751 0014 FEE7     		b	.L43
 752              	.L42:
 220:Middlewares/Third_Party/FreeRTOS/Source/stream_buffer.c **** 	uint8_t *pucAllocatedMemory;
 753              		.loc 1 220 2 is_stmt 0 view .LVU214
 754 0016 F0B5     		push	{r4, r5, r6, r7, lr}
 755              	.LCFI11:
 756              		.cfi_def_cfa_offset 20
 757              		.cfi_offset 4, -20
 758              		.cfi_offset 5, -16
 759              		.cfi_offset 6, -12
 760              		.cfi_offset 7, -8
 761              		.cfi_offset 14, -4
 762 0018 83B0     		sub	sp, sp, #12
 763              	.LCFI12:
ARM GAS  /tmp/ccDqghRU.s 			page 41


 764              		.cfi_def_cfa_offset 32
 765 001a 0C46     		mov	r4, r1
 766 001c 1546     		mov	r5, r2
 227:Middlewares/Third_Party/FreeRTOS/Source/stream_buffer.c **** 		configASSERT( xTriggerLevelBytes <= xBufferSizeBytes );
 767              		.loc 1 227 69 is_stmt 1 discriminator 2 view .LVU215
 228:Middlewares/Third_Party/FreeRTOS/Source/stream_buffer.c **** 
 768              		.loc 1 228 3 view .LVU216
 769 001e 8842     		cmp	r0, r1
 770 0020 08D2     		bcs	.L44
 228:Middlewares/Third_Party/FreeRTOS/Source/stream_buffer.c **** 
 771              		.loc 1 228 3 discriminator 1 view .LVU217
 772              	.LBB103:
 773              	.LBI103:
 191:Middlewares/Third_Party/FreeRTOS/Source/portable/GCC/ARM_CM4F/portmacro.h **** {
 774              		.loc 2 191 30 view .LVU218
 775              	.LBB104:
 193:Middlewares/Third_Party/FreeRTOS/Source/portable/GCC/ARM_CM4F/portmacro.h **** 
 776              		.loc 2 193 1 view .LVU219
 777              		.loc 2 195 2 view .LVU220
 778              		.syntax unified
 779              	@ 195 "Middlewares/Third_Party/FreeRTOS/Source/portable/GCC/ARM_CM4F/portmacro.h" 1
 780 0022 4FF05003 			mov r3, #80												
 781 0026 83F31188 		msr basepri, r3											
 782 002a BFF36F8F 		isb														
 783 002e BFF34F8F 		dsb														
 784              	
 785              	@ 0 "" 2
 786              		.thumb
 787              		.syntax unified
 788              	.L45:
 789              	.LBE104:
 790              	.LBE103:
 228:Middlewares/Third_Party/FreeRTOS/Source/stream_buffer.c **** 
 791              		.loc 1 228 3 discriminator 3 view .LVU221
 228:Middlewares/Third_Party/FreeRTOS/Source/stream_buffer.c **** 
 792              		.loc 1 228 3 discriminator 3 view .LVU222
 793 0032 FEE7     		b	.L45
 794              	.L44:
 228:Middlewares/Third_Party/FreeRTOS/Source/stream_buffer.c **** 
 795              		.loc 1 228 57 discriminator 2 view .LVU223
 232:Middlewares/Third_Party/FreeRTOS/Source/stream_buffer.c **** 		{
 796              		.loc 1 232 3 view .LVU224
 232:Middlewares/Third_Party/FreeRTOS/Source/stream_buffer.c **** 		{
 797              		.loc 1 232 5 is_stmt 0 view .LVU225
 798 0034 01B9     		cbnz	r1, .L46
 234:Middlewares/Third_Party/FreeRTOS/Source/stream_buffer.c **** 		}
 799              		.loc 1 234 23 view .LVU226
 800 0036 0124     		movs	r4, #1
 801              	.L46:
 802              	.LVL59:
 245:Middlewares/Third_Party/FreeRTOS/Source/stream_buffer.c **** 		pucAllocatedMemory = ( uint8_t * ) pvPortMalloc( xBufferSizeBytes + sizeof( StreamBuffer_t ) ); /
 803              		.loc 1 245 3 is_stmt 1 view .LVU227
 245:Middlewares/Third_Party/FreeRTOS/Source/stream_buffer.c **** 		pucAllocatedMemory = ( uint8_t * ) pvPortMalloc( xBufferSizeBytes + sizeof( StreamBuffer_t ) ); /
 804              		.loc 1 245 19 is_stmt 0 view .LVU228
 805 0038 471C     		adds	r7, r0, #1
 806              	.LVL60:
 246:Middlewares/Third_Party/FreeRTOS/Source/stream_buffer.c **** 
ARM GAS  /tmp/ccDqghRU.s 			page 42


 807              		.loc 1 246 3 is_stmt 1 view .LVU229
 246:Middlewares/Third_Party/FreeRTOS/Source/stream_buffer.c **** 
 808              		.loc 1 246 38 is_stmt 0 view .LVU230
 809 003a 2530     		adds	r0, r0, #37
 810 003c FFF7FEFF 		bl	pvPortMalloc
 811              	.LVL61:
 248:Middlewares/Third_Party/FreeRTOS/Source/stream_buffer.c **** 		{
 812              		.loc 1 248 3 is_stmt 1 view .LVU231
 248:Middlewares/Third_Party/FreeRTOS/Source/stream_buffer.c **** 		{
 813              		.loc 1 248 5 is_stmt 0 view .LVU232
 814 0040 0646     		mov	r6, r0
 815 0042 30B1     		cbz	r0, .L41
 250:Middlewares/Third_Party/FreeRTOS/Source/stream_buffer.c **** 										   pucAllocatedMemory + sizeof( StreamBuffer_t ),  /* Storage area follows. */ /*lint !e9
 816              		.loc 1 250 4 is_stmt 1 view .LVU233
 817 0044 0095     		str	r5, [sp]
 818 0046 2346     		mov	r3, r4
 819 0048 3A46     		mov	r2, r7
 820 004a 00F12401 		add	r1, r0, #36
 821 004e FFF7FEFF 		bl	prvInitialiseNewStreamBuffer
 822              	.LVL62:
 256:Middlewares/Third_Party/FreeRTOS/Source/stream_buffer.c **** 		}
 823              		.loc 1 256 94 view .LVU234
 260:Middlewares/Third_Party/FreeRTOS/Source/stream_buffer.c **** 		}
 824              		.loc 1 260 56 view .LVU235
 263:Middlewares/Third_Party/FreeRTOS/Source/stream_buffer.c **** 	}
 825              		.loc 1 263 3 view .LVU236
 826              	.L41:
 264:Middlewares/Third_Party/FreeRTOS/Source/stream_buffer.c **** 
 827              		.loc 1 264 2 is_stmt 0 view .LVU237
 828 0052 3046     		mov	r0, r6
 829 0054 03B0     		add	sp, sp, #12
 830              	.LCFI13:
 831              		.cfi_def_cfa_offset 20
 832              		@ sp needed
 833 0056 F0BD     		pop	{r4, r5, r6, r7, pc}
 264:Middlewares/Third_Party/FreeRTOS/Source/stream_buffer.c **** 
 834              		.loc 1 264 2 view .LVU238
 835              		.cfi_endproc
 836              	.LFE4:
 838              		.section	.text.xStreamBufferGenericCreateStatic,"ax",%progbits
 839              		.align	1
 840              		.global	xStreamBufferGenericCreateStatic
 841              		.syntax unified
 842              		.thumb
 843              		.thumb_func
 845              	xStreamBufferGenericCreateStatic:
 846              	.LVL63:
 847              	.LFB5:
 276:Middlewares/Third_Party/FreeRTOS/Source/stream_buffer.c **** 	StreamBuffer_t * const pxStreamBuffer = ( StreamBuffer_t * ) pxStaticStreamBuffer; /*lint !e740 !e
 848              		.loc 1 276 2 is_stmt 1 view -0
 849              		.cfi_startproc
 850              		@ args = 4, pretend = 0, frame = 8
 851              		@ frame_needed = 0, uses_anonymous_args = 0
 277:Middlewares/Third_Party/FreeRTOS/Source/stream_buffer.c **** 	StreamBufferHandle_t xReturn;
 852              		.loc 1 277 2 view .LVU240
 278:Middlewares/Third_Party/FreeRTOS/Source/stream_buffer.c **** 
 853              		.loc 1 278 2 view .LVU241
ARM GAS  /tmp/ccDqghRU.s 			page 43


 280:Middlewares/Third_Party/FreeRTOS/Source/stream_buffer.c **** 		configASSERT( pxStaticStreamBuffer );
 854              		.loc 1 280 3 view .LVU242
 855 0000 7BB1     		cbz	r3, .L66
 276:Middlewares/Third_Party/FreeRTOS/Source/stream_buffer.c **** 	StreamBuffer_t * const pxStreamBuffer = ( StreamBuffer_t * ) pxStaticStreamBuffer; /*lint !e740 !e
 856              		.loc 1 276 2 is_stmt 0 view .LVU243
 857 0002 00B5     		push	{lr}
 858              	.LCFI14:
 859              		.cfi_def_cfa_offset 4
 860              		.cfi_offset 14, -4
 861 0004 85B0     		sub	sp, sp, #20
 862              	.LCFI15:
 863              		.cfi_def_cfa_offset 24
 864 0006 9C46     		mov	ip, r3
 280:Middlewares/Third_Party/FreeRTOS/Source/stream_buffer.c **** 		configASSERT( pxStaticStreamBuffer );
 865              		.loc 1 280 45 is_stmt 1 discriminator 2 view .LVU244
 281:Middlewares/Third_Party/FreeRTOS/Source/stream_buffer.c **** 		configASSERT( xTriggerLevelBytes <= xBufferSizeBytes );
 866              		.loc 1 281 3 view .LVU245
 867 0008 069B     		ldr	r3, [sp, #24]
 868              	.LVL64:
 281:Middlewares/Third_Party/FreeRTOS/Source/stream_buffer.c **** 		configASSERT( xTriggerLevelBytes <= xBufferSizeBytes );
 869              		.loc 1 281 3 is_stmt 0 view .LVU246
 870 000a 9BB1     		cbz	r3, .L67
 281:Middlewares/Third_Party/FreeRTOS/Source/stream_buffer.c **** 		configASSERT( xTriggerLevelBytes <= xBufferSizeBytes );
 871              		.loc 1 281 39 is_stmt 1 discriminator 2 view .LVU247
 282:Middlewares/Third_Party/FreeRTOS/Source/stream_buffer.c **** 
 872              		.loc 1 282 3 view .LVU248
 873 000c 8142     		cmp	r1, r0
 874 000e 1AD9     		bls	.L56
 282:Middlewares/Third_Party/FreeRTOS/Source/stream_buffer.c **** 
 875              		.loc 1 282 3 discriminator 1 view .LVU249
 876              	.LBB105:
 877              	.LBI105:
 191:Middlewares/Third_Party/FreeRTOS/Source/portable/GCC/ARM_CM4F/portmacro.h **** {
 878              		.loc 2 191 30 view .LVU250
 879              	.LBB106:
 193:Middlewares/Third_Party/FreeRTOS/Source/portable/GCC/ARM_CM4F/portmacro.h **** 
 880              		.loc 2 193 1 view .LVU251
 881              		.loc 2 195 2 view .LVU252
 882              		.syntax unified
 883              	@ 195 "Middlewares/Third_Party/FreeRTOS/Source/portable/GCC/ARM_CM4F/portmacro.h" 1
 884 0010 4FF05003 			mov r3, #80												
 885 0014 83F31188 		msr basepri, r3											
 886 0018 BFF36F8F 		isb														
 887 001c BFF34F8F 		dsb														
 888              	
 889              	@ 0 "" 2
 890              		.thumb
 891              		.syntax unified
 892              	.L57:
 893              	.LBE106:
 894              	.LBE105:
 282:Middlewares/Third_Party/FreeRTOS/Source/stream_buffer.c **** 
 895              		.loc 1 282 3 discriminator 3 view .LVU253
 282:Middlewares/Third_Party/FreeRTOS/Source/stream_buffer.c **** 
 896              		.loc 1 282 3 discriminator 3 view .LVU254
 897 0020 FEE7     		b	.L57
 898              	.LVL65:
ARM GAS  /tmp/ccDqghRU.s 			page 44


 899              	.L66:
 900              	.LCFI16:
 901              		.cfi_def_cfa_offset 0
 902              		.cfi_restore 14
 280:Middlewares/Third_Party/FreeRTOS/Source/stream_buffer.c **** 		configASSERT( pxStaticStreamBuffer );
 903              		.loc 1 280 3 discriminator 1 view .LVU255
 904              	.LBB107:
 905              	.LBI107:
 191:Middlewares/Third_Party/FreeRTOS/Source/portable/GCC/ARM_CM4F/portmacro.h **** {
 906              		.loc 2 191 30 view .LVU256
 907              	.LBB108:
 193:Middlewares/Third_Party/FreeRTOS/Source/portable/GCC/ARM_CM4F/portmacro.h **** 
 908              		.loc 2 193 1 view .LVU257
 909              		.loc 2 195 2 view .LVU258
 910              		.syntax unified
 911              	@ 195 "Middlewares/Third_Party/FreeRTOS/Source/portable/GCC/ARM_CM4F/portmacro.h" 1
 912 0022 4FF05003 			mov r3, #80												
 913 0026 83F31188 		msr basepri, r3											
 914 002a BFF36F8F 		isb														
 915 002e BFF34F8F 		dsb														
 916              	
 917              	@ 0 "" 2
 918              	.LVL66:
 919              		.thumb
 920              		.syntax unified
 921              	.L53:
 922              		.loc 2 195 2 is_stmt 0 view .LVU259
 923              	.LBE108:
 924              	.LBE107:
 280:Middlewares/Third_Party/FreeRTOS/Source/stream_buffer.c **** 		configASSERT( pxStaticStreamBuffer );
 925              		.loc 1 280 3 is_stmt 1 discriminator 3 view .LVU260
 280:Middlewares/Third_Party/FreeRTOS/Source/stream_buffer.c **** 		configASSERT( pxStaticStreamBuffer );
 926              		.loc 1 280 3 discriminator 3 view .LVU261
 927 0032 FEE7     		b	.L53
 928              	.LVL67:
 929              	.L67:
 930              	.LCFI17:
 931              		.cfi_def_cfa_offset 24
 932              		.cfi_offset 14, -4
 281:Middlewares/Third_Party/FreeRTOS/Source/stream_buffer.c **** 		configASSERT( xTriggerLevelBytes <= xBufferSizeBytes );
 933              		.loc 1 281 3 discriminator 1 view .LVU262
 934              	.LBB109:
 935              	.LBI109:
 191:Middlewares/Third_Party/FreeRTOS/Source/portable/GCC/ARM_CM4F/portmacro.h **** {
 936              		.loc 2 191 30 view .LVU263
 937              	.LBB110:
 193:Middlewares/Third_Party/FreeRTOS/Source/portable/GCC/ARM_CM4F/portmacro.h **** 
 938              		.loc 2 193 1 view .LVU264
 939              		.loc 2 195 2 view .LVU265
 940              		.syntax unified
 941              	@ 195 "Middlewares/Third_Party/FreeRTOS/Source/portable/GCC/ARM_CM4F/portmacro.h" 1
 942 0034 4FF05003 			mov r3, #80												
 943 0038 83F31188 		msr basepri, r3											
 944 003c BFF36F8F 		isb														
 945 0040 BFF34F8F 		dsb														
 946              	
 947              	@ 0 "" 2
ARM GAS  /tmp/ccDqghRU.s 			page 45


 948              		.thumb
 949              		.syntax unified
 950              	.L55:
 951              	.LBE110:
 952              	.LBE109:
 281:Middlewares/Third_Party/FreeRTOS/Source/stream_buffer.c **** 		configASSERT( xTriggerLevelBytes <= xBufferSizeBytes );
 953              		.loc 1 281 3 discriminator 3 view .LVU266
 281:Middlewares/Third_Party/FreeRTOS/Source/stream_buffer.c **** 		configASSERT( xTriggerLevelBytes <= xBufferSizeBytes );
 954              		.loc 1 281 3 discriminator 3 view .LVU267
 955 0044 FEE7     		b	.L55
 956              	.L56:
 282:Middlewares/Third_Party/FreeRTOS/Source/stream_buffer.c **** 
 957              		.loc 1 282 57 discriminator 2 view .LVU268
 286:Middlewares/Third_Party/FreeRTOS/Source/stream_buffer.c **** 		{
 958              		.loc 1 286 3 view .LVU269
 286:Middlewares/Third_Party/FreeRTOS/Source/stream_buffer.c **** 		{
 959              		.loc 1 286 5 is_stmt 0 view .LVU270
 960 0046 01B9     		cbnz	r1, .L58
 288:Middlewares/Third_Party/FreeRTOS/Source/stream_buffer.c **** 		}
 961              		.loc 1 288 23 view .LVU271
 962 0048 0121     		movs	r1, #1
 963              	.LVL68:
 964              	.L58:
 295:Middlewares/Third_Party/FreeRTOS/Source/stream_buffer.c **** 
 965              		.loc 1 295 3 is_stmt 1 view .LVU272
 966 004a 0428     		cmp	r0, #4
 967 004c 08D8     		bhi	.L59
 295:Middlewares/Third_Party/FreeRTOS/Source/stream_buffer.c **** 
 968              		.loc 1 295 3 discriminator 1 view .LVU273
 969              	.LBB111:
 970              	.LBI111:
 191:Middlewares/Third_Party/FreeRTOS/Source/portable/GCC/ARM_CM4F/portmacro.h **** {
 971              		.loc 2 191 30 view .LVU274
 972              	.LBB112:
 193:Middlewares/Third_Party/FreeRTOS/Source/portable/GCC/ARM_CM4F/portmacro.h **** 
 973              		.loc 2 193 1 view .LVU275
 974              		.loc 2 195 2 view .LVU276
 975              		.syntax unified
 976              	@ 195 "Middlewares/Third_Party/FreeRTOS/Source/portable/GCC/ARM_CM4F/portmacro.h" 1
 977 004e 4FF05003 			mov r3, #80												
 978 0052 83F31188 		msr basepri, r3											
 979 0056 BFF36F8F 		isb														
 980 005a BFF34F8F 		dsb														
 981              	
 982              	@ 0 "" 2
 983              		.thumb
 984              		.syntax unified
 985              	.L60:
 986              	.LBE112:
 987              	.LBE111:
 295:Middlewares/Third_Party/FreeRTOS/Source/stream_buffer.c **** 
 988              		.loc 1 295 3 discriminator 3 view .LVU277
 295:Middlewares/Third_Party/FreeRTOS/Source/stream_buffer.c **** 
 989              		.loc 1 295 3 discriminator 3 view .LVU278
 990 005e FEE7     		b	.L60
 991              	.L59:
 295:Middlewares/Third_Party/FreeRTOS/Source/stream_buffer.c **** 
ARM GAS  /tmp/ccDqghRU.s 			page 46


 992              		.loc 1 295 69 discriminator 2 view .LVU279
 993              	.LBB113:
 302:Middlewares/Third_Party/FreeRTOS/Source/stream_buffer.c **** 			configASSERT( xSize == sizeof( StreamBuffer_t ) );
 994              		.loc 1 302 4 view .LVU280
 302:Middlewares/Third_Party/FreeRTOS/Source/stream_buffer.c **** 			configASSERT( xSize == sizeof( StreamBuffer_t ) );
 995              		.loc 1 302 20 is_stmt 0 view .LVU281
 996 0060 2423     		movs	r3, #36
 997 0062 0393     		str	r3, [sp, #12]
 303:Middlewares/Third_Party/FreeRTOS/Source/stream_buffer.c **** 		}
 998              		.loc 1 303 4 is_stmt 1 view .LVU282
 999 0064 039B     		ldr	r3, [sp, #12]
 1000 0066 242B     		cmp	r3, #36
 1001 0068 08D0     		beq	.L61
 303:Middlewares/Third_Party/FreeRTOS/Source/stream_buffer.c **** 		}
 1002              		.loc 1 303 4 discriminator 1 view .LVU283
 1003              	.LBB114:
 1004              	.LBI114:
 191:Middlewares/Third_Party/FreeRTOS/Source/portable/GCC/ARM_CM4F/portmacro.h **** {
 1005              		.loc 2 191 30 view .LVU284
 1006              	.LBB115:
 193:Middlewares/Third_Party/FreeRTOS/Source/portable/GCC/ARM_CM4F/portmacro.h **** 
 1007              		.loc 2 193 1 view .LVU285
 1008              		.loc 2 195 2 view .LVU286
 1009              		.syntax unified
 1010              	@ 195 "Middlewares/Third_Party/FreeRTOS/Source/portable/GCC/ARM_CM4F/portmacro.h" 1
 1011 006a 4FF05003 			mov r3, #80												
 1012 006e 83F31188 		msr basepri, r3											
 1013 0072 BFF36F8F 		isb														
 1014 0076 BFF34F8F 		dsb														
 1015              	
 1016              	@ 0 "" 2
 1017              		.thumb
 1018              		.syntax unified
 1019              	.L62:
 1020              	.LBE115:
 1021              	.LBE114:
 303:Middlewares/Third_Party/FreeRTOS/Source/stream_buffer.c **** 		}
 1022              		.loc 1 303 4 discriminator 3 view .LVU287
 303:Middlewares/Third_Party/FreeRTOS/Source/stream_buffer.c **** 		}
 1023              		.loc 1 303 4 discriminator 3 view .LVU288
 1024 007a FEE7     		b	.L62
 1025              	.L61:
 303:Middlewares/Third_Party/FreeRTOS/Source/stream_buffer.c **** 		}
 1026              		.loc 1 303 53 discriminator 2 view .LVU289
 1027              	.LBE113:
 307:Middlewares/Third_Party/FreeRTOS/Source/stream_buffer.c **** 		{
 1028              		.loc 1 307 3 view .LVU290
 309:Middlewares/Third_Party/FreeRTOS/Source/stream_buffer.c **** 										  pucStreamBufferStorageArea,
 1029              		.loc 1 309 4 view .LVU291
 1030 007c 0092     		str	r2, [sp]
 1031 007e 0B46     		mov	r3, r1
 1032 0080 0246     		mov	r2, r0
 1033              	.LVL69:
 309:Middlewares/Third_Party/FreeRTOS/Source/stream_buffer.c **** 										  pucStreamBufferStorageArea,
 1034              		.loc 1 309 4 is_stmt 0 view .LVU292
 1035 0082 6146     		mov	r1, ip
 1036              	.LVL70:
ARM GAS  /tmp/ccDqghRU.s 			page 47


 309:Middlewares/Third_Party/FreeRTOS/Source/stream_buffer.c **** 										  pucStreamBufferStorageArea,
 1037              		.loc 1 309 4 view .LVU293
 1038 0084 0698     		ldr	r0, [sp, #24]
 1039              	.LVL71:
 309:Middlewares/Third_Party/FreeRTOS/Source/stream_buffer.c **** 										  pucStreamBufferStorageArea,
 1040              		.loc 1 309 4 view .LVU294
 1041 0086 FFF7FEFF 		bl	prvInitialiseNewStreamBuffer
 1042              	.LVL72:
 317:Middlewares/Third_Party/FreeRTOS/Source/stream_buffer.c **** 
 1043              		.loc 1 317 4 is_stmt 1 view .LVU295
 317:Middlewares/Third_Party/FreeRTOS/Source/stream_buffer.c **** 
 1044              		.loc 1 317 18 is_stmt 0 view .LVU296
 1045 008a 069B     		ldr	r3, [sp, #24]
 1046 008c 1B7F     		ldrb	r3, [r3, #28]	@ zero_extendqisi2
 317:Middlewares/Third_Party/FreeRTOS/Source/stream_buffer.c **** 
 1047              		.loc 1 317 28 view .LVU297
 1048 008e 43F00203 		orr	r3, r3, #2
 1049 0092 069A     		ldr	r2, [sp, #24]
 1050 0094 1377     		strb	r3, [r2, #28]
 319:Middlewares/Third_Party/FreeRTOS/Source/stream_buffer.c **** 
 1051              		.loc 1 319 65 is_stmt 1 view .LVU298
 321:Middlewares/Third_Party/FreeRTOS/Source/stream_buffer.c **** 		}
 1052              		.loc 1 321 4 view .LVU299
 1053              	.LVL73:
 326:Middlewares/Third_Party/FreeRTOS/Source/stream_buffer.c **** 		}
 1054              		.loc 1 326 72 view .LVU300
 329:Middlewares/Third_Party/FreeRTOS/Source/stream_buffer.c **** 	}
 1055              		.loc 1 329 3 view .LVU301
 330:Middlewares/Third_Party/FreeRTOS/Source/stream_buffer.c **** 
 1056              		.loc 1 330 2 is_stmt 0 view .LVU302
 1057 0096 1046     		mov	r0, r2
 1058 0098 05B0     		add	sp, sp, #20
 1059              	.LCFI18:
 1060              		.cfi_def_cfa_offset 4
 1061              		@ sp needed
 1062 009a 5DF804FB 		ldr	pc, [sp], #4
 330:Middlewares/Third_Party/FreeRTOS/Source/stream_buffer.c **** 
 1063              		.loc 1 330 2 view .LVU303
 1064              		.cfi_endproc
 1065              	.LFE5:
 1067              		.section	.text.vStreamBufferDelete,"ax",%progbits
 1068              		.align	1
 1069              		.global	vStreamBufferDelete
 1070              		.syntax unified
 1071              		.thumb
 1072              		.thumb_func
 1074              	vStreamBufferDelete:
 1075              	.LVL74:
 1076              	.LFB6:
 336:Middlewares/Third_Party/FreeRTOS/Source/stream_buffer.c **** StreamBuffer_t * pxStreamBuffer = ( StreamBuffer_t * ) xStreamBuffer; /*lint !e9087 !e9079 Safe cas
 1077              		.loc 1 336 1 is_stmt 1 view -0
 1078              		.cfi_startproc
 1079              		@ args = 0, pretend = 0, frame = 0
 1080              		@ frame_needed = 0, uses_anonymous_args = 0
 336:Middlewares/Third_Party/FreeRTOS/Source/stream_buffer.c **** StreamBuffer_t * pxStreamBuffer = ( StreamBuffer_t * ) xStreamBuffer; /*lint !e9087 !e9079 Safe cas
 1081              		.loc 1 336 1 is_stmt 0 view .LVU305
 1082 0000 08B5     		push	{r3, lr}
ARM GAS  /tmp/ccDqghRU.s 			page 48


 1083              	.LCFI19:
 1084              		.cfi_def_cfa_offset 8
 1085              		.cfi_offset 3, -8
 1086              		.cfi_offset 14, -4
 337:Middlewares/Third_Party/FreeRTOS/Source/stream_buffer.c **** 
 1087              		.loc 1 337 1 is_stmt 1 view .LVU306
 1088              	.LVL75:
 339:Middlewares/Third_Party/FreeRTOS/Source/stream_buffer.c **** 
 1089              		.loc 1 339 2 view .LVU307
 1090 0002 30B1     		cbz	r0, .L74
 339:Middlewares/Third_Party/FreeRTOS/Source/stream_buffer.c **** 
 1091              		.loc 1 339 32 discriminator 2 view .LVU308
 341:Middlewares/Third_Party/FreeRTOS/Source/stream_buffer.c **** 
 1092              		.loc 1 341 44 view .LVU309
 343:Middlewares/Third_Party/FreeRTOS/Source/stream_buffer.c **** 	{
 1093              		.loc 1 343 2 view .LVU310
 343:Middlewares/Third_Party/FreeRTOS/Source/stream_buffer.c **** 	{
 1094              		.loc 1 343 22 is_stmt 0 view .LVU311
 1095 0004 027F     		ldrb	r2, [r0, #28]	@ zero_extendqisi2
 343:Middlewares/Third_Party/FreeRTOS/Source/stream_buffer.c **** 	{
 1096              		.loc 1 343 4 view .LVU312
 1097 0006 12F0020F 		tst	r2, #2
 1098 000a 0BD1     		bne	.L71
 349:Middlewares/Third_Party/FreeRTOS/Source/stream_buffer.c **** 		}
 1099              		.loc 1 349 4 is_stmt 1 view .LVU313
 1100 000c FFF7FEFF 		bl	vPortFree
 1101              	.LVL76:
 1102              	.L68:
 365:Middlewares/Third_Party/FreeRTOS/Source/stream_buffer.c **** /*-----------------------------------------------------------*/
 1103              		.loc 1 365 1 is_stmt 0 view .LVU314
 1104 0010 08BD     		pop	{r3, pc}
 1105              	.LVL77:
 1106              	.L74:
 339:Middlewares/Third_Party/FreeRTOS/Source/stream_buffer.c **** 
 1107              		.loc 1 339 2 is_stmt 1 discriminator 1 view .LVU315
 1108              	.LBB116:
 1109              	.LBI116:
 191:Middlewares/Third_Party/FreeRTOS/Source/portable/GCC/ARM_CM4F/portmacro.h **** {
 1110              		.loc 2 191 30 view .LVU316
 1111              	.LBB117:
 193:Middlewares/Third_Party/FreeRTOS/Source/portable/GCC/ARM_CM4F/portmacro.h **** 
 1112              		.loc 2 193 1 view .LVU317
 1113              		.loc 2 195 2 view .LVU318
 1114              		.syntax unified
 1115              	@ 195 "Middlewares/Third_Party/FreeRTOS/Source/portable/GCC/ARM_CM4F/portmacro.h" 1
 1116 0012 4FF05003 			mov r3, #80												
 1117 0016 83F31188 		msr basepri, r3											
 1118 001a BFF36F8F 		isb														
 1119 001e BFF34F8F 		dsb														
 1120              	
 1121              	@ 0 "" 2
 1122              		.thumb
 1123              		.syntax unified
 1124              	.L70:
 1125              	.LBE117:
 1126              	.LBE116:
 339:Middlewares/Third_Party/FreeRTOS/Source/stream_buffer.c **** 
ARM GAS  /tmp/ccDqghRU.s 			page 49


 1127              		.loc 1 339 2 discriminator 3 view .LVU319
 339:Middlewares/Third_Party/FreeRTOS/Source/stream_buffer.c **** 
 1128              		.loc 1 339 2 discriminator 3 view .LVU320
 1129 0022 FEE7     		b	.L70
 1130              	.L71:
 363:Middlewares/Third_Party/FreeRTOS/Source/stream_buffer.c **** 	}
 1131              		.loc 1 363 3 view .LVU321
 1132 0024 2422     		movs	r2, #36
 1133 0026 0021     		movs	r1, #0
 1134 0028 FFF7FEFF 		bl	memset
 1135              	.LVL78:
 365:Middlewares/Third_Party/FreeRTOS/Source/stream_buffer.c **** /*-----------------------------------------------------------*/
 1136              		.loc 1 365 1 is_stmt 0 view .LVU322
 1137 002c F0E7     		b	.L68
 1138              		.cfi_endproc
 1139              	.LFE6:
 1141              		.section	.text.xStreamBufferReset,"ax",%progbits
 1142              		.align	1
 1143              		.global	xStreamBufferReset
 1144              		.syntax unified
 1145              		.thumb
 1146              		.thumb_func
 1148              	xStreamBufferReset:
 1149              	.LVL79:
 1150              	.LFB7:
 369:Middlewares/Third_Party/FreeRTOS/Source/stream_buffer.c **** StreamBuffer_t * const pxStreamBuffer = ( StreamBuffer_t * ) xStreamBuffer; /*lint !e9087 !e9079 Sa
 1151              		.loc 1 369 1 is_stmt 1 view -0
 1152              		.cfi_startproc
 1153              		@ args = 0, pretend = 0, frame = 0
 1154              		@ frame_needed = 0, uses_anonymous_args = 0
 370:Middlewares/Third_Party/FreeRTOS/Source/stream_buffer.c **** BaseType_t xReturn = pdFAIL, xIsMessageBuffer;
 1155              		.loc 1 370 1 view .LVU324
 371:Middlewares/Third_Party/FreeRTOS/Source/stream_buffer.c **** 
 1156              		.loc 1 371 1 view .LVU325
 374:Middlewares/Third_Party/FreeRTOS/Source/stream_buffer.c **** #endif
 1157              		.loc 1 374 2 view .LVU326
 377:Middlewares/Third_Party/FreeRTOS/Source/stream_buffer.c **** 
 1158              		.loc 1 377 2 view .LVU327
 1159 0000 40B1     		cbz	r0, .L85
 369:Middlewares/Third_Party/FreeRTOS/Source/stream_buffer.c **** StreamBuffer_t * const pxStreamBuffer = ( StreamBuffer_t * ) xStreamBuffer; /*lint !e9087 !e9079 Sa
 1160              		.loc 1 369 1 is_stmt 0 view .LVU328
 1161 0002 30B5     		push	{r4, r5, lr}
 1162              	.LCFI20:
 1163              		.cfi_def_cfa_offset 12
 1164              		.cfi_offset 4, -12
 1165              		.cfi_offset 5, -8
 1166              		.cfi_offset 14, -4
 1167 0004 83B0     		sub	sp, sp, #12
 1168              	.LCFI21:
 1169              		.cfi_def_cfa_offset 24
 1170 0006 0446     		mov	r4, r0
 377:Middlewares/Third_Party/FreeRTOS/Source/stream_buffer.c **** 
 1171              		.loc 1 377 32 is_stmt 1 discriminator 2 view .LVU329
 383:Middlewares/Third_Party/FreeRTOS/Source/stream_buffer.c **** 	}
 1172              		.loc 1 383 3 view .LVU330
 383:Middlewares/Third_Party/FreeRTOS/Source/stream_buffer.c **** 	}
 1173              		.loc 1 383 24 is_stmt 0 view .LVU331
ARM GAS  /tmp/ccDqghRU.s 			page 50


 1174 0008 056A     		ldr	r5, [r0, #32]
 1175              	.LVL80:
 388:Middlewares/Third_Party/FreeRTOS/Source/stream_buffer.c **** 	{
 1176              		.loc 1 388 2 is_stmt 1 view .LVU332
 388:Middlewares/Third_Party/FreeRTOS/Source/stream_buffer.c **** 	{
 1177              		.loc 1 388 20 is_stmt 0 view .LVU333
 1178 000a 0369     		ldr	r3, [r0, #16]
 388:Middlewares/Third_Party/FreeRTOS/Source/stream_buffer.c **** 	{
 1179              		.loc 1 388 4 view .LVU334
 1180 000c 5BB1     		cbz	r3, .L86
 371:Middlewares/Third_Party/FreeRTOS/Source/stream_buffer.c **** 
 1181              		.loc 1 371 12 view .LVU335
 1182 000e 0020     		movs	r0, #0
 1183              	.LVL81:
 1184              	.L75:
 419:Middlewares/Third_Party/FreeRTOS/Source/stream_buffer.c **** /*-----------------------------------------------------------*/
 1185              		.loc 1 419 1 view .LVU336
 1186 0010 03B0     		add	sp, sp, #12
 1187              	.LCFI22:
 1188              		.cfi_def_cfa_offset 12
 1189              		@ sp needed
 1190 0012 30BD     		pop	{r4, r5, pc}
 1191              	.LVL82:
 1192              	.L85:
 1193              	.LCFI23:
 1194              		.cfi_def_cfa_offset 0
 1195              		.cfi_restore 4
 1196              		.cfi_restore 5
 1197              		.cfi_restore 14
 377:Middlewares/Third_Party/FreeRTOS/Source/stream_buffer.c **** 
 1198              		.loc 1 377 2 is_stmt 1 discriminator 1 view .LVU337
 1199              	.LBB118:
 1200              	.LBI118:
 191:Middlewares/Third_Party/FreeRTOS/Source/portable/GCC/ARM_CM4F/portmacro.h **** {
 1201              		.loc 2 191 30 view .LVU338
 1202              	.LBB119:
 193:Middlewares/Third_Party/FreeRTOS/Source/portable/GCC/ARM_CM4F/portmacro.h **** 
 1203              		.loc 2 193 1 view .LVU339
 1204              		.loc 2 195 2 view .LVU340
 1205              		.syntax unified
 1206              	@ 195 "Middlewares/Third_Party/FreeRTOS/Source/portable/GCC/ARM_CM4F/portmacro.h" 1
 1207 0014 4FF05003 			mov r3, #80												
 1208 0018 83F31188 		msr basepri, r3											
 1209 001c BFF36F8F 		isb														
 1210 0020 BFF34F8F 		dsb														
 1211              	
 1212              	@ 0 "" 2
 1213              		.thumb
 1214              		.syntax unified
 1215              	.L77:
 1216              	.LBE119:
 1217              	.LBE118:
 377:Middlewares/Third_Party/FreeRTOS/Source/stream_buffer.c **** 
 1218              		.loc 1 377 2 discriminator 3 view .LVU341
 377:Middlewares/Third_Party/FreeRTOS/Source/stream_buffer.c **** 
 1219              		.loc 1 377 2 discriminator 3 view .LVU342
 1220 0024 FEE7     		b	.L77
ARM GAS  /tmp/ccDqghRU.s 			page 51


 1221              	.LVL83:
 1222              	.L86:
 1223              	.LCFI24:
 1224              		.cfi_def_cfa_offset 24
 1225              		.cfi_offset 4, -12
 1226              		.cfi_offset 5, -8
 1227              		.cfi_offset 14, -4
 390:Middlewares/Third_Party/FreeRTOS/Source/stream_buffer.c **** 		{
 1228              		.loc 1 390 3 view .LVU343
 390:Middlewares/Third_Party/FreeRTOS/Source/stream_buffer.c **** 		{
 1229              		.loc 1 390 21 is_stmt 0 view .LVU344
 1230 0026 4369     		ldr	r3, [r0, #20]
 390:Middlewares/Third_Party/FreeRTOS/Source/stream_buffer.c **** 		{
 1231              		.loc 1 390 5 view .LVU345
 1232 0028 0BB1     		cbz	r3, .L87
 371:Middlewares/Third_Party/FreeRTOS/Source/stream_buffer.c **** 
 1233              		.loc 1 371 12 view .LVU346
 1234 002a 0020     		movs	r0, #0
 1235              	.LVL84:
 414:Middlewares/Third_Party/FreeRTOS/Source/stream_buffer.c **** 		}
 1236              		.loc 1 414 45 is_stmt 1 view .LVU347
 418:Middlewares/Third_Party/FreeRTOS/Source/stream_buffer.c **** }
 1237              		.loc 1 418 2 view .LVU348
 418:Middlewares/Third_Party/FreeRTOS/Source/stream_buffer.c **** }
 1238              		.loc 1 418 9 is_stmt 0 view .LVU349
 1239 002c F0E7     		b	.L75
 1240              	.LVL85:
 1241              	.L87:
 392:Middlewares/Third_Party/FreeRTOS/Source/stream_buffer.c **** 			{
 1242              		.loc 1 392 4 is_stmt 1 view .LVU350
 392:Middlewares/Third_Party/FreeRTOS/Source/stream_buffer.c **** 			{
 1243              		.loc 1 392 24 is_stmt 0 view .LVU351
 1244 002e 037F     		ldrb	r3, [r0, #28]	@ zero_extendqisi2
 392:Middlewares/Third_Party/FreeRTOS/Source/stream_buffer.c **** 			{
 1245              		.loc 1 392 6 view .LVU352
 1246 0030 13F0010F 		tst	r3, #1
 1247 0034 0AD0     		beq	.L82
 394:Middlewares/Third_Party/FreeRTOS/Source/stream_buffer.c **** 			}
 1248              		.loc 1 394 22 view .LVU353
 1249 0036 0123     		movs	r3, #1
 1250              	.L79:
 1251              	.LVL86:
 401:Middlewares/Third_Party/FreeRTOS/Source/stream_buffer.c **** 										  pxStreamBuffer->pucBuffer,
 1252              		.loc 1 401 4 is_stmt 1 view .LVU354
 1253 0038 0093     		str	r3, [sp]
 1254 003a E368     		ldr	r3, [r4, #12]
 1255              	.LVL87:
 401:Middlewares/Third_Party/FreeRTOS/Source/stream_buffer.c **** 										  pxStreamBuffer->pucBuffer,
 1256              		.loc 1 401 4 is_stmt 0 view .LVU355
 1257 003c A268     		ldr	r2, [r4, #8]
 1258 003e A169     		ldr	r1, [r4, #24]
 1259 0040 2046     		mov	r0, r4
 1260              	.LVL88:
 401:Middlewares/Third_Party/FreeRTOS/Source/stream_buffer.c **** 										  pxStreamBuffer->pucBuffer,
 1261              		.loc 1 401 4 view .LVU356
 1262 0042 FFF7FEFF 		bl	prvInitialiseNewStreamBuffer
 1263              	.LVL89:
ARM GAS  /tmp/ccDqghRU.s 			page 52


 406:Middlewares/Third_Party/FreeRTOS/Source/stream_buffer.c **** 
 1264              		.loc 1 406 4 is_stmt 1 view .LVU357
 410:Middlewares/Third_Party/FreeRTOS/Source/stream_buffer.c **** 			}
 1265              		.loc 1 410 5 view .LVU358
 410:Middlewares/Third_Party/FreeRTOS/Source/stream_buffer.c **** 			}
 1266              		.loc 1 410 42 is_stmt 0 view .LVU359
 1267 0046 2562     		str	r5, [r4, #32]
 406:Middlewares/Third_Party/FreeRTOS/Source/stream_buffer.c **** 
 1268              		.loc 1 406 12 view .LVU360
 1269 0048 0120     		movs	r0, #1
 1270 004a E1E7     		b	.L75
 1271              	.LVL90:
 1272              	.L82:
 398:Middlewares/Third_Party/FreeRTOS/Source/stream_buffer.c **** 			}
 1273              		.loc 1 398 22 view .LVU361
 1274 004c 0023     		movs	r3, #0
 1275 004e F3E7     		b	.L79
 1276              		.cfi_endproc
 1277              	.LFE7:
 1279              		.section	.text.xStreamBufferSetTriggerLevel,"ax",%progbits
 1280              		.align	1
 1281              		.global	xStreamBufferSetTriggerLevel
 1282              		.syntax unified
 1283              		.thumb
 1284              		.thumb_func
 1286              	xStreamBufferSetTriggerLevel:
 1287              	.LVL91:
 1288              	.LFB8:
 423:Middlewares/Third_Party/FreeRTOS/Source/stream_buffer.c **** StreamBuffer_t * const pxStreamBuffer = ( StreamBuffer_t * ) xStreamBuffer; /*lint !e9087 !e9079 Sa
 1289              		.loc 1 423 1 is_stmt 1 view -0
 1290              		.cfi_startproc
 1291              		@ args = 0, pretend = 0, frame = 0
 1292              		@ frame_needed = 0, uses_anonymous_args = 0
 1293              		@ link register save eliminated.
 424:Middlewares/Third_Party/FreeRTOS/Source/stream_buffer.c **** BaseType_t xReturn;
 1294              		.loc 1 424 1 view .LVU363
 425:Middlewares/Third_Party/FreeRTOS/Source/stream_buffer.c **** 
 1295              		.loc 1 425 1 view .LVU364
 427:Middlewares/Third_Party/FreeRTOS/Source/stream_buffer.c **** 
 1296              		.loc 1 427 2 view .LVU365
 1297 0000 0346     		mov	r3, r0
 1298 0002 38B1     		cbz	r0, .L95
 427:Middlewares/Third_Party/FreeRTOS/Source/stream_buffer.c **** 
 1299              		.loc 1 427 32 discriminator 2 view .LVU366
 430:Middlewares/Third_Party/FreeRTOS/Source/stream_buffer.c **** 	{
 1300              		.loc 1 430 2 view .LVU367
 430:Middlewares/Third_Party/FreeRTOS/Source/stream_buffer.c **** 	{
 1301              		.loc 1 430 4 is_stmt 0 view .LVU368
 1302 0004 01B9     		cbnz	r1, .L91
 432:Middlewares/Third_Party/FreeRTOS/Source/stream_buffer.c **** 	}
 1303              		.loc 1 432 17 view .LVU369
 1304 0006 0121     		movs	r1, #1
 1305              	.LVL92:
 1306              	.L91:
 437:Middlewares/Third_Party/FreeRTOS/Source/stream_buffer.c **** 	{
 1307              		.loc 1 437 2 is_stmt 1 view .LVU370
 437:Middlewares/Third_Party/FreeRTOS/Source/stream_buffer.c **** 	{
ARM GAS  /tmp/ccDqghRU.s 			page 53


 1308              		.loc 1 437 37 is_stmt 0 view .LVU371
 1309 0008 9A68     		ldr	r2, [r3, #8]
 437:Middlewares/Third_Party/FreeRTOS/Source/stream_buffer.c **** 	{
 1310              		.loc 1 437 4 view .LVU372
 1311 000a 8A42     		cmp	r2, r1
 1312 000c 0BD3     		bcc	.L94
 439:Middlewares/Third_Party/FreeRTOS/Source/stream_buffer.c **** 		xReturn = pdPASS;
 1313              		.loc 1 439 3 is_stmt 1 view .LVU373
 439:Middlewares/Third_Party/FreeRTOS/Source/stream_buffer.c **** 		xReturn = pdPASS;
 1314              		.loc 1 439 38 is_stmt 0 view .LVU374
 1315 000e D960     		str	r1, [r3, #12]
 440:Middlewares/Third_Party/FreeRTOS/Source/stream_buffer.c **** 	}
 1316              		.loc 1 440 3 is_stmt 1 view .LVU375
 1317              	.LVL93:
 440:Middlewares/Third_Party/FreeRTOS/Source/stream_buffer.c **** 	}
 1318              		.loc 1 440 11 is_stmt 0 view .LVU376
 1319 0010 0120     		movs	r0, #1
 1320              	.LVL94:
 440:Middlewares/Third_Party/FreeRTOS/Source/stream_buffer.c **** 	}
 1321              		.loc 1 440 11 view .LVU377
 1322 0012 7047     		bx	lr
 1323              	.LVL95:
 1324              	.L95:
 427:Middlewares/Third_Party/FreeRTOS/Source/stream_buffer.c **** 
 1325              		.loc 1 427 2 is_stmt 1 discriminator 1 view .LVU378
 1326              	.LBB120:
 1327              	.LBI120:
 191:Middlewares/Third_Party/FreeRTOS/Source/portable/GCC/ARM_CM4F/portmacro.h **** {
 1328              		.loc 2 191 30 view .LVU379
 1329              	.LBB121:
 193:Middlewares/Third_Party/FreeRTOS/Source/portable/GCC/ARM_CM4F/portmacro.h **** 
 1330              		.loc 2 193 1 view .LVU380
 1331              		.loc 2 195 2 view .LVU381
 1332              		.syntax unified
 1333              	@ 195 "Middlewares/Third_Party/FreeRTOS/Source/portable/GCC/ARM_CM4F/portmacro.h" 1
 1334 0014 4FF05003 			mov r3, #80												
 1335 0018 83F31188 		msr basepri, r3											
 1336 001c BFF36F8F 		isb														
 1337 0020 BFF34F8F 		dsb														
 1338              	
 1339              	@ 0 "" 2
 1340              		.thumb
 1341              		.syntax unified
 1342              	.L90:
 1343              	.LBE121:
 1344              	.LBE120:
 427:Middlewares/Third_Party/FreeRTOS/Source/stream_buffer.c **** 
 1345              		.loc 1 427 2 discriminator 3 view .LVU382
 427:Middlewares/Third_Party/FreeRTOS/Source/stream_buffer.c **** 
 1346              		.loc 1 427 2 discriminator 3 view .LVU383
 1347 0024 FEE7     		b	.L90
 1348              	.L94:
 444:Middlewares/Third_Party/FreeRTOS/Source/stream_buffer.c **** 	}
 1349              		.loc 1 444 11 is_stmt 0 view .LVU384
 1350 0026 0020     		movs	r0, #0
 1351              	.LVL96:
 447:Middlewares/Third_Party/FreeRTOS/Source/stream_buffer.c **** }
ARM GAS  /tmp/ccDqghRU.s 			page 54


 1352              		.loc 1 447 2 is_stmt 1 view .LVU385
 448:Middlewares/Third_Party/FreeRTOS/Source/stream_buffer.c **** /*-----------------------------------------------------------*/
 1353              		.loc 1 448 1 is_stmt 0 view .LVU386
 1354 0028 7047     		bx	lr
 1355              		.cfi_endproc
 1356              	.LFE8:
 1358              		.section	.text.xStreamBufferSpacesAvailable,"ax",%progbits
 1359              		.align	1
 1360              		.global	xStreamBufferSpacesAvailable
 1361              		.syntax unified
 1362              		.thumb
 1363              		.thumb_func
 1365              	xStreamBufferSpacesAvailable:
 1366              	.LVL97:
 1367              	.LFB9:
 452:Middlewares/Third_Party/FreeRTOS/Source/stream_buffer.c **** const StreamBuffer_t * const pxStreamBuffer = ( StreamBuffer_t * ) xStreamBuffer; /*lint !e9087 !e9
 1368              		.loc 1 452 1 is_stmt 1 view -0
 1369              		.cfi_startproc
 1370              		@ args = 0, pretend = 0, frame = 0
 1371              		@ frame_needed = 0, uses_anonymous_args = 0
 1372              		@ link register save eliminated.
 453:Middlewares/Third_Party/FreeRTOS/Source/stream_buffer.c **** size_t xSpace;
 1373              		.loc 1 453 1 view .LVU388
 454:Middlewares/Third_Party/FreeRTOS/Source/stream_buffer.c **** 
 1374              		.loc 1 454 1 view .LVU389
 456:Middlewares/Third_Party/FreeRTOS/Source/stream_buffer.c **** 
 1375              		.loc 1 456 2 view .LVU390
 1376 0000 0346     		mov	r3, r0
 1377 0002 48B1     		cbz	r0, .L100
 456:Middlewares/Third_Party/FreeRTOS/Source/stream_buffer.c **** 
 1378              		.loc 1 456 32 discriminator 2 view .LVU391
 458:Middlewares/Third_Party/FreeRTOS/Source/stream_buffer.c **** 	xSpace -= pxStreamBuffer->xHead;
 1379              		.loc 1 458 2 view .LVU392
 458:Middlewares/Third_Party/FreeRTOS/Source/stream_buffer.c **** 	xSpace -= pxStreamBuffer->xHead;
 1380              		.loc 1 458 25 is_stmt 0 view .LVU393
 1381 0004 8268     		ldr	r2, [r0, #8]
 458:Middlewares/Third_Party/FreeRTOS/Source/stream_buffer.c **** 	xSpace -= pxStreamBuffer->xHead;
 1382              		.loc 1 458 51 view .LVU394
 1383 0006 0068     		ldr	r0, [r0]
 1384              	.LVL98:
 458:Middlewares/Third_Party/FreeRTOS/Source/stream_buffer.c **** 	xSpace -= pxStreamBuffer->xHead;
 1385              		.loc 1 458 9 view .LVU395
 1386 0008 1044     		add	r0, r0, r2
 1387              	.LVL99:
 459:Middlewares/Third_Party/FreeRTOS/Source/stream_buffer.c **** 	xSpace -= ( size_t ) 1;
 1388              		.loc 1 459 2 is_stmt 1 view .LVU396
 459:Middlewares/Third_Party/FreeRTOS/Source/stream_buffer.c **** 	xSpace -= ( size_t ) 1;
 1389              		.loc 1 459 26 is_stmt 0 view .LVU397
 1390 000a 5B68     		ldr	r3, [r3, #4]
 1391              	.LVL100:
 459:Middlewares/Third_Party/FreeRTOS/Source/stream_buffer.c **** 	xSpace -= ( size_t ) 1;
 1392              		.loc 1 459 9 view .LVU398
 1393 000c C01A     		subs	r0, r0, r3
 1394              	.LVL101:
 460:Middlewares/Third_Party/FreeRTOS/Source/stream_buffer.c **** 
 1395              		.loc 1 460 2 is_stmt 1 view .LVU399
 460:Middlewares/Third_Party/FreeRTOS/Source/stream_buffer.c **** 
ARM GAS  /tmp/ccDqghRU.s 			page 55


 1396              		.loc 1 460 9 is_stmt 0 view .LVU400
 1397 000e 0138     		subs	r0, r0, #1
 1398              	.LVL102:
 462:Middlewares/Third_Party/FreeRTOS/Source/stream_buffer.c **** 	{
 1399              		.loc 1 462 2 is_stmt 1 view .LVU401
 462:Middlewares/Third_Party/FreeRTOS/Source/stream_buffer.c **** 	{
 1400              		.loc 1 462 4 is_stmt 0 view .LVU402
 1401 0010 8242     		cmp	r2, r0
 1402 0012 00D8     		bhi	.L96
 464:Middlewares/Third_Party/FreeRTOS/Source/stream_buffer.c **** 	}
 1403              		.loc 1 464 3 is_stmt 1 view .LVU403
 464:Middlewares/Third_Party/FreeRTOS/Source/stream_buffer.c **** 	}
 1404              		.loc 1 464 10 is_stmt 0 view .LVU404
 1405 0014 801A     		subs	r0, r0, r2
 1406              	.LVL103:
 468:Middlewares/Third_Party/FreeRTOS/Source/stream_buffer.c **** 	}
 1407              		.loc 1 468 27 is_stmt 1 view .LVU405
 471:Middlewares/Third_Party/FreeRTOS/Source/stream_buffer.c **** }
 1408              		.loc 1 471 2 view .LVU406
 1409              	.L96:
 472:Middlewares/Third_Party/FreeRTOS/Source/stream_buffer.c **** /*-----------------------------------------------------------*/
 1410              		.loc 1 472 1 is_stmt 0 view .LVU407
 1411 0016 7047     		bx	lr
 1412              	.LVL104:
 1413              	.L100:
 456:Middlewares/Third_Party/FreeRTOS/Source/stream_buffer.c **** 
 1414              		.loc 1 456 2 is_stmt 1 discriminator 1 view .LVU408
 1415              	.LBB122:
 1416              	.LBI122:
 191:Middlewares/Third_Party/FreeRTOS/Source/portable/GCC/ARM_CM4F/portmacro.h **** {
 1417              		.loc 2 191 30 view .LVU409
 1418              	.LBB123:
 193:Middlewares/Third_Party/FreeRTOS/Source/portable/GCC/ARM_CM4F/portmacro.h **** 
 1419              		.loc 2 193 1 view .LVU410
 1420              		.loc 2 195 2 view .LVU411
 1421              		.syntax unified
 1422              	@ 195 "Middlewares/Third_Party/FreeRTOS/Source/portable/GCC/ARM_CM4F/portmacro.h" 1
 1423 0018 4FF05003 			mov r3, #80												
 1424 001c 83F31188 		msr basepri, r3											
 1425 0020 BFF36F8F 		isb														
 1426 0024 BFF34F8F 		dsb														
 1427              	
 1428              	@ 0 "" 2
 1429              		.thumb
 1430              		.syntax unified
 1431              	.L98:
 1432              	.LBE123:
 1433              	.LBE122:
 456:Middlewares/Third_Party/FreeRTOS/Source/stream_buffer.c **** 
 1434              		.loc 1 456 2 discriminator 3 view .LVU412
 456:Middlewares/Third_Party/FreeRTOS/Source/stream_buffer.c **** 
 1435              		.loc 1 456 2 discriminator 3 view .LVU413
 1436 0028 FEE7     		b	.L98
 1437              		.cfi_endproc
 1438              	.LFE9:
 1440              		.section	.text.xStreamBufferBytesAvailable,"ax",%progbits
 1441              		.align	1
ARM GAS  /tmp/ccDqghRU.s 			page 56


 1442              		.global	xStreamBufferBytesAvailable
 1443              		.syntax unified
 1444              		.thumb
 1445              		.thumb_func
 1447              	xStreamBufferBytesAvailable:
 1448              	.LVL105:
 1449              	.LFB10:
 476:Middlewares/Third_Party/FreeRTOS/Source/stream_buffer.c **** const StreamBuffer_t * const pxStreamBuffer = ( StreamBuffer_t * ) xStreamBuffer; /*lint !e9087 !e9
 1450              		.loc 1 476 1 view -0
 1451              		.cfi_startproc
 1452              		@ args = 0, pretend = 0, frame = 0
 1453              		@ frame_needed = 0, uses_anonymous_args = 0
 476:Middlewares/Third_Party/FreeRTOS/Source/stream_buffer.c **** const StreamBuffer_t * const pxStreamBuffer = ( StreamBuffer_t * ) xStreamBuffer; /*lint !e9087 !e9
 1454              		.loc 1 476 1 is_stmt 0 view .LVU415
 1455 0000 08B5     		push	{r3, lr}
 1456              	.LCFI25:
 1457              		.cfi_def_cfa_offset 8
 1458              		.cfi_offset 3, -8
 1459              		.cfi_offset 14, -4
 477:Middlewares/Third_Party/FreeRTOS/Source/stream_buffer.c **** size_t xReturn;
 1460              		.loc 1 477 1 is_stmt 1 view .LVU416
 1461              	.LVL106:
 478:Middlewares/Third_Party/FreeRTOS/Source/stream_buffer.c **** 
 1462              		.loc 1 478 1 view .LVU417
 480:Middlewares/Third_Party/FreeRTOS/Source/stream_buffer.c **** 
 1463              		.loc 1 480 2 view .LVU418
 1464 0002 10B1     		cbz	r0, .L105
 480:Middlewares/Third_Party/FreeRTOS/Source/stream_buffer.c **** 
 1465              		.loc 1 480 32 discriminator 2 view .LVU419
 482:Middlewares/Third_Party/FreeRTOS/Source/stream_buffer.c **** 	return xReturn;
 1466              		.loc 1 482 2 view .LVU420
 482:Middlewares/Third_Party/FreeRTOS/Source/stream_buffer.c **** 	return xReturn;
 1467              		.loc 1 482 12 is_stmt 0 view .LVU421
 1468 0004 FFF7FEFF 		bl	prvBytesInBuffer
 1469              	.LVL107:
 483:Middlewares/Third_Party/FreeRTOS/Source/stream_buffer.c **** }
 1470              		.loc 1 483 2 is_stmt 1 view .LVU422
 484:Middlewares/Third_Party/FreeRTOS/Source/stream_buffer.c **** /*-----------------------------------------------------------*/
 1471              		.loc 1 484 1 is_stmt 0 view .LVU423
 1472 0008 08BD     		pop	{r3, pc}
 1473              	.LVL108:
 1474              	.L105:
 480:Middlewares/Third_Party/FreeRTOS/Source/stream_buffer.c **** 
 1475              		.loc 1 480 2 is_stmt 1 discriminator 1 view .LVU424
 1476              	.LBB124:
 1477              	.LBI124:
 191:Middlewares/Third_Party/FreeRTOS/Source/portable/GCC/ARM_CM4F/portmacro.h **** {
 1478              		.loc 2 191 30 view .LVU425
 1479              	.LBB125:
 193:Middlewares/Third_Party/FreeRTOS/Source/portable/GCC/ARM_CM4F/portmacro.h **** 
 1480              		.loc 2 193 1 view .LVU426
 1481              		.loc 2 195 2 view .LVU427
 1482              		.syntax unified
 1483              	@ 195 "Middlewares/Third_Party/FreeRTOS/Source/portable/GCC/ARM_CM4F/portmacro.h" 1
 1484 000a 4FF05003 			mov r3, #80												
 1485 000e 83F31188 		msr basepri, r3											
 1486 0012 BFF36F8F 		isb														
ARM GAS  /tmp/ccDqghRU.s 			page 57


 1487 0016 BFF34F8F 		dsb														
 1488              	
 1489              	@ 0 "" 2
 1490              		.thumb
 1491              		.syntax unified
 1492              	.L103:
 1493              	.LBE125:
 1494              	.LBE124:
 480:Middlewares/Third_Party/FreeRTOS/Source/stream_buffer.c **** 
 1495              		.loc 1 480 2 discriminator 3 view .LVU428
 480:Middlewares/Third_Party/FreeRTOS/Source/stream_buffer.c **** 
 1496              		.loc 1 480 2 discriminator 3 view .LVU429
 1497 001a FEE7     		b	.L103
 1498              		.cfi_endproc
 1499              	.LFE10:
 1501              		.section	.text.xStreamBufferSend,"ax",%progbits
 1502              		.align	1
 1503              		.global	xStreamBufferSend
 1504              		.syntax unified
 1505              		.thumb
 1506              		.thumb_func
 1508              	xStreamBufferSend:
 1509              	.LVL109:
 1510              	.LFB11:
 491:Middlewares/Third_Party/FreeRTOS/Source/stream_buffer.c **** StreamBuffer_t * const pxStreamBuffer = ( StreamBuffer_t * ) xStreamBuffer; /*lint !e9087 !e9079 Sa
 1511              		.loc 1 491 1 view -0
 1512              		.cfi_startproc
 1513              		@ args = 0, pretend = 0, frame = 16
 1514              		@ frame_needed = 0, uses_anonymous_args = 0
 491:Middlewares/Third_Party/FreeRTOS/Source/stream_buffer.c **** StreamBuffer_t * const pxStreamBuffer = ( StreamBuffer_t * ) xStreamBuffer; /*lint !e9087 !e9079 Sa
 1515              		.loc 1 491 1 is_stmt 0 view .LVU431
 1516 0000 2DE9F041 		push	{r4, r5, r6, r7, r8, lr}
 1517              	.LCFI26:
 1518              		.cfi_def_cfa_offset 24
 1519              		.cfi_offset 4, -24
 1520              		.cfi_offset 5, -20
 1521              		.cfi_offset 6, -16
 1522              		.cfi_offset 7, -12
 1523              		.cfi_offset 8, -8
 1524              		.cfi_offset 14, -4
 1525 0004 86B0     		sub	sp, sp, #24
 1526              	.LCFI27:
 1527              		.cfi_def_cfa_offset 48
 1528 0006 0393     		str	r3, [sp, #12]
 492:Middlewares/Third_Party/FreeRTOS/Source/stream_buffer.c **** size_t xReturn, xSpace = 0;
 1529              		.loc 1 492 1 is_stmt 1 view .LVU432
 1530              	.LVL110:
 493:Middlewares/Third_Party/FreeRTOS/Source/stream_buffer.c **** size_t xRequiredSpace = xDataLengthBytes;
 1531              		.loc 1 493 1 view .LVU433
 494:Middlewares/Third_Party/FreeRTOS/Source/stream_buffer.c **** TimeOut_t xTimeOut;
 1532              		.loc 1 494 1 view .LVU434
 495:Middlewares/Third_Party/FreeRTOS/Source/stream_buffer.c **** 
 1533              		.loc 1 495 1 view .LVU435
 497:Middlewares/Third_Party/FreeRTOS/Source/stream_buffer.c **** 	configASSERT( pxStreamBuffer );
 1534              		.loc 1 497 2 view .LVU436
 1535 0008 0029     		cmp	r1, #0
 1536 000a 31D0     		beq	.L123
ARM GAS  /tmp/ccDqghRU.s 			page 58


 1537 000c 0446     		mov	r4, r0
 1538 000e 1646     		mov	r6, r2
 1539 0010 8846     		mov	r8, r1
 497:Middlewares/Third_Party/FreeRTOS/Source/stream_buffer.c **** 	configASSERT( pxStreamBuffer );
 1540              		.loc 1 497 26 discriminator 2 view .LVU437
 498:Middlewares/Third_Party/FreeRTOS/Source/stream_buffer.c **** 
 1541              		.loc 1 498 2 view .LVU438
 1542 0012 0028     		cmp	r0, #0
 1543 0014 35D0     		beq	.L124
 498:Middlewares/Third_Party/FreeRTOS/Source/stream_buffer.c **** 
 1544              		.loc 1 498 32 discriminator 2 view .LVU439
 504:Middlewares/Third_Party/FreeRTOS/Source/stream_buffer.c **** 	{
 1545              		.loc 1 504 2 view .LVU440
 504:Middlewares/Third_Party/FreeRTOS/Source/stream_buffer.c **** 	{
 1546              		.loc 1 504 22 is_stmt 0 view .LVU441
 1547 0016 037F     		ldrb	r3, [r0, #28]	@ zero_extendqisi2
 1548              	.LVL111:
 504:Middlewares/Third_Party/FreeRTOS/Source/stream_buffer.c **** 	{
 1549              		.loc 1 504 4 view .LVU442
 1550 0018 13F0010F 		tst	r3, #1
 1551 001c 3AD0     		beq	.L121
 506:Middlewares/Third_Party/FreeRTOS/Source/stream_buffer.c **** 	}
 1552              		.loc 1 506 3 is_stmt 1 view .LVU443
 506:Middlewares/Third_Party/FreeRTOS/Source/stream_buffer.c **** 	}
 1553              		.loc 1 506 18 is_stmt 0 view .LVU444
 1554 001e 171D     		adds	r7, r2, #4
 1555              	.LVL112:
 1556              	.L111:
 510:Middlewares/Third_Party/FreeRTOS/Source/stream_buffer.c **** 	}
 1557              		.loc 1 510 27 is_stmt 1 view .LVU445
 513:Middlewares/Third_Party/FreeRTOS/Source/stream_buffer.c **** 	{
 1558              		.loc 1 513 2 view .LVU446
 513:Middlewares/Third_Party/FreeRTOS/Source/stream_buffer.c **** 	{
 1559              		.loc 1 513 19 is_stmt 0 view .LVU447
 1560 0020 039B     		ldr	r3, [sp, #12]
 513:Middlewares/Third_Party/FreeRTOS/Source/stream_buffer.c **** 	{
 1561              		.loc 1 513 4 view .LVU448
 1562 0022 002B     		cmp	r3, #0
 1563 0024 44D0     		beq	.L112
 515:Middlewares/Third_Party/FreeRTOS/Source/stream_buffer.c **** 
 1564              		.loc 1 515 3 is_stmt 1 view .LVU449
 1565 0026 04A8     		add	r0, sp, #16
 1566              	.LVL113:
 515:Middlewares/Third_Party/FreeRTOS/Source/stream_buffer.c **** 
 1567              		.loc 1 515 3 is_stmt 0 view .LVU450
 1568 0028 FFF7FEFF 		bl	vTaskSetTimeOutState
 1569              	.LVL114:
 1570              	.L116:
 517:Middlewares/Third_Party/FreeRTOS/Source/stream_buffer.c **** 		{
 1571              		.loc 1 517 3 is_stmt 1 view .LVU451
 521:Middlewares/Third_Party/FreeRTOS/Source/stream_buffer.c **** 			{
 1572              		.loc 1 521 4 view .LVU452
 1573 002c FFF7FEFF 		bl	vPortEnterCritical
 1574              	.LVL115:
 523:Middlewares/Third_Party/FreeRTOS/Source/stream_buffer.c **** 
 1575              		.loc 1 523 5 view .LVU453
 523:Middlewares/Third_Party/FreeRTOS/Source/stream_buffer.c **** 
ARM GAS  /tmp/ccDqghRU.s 			page 59


 1576              		.loc 1 523 14 is_stmt 0 view .LVU454
 1577 0030 2046     		mov	r0, r4
 1578 0032 FFF7FEFF 		bl	xStreamBufferSpacesAvailable
 1579              	.LVL116:
 1580 0036 0546     		mov	r5, r0
 1581              	.LVL117:
 525:Middlewares/Third_Party/FreeRTOS/Source/stream_buffer.c **** 				{
 1582              		.loc 1 525 5 is_stmt 1 view .LVU455
 525:Middlewares/Third_Party/FreeRTOS/Source/stream_buffer.c **** 				{
 1583              		.loc 1 525 7 is_stmt 0 view .LVU456
 1584 0038 8742     		cmp	r7, r0
 1585 003a 36D9     		bls	.L113
 528:Middlewares/Third_Party/FreeRTOS/Source/stream_buffer.c **** 
 1586              		.loc 1 528 6 is_stmt 1 view .LVU457
 528:Middlewares/Third_Party/FreeRTOS/Source/stream_buffer.c **** 
 1587              		.loc 1 528 15 is_stmt 0 view .LVU458
 1588 003c 0020     		movs	r0, #0
 1589              	.LVL118:
 528:Middlewares/Third_Party/FreeRTOS/Source/stream_buffer.c **** 
 1590              		.loc 1 528 15 view .LVU459
 1591 003e FFF7FEFF 		bl	xTaskNotifyStateClear
 1592              	.LVL119:
 531:Middlewares/Third_Party/FreeRTOS/Source/stream_buffer.c **** 					pxStreamBuffer->xTaskWaitingToSend = xTaskGetCurrentTaskHandle();
 1593              		.loc 1 531 6 is_stmt 1 view .LVU460
 1594 0042 6369     		ldr	r3, [r4, #20]
 1595 0044 43BB     		cbnz	r3, .L125
 531:Middlewares/Third_Party/FreeRTOS/Source/stream_buffer.c **** 					pxStreamBuffer->xTaskWaitingToSend = xTaskGetCurrentTaskHandle();
 1596              		.loc 1 531 64 discriminator 2 view .LVU461
 532:Middlewares/Third_Party/FreeRTOS/Source/stream_buffer.c **** 				}
 1597              		.loc 1 532 6 view .LVU462
 532:Middlewares/Third_Party/FreeRTOS/Source/stream_buffer.c **** 				}
 1598              		.loc 1 532 43 is_stmt 0 view .LVU463
 1599 0046 FFF7FEFF 		bl	xTaskGetCurrentTaskHandle
 1600              	.LVL120:
 532:Middlewares/Third_Party/FreeRTOS/Source/stream_buffer.c **** 				}
 1601              		.loc 1 532 41 discriminator 1 view .LVU464
 1602 004a 6061     		str	r0, [r4, #20]
 540:Middlewares/Third_Party/FreeRTOS/Source/stream_buffer.c **** 
 1603              		.loc 1 540 4 is_stmt 1 view .LVU465
 1604 004c FFF7FEFF 		bl	vPortExitCritical
 1605              	.LVL121:
 542:Middlewares/Third_Party/FreeRTOS/Source/stream_buffer.c **** 			( void ) xTaskNotifyWait( ( uint32_t ) 0, UINT32_MAX, NULL, xTicksToWait );
 1606              		.loc 1 542 56 view .LVU466
 543:Middlewares/Third_Party/FreeRTOS/Source/stream_buffer.c **** 			pxStreamBuffer->xTaskWaitingToSend = NULL;
 1607              		.loc 1 543 4 view .LVU467
 543:Middlewares/Third_Party/FreeRTOS/Source/stream_buffer.c **** 			pxStreamBuffer->xTaskWaitingToSend = NULL;
 1608              		.loc 1 543 13 is_stmt 0 view .LVU468
 1609 0050 039B     		ldr	r3, [sp, #12]
 1610 0052 0022     		movs	r2, #0
 1611 0054 4FF0FF31 		mov	r1, #-1
 1612 0058 1046     		mov	r0, r2
 1613 005a FFF7FEFF 		bl	xTaskNotifyWait
 1614              	.LVL122:
 544:Middlewares/Third_Party/FreeRTOS/Source/stream_buffer.c **** 
 1615              		.loc 1 544 4 is_stmt 1 view .LVU469
 544:Middlewares/Third_Party/FreeRTOS/Source/stream_buffer.c **** 
 1616              		.loc 1 544 39 is_stmt 0 view .LVU470
ARM GAS  /tmp/ccDqghRU.s 			page 60


 1617 005e 0023     		movs	r3, #0
 1618 0060 6361     		str	r3, [r4, #20]
 546:Middlewares/Third_Party/FreeRTOS/Source/stream_buffer.c **** 	}
 1619              		.loc 1 546 61 is_stmt 1 view .LVU471
 546:Middlewares/Third_Party/FreeRTOS/Source/stream_buffer.c **** 	}
 1620              		.loc 1 546 12 is_stmt 0 view .LVU472
 1621 0062 03A9     		add	r1, sp, #12
 1622 0064 04A8     		add	r0, sp, #16
 1623 0066 FFF7FEFF 		bl	xTaskCheckForTimeOut
 1624              	.LVL123:
 546:Middlewares/Third_Party/FreeRTOS/Source/stream_buffer.c **** 	}
 1625              		.loc 1 546 61 discriminator 1 view .LVU473
 1626 006a 0028     		cmp	r0, #0
 1627 006c DED0     		beq	.L116
 1628 006e 1EE0     		b	.L117
 1629              	.LVL124:
 1630              	.L123:
 497:Middlewares/Third_Party/FreeRTOS/Source/stream_buffer.c **** 	configASSERT( pxStreamBuffer );
 1631              		.loc 1 497 2 is_stmt 1 discriminator 1 view .LVU474
 1632              	.LBB126:
 1633              	.LBI126:
 191:Middlewares/Third_Party/FreeRTOS/Source/portable/GCC/ARM_CM4F/portmacro.h **** {
 1634              		.loc 2 191 30 view .LVU475
 1635              	.LBB127:
 193:Middlewares/Third_Party/FreeRTOS/Source/portable/GCC/ARM_CM4F/portmacro.h **** 
 1636              		.loc 2 193 1 view .LVU476
 1637              		.loc 2 195 2 view .LVU477
 1638              		.syntax unified
 1639              	@ 195 "Middlewares/Third_Party/FreeRTOS/Source/portable/GCC/ARM_CM4F/portmacro.h" 1
 1640 0070 4FF05003 			mov r3, #80												
 1641 0074 83F31188 		msr basepri, r3											
 1642 0078 BFF36F8F 		isb														
 1643 007c BFF34F8F 		dsb														
 1644              	
 1645              	@ 0 "" 2
 1646              	.LVL125:
 1647              		.thumb
 1648              		.syntax unified
 1649              	.L108:
 1650              		.loc 2 195 2 is_stmt 0 view .LVU478
 1651              	.LBE127:
 1652              	.LBE126:
 497:Middlewares/Third_Party/FreeRTOS/Source/stream_buffer.c **** 	configASSERT( pxStreamBuffer );
 1653              		.loc 1 497 2 is_stmt 1 discriminator 3 view .LVU479
 497:Middlewares/Third_Party/FreeRTOS/Source/stream_buffer.c **** 	configASSERT( pxStreamBuffer );
 1654              		.loc 1 497 2 discriminator 3 view .LVU480
 1655 0080 FEE7     		b	.L108
 1656              	.LVL126:
 1657              	.L124:
 498:Middlewares/Third_Party/FreeRTOS/Source/stream_buffer.c **** 
 1658              		.loc 1 498 2 discriminator 1 view .LVU481
 1659              	.LBB128:
 1660              	.LBI128:
 191:Middlewares/Third_Party/FreeRTOS/Source/portable/GCC/ARM_CM4F/portmacro.h **** {
 1661              		.loc 2 191 30 view .LVU482
 1662              	.LBB129:
 193:Middlewares/Third_Party/FreeRTOS/Source/portable/GCC/ARM_CM4F/portmacro.h **** 
ARM GAS  /tmp/ccDqghRU.s 			page 61


 1663              		.loc 2 193 1 view .LVU483
 1664              		.loc 2 195 2 view .LVU484
 1665              		.syntax unified
 1666              	@ 195 "Middlewares/Third_Party/FreeRTOS/Source/portable/GCC/ARM_CM4F/portmacro.h" 1
 1667 0082 4FF05003 			mov r3, #80												
 1668 0086 83F31188 		msr basepri, r3											
 1669 008a BFF36F8F 		isb														
 1670 008e BFF34F8F 		dsb														
 1671              	
 1672              	@ 0 "" 2
 1673              	.LVL127:
 1674              		.thumb
 1675              		.syntax unified
 1676              	.L110:
 1677              		.loc 2 195 2 is_stmt 0 view .LVU485
 1678              	.LBE129:
 1679              	.LBE128:
 498:Middlewares/Third_Party/FreeRTOS/Source/stream_buffer.c **** 
 1680              		.loc 1 498 2 is_stmt 1 discriminator 3 view .LVU486
 498:Middlewares/Third_Party/FreeRTOS/Source/stream_buffer.c **** 
 1681              		.loc 1 498 2 discriminator 3 view .LVU487
 1682 0092 FEE7     		b	.L110
 1683              	.L121:
 494:Middlewares/Third_Party/FreeRTOS/Source/stream_buffer.c **** TimeOut_t xTimeOut;
 1684              		.loc 1 494 8 is_stmt 0 view .LVU488
 1685 0094 1746     		mov	r7, r2
 1686 0096 C3E7     		b	.L111
 1687              	.LVL128:
 1688              	.L125:
 531:Middlewares/Third_Party/FreeRTOS/Source/stream_buffer.c **** 					pxStreamBuffer->xTaskWaitingToSend = xTaskGetCurrentTaskHandle();
 1689              		.loc 1 531 6 is_stmt 1 discriminator 1 view .LVU489
 1690              	.LBB130:
 1691              	.LBI130:
 191:Middlewares/Third_Party/FreeRTOS/Source/portable/GCC/ARM_CM4F/portmacro.h **** {
 1692              		.loc 2 191 30 view .LVU490
 1693              	.LBB131:
 193:Middlewares/Third_Party/FreeRTOS/Source/portable/GCC/ARM_CM4F/portmacro.h **** 
 1694              		.loc 2 193 1 view .LVU491
 1695              		.loc 2 195 2 view .LVU492
 1696              		.syntax unified
 1697              	@ 195 "Middlewares/Third_Party/FreeRTOS/Source/portable/GCC/ARM_CM4F/portmacro.h" 1
 1698 0098 4FF05003 			mov r3, #80												
 1699 009c 83F31188 		msr basepri, r3											
 1700 00a0 BFF36F8F 		isb														
 1701 00a4 BFF34F8F 		dsb														
 1702              	
 1703              	@ 0 "" 2
 1704              		.thumb
 1705              		.syntax unified
 1706              	.L115:
 1707              	.LBE131:
 1708              	.LBE130:
 531:Middlewares/Third_Party/FreeRTOS/Source/stream_buffer.c **** 					pxStreamBuffer->xTaskWaitingToSend = xTaskGetCurrentTaskHandle();
 1709              		.loc 1 531 6 discriminator 3 view .LVU493
 531:Middlewares/Third_Party/FreeRTOS/Source/stream_buffer.c **** 					pxStreamBuffer->xTaskWaitingToSend = xTaskGetCurrentTaskHandle();
 1710              		.loc 1 531 6 discriminator 3 view .LVU494
 1711 00a8 FEE7     		b	.L115
ARM GAS  /tmp/ccDqghRU.s 			page 62


 1712              	.LVL129:
 1713              	.L113:
 536:Middlewares/Third_Party/FreeRTOS/Source/stream_buffer.c **** 					break;
 1714              		.loc 1 536 6 view .LVU495
 1715 00aa FFF7FEFF 		bl	vPortExitCritical
 1716              	.LVL130:
 537:Middlewares/Third_Party/FreeRTOS/Source/stream_buffer.c **** 				}
 1717              		.loc 1 537 6 view .LVU496
 1718              	.L117:
 550:Middlewares/Third_Party/FreeRTOS/Source/stream_buffer.c **** 	}
 1719              		.loc 1 550 27 view .LVU497
 553:Middlewares/Third_Party/FreeRTOS/Source/stream_buffer.c **** 	{
 1720              		.loc 1 553 2 view .LVU498
 553:Middlewares/Third_Party/FreeRTOS/Source/stream_buffer.c **** 	{
 1721              		.loc 1 553 4 is_stmt 0 view .LVU499
 1722 00ae 1DB9     		cbnz	r5, .L118
 1723              	.LVL131:
 1724              	.L112:
 555:Middlewares/Third_Party/FreeRTOS/Source/stream_buffer.c **** 	}
 1725              		.loc 1 555 3 is_stmt 1 view .LVU500
 555:Middlewares/Third_Party/FreeRTOS/Source/stream_buffer.c **** 	}
 1726              		.loc 1 555 12 is_stmt 0 view .LVU501
 1727 00b0 2046     		mov	r0, r4
 1728 00b2 FFF7FEFF 		bl	xStreamBufferSpacesAvailable
 1729              	.LVL132:
 1730 00b6 0546     		mov	r5, r0
 1731              	.LVL133:
 1732              	.L118:
 559:Middlewares/Third_Party/FreeRTOS/Source/stream_buffer.c **** 	}
 1733              		.loc 1 559 27 is_stmt 1 view .LVU502
 562:Middlewares/Third_Party/FreeRTOS/Source/stream_buffer.c **** 
 1734              		.loc 1 562 2 view .LVU503
 562:Middlewares/Third_Party/FreeRTOS/Source/stream_buffer.c **** 
 1735              		.loc 1 562 12 is_stmt 0 view .LVU504
 1736 00b8 0097     		str	r7, [sp]
 1737 00ba 2B46     		mov	r3, r5
 1738 00bc 3246     		mov	r2, r6
 1739 00be 4146     		mov	r1, r8
 1740 00c0 2046     		mov	r0, r4
 1741 00c2 FFF7FEFF 		bl	prvWriteMessageToBuffer
 1742              	.LVL134:
 564:Middlewares/Third_Party/FreeRTOS/Source/stream_buffer.c **** 	{
 1743              		.loc 1 564 2 is_stmt 1 view .LVU505
 564:Middlewares/Third_Party/FreeRTOS/Source/stream_buffer.c **** 	{
 1744              		.loc 1 564 4 is_stmt 0 view .LVU506
 1745 00c6 0546     		mov	r5, r0
 1746              	.LVL135:
 564:Middlewares/Third_Party/FreeRTOS/Source/stream_buffer.c **** 	{
 1747              		.loc 1 564 4 view .LVU507
 1748 00c8 18B9     		cbnz	r0, .L126
 1749              	.LVL136:
 1750              	.L106:
 585:Middlewares/Third_Party/FreeRTOS/Source/stream_buffer.c **** /*-----------------------------------------------------------*/
 1751              		.loc 1 585 1 view .LVU508
 1752 00ca 2846     		mov	r0, r5
 1753 00cc 06B0     		add	sp, sp, #24
 1754              	.LCFI28:
ARM GAS  /tmp/ccDqghRU.s 			page 63


 1755              		.cfi_remember_state
 1756              		.cfi_def_cfa_offset 24
 1757              		@ sp needed
 1758 00ce BDE8F081 		pop	{r4, r5, r6, r7, r8, pc}
 1759              	.LVL137:
 1760              	.L126:
 1761              	.LCFI29:
 1762              		.cfi_restore_state
 566:Middlewares/Third_Party/FreeRTOS/Source/stream_buffer.c **** 
 1763              		.loc 1 566 52 is_stmt 1 view .LVU509
 569:Middlewares/Third_Party/FreeRTOS/Source/stream_buffer.c **** 		{
 1764              		.loc 1 569 3 view .LVU510
 569:Middlewares/Third_Party/FreeRTOS/Source/stream_buffer.c **** 		{
 1765              		.loc 1 569 7 is_stmt 0 view .LVU511
 1766 00d2 2046     		mov	r0, r4
 1767              	.LVL138:
 569:Middlewares/Third_Party/FreeRTOS/Source/stream_buffer.c **** 		{
 1768              		.loc 1 569 7 view .LVU512
 1769 00d4 FFF7FEFF 		bl	prvBytesInBuffer
 1770              	.LVL139:
 569:Middlewares/Third_Party/FreeRTOS/Source/stream_buffer.c **** 		{
 1771              		.loc 1 569 59 discriminator 1 view .LVU513
 1772 00d8 E368     		ldr	r3, [r4, #12]
 569:Middlewares/Third_Party/FreeRTOS/Source/stream_buffer.c **** 		{
 1773              		.loc 1 569 5 discriminator 1 view .LVU514
 1774 00da 9842     		cmp	r0, r3
 1775 00dc F5D3     		bcc	.L106
 571:Middlewares/Third_Party/FreeRTOS/Source/stream_buffer.c **** 		}
 1776              		.loc 1 571 4 is_stmt 1 view .LVU515
 1777 00de FFF7FEFF 		bl	vTaskSuspendAll
 1778              	.LVL140:
 571:Middlewares/Third_Party/FreeRTOS/Source/stream_buffer.c **** 		}
 1779              		.loc 1 571 4 discriminator 1 view .LVU516
 1780 00e2 2369     		ldr	r3, [r4, #16]
 1781 00e4 3BB1     		cbz	r3, .L120
 571:Middlewares/Third_Party/FreeRTOS/Source/stream_buffer.c **** 		}
 1782              		.loc 1 571 4 discriminator 1 view .LVU517
 1783 00e6 2069     		ldr	r0, [r4, #16]
 1784 00e8 0023     		movs	r3, #0
 1785 00ea 1A46     		mov	r2, r3
 1786 00ec 1946     		mov	r1, r3
 1787 00ee FFF7FEFF 		bl	xTaskGenericNotify
 1788              	.LVL141:
 571:Middlewares/Third_Party/FreeRTOS/Source/stream_buffer.c **** 		}
 1789              		.loc 1 571 4 discriminator 1 view .LVU518
 1790 00f2 0023     		movs	r3, #0
 1791 00f4 2361     		str	r3, [r4, #16]
 1792              	.L120:
 571:Middlewares/Third_Party/FreeRTOS/Source/stream_buffer.c **** 		}
 1793              		.loc 1 571 4 discriminator 3 view .LVU519
 1794 00f6 FFF7FEFF 		bl	xTaskResumeAll
 1795              	.LVL142:
 571:Middlewares/Third_Party/FreeRTOS/Source/stream_buffer.c **** 		}
 1796              		.loc 1 571 38 discriminator 1 view .LVU520
 580:Middlewares/Third_Party/FreeRTOS/Source/stream_buffer.c **** 		traceSTREAM_BUFFER_SEND_FAILED( xStreamBuffer );
 1797              		.loc 1 580 27 view .LVU521
 581:Middlewares/Third_Party/FreeRTOS/Source/stream_buffer.c **** 	}
ARM GAS  /tmp/ccDqghRU.s 			page 64


 1798              		.loc 1 581 50 view .LVU522
 584:Middlewares/Third_Party/FreeRTOS/Source/stream_buffer.c **** }
 1799              		.loc 1 584 2 view .LVU523
 584:Middlewares/Third_Party/FreeRTOS/Source/stream_buffer.c **** }
 1800              		.loc 1 584 9 is_stmt 0 view .LVU524
 1801 00fa E6E7     		b	.L106
 1802              		.cfi_endproc
 1803              	.LFE11:
 1805              		.section	.text.xStreamBufferSendFromISR,"ax",%progbits
 1806              		.align	1
 1807              		.global	xStreamBufferSendFromISR
 1808              		.syntax unified
 1809              		.thumb
 1810              		.thumb_func
 1812              	xStreamBufferSendFromISR:
 1813              	.LVL143:
 1814              	.LFB12:
 592:Middlewares/Third_Party/FreeRTOS/Source/stream_buffer.c **** StreamBuffer_t * const pxStreamBuffer = ( StreamBuffer_t * ) xStreamBuffer; /*lint !e9087 !e9079 Sa
 1815              		.loc 1 592 1 is_stmt 1 view -0
 1816              		.cfi_startproc
 1817              		@ args = 0, pretend = 0, frame = 0
 1818              		@ frame_needed = 0, uses_anonymous_args = 0
 593:Middlewares/Third_Party/FreeRTOS/Source/stream_buffer.c **** size_t xReturn, xSpace;
 1819              		.loc 1 593 1 view .LVU526
 594:Middlewares/Third_Party/FreeRTOS/Source/stream_buffer.c **** size_t xRequiredSpace = xDataLengthBytes;
 1820              		.loc 1 594 1 view .LVU527
 595:Middlewares/Third_Party/FreeRTOS/Source/stream_buffer.c **** 
 1821              		.loc 1 595 1 view .LVU528
 597:Middlewares/Third_Party/FreeRTOS/Source/stream_buffer.c **** 	configASSERT( pxStreamBuffer );
 1822              		.loc 1 597 2 view .LVU529
 1823 0000 F1B1     		cbz	r1, .L138
 592:Middlewares/Third_Party/FreeRTOS/Source/stream_buffer.c **** StreamBuffer_t * const pxStreamBuffer = ( StreamBuffer_t * ) xStreamBuffer; /*lint !e9087 !e9079 Sa
 1824              		.loc 1 592 1 is_stmt 0 view .LVU530
 1825 0002 2DE9F041 		push	{r4, r5, r6, r7, r8, lr}
 1826              	.LCFI30:
 1827              		.cfi_def_cfa_offset 24
 1828              		.cfi_offset 4, -24
 1829              		.cfi_offset 5, -20
 1830              		.cfi_offset 6, -16
 1831              		.cfi_offset 7, -12
 1832              		.cfi_offset 8, -8
 1833              		.cfi_offset 14, -4
 1834 0006 82B0     		sub	sp, sp, #8
 1835              	.LCFI31:
 1836              		.cfi_def_cfa_offset 32
 1837 0008 0446     		mov	r4, r0
 1838 000a 1546     		mov	r5, r2
 1839 000c 1E46     		mov	r6, r3
 1840 000e 0F46     		mov	r7, r1
 597:Middlewares/Third_Party/FreeRTOS/Source/stream_buffer.c **** 	configASSERT( pxStreamBuffer );
 1841              		.loc 1 597 26 is_stmt 1 discriminator 2 view .LVU531
 598:Middlewares/Third_Party/FreeRTOS/Source/stream_buffer.c **** 
 1842              		.loc 1 598 2 view .LVU532
 1843 0010 F8B1     		cbz	r0, .L139
 598:Middlewares/Third_Party/FreeRTOS/Source/stream_buffer.c **** 
 1844              		.loc 1 598 32 discriminator 2 view .LVU533
 604:Middlewares/Third_Party/FreeRTOS/Source/stream_buffer.c **** 	{
ARM GAS  /tmp/ccDqghRU.s 			page 65


 1845              		.loc 1 604 2 view .LVU534
 604:Middlewares/Third_Party/FreeRTOS/Source/stream_buffer.c **** 	{
 1846              		.loc 1 604 22 is_stmt 0 view .LVU535
 1847 0012 037F     		ldrb	r3, [r0, #28]	@ zero_extendqisi2
 1848              	.LVL144:
 604:Middlewares/Third_Party/FreeRTOS/Source/stream_buffer.c **** 	{
 1849              		.loc 1 604 4 view .LVU536
 1850 0014 13F0010F 		tst	r3, #1
 1851 0018 24D0     		beq	.L135
 606:Middlewares/Third_Party/FreeRTOS/Source/stream_buffer.c **** 	}
 1852              		.loc 1 606 3 is_stmt 1 view .LVU537
 606:Middlewares/Third_Party/FreeRTOS/Source/stream_buffer.c **** 	}
 1853              		.loc 1 606 18 is_stmt 0 view .LVU538
 1854 001a 02F10408 		add	r8, r2, #4
 1855              	.LVL145:
 1856              	.L132:
 610:Middlewares/Third_Party/FreeRTOS/Source/stream_buffer.c **** 	}
 1857              		.loc 1 610 27 is_stmt 1 view .LVU539
 613:Middlewares/Third_Party/FreeRTOS/Source/stream_buffer.c **** 	xReturn = prvWriteMessageToBuffer( pxStreamBuffer, pvTxData, xDataLengthBytes, xSpace, xRequiredSp
 1858              		.loc 1 613 2 view .LVU540
 613:Middlewares/Third_Party/FreeRTOS/Source/stream_buffer.c **** 	xReturn = prvWriteMessageToBuffer( pxStreamBuffer, pvTxData, xDataLengthBytes, xSpace, xRequiredSp
 1859              		.loc 1 613 11 is_stmt 0 view .LVU541
 1860 001e 2046     		mov	r0, r4
 1861              	.LVL146:
 613:Middlewares/Third_Party/FreeRTOS/Source/stream_buffer.c **** 	xReturn = prvWriteMessageToBuffer( pxStreamBuffer, pvTxData, xDataLengthBytes, xSpace, xRequiredSp
 1862              		.loc 1 613 11 view .LVU542
 1863 0020 FFF7FEFF 		bl	xStreamBufferSpacesAvailable
 1864              	.LVL147:
 613:Middlewares/Third_Party/FreeRTOS/Source/stream_buffer.c **** 	xReturn = prvWriteMessageToBuffer( pxStreamBuffer, pvTxData, xDataLengthBytes, xSpace, xRequiredSp
 1865              		.loc 1 613 11 view .LVU543
 1866 0024 0346     		mov	r3, r0
 1867              	.LVL148:
 614:Middlewares/Third_Party/FreeRTOS/Source/stream_buffer.c **** 
 1868              		.loc 1 614 2 is_stmt 1 view .LVU544
 614:Middlewares/Third_Party/FreeRTOS/Source/stream_buffer.c **** 
 1869              		.loc 1 614 12 is_stmt 0 view .LVU545
 1870 0026 CDF80080 		str	r8, [sp]
 1871 002a 2A46     		mov	r2, r5
 1872 002c 3946     		mov	r1, r7
 1873 002e 2046     		mov	r0, r4
 1874              	.LVL149:
 614:Middlewares/Third_Party/FreeRTOS/Source/stream_buffer.c **** 
 1875              		.loc 1 614 12 view .LVU546
 1876 0030 FFF7FEFF 		bl	prvWriteMessageToBuffer
 1877              	.LVL150:
 616:Middlewares/Third_Party/FreeRTOS/Source/stream_buffer.c **** 	{
 1878              		.loc 1 616 2 is_stmt 1 view .LVU547
 616:Middlewares/Third_Party/FreeRTOS/Source/stream_buffer.c **** 	{
 1879              		.loc 1 616 4 is_stmt 0 view .LVU548
 1880 0034 0546     		mov	r5, r0
 1881              	.LVL151:
 616:Middlewares/Third_Party/FreeRTOS/Source/stream_buffer.c **** 	{
 1882              		.loc 1 616 4 view .LVU549
 1883 0036 B8B9     		cbnz	r0, .L140
 1884              	.LVL152:
 1885              	.L127:
 636:Middlewares/Third_Party/FreeRTOS/Source/stream_buffer.c **** /*-----------------------------------------------------------*/
ARM GAS  /tmp/ccDqghRU.s 			page 66


 1886              		.loc 1 636 1 view .LVU550
 1887 0038 2846     		mov	r0, r5
 1888 003a 02B0     		add	sp, sp, #8
 1889              	.LCFI32:
 1890              		.cfi_def_cfa_offset 24
 1891              		@ sp needed
 1892 003c BDE8F081 		pop	{r4, r5, r6, r7, r8, pc}
 1893              	.LVL153:
 1894              	.L138:
 1895              	.LCFI33:
 1896              		.cfi_def_cfa_offset 0
 1897              		.cfi_restore 4
 1898              		.cfi_restore 5
 1899              		.cfi_restore 6
 1900              		.cfi_restore 7
 1901              		.cfi_restore 8
 1902              		.cfi_restore 14
 597:Middlewares/Third_Party/FreeRTOS/Source/stream_buffer.c **** 	configASSERT( pxStreamBuffer );
 1903              		.loc 1 597 2 is_stmt 1 discriminator 1 view .LVU551
 1904              	.LBB132:
 1905              	.LBI132:
 191:Middlewares/Third_Party/FreeRTOS/Source/portable/GCC/ARM_CM4F/portmacro.h **** {
 1906              		.loc 2 191 30 view .LVU552
 1907              	.LBB133:
 193:Middlewares/Third_Party/FreeRTOS/Source/portable/GCC/ARM_CM4F/portmacro.h **** 
 1908              		.loc 2 193 1 view .LVU553
 1909              		.loc 2 195 2 view .LVU554
 1910              		.syntax unified
 1911              	@ 195 "Middlewares/Third_Party/FreeRTOS/Source/portable/GCC/ARM_CM4F/portmacro.h" 1
 1912 0040 4FF05003 			mov r3, #80												
 1913 0044 83F31188 		msr basepri, r3											
 1914 0048 BFF36F8F 		isb														
 1915 004c BFF34F8F 		dsb														
 1916              	
 1917              	@ 0 "" 2
 1918              	.LVL154:
 1919              		.thumb
 1920              		.syntax unified
 1921              	.L129:
 1922              		.loc 2 195 2 is_stmt 0 view .LVU555
 1923              	.LBE133:
 1924              	.LBE132:
 597:Middlewares/Third_Party/FreeRTOS/Source/stream_buffer.c **** 	configASSERT( pxStreamBuffer );
 1925              		.loc 1 597 2 is_stmt 1 discriminator 3 view .LVU556
 597:Middlewares/Third_Party/FreeRTOS/Source/stream_buffer.c **** 	configASSERT( pxStreamBuffer );
 1926              		.loc 1 597 2 discriminator 3 view .LVU557
 1927 0050 FEE7     		b	.L129
 1928              	.LVL155:
 1929              	.L139:
 1930              	.LCFI34:
 1931              		.cfi_def_cfa_offset 32
 1932              		.cfi_offset 4, -24
 1933              		.cfi_offset 5, -20
 1934              		.cfi_offset 6, -16
 1935              		.cfi_offset 7, -12
 1936              		.cfi_offset 8, -8
 1937              		.cfi_offset 14, -4
ARM GAS  /tmp/ccDqghRU.s 			page 67


 598:Middlewares/Third_Party/FreeRTOS/Source/stream_buffer.c **** 
 1938              		.loc 1 598 2 discriminator 1 view .LVU558
 1939              	.LBB134:
 1940              	.LBI134:
 191:Middlewares/Third_Party/FreeRTOS/Source/portable/GCC/ARM_CM4F/portmacro.h **** {
 1941              		.loc 2 191 30 view .LVU559
 1942              	.LBB135:
 193:Middlewares/Third_Party/FreeRTOS/Source/portable/GCC/ARM_CM4F/portmacro.h **** 
 1943              		.loc 2 193 1 view .LVU560
 1944              		.loc 2 195 2 view .LVU561
 1945              		.syntax unified
 1946              	@ 195 "Middlewares/Third_Party/FreeRTOS/Source/portable/GCC/ARM_CM4F/portmacro.h" 1
 1947 0052 4FF05003 			mov r3, #80												
 1948 0056 83F31188 		msr basepri, r3											
 1949 005a BFF36F8F 		isb														
 1950 005e BFF34F8F 		dsb														
 1951              	
 1952              	@ 0 "" 2
 1953              	.LVL156:
 1954              		.thumb
 1955              		.syntax unified
 1956              	.L131:
 1957              		.loc 2 195 2 is_stmt 0 view .LVU562
 1958              	.LBE135:
 1959              	.LBE134:
 598:Middlewares/Third_Party/FreeRTOS/Source/stream_buffer.c **** 
 1960              		.loc 1 598 2 is_stmt 1 discriminator 3 view .LVU563
 598:Middlewares/Third_Party/FreeRTOS/Source/stream_buffer.c **** 
 1961              		.loc 1 598 2 discriminator 3 view .LVU564
 1962 0062 FEE7     		b	.L131
 1963              	.L135:
 595:Middlewares/Third_Party/FreeRTOS/Source/stream_buffer.c **** 
 1964              		.loc 1 595 8 is_stmt 0 view .LVU565
 1965 0064 9046     		mov	r8, r2
 1966 0066 DAE7     		b	.L132
 1967              	.LVL157:
 1968              	.L140:
 619:Middlewares/Third_Party/FreeRTOS/Source/stream_buffer.c **** 		{
 1969              		.loc 1 619 3 is_stmt 1 view .LVU566
 619:Middlewares/Third_Party/FreeRTOS/Source/stream_buffer.c **** 		{
 1970              		.loc 1 619 7 is_stmt 0 view .LVU567
 1971 0068 2046     		mov	r0, r4
 1972              	.LVL158:
 619:Middlewares/Third_Party/FreeRTOS/Source/stream_buffer.c **** 		{
 1973              		.loc 1 619 7 view .LVU568
 1974 006a FFF7FEFF 		bl	prvBytesInBuffer
 1975              	.LVL159:
 619:Middlewares/Third_Party/FreeRTOS/Source/stream_buffer.c **** 		{
 1976              		.loc 1 619 59 discriminator 1 view .LVU569
 1977 006e E368     		ldr	r3, [r4, #12]
 619:Middlewares/Third_Party/FreeRTOS/Source/stream_buffer.c **** 		{
 1978              		.loc 1 619 5 discriminator 1 view .LVU570
 1979 0070 9842     		cmp	r0, r3
 1980 0072 E1D3     		bcc	.L127
 1981              	.LBB136:
 621:Middlewares/Third_Party/FreeRTOS/Source/stream_buffer.c **** 		}
 1982              		.loc 1 621 4 is_stmt 1 view .LVU571
ARM GAS  /tmp/ccDqghRU.s 			page 68


 621:Middlewares/Third_Party/FreeRTOS/Source/stream_buffer.c **** 		}
 1983              		.loc 1 621 4 view .LVU572
 1984              	.LBB137:
 1985              	.LBI137:
 196:Middlewares/Third_Party/FreeRTOS/Source/portable/GCC/ARM_CM4F/portmacro.h **** 	(
 197:Middlewares/Third_Party/FreeRTOS/Source/portable/GCC/ARM_CM4F/portmacro.h **** 		"	mov %0, %1												\n"	\
 198:Middlewares/Third_Party/FreeRTOS/Source/portable/GCC/ARM_CM4F/portmacro.h **** 		"	msr basepri, %0											\n" \
 199:Middlewares/Third_Party/FreeRTOS/Source/portable/GCC/ARM_CM4F/portmacro.h **** 		"	isb														\n" \
 200:Middlewares/Third_Party/FreeRTOS/Source/portable/GCC/ARM_CM4F/portmacro.h **** 		"	dsb														\n" \
 201:Middlewares/Third_Party/FreeRTOS/Source/portable/GCC/ARM_CM4F/portmacro.h **** 		:"=r" (ulNewBASEPRI) : "i" ( configMAX_SYSCALL_INTERRUPT_PRIORITY ) : "memory"
 202:Middlewares/Third_Party/FreeRTOS/Source/portable/GCC/ARM_CM4F/portmacro.h **** 	);
 203:Middlewares/Third_Party/FreeRTOS/Source/portable/GCC/ARM_CM4F/portmacro.h **** }
 204:Middlewares/Third_Party/FreeRTOS/Source/portable/GCC/ARM_CM4F/portmacro.h **** 
 205:Middlewares/Third_Party/FreeRTOS/Source/portable/GCC/ARM_CM4F/portmacro.h **** /*-----------------------------------------------------------*/
 206:Middlewares/Third_Party/FreeRTOS/Source/portable/GCC/ARM_CM4F/portmacro.h **** 
 207:Middlewares/Third_Party/FreeRTOS/Source/portable/GCC/ARM_CM4F/portmacro.h **** portFORCE_INLINE static uint32_t ulPortRaiseBASEPRI( void )
 1986              		.loc 2 207 34 view .LVU573
 1987              	.LBB138:
 208:Middlewares/Third_Party/FreeRTOS/Source/portable/GCC/ARM_CM4F/portmacro.h **** {
 209:Middlewares/Third_Party/FreeRTOS/Source/portable/GCC/ARM_CM4F/portmacro.h **** uint32_t ulOriginalBASEPRI, ulNewBASEPRI;
 1988              		.loc 2 209 1 view .LVU574
 210:Middlewares/Third_Party/FreeRTOS/Source/portable/GCC/ARM_CM4F/portmacro.h **** 
 211:Middlewares/Third_Party/FreeRTOS/Source/portable/GCC/ARM_CM4F/portmacro.h **** 	__asm volatile
 1989              		.loc 2 211 2 view .LVU575
 1990              		.syntax unified
 1991              	@ 211 "Middlewares/Third_Party/FreeRTOS/Source/portable/GCC/ARM_CM4F/portmacro.h" 1
 1992 0074 EFF31187 			mrs r7, basepri											
 1993 0078 4FF05003 		mov r3, #80												
 1994 007c 83F31188 		msr basepri, r3											
 1995 0080 BFF36F8F 		isb														
 1996 0084 BFF34F8F 		dsb														
 1997              	
 1998              	@ 0 "" 2
 1999              	.LVL160:
 212:Middlewares/Third_Party/FreeRTOS/Source/portable/GCC/ARM_CM4F/portmacro.h **** 	(
 213:Middlewares/Third_Party/FreeRTOS/Source/portable/GCC/ARM_CM4F/portmacro.h **** 		"	mrs %0, basepri											\n" \
 214:Middlewares/Third_Party/FreeRTOS/Source/portable/GCC/ARM_CM4F/portmacro.h **** 		"	mov %1, %2												\n"	\
 215:Middlewares/Third_Party/FreeRTOS/Source/portable/GCC/ARM_CM4F/portmacro.h **** 		"	msr basepri, %1											\n" \
 216:Middlewares/Third_Party/FreeRTOS/Source/portable/GCC/ARM_CM4F/portmacro.h **** 		"	isb														\n" \
 217:Middlewares/Third_Party/FreeRTOS/Source/portable/GCC/ARM_CM4F/portmacro.h **** 		"	dsb														\n" \
 218:Middlewares/Third_Party/FreeRTOS/Source/portable/GCC/ARM_CM4F/portmacro.h **** 		:"=r" (ulOriginalBASEPRI), "=r" (ulNewBASEPRI) : "i" ( configMAX_SYSCALL_INTERRUPT_PRIORITY ) : "
 219:Middlewares/Third_Party/FreeRTOS/Source/portable/GCC/ARM_CM4F/portmacro.h **** 	);
 220:Middlewares/Third_Party/FreeRTOS/Source/portable/GCC/ARM_CM4F/portmacro.h **** 
 221:Middlewares/Third_Party/FreeRTOS/Source/portable/GCC/ARM_CM4F/portmacro.h **** 	/* This return will not be reached but is necessary to prevent compiler
 222:Middlewares/Third_Party/FreeRTOS/Source/portable/GCC/ARM_CM4F/portmacro.h **** 	warnings. */
 223:Middlewares/Third_Party/FreeRTOS/Source/portable/GCC/ARM_CM4F/portmacro.h **** 	return ulOriginalBASEPRI;
 2000              		.loc 2 223 2 view .LVU576
 2001              		.loc 2 223 2 is_stmt 0 view .LVU577
 2002              		.thumb
 2003              		.syntax unified
 2004              	.LBE138:
 2005              	.LBE137:
 621:Middlewares/Third_Party/FreeRTOS/Source/stream_buffer.c **** 		}
 2006              		.loc 1 621 4 is_stmt 1 discriminator 1 view .LVU578
 2007 0088 2369     		ldr	r3, [r4, #16]
 2008 008a 43B1     		cbz	r3, .L134
 621:Middlewares/Third_Party/FreeRTOS/Source/stream_buffer.c **** 		}
ARM GAS  /tmp/ccDqghRU.s 			page 69


 2009              		.loc 1 621 4 discriminator 1 view .LVU579
 2010 008c 2069     		ldr	r0, [r4, #16]
 2011 008e 0096     		str	r6, [sp]
 2012 0090 0023     		movs	r3, #0
 2013 0092 1A46     		mov	r2, r3
 2014 0094 1946     		mov	r1, r3
 2015 0096 FFF7FEFF 		bl	xTaskGenericNotifyFromISR
 2016              	.LVL161:
 621:Middlewares/Third_Party/FreeRTOS/Source/stream_buffer.c **** 		}
 2017              		.loc 1 621 4 discriminator 1 view .LVU580
 2018 009a 0023     		movs	r3, #0
 2019 009c 2361     		str	r3, [r4, #16]
 2020              	.L134:
 621:Middlewares/Third_Party/FreeRTOS/Source/stream_buffer.c **** 		}
 2021              		.loc 1 621 4 discriminator 3 view .LVU581
 2022              	.LBB139:
 2023              	.LBI139:
 224:Middlewares/Third_Party/FreeRTOS/Source/portable/GCC/ARM_CM4F/portmacro.h **** }
 225:Middlewares/Third_Party/FreeRTOS/Source/portable/GCC/ARM_CM4F/portmacro.h **** /*-----------------------------------------------------------*/
 226:Middlewares/Third_Party/FreeRTOS/Source/portable/GCC/ARM_CM4F/portmacro.h **** 
 227:Middlewares/Third_Party/FreeRTOS/Source/portable/GCC/ARM_CM4F/portmacro.h **** portFORCE_INLINE static void vPortSetBASEPRI( uint32_t ulNewMaskValue )
 2024              		.loc 2 227 30 view .LVU582
 2025              	.LBB140:
 228:Middlewares/Third_Party/FreeRTOS/Source/portable/GCC/ARM_CM4F/portmacro.h **** {
 229:Middlewares/Third_Party/FreeRTOS/Source/portable/GCC/ARM_CM4F/portmacro.h **** 	__asm volatile
 2026              		.loc 2 229 2 view .LVU583
 2027              		.syntax unified
 2028              	@ 229 "Middlewares/Third_Party/FreeRTOS/Source/portable/GCC/ARM_CM4F/portmacro.h" 1
 2029 009e 87F31188 			msr basepri, r7	
 2030              	@ 0 "" 2
 2031              		.thumb
 2032              		.syntax unified
 2033              	.LBE140:
 2034              	.LBE139:
 2035              	.LBE136:
 621:Middlewares/Third_Party/FreeRTOS/Source/stream_buffer.c **** 		}
 2036              		.loc 1 621 73 discriminator 1 view .LVU584
 630:Middlewares/Third_Party/FreeRTOS/Source/stream_buffer.c **** 	}
 2037              		.loc 1 630 27 view .LVU585
 633:Middlewares/Third_Party/FreeRTOS/Source/stream_buffer.c **** 
 2038              		.loc 1 633 60 view .LVU586
 635:Middlewares/Third_Party/FreeRTOS/Source/stream_buffer.c **** }
 2039              		.loc 1 635 2 view .LVU587
 635:Middlewares/Third_Party/FreeRTOS/Source/stream_buffer.c **** }
 2040              		.loc 1 635 9 is_stmt 0 view .LVU588
 2041 00a2 C9E7     		b	.L127
 2042              		.cfi_endproc
 2043              	.LFE12:
 2045              		.section	.text.xStreamBufferReceive,"ax",%progbits
 2046              		.align	1
 2047              		.global	xStreamBufferReceive
 2048              		.syntax unified
 2049              		.thumb
 2050              		.thumb_func
 2052              	xStreamBufferReceive:
 2053              	.LVL162:
 2054              	.LFB14:
ARM GAS  /tmp/ccDqghRU.s 			page 70


 695:Middlewares/Third_Party/FreeRTOS/Source/stream_buffer.c **** StreamBuffer_t * const pxStreamBuffer = ( StreamBuffer_t * ) xStreamBuffer; /*lint !e9087 !e9079 Sa
 2055              		.loc 1 695 1 is_stmt 1 view -0
 2056              		.cfi_startproc
 2057              		@ args = 0, pretend = 0, frame = 0
 2058              		@ frame_needed = 0, uses_anonymous_args = 0
 696:Middlewares/Third_Party/FreeRTOS/Source/stream_buffer.c **** size_t xReceivedLength = 0, xBytesAvailable, xBytesToStoreMessageLength;
 2059              		.loc 1 696 1 view .LVU590
 697:Middlewares/Third_Party/FreeRTOS/Source/stream_buffer.c **** 
 2060              		.loc 1 697 1 view .LVU591
 699:Middlewares/Third_Party/FreeRTOS/Source/stream_buffer.c **** 	configASSERT( pxStreamBuffer );
 2061              		.loc 1 699 2 view .LVU592
 2062 0000 29B3     		cbz	r1, .L158
 695:Middlewares/Third_Party/FreeRTOS/Source/stream_buffer.c **** StreamBuffer_t * const pxStreamBuffer = ( StreamBuffer_t * ) xStreamBuffer; /*lint !e9087 !e9079 Sa
 2063              		.loc 1 695 1 is_stmt 0 view .LVU593
 2064 0002 2DE9F043 		push	{r4, r5, r6, r7, r8, r9, lr}
 2065              	.LCFI35:
 2066              		.cfi_def_cfa_offset 28
 2067              		.cfi_offset 4, -28
 2068              		.cfi_offset 5, -24
 2069              		.cfi_offset 6, -20
 2070              		.cfi_offset 7, -16
 2071              		.cfi_offset 8, -12
 2072              		.cfi_offset 9, -8
 2073              		.cfi_offset 14, -4
 2074 0006 83B0     		sub	sp, sp, #12
 2075              	.LCFI36:
 2076              		.cfi_def_cfa_offset 40
 2077 0008 0446     		mov	r4, r0
 2078 000a 1746     		mov	r7, r2
 2079 000c 1E46     		mov	r6, r3
 2080 000e 8846     		mov	r8, r1
 699:Middlewares/Third_Party/FreeRTOS/Source/stream_buffer.c **** 	configASSERT( pxStreamBuffer );
 2081              		.loc 1 699 26 is_stmt 1 discriminator 2 view .LVU594
 700:Middlewares/Third_Party/FreeRTOS/Source/stream_buffer.c **** 
 2082              		.loc 1 700 2 view .LVU595
 2083 0010 30B3     		cbz	r0, .L159
 700:Middlewares/Third_Party/FreeRTOS/Source/stream_buffer.c **** 
 2084              		.loc 1 700 32 discriminator 2 view .LVU596
 707:Middlewares/Third_Party/FreeRTOS/Source/stream_buffer.c **** 	{
 2085              		.loc 1 707 2 view .LVU597
 707:Middlewares/Third_Party/FreeRTOS/Source/stream_buffer.c **** 	{
 2086              		.loc 1 707 22 is_stmt 0 view .LVU598
 2087 0012 037F     		ldrb	r3, [r0, #28]	@ zero_extendqisi2
 2088              	.LVL163:
 707:Middlewares/Third_Party/FreeRTOS/Source/stream_buffer.c **** 	{
 2089              		.loc 1 707 4 view .LVU599
 2090 0014 13F0010F 		tst	r3, #1
 2091 0018 2BD0     		beq	.L154
 709:Middlewares/Third_Party/FreeRTOS/Source/stream_buffer.c **** 	}
 2092              		.loc 1 709 30 view .LVU600
 2093 001a 4FF00409 		mov	r9, #4
 2094              	.L146:
 2095              	.LVL164:
 716:Middlewares/Third_Party/FreeRTOS/Source/stream_buffer.c **** 	{
 2096              		.loc 1 716 2 is_stmt 1 view .LVU601
 716:Middlewares/Third_Party/FreeRTOS/Source/stream_buffer.c **** 	{
 2097              		.loc 1 716 4 is_stmt 0 view .LVU602
ARM GAS  /tmp/ccDqghRU.s 			page 71


 2098 001e 002E     		cmp	r6, #0
 2099 0020 3FD0     		beq	.L147
 720:Middlewares/Third_Party/FreeRTOS/Source/stream_buffer.c **** 		{
 2100              		.loc 1 720 3 is_stmt 1 view .LVU603
 2101 0022 FFF7FEFF 		bl	vPortEnterCritical
 2102              	.LVL165:
 722:Middlewares/Third_Party/FreeRTOS/Source/stream_buffer.c **** 
 2103              		.loc 1 722 4 view .LVU604
 722:Middlewares/Third_Party/FreeRTOS/Source/stream_buffer.c **** 
 2104              		.loc 1 722 22 is_stmt 0 view .LVU605
 2105 0026 2046     		mov	r0, r4
 2106 0028 FFF7FEFF 		bl	prvBytesInBuffer
 2107              	.LVL166:
 2108 002c 0546     		mov	r5, r0
 2109              	.LVL167:
 729:Middlewares/Third_Party/FreeRTOS/Source/stream_buffer.c **** 			{
 2110              		.loc 1 729 4 is_stmt 1 view .LVU606
 729:Middlewares/Third_Party/FreeRTOS/Source/stream_buffer.c **** 			{
 2111              		.loc 1 729 6 is_stmt 0 view .LVU607
 2112 002e 8145     		cmp	r9, r0
 2113 0030 25D3     		bcc	.L148
 732:Middlewares/Third_Party/FreeRTOS/Source/stream_buffer.c **** 
 2114              		.loc 1 732 5 is_stmt 1 view .LVU608
 732:Middlewares/Third_Party/FreeRTOS/Source/stream_buffer.c **** 
 2115              		.loc 1 732 14 is_stmt 0 view .LVU609
 2116 0032 0020     		movs	r0, #0
 2117              	.LVL168:
 732:Middlewares/Third_Party/FreeRTOS/Source/stream_buffer.c **** 
 2118              		.loc 1 732 14 view .LVU610
 2119 0034 FFF7FEFF 		bl	xTaskNotifyStateClear
 2120              	.LVL169:
 735:Middlewares/Third_Party/FreeRTOS/Source/stream_buffer.c **** 				pxStreamBuffer->xTaskWaitingToReceive = xTaskGetCurrentTaskHandle();
 2121              		.loc 1 735 5 is_stmt 1 view .LVU611
 2122 0038 2369     		ldr	r3, [r4, #16]
 2123 003a EBB1     		cbz	r3, .L149
 735:Middlewares/Third_Party/FreeRTOS/Source/stream_buffer.c **** 				pxStreamBuffer->xTaskWaitingToReceive = xTaskGetCurrentTaskHandle();
 2124              		.loc 1 735 5 discriminator 1 view .LVU612
 2125              	.LBB141:
 2126              	.LBI141:
 191:Middlewares/Third_Party/FreeRTOS/Source/portable/GCC/ARM_CM4F/portmacro.h **** {
 2127              		.loc 2 191 30 view .LVU613
 2128              	.LBB142:
 193:Middlewares/Third_Party/FreeRTOS/Source/portable/GCC/ARM_CM4F/portmacro.h **** 
 2129              		.loc 2 193 1 view .LVU614
 195:Middlewares/Third_Party/FreeRTOS/Source/portable/GCC/ARM_CM4F/portmacro.h **** 	(
 2130              		.loc 2 195 2 view .LVU615
 2131              		.syntax unified
 2132              	@ 195 "Middlewares/Third_Party/FreeRTOS/Source/portable/GCC/ARM_CM4F/portmacro.h" 1
 2133 003c 4FF05003 			mov r3, #80												
 2134 0040 83F31188 		msr basepri, r3											
 2135 0044 BFF36F8F 		isb														
 2136 0048 BFF34F8F 		dsb														
 2137              	
 2138              	@ 0 "" 2
 2139              		.thumb
 2140              		.syntax unified
 2141              	.L150:
ARM GAS  /tmp/ccDqghRU.s 			page 72


 2142              	.LBE142:
 2143              	.LBE141:
 735:Middlewares/Third_Party/FreeRTOS/Source/stream_buffer.c **** 				pxStreamBuffer->xTaskWaitingToReceive = xTaskGetCurrentTaskHandle();
 2144              		.loc 1 735 5 discriminator 3 view .LVU616
 735:Middlewares/Third_Party/FreeRTOS/Source/stream_buffer.c **** 				pxStreamBuffer->xTaskWaitingToReceive = xTaskGetCurrentTaskHandle();
 2145              		.loc 1 735 5 discriminator 3 view .LVU617
 2146 004c FEE7     		b	.L150
 2147              	.LVL170:
 2148              	.L158:
 2149              	.LCFI37:
 2150              		.cfi_def_cfa_offset 0
 2151              		.cfi_restore 4
 2152              		.cfi_restore 5
 2153              		.cfi_restore 6
 2154              		.cfi_restore 7
 2155              		.cfi_restore 8
 2156              		.cfi_restore 9
 2157              		.cfi_restore 14
 699:Middlewares/Third_Party/FreeRTOS/Source/stream_buffer.c **** 	configASSERT( pxStreamBuffer );
 2158              		.loc 1 699 2 discriminator 1 view .LVU618
 2159              	.LBB143:
 2160              	.LBI143:
 191:Middlewares/Third_Party/FreeRTOS/Source/portable/GCC/ARM_CM4F/portmacro.h **** {
 2161              		.loc 2 191 30 view .LVU619
 2162              	.LBB144:
 193:Middlewares/Third_Party/FreeRTOS/Source/portable/GCC/ARM_CM4F/portmacro.h **** 
 2163              		.loc 2 193 1 view .LVU620
 195:Middlewares/Third_Party/FreeRTOS/Source/portable/GCC/ARM_CM4F/portmacro.h **** 	(
 2164              		.loc 2 195 2 view .LVU621
 2165              		.syntax unified
 2166              	@ 195 "Middlewares/Third_Party/FreeRTOS/Source/portable/GCC/ARM_CM4F/portmacro.h" 1
 2167 004e 4FF05003 			mov r3, #80												
 2168 0052 83F31188 		msr basepri, r3											
 2169 0056 BFF36F8F 		isb														
 2170 005a BFF34F8F 		dsb														
 2171              	
 2172              	@ 0 "" 2
 2173              	.LVL171:
 2174              		.thumb
 2175              		.syntax unified
 2176              	.L143:
 195:Middlewares/Third_Party/FreeRTOS/Source/portable/GCC/ARM_CM4F/portmacro.h **** 	(
 2177              		.loc 2 195 2 is_stmt 0 view .LVU622
 2178              	.LBE144:
 2179              	.LBE143:
 699:Middlewares/Third_Party/FreeRTOS/Source/stream_buffer.c **** 	configASSERT( pxStreamBuffer );
 2180              		.loc 1 699 2 is_stmt 1 discriminator 3 view .LVU623
 699:Middlewares/Third_Party/FreeRTOS/Source/stream_buffer.c **** 	configASSERT( pxStreamBuffer );
 2181              		.loc 1 699 2 discriminator 3 view .LVU624
 2182 005e FEE7     		b	.L143
 2183              	.LVL172:
 2184              	.L159:
 2185              	.LCFI38:
 2186              		.cfi_def_cfa_offset 40
 2187              		.cfi_offset 4, -28
 2188              		.cfi_offset 5, -24
 2189              		.cfi_offset 6, -20
ARM GAS  /tmp/ccDqghRU.s 			page 73


 2190              		.cfi_offset 7, -16
 2191              		.cfi_offset 8, -12
 2192              		.cfi_offset 9, -8
 2193              		.cfi_offset 14, -4
 700:Middlewares/Third_Party/FreeRTOS/Source/stream_buffer.c **** 
 2194              		.loc 1 700 2 discriminator 1 view .LVU625
 2195              	.LBB145:
 2196              	.LBI145:
 191:Middlewares/Third_Party/FreeRTOS/Source/portable/GCC/ARM_CM4F/portmacro.h **** {
 2197              		.loc 2 191 30 view .LVU626
 2198              	.LBB146:
 193:Middlewares/Third_Party/FreeRTOS/Source/portable/GCC/ARM_CM4F/portmacro.h **** 
 2199              		.loc 2 193 1 view .LVU627
 195:Middlewares/Third_Party/FreeRTOS/Source/portable/GCC/ARM_CM4F/portmacro.h **** 	(
 2200              		.loc 2 195 2 view .LVU628
 2201              		.syntax unified
 2202              	@ 195 "Middlewares/Third_Party/FreeRTOS/Source/portable/GCC/ARM_CM4F/portmacro.h" 1
 2203 0060 4FF05003 			mov r3, #80												
 2204 0064 83F31188 		msr basepri, r3											
 2205 0068 BFF36F8F 		isb														
 2206 006c BFF34F8F 		dsb														
 2207              	
 2208              	@ 0 "" 2
 2209              	.LVL173:
 2210              		.thumb
 2211              		.syntax unified
 2212              	.L145:
 195:Middlewares/Third_Party/FreeRTOS/Source/portable/GCC/ARM_CM4F/portmacro.h **** 	(
 2213              		.loc 2 195 2 is_stmt 0 view .LVU629
 2214              	.LBE146:
 2215              	.LBE145:
 700:Middlewares/Third_Party/FreeRTOS/Source/stream_buffer.c **** 
 2216              		.loc 1 700 2 is_stmt 1 discriminator 3 view .LVU630
 700:Middlewares/Third_Party/FreeRTOS/Source/stream_buffer.c **** 
 2217              		.loc 1 700 2 discriminator 3 view .LVU631
 2218 0070 FEE7     		b	.L145
 2219              	.L154:
 713:Middlewares/Third_Party/FreeRTOS/Source/stream_buffer.c **** 	}
 2220              		.loc 1 713 30 is_stmt 0 view .LVU632
 2221 0072 4FF00009 		mov	r9, #0
 2222 0076 D2E7     		b	.L146
 2223              	.LVL174:
 2224              	.L149:
 735:Middlewares/Third_Party/FreeRTOS/Source/stream_buffer.c **** 				pxStreamBuffer->xTaskWaitingToReceive = xTaskGetCurrentTaskHandle();
 2225              		.loc 1 735 66 is_stmt 1 discriminator 2 view .LVU633
 736:Middlewares/Third_Party/FreeRTOS/Source/stream_buffer.c **** 			}
 2226              		.loc 1 736 5 view .LVU634
 736:Middlewares/Third_Party/FreeRTOS/Source/stream_buffer.c **** 			}
 2227              		.loc 1 736 45 is_stmt 0 view .LVU635
 2228 0078 FFF7FEFF 		bl	xTaskGetCurrentTaskHandle
 2229              	.LVL175:
 736:Middlewares/Third_Party/FreeRTOS/Source/stream_buffer.c **** 			}
 2230              		.loc 1 736 43 discriminator 1 view .LVU636
 2231 007c 2061     		str	r0, [r4, #16]
 2232              	.L148:
 740:Middlewares/Third_Party/FreeRTOS/Source/stream_buffer.c **** 			}
 2233              		.loc 1 740 29 is_stmt 1 view .LVU637
ARM GAS  /tmp/ccDqghRU.s 			page 74


 743:Middlewares/Third_Party/FreeRTOS/Source/stream_buffer.c **** 
 2234              		.loc 1 743 3 view .LVU638
 2235 007e FFF7FEFF 		bl	vPortExitCritical
 2236              	.LVL176:
 745:Middlewares/Third_Party/FreeRTOS/Source/stream_buffer.c **** 		{
 2237              		.loc 1 745 3 view .LVU639
 745:Middlewares/Third_Party/FreeRTOS/Source/stream_buffer.c **** 		{
 2238              		.loc 1 745 5 is_stmt 0 view .LVU640
 2239 0082 A945     		cmp	r9, r5
 2240 0084 11D3     		bcc	.L151
 748:Middlewares/Third_Party/FreeRTOS/Source/stream_buffer.c **** 			( void ) xTaskNotifyWait( ( uint32_t ) 0, UINT32_MAX, NULL, xTicksToWait );
 2241              		.loc 1 748 59 is_stmt 1 view .LVU641
 749:Middlewares/Third_Party/FreeRTOS/Source/stream_buffer.c **** 			pxStreamBuffer->xTaskWaitingToReceive = NULL;
 2242              		.loc 1 749 4 view .LVU642
 749:Middlewares/Third_Party/FreeRTOS/Source/stream_buffer.c **** 			pxStreamBuffer->xTaskWaitingToReceive = NULL;
 2243              		.loc 1 749 13 is_stmt 0 view .LVU643
 2244 0086 3346     		mov	r3, r6
 2245 0088 0022     		movs	r2, #0
 2246 008a 4FF0FF31 		mov	r1, #-1
 2247 008e 1046     		mov	r0, r2
 2248 0090 FFF7FEFF 		bl	xTaskNotifyWait
 2249              	.LVL177:
 750:Middlewares/Third_Party/FreeRTOS/Source/stream_buffer.c **** 
 2250              		.loc 1 750 4 is_stmt 1 view .LVU644
 750:Middlewares/Third_Party/FreeRTOS/Source/stream_buffer.c **** 
 2251              		.loc 1 750 42 is_stmt 0 view .LVU645
 2252 0094 0023     		movs	r3, #0
 2253 0096 2361     		str	r3, [r4, #16]
 753:Middlewares/Third_Party/FreeRTOS/Source/stream_buffer.c **** 		}
 2254              		.loc 1 753 4 is_stmt 1 view .LVU646
 753:Middlewares/Third_Party/FreeRTOS/Source/stream_buffer.c **** 		}
 2255              		.loc 1 753 22 is_stmt 0 view .LVU647
 2256 0098 2046     		mov	r0, r4
 2257 009a FFF7FEFF 		bl	prvBytesInBuffer
 2258              	.LVL178:
 2259 009e 0546     		mov	r5, r0
 2260              	.LVL179:
 753:Middlewares/Third_Party/FreeRTOS/Source/stream_buffer.c **** 		}
 2261              		.loc 1 753 22 view .LVU648
 2262 00a0 03E0     		b	.L151
 2263              	.LVL180:
 2264              	.L147:
 762:Middlewares/Third_Party/FreeRTOS/Source/stream_buffer.c **** 	}
 2265              		.loc 1 762 3 is_stmt 1 view .LVU649
 762:Middlewares/Third_Party/FreeRTOS/Source/stream_buffer.c **** 	}
 2266              		.loc 1 762 21 is_stmt 0 view .LVU650
 2267 00a2 2046     		mov	r0, r4
 2268              	.LVL181:
 762:Middlewares/Third_Party/FreeRTOS/Source/stream_buffer.c **** 	}
 2269              		.loc 1 762 21 view .LVU651
 2270 00a4 FFF7FEFF 		bl	prvBytesInBuffer
 2271              	.LVL182:
 762:Middlewares/Third_Party/FreeRTOS/Source/stream_buffer.c **** 	}
 2272              		.loc 1 762 21 view .LVU652
 2273 00a8 0546     		mov	r5, r0
 2274              	.LVL183:
 2275              	.L151:
ARM GAS  /tmp/ccDqghRU.s 			page 75


 770:Middlewares/Third_Party/FreeRTOS/Source/stream_buffer.c **** 	{
 2276              		.loc 1 770 2 is_stmt 1 view .LVU653
 770:Middlewares/Third_Party/FreeRTOS/Source/stream_buffer.c **** 	{
 2277              		.loc 1 770 4 is_stmt 0 view .LVU654
 2278 00aa 4D45     		cmp	r5, r9
 2279 00ac 04D8     		bhi	.L160
 697:Middlewares/Third_Party/FreeRTOS/Source/stream_buffer.c **** 
 2280              		.loc 1 697 8 view .LVU655
 2281 00ae 0025     		movs	r5, #0
 2282              	.LVL184:
 787:Middlewares/Third_Party/FreeRTOS/Source/stream_buffer.c **** 		mtCOVERAGE_TEST_MARKER();
 2283              		.loc 1 787 53 is_stmt 1 view .LVU656
 788:Middlewares/Third_Party/FreeRTOS/Source/stream_buffer.c **** 	}
 2284              		.loc 1 788 27 view .LVU657
 791:Middlewares/Third_Party/FreeRTOS/Source/stream_buffer.c **** }
 2285              		.loc 1 791 2 view .LVU658
 2286              	.L141:
 792:Middlewares/Third_Party/FreeRTOS/Source/stream_buffer.c **** /*-----------------------------------------------------------*/
 2287              		.loc 1 792 1 is_stmt 0 view .LVU659
 2288 00b0 2846     		mov	r0, r5
 2289 00b2 03B0     		add	sp, sp, #12
 2290              	.LCFI39:
 2291              		.cfi_remember_state
 2292              		.cfi_def_cfa_offset 28
 2293              		@ sp needed
 2294 00b4 BDE8F083 		pop	{r4, r5, r6, r7, r8, r9, pc}
 2295              	.LVL185:
 2296              	.L160:
 2297              	.LCFI40:
 2298              		.cfi_restore_state
 772:Middlewares/Third_Party/FreeRTOS/Source/stream_buffer.c **** 
 2299              		.loc 1 772 3 is_stmt 1 view .LVU660
 772:Middlewares/Third_Party/FreeRTOS/Source/stream_buffer.c **** 
 2300              		.loc 1 772 21 is_stmt 0 view .LVU661
 2301 00b8 CDF80090 		str	r9, [sp]
 2302 00bc 2B46     		mov	r3, r5
 2303 00be 3A46     		mov	r2, r7
 2304 00c0 4146     		mov	r1, r8
 2305 00c2 2046     		mov	r0, r4
 2306 00c4 FFF7FEFF 		bl	prvReadMessageFromBuffer
 2307              	.LVL186:
 775:Middlewares/Third_Party/FreeRTOS/Source/stream_buffer.c **** 		{
 2308              		.loc 1 775 3 is_stmt 1 view .LVU662
 775:Middlewares/Third_Party/FreeRTOS/Source/stream_buffer.c **** 		{
 2309              		.loc 1 775 5 is_stmt 0 view .LVU663
 2310 00c8 0546     		mov	r5, r0
 2311              	.LVL187:
 775:Middlewares/Third_Party/FreeRTOS/Source/stream_buffer.c **** 		{
 2312              		.loc 1 775 5 view .LVU664
 2313 00ca 0028     		cmp	r0, #0
 2314 00cc F0D0     		beq	.L141
 777:Middlewares/Third_Party/FreeRTOS/Source/stream_buffer.c **** 			sbRECEIVE_COMPLETED( pxStreamBuffer );
 2315              		.loc 1 777 64 is_stmt 1 view .LVU665
 778:Middlewares/Third_Party/FreeRTOS/Source/stream_buffer.c **** 		}
 2316              		.loc 1 778 4 view .LVU666
 2317 00ce FFF7FEFF 		bl	vTaskSuspendAll
 2318              	.LVL188:
ARM GAS  /tmp/ccDqghRU.s 			page 76


 778:Middlewares/Third_Party/FreeRTOS/Source/stream_buffer.c **** 		}
 2319              		.loc 1 778 4 discriminator 1 view .LVU667
 2320 00d2 6369     		ldr	r3, [r4, #20]
 2321 00d4 3BB1     		cbz	r3, .L153
 778:Middlewares/Third_Party/FreeRTOS/Source/stream_buffer.c **** 		}
 2322              		.loc 1 778 4 discriminator 1 view .LVU668
 2323 00d6 6069     		ldr	r0, [r4, #20]
 2324 00d8 0023     		movs	r3, #0
 2325 00da 1A46     		mov	r2, r3
 2326 00dc 1946     		mov	r1, r3
 2327 00de FFF7FEFF 		bl	xTaskGenericNotify
 2328              	.LVL189:
 778:Middlewares/Third_Party/FreeRTOS/Source/stream_buffer.c **** 		}
 2329              		.loc 1 778 4 discriminator 1 view .LVU669
 2330 00e2 0023     		movs	r3, #0
 2331 00e4 6361     		str	r3, [r4, #20]
 2332              	.L153:
 778:Middlewares/Third_Party/FreeRTOS/Source/stream_buffer.c **** 		}
 2333              		.loc 1 778 4 discriminator 3 view .LVU670
 2334 00e6 FFF7FEFF 		bl	xTaskResumeAll
 2335              	.LVL190:
 778:Middlewares/Third_Party/FreeRTOS/Source/stream_buffer.c **** 		}
 2336              		.loc 1 778 41 discriminator 1 view .LVU671
 2337 00ea E1E7     		b	.L141
 2338              		.cfi_endproc
 2339              	.LFE14:
 2341              		.section	.text.xStreamBufferReceiveFromISR,"ax",%progbits
 2342              		.align	1
 2343              		.global	xStreamBufferReceiveFromISR
 2344              		.syntax unified
 2345              		.thumb
 2346              		.thumb_func
 2348              	xStreamBufferReceiveFromISR:
 2349              	.LVL191:
 2350              	.LFB15:
 799:Middlewares/Third_Party/FreeRTOS/Source/stream_buffer.c **** StreamBuffer_t * const pxStreamBuffer = ( StreamBuffer_t * ) xStreamBuffer; /*lint !e9087 !e9079 Sa
 2351              		.loc 1 799 1 view -0
 2352              		.cfi_startproc
 2353              		@ args = 0, pretend = 0, frame = 0
 2354              		@ frame_needed = 0, uses_anonymous_args = 0
 800:Middlewares/Third_Party/FreeRTOS/Source/stream_buffer.c **** size_t xReceivedLength = 0, xBytesAvailable, xBytesToStoreMessageLength;
 2355              		.loc 1 800 1 view .LVU673
 801:Middlewares/Third_Party/FreeRTOS/Source/stream_buffer.c **** 
 2356              		.loc 1 801 1 view .LVU674
 803:Middlewares/Third_Party/FreeRTOS/Source/stream_buffer.c **** 	configASSERT( pxStreamBuffer );
 2357              		.loc 1 803 2 view .LVU675
 2358 0000 B9B1     		cbz	r1, .L173
 799:Middlewares/Third_Party/FreeRTOS/Source/stream_buffer.c **** StreamBuffer_t * const pxStreamBuffer = ( StreamBuffer_t * ) xStreamBuffer; /*lint !e9087 !e9079 Sa
 2359              		.loc 1 799 1 is_stmt 0 view .LVU676
 2360 0002 2DE9F041 		push	{r4, r5, r6, r7, r8, lr}
 2361              	.LCFI41:
 2362              		.cfi_def_cfa_offset 24
 2363              		.cfi_offset 4, -24
 2364              		.cfi_offset 5, -20
 2365              		.cfi_offset 6, -16
 2366              		.cfi_offset 7, -12
 2367              		.cfi_offset 8, -8
ARM GAS  /tmp/ccDqghRU.s 			page 77


 2368              		.cfi_offset 14, -4
 2369 0006 82B0     		sub	sp, sp, #8
 2370              	.LCFI42:
 2371              		.cfi_def_cfa_offset 32
 2372 0008 0446     		mov	r4, r0
 2373 000a 1646     		mov	r6, r2
 2374 000c 1D46     		mov	r5, r3
 2375 000e 0F46     		mov	r7, r1
 803:Middlewares/Third_Party/FreeRTOS/Source/stream_buffer.c **** 	configASSERT( pxStreamBuffer );
 2376              		.loc 1 803 26 is_stmt 1 discriminator 2 view .LVU677
 804:Middlewares/Third_Party/FreeRTOS/Source/stream_buffer.c **** 
 2377              		.loc 1 804 2 view .LVU678
 2378 0010 C0B1     		cbz	r0, .L174
 804:Middlewares/Third_Party/FreeRTOS/Source/stream_buffer.c **** 
 2379              		.loc 1 804 32 discriminator 2 view .LVU679
 811:Middlewares/Third_Party/FreeRTOS/Source/stream_buffer.c **** 	{
 2380              		.loc 1 811 2 view .LVU680
 811:Middlewares/Third_Party/FreeRTOS/Source/stream_buffer.c **** 	{
 2381              		.loc 1 811 22 is_stmt 0 view .LVU681
 2382 0012 037F     		ldrb	r3, [r0, #28]	@ zero_extendqisi2
 2383              	.LVL192:
 811:Middlewares/Third_Party/FreeRTOS/Source/stream_buffer.c **** 	{
 2384              		.loc 1 811 4 view .LVU682
 2385 0014 13F0010F 		tst	r3, #1
 2386 0018 1DD0     		beq	.L169
 813:Middlewares/Third_Party/FreeRTOS/Source/stream_buffer.c **** 	}
 2387              		.loc 1 813 30 view .LVU683
 2388 001a 4FF00408 		mov	r8, #4
 2389              	.L166:
 2390              	.LVL193:
 820:Middlewares/Third_Party/FreeRTOS/Source/stream_buffer.c **** 
 2391              		.loc 1 820 2 is_stmt 1 view .LVU684
 820:Middlewares/Third_Party/FreeRTOS/Source/stream_buffer.c **** 
 2392              		.loc 1 820 20 is_stmt 0 view .LVU685
 2393 001e 2046     		mov	r0, r4
 2394              	.LVL194:
 820:Middlewares/Third_Party/FreeRTOS/Source/stream_buffer.c **** 
 2395              		.loc 1 820 20 view .LVU686
 2396 0020 FFF7FEFF 		bl	prvBytesInBuffer
 2397              	.LVL195:
 827:Middlewares/Third_Party/FreeRTOS/Source/stream_buffer.c **** 	{
 2398              		.loc 1 827 2 is_stmt 1 view .LVU687
 827:Middlewares/Third_Party/FreeRTOS/Source/stream_buffer.c **** 	{
 2399              		.loc 1 827 4 is_stmt 0 view .LVU688
 2400 0024 8045     		cmp	r8, r0
 2401 0026 19D3     		bcc	.L175
 801:Middlewares/Third_Party/FreeRTOS/Source/stream_buffer.c **** 
 2402              		.loc 1 801 8 view .LVU689
 2403 0028 0026     		movs	r6, #0
 2404              	.LVL196:
 843:Middlewares/Third_Party/FreeRTOS/Source/stream_buffer.c **** 	}
 2405              		.loc 1 843 27 is_stmt 1 view .LVU690
 846:Middlewares/Third_Party/FreeRTOS/Source/stream_buffer.c **** 
 2406              		.loc 1 846 71 view .LVU691
 848:Middlewares/Third_Party/FreeRTOS/Source/stream_buffer.c **** }
 2407              		.loc 1 848 2 view .LVU692
 2408              	.L161:
ARM GAS  /tmp/ccDqghRU.s 			page 78


 849:Middlewares/Third_Party/FreeRTOS/Source/stream_buffer.c **** /*-----------------------------------------------------------*/
 2409              		.loc 1 849 1 is_stmt 0 view .LVU693
 2410 002a 3046     		mov	r0, r6
 2411 002c 02B0     		add	sp, sp, #8
 2412              	.LCFI43:
 2413              		.cfi_def_cfa_offset 24
 2414              		@ sp needed
 2415 002e BDE8F081 		pop	{r4, r5, r6, r7, r8, pc}
 2416              	.LVL197:
 2417              	.L173:
 2418              	.LCFI44:
 2419              		.cfi_def_cfa_offset 0
 2420              		.cfi_restore 4
 2421              		.cfi_restore 5
 2422              		.cfi_restore 6
 2423              		.cfi_restore 7
 2424              		.cfi_restore 8
 2425              		.cfi_restore 14
 803:Middlewares/Third_Party/FreeRTOS/Source/stream_buffer.c **** 	configASSERT( pxStreamBuffer );
 2426              		.loc 1 803 2 is_stmt 1 discriminator 1 view .LVU694
 2427              	.LBB147:
 2428              	.LBI147:
 191:Middlewares/Third_Party/FreeRTOS/Source/portable/GCC/ARM_CM4F/portmacro.h **** {
 2429              		.loc 2 191 30 view .LVU695
 2430              	.LBB148:
 193:Middlewares/Third_Party/FreeRTOS/Source/portable/GCC/ARM_CM4F/portmacro.h **** 
 2431              		.loc 2 193 1 view .LVU696
 195:Middlewares/Third_Party/FreeRTOS/Source/portable/GCC/ARM_CM4F/portmacro.h **** 	(
 2432              		.loc 2 195 2 view .LVU697
 2433              		.syntax unified
 2434              	@ 195 "Middlewares/Third_Party/FreeRTOS/Source/portable/GCC/ARM_CM4F/portmacro.h" 1
 2435 0032 4FF05003 			mov r3, #80												
 2436 0036 83F31188 		msr basepri, r3											
 2437 003a BFF36F8F 		isb														
 2438 003e BFF34F8F 		dsb														
 2439              	
 2440              	@ 0 "" 2
 2441              	.LVL198:
 2442              		.thumb
 2443              		.syntax unified
 2444              	.L163:
 195:Middlewares/Third_Party/FreeRTOS/Source/portable/GCC/ARM_CM4F/portmacro.h **** 	(
 2445              		.loc 2 195 2 is_stmt 0 view .LVU698
 2446              	.LBE148:
 2447              	.LBE147:
 803:Middlewares/Third_Party/FreeRTOS/Source/stream_buffer.c **** 	configASSERT( pxStreamBuffer );
 2448              		.loc 1 803 2 is_stmt 1 discriminator 3 view .LVU699
 803:Middlewares/Third_Party/FreeRTOS/Source/stream_buffer.c **** 	configASSERT( pxStreamBuffer );
 2449              		.loc 1 803 2 discriminator 3 view .LVU700
 2450 0042 FEE7     		b	.L163
 2451              	.LVL199:
 2452              	.L174:
 2453              	.LCFI45:
 2454              		.cfi_def_cfa_offset 32
 2455              		.cfi_offset 4, -24
 2456              		.cfi_offset 5, -20
 2457              		.cfi_offset 6, -16
ARM GAS  /tmp/ccDqghRU.s 			page 79


 2458              		.cfi_offset 7, -12
 2459              		.cfi_offset 8, -8
 2460              		.cfi_offset 14, -4
 804:Middlewares/Third_Party/FreeRTOS/Source/stream_buffer.c **** 
 2461              		.loc 1 804 2 discriminator 1 view .LVU701
 2462              	.LBB149:
 2463              	.LBI149:
 191:Middlewares/Third_Party/FreeRTOS/Source/portable/GCC/ARM_CM4F/portmacro.h **** {
 2464              		.loc 2 191 30 view .LVU702
 2465              	.LBB150:
 193:Middlewares/Third_Party/FreeRTOS/Source/portable/GCC/ARM_CM4F/portmacro.h **** 
 2466              		.loc 2 193 1 view .LVU703
 195:Middlewares/Third_Party/FreeRTOS/Source/portable/GCC/ARM_CM4F/portmacro.h **** 	(
 2467              		.loc 2 195 2 view .LVU704
 2468              		.syntax unified
 2469              	@ 195 "Middlewares/Third_Party/FreeRTOS/Source/portable/GCC/ARM_CM4F/portmacro.h" 1
 2470 0044 4FF05003 			mov r3, #80												
 2471 0048 83F31188 		msr basepri, r3											
 2472 004c BFF36F8F 		isb														
 2473 0050 BFF34F8F 		dsb														
 2474              	
 2475              	@ 0 "" 2
 2476              	.LVL200:
 2477              		.thumb
 2478              		.syntax unified
 2479              	.L165:
 195:Middlewares/Third_Party/FreeRTOS/Source/portable/GCC/ARM_CM4F/portmacro.h **** 	(
 2480              		.loc 2 195 2 is_stmt 0 view .LVU705
 2481              	.LBE150:
 2482              	.LBE149:
 804:Middlewares/Third_Party/FreeRTOS/Source/stream_buffer.c **** 
 2483              		.loc 1 804 2 is_stmt 1 discriminator 3 view .LVU706
 804:Middlewares/Third_Party/FreeRTOS/Source/stream_buffer.c **** 
 2484              		.loc 1 804 2 discriminator 3 view .LVU707
 2485 0054 FEE7     		b	.L165
 2486              	.L169:
 817:Middlewares/Third_Party/FreeRTOS/Source/stream_buffer.c **** 	}
 2487              		.loc 1 817 30 is_stmt 0 view .LVU708
 2488 0056 4FF00008 		mov	r8, #0
 2489 005a E0E7     		b	.L166
 2490              	.LVL201:
 2491              	.L175:
 829:Middlewares/Third_Party/FreeRTOS/Source/stream_buffer.c **** 
 2492              		.loc 1 829 3 is_stmt 1 view .LVU709
 829:Middlewares/Third_Party/FreeRTOS/Source/stream_buffer.c **** 
 2493              		.loc 1 829 21 is_stmt 0 view .LVU710
 2494 005c CDF80080 		str	r8, [sp]
 2495 0060 0346     		mov	r3, r0
 2496 0062 3246     		mov	r2, r6
 2497 0064 3946     		mov	r1, r7
 2498 0066 2046     		mov	r0, r4
 2499              	.LVL202:
 829:Middlewares/Third_Party/FreeRTOS/Source/stream_buffer.c **** 
 2500              		.loc 1 829 21 view .LVU711
 2501 0068 FFF7FEFF 		bl	prvReadMessageFromBuffer
 2502              	.LVL203:
 832:Middlewares/Third_Party/FreeRTOS/Source/stream_buffer.c **** 		{
ARM GAS  /tmp/ccDqghRU.s 			page 80


 2503              		.loc 1 832 3 is_stmt 1 view .LVU712
 832:Middlewares/Third_Party/FreeRTOS/Source/stream_buffer.c **** 		{
 2504              		.loc 1 832 5 is_stmt 0 view .LVU713
 2505 006c 0646     		mov	r6, r0
 2506              	.LVL204:
 832:Middlewares/Third_Party/FreeRTOS/Source/stream_buffer.c **** 		{
 2507              		.loc 1 832 5 view .LVU714
 2508 006e 0028     		cmp	r0, #0
 2509 0070 DBD0     		beq	.L161
 2510              	.LBB151:
 834:Middlewares/Third_Party/FreeRTOS/Source/stream_buffer.c **** 		}
 2511              		.loc 1 834 4 is_stmt 1 view .LVU715
 834:Middlewares/Third_Party/FreeRTOS/Source/stream_buffer.c **** 		}
 2512              		.loc 1 834 4 view .LVU716
 2513              	.LBB152:
 2514              	.LBI152:
 207:Middlewares/Third_Party/FreeRTOS/Source/portable/GCC/ARM_CM4F/portmacro.h **** {
 2515              		.loc 2 207 34 view .LVU717
 2516              	.LBB153:
 209:Middlewares/Third_Party/FreeRTOS/Source/portable/GCC/ARM_CM4F/portmacro.h **** 
 2517              		.loc 2 209 1 view .LVU718
 211:Middlewares/Third_Party/FreeRTOS/Source/portable/GCC/ARM_CM4F/portmacro.h **** 	(
 2518              		.loc 2 211 2 view .LVU719
 2519              		.syntax unified
 2520              	@ 211 "Middlewares/Third_Party/FreeRTOS/Source/portable/GCC/ARM_CM4F/portmacro.h" 1
 2521 0072 EFF31187 			mrs r7, basepri											
 2522 0076 4FF05003 		mov r3, #80												
 2523 007a 83F31188 		msr basepri, r3											
 2524 007e BFF36F8F 		isb														
 2525 0082 BFF34F8F 		dsb														
 2526              	
 2527              	@ 0 "" 2
 2528              	.LVL205:
 223:Middlewares/Third_Party/FreeRTOS/Source/portable/GCC/ARM_CM4F/portmacro.h **** }
 2529              		.loc 2 223 2 view .LVU720
 223:Middlewares/Third_Party/FreeRTOS/Source/portable/GCC/ARM_CM4F/portmacro.h **** }
 2530              		.loc 2 223 2 is_stmt 0 view .LVU721
 2531              		.thumb
 2532              		.syntax unified
 2533              	.LBE153:
 2534              	.LBE152:
 834:Middlewares/Third_Party/FreeRTOS/Source/stream_buffer.c **** 		}
 2535              		.loc 1 834 4 is_stmt 1 discriminator 1 view .LVU722
 2536 0086 6369     		ldr	r3, [r4, #20]
 2537 0088 43B1     		cbz	r3, .L168
 834:Middlewares/Third_Party/FreeRTOS/Source/stream_buffer.c **** 		}
 2538              		.loc 1 834 4 discriminator 1 view .LVU723
 2539 008a 6069     		ldr	r0, [r4, #20]
 2540              	.LVL206:
 834:Middlewares/Third_Party/FreeRTOS/Source/stream_buffer.c **** 		}
 2541              		.loc 1 834 4 is_stmt 0 discriminator 1 view .LVU724
 2542 008c 0095     		str	r5, [sp]
 2543 008e 0023     		movs	r3, #0
 2544 0090 1A46     		mov	r2, r3
 2545 0092 1946     		mov	r1, r3
 2546 0094 FFF7FEFF 		bl	xTaskGenericNotifyFromISR
 2547              	.LVL207:
ARM GAS  /tmp/ccDqghRU.s 			page 81


 834:Middlewares/Third_Party/FreeRTOS/Source/stream_buffer.c **** 		}
 2548              		.loc 1 834 4 is_stmt 1 discriminator 1 view .LVU725
 2549 0098 0023     		movs	r3, #0
 2550 009a 6361     		str	r3, [r4, #20]
 2551              	.L168:
 834:Middlewares/Third_Party/FreeRTOS/Source/stream_buffer.c **** 		}
 2552              		.loc 1 834 4 discriminator 3 view .LVU726
 2553              	.LBB154:
 2554              	.LBI154:
 227:Middlewares/Third_Party/FreeRTOS/Source/portable/GCC/ARM_CM4F/portmacro.h **** {
 2555              		.loc 2 227 30 view .LVU727
 2556              	.LBB155:
 2557              		.loc 2 229 2 view .LVU728
 2558              		.syntax unified
 2559              	@ 229 "Middlewares/Third_Party/FreeRTOS/Source/portable/GCC/ARM_CM4F/portmacro.h" 1
 2560 009c 87F31188 			msr basepri, r7	
 2561              	@ 0 "" 2
 2562              		.thumb
 2563              		.syntax unified
 2564              	.LBE155:
 2565              	.LBE154:
 2566              	.LBE151:
 834:Middlewares/Third_Party/FreeRTOS/Source/stream_buffer.c **** 		}
 2567              		.loc 1 834 77 discriminator 1 view .LVU729
 2568              	.LBB158:
 2569              	.LBB157:
 2570              	.LBB156:
 230:Middlewares/Third_Party/FreeRTOS/Source/portable/GCC/ARM_CM4F/portmacro.h **** 	(
 231:Middlewares/Third_Party/FreeRTOS/Source/portable/GCC/ARM_CM4F/portmacro.h **** 		"	msr basepri, %0	" :: "r" ( ulNewMaskValue ) : "memory"
 232:Middlewares/Third_Party/FreeRTOS/Source/portable/GCC/ARM_CM4F/portmacro.h **** 	);
 233:Middlewares/Third_Party/FreeRTOS/Source/portable/GCC/ARM_CM4F/portmacro.h **** }
 2571              		.loc 2 233 1 is_stmt 0 view .LVU730
 2572 00a0 C3E7     		b	.L161
 2573              	.LBE156:
 2574              	.LBE157:
 2575              	.LBE158:
 2576              		.cfi_endproc
 2577              	.LFE15:
 2579              		.section	.text.xStreamBufferIsEmpty,"ax",%progbits
 2580              		.align	1
 2581              		.global	xStreamBufferIsEmpty
 2582              		.syntax unified
 2583              		.thumb
 2584              		.thumb_func
 2586              	xStreamBufferIsEmpty:
 2587              	.LVL208:
 2588              	.LFB17:
 903:Middlewares/Third_Party/FreeRTOS/Source/stream_buffer.c **** const StreamBuffer_t * const pxStreamBuffer = ( StreamBuffer_t * ) xStreamBuffer; /*lint !e9087 !e9
 2589              		.loc 1 903 1 is_stmt 1 view -0
 2590              		.cfi_startproc
 2591              		@ args = 0, pretend = 0, frame = 0
 2592              		@ frame_needed = 0, uses_anonymous_args = 0
 2593              		@ link register save eliminated.
 904:Middlewares/Third_Party/FreeRTOS/Source/stream_buffer.c **** BaseType_t xReturn;
 2594              		.loc 1 904 1 view .LVU732
 905:Middlewares/Third_Party/FreeRTOS/Source/stream_buffer.c **** size_t xTail;
 2595              		.loc 1 905 1 view .LVU733
ARM GAS  /tmp/ccDqghRU.s 			page 82


 906:Middlewares/Third_Party/FreeRTOS/Source/stream_buffer.c **** 
 2596              		.loc 1 906 1 view .LVU734
 908:Middlewares/Third_Party/FreeRTOS/Source/stream_buffer.c **** 
 2597              		.loc 1 908 2 view .LVU735
 2598 0000 28B1     		cbz	r0, .L181
 908:Middlewares/Third_Party/FreeRTOS/Source/stream_buffer.c **** 
 2599              		.loc 1 908 32 discriminator 2 view .LVU736
 911:Middlewares/Third_Party/FreeRTOS/Source/stream_buffer.c **** 	if( pxStreamBuffer->xHead == xTail )
 2600              		.loc 1 911 2 view .LVU737
 911:Middlewares/Third_Party/FreeRTOS/Source/stream_buffer.c **** 	if( pxStreamBuffer->xHead == xTail )
 2601              		.loc 1 911 8 is_stmt 0 view .LVU738
 2602 0002 0268     		ldr	r2, [r0]
 2603              	.LVL209:
 912:Middlewares/Third_Party/FreeRTOS/Source/stream_buffer.c **** 	{
 2604              		.loc 1 912 2 is_stmt 1 view .LVU739
 912:Middlewares/Third_Party/FreeRTOS/Source/stream_buffer.c **** 	{
 2605              		.loc 1 912 20 is_stmt 0 view .LVU740
 2606 0004 4368     		ldr	r3, [r0, #4]
 912:Middlewares/Third_Party/FreeRTOS/Source/stream_buffer.c **** 	{
 2607              		.loc 1 912 4 view .LVU741
 2608 0006 9342     		cmp	r3, r2
 2609 0008 0AD0     		beq	.L182
 918:Middlewares/Third_Party/FreeRTOS/Source/stream_buffer.c **** 	}
 2610              		.loc 1 918 11 view .LVU742
 2611 000a 0020     		movs	r0, #0
 2612              	.LVL210:
 921:Middlewares/Third_Party/FreeRTOS/Source/stream_buffer.c **** }
 2613              		.loc 1 921 2 is_stmt 1 view .LVU743
 922:Middlewares/Third_Party/FreeRTOS/Source/stream_buffer.c **** /*-----------------------------------------------------------*/
 2614              		.loc 1 922 1 is_stmt 0 view .LVU744
 2615 000c 7047     		bx	lr
 2616              	.LVL211:
 2617              	.L181:
 908:Middlewares/Third_Party/FreeRTOS/Source/stream_buffer.c **** 
 2618              		.loc 1 908 2 is_stmt 1 discriminator 1 view .LVU745
 2619              	.LBB159:
 2620              	.LBI159:
 191:Middlewares/Third_Party/FreeRTOS/Source/portable/GCC/ARM_CM4F/portmacro.h **** {
 2621              		.loc 2 191 30 view .LVU746
 2622              	.LBB160:
 193:Middlewares/Third_Party/FreeRTOS/Source/portable/GCC/ARM_CM4F/portmacro.h **** 
 2623              		.loc 2 193 1 view .LVU747
 195:Middlewares/Third_Party/FreeRTOS/Source/portable/GCC/ARM_CM4F/portmacro.h **** 	(
 2624              		.loc 2 195 2 view .LVU748
 2625              		.syntax unified
 2626              	@ 195 "Middlewares/Third_Party/FreeRTOS/Source/portable/GCC/ARM_CM4F/portmacro.h" 1
 2627 000e 4FF05003 			mov r3, #80												
 2628 0012 83F31188 		msr basepri, r3											
 2629 0016 BFF36F8F 		isb														
 2630 001a BFF34F8F 		dsb														
 2631              	
 2632              	@ 0 "" 2
 2633              		.thumb
 2634              		.syntax unified
 2635              	.L178:
 2636              	.LBE160:
 2637              	.LBE159:
ARM GAS  /tmp/ccDqghRU.s 			page 83


 908:Middlewares/Third_Party/FreeRTOS/Source/stream_buffer.c **** 
 2638              		.loc 1 908 2 discriminator 3 view .LVU749
 908:Middlewares/Third_Party/FreeRTOS/Source/stream_buffer.c **** 
 2639              		.loc 1 908 2 discriminator 3 view .LVU750
 2640 001e FEE7     		b	.L178
 2641              	.LVL212:
 2642              	.L182:
 914:Middlewares/Third_Party/FreeRTOS/Source/stream_buffer.c **** 	}
 2643              		.loc 1 914 11 is_stmt 0 view .LVU751
 2644 0020 0120     		movs	r0, #1
 2645              	.LVL213:
 914:Middlewares/Third_Party/FreeRTOS/Source/stream_buffer.c **** 	}
 2646              		.loc 1 914 11 view .LVU752
 2647 0022 7047     		bx	lr
 2648              		.cfi_endproc
 2649              	.LFE17:
 2651              		.section	.text.xStreamBufferIsFull,"ax",%progbits
 2652              		.align	1
 2653              		.global	xStreamBufferIsFull
 2654              		.syntax unified
 2655              		.thumb
 2656              		.thumb_func
 2658              	xStreamBufferIsFull:
 2659              	.LVL214:
 2660              	.LFB18:
 926:Middlewares/Third_Party/FreeRTOS/Source/stream_buffer.c **** BaseType_t xReturn;
 2661              		.loc 1 926 1 is_stmt 1 view -0
 2662              		.cfi_startproc
 2663              		@ args = 0, pretend = 0, frame = 0
 2664              		@ frame_needed = 0, uses_anonymous_args = 0
 927:Middlewares/Third_Party/FreeRTOS/Source/stream_buffer.c **** size_t xBytesToStoreMessageLength;
 2665              		.loc 1 927 1 view .LVU754
 928:Middlewares/Third_Party/FreeRTOS/Source/stream_buffer.c **** const StreamBuffer_t * const pxStreamBuffer = ( StreamBuffer_t * ) xStreamBuffer; /*lint !e9087 !e9
 2666              		.loc 1 928 1 view .LVU755
 929:Middlewares/Third_Party/FreeRTOS/Source/stream_buffer.c **** 
 2667              		.loc 1 929 1 view .LVU756
 931:Middlewares/Third_Party/FreeRTOS/Source/stream_buffer.c **** 
 2668              		.loc 1 931 2 view .LVU757
 2669 0000 68B1     		cbz	r0, .L192
 926:Middlewares/Third_Party/FreeRTOS/Source/stream_buffer.c **** BaseType_t xReturn;
 2670              		.loc 1 926 1 is_stmt 0 view .LVU758
 2671 0002 10B5     		push	{r4, lr}
 2672              	.LCFI46:
 2673              		.cfi_def_cfa_offset 8
 2674              		.cfi_offset 4, -8
 2675              		.cfi_offset 14, -4
 2676 0004 0346     		mov	r3, r0
 931:Middlewares/Third_Party/FreeRTOS/Source/stream_buffer.c **** 
 2677              		.loc 1 931 32 is_stmt 1 discriminator 2 view .LVU759
 937:Middlewares/Third_Party/FreeRTOS/Source/stream_buffer.c **** 	{
 2678              		.loc 1 937 2 view .LVU760
 937:Middlewares/Third_Party/FreeRTOS/Source/stream_buffer.c **** 	{
 2679              		.loc 1 937 22 is_stmt 0 view .LVU761
 2680 0006 027F     		ldrb	r2, [r0, #28]	@ zero_extendqisi2
 937:Middlewares/Third_Party/FreeRTOS/Source/stream_buffer.c **** 	{
 2681              		.loc 1 937 4 view .LVU762
 2682 0008 12F0010F 		tst	r2, #1
ARM GAS  /tmp/ccDqghRU.s 			page 84


 2683 000c 10D0     		beq	.L188
 939:Middlewares/Third_Party/FreeRTOS/Source/stream_buffer.c **** 	}
 2684              		.loc 1 939 30 view .LVU763
 2685 000e 0424     		movs	r4, #4
 2686              	.L186:
 2687              	.LVL215:
 947:Middlewares/Third_Party/FreeRTOS/Source/stream_buffer.c **** 	{
 2688              		.loc 1 947 2 is_stmt 1 view .LVU764
 947:Middlewares/Third_Party/FreeRTOS/Source/stream_buffer.c **** 	{
 2689              		.loc 1 947 6 is_stmt 0 view .LVU765
 2690 0010 1846     		mov	r0, r3
 2691              	.LVL216:
 947:Middlewares/Third_Party/FreeRTOS/Source/stream_buffer.c **** 	{
 2692              		.loc 1 947 6 view .LVU766
 2693 0012 FFF7FEFF 		bl	xStreamBufferSpacesAvailable
 2694              	.LVL217:
 947:Middlewares/Third_Party/FreeRTOS/Source/stream_buffer.c **** 	{
 2695              		.loc 1 947 4 discriminator 1 view .LVU767
 2696 0016 A042     		cmp	r0, r4
 2697 0018 0CD8     		bhi	.L189
 949:Middlewares/Third_Party/FreeRTOS/Source/stream_buffer.c **** 	}
 2698              		.loc 1 949 11 view .LVU768
 2699 001a 0120     		movs	r0, #1
 2700              	.L183:
 957:Middlewares/Third_Party/FreeRTOS/Source/stream_buffer.c **** /*-----------------------------------------------------------*/
 2701              		.loc 1 957 1 view .LVU769
 2702 001c 10BD     		pop	{r4, pc}
 2703              	.LVL218:
 2704              	.L192:
 2705              	.LCFI47:
 2706              		.cfi_def_cfa_offset 0
 2707              		.cfi_restore 4
 2708              		.cfi_restore 14
 931:Middlewares/Third_Party/FreeRTOS/Source/stream_buffer.c **** 
 2709              		.loc 1 931 2 is_stmt 1 discriminator 1 view .LVU770
 2710              	.LBB161:
 2711              	.LBI161:
 191:Middlewares/Third_Party/FreeRTOS/Source/portable/GCC/ARM_CM4F/portmacro.h **** {
 2712              		.loc 2 191 30 view .LVU771
 2713              	.LBB162:
 193:Middlewares/Third_Party/FreeRTOS/Source/portable/GCC/ARM_CM4F/portmacro.h **** 
 2714              		.loc 2 193 1 view .LVU772
 195:Middlewares/Third_Party/FreeRTOS/Source/portable/GCC/ARM_CM4F/portmacro.h **** 	(
 2715              		.loc 2 195 2 view .LVU773
 2716              		.syntax unified
 2717              	@ 195 "Middlewares/Third_Party/FreeRTOS/Source/portable/GCC/ARM_CM4F/portmacro.h" 1
 2718 001e 4FF05003 			mov r3, #80												
 2719 0022 83F31188 		msr basepri, r3											
 2720 0026 BFF36F8F 		isb														
 2721 002a BFF34F8F 		dsb														
 2722              	
 2723              	@ 0 "" 2
 2724              		.thumb
 2725              		.syntax unified
 2726              	.L185:
 2727              	.LBE162:
 2728              	.LBE161:
ARM GAS  /tmp/ccDqghRU.s 			page 85


 931:Middlewares/Third_Party/FreeRTOS/Source/stream_buffer.c **** 
 2729              		.loc 1 931 2 discriminator 3 view .LVU774
 931:Middlewares/Third_Party/FreeRTOS/Source/stream_buffer.c **** 
 2730              		.loc 1 931 2 discriminator 3 view .LVU775
 2731 002e FEE7     		b	.L185
 2732              	.L188:
 2733              	.LCFI48:
 2734              		.cfi_def_cfa_offset 8
 2735              		.cfi_offset 4, -8
 2736              		.cfi_offset 14, -4
 943:Middlewares/Third_Party/FreeRTOS/Source/stream_buffer.c **** 	}
 2737              		.loc 1 943 30 is_stmt 0 view .LVU776
 2738 0030 0024     		movs	r4, #0
 2739 0032 EDE7     		b	.L186
 2740              	.LVL219:
 2741              	.L189:
 953:Middlewares/Third_Party/FreeRTOS/Source/stream_buffer.c **** 	}
 2742              		.loc 1 953 11 view .LVU777
 2743 0034 0020     		movs	r0, #0
 2744              	.LVL220:
 956:Middlewares/Third_Party/FreeRTOS/Source/stream_buffer.c **** }
 2745              		.loc 1 956 2 is_stmt 1 view .LVU778
 956:Middlewares/Third_Party/FreeRTOS/Source/stream_buffer.c **** }
 2746              		.loc 1 956 9 is_stmt 0 view .LVU779
 2747 0036 F1E7     		b	.L183
 2748              		.cfi_endproc
 2749              	.LFE18:
 2751              		.section	.text.xStreamBufferSendCompletedFromISR,"ax",%progbits
 2752              		.align	1
 2753              		.global	xStreamBufferSendCompletedFromISR
 2754              		.syntax unified
 2755              		.thumb
 2756              		.thumb_func
 2758              	xStreamBufferSendCompletedFromISR:
 2759              	.LVL221:
 2760              	.LFB19:
 961:Middlewares/Third_Party/FreeRTOS/Source/stream_buffer.c **** StreamBuffer_t * const pxStreamBuffer = ( StreamBuffer_t * ) xStreamBuffer; /*lint !e9087 !e9079 Sa
 2761              		.loc 1 961 1 is_stmt 1 view -0
 2762              		.cfi_startproc
 2763              		@ args = 0, pretend = 0, frame = 0
 2764              		@ frame_needed = 0, uses_anonymous_args = 0
 962:Middlewares/Third_Party/FreeRTOS/Source/stream_buffer.c **** BaseType_t xReturn;
 2765              		.loc 1 962 1 view .LVU781
 963:Middlewares/Third_Party/FreeRTOS/Source/stream_buffer.c **** UBaseType_t uxSavedInterruptStatus;
 2766              		.loc 1 963 1 view .LVU782
 964:Middlewares/Third_Party/FreeRTOS/Source/stream_buffer.c **** 
 2767              		.loc 1 964 1 view .LVU783
 966:Middlewares/Third_Party/FreeRTOS/Source/stream_buffer.c **** 
 2768              		.loc 1 966 2 view .LVU784
 2769 0000 E0B1     		cbz	r0, .L200
 961:Middlewares/Third_Party/FreeRTOS/Source/stream_buffer.c **** StreamBuffer_t * const pxStreamBuffer = ( StreamBuffer_t * ) xStreamBuffer; /*lint !e9087 !e9079 Sa
 2770              		.loc 1 961 1 is_stmt 0 view .LVU785
 2771 0002 30B5     		push	{r4, r5, lr}
 2772              	.LCFI49:
 2773              		.cfi_def_cfa_offset 12
 2774              		.cfi_offset 4, -12
 2775              		.cfi_offset 5, -8
ARM GAS  /tmp/ccDqghRU.s 			page 86


 2776              		.cfi_offset 14, -4
 2777 0004 83B0     		sub	sp, sp, #12
 2778              	.LCFI50:
 2779              		.cfi_def_cfa_offset 24
 2780 0006 0546     		mov	r5, r0
 966:Middlewares/Third_Party/FreeRTOS/Source/stream_buffer.c **** 
 2781              		.loc 1 966 32 is_stmt 1 discriminator 2 view .LVU786
 968:Middlewares/Third_Party/FreeRTOS/Source/stream_buffer.c **** 	{
 2782              		.loc 1 968 2 view .LVU787
 2783              	.LBB163:
 2784              	.LBI163:
 207:Middlewares/Third_Party/FreeRTOS/Source/portable/GCC/ARM_CM4F/portmacro.h **** {
 2785              		.loc 2 207 34 view .LVU788
 2786              	.LBB164:
 209:Middlewares/Third_Party/FreeRTOS/Source/portable/GCC/ARM_CM4F/portmacro.h **** 
 2787              		.loc 2 209 1 view .LVU789
 211:Middlewares/Third_Party/FreeRTOS/Source/portable/GCC/ARM_CM4F/portmacro.h **** 	(
 2788              		.loc 2 211 2 view .LVU790
 2789              		.syntax unified
 2790              	@ 211 "Middlewares/Third_Party/FreeRTOS/Source/portable/GCC/ARM_CM4F/portmacro.h" 1
 2791 0008 EFF31184 			mrs r4, basepri											
 2792 000c 4FF05003 		mov r3, #80												
 2793 0010 83F31188 		msr basepri, r3											
 2794 0014 BFF36F8F 		isb														
 2795 0018 BFF34F8F 		dsb														
 2796              	
 2797              	@ 0 "" 2
 2798              	.LVL222:
 223:Middlewares/Third_Party/FreeRTOS/Source/portable/GCC/ARM_CM4F/portmacro.h **** }
 2799              		.loc 2 223 2 view .LVU791
 223:Middlewares/Third_Party/FreeRTOS/Source/portable/GCC/ARM_CM4F/portmacro.h **** }
 2800              		.loc 2 223 2 is_stmt 0 view .LVU792
 2801              		.thumb
 2802              		.syntax unified
 2803              	.LBE164:
 2804              	.LBE163:
 970:Middlewares/Third_Party/FreeRTOS/Source/stream_buffer.c **** 		{
 2805              		.loc 1 970 3 is_stmt 1 view .LVU793
 970:Middlewares/Third_Party/FreeRTOS/Source/stream_buffer.c **** 		{
 2806              		.loc 1 970 25 is_stmt 0 view .LVU794
 2807 001c 0369     		ldr	r3, [r0, #16]
 970:Middlewares/Third_Party/FreeRTOS/Source/stream_buffer.c **** 		{
 2808              		.loc 1 970 5 view .LVU795
 2809 001e B3B1     		cbz	r3, .L197
 972:Middlewares/Third_Party/FreeRTOS/Source/stream_buffer.c **** 										 ( uint32_t ) 0,
 2810              		.loc 1 972 4 is_stmt 1 view .LVU796
 972:Middlewares/Third_Party/FreeRTOS/Source/stream_buffer.c **** 										 ( uint32_t ) 0,
 2811              		.loc 1 972 13 is_stmt 0 view .LVU797
 2812 0020 0069     		ldr	r0, [r0, #16]
 2813              	.LVL223:
 972:Middlewares/Third_Party/FreeRTOS/Source/stream_buffer.c **** 										 ( uint32_t ) 0,
 2814              		.loc 1 972 13 view .LVU798
 2815 0022 0091     		str	r1, [sp]
 2816 0024 0023     		movs	r3, #0
 2817 0026 1A46     		mov	r2, r3
 2818 0028 1946     		mov	r1, r3
 2819              	.LVL224:
ARM GAS  /tmp/ccDqghRU.s 			page 87


 972:Middlewares/Third_Party/FreeRTOS/Source/stream_buffer.c **** 										 ( uint32_t ) 0,
 2820              		.loc 1 972 13 view .LVU799
 2821 002a FFF7FEFF 		bl	xTaskGenericNotifyFromISR
 2822              	.LVL225:
 976:Middlewares/Third_Party/FreeRTOS/Source/stream_buffer.c **** 			xReturn = pdTRUE;
 2823              		.loc 1 976 4 is_stmt 1 view .LVU800
 976:Middlewares/Third_Party/FreeRTOS/Source/stream_buffer.c **** 			xReturn = pdTRUE;
 2824              		.loc 1 976 46 is_stmt 0 view .LVU801
 2825 002e 0023     		movs	r3, #0
 2826 0030 2B61     		str	r3, [r5, #16]
 977:Middlewares/Third_Party/FreeRTOS/Source/stream_buffer.c **** 		}
 2827              		.loc 1 977 4 is_stmt 1 view .LVU802
 2828              	.LVL226:
 977:Middlewares/Third_Party/FreeRTOS/Source/stream_buffer.c **** 		}
 2829              		.loc 1 977 12 is_stmt 0 view .LVU803
 2830 0032 0120     		movs	r0, #1
 2831              	.LVL227:
 2832              	.L196:
 984:Middlewares/Third_Party/FreeRTOS/Source/stream_buffer.c **** 
 2833              		.loc 1 984 2 is_stmt 1 view .LVU804
 2834              	.LBB165:
 2835              	.LBI165:
 227:Middlewares/Third_Party/FreeRTOS/Source/portable/GCC/ARM_CM4F/portmacro.h **** {
 2836              		.loc 2 227 30 view .LVU805
 2837              	.LBB166:
 229:Middlewares/Third_Party/FreeRTOS/Source/portable/GCC/ARM_CM4F/portmacro.h **** 	(
 2838              		.loc 2 229 2 view .LVU806
 2839              		.syntax unified
 2840              	@ 229 "Middlewares/Third_Party/FreeRTOS/Source/portable/GCC/ARM_CM4F/portmacro.h" 1
 2841 0034 84F31188 			msr basepri, r4	
 2842              	@ 0 "" 2
 2843              		.thumb
 2844              		.syntax unified
 2845              	.LBE166:
 2846              	.LBE165:
 986:Middlewares/Third_Party/FreeRTOS/Source/stream_buffer.c **** }
 2847              		.loc 1 986 2 view .LVU807
 987:Middlewares/Third_Party/FreeRTOS/Source/stream_buffer.c **** /*-----------------------------------------------------------*/
 2848              		.loc 1 987 1 is_stmt 0 view .LVU808
 2849 0038 03B0     		add	sp, sp, #12
 2850              	.LCFI51:
 2851              		.cfi_def_cfa_offset 12
 2852              		@ sp needed
 2853 003a 30BD     		pop	{r4, r5, pc}
 2854              	.LVL228:
 2855              	.L200:
 2856              	.LCFI52:
 2857              		.cfi_def_cfa_offset 0
 2858              		.cfi_restore 4
 2859              		.cfi_restore 5
 2860              		.cfi_restore 14
 966:Middlewares/Third_Party/FreeRTOS/Source/stream_buffer.c **** 
 2861              		.loc 1 966 2 is_stmt 1 discriminator 1 view .LVU809
 2862              	.LBB167:
 2863              	.LBI167:
 191:Middlewares/Third_Party/FreeRTOS/Source/portable/GCC/ARM_CM4F/portmacro.h **** {
 2864              		.loc 2 191 30 view .LVU810
ARM GAS  /tmp/ccDqghRU.s 			page 88


 2865              	.LBB168:
 193:Middlewares/Third_Party/FreeRTOS/Source/portable/GCC/ARM_CM4F/portmacro.h **** 
 2866              		.loc 2 193 1 view .LVU811
 195:Middlewares/Third_Party/FreeRTOS/Source/portable/GCC/ARM_CM4F/portmacro.h **** 	(
 2867              		.loc 2 195 2 view .LVU812
 2868              		.syntax unified
 2869              	@ 195 "Middlewares/Third_Party/FreeRTOS/Source/portable/GCC/ARM_CM4F/portmacro.h" 1
 2870 003c 4FF05003 			mov r3, #80												
 2871 0040 83F31188 		msr basepri, r3											
 2872 0044 BFF36F8F 		isb														
 2873 0048 BFF34F8F 		dsb														
 2874              	
 2875              	@ 0 "" 2
 2876              		.thumb
 2877              		.syntax unified
 2878              	.L195:
 2879              	.LBE168:
 2880              	.LBE167:
 966:Middlewares/Third_Party/FreeRTOS/Source/stream_buffer.c **** 
 2881              		.loc 1 966 2 discriminator 3 view .LVU813
 966:Middlewares/Third_Party/FreeRTOS/Source/stream_buffer.c **** 
 2882              		.loc 1 966 2 discriminator 3 view .LVU814
 2883 004c FEE7     		b	.L195
 2884              	.LVL229:
 2885              	.L197:
 2886              	.LCFI53:
 2887              		.cfi_def_cfa_offset 24
 2888              		.cfi_offset 4, -12
 2889              		.cfi_offset 5, -8
 2890              		.cfi_offset 14, -4
 981:Middlewares/Third_Party/FreeRTOS/Source/stream_buffer.c **** 		}
 2891              		.loc 1 981 12 is_stmt 0 view .LVU815
 2892 004e 0020     		movs	r0, #0
 2893              	.LVL230:
 981:Middlewares/Third_Party/FreeRTOS/Source/stream_buffer.c **** 		}
 2894              		.loc 1 981 12 view .LVU816
 2895 0050 F0E7     		b	.L196
 2896              		.cfi_endproc
 2897              	.LFE19:
 2899              		.section	.text.xStreamBufferReceiveCompletedFromISR,"ax",%progbits
 2900              		.align	1
 2901              		.global	xStreamBufferReceiveCompletedFromISR
 2902              		.syntax unified
 2903              		.thumb
 2904              		.thumb_func
 2906              	xStreamBufferReceiveCompletedFromISR:
 2907              	.LVL231:
 2908              	.LFB20:
 991:Middlewares/Third_Party/FreeRTOS/Source/stream_buffer.c **** StreamBuffer_t * const pxStreamBuffer = ( StreamBuffer_t * ) xStreamBuffer; /*lint !e9087 !e9079 Sa
 2909              		.loc 1 991 1 is_stmt 1 view -0
 2910              		.cfi_startproc
 2911              		@ args = 0, pretend = 0, frame = 0
 2912              		@ frame_needed = 0, uses_anonymous_args = 0
 992:Middlewares/Third_Party/FreeRTOS/Source/stream_buffer.c **** BaseType_t xReturn;
 2913              		.loc 1 992 1 view .LVU818
 993:Middlewares/Third_Party/FreeRTOS/Source/stream_buffer.c **** UBaseType_t uxSavedInterruptStatus;
 2914              		.loc 1 993 1 view .LVU819
ARM GAS  /tmp/ccDqghRU.s 			page 89


 994:Middlewares/Third_Party/FreeRTOS/Source/stream_buffer.c **** 
 2915              		.loc 1 994 1 view .LVU820
 996:Middlewares/Third_Party/FreeRTOS/Source/stream_buffer.c **** 
 2916              		.loc 1 996 2 view .LVU821
 2917 0000 E0B1     		cbz	r0, .L208
 991:Middlewares/Third_Party/FreeRTOS/Source/stream_buffer.c **** StreamBuffer_t * const pxStreamBuffer = ( StreamBuffer_t * ) xStreamBuffer; /*lint !e9087 !e9079 Sa
 2918              		.loc 1 991 1 is_stmt 0 view .LVU822
 2919 0002 30B5     		push	{r4, r5, lr}
 2920              	.LCFI54:
 2921              		.cfi_def_cfa_offset 12
 2922              		.cfi_offset 4, -12
 2923              		.cfi_offset 5, -8
 2924              		.cfi_offset 14, -4
 2925 0004 83B0     		sub	sp, sp, #12
 2926              	.LCFI55:
 2927              		.cfi_def_cfa_offset 24
 2928 0006 0546     		mov	r5, r0
 996:Middlewares/Third_Party/FreeRTOS/Source/stream_buffer.c **** 
 2929              		.loc 1 996 32 is_stmt 1 discriminator 2 view .LVU823
 998:Middlewares/Third_Party/FreeRTOS/Source/stream_buffer.c **** 	{
 2930              		.loc 1 998 2 view .LVU824
 2931              	.LBB169:
 2932              	.LBI169:
 207:Middlewares/Third_Party/FreeRTOS/Source/portable/GCC/ARM_CM4F/portmacro.h **** {
 2933              		.loc 2 207 34 view .LVU825
 2934              	.LBB170:
 209:Middlewares/Third_Party/FreeRTOS/Source/portable/GCC/ARM_CM4F/portmacro.h **** 
 2935              		.loc 2 209 1 view .LVU826
 211:Middlewares/Third_Party/FreeRTOS/Source/portable/GCC/ARM_CM4F/portmacro.h **** 	(
 2936              		.loc 2 211 2 view .LVU827
 2937              		.syntax unified
 2938              	@ 211 "Middlewares/Third_Party/FreeRTOS/Source/portable/GCC/ARM_CM4F/portmacro.h" 1
 2939 0008 EFF31184 			mrs r4, basepri											
 2940 000c 4FF05003 		mov r3, #80												
 2941 0010 83F31188 		msr basepri, r3											
 2942 0014 BFF36F8F 		isb														
 2943 0018 BFF34F8F 		dsb														
 2944              	
 2945              	@ 0 "" 2
 2946              	.LVL232:
 223:Middlewares/Third_Party/FreeRTOS/Source/portable/GCC/ARM_CM4F/portmacro.h **** }
 2947              		.loc 2 223 2 view .LVU828
 223:Middlewares/Third_Party/FreeRTOS/Source/portable/GCC/ARM_CM4F/portmacro.h **** }
 2948              		.loc 2 223 2 is_stmt 0 view .LVU829
 2949              		.thumb
 2950              		.syntax unified
 2951              	.LBE170:
 2952              	.LBE169:
1000:Middlewares/Third_Party/FreeRTOS/Source/stream_buffer.c **** 		{
 2953              		.loc 1 1000 3 is_stmt 1 view .LVU830
1000:Middlewares/Third_Party/FreeRTOS/Source/stream_buffer.c **** 		{
 2954              		.loc 1 1000 25 is_stmt 0 view .LVU831
 2955 001c 4369     		ldr	r3, [r0, #20]
1000:Middlewares/Third_Party/FreeRTOS/Source/stream_buffer.c **** 		{
 2956              		.loc 1 1000 5 view .LVU832
 2957 001e B3B1     		cbz	r3, .L205
1002:Middlewares/Third_Party/FreeRTOS/Source/stream_buffer.c **** 										 ( uint32_t ) 0,
ARM GAS  /tmp/ccDqghRU.s 			page 90


 2958              		.loc 1 1002 4 is_stmt 1 view .LVU833
1002:Middlewares/Third_Party/FreeRTOS/Source/stream_buffer.c **** 										 ( uint32_t ) 0,
 2959              		.loc 1 1002 13 is_stmt 0 view .LVU834
 2960 0020 4069     		ldr	r0, [r0, #20]
 2961              	.LVL233:
1002:Middlewares/Third_Party/FreeRTOS/Source/stream_buffer.c **** 										 ( uint32_t ) 0,
 2962              		.loc 1 1002 13 view .LVU835
 2963 0022 0091     		str	r1, [sp]
 2964 0024 0023     		movs	r3, #0
 2965 0026 1A46     		mov	r2, r3
 2966 0028 1946     		mov	r1, r3
 2967              	.LVL234:
1002:Middlewares/Third_Party/FreeRTOS/Source/stream_buffer.c **** 										 ( uint32_t ) 0,
 2968              		.loc 1 1002 13 view .LVU836
 2969 002a FFF7FEFF 		bl	xTaskGenericNotifyFromISR
 2970              	.LVL235:
1006:Middlewares/Third_Party/FreeRTOS/Source/stream_buffer.c **** 			xReturn = pdTRUE;
 2971              		.loc 1 1006 4 is_stmt 1 view .LVU837
1006:Middlewares/Third_Party/FreeRTOS/Source/stream_buffer.c **** 			xReturn = pdTRUE;
 2972              		.loc 1 1006 43 is_stmt 0 view .LVU838
 2973 002e 0023     		movs	r3, #0
 2974 0030 6B61     		str	r3, [r5, #20]
1007:Middlewares/Third_Party/FreeRTOS/Source/stream_buffer.c **** 		}
 2975              		.loc 1 1007 4 is_stmt 1 view .LVU839
 2976              	.LVL236:
1007:Middlewares/Third_Party/FreeRTOS/Source/stream_buffer.c **** 		}
 2977              		.loc 1 1007 12 is_stmt 0 view .LVU840
 2978 0032 0120     		movs	r0, #1
 2979              	.LVL237:
 2980              	.L204:
1014:Middlewares/Third_Party/FreeRTOS/Source/stream_buffer.c **** 
 2981              		.loc 1 1014 2 is_stmt 1 view .LVU841
 2982              	.LBB171:
 2983              	.LBI171:
 227:Middlewares/Third_Party/FreeRTOS/Source/portable/GCC/ARM_CM4F/portmacro.h **** {
 2984              		.loc 2 227 30 view .LVU842
 2985              	.LBB172:
 229:Middlewares/Third_Party/FreeRTOS/Source/portable/GCC/ARM_CM4F/portmacro.h **** 	(
 2986              		.loc 2 229 2 view .LVU843
 2987              		.syntax unified
 2988              	@ 229 "Middlewares/Third_Party/FreeRTOS/Source/portable/GCC/ARM_CM4F/portmacro.h" 1
 2989 0034 84F31188 			msr basepri, r4	
 2990              	@ 0 "" 2
 2991              		.thumb
 2992              		.syntax unified
 2993              	.LBE172:
 2994              	.LBE171:
1016:Middlewares/Third_Party/FreeRTOS/Source/stream_buffer.c **** }
 2995              		.loc 1 1016 2 view .LVU844
1017:Middlewares/Third_Party/FreeRTOS/Source/stream_buffer.c **** /*-----------------------------------------------------------*/
 2996              		.loc 1 1017 1 is_stmt 0 view .LVU845
 2997 0038 03B0     		add	sp, sp, #12
 2998              	.LCFI56:
 2999              		.cfi_def_cfa_offset 12
 3000              		@ sp needed
 3001 003a 30BD     		pop	{r4, r5, pc}
 3002              	.LVL238:
ARM GAS  /tmp/ccDqghRU.s 			page 91


 3003              	.L208:
 3004              	.LCFI57:
 3005              		.cfi_def_cfa_offset 0
 3006              		.cfi_restore 4
 3007              		.cfi_restore 5
 3008              		.cfi_restore 14
 996:Middlewares/Third_Party/FreeRTOS/Source/stream_buffer.c **** 
 3009              		.loc 1 996 2 is_stmt 1 discriminator 1 view .LVU846
 3010              	.LBB173:
 3011              	.LBI173:
 191:Middlewares/Third_Party/FreeRTOS/Source/portable/GCC/ARM_CM4F/portmacro.h **** {
 3012              		.loc 2 191 30 view .LVU847
 3013              	.LBB174:
 193:Middlewares/Third_Party/FreeRTOS/Source/portable/GCC/ARM_CM4F/portmacro.h **** 
 3014              		.loc 2 193 1 view .LVU848
 195:Middlewares/Third_Party/FreeRTOS/Source/portable/GCC/ARM_CM4F/portmacro.h **** 	(
 3015              		.loc 2 195 2 view .LVU849
 3016              		.syntax unified
 3017              	@ 195 "Middlewares/Third_Party/FreeRTOS/Source/portable/GCC/ARM_CM4F/portmacro.h" 1
 3018 003c 4FF05003 			mov r3, #80												
 3019 0040 83F31188 		msr basepri, r3											
 3020 0044 BFF36F8F 		isb														
 3021 0048 BFF34F8F 		dsb														
 3022              	
 3023              	@ 0 "" 2
 3024              		.thumb
 3025              		.syntax unified
 3026              	.L203:
 3027              	.LBE174:
 3028              	.LBE173:
 996:Middlewares/Third_Party/FreeRTOS/Source/stream_buffer.c **** 
 3029              		.loc 1 996 2 discriminator 3 view .LVU850
 996:Middlewares/Third_Party/FreeRTOS/Source/stream_buffer.c **** 
 3030              		.loc 1 996 2 discriminator 3 view .LVU851
 3031 004c FEE7     		b	.L203
 3032              	.LVL239:
 3033              	.L205:
 3034              	.LCFI58:
 3035              		.cfi_def_cfa_offset 24
 3036              		.cfi_offset 4, -12
 3037              		.cfi_offset 5, -8
 3038              		.cfi_offset 14, -4
1011:Middlewares/Third_Party/FreeRTOS/Source/stream_buffer.c **** 		}
 3039              		.loc 1 1011 12 is_stmt 0 view .LVU852
 3040 004e 0020     		movs	r0, #0
 3041              	.LVL240:
1011:Middlewares/Third_Party/FreeRTOS/Source/stream_buffer.c **** 		}
 3042              		.loc 1 1011 12 view .LVU853
 3043 0050 F0E7     		b	.L204
 3044              		.cfi_endproc
 3045              	.LFE20:
 3047              		.section	.text.uxStreamBufferGetStreamBufferNumber,"ax",%progbits
 3048              		.align	1
 3049              		.global	uxStreamBufferGetStreamBufferNumber
 3050              		.syntax unified
 3051              		.thumb
 3052              		.thumb_func
ARM GAS  /tmp/ccDqghRU.s 			page 92


 3054              	uxStreamBufferGetStreamBufferNumber:
 3055              	.LVL241:
 3056              	.LFB25:
1170:Middlewares/Third_Party/FreeRTOS/Source/stream_buffer.c **** 
1171:Middlewares/Third_Party/FreeRTOS/Source/stream_buffer.c **** #if ( configUSE_TRACE_FACILITY == 1 )
1172:Middlewares/Third_Party/FreeRTOS/Source/stream_buffer.c **** 
1173:Middlewares/Third_Party/FreeRTOS/Source/stream_buffer.c **** 	UBaseType_t uxStreamBufferGetStreamBufferNumber( StreamBufferHandle_t xStreamBuffer )
1174:Middlewares/Third_Party/FreeRTOS/Source/stream_buffer.c **** 	{
 3057              		.loc 1 1174 2 is_stmt 1 view -0
 3058              		.cfi_startproc
 3059              		@ args = 0, pretend = 0, frame = 0
 3060              		@ frame_needed = 0, uses_anonymous_args = 0
 3061              		@ link register save eliminated.
1175:Middlewares/Third_Party/FreeRTOS/Source/stream_buffer.c **** 		return ( ( StreamBuffer_t * ) xStreamBuffer )->uxStreamBufferNumber;
 3062              		.loc 1 1175 3 view .LVU855
1176:Middlewares/Third_Party/FreeRTOS/Source/stream_buffer.c **** 	}
 3063              		.loc 1 1176 2 is_stmt 0 view .LVU856
 3064 0000 006A     		ldr	r0, [r0, #32]
 3065              	.LVL242:
 3066              		.loc 1 1176 2 view .LVU857
 3067 0002 7047     		bx	lr
 3068              		.cfi_endproc
 3069              	.LFE25:
 3071              		.section	.text.vStreamBufferSetStreamBufferNumber,"ax",%progbits
 3072              		.align	1
 3073              		.global	vStreamBufferSetStreamBufferNumber
 3074              		.syntax unified
 3075              		.thumb
 3076              		.thumb_func
 3078              	vStreamBufferSetStreamBufferNumber:
 3079              	.LVL243:
 3080              	.LFB26:
1177:Middlewares/Third_Party/FreeRTOS/Source/stream_buffer.c **** 
1178:Middlewares/Third_Party/FreeRTOS/Source/stream_buffer.c **** #endif /* configUSE_TRACE_FACILITY */
1179:Middlewares/Third_Party/FreeRTOS/Source/stream_buffer.c **** /*-----------------------------------------------------------*/
1180:Middlewares/Third_Party/FreeRTOS/Source/stream_buffer.c **** 
1181:Middlewares/Third_Party/FreeRTOS/Source/stream_buffer.c **** #if ( configUSE_TRACE_FACILITY == 1 )
1182:Middlewares/Third_Party/FreeRTOS/Source/stream_buffer.c **** 
1183:Middlewares/Third_Party/FreeRTOS/Source/stream_buffer.c **** 	void vStreamBufferSetStreamBufferNumber( StreamBufferHandle_t xStreamBuffer, UBaseType_t uxStreamB
1184:Middlewares/Third_Party/FreeRTOS/Source/stream_buffer.c **** 	{
 3081              		.loc 1 1184 2 is_stmt 1 view -0
 3082              		.cfi_startproc
 3083              		@ args = 0, pretend = 0, frame = 0
 3084              		@ frame_needed = 0, uses_anonymous_args = 0
 3085              		@ link register save eliminated.
1185:Middlewares/Third_Party/FreeRTOS/Source/stream_buffer.c **** 		( ( StreamBuffer_t * ) xStreamBuffer )->uxStreamBufferNumber = uxStreamBufferNumber;
 3086              		.loc 1 1185 3 view .LVU859
 3087              		.loc 1 1185 64 is_stmt 0 view .LVU860
 3088 0000 0162     		str	r1, [r0, #32]
1186:Middlewares/Third_Party/FreeRTOS/Source/stream_buffer.c **** 	}
 3089              		.loc 1 1186 2 view .LVU861
 3090 0002 7047     		bx	lr
 3091              		.cfi_endproc
 3092              	.LFE26:
 3094              		.section	.text.ucStreamBufferGetStreamBufferType,"ax",%progbits
 3095              		.align	1
 3096              		.global	ucStreamBufferGetStreamBufferType
ARM GAS  /tmp/ccDqghRU.s 			page 93


 3097              		.syntax unified
 3098              		.thumb
 3099              		.thumb_func
 3101              	ucStreamBufferGetStreamBufferType:
 3102              	.LVL244:
 3103              	.LFB27:
1187:Middlewares/Third_Party/FreeRTOS/Source/stream_buffer.c **** 
1188:Middlewares/Third_Party/FreeRTOS/Source/stream_buffer.c **** #endif /* configUSE_TRACE_FACILITY */
1189:Middlewares/Third_Party/FreeRTOS/Source/stream_buffer.c **** /*-----------------------------------------------------------*/
1190:Middlewares/Third_Party/FreeRTOS/Source/stream_buffer.c **** 
1191:Middlewares/Third_Party/FreeRTOS/Source/stream_buffer.c **** #if ( configUSE_TRACE_FACILITY == 1 )
1192:Middlewares/Third_Party/FreeRTOS/Source/stream_buffer.c **** 
1193:Middlewares/Third_Party/FreeRTOS/Source/stream_buffer.c **** 	uint8_t ucStreamBufferGetStreamBufferType( StreamBufferHandle_t xStreamBuffer )
1194:Middlewares/Third_Party/FreeRTOS/Source/stream_buffer.c **** 	{
 3104              		.loc 1 1194 2 is_stmt 1 view -0
 3105              		.cfi_startproc
 3106              		@ args = 0, pretend = 0, frame = 0
 3107              		@ frame_needed = 0, uses_anonymous_args = 0
 3108              		@ link register save eliminated.
1195:Middlewares/Third_Party/FreeRTOS/Source/stream_buffer.c **** 		return ( ( StreamBuffer_t * )xStreamBuffer )->ucFlags | sbFLAGS_IS_MESSAGE_BUFFER;
 3109              		.loc 1 1195 3 view .LVU863
 3110              		.loc 1 1195 47 is_stmt 0 view .LVU864
 3111 0000 007F     		ldrb	r0, [r0, #28]	@ zero_extendqisi2
 3112              	.LVL245:
1196:Middlewares/Third_Party/FreeRTOS/Source/stream_buffer.c **** 	}
 3113              		.loc 1 1196 2 view .LVU865
 3114 0002 40F00100 		orr	r0, r0, #1
 3115 0006 7047     		bx	lr
 3116              		.cfi_endproc
 3117              	.LFE27:
 3119              		.text
 3120              	.Letext0:
 3121              		.file 3 "/usr/lib/gcc/arm-none-eabi/13.2.1/include/stdint.h"
 3122              		.file 4 "/usr/lib/gcc/arm-none-eabi/13.2.1/include/stddef.h"
 3123              		.file 5 "Middlewares/Third_Party/FreeRTOS/Source/include/FreeRTOS.h"
 3124              		.file 6 "Middlewares/Third_Party/FreeRTOS/Source/include/task.h"
 3125              		.file 7 "Middlewares/Third_Party/FreeRTOS/Source/include/stream_buffer.h"
 3126              		.file 8 "/usr/include/newlib/string.h"
 3127              		.file 9 "Middlewares/Third_Party/FreeRTOS/Source/include/portable.h"
 3128              		.file 10 "<built-in>"
ARM GAS  /tmp/ccDqghRU.s 			page 94


DEFINED SYMBOLS
                            *ABS*:00000000 stream_buffer.c
     /tmp/ccDqghRU.s:21     .text.prvBytesInBuffer:00000000 $t
     /tmp/ccDqghRU.s:26     .text.prvBytesInBuffer:00000000 prvBytesInBuffer
     /tmp/ccDqghRU.s:67     .text.prvInitialiseNewStreamBuffer:00000000 $t
     /tmp/ccDqghRU.s:72     .text.prvInitialiseNewStreamBuffer:00000000 prvInitialiseNewStreamBuffer
     /tmp/ccDqghRU.s:166    .text.prvWriteBytesToBuffer:00000000 $t
     /tmp/ccDqghRU.s:171    .text.prvWriteBytesToBuffer:00000000 prvWriteBytesToBuffer
     /tmp/ccDqghRU.s:341    .text.prvWriteMessageToBuffer:00000000 $t
     /tmp/ccDqghRU.s:346    .text.prvWriteMessageToBuffer:00000000 prvWriteMessageToBuffer
     /tmp/ccDqghRU.s:446    .text.prvReadBytesFromBuffer:00000000 $t
     /tmp/ccDqghRU.s:451    .text.prvReadBytesFromBuffer:00000000 prvReadBytesFromBuffer
     /tmp/ccDqghRU.s:615    .text.prvReadMessageFromBuffer:00000000 $t
     /tmp/ccDqghRU.s:620    .text.prvReadMessageFromBuffer:00000000 prvReadMessageFromBuffer
     /tmp/ccDqghRU.s:712    .text.xStreamBufferGenericCreate:00000000 $t
     /tmp/ccDqghRU.s:718    .text.xStreamBufferGenericCreate:00000000 xStreamBufferGenericCreate
     /tmp/ccDqghRU.s:839    .text.xStreamBufferGenericCreateStatic:00000000 $t
     /tmp/ccDqghRU.s:845    .text.xStreamBufferGenericCreateStatic:00000000 xStreamBufferGenericCreateStatic
     /tmp/ccDqghRU.s:1068   .text.vStreamBufferDelete:00000000 $t
     /tmp/ccDqghRU.s:1074   .text.vStreamBufferDelete:00000000 vStreamBufferDelete
     /tmp/ccDqghRU.s:1142   .text.xStreamBufferReset:00000000 $t
     /tmp/ccDqghRU.s:1148   .text.xStreamBufferReset:00000000 xStreamBufferReset
     /tmp/ccDqghRU.s:1280   .text.xStreamBufferSetTriggerLevel:00000000 $t
     /tmp/ccDqghRU.s:1286   .text.xStreamBufferSetTriggerLevel:00000000 xStreamBufferSetTriggerLevel
     /tmp/ccDqghRU.s:1359   .text.xStreamBufferSpacesAvailable:00000000 $t
     /tmp/ccDqghRU.s:1365   .text.xStreamBufferSpacesAvailable:00000000 xStreamBufferSpacesAvailable
     /tmp/ccDqghRU.s:1441   .text.xStreamBufferBytesAvailable:00000000 $t
     /tmp/ccDqghRU.s:1447   .text.xStreamBufferBytesAvailable:00000000 xStreamBufferBytesAvailable
     /tmp/ccDqghRU.s:1502   .text.xStreamBufferSend:00000000 $t
     /tmp/ccDqghRU.s:1508   .text.xStreamBufferSend:00000000 xStreamBufferSend
     /tmp/ccDqghRU.s:1806   .text.xStreamBufferSendFromISR:00000000 $t
     /tmp/ccDqghRU.s:1812   .text.xStreamBufferSendFromISR:00000000 xStreamBufferSendFromISR
     /tmp/ccDqghRU.s:2046   .text.xStreamBufferReceive:00000000 $t
     /tmp/ccDqghRU.s:2052   .text.xStreamBufferReceive:00000000 xStreamBufferReceive
     /tmp/ccDqghRU.s:2342   .text.xStreamBufferReceiveFromISR:00000000 $t
     /tmp/ccDqghRU.s:2348   .text.xStreamBufferReceiveFromISR:00000000 xStreamBufferReceiveFromISR
     /tmp/ccDqghRU.s:2580   .text.xStreamBufferIsEmpty:00000000 $t
     /tmp/ccDqghRU.s:2586   .text.xStreamBufferIsEmpty:00000000 xStreamBufferIsEmpty
     /tmp/ccDqghRU.s:2652   .text.xStreamBufferIsFull:00000000 $t
     /tmp/ccDqghRU.s:2658   .text.xStreamBufferIsFull:00000000 xStreamBufferIsFull
     /tmp/ccDqghRU.s:2752   .text.xStreamBufferSendCompletedFromISR:00000000 $t
     /tmp/ccDqghRU.s:2758   .text.xStreamBufferSendCompletedFromISR:00000000 xStreamBufferSendCompletedFromISR
     /tmp/ccDqghRU.s:2900   .text.xStreamBufferReceiveCompletedFromISR:00000000 $t
     /tmp/ccDqghRU.s:2906   .text.xStreamBufferReceiveCompletedFromISR:00000000 xStreamBufferReceiveCompletedFromISR
     /tmp/ccDqghRU.s:3048   .text.uxStreamBufferGetStreamBufferNumber:00000000 $t
     /tmp/ccDqghRU.s:3054   .text.uxStreamBufferGetStreamBufferNumber:00000000 uxStreamBufferGetStreamBufferNumber
     /tmp/ccDqghRU.s:3072   .text.vStreamBufferSetStreamBufferNumber:00000000 $t
     /tmp/ccDqghRU.s:3078   .text.vStreamBufferSetStreamBufferNumber:00000000 vStreamBufferSetStreamBufferNumber
     /tmp/ccDqghRU.s:3095   .text.ucStreamBufferGetStreamBufferType:00000000 $t
     /tmp/ccDqghRU.s:3101   .text.ucStreamBufferGetStreamBufferType:00000000 ucStreamBufferGetStreamBufferType

UNDEFINED SYMBOLS
memset
memcpy
pvPortMalloc
vPortFree
vTaskSetTimeOutState
ARM GAS  /tmp/ccDqghRU.s 			page 95


vPortEnterCritical
xTaskNotifyStateClear
xTaskGetCurrentTaskHandle
vPortExitCritical
xTaskNotifyWait
xTaskCheckForTimeOut
vTaskSuspendAll
xTaskGenericNotify
xTaskResumeAll
xTaskGenericNotifyFromISR
