ARM GAS  /tmp/ccZZCKwI.s 			page 1


   1              		.cpu cortex-m4
   2              		.arch armv7e-m
   3              		.fpu fpv4-sp-d16
   4              		.eabi_attribute 27, 1
   5              		.eabi_attribute 28, 1
   6              		.eabi_attribute 20, 1
   7              		.eabi_attribute 21, 1
   8              		.eabi_attribute 23, 3
   9              		.eabi_attribute 24, 1
  10              		.eabi_attribute 25, 1
  11              		.eabi_attribute 26, 1
  12              		.eabi_attribute 30, 1
  13              		.eabi_attribute 34, 1
  14              		.eabi_attribute 18, 4
  15              		.file	"tasks.c"
  16              		.text
  17              	.Ltext0:
  18              		.cfi_sections	.debug_frame
  19              		.file 1 "Middlewares/Third_Party/FreeRTOS/Source/tasks.c"
  20              		.section	.text.prvTaskIsTaskSuspended,"ax",%progbits
  21              		.align	1
  22              		.syntax unified
  23              		.thumb
  24              		.thumb_func
  26              	prvTaskIsTaskSuspended:
  27              	.LVL0:
  28              	.LFB16:
   1:Middlewares/Third_Party/FreeRTOS/Source/tasks.c **** /*
   2:Middlewares/Third_Party/FreeRTOS/Source/tasks.c ****  * FreeRTOS Kernel V10.0.1
   3:Middlewares/Third_Party/FreeRTOS/Source/tasks.c ****  * Copyright (C) 2017 Amazon.com, Inc. or its affiliates.  All Rights Reserved.
   4:Middlewares/Third_Party/FreeRTOS/Source/tasks.c ****  *
   5:Middlewares/Third_Party/FreeRTOS/Source/tasks.c ****  * Permission is hereby granted, free of charge, to any person obtaining a copy of
   6:Middlewares/Third_Party/FreeRTOS/Source/tasks.c ****  * this software and associated documentation files (the "Software"), to deal in
   7:Middlewares/Third_Party/FreeRTOS/Source/tasks.c ****  * the Software without restriction, including without limitation the rights to
   8:Middlewares/Third_Party/FreeRTOS/Source/tasks.c ****  * use, copy, modify, merge, publish, distribute, sublicense, and/or sell copies of
   9:Middlewares/Third_Party/FreeRTOS/Source/tasks.c ****  * the Software, and to permit persons to whom the Software is furnished to do so,
  10:Middlewares/Third_Party/FreeRTOS/Source/tasks.c ****  * subject to the following conditions:
  11:Middlewares/Third_Party/FreeRTOS/Source/tasks.c ****  *
  12:Middlewares/Third_Party/FreeRTOS/Source/tasks.c ****  * The above copyright notice and this permission notice shall be included in all
  13:Middlewares/Third_Party/FreeRTOS/Source/tasks.c ****  * copies or substantial portions of the Software.
  14:Middlewares/Third_Party/FreeRTOS/Source/tasks.c ****  *
  15:Middlewares/Third_Party/FreeRTOS/Source/tasks.c ****  * THE SOFTWARE IS PROVIDED "AS IS", WITHOUT WARRANTY OF ANY KIND, EXPRESS OR
  16:Middlewares/Third_Party/FreeRTOS/Source/tasks.c ****  * IMPLIED, INCLUDING BUT NOT LIMITED TO THE WARRANTIES OF MERCHANTABILITY, FITNESS
  17:Middlewares/Third_Party/FreeRTOS/Source/tasks.c ****  * FOR A PARTICULAR PURPOSE AND NONINFRINGEMENT. IN NO EVENT SHALL THE AUTHORS OR
  18:Middlewares/Third_Party/FreeRTOS/Source/tasks.c ****  * COPYRIGHT HOLDERS BE LIABLE FOR ANY CLAIM, DAMAGES OR OTHER LIABILITY, WHETHER
  19:Middlewares/Third_Party/FreeRTOS/Source/tasks.c ****  * IN AN ACTION OF CONTRACT, TORT OR OTHERWISE, ARISING FROM, OUT OF OR IN
  20:Middlewares/Third_Party/FreeRTOS/Source/tasks.c ****  * CONNECTION WITH THE SOFTWARE OR THE USE OR OTHER DEALINGS IN THE SOFTWARE.
  21:Middlewares/Third_Party/FreeRTOS/Source/tasks.c ****  *
  22:Middlewares/Third_Party/FreeRTOS/Source/tasks.c ****  * http://www.FreeRTOS.org
  23:Middlewares/Third_Party/FreeRTOS/Source/tasks.c ****  * http://aws.amazon.com/freertos
  24:Middlewares/Third_Party/FreeRTOS/Source/tasks.c ****  *
  25:Middlewares/Third_Party/FreeRTOS/Source/tasks.c ****  * 1 tab == 4 spaces!
  26:Middlewares/Third_Party/FreeRTOS/Source/tasks.c ****  */
  27:Middlewares/Third_Party/FreeRTOS/Source/tasks.c **** 
  28:Middlewares/Third_Party/FreeRTOS/Source/tasks.c **** /* Standard includes. */
  29:Middlewares/Third_Party/FreeRTOS/Source/tasks.c **** #include <stdlib.h>
  30:Middlewares/Third_Party/FreeRTOS/Source/tasks.c **** #include <string.h>
ARM GAS  /tmp/ccZZCKwI.s 			page 2


  31:Middlewares/Third_Party/FreeRTOS/Source/tasks.c **** 
  32:Middlewares/Third_Party/FreeRTOS/Source/tasks.c **** /* Defining MPU_WRAPPERS_INCLUDED_FROM_API_FILE prevents task.h from redefining
  33:Middlewares/Third_Party/FreeRTOS/Source/tasks.c **** all the API functions to use the MPU wrappers.  That should only be done when
  34:Middlewares/Third_Party/FreeRTOS/Source/tasks.c **** task.h is included from an application file. */
  35:Middlewares/Third_Party/FreeRTOS/Source/tasks.c **** #define MPU_WRAPPERS_INCLUDED_FROM_API_FILE
  36:Middlewares/Third_Party/FreeRTOS/Source/tasks.c **** 
  37:Middlewares/Third_Party/FreeRTOS/Source/tasks.c **** /* FreeRTOS includes. */
  38:Middlewares/Third_Party/FreeRTOS/Source/tasks.c **** #include "FreeRTOS.h"
  39:Middlewares/Third_Party/FreeRTOS/Source/tasks.c **** #include "task.h"
  40:Middlewares/Third_Party/FreeRTOS/Source/tasks.c **** #include "timers.h"
  41:Middlewares/Third_Party/FreeRTOS/Source/tasks.c **** #include "stack_macros.h"
  42:Middlewares/Third_Party/FreeRTOS/Source/tasks.c **** 
  43:Middlewares/Third_Party/FreeRTOS/Source/tasks.c **** /* Lint e961 and e750 are suppressed as a MISRA exception justified because the
  44:Middlewares/Third_Party/FreeRTOS/Source/tasks.c **** MPU ports require MPU_WRAPPERS_INCLUDED_FROM_API_FILE to be defined for the
  45:Middlewares/Third_Party/FreeRTOS/Source/tasks.c **** header files above, but not in this file, in order to generate the correct
  46:Middlewares/Third_Party/FreeRTOS/Source/tasks.c **** privileged Vs unprivileged linkage and placement. */
  47:Middlewares/Third_Party/FreeRTOS/Source/tasks.c **** #undef MPU_WRAPPERS_INCLUDED_FROM_API_FILE /*lint !e961 !e750. */
  48:Middlewares/Third_Party/FreeRTOS/Source/tasks.c **** 
  49:Middlewares/Third_Party/FreeRTOS/Source/tasks.c **** /* Set configUSE_STATS_FORMATTING_FUNCTIONS to 2 to include the stats formatting
  50:Middlewares/Third_Party/FreeRTOS/Source/tasks.c **** functions but without including stdio.h here. */
  51:Middlewares/Third_Party/FreeRTOS/Source/tasks.c **** #if ( configUSE_STATS_FORMATTING_FUNCTIONS == 1 )
  52:Middlewares/Third_Party/FreeRTOS/Source/tasks.c **** 	/* At the bottom of this file are two optional functions that can be used
  53:Middlewares/Third_Party/FreeRTOS/Source/tasks.c **** 	to generate human readable text from the raw data generated by the
  54:Middlewares/Third_Party/FreeRTOS/Source/tasks.c **** 	uxTaskGetSystemState() function.  Note the formatting functions are provided
  55:Middlewares/Third_Party/FreeRTOS/Source/tasks.c **** 	for convenience only, and are NOT considered part of the kernel. */
  56:Middlewares/Third_Party/FreeRTOS/Source/tasks.c **** 	#include <stdio.h>
  57:Middlewares/Third_Party/FreeRTOS/Source/tasks.c **** #endif /* configUSE_STATS_FORMATTING_FUNCTIONS == 1 ) */
  58:Middlewares/Third_Party/FreeRTOS/Source/tasks.c **** 
  59:Middlewares/Third_Party/FreeRTOS/Source/tasks.c **** #if( configUSE_PREEMPTION == 0 )
  60:Middlewares/Third_Party/FreeRTOS/Source/tasks.c **** 	/* If the cooperative scheduler is being used then a yield should not be
  61:Middlewares/Third_Party/FreeRTOS/Source/tasks.c **** 	performed just because a higher priority task has been woken. */
  62:Middlewares/Third_Party/FreeRTOS/Source/tasks.c **** 	#define taskYIELD_IF_USING_PREEMPTION()
  63:Middlewares/Third_Party/FreeRTOS/Source/tasks.c **** #else
  64:Middlewares/Third_Party/FreeRTOS/Source/tasks.c **** 	#define taskYIELD_IF_USING_PREEMPTION() portYIELD_WITHIN_API()
  65:Middlewares/Third_Party/FreeRTOS/Source/tasks.c **** #endif
  66:Middlewares/Third_Party/FreeRTOS/Source/tasks.c **** 
  67:Middlewares/Third_Party/FreeRTOS/Source/tasks.c **** /* Values that can be assigned to the ucNotifyState member of the TCB. */
  68:Middlewares/Third_Party/FreeRTOS/Source/tasks.c **** #define taskNOT_WAITING_NOTIFICATION	( ( uint8_t ) 0 )
  69:Middlewares/Third_Party/FreeRTOS/Source/tasks.c **** #define taskWAITING_NOTIFICATION		( ( uint8_t ) 1 )
  70:Middlewares/Third_Party/FreeRTOS/Source/tasks.c **** #define taskNOTIFICATION_RECEIVED		( ( uint8_t ) 2 )
  71:Middlewares/Third_Party/FreeRTOS/Source/tasks.c **** 
  72:Middlewares/Third_Party/FreeRTOS/Source/tasks.c **** /*
  73:Middlewares/Third_Party/FreeRTOS/Source/tasks.c ****  * The value used to fill the stack of a task when the task is created.  This
  74:Middlewares/Third_Party/FreeRTOS/Source/tasks.c ****  * is used purely for checking the high water mark for tasks.
  75:Middlewares/Third_Party/FreeRTOS/Source/tasks.c ****  */
  76:Middlewares/Third_Party/FreeRTOS/Source/tasks.c **** #define tskSTACK_FILL_BYTE	( 0xa5U )
  77:Middlewares/Third_Party/FreeRTOS/Source/tasks.c **** 
  78:Middlewares/Third_Party/FreeRTOS/Source/tasks.c **** /* Sometimes the FreeRTOSConfig.h settings only allow a task to be created using
  79:Middlewares/Third_Party/FreeRTOS/Source/tasks.c **** dynamically allocated RAM, in which case when any task is deleted it is known
  80:Middlewares/Third_Party/FreeRTOS/Source/tasks.c **** that both the task's stack and TCB need to be freed.  Sometimes the
  81:Middlewares/Third_Party/FreeRTOS/Source/tasks.c **** FreeRTOSConfig.h settings only allow a task to be created using statically
  82:Middlewares/Third_Party/FreeRTOS/Source/tasks.c **** allocated RAM, in which case when any task is deleted it is known that neither
  83:Middlewares/Third_Party/FreeRTOS/Source/tasks.c **** the task's stack or TCB should be freed.  Sometimes the FreeRTOSConfig.h
  84:Middlewares/Third_Party/FreeRTOS/Source/tasks.c **** settings allow a task to be created using either statically or dynamically
  85:Middlewares/Third_Party/FreeRTOS/Source/tasks.c **** allocated RAM, in which case a member of the TCB is used to record whether the
  86:Middlewares/Third_Party/FreeRTOS/Source/tasks.c **** stack and/or TCB were allocated statically or dynamically, so when a task is
  87:Middlewares/Third_Party/FreeRTOS/Source/tasks.c **** deleted the RAM that was allocated dynamically is freed again and no attempt is
ARM GAS  /tmp/ccZZCKwI.s 			page 3


  88:Middlewares/Third_Party/FreeRTOS/Source/tasks.c **** made to free the RAM that was allocated statically.
  89:Middlewares/Third_Party/FreeRTOS/Source/tasks.c **** tskSTATIC_AND_DYNAMIC_ALLOCATION_POSSIBLE is only true if it is possible for a
  90:Middlewares/Third_Party/FreeRTOS/Source/tasks.c **** task to be created using either statically or dynamically allocated RAM.  Note
  91:Middlewares/Third_Party/FreeRTOS/Source/tasks.c **** that if portUSING_MPU_WRAPPERS is 1 then a protected task can be created with
  92:Middlewares/Third_Party/FreeRTOS/Source/tasks.c **** a statically allocated stack and a dynamically allocated TCB.
  93:Middlewares/Third_Party/FreeRTOS/Source/tasks.c **** !!!NOTE!!! If the definition of tskSTATIC_AND_DYNAMIC_ALLOCATION_POSSIBLE is
  94:Middlewares/Third_Party/FreeRTOS/Source/tasks.c **** changed then the definition of StaticTask_t must also be updated. */
  95:Middlewares/Third_Party/FreeRTOS/Source/tasks.c **** #define tskSTATIC_AND_DYNAMIC_ALLOCATION_POSSIBLE	( ( configSUPPORT_STATIC_ALLOCATION == 1 ) && ( c
  96:Middlewares/Third_Party/FreeRTOS/Source/tasks.c **** #define tskDYNAMICALLY_ALLOCATED_STACK_AND_TCB 		( ( uint8_t ) 0 )
  97:Middlewares/Third_Party/FreeRTOS/Source/tasks.c **** #define tskSTATICALLY_ALLOCATED_STACK_ONLY 			( ( uint8_t ) 1 )
  98:Middlewares/Third_Party/FreeRTOS/Source/tasks.c **** #define tskSTATICALLY_ALLOCATED_STACK_AND_TCB		( ( uint8_t ) 2 )
  99:Middlewares/Third_Party/FreeRTOS/Source/tasks.c **** 
 100:Middlewares/Third_Party/FreeRTOS/Source/tasks.c **** /* If any of the following are set then task stacks are filled with a known
 101:Middlewares/Third_Party/FreeRTOS/Source/tasks.c **** value so the high water mark can be determined.  If none of the following are
 102:Middlewares/Third_Party/FreeRTOS/Source/tasks.c **** set then don't fill the stack so there is no unnecessary dependency on memset. */
 103:Middlewares/Third_Party/FreeRTOS/Source/tasks.c **** #if( ( configCHECK_FOR_STACK_OVERFLOW > 1 ) || ( configUSE_TRACE_FACILITY == 1 ) || ( INCLUDE_uxTas
 104:Middlewares/Third_Party/FreeRTOS/Source/tasks.c **** 	#define tskSET_NEW_STACKS_TO_KNOWN_VALUE	1
 105:Middlewares/Third_Party/FreeRTOS/Source/tasks.c **** #else
 106:Middlewares/Third_Party/FreeRTOS/Source/tasks.c **** 	#define tskSET_NEW_STACKS_TO_KNOWN_VALUE	0
 107:Middlewares/Third_Party/FreeRTOS/Source/tasks.c **** #endif
 108:Middlewares/Third_Party/FreeRTOS/Source/tasks.c **** 
 109:Middlewares/Third_Party/FreeRTOS/Source/tasks.c **** /*
 110:Middlewares/Third_Party/FreeRTOS/Source/tasks.c ****  * Macros used by vListTask to indicate which state a task is in.
 111:Middlewares/Third_Party/FreeRTOS/Source/tasks.c ****  */
 112:Middlewares/Third_Party/FreeRTOS/Source/tasks.c **** #define tskRUNNING_CHAR		( 'X' )
 113:Middlewares/Third_Party/FreeRTOS/Source/tasks.c **** #define tskBLOCKED_CHAR		( 'B' )
 114:Middlewares/Third_Party/FreeRTOS/Source/tasks.c **** #define tskREADY_CHAR		( 'R' )
 115:Middlewares/Third_Party/FreeRTOS/Source/tasks.c **** #define tskDELETED_CHAR		( 'D' )
 116:Middlewares/Third_Party/FreeRTOS/Source/tasks.c **** #define tskSUSPENDED_CHAR	( 'S' )
 117:Middlewares/Third_Party/FreeRTOS/Source/tasks.c **** 
 118:Middlewares/Third_Party/FreeRTOS/Source/tasks.c **** /*
 119:Middlewares/Third_Party/FreeRTOS/Source/tasks.c ****  * Some kernel aware debuggers require the data the debugger needs access to be
 120:Middlewares/Third_Party/FreeRTOS/Source/tasks.c ****  * global, rather than file scope.
 121:Middlewares/Third_Party/FreeRTOS/Source/tasks.c ****  */
 122:Middlewares/Third_Party/FreeRTOS/Source/tasks.c **** #ifdef portREMOVE_STATIC_QUALIFIER
 123:Middlewares/Third_Party/FreeRTOS/Source/tasks.c **** 	#define static
 124:Middlewares/Third_Party/FreeRTOS/Source/tasks.c **** #endif
 125:Middlewares/Third_Party/FreeRTOS/Source/tasks.c **** 
 126:Middlewares/Third_Party/FreeRTOS/Source/tasks.c **** /* The name allocated to the Idle task.  This can be overridden by defining
 127:Middlewares/Third_Party/FreeRTOS/Source/tasks.c **** configIDLE_TASK_NAME in FreeRTOSConfig.h. */
 128:Middlewares/Third_Party/FreeRTOS/Source/tasks.c **** #ifndef configIDLE_TASK_NAME
 129:Middlewares/Third_Party/FreeRTOS/Source/tasks.c **** 	#define configIDLE_TASK_NAME "IDLE"
 130:Middlewares/Third_Party/FreeRTOS/Source/tasks.c **** #endif
 131:Middlewares/Third_Party/FreeRTOS/Source/tasks.c **** 
 132:Middlewares/Third_Party/FreeRTOS/Source/tasks.c **** #if ( configUSE_PORT_OPTIMISED_TASK_SELECTION == 0 )
 133:Middlewares/Third_Party/FreeRTOS/Source/tasks.c **** 
 134:Middlewares/Third_Party/FreeRTOS/Source/tasks.c **** 	/* If configUSE_PORT_OPTIMISED_TASK_SELECTION is 0 then task selection is
 135:Middlewares/Third_Party/FreeRTOS/Source/tasks.c **** 	performed in a generic way that is not optimised to any particular
 136:Middlewares/Third_Party/FreeRTOS/Source/tasks.c **** 	microcontroller architecture. */
 137:Middlewares/Third_Party/FreeRTOS/Source/tasks.c **** 
 138:Middlewares/Third_Party/FreeRTOS/Source/tasks.c **** 	/* uxTopReadyPriority holds the priority of the highest priority ready
 139:Middlewares/Third_Party/FreeRTOS/Source/tasks.c **** 	state task. */
 140:Middlewares/Third_Party/FreeRTOS/Source/tasks.c **** 	#define taskRECORD_READY_PRIORITY( uxPriority )														\
 141:Middlewares/Third_Party/FreeRTOS/Source/tasks.c **** 	{																									\
 142:Middlewares/Third_Party/FreeRTOS/Source/tasks.c **** 		if( ( uxPriority ) > uxTopReadyPriority )														\
 143:Middlewares/Third_Party/FreeRTOS/Source/tasks.c **** 		{																								\
 144:Middlewares/Third_Party/FreeRTOS/Source/tasks.c **** 			uxTopReadyPriority = ( uxPriority );														\
ARM GAS  /tmp/ccZZCKwI.s 			page 4


 145:Middlewares/Third_Party/FreeRTOS/Source/tasks.c **** 		}																								\
 146:Middlewares/Third_Party/FreeRTOS/Source/tasks.c **** 	} /* taskRECORD_READY_PRIORITY */
 147:Middlewares/Third_Party/FreeRTOS/Source/tasks.c **** 
 148:Middlewares/Third_Party/FreeRTOS/Source/tasks.c **** 	/*-----------------------------------------------------------*/
 149:Middlewares/Third_Party/FreeRTOS/Source/tasks.c **** 
 150:Middlewares/Third_Party/FreeRTOS/Source/tasks.c **** 	#define taskSELECT_HIGHEST_PRIORITY_TASK()															\
 151:Middlewares/Third_Party/FreeRTOS/Source/tasks.c **** 	{																									\
 152:Middlewares/Third_Party/FreeRTOS/Source/tasks.c **** 	UBaseType_t uxTopPriority = uxTopReadyPriority;														\
 153:Middlewares/Third_Party/FreeRTOS/Source/tasks.c **** 																										\
 154:Middlewares/Third_Party/FreeRTOS/Source/tasks.c **** 		/* Find the highest priority queue that contains ready tasks. */								\
 155:Middlewares/Third_Party/FreeRTOS/Source/tasks.c **** 		while( listLIST_IS_EMPTY( &( pxReadyTasksLists[ uxTopPriority ] ) ) )							\
 156:Middlewares/Third_Party/FreeRTOS/Source/tasks.c **** 		{																								\
 157:Middlewares/Third_Party/FreeRTOS/Source/tasks.c **** 			configASSERT( uxTopPriority );																\
 158:Middlewares/Third_Party/FreeRTOS/Source/tasks.c **** 			--uxTopPriority;																			\
 159:Middlewares/Third_Party/FreeRTOS/Source/tasks.c **** 		}																								\
 160:Middlewares/Third_Party/FreeRTOS/Source/tasks.c **** 																										\
 161:Middlewares/Third_Party/FreeRTOS/Source/tasks.c **** 		/* listGET_OWNER_OF_NEXT_ENTRY indexes through the list, so the tasks of						\
 162:Middlewares/Third_Party/FreeRTOS/Source/tasks.c **** 		the	same priority get an equal share of the processor time. */									\
 163:Middlewares/Third_Party/FreeRTOS/Source/tasks.c **** 		listGET_OWNER_OF_NEXT_ENTRY( pxCurrentTCB, &( pxReadyTasksLists[ uxTopPriority ] ) );			\
 164:Middlewares/Third_Party/FreeRTOS/Source/tasks.c **** 		uxTopReadyPriority = uxTopPriority;																\
 165:Middlewares/Third_Party/FreeRTOS/Source/tasks.c **** 	} /* taskSELECT_HIGHEST_PRIORITY_TASK */
 166:Middlewares/Third_Party/FreeRTOS/Source/tasks.c **** 
 167:Middlewares/Third_Party/FreeRTOS/Source/tasks.c **** 	/*-----------------------------------------------------------*/
 168:Middlewares/Third_Party/FreeRTOS/Source/tasks.c **** 
 169:Middlewares/Third_Party/FreeRTOS/Source/tasks.c **** 	/* Define away taskRESET_READY_PRIORITY() and portRESET_READY_PRIORITY() as
 170:Middlewares/Third_Party/FreeRTOS/Source/tasks.c **** 	they are only required when a port optimised method of task selection is
 171:Middlewares/Third_Party/FreeRTOS/Source/tasks.c **** 	being used. */
 172:Middlewares/Third_Party/FreeRTOS/Source/tasks.c **** 	#define taskRESET_READY_PRIORITY( uxPriority )
 173:Middlewares/Third_Party/FreeRTOS/Source/tasks.c **** 	#define portRESET_READY_PRIORITY( uxPriority, uxTopReadyPriority )
 174:Middlewares/Third_Party/FreeRTOS/Source/tasks.c **** 
 175:Middlewares/Third_Party/FreeRTOS/Source/tasks.c **** #else /* configUSE_PORT_OPTIMISED_TASK_SELECTION */
 176:Middlewares/Third_Party/FreeRTOS/Source/tasks.c **** 
 177:Middlewares/Third_Party/FreeRTOS/Source/tasks.c **** 	/* If configUSE_PORT_OPTIMISED_TASK_SELECTION is 1 then task selection is
 178:Middlewares/Third_Party/FreeRTOS/Source/tasks.c **** 	performed in a way that is tailored to the particular microcontroller
 179:Middlewares/Third_Party/FreeRTOS/Source/tasks.c **** 	architecture being used. */
 180:Middlewares/Third_Party/FreeRTOS/Source/tasks.c **** 
 181:Middlewares/Third_Party/FreeRTOS/Source/tasks.c **** 	/* A port optimised version is provided.  Call the port defined macros. */
 182:Middlewares/Third_Party/FreeRTOS/Source/tasks.c **** 	#define taskRECORD_READY_PRIORITY( uxPriority )	portRECORD_READY_PRIORITY( uxPriority, uxTopReadyP
 183:Middlewares/Third_Party/FreeRTOS/Source/tasks.c **** 
 184:Middlewares/Third_Party/FreeRTOS/Source/tasks.c **** 	/*-----------------------------------------------------------*/
 185:Middlewares/Third_Party/FreeRTOS/Source/tasks.c **** 
 186:Middlewares/Third_Party/FreeRTOS/Source/tasks.c **** 	#define taskSELECT_HIGHEST_PRIORITY_TASK()														\
 187:Middlewares/Third_Party/FreeRTOS/Source/tasks.c **** 	{																								\
 188:Middlewares/Third_Party/FreeRTOS/Source/tasks.c **** 	UBaseType_t uxTopPriority;																		\
 189:Middlewares/Third_Party/FreeRTOS/Source/tasks.c **** 																									\
 190:Middlewares/Third_Party/FreeRTOS/Source/tasks.c **** 		/* Find the highest priority list that contains ready tasks. */								\
 191:Middlewares/Third_Party/FreeRTOS/Source/tasks.c **** 		portGET_HIGHEST_PRIORITY( uxTopPriority, uxTopReadyPriority );								\
 192:Middlewares/Third_Party/FreeRTOS/Source/tasks.c **** 		configASSERT( listCURRENT_LIST_LENGTH( &( pxReadyTasksLists[ uxTopPriority ] ) ) > 0 );		\
 193:Middlewares/Third_Party/FreeRTOS/Source/tasks.c **** 		listGET_OWNER_OF_NEXT_ENTRY( pxCurrentTCB, &( pxReadyTasksLists[ uxTopPriority ] ) );		\
 194:Middlewares/Third_Party/FreeRTOS/Source/tasks.c **** 	} /* taskSELECT_HIGHEST_PRIORITY_TASK() */
 195:Middlewares/Third_Party/FreeRTOS/Source/tasks.c **** 
 196:Middlewares/Third_Party/FreeRTOS/Source/tasks.c **** 	/*-----------------------------------------------------------*/
 197:Middlewares/Third_Party/FreeRTOS/Source/tasks.c **** 
 198:Middlewares/Third_Party/FreeRTOS/Source/tasks.c **** 	/* A port optimised version is provided, call it only if the TCB being reset
 199:Middlewares/Third_Party/FreeRTOS/Source/tasks.c **** 	is being referenced from a ready list.  If it is referenced from a delayed
 200:Middlewares/Third_Party/FreeRTOS/Source/tasks.c **** 	or suspended list then it won't be in a ready list. */
 201:Middlewares/Third_Party/FreeRTOS/Source/tasks.c **** 	#define taskRESET_READY_PRIORITY( uxPriority )														\
ARM GAS  /tmp/ccZZCKwI.s 			page 5


 202:Middlewares/Third_Party/FreeRTOS/Source/tasks.c **** 	{																									\
 203:Middlewares/Third_Party/FreeRTOS/Source/tasks.c **** 		if( listCURRENT_LIST_LENGTH( &( pxReadyTasksLists[ ( uxPriority ) ] ) ) == ( UBaseType_t ) 0 )	\
 204:Middlewares/Third_Party/FreeRTOS/Source/tasks.c **** 		{																								\
 205:Middlewares/Third_Party/FreeRTOS/Source/tasks.c **** 			portRESET_READY_PRIORITY( ( uxPriority ), ( uxTopReadyPriority ) );							\
 206:Middlewares/Third_Party/FreeRTOS/Source/tasks.c **** 		}																								\
 207:Middlewares/Third_Party/FreeRTOS/Source/tasks.c **** 	}
 208:Middlewares/Third_Party/FreeRTOS/Source/tasks.c **** 
 209:Middlewares/Third_Party/FreeRTOS/Source/tasks.c **** #endif /* configUSE_PORT_OPTIMISED_TASK_SELECTION */
 210:Middlewares/Third_Party/FreeRTOS/Source/tasks.c **** 
 211:Middlewares/Third_Party/FreeRTOS/Source/tasks.c **** /*-----------------------------------------------------------*/
 212:Middlewares/Third_Party/FreeRTOS/Source/tasks.c **** 
 213:Middlewares/Third_Party/FreeRTOS/Source/tasks.c **** /* pxDelayedTaskList and pxOverflowDelayedTaskList are switched when the tick
 214:Middlewares/Third_Party/FreeRTOS/Source/tasks.c **** count overflows. */
 215:Middlewares/Third_Party/FreeRTOS/Source/tasks.c **** #define taskSWITCH_DELAYED_LISTS()																	\
 216:Middlewares/Third_Party/FreeRTOS/Source/tasks.c **** {																									\
 217:Middlewares/Third_Party/FreeRTOS/Source/tasks.c **** 	List_t *pxTemp;																					\
 218:Middlewares/Third_Party/FreeRTOS/Source/tasks.c **** 																									\
 219:Middlewares/Third_Party/FreeRTOS/Source/tasks.c **** 	/* The delayed tasks list should be empty when the lists are switched. */						\
 220:Middlewares/Third_Party/FreeRTOS/Source/tasks.c **** 	configASSERT( ( listLIST_IS_EMPTY( pxDelayedTaskList ) ) );										\
 221:Middlewares/Third_Party/FreeRTOS/Source/tasks.c **** 																									\
 222:Middlewares/Third_Party/FreeRTOS/Source/tasks.c **** 	pxTemp = pxDelayedTaskList;																		\
 223:Middlewares/Third_Party/FreeRTOS/Source/tasks.c **** 	pxDelayedTaskList = pxOverflowDelayedTaskList;													\
 224:Middlewares/Third_Party/FreeRTOS/Source/tasks.c **** 	pxOverflowDelayedTaskList = pxTemp;																\
 225:Middlewares/Third_Party/FreeRTOS/Source/tasks.c **** 	xNumOfOverflows++;																				\
 226:Middlewares/Third_Party/FreeRTOS/Source/tasks.c **** 	prvResetNextTaskUnblockTime();																	\
 227:Middlewares/Third_Party/FreeRTOS/Source/tasks.c **** }
 228:Middlewares/Third_Party/FreeRTOS/Source/tasks.c **** 
 229:Middlewares/Third_Party/FreeRTOS/Source/tasks.c **** /*-----------------------------------------------------------*/
 230:Middlewares/Third_Party/FreeRTOS/Source/tasks.c **** 
 231:Middlewares/Third_Party/FreeRTOS/Source/tasks.c **** /*
 232:Middlewares/Third_Party/FreeRTOS/Source/tasks.c ****  * Place the task represented by pxTCB into the appropriate ready list for
 233:Middlewares/Third_Party/FreeRTOS/Source/tasks.c ****  * the task.  It is inserted at the end of the list.
 234:Middlewares/Third_Party/FreeRTOS/Source/tasks.c ****  */
 235:Middlewares/Third_Party/FreeRTOS/Source/tasks.c **** #define prvAddTaskToReadyList( pxTCB )																\
 236:Middlewares/Third_Party/FreeRTOS/Source/tasks.c **** 	traceMOVED_TASK_TO_READY_STATE( pxTCB );														\
 237:Middlewares/Third_Party/FreeRTOS/Source/tasks.c **** 	taskRECORD_READY_PRIORITY( ( pxTCB )->uxPriority );												\
 238:Middlewares/Third_Party/FreeRTOS/Source/tasks.c **** 	vListInsertEnd( &( pxReadyTasksLists[ ( pxTCB )->uxPriority ] ), &( ( pxTCB )->xStateListItem ) );
 239:Middlewares/Third_Party/FreeRTOS/Source/tasks.c **** 	tracePOST_MOVED_TASK_TO_READY_STATE( pxTCB )
 240:Middlewares/Third_Party/FreeRTOS/Source/tasks.c **** /*-----------------------------------------------------------*/
 241:Middlewares/Third_Party/FreeRTOS/Source/tasks.c **** 
 242:Middlewares/Third_Party/FreeRTOS/Source/tasks.c **** /*
 243:Middlewares/Third_Party/FreeRTOS/Source/tasks.c ****  * Several functions take an TaskHandle_t parameter that can optionally be NULL,
 244:Middlewares/Third_Party/FreeRTOS/Source/tasks.c ****  * where NULL is used to indicate that the handle of the currently executing
 245:Middlewares/Third_Party/FreeRTOS/Source/tasks.c ****  * task should be used in place of the parameter.  This macro simply checks to
 246:Middlewares/Third_Party/FreeRTOS/Source/tasks.c ****  * see if the parameter is NULL and returns a pointer to the appropriate TCB.
 247:Middlewares/Third_Party/FreeRTOS/Source/tasks.c ****  */
 248:Middlewares/Third_Party/FreeRTOS/Source/tasks.c **** #define prvGetTCBFromHandle( pxHandle ) ( ( ( pxHandle ) == NULL ) ? ( TCB_t * ) pxCurrentTCB : ( T
 249:Middlewares/Third_Party/FreeRTOS/Source/tasks.c **** 
 250:Middlewares/Third_Party/FreeRTOS/Source/tasks.c **** /* The item value of the event list item is normally used to hold the priority
 251:Middlewares/Third_Party/FreeRTOS/Source/tasks.c **** of the task to which it belongs (coded to allow it to be held in reverse
 252:Middlewares/Third_Party/FreeRTOS/Source/tasks.c **** priority order).  However, it is occasionally borrowed for other purposes.  It
 253:Middlewares/Third_Party/FreeRTOS/Source/tasks.c **** is important its value is not updated due to a task priority change while it is
 254:Middlewares/Third_Party/FreeRTOS/Source/tasks.c **** being used for another purpose.  The following bit definition is used to inform
 255:Middlewares/Third_Party/FreeRTOS/Source/tasks.c **** the scheduler that the value should not be changed - in which case it is the
 256:Middlewares/Third_Party/FreeRTOS/Source/tasks.c **** responsibility of whichever module is using the value to ensure it gets set back
 257:Middlewares/Third_Party/FreeRTOS/Source/tasks.c **** to its original value when it is released. */
 258:Middlewares/Third_Party/FreeRTOS/Source/tasks.c **** #if( configUSE_16_BIT_TICKS == 1 )
ARM GAS  /tmp/ccZZCKwI.s 			page 6


 259:Middlewares/Third_Party/FreeRTOS/Source/tasks.c **** 	#define taskEVENT_LIST_ITEM_VALUE_IN_USE	0x8000U
 260:Middlewares/Third_Party/FreeRTOS/Source/tasks.c **** #else
 261:Middlewares/Third_Party/FreeRTOS/Source/tasks.c **** 	#define taskEVENT_LIST_ITEM_VALUE_IN_USE	0x80000000UL
 262:Middlewares/Third_Party/FreeRTOS/Source/tasks.c **** #endif
 263:Middlewares/Third_Party/FreeRTOS/Source/tasks.c **** 
 264:Middlewares/Third_Party/FreeRTOS/Source/tasks.c **** /*
 265:Middlewares/Third_Party/FreeRTOS/Source/tasks.c ****  * Task control block.  A task control block (TCB) is allocated for each task,
 266:Middlewares/Third_Party/FreeRTOS/Source/tasks.c ****  * and stores task state information, including a pointer to the task's context
 267:Middlewares/Third_Party/FreeRTOS/Source/tasks.c ****  * (the task's run time environment, including register values)
 268:Middlewares/Third_Party/FreeRTOS/Source/tasks.c ****  */
 269:Middlewares/Third_Party/FreeRTOS/Source/tasks.c **** typedef struct tskTaskControlBlock
 270:Middlewares/Third_Party/FreeRTOS/Source/tasks.c **** {
 271:Middlewares/Third_Party/FreeRTOS/Source/tasks.c **** 	volatile StackType_t	*pxTopOfStack;	/*< Points to the location of the last item placed on the task
 272:Middlewares/Third_Party/FreeRTOS/Source/tasks.c **** 
 273:Middlewares/Third_Party/FreeRTOS/Source/tasks.c **** 	#if ( portUSING_MPU_WRAPPERS == 1 )
 274:Middlewares/Third_Party/FreeRTOS/Source/tasks.c **** 		xMPU_SETTINGS	xMPUSettings;		/*< The MPU settings are defined as part of the port layer.  THIS MU
 275:Middlewares/Third_Party/FreeRTOS/Source/tasks.c **** 	#endif
 276:Middlewares/Third_Party/FreeRTOS/Source/tasks.c **** 
 277:Middlewares/Third_Party/FreeRTOS/Source/tasks.c **** 	ListItem_t			xStateListItem;	/*< The list that the state list item of a task is reference from den
 278:Middlewares/Third_Party/FreeRTOS/Source/tasks.c **** 	ListItem_t			xEventListItem;		/*< Used to reference a task from an event list. */
 279:Middlewares/Third_Party/FreeRTOS/Source/tasks.c **** 	UBaseType_t			uxPriority;			/*< The priority of the task.  0 is the lowest priority. */
 280:Middlewares/Third_Party/FreeRTOS/Source/tasks.c **** 	StackType_t			*pxStack;			/*< Points to the start of the stack. */
 281:Middlewares/Third_Party/FreeRTOS/Source/tasks.c **** 	char				pcTaskName[ configMAX_TASK_NAME_LEN ];/*< Descriptive name given to the task when created.
 282:Middlewares/Third_Party/FreeRTOS/Source/tasks.c **** 
 283:Middlewares/Third_Party/FreeRTOS/Source/tasks.c **** 	#if ( ( portSTACK_GROWTH > 0 ) || ( configRECORD_STACK_HIGH_ADDRESS == 1 ) )
 284:Middlewares/Third_Party/FreeRTOS/Source/tasks.c **** 		StackType_t		*pxEndOfStack;		/*< Points to the highest valid address for the stack. */
 285:Middlewares/Third_Party/FreeRTOS/Source/tasks.c **** 	#endif
 286:Middlewares/Third_Party/FreeRTOS/Source/tasks.c **** 
 287:Middlewares/Third_Party/FreeRTOS/Source/tasks.c **** 	#if ( portCRITICAL_NESTING_IN_TCB == 1 )
 288:Middlewares/Third_Party/FreeRTOS/Source/tasks.c **** 		UBaseType_t		uxCriticalNesting;	/*< Holds the critical section nesting depth for ports that do no
 289:Middlewares/Third_Party/FreeRTOS/Source/tasks.c **** 	#endif
 290:Middlewares/Third_Party/FreeRTOS/Source/tasks.c **** 
 291:Middlewares/Third_Party/FreeRTOS/Source/tasks.c **** 	#if ( configUSE_TRACE_FACILITY == 1 )
 292:Middlewares/Third_Party/FreeRTOS/Source/tasks.c **** 		UBaseType_t		uxTCBNumber;		/*< Stores a number that increments each time a TCB is created.  It al
 293:Middlewares/Third_Party/FreeRTOS/Source/tasks.c **** 		UBaseType_t		uxTaskNumber;		/*< Stores a number specifically for use by third party trace code. *
 294:Middlewares/Third_Party/FreeRTOS/Source/tasks.c **** 	#endif
 295:Middlewares/Third_Party/FreeRTOS/Source/tasks.c **** 
 296:Middlewares/Third_Party/FreeRTOS/Source/tasks.c **** 	#if ( configUSE_MUTEXES == 1 )
 297:Middlewares/Third_Party/FreeRTOS/Source/tasks.c **** 		UBaseType_t		uxBasePriority;		/*< The priority last assigned to the task - used by the priority i
 298:Middlewares/Third_Party/FreeRTOS/Source/tasks.c **** 		UBaseType_t		uxMutexesHeld;
 299:Middlewares/Third_Party/FreeRTOS/Source/tasks.c **** 	#endif
 300:Middlewares/Third_Party/FreeRTOS/Source/tasks.c **** 
 301:Middlewares/Third_Party/FreeRTOS/Source/tasks.c **** 	#if ( configUSE_APPLICATION_TASK_TAG == 1 )
 302:Middlewares/Third_Party/FreeRTOS/Source/tasks.c **** 		TaskHookFunction_t pxTaskTag;
 303:Middlewares/Third_Party/FreeRTOS/Source/tasks.c **** 	#endif
 304:Middlewares/Third_Party/FreeRTOS/Source/tasks.c **** 
 305:Middlewares/Third_Party/FreeRTOS/Source/tasks.c **** 	#if( configNUM_THREAD_LOCAL_STORAGE_POINTERS > 0 )
 306:Middlewares/Third_Party/FreeRTOS/Source/tasks.c **** 		void			*pvThreadLocalStoragePointers[ configNUM_THREAD_LOCAL_STORAGE_POINTERS ];
 307:Middlewares/Third_Party/FreeRTOS/Source/tasks.c **** 	#endif
 308:Middlewares/Third_Party/FreeRTOS/Source/tasks.c **** 
 309:Middlewares/Third_Party/FreeRTOS/Source/tasks.c **** 	#if( configGENERATE_RUN_TIME_STATS == 1 )
 310:Middlewares/Third_Party/FreeRTOS/Source/tasks.c **** 		uint32_t		ulRunTimeCounter;	/*< Stores the amount of time the task has spent in the Running state
 311:Middlewares/Third_Party/FreeRTOS/Source/tasks.c **** 	#endif
 312:Middlewares/Third_Party/FreeRTOS/Source/tasks.c **** 
 313:Middlewares/Third_Party/FreeRTOS/Source/tasks.c **** 	#if ( configUSE_NEWLIB_REENTRANT == 1 )
 314:Middlewares/Third_Party/FreeRTOS/Source/tasks.c **** 		/* Allocate a Newlib reent structure that is specific to this task.
 315:Middlewares/Third_Party/FreeRTOS/Source/tasks.c **** 		Note Newlib support has been included by popular demand, but is not
ARM GAS  /tmp/ccZZCKwI.s 			page 7


 316:Middlewares/Third_Party/FreeRTOS/Source/tasks.c **** 		used by the FreeRTOS maintainers themselves.  FreeRTOS is not
 317:Middlewares/Third_Party/FreeRTOS/Source/tasks.c **** 		responsible for resulting newlib operation.  User must be familiar with
 318:Middlewares/Third_Party/FreeRTOS/Source/tasks.c **** 		newlib and must provide system-wide implementations of the necessary
 319:Middlewares/Third_Party/FreeRTOS/Source/tasks.c **** 		stubs. Be warned that (at the time of writing) the current newlib design
 320:Middlewares/Third_Party/FreeRTOS/Source/tasks.c **** 		implements a system-wide malloc() that must be provided with locks. */
 321:Middlewares/Third_Party/FreeRTOS/Source/tasks.c **** 		struct	_reent xNewLib_reent;
 322:Middlewares/Third_Party/FreeRTOS/Source/tasks.c **** 	#endif
 323:Middlewares/Third_Party/FreeRTOS/Source/tasks.c **** 
 324:Middlewares/Third_Party/FreeRTOS/Source/tasks.c **** 	#if( configUSE_TASK_NOTIFICATIONS == 1 )
 325:Middlewares/Third_Party/FreeRTOS/Source/tasks.c **** 		volatile uint32_t ulNotifiedValue;
 326:Middlewares/Third_Party/FreeRTOS/Source/tasks.c **** 		volatile uint8_t ucNotifyState;
 327:Middlewares/Third_Party/FreeRTOS/Source/tasks.c **** 	#endif
 328:Middlewares/Third_Party/FreeRTOS/Source/tasks.c **** 
 329:Middlewares/Third_Party/FreeRTOS/Source/tasks.c **** 	/* See the comments above the definition of
 330:Middlewares/Third_Party/FreeRTOS/Source/tasks.c **** 	tskSTATIC_AND_DYNAMIC_ALLOCATION_POSSIBLE. */
 331:Middlewares/Third_Party/FreeRTOS/Source/tasks.c **** 	#if( tskSTATIC_AND_DYNAMIC_ALLOCATION_POSSIBLE != 0 ) /*lint !e731 Macro has been consolidated for
 332:Middlewares/Third_Party/FreeRTOS/Source/tasks.c **** 		uint8_t	ucStaticallyAllocated; 		/*< Set to pdTRUE if the task is a statically allocated to ensur
 333:Middlewares/Third_Party/FreeRTOS/Source/tasks.c **** 	#endif
 334:Middlewares/Third_Party/FreeRTOS/Source/tasks.c **** 
 335:Middlewares/Third_Party/FreeRTOS/Source/tasks.c **** 	#if( INCLUDE_xTaskAbortDelay == 1 )
 336:Middlewares/Third_Party/FreeRTOS/Source/tasks.c **** 		uint8_t ucDelayAborted;
 337:Middlewares/Third_Party/FreeRTOS/Source/tasks.c **** 	#endif
 338:Middlewares/Third_Party/FreeRTOS/Source/tasks.c **** 
 339:Middlewares/Third_Party/FreeRTOS/Source/tasks.c **** } tskTCB;
 340:Middlewares/Third_Party/FreeRTOS/Source/tasks.c **** 
 341:Middlewares/Third_Party/FreeRTOS/Source/tasks.c **** /* The old tskTCB name is maintained above then typedefed to the new TCB_t name
 342:Middlewares/Third_Party/FreeRTOS/Source/tasks.c **** below to enable the use of older kernel aware debuggers. */
 343:Middlewares/Third_Party/FreeRTOS/Source/tasks.c **** typedef tskTCB TCB_t;
 344:Middlewares/Third_Party/FreeRTOS/Source/tasks.c **** 
 345:Middlewares/Third_Party/FreeRTOS/Source/tasks.c **** /*lint -save -e956 A manual analysis and inspection has been used to determine
 346:Middlewares/Third_Party/FreeRTOS/Source/tasks.c **** which static variables must be declared volatile. */
 347:Middlewares/Third_Party/FreeRTOS/Source/tasks.c **** 
 348:Middlewares/Third_Party/FreeRTOS/Source/tasks.c **** PRIVILEGED_DATA TCB_t * volatile pxCurrentTCB = NULL;
 349:Middlewares/Third_Party/FreeRTOS/Source/tasks.c **** 
 350:Middlewares/Third_Party/FreeRTOS/Source/tasks.c **** /* Lists for ready and blocked tasks. --------------------*/
 351:Middlewares/Third_Party/FreeRTOS/Source/tasks.c **** PRIVILEGED_DATA static List_t pxReadyTasksLists[ configMAX_PRIORITIES ] = {0};	/*< Prioritised read
 352:Middlewares/Third_Party/FreeRTOS/Source/tasks.c **** PRIVILEGED_DATA static List_t xDelayedTaskList1 = {0};								/*< Delayed tasks. */
 353:Middlewares/Third_Party/FreeRTOS/Source/tasks.c **** PRIVILEGED_DATA static List_t xDelayedTaskList2 = {0};								/*< Delayed tasks (two lists are used
 354:Middlewares/Third_Party/FreeRTOS/Source/tasks.c **** PRIVILEGED_DATA static List_t * volatile pxDelayedTaskList = NULL;					/*< Points to the delayed ta
 355:Middlewares/Third_Party/FreeRTOS/Source/tasks.c **** PRIVILEGED_DATA static List_t * volatile pxOverflowDelayedTaskList = NULL;			/*< Points to the dela
 356:Middlewares/Third_Party/FreeRTOS/Source/tasks.c **** PRIVILEGED_DATA static List_t xPendingReadyList = {0};								/*< Tasks that have been readied whil
 357:Middlewares/Third_Party/FreeRTOS/Source/tasks.c **** 
 358:Middlewares/Third_Party/FreeRTOS/Source/tasks.c **** #if( INCLUDE_vTaskDelete == 1 )
 359:Middlewares/Third_Party/FreeRTOS/Source/tasks.c **** 
 360:Middlewares/Third_Party/FreeRTOS/Source/tasks.c **** 	PRIVILEGED_DATA static List_t xTasksWaitingTermination = {0};					/*< Tasks that have been deleted
 361:Middlewares/Third_Party/FreeRTOS/Source/tasks.c **** 	PRIVILEGED_DATA static volatile UBaseType_t uxDeletedTasksWaitingCleanUp = ( UBaseType_t ) 0U;
 362:Middlewares/Third_Party/FreeRTOS/Source/tasks.c **** 
 363:Middlewares/Third_Party/FreeRTOS/Source/tasks.c **** #endif
 364:Middlewares/Third_Party/FreeRTOS/Source/tasks.c **** 
 365:Middlewares/Third_Party/FreeRTOS/Source/tasks.c **** #if ( INCLUDE_vTaskSuspend == 1 )
 366:Middlewares/Third_Party/FreeRTOS/Source/tasks.c **** 
 367:Middlewares/Third_Party/FreeRTOS/Source/tasks.c **** 	PRIVILEGED_DATA static List_t xSuspendedTaskList = {0};						/*< Tasks that are currently suspende
 368:Middlewares/Third_Party/FreeRTOS/Source/tasks.c **** 
 369:Middlewares/Third_Party/FreeRTOS/Source/tasks.c **** #endif
 370:Middlewares/Third_Party/FreeRTOS/Source/tasks.c **** 
 371:Middlewares/Third_Party/FreeRTOS/Source/tasks.c **** /* Other file private variables. --------------------------------*/
 372:Middlewares/Third_Party/FreeRTOS/Source/tasks.c **** PRIVILEGED_DATA static volatile UBaseType_t uxCurrentNumberOfTasks 	= ( UBaseType_t ) 0U;
ARM GAS  /tmp/ccZZCKwI.s 			page 8


 373:Middlewares/Third_Party/FreeRTOS/Source/tasks.c **** PRIVILEGED_DATA static volatile TickType_t xTickCount 				= ( TickType_t ) configINITIAL_TICK_COUNT
 374:Middlewares/Third_Party/FreeRTOS/Source/tasks.c **** PRIVILEGED_DATA static volatile UBaseType_t uxTopReadyPriority 		= tskIDLE_PRIORITY;
 375:Middlewares/Third_Party/FreeRTOS/Source/tasks.c **** PRIVILEGED_DATA static volatile BaseType_t xSchedulerRunning 		= pdFALSE;
 376:Middlewares/Third_Party/FreeRTOS/Source/tasks.c **** PRIVILEGED_DATA static volatile UBaseType_t uxPendedTicks 			= ( UBaseType_t ) 0U;
 377:Middlewares/Third_Party/FreeRTOS/Source/tasks.c **** PRIVILEGED_DATA static volatile BaseType_t xYieldPending 			= pdFALSE;
 378:Middlewares/Third_Party/FreeRTOS/Source/tasks.c **** PRIVILEGED_DATA static volatile BaseType_t xNumOfOverflows 			= ( BaseType_t ) 0;
 379:Middlewares/Third_Party/FreeRTOS/Source/tasks.c **** PRIVILEGED_DATA static UBaseType_t uxTaskNumber 					= ( UBaseType_t ) 0U;
 380:Middlewares/Third_Party/FreeRTOS/Source/tasks.c **** PRIVILEGED_DATA static volatile TickType_t xNextTaskUnblockTime		= ( TickType_t ) 0U; /* Initialise
 381:Middlewares/Third_Party/FreeRTOS/Source/tasks.c **** PRIVILEGED_DATA static TaskHandle_t xIdleTaskHandle					= NULL;			/*< Holds the handle of the idle 
 382:Middlewares/Third_Party/FreeRTOS/Source/tasks.c **** 
 383:Middlewares/Third_Party/FreeRTOS/Source/tasks.c **** /* Context switches are held pending while the scheduler is suspended.  Also,
 384:Middlewares/Third_Party/FreeRTOS/Source/tasks.c **** interrupts must not manipulate the xStateListItem of a TCB, or any of the
 385:Middlewares/Third_Party/FreeRTOS/Source/tasks.c **** lists the xStateListItem can be referenced from, if the scheduler is suspended.
 386:Middlewares/Third_Party/FreeRTOS/Source/tasks.c **** If an interrupt needs to unblock a task while the scheduler is suspended then it
 387:Middlewares/Third_Party/FreeRTOS/Source/tasks.c **** moves the task's event list item into the xPendingReadyList, ready for the
 388:Middlewares/Third_Party/FreeRTOS/Source/tasks.c **** kernel to move the task from the pending ready list into the real ready list
 389:Middlewares/Third_Party/FreeRTOS/Source/tasks.c **** when the scheduler is unsuspended.  The pending ready list itself can only be
 390:Middlewares/Third_Party/FreeRTOS/Source/tasks.c **** accessed from a critical section. */
 391:Middlewares/Third_Party/FreeRTOS/Source/tasks.c **** PRIVILEGED_DATA static volatile UBaseType_t uxSchedulerSuspended	= ( UBaseType_t ) pdFALSE;
 392:Middlewares/Third_Party/FreeRTOS/Source/tasks.c **** 
 393:Middlewares/Third_Party/FreeRTOS/Source/tasks.c **** #if ( configGENERATE_RUN_TIME_STATS == 1 )
 394:Middlewares/Third_Party/FreeRTOS/Source/tasks.c **** 
 395:Middlewares/Third_Party/FreeRTOS/Source/tasks.c **** 	PRIVILEGED_DATA static uint32_t ulTaskSwitchedInTime = 0UL;	/*< Holds the value of a timer/counter
 396:Middlewares/Third_Party/FreeRTOS/Source/tasks.c **** 	PRIVILEGED_DATA static uint32_t ulTotalRunTime = 0UL;		/*< Holds the total amount of execution tim
 397:Middlewares/Third_Party/FreeRTOS/Source/tasks.c **** 
 398:Middlewares/Third_Party/FreeRTOS/Source/tasks.c **** #endif
 399:Middlewares/Third_Party/FreeRTOS/Source/tasks.c **** 
 400:Middlewares/Third_Party/FreeRTOS/Source/tasks.c **** /*lint -restore */
 401:Middlewares/Third_Party/FreeRTOS/Source/tasks.c **** 
 402:Middlewares/Third_Party/FreeRTOS/Source/tasks.c **** /*-----------------------------------------------------------*/
 403:Middlewares/Third_Party/FreeRTOS/Source/tasks.c **** 
 404:Middlewares/Third_Party/FreeRTOS/Source/tasks.c **** /* Callback function prototypes. --------------------------*/
 405:Middlewares/Third_Party/FreeRTOS/Source/tasks.c **** #if(  configCHECK_FOR_STACK_OVERFLOW > 0 )
 406:Middlewares/Third_Party/FreeRTOS/Source/tasks.c **** 	extern void vApplicationStackOverflowHook( TaskHandle_t xTask, char *pcTaskName );
 407:Middlewares/Third_Party/FreeRTOS/Source/tasks.c **** #endif
 408:Middlewares/Third_Party/FreeRTOS/Source/tasks.c **** 
 409:Middlewares/Third_Party/FreeRTOS/Source/tasks.c **** #if( configUSE_TICK_HOOK > 0 )
 410:Middlewares/Third_Party/FreeRTOS/Source/tasks.c **** 	extern void vApplicationTickHook( void );
 411:Middlewares/Third_Party/FreeRTOS/Source/tasks.c **** #endif
 412:Middlewares/Third_Party/FreeRTOS/Source/tasks.c **** 
 413:Middlewares/Third_Party/FreeRTOS/Source/tasks.c **** #if( configSUPPORT_STATIC_ALLOCATION == 1 )
 414:Middlewares/Third_Party/FreeRTOS/Source/tasks.c **** 	extern void vApplicationGetIdleTaskMemory( StaticTask_t **ppxIdleTaskTCBBuffer, StackType_t **ppxI
 415:Middlewares/Third_Party/FreeRTOS/Source/tasks.c **** #endif
 416:Middlewares/Third_Party/FreeRTOS/Source/tasks.c **** 
 417:Middlewares/Third_Party/FreeRTOS/Source/tasks.c **** /* File private functions. --------------------------------*/
 418:Middlewares/Third_Party/FreeRTOS/Source/tasks.c **** 
 419:Middlewares/Third_Party/FreeRTOS/Source/tasks.c **** /**
 420:Middlewares/Third_Party/FreeRTOS/Source/tasks.c ****  * Utility task that simply returns pdTRUE if the task referenced by xTask is
 421:Middlewares/Third_Party/FreeRTOS/Source/tasks.c ****  * currently in the Suspended state, or pdFALSE if the task referenced by xTask
 422:Middlewares/Third_Party/FreeRTOS/Source/tasks.c ****  * is in any other state.
 423:Middlewares/Third_Party/FreeRTOS/Source/tasks.c ****  */
 424:Middlewares/Third_Party/FreeRTOS/Source/tasks.c **** #if ( INCLUDE_vTaskSuspend == 1 )
 425:Middlewares/Third_Party/FreeRTOS/Source/tasks.c **** 
 426:Middlewares/Third_Party/FreeRTOS/Source/tasks.c **** 	static BaseType_t prvTaskIsTaskSuspended( const TaskHandle_t xTask ) PRIVILEGED_FUNCTION;
 427:Middlewares/Third_Party/FreeRTOS/Source/tasks.c **** 
 428:Middlewares/Third_Party/FreeRTOS/Source/tasks.c **** #endif /* INCLUDE_vTaskSuspend */
 429:Middlewares/Third_Party/FreeRTOS/Source/tasks.c **** 
ARM GAS  /tmp/ccZZCKwI.s 			page 9


 430:Middlewares/Third_Party/FreeRTOS/Source/tasks.c **** /*
 431:Middlewares/Third_Party/FreeRTOS/Source/tasks.c ****  * Utility to ready all the lists used by the scheduler.  This is called
 432:Middlewares/Third_Party/FreeRTOS/Source/tasks.c ****  * automatically upon the creation of the first task.
 433:Middlewares/Third_Party/FreeRTOS/Source/tasks.c ****  */
 434:Middlewares/Third_Party/FreeRTOS/Source/tasks.c **** static void prvInitialiseTaskLists( void ) PRIVILEGED_FUNCTION;
 435:Middlewares/Third_Party/FreeRTOS/Source/tasks.c **** 
 436:Middlewares/Third_Party/FreeRTOS/Source/tasks.c **** /*
 437:Middlewares/Third_Party/FreeRTOS/Source/tasks.c ****  * The idle task, which as all tasks is implemented as a never ending loop.
 438:Middlewares/Third_Party/FreeRTOS/Source/tasks.c ****  * The idle task is automatically created and added to the ready lists upon
 439:Middlewares/Third_Party/FreeRTOS/Source/tasks.c ****  * creation of the first user task.
 440:Middlewares/Third_Party/FreeRTOS/Source/tasks.c ****  *
 441:Middlewares/Third_Party/FreeRTOS/Source/tasks.c ****  * The portTASK_FUNCTION_PROTO() macro is used to allow port/compiler specific
 442:Middlewares/Third_Party/FreeRTOS/Source/tasks.c ****  * language extensions.  The equivalent prototype for this function is:
 443:Middlewares/Third_Party/FreeRTOS/Source/tasks.c ****  *
 444:Middlewares/Third_Party/FreeRTOS/Source/tasks.c ****  * void prvIdleTask( void *pvParameters );
 445:Middlewares/Third_Party/FreeRTOS/Source/tasks.c ****  *
 446:Middlewares/Third_Party/FreeRTOS/Source/tasks.c ****  */
 447:Middlewares/Third_Party/FreeRTOS/Source/tasks.c **** static portTASK_FUNCTION_PROTO( prvIdleTask, pvParameters );
 448:Middlewares/Third_Party/FreeRTOS/Source/tasks.c **** 
 449:Middlewares/Third_Party/FreeRTOS/Source/tasks.c **** /*
 450:Middlewares/Third_Party/FreeRTOS/Source/tasks.c ****  * Utility to free all memory allocated by the scheduler to hold a TCB,
 451:Middlewares/Third_Party/FreeRTOS/Source/tasks.c ****  * including the stack pointed to by the TCB.
 452:Middlewares/Third_Party/FreeRTOS/Source/tasks.c ****  *
 453:Middlewares/Third_Party/FreeRTOS/Source/tasks.c ****  * This does not free memory allocated by the task itself (i.e. memory
 454:Middlewares/Third_Party/FreeRTOS/Source/tasks.c ****  * allocated by calls to pvPortMalloc from within the tasks application code).
 455:Middlewares/Third_Party/FreeRTOS/Source/tasks.c ****  */
 456:Middlewares/Third_Party/FreeRTOS/Source/tasks.c **** #if ( INCLUDE_vTaskDelete == 1 )
 457:Middlewares/Third_Party/FreeRTOS/Source/tasks.c **** 
 458:Middlewares/Third_Party/FreeRTOS/Source/tasks.c **** 	static void prvDeleteTCB( TCB_t *pxTCB ) PRIVILEGED_FUNCTION;
 459:Middlewares/Third_Party/FreeRTOS/Source/tasks.c **** 
 460:Middlewares/Third_Party/FreeRTOS/Source/tasks.c **** #endif
 461:Middlewares/Third_Party/FreeRTOS/Source/tasks.c **** 
 462:Middlewares/Third_Party/FreeRTOS/Source/tasks.c **** /*
 463:Middlewares/Third_Party/FreeRTOS/Source/tasks.c ****  * Used only by the idle task.  This checks to see if anything has been placed
 464:Middlewares/Third_Party/FreeRTOS/Source/tasks.c ****  * in the list of tasks waiting to be deleted.  If so the task is cleaned up
 465:Middlewares/Third_Party/FreeRTOS/Source/tasks.c ****  * and its TCB deleted.
 466:Middlewares/Third_Party/FreeRTOS/Source/tasks.c ****  */
 467:Middlewares/Third_Party/FreeRTOS/Source/tasks.c **** static void prvCheckTasksWaitingTermination( void ) PRIVILEGED_FUNCTION;
 468:Middlewares/Third_Party/FreeRTOS/Source/tasks.c **** 
 469:Middlewares/Third_Party/FreeRTOS/Source/tasks.c **** /*
 470:Middlewares/Third_Party/FreeRTOS/Source/tasks.c ****  * The currently executing task is entering the Blocked state.  Add the task to
 471:Middlewares/Third_Party/FreeRTOS/Source/tasks.c ****  * either the current or the overflow delayed task list.
 472:Middlewares/Third_Party/FreeRTOS/Source/tasks.c ****  */
 473:Middlewares/Third_Party/FreeRTOS/Source/tasks.c **** static void prvAddCurrentTaskToDelayedList( TickType_t xTicksToWait, const BaseType_t xCanBlockInde
 474:Middlewares/Third_Party/FreeRTOS/Source/tasks.c **** 
 475:Middlewares/Third_Party/FreeRTOS/Source/tasks.c **** /*
 476:Middlewares/Third_Party/FreeRTOS/Source/tasks.c ****  * Fills an TaskStatus_t structure with information on each task that is
 477:Middlewares/Third_Party/FreeRTOS/Source/tasks.c ****  * referenced from the pxList list (which may be a ready list, a delayed list,
 478:Middlewares/Third_Party/FreeRTOS/Source/tasks.c ****  * a suspended list, etc.).
 479:Middlewares/Third_Party/FreeRTOS/Source/tasks.c ****  *
 480:Middlewares/Third_Party/FreeRTOS/Source/tasks.c ****  * THIS FUNCTION IS INTENDED FOR DEBUGGING ONLY, AND SHOULD NOT BE CALLED FROM
 481:Middlewares/Third_Party/FreeRTOS/Source/tasks.c ****  * NORMAL APPLICATION CODE.
 482:Middlewares/Third_Party/FreeRTOS/Source/tasks.c ****  */
 483:Middlewares/Third_Party/FreeRTOS/Source/tasks.c **** #if ( configUSE_TRACE_FACILITY == 1 )
 484:Middlewares/Third_Party/FreeRTOS/Source/tasks.c **** 
 485:Middlewares/Third_Party/FreeRTOS/Source/tasks.c **** 	static UBaseType_t prvListTasksWithinSingleList( TaskStatus_t *pxTaskStatusArray, List_t *pxList, 
 486:Middlewares/Third_Party/FreeRTOS/Source/tasks.c **** 
ARM GAS  /tmp/ccZZCKwI.s 			page 10


 487:Middlewares/Third_Party/FreeRTOS/Source/tasks.c **** #endif
 488:Middlewares/Third_Party/FreeRTOS/Source/tasks.c **** 
 489:Middlewares/Third_Party/FreeRTOS/Source/tasks.c **** /*
 490:Middlewares/Third_Party/FreeRTOS/Source/tasks.c ****  * Searches pxList for a task with name pcNameToQuery - returning a handle to
 491:Middlewares/Third_Party/FreeRTOS/Source/tasks.c ****  * the task if it is found, or NULL if the task is not found.
 492:Middlewares/Third_Party/FreeRTOS/Source/tasks.c ****  */
 493:Middlewares/Third_Party/FreeRTOS/Source/tasks.c **** #if ( INCLUDE_xTaskGetHandle == 1 )
 494:Middlewares/Third_Party/FreeRTOS/Source/tasks.c **** 
 495:Middlewares/Third_Party/FreeRTOS/Source/tasks.c **** 	static TCB_t *prvSearchForNameWithinSingleList( List_t *pxList, const char pcNameToQuery[] ) PRIVI
 496:Middlewares/Third_Party/FreeRTOS/Source/tasks.c **** 
 497:Middlewares/Third_Party/FreeRTOS/Source/tasks.c **** #endif
 498:Middlewares/Third_Party/FreeRTOS/Source/tasks.c **** 
 499:Middlewares/Third_Party/FreeRTOS/Source/tasks.c **** /*
 500:Middlewares/Third_Party/FreeRTOS/Source/tasks.c ****  * When a task is created, the stack of the task is filled with a known value.
 501:Middlewares/Third_Party/FreeRTOS/Source/tasks.c ****  * This function determines the 'high water mark' of the task stack by
 502:Middlewares/Third_Party/FreeRTOS/Source/tasks.c ****  * determining how much of the stack remains at the original preset value.
 503:Middlewares/Third_Party/FreeRTOS/Source/tasks.c ****  */
 504:Middlewares/Third_Party/FreeRTOS/Source/tasks.c **** #if ( ( configUSE_TRACE_FACILITY == 1 ) || ( INCLUDE_uxTaskGetStackHighWaterMark == 1 ) )
 505:Middlewares/Third_Party/FreeRTOS/Source/tasks.c **** 
 506:Middlewares/Third_Party/FreeRTOS/Source/tasks.c **** 	static uint16_t prvTaskCheckFreeStackSpace( const uint8_t * pucStackByte ) PRIVILEGED_FUNCTION;
 507:Middlewares/Third_Party/FreeRTOS/Source/tasks.c **** 
 508:Middlewares/Third_Party/FreeRTOS/Source/tasks.c **** #endif
 509:Middlewares/Third_Party/FreeRTOS/Source/tasks.c **** 
 510:Middlewares/Third_Party/FreeRTOS/Source/tasks.c **** /*
 511:Middlewares/Third_Party/FreeRTOS/Source/tasks.c ****  * Return the amount of time, in ticks, that will pass before the kernel will
 512:Middlewares/Third_Party/FreeRTOS/Source/tasks.c ****  * next move a task from the Blocked state to the Running state.
 513:Middlewares/Third_Party/FreeRTOS/Source/tasks.c ****  *
 514:Middlewares/Third_Party/FreeRTOS/Source/tasks.c ****  * This conditional compilation should use inequality to 0, not equality to 1.
 515:Middlewares/Third_Party/FreeRTOS/Source/tasks.c ****  * This is to ensure portSUPPRESS_TICKS_AND_SLEEP() can be called when user
 516:Middlewares/Third_Party/FreeRTOS/Source/tasks.c ****  * defined low power mode implementations require configUSE_TICKLESS_IDLE to be
 517:Middlewares/Third_Party/FreeRTOS/Source/tasks.c ****  * set to a value other than 1.
 518:Middlewares/Third_Party/FreeRTOS/Source/tasks.c ****  */
 519:Middlewares/Third_Party/FreeRTOS/Source/tasks.c **** #if ( configUSE_TICKLESS_IDLE != 0 )
 520:Middlewares/Third_Party/FreeRTOS/Source/tasks.c **** 
 521:Middlewares/Third_Party/FreeRTOS/Source/tasks.c **** 	static TickType_t prvGetExpectedIdleTime( void ) PRIVILEGED_FUNCTION;
 522:Middlewares/Third_Party/FreeRTOS/Source/tasks.c **** 
 523:Middlewares/Third_Party/FreeRTOS/Source/tasks.c **** #endif
 524:Middlewares/Third_Party/FreeRTOS/Source/tasks.c **** 
 525:Middlewares/Third_Party/FreeRTOS/Source/tasks.c **** /*
 526:Middlewares/Third_Party/FreeRTOS/Source/tasks.c ****  * Set xNextTaskUnblockTime to the time at which the next Blocked state task
 527:Middlewares/Third_Party/FreeRTOS/Source/tasks.c ****  * will exit the Blocked state.
 528:Middlewares/Third_Party/FreeRTOS/Source/tasks.c ****  */
 529:Middlewares/Third_Party/FreeRTOS/Source/tasks.c **** static void prvResetNextTaskUnblockTime( void );
 530:Middlewares/Third_Party/FreeRTOS/Source/tasks.c **** 
 531:Middlewares/Third_Party/FreeRTOS/Source/tasks.c **** #if ( ( configUSE_TRACE_FACILITY == 1 ) && ( configUSE_STATS_FORMATTING_FUNCTIONS > 0 ) )
 532:Middlewares/Third_Party/FreeRTOS/Source/tasks.c **** 
 533:Middlewares/Third_Party/FreeRTOS/Source/tasks.c **** 	/*
 534:Middlewares/Third_Party/FreeRTOS/Source/tasks.c **** 	 * Helper function used to pad task names with spaces when printing out
 535:Middlewares/Third_Party/FreeRTOS/Source/tasks.c **** 	 * human readable tables of task information.
 536:Middlewares/Third_Party/FreeRTOS/Source/tasks.c **** 	 */
 537:Middlewares/Third_Party/FreeRTOS/Source/tasks.c **** 	static char *prvWriteNameToBuffer( char *pcBuffer, const char *pcTaskName ) PRIVILEGED_FUNCTION;
 538:Middlewares/Third_Party/FreeRTOS/Source/tasks.c **** 
 539:Middlewares/Third_Party/FreeRTOS/Source/tasks.c **** #endif
 540:Middlewares/Third_Party/FreeRTOS/Source/tasks.c **** 
 541:Middlewares/Third_Party/FreeRTOS/Source/tasks.c **** /*
 542:Middlewares/Third_Party/FreeRTOS/Source/tasks.c ****  * Called after a Task_t structure has been allocated either statically or
 543:Middlewares/Third_Party/FreeRTOS/Source/tasks.c ****  * dynamically to fill in the structure's members.
ARM GAS  /tmp/ccZZCKwI.s 			page 11


 544:Middlewares/Third_Party/FreeRTOS/Source/tasks.c ****  */
 545:Middlewares/Third_Party/FreeRTOS/Source/tasks.c **** static void prvInitialiseNewTask( 	TaskFunction_t pxTaskCode,
 546:Middlewares/Third_Party/FreeRTOS/Source/tasks.c **** 									const char * const pcName, 		/*lint !e971 Unqualified char types are allowed for strings a
 547:Middlewares/Third_Party/FreeRTOS/Source/tasks.c **** 									const uint32_t ulStackDepth,
 548:Middlewares/Third_Party/FreeRTOS/Source/tasks.c **** 									void * const pvParameters,
 549:Middlewares/Third_Party/FreeRTOS/Source/tasks.c **** 									UBaseType_t uxPriority,
 550:Middlewares/Third_Party/FreeRTOS/Source/tasks.c **** 									TaskHandle_t * const pxCreatedTask,
 551:Middlewares/Third_Party/FreeRTOS/Source/tasks.c **** 									TCB_t *pxNewTCB,
 552:Middlewares/Third_Party/FreeRTOS/Source/tasks.c **** 									const MemoryRegion_t * const xRegions ) PRIVILEGED_FUNCTION;
 553:Middlewares/Third_Party/FreeRTOS/Source/tasks.c **** 
 554:Middlewares/Third_Party/FreeRTOS/Source/tasks.c **** /*
 555:Middlewares/Third_Party/FreeRTOS/Source/tasks.c ****  * Called after a new task has been created and initialised to place the task
 556:Middlewares/Third_Party/FreeRTOS/Source/tasks.c ****  * under the control of the scheduler.
 557:Middlewares/Third_Party/FreeRTOS/Source/tasks.c ****  */
 558:Middlewares/Third_Party/FreeRTOS/Source/tasks.c **** static void prvAddNewTaskToReadyList( TCB_t *pxNewTCB ) PRIVILEGED_FUNCTION;
 559:Middlewares/Third_Party/FreeRTOS/Source/tasks.c **** 
 560:Middlewares/Third_Party/FreeRTOS/Source/tasks.c **** /*
 561:Middlewares/Third_Party/FreeRTOS/Source/tasks.c ****  * freertos_tasks_c_additions_init() should only be called if the user definable
 562:Middlewares/Third_Party/FreeRTOS/Source/tasks.c ****  * macro FREERTOS_TASKS_C_ADDITIONS_INIT() is defined, as that is the only macro
 563:Middlewares/Third_Party/FreeRTOS/Source/tasks.c ****  * called by the function.
 564:Middlewares/Third_Party/FreeRTOS/Source/tasks.c ****  */
 565:Middlewares/Third_Party/FreeRTOS/Source/tasks.c **** #ifdef FREERTOS_TASKS_C_ADDITIONS_INIT
 566:Middlewares/Third_Party/FreeRTOS/Source/tasks.c **** 
 567:Middlewares/Third_Party/FreeRTOS/Source/tasks.c **** 	static void freertos_tasks_c_additions_init( void ) PRIVILEGED_FUNCTION;
 568:Middlewares/Third_Party/FreeRTOS/Source/tasks.c **** 
 569:Middlewares/Third_Party/FreeRTOS/Source/tasks.c **** #endif
 570:Middlewares/Third_Party/FreeRTOS/Source/tasks.c **** 
 571:Middlewares/Third_Party/FreeRTOS/Source/tasks.c **** /*-----------------------------------------------------------*/
 572:Middlewares/Third_Party/FreeRTOS/Source/tasks.c **** 
 573:Middlewares/Third_Party/FreeRTOS/Source/tasks.c **** #if( configSUPPORT_STATIC_ALLOCATION == 1 )
 574:Middlewares/Third_Party/FreeRTOS/Source/tasks.c **** 
 575:Middlewares/Third_Party/FreeRTOS/Source/tasks.c **** 	TaskHandle_t xTaskCreateStatic(	TaskFunction_t pxTaskCode,
 576:Middlewares/Third_Party/FreeRTOS/Source/tasks.c **** 									const char * const pcName,		/*lint !e971 Unqualified char types are allowed for strings an
 577:Middlewares/Third_Party/FreeRTOS/Source/tasks.c **** 									const uint32_t ulStackDepth,
 578:Middlewares/Third_Party/FreeRTOS/Source/tasks.c **** 									void * const pvParameters,
 579:Middlewares/Third_Party/FreeRTOS/Source/tasks.c **** 									UBaseType_t uxPriority,
 580:Middlewares/Third_Party/FreeRTOS/Source/tasks.c **** 									StackType_t * const puxStackBuffer,
 581:Middlewares/Third_Party/FreeRTOS/Source/tasks.c **** 									StaticTask_t * const pxTaskBuffer )
 582:Middlewares/Third_Party/FreeRTOS/Source/tasks.c **** 	{
 583:Middlewares/Third_Party/FreeRTOS/Source/tasks.c **** 	TCB_t *pxNewTCB;
 584:Middlewares/Third_Party/FreeRTOS/Source/tasks.c **** 	TaskHandle_t xReturn;
 585:Middlewares/Third_Party/FreeRTOS/Source/tasks.c **** 
 586:Middlewares/Third_Party/FreeRTOS/Source/tasks.c **** 		configASSERT( puxStackBuffer != NULL );
 587:Middlewares/Third_Party/FreeRTOS/Source/tasks.c **** 		configASSERT( pxTaskBuffer != NULL );
 588:Middlewares/Third_Party/FreeRTOS/Source/tasks.c **** 
 589:Middlewares/Third_Party/FreeRTOS/Source/tasks.c **** 		#if( configASSERT_DEFINED == 1 )
 590:Middlewares/Third_Party/FreeRTOS/Source/tasks.c **** 		{
 591:Middlewares/Third_Party/FreeRTOS/Source/tasks.c **** 			/* Sanity check that the size of the structure used to declare a
 592:Middlewares/Third_Party/FreeRTOS/Source/tasks.c **** 			variable of type StaticTask_t equals the size of the real task
 593:Middlewares/Third_Party/FreeRTOS/Source/tasks.c **** 			structure. */
 594:Middlewares/Third_Party/FreeRTOS/Source/tasks.c **** 			volatile size_t xSize = sizeof( StaticTask_t );
 595:Middlewares/Third_Party/FreeRTOS/Source/tasks.c **** 			configASSERT( xSize == sizeof( TCB_t ) );
 596:Middlewares/Third_Party/FreeRTOS/Source/tasks.c **** 		}
 597:Middlewares/Third_Party/FreeRTOS/Source/tasks.c **** 		#endif /* configASSERT_DEFINED */
 598:Middlewares/Third_Party/FreeRTOS/Source/tasks.c **** 
 599:Middlewares/Third_Party/FreeRTOS/Source/tasks.c **** 
 600:Middlewares/Third_Party/FreeRTOS/Source/tasks.c **** 		if( ( pxTaskBuffer != NULL ) && ( puxStackBuffer != NULL ) )
ARM GAS  /tmp/ccZZCKwI.s 			page 12


 601:Middlewares/Third_Party/FreeRTOS/Source/tasks.c **** 		{
 602:Middlewares/Third_Party/FreeRTOS/Source/tasks.c **** 			/* The memory used for the task's TCB and stack are passed into this
 603:Middlewares/Third_Party/FreeRTOS/Source/tasks.c **** 			function - use them. */
 604:Middlewares/Third_Party/FreeRTOS/Source/tasks.c **** 			pxNewTCB = ( TCB_t * ) pxTaskBuffer; /*lint !e740 Unusual cast is ok as the structures are desig
 605:Middlewares/Third_Party/FreeRTOS/Source/tasks.c **** 			pxNewTCB->pxStack = ( StackType_t * ) puxStackBuffer;
 606:Middlewares/Third_Party/FreeRTOS/Source/tasks.c **** 
 607:Middlewares/Third_Party/FreeRTOS/Source/tasks.c **** 			#if( tskSTATIC_AND_DYNAMIC_ALLOCATION_POSSIBLE != 0 ) /*lint !e731 Macro has been consolidated f
 608:Middlewares/Third_Party/FreeRTOS/Source/tasks.c **** 			{
 609:Middlewares/Third_Party/FreeRTOS/Source/tasks.c **** 				/* Tasks can be created statically or dynamically, so note this
 610:Middlewares/Third_Party/FreeRTOS/Source/tasks.c **** 				task was created statically in case the task is later deleted. */
 611:Middlewares/Third_Party/FreeRTOS/Source/tasks.c **** 				pxNewTCB->ucStaticallyAllocated = tskSTATICALLY_ALLOCATED_STACK_AND_TCB;
 612:Middlewares/Third_Party/FreeRTOS/Source/tasks.c **** 			}
 613:Middlewares/Third_Party/FreeRTOS/Source/tasks.c **** 			#endif /* configSUPPORT_DYNAMIC_ALLOCATION */
 614:Middlewares/Third_Party/FreeRTOS/Source/tasks.c **** 
 615:Middlewares/Third_Party/FreeRTOS/Source/tasks.c **** 			prvInitialiseNewTask( pxTaskCode, pcName, ulStackDepth, pvParameters, uxPriority, &xReturn, pxNe
 616:Middlewares/Third_Party/FreeRTOS/Source/tasks.c **** 			prvAddNewTaskToReadyList( pxNewTCB );
 617:Middlewares/Third_Party/FreeRTOS/Source/tasks.c **** 		}
 618:Middlewares/Third_Party/FreeRTOS/Source/tasks.c **** 		else
 619:Middlewares/Third_Party/FreeRTOS/Source/tasks.c **** 		{
 620:Middlewares/Third_Party/FreeRTOS/Source/tasks.c **** 			xReturn = NULL;
 621:Middlewares/Third_Party/FreeRTOS/Source/tasks.c **** 		}
 622:Middlewares/Third_Party/FreeRTOS/Source/tasks.c **** 
 623:Middlewares/Third_Party/FreeRTOS/Source/tasks.c **** 		return xReturn;
 624:Middlewares/Third_Party/FreeRTOS/Source/tasks.c **** 	}
 625:Middlewares/Third_Party/FreeRTOS/Source/tasks.c **** 
 626:Middlewares/Third_Party/FreeRTOS/Source/tasks.c **** #endif /* SUPPORT_STATIC_ALLOCATION */
 627:Middlewares/Third_Party/FreeRTOS/Source/tasks.c **** /*-----------------------------------------------------------*/
 628:Middlewares/Third_Party/FreeRTOS/Source/tasks.c **** 
 629:Middlewares/Third_Party/FreeRTOS/Source/tasks.c **** #if( ( portUSING_MPU_WRAPPERS == 1 ) && ( configSUPPORT_STATIC_ALLOCATION == 1 ) )
 630:Middlewares/Third_Party/FreeRTOS/Source/tasks.c **** 
 631:Middlewares/Third_Party/FreeRTOS/Source/tasks.c **** 	BaseType_t xTaskCreateRestrictedStatic( const TaskParameters_t * const pxTaskDefinition, TaskHandl
 632:Middlewares/Third_Party/FreeRTOS/Source/tasks.c **** 	{
 633:Middlewares/Third_Party/FreeRTOS/Source/tasks.c **** 	TCB_t *pxNewTCB;
 634:Middlewares/Third_Party/FreeRTOS/Source/tasks.c **** 	BaseType_t xReturn = errCOULD_NOT_ALLOCATE_REQUIRED_MEMORY;
 635:Middlewares/Third_Party/FreeRTOS/Source/tasks.c **** 
 636:Middlewares/Third_Party/FreeRTOS/Source/tasks.c **** 		configASSERT( pxTaskDefinition->puxStackBuffer != NULL );
 637:Middlewares/Third_Party/FreeRTOS/Source/tasks.c **** 		configASSERT( pxTaskDefinition->pxTaskBuffer != NULL );
 638:Middlewares/Third_Party/FreeRTOS/Source/tasks.c **** 
 639:Middlewares/Third_Party/FreeRTOS/Source/tasks.c **** 		if( ( pxTaskDefinition->puxStackBuffer != NULL ) && ( pxTaskDefinition->pxTaskBuffer != NULL ) )
 640:Middlewares/Third_Party/FreeRTOS/Source/tasks.c **** 		{
 641:Middlewares/Third_Party/FreeRTOS/Source/tasks.c **** 			/* Allocate space for the TCB.  Where the memory comes from depends
 642:Middlewares/Third_Party/FreeRTOS/Source/tasks.c **** 			on the implementation of the port malloc function and whether or
 643:Middlewares/Third_Party/FreeRTOS/Source/tasks.c **** 			not static allocation is being used. */
 644:Middlewares/Third_Party/FreeRTOS/Source/tasks.c **** 			pxNewTCB = ( TCB_t * ) pxTaskDefinition->pxTaskBuffer;
 645:Middlewares/Third_Party/FreeRTOS/Source/tasks.c **** 
 646:Middlewares/Third_Party/FreeRTOS/Source/tasks.c **** 			/* Store the stack location in the TCB. */
 647:Middlewares/Third_Party/FreeRTOS/Source/tasks.c **** 			pxNewTCB->pxStack = pxTaskDefinition->puxStackBuffer;
 648:Middlewares/Third_Party/FreeRTOS/Source/tasks.c **** 
 649:Middlewares/Third_Party/FreeRTOS/Source/tasks.c **** 			#if( tskSTATIC_AND_DYNAMIC_ALLOCATION_POSSIBLE != 0 )
 650:Middlewares/Third_Party/FreeRTOS/Source/tasks.c **** 			{
 651:Middlewares/Third_Party/FreeRTOS/Source/tasks.c **** 				/* Tasks can be created statically or dynamically, so note this
 652:Middlewares/Third_Party/FreeRTOS/Source/tasks.c **** 				task was created statically in case the task is later deleted. */
 653:Middlewares/Third_Party/FreeRTOS/Source/tasks.c **** 				pxNewTCB->ucStaticallyAllocated = tskSTATICALLY_ALLOCATED_STACK_AND_TCB;
 654:Middlewares/Third_Party/FreeRTOS/Source/tasks.c **** 			}
 655:Middlewares/Third_Party/FreeRTOS/Source/tasks.c **** 			#endif /* configSUPPORT_DYNAMIC_ALLOCATION */
 656:Middlewares/Third_Party/FreeRTOS/Source/tasks.c **** 
 657:Middlewares/Third_Party/FreeRTOS/Source/tasks.c **** 			prvInitialiseNewTask(	pxTaskDefinition->pvTaskCode,
ARM GAS  /tmp/ccZZCKwI.s 			page 13


 658:Middlewares/Third_Party/FreeRTOS/Source/tasks.c **** 									pxTaskDefinition->pcName,
 659:Middlewares/Third_Party/FreeRTOS/Source/tasks.c **** 									( uint32_t ) pxTaskDefinition->usStackDepth,
 660:Middlewares/Third_Party/FreeRTOS/Source/tasks.c **** 									pxTaskDefinition->pvParameters,
 661:Middlewares/Third_Party/FreeRTOS/Source/tasks.c **** 									pxTaskDefinition->uxPriority,
 662:Middlewares/Third_Party/FreeRTOS/Source/tasks.c **** 									pxCreatedTask, pxNewTCB,
 663:Middlewares/Third_Party/FreeRTOS/Source/tasks.c **** 									pxTaskDefinition->xRegions );
 664:Middlewares/Third_Party/FreeRTOS/Source/tasks.c **** 
 665:Middlewares/Third_Party/FreeRTOS/Source/tasks.c **** 			prvAddNewTaskToReadyList( pxNewTCB );
 666:Middlewares/Third_Party/FreeRTOS/Source/tasks.c **** 			xReturn = pdPASS;
 667:Middlewares/Third_Party/FreeRTOS/Source/tasks.c **** 		}
 668:Middlewares/Third_Party/FreeRTOS/Source/tasks.c **** 
 669:Middlewares/Third_Party/FreeRTOS/Source/tasks.c **** 		return xReturn;
 670:Middlewares/Third_Party/FreeRTOS/Source/tasks.c **** 	}
 671:Middlewares/Third_Party/FreeRTOS/Source/tasks.c **** 
 672:Middlewares/Third_Party/FreeRTOS/Source/tasks.c **** #endif /* ( portUSING_MPU_WRAPPERS == 1 ) && ( configSUPPORT_STATIC_ALLOCATION == 1 ) */
 673:Middlewares/Third_Party/FreeRTOS/Source/tasks.c **** /*-----------------------------------------------------------*/
 674:Middlewares/Third_Party/FreeRTOS/Source/tasks.c **** 
 675:Middlewares/Third_Party/FreeRTOS/Source/tasks.c **** #if( ( portUSING_MPU_WRAPPERS == 1 ) && ( configSUPPORT_DYNAMIC_ALLOCATION == 1 ) )
 676:Middlewares/Third_Party/FreeRTOS/Source/tasks.c **** 
 677:Middlewares/Third_Party/FreeRTOS/Source/tasks.c **** 	BaseType_t xTaskCreateRestricted( const TaskParameters_t * const pxTaskDefinition, TaskHandle_t *p
 678:Middlewares/Third_Party/FreeRTOS/Source/tasks.c **** 	{
 679:Middlewares/Third_Party/FreeRTOS/Source/tasks.c **** 	TCB_t *pxNewTCB;
 680:Middlewares/Third_Party/FreeRTOS/Source/tasks.c **** 	BaseType_t xReturn = errCOULD_NOT_ALLOCATE_REQUIRED_MEMORY;
 681:Middlewares/Third_Party/FreeRTOS/Source/tasks.c **** 
 682:Middlewares/Third_Party/FreeRTOS/Source/tasks.c **** 		configASSERT( pxTaskDefinition->puxStackBuffer );
 683:Middlewares/Third_Party/FreeRTOS/Source/tasks.c **** 
 684:Middlewares/Third_Party/FreeRTOS/Source/tasks.c **** 		if( pxTaskDefinition->puxStackBuffer != NULL )
 685:Middlewares/Third_Party/FreeRTOS/Source/tasks.c **** 		{
 686:Middlewares/Third_Party/FreeRTOS/Source/tasks.c **** 			/* Allocate space for the TCB.  Where the memory comes from depends
 687:Middlewares/Third_Party/FreeRTOS/Source/tasks.c **** 			on the implementation of the port malloc function and whether or
 688:Middlewares/Third_Party/FreeRTOS/Source/tasks.c **** 			not static allocation is being used. */
 689:Middlewares/Third_Party/FreeRTOS/Source/tasks.c **** 			pxNewTCB = ( TCB_t * ) pvPortMalloc( sizeof( TCB_t ) );
 690:Middlewares/Third_Party/FreeRTOS/Source/tasks.c **** 
 691:Middlewares/Third_Party/FreeRTOS/Source/tasks.c **** 			if( pxNewTCB != NULL )
 692:Middlewares/Third_Party/FreeRTOS/Source/tasks.c **** 			{
 693:Middlewares/Third_Party/FreeRTOS/Source/tasks.c **** 				/* Store the stack location in the TCB. */
 694:Middlewares/Third_Party/FreeRTOS/Source/tasks.c **** 				pxNewTCB->pxStack = pxTaskDefinition->puxStackBuffer;
 695:Middlewares/Third_Party/FreeRTOS/Source/tasks.c **** 
 696:Middlewares/Third_Party/FreeRTOS/Source/tasks.c **** 				#if( configSUPPORT_STATIC_ALLOCATION == 1 )
 697:Middlewares/Third_Party/FreeRTOS/Source/tasks.c **** 				{
 698:Middlewares/Third_Party/FreeRTOS/Source/tasks.c **** 					/* Tasks can be created statically or dynamically, so note
 699:Middlewares/Third_Party/FreeRTOS/Source/tasks.c **** 					this task had a statically allocated stack in case it is
 700:Middlewares/Third_Party/FreeRTOS/Source/tasks.c **** 					later deleted.  The TCB was allocated dynamically. */
 701:Middlewares/Third_Party/FreeRTOS/Source/tasks.c **** 					pxNewTCB->ucStaticallyAllocated = tskSTATICALLY_ALLOCATED_STACK_ONLY;
 702:Middlewares/Third_Party/FreeRTOS/Source/tasks.c **** 				}
 703:Middlewares/Third_Party/FreeRTOS/Source/tasks.c **** 				#endif
 704:Middlewares/Third_Party/FreeRTOS/Source/tasks.c **** 
 705:Middlewares/Third_Party/FreeRTOS/Source/tasks.c **** 				prvInitialiseNewTask(	pxTaskDefinition->pvTaskCode,
 706:Middlewares/Third_Party/FreeRTOS/Source/tasks.c **** 										pxTaskDefinition->pcName,
 707:Middlewares/Third_Party/FreeRTOS/Source/tasks.c **** 										( uint32_t ) pxTaskDefinition->usStackDepth,
 708:Middlewares/Third_Party/FreeRTOS/Source/tasks.c **** 										pxTaskDefinition->pvParameters,
 709:Middlewares/Third_Party/FreeRTOS/Source/tasks.c **** 										pxTaskDefinition->uxPriority,
 710:Middlewares/Third_Party/FreeRTOS/Source/tasks.c **** 										pxCreatedTask, pxNewTCB,
 711:Middlewares/Third_Party/FreeRTOS/Source/tasks.c **** 										pxTaskDefinition->xRegions );
 712:Middlewares/Third_Party/FreeRTOS/Source/tasks.c **** 
 713:Middlewares/Third_Party/FreeRTOS/Source/tasks.c **** 				prvAddNewTaskToReadyList( pxNewTCB );
 714:Middlewares/Third_Party/FreeRTOS/Source/tasks.c **** 				xReturn = pdPASS;
ARM GAS  /tmp/ccZZCKwI.s 			page 14


 715:Middlewares/Third_Party/FreeRTOS/Source/tasks.c **** 			}
 716:Middlewares/Third_Party/FreeRTOS/Source/tasks.c **** 		}
 717:Middlewares/Third_Party/FreeRTOS/Source/tasks.c **** 
 718:Middlewares/Third_Party/FreeRTOS/Source/tasks.c **** 		return xReturn;
 719:Middlewares/Third_Party/FreeRTOS/Source/tasks.c **** 	}
 720:Middlewares/Third_Party/FreeRTOS/Source/tasks.c **** 
 721:Middlewares/Third_Party/FreeRTOS/Source/tasks.c **** #endif /* portUSING_MPU_WRAPPERS */
 722:Middlewares/Third_Party/FreeRTOS/Source/tasks.c **** /*-----------------------------------------------------------*/
 723:Middlewares/Third_Party/FreeRTOS/Source/tasks.c **** 
 724:Middlewares/Third_Party/FreeRTOS/Source/tasks.c **** #if( configSUPPORT_DYNAMIC_ALLOCATION == 1 )
 725:Middlewares/Third_Party/FreeRTOS/Source/tasks.c **** 
 726:Middlewares/Third_Party/FreeRTOS/Source/tasks.c **** 	BaseType_t xTaskCreate(	TaskFunction_t pxTaskCode,
 727:Middlewares/Third_Party/FreeRTOS/Source/tasks.c **** 							const char * const pcName,		/*lint !e971 Unqualified char types are allowed for strings and 
 728:Middlewares/Third_Party/FreeRTOS/Source/tasks.c **** 							const configSTACK_DEPTH_TYPE usStackDepth,
 729:Middlewares/Third_Party/FreeRTOS/Source/tasks.c **** 							void * const pvParameters,
 730:Middlewares/Third_Party/FreeRTOS/Source/tasks.c **** 							UBaseType_t uxPriority,
 731:Middlewares/Third_Party/FreeRTOS/Source/tasks.c **** 							TaskHandle_t * const pxCreatedTask )
 732:Middlewares/Third_Party/FreeRTOS/Source/tasks.c **** 	{
 733:Middlewares/Third_Party/FreeRTOS/Source/tasks.c **** 	TCB_t *pxNewTCB;
 734:Middlewares/Third_Party/FreeRTOS/Source/tasks.c **** 	BaseType_t xReturn;
 735:Middlewares/Third_Party/FreeRTOS/Source/tasks.c **** 
 736:Middlewares/Third_Party/FreeRTOS/Source/tasks.c **** 		/* If the stack grows down then allocate the stack then the TCB so the stack
 737:Middlewares/Third_Party/FreeRTOS/Source/tasks.c **** 		does not grow into the TCB.  Likewise if the stack grows up then allocate
 738:Middlewares/Third_Party/FreeRTOS/Source/tasks.c **** 		the TCB then the stack. */
 739:Middlewares/Third_Party/FreeRTOS/Source/tasks.c **** 		#if( portSTACK_GROWTH > 0 )
 740:Middlewares/Third_Party/FreeRTOS/Source/tasks.c **** 		{
 741:Middlewares/Third_Party/FreeRTOS/Source/tasks.c **** 			/* Allocate space for the TCB.  Where the memory comes from depends on
 742:Middlewares/Third_Party/FreeRTOS/Source/tasks.c **** 			the implementation of the port malloc function and whether or not static
 743:Middlewares/Third_Party/FreeRTOS/Source/tasks.c **** 			allocation is being used. */
 744:Middlewares/Third_Party/FreeRTOS/Source/tasks.c **** 			pxNewTCB = ( TCB_t * ) pvPortMalloc( sizeof( TCB_t ) );
 745:Middlewares/Third_Party/FreeRTOS/Source/tasks.c **** 
 746:Middlewares/Third_Party/FreeRTOS/Source/tasks.c **** 			if( pxNewTCB != NULL )
 747:Middlewares/Third_Party/FreeRTOS/Source/tasks.c **** 			{
 748:Middlewares/Third_Party/FreeRTOS/Source/tasks.c **** 				/* Allocate space for the stack used by the task being created.
 749:Middlewares/Third_Party/FreeRTOS/Source/tasks.c **** 				The base of the stack memory stored in the TCB so the task can
 750:Middlewares/Third_Party/FreeRTOS/Source/tasks.c **** 				be deleted later if required. */
 751:Middlewares/Third_Party/FreeRTOS/Source/tasks.c **** 				pxNewTCB->pxStack = ( StackType_t * ) pvPortMalloc( ( ( ( size_t ) usStackDepth ) * sizeof( Sta
 752:Middlewares/Third_Party/FreeRTOS/Source/tasks.c **** 
 753:Middlewares/Third_Party/FreeRTOS/Source/tasks.c **** 				if( pxNewTCB->pxStack == NULL )
 754:Middlewares/Third_Party/FreeRTOS/Source/tasks.c **** 				{
 755:Middlewares/Third_Party/FreeRTOS/Source/tasks.c **** 					/* Could not allocate the stack.  Delete the allocated TCB. */
 756:Middlewares/Third_Party/FreeRTOS/Source/tasks.c **** 					vPortFree( pxNewTCB );
 757:Middlewares/Third_Party/FreeRTOS/Source/tasks.c **** 					pxNewTCB = NULL;
 758:Middlewares/Third_Party/FreeRTOS/Source/tasks.c **** 				}
 759:Middlewares/Third_Party/FreeRTOS/Source/tasks.c **** 			}
 760:Middlewares/Third_Party/FreeRTOS/Source/tasks.c **** 		}
 761:Middlewares/Third_Party/FreeRTOS/Source/tasks.c **** 		#else /* portSTACK_GROWTH */
 762:Middlewares/Third_Party/FreeRTOS/Source/tasks.c **** 		{
 763:Middlewares/Third_Party/FreeRTOS/Source/tasks.c **** 		StackType_t *pxStack;
 764:Middlewares/Third_Party/FreeRTOS/Source/tasks.c **** 
 765:Middlewares/Third_Party/FreeRTOS/Source/tasks.c **** 			/* Allocate space for the stack used by the task being created. */
 766:Middlewares/Third_Party/FreeRTOS/Source/tasks.c **** 			pxStack = ( StackType_t * ) pvPortMalloc( ( ( ( size_t ) usStackDepth ) * sizeof( StackType_t ) 
 767:Middlewares/Third_Party/FreeRTOS/Source/tasks.c **** 
 768:Middlewares/Third_Party/FreeRTOS/Source/tasks.c **** 			if( pxStack != NULL )
 769:Middlewares/Third_Party/FreeRTOS/Source/tasks.c **** 			{
 770:Middlewares/Third_Party/FreeRTOS/Source/tasks.c **** 				/* Allocate space for the TCB. */
 771:Middlewares/Third_Party/FreeRTOS/Source/tasks.c **** 				pxNewTCB = ( TCB_t * ) pvPortMalloc( sizeof( TCB_t ) ); /*lint !e961 MISRA exception as the cas
ARM GAS  /tmp/ccZZCKwI.s 			page 15


 772:Middlewares/Third_Party/FreeRTOS/Source/tasks.c **** 
 773:Middlewares/Third_Party/FreeRTOS/Source/tasks.c **** 				if( pxNewTCB != NULL )
 774:Middlewares/Third_Party/FreeRTOS/Source/tasks.c **** 				{
 775:Middlewares/Third_Party/FreeRTOS/Source/tasks.c **** 					/* Store the stack location in the TCB. */
 776:Middlewares/Third_Party/FreeRTOS/Source/tasks.c **** 					pxNewTCB->pxStack = pxStack;
 777:Middlewares/Third_Party/FreeRTOS/Source/tasks.c **** 				}
 778:Middlewares/Third_Party/FreeRTOS/Source/tasks.c **** 				else
 779:Middlewares/Third_Party/FreeRTOS/Source/tasks.c **** 				{
 780:Middlewares/Third_Party/FreeRTOS/Source/tasks.c **** 					/* The stack cannot be used as the TCB was not created.  Free
 781:Middlewares/Third_Party/FreeRTOS/Source/tasks.c **** 					it again. */
 782:Middlewares/Third_Party/FreeRTOS/Source/tasks.c **** 					vPortFree( pxStack );
 783:Middlewares/Third_Party/FreeRTOS/Source/tasks.c **** 				}
 784:Middlewares/Third_Party/FreeRTOS/Source/tasks.c **** 			}
 785:Middlewares/Third_Party/FreeRTOS/Source/tasks.c **** 			else
 786:Middlewares/Third_Party/FreeRTOS/Source/tasks.c **** 			{
 787:Middlewares/Third_Party/FreeRTOS/Source/tasks.c **** 				pxNewTCB = NULL;
 788:Middlewares/Third_Party/FreeRTOS/Source/tasks.c **** 			}
 789:Middlewares/Third_Party/FreeRTOS/Source/tasks.c **** 		}
 790:Middlewares/Third_Party/FreeRTOS/Source/tasks.c **** 		#endif /* portSTACK_GROWTH */
 791:Middlewares/Third_Party/FreeRTOS/Source/tasks.c **** 
 792:Middlewares/Third_Party/FreeRTOS/Source/tasks.c **** 		if( pxNewTCB != NULL )
 793:Middlewares/Third_Party/FreeRTOS/Source/tasks.c **** 		{
 794:Middlewares/Third_Party/FreeRTOS/Source/tasks.c **** 			#if( tskSTATIC_AND_DYNAMIC_ALLOCATION_POSSIBLE != 0 ) /*lint !e731 Macro has been consolidated f
 795:Middlewares/Third_Party/FreeRTOS/Source/tasks.c **** 			{
 796:Middlewares/Third_Party/FreeRTOS/Source/tasks.c **** 				/* Tasks can be created statically or dynamically, so note this
 797:Middlewares/Third_Party/FreeRTOS/Source/tasks.c **** 				task was created dynamically in case it is later deleted. */
 798:Middlewares/Third_Party/FreeRTOS/Source/tasks.c **** 				pxNewTCB->ucStaticallyAllocated = tskDYNAMICALLY_ALLOCATED_STACK_AND_TCB;
 799:Middlewares/Third_Party/FreeRTOS/Source/tasks.c **** 			}
 800:Middlewares/Third_Party/FreeRTOS/Source/tasks.c **** 			#endif /* configSUPPORT_STATIC_ALLOCATION */
 801:Middlewares/Third_Party/FreeRTOS/Source/tasks.c **** 
 802:Middlewares/Third_Party/FreeRTOS/Source/tasks.c **** 			prvInitialiseNewTask( pxTaskCode, pcName, ( uint32_t ) usStackDepth, pvParameters, uxPriority, p
 803:Middlewares/Third_Party/FreeRTOS/Source/tasks.c **** 			prvAddNewTaskToReadyList( pxNewTCB );
 804:Middlewares/Third_Party/FreeRTOS/Source/tasks.c **** 			xReturn = pdPASS;
 805:Middlewares/Third_Party/FreeRTOS/Source/tasks.c **** 		}
 806:Middlewares/Third_Party/FreeRTOS/Source/tasks.c **** 		else
 807:Middlewares/Third_Party/FreeRTOS/Source/tasks.c **** 		{
 808:Middlewares/Third_Party/FreeRTOS/Source/tasks.c **** 			xReturn = errCOULD_NOT_ALLOCATE_REQUIRED_MEMORY;
 809:Middlewares/Third_Party/FreeRTOS/Source/tasks.c **** 		}
 810:Middlewares/Third_Party/FreeRTOS/Source/tasks.c **** 
 811:Middlewares/Third_Party/FreeRTOS/Source/tasks.c **** 		return xReturn;
 812:Middlewares/Third_Party/FreeRTOS/Source/tasks.c **** 	}
 813:Middlewares/Third_Party/FreeRTOS/Source/tasks.c **** 
 814:Middlewares/Third_Party/FreeRTOS/Source/tasks.c **** #endif /* configSUPPORT_DYNAMIC_ALLOCATION */
 815:Middlewares/Third_Party/FreeRTOS/Source/tasks.c **** /*-----------------------------------------------------------*/
 816:Middlewares/Third_Party/FreeRTOS/Source/tasks.c **** 
 817:Middlewares/Third_Party/FreeRTOS/Source/tasks.c **** static void prvInitialiseNewTask( 	TaskFunction_t pxTaskCode,
 818:Middlewares/Third_Party/FreeRTOS/Source/tasks.c **** 									const char * const pcName,		/*lint !e971 Unqualified char types are allowed for strings an
 819:Middlewares/Third_Party/FreeRTOS/Source/tasks.c **** 									const uint32_t ulStackDepth,
 820:Middlewares/Third_Party/FreeRTOS/Source/tasks.c **** 									void * const pvParameters,
 821:Middlewares/Third_Party/FreeRTOS/Source/tasks.c **** 									UBaseType_t uxPriority,
 822:Middlewares/Third_Party/FreeRTOS/Source/tasks.c **** 									TaskHandle_t * const pxCreatedTask,
 823:Middlewares/Third_Party/FreeRTOS/Source/tasks.c **** 									TCB_t *pxNewTCB,
 824:Middlewares/Third_Party/FreeRTOS/Source/tasks.c **** 									const MemoryRegion_t * const xRegions )
 825:Middlewares/Third_Party/FreeRTOS/Source/tasks.c **** {
 826:Middlewares/Third_Party/FreeRTOS/Source/tasks.c **** StackType_t *pxTopOfStack;
 827:Middlewares/Third_Party/FreeRTOS/Source/tasks.c **** UBaseType_t x;
 828:Middlewares/Third_Party/FreeRTOS/Source/tasks.c **** 
ARM GAS  /tmp/ccZZCKwI.s 			page 16


 829:Middlewares/Third_Party/FreeRTOS/Source/tasks.c **** 	#if( portUSING_MPU_WRAPPERS == 1 )
 830:Middlewares/Third_Party/FreeRTOS/Source/tasks.c **** 		/* Should the task be created in privileged mode? */
 831:Middlewares/Third_Party/FreeRTOS/Source/tasks.c **** 		BaseType_t xRunPrivileged;
 832:Middlewares/Third_Party/FreeRTOS/Source/tasks.c **** 		if( ( uxPriority & portPRIVILEGE_BIT ) != 0U )
 833:Middlewares/Third_Party/FreeRTOS/Source/tasks.c **** 		{
 834:Middlewares/Third_Party/FreeRTOS/Source/tasks.c **** 			xRunPrivileged = pdTRUE;
 835:Middlewares/Third_Party/FreeRTOS/Source/tasks.c **** 		}
 836:Middlewares/Third_Party/FreeRTOS/Source/tasks.c **** 		else
 837:Middlewares/Third_Party/FreeRTOS/Source/tasks.c **** 		{
 838:Middlewares/Third_Party/FreeRTOS/Source/tasks.c **** 			xRunPrivileged = pdFALSE;
 839:Middlewares/Third_Party/FreeRTOS/Source/tasks.c **** 		}
 840:Middlewares/Third_Party/FreeRTOS/Source/tasks.c **** 		uxPriority &= ~portPRIVILEGE_BIT;
 841:Middlewares/Third_Party/FreeRTOS/Source/tasks.c **** 	#endif /* portUSING_MPU_WRAPPERS == 1 */
 842:Middlewares/Third_Party/FreeRTOS/Source/tasks.c **** 
 843:Middlewares/Third_Party/FreeRTOS/Source/tasks.c **** 	/* Avoid dependency on memset() if it is not required. */
 844:Middlewares/Third_Party/FreeRTOS/Source/tasks.c **** 	#if( tskSET_NEW_STACKS_TO_KNOWN_VALUE == 1 )
 845:Middlewares/Third_Party/FreeRTOS/Source/tasks.c **** 	{
 846:Middlewares/Third_Party/FreeRTOS/Source/tasks.c **** 		/* Fill the stack with a known value to assist debugging. */
 847:Middlewares/Third_Party/FreeRTOS/Source/tasks.c **** 		( void ) memset( pxNewTCB->pxStack, ( int ) tskSTACK_FILL_BYTE, ( size_t ) ulStackDepth * sizeof(
 848:Middlewares/Third_Party/FreeRTOS/Source/tasks.c **** 	}
 849:Middlewares/Third_Party/FreeRTOS/Source/tasks.c **** 	#endif /* tskSET_NEW_STACKS_TO_KNOWN_VALUE */
 850:Middlewares/Third_Party/FreeRTOS/Source/tasks.c **** 
 851:Middlewares/Third_Party/FreeRTOS/Source/tasks.c **** 	/* Calculate the top of stack address.  This depends on whether the stack
 852:Middlewares/Third_Party/FreeRTOS/Source/tasks.c **** 	grows from high memory to low (as per the 80x86) or vice versa.
 853:Middlewares/Third_Party/FreeRTOS/Source/tasks.c **** 	portSTACK_GROWTH is used to make the result positive or negative as required
 854:Middlewares/Third_Party/FreeRTOS/Source/tasks.c **** 	by the port. */
 855:Middlewares/Third_Party/FreeRTOS/Source/tasks.c **** 	#if( portSTACK_GROWTH < 0 )
 856:Middlewares/Third_Party/FreeRTOS/Source/tasks.c **** 	{
 857:Middlewares/Third_Party/FreeRTOS/Source/tasks.c **** 		pxTopOfStack = pxNewTCB->pxStack + ( ulStackDepth - ( uint32_t ) 1 );
 858:Middlewares/Third_Party/FreeRTOS/Source/tasks.c **** 		pxTopOfStack = ( StackType_t * ) ( ( ( portPOINTER_SIZE_TYPE ) pxTopOfStack ) & ( ~( ( portPOINTE
 859:Middlewares/Third_Party/FreeRTOS/Source/tasks.c **** 
 860:Middlewares/Third_Party/FreeRTOS/Source/tasks.c **** 		/* Check the alignment of the calculated top of stack is correct. */
 861:Middlewares/Third_Party/FreeRTOS/Source/tasks.c **** 		configASSERT( ( ( ( portPOINTER_SIZE_TYPE ) pxTopOfStack & ( portPOINTER_SIZE_TYPE ) portBYTE_ALI
 862:Middlewares/Third_Party/FreeRTOS/Source/tasks.c **** 
 863:Middlewares/Third_Party/FreeRTOS/Source/tasks.c **** 		#if( configRECORD_STACK_HIGH_ADDRESS == 1 )
 864:Middlewares/Third_Party/FreeRTOS/Source/tasks.c **** 		{
 865:Middlewares/Third_Party/FreeRTOS/Source/tasks.c **** 			/* Also record the stack's high address, which may assist
 866:Middlewares/Third_Party/FreeRTOS/Source/tasks.c **** 			debugging. */
 867:Middlewares/Third_Party/FreeRTOS/Source/tasks.c **** 			pxNewTCB->pxEndOfStack = pxTopOfStack;
 868:Middlewares/Third_Party/FreeRTOS/Source/tasks.c **** 		}
 869:Middlewares/Third_Party/FreeRTOS/Source/tasks.c **** 		#endif /* configRECORD_STACK_HIGH_ADDRESS */
 870:Middlewares/Third_Party/FreeRTOS/Source/tasks.c **** 	}
 871:Middlewares/Third_Party/FreeRTOS/Source/tasks.c **** 	#else /* portSTACK_GROWTH */
 872:Middlewares/Third_Party/FreeRTOS/Source/tasks.c **** 	{
 873:Middlewares/Third_Party/FreeRTOS/Source/tasks.c **** 		pxTopOfStack = pxNewTCB->pxStack;
 874:Middlewares/Third_Party/FreeRTOS/Source/tasks.c **** 
 875:Middlewares/Third_Party/FreeRTOS/Source/tasks.c **** 		/* Check the alignment of the stack buffer is correct. */
 876:Middlewares/Third_Party/FreeRTOS/Source/tasks.c **** 		configASSERT( ( ( ( portPOINTER_SIZE_TYPE ) pxNewTCB->pxStack & ( portPOINTER_SIZE_TYPE ) portBYT
 877:Middlewares/Third_Party/FreeRTOS/Source/tasks.c **** 
 878:Middlewares/Third_Party/FreeRTOS/Source/tasks.c **** 		/* The other extreme of the stack space is required if stack checking is
 879:Middlewares/Third_Party/FreeRTOS/Source/tasks.c **** 		performed. */
 880:Middlewares/Third_Party/FreeRTOS/Source/tasks.c **** 		pxNewTCB->pxEndOfStack = pxNewTCB->pxStack + ( ulStackDepth - ( uint32_t ) 1 );
 881:Middlewares/Third_Party/FreeRTOS/Source/tasks.c **** 	}
 882:Middlewares/Third_Party/FreeRTOS/Source/tasks.c **** 	#endif /* portSTACK_GROWTH */
 883:Middlewares/Third_Party/FreeRTOS/Source/tasks.c **** 
 884:Middlewares/Third_Party/FreeRTOS/Source/tasks.c **** 	/* Store the task name in the TCB. */
 885:Middlewares/Third_Party/FreeRTOS/Source/tasks.c **** 	for( x = ( UBaseType_t ) 0; x < ( UBaseType_t ) configMAX_TASK_NAME_LEN; x++ )
ARM GAS  /tmp/ccZZCKwI.s 			page 17


 886:Middlewares/Third_Party/FreeRTOS/Source/tasks.c **** 	{
 887:Middlewares/Third_Party/FreeRTOS/Source/tasks.c **** 		pxNewTCB->pcTaskName[ x ] = pcName[ x ];
 888:Middlewares/Third_Party/FreeRTOS/Source/tasks.c **** 
 889:Middlewares/Third_Party/FreeRTOS/Source/tasks.c **** 		/* Don't copy all configMAX_TASK_NAME_LEN if the string is shorter than
 890:Middlewares/Third_Party/FreeRTOS/Source/tasks.c **** 		configMAX_TASK_NAME_LEN characters just in case the memory after the
 891:Middlewares/Third_Party/FreeRTOS/Source/tasks.c **** 		string is not accessible (extremely unlikely). */
 892:Middlewares/Third_Party/FreeRTOS/Source/tasks.c **** 		if( pcName[ x ] == 0x00 )
 893:Middlewares/Third_Party/FreeRTOS/Source/tasks.c **** 		{
 894:Middlewares/Third_Party/FreeRTOS/Source/tasks.c **** 			break;
 895:Middlewares/Third_Party/FreeRTOS/Source/tasks.c **** 		}
 896:Middlewares/Third_Party/FreeRTOS/Source/tasks.c **** 		else
 897:Middlewares/Third_Party/FreeRTOS/Source/tasks.c **** 		{
 898:Middlewares/Third_Party/FreeRTOS/Source/tasks.c **** 			mtCOVERAGE_TEST_MARKER();
 899:Middlewares/Third_Party/FreeRTOS/Source/tasks.c **** 		}
 900:Middlewares/Third_Party/FreeRTOS/Source/tasks.c **** 	}
 901:Middlewares/Third_Party/FreeRTOS/Source/tasks.c **** 
 902:Middlewares/Third_Party/FreeRTOS/Source/tasks.c **** 	/* Ensure the name string is terminated in the case that the string length
 903:Middlewares/Third_Party/FreeRTOS/Source/tasks.c **** 	was greater or equal to configMAX_TASK_NAME_LEN. */
 904:Middlewares/Third_Party/FreeRTOS/Source/tasks.c **** 	pxNewTCB->pcTaskName[ configMAX_TASK_NAME_LEN - 1 ] = '\0';
 905:Middlewares/Third_Party/FreeRTOS/Source/tasks.c **** 
 906:Middlewares/Third_Party/FreeRTOS/Source/tasks.c **** 	/* This is used as an array index so must ensure it's not too large.  First
 907:Middlewares/Third_Party/FreeRTOS/Source/tasks.c **** 	remove the privilege bit if one is present. */
 908:Middlewares/Third_Party/FreeRTOS/Source/tasks.c **** 	if( uxPriority >= ( UBaseType_t ) configMAX_PRIORITIES )
 909:Middlewares/Third_Party/FreeRTOS/Source/tasks.c **** 	{
 910:Middlewares/Third_Party/FreeRTOS/Source/tasks.c **** 		uxPriority = ( UBaseType_t ) configMAX_PRIORITIES - ( UBaseType_t ) 1U;
 911:Middlewares/Third_Party/FreeRTOS/Source/tasks.c **** 	}
 912:Middlewares/Third_Party/FreeRTOS/Source/tasks.c **** 	else
 913:Middlewares/Third_Party/FreeRTOS/Source/tasks.c **** 	{
 914:Middlewares/Third_Party/FreeRTOS/Source/tasks.c **** 		mtCOVERAGE_TEST_MARKER();
 915:Middlewares/Third_Party/FreeRTOS/Source/tasks.c **** 	}
 916:Middlewares/Third_Party/FreeRTOS/Source/tasks.c **** 
 917:Middlewares/Third_Party/FreeRTOS/Source/tasks.c **** 	pxNewTCB->uxPriority = uxPriority;
 918:Middlewares/Third_Party/FreeRTOS/Source/tasks.c **** 	#if ( configUSE_MUTEXES == 1 )
 919:Middlewares/Third_Party/FreeRTOS/Source/tasks.c **** 	{
 920:Middlewares/Third_Party/FreeRTOS/Source/tasks.c **** 		pxNewTCB->uxBasePriority = uxPriority;
 921:Middlewares/Third_Party/FreeRTOS/Source/tasks.c **** 		pxNewTCB->uxMutexesHeld = 0;
 922:Middlewares/Third_Party/FreeRTOS/Source/tasks.c **** 	}
 923:Middlewares/Third_Party/FreeRTOS/Source/tasks.c **** 	#endif /* configUSE_MUTEXES */
 924:Middlewares/Third_Party/FreeRTOS/Source/tasks.c **** 
 925:Middlewares/Third_Party/FreeRTOS/Source/tasks.c **** 	vListInitialiseItem( &( pxNewTCB->xStateListItem ) );
 926:Middlewares/Third_Party/FreeRTOS/Source/tasks.c **** 	vListInitialiseItem( &( pxNewTCB->xEventListItem ) );
 927:Middlewares/Third_Party/FreeRTOS/Source/tasks.c **** 
 928:Middlewares/Third_Party/FreeRTOS/Source/tasks.c **** 	/* Set the pxNewTCB as a link back from the ListItem_t.  This is so we can get
 929:Middlewares/Third_Party/FreeRTOS/Source/tasks.c **** 	back to	the containing TCB from a generic item in a list. */
 930:Middlewares/Third_Party/FreeRTOS/Source/tasks.c **** 	listSET_LIST_ITEM_OWNER( &( pxNewTCB->xStateListItem ), pxNewTCB );
 931:Middlewares/Third_Party/FreeRTOS/Source/tasks.c **** 
 932:Middlewares/Third_Party/FreeRTOS/Source/tasks.c **** 	/* Event lists are always in priority order. */
 933:Middlewares/Third_Party/FreeRTOS/Source/tasks.c **** 	listSET_LIST_ITEM_VALUE( &( pxNewTCB->xEventListItem ), ( TickType_t ) configMAX_PRIORITIES - ( Ti
 934:Middlewares/Third_Party/FreeRTOS/Source/tasks.c **** 	listSET_LIST_ITEM_OWNER( &( pxNewTCB->xEventListItem ), pxNewTCB );
 935:Middlewares/Third_Party/FreeRTOS/Source/tasks.c **** 
 936:Middlewares/Third_Party/FreeRTOS/Source/tasks.c **** 	#if ( portCRITICAL_NESTING_IN_TCB == 1 )
 937:Middlewares/Third_Party/FreeRTOS/Source/tasks.c **** 	{
 938:Middlewares/Third_Party/FreeRTOS/Source/tasks.c **** 		pxNewTCB->uxCriticalNesting = ( UBaseType_t ) 0U;
 939:Middlewares/Third_Party/FreeRTOS/Source/tasks.c **** 	}
 940:Middlewares/Third_Party/FreeRTOS/Source/tasks.c **** 	#endif /* portCRITICAL_NESTING_IN_TCB */
 941:Middlewares/Third_Party/FreeRTOS/Source/tasks.c **** 
 942:Middlewares/Third_Party/FreeRTOS/Source/tasks.c **** 	#if ( configUSE_APPLICATION_TASK_TAG == 1 )
ARM GAS  /tmp/ccZZCKwI.s 			page 18


 943:Middlewares/Third_Party/FreeRTOS/Source/tasks.c **** 	{
 944:Middlewares/Third_Party/FreeRTOS/Source/tasks.c **** 		pxNewTCB->pxTaskTag = NULL;
 945:Middlewares/Third_Party/FreeRTOS/Source/tasks.c **** 	}
 946:Middlewares/Third_Party/FreeRTOS/Source/tasks.c **** 	#endif /* configUSE_APPLICATION_TASK_TAG */
 947:Middlewares/Third_Party/FreeRTOS/Source/tasks.c **** 
 948:Middlewares/Third_Party/FreeRTOS/Source/tasks.c **** 	#if ( configGENERATE_RUN_TIME_STATS == 1 )
 949:Middlewares/Third_Party/FreeRTOS/Source/tasks.c **** 	{
 950:Middlewares/Third_Party/FreeRTOS/Source/tasks.c **** 		pxNewTCB->ulRunTimeCounter = 0UL;
 951:Middlewares/Third_Party/FreeRTOS/Source/tasks.c **** 	}
 952:Middlewares/Third_Party/FreeRTOS/Source/tasks.c **** 	#endif /* configGENERATE_RUN_TIME_STATS */
 953:Middlewares/Third_Party/FreeRTOS/Source/tasks.c **** 
 954:Middlewares/Third_Party/FreeRTOS/Source/tasks.c **** 	#if ( portUSING_MPU_WRAPPERS == 1 )
 955:Middlewares/Third_Party/FreeRTOS/Source/tasks.c **** 	{
 956:Middlewares/Third_Party/FreeRTOS/Source/tasks.c **** 		vPortStoreTaskMPUSettings( &( pxNewTCB->xMPUSettings ), xRegions, pxNewTCB->pxStack, ulStackDepth
 957:Middlewares/Third_Party/FreeRTOS/Source/tasks.c **** 	}
 958:Middlewares/Third_Party/FreeRTOS/Source/tasks.c **** 	#else
 959:Middlewares/Third_Party/FreeRTOS/Source/tasks.c **** 	{
 960:Middlewares/Third_Party/FreeRTOS/Source/tasks.c **** 		/* Avoid compiler warning about unreferenced parameter. */
 961:Middlewares/Third_Party/FreeRTOS/Source/tasks.c **** 		( void ) xRegions;
 962:Middlewares/Third_Party/FreeRTOS/Source/tasks.c **** 	}
 963:Middlewares/Third_Party/FreeRTOS/Source/tasks.c **** 	#endif
 964:Middlewares/Third_Party/FreeRTOS/Source/tasks.c **** 
 965:Middlewares/Third_Party/FreeRTOS/Source/tasks.c **** 	#if( configNUM_THREAD_LOCAL_STORAGE_POINTERS != 0 )
 966:Middlewares/Third_Party/FreeRTOS/Source/tasks.c **** 	{
 967:Middlewares/Third_Party/FreeRTOS/Source/tasks.c **** 		for( x = 0; x < ( UBaseType_t ) configNUM_THREAD_LOCAL_STORAGE_POINTERS; x++ )
 968:Middlewares/Third_Party/FreeRTOS/Source/tasks.c **** 		{
 969:Middlewares/Third_Party/FreeRTOS/Source/tasks.c **** 			pxNewTCB->pvThreadLocalStoragePointers[ x ] = NULL;
 970:Middlewares/Third_Party/FreeRTOS/Source/tasks.c **** 		}
 971:Middlewares/Third_Party/FreeRTOS/Source/tasks.c **** 	}
 972:Middlewares/Third_Party/FreeRTOS/Source/tasks.c **** 	#endif
 973:Middlewares/Third_Party/FreeRTOS/Source/tasks.c **** 
 974:Middlewares/Third_Party/FreeRTOS/Source/tasks.c **** 	#if ( configUSE_TASK_NOTIFICATIONS == 1 )
 975:Middlewares/Third_Party/FreeRTOS/Source/tasks.c **** 	{
 976:Middlewares/Third_Party/FreeRTOS/Source/tasks.c **** 		pxNewTCB->ulNotifiedValue = 0;
 977:Middlewares/Third_Party/FreeRTOS/Source/tasks.c **** 		pxNewTCB->ucNotifyState = taskNOT_WAITING_NOTIFICATION;
 978:Middlewares/Third_Party/FreeRTOS/Source/tasks.c **** 	}
 979:Middlewares/Third_Party/FreeRTOS/Source/tasks.c **** 	#endif
 980:Middlewares/Third_Party/FreeRTOS/Source/tasks.c **** 
 981:Middlewares/Third_Party/FreeRTOS/Source/tasks.c **** 	#if ( configUSE_NEWLIB_REENTRANT == 1 )
 982:Middlewares/Third_Party/FreeRTOS/Source/tasks.c **** 	{
 983:Middlewares/Third_Party/FreeRTOS/Source/tasks.c **** 		/* Initialise this task's Newlib reent structure. */
 984:Middlewares/Third_Party/FreeRTOS/Source/tasks.c **** 		_REENT_INIT_PTR( ( &( pxNewTCB->xNewLib_reent ) ) );
 985:Middlewares/Third_Party/FreeRTOS/Source/tasks.c **** 	}
 986:Middlewares/Third_Party/FreeRTOS/Source/tasks.c **** 	#endif
 987:Middlewares/Third_Party/FreeRTOS/Source/tasks.c **** 
 988:Middlewares/Third_Party/FreeRTOS/Source/tasks.c **** 	#if( INCLUDE_xTaskAbortDelay == 1 )
 989:Middlewares/Third_Party/FreeRTOS/Source/tasks.c **** 	{
 990:Middlewares/Third_Party/FreeRTOS/Source/tasks.c **** 		pxNewTCB->ucDelayAborted = pdFALSE;
 991:Middlewares/Third_Party/FreeRTOS/Source/tasks.c **** 	}
 992:Middlewares/Third_Party/FreeRTOS/Source/tasks.c **** 	#endif
 993:Middlewares/Third_Party/FreeRTOS/Source/tasks.c **** 
 994:Middlewares/Third_Party/FreeRTOS/Source/tasks.c **** 	/* Initialize the TCB stack to look as if the task was already running,
 995:Middlewares/Third_Party/FreeRTOS/Source/tasks.c **** 	but had been interrupted by the scheduler.  The return address is set
 996:Middlewares/Third_Party/FreeRTOS/Source/tasks.c **** 	to the start of the task function. Once the stack has been initialised
 997:Middlewares/Third_Party/FreeRTOS/Source/tasks.c **** 	the top of stack variable is updated. */
 998:Middlewares/Third_Party/FreeRTOS/Source/tasks.c **** 	#if( portUSING_MPU_WRAPPERS == 1 )
 999:Middlewares/Third_Party/FreeRTOS/Source/tasks.c **** 	{
ARM GAS  /tmp/ccZZCKwI.s 			page 19


1000:Middlewares/Third_Party/FreeRTOS/Source/tasks.c **** 		pxNewTCB->pxTopOfStack = pxPortInitialiseStack( pxTopOfStack, pxTaskCode, pvParameters, xRunPrivi
1001:Middlewares/Third_Party/FreeRTOS/Source/tasks.c **** 	}
1002:Middlewares/Third_Party/FreeRTOS/Source/tasks.c **** 	#else /* portUSING_MPU_WRAPPERS */
1003:Middlewares/Third_Party/FreeRTOS/Source/tasks.c **** 	{
1004:Middlewares/Third_Party/FreeRTOS/Source/tasks.c **** 		pxNewTCB->pxTopOfStack = pxPortInitialiseStack( pxTopOfStack, pxTaskCode, pvParameters );
1005:Middlewares/Third_Party/FreeRTOS/Source/tasks.c **** 	}
1006:Middlewares/Third_Party/FreeRTOS/Source/tasks.c **** 	#endif /* portUSING_MPU_WRAPPERS */
1007:Middlewares/Third_Party/FreeRTOS/Source/tasks.c **** 
1008:Middlewares/Third_Party/FreeRTOS/Source/tasks.c **** 	if( ( void * ) pxCreatedTask != NULL )
1009:Middlewares/Third_Party/FreeRTOS/Source/tasks.c **** 	{
1010:Middlewares/Third_Party/FreeRTOS/Source/tasks.c **** 		/* Pass the handle out in an anonymous way.  The handle can be used to
1011:Middlewares/Third_Party/FreeRTOS/Source/tasks.c **** 		change the created task's priority, delete the created task, etc.*/
1012:Middlewares/Third_Party/FreeRTOS/Source/tasks.c **** 		*pxCreatedTask = ( TaskHandle_t ) pxNewTCB;
1013:Middlewares/Third_Party/FreeRTOS/Source/tasks.c **** 	}
1014:Middlewares/Third_Party/FreeRTOS/Source/tasks.c **** 	else
1015:Middlewares/Third_Party/FreeRTOS/Source/tasks.c **** 	{
1016:Middlewares/Third_Party/FreeRTOS/Source/tasks.c **** 		mtCOVERAGE_TEST_MARKER();
1017:Middlewares/Third_Party/FreeRTOS/Source/tasks.c **** 	}
1018:Middlewares/Third_Party/FreeRTOS/Source/tasks.c **** }
1019:Middlewares/Third_Party/FreeRTOS/Source/tasks.c **** /*-----------------------------------------------------------*/
1020:Middlewares/Third_Party/FreeRTOS/Source/tasks.c **** 
1021:Middlewares/Third_Party/FreeRTOS/Source/tasks.c **** static void prvAddNewTaskToReadyList( TCB_t *pxNewTCB )
1022:Middlewares/Third_Party/FreeRTOS/Source/tasks.c **** {
1023:Middlewares/Third_Party/FreeRTOS/Source/tasks.c **** 	/* Ensure interrupts don't access the task lists while the lists are being
1024:Middlewares/Third_Party/FreeRTOS/Source/tasks.c **** 	updated. */
1025:Middlewares/Third_Party/FreeRTOS/Source/tasks.c **** 	taskENTER_CRITICAL();
1026:Middlewares/Third_Party/FreeRTOS/Source/tasks.c **** 	{
1027:Middlewares/Third_Party/FreeRTOS/Source/tasks.c **** 		uxCurrentNumberOfTasks++;
1028:Middlewares/Third_Party/FreeRTOS/Source/tasks.c **** 		if( pxCurrentTCB == NULL )
1029:Middlewares/Third_Party/FreeRTOS/Source/tasks.c **** 		{
1030:Middlewares/Third_Party/FreeRTOS/Source/tasks.c **** 			/* There are no other tasks, or all the other tasks are in
1031:Middlewares/Third_Party/FreeRTOS/Source/tasks.c **** 			the suspended state - make this the current task. */
1032:Middlewares/Third_Party/FreeRTOS/Source/tasks.c **** 			pxCurrentTCB = pxNewTCB;
1033:Middlewares/Third_Party/FreeRTOS/Source/tasks.c **** 
1034:Middlewares/Third_Party/FreeRTOS/Source/tasks.c **** 			if( uxCurrentNumberOfTasks == ( UBaseType_t ) 1 )
1035:Middlewares/Third_Party/FreeRTOS/Source/tasks.c **** 			{
1036:Middlewares/Third_Party/FreeRTOS/Source/tasks.c **** 				/* This is the first task to be created so do the preliminary
1037:Middlewares/Third_Party/FreeRTOS/Source/tasks.c **** 				initialisation required.  We will not recover if this call
1038:Middlewares/Third_Party/FreeRTOS/Source/tasks.c **** 				fails, but we will report the failure. */
1039:Middlewares/Third_Party/FreeRTOS/Source/tasks.c **** 				prvInitialiseTaskLists();
1040:Middlewares/Third_Party/FreeRTOS/Source/tasks.c **** 			}
1041:Middlewares/Third_Party/FreeRTOS/Source/tasks.c **** 			else
1042:Middlewares/Third_Party/FreeRTOS/Source/tasks.c **** 			{
1043:Middlewares/Third_Party/FreeRTOS/Source/tasks.c **** 				mtCOVERAGE_TEST_MARKER();
1044:Middlewares/Third_Party/FreeRTOS/Source/tasks.c **** 			}
1045:Middlewares/Third_Party/FreeRTOS/Source/tasks.c **** 		}
1046:Middlewares/Third_Party/FreeRTOS/Source/tasks.c **** 		else
1047:Middlewares/Third_Party/FreeRTOS/Source/tasks.c **** 		{
1048:Middlewares/Third_Party/FreeRTOS/Source/tasks.c **** 			/* If the scheduler is not already running, make this task the
1049:Middlewares/Third_Party/FreeRTOS/Source/tasks.c **** 			current task if it is the highest priority task to be created
1050:Middlewares/Third_Party/FreeRTOS/Source/tasks.c **** 			so far. */
1051:Middlewares/Third_Party/FreeRTOS/Source/tasks.c **** 			if( xSchedulerRunning == pdFALSE )
1052:Middlewares/Third_Party/FreeRTOS/Source/tasks.c **** 			{
1053:Middlewares/Third_Party/FreeRTOS/Source/tasks.c **** 				if( pxCurrentTCB->uxPriority <= pxNewTCB->uxPriority )
1054:Middlewares/Third_Party/FreeRTOS/Source/tasks.c **** 				{
1055:Middlewares/Third_Party/FreeRTOS/Source/tasks.c **** 					pxCurrentTCB = pxNewTCB;
1056:Middlewares/Third_Party/FreeRTOS/Source/tasks.c **** 				}
ARM GAS  /tmp/ccZZCKwI.s 			page 20


1057:Middlewares/Third_Party/FreeRTOS/Source/tasks.c **** 				else
1058:Middlewares/Third_Party/FreeRTOS/Source/tasks.c **** 				{
1059:Middlewares/Third_Party/FreeRTOS/Source/tasks.c **** 					mtCOVERAGE_TEST_MARKER();
1060:Middlewares/Third_Party/FreeRTOS/Source/tasks.c **** 				}
1061:Middlewares/Third_Party/FreeRTOS/Source/tasks.c **** 			}
1062:Middlewares/Third_Party/FreeRTOS/Source/tasks.c **** 			else
1063:Middlewares/Third_Party/FreeRTOS/Source/tasks.c **** 			{
1064:Middlewares/Third_Party/FreeRTOS/Source/tasks.c **** 				mtCOVERAGE_TEST_MARKER();
1065:Middlewares/Third_Party/FreeRTOS/Source/tasks.c **** 			}
1066:Middlewares/Third_Party/FreeRTOS/Source/tasks.c **** 		}
1067:Middlewares/Third_Party/FreeRTOS/Source/tasks.c **** 
1068:Middlewares/Third_Party/FreeRTOS/Source/tasks.c **** 		uxTaskNumber++;
1069:Middlewares/Third_Party/FreeRTOS/Source/tasks.c **** 
1070:Middlewares/Third_Party/FreeRTOS/Source/tasks.c **** 		#if ( configUSE_TRACE_FACILITY == 1 )
1071:Middlewares/Third_Party/FreeRTOS/Source/tasks.c **** 		{
1072:Middlewares/Third_Party/FreeRTOS/Source/tasks.c **** 			/* Add a counter into the TCB for tracing only. */
1073:Middlewares/Third_Party/FreeRTOS/Source/tasks.c **** 			pxNewTCB->uxTCBNumber = uxTaskNumber;
1074:Middlewares/Third_Party/FreeRTOS/Source/tasks.c **** 		}
1075:Middlewares/Third_Party/FreeRTOS/Source/tasks.c **** 		#endif /* configUSE_TRACE_FACILITY */
1076:Middlewares/Third_Party/FreeRTOS/Source/tasks.c **** 		traceTASK_CREATE( pxNewTCB );
1077:Middlewares/Third_Party/FreeRTOS/Source/tasks.c **** 
1078:Middlewares/Third_Party/FreeRTOS/Source/tasks.c **** 		prvAddTaskToReadyList( pxNewTCB );
1079:Middlewares/Third_Party/FreeRTOS/Source/tasks.c **** 
1080:Middlewares/Third_Party/FreeRTOS/Source/tasks.c **** 		portSETUP_TCB( pxNewTCB );
1081:Middlewares/Third_Party/FreeRTOS/Source/tasks.c **** 	}
1082:Middlewares/Third_Party/FreeRTOS/Source/tasks.c **** 	taskEXIT_CRITICAL();
1083:Middlewares/Third_Party/FreeRTOS/Source/tasks.c **** 
1084:Middlewares/Third_Party/FreeRTOS/Source/tasks.c **** 	if( xSchedulerRunning != pdFALSE )
1085:Middlewares/Third_Party/FreeRTOS/Source/tasks.c **** 	{
1086:Middlewares/Third_Party/FreeRTOS/Source/tasks.c **** 		/* If the created task is of a higher priority than the current task
1087:Middlewares/Third_Party/FreeRTOS/Source/tasks.c **** 		then it should run now. */
1088:Middlewares/Third_Party/FreeRTOS/Source/tasks.c **** 		if( pxCurrentTCB->uxPriority < pxNewTCB->uxPriority )
1089:Middlewares/Third_Party/FreeRTOS/Source/tasks.c **** 		{
1090:Middlewares/Third_Party/FreeRTOS/Source/tasks.c **** 			taskYIELD_IF_USING_PREEMPTION();
1091:Middlewares/Third_Party/FreeRTOS/Source/tasks.c **** 		}
1092:Middlewares/Third_Party/FreeRTOS/Source/tasks.c **** 		else
1093:Middlewares/Third_Party/FreeRTOS/Source/tasks.c **** 		{
1094:Middlewares/Third_Party/FreeRTOS/Source/tasks.c **** 			mtCOVERAGE_TEST_MARKER();
1095:Middlewares/Third_Party/FreeRTOS/Source/tasks.c **** 		}
1096:Middlewares/Third_Party/FreeRTOS/Source/tasks.c **** 	}
1097:Middlewares/Third_Party/FreeRTOS/Source/tasks.c **** 	else
1098:Middlewares/Third_Party/FreeRTOS/Source/tasks.c **** 	{
1099:Middlewares/Third_Party/FreeRTOS/Source/tasks.c **** 		mtCOVERAGE_TEST_MARKER();
1100:Middlewares/Third_Party/FreeRTOS/Source/tasks.c **** 	}
1101:Middlewares/Third_Party/FreeRTOS/Source/tasks.c **** }
1102:Middlewares/Third_Party/FreeRTOS/Source/tasks.c **** /*-----------------------------------------------------------*/
1103:Middlewares/Third_Party/FreeRTOS/Source/tasks.c **** 
1104:Middlewares/Third_Party/FreeRTOS/Source/tasks.c **** #if ( INCLUDE_vTaskDelete == 1 )
1105:Middlewares/Third_Party/FreeRTOS/Source/tasks.c **** 
1106:Middlewares/Third_Party/FreeRTOS/Source/tasks.c **** 	void vTaskDelete( TaskHandle_t xTaskToDelete )
1107:Middlewares/Third_Party/FreeRTOS/Source/tasks.c **** 	{
1108:Middlewares/Third_Party/FreeRTOS/Source/tasks.c **** 	TCB_t *pxTCB;
1109:Middlewares/Third_Party/FreeRTOS/Source/tasks.c **** 
1110:Middlewares/Third_Party/FreeRTOS/Source/tasks.c **** 		taskENTER_CRITICAL();
1111:Middlewares/Third_Party/FreeRTOS/Source/tasks.c **** 		{
1112:Middlewares/Third_Party/FreeRTOS/Source/tasks.c **** 			/* If null is passed in here then it is the calling task that is
1113:Middlewares/Third_Party/FreeRTOS/Source/tasks.c **** 			being deleted. */
ARM GAS  /tmp/ccZZCKwI.s 			page 21


1114:Middlewares/Third_Party/FreeRTOS/Source/tasks.c **** 			pxTCB = prvGetTCBFromHandle( xTaskToDelete );
1115:Middlewares/Third_Party/FreeRTOS/Source/tasks.c **** 
1116:Middlewares/Third_Party/FreeRTOS/Source/tasks.c **** 			/* Remove task from the ready list. */
1117:Middlewares/Third_Party/FreeRTOS/Source/tasks.c **** 			if( uxListRemove( &( pxTCB->xStateListItem ) ) == ( UBaseType_t ) 0 )
1118:Middlewares/Third_Party/FreeRTOS/Source/tasks.c **** 			{
1119:Middlewares/Third_Party/FreeRTOS/Source/tasks.c **** 				taskRESET_READY_PRIORITY( pxTCB->uxPriority );
1120:Middlewares/Third_Party/FreeRTOS/Source/tasks.c **** 			}
1121:Middlewares/Third_Party/FreeRTOS/Source/tasks.c **** 			else
1122:Middlewares/Third_Party/FreeRTOS/Source/tasks.c **** 			{
1123:Middlewares/Third_Party/FreeRTOS/Source/tasks.c **** 				mtCOVERAGE_TEST_MARKER();
1124:Middlewares/Third_Party/FreeRTOS/Source/tasks.c **** 			}
1125:Middlewares/Third_Party/FreeRTOS/Source/tasks.c **** 
1126:Middlewares/Third_Party/FreeRTOS/Source/tasks.c **** 			/* Is the task waiting on an event also? */
1127:Middlewares/Third_Party/FreeRTOS/Source/tasks.c **** 			if( listLIST_ITEM_CONTAINER( &( pxTCB->xEventListItem ) ) != NULL )
1128:Middlewares/Third_Party/FreeRTOS/Source/tasks.c **** 			{
1129:Middlewares/Third_Party/FreeRTOS/Source/tasks.c **** 				( void ) uxListRemove( &( pxTCB->xEventListItem ) );
1130:Middlewares/Third_Party/FreeRTOS/Source/tasks.c **** 			}
1131:Middlewares/Third_Party/FreeRTOS/Source/tasks.c **** 			else
1132:Middlewares/Third_Party/FreeRTOS/Source/tasks.c **** 			{
1133:Middlewares/Third_Party/FreeRTOS/Source/tasks.c **** 				mtCOVERAGE_TEST_MARKER();
1134:Middlewares/Third_Party/FreeRTOS/Source/tasks.c **** 			}
1135:Middlewares/Third_Party/FreeRTOS/Source/tasks.c **** 
1136:Middlewares/Third_Party/FreeRTOS/Source/tasks.c **** 			/* Increment the uxTaskNumber also so kernel aware debuggers can
1137:Middlewares/Third_Party/FreeRTOS/Source/tasks.c **** 			detect that the task lists need re-generating.  This is done before
1138:Middlewares/Third_Party/FreeRTOS/Source/tasks.c **** 			portPRE_TASK_DELETE_HOOK() as in the Windows port that macro will
1139:Middlewares/Third_Party/FreeRTOS/Source/tasks.c **** 			not return. */
1140:Middlewares/Third_Party/FreeRTOS/Source/tasks.c **** 			uxTaskNumber++;
1141:Middlewares/Third_Party/FreeRTOS/Source/tasks.c **** 
1142:Middlewares/Third_Party/FreeRTOS/Source/tasks.c **** 			if( pxTCB == pxCurrentTCB )
1143:Middlewares/Third_Party/FreeRTOS/Source/tasks.c **** 			{
1144:Middlewares/Third_Party/FreeRTOS/Source/tasks.c **** 				/* A task is deleting itself.  This cannot complete within the
1145:Middlewares/Third_Party/FreeRTOS/Source/tasks.c **** 				task itself, as a context switch to another task is required.
1146:Middlewares/Third_Party/FreeRTOS/Source/tasks.c **** 				Place the task in the termination list.  The idle task will
1147:Middlewares/Third_Party/FreeRTOS/Source/tasks.c **** 				check the termination list and free up any memory allocated by
1148:Middlewares/Third_Party/FreeRTOS/Source/tasks.c **** 				the scheduler for the TCB and stack of the deleted task. */
1149:Middlewares/Third_Party/FreeRTOS/Source/tasks.c **** 				vListInsertEnd( &xTasksWaitingTermination, &( pxTCB->xStateListItem ) );
1150:Middlewares/Third_Party/FreeRTOS/Source/tasks.c **** 
1151:Middlewares/Third_Party/FreeRTOS/Source/tasks.c **** 				/* Increment the ucTasksDeleted variable so the idle task knows
1152:Middlewares/Third_Party/FreeRTOS/Source/tasks.c **** 				there is a task that has been deleted and that it should therefore
1153:Middlewares/Third_Party/FreeRTOS/Source/tasks.c **** 				check the xTasksWaitingTermination list. */
1154:Middlewares/Third_Party/FreeRTOS/Source/tasks.c **** 				++uxDeletedTasksWaitingCleanUp;
1155:Middlewares/Third_Party/FreeRTOS/Source/tasks.c **** 
1156:Middlewares/Third_Party/FreeRTOS/Source/tasks.c **** 				/* The pre-delete hook is primarily for the Windows simulator,
1157:Middlewares/Third_Party/FreeRTOS/Source/tasks.c **** 				in which Windows specific clean up operations are performed,
1158:Middlewares/Third_Party/FreeRTOS/Source/tasks.c **** 				after which it is not possible to yield away from this task -
1159:Middlewares/Third_Party/FreeRTOS/Source/tasks.c **** 				hence xYieldPending is used to latch that a context switch is
1160:Middlewares/Third_Party/FreeRTOS/Source/tasks.c **** 				required. */
1161:Middlewares/Third_Party/FreeRTOS/Source/tasks.c **** 				portPRE_TASK_DELETE_HOOK( pxTCB, &xYieldPending );
1162:Middlewares/Third_Party/FreeRTOS/Source/tasks.c **** 			}
1163:Middlewares/Third_Party/FreeRTOS/Source/tasks.c **** 			else
1164:Middlewares/Third_Party/FreeRTOS/Source/tasks.c **** 			{
1165:Middlewares/Third_Party/FreeRTOS/Source/tasks.c **** 				--uxCurrentNumberOfTasks;
1166:Middlewares/Third_Party/FreeRTOS/Source/tasks.c **** 				prvDeleteTCB( pxTCB );
1167:Middlewares/Third_Party/FreeRTOS/Source/tasks.c **** 
1168:Middlewares/Third_Party/FreeRTOS/Source/tasks.c **** 				/* Reset the next expected unblock time in case it referred to
1169:Middlewares/Third_Party/FreeRTOS/Source/tasks.c **** 				the task that has just been deleted. */
1170:Middlewares/Third_Party/FreeRTOS/Source/tasks.c **** 				prvResetNextTaskUnblockTime();
ARM GAS  /tmp/ccZZCKwI.s 			page 22


1171:Middlewares/Third_Party/FreeRTOS/Source/tasks.c **** 			}
1172:Middlewares/Third_Party/FreeRTOS/Source/tasks.c **** 
1173:Middlewares/Third_Party/FreeRTOS/Source/tasks.c **** 			traceTASK_DELETE( pxTCB );
1174:Middlewares/Third_Party/FreeRTOS/Source/tasks.c **** 		}
1175:Middlewares/Third_Party/FreeRTOS/Source/tasks.c **** 		taskEXIT_CRITICAL();
1176:Middlewares/Third_Party/FreeRTOS/Source/tasks.c **** 
1177:Middlewares/Third_Party/FreeRTOS/Source/tasks.c **** 		/* Force a reschedule if it is the currently running task that has just
1178:Middlewares/Third_Party/FreeRTOS/Source/tasks.c **** 		been deleted. */
1179:Middlewares/Third_Party/FreeRTOS/Source/tasks.c **** 		if( xSchedulerRunning != pdFALSE )
1180:Middlewares/Third_Party/FreeRTOS/Source/tasks.c **** 		{
1181:Middlewares/Third_Party/FreeRTOS/Source/tasks.c **** 			if( pxTCB == pxCurrentTCB )
1182:Middlewares/Third_Party/FreeRTOS/Source/tasks.c **** 			{
1183:Middlewares/Third_Party/FreeRTOS/Source/tasks.c **** 				configASSERT( uxSchedulerSuspended == 0 );
1184:Middlewares/Third_Party/FreeRTOS/Source/tasks.c **** 				portYIELD_WITHIN_API();
1185:Middlewares/Third_Party/FreeRTOS/Source/tasks.c **** 			}
1186:Middlewares/Third_Party/FreeRTOS/Source/tasks.c **** 			else
1187:Middlewares/Third_Party/FreeRTOS/Source/tasks.c **** 			{
1188:Middlewares/Third_Party/FreeRTOS/Source/tasks.c **** 				mtCOVERAGE_TEST_MARKER();
1189:Middlewares/Third_Party/FreeRTOS/Source/tasks.c **** 			}
1190:Middlewares/Third_Party/FreeRTOS/Source/tasks.c **** 		}
1191:Middlewares/Third_Party/FreeRTOS/Source/tasks.c **** 	}
1192:Middlewares/Third_Party/FreeRTOS/Source/tasks.c **** 
1193:Middlewares/Third_Party/FreeRTOS/Source/tasks.c **** #endif /* INCLUDE_vTaskDelete */
1194:Middlewares/Third_Party/FreeRTOS/Source/tasks.c **** /*-----------------------------------------------------------*/
1195:Middlewares/Third_Party/FreeRTOS/Source/tasks.c **** 
1196:Middlewares/Third_Party/FreeRTOS/Source/tasks.c **** #if ( INCLUDE_vTaskDelayUntil == 1 )
1197:Middlewares/Third_Party/FreeRTOS/Source/tasks.c **** 
1198:Middlewares/Third_Party/FreeRTOS/Source/tasks.c **** 	void vTaskDelayUntil( TickType_t * const pxPreviousWakeTime, const TickType_t xTimeIncrement )
1199:Middlewares/Third_Party/FreeRTOS/Source/tasks.c **** 	{
1200:Middlewares/Third_Party/FreeRTOS/Source/tasks.c **** 	TickType_t xTimeToWake;
1201:Middlewares/Third_Party/FreeRTOS/Source/tasks.c **** 	BaseType_t xAlreadyYielded, xShouldDelay = pdFALSE;
1202:Middlewares/Third_Party/FreeRTOS/Source/tasks.c **** 
1203:Middlewares/Third_Party/FreeRTOS/Source/tasks.c **** 		configASSERT( pxPreviousWakeTime );
1204:Middlewares/Third_Party/FreeRTOS/Source/tasks.c **** 		configASSERT( ( xTimeIncrement > 0U ) );
1205:Middlewares/Third_Party/FreeRTOS/Source/tasks.c **** 		configASSERT( uxSchedulerSuspended == 0 );
1206:Middlewares/Third_Party/FreeRTOS/Source/tasks.c **** 
1207:Middlewares/Third_Party/FreeRTOS/Source/tasks.c **** 		vTaskSuspendAll();
1208:Middlewares/Third_Party/FreeRTOS/Source/tasks.c **** 		{
1209:Middlewares/Third_Party/FreeRTOS/Source/tasks.c **** 			/* Minor optimisation.  The tick count cannot change in this
1210:Middlewares/Third_Party/FreeRTOS/Source/tasks.c **** 			block. */
1211:Middlewares/Third_Party/FreeRTOS/Source/tasks.c **** 			const TickType_t xConstTickCount = xTickCount;
1212:Middlewares/Third_Party/FreeRTOS/Source/tasks.c **** 
1213:Middlewares/Third_Party/FreeRTOS/Source/tasks.c **** 			/* Generate the tick time at which the task wants to wake. */
1214:Middlewares/Third_Party/FreeRTOS/Source/tasks.c **** 			xTimeToWake = *pxPreviousWakeTime + xTimeIncrement;
1215:Middlewares/Third_Party/FreeRTOS/Source/tasks.c **** 
1216:Middlewares/Third_Party/FreeRTOS/Source/tasks.c **** 			if( xConstTickCount < *pxPreviousWakeTime )
1217:Middlewares/Third_Party/FreeRTOS/Source/tasks.c **** 			{
1218:Middlewares/Third_Party/FreeRTOS/Source/tasks.c **** 				/* The tick count has overflowed since this function was
1219:Middlewares/Third_Party/FreeRTOS/Source/tasks.c **** 				lasted called.  In this case the only time we should ever
1220:Middlewares/Third_Party/FreeRTOS/Source/tasks.c **** 				actually delay is if the wake time has also	overflowed,
1221:Middlewares/Third_Party/FreeRTOS/Source/tasks.c **** 				and the wake time is greater than the tick time.  When this
1222:Middlewares/Third_Party/FreeRTOS/Source/tasks.c **** 				is the case it is as if neither time had overflowed. */
1223:Middlewares/Third_Party/FreeRTOS/Source/tasks.c **** 				if( ( xTimeToWake < *pxPreviousWakeTime ) && ( xTimeToWake > xConstTickCount ) )
1224:Middlewares/Third_Party/FreeRTOS/Source/tasks.c **** 				{
1225:Middlewares/Third_Party/FreeRTOS/Source/tasks.c **** 					xShouldDelay = pdTRUE;
1226:Middlewares/Third_Party/FreeRTOS/Source/tasks.c **** 				}
1227:Middlewares/Third_Party/FreeRTOS/Source/tasks.c **** 				else
ARM GAS  /tmp/ccZZCKwI.s 			page 23


1228:Middlewares/Third_Party/FreeRTOS/Source/tasks.c **** 				{
1229:Middlewares/Third_Party/FreeRTOS/Source/tasks.c **** 					mtCOVERAGE_TEST_MARKER();
1230:Middlewares/Third_Party/FreeRTOS/Source/tasks.c **** 				}
1231:Middlewares/Third_Party/FreeRTOS/Source/tasks.c **** 			}
1232:Middlewares/Third_Party/FreeRTOS/Source/tasks.c **** 			else
1233:Middlewares/Third_Party/FreeRTOS/Source/tasks.c **** 			{
1234:Middlewares/Third_Party/FreeRTOS/Source/tasks.c **** 				/* The tick time has not overflowed.  In this case we will
1235:Middlewares/Third_Party/FreeRTOS/Source/tasks.c **** 				delay if either the wake time has overflowed, and/or the
1236:Middlewares/Third_Party/FreeRTOS/Source/tasks.c **** 				tick time is less than the wake time. */
1237:Middlewares/Third_Party/FreeRTOS/Source/tasks.c **** 				if( ( xTimeToWake < *pxPreviousWakeTime ) || ( xTimeToWake > xConstTickCount ) )
1238:Middlewares/Third_Party/FreeRTOS/Source/tasks.c **** 				{
1239:Middlewares/Third_Party/FreeRTOS/Source/tasks.c **** 					xShouldDelay = pdTRUE;
1240:Middlewares/Third_Party/FreeRTOS/Source/tasks.c **** 				}
1241:Middlewares/Third_Party/FreeRTOS/Source/tasks.c **** 				else
1242:Middlewares/Third_Party/FreeRTOS/Source/tasks.c **** 				{
1243:Middlewares/Third_Party/FreeRTOS/Source/tasks.c **** 					mtCOVERAGE_TEST_MARKER();
1244:Middlewares/Third_Party/FreeRTOS/Source/tasks.c **** 				}
1245:Middlewares/Third_Party/FreeRTOS/Source/tasks.c **** 			}
1246:Middlewares/Third_Party/FreeRTOS/Source/tasks.c **** 
1247:Middlewares/Third_Party/FreeRTOS/Source/tasks.c **** 			/* Update the wake time ready for the next call. */
1248:Middlewares/Third_Party/FreeRTOS/Source/tasks.c **** 			*pxPreviousWakeTime = xTimeToWake;
1249:Middlewares/Third_Party/FreeRTOS/Source/tasks.c **** 
1250:Middlewares/Third_Party/FreeRTOS/Source/tasks.c **** 			if( xShouldDelay != pdFALSE )
1251:Middlewares/Third_Party/FreeRTOS/Source/tasks.c **** 			{
1252:Middlewares/Third_Party/FreeRTOS/Source/tasks.c **** 				traceTASK_DELAY_UNTIL( xTimeToWake );
1253:Middlewares/Third_Party/FreeRTOS/Source/tasks.c **** 
1254:Middlewares/Third_Party/FreeRTOS/Source/tasks.c **** 				/* prvAddCurrentTaskToDelayedList() needs the block time, not
1255:Middlewares/Third_Party/FreeRTOS/Source/tasks.c **** 				the time to wake, so subtract the current tick count. */
1256:Middlewares/Third_Party/FreeRTOS/Source/tasks.c **** 				prvAddCurrentTaskToDelayedList( xTimeToWake - xConstTickCount, pdFALSE );
1257:Middlewares/Third_Party/FreeRTOS/Source/tasks.c **** 			}
1258:Middlewares/Third_Party/FreeRTOS/Source/tasks.c **** 			else
1259:Middlewares/Third_Party/FreeRTOS/Source/tasks.c **** 			{
1260:Middlewares/Third_Party/FreeRTOS/Source/tasks.c **** 				mtCOVERAGE_TEST_MARKER();
1261:Middlewares/Third_Party/FreeRTOS/Source/tasks.c **** 			}
1262:Middlewares/Third_Party/FreeRTOS/Source/tasks.c **** 		}
1263:Middlewares/Third_Party/FreeRTOS/Source/tasks.c **** 		xAlreadyYielded = xTaskResumeAll();
1264:Middlewares/Third_Party/FreeRTOS/Source/tasks.c **** 
1265:Middlewares/Third_Party/FreeRTOS/Source/tasks.c **** 		/* Force a reschedule if xTaskResumeAll has not already done so, we may
1266:Middlewares/Third_Party/FreeRTOS/Source/tasks.c **** 		have put ourselves to sleep. */
1267:Middlewares/Third_Party/FreeRTOS/Source/tasks.c **** 		if( xAlreadyYielded == pdFALSE )
1268:Middlewares/Third_Party/FreeRTOS/Source/tasks.c **** 		{
1269:Middlewares/Third_Party/FreeRTOS/Source/tasks.c **** 			portYIELD_WITHIN_API();
1270:Middlewares/Third_Party/FreeRTOS/Source/tasks.c **** 		}
1271:Middlewares/Third_Party/FreeRTOS/Source/tasks.c **** 		else
1272:Middlewares/Third_Party/FreeRTOS/Source/tasks.c **** 		{
1273:Middlewares/Third_Party/FreeRTOS/Source/tasks.c **** 			mtCOVERAGE_TEST_MARKER();
1274:Middlewares/Third_Party/FreeRTOS/Source/tasks.c **** 		}
1275:Middlewares/Third_Party/FreeRTOS/Source/tasks.c **** 	}
1276:Middlewares/Third_Party/FreeRTOS/Source/tasks.c **** 
1277:Middlewares/Third_Party/FreeRTOS/Source/tasks.c **** #endif /* INCLUDE_vTaskDelayUntil */
1278:Middlewares/Third_Party/FreeRTOS/Source/tasks.c **** /*-----------------------------------------------------------*/
1279:Middlewares/Third_Party/FreeRTOS/Source/tasks.c **** 
1280:Middlewares/Third_Party/FreeRTOS/Source/tasks.c **** #if ( INCLUDE_vTaskDelay == 1 )
1281:Middlewares/Third_Party/FreeRTOS/Source/tasks.c **** 
1282:Middlewares/Third_Party/FreeRTOS/Source/tasks.c **** 	void vTaskDelay( const TickType_t xTicksToDelay )
1283:Middlewares/Third_Party/FreeRTOS/Source/tasks.c **** 	{
1284:Middlewares/Third_Party/FreeRTOS/Source/tasks.c **** 	BaseType_t xAlreadyYielded = pdFALSE;
ARM GAS  /tmp/ccZZCKwI.s 			page 24


1285:Middlewares/Third_Party/FreeRTOS/Source/tasks.c **** 
1286:Middlewares/Third_Party/FreeRTOS/Source/tasks.c **** 		/* A delay time of zero just forces a reschedule. */
1287:Middlewares/Third_Party/FreeRTOS/Source/tasks.c **** 		if( xTicksToDelay > ( TickType_t ) 0U )
1288:Middlewares/Third_Party/FreeRTOS/Source/tasks.c **** 		{
1289:Middlewares/Third_Party/FreeRTOS/Source/tasks.c **** 			configASSERT( uxSchedulerSuspended == 0 );
1290:Middlewares/Third_Party/FreeRTOS/Source/tasks.c **** 			vTaskSuspendAll();
1291:Middlewares/Third_Party/FreeRTOS/Source/tasks.c **** 			{
1292:Middlewares/Third_Party/FreeRTOS/Source/tasks.c **** 				traceTASK_DELAY();
1293:Middlewares/Third_Party/FreeRTOS/Source/tasks.c **** 
1294:Middlewares/Third_Party/FreeRTOS/Source/tasks.c **** 				/* A task that is removed from the event list while the
1295:Middlewares/Third_Party/FreeRTOS/Source/tasks.c **** 				scheduler is suspended will not get placed in the ready
1296:Middlewares/Third_Party/FreeRTOS/Source/tasks.c **** 				list or removed from the blocked list until the scheduler
1297:Middlewares/Third_Party/FreeRTOS/Source/tasks.c **** 				is resumed.
1298:Middlewares/Third_Party/FreeRTOS/Source/tasks.c **** 
1299:Middlewares/Third_Party/FreeRTOS/Source/tasks.c **** 				This task cannot be in an event list as it is the currently
1300:Middlewares/Third_Party/FreeRTOS/Source/tasks.c **** 				executing task. */
1301:Middlewares/Third_Party/FreeRTOS/Source/tasks.c **** 				prvAddCurrentTaskToDelayedList( xTicksToDelay, pdFALSE );
1302:Middlewares/Third_Party/FreeRTOS/Source/tasks.c **** 			}
1303:Middlewares/Third_Party/FreeRTOS/Source/tasks.c **** 			xAlreadyYielded = xTaskResumeAll();
1304:Middlewares/Third_Party/FreeRTOS/Source/tasks.c **** 		}
1305:Middlewares/Third_Party/FreeRTOS/Source/tasks.c **** 		else
1306:Middlewares/Third_Party/FreeRTOS/Source/tasks.c **** 		{
1307:Middlewares/Third_Party/FreeRTOS/Source/tasks.c **** 			mtCOVERAGE_TEST_MARKER();
1308:Middlewares/Third_Party/FreeRTOS/Source/tasks.c **** 		}
1309:Middlewares/Third_Party/FreeRTOS/Source/tasks.c **** 
1310:Middlewares/Third_Party/FreeRTOS/Source/tasks.c **** 		/* Force a reschedule if xTaskResumeAll has not already done so, we may
1311:Middlewares/Third_Party/FreeRTOS/Source/tasks.c **** 		have put ourselves to sleep. */
1312:Middlewares/Third_Party/FreeRTOS/Source/tasks.c **** 		if( xAlreadyYielded == pdFALSE )
1313:Middlewares/Third_Party/FreeRTOS/Source/tasks.c **** 		{
1314:Middlewares/Third_Party/FreeRTOS/Source/tasks.c **** 			portYIELD_WITHIN_API();
1315:Middlewares/Third_Party/FreeRTOS/Source/tasks.c **** 		}
1316:Middlewares/Third_Party/FreeRTOS/Source/tasks.c **** 		else
1317:Middlewares/Third_Party/FreeRTOS/Source/tasks.c **** 		{
1318:Middlewares/Third_Party/FreeRTOS/Source/tasks.c **** 			mtCOVERAGE_TEST_MARKER();
1319:Middlewares/Third_Party/FreeRTOS/Source/tasks.c **** 		}
1320:Middlewares/Third_Party/FreeRTOS/Source/tasks.c **** 	}
1321:Middlewares/Third_Party/FreeRTOS/Source/tasks.c **** 
1322:Middlewares/Third_Party/FreeRTOS/Source/tasks.c **** #endif /* INCLUDE_vTaskDelay */
1323:Middlewares/Third_Party/FreeRTOS/Source/tasks.c **** /*-----------------------------------------------------------*/
1324:Middlewares/Third_Party/FreeRTOS/Source/tasks.c **** 
1325:Middlewares/Third_Party/FreeRTOS/Source/tasks.c **** #if( ( INCLUDE_eTaskGetState == 1 ) || ( configUSE_TRACE_FACILITY == 1 ) )
1326:Middlewares/Third_Party/FreeRTOS/Source/tasks.c **** 
1327:Middlewares/Third_Party/FreeRTOS/Source/tasks.c **** 	eTaskState eTaskGetState( TaskHandle_t xTask )
1328:Middlewares/Third_Party/FreeRTOS/Source/tasks.c **** 	{
1329:Middlewares/Third_Party/FreeRTOS/Source/tasks.c **** 	eTaskState eReturn;
1330:Middlewares/Third_Party/FreeRTOS/Source/tasks.c **** 	List_t *pxStateList;
1331:Middlewares/Third_Party/FreeRTOS/Source/tasks.c **** 	const TCB_t * const pxTCB = ( TCB_t * ) xTask;
1332:Middlewares/Third_Party/FreeRTOS/Source/tasks.c **** 
1333:Middlewares/Third_Party/FreeRTOS/Source/tasks.c **** 		configASSERT( pxTCB );
1334:Middlewares/Third_Party/FreeRTOS/Source/tasks.c **** 
1335:Middlewares/Third_Party/FreeRTOS/Source/tasks.c **** 		if( pxTCB == pxCurrentTCB )
1336:Middlewares/Third_Party/FreeRTOS/Source/tasks.c **** 		{
1337:Middlewares/Third_Party/FreeRTOS/Source/tasks.c **** 			/* The task calling this function is querying its own state. */
1338:Middlewares/Third_Party/FreeRTOS/Source/tasks.c **** 			eReturn = eRunning;
1339:Middlewares/Third_Party/FreeRTOS/Source/tasks.c **** 		}
1340:Middlewares/Third_Party/FreeRTOS/Source/tasks.c **** 		else
1341:Middlewares/Third_Party/FreeRTOS/Source/tasks.c **** 		{
ARM GAS  /tmp/ccZZCKwI.s 			page 25


1342:Middlewares/Third_Party/FreeRTOS/Source/tasks.c **** 			taskENTER_CRITICAL();
1343:Middlewares/Third_Party/FreeRTOS/Source/tasks.c **** 			{
1344:Middlewares/Third_Party/FreeRTOS/Source/tasks.c **** 				pxStateList = ( List_t * ) listLIST_ITEM_CONTAINER( &( pxTCB->xStateListItem ) );
1345:Middlewares/Third_Party/FreeRTOS/Source/tasks.c **** 			}
1346:Middlewares/Third_Party/FreeRTOS/Source/tasks.c **** 			taskEXIT_CRITICAL();
1347:Middlewares/Third_Party/FreeRTOS/Source/tasks.c **** 
1348:Middlewares/Third_Party/FreeRTOS/Source/tasks.c **** 			if( ( pxStateList == pxDelayedTaskList ) || ( pxStateList == pxOverflowDelayedTaskList ) )
1349:Middlewares/Third_Party/FreeRTOS/Source/tasks.c **** 			{
1350:Middlewares/Third_Party/FreeRTOS/Source/tasks.c **** 				/* The task being queried is referenced from one of the Blocked
1351:Middlewares/Third_Party/FreeRTOS/Source/tasks.c **** 				lists. */
1352:Middlewares/Third_Party/FreeRTOS/Source/tasks.c **** 				eReturn = eBlocked;
1353:Middlewares/Third_Party/FreeRTOS/Source/tasks.c **** 			}
1354:Middlewares/Third_Party/FreeRTOS/Source/tasks.c **** 
1355:Middlewares/Third_Party/FreeRTOS/Source/tasks.c **** 			#if ( INCLUDE_vTaskSuspend == 1 )
1356:Middlewares/Third_Party/FreeRTOS/Source/tasks.c **** 				else if( pxStateList == &xSuspendedTaskList )
1357:Middlewares/Third_Party/FreeRTOS/Source/tasks.c **** 				{
1358:Middlewares/Third_Party/FreeRTOS/Source/tasks.c **** 					/* The task being queried is referenced from the suspended
1359:Middlewares/Third_Party/FreeRTOS/Source/tasks.c **** 					list.  Is it genuinely suspended or is it block
1360:Middlewares/Third_Party/FreeRTOS/Source/tasks.c **** 					indefinitely? */
1361:Middlewares/Third_Party/FreeRTOS/Source/tasks.c **** 					if( listLIST_ITEM_CONTAINER( &( pxTCB->xEventListItem ) ) == NULL )
1362:Middlewares/Third_Party/FreeRTOS/Source/tasks.c **** 					{
1363:Middlewares/Third_Party/FreeRTOS/Source/tasks.c **** 						eReturn = eSuspended;
1364:Middlewares/Third_Party/FreeRTOS/Source/tasks.c **** 					}
1365:Middlewares/Third_Party/FreeRTOS/Source/tasks.c **** 					else
1366:Middlewares/Third_Party/FreeRTOS/Source/tasks.c **** 					{
1367:Middlewares/Third_Party/FreeRTOS/Source/tasks.c **** 						eReturn = eBlocked;
1368:Middlewares/Third_Party/FreeRTOS/Source/tasks.c **** 					}
1369:Middlewares/Third_Party/FreeRTOS/Source/tasks.c **** 				}
1370:Middlewares/Third_Party/FreeRTOS/Source/tasks.c **** 			#endif
1371:Middlewares/Third_Party/FreeRTOS/Source/tasks.c **** 
1372:Middlewares/Third_Party/FreeRTOS/Source/tasks.c **** 			#if ( INCLUDE_vTaskDelete == 1 )
1373:Middlewares/Third_Party/FreeRTOS/Source/tasks.c **** 				else if( ( pxStateList == &xTasksWaitingTermination ) || ( pxStateList == NULL ) )
1374:Middlewares/Third_Party/FreeRTOS/Source/tasks.c **** 				{
1375:Middlewares/Third_Party/FreeRTOS/Source/tasks.c **** 					/* The task being queried is referenced from the deleted
1376:Middlewares/Third_Party/FreeRTOS/Source/tasks.c **** 					tasks list, or it is not referenced from any lists at
1377:Middlewares/Third_Party/FreeRTOS/Source/tasks.c **** 					all. */
1378:Middlewares/Third_Party/FreeRTOS/Source/tasks.c **** 					eReturn = eDeleted;
1379:Middlewares/Third_Party/FreeRTOS/Source/tasks.c **** 				}
1380:Middlewares/Third_Party/FreeRTOS/Source/tasks.c **** 			#endif
1381:Middlewares/Third_Party/FreeRTOS/Source/tasks.c **** 
1382:Middlewares/Third_Party/FreeRTOS/Source/tasks.c **** 			else /*lint !e525 Negative indentation is intended to make use of pre-processor clearer. */
1383:Middlewares/Third_Party/FreeRTOS/Source/tasks.c **** 			{
1384:Middlewares/Third_Party/FreeRTOS/Source/tasks.c **** 				/* If the task is not in any other state, it must be in the
1385:Middlewares/Third_Party/FreeRTOS/Source/tasks.c **** 				Ready (including pending ready) state. */
1386:Middlewares/Third_Party/FreeRTOS/Source/tasks.c **** 				eReturn = eReady;
1387:Middlewares/Third_Party/FreeRTOS/Source/tasks.c **** 			}
1388:Middlewares/Third_Party/FreeRTOS/Source/tasks.c **** 		}
1389:Middlewares/Third_Party/FreeRTOS/Source/tasks.c **** 
1390:Middlewares/Third_Party/FreeRTOS/Source/tasks.c **** 		return eReturn;
1391:Middlewares/Third_Party/FreeRTOS/Source/tasks.c **** 	} /*lint !e818 xTask cannot be a pointer to const because it is a typedef. */
1392:Middlewares/Third_Party/FreeRTOS/Source/tasks.c **** 
1393:Middlewares/Third_Party/FreeRTOS/Source/tasks.c **** #endif /* INCLUDE_eTaskGetState */
1394:Middlewares/Third_Party/FreeRTOS/Source/tasks.c **** /*-----------------------------------------------------------*/
1395:Middlewares/Third_Party/FreeRTOS/Source/tasks.c **** 
1396:Middlewares/Third_Party/FreeRTOS/Source/tasks.c **** #if ( INCLUDE_uxTaskPriorityGet == 1 )
1397:Middlewares/Third_Party/FreeRTOS/Source/tasks.c **** 
1398:Middlewares/Third_Party/FreeRTOS/Source/tasks.c **** 	UBaseType_t uxTaskPriorityGet( TaskHandle_t xTask )
ARM GAS  /tmp/ccZZCKwI.s 			page 26


1399:Middlewares/Third_Party/FreeRTOS/Source/tasks.c **** 	{
1400:Middlewares/Third_Party/FreeRTOS/Source/tasks.c **** 	TCB_t *pxTCB;
1401:Middlewares/Third_Party/FreeRTOS/Source/tasks.c **** 	UBaseType_t uxReturn;
1402:Middlewares/Third_Party/FreeRTOS/Source/tasks.c **** 
1403:Middlewares/Third_Party/FreeRTOS/Source/tasks.c **** 		taskENTER_CRITICAL();
1404:Middlewares/Third_Party/FreeRTOS/Source/tasks.c **** 		{
1405:Middlewares/Third_Party/FreeRTOS/Source/tasks.c **** 			/* If null is passed in here then it is the priority of the that
1406:Middlewares/Third_Party/FreeRTOS/Source/tasks.c **** 			called uxTaskPriorityGet() that is being queried. */
1407:Middlewares/Third_Party/FreeRTOS/Source/tasks.c **** 			pxTCB = prvGetTCBFromHandle( xTask );
1408:Middlewares/Third_Party/FreeRTOS/Source/tasks.c **** 			uxReturn = pxTCB->uxPriority;
1409:Middlewares/Third_Party/FreeRTOS/Source/tasks.c **** 		}
1410:Middlewares/Third_Party/FreeRTOS/Source/tasks.c **** 		taskEXIT_CRITICAL();
1411:Middlewares/Third_Party/FreeRTOS/Source/tasks.c **** 
1412:Middlewares/Third_Party/FreeRTOS/Source/tasks.c **** 		return uxReturn;
1413:Middlewares/Third_Party/FreeRTOS/Source/tasks.c **** 	}
1414:Middlewares/Third_Party/FreeRTOS/Source/tasks.c **** 
1415:Middlewares/Third_Party/FreeRTOS/Source/tasks.c **** #endif /* INCLUDE_uxTaskPriorityGet */
1416:Middlewares/Third_Party/FreeRTOS/Source/tasks.c **** /*-----------------------------------------------------------*/
1417:Middlewares/Third_Party/FreeRTOS/Source/tasks.c **** 
1418:Middlewares/Third_Party/FreeRTOS/Source/tasks.c **** #if ( INCLUDE_uxTaskPriorityGet == 1 )
1419:Middlewares/Third_Party/FreeRTOS/Source/tasks.c **** 
1420:Middlewares/Third_Party/FreeRTOS/Source/tasks.c **** 	UBaseType_t uxTaskPriorityGetFromISR( TaskHandle_t xTask )
1421:Middlewares/Third_Party/FreeRTOS/Source/tasks.c **** 	{
1422:Middlewares/Third_Party/FreeRTOS/Source/tasks.c **** 	TCB_t *pxTCB;
1423:Middlewares/Third_Party/FreeRTOS/Source/tasks.c **** 	UBaseType_t uxReturn, uxSavedInterruptState;
1424:Middlewares/Third_Party/FreeRTOS/Source/tasks.c **** 
1425:Middlewares/Third_Party/FreeRTOS/Source/tasks.c **** 		/* RTOS ports that support interrupt nesting have the concept of a
1426:Middlewares/Third_Party/FreeRTOS/Source/tasks.c **** 		maximum	system call (or maximum API call) interrupt priority.
1427:Middlewares/Third_Party/FreeRTOS/Source/tasks.c **** 		Interrupts that are	above the maximum system call priority are keep
1428:Middlewares/Third_Party/FreeRTOS/Source/tasks.c **** 		permanently enabled, even when the RTOS kernel is in a critical section,
1429:Middlewares/Third_Party/FreeRTOS/Source/tasks.c **** 		but cannot make any calls to FreeRTOS API functions.  If configASSERT()
1430:Middlewares/Third_Party/FreeRTOS/Source/tasks.c **** 		is defined in FreeRTOSConfig.h then
1431:Middlewares/Third_Party/FreeRTOS/Source/tasks.c **** 		portASSERT_IF_INTERRUPT_PRIORITY_INVALID() will result in an assertion
1432:Middlewares/Third_Party/FreeRTOS/Source/tasks.c **** 		failure if a FreeRTOS API function is called from an interrupt that has
1433:Middlewares/Third_Party/FreeRTOS/Source/tasks.c **** 		been assigned a priority above the configured maximum system call
1434:Middlewares/Third_Party/FreeRTOS/Source/tasks.c **** 		priority.  Only FreeRTOS functions that end in FromISR can be called
1435:Middlewares/Third_Party/FreeRTOS/Source/tasks.c **** 		from interrupts	that have been assigned a priority at or (logically)
1436:Middlewares/Third_Party/FreeRTOS/Source/tasks.c **** 		below the maximum system call interrupt priority.  FreeRTOS maintains a
1437:Middlewares/Third_Party/FreeRTOS/Source/tasks.c **** 		separate interrupt safe API to ensure interrupt entry is as fast and as
1438:Middlewares/Third_Party/FreeRTOS/Source/tasks.c **** 		simple as possible.  More information (albeit Cortex-M specific) is
1439:Middlewares/Third_Party/FreeRTOS/Source/tasks.c **** 		provided on the following link:
1440:Middlewares/Third_Party/FreeRTOS/Source/tasks.c **** 		http://www.freertos.org/RTOS-Cortex-M3-M4.html */
1441:Middlewares/Third_Party/FreeRTOS/Source/tasks.c **** 		portASSERT_IF_INTERRUPT_PRIORITY_INVALID();
1442:Middlewares/Third_Party/FreeRTOS/Source/tasks.c **** 
1443:Middlewares/Third_Party/FreeRTOS/Source/tasks.c **** 		uxSavedInterruptState = portSET_INTERRUPT_MASK_FROM_ISR();
1444:Middlewares/Third_Party/FreeRTOS/Source/tasks.c **** 		{
1445:Middlewares/Third_Party/FreeRTOS/Source/tasks.c **** 			/* If null is passed in here then it is the priority of the calling
1446:Middlewares/Third_Party/FreeRTOS/Source/tasks.c **** 			task that is being queried. */
1447:Middlewares/Third_Party/FreeRTOS/Source/tasks.c **** 			pxTCB = prvGetTCBFromHandle( xTask );
1448:Middlewares/Third_Party/FreeRTOS/Source/tasks.c **** 			uxReturn = pxTCB->uxPriority;
1449:Middlewares/Third_Party/FreeRTOS/Source/tasks.c **** 		}
1450:Middlewares/Third_Party/FreeRTOS/Source/tasks.c **** 		portCLEAR_INTERRUPT_MASK_FROM_ISR( uxSavedInterruptState );
1451:Middlewares/Third_Party/FreeRTOS/Source/tasks.c **** 
1452:Middlewares/Third_Party/FreeRTOS/Source/tasks.c **** 		return uxReturn;
1453:Middlewares/Third_Party/FreeRTOS/Source/tasks.c **** 	}
1454:Middlewares/Third_Party/FreeRTOS/Source/tasks.c **** 
1455:Middlewares/Third_Party/FreeRTOS/Source/tasks.c **** #endif /* INCLUDE_uxTaskPriorityGet */
ARM GAS  /tmp/ccZZCKwI.s 			page 27


1456:Middlewares/Third_Party/FreeRTOS/Source/tasks.c **** /*-----------------------------------------------------------*/
1457:Middlewares/Third_Party/FreeRTOS/Source/tasks.c **** 
1458:Middlewares/Third_Party/FreeRTOS/Source/tasks.c **** #if ( INCLUDE_vTaskPrioritySet == 1 )
1459:Middlewares/Third_Party/FreeRTOS/Source/tasks.c **** 
1460:Middlewares/Third_Party/FreeRTOS/Source/tasks.c **** 	void vTaskPrioritySet( TaskHandle_t xTask, UBaseType_t uxNewPriority )
1461:Middlewares/Third_Party/FreeRTOS/Source/tasks.c **** 	{
1462:Middlewares/Third_Party/FreeRTOS/Source/tasks.c **** 	TCB_t *pxTCB;
1463:Middlewares/Third_Party/FreeRTOS/Source/tasks.c **** 	UBaseType_t uxCurrentBasePriority, uxPriorityUsedOnEntry;
1464:Middlewares/Third_Party/FreeRTOS/Source/tasks.c **** 	BaseType_t xYieldRequired = pdFALSE;
1465:Middlewares/Third_Party/FreeRTOS/Source/tasks.c **** 
1466:Middlewares/Third_Party/FreeRTOS/Source/tasks.c **** 		configASSERT( ( uxNewPriority < configMAX_PRIORITIES ) );
1467:Middlewares/Third_Party/FreeRTOS/Source/tasks.c **** 
1468:Middlewares/Third_Party/FreeRTOS/Source/tasks.c **** 		/* Ensure the new priority is valid. */
1469:Middlewares/Third_Party/FreeRTOS/Source/tasks.c **** 		if( uxNewPriority >= ( UBaseType_t ) configMAX_PRIORITIES )
1470:Middlewares/Third_Party/FreeRTOS/Source/tasks.c **** 		{
1471:Middlewares/Third_Party/FreeRTOS/Source/tasks.c **** 			uxNewPriority = ( UBaseType_t ) configMAX_PRIORITIES - ( UBaseType_t ) 1U;
1472:Middlewares/Third_Party/FreeRTOS/Source/tasks.c **** 		}
1473:Middlewares/Third_Party/FreeRTOS/Source/tasks.c **** 		else
1474:Middlewares/Third_Party/FreeRTOS/Source/tasks.c **** 		{
1475:Middlewares/Third_Party/FreeRTOS/Source/tasks.c **** 			mtCOVERAGE_TEST_MARKER();
1476:Middlewares/Third_Party/FreeRTOS/Source/tasks.c **** 		}
1477:Middlewares/Third_Party/FreeRTOS/Source/tasks.c **** 
1478:Middlewares/Third_Party/FreeRTOS/Source/tasks.c **** 		taskENTER_CRITICAL();
1479:Middlewares/Third_Party/FreeRTOS/Source/tasks.c **** 		{
1480:Middlewares/Third_Party/FreeRTOS/Source/tasks.c **** 			/* If null is passed in here then it is the priority of the calling
1481:Middlewares/Third_Party/FreeRTOS/Source/tasks.c **** 			task that is being changed. */
1482:Middlewares/Third_Party/FreeRTOS/Source/tasks.c **** 			pxTCB = prvGetTCBFromHandle( xTask );
1483:Middlewares/Third_Party/FreeRTOS/Source/tasks.c **** 
1484:Middlewares/Third_Party/FreeRTOS/Source/tasks.c **** 			traceTASK_PRIORITY_SET( pxTCB, uxNewPriority );
1485:Middlewares/Third_Party/FreeRTOS/Source/tasks.c **** 
1486:Middlewares/Third_Party/FreeRTOS/Source/tasks.c **** 			#if ( configUSE_MUTEXES == 1 )
1487:Middlewares/Third_Party/FreeRTOS/Source/tasks.c **** 			{
1488:Middlewares/Third_Party/FreeRTOS/Source/tasks.c **** 				uxCurrentBasePriority = pxTCB->uxBasePriority;
1489:Middlewares/Third_Party/FreeRTOS/Source/tasks.c **** 			}
1490:Middlewares/Third_Party/FreeRTOS/Source/tasks.c **** 			#else
1491:Middlewares/Third_Party/FreeRTOS/Source/tasks.c **** 			{
1492:Middlewares/Third_Party/FreeRTOS/Source/tasks.c **** 				uxCurrentBasePriority = pxTCB->uxPriority;
1493:Middlewares/Third_Party/FreeRTOS/Source/tasks.c **** 			}
1494:Middlewares/Third_Party/FreeRTOS/Source/tasks.c **** 			#endif
1495:Middlewares/Third_Party/FreeRTOS/Source/tasks.c **** 
1496:Middlewares/Third_Party/FreeRTOS/Source/tasks.c **** 			if( uxCurrentBasePriority != uxNewPriority )
1497:Middlewares/Third_Party/FreeRTOS/Source/tasks.c **** 			{
1498:Middlewares/Third_Party/FreeRTOS/Source/tasks.c **** 				/* The priority change may have readied a task of higher
1499:Middlewares/Third_Party/FreeRTOS/Source/tasks.c **** 				priority than the calling task. */
1500:Middlewares/Third_Party/FreeRTOS/Source/tasks.c **** 				if( uxNewPriority > uxCurrentBasePriority )
1501:Middlewares/Third_Party/FreeRTOS/Source/tasks.c **** 				{
1502:Middlewares/Third_Party/FreeRTOS/Source/tasks.c **** 					if( pxTCB != pxCurrentTCB )
1503:Middlewares/Third_Party/FreeRTOS/Source/tasks.c **** 					{
1504:Middlewares/Third_Party/FreeRTOS/Source/tasks.c **** 						/* The priority of a task other than the currently
1505:Middlewares/Third_Party/FreeRTOS/Source/tasks.c **** 						running task is being raised.  Is the priority being
1506:Middlewares/Third_Party/FreeRTOS/Source/tasks.c **** 						raised above that of the running task? */
1507:Middlewares/Third_Party/FreeRTOS/Source/tasks.c **** 						if( uxNewPriority >= pxCurrentTCB->uxPriority )
1508:Middlewares/Third_Party/FreeRTOS/Source/tasks.c **** 						{
1509:Middlewares/Third_Party/FreeRTOS/Source/tasks.c **** 							xYieldRequired = pdTRUE;
1510:Middlewares/Third_Party/FreeRTOS/Source/tasks.c **** 						}
1511:Middlewares/Third_Party/FreeRTOS/Source/tasks.c **** 						else
1512:Middlewares/Third_Party/FreeRTOS/Source/tasks.c **** 						{
ARM GAS  /tmp/ccZZCKwI.s 			page 28


1513:Middlewares/Third_Party/FreeRTOS/Source/tasks.c **** 							mtCOVERAGE_TEST_MARKER();
1514:Middlewares/Third_Party/FreeRTOS/Source/tasks.c **** 						}
1515:Middlewares/Third_Party/FreeRTOS/Source/tasks.c **** 					}
1516:Middlewares/Third_Party/FreeRTOS/Source/tasks.c **** 					else
1517:Middlewares/Third_Party/FreeRTOS/Source/tasks.c **** 					{
1518:Middlewares/Third_Party/FreeRTOS/Source/tasks.c **** 						/* The priority of the running task is being raised,
1519:Middlewares/Third_Party/FreeRTOS/Source/tasks.c **** 						but the running task must already be the highest
1520:Middlewares/Third_Party/FreeRTOS/Source/tasks.c **** 						priority task able to run so no yield is required. */
1521:Middlewares/Third_Party/FreeRTOS/Source/tasks.c **** 					}
1522:Middlewares/Third_Party/FreeRTOS/Source/tasks.c **** 				}
1523:Middlewares/Third_Party/FreeRTOS/Source/tasks.c **** 				else if( pxTCB == pxCurrentTCB )
1524:Middlewares/Third_Party/FreeRTOS/Source/tasks.c **** 				{
1525:Middlewares/Third_Party/FreeRTOS/Source/tasks.c **** 					/* Setting the priority of the running task down means
1526:Middlewares/Third_Party/FreeRTOS/Source/tasks.c **** 					there may now be another task of higher priority that
1527:Middlewares/Third_Party/FreeRTOS/Source/tasks.c **** 					is ready to execute. */
1528:Middlewares/Third_Party/FreeRTOS/Source/tasks.c **** 					xYieldRequired = pdTRUE;
1529:Middlewares/Third_Party/FreeRTOS/Source/tasks.c **** 				}
1530:Middlewares/Third_Party/FreeRTOS/Source/tasks.c **** 				else
1531:Middlewares/Third_Party/FreeRTOS/Source/tasks.c **** 				{
1532:Middlewares/Third_Party/FreeRTOS/Source/tasks.c **** 					/* Setting the priority of any other task down does not
1533:Middlewares/Third_Party/FreeRTOS/Source/tasks.c **** 					require a yield as the running task must be above the
1534:Middlewares/Third_Party/FreeRTOS/Source/tasks.c **** 					new priority of the task being modified. */
1535:Middlewares/Third_Party/FreeRTOS/Source/tasks.c **** 				}
1536:Middlewares/Third_Party/FreeRTOS/Source/tasks.c **** 
1537:Middlewares/Third_Party/FreeRTOS/Source/tasks.c **** 				/* Remember the ready list the task might be referenced from
1538:Middlewares/Third_Party/FreeRTOS/Source/tasks.c **** 				before its uxPriority member is changed so the
1539:Middlewares/Third_Party/FreeRTOS/Source/tasks.c **** 				taskRESET_READY_PRIORITY() macro can function correctly. */
1540:Middlewares/Third_Party/FreeRTOS/Source/tasks.c **** 				uxPriorityUsedOnEntry = pxTCB->uxPriority;
1541:Middlewares/Third_Party/FreeRTOS/Source/tasks.c **** 
1542:Middlewares/Third_Party/FreeRTOS/Source/tasks.c **** 				#if ( configUSE_MUTEXES == 1 )
1543:Middlewares/Third_Party/FreeRTOS/Source/tasks.c **** 				{
1544:Middlewares/Third_Party/FreeRTOS/Source/tasks.c **** 					/* Only change the priority being used if the task is not
1545:Middlewares/Third_Party/FreeRTOS/Source/tasks.c **** 					currently using an inherited priority. */
1546:Middlewares/Third_Party/FreeRTOS/Source/tasks.c **** 					if( pxTCB->uxBasePriority == pxTCB->uxPriority )
1547:Middlewares/Third_Party/FreeRTOS/Source/tasks.c **** 					{
1548:Middlewares/Third_Party/FreeRTOS/Source/tasks.c **** 						pxTCB->uxPriority = uxNewPriority;
1549:Middlewares/Third_Party/FreeRTOS/Source/tasks.c **** 					}
1550:Middlewares/Third_Party/FreeRTOS/Source/tasks.c **** 					else
1551:Middlewares/Third_Party/FreeRTOS/Source/tasks.c **** 					{
1552:Middlewares/Third_Party/FreeRTOS/Source/tasks.c **** 						mtCOVERAGE_TEST_MARKER();
1553:Middlewares/Third_Party/FreeRTOS/Source/tasks.c **** 					}
1554:Middlewares/Third_Party/FreeRTOS/Source/tasks.c **** 
1555:Middlewares/Third_Party/FreeRTOS/Source/tasks.c **** 					/* The base priority gets set whatever. */
1556:Middlewares/Third_Party/FreeRTOS/Source/tasks.c **** 					pxTCB->uxBasePriority = uxNewPriority;
1557:Middlewares/Third_Party/FreeRTOS/Source/tasks.c **** 				}
1558:Middlewares/Third_Party/FreeRTOS/Source/tasks.c **** 				#else
1559:Middlewares/Third_Party/FreeRTOS/Source/tasks.c **** 				{
1560:Middlewares/Third_Party/FreeRTOS/Source/tasks.c **** 					pxTCB->uxPriority = uxNewPriority;
1561:Middlewares/Third_Party/FreeRTOS/Source/tasks.c **** 				}
1562:Middlewares/Third_Party/FreeRTOS/Source/tasks.c **** 				#endif
1563:Middlewares/Third_Party/FreeRTOS/Source/tasks.c **** 
1564:Middlewares/Third_Party/FreeRTOS/Source/tasks.c **** 				/* Only reset the event list item value if the value is not
1565:Middlewares/Third_Party/FreeRTOS/Source/tasks.c **** 				being used for anything else. */
1566:Middlewares/Third_Party/FreeRTOS/Source/tasks.c **** 				if( ( listGET_LIST_ITEM_VALUE( &( pxTCB->xEventListItem ) ) & taskEVENT_LIST_ITEM_VALUE_IN_USE 
1567:Middlewares/Third_Party/FreeRTOS/Source/tasks.c **** 				{
1568:Middlewares/Third_Party/FreeRTOS/Source/tasks.c **** 					listSET_LIST_ITEM_VALUE( &( pxTCB->xEventListItem ), ( ( TickType_t ) configMAX_PRIORITIES - (
1569:Middlewares/Third_Party/FreeRTOS/Source/tasks.c **** 				}
ARM GAS  /tmp/ccZZCKwI.s 			page 29


1570:Middlewares/Third_Party/FreeRTOS/Source/tasks.c **** 				else
1571:Middlewares/Third_Party/FreeRTOS/Source/tasks.c **** 				{
1572:Middlewares/Third_Party/FreeRTOS/Source/tasks.c **** 					mtCOVERAGE_TEST_MARKER();
1573:Middlewares/Third_Party/FreeRTOS/Source/tasks.c **** 				}
1574:Middlewares/Third_Party/FreeRTOS/Source/tasks.c **** 
1575:Middlewares/Third_Party/FreeRTOS/Source/tasks.c **** 				/* If the task is in the blocked or suspended list we need do
1576:Middlewares/Third_Party/FreeRTOS/Source/tasks.c **** 				nothing more than change its priority variable. However, if
1577:Middlewares/Third_Party/FreeRTOS/Source/tasks.c **** 				the task is in a ready list it needs to be removed and placed
1578:Middlewares/Third_Party/FreeRTOS/Source/tasks.c **** 				in the list appropriate to its new priority. */
1579:Middlewares/Third_Party/FreeRTOS/Source/tasks.c **** 				if( listIS_CONTAINED_WITHIN( &( pxReadyTasksLists[ uxPriorityUsedOnEntry ] ), &( pxTCB->xStateL
1580:Middlewares/Third_Party/FreeRTOS/Source/tasks.c **** 				{
1581:Middlewares/Third_Party/FreeRTOS/Source/tasks.c **** 					/* The task is currently in its ready list - remove before
1582:Middlewares/Third_Party/FreeRTOS/Source/tasks.c **** 					adding it to it's new ready list.  As we are in a critical
1583:Middlewares/Third_Party/FreeRTOS/Source/tasks.c **** 					section we can do this even if the scheduler is suspended. */
1584:Middlewares/Third_Party/FreeRTOS/Source/tasks.c **** 					if( uxListRemove( &( pxTCB->xStateListItem ) ) == ( UBaseType_t ) 0 )
1585:Middlewares/Third_Party/FreeRTOS/Source/tasks.c **** 					{
1586:Middlewares/Third_Party/FreeRTOS/Source/tasks.c **** 						/* It is known that the task is in its ready list so
1587:Middlewares/Third_Party/FreeRTOS/Source/tasks.c **** 						there is no need to check again and the port level
1588:Middlewares/Third_Party/FreeRTOS/Source/tasks.c **** 						reset macro can be called directly. */
1589:Middlewares/Third_Party/FreeRTOS/Source/tasks.c **** 						portRESET_READY_PRIORITY( uxPriorityUsedOnEntry, uxTopReadyPriority );
1590:Middlewares/Third_Party/FreeRTOS/Source/tasks.c **** 					}
1591:Middlewares/Third_Party/FreeRTOS/Source/tasks.c **** 					else
1592:Middlewares/Third_Party/FreeRTOS/Source/tasks.c **** 					{
1593:Middlewares/Third_Party/FreeRTOS/Source/tasks.c **** 						mtCOVERAGE_TEST_MARKER();
1594:Middlewares/Third_Party/FreeRTOS/Source/tasks.c **** 					}
1595:Middlewares/Third_Party/FreeRTOS/Source/tasks.c **** 					prvAddTaskToReadyList( pxTCB );
1596:Middlewares/Third_Party/FreeRTOS/Source/tasks.c **** 				}
1597:Middlewares/Third_Party/FreeRTOS/Source/tasks.c **** 				else
1598:Middlewares/Third_Party/FreeRTOS/Source/tasks.c **** 				{
1599:Middlewares/Third_Party/FreeRTOS/Source/tasks.c **** 					mtCOVERAGE_TEST_MARKER();
1600:Middlewares/Third_Party/FreeRTOS/Source/tasks.c **** 				}
1601:Middlewares/Third_Party/FreeRTOS/Source/tasks.c **** 
1602:Middlewares/Third_Party/FreeRTOS/Source/tasks.c **** 				if( xYieldRequired != pdFALSE )
1603:Middlewares/Third_Party/FreeRTOS/Source/tasks.c **** 				{
1604:Middlewares/Third_Party/FreeRTOS/Source/tasks.c **** 					taskYIELD_IF_USING_PREEMPTION();
1605:Middlewares/Third_Party/FreeRTOS/Source/tasks.c **** 				}
1606:Middlewares/Third_Party/FreeRTOS/Source/tasks.c **** 				else
1607:Middlewares/Third_Party/FreeRTOS/Source/tasks.c **** 				{
1608:Middlewares/Third_Party/FreeRTOS/Source/tasks.c **** 					mtCOVERAGE_TEST_MARKER();
1609:Middlewares/Third_Party/FreeRTOS/Source/tasks.c **** 				}
1610:Middlewares/Third_Party/FreeRTOS/Source/tasks.c **** 
1611:Middlewares/Third_Party/FreeRTOS/Source/tasks.c **** 				/* Remove compiler warning about unused variables when the port
1612:Middlewares/Third_Party/FreeRTOS/Source/tasks.c **** 				optimised task selection is not being used. */
1613:Middlewares/Third_Party/FreeRTOS/Source/tasks.c **** 				( void ) uxPriorityUsedOnEntry;
1614:Middlewares/Third_Party/FreeRTOS/Source/tasks.c **** 			}
1615:Middlewares/Third_Party/FreeRTOS/Source/tasks.c **** 		}
1616:Middlewares/Third_Party/FreeRTOS/Source/tasks.c **** 		taskEXIT_CRITICAL();
1617:Middlewares/Third_Party/FreeRTOS/Source/tasks.c **** 	}
1618:Middlewares/Third_Party/FreeRTOS/Source/tasks.c **** 
1619:Middlewares/Third_Party/FreeRTOS/Source/tasks.c **** #endif /* INCLUDE_vTaskPrioritySet */
1620:Middlewares/Third_Party/FreeRTOS/Source/tasks.c **** /*-----------------------------------------------------------*/
1621:Middlewares/Third_Party/FreeRTOS/Source/tasks.c **** 
1622:Middlewares/Third_Party/FreeRTOS/Source/tasks.c **** #if ( INCLUDE_vTaskSuspend == 1 )
1623:Middlewares/Third_Party/FreeRTOS/Source/tasks.c **** 
1624:Middlewares/Third_Party/FreeRTOS/Source/tasks.c **** 	void vTaskSuspend( TaskHandle_t xTaskToSuspend )
1625:Middlewares/Third_Party/FreeRTOS/Source/tasks.c **** 	{
1626:Middlewares/Third_Party/FreeRTOS/Source/tasks.c **** 	TCB_t *pxTCB;
ARM GAS  /tmp/ccZZCKwI.s 			page 30


1627:Middlewares/Third_Party/FreeRTOS/Source/tasks.c **** 
1628:Middlewares/Third_Party/FreeRTOS/Source/tasks.c **** 		taskENTER_CRITICAL();
1629:Middlewares/Third_Party/FreeRTOS/Source/tasks.c **** 		{
1630:Middlewares/Third_Party/FreeRTOS/Source/tasks.c **** 			/* If null is passed in here then it is the running task that is
1631:Middlewares/Third_Party/FreeRTOS/Source/tasks.c **** 			being suspended. */
1632:Middlewares/Third_Party/FreeRTOS/Source/tasks.c **** 			pxTCB = prvGetTCBFromHandle( xTaskToSuspend );
1633:Middlewares/Third_Party/FreeRTOS/Source/tasks.c **** 
1634:Middlewares/Third_Party/FreeRTOS/Source/tasks.c **** 			traceTASK_SUSPEND( pxTCB );
1635:Middlewares/Third_Party/FreeRTOS/Source/tasks.c **** 
1636:Middlewares/Third_Party/FreeRTOS/Source/tasks.c **** 			/* Remove task from the ready/delayed list and place in the
1637:Middlewares/Third_Party/FreeRTOS/Source/tasks.c **** 			suspended list. */
1638:Middlewares/Third_Party/FreeRTOS/Source/tasks.c **** 			if( uxListRemove( &( pxTCB->xStateListItem ) ) == ( UBaseType_t ) 0 )
1639:Middlewares/Third_Party/FreeRTOS/Source/tasks.c **** 			{
1640:Middlewares/Third_Party/FreeRTOS/Source/tasks.c **** 				taskRESET_READY_PRIORITY( pxTCB->uxPriority );
1641:Middlewares/Third_Party/FreeRTOS/Source/tasks.c **** 			}
1642:Middlewares/Third_Party/FreeRTOS/Source/tasks.c **** 			else
1643:Middlewares/Third_Party/FreeRTOS/Source/tasks.c **** 			{
1644:Middlewares/Third_Party/FreeRTOS/Source/tasks.c **** 				mtCOVERAGE_TEST_MARKER();
1645:Middlewares/Third_Party/FreeRTOS/Source/tasks.c **** 			}
1646:Middlewares/Third_Party/FreeRTOS/Source/tasks.c **** 
1647:Middlewares/Third_Party/FreeRTOS/Source/tasks.c **** 			/* Is the task waiting on an event also? */
1648:Middlewares/Third_Party/FreeRTOS/Source/tasks.c **** 			if( listLIST_ITEM_CONTAINER( &( pxTCB->xEventListItem ) ) != NULL )
1649:Middlewares/Third_Party/FreeRTOS/Source/tasks.c **** 			{
1650:Middlewares/Third_Party/FreeRTOS/Source/tasks.c **** 				( void ) uxListRemove( &( pxTCB->xEventListItem ) );
1651:Middlewares/Third_Party/FreeRTOS/Source/tasks.c **** 			}
1652:Middlewares/Third_Party/FreeRTOS/Source/tasks.c **** 			else
1653:Middlewares/Third_Party/FreeRTOS/Source/tasks.c **** 			{
1654:Middlewares/Third_Party/FreeRTOS/Source/tasks.c **** 				mtCOVERAGE_TEST_MARKER();
1655:Middlewares/Third_Party/FreeRTOS/Source/tasks.c **** 			}
1656:Middlewares/Third_Party/FreeRTOS/Source/tasks.c **** 
1657:Middlewares/Third_Party/FreeRTOS/Source/tasks.c **** 			vListInsertEnd( &xSuspendedTaskList, &( pxTCB->xStateListItem ) );
1658:Middlewares/Third_Party/FreeRTOS/Source/tasks.c **** 
1659:Middlewares/Third_Party/FreeRTOS/Source/tasks.c **** 			#if( configUSE_TASK_NOTIFICATIONS == 1 )
1660:Middlewares/Third_Party/FreeRTOS/Source/tasks.c **** 			{
1661:Middlewares/Third_Party/FreeRTOS/Source/tasks.c **** 				if( pxTCB->ucNotifyState == taskWAITING_NOTIFICATION )
1662:Middlewares/Third_Party/FreeRTOS/Source/tasks.c **** 				{
1663:Middlewares/Third_Party/FreeRTOS/Source/tasks.c **** 					/* The task was blocked to wait for a notification, but is
1664:Middlewares/Third_Party/FreeRTOS/Source/tasks.c **** 					now suspended, so no notification was received. */
1665:Middlewares/Third_Party/FreeRTOS/Source/tasks.c **** 					pxTCB->ucNotifyState = taskNOT_WAITING_NOTIFICATION;
1666:Middlewares/Third_Party/FreeRTOS/Source/tasks.c **** 				}
1667:Middlewares/Third_Party/FreeRTOS/Source/tasks.c **** 			}
1668:Middlewares/Third_Party/FreeRTOS/Source/tasks.c **** 			#endif
1669:Middlewares/Third_Party/FreeRTOS/Source/tasks.c **** 		}
1670:Middlewares/Third_Party/FreeRTOS/Source/tasks.c **** 		taskEXIT_CRITICAL();
1671:Middlewares/Third_Party/FreeRTOS/Source/tasks.c **** 
1672:Middlewares/Third_Party/FreeRTOS/Source/tasks.c **** 		if( xSchedulerRunning != pdFALSE )
1673:Middlewares/Third_Party/FreeRTOS/Source/tasks.c **** 		{
1674:Middlewares/Third_Party/FreeRTOS/Source/tasks.c **** 			/* Reset the next expected unblock time in case it referred to the
1675:Middlewares/Third_Party/FreeRTOS/Source/tasks.c **** 			task that is now in the Suspended state. */
1676:Middlewares/Third_Party/FreeRTOS/Source/tasks.c **** 			taskENTER_CRITICAL();
1677:Middlewares/Third_Party/FreeRTOS/Source/tasks.c **** 			{
1678:Middlewares/Third_Party/FreeRTOS/Source/tasks.c **** 				prvResetNextTaskUnblockTime();
1679:Middlewares/Third_Party/FreeRTOS/Source/tasks.c **** 			}
1680:Middlewares/Third_Party/FreeRTOS/Source/tasks.c **** 			taskEXIT_CRITICAL();
1681:Middlewares/Third_Party/FreeRTOS/Source/tasks.c **** 		}
1682:Middlewares/Third_Party/FreeRTOS/Source/tasks.c **** 		else
1683:Middlewares/Third_Party/FreeRTOS/Source/tasks.c **** 		{
ARM GAS  /tmp/ccZZCKwI.s 			page 31


1684:Middlewares/Third_Party/FreeRTOS/Source/tasks.c **** 			mtCOVERAGE_TEST_MARKER();
1685:Middlewares/Third_Party/FreeRTOS/Source/tasks.c **** 		}
1686:Middlewares/Third_Party/FreeRTOS/Source/tasks.c **** 
1687:Middlewares/Third_Party/FreeRTOS/Source/tasks.c **** 		if( pxTCB == pxCurrentTCB )
1688:Middlewares/Third_Party/FreeRTOS/Source/tasks.c **** 		{
1689:Middlewares/Third_Party/FreeRTOS/Source/tasks.c **** 			if( xSchedulerRunning != pdFALSE )
1690:Middlewares/Third_Party/FreeRTOS/Source/tasks.c **** 			{
1691:Middlewares/Third_Party/FreeRTOS/Source/tasks.c **** 				/* The current task has just been suspended. */
1692:Middlewares/Third_Party/FreeRTOS/Source/tasks.c **** 				configASSERT( uxSchedulerSuspended == 0 );
1693:Middlewares/Third_Party/FreeRTOS/Source/tasks.c **** 				portYIELD_WITHIN_API();
1694:Middlewares/Third_Party/FreeRTOS/Source/tasks.c **** 			}
1695:Middlewares/Third_Party/FreeRTOS/Source/tasks.c **** 			else
1696:Middlewares/Third_Party/FreeRTOS/Source/tasks.c **** 			{
1697:Middlewares/Third_Party/FreeRTOS/Source/tasks.c **** 				/* The scheduler is not running, but the task that was pointed
1698:Middlewares/Third_Party/FreeRTOS/Source/tasks.c **** 				to by pxCurrentTCB has just been suspended and pxCurrentTCB
1699:Middlewares/Third_Party/FreeRTOS/Source/tasks.c **** 				must be adjusted to point to a different task. */
1700:Middlewares/Third_Party/FreeRTOS/Source/tasks.c **** 				if( listCURRENT_LIST_LENGTH( &xSuspendedTaskList ) == uxCurrentNumberOfTasks )
1701:Middlewares/Third_Party/FreeRTOS/Source/tasks.c **** 				{
1702:Middlewares/Third_Party/FreeRTOS/Source/tasks.c **** 					/* No other tasks are ready, so set pxCurrentTCB back to
1703:Middlewares/Third_Party/FreeRTOS/Source/tasks.c **** 					NULL so when the next task is created pxCurrentTCB will
1704:Middlewares/Third_Party/FreeRTOS/Source/tasks.c **** 					be set to point to it no matter what its relative priority
1705:Middlewares/Third_Party/FreeRTOS/Source/tasks.c **** 					is. */
1706:Middlewares/Third_Party/FreeRTOS/Source/tasks.c **** 					pxCurrentTCB = NULL;
1707:Middlewares/Third_Party/FreeRTOS/Source/tasks.c **** 				}
1708:Middlewares/Third_Party/FreeRTOS/Source/tasks.c **** 				else
1709:Middlewares/Third_Party/FreeRTOS/Source/tasks.c **** 				{
1710:Middlewares/Third_Party/FreeRTOS/Source/tasks.c **** 					vTaskSwitchContext();
1711:Middlewares/Third_Party/FreeRTOS/Source/tasks.c **** 				}
1712:Middlewares/Third_Party/FreeRTOS/Source/tasks.c **** 			}
1713:Middlewares/Third_Party/FreeRTOS/Source/tasks.c **** 		}
1714:Middlewares/Third_Party/FreeRTOS/Source/tasks.c **** 		else
1715:Middlewares/Third_Party/FreeRTOS/Source/tasks.c **** 		{
1716:Middlewares/Third_Party/FreeRTOS/Source/tasks.c **** 			mtCOVERAGE_TEST_MARKER();
1717:Middlewares/Third_Party/FreeRTOS/Source/tasks.c **** 		}
1718:Middlewares/Third_Party/FreeRTOS/Source/tasks.c **** 	}
1719:Middlewares/Third_Party/FreeRTOS/Source/tasks.c **** 
1720:Middlewares/Third_Party/FreeRTOS/Source/tasks.c **** #endif /* INCLUDE_vTaskSuspend */
1721:Middlewares/Third_Party/FreeRTOS/Source/tasks.c **** /*-----------------------------------------------------------*/
1722:Middlewares/Third_Party/FreeRTOS/Source/tasks.c **** 
1723:Middlewares/Third_Party/FreeRTOS/Source/tasks.c **** #if ( INCLUDE_vTaskSuspend == 1 )
1724:Middlewares/Third_Party/FreeRTOS/Source/tasks.c **** 
1725:Middlewares/Third_Party/FreeRTOS/Source/tasks.c **** 	static BaseType_t prvTaskIsTaskSuspended( const TaskHandle_t xTask )
1726:Middlewares/Third_Party/FreeRTOS/Source/tasks.c **** 	{
  29              		.loc 1 1726 2 view -0
  30              		.cfi_startproc
  31              		@ args = 0, pretend = 0, frame = 0
  32              		@ frame_needed = 0, uses_anonymous_args = 0
  33              		@ link register save eliminated.
1727:Middlewares/Third_Party/FreeRTOS/Source/tasks.c **** 	BaseType_t xReturn = pdFALSE;
  34              		.loc 1 1727 2 view .LVU1
1728:Middlewares/Third_Party/FreeRTOS/Source/tasks.c **** 	const TCB_t * const pxTCB = ( TCB_t * ) xTask;
  35              		.loc 1 1728 2 view .LVU2
1729:Middlewares/Third_Party/FreeRTOS/Source/tasks.c **** 
1730:Middlewares/Third_Party/FreeRTOS/Source/tasks.c **** 		/* Accesses xPendingReadyList so must be called from a critical
1731:Middlewares/Third_Party/FreeRTOS/Source/tasks.c **** 		section. */
1732:Middlewares/Third_Party/FreeRTOS/Source/tasks.c **** 
1733:Middlewares/Third_Party/FreeRTOS/Source/tasks.c **** 		/* It does not make sense to check if the calling task is suspended. */
ARM GAS  /tmp/ccZZCKwI.s 			page 32


1734:Middlewares/Third_Party/FreeRTOS/Source/tasks.c **** 		configASSERT( xTask );
  36              		.loc 1 1734 3 view .LVU3
  37 0000 28B1     		cbz	r0, .L8
  38              		.loc 1 1734 24 discriminator 2 view .LVU4
1735:Middlewares/Third_Party/FreeRTOS/Source/tasks.c **** 
1736:Middlewares/Third_Party/FreeRTOS/Source/tasks.c **** 		/* Is the task being resumed actually in the suspended list? */
1737:Middlewares/Third_Party/FreeRTOS/Source/tasks.c **** 		if( listIS_CONTAINED_WITHIN( &xSuspendedTaskList, &( pxTCB->xStateListItem ) ) != pdFALSE )
  39              		.loc 1 1737 3 view .LVU5
  40              		.loc 1 1737 7 is_stmt 0 view .LVU6
  41 0002 4169     		ldr	r1, [r0, #20]
  42              		.loc 1 1737 82 view .LVU7
  43 0004 0C4A     		ldr	r2, .L10
  44 0006 9142     		cmp	r1, r2
  45 0008 0AD0     		beq	.L9
1727:Middlewares/Third_Party/FreeRTOS/Source/tasks.c **** 	const TCB_t * const pxTCB = ( TCB_t * ) xTask;
  46              		.loc 1 1727 13 view .LVU8
  47 000a 0020     		movs	r0, #0
  48              	.LVL1:
1727:Middlewares/Third_Party/FreeRTOS/Source/tasks.c **** 	const TCB_t * const pxTCB = ( TCB_t * ) xTask;
  49              		.loc 1 1727 13 view .LVU9
  50 000c 7047     		bx	lr
  51              	.LVL2:
  52              	.L8:
1734:Middlewares/Third_Party/FreeRTOS/Source/tasks.c **** 
  53              		.loc 1 1734 3 is_stmt 1 discriminator 1 view .LVU10
  54              	.LBB113:
  55              	.LBI113:
  56              		.file 2 "Middlewares/Third_Party/FreeRTOS/Source/portable/GCC/ARM_CM4F/portmacro.h"
   1:Middlewares/Third_Party/FreeRTOS/Source/portable/GCC/ARM_CM4F/portmacro.h **** /*
   2:Middlewares/Third_Party/FreeRTOS/Source/portable/GCC/ARM_CM4F/portmacro.h ****  * FreeRTOS Kernel V10.0.1
   3:Middlewares/Third_Party/FreeRTOS/Source/portable/GCC/ARM_CM4F/portmacro.h ****  * Copyright (C) 2017 Amazon.com, Inc. or its affiliates.  All Rights Reserved.
   4:Middlewares/Third_Party/FreeRTOS/Source/portable/GCC/ARM_CM4F/portmacro.h ****  *
   5:Middlewares/Third_Party/FreeRTOS/Source/portable/GCC/ARM_CM4F/portmacro.h ****  * Permission is hereby granted, free of charge, to any person obtaining a copy of
   6:Middlewares/Third_Party/FreeRTOS/Source/portable/GCC/ARM_CM4F/portmacro.h ****  * this software and associated documentation files (the "Software"), to deal in
   7:Middlewares/Third_Party/FreeRTOS/Source/portable/GCC/ARM_CM4F/portmacro.h ****  * the Software without restriction, including without limitation the rights to
   8:Middlewares/Third_Party/FreeRTOS/Source/portable/GCC/ARM_CM4F/portmacro.h ****  * use, copy, modify, merge, publish, distribute, sublicense, and/or sell copies of
   9:Middlewares/Third_Party/FreeRTOS/Source/portable/GCC/ARM_CM4F/portmacro.h ****  * the Software, and to permit persons to whom the Software is furnished to do so,
  10:Middlewares/Third_Party/FreeRTOS/Source/portable/GCC/ARM_CM4F/portmacro.h ****  * subject to the following conditions:
  11:Middlewares/Third_Party/FreeRTOS/Source/portable/GCC/ARM_CM4F/portmacro.h ****  *
  12:Middlewares/Third_Party/FreeRTOS/Source/portable/GCC/ARM_CM4F/portmacro.h ****  * The above copyright notice and this permission notice shall be included in all
  13:Middlewares/Third_Party/FreeRTOS/Source/portable/GCC/ARM_CM4F/portmacro.h ****  * copies or substantial portions of the Software.
  14:Middlewares/Third_Party/FreeRTOS/Source/portable/GCC/ARM_CM4F/portmacro.h ****  *
  15:Middlewares/Third_Party/FreeRTOS/Source/portable/GCC/ARM_CM4F/portmacro.h ****  * THE SOFTWARE IS PROVIDED "AS IS", WITHOUT WARRANTY OF ANY KIND, EXPRESS OR
  16:Middlewares/Third_Party/FreeRTOS/Source/portable/GCC/ARM_CM4F/portmacro.h ****  * IMPLIED, INCLUDING BUT NOT LIMITED TO THE WARRANTIES OF MERCHANTABILITY, FITNESS
  17:Middlewares/Third_Party/FreeRTOS/Source/portable/GCC/ARM_CM4F/portmacro.h ****  * FOR A PARTICULAR PURPOSE AND NONINFRINGEMENT. IN NO EVENT SHALL THE AUTHORS OR
  18:Middlewares/Third_Party/FreeRTOS/Source/portable/GCC/ARM_CM4F/portmacro.h ****  * COPYRIGHT HOLDERS BE LIABLE FOR ANY CLAIM, DAMAGES OR OTHER LIABILITY, WHETHER
  19:Middlewares/Third_Party/FreeRTOS/Source/portable/GCC/ARM_CM4F/portmacro.h ****  * IN AN ACTION OF CONTRACT, TORT OR OTHERWISE, ARISING FROM, OUT OF OR IN
  20:Middlewares/Third_Party/FreeRTOS/Source/portable/GCC/ARM_CM4F/portmacro.h ****  * CONNECTION WITH THE SOFTWARE OR THE USE OR OTHER DEALINGS IN THE SOFTWARE.
  21:Middlewares/Third_Party/FreeRTOS/Source/portable/GCC/ARM_CM4F/portmacro.h ****  *
  22:Middlewares/Third_Party/FreeRTOS/Source/portable/GCC/ARM_CM4F/portmacro.h ****  * http://www.FreeRTOS.org
  23:Middlewares/Third_Party/FreeRTOS/Source/portable/GCC/ARM_CM4F/portmacro.h ****  * http://aws.amazon.com/freertos
  24:Middlewares/Third_Party/FreeRTOS/Source/portable/GCC/ARM_CM4F/portmacro.h ****  *
  25:Middlewares/Third_Party/FreeRTOS/Source/portable/GCC/ARM_CM4F/portmacro.h ****  * 1 tab == 4 spaces!
  26:Middlewares/Third_Party/FreeRTOS/Source/portable/GCC/ARM_CM4F/portmacro.h ****  */
  27:Middlewares/Third_Party/FreeRTOS/Source/portable/GCC/ARM_CM4F/portmacro.h **** 
  28:Middlewares/Third_Party/FreeRTOS/Source/portable/GCC/ARM_CM4F/portmacro.h **** 
  29:Middlewares/Third_Party/FreeRTOS/Source/portable/GCC/ARM_CM4F/portmacro.h **** #ifndef PORTMACRO_H
ARM GAS  /tmp/ccZZCKwI.s 			page 33


  30:Middlewares/Third_Party/FreeRTOS/Source/portable/GCC/ARM_CM4F/portmacro.h **** #define PORTMACRO_H
  31:Middlewares/Third_Party/FreeRTOS/Source/portable/GCC/ARM_CM4F/portmacro.h **** 
  32:Middlewares/Third_Party/FreeRTOS/Source/portable/GCC/ARM_CM4F/portmacro.h **** #ifdef __cplusplus
  33:Middlewares/Third_Party/FreeRTOS/Source/portable/GCC/ARM_CM4F/portmacro.h **** extern "C" {
  34:Middlewares/Third_Party/FreeRTOS/Source/portable/GCC/ARM_CM4F/portmacro.h **** #endif
  35:Middlewares/Third_Party/FreeRTOS/Source/portable/GCC/ARM_CM4F/portmacro.h **** 
  36:Middlewares/Third_Party/FreeRTOS/Source/portable/GCC/ARM_CM4F/portmacro.h **** /*-----------------------------------------------------------
  37:Middlewares/Third_Party/FreeRTOS/Source/portable/GCC/ARM_CM4F/portmacro.h ****  * Port specific definitions.
  38:Middlewares/Third_Party/FreeRTOS/Source/portable/GCC/ARM_CM4F/portmacro.h ****  *
  39:Middlewares/Third_Party/FreeRTOS/Source/portable/GCC/ARM_CM4F/portmacro.h ****  * The settings in this file configure FreeRTOS correctly for the
  40:Middlewares/Third_Party/FreeRTOS/Source/portable/GCC/ARM_CM4F/portmacro.h ****  * given hardware and compiler.
  41:Middlewares/Third_Party/FreeRTOS/Source/portable/GCC/ARM_CM4F/portmacro.h ****  *
  42:Middlewares/Third_Party/FreeRTOS/Source/portable/GCC/ARM_CM4F/portmacro.h ****  * These settings should not be altered.
  43:Middlewares/Third_Party/FreeRTOS/Source/portable/GCC/ARM_CM4F/portmacro.h ****  *-----------------------------------------------------------
  44:Middlewares/Third_Party/FreeRTOS/Source/portable/GCC/ARM_CM4F/portmacro.h ****  */
  45:Middlewares/Third_Party/FreeRTOS/Source/portable/GCC/ARM_CM4F/portmacro.h **** 
  46:Middlewares/Third_Party/FreeRTOS/Source/portable/GCC/ARM_CM4F/portmacro.h **** /* Type definitions. */
  47:Middlewares/Third_Party/FreeRTOS/Source/portable/GCC/ARM_CM4F/portmacro.h **** #define portCHAR		char
  48:Middlewares/Third_Party/FreeRTOS/Source/portable/GCC/ARM_CM4F/portmacro.h **** #define portFLOAT		float
  49:Middlewares/Third_Party/FreeRTOS/Source/portable/GCC/ARM_CM4F/portmacro.h **** #define portDOUBLE		double
  50:Middlewares/Third_Party/FreeRTOS/Source/portable/GCC/ARM_CM4F/portmacro.h **** #define portLONG		long
  51:Middlewares/Third_Party/FreeRTOS/Source/portable/GCC/ARM_CM4F/portmacro.h **** #define portSHORT		short
  52:Middlewares/Third_Party/FreeRTOS/Source/portable/GCC/ARM_CM4F/portmacro.h **** #define portSTACK_TYPE	uint32_t
  53:Middlewares/Third_Party/FreeRTOS/Source/portable/GCC/ARM_CM4F/portmacro.h **** #define portBASE_TYPE	long
  54:Middlewares/Third_Party/FreeRTOS/Source/portable/GCC/ARM_CM4F/portmacro.h **** 
  55:Middlewares/Third_Party/FreeRTOS/Source/portable/GCC/ARM_CM4F/portmacro.h **** typedef portSTACK_TYPE StackType_t;
  56:Middlewares/Third_Party/FreeRTOS/Source/portable/GCC/ARM_CM4F/portmacro.h **** typedef long BaseType_t;
  57:Middlewares/Third_Party/FreeRTOS/Source/portable/GCC/ARM_CM4F/portmacro.h **** typedef unsigned long UBaseType_t;
  58:Middlewares/Third_Party/FreeRTOS/Source/portable/GCC/ARM_CM4F/portmacro.h **** 
  59:Middlewares/Third_Party/FreeRTOS/Source/portable/GCC/ARM_CM4F/portmacro.h **** #if( configUSE_16_BIT_TICKS == 1 )
  60:Middlewares/Third_Party/FreeRTOS/Source/portable/GCC/ARM_CM4F/portmacro.h **** 	typedef uint16_t TickType_t;
  61:Middlewares/Third_Party/FreeRTOS/Source/portable/GCC/ARM_CM4F/portmacro.h **** 	#define portMAX_DELAY ( TickType_t ) 0xffff
  62:Middlewares/Third_Party/FreeRTOS/Source/portable/GCC/ARM_CM4F/portmacro.h **** #else
  63:Middlewares/Third_Party/FreeRTOS/Source/portable/GCC/ARM_CM4F/portmacro.h **** 	typedef uint32_t TickType_t;
  64:Middlewares/Third_Party/FreeRTOS/Source/portable/GCC/ARM_CM4F/portmacro.h **** 	#define portMAX_DELAY ( TickType_t ) 0xffffffffUL
  65:Middlewares/Third_Party/FreeRTOS/Source/portable/GCC/ARM_CM4F/portmacro.h **** 
  66:Middlewares/Third_Party/FreeRTOS/Source/portable/GCC/ARM_CM4F/portmacro.h **** 	/* 32-bit tick type on a 32-bit architecture, so reads of the tick count do
  67:Middlewares/Third_Party/FreeRTOS/Source/portable/GCC/ARM_CM4F/portmacro.h **** 	not need to be guarded with a critical section. */
  68:Middlewares/Third_Party/FreeRTOS/Source/portable/GCC/ARM_CM4F/portmacro.h **** 	#define portTICK_TYPE_IS_ATOMIC 1
  69:Middlewares/Third_Party/FreeRTOS/Source/portable/GCC/ARM_CM4F/portmacro.h **** #endif
  70:Middlewares/Third_Party/FreeRTOS/Source/portable/GCC/ARM_CM4F/portmacro.h **** /*-----------------------------------------------------------*/
  71:Middlewares/Third_Party/FreeRTOS/Source/portable/GCC/ARM_CM4F/portmacro.h **** 
  72:Middlewares/Third_Party/FreeRTOS/Source/portable/GCC/ARM_CM4F/portmacro.h **** /* Architecture specifics. */
  73:Middlewares/Third_Party/FreeRTOS/Source/portable/GCC/ARM_CM4F/portmacro.h **** #define portSTACK_GROWTH			( -1 )
  74:Middlewares/Third_Party/FreeRTOS/Source/portable/GCC/ARM_CM4F/portmacro.h **** #define portTICK_PERIOD_MS			( ( TickType_t ) 1000 / configTICK_RATE_HZ )
  75:Middlewares/Third_Party/FreeRTOS/Source/portable/GCC/ARM_CM4F/portmacro.h **** #define portBYTE_ALIGNMENT			8
  76:Middlewares/Third_Party/FreeRTOS/Source/portable/GCC/ARM_CM4F/portmacro.h **** /*-----------------------------------------------------------*/
  77:Middlewares/Third_Party/FreeRTOS/Source/portable/GCC/ARM_CM4F/portmacro.h **** 
  78:Middlewares/Third_Party/FreeRTOS/Source/portable/GCC/ARM_CM4F/portmacro.h **** /* Scheduler utilities. */
  79:Middlewares/Third_Party/FreeRTOS/Source/portable/GCC/ARM_CM4F/portmacro.h **** #define portYIELD() 															\
  80:Middlewares/Third_Party/FreeRTOS/Source/portable/GCC/ARM_CM4F/portmacro.h **** {																				\
  81:Middlewares/Third_Party/FreeRTOS/Source/portable/GCC/ARM_CM4F/portmacro.h **** 	/* Set a PendSV to request a context switch. */								\
  82:Middlewares/Third_Party/FreeRTOS/Source/portable/GCC/ARM_CM4F/portmacro.h **** 	portNVIC_INT_CTRL_REG = portNVIC_PENDSVSET_BIT;								\
  83:Middlewares/Third_Party/FreeRTOS/Source/portable/GCC/ARM_CM4F/portmacro.h **** 																				\
  84:Middlewares/Third_Party/FreeRTOS/Source/portable/GCC/ARM_CM4F/portmacro.h **** 	/* Barriers are normally not required but do ensure the code is completely	\
  85:Middlewares/Third_Party/FreeRTOS/Source/portable/GCC/ARM_CM4F/portmacro.h **** 	within the specified behaviour for the architecture. */						\
  86:Middlewares/Third_Party/FreeRTOS/Source/portable/GCC/ARM_CM4F/portmacro.h **** 	__asm volatile( "dsb" ::: "memory" );										\
ARM GAS  /tmp/ccZZCKwI.s 			page 34


  87:Middlewares/Third_Party/FreeRTOS/Source/portable/GCC/ARM_CM4F/portmacro.h **** 	__asm volatile( "isb" );													\
  88:Middlewares/Third_Party/FreeRTOS/Source/portable/GCC/ARM_CM4F/portmacro.h **** }
  89:Middlewares/Third_Party/FreeRTOS/Source/portable/GCC/ARM_CM4F/portmacro.h **** 
  90:Middlewares/Third_Party/FreeRTOS/Source/portable/GCC/ARM_CM4F/portmacro.h **** #define portNVIC_INT_CTRL_REG		( * ( ( volatile uint32_t * ) 0xe000ed04 ) )
  91:Middlewares/Third_Party/FreeRTOS/Source/portable/GCC/ARM_CM4F/portmacro.h **** #define portNVIC_PENDSVSET_BIT		( 1UL << 28UL )
  92:Middlewares/Third_Party/FreeRTOS/Source/portable/GCC/ARM_CM4F/portmacro.h **** #define portEND_SWITCHING_ISR( xSwitchRequired ) if( xSwitchRequired != pdFALSE ) portYIELD()
  93:Middlewares/Third_Party/FreeRTOS/Source/portable/GCC/ARM_CM4F/portmacro.h **** #define portYIELD_FROM_ISR( x ) portEND_SWITCHING_ISR( x )
  94:Middlewares/Third_Party/FreeRTOS/Source/portable/GCC/ARM_CM4F/portmacro.h **** /*-----------------------------------------------------------*/
  95:Middlewares/Third_Party/FreeRTOS/Source/portable/GCC/ARM_CM4F/portmacro.h **** 
  96:Middlewares/Third_Party/FreeRTOS/Source/portable/GCC/ARM_CM4F/portmacro.h **** /* Critical section management. */
  97:Middlewares/Third_Party/FreeRTOS/Source/portable/GCC/ARM_CM4F/portmacro.h **** extern void vPortEnterCritical( void );
  98:Middlewares/Third_Party/FreeRTOS/Source/portable/GCC/ARM_CM4F/portmacro.h **** extern void vPortExitCritical( void );
  99:Middlewares/Third_Party/FreeRTOS/Source/portable/GCC/ARM_CM4F/portmacro.h **** #define portSET_INTERRUPT_MASK_FROM_ISR()		ulPortRaiseBASEPRI()
 100:Middlewares/Third_Party/FreeRTOS/Source/portable/GCC/ARM_CM4F/portmacro.h **** #define portCLEAR_INTERRUPT_MASK_FROM_ISR(x)	vPortSetBASEPRI(x)
 101:Middlewares/Third_Party/FreeRTOS/Source/portable/GCC/ARM_CM4F/portmacro.h **** #define portDISABLE_INTERRUPTS()				vPortRaiseBASEPRI()
 102:Middlewares/Third_Party/FreeRTOS/Source/portable/GCC/ARM_CM4F/portmacro.h **** #define portENABLE_INTERRUPTS()					vPortSetBASEPRI(0)
 103:Middlewares/Third_Party/FreeRTOS/Source/portable/GCC/ARM_CM4F/portmacro.h **** #define portENTER_CRITICAL()					vPortEnterCritical()
 104:Middlewares/Third_Party/FreeRTOS/Source/portable/GCC/ARM_CM4F/portmacro.h **** #define portEXIT_CRITICAL()						vPortExitCritical()
 105:Middlewares/Third_Party/FreeRTOS/Source/portable/GCC/ARM_CM4F/portmacro.h **** 
 106:Middlewares/Third_Party/FreeRTOS/Source/portable/GCC/ARM_CM4F/portmacro.h **** /*-----------------------------------------------------------*/
 107:Middlewares/Third_Party/FreeRTOS/Source/portable/GCC/ARM_CM4F/portmacro.h **** 
 108:Middlewares/Third_Party/FreeRTOS/Source/portable/GCC/ARM_CM4F/portmacro.h **** /* Task function macros as described on the FreeRTOS.org WEB site.  These are
 109:Middlewares/Third_Party/FreeRTOS/Source/portable/GCC/ARM_CM4F/portmacro.h **** not necessary for to use this port.  They are defined so the common demo files
 110:Middlewares/Third_Party/FreeRTOS/Source/portable/GCC/ARM_CM4F/portmacro.h **** (which build with all the ports) will build. */
 111:Middlewares/Third_Party/FreeRTOS/Source/portable/GCC/ARM_CM4F/portmacro.h **** #define portTASK_FUNCTION_PROTO( vFunction, pvParameters ) void vFunction( void *pvParameters )
 112:Middlewares/Third_Party/FreeRTOS/Source/portable/GCC/ARM_CM4F/portmacro.h **** #define portTASK_FUNCTION( vFunction, pvParameters ) void vFunction( void *pvParameters )
 113:Middlewares/Third_Party/FreeRTOS/Source/portable/GCC/ARM_CM4F/portmacro.h **** /*-----------------------------------------------------------*/
 114:Middlewares/Third_Party/FreeRTOS/Source/portable/GCC/ARM_CM4F/portmacro.h **** 
 115:Middlewares/Third_Party/FreeRTOS/Source/portable/GCC/ARM_CM4F/portmacro.h **** /* Tickless idle/low power functionality. */
 116:Middlewares/Third_Party/FreeRTOS/Source/portable/GCC/ARM_CM4F/portmacro.h **** #ifndef portSUPPRESS_TICKS_AND_SLEEP
 117:Middlewares/Third_Party/FreeRTOS/Source/portable/GCC/ARM_CM4F/portmacro.h **** 	extern void vPortSuppressTicksAndSleep( TickType_t xExpectedIdleTime );
 118:Middlewares/Third_Party/FreeRTOS/Source/portable/GCC/ARM_CM4F/portmacro.h **** 	#define portSUPPRESS_TICKS_AND_SLEEP( xExpectedIdleTime ) vPortSuppressTicksAndSleep( xExpectedIdl
 119:Middlewares/Third_Party/FreeRTOS/Source/portable/GCC/ARM_CM4F/portmacro.h **** #endif
 120:Middlewares/Third_Party/FreeRTOS/Source/portable/GCC/ARM_CM4F/portmacro.h **** /*-----------------------------------------------------------*/
 121:Middlewares/Third_Party/FreeRTOS/Source/portable/GCC/ARM_CM4F/portmacro.h **** 
 122:Middlewares/Third_Party/FreeRTOS/Source/portable/GCC/ARM_CM4F/portmacro.h **** /* Architecture specific optimisations. */
 123:Middlewares/Third_Party/FreeRTOS/Source/portable/GCC/ARM_CM4F/portmacro.h **** #ifndef configUSE_PORT_OPTIMISED_TASK_SELECTION
 124:Middlewares/Third_Party/FreeRTOS/Source/portable/GCC/ARM_CM4F/portmacro.h **** 	#define configUSE_PORT_OPTIMISED_TASK_SELECTION 1
 125:Middlewares/Third_Party/FreeRTOS/Source/portable/GCC/ARM_CM4F/portmacro.h **** #endif
 126:Middlewares/Third_Party/FreeRTOS/Source/portable/GCC/ARM_CM4F/portmacro.h **** 
 127:Middlewares/Third_Party/FreeRTOS/Source/portable/GCC/ARM_CM4F/portmacro.h **** #if configUSE_PORT_OPTIMISED_TASK_SELECTION == 1
 128:Middlewares/Third_Party/FreeRTOS/Source/portable/GCC/ARM_CM4F/portmacro.h **** 
 129:Middlewares/Third_Party/FreeRTOS/Source/portable/GCC/ARM_CM4F/portmacro.h **** 	/* Generic helper function. */
 130:Middlewares/Third_Party/FreeRTOS/Source/portable/GCC/ARM_CM4F/portmacro.h **** 	__attribute__( ( always_inline ) ) static inline uint8_t ucPortCountLeadingZeros( uint32_t ulBitma
 131:Middlewares/Third_Party/FreeRTOS/Source/portable/GCC/ARM_CM4F/portmacro.h **** 	{
 132:Middlewares/Third_Party/FreeRTOS/Source/portable/GCC/ARM_CM4F/portmacro.h **** 	uint8_t ucReturn;
 133:Middlewares/Third_Party/FreeRTOS/Source/portable/GCC/ARM_CM4F/portmacro.h **** 
 134:Middlewares/Third_Party/FreeRTOS/Source/portable/GCC/ARM_CM4F/portmacro.h **** 		__asm volatile ( "clz %0, %1" : "=r" ( ucReturn ) : "r" ( ulBitmap ) : "memory" );
 135:Middlewares/Third_Party/FreeRTOS/Source/portable/GCC/ARM_CM4F/portmacro.h **** 		return ucReturn;
 136:Middlewares/Third_Party/FreeRTOS/Source/portable/GCC/ARM_CM4F/portmacro.h **** 	}
 137:Middlewares/Third_Party/FreeRTOS/Source/portable/GCC/ARM_CM4F/portmacro.h **** 
 138:Middlewares/Third_Party/FreeRTOS/Source/portable/GCC/ARM_CM4F/portmacro.h **** 	/* Check the configuration. */
 139:Middlewares/Third_Party/FreeRTOS/Source/portable/GCC/ARM_CM4F/portmacro.h **** 	#if( configMAX_PRIORITIES > 32 )
 140:Middlewares/Third_Party/FreeRTOS/Source/portable/GCC/ARM_CM4F/portmacro.h **** 		#error configUSE_PORT_OPTIMISED_TASK_SELECTION can only be set to 1 when configMAX_PRIORITIES is 
 141:Middlewares/Third_Party/FreeRTOS/Source/portable/GCC/ARM_CM4F/portmacro.h **** 	#endif
 142:Middlewares/Third_Party/FreeRTOS/Source/portable/GCC/ARM_CM4F/portmacro.h **** 
 143:Middlewares/Third_Party/FreeRTOS/Source/portable/GCC/ARM_CM4F/portmacro.h **** 	/* Store/clear the ready priorities in a bit map. */
ARM GAS  /tmp/ccZZCKwI.s 			page 35


 144:Middlewares/Third_Party/FreeRTOS/Source/portable/GCC/ARM_CM4F/portmacro.h **** 	#define portRECORD_READY_PRIORITY( uxPriority, uxReadyPriorities ) ( uxReadyPriorities ) |= ( 1UL 
 145:Middlewares/Third_Party/FreeRTOS/Source/portable/GCC/ARM_CM4F/portmacro.h **** 	#define portRESET_READY_PRIORITY( uxPriority, uxReadyPriorities ) ( uxReadyPriorities ) &= ~( 1UL 
 146:Middlewares/Third_Party/FreeRTOS/Source/portable/GCC/ARM_CM4F/portmacro.h **** 
 147:Middlewares/Third_Party/FreeRTOS/Source/portable/GCC/ARM_CM4F/portmacro.h **** 	/*-----------------------------------------------------------*/
 148:Middlewares/Third_Party/FreeRTOS/Source/portable/GCC/ARM_CM4F/portmacro.h **** 
 149:Middlewares/Third_Party/FreeRTOS/Source/portable/GCC/ARM_CM4F/portmacro.h **** 	#define portGET_HIGHEST_PRIORITY( uxTopPriority, uxReadyPriorities ) uxTopPriority = ( 31UL - ( ui
 150:Middlewares/Third_Party/FreeRTOS/Source/portable/GCC/ARM_CM4F/portmacro.h **** 
 151:Middlewares/Third_Party/FreeRTOS/Source/portable/GCC/ARM_CM4F/portmacro.h **** #endif /* configUSE_PORT_OPTIMISED_TASK_SELECTION */
 152:Middlewares/Third_Party/FreeRTOS/Source/portable/GCC/ARM_CM4F/portmacro.h **** 
 153:Middlewares/Third_Party/FreeRTOS/Source/portable/GCC/ARM_CM4F/portmacro.h **** /*-----------------------------------------------------------*/
 154:Middlewares/Third_Party/FreeRTOS/Source/portable/GCC/ARM_CM4F/portmacro.h **** 
 155:Middlewares/Third_Party/FreeRTOS/Source/portable/GCC/ARM_CM4F/portmacro.h **** #ifdef configASSERT
 156:Middlewares/Third_Party/FreeRTOS/Source/portable/GCC/ARM_CM4F/portmacro.h **** 	void vPortValidateInterruptPriority( void );
 157:Middlewares/Third_Party/FreeRTOS/Source/portable/GCC/ARM_CM4F/portmacro.h **** 	#define portASSERT_IF_INTERRUPT_PRIORITY_INVALID() 	vPortValidateInterruptPriority()
 158:Middlewares/Third_Party/FreeRTOS/Source/portable/GCC/ARM_CM4F/portmacro.h **** #endif
 159:Middlewares/Third_Party/FreeRTOS/Source/portable/GCC/ARM_CM4F/portmacro.h **** 
 160:Middlewares/Third_Party/FreeRTOS/Source/portable/GCC/ARM_CM4F/portmacro.h **** /* portNOP() is not required by this port. */
 161:Middlewares/Third_Party/FreeRTOS/Source/portable/GCC/ARM_CM4F/portmacro.h **** #define portNOP()
 162:Middlewares/Third_Party/FreeRTOS/Source/portable/GCC/ARM_CM4F/portmacro.h **** 
 163:Middlewares/Third_Party/FreeRTOS/Source/portable/GCC/ARM_CM4F/portmacro.h **** #define portINLINE	__inline
 164:Middlewares/Third_Party/FreeRTOS/Source/portable/GCC/ARM_CM4F/portmacro.h **** 
 165:Middlewares/Third_Party/FreeRTOS/Source/portable/GCC/ARM_CM4F/portmacro.h **** #ifndef portFORCE_INLINE
 166:Middlewares/Third_Party/FreeRTOS/Source/portable/GCC/ARM_CM4F/portmacro.h **** 	#define portFORCE_INLINE inline __attribute__(( always_inline))
 167:Middlewares/Third_Party/FreeRTOS/Source/portable/GCC/ARM_CM4F/portmacro.h **** #endif
 168:Middlewares/Third_Party/FreeRTOS/Source/portable/GCC/ARM_CM4F/portmacro.h **** 
 169:Middlewares/Third_Party/FreeRTOS/Source/portable/GCC/ARM_CM4F/portmacro.h **** portFORCE_INLINE static BaseType_t xPortIsInsideInterrupt( void )
 170:Middlewares/Third_Party/FreeRTOS/Source/portable/GCC/ARM_CM4F/portmacro.h **** {
 171:Middlewares/Third_Party/FreeRTOS/Source/portable/GCC/ARM_CM4F/portmacro.h **** uint32_t ulCurrentInterrupt;
 172:Middlewares/Third_Party/FreeRTOS/Source/portable/GCC/ARM_CM4F/portmacro.h **** BaseType_t xReturn;
 173:Middlewares/Third_Party/FreeRTOS/Source/portable/GCC/ARM_CM4F/portmacro.h **** 
 174:Middlewares/Third_Party/FreeRTOS/Source/portable/GCC/ARM_CM4F/portmacro.h **** 	/* Obtain the number of the currently executing interrupt. */
 175:Middlewares/Third_Party/FreeRTOS/Source/portable/GCC/ARM_CM4F/portmacro.h **** 	__asm volatile( "mrs %0, ipsr" : "=r"( ulCurrentInterrupt ) :: "memory" );
 176:Middlewares/Third_Party/FreeRTOS/Source/portable/GCC/ARM_CM4F/portmacro.h **** 
 177:Middlewares/Third_Party/FreeRTOS/Source/portable/GCC/ARM_CM4F/portmacro.h **** 	if( ulCurrentInterrupt == 0 )
 178:Middlewares/Third_Party/FreeRTOS/Source/portable/GCC/ARM_CM4F/portmacro.h **** 	{
 179:Middlewares/Third_Party/FreeRTOS/Source/portable/GCC/ARM_CM4F/portmacro.h **** 		xReturn = pdFALSE;
 180:Middlewares/Third_Party/FreeRTOS/Source/portable/GCC/ARM_CM4F/portmacro.h **** 	}
 181:Middlewares/Third_Party/FreeRTOS/Source/portable/GCC/ARM_CM4F/portmacro.h **** 	else
 182:Middlewares/Third_Party/FreeRTOS/Source/portable/GCC/ARM_CM4F/portmacro.h **** 	{
 183:Middlewares/Third_Party/FreeRTOS/Source/portable/GCC/ARM_CM4F/portmacro.h **** 		xReturn = pdTRUE;
 184:Middlewares/Third_Party/FreeRTOS/Source/portable/GCC/ARM_CM4F/portmacro.h **** 	}
 185:Middlewares/Third_Party/FreeRTOS/Source/portable/GCC/ARM_CM4F/portmacro.h **** 
 186:Middlewares/Third_Party/FreeRTOS/Source/portable/GCC/ARM_CM4F/portmacro.h **** 	return xReturn;
 187:Middlewares/Third_Party/FreeRTOS/Source/portable/GCC/ARM_CM4F/portmacro.h **** }
 188:Middlewares/Third_Party/FreeRTOS/Source/portable/GCC/ARM_CM4F/portmacro.h **** 
 189:Middlewares/Third_Party/FreeRTOS/Source/portable/GCC/ARM_CM4F/portmacro.h **** /*-----------------------------------------------------------*/
 190:Middlewares/Third_Party/FreeRTOS/Source/portable/GCC/ARM_CM4F/portmacro.h **** 
 191:Middlewares/Third_Party/FreeRTOS/Source/portable/GCC/ARM_CM4F/portmacro.h **** portFORCE_INLINE static void vPortRaiseBASEPRI( void )
  57              		.loc 2 191 30 view .LVU11
  58              	.LBB114:
 192:Middlewares/Third_Party/FreeRTOS/Source/portable/GCC/ARM_CM4F/portmacro.h **** {
 193:Middlewares/Third_Party/FreeRTOS/Source/portable/GCC/ARM_CM4F/portmacro.h **** uint32_t ulNewBASEPRI;
  59              		.loc 2 193 1 view .LVU12
 194:Middlewares/Third_Party/FreeRTOS/Source/portable/GCC/ARM_CM4F/portmacro.h **** 
 195:Middlewares/Third_Party/FreeRTOS/Source/portable/GCC/ARM_CM4F/portmacro.h **** 	__asm volatile
  60              		.loc 2 195 2 view .LVU13
  61              		.syntax unified
ARM GAS  /tmp/ccZZCKwI.s 			page 36


  62              	@ 195 "Middlewares/Third_Party/FreeRTOS/Source/portable/GCC/ARM_CM4F/portmacro.h" 1
  63 000e 4FF05003 			mov r3, #80												
  64 0012 83F31188 		msr basepri, r3											
  65 0016 BFF36F8F 		isb														
  66 001a BFF34F8F 		dsb														
  67              	
  68              	@ 0 "" 2
  69              		.thumb
  70              		.syntax unified
  71              	.L3:
  72              	.LBE114:
  73              	.LBE113:
1734:Middlewares/Third_Party/FreeRTOS/Source/tasks.c **** 
  74              		.loc 1 1734 3 discriminator 3 view .LVU14
1734:Middlewares/Third_Party/FreeRTOS/Source/tasks.c **** 
  75              		.loc 1 1734 3 discriminator 3 view .LVU15
  76 001e FEE7     		b	.L3
  77              	.L9:
1738:Middlewares/Third_Party/FreeRTOS/Source/tasks.c **** 		{
1739:Middlewares/Third_Party/FreeRTOS/Source/tasks.c **** 			/* Has the task already been resumed from within an ISR? */
1740:Middlewares/Third_Party/FreeRTOS/Source/tasks.c **** 			if( listIS_CONTAINED_WITHIN( &xPendingReadyList, &( pxTCB->xEventListItem ) ) == pdFALSE )
  78              		.loc 1 1740 4 view .LVU16
  79              		.loc 1 1740 8 is_stmt 0 view .LVU17
  80 0020 836A     		ldr	r3, [r0, #40]
  81              		.loc 1 1740 6 view .LVU18
  82 0022 064A     		ldr	r2, .L10+4
  83 0024 9342     		cmp	r3, r2
  84 0026 02D0     		beq	.L6
1741:Middlewares/Third_Party/FreeRTOS/Source/tasks.c **** 			{
1742:Middlewares/Third_Party/FreeRTOS/Source/tasks.c **** 				/* Is it in the suspended list because it is in the	Suspended
1743:Middlewares/Third_Party/FreeRTOS/Source/tasks.c **** 				state, or because is is blocked with no timeout? */
1744:Middlewares/Third_Party/FreeRTOS/Source/tasks.c **** 				if( listIS_CONTAINED_WITHIN( NULL, &( pxTCB->xEventListItem ) ) != pdFALSE ) /*lint !e961.  The
  85              		.loc 1 1744 5 is_stmt 1 view .LVU19
  86              		.loc 1 1744 69 is_stmt 0 view .LVU20
  87 0028 1BB1     		cbz	r3, .L7
1727:Middlewares/Third_Party/FreeRTOS/Source/tasks.c **** 	const TCB_t * const pxTCB = ( TCB_t * ) xTask;
  88              		.loc 1 1727 13 view .LVU21
  89 002a 0020     		movs	r0, #0
  90              	.LVL3:
1727:Middlewares/Third_Party/FreeRTOS/Source/tasks.c **** 	const TCB_t * const pxTCB = ( TCB_t * ) xTask;
  91              		.loc 1 1727 13 view .LVU22
  92 002c 7047     		bx	lr
  93              	.LVL4:
  94              	.L6:
1727:Middlewares/Third_Party/FreeRTOS/Source/tasks.c **** 	const TCB_t * const pxTCB = ( TCB_t * ) xTask;
  95              		.loc 1 1727 13 view .LVU23
  96 002e 0020     		movs	r0, #0
  97              	.LVL5:
1727:Middlewares/Third_Party/FreeRTOS/Source/tasks.c **** 	const TCB_t * const pxTCB = ( TCB_t * ) xTask;
  98              		.loc 1 1727 13 view .LVU24
  99 0030 7047     		bx	lr
 100              	.LVL6:
 101              	.L7:
1745:Middlewares/Third_Party/FreeRTOS/Source/tasks.c **** 				{
1746:Middlewares/Third_Party/FreeRTOS/Source/tasks.c **** 					xReturn = pdTRUE;
 102              		.loc 1 1746 14 view .LVU25
 103 0032 0120     		movs	r0, #1
ARM GAS  /tmp/ccZZCKwI.s 			page 37


 104              	.LVL7:
1747:Middlewares/Third_Party/FreeRTOS/Source/tasks.c **** 				}
1748:Middlewares/Third_Party/FreeRTOS/Source/tasks.c **** 				else
1749:Middlewares/Third_Party/FreeRTOS/Source/tasks.c **** 				{
1750:Middlewares/Third_Party/FreeRTOS/Source/tasks.c **** 					mtCOVERAGE_TEST_MARKER();
1751:Middlewares/Third_Party/FreeRTOS/Source/tasks.c **** 				}
1752:Middlewares/Third_Party/FreeRTOS/Source/tasks.c **** 			}
1753:Middlewares/Third_Party/FreeRTOS/Source/tasks.c **** 			else
1754:Middlewares/Third_Party/FreeRTOS/Source/tasks.c **** 			{
1755:Middlewares/Third_Party/FreeRTOS/Source/tasks.c **** 				mtCOVERAGE_TEST_MARKER();
1756:Middlewares/Third_Party/FreeRTOS/Source/tasks.c **** 			}
1757:Middlewares/Third_Party/FreeRTOS/Source/tasks.c **** 		}
1758:Middlewares/Third_Party/FreeRTOS/Source/tasks.c **** 		else
1759:Middlewares/Third_Party/FreeRTOS/Source/tasks.c **** 		{
1760:Middlewares/Third_Party/FreeRTOS/Source/tasks.c **** 			mtCOVERAGE_TEST_MARKER();
 105              		.loc 1 1760 28 is_stmt 1 view .LVU26
1761:Middlewares/Third_Party/FreeRTOS/Source/tasks.c **** 		}
1762:Middlewares/Third_Party/FreeRTOS/Source/tasks.c **** 
1763:Middlewares/Third_Party/FreeRTOS/Source/tasks.c **** 		return xReturn;
 106              		.loc 1 1763 3 view .LVU27
1764:Middlewares/Third_Party/FreeRTOS/Source/tasks.c **** 	} /*lint !e818 xTask cannot be a pointer to const because it is a typedef. */
 107              		.loc 1 1764 2 is_stmt 0 view .LVU28
 108 0034 7047     		bx	lr
 109              	.L11:
 110 0036 00BF     		.align	2
 111              	.L10:
 112 0038 00000000 		.word	xSuspendedTaskList
 113 003c 00000000 		.word	xPendingReadyList
 114              		.cfi_endproc
 115              	.LFE16:
 117              		.section	.text.prvTaskCheckFreeStackSpace,"ax",%progbits
 118              		.align	1
 119              		.syntax unified
 120              		.thumb
 121              		.thumb_func
 123              	prvTaskCheckFreeStackSpace:
 124              	.LVL8:
 125              	.LFB46:
1765:Middlewares/Third_Party/FreeRTOS/Source/tasks.c **** 
1766:Middlewares/Third_Party/FreeRTOS/Source/tasks.c **** #endif /* INCLUDE_vTaskSuspend */
1767:Middlewares/Third_Party/FreeRTOS/Source/tasks.c **** /*-----------------------------------------------------------*/
1768:Middlewares/Third_Party/FreeRTOS/Source/tasks.c **** 
1769:Middlewares/Third_Party/FreeRTOS/Source/tasks.c **** #if ( INCLUDE_vTaskSuspend == 1 )
1770:Middlewares/Third_Party/FreeRTOS/Source/tasks.c **** 
1771:Middlewares/Third_Party/FreeRTOS/Source/tasks.c **** 	void vTaskResume( TaskHandle_t xTaskToResume )
1772:Middlewares/Third_Party/FreeRTOS/Source/tasks.c **** 	{
1773:Middlewares/Third_Party/FreeRTOS/Source/tasks.c **** 	TCB_t * const pxTCB = ( TCB_t * ) xTaskToResume;
1774:Middlewares/Third_Party/FreeRTOS/Source/tasks.c **** 
1775:Middlewares/Third_Party/FreeRTOS/Source/tasks.c **** 		/* It does not make sense to resume the calling task. */
1776:Middlewares/Third_Party/FreeRTOS/Source/tasks.c **** 		configASSERT( xTaskToResume );
1777:Middlewares/Third_Party/FreeRTOS/Source/tasks.c **** 
1778:Middlewares/Third_Party/FreeRTOS/Source/tasks.c **** 		/* The parameter cannot be NULL as it is impossible to resume the
1779:Middlewares/Third_Party/FreeRTOS/Source/tasks.c **** 		currently executing task. */
1780:Middlewares/Third_Party/FreeRTOS/Source/tasks.c **** 		if( ( pxTCB != NULL ) && ( pxTCB != pxCurrentTCB ) )
1781:Middlewares/Third_Party/FreeRTOS/Source/tasks.c **** 		{
1782:Middlewares/Third_Party/FreeRTOS/Source/tasks.c **** 			taskENTER_CRITICAL();
1783:Middlewares/Third_Party/FreeRTOS/Source/tasks.c **** 			{
ARM GAS  /tmp/ccZZCKwI.s 			page 38


1784:Middlewares/Third_Party/FreeRTOS/Source/tasks.c **** 				if( prvTaskIsTaskSuspended( pxTCB ) != pdFALSE )
1785:Middlewares/Third_Party/FreeRTOS/Source/tasks.c **** 				{
1786:Middlewares/Third_Party/FreeRTOS/Source/tasks.c **** 					traceTASK_RESUME( pxTCB );
1787:Middlewares/Third_Party/FreeRTOS/Source/tasks.c **** 
1788:Middlewares/Third_Party/FreeRTOS/Source/tasks.c **** 					/* The ready list can be accessed even if the scheduler is
1789:Middlewares/Third_Party/FreeRTOS/Source/tasks.c **** 					suspended because this is inside a critical section. */
1790:Middlewares/Third_Party/FreeRTOS/Source/tasks.c **** 					( void ) uxListRemove(  &( pxTCB->xStateListItem ) );
1791:Middlewares/Third_Party/FreeRTOS/Source/tasks.c **** 					prvAddTaskToReadyList( pxTCB );
1792:Middlewares/Third_Party/FreeRTOS/Source/tasks.c **** 
1793:Middlewares/Third_Party/FreeRTOS/Source/tasks.c **** 					/* A higher priority task may have just been resumed. */
1794:Middlewares/Third_Party/FreeRTOS/Source/tasks.c **** 					if( pxTCB->uxPriority >= pxCurrentTCB->uxPriority )
1795:Middlewares/Third_Party/FreeRTOS/Source/tasks.c **** 					{
1796:Middlewares/Third_Party/FreeRTOS/Source/tasks.c **** 						/* This yield may not cause the task just resumed to run,
1797:Middlewares/Third_Party/FreeRTOS/Source/tasks.c **** 						but will leave the lists in the correct state for the
1798:Middlewares/Third_Party/FreeRTOS/Source/tasks.c **** 						next yield. */
1799:Middlewares/Third_Party/FreeRTOS/Source/tasks.c **** 						taskYIELD_IF_USING_PREEMPTION();
1800:Middlewares/Third_Party/FreeRTOS/Source/tasks.c **** 					}
1801:Middlewares/Third_Party/FreeRTOS/Source/tasks.c **** 					else
1802:Middlewares/Third_Party/FreeRTOS/Source/tasks.c **** 					{
1803:Middlewares/Third_Party/FreeRTOS/Source/tasks.c **** 						mtCOVERAGE_TEST_MARKER();
1804:Middlewares/Third_Party/FreeRTOS/Source/tasks.c **** 					}
1805:Middlewares/Third_Party/FreeRTOS/Source/tasks.c **** 				}
1806:Middlewares/Third_Party/FreeRTOS/Source/tasks.c **** 				else
1807:Middlewares/Third_Party/FreeRTOS/Source/tasks.c **** 				{
1808:Middlewares/Third_Party/FreeRTOS/Source/tasks.c **** 					mtCOVERAGE_TEST_MARKER();
1809:Middlewares/Third_Party/FreeRTOS/Source/tasks.c **** 				}
1810:Middlewares/Third_Party/FreeRTOS/Source/tasks.c **** 			}
1811:Middlewares/Third_Party/FreeRTOS/Source/tasks.c **** 			taskEXIT_CRITICAL();
1812:Middlewares/Third_Party/FreeRTOS/Source/tasks.c **** 		}
1813:Middlewares/Third_Party/FreeRTOS/Source/tasks.c **** 		else
1814:Middlewares/Third_Party/FreeRTOS/Source/tasks.c **** 		{
1815:Middlewares/Third_Party/FreeRTOS/Source/tasks.c **** 			mtCOVERAGE_TEST_MARKER();
1816:Middlewares/Third_Party/FreeRTOS/Source/tasks.c **** 		}
1817:Middlewares/Third_Party/FreeRTOS/Source/tasks.c **** 	}
1818:Middlewares/Third_Party/FreeRTOS/Source/tasks.c **** 
1819:Middlewares/Third_Party/FreeRTOS/Source/tasks.c **** #endif /* INCLUDE_vTaskSuspend */
1820:Middlewares/Third_Party/FreeRTOS/Source/tasks.c **** 
1821:Middlewares/Third_Party/FreeRTOS/Source/tasks.c **** /*-----------------------------------------------------------*/
1822:Middlewares/Third_Party/FreeRTOS/Source/tasks.c **** 
1823:Middlewares/Third_Party/FreeRTOS/Source/tasks.c **** #if ( ( INCLUDE_xTaskResumeFromISR == 1 ) && ( INCLUDE_vTaskSuspend == 1 ) )
1824:Middlewares/Third_Party/FreeRTOS/Source/tasks.c **** 
1825:Middlewares/Third_Party/FreeRTOS/Source/tasks.c **** 	BaseType_t xTaskResumeFromISR( TaskHandle_t xTaskToResume )
1826:Middlewares/Third_Party/FreeRTOS/Source/tasks.c **** 	{
1827:Middlewares/Third_Party/FreeRTOS/Source/tasks.c **** 	BaseType_t xYieldRequired = pdFALSE;
1828:Middlewares/Third_Party/FreeRTOS/Source/tasks.c **** 	TCB_t * const pxTCB = ( TCB_t * ) xTaskToResume;
1829:Middlewares/Third_Party/FreeRTOS/Source/tasks.c **** 	UBaseType_t uxSavedInterruptStatus;
1830:Middlewares/Third_Party/FreeRTOS/Source/tasks.c **** 
1831:Middlewares/Third_Party/FreeRTOS/Source/tasks.c **** 		configASSERT( xTaskToResume );
1832:Middlewares/Third_Party/FreeRTOS/Source/tasks.c **** 
1833:Middlewares/Third_Party/FreeRTOS/Source/tasks.c **** 		/* RTOS ports that support interrupt nesting have the concept of a
1834:Middlewares/Third_Party/FreeRTOS/Source/tasks.c **** 		maximum	system call (or maximum API call) interrupt priority.
1835:Middlewares/Third_Party/FreeRTOS/Source/tasks.c **** 		Interrupts that are	above the maximum system call priority are keep
1836:Middlewares/Third_Party/FreeRTOS/Source/tasks.c **** 		permanently enabled, even when the RTOS kernel is in a critical section,
1837:Middlewares/Third_Party/FreeRTOS/Source/tasks.c **** 		but cannot make any calls to FreeRTOS API functions.  If configASSERT()
1838:Middlewares/Third_Party/FreeRTOS/Source/tasks.c **** 		is defined in FreeRTOSConfig.h then
1839:Middlewares/Third_Party/FreeRTOS/Source/tasks.c **** 		portASSERT_IF_INTERRUPT_PRIORITY_INVALID() will result in an assertion
1840:Middlewares/Third_Party/FreeRTOS/Source/tasks.c **** 		failure if a FreeRTOS API function is called from an interrupt that has
ARM GAS  /tmp/ccZZCKwI.s 			page 39


1841:Middlewares/Third_Party/FreeRTOS/Source/tasks.c **** 		been assigned a priority above the configured maximum system call
1842:Middlewares/Third_Party/FreeRTOS/Source/tasks.c **** 		priority.  Only FreeRTOS functions that end in FromISR can be called
1843:Middlewares/Third_Party/FreeRTOS/Source/tasks.c **** 		from interrupts	that have been assigned a priority at or (logically)
1844:Middlewares/Third_Party/FreeRTOS/Source/tasks.c **** 		below the maximum system call interrupt priority.  FreeRTOS maintains a
1845:Middlewares/Third_Party/FreeRTOS/Source/tasks.c **** 		separate interrupt safe API to ensure interrupt entry is as fast and as
1846:Middlewares/Third_Party/FreeRTOS/Source/tasks.c **** 		simple as possible.  More information (albeit Cortex-M specific) is
1847:Middlewares/Third_Party/FreeRTOS/Source/tasks.c **** 		provided on the following link:
1848:Middlewares/Third_Party/FreeRTOS/Source/tasks.c **** 		http://www.freertos.org/RTOS-Cortex-M3-M4.html */
1849:Middlewares/Third_Party/FreeRTOS/Source/tasks.c **** 		portASSERT_IF_INTERRUPT_PRIORITY_INVALID();
1850:Middlewares/Third_Party/FreeRTOS/Source/tasks.c **** 
1851:Middlewares/Third_Party/FreeRTOS/Source/tasks.c **** 		uxSavedInterruptStatus = portSET_INTERRUPT_MASK_FROM_ISR();
1852:Middlewares/Third_Party/FreeRTOS/Source/tasks.c **** 		{
1853:Middlewares/Third_Party/FreeRTOS/Source/tasks.c **** 			if( prvTaskIsTaskSuspended( pxTCB ) != pdFALSE )
1854:Middlewares/Third_Party/FreeRTOS/Source/tasks.c **** 			{
1855:Middlewares/Third_Party/FreeRTOS/Source/tasks.c **** 				traceTASK_RESUME_FROM_ISR( pxTCB );
1856:Middlewares/Third_Party/FreeRTOS/Source/tasks.c **** 
1857:Middlewares/Third_Party/FreeRTOS/Source/tasks.c **** 				/* Check the ready lists can be accessed. */
1858:Middlewares/Third_Party/FreeRTOS/Source/tasks.c **** 				if( uxSchedulerSuspended == ( UBaseType_t ) pdFALSE )
1859:Middlewares/Third_Party/FreeRTOS/Source/tasks.c **** 				{
1860:Middlewares/Third_Party/FreeRTOS/Source/tasks.c **** 					/* Ready lists can be accessed so move the task from the
1861:Middlewares/Third_Party/FreeRTOS/Source/tasks.c **** 					suspended list to the ready list directly. */
1862:Middlewares/Third_Party/FreeRTOS/Source/tasks.c **** 					if( pxTCB->uxPriority >= pxCurrentTCB->uxPriority )
1863:Middlewares/Third_Party/FreeRTOS/Source/tasks.c **** 					{
1864:Middlewares/Third_Party/FreeRTOS/Source/tasks.c **** 						xYieldRequired = pdTRUE;
1865:Middlewares/Third_Party/FreeRTOS/Source/tasks.c **** 					}
1866:Middlewares/Third_Party/FreeRTOS/Source/tasks.c **** 					else
1867:Middlewares/Third_Party/FreeRTOS/Source/tasks.c **** 					{
1868:Middlewares/Third_Party/FreeRTOS/Source/tasks.c **** 						mtCOVERAGE_TEST_MARKER();
1869:Middlewares/Third_Party/FreeRTOS/Source/tasks.c **** 					}
1870:Middlewares/Third_Party/FreeRTOS/Source/tasks.c **** 
1871:Middlewares/Third_Party/FreeRTOS/Source/tasks.c **** 					( void ) uxListRemove( &( pxTCB->xStateListItem ) );
1872:Middlewares/Third_Party/FreeRTOS/Source/tasks.c **** 					prvAddTaskToReadyList( pxTCB );
1873:Middlewares/Third_Party/FreeRTOS/Source/tasks.c **** 				}
1874:Middlewares/Third_Party/FreeRTOS/Source/tasks.c **** 				else
1875:Middlewares/Third_Party/FreeRTOS/Source/tasks.c **** 				{
1876:Middlewares/Third_Party/FreeRTOS/Source/tasks.c **** 					/* The delayed or ready lists cannot be accessed so the task
1877:Middlewares/Third_Party/FreeRTOS/Source/tasks.c **** 					is held in the pending ready list until the scheduler is
1878:Middlewares/Third_Party/FreeRTOS/Source/tasks.c **** 					unsuspended. */
1879:Middlewares/Third_Party/FreeRTOS/Source/tasks.c **** 					vListInsertEnd( &( xPendingReadyList ), &( pxTCB->xEventListItem ) );
1880:Middlewares/Third_Party/FreeRTOS/Source/tasks.c **** 				}
1881:Middlewares/Third_Party/FreeRTOS/Source/tasks.c **** 			}
1882:Middlewares/Third_Party/FreeRTOS/Source/tasks.c **** 			else
1883:Middlewares/Third_Party/FreeRTOS/Source/tasks.c **** 			{
1884:Middlewares/Third_Party/FreeRTOS/Source/tasks.c **** 				mtCOVERAGE_TEST_MARKER();
1885:Middlewares/Third_Party/FreeRTOS/Source/tasks.c **** 			}
1886:Middlewares/Third_Party/FreeRTOS/Source/tasks.c **** 		}
1887:Middlewares/Third_Party/FreeRTOS/Source/tasks.c **** 		portCLEAR_INTERRUPT_MASK_FROM_ISR( uxSavedInterruptStatus );
1888:Middlewares/Third_Party/FreeRTOS/Source/tasks.c **** 
1889:Middlewares/Third_Party/FreeRTOS/Source/tasks.c **** 		return xYieldRequired;
1890:Middlewares/Third_Party/FreeRTOS/Source/tasks.c **** 	}
1891:Middlewares/Third_Party/FreeRTOS/Source/tasks.c **** 
1892:Middlewares/Third_Party/FreeRTOS/Source/tasks.c **** #endif /* ( ( INCLUDE_xTaskResumeFromISR == 1 ) && ( INCLUDE_vTaskSuspend == 1 ) ) */
1893:Middlewares/Third_Party/FreeRTOS/Source/tasks.c **** /*-----------------------------------------------------------*/
1894:Middlewares/Third_Party/FreeRTOS/Source/tasks.c **** 
1895:Middlewares/Third_Party/FreeRTOS/Source/tasks.c **** void vTaskStartScheduler( void )
1896:Middlewares/Third_Party/FreeRTOS/Source/tasks.c **** {
1897:Middlewares/Third_Party/FreeRTOS/Source/tasks.c **** BaseType_t xReturn;
ARM GAS  /tmp/ccZZCKwI.s 			page 40


1898:Middlewares/Third_Party/FreeRTOS/Source/tasks.c **** 
1899:Middlewares/Third_Party/FreeRTOS/Source/tasks.c **** 	/* Add the idle task at the lowest priority. */
1900:Middlewares/Third_Party/FreeRTOS/Source/tasks.c **** 	#if( configSUPPORT_STATIC_ALLOCATION == 1 )
1901:Middlewares/Third_Party/FreeRTOS/Source/tasks.c **** 	{
1902:Middlewares/Third_Party/FreeRTOS/Source/tasks.c **** 		StaticTask_t *pxIdleTaskTCBBuffer = NULL;
1903:Middlewares/Third_Party/FreeRTOS/Source/tasks.c **** 		StackType_t *pxIdleTaskStackBuffer = NULL;
1904:Middlewares/Third_Party/FreeRTOS/Source/tasks.c **** 		uint32_t ulIdleTaskStackSize;
1905:Middlewares/Third_Party/FreeRTOS/Source/tasks.c **** 
1906:Middlewares/Third_Party/FreeRTOS/Source/tasks.c **** 		/* The Idle task is created using user provided RAM - obtain the
1907:Middlewares/Third_Party/FreeRTOS/Source/tasks.c **** 		address of the RAM then create the idle task. */
1908:Middlewares/Third_Party/FreeRTOS/Source/tasks.c **** 		vApplicationGetIdleTaskMemory( &pxIdleTaskTCBBuffer, &pxIdleTaskStackBuffer, &ulIdleTaskStackSize
1909:Middlewares/Third_Party/FreeRTOS/Source/tasks.c **** 		xIdleTaskHandle = xTaskCreateStatic(	prvIdleTask,
1910:Middlewares/Third_Party/FreeRTOS/Source/tasks.c **** 												configIDLE_TASK_NAME,
1911:Middlewares/Third_Party/FreeRTOS/Source/tasks.c **** 												ulIdleTaskStackSize,
1912:Middlewares/Third_Party/FreeRTOS/Source/tasks.c **** 												( void * ) NULL, /*lint !e961.  The cast is not redundant for all compilers. */
1913:Middlewares/Third_Party/FreeRTOS/Source/tasks.c **** 												( tskIDLE_PRIORITY | portPRIVILEGE_BIT ),
1914:Middlewares/Third_Party/FreeRTOS/Source/tasks.c **** 												pxIdleTaskStackBuffer,
1915:Middlewares/Third_Party/FreeRTOS/Source/tasks.c **** 												pxIdleTaskTCBBuffer ); /*lint !e961 MISRA exception, justified as it is not a redundant
1916:Middlewares/Third_Party/FreeRTOS/Source/tasks.c **** 
1917:Middlewares/Third_Party/FreeRTOS/Source/tasks.c **** 		if( xIdleTaskHandle != NULL )
1918:Middlewares/Third_Party/FreeRTOS/Source/tasks.c **** 		{
1919:Middlewares/Third_Party/FreeRTOS/Source/tasks.c **** 			xReturn = pdPASS;
1920:Middlewares/Third_Party/FreeRTOS/Source/tasks.c **** 		}
1921:Middlewares/Third_Party/FreeRTOS/Source/tasks.c **** 		else
1922:Middlewares/Third_Party/FreeRTOS/Source/tasks.c **** 		{
1923:Middlewares/Third_Party/FreeRTOS/Source/tasks.c **** 			xReturn = pdFAIL;
1924:Middlewares/Third_Party/FreeRTOS/Source/tasks.c **** 		}
1925:Middlewares/Third_Party/FreeRTOS/Source/tasks.c **** 	}
1926:Middlewares/Third_Party/FreeRTOS/Source/tasks.c **** 	#else
1927:Middlewares/Third_Party/FreeRTOS/Source/tasks.c **** 	{
1928:Middlewares/Third_Party/FreeRTOS/Source/tasks.c **** 		/* The Idle task is being created using dynamically allocated RAM. */
1929:Middlewares/Third_Party/FreeRTOS/Source/tasks.c **** 		xReturn = xTaskCreate(	prvIdleTask,
1930:Middlewares/Third_Party/FreeRTOS/Source/tasks.c **** 								configIDLE_TASK_NAME,
1931:Middlewares/Third_Party/FreeRTOS/Source/tasks.c **** 								configMINIMAL_STACK_SIZE,
1932:Middlewares/Third_Party/FreeRTOS/Source/tasks.c **** 								( void * ) NULL,
1933:Middlewares/Third_Party/FreeRTOS/Source/tasks.c **** 								( tskIDLE_PRIORITY | portPRIVILEGE_BIT ),
1934:Middlewares/Third_Party/FreeRTOS/Source/tasks.c **** 								&xIdleTaskHandle ); /*lint !e961 MISRA exception, justified as it is not a redundant explic
1935:Middlewares/Third_Party/FreeRTOS/Source/tasks.c **** 	}
1936:Middlewares/Third_Party/FreeRTOS/Source/tasks.c **** 	#endif /* configSUPPORT_STATIC_ALLOCATION */
1937:Middlewares/Third_Party/FreeRTOS/Source/tasks.c **** 
1938:Middlewares/Third_Party/FreeRTOS/Source/tasks.c **** 	#if ( configUSE_TIMERS == 1 )
1939:Middlewares/Third_Party/FreeRTOS/Source/tasks.c **** 	{
1940:Middlewares/Third_Party/FreeRTOS/Source/tasks.c **** 		if( xReturn == pdPASS )
1941:Middlewares/Third_Party/FreeRTOS/Source/tasks.c **** 		{
1942:Middlewares/Third_Party/FreeRTOS/Source/tasks.c **** 			xReturn = xTimerCreateTimerTask();
1943:Middlewares/Third_Party/FreeRTOS/Source/tasks.c **** 		}
1944:Middlewares/Third_Party/FreeRTOS/Source/tasks.c **** 		else
1945:Middlewares/Third_Party/FreeRTOS/Source/tasks.c **** 		{
1946:Middlewares/Third_Party/FreeRTOS/Source/tasks.c **** 			mtCOVERAGE_TEST_MARKER();
1947:Middlewares/Third_Party/FreeRTOS/Source/tasks.c **** 		}
1948:Middlewares/Third_Party/FreeRTOS/Source/tasks.c **** 	}
1949:Middlewares/Third_Party/FreeRTOS/Source/tasks.c **** 	#endif /* configUSE_TIMERS */
1950:Middlewares/Third_Party/FreeRTOS/Source/tasks.c **** 
1951:Middlewares/Third_Party/FreeRTOS/Source/tasks.c **** 	if( xReturn == pdPASS )
1952:Middlewares/Third_Party/FreeRTOS/Source/tasks.c **** 	{
1953:Middlewares/Third_Party/FreeRTOS/Source/tasks.c **** 		/* freertos_tasks_c_additions_init() should only be called if the user
1954:Middlewares/Third_Party/FreeRTOS/Source/tasks.c **** 		definable macro FREERTOS_TASKS_C_ADDITIONS_INIT() is defined, as that is
ARM GAS  /tmp/ccZZCKwI.s 			page 41


1955:Middlewares/Third_Party/FreeRTOS/Source/tasks.c **** 		the only macro called by the function. */
1956:Middlewares/Third_Party/FreeRTOS/Source/tasks.c **** 		#ifdef FREERTOS_TASKS_C_ADDITIONS_INIT
1957:Middlewares/Third_Party/FreeRTOS/Source/tasks.c **** 		{
1958:Middlewares/Third_Party/FreeRTOS/Source/tasks.c **** 			freertos_tasks_c_additions_init();
1959:Middlewares/Third_Party/FreeRTOS/Source/tasks.c **** 		}
1960:Middlewares/Third_Party/FreeRTOS/Source/tasks.c **** 		#endif
1961:Middlewares/Third_Party/FreeRTOS/Source/tasks.c **** 
1962:Middlewares/Third_Party/FreeRTOS/Source/tasks.c **** 		/* Interrupts are turned off here, to ensure a tick does not occur
1963:Middlewares/Third_Party/FreeRTOS/Source/tasks.c **** 		before or during the call to xPortStartScheduler().  The stacks of
1964:Middlewares/Third_Party/FreeRTOS/Source/tasks.c **** 		the created tasks contain a status word with interrupts switched on
1965:Middlewares/Third_Party/FreeRTOS/Source/tasks.c **** 		so interrupts will automatically get re-enabled when the first task
1966:Middlewares/Third_Party/FreeRTOS/Source/tasks.c **** 		starts to run. */
1967:Middlewares/Third_Party/FreeRTOS/Source/tasks.c **** 		portDISABLE_INTERRUPTS();
1968:Middlewares/Third_Party/FreeRTOS/Source/tasks.c **** 
1969:Middlewares/Third_Party/FreeRTOS/Source/tasks.c **** 		#if ( configUSE_NEWLIB_REENTRANT == 1 )
1970:Middlewares/Third_Party/FreeRTOS/Source/tasks.c **** 		{
1971:Middlewares/Third_Party/FreeRTOS/Source/tasks.c **** 			/* Switch Newlib's _impure_ptr variable to point to the _reent
1972:Middlewares/Third_Party/FreeRTOS/Source/tasks.c **** 			structure specific to the task that will run first. */
1973:Middlewares/Third_Party/FreeRTOS/Source/tasks.c **** 			_impure_ptr = &( pxCurrentTCB->xNewLib_reent );
1974:Middlewares/Third_Party/FreeRTOS/Source/tasks.c **** 		}
1975:Middlewares/Third_Party/FreeRTOS/Source/tasks.c **** 		#endif /* configUSE_NEWLIB_REENTRANT */
1976:Middlewares/Third_Party/FreeRTOS/Source/tasks.c **** 
1977:Middlewares/Third_Party/FreeRTOS/Source/tasks.c **** 		xNextTaskUnblockTime = portMAX_DELAY;
1978:Middlewares/Third_Party/FreeRTOS/Source/tasks.c **** 		xSchedulerRunning = pdTRUE;
1979:Middlewares/Third_Party/FreeRTOS/Source/tasks.c **** 		xTickCount = ( TickType_t ) 0U;
1980:Middlewares/Third_Party/FreeRTOS/Source/tasks.c **** 
1981:Middlewares/Third_Party/FreeRTOS/Source/tasks.c **** 		/* If configGENERATE_RUN_TIME_STATS is defined then the following
1982:Middlewares/Third_Party/FreeRTOS/Source/tasks.c **** 		macro must be defined to configure the timer/counter used to generate
1983:Middlewares/Third_Party/FreeRTOS/Source/tasks.c **** 		the run time counter time base.   NOTE:  If configGENERATE_RUN_TIME_STATS
1984:Middlewares/Third_Party/FreeRTOS/Source/tasks.c **** 		is set to 0 and the following line fails to build then ensure you do not
1985:Middlewares/Third_Party/FreeRTOS/Source/tasks.c **** 		have portCONFIGURE_TIMER_FOR_RUN_TIME_STATS() defined in your
1986:Middlewares/Third_Party/FreeRTOS/Source/tasks.c **** 		FreeRTOSConfig.h file. */
1987:Middlewares/Third_Party/FreeRTOS/Source/tasks.c **** 		portCONFIGURE_TIMER_FOR_RUN_TIME_STATS();
1988:Middlewares/Third_Party/FreeRTOS/Source/tasks.c **** 
1989:Middlewares/Third_Party/FreeRTOS/Source/tasks.c **** 		/* Setting up the timer tick is hardware specific and thus in the
1990:Middlewares/Third_Party/FreeRTOS/Source/tasks.c **** 		portable interface. */
1991:Middlewares/Third_Party/FreeRTOS/Source/tasks.c **** 		if( xPortStartScheduler() != pdFALSE )
1992:Middlewares/Third_Party/FreeRTOS/Source/tasks.c **** 		{
1993:Middlewares/Third_Party/FreeRTOS/Source/tasks.c **** 			/* Should not reach here as if the scheduler is running the
1994:Middlewares/Third_Party/FreeRTOS/Source/tasks.c **** 			function will not return. */
1995:Middlewares/Third_Party/FreeRTOS/Source/tasks.c **** 		}
1996:Middlewares/Third_Party/FreeRTOS/Source/tasks.c **** 		else
1997:Middlewares/Third_Party/FreeRTOS/Source/tasks.c **** 		{
1998:Middlewares/Third_Party/FreeRTOS/Source/tasks.c **** 			/* Should only reach here if a task calls xTaskEndScheduler(). */
1999:Middlewares/Third_Party/FreeRTOS/Source/tasks.c **** 		}
2000:Middlewares/Third_Party/FreeRTOS/Source/tasks.c **** 	}
2001:Middlewares/Third_Party/FreeRTOS/Source/tasks.c **** 	else
2002:Middlewares/Third_Party/FreeRTOS/Source/tasks.c **** 	{
2003:Middlewares/Third_Party/FreeRTOS/Source/tasks.c **** 		/* This line will only be reached if the kernel could not be started,
2004:Middlewares/Third_Party/FreeRTOS/Source/tasks.c **** 		because there was not enough FreeRTOS heap to create the idle task
2005:Middlewares/Third_Party/FreeRTOS/Source/tasks.c **** 		or the timer task. */
2006:Middlewares/Third_Party/FreeRTOS/Source/tasks.c **** 		configASSERT( xReturn != errCOULD_NOT_ALLOCATE_REQUIRED_MEMORY );
2007:Middlewares/Third_Party/FreeRTOS/Source/tasks.c **** 	}
2008:Middlewares/Third_Party/FreeRTOS/Source/tasks.c **** 
2009:Middlewares/Third_Party/FreeRTOS/Source/tasks.c **** 	/* Prevent compiler warnings if INCLUDE_xTaskGetIdleTaskHandle is set to 0,
2010:Middlewares/Third_Party/FreeRTOS/Source/tasks.c **** 	meaning xIdleTaskHandle is not used anywhere else. */
2011:Middlewares/Third_Party/FreeRTOS/Source/tasks.c **** 	( void ) xIdleTaskHandle;
ARM GAS  /tmp/ccZZCKwI.s 			page 42


2012:Middlewares/Third_Party/FreeRTOS/Source/tasks.c **** }
2013:Middlewares/Third_Party/FreeRTOS/Source/tasks.c **** /*-----------------------------------------------------------*/
2014:Middlewares/Third_Party/FreeRTOS/Source/tasks.c **** 
2015:Middlewares/Third_Party/FreeRTOS/Source/tasks.c **** void vTaskEndScheduler( void )
2016:Middlewares/Third_Party/FreeRTOS/Source/tasks.c **** {
2017:Middlewares/Third_Party/FreeRTOS/Source/tasks.c **** 	/* Stop the scheduler interrupts and call the portable scheduler end
2018:Middlewares/Third_Party/FreeRTOS/Source/tasks.c **** 	routine so the original ISRs can be restored if necessary.  The port
2019:Middlewares/Third_Party/FreeRTOS/Source/tasks.c **** 	layer must ensure interrupts enable	bit is left in the correct state. */
2020:Middlewares/Third_Party/FreeRTOS/Source/tasks.c **** 	portDISABLE_INTERRUPTS();
2021:Middlewares/Third_Party/FreeRTOS/Source/tasks.c **** 	xSchedulerRunning = pdFALSE;
2022:Middlewares/Third_Party/FreeRTOS/Source/tasks.c **** 	vPortEndScheduler();
2023:Middlewares/Third_Party/FreeRTOS/Source/tasks.c **** }
2024:Middlewares/Third_Party/FreeRTOS/Source/tasks.c **** /*----------------------------------------------------------*/
2025:Middlewares/Third_Party/FreeRTOS/Source/tasks.c **** 
2026:Middlewares/Third_Party/FreeRTOS/Source/tasks.c **** void vTaskSuspendAll( void )
2027:Middlewares/Third_Party/FreeRTOS/Source/tasks.c **** {
2028:Middlewares/Third_Party/FreeRTOS/Source/tasks.c **** 	/* A critical section is not required as the variable is of type
2029:Middlewares/Third_Party/FreeRTOS/Source/tasks.c **** 	BaseType_t.  Please read Richard Barry's reply in the following link to a
2030:Middlewares/Third_Party/FreeRTOS/Source/tasks.c **** 	post in the FreeRTOS support forum before reporting this as a bug! -
2031:Middlewares/Third_Party/FreeRTOS/Source/tasks.c **** 	http://goo.gl/wu4acr */
2032:Middlewares/Third_Party/FreeRTOS/Source/tasks.c **** 	++uxSchedulerSuspended;
2033:Middlewares/Third_Party/FreeRTOS/Source/tasks.c **** }
2034:Middlewares/Third_Party/FreeRTOS/Source/tasks.c **** /*----------------------------------------------------------*/
2035:Middlewares/Third_Party/FreeRTOS/Source/tasks.c **** 
2036:Middlewares/Third_Party/FreeRTOS/Source/tasks.c **** #if ( configUSE_TICKLESS_IDLE != 0 )
2037:Middlewares/Third_Party/FreeRTOS/Source/tasks.c **** 
2038:Middlewares/Third_Party/FreeRTOS/Source/tasks.c **** 	static TickType_t prvGetExpectedIdleTime( void )
2039:Middlewares/Third_Party/FreeRTOS/Source/tasks.c **** 	{
2040:Middlewares/Third_Party/FreeRTOS/Source/tasks.c **** 	TickType_t xReturn;
2041:Middlewares/Third_Party/FreeRTOS/Source/tasks.c **** 	UBaseType_t uxHigherPriorityReadyTasks = pdFALSE;
2042:Middlewares/Third_Party/FreeRTOS/Source/tasks.c **** 
2043:Middlewares/Third_Party/FreeRTOS/Source/tasks.c **** 		/* uxHigherPriorityReadyTasks takes care of the case where
2044:Middlewares/Third_Party/FreeRTOS/Source/tasks.c **** 		configUSE_PREEMPTION is 0, so there may be tasks above the idle priority
2045:Middlewares/Third_Party/FreeRTOS/Source/tasks.c **** 		task that are in the Ready state, even though the idle task is
2046:Middlewares/Third_Party/FreeRTOS/Source/tasks.c **** 		running. */
2047:Middlewares/Third_Party/FreeRTOS/Source/tasks.c **** 		#if( configUSE_PORT_OPTIMISED_TASK_SELECTION == 0 )
2048:Middlewares/Third_Party/FreeRTOS/Source/tasks.c **** 		{
2049:Middlewares/Third_Party/FreeRTOS/Source/tasks.c **** 			if( uxTopReadyPriority > tskIDLE_PRIORITY )
2050:Middlewares/Third_Party/FreeRTOS/Source/tasks.c **** 			{
2051:Middlewares/Third_Party/FreeRTOS/Source/tasks.c **** 				uxHigherPriorityReadyTasks = pdTRUE;
2052:Middlewares/Third_Party/FreeRTOS/Source/tasks.c **** 			}
2053:Middlewares/Third_Party/FreeRTOS/Source/tasks.c **** 		}
2054:Middlewares/Third_Party/FreeRTOS/Source/tasks.c **** 		#else
2055:Middlewares/Third_Party/FreeRTOS/Source/tasks.c **** 		{
2056:Middlewares/Third_Party/FreeRTOS/Source/tasks.c **** 			const UBaseType_t uxLeastSignificantBit = ( UBaseType_t ) 0x01;
2057:Middlewares/Third_Party/FreeRTOS/Source/tasks.c **** 
2058:Middlewares/Third_Party/FreeRTOS/Source/tasks.c **** 			/* When port optimised task selection is used the uxTopReadyPriority
2059:Middlewares/Third_Party/FreeRTOS/Source/tasks.c **** 			variable is used as a bit map.  If bits other than the least
2060:Middlewares/Third_Party/FreeRTOS/Source/tasks.c **** 			significant bit are set then there are tasks that have a priority
2061:Middlewares/Third_Party/FreeRTOS/Source/tasks.c **** 			above the idle priority that are in the Ready state.  This takes
2062:Middlewares/Third_Party/FreeRTOS/Source/tasks.c **** 			care of the case where the co-operative scheduler is in use. */
2063:Middlewares/Third_Party/FreeRTOS/Source/tasks.c **** 			if( uxTopReadyPriority > uxLeastSignificantBit )
2064:Middlewares/Third_Party/FreeRTOS/Source/tasks.c **** 			{
2065:Middlewares/Third_Party/FreeRTOS/Source/tasks.c **** 				uxHigherPriorityReadyTasks = pdTRUE;
2066:Middlewares/Third_Party/FreeRTOS/Source/tasks.c **** 			}
2067:Middlewares/Third_Party/FreeRTOS/Source/tasks.c **** 		}
2068:Middlewares/Third_Party/FreeRTOS/Source/tasks.c **** 		#endif
ARM GAS  /tmp/ccZZCKwI.s 			page 43


2069:Middlewares/Third_Party/FreeRTOS/Source/tasks.c **** 
2070:Middlewares/Third_Party/FreeRTOS/Source/tasks.c **** 		if( pxCurrentTCB->uxPriority > tskIDLE_PRIORITY )
2071:Middlewares/Third_Party/FreeRTOS/Source/tasks.c **** 		{
2072:Middlewares/Third_Party/FreeRTOS/Source/tasks.c **** 			xReturn = 0;
2073:Middlewares/Third_Party/FreeRTOS/Source/tasks.c **** 		}
2074:Middlewares/Third_Party/FreeRTOS/Source/tasks.c **** 		else if( listCURRENT_LIST_LENGTH( &( pxReadyTasksLists[ tskIDLE_PRIORITY ] ) ) > 1 )
2075:Middlewares/Third_Party/FreeRTOS/Source/tasks.c **** 		{
2076:Middlewares/Third_Party/FreeRTOS/Source/tasks.c **** 			/* There are other idle priority tasks in the ready state.  If
2077:Middlewares/Third_Party/FreeRTOS/Source/tasks.c **** 			time slicing is used then the very next tick interrupt must be
2078:Middlewares/Third_Party/FreeRTOS/Source/tasks.c **** 			processed. */
2079:Middlewares/Third_Party/FreeRTOS/Source/tasks.c **** 			xReturn = 0;
2080:Middlewares/Third_Party/FreeRTOS/Source/tasks.c **** 		}
2081:Middlewares/Third_Party/FreeRTOS/Source/tasks.c **** 		else if( uxHigherPriorityReadyTasks != pdFALSE )
2082:Middlewares/Third_Party/FreeRTOS/Source/tasks.c **** 		{
2083:Middlewares/Third_Party/FreeRTOS/Source/tasks.c **** 			/* There are tasks in the Ready state that have a priority above the
2084:Middlewares/Third_Party/FreeRTOS/Source/tasks.c **** 			idle priority.  This path can only be reached if
2085:Middlewares/Third_Party/FreeRTOS/Source/tasks.c **** 			configUSE_PREEMPTION is 0. */
2086:Middlewares/Third_Party/FreeRTOS/Source/tasks.c **** 			xReturn = 0;
2087:Middlewares/Third_Party/FreeRTOS/Source/tasks.c **** 		}
2088:Middlewares/Third_Party/FreeRTOS/Source/tasks.c **** 		else
2089:Middlewares/Third_Party/FreeRTOS/Source/tasks.c **** 		{
2090:Middlewares/Third_Party/FreeRTOS/Source/tasks.c **** 			xReturn = xNextTaskUnblockTime - xTickCount;
2091:Middlewares/Third_Party/FreeRTOS/Source/tasks.c **** 		}
2092:Middlewares/Third_Party/FreeRTOS/Source/tasks.c **** 
2093:Middlewares/Third_Party/FreeRTOS/Source/tasks.c **** 		return xReturn;
2094:Middlewares/Third_Party/FreeRTOS/Source/tasks.c **** 	}
2095:Middlewares/Third_Party/FreeRTOS/Source/tasks.c **** 
2096:Middlewares/Third_Party/FreeRTOS/Source/tasks.c **** #endif /* configUSE_TICKLESS_IDLE */
2097:Middlewares/Third_Party/FreeRTOS/Source/tasks.c **** /*----------------------------------------------------------*/
2098:Middlewares/Third_Party/FreeRTOS/Source/tasks.c **** 
2099:Middlewares/Third_Party/FreeRTOS/Source/tasks.c **** BaseType_t xTaskResumeAll( void )
2100:Middlewares/Third_Party/FreeRTOS/Source/tasks.c **** {
2101:Middlewares/Third_Party/FreeRTOS/Source/tasks.c **** TCB_t *pxTCB = NULL;
2102:Middlewares/Third_Party/FreeRTOS/Source/tasks.c **** BaseType_t xAlreadyYielded = pdFALSE;
2103:Middlewares/Third_Party/FreeRTOS/Source/tasks.c **** 
2104:Middlewares/Third_Party/FreeRTOS/Source/tasks.c **** 	/* If uxSchedulerSuspended is zero then this function does not match a
2105:Middlewares/Third_Party/FreeRTOS/Source/tasks.c **** 	previous call to vTaskSuspendAll(). */
2106:Middlewares/Third_Party/FreeRTOS/Source/tasks.c **** 	configASSERT( uxSchedulerSuspended );
2107:Middlewares/Third_Party/FreeRTOS/Source/tasks.c **** 
2108:Middlewares/Third_Party/FreeRTOS/Source/tasks.c **** 	/* It is possible that an ISR caused a task to be removed from an event
2109:Middlewares/Third_Party/FreeRTOS/Source/tasks.c **** 	list while the scheduler was suspended.  If this was the case then the
2110:Middlewares/Third_Party/FreeRTOS/Source/tasks.c **** 	removed task will have been added to the xPendingReadyList.  Once the
2111:Middlewares/Third_Party/FreeRTOS/Source/tasks.c **** 	scheduler has been resumed it is safe to move all the pending ready
2112:Middlewares/Third_Party/FreeRTOS/Source/tasks.c **** 	tasks from this list into their appropriate ready list. */
2113:Middlewares/Third_Party/FreeRTOS/Source/tasks.c **** 	taskENTER_CRITICAL();
2114:Middlewares/Third_Party/FreeRTOS/Source/tasks.c **** 	{
2115:Middlewares/Third_Party/FreeRTOS/Source/tasks.c **** 		--uxSchedulerSuspended;
2116:Middlewares/Third_Party/FreeRTOS/Source/tasks.c **** 
2117:Middlewares/Third_Party/FreeRTOS/Source/tasks.c **** 		if( uxSchedulerSuspended == ( UBaseType_t ) pdFALSE )
2118:Middlewares/Third_Party/FreeRTOS/Source/tasks.c **** 		{
2119:Middlewares/Third_Party/FreeRTOS/Source/tasks.c **** 			if( uxCurrentNumberOfTasks > ( UBaseType_t ) 0U )
2120:Middlewares/Third_Party/FreeRTOS/Source/tasks.c **** 			{
2121:Middlewares/Third_Party/FreeRTOS/Source/tasks.c **** 				/* Move any readied tasks from the pending list into the
2122:Middlewares/Third_Party/FreeRTOS/Source/tasks.c **** 				appropriate ready list. */
2123:Middlewares/Third_Party/FreeRTOS/Source/tasks.c **** 				while( listLIST_IS_EMPTY( &xPendingReadyList ) == pdFALSE )
2124:Middlewares/Third_Party/FreeRTOS/Source/tasks.c **** 				{
2125:Middlewares/Third_Party/FreeRTOS/Source/tasks.c **** 					pxTCB = ( TCB_t * ) listGET_OWNER_OF_HEAD_ENTRY( ( &xPendingReadyList ) );
ARM GAS  /tmp/ccZZCKwI.s 			page 44


2126:Middlewares/Third_Party/FreeRTOS/Source/tasks.c **** 					( void ) uxListRemove( &( pxTCB->xEventListItem ) );
2127:Middlewares/Third_Party/FreeRTOS/Source/tasks.c **** 					( void ) uxListRemove( &( pxTCB->xStateListItem ) );
2128:Middlewares/Third_Party/FreeRTOS/Source/tasks.c **** 					prvAddTaskToReadyList( pxTCB );
2129:Middlewares/Third_Party/FreeRTOS/Source/tasks.c **** 
2130:Middlewares/Third_Party/FreeRTOS/Source/tasks.c **** 					/* If the moved task has a priority higher than the current
2131:Middlewares/Third_Party/FreeRTOS/Source/tasks.c **** 					task then a yield must be performed. */
2132:Middlewares/Third_Party/FreeRTOS/Source/tasks.c **** 					if( pxTCB->uxPriority >= pxCurrentTCB->uxPriority )
2133:Middlewares/Third_Party/FreeRTOS/Source/tasks.c **** 					{
2134:Middlewares/Third_Party/FreeRTOS/Source/tasks.c **** 						xYieldPending = pdTRUE;
2135:Middlewares/Third_Party/FreeRTOS/Source/tasks.c **** 					}
2136:Middlewares/Third_Party/FreeRTOS/Source/tasks.c **** 					else
2137:Middlewares/Third_Party/FreeRTOS/Source/tasks.c **** 					{
2138:Middlewares/Third_Party/FreeRTOS/Source/tasks.c **** 						mtCOVERAGE_TEST_MARKER();
2139:Middlewares/Third_Party/FreeRTOS/Source/tasks.c **** 					}
2140:Middlewares/Third_Party/FreeRTOS/Source/tasks.c **** 				}
2141:Middlewares/Third_Party/FreeRTOS/Source/tasks.c **** 
2142:Middlewares/Third_Party/FreeRTOS/Source/tasks.c **** 				if( pxTCB != NULL )
2143:Middlewares/Third_Party/FreeRTOS/Source/tasks.c **** 				{
2144:Middlewares/Third_Party/FreeRTOS/Source/tasks.c **** 					/* A task was unblocked while the scheduler was suspended,
2145:Middlewares/Third_Party/FreeRTOS/Source/tasks.c **** 					which may have prevented the next unblock time from being
2146:Middlewares/Third_Party/FreeRTOS/Source/tasks.c **** 					re-calculated, in which case re-calculate it now.  Mainly
2147:Middlewares/Third_Party/FreeRTOS/Source/tasks.c **** 					important for low power tickless implementations, where
2148:Middlewares/Third_Party/FreeRTOS/Source/tasks.c **** 					this can prevent an unnecessary exit from low power
2149:Middlewares/Third_Party/FreeRTOS/Source/tasks.c **** 					state. */
2150:Middlewares/Third_Party/FreeRTOS/Source/tasks.c **** 					prvResetNextTaskUnblockTime();
2151:Middlewares/Third_Party/FreeRTOS/Source/tasks.c **** 				}
2152:Middlewares/Third_Party/FreeRTOS/Source/tasks.c **** 
2153:Middlewares/Third_Party/FreeRTOS/Source/tasks.c **** 				/* If any ticks occurred while the scheduler was suspended then
2154:Middlewares/Third_Party/FreeRTOS/Source/tasks.c **** 				they should be processed now.  This ensures the tick count does
2155:Middlewares/Third_Party/FreeRTOS/Source/tasks.c **** 				not	slip, and that any delayed tasks are resumed at the correct
2156:Middlewares/Third_Party/FreeRTOS/Source/tasks.c **** 				time. */
2157:Middlewares/Third_Party/FreeRTOS/Source/tasks.c **** 				{
2158:Middlewares/Third_Party/FreeRTOS/Source/tasks.c **** 					UBaseType_t uxPendedCounts = uxPendedTicks; /* Non-volatile copy. */
2159:Middlewares/Third_Party/FreeRTOS/Source/tasks.c **** 
2160:Middlewares/Third_Party/FreeRTOS/Source/tasks.c **** 					if( uxPendedCounts > ( UBaseType_t ) 0U )
2161:Middlewares/Third_Party/FreeRTOS/Source/tasks.c **** 					{
2162:Middlewares/Third_Party/FreeRTOS/Source/tasks.c **** 						do
2163:Middlewares/Third_Party/FreeRTOS/Source/tasks.c **** 						{
2164:Middlewares/Third_Party/FreeRTOS/Source/tasks.c **** 							if( xTaskIncrementTick() != pdFALSE )
2165:Middlewares/Third_Party/FreeRTOS/Source/tasks.c **** 							{
2166:Middlewares/Third_Party/FreeRTOS/Source/tasks.c **** 								xYieldPending = pdTRUE;
2167:Middlewares/Third_Party/FreeRTOS/Source/tasks.c **** 							}
2168:Middlewares/Third_Party/FreeRTOS/Source/tasks.c **** 							else
2169:Middlewares/Third_Party/FreeRTOS/Source/tasks.c **** 							{
2170:Middlewares/Third_Party/FreeRTOS/Source/tasks.c **** 								mtCOVERAGE_TEST_MARKER();
2171:Middlewares/Third_Party/FreeRTOS/Source/tasks.c **** 							}
2172:Middlewares/Third_Party/FreeRTOS/Source/tasks.c **** 							--uxPendedCounts;
2173:Middlewares/Third_Party/FreeRTOS/Source/tasks.c **** 						} while( uxPendedCounts > ( UBaseType_t ) 0U );
2174:Middlewares/Third_Party/FreeRTOS/Source/tasks.c **** 
2175:Middlewares/Third_Party/FreeRTOS/Source/tasks.c **** 						uxPendedTicks = 0;
2176:Middlewares/Third_Party/FreeRTOS/Source/tasks.c **** 					}
2177:Middlewares/Third_Party/FreeRTOS/Source/tasks.c **** 					else
2178:Middlewares/Third_Party/FreeRTOS/Source/tasks.c **** 					{
2179:Middlewares/Third_Party/FreeRTOS/Source/tasks.c **** 						mtCOVERAGE_TEST_MARKER();
2180:Middlewares/Third_Party/FreeRTOS/Source/tasks.c **** 					}
2181:Middlewares/Third_Party/FreeRTOS/Source/tasks.c **** 				}
2182:Middlewares/Third_Party/FreeRTOS/Source/tasks.c **** 
ARM GAS  /tmp/ccZZCKwI.s 			page 45


2183:Middlewares/Third_Party/FreeRTOS/Source/tasks.c **** 				if( xYieldPending != pdFALSE )
2184:Middlewares/Third_Party/FreeRTOS/Source/tasks.c **** 				{
2185:Middlewares/Third_Party/FreeRTOS/Source/tasks.c **** 					#if( configUSE_PREEMPTION != 0 )
2186:Middlewares/Third_Party/FreeRTOS/Source/tasks.c **** 					{
2187:Middlewares/Third_Party/FreeRTOS/Source/tasks.c **** 						xAlreadyYielded = pdTRUE;
2188:Middlewares/Third_Party/FreeRTOS/Source/tasks.c **** 					}
2189:Middlewares/Third_Party/FreeRTOS/Source/tasks.c **** 					#endif
2190:Middlewares/Third_Party/FreeRTOS/Source/tasks.c **** 					taskYIELD_IF_USING_PREEMPTION();
2191:Middlewares/Third_Party/FreeRTOS/Source/tasks.c **** 				}
2192:Middlewares/Third_Party/FreeRTOS/Source/tasks.c **** 				else
2193:Middlewares/Third_Party/FreeRTOS/Source/tasks.c **** 				{
2194:Middlewares/Third_Party/FreeRTOS/Source/tasks.c **** 					mtCOVERAGE_TEST_MARKER();
2195:Middlewares/Third_Party/FreeRTOS/Source/tasks.c **** 				}
2196:Middlewares/Third_Party/FreeRTOS/Source/tasks.c **** 			}
2197:Middlewares/Third_Party/FreeRTOS/Source/tasks.c **** 		}
2198:Middlewares/Third_Party/FreeRTOS/Source/tasks.c **** 		else
2199:Middlewares/Third_Party/FreeRTOS/Source/tasks.c **** 		{
2200:Middlewares/Third_Party/FreeRTOS/Source/tasks.c **** 			mtCOVERAGE_TEST_MARKER();
2201:Middlewares/Third_Party/FreeRTOS/Source/tasks.c **** 		}
2202:Middlewares/Third_Party/FreeRTOS/Source/tasks.c **** 	}
2203:Middlewares/Third_Party/FreeRTOS/Source/tasks.c **** 	taskEXIT_CRITICAL();
2204:Middlewares/Third_Party/FreeRTOS/Source/tasks.c **** 
2205:Middlewares/Third_Party/FreeRTOS/Source/tasks.c **** 	return xAlreadyYielded;
2206:Middlewares/Third_Party/FreeRTOS/Source/tasks.c **** }
2207:Middlewares/Third_Party/FreeRTOS/Source/tasks.c **** /*-----------------------------------------------------------*/
2208:Middlewares/Third_Party/FreeRTOS/Source/tasks.c **** 
2209:Middlewares/Third_Party/FreeRTOS/Source/tasks.c **** TickType_t xTaskGetTickCount( void )
2210:Middlewares/Third_Party/FreeRTOS/Source/tasks.c **** {
2211:Middlewares/Third_Party/FreeRTOS/Source/tasks.c **** TickType_t xTicks;
2212:Middlewares/Third_Party/FreeRTOS/Source/tasks.c **** 
2213:Middlewares/Third_Party/FreeRTOS/Source/tasks.c **** 	/* Critical section required if running on a 16 bit processor. */
2214:Middlewares/Third_Party/FreeRTOS/Source/tasks.c **** 	portTICK_TYPE_ENTER_CRITICAL();
2215:Middlewares/Third_Party/FreeRTOS/Source/tasks.c **** 	{
2216:Middlewares/Third_Party/FreeRTOS/Source/tasks.c **** 		xTicks = xTickCount;
2217:Middlewares/Third_Party/FreeRTOS/Source/tasks.c **** 	}
2218:Middlewares/Third_Party/FreeRTOS/Source/tasks.c **** 	portTICK_TYPE_EXIT_CRITICAL();
2219:Middlewares/Third_Party/FreeRTOS/Source/tasks.c **** 
2220:Middlewares/Third_Party/FreeRTOS/Source/tasks.c **** 	return xTicks;
2221:Middlewares/Third_Party/FreeRTOS/Source/tasks.c **** }
2222:Middlewares/Third_Party/FreeRTOS/Source/tasks.c **** /*-----------------------------------------------------------*/
2223:Middlewares/Third_Party/FreeRTOS/Source/tasks.c **** 
2224:Middlewares/Third_Party/FreeRTOS/Source/tasks.c **** TickType_t xTaskGetTickCountFromISR( void )
2225:Middlewares/Third_Party/FreeRTOS/Source/tasks.c **** {
2226:Middlewares/Third_Party/FreeRTOS/Source/tasks.c **** TickType_t xReturn;
2227:Middlewares/Third_Party/FreeRTOS/Source/tasks.c **** UBaseType_t uxSavedInterruptStatus;
2228:Middlewares/Third_Party/FreeRTOS/Source/tasks.c **** 
2229:Middlewares/Third_Party/FreeRTOS/Source/tasks.c **** 	/* RTOS ports that support interrupt nesting have the concept of a maximum
2230:Middlewares/Third_Party/FreeRTOS/Source/tasks.c **** 	system call (or maximum API call) interrupt priority.  Interrupts that are
2231:Middlewares/Third_Party/FreeRTOS/Source/tasks.c **** 	above the maximum system call priority are kept permanently enabled, even
2232:Middlewares/Third_Party/FreeRTOS/Source/tasks.c **** 	when the RTOS kernel is in a critical section, but cannot make any calls to
2233:Middlewares/Third_Party/FreeRTOS/Source/tasks.c **** 	FreeRTOS API functions.  If configASSERT() is defined in FreeRTOSConfig.h
2234:Middlewares/Third_Party/FreeRTOS/Source/tasks.c **** 	then portASSERT_IF_INTERRUPT_PRIORITY_INVALID() will result in an assertion
2235:Middlewares/Third_Party/FreeRTOS/Source/tasks.c **** 	failure if a FreeRTOS API function is called from an interrupt that has been
2236:Middlewares/Third_Party/FreeRTOS/Source/tasks.c **** 	assigned a priority above the configured maximum system call priority.
2237:Middlewares/Third_Party/FreeRTOS/Source/tasks.c **** 	Only FreeRTOS functions that end in FromISR can be called from interrupts
2238:Middlewares/Third_Party/FreeRTOS/Source/tasks.c **** 	that have been assigned a priority at or (logically) below the maximum
2239:Middlewares/Third_Party/FreeRTOS/Source/tasks.c **** 	system call	interrupt priority.  FreeRTOS maintains a separate interrupt
ARM GAS  /tmp/ccZZCKwI.s 			page 46


2240:Middlewares/Third_Party/FreeRTOS/Source/tasks.c **** 	safe API to ensure interrupt entry is as fast and as simple as possible.
2241:Middlewares/Third_Party/FreeRTOS/Source/tasks.c **** 	More information (albeit Cortex-M specific) is provided on the following
2242:Middlewares/Third_Party/FreeRTOS/Source/tasks.c **** 	link: http://www.freertos.org/RTOS-Cortex-M3-M4.html */
2243:Middlewares/Third_Party/FreeRTOS/Source/tasks.c **** 	portASSERT_IF_INTERRUPT_PRIORITY_INVALID();
2244:Middlewares/Third_Party/FreeRTOS/Source/tasks.c **** 
2245:Middlewares/Third_Party/FreeRTOS/Source/tasks.c **** 	uxSavedInterruptStatus = portTICK_TYPE_SET_INTERRUPT_MASK_FROM_ISR();
2246:Middlewares/Third_Party/FreeRTOS/Source/tasks.c **** 	{
2247:Middlewares/Third_Party/FreeRTOS/Source/tasks.c **** 		xReturn = xTickCount;
2248:Middlewares/Third_Party/FreeRTOS/Source/tasks.c **** 	}
2249:Middlewares/Third_Party/FreeRTOS/Source/tasks.c **** 	portTICK_TYPE_CLEAR_INTERRUPT_MASK_FROM_ISR( uxSavedInterruptStatus );
2250:Middlewares/Third_Party/FreeRTOS/Source/tasks.c **** 
2251:Middlewares/Third_Party/FreeRTOS/Source/tasks.c **** 	return xReturn;
2252:Middlewares/Third_Party/FreeRTOS/Source/tasks.c **** }
2253:Middlewares/Third_Party/FreeRTOS/Source/tasks.c **** /*-----------------------------------------------------------*/
2254:Middlewares/Third_Party/FreeRTOS/Source/tasks.c **** 
2255:Middlewares/Third_Party/FreeRTOS/Source/tasks.c **** UBaseType_t uxTaskGetNumberOfTasks( void )
2256:Middlewares/Third_Party/FreeRTOS/Source/tasks.c **** {
2257:Middlewares/Third_Party/FreeRTOS/Source/tasks.c **** 	/* A critical section is not required because the variables are of type
2258:Middlewares/Third_Party/FreeRTOS/Source/tasks.c **** 	BaseType_t. */
2259:Middlewares/Third_Party/FreeRTOS/Source/tasks.c **** 	return uxCurrentNumberOfTasks;
2260:Middlewares/Third_Party/FreeRTOS/Source/tasks.c **** }
2261:Middlewares/Third_Party/FreeRTOS/Source/tasks.c **** /*-----------------------------------------------------------*/
2262:Middlewares/Third_Party/FreeRTOS/Source/tasks.c **** 
2263:Middlewares/Third_Party/FreeRTOS/Source/tasks.c **** char *pcTaskGetName( TaskHandle_t xTaskToQuery ) /*lint !e971 Unqualified char types are allowed fo
2264:Middlewares/Third_Party/FreeRTOS/Source/tasks.c **** {
2265:Middlewares/Third_Party/FreeRTOS/Source/tasks.c **** TCB_t *pxTCB;
2266:Middlewares/Third_Party/FreeRTOS/Source/tasks.c **** 
2267:Middlewares/Third_Party/FreeRTOS/Source/tasks.c **** 	/* If null is passed in here then the name of the calling task is being
2268:Middlewares/Third_Party/FreeRTOS/Source/tasks.c **** 	queried. */
2269:Middlewares/Third_Party/FreeRTOS/Source/tasks.c **** 	pxTCB = prvGetTCBFromHandle( xTaskToQuery );
2270:Middlewares/Third_Party/FreeRTOS/Source/tasks.c **** 	configASSERT( pxTCB );
2271:Middlewares/Third_Party/FreeRTOS/Source/tasks.c **** 	return &( pxTCB->pcTaskName[ 0 ] );
2272:Middlewares/Third_Party/FreeRTOS/Source/tasks.c **** }
2273:Middlewares/Third_Party/FreeRTOS/Source/tasks.c **** /*-----------------------------------------------------------*/
2274:Middlewares/Third_Party/FreeRTOS/Source/tasks.c **** 
2275:Middlewares/Third_Party/FreeRTOS/Source/tasks.c **** #if ( INCLUDE_xTaskGetHandle == 1 )
2276:Middlewares/Third_Party/FreeRTOS/Source/tasks.c **** 
2277:Middlewares/Third_Party/FreeRTOS/Source/tasks.c **** 	static TCB_t *prvSearchForNameWithinSingleList( List_t *pxList, const char pcNameToQuery[] )
2278:Middlewares/Third_Party/FreeRTOS/Source/tasks.c **** 	{
2279:Middlewares/Third_Party/FreeRTOS/Source/tasks.c **** 	TCB_t *pxNextTCB, *pxFirstTCB, *pxReturn = NULL;
2280:Middlewares/Third_Party/FreeRTOS/Source/tasks.c **** 	UBaseType_t x;
2281:Middlewares/Third_Party/FreeRTOS/Source/tasks.c **** 	char cNextChar;
2282:Middlewares/Third_Party/FreeRTOS/Source/tasks.c **** 
2283:Middlewares/Third_Party/FreeRTOS/Source/tasks.c **** 		/* This function is called with the scheduler suspended. */
2284:Middlewares/Third_Party/FreeRTOS/Source/tasks.c **** 
2285:Middlewares/Third_Party/FreeRTOS/Source/tasks.c **** 		if( listCURRENT_LIST_LENGTH( pxList ) > ( UBaseType_t ) 0 )
2286:Middlewares/Third_Party/FreeRTOS/Source/tasks.c **** 		{
2287:Middlewares/Third_Party/FreeRTOS/Source/tasks.c **** 			listGET_OWNER_OF_NEXT_ENTRY( pxFirstTCB, pxList );
2288:Middlewares/Third_Party/FreeRTOS/Source/tasks.c **** 
2289:Middlewares/Third_Party/FreeRTOS/Source/tasks.c **** 			do
2290:Middlewares/Third_Party/FreeRTOS/Source/tasks.c **** 			{
2291:Middlewares/Third_Party/FreeRTOS/Source/tasks.c **** 				listGET_OWNER_OF_NEXT_ENTRY( pxNextTCB, pxList );
2292:Middlewares/Third_Party/FreeRTOS/Source/tasks.c **** 
2293:Middlewares/Third_Party/FreeRTOS/Source/tasks.c **** 				/* Check each character in the name looking for a match or
2294:Middlewares/Third_Party/FreeRTOS/Source/tasks.c **** 				mismatch. */
2295:Middlewares/Third_Party/FreeRTOS/Source/tasks.c **** 				for( x = ( UBaseType_t ) 0; x < ( UBaseType_t ) configMAX_TASK_NAME_LEN; x++ )
2296:Middlewares/Third_Party/FreeRTOS/Source/tasks.c **** 				{
ARM GAS  /tmp/ccZZCKwI.s 			page 47


2297:Middlewares/Third_Party/FreeRTOS/Source/tasks.c **** 					cNextChar = pxNextTCB->pcTaskName[ x ];
2298:Middlewares/Third_Party/FreeRTOS/Source/tasks.c **** 
2299:Middlewares/Third_Party/FreeRTOS/Source/tasks.c **** 					if( cNextChar != pcNameToQuery[ x ] )
2300:Middlewares/Third_Party/FreeRTOS/Source/tasks.c **** 					{
2301:Middlewares/Third_Party/FreeRTOS/Source/tasks.c **** 						/* Characters didn't match. */
2302:Middlewares/Third_Party/FreeRTOS/Source/tasks.c **** 						break;
2303:Middlewares/Third_Party/FreeRTOS/Source/tasks.c **** 					}
2304:Middlewares/Third_Party/FreeRTOS/Source/tasks.c **** 					else if( cNextChar == 0x00 )
2305:Middlewares/Third_Party/FreeRTOS/Source/tasks.c **** 					{
2306:Middlewares/Third_Party/FreeRTOS/Source/tasks.c **** 						/* Both strings terminated, a match must have been
2307:Middlewares/Third_Party/FreeRTOS/Source/tasks.c **** 						found. */
2308:Middlewares/Third_Party/FreeRTOS/Source/tasks.c **** 						pxReturn = pxNextTCB;
2309:Middlewares/Third_Party/FreeRTOS/Source/tasks.c **** 						break;
2310:Middlewares/Third_Party/FreeRTOS/Source/tasks.c **** 					}
2311:Middlewares/Third_Party/FreeRTOS/Source/tasks.c **** 					else
2312:Middlewares/Third_Party/FreeRTOS/Source/tasks.c **** 					{
2313:Middlewares/Third_Party/FreeRTOS/Source/tasks.c **** 						mtCOVERAGE_TEST_MARKER();
2314:Middlewares/Third_Party/FreeRTOS/Source/tasks.c **** 					}
2315:Middlewares/Third_Party/FreeRTOS/Source/tasks.c **** 				}
2316:Middlewares/Third_Party/FreeRTOS/Source/tasks.c **** 
2317:Middlewares/Third_Party/FreeRTOS/Source/tasks.c **** 				if( pxReturn != NULL )
2318:Middlewares/Third_Party/FreeRTOS/Source/tasks.c **** 				{
2319:Middlewares/Third_Party/FreeRTOS/Source/tasks.c **** 					/* The handle has been found. */
2320:Middlewares/Third_Party/FreeRTOS/Source/tasks.c **** 					break;
2321:Middlewares/Third_Party/FreeRTOS/Source/tasks.c **** 				}
2322:Middlewares/Third_Party/FreeRTOS/Source/tasks.c **** 
2323:Middlewares/Third_Party/FreeRTOS/Source/tasks.c **** 			} while( pxNextTCB != pxFirstTCB );
2324:Middlewares/Third_Party/FreeRTOS/Source/tasks.c **** 		}
2325:Middlewares/Third_Party/FreeRTOS/Source/tasks.c **** 		else
2326:Middlewares/Third_Party/FreeRTOS/Source/tasks.c **** 		{
2327:Middlewares/Third_Party/FreeRTOS/Source/tasks.c **** 			mtCOVERAGE_TEST_MARKER();
2328:Middlewares/Third_Party/FreeRTOS/Source/tasks.c **** 		}
2329:Middlewares/Third_Party/FreeRTOS/Source/tasks.c **** 
2330:Middlewares/Third_Party/FreeRTOS/Source/tasks.c **** 		return pxReturn;
2331:Middlewares/Third_Party/FreeRTOS/Source/tasks.c **** 	}
2332:Middlewares/Third_Party/FreeRTOS/Source/tasks.c **** 
2333:Middlewares/Third_Party/FreeRTOS/Source/tasks.c **** #endif /* INCLUDE_xTaskGetHandle */
2334:Middlewares/Third_Party/FreeRTOS/Source/tasks.c **** /*-----------------------------------------------------------*/
2335:Middlewares/Third_Party/FreeRTOS/Source/tasks.c **** 
2336:Middlewares/Third_Party/FreeRTOS/Source/tasks.c **** #if ( INCLUDE_xTaskGetHandle == 1 )
2337:Middlewares/Third_Party/FreeRTOS/Source/tasks.c **** 
2338:Middlewares/Third_Party/FreeRTOS/Source/tasks.c **** 	TaskHandle_t xTaskGetHandle( const char *pcNameToQuery ) /*lint !e971 Unqualified char types are a
2339:Middlewares/Third_Party/FreeRTOS/Source/tasks.c **** 	{
2340:Middlewares/Third_Party/FreeRTOS/Source/tasks.c **** 	UBaseType_t uxQueue = configMAX_PRIORITIES;
2341:Middlewares/Third_Party/FreeRTOS/Source/tasks.c **** 	TCB_t* pxTCB;
2342:Middlewares/Third_Party/FreeRTOS/Source/tasks.c **** 
2343:Middlewares/Third_Party/FreeRTOS/Source/tasks.c **** 		/* Task names will be truncated to configMAX_TASK_NAME_LEN - 1 bytes. */
2344:Middlewares/Third_Party/FreeRTOS/Source/tasks.c **** 		configASSERT( strlen( pcNameToQuery ) < configMAX_TASK_NAME_LEN );
2345:Middlewares/Third_Party/FreeRTOS/Source/tasks.c **** 
2346:Middlewares/Third_Party/FreeRTOS/Source/tasks.c **** 		vTaskSuspendAll();
2347:Middlewares/Third_Party/FreeRTOS/Source/tasks.c **** 		{
2348:Middlewares/Third_Party/FreeRTOS/Source/tasks.c **** 			/* Search the ready lists. */
2349:Middlewares/Third_Party/FreeRTOS/Source/tasks.c **** 			do
2350:Middlewares/Third_Party/FreeRTOS/Source/tasks.c **** 			{
2351:Middlewares/Third_Party/FreeRTOS/Source/tasks.c **** 				uxQueue--;
2352:Middlewares/Third_Party/FreeRTOS/Source/tasks.c **** 				pxTCB = prvSearchForNameWithinSingleList( ( List_t * ) &( pxReadyTasksLists[ uxQueue ] ), pcNam
2353:Middlewares/Third_Party/FreeRTOS/Source/tasks.c **** 
ARM GAS  /tmp/ccZZCKwI.s 			page 48


2354:Middlewares/Third_Party/FreeRTOS/Source/tasks.c **** 				if( pxTCB != NULL )
2355:Middlewares/Third_Party/FreeRTOS/Source/tasks.c **** 				{
2356:Middlewares/Third_Party/FreeRTOS/Source/tasks.c **** 					/* Found the handle. */
2357:Middlewares/Third_Party/FreeRTOS/Source/tasks.c **** 					break;
2358:Middlewares/Third_Party/FreeRTOS/Source/tasks.c **** 				}
2359:Middlewares/Third_Party/FreeRTOS/Source/tasks.c **** 
2360:Middlewares/Third_Party/FreeRTOS/Source/tasks.c **** 			} while( uxQueue > ( UBaseType_t ) tskIDLE_PRIORITY ); /*lint !e961 MISRA exception as the casts
2361:Middlewares/Third_Party/FreeRTOS/Source/tasks.c **** 
2362:Middlewares/Third_Party/FreeRTOS/Source/tasks.c **** 			/* Search the delayed lists. */
2363:Middlewares/Third_Party/FreeRTOS/Source/tasks.c **** 			if( pxTCB == NULL )
2364:Middlewares/Third_Party/FreeRTOS/Source/tasks.c **** 			{
2365:Middlewares/Third_Party/FreeRTOS/Source/tasks.c **** 				pxTCB = prvSearchForNameWithinSingleList( ( List_t * ) pxDelayedTaskList, pcNameToQuery );
2366:Middlewares/Third_Party/FreeRTOS/Source/tasks.c **** 			}
2367:Middlewares/Third_Party/FreeRTOS/Source/tasks.c **** 
2368:Middlewares/Third_Party/FreeRTOS/Source/tasks.c **** 			if( pxTCB == NULL )
2369:Middlewares/Third_Party/FreeRTOS/Source/tasks.c **** 			{
2370:Middlewares/Third_Party/FreeRTOS/Source/tasks.c **** 				pxTCB = prvSearchForNameWithinSingleList( ( List_t * ) pxOverflowDelayedTaskList, pcNameToQuery
2371:Middlewares/Third_Party/FreeRTOS/Source/tasks.c **** 			}
2372:Middlewares/Third_Party/FreeRTOS/Source/tasks.c **** 
2373:Middlewares/Third_Party/FreeRTOS/Source/tasks.c **** 			#if ( INCLUDE_vTaskSuspend == 1 )
2374:Middlewares/Third_Party/FreeRTOS/Source/tasks.c **** 			{
2375:Middlewares/Third_Party/FreeRTOS/Source/tasks.c **** 				if( pxTCB == NULL )
2376:Middlewares/Third_Party/FreeRTOS/Source/tasks.c **** 				{
2377:Middlewares/Third_Party/FreeRTOS/Source/tasks.c **** 					/* Search the suspended list. */
2378:Middlewares/Third_Party/FreeRTOS/Source/tasks.c **** 					pxTCB = prvSearchForNameWithinSingleList( &xSuspendedTaskList, pcNameToQuery );
2379:Middlewares/Third_Party/FreeRTOS/Source/tasks.c **** 				}
2380:Middlewares/Third_Party/FreeRTOS/Source/tasks.c **** 			}
2381:Middlewares/Third_Party/FreeRTOS/Source/tasks.c **** 			#endif
2382:Middlewares/Third_Party/FreeRTOS/Source/tasks.c **** 
2383:Middlewares/Third_Party/FreeRTOS/Source/tasks.c **** 			#if( INCLUDE_vTaskDelete == 1 )
2384:Middlewares/Third_Party/FreeRTOS/Source/tasks.c **** 			{
2385:Middlewares/Third_Party/FreeRTOS/Source/tasks.c **** 				if( pxTCB == NULL )
2386:Middlewares/Third_Party/FreeRTOS/Source/tasks.c **** 				{
2387:Middlewares/Third_Party/FreeRTOS/Source/tasks.c **** 					/* Search the deleted list. */
2388:Middlewares/Third_Party/FreeRTOS/Source/tasks.c **** 					pxTCB = prvSearchForNameWithinSingleList( &xTasksWaitingTermination, pcNameToQuery );
2389:Middlewares/Third_Party/FreeRTOS/Source/tasks.c **** 				}
2390:Middlewares/Third_Party/FreeRTOS/Source/tasks.c **** 			}
2391:Middlewares/Third_Party/FreeRTOS/Source/tasks.c **** 			#endif
2392:Middlewares/Third_Party/FreeRTOS/Source/tasks.c **** 		}
2393:Middlewares/Third_Party/FreeRTOS/Source/tasks.c **** 		( void ) xTaskResumeAll();
2394:Middlewares/Third_Party/FreeRTOS/Source/tasks.c **** 
2395:Middlewares/Third_Party/FreeRTOS/Source/tasks.c **** 		return ( TaskHandle_t ) pxTCB;
2396:Middlewares/Third_Party/FreeRTOS/Source/tasks.c **** 	}
2397:Middlewares/Third_Party/FreeRTOS/Source/tasks.c **** 
2398:Middlewares/Third_Party/FreeRTOS/Source/tasks.c **** #endif /* INCLUDE_xTaskGetHandle */
2399:Middlewares/Third_Party/FreeRTOS/Source/tasks.c **** /*-----------------------------------------------------------*/
2400:Middlewares/Third_Party/FreeRTOS/Source/tasks.c **** 
2401:Middlewares/Third_Party/FreeRTOS/Source/tasks.c **** #if ( configUSE_TRACE_FACILITY == 1 )
2402:Middlewares/Third_Party/FreeRTOS/Source/tasks.c **** 
2403:Middlewares/Third_Party/FreeRTOS/Source/tasks.c **** 	UBaseType_t uxTaskGetSystemState( TaskStatus_t * const pxTaskStatusArray, const UBaseType_t uxArra
2404:Middlewares/Third_Party/FreeRTOS/Source/tasks.c **** 	{
2405:Middlewares/Third_Party/FreeRTOS/Source/tasks.c **** 	UBaseType_t uxTask = 0, uxQueue = configMAX_PRIORITIES;
2406:Middlewares/Third_Party/FreeRTOS/Source/tasks.c **** 
2407:Middlewares/Third_Party/FreeRTOS/Source/tasks.c **** 		vTaskSuspendAll();
2408:Middlewares/Third_Party/FreeRTOS/Source/tasks.c **** 		{
2409:Middlewares/Third_Party/FreeRTOS/Source/tasks.c **** 			/* Is there a space in the array for each task in the system? */
2410:Middlewares/Third_Party/FreeRTOS/Source/tasks.c **** 			if( uxArraySize >= uxCurrentNumberOfTasks )
ARM GAS  /tmp/ccZZCKwI.s 			page 49


2411:Middlewares/Third_Party/FreeRTOS/Source/tasks.c **** 			{
2412:Middlewares/Third_Party/FreeRTOS/Source/tasks.c **** 				/* Fill in an TaskStatus_t structure with information on each
2413:Middlewares/Third_Party/FreeRTOS/Source/tasks.c **** 				task in the Ready state. */
2414:Middlewares/Third_Party/FreeRTOS/Source/tasks.c **** 				do
2415:Middlewares/Third_Party/FreeRTOS/Source/tasks.c **** 				{
2416:Middlewares/Third_Party/FreeRTOS/Source/tasks.c **** 					uxQueue--;
2417:Middlewares/Third_Party/FreeRTOS/Source/tasks.c **** 					uxTask += prvListTasksWithinSingleList( &( pxTaskStatusArray[ uxTask ] ), &( pxReadyTasksLists
2418:Middlewares/Third_Party/FreeRTOS/Source/tasks.c **** 
2419:Middlewares/Third_Party/FreeRTOS/Source/tasks.c **** 				} while( uxQueue > ( UBaseType_t ) tskIDLE_PRIORITY ); /*lint !e961 MISRA exception as the cast
2420:Middlewares/Third_Party/FreeRTOS/Source/tasks.c **** 
2421:Middlewares/Third_Party/FreeRTOS/Source/tasks.c **** 				/* Fill in an TaskStatus_t structure with information on each
2422:Middlewares/Third_Party/FreeRTOS/Source/tasks.c **** 				task in the Blocked state. */
2423:Middlewares/Third_Party/FreeRTOS/Source/tasks.c **** 				uxTask += prvListTasksWithinSingleList( &( pxTaskStatusArray[ uxTask ] ), ( List_t * ) pxDelaye
2424:Middlewares/Third_Party/FreeRTOS/Source/tasks.c **** 				uxTask += prvListTasksWithinSingleList( &( pxTaskStatusArray[ uxTask ] ), ( List_t * ) pxOverfl
2425:Middlewares/Third_Party/FreeRTOS/Source/tasks.c **** 
2426:Middlewares/Third_Party/FreeRTOS/Source/tasks.c **** 				#if( INCLUDE_vTaskDelete == 1 )
2427:Middlewares/Third_Party/FreeRTOS/Source/tasks.c **** 				{
2428:Middlewares/Third_Party/FreeRTOS/Source/tasks.c **** 					/* Fill in an TaskStatus_t structure with information on
2429:Middlewares/Third_Party/FreeRTOS/Source/tasks.c **** 					each task that has been deleted but not yet cleaned up. */
2430:Middlewares/Third_Party/FreeRTOS/Source/tasks.c **** 					uxTask += prvListTasksWithinSingleList( &( pxTaskStatusArray[ uxTask ] ), &xTasksWaitingTermin
2431:Middlewares/Third_Party/FreeRTOS/Source/tasks.c **** 				}
2432:Middlewares/Third_Party/FreeRTOS/Source/tasks.c **** 				#endif
2433:Middlewares/Third_Party/FreeRTOS/Source/tasks.c **** 
2434:Middlewares/Third_Party/FreeRTOS/Source/tasks.c **** 				#if ( INCLUDE_vTaskSuspend == 1 )
2435:Middlewares/Third_Party/FreeRTOS/Source/tasks.c **** 				{
2436:Middlewares/Third_Party/FreeRTOS/Source/tasks.c **** 					/* Fill in an TaskStatus_t structure with information on
2437:Middlewares/Third_Party/FreeRTOS/Source/tasks.c **** 					each task in the Suspended state. */
2438:Middlewares/Third_Party/FreeRTOS/Source/tasks.c **** 					uxTask += prvListTasksWithinSingleList( &( pxTaskStatusArray[ uxTask ] ), &xSuspendedTaskList,
2439:Middlewares/Third_Party/FreeRTOS/Source/tasks.c **** 				}
2440:Middlewares/Third_Party/FreeRTOS/Source/tasks.c **** 				#endif
2441:Middlewares/Third_Party/FreeRTOS/Source/tasks.c **** 
2442:Middlewares/Third_Party/FreeRTOS/Source/tasks.c **** 				#if ( configGENERATE_RUN_TIME_STATS == 1)
2443:Middlewares/Third_Party/FreeRTOS/Source/tasks.c **** 				{
2444:Middlewares/Third_Party/FreeRTOS/Source/tasks.c **** 					if( pulTotalRunTime != NULL )
2445:Middlewares/Third_Party/FreeRTOS/Source/tasks.c **** 					{
2446:Middlewares/Third_Party/FreeRTOS/Source/tasks.c **** 						#ifdef portALT_GET_RUN_TIME_COUNTER_VALUE
2447:Middlewares/Third_Party/FreeRTOS/Source/tasks.c **** 							portALT_GET_RUN_TIME_COUNTER_VALUE( ( *pulTotalRunTime ) );
2448:Middlewares/Third_Party/FreeRTOS/Source/tasks.c **** 						#else
2449:Middlewares/Third_Party/FreeRTOS/Source/tasks.c **** 							*pulTotalRunTime = portGET_RUN_TIME_COUNTER_VALUE();
2450:Middlewares/Third_Party/FreeRTOS/Source/tasks.c **** 						#endif
2451:Middlewares/Third_Party/FreeRTOS/Source/tasks.c **** 					}
2452:Middlewares/Third_Party/FreeRTOS/Source/tasks.c **** 				}
2453:Middlewares/Third_Party/FreeRTOS/Source/tasks.c **** 				#else
2454:Middlewares/Third_Party/FreeRTOS/Source/tasks.c **** 				{
2455:Middlewares/Third_Party/FreeRTOS/Source/tasks.c **** 					if( pulTotalRunTime != NULL )
2456:Middlewares/Third_Party/FreeRTOS/Source/tasks.c **** 					{
2457:Middlewares/Third_Party/FreeRTOS/Source/tasks.c **** 						*pulTotalRunTime = 0;
2458:Middlewares/Third_Party/FreeRTOS/Source/tasks.c **** 					}
2459:Middlewares/Third_Party/FreeRTOS/Source/tasks.c **** 				}
2460:Middlewares/Third_Party/FreeRTOS/Source/tasks.c **** 				#endif
2461:Middlewares/Third_Party/FreeRTOS/Source/tasks.c **** 			}
2462:Middlewares/Third_Party/FreeRTOS/Source/tasks.c **** 			else
2463:Middlewares/Third_Party/FreeRTOS/Source/tasks.c **** 			{
2464:Middlewares/Third_Party/FreeRTOS/Source/tasks.c **** 				mtCOVERAGE_TEST_MARKER();
2465:Middlewares/Third_Party/FreeRTOS/Source/tasks.c **** 			}
2466:Middlewares/Third_Party/FreeRTOS/Source/tasks.c **** 		}
2467:Middlewares/Third_Party/FreeRTOS/Source/tasks.c **** 		( void ) xTaskResumeAll();
ARM GAS  /tmp/ccZZCKwI.s 			page 50


2468:Middlewares/Third_Party/FreeRTOS/Source/tasks.c **** 
2469:Middlewares/Third_Party/FreeRTOS/Source/tasks.c **** 		return uxTask;
2470:Middlewares/Third_Party/FreeRTOS/Source/tasks.c **** 	}
2471:Middlewares/Third_Party/FreeRTOS/Source/tasks.c **** 
2472:Middlewares/Third_Party/FreeRTOS/Source/tasks.c **** #endif /* configUSE_TRACE_FACILITY */
2473:Middlewares/Third_Party/FreeRTOS/Source/tasks.c **** /*----------------------------------------------------------*/
2474:Middlewares/Third_Party/FreeRTOS/Source/tasks.c **** 
2475:Middlewares/Third_Party/FreeRTOS/Source/tasks.c **** #if ( INCLUDE_xTaskGetIdleTaskHandle == 1 )
2476:Middlewares/Third_Party/FreeRTOS/Source/tasks.c **** 
2477:Middlewares/Third_Party/FreeRTOS/Source/tasks.c **** 	TaskHandle_t xTaskGetIdleTaskHandle( void )
2478:Middlewares/Third_Party/FreeRTOS/Source/tasks.c **** 	{
2479:Middlewares/Third_Party/FreeRTOS/Source/tasks.c **** 		/* If xTaskGetIdleTaskHandle() is called before the scheduler has been
2480:Middlewares/Third_Party/FreeRTOS/Source/tasks.c **** 		started, then xIdleTaskHandle will be NULL. */
2481:Middlewares/Third_Party/FreeRTOS/Source/tasks.c **** 		configASSERT( ( xIdleTaskHandle != NULL ) );
2482:Middlewares/Third_Party/FreeRTOS/Source/tasks.c **** 		return xIdleTaskHandle;
2483:Middlewares/Third_Party/FreeRTOS/Source/tasks.c **** 	}
2484:Middlewares/Third_Party/FreeRTOS/Source/tasks.c **** 
2485:Middlewares/Third_Party/FreeRTOS/Source/tasks.c **** #endif /* INCLUDE_xTaskGetIdleTaskHandle */
2486:Middlewares/Third_Party/FreeRTOS/Source/tasks.c **** /*----------------------------------------------------------*/
2487:Middlewares/Third_Party/FreeRTOS/Source/tasks.c **** 
2488:Middlewares/Third_Party/FreeRTOS/Source/tasks.c **** /* This conditional compilation should use inequality to 0, not equality to 1.
2489:Middlewares/Third_Party/FreeRTOS/Source/tasks.c **** This is to ensure vTaskStepTick() is available when user defined low power mode
2490:Middlewares/Third_Party/FreeRTOS/Source/tasks.c **** implementations require configUSE_TICKLESS_IDLE to be set to a value other than
2491:Middlewares/Third_Party/FreeRTOS/Source/tasks.c **** 1. */
2492:Middlewares/Third_Party/FreeRTOS/Source/tasks.c **** #if ( configUSE_TICKLESS_IDLE != 0 )
2493:Middlewares/Third_Party/FreeRTOS/Source/tasks.c **** 
2494:Middlewares/Third_Party/FreeRTOS/Source/tasks.c **** 	void vTaskStepTick( const TickType_t xTicksToJump )
2495:Middlewares/Third_Party/FreeRTOS/Source/tasks.c **** 	{
2496:Middlewares/Third_Party/FreeRTOS/Source/tasks.c **** 		/* Correct the tick count value after a period during which the tick
2497:Middlewares/Third_Party/FreeRTOS/Source/tasks.c **** 		was suppressed.  Note this does *not* call the tick hook function for
2498:Middlewares/Third_Party/FreeRTOS/Source/tasks.c **** 		each stepped tick. */
2499:Middlewares/Third_Party/FreeRTOS/Source/tasks.c **** 		configASSERT( ( xTickCount + xTicksToJump ) <= xNextTaskUnblockTime );
2500:Middlewares/Third_Party/FreeRTOS/Source/tasks.c **** 		xTickCount += xTicksToJump;
2501:Middlewares/Third_Party/FreeRTOS/Source/tasks.c **** 		traceINCREASE_TICK_COUNT( xTicksToJump );
2502:Middlewares/Third_Party/FreeRTOS/Source/tasks.c **** 	}
2503:Middlewares/Third_Party/FreeRTOS/Source/tasks.c **** 
2504:Middlewares/Third_Party/FreeRTOS/Source/tasks.c **** #endif /* configUSE_TICKLESS_IDLE */
2505:Middlewares/Third_Party/FreeRTOS/Source/tasks.c **** /*----------------------------------------------------------*/
2506:Middlewares/Third_Party/FreeRTOS/Source/tasks.c **** 
2507:Middlewares/Third_Party/FreeRTOS/Source/tasks.c **** #if ( INCLUDE_xTaskAbortDelay == 1 )
2508:Middlewares/Third_Party/FreeRTOS/Source/tasks.c **** 
2509:Middlewares/Third_Party/FreeRTOS/Source/tasks.c **** 	BaseType_t xTaskAbortDelay( TaskHandle_t xTask )
2510:Middlewares/Third_Party/FreeRTOS/Source/tasks.c **** 	{
2511:Middlewares/Third_Party/FreeRTOS/Source/tasks.c **** 	TCB_t *pxTCB = ( TCB_t * ) xTask;
2512:Middlewares/Third_Party/FreeRTOS/Source/tasks.c **** 	BaseType_t xReturn;
2513:Middlewares/Third_Party/FreeRTOS/Source/tasks.c **** 
2514:Middlewares/Third_Party/FreeRTOS/Source/tasks.c **** 		configASSERT( pxTCB );
2515:Middlewares/Third_Party/FreeRTOS/Source/tasks.c **** 
2516:Middlewares/Third_Party/FreeRTOS/Source/tasks.c **** 		vTaskSuspendAll();
2517:Middlewares/Third_Party/FreeRTOS/Source/tasks.c **** 		{
2518:Middlewares/Third_Party/FreeRTOS/Source/tasks.c **** 			/* A task can only be prematurely removed from the Blocked state if
2519:Middlewares/Third_Party/FreeRTOS/Source/tasks.c **** 			it is actually in the Blocked state. */
2520:Middlewares/Third_Party/FreeRTOS/Source/tasks.c **** 			if( eTaskGetState( xTask ) == eBlocked )
2521:Middlewares/Third_Party/FreeRTOS/Source/tasks.c **** 			{
2522:Middlewares/Third_Party/FreeRTOS/Source/tasks.c **** 				xReturn = pdPASS;
2523:Middlewares/Third_Party/FreeRTOS/Source/tasks.c **** 
2524:Middlewares/Third_Party/FreeRTOS/Source/tasks.c **** 				/* Remove the reference to the task from the blocked list.  An
ARM GAS  /tmp/ccZZCKwI.s 			page 51


2525:Middlewares/Third_Party/FreeRTOS/Source/tasks.c **** 				interrupt won't touch the xStateListItem because the
2526:Middlewares/Third_Party/FreeRTOS/Source/tasks.c **** 				scheduler is suspended. */
2527:Middlewares/Third_Party/FreeRTOS/Source/tasks.c **** 				( void ) uxListRemove( &( pxTCB->xStateListItem ) );
2528:Middlewares/Third_Party/FreeRTOS/Source/tasks.c **** 
2529:Middlewares/Third_Party/FreeRTOS/Source/tasks.c **** 				/* Is the task waiting on an event also?  If so remove it from
2530:Middlewares/Third_Party/FreeRTOS/Source/tasks.c **** 				the event list too.  Interrupts can touch the event list item,
2531:Middlewares/Third_Party/FreeRTOS/Source/tasks.c **** 				even though the scheduler is suspended, so a critical section
2532:Middlewares/Third_Party/FreeRTOS/Source/tasks.c **** 				is used. */
2533:Middlewares/Third_Party/FreeRTOS/Source/tasks.c **** 				taskENTER_CRITICAL();
2534:Middlewares/Third_Party/FreeRTOS/Source/tasks.c **** 				{
2535:Middlewares/Third_Party/FreeRTOS/Source/tasks.c **** 					if( listLIST_ITEM_CONTAINER( &( pxTCB->xEventListItem ) ) != NULL )
2536:Middlewares/Third_Party/FreeRTOS/Source/tasks.c **** 					{
2537:Middlewares/Third_Party/FreeRTOS/Source/tasks.c **** 						( void ) uxListRemove( &( pxTCB->xEventListItem ) );
2538:Middlewares/Third_Party/FreeRTOS/Source/tasks.c **** 						pxTCB->ucDelayAborted = pdTRUE;
2539:Middlewares/Third_Party/FreeRTOS/Source/tasks.c **** 					}
2540:Middlewares/Third_Party/FreeRTOS/Source/tasks.c **** 					else
2541:Middlewares/Third_Party/FreeRTOS/Source/tasks.c **** 					{
2542:Middlewares/Third_Party/FreeRTOS/Source/tasks.c **** 						mtCOVERAGE_TEST_MARKER();
2543:Middlewares/Third_Party/FreeRTOS/Source/tasks.c **** 					}
2544:Middlewares/Third_Party/FreeRTOS/Source/tasks.c **** 				}
2545:Middlewares/Third_Party/FreeRTOS/Source/tasks.c **** 				taskEXIT_CRITICAL();
2546:Middlewares/Third_Party/FreeRTOS/Source/tasks.c **** 
2547:Middlewares/Third_Party/FreeRTOS/Source/tasks.c **** 				/* Place the unblocked task into the appropriate ready list. */
2548:Middlewares/Third_Party/FreeRTOS/Source/tasks.c **** 				prvAddTaskToReadyList( pxTCB );
2549:Middlewares/Third_Party/FreeRTOS/Source/tasks.c **** 
2550:Middlewares/Third_Party/FreeRTOS/Source/tasks.c **** 				/* A task being unblocked cannot cause an immediate context
2551:Middlewares/Third_Party/FreeRTOS/Source/tasks.c **** 				switch if preemption is turned off. */
2552:Middlewares/Third_Party/FreeRTOS/Source/tasks.c **** 				#if (  configUSE_PREEMPTION == 1 )
2553:Middlewares/Third_Party/FreeRTOS/Source/tasks.c **** 				{
2554:Middlewares/Third_Party/FreeRTOS/Source/tasks.c **** 					/* Preemption is on, but a context switch should only be
2555:Middlewares/Third_Party/FreeRTOS/Source/tasks.c **** 					performed if the unblocked task has a priority that is
2556:Middlewares/Third_Party/FreeRTOS/Source/tasks.c **** 					equal to or higher than the currently executing task. */
2557:Middlewares/Third_Party/FreeRTOS/Source/tasks.c **** 					if( pxTCB->uxPriority > pxCurrentTCB->uxPriority )
2558:Middlewares/Third_Party/FreeRTOS/Source/tasks.c **** 					{
2559:Middlewares/Third_Party/FreeRTOS/Source/tasks.c **** 						/* Pend the yield to be performed when the scheduler
2560:Middlewares/Third_Party/FreeRTOS/Source/tasks.c **** 						is unsuspended. */
2561:Middlewares/Third_Party/FreeRTOS/Source/tasks.c **** 						xYieldPending = pdTRUE;
2562:Middlewares/Third_Party/FreeRTOS/Source/tasks.c **** 					}
2563:Middlewares/Third_Party/FreeRTOS/Source/tasks.c **** 					else
2564:Middlewares/Third_Party/FreeRTOS/Source/tasks.c **** 					{
2565:Middlewares/Third_Party/FreeRTOS/Source/tasks.c **** 						mtCOVERAGE_TEST_MARKER();
2566:Middlewares/Third_Party/FreeRTOS/Source/tasks.c **** 					}
2567:Middlewares/Third_Party/FreeRTOS/Source/tasks.c **** 				}
2568:Middlewares/Third_Party/FreeRTOS/Source/tasks.c **** 				#endif /* configUSE_PREEMPTION */
2569:Middlewares/Third_Party/FreeRTOS/Source/tasks.c **** 			}
2570:Middlewares/Third_Party/FreeRTOS/Source/tasks.c **** 			else
2571:Middlewares/Third_Party/FreeRTOS/Source/tasks.c **** 			{
2572:Middlewares/Third_Party/FreeRTOS/Source/tasks.c **** 				xReturn = pdFAIL;
2573:Middlewares/Third_Party/FreeRTOS/Source/tasks.c **** 			}
2574:Middlewares/Third_Party/FreeRTOS/Source/tasks.c **** 		}
2575:Middlewares/Third_Party/FreeRTOS/Source/tasks.c **** 		( void ) xTaskResumeAll();
2576:Middlewares/Third_Party/FreeRTOS/Source/tasks.c **** 
2577:Middlewares/Third_Party/FreeRTOS/Source/tasks.c **** 		return xReturn;
2578:Middlewares/Third_Party/FreeRTOS/Source/tasks.c **** 	}
2579:Middlewares/Third_Party/FreeRTOS/Source/tasks.c **** 
2580:Middlewares/Third_Party/FreeRTOS/Source/tasks.c **** #endif /* INCLUDE_xTaskAbortDelay */
2581:Middlewares/Third_Party/FreeRTOS/Source/tasks.c **** /*----------------------------------------------------------*/
ARM GAS  /tmp/ccZZCKwI.s 			page 52


2582:Middlewares/Third_Party/FreeRTOS/Source/tasks.c **** 
2583:Middlewares/Third_Party/FreeRTOS/Source/tasks.c **** BaseType_t xTaskIncrementTick( void )
2584:Middlewares/Third_Party/FreeRTOS/Source/tasks.c **** {
2585:Middlewares/Third_Party/FreeRTOS/Source/tasks.c **** TCB_t * pxTCB;
2586:Middlewares/Third_Party/FreeRTOS/Source/tasks.c **** TickType_t xItemValue;
2587:Middlewares/Third_Party/FreeRTOS/Source/tasks.c **** BaseType_t xSwitchRequired = pdFALSE;
2588:Middlewares/Third_Party/FreeRTOS/Source/tasks.c **** 
2589:Middlewares/Third_Party/FreeRTOS/Source/tasks.c **** 	/* Called by the portable layer each time a tick interrupt occurs.
2590:Middlewares/Third_Party/FreeRTOS/Source/tasks.c **** 	Increments the tick then checks to see if the new tick value will cause any
2591:Middlewares/Third_Party/FreeRTOS/Source/tasks.c **** 	tasks to be unblocked. */
2592:Middlewares/Third_Party/FreeRTOS/Source/tasks.c **** 	traceTASK_INCREMENT_TICK( xTickCount );
2593:Middlewares/Third_Party/FreeRTOS/Source/tasks.c **** 	if( uxSchedulerSuspended == ( UBaseType_t ) pdFALSE )
2594:Middlewares/Third_Party/FreeRTOS/Source/tasks.c **** 	{
2595:Middlewares/Third_Party/FreeRTOS/Source/tasks.c **** 		/* Minor optimisation.  The tick count cannot change in this
2596:Middlewares/Third_Party/FreeRTOS/Source/tasks.c **** 		block. */
2597:Middlewares/Third_Party/FreeRTOS/Source/tasks.c **** 		const TickType_t xConstTickCount = xTickCount + ( TickType_t ) 1;
2598:Middlewares/Third_Party/FreeRTOS/Source/tasks.c **** 
2599:Middlewares/Third_Party/FreeRTOS/Source/tasks.c **** 		/* Increment the RTOS tick, switching the delayed and overflowed
2600:Middlewares/Third_Party/FreeRTOS/Source/tasks.c **** 		delayed lists if it wraps to 0. */
2601:Middlewares/Third_Party/FreeRTOS/Source/tasks.c **** 		xTickCount = xConstTickCount;
2602:Middlewares/Third_Party/FreeRTOS/Source/tasks.c **** 
2603:Middlewares/Third_Party/FreeRTOS/Source/tasks.c **** 		if( xConstTickCount == ( TickType_t ) 0U ) /*lint !e774 'if' does not always evaluate to false as
2604:Middlewares/Third_Party/FreeRTOS/Source/tasks.c **** 		{
2605:Middlewares/Third_Party/FreeRTOS/Source/tasks.c **** 			taskSWITCH_DELAYED_LISTS();
2606:Middlewares/Third_Party/FreeRTOS/Source/tasks.c **** 		}
2607:Middlewares/Third_Party/FreeRTOS/Source/tasks.c **** 		else
2608:Middlewares/Third_Party/FreeRTOS/Source/tasks.c **** 		{
2609:Middlewares/Third_Party/FreeRTOS/Source/tasks.c **** 			mtCOVERAGE_TEST_MARKER();
2610:Middlewares/Third_Party/FreeRTOS/Source/tasks.c **** 		}
2611:Middlewares/Third_Party/FreeRTOS/Source/tasks.c **** 
2612:Middlewares/Third_Party/FreeRTOS/Source/tasks.c **** 		/* See if this tick has made a timeout expire.  Tasks are stored in
2613:Middlewares/Third_Party/FreeRTOS/Source/tasks.c **** 		the	queue in the order of their wake time - meaning once one task
2614:Middlewares/Third_Party/FreeRTOS/Source/tasks.c **** 		has been found whose block time has not expired there is no need to
2615:Middlewares/Third_Party/FreeRTOS/Source/tasks.c **** 		look any further down the list. */
2616:Middlewares/Third_Party/FreeRTOS/Source/tasks.c **** 		if( xConstTickCount >= xNextTaskUnblockTime )
2617:Middlewares/Third_Party/FreeRTOS/Source/tasks.c **** 		{
2618:Middlewares/Third_Party/FreeRTOS/Source/tasks.c **** 			for( ;; )
2619:Middlewares/Third_Party/FreeRTOS/Source/tasks.c **** 			{
2620:Middlewares/Third_Party/FreeRTOS/Source/tasks.c **** 				if( listLIST_IS_EMPTY( pxDelayedTaskList ) != pdFALSE )
2621:Middlewares/Third_Party/FreeRTOS/Source/tasks.c **** 				{
2622:Middlewares/Third_Party/FreeRTOS/Source/tasks.c **** 					/* The delayed list is empty.  Set xNextTaskUnblockTime
2623:Middlewares/Third_Party/FreeRTOS/Source/tasks.c **** 					to the maximum possible value so it is extremely
2624:Middlewares/Third_Party/FreeRTOS/Source/tasks.c **** 					unlikely that the
2625:Middlewares/Third_Party/FreeRTOS/Source/tasks.c **** 					if( xTickCount >= xNextTaskUnblockTime ) test will pass
2626:Middlewares/Third_Party/FreeRTOS/Source/tasks.c **** 					next time through. */
2627:Middlewares/Third_Party/FreeRTOS/Source/tasks.c **** 					xNextTaskUnblockTime = portMAX_DELAY; /*lint !e961 MISRA exception as the casts are only redun
2628:Middlewares/Third_Party/FreeRTOS/Source/tasks.c **** 					break;
2629:Middlewares/Third_Party/FreeRTOS/Source/tasks.c **** 				}
2630:Middlewares/Third_Party/FreeRTOS/Source/tasks.c **** 				else
2631:Middlewares/Third_Party/FreeRTOS/Source/tasks.c **** 				{
2632:Middlewares/Third_Party/FreeRTOS/Source/tasks.c **** 					/* The delayed list is not empty, get the value of the
2633:Middlewares/Third_Party/FreeRTOS/Source/tasks.c **** 					item at the head of the delayed list.  This is the time
2634:Middlewares/Third_Party/FreeRTOS/Source/tasks.c **** 					at which the task at the head of the delayed list must
2635:Middlewares/Third_Party/FreeRTOS/Source/tasks.c **** 					be removed from the Blocked state. */
2636:Middlewares/Third_Party/FreeRTOS/Source/tasks.c **** 					pxTCB = ( TCB_t * ) listGET_OWNER_OF_HEAD_ENTRY( pxDelayedTaskList );
2637:Middlewares/Third_Party/FreeRTOS/Source/tasks.c **** 					xItemValue = listGET_LIST_ITEM_VALUE( &( pxTCB->xStateListItem ) );
2638:Middlewares/Third_Party/FreeRTOS/Source/tasks.c **** 
ARM GAS  /tmp/ccZZCKwI.s 			page 53


2639:Middlewares/Third_Party/FreeRTOS/Source/tasks.c **** 					if( xConstTickCount < xItemValue )
2640:Middlewares/Third_Party/FreeRTOS/Source/tasks.c **** 					{
2641:Middlewares/Third_Party/FreeRTOS/Source/tasks.c **** 						/* It is not time to unblock this item yet, but the
2642:Middlewares/Third_Party/FreeRTOS/Source/tasks.c **** 						item value is the time at which the task at the head
2643:Middlewares/Third_Party/FreeRTOS/Source/tasks.c **** 						of the blocked list must be removed from the Blocked
2644:Middlewares/Third_Party/FreeRTOS/Source/tasks.c **** 						state -	so record the item value in
2645:Middlewares/Third_Party/FreeRTOS/Source/tasks.c **** 						xNextTaskUnblockTime. */
2646:Middlewares/Third_Party/FreeRTOS/Source/tasks.c **** 						xNextTaskUnblockTime = xItemValue;
2647:Middlewares/Third_Party/FreeRTOS/Source/tasks.c **** 						break;
2648:Middlewares/Third_Party/FreeRTOS/Source/tasks.c **** 					}
2649:Middlewares/Third_Party/FreeRTOS/Source/tasks.c **** 					else
2650:Middlewares/Third_Party/FreeRTOS/Source/tasks.c **** 					{
2651:Middlewares/Third_Party/FreeRTOS/Source/tasks.c **** 						mtCOVERAGE_TEST_MARKER();
2652:Middlewares/Third_Party/FreeRTOS/Source/tasks.c **** 					}
2653:Middlewares/Third_Party/FreeRTOS/Source/tasks.c **** 
2654:Middlewares/Third_Party/FreeRTOS/Source/tasks.c **** 					/* It is time to remove the item from the Blocked state. */
2655:Middlewares/Third_Party/FreeRTOS/Source/tasks.c **** 					( void ) uxListRemove( &( pxTCB->xStateListItem ) );
2656:Middlewares/Third_Party/FreeRTOS/Source/tasks.c **** 
2657:Middlewares/Third_Party/FreeRTOS/Source/tasks.c **** 					/* Is the task waiting on an event also?  If so remove
2658:Middlewares/Third_Party/FreeRTOS/Source/tasks.c **** 					it from the event list. */
2659:Middlewares/Third_Party/FreeRTOS/Source/tasks.c **** 					if( listLIST_ITEM_CONTAINER( &( pxTCB->xEventListItem ) ) != NULL )
2660:Middlewares/Third_Party/FreeRTOS/Source/tasks.c **** 					{
2661:Middlewares/Third_Party/FreeRTOS/Source/tasks.c **** 						( void ) uxListRemove( &( pxTCB->xEventListItem ) );
2662:Middlewares/Third_Party/FreeRTOS/Source/tasks.c **** 					}
2663:Middlewares/Third_Party/FreeRTOS/Source/tasks.c **** 					else
2664:Middlewares/Third_Party/FreeRTOS/Source/tasks.c **** 					{
2665:Middlewares/Third_Party/FreeRTOS/Source/tasks.c **** 						mtCOVERAGE_TEST_MARKER();
2666:Middlewares/Third_Party/FreeRTOS/Source/tasks.c **** 					}
2667:Middlewares/Third_Party/FreeRTOS/Source/tasks.c **** 
2668:Middlewares/Third_Party/FreeRTOS/Source/tasks.c **** 					/* Place the unblocked task into the appropriate ready
2669:Middlewares/Third_Party/FreeRTOS/Source/tasks.c **** 					list. */
2670:Middlewares/Third_Party/FreeRTOS/Source/tasks.c **** 					prvAddTaskToReadyList( pxTCB );
2671:Middlewares/Third_Party/FreeRTOS/Source/tasks.c **** 
2672:Middlewares/Third_Party/FreeRTOS/Source/tasks.c **** 					/* A task being unblocked cannot cause an immediate
2673:Middlewares/Third_Party/FreeRTOS/Source/tasks.c **** 					context switch if preemption is turned off. */
2674:Middlewares/Third_Party/FreeRTOS/Source/tasks.c **** 					#if (  configUSE_PREEMPTION == 1 )
2675:Middlewares/Third_Party/FreeRTOS/Source/tasks.c **** 					{
2676:Middlewares/Third_Party/FreeRTOS/Source/tasks.c **** 						/* Preemption is on, but a context switch should
2677:Middlewares/Third_Party/FreeRTOS/Source/tasks.c **** 						only be performed if the unblocked task has a
2678:Middlewares/Third_Party/FreeRTOS/Source/tasks.c **** 						priority that is equal to or higher than the
2679:Middlewares/Third_Party/FreeRTOS/Source/tasks.c **** 						currently executing task. */
2680:Middlewares/Third_Party/FreeRTOS/Source/tasks.c **** 						if( pxTCB->uxPriority >= pxCurrentTCB->uxPriority )
2681:Middlewares/Third_Party/FreeRTOS/Source/tasks.c **** 						{
2682:Middlewares/Third_Party/FreeRTOS/Source/tasks.c **** 							xSwitchRequired = pdTRUE;
2683:Middlewares/Third_Party/FreeRTOS/Source/tasks.c **** 						}
2684:Middlewares/Third_Party/FreeRTOS/Source/tasks.c **** 						else
2685:Middlewares/Third_Party/FreeRTOS/Source/tasks.c **** 						{
2686:Middlewares/Third_Party/FreeRTOS/Source/tasks.c **** 							mtCOVERAGE_TEST_MARKER();
2687:Middlewares/Third_Party/FreeRTOS/Source/tasks.c **** 						}
2688:Middlewares/Third_Party/FreeRTOS/Source/tasks.c **** 					}
2689:Middlewares/Third_Party/FreeRTOS/Source/tasks.c **** 					#endif /* configUSE_PREEMPTION */
2690:Middlewares/Third_Party/FreeRTOS/Source/tasks.c **** 				}
2691:Middlewares/Third_Party/FreeRTOS/Source/tasks.c **** 			}
2692:Middlewares/Third_Party/FreeRTOS/Source/tasks.c **** 		}
2693:Middlewares/Third_Party/FreeRTOS/Source/tasks.c **** 
2694:Middlewares/Third_Party/FreeRTOS/Source/tasks.c **** 		/* Tasks of equal priority to the currently running task will share
2695:Middlewares/Third_Party/FreeRTOS/Source/tasks.c **** 		processing time (time slice) if preemption is on, and the application
ARM GAS  /tmp/ccZZCKwI.s 			page 54


2696:Middlewares/Third_Party/FreeRTOS/Source/tasks.c **** 		writer has not explicitly turned time slicing off. */
2697:Middlewares/Third_Party/FreeRTOS/Source/tasks.c **** 		#if ( ( configUSE_PREEMPTION == 1 ) && ( configUSE_TIME_SLICING == 1 ) )
2698:Middlewares/Third_Party/FreeRTOS/Source/tasks.c **** 		{
2699:Middlewares/Third_Party/FreeRTOS/Source/tasks.c **** 			if( listCURRENT_LIST_LENGTH( &( pxReadyTasksLists[ pxCurrentTCB->uxPriority ] ) ) > ( UBaseType_
2700:Middlewares/Third_Party/FreeRTOS/Source/tasks.c **** 			{
2701:Middlewares/Third_Party/FreeRTOS/Source/tasks.c **** 				xSwitchRequired = pdTRUE;
2702:Middlewares/Third_Party/FreeRTOS/Source/tasks.c **** 			}
2703:Middlewares/Third_Party/FreeRTOS/Source/tasks.c **** 			else
2704:Middlewares/Third_Party/FreeRTOS/Source/tasks.c **** 			{
2705:Middlewares/Third_Party/FreeRTOS/Source/tasks.c **** 				mtCOVERAGE_TEST_MARKER();
2706:Middlewares/Third_Party/FreeRTOS/Source/tasks.c **** 			}
2707:Middlewares/Third_Party/FreeRTOS/Source/tasks.c **** 		}
2708:Middlewares/Third_Party/FreeRTOS/Source/tasks.c **** 		#endif /* ( ( configUSE_PREEMPTION == 1 ) && ( configUSE_TIME_SLICING == 1 ) ) */
2709:Middlewares/Third_Party/FreeRTOS/Source/tasks.c **** 
2710:Middlewares/Third_Party/FreeRTOS/Source/tasks.c **** 		#if ( configUSE_TICK_HOOK == 1 )
2711:Middlewares/Third_Party/FreeRTOS/Source/tasks.c **** 		{
2712:Middlewares/Third_Party/FreeRTOS/Source/tasks.c **** 			/* Guard against the tick hook being called when the pended tick
2713:Middlewares/Third_Party/FreeRTOS/Source/tasks.c **** 			count is being unwound (when the scheduler is being unlocked). */
2714:Middlewares/Third_Party/FreeRTOS/Source/tasks.c **** 			if( uxPendedTicks == ( UBaseType_t ) 0U )
2715:Middlewares/Third_Party/FreeRTOS/Source/tasks.c **** 			{
2716:Middlewares/Third_Party/FreeRTOS/Source/tasks.c **** 				vApplicationTickHook();
2717:Middlewares/Third_Party/FreeRTOS/Source/tasks.c **** 			}
2718:Middlewares/Third_Party/FreeRTOS/Source/tasks.c **** 			else
2719:Middlewares/Third_Party/FreeRTOS/Source/tasks.c **** 			{
2720:Middlewares/Third_Party/FreeRTOS/Source/tasks.c **** 				mtCOVERAGE_TEST_MARKER();
2721:Middlewares/Third_Party/FreeRTOS/Source/tasks.c **** 			}
2722:Middlewares/Third_Party/FreeRTOS/Source/tasks.c **** 		}
2723:Middlewares/Third_Party/FreeRTOS/Source/tasks.c **** 		#endif /* configUSE_TICK_HOOK */
2724:Middlewares/Third_Party/FreeRTOS/Source/tasks.c **** 	}
2725:Middlewares/Third_Party/FreeRTOS/Source/tasks.c **** 	else
2726:Middlewares/Third_Party/FreeRTOS/Source/tasks.c **** 	{
2727:Middlewares/Third_Party/FreeRTOS/Source/tasks.c **** 		++uxPendedTicks;
2728:Middlewares/Third_Party/FreeRTOS/Source/tasks.c **** 
2729:Middlewares/Third_Party/FreeRTOS/Source/tasks.c **** 		/* The tick hook gets called at regular intervals, even if the
2730:Middlewares/Third_Party/FreeRTOS/Source/tasks.c **** 		scheduler is locked. */
2731:Middlewares/Third_Party/FreeRTOS/Source/tasks.c **** 		#if ( configUSE_TICK_HOOK == 1 )
2732:Middlewares/Third_Party/FreeRTOS/Source/tasks.c **** 		{
2733:Middlewares/Third_Party/FreeRTOS/Source/tasks.c **** 			vApplicationTickHook();
2734:Middlewares/Third_Party/FreeRTOS/Source/tasks.c **** 		}
2735:Middlewares/Third_Party/FreeRTOS/Source/tasks.c **** 		#endif
2736:Middlewares/Third_Party/FreeRTOS/Source/tasks.c **** 	}
2737:Middlewares/Third_Party/FreeRTOS/Source/tasks.c **** 
2738:Middlewares/Third_Party/FreeRTOS/Source/tasks.c **** 	#if ( configUSE_PREEMPTION == 1 )
2739:Middlewares/Third_Party/FreeRTOS/Source/tasks.c **** 	{
2740:Middlewares/Third_Party/FreeRTOS/Source/tasks.c **** 		if( xYieldPending != pdFALSE )
2741:Middlewares/Third_Party/FreeRTOS/Source/tasks.c **** 		{
2742:Middlewares/Third_Party/FreeRTOS/Source/tasks.c **** 			xSwitchRequired = pdTRUE;
2743:Middlewares/Third_Party/FreeRTOS/Source/tasks.c **** 		}
2744:Middlewares/Third_Party/FreeRTOS/Source/tasks.c **** 		else
2745:Middlewares/Third_Party/FreeRTOS/Source/tasks.c **** 		{
2746:Middlewares/Third_Party/FreeRTOS/Source/tasks.c **** 			mtCOVERAGE_TEST_MARKER();
2747:Middlewares/Third_Party/FreeRTOS/Source/tasks.c **** 		}
2748:Middlewares/Third_Party/FreeRTOS/Source/tasks.c **** 	}
2749:Middlewares/Third_Party/FreeRTOS/Source/tasks.c **** 	#endif /* configUSE_PREEMPTION */
2750:Middlewares/Third_Party/FreeRTOS/Source/tasks.c **** 
2751:Middlewares/Third_Party/FreeRTOS/Source/tasks.c **** 	return xSwitchRequired;
2752:Middlewares/Third_Party/FreeRTOS/Source/tasks.c **** }
ARM GAS  /tmp/ccZZCKwI.s 			page 55


2753:Middlewares/Third_Party/FreeRTOS/Source/tasks.c **** /*-----------------------------------------------------------*/
2754:Middlewares/Third_Party/FreeRTOS/Source/tasks.c **** 
2755:Middlewares/Third_Party/FreeRTOS/Source/tasks.c **** #if ( configUSE_APPLICATION_TASK_TAG == 1 )
2756:Middlewares/Third_Party/FreeRTOS/Source/tasks.c **** 
2757:Middlewares/Third_Party/FreeRTOS/Source/tasks.c **** 	void vTaskSetApplicationTaskTag( TaskHandle_t xTask, TaskHookFunction_t pxHookFunction )
2758:Middlewares/Third_Party/FreeRTOS/Source/tasks.c **** 	{
2759:Middlewares/Third_Party/FreeRTOS/Source/tasks.c **** 	TCB_t *xTCB;
2760:Middlewares/Third_Party/FreeRTOS/Source/tasks.c **** 
2761:Middlewares/Third_Party/FreeRTOS/Source/tasks.c **** 		/* If xTask is NULL then it is the task hook of the calling task that is
2762:Middlewares/Third_Party/FreeRTOS/Source/tasks.c **** 		getting set. */
2763:Middlewares/Third_Party/FreeRTOS/Source/tasks.c **** 		if( xTask == NULL )
2764:Middlewares/Third_Party/FreeRTOS/Source/tasks.c **** 		{
2765:Middlewares/Third_Party/FreeRTOS/Source/tasks.c **** 			xTCB = ( TCB_t * ) pxCurrentTCB;
2766:Middlewares/Third_Party/FreeRTOS/Source/tasks.c **** 		}
2767:Middlewares/Third_Party/FreeRTOS/Source/tasks.c **** 		else
2768:Middlewares/Third_Party/FreeRTOS/Source/tasks.c **** 		{
2769:Middlewares/Third_Party/FreeRTOS/Source/tasks.c **** 			xTCB = ( TCB_t * ) xTask;
2770:Middlewares/Third_Party/FreeRTOS/Source/tasks.c **** 		}
2771:Middlewares/Third_Party/FreeRTOS/Source/tasks.c **** 
2772:Middlewares/Third_Party/FreeRTOS/Source/tasks.c **** 		/* Save the hook function in the TCB.  A critical section is required as
2773:Middlewares/Third_Party/FreeRTOS/Source/tasks.c **** 		the value can be accessed from an interrupt. */
2774:Middlewares/Third_Party/FreeRTOS/Source/tasks.c **** 		taskENTER_CRITICAL();
2775:Middlewares/Third_Party/FreeRTOS/Source/tasks.c **** 			xTCB->pxTaskTag = pxHookFunction;
2776:Middlewares/Third_Party/FreeRTOS/Source/tasks.c **** 		taskEXIT_CRITICAL();
2777:Middlewares/Third_Party/FreeRTOS/Source/tasks.c **** 	}
2778:Middlewares/Third_Party/FreeRTOS/Source/tasks.c **** 
2779:Middlewares/Third_Party/FreeRTOS/Source/tasks.c **** #endif /* configUSE_APPLICATION_TASK_TAG */
2780:Middlewares/Third_Party/FreeRTOS/Source/tasks.c **** /*-----------------------------------------------------------*/
2781:Middlewares/Third_Party/FreeRTOS/Source/tasks.c **** 
2782:Middlewares/Third_Party/FreeRTOS/Source/tasks.c **** #if ( configUSE_APPLICATION_TASK_TAG == 1 )
2783:Middlewares/Third_Party/FreeRTOS/Source/tasks.c **** 
2784:Middlewares/Third_Party/FreeRTOS/Source/tasks.c **** 	TaskHookFunction_t xTaskGetApplicationTaskTag( TaskHandle_t xTask )
2785:Middlewares/Third_Party/FreeRTOS/Source/tasks.c **** 	{
2786:Middlewares/Third_Party/FreeRTOS/Source/tasks.c **** 	TCB_t *xTCB;
2787:Middlewares/Third_Party/FreeRTOS/Source/tasks.c **** 	TaskHookFunction_t xReturn;
2788:Middlewares/Third_Party/FreeRTOS/Source/tasks.c **** 
2789:Middlewares/Third_Party/FreeRTOS/Source/tasks.c **** 		/* If xTask is NULL then we are setting our own task hook. */
2790:Middlewares/Third_Party/FreeRTOS/Source/tasks.c **** 		if( xTask == NULL )
2791:Middlewares/Third_Party/FreeRTOS/Source/tasks.c **** 		{
2792:Middlewares/Third_Party/FreeRTOS/Source/tasks.c **** 			xTCB = ( TCB_t * ) pxCurrentTCB;
2793:Middlewares/Third_Party/FreeRTOS/Source/tasks.c **** 		}
2794:Middlewares/Third_Party/FreeRTOS/Source/tasks.c **** 		else
2795:Middlewares/Third_Party/FreeRTOS/Source/tasks.c **** 		{
2796:Middlewares/Third_Party/FreeRTOS/Source/tasks.c **** 			xTCB = ( TCB_t * ) xTask;
2797:Middlewares/Third_Party/FreeRTOS/Source/tasks.c **** 		}
2798:Middlewares/Third_Party/FreeRTOS/Source/tasks.c **** 
2799:Middlewares/Third_Party/FreeRTOS/Source/tasks.c **** 		/* Save the hook function in the TCB.  A critical section is required as
2800:Middlewares/Third_Party/FreeRTOS/Source/tasks.c **** 		the value can be accessed from an interrupt. */
2801:Middlewares/Third_Party/FreeRTOS/Source/tasks.c **** 		taskENTER_CRITICAL();
2802:Middlewares/Third_Party/FreeRTOS/Source/tasks.c **** 		{
2803:Middlewares/Third_Party/FreeRTOS/Source/tasks.c **** 			xReturn = xTCB->pxTaskTag;
2804:Middlewares/Third_Party/FreeRTOS/Source/tasks.c **** 		}
2805:Middlewares/Third_Party/FreeRTOS/Source/tasks.c **** 		taskEXIT_CRITICAL();
2806:Middlewares/Third_Party/FreeRTOS/Source/tasks.c **** 
2807:Middlewares/Third_Party/FreeRTOS/Source/tasks.c **** 		return xReturn;
2808:Middlewares/Third_Party/FreeRTOS/Source/tasks.c **** 	}
2809:Middlewares/Third_Party/FreeRTOS/Source/tasks.c **** 
ARM GAS  /tmp/ccZZCKwI.s 			page 56


2810:Middlewares/Third_Party/FreeRTOS/Source/tasks.c **** #endif /* configUSE_APPLICATION_TASK_TAG */
2811:Middlewares/Third_Party/FreeRTOS/Source/tasks.c **** /*-----------------------------------------------------------*/
2812:Middlewares/Third_Party/FreeRTOS/Source/tasks.c **** 
2813:Middlewares/Third_Party/FreeRTOS/Source/tasks.c **** #if ( configUSE_APPLICATION_TASK_TAG == 1 )
2814:Middlewares/Third_Party/FreeRTOS/Source/tasks.c **** 
2815:Middlewares/Third_Party/FreeRTOS/Source/tasks.c **** 	BaseType_t xTaskCallApplicationTaskHook( TaskHandle_t xTask, void *pvParameter )
2816:Middlewares/Third_Party/FreeRTOS/Source/tasks.c **** 	{
2817:Middlewares/Third_Party/FreeRTOS/Source/tasks.c **** 	TCB_t *xTCB;
2818:Middlewares/Third_Party/FreeRTOS/Source/tasks.c **** 	BaseType_t xReturn;
2819:Middlewares/Third_Party/FreeRTOS/Source/tasks.c **** 
2820:Middlewares/Third_Party/FreeRTOS/Source/tasks.c **** 		/* If xTask is NULL then we are calling our own task hook. */
2821:Middlewares/Third_Party/FreeRTOS/Source/tasks.c **** 		if( xTask == NULL )
2822:Middlewares/Third_Party/FreeRTOS/Source/tasks.c **** 		{
2823:Middlewares/Third_Party/FreeRTOS/Source/tasks.c **** 			xTCB = ( TCB_t * ) pxCurrentTCB;
2824:Middlewares/Third_Party/FreeRTOS/Source/tasks.c **** 		}
2825:Middlewares/Third_Party/FreeRTOS/Source/tasks.c **** 		else
2826:Middlewares/Third_Party/FreeRTOS/Source/tasks.c **** 		{
2827:Middlewares/Third_Party/FreeRTOS/Source/tasks.c **** 			xTCB = ( TCB_t * ) xTask;
2828:Middlewares/Third_Party/FreeRTOS/Source/tasks.c **** 		}
2829:Middlewares/Third_Party/FreeRTOS/Source/tasks.c **** 
2830:Middlewares/Third_Party/FreeRTOS/Source/tasks.c **** 		if( xTCB->pxTaskTag != NULL )
2831:Middlewares/Third_Party/FreeRTOS/Source/tasks.c **** 		{
2832:Middlewares/Third_Party/FreeRTOS/Source/tasks.c **** 			xReturn = xTCB->pxTaskTag( pvParameter );
2833:Middlewares/Third_Party/FreeRTOS/Source/tasks.c **** 		}
2834:Middlewares/Third_Party/FreeRTOS/Source/tasks.c **** 		else
2835:Middlewares/Third_Party/FreeRTOS/Source/tasks.c **** 		{
2836:Middlewares/Third_Party/FreeRTOS/Source/tasks.c **** 			xReturn = pdFAIL;
2837:Middlewares/Third_Party/FreeRTOS/Source/tasks.c **** 		}
2838:Middlewares/Third_Party/FreeRTOS/Source/tasks.c **** 
2839:Middlewares/Third_Party/FreeRTOS/Source/tasks.c **** 		return xReturn;
2840:Middlewares/Third_Party/FreeRTOS/Source/tasks.c **** 	}
2841:Middlewares/Third_Party/FreeRTOS/Source/tasks.c **** 
2842:Middlewares/Third_Party/FreeRTOS/Source/tasks.c **** #endif /* configUSE_APPLICATION_TASK_TAG */
2843:Middlewares/Third_Party/FreeRTOS/Source/tasks.c **** /*-----------------------------------------------------------*/
2844:Middlewares/Third_Party/FreeRTOS/Source/tasks.c **** 
2845:Middlewares/Third_Party/FreeRTOS/Source/tasks.c **** void vTaskSwitchContext( void )
2846:Middlewares/Third_Party/FreeRTOS/Source/tasks.c **** {
2847:Middlewares/Third_Party/FreeRTOS/Source/tasks.c **** 	if( uxSchedulerSuspended != ( UBaseType_t ) pdFALSE )
2848:Middlewares/Third_Party/FreeRTOS/Source/tasks.c **** 	{
2849:Middlewares/Third_Party/FreeRTOS/Source/tasks.c **** 		/* The scheduler is currently suspended - do not allow a context
2850:Middlewares/Third_Party/FreeRTOS/Source/tasks.c **** 		switch. */
2851:Middlewares/Third_Party/FreeRTOS/Source/tasks.c **** 		xYieldPending = pdTRUE;
2852:Middlewares/Third_Party/FreeRTOS/Source/tasks.c **** 	}
2853:Middlewares/Third_Party/FreeRTOS/Source/tasks.c **** 	else
2854:Middlewares/Third_Party/FreeRTOS/Source/tasks.c **** 	{
2855:Middlewares/Third_Party/FreeRTOS/Source/tasks.c **** 		xYieldPending = pdFALSE;
2856:Middlewares/Third_Party/FreeRTOS/Source/tasks.c **** 		traceTASK_SWITCHED_OUT();
2857:Middlewares/Third_Party/FreeRTOS/Source/tasks.c **** 
2858:Middlewares/Third_Party/FreeRTOS/Source/tasks.c **** 		#if ( configGENERATE_RUN_TIME_STATS == 1 )
2859:Middlewares/Third_Party/FreeRTOS/Source/tasks.c **** 		{
2860:Middlewares/Third_Party/FreeRTOS/Source/tasks.c **** 				#ifdef portALT_GET_RUN_TIME_COUNTER_VALUE
2861:Middlewares/Third_Party/FreeRTOS/Source/tasks.c **** 					portALT_GET_RUN_TIME_COUNTER_VALUE( ulTotalRunTime );
2862:Middlewares/Third_Party/FreeRTOS/Source/tasks.c **** 				#else
2863:Middlewares/Third_Party/FreeRTOS/Source/tasks.c **** 					ulTotalRunTime = portGET_RUN_TIME_COUNTER_VALUE();
2864:Middlewares/Third_Party/FreeRTOS/Source/tasks.c **** 				#endif
2865:Middlewares/Third_Party/FreeRTOS/Source/tasks.c **** 
2866:Middlewares/Third_Party/FreeRTOS/Source/tasks.c **** 				/* Add the amount of time the task has been running to the
ARM GAS  /tmp/ccZZCKwI.s 			page 57


2867:Middlewares/Third_Party/FreeRTOS/Source/tasks.c **** 				accumulated time so far.  The time the task started running was
2868:Middlewares/Third_Party/FreeRTOS/Source/tasks.c **** 				stored in ulTaskSwitchedInTime.  Note that there is no overflow
2869:Middlewares/Third_Party/FreeRTOS/Source/tasks.c **** 				protection here so count values are only valid until the timer
2870:Middlewares/Third_Party/FreeRTOS/Source/tasks.c **** 				overflows.  The guard against negative values is to protect
2871:Middlewares/Third_Party/FreeRTOS/Source/tasks.c **** 				against suspect run time stat counter implementations - which
2872:Middlewares/Third_Party/FreeRTOS/Source/tasks.c **** 				are provided by the application, not the kernel. */
2873:Middlewares/Third_Party/FreeRTOS/Source/tasks.c **** 				if( ulTotalRunTime > ulTaskSwitchedInTime )
2874:Middlewares/Third_Party/FreeRTOS/Source/tasks.c **** 				{
2875:Middlewares/Third_Party/FreeRTOS/Source/tasks.c **** 					pxCurrentTCB->ulRunTimeCounter += ( ulTotalRunTime - ulTaskSwitchedInTime );
2876:Middlewares/Third_Party/FreeRTOS/Source/tasks.c **** 				}
2877:Middlewares/Third_Party/FreeRTOS/Source/tasks.c **** 				else
2878:Middlewares/Third_Party/FreeRTOS/Source/tasks.c **** 				{
2879:Middlewares/Third_Party/FreeRTOS/Source/tasks.c **** 					mtCOVERAGE_TEST_MARKER();
2880:Middlewares/Third_Party/FreeRTOS/Source/tasks.c **** 				}
2881:Middlewares/Third_Party/FreeRTOS/Source/tasks.c **** 				ulTaskSwitchedInTime = ulTotalRunTime;
2882:Middlewares/Third_Party/FreeRTOS/Source/tasks.c **** 		}
2883:Middlewares/Third_Party/FreeRTOS/Source/tasks.c **** 		#endif /* configGENERATE_RUN_TIME_STATS */
2884:Middlewares/Third_Party/FreeRTOS/Source/tasks.c **** 
2885:Middlewares/Third_Party/FreeRTOS/Source/tasks.c **** 		/* Check for stack overflow, if configured. */
2886:Middlewares/Third_Party/FreeRTOS/Source/tasks.c **** 		taskCHECK_FOR_STACK_OVERFLOW();
2887:Middlewares/Third_Party/FreeRTOS/Source/tasks.c **** 
2888:Middlewares/Third_Party/FreeRTOS/Source/tasks.c **** 		/* Select a new task to run using either the generic C or port
2889:Middlewares/Third_Party/FreeRTOS/Source/tasks.c **** 		optimised asm code. */
2890:Middlewares/Third_Party/FreeRTOS/Source/tasks.c **** 		taskSELECT_HIGHEST_PRIORITY_TASK();
2891:Middlewares/Third_Party/FreeRTOS/Source/tasks.c **** 		traceTASK_SWITCHED_IN();
2892:Middlewares/Third_Party/FreeRTOS/Source/tasks.c **** 
2893:Middlewares/Third_Party/FreeRTOS/Source/tasks.c **** 		#if ( configUSE_NEWLIB_REENTRANT == 1 )
2894:Middlewares/Third_Party/FreeRTOS/Source/tasks.c **** 		{
2895:Middlewares/Third_Party/FreeRTOS/Source/tasks.c **** 			/* Switch Newlib's _impure_ptr variable to point to the _reent
2896:Middlewares/Third_Party/FreeRTOS/Source/tasks.c **** 			structure specific to this task. */
2897:Middlewares/Third_Party/FreeRTOS/Source/tasks.c **** 			_impure_ptr = &( pxCurrentTCB->xNewLib_reent );
2898:Middlewares/Third_Party/FreeRTOS/Source/tasks.c **** 		}
2899:Middlewares/Third_Party/FreeRTOS/Source/tasks.c **** 		#endif /* configUSE_NEWLIB_REENTRANT */
2900:Middlewares/Third_Party/FreeRTOS/Source/tasks.c **** 	}
2901:Middlewares/Third_Party/FreeRTOS/Source/tasks.c **** }
2902:Middlewares/Third_Party/FreeRTOS/Source/tasks.c **** /*-----------------------------------------------------------*/
2903:Middlewares/Third_Party/FreeRTOS/Source/tasks.c **** 
2904:Middlewares/Third_Party/FreeRTOS/Source/tasks.c **** void vTaskPlaceOnEventList( List_t * const pxEventList, const TickType_t xTicksToWait )
2905:Middlewares/Third_Party/FreeRTOS/Source/tasks.c **** {
2906:Middlewares/Third_Party/FreeRTOS/Source/tasks.c **** 	configASSERT( pxEventList );
2907:Middlewares/Third_Party/FreeRTOS/Source/tasks.c **** 
2908:Middlewares/Third_Party/FreeRTOS/Source/tasks.c **** 	/* THIS FUNCTION MUST BE CALLED WITH EITHER INTERRUPTS DISABLED OR THE
2909:Middlewares/Third_Party/FreeRTOS/Source/tasks.c **** 	SCHEDULER SUSPENDED AND THE QUEUE BEING ACCESSED LOCKED. */
2910:Middlewares/Third_Party/FreeRTOS/Source/tasks.c **** 
2911:Middlewares/Third_Party/FreeRTOS/Source/tasks.c **** 	/* Place the event list item of the TCB in the appropriate event list.
2912:Middlewares/Third_Party/FreeRTOS/Source/tasks.c **** 	This is placed in the list in priority order so the highest priority task
2913:Middlewares/Third_Party/FreeRTOS/Source/tasks.c **** 	is the first to be woken by the event.  The queue that contains the event
2914:Middlewares/Third_Party/FreeRTOS/Source/tasks.c **** 	list is locked, preventing simultaneous access from interrupts. */
2915:Middlewares/Third_Party/FreeRTOS/Source/tasks.c **** 	vListInsert( pxEventList, &( pxCurrentTCB->xEventListItem ) );
2916:Middlewares/Third_Party/FreeRTOS/Source/tasks.c **** 
2917:Middlewares/Third_Party/FreeRTOS/Source/tasks.c **** 	prvAddCurrentTaskToDelayedList( xTicksToWait, pdTRUE );
2918:Middlewares/Third_Party/FreeRTOS/Source/tasks.c **** }
2919:Middlewares/Third_Party/FreeRTOS/Source/tasks.c **** /*-----------------------------------------------------------*/
2920:Middlewares/Third_Party/FreeRTOS/Source/tasks.c **** 
2921:Middlewares/Third_Party/FreeRTOS/Source/tasks.c **** void vTaskPlaceOnUnorderedEventList( List_t * pxEventList, const TickType_t xItemValue, const TickT
2922:Middlewares/Third_Party/FreeRTOS/Source/tasks.c **** {
2923:Middlewares/Third_Party/FreeRTOS/Source/tasks.c **** 	configASSERT( pxEventList );
ARM GAS  /tmp/ccZZCKwI.s 			page 58


2924:Middlewares/Third_Party/FreeRTOS/Source/tasks.c **** 
2925:Middlewares/Third_Party/FreeRTOS/Source/tasks.c **** 	/* THIS FUNCTION MUST BE CALLED WITH THE SCHEDULER SUSPENDED.  It is used by
2926:Middlewares/Third_Party/FreeRTOS/Source/tasks.c **** 	the event groups implementation. */
2927:Middlewares/Third_Party/FreeRTOS/Source/tasks.c **** 	configASSERT( uxSchedulerSuspended != 0 );
2928:Middlewares/Third_Party/FreeRTOS/Source/tasks.c **** 
2929:Middlewares/Third_Party/FreeRTOS/Source/tasks.c **** 	/* Store the item value in the event list item.  It is safe to access the
2930:Middlewares/Third_Party/FreeRTOS/Source/tasks.c **** 	event list item here as interrupts won't access the event list item of a
2931:Middlewares/Third_Party/FreeRTOS/Source/tasks.c **** 	task that is not in the Blocked state. */
2932:Middlewares/Third_Party/FreeRTOS/Source/tasks.c **** 	listSET_LIST_ITEM_VALUE( &( pxCurrentTCB->xEventListItem ), xItemValue | taskEVENT_LIST_ITEM_VALUE
2933:Middlewares/Third_Party/FreeRTOS/Source/tasks.c **** 
2934:Middlewares/Third_Party/FreeRTOS/Source/tasks.c **** 	/* Place the event list item of the TCB at the end of the appropriate event
2935:Middlewares/Third_Party/FreeRTOS/Source/tasks.c **** 	list.  It is safe to access the event list here because it is part of an
2936:Middlewares/Third_Party/FreeRTOS/Source/tasks.c **** 	event group implementation - and interrupts don't access event groups
2937:Middlewares/Third_Party/FreeRTOS/Source/tasks.c **** 	directly (instead they access them indirectly by pending function calls to
2938:Middlewares/Third_Party/FreeRTOS/Source/tasks.c **** 	the task level). */
2939:Middlewares/Third_Party/FreeRTOS/Source/tasks.c **** 	vListInsertEnd( pxEventList, &( pxCurrentTCB->xEventListItem ) );
2940:Middlewares/Third_Party/FreeRTOS/Source/tasks.c **** 
2941:Middlewares/Third_Party/FreeRTOS/Source/tasks.c **** 	prvAddCurrentTaskToDelayedList( xTicksToWait, pdTRUE );
2942:Middlewares/Third_Party/FreeRTOS/Source/tasks.c **** }
2943:Middlewares/Third_Party/FreeRTOS/Source/tasks.c **** /*-----------------------------------------------------------*/
2944:Middlewares/Third_Party/FreeRTOS/Source/tasks.c **** 
2945:Middlewares/Third_Party/FreeRTOS/Source/tasks.c **** #if( configUSE_TIMERS == 1 )
2946:Middlewares/Third_Party/FreeRTOS/Source/tasks.c **** 
2947:Middlewares/Third_Party/FreeRTOS/Source/tasks.c **** 	void vTaskPlaceOnEventListRestricted( List_t * const pxEventList, TickType_t xTicksToWait, const B
2948:Middlewares/Third_Party/FreeRTOS/Source/tasks.c **** 	{
2949:Middlewares/Third_Party/FreeRTOS/Source/tasks.c **** 		configASSERT( pxEventList );
2950:Middlewares/Third_Party/FreeRTOS/Source/tasks.c **** 
2951:Middlewares/Third_Party/FreeRTOS/Source/tasks.c **** 		/* This function should not be called by application code hence the
2952:Middlewares/Third_Party/FreeRTOS/Source/tasks.c **** 		'Restricted' in its name.  It is not part of the public API.  It is
2953:Middlewares/Third_Party/FreeRTOS/Source/tasks.c **** 		designed for use by kernel code, and has special calling requirements -
2954:Middlewares/Third_Party/FreeRTOS/Source/tasks.c **** 		it should be called with the scheduler suspended. */
2955:Middlewares/Third_Party/FreeRTOS/Source/tasks.c **** 
2956:Middlewares/Third_Party/FreeRTOS/Source/tasks.c **** 
2957:Middlewares/Third_Party/FreeRTOS/Source/tasks.c **** 		/* Place the event list item of the TCB in the appropriate event list.
2958:Middlewares/Third_Party/FreeRTOS/Source/tasks.c **** 		In this case it is assume that this is the only task that is going to
2959:Middlewares/Third_Party/FreeRTOS/Source/tasks.c **** 		be waiting on this event list, so the faster vListInsertEnd() function
2960:Middlewares/Third_Party/FreeRTOS/Source/tasks.c **** 		can be used in place of vListInsert. */
2961:Middlewares/Third_Party/FreeRTOS/Source/tasks.c **** 		vListInsertEnd( pxEventList, &( pxCurrentTCB->xEventListItem ) );
2962:Middlewares/Third_Party/FreeRTOS/Source/tasks.c **** 
2963:Middlewares/Third_Party/FreeRTOS/Source/tasks.c **** 		/* If the task should block indefinitely then set the block time to a
2964:Middlewares/Third_Party/FreeRTOS/Source/tasks.c **** 		value that will be recognised as an indefinite delay inside the
2965:Middlewares/Third_Party/FreeRTOS/Source/tasks.c **** 		prvAddCurrentTaskToDelayedList() function. */
2966:Middlewares/Third_Party/FreeRTOS/Source/tasks.c **** 		if( xWaitIndefinitely != pdFALSE )
2967:Middlewares/Third_Party/FreeRTOS/Source/tasks.c **** 		{
2968:Middlewares/Third_Party/FreeRTOS/Source/tasks.c **** 			xTicksToWait = portMAX_DELAY;
2969:Middlewares/Third_Party/FreeRTOS/Source/tasks.c **** 		}
2970:Middlewares/Third_Party/FreeRTOS/Source/tasks.c **** 
2971:Middlewares/Third_Party/FreeRTOS/Source/tasks.c **** 		traceTASK_DELAY_UNTIL( ( xTickCount + xTicksToWait ) );
2972:Middlewares/Third_Party/FreeRTOS/Source/tasks.c **** 		prvAddCurrentTaskToDelayedList( xTicksToWait, xWaitIndefinitely );
2973:Middlewares/Third_Party/FreeRTOS/Source/tasks.c **** 	}
2974:Middlewares/Third_Party/FreeRTOS/Source/tasks.c **** 
2975:Middlewares/Third_Party/FreeRTOS/Source/tasks.c **** #endif /* configUSE_TIMERS */
2976:Middlewares/Third_Party/FreeRTOS/Source/tasks.c **** /*-----------------------------------------------------------*/
2977:Middlewares/Third_Party/FreeRTOS/Source/tasks.c **** 
2978:Middlewares/Third_Party/FreeRTOS/Source/tasks.c **** BaseType_t xTaskRemoveFromEventList( const List_t * const pxEventList )
2979:Middlewares/Third_Party/FreeRTOS/Source/tasks.c **** {
2980:Middlewares/Third_Party/FreeRTOS/Source/tasks.c **** TCB_t *pxUnblockedTCB;
ARM GAS  /tmp/ccZZCKwI.s 			page 59


2981:Middlewares/Third_Party/FreeRTOS/Source/tasks.c **** BaseType_t xReturn;
2982:Middlewares/Third_Party/FreeRTOS/Source/tasks.c **** 
2983:Middlewares/Third_Party/FreeRTOS/Source/tasks.c **** 	/* THIS FUNCTION MUST BE CALLED FROM A CRITICAL SECTION.  It can also be
2984:Middlewares/Third_Party/FreeRTOS/Source/tasks.c **** 	called from a critical section within an ISR. */
2985:Middlewares/Third_Party/FreeRTOS/Source/tasks.c **** 
2986:Middlewares/Third_Party/FreeRTOS/Source/tasks.c **** 	/* The event list is sorted in priority order, so the first in the list can
2987:Middlewares/Third_Party/FreeRTOS/Source/tasks.c **** 	be removed as it is known to be the highest priority.  Remove the TCB from
2988:Middlewares/Third_Party/FreeRTOS/Source/tasks.c **** 	the delayed list, and add it to the ready list.
2989:Middlewares/Third_Party/FreeRTOS/Source/tasks.c **** 
2990:Middlewares/Third_Party/FreeRTOS/Source/tasks.c **** 	If an event is for a queue that is locked then this function will never
2991:Middlewares/Third_Party/FreeRTOS/Source/tasks.c **** 	get called - the lock count on the queue will get modified instead.  This
2992:Middlewares/Third_Party/FreeRTOS/Source/tasks.c **** 	means exclusive access to the event list is guaranteed here.
2993:Middlewares/Third_Party/FreeRTOS/Source/tasks.c **** 
2994:Middlewares/Third_Party/FreeRTOS/Source/tasks.c **** 	This function assumes that a check has already been made to ensure that
2995:Middlewares/Third_Party/FreeRTOS/Source/tasks.c **** 	pxEventList is not empty. */
2996:Middlewares/Third_Party/FreeRTOS/Source/tasks.c **** 	pxUnblockedTCB = ( TCB_t * ) listGET_OWNER_OF_HEAD_ENTRY( pxEventList );
2997:Middlewares/Third_Party/FreeRTOS/Source/tasks.c **** 	configASSERT( pxUnblockedTCB );
2998:Middlewares/Third_Party/FreeRTOS/Source/tasks.c **** 	( void ) uxListRemove( &( pxUnblockedTCB->xEventListItem ) );
2999:Middlewares/Third_Party/FreeRTOS/Source/tasks.c **** 
3000:Middlewares/Third_Party/FreeRTOS/Source/tasks.c **** 	if( uxSchedulerSuspended == ( UBaseType_t ) pdFALSE )
3001:Middlewares/Third_Party/FreeRTOS/Source/tasks.c **** 	{
3002:Middlewares/Third_Party/FreeRTOS/Source/tasks.c **** 		( void ) uxListRemove( &( pxUnblockedTCB->xStateListItem ) );
3003:Middlewares/Third_Party/FreeRTOS/Source/tasks.c **** 		prvAddTaskToReadyList( pxUnblockedTCB );
3004:Middlewares/Third_Party/FreeRTOS/Source/tasks.c **** 	}
3005:Middlewares/Third_Party/FreeRTOS/Source/tasks.c **** 	else
3006:Middlewares/Third_Party/FreeRTOS/Source/tasks.c **** 	{
3007:Middlewares/Third_Party/FreeRTOS/Source/tasks.c **** 		/* The delayed and ready lists cannot be accessed, so hold this task
3008:Middlewares/Third_Party/FreeRTOS/Source/tasks.c **** 		pending until the scheduler is resumed. */
3009:Middlewares/Third_Party/FreeRTOS/Source/tasks.c **** 		vListInsertEnd( &( xPendingReadyList ), &( pxUnblockedTCB->xEventListItem ) );
3010:Middlewares/Third_Party/FreeRTOS/Source/tasks.c **** 	}
3011:Middlewares/Third_Party/FreeRTOS/Source/tasks.c **** 
3012:Middlewares/Third_Party/FreeRTOS/Source/tasks.c **** 	if( pxUnblockedTCB->uxPriority > pxCurrentTCB->uxPriority )
3013:Middlewares/Third_Party/FreeRTOS/Source/tasks.c **** 	{
3014:Middlewares/Third_Party/FreeRTOS/Source/tasks.c **** 		/* Return true if the task removed from the event list has a higher
3015:Middlewares/Third_Party/FreeRTOS/Source/tasks.c **** 		priority than the calling task.  This allows the calling task to know if
3016:Middlewares/Third_Party/FreeRTOS/Source/tasks.c **** 		it should force a context switch now. */
3017:Middlewares/Third_Party/FreeRTOS/Source/tasks.c **** 		xReturn = pdTRUE;
3018:Middlewares/Third_Party/FreeRTOS/Source/tasks.c **** 
3019:Middlewares/Third_Party/FreeRTOS/Source/tasks.c **** 		/* Mark that a yield is pending in case the user is not using the
3020:Middlewares/Third_Party/FreeRTOS/Source/tasks.c **** 		"xHigherPriorityTaskWoken" parameter to an ISR safe FreeRTOS function. */
3021:Middlewares/Third_Party/FreeRTOS/Source/tasks.c **** 		xYieldPending = pdTRUE;
3022:Middlewares/Third_Party/FreeRTOS/Source/tasks.c **** 	}
3023:Middlewares/Third_Party/FreeRTOS/Source/tasks.c **** 	else
3024:Middlewares/Third_Party/FreeRTOS/Source/tasks.c **** 	{
3025:Middlewares/Third_Party/FreeRTOS/Source/tasks.c **** 		xReturn = pdFALSE;
3026:Middlewares/Third_Party/FreeRTOS/Source/tasks.c **** 	}
3027:Middlewares/Third_Party/FreeRTOS/Source/tasks.c **** 
3028:Middlewares/Third_Party/FreeRTOS/Source/tasks.c **** 	#if( configUSE_TICKLESS_IDLE != 0 )
3029:Middlewares/Third_Party/FreeRTOS/Source/tasks.c **** 	{
3030:Middlewares/Third_Party/FreeRTOS/Source/tasks.c **** 		/* If a task is blocked on a kernel object then xNextTaskUnblockTime
3031:Middlewares/Third_Party/FreeRTOS/Source/tasks.c **** 		might be set to the blocked task's time out time.  If the task is
3032:Middlewares/Third_Party/FreeRTOS/Source/tasks.c **** 		unblocked for a reason other than a timeout xNextTaskUnblockTime is
3033:Middlewares/Third_Party/FreeRTOS/Source/tasks.c **** 		normally left unchanged, because it is automatically reset to a new
3034:Middlewares/Third_Party/FreeRTOS/Source/tasks.c **** 		value when the tick count equals xNextTaskUnblockTime.  However if
3035:Middlewares/Third_Party/FreeRTOS/Source/tasks.c **** 		tickless idling is used it might be more important to enter sleep mode
3036:Middlewares/Third_Party/FreeRTOS/Source/tasks.c **** 		at the earliest possible time - so reset xNextTaskUnblockTime here to
3037:Middlewares/Third_Party/FreeRTOS/Source/tasks.c **** 		ensure it is updated at the earliest possible time. */
ARM GAS  /tmp/ccZZCKwI.s 			page 60


3038:Middlewares/Third_Party/FreeRTOS/Source/tasks.c **** 		prvResetNextTaskUnblockTime();
3039:Middlewares/Third_Party/FreeRTOS/Source/tasks.c **** 	}
3040:Middlewares/Third_Party/FreeRTOS/Source/tasks.c **** 	#endif
3041:Middlewares/Third_Party/FreeRTOS/Source/tasks.c **** 
3042:Middlewares/Third_Party/FreeRTOS/Source/tasks.c **** 	return xReturn;
3043:Middlewares/Third_Party/FreeRTOS/Source/tasks.c **** }
3044:Middlewares/Third_Party/FreeRTOS/Source/tasks.c **** /*-----------------------------------------------------------*/
3045:Middlewares/Third_Party/FreeRTOS/Source/tasks.c **** 
3046:Middlewares/Third_Party/FreeRTOS/Source/tasks.c **** void vTaskRemoveFromUnorderedEventList( ListItem_t * pxEventListItem, const TickType_t xItemValue )
3047:Middlewares/Third_Party/FreeRTOS/Source/tasks.c **** {
3048:Middlewares/Third_Party/FreeRTOS/Source/tasks.c **** TCB_t *pxUnblockedTCB;
3049:Middlewares/Third_Party/FreeRTOS/Source/tasks.c **** 
3050:Middlewares/Third_Party/FreeRTOS/Source/tasks.c **** 	/* THIS FUNCTION MUST BE CALLED WITH THE SCHEDULER SUSPENDED.  It is used by
3051:Middlewares/Third_Party/FreeRTOS/Source/tasks.c **** 	the event flags implementation. */
3052:Middlewares/Third_Party/FreeRTOS/Source/tasks.c **** 	configASSERT( uxSchedulerSuspended != pdFALSE );
3053:Middlewares/Third_Party/FreeRTOS/Source/tasks.c **** 
3054:Middlewares/Third_Party/FreeRTOS/Source/tasks.c **** 	/* Store the new item value in the event list. */
3055:Middlewares/Third_Party/FreeRTOS/Source/tasks.c **** 	listSET_LIST_ITEM_VALUE( pxEventListItem, xItemValue | taskEVENT_LIST_ITEM_VALUE_IN_USE );
3056:Middlewares/Third_Party/FreeRTOS/Source/tasks.c **** 
3057:Middlewares/Third_Party/FreeRTOS/Source/tasks.c **** 	/* Remove the event list form the event flag.  Interrupts do not access
3058:Middlewares/Third_Party/FreeRTOS/Source/tasks.c **** 	event flags. */
3059:Middlewares/Third_Party/FreeRTOS/Source/tasks.c **** 	pxUnblockedTCB = ( TCB_t * ) listGET_LIST_ITEM_OWNER( pxEventListItem );
3060:Middlewares/Third_Party/FreeRTOS/Source/tasks.c **** 	configASSERT( pxUnblockedTCB );
3061:Middlewares/Third_Party/FreeRTOS/Source/tasks.c **** 	( void ) uxListRemove( pxEventListItem );
3062:Middlewares/Third_Party/FreeRTOS/Source/tasks.c **** 
3063:Middlewares/Third_Party/FreeRTOS/Source/tasks.c **** 	/* Remove the task from the delayed list and add it to the ready list.  The
3064:Middlewares/Third_Party/FreeRTOS/Source/tasks.c **** 	scheduler is suspended so interrupts will not be accessing the ready
3065:Middlewares/Third_Party/FreeRTOS/Source/tasks.c **** 	lists. */
3066:Middlewares/Third_Party/FreeRTOS/Source/tasks.c **** 	( void ) uxListRemove( &( pxUnblockedTCB->xStateListItem ) );
3067:Middlewares/Third_Party/FreeRTOS/Source/tasks.c **** 	prvAddTaskToReadyList( pxUnblockedTCB );
3068:Middlewares/Third_Party/FreeRTOS/Source/tasks.c **** 
3069:Middlewares/Third_Party/FreeRTOS/Source/tasks.c **** 	if( pxUnblockedTCB->uxPriority > pxCurrentTCB->uxPriority )
3070:Middlewares/Third_Party/FreeRTOS/Source/tasks.c **** 	{
3071:Middlewares/Third_Party/FreeRTOS/Source/tasks.c **** 		/* The unblocked task has a priority above that of the calling task, so
3072:Middlewares/Third_Party/FreeRTOS/Source/tasks.c **** 		a context switch is required.  This function is called with the
3073:Middlewares/Third_Party/FreeRTOS/Source/tasks.c **** 		scheduler suspended so xYieldPending is set so the context switch
3074:Middlewares/Third_Party/FreeRTOS/Source/tasks.c **** 		occurs immediately that the scheduler is resumed (unsuspended). */
3075:Middlewares/Third_Party/FreeRTOS/Source/tasks.c **** 		xYieldPending = pdTRUE;
3076:Middlewares/Third_Party/FreeRTOS/Source/tasks.c **** 	}
3077:Middlewares/Third_Party/FreeRTOS/Source/tasks.c **** }
3078:Middlewares/Third_Party/FreeRTOS/Source/tasks.c **** /*-----------------------------------------------------------*/
3079:Middlewares/Third_Party/FreeRTOS/Source/tasks.c **** 
3080:Middlewares/Third_Party/FreeRTOS/Source/tasks.c **** void vTaskSetTimeOutState( TimeOut_t * const pxTimeOut )
3081:Middlewares/Third_Party/FreeRTOS/Source/tasks.c **** {
3082:Middlewares/Third_Party/FreeRTOS/Source/tasks.c **** 	configASSERT( pxTimeOut );
3083:Middlewares/Third_Party/FreeRTOS/Source/tasks.c **** 	taskENTER_CRITICAL();
3084:Middlewares/Third_Party/FreeRTOS/Source/tasks.c **** 	{
3085:Middlewares/Third_Party/FreeRTOS/Source/tasks.c **** 		pxTimeOut->xOverflowCount = xNumOfOverflows;
3086:Middlewares/Third_Party/FreeRTOS/Source/tasks.c **** 		pxTimeOut->xTimeOnEntering = xTickCount;
3087:Middlewares/Third_Party/FreeRTOS/Source/tasks.c **** 	}
3088:Middlewares/Third_Party/FreeRTOS/Source/tasks.c **** 	taskEXIT_CRITICAL();
3089:Middlewares/Third_Party/FreeRTOS/Source/tasks.c **** }
3090:Middlewares/Third_Party/FreeRTOS/Source/tasks.c **** /*-----------------------------------------------------------*/
3091:Middlewares/Third_Party/FreeRTOS/Source/tasks.c **** 
3092:Middlewares/Third_Party/FreeRTOS/Source/tasks.c **** void vTaskInternalSetTimeOutState( TimeOut_t * const pxTimeOut )
3093:Middlewares/Third_Party/FreeRTOS/Source/tasks.c **** {
3094:Middlewares/Third_Party/FreeRTOS/Source/tasks.c **** 	/* For internal use only as it does not use a critical section. */
ARM GAS  /tmp/ccZZCKwI.s 			page 61


3095:Middlewares/Third_Party/FreeRTOS/Source/tasks.c **** 	pxTimeOut->xOverflowCount = xNumOfOverflows;
3096:Middlewares/Third_Party/FreeRTOS/Source/tasks.c **** 	pxTimeOut->xTimeOnEntering = xTickCount;
3097:Middlewares/Third_Party/FreeRTOS/Source/tasks.c **** }
3098:Middlewares/Third_Party/FreeRTOS/Source/tasks.c **** /*-----------------------------------------------------------*/
3099:Middlewares/Third_Party/FreeRTOS/Source/tasks.c **** 
3100:Middlewares/Third_Party/FreeRTOS/Source/tasks.c **** BaseType_t xTaskCheckForTimeOut( TimeOut_t * const pxTimeOut, TickType_t * const pxTicksToWait )
3101:Middlewares/Third_Party/FreeRTOS/Source/tasks.c **** {
3102:Middlewares/Third_Party/FreeRTOS/Source/tasks.c **** BaseType_t xReturn;
3103:Middlewares/Third_Party/FreeRTOS/Source/tasks.c **** 
3104:Middlewares/Third_Party/FreeRTOS/Source/tasks.c **** 	configASSERT( pxTimeOut );
3105:Middlewares/Third_Party/FreeRTOS/Source/tasks.c **** 	configASSERT( pxTicksToWait );
3106:Middlewares/Third_Party/FreeRTOS/Source/tasks.c **** 
3107:Middlewares/Third_Party/FreeRTOS/Source/tasks.c **** 	taskENTER_CRITICAL();
3108:Middlewares/Third_Party/FreeRTOS/Source/tasks.c **** 	{
3109:Middlewares/Third_Party/FreeRTOS/Source/tasks.c **** 		/* Minor optimisation.  The tick count cannot change in this block. */
3110:Middlewares/Third_Party/FreeRTOS/Source/tasks.c **** 		const TickType_t xConstTickCount = xTickCount;
3111:Middlewares/Third_Party/FreeRTOS/Source/tasks.c **** 		const TickType_t xElapsedTime = xConstTickCount - pxTimeOut->xTimeOnEntering;
3112:Middlewares/Third_Party/FreeRTOS/Source/tasks.c **** 
3113:Middlewares/Third_Party/FreeRTOS/Source/tasks.c **** 		#if( INCLUDE_xTaskAbortDelay == 1 )
3114:Middlewares/Third_Party/FreeRTOS/Source/tasks.c **** 			if( pxCurrentTCB->ucDelayAborted != pdFALSE )
3115:Middlewares/Third_Party/FreeRTOS/Source/tasks.c **** 			{
3116:Middlewares/Third_Party/FreeRTOS/Source/tasks.c **** 				/* The delay was aborted, which is not the same as a time out,
3117:Middlewares/Third_Party/FreeRTOS/Source/tasks.c **** 				but has the same result. */
3118:Middlewares/Third_Party/FreeRTOS/Source/tasks.c **** 				pxCurrentTCB->ucDelayAborted = pdFALSE;
3119:Middlewares/Third_Party/FreeRTOS/Source/tasks.c **** 				xReturn = pdTRUE;
3120:Middlewares/Third_Party/FreeRTOS/Source/tasks.c **** 			}
3121:Middlewares/Third_Party/FreeRTOS/Source/tasks.c **** 			else
3122:Middlewares/Third_Party/FreeRTOS/Source/tasks.c **** 		#endif
3123:Middlewares/Third_Party/FreeRTOS/Source/tasks.c **** 
3124:Middlewares/Third_Party/FreeRTOS/Source/tasks.c **** 		#if ( INCLUDE_vTaskSuspend == 1 )
3125:Middlewares/Third_Party/FreeRTOS/Source/tasks.c **** 			if( *pxTicksToWait == portMAX_DELAY )
3126:Middlewares/Third_Party/FreeRTOS/Source/tasks.c **** 			{
3127:Middlewares/Third_Party/FreeRTOS/Source/tasks.c **** 				/* If INCLUDE_vTaskSuspend is set to 1 and the block time
3128:Middlewares/Third_Party/FreeRTOS/Source/tasks.c **** 				specified is the maximum block time then the task should block
3129:Middlewares/Third_Party/FreeRTOS/Source/tasks.c **** 				indefinitely, and therefore never time out. */
3130:Middlewares/Third_Party/FreeRTOS/Source/tasks.c **** 				xReturn = pdFALSE;
3131:Middlewares/Third_Party/FreeRTOS/Source/tasks.c **** 			}
3132:Middlewares/Third_Party/FreeRTOS/Source/tasks.c **** 			else
3133:Middlewares/Third_Party/FreeRTOS/Source/tasks.c **** 		#endif
3134:Middlewares/Third_Party/FreeRTOS/Source/tasks.c **** 
3135:Middlewares/Third_Party/FreeRTOS/Source/tasks.c **** 		if( ( xNumOfOverflows != pxTimeOut->xOverflowCount ) && ( xConstTickCount >= pxTimeOut->xTimeOnEn
3136:Middlewares/Third_Party/FreeRTOS/Source/tasks.c **** 		{
3137:Middlewares/Third_Party/FreeRTOS/Source/tasks.c **** 			/* The tick count is greater than the time at which
3138:Middlewares/Third_Party/FreeRTOS/Source/tasks.c **** 			vTaskSetTimeout() was called, but has also overflowed since
3139:Middlewares/Third_Party/FreeRTOS/Source/tasks.c **** 			vTaskSetTimeOut() was called.  It must have wrapped all the way
3140:Middlewares/Third_Party/FreeRTOS/Source/tasks.c **** 			around and gone past again. This passed since vTaskSetTimeout()
3141:Middlewares/Third_Party/FreeRTOS/Source/tasks.c **** 			was called. */
3142:Middlewares/Third_Party/FreeRTOS/Source/tasks.c **** 			xReturn = pdTRUE;
3143:Middlewares/Third_Party/FreeRTOS/Source/tasks.c **** 		}
3144:Middlewares/Third_Party/FreeRTOS/Source/tasks.c **** 		else if( xElapsedTime < *pxTicksToWait ) /*lint !e961 Explicit casting is only redundant with som
3145:Middlewares/Third_Party/FreeRTOS/Source/tasks.c **** 		{
3146:Middlewares/Third_Party/FreeRTOS/Source/tasks.c **** 			/* Not a genuine timeout. Adjust parameters for time remaining. */
3147:Middlewares/Third_Party/FreeRTOS/Source/tasks.c **** 			*pxTicksToWait -= xElapsedTime;
3148:Middlewares/Third_Party/FreeRTOS/Source/tasks.c **** 			vTaskInternalSetTimeOutState( pxTimeOut );
3149:Middlewares/Third_Party/FreeRTOS/Source/tasks.c **** 			xReturn = pdFALSE;
3150:Middlewares/Third_Party/FreeRTOS/Source/tasks.c **** 		}
3151:Middlewares/Third_Party/FreeRTOS/Source/tasks.c **** 		else
ARM GAS  /tmp/ccZZCKwI.s 			page 62


3152:Middlewares/Third_Party/FreeRTOS/Source/tasks.c **** 		{
3153:Middlewares/Third_Party/FreeRTOS/Source/tasks.c **** 			*pxTicksToWait = 0;
3154:Middlewares/Third_Party/FreeRTOS/Source/tasks.c **** 			xReturn = pdTRUE;
3155:Middlewares/Third_Party/FreeRTOS/Source/tasks.c **** 		}
3156:Middlewares/Third_Party/FreeRTOS/Source/tasks.c **** 	}
3157:Middlewares/Third_Party/FreeRTOS/Source/tasks.c **** 	taskEXIT_CRITICAL();
3158:Middlewares/Third_Party/FreeRTOS/Source/tasks.c **** 
3159:Middlewares/Third_Party/FreeRTOS/Source/tasks.c **** 	return xReturn;
3160:Middlewares/Third_Party/FreeRTOS/Source/tasks.c **** }
3161:Middlewares/Third_Party/FreeRTOS/Source/tasks.c **** /*-----------------------------------------------------------*/
3162:Middlewares/Third_Party/FreeRTOS/Source/tasks.c **** 
3163:Middlewares/Third_Party/FreeRTOS/Source/tasks.c **** void vTaskMissedYield( void )
3164:Middlewares/Third_Party/FreeRTOS/Source/tasks.c **** {
3165:Middlewares/Third_Party/FreeRTOS/Source/tasks.c **** 	xYieldPending = pdTRUE;
3166:Middlewares/Third_Party/FreeRTOS/Source/tasks.c **** }
3167:Middlewares/Third_Party/FreeRTOS/Source/tasks.c **** /*-----------------------------------------------------------*/
3168:Middlewares/Third_Party/FreeRTOS/Source/tasks.c **** 
3169:Middlewares/Third_Party/FreeRTOS/Source/tasks.c **** #if ( configUSE_TRACE_FACILITY == 1 )
3170:Middlewares/Third_Party/FreeRTOS/Source/tasks.c **** 
3171:Middlewares/Third_Party/FreeRTOS/Source/tasks.c **** 	UBaseType_t uxTaskGetTaskNumber( TaskHandle_t xTask )
3172:Middlewares/Third_Party/FreeRTOS/Source/tasks.c **** 	{
3173:Middlewares/Third_Party/FreeRTOS/Source/tasks.c **** 	UBaseType_t uxReturn;
3174:Middlewares/Third_Party/FreeRTOS/Source/tasks.c **** 	TCB_t *pxTCB;
3175:Middlewares/Third_Party/FreeRTOS/Source/tasks.c **** 
3176:Middlewares/Third_Party/FreeRTOS/Source/tasks.c **** 		if( xTask != NULL )
3177:Middlewares/Third_Party/FreeRTOS/Source/tasks.c **** 		{
3178:Middlewares/Third_Party/FreeRTOS/Source/tasks.c **** 			pxTCB = ( TCB_t * ) xTask;
3179:Middlewares/Third_Party/FreeRTOS/Source/tasks.c **** 			uxReturn = pxTCB->uxTaskNumber;
3180:Middlewares/Third_Party/FreeRTOS/Source/tasks.c **** 		}
3181:Middlewares/Third_Party/FreeRTOS/Source/tasks.c **** 		else
3182:Middlewares/Third_Party/FreeRTOS/Source/tasks.c **** 		{
3183:Middlewares/Third_Party/FreeRTOS/Source/tasks.c **** 			uxReturn = 0U;
3184:Middlewares/Third_Party/FreeRTOS/Source/tasks.c **** 		}
3185:Middlewares/Third_Party/FreeRTOS/Source/tasks.c **** 
3186:Middlewares/Third_Party/FreeRTOS/Source/tasks.c **** 		return uxReturn;
3187:Middlewares/Third_Party/FreeRTOS/Source/tasks.c **** 	}
3188:Middlewares/Third_Party/FreeRTOS/Source/tasks.c **** 
3189:Middlewares/Third_Party/FreeRTOS/Source/tasks.c **** #endif /* configUSE_TRACE_FACILITY */
3190:Middlewares/Third_Party/FreeRTOS/Source/tasks.c **** /*-----------------------------------------------------------*/
3191:Middlewares/Third_Party/FreeRTOS/Source/tasks.c **** 
3192:Middlewares/Third_Party/FreeRTOS/Source/tasks.c **** #if ( configUSE_TRACE_FACILITY == 1 )
3193:Middlewares/Third_Party/FreeRTOS/Source/tasks.c **** 
3194:Middlewares/Third_Party/FreeRTOS/Source/tasks.c **** 	void vTaskSetTaskNumber( TaskHandle_t xTask, const UBaseType_t uxHandle )
3195:Middlewares/Third_Party/FreeRTOS/Source/tasks.c **** 	{
3196:Middlewares/Third_Party/FreeRTOS/Source/tasks.c **** 	TCB_t *pxTCB;
3197:Middlewares/Third_Party/FreeRTOS/Source/tasks.c **** 
3198:Middlewares/Third_Party/FreeRTOS/Source/tasks.c **** 		if( xTask != NULL )
3199:Middlewares/Third_Party/FreeRTOS/Source/tasks.c **** 		{
3200:Middlewares/Third_Party/FreeRTOS/Source/tasks.c **** 			pxTCB = ( TCB_t * ) xTask;
3201:Middlewares/Third_Party/FreeRTOS/Source/tasks.c **** 			pxTCB->uxTaskNumber = uxHandle;
3202:Middlewares/Third_Party/FreeRTOS/Source/tasks.c **** 		}
3203:Middlewares/Third_Party/FreeRTOS/Source/tasks.c **** 	}
3204:Middlewares/Third_Party/FreeRTOS/Source/tasks.c **** 
3205:Middlewares/Third_Party/FreeRTOS/Source/tasks.c **** #endif /* configUSE_TRACE_FACILITY */
3206:Middlewares/Third_Party/FreeRTOS/Source/tasks.c **** 
3207:Middlewares/Third_Party/FreeRTOS/Source/tasks.c **** /*
3208:Middlewares/Third_Party/FreeRTOS/Source/tasks.c ****  * -----------------------------------------------------------
ARM GAS  /tmp/ccZZCKwI.s 			page 63


3209:Middlewares/Third_Party/FreeRTOS/Source/tasks.c ****  * The Idle task.
3210:Middlewares/Third_Party/FreeRTOS/Source/tasks.c ****  * ----------------------------------------------------------
3211:Middlewares/Third_Party/FreeRTOS/Source/tasks.c ****  *
3212:Middlewares/Third_Party/FreeRTOS/Source/tasks.c ****  * The portTASK_FUNCTION() macro is used to allow port/compiler specific
3213:Middlewares/Third_Party/FreeRTOS/Source/tasks.c ****  * language extensions.  The equivalent prototype for this function is:
3214:Middlewares/Third_Party/FreeRTOS/Source/tasks.c ****  *
3215:Middlewares/Third_Party/FreeRTOS/Source/tasks.c ****  * void prvIdleTask( void *pvParameters );
3216:Middlewares/Third_Party/FreeRTOS/Source/tasks.c ****  *
3217:Middlewares/Third_Party/FreeRTOS/Source/tasks.c ****  */
3218:Middlewares/Third_Party/FreeRTOS/Source/tasks.c **** static portTASK_FUNCTION( prvIdleTask, pvParameters )
3219:Middlewares/Third_Party/FreeRTOS/Source/tasks.c **** {
3220:Middlewares/Third_Party/FreeRTOS/Source/tasks.c **** 	/* Stop warnings. */
3221:Middlewares/Third_Party/FreeRTOS/Source/tasks.c **** 	( void ) pvParameters;
3222:Middlewares/Third_Party/FreeRTOS/Source/tasks.c **** 
3223:Middlewares/Third_Party/FreeRTOS/Source/tasks.c **** 	/** THIS IS THE RTOS IDLE TASK - WHICH IS CREATED AUTOMATICALLY WHEN THE
3224:Middlewares/Third_Party/FreeRTOS/Source/tasks.c **** 	SCHEDULER IS STARTED. **/
3225:Middlewares/Third_Party/FreeRTOS/Source/tasks.c **** 
3226:Middlewares/Third_Party/FreeRTOS/Source/tasks.c **** 	/* In case a task that has a secure context deletes itself, in which case
3227:Middlewares/Third_Party/FreeRTOS/Source/tasks.c **** 	the idle task is responsible for deleting the task's secure context, if
3228:Middlewares/Third_Party/FreeRTOS/Source/tasks.c **** 	any. */
3229:Middlewares/Third_Party/FreeRTOS/Source/tasks.c **** 	portTASK_CALLS_SECURE_FUNCTIONS();
3230:Middlewares/Third_Party/FreeRTOS/Source/tasks.c **** 
3231:Middlewares/Third_Party/FreeRTOS/Source/tasks.c **** 	for( ;; )
3232:Middlewares/Third_Party/FreeRTOS/Source/tasks.c **** 	{
3233:Middlewares/Third_Party/FreeRTOS/Source/tasks.c **** 		/* See if any tasks have deleted themselves - if so then the idle task
3234:Middlewares/Third_Party/FreeRTOS/Source/tasks.c **** 		is responsible for freeing the deleted task's TCB and stack. */
3235:Middlewares/Third_Party/FreeRTOS/Source/tasks.c **** 		prvCheckTasksWaitingTermination();
3236:Middlewares/Third_Party/FreeRTOS/Source/tasks.c **** 
3237:Middlewares/Third_Party/FreeRTOS/Source/tasks.c **** 		#if ( configUSE_PREEMPTION == 0 )
3238:Middlewares/Third_Party/FreeRTOS/Source/tasks.c **** 		{
3239:Middlewares/Third_Party/FreeRTOS/Source/tasks.c **** 			/* If we are not using preemption we keep forcing a task switch to
3240:Middlewares/Third_Party/FreeRTOS/Source/tasks.c **** 			see if any other task has become available.  If we are using
3241:Middlewares/Third_Party/FreeRTOS/Source/tasks.c **** 			preemption we don't need to do this as any task becoming available
3242:Middlewares/Third_Party/FreeRTOS/Source/tasks.c **** 			will automatically get the processor anyway. */
3243:Middlewares/Third_Party/FreeRTOS/Source/tasks.c **** 			taskYIELD();
3244:Middlewares/Third_Party/FreeRTOS/Source/tasks.c **** 		}
3245:Middlewares/Third_Party/FreeRTOS/Source/tasks.c **** 		#endif /* configUSE_PREEMPTION */
3246:Middlewares/Third_Party/FreeRTOS/Source/tasks.c **** 
3247:Middlewares/Third_Party/FreeRTOS/Source/tasks.c **** 		#if ( ( configUSE_PREEMPTION == 1 ) && ( configIDLE_SHOULD_YIELD == 1 ) )
3248:Middlewares/Third_Party/FreeRTOS/Source/tasks.c **** 		{
3249:Middlewares/Third_Party/FreeRTOS/Source/tasks.c **** 			/* When using preemption tasks of equal priority will be
3250:Middlewares/Third_Party/FreeRTOS/Source/tasks.c **** 			timesliced.  If a task that is sharing the idle priority is ready
3251:Middlewares/Third_Party/FreeRTOS/Source/tasks.c **** 			to run then the idle task should yield before the end of the
3252:Middlewares/Third_Party/FreeRTOS/Source/tasks.c **** 			timeslice.
3253:Middlewares/Third_Party/FreeRTOS/Source/tasks.c **** 
3254:Middlewares/Third_Party/FreeRTOS/Source/tasks.c **** 			A critical region is not required here as we are just reading from
3255:Middlewares/Third_Party/FreeRTOS/Source/tasks.c **** 			the list, and an occasional incorrect value will not matter.  If
3256:Middlewares/Third_Party/FreeRTOS/Source/tasks.c **** 			the ready list at the idle priority contains more than one task
3257:Middlewares/Third_Party/FreeRTOS/Source/tasks.c **** 			then a task other than the idle task is ready to execute. */
3258:Middlewares/Third_Party/FreeRTOS/Source/tasks.c **** 			if( listCURRENT_LIST_LENGTH( &( pxReadyTasksLists[ tskIDLE_PRIORITY ] ) ) > ( UBaseType_t ) 1 )
3259:Middlewares/Third_Party/FreeRTOS/Source/tasks.c **** 			{
3260:Middlewares/Third_Party/FreeRTOS/Source/tasks.c **** 				taskYIELD();
3261:Middlewares/Third_Party/FreeRTOS/Source/tasks.c **** 			}
3262:Middlewares/Third_Party/FreeRTOS/Source/tasks.c **** 			else
3263:Middlewares/Third_Party/FreeRTOS/Source/tasks.c **** 			{
3264:Middlewares/Third_Party/FreeRTOS/Source/tasks.c **** 				mtCOVERAGE_TEST_MARKER();
3265:Middlewares/Third_Party/FreeRTOS/Source/tasks.c **** 			}
ARM GAS  /tmp/ccZZCKwI.s 			page 64


3266:Middlewares/Third_Party/FreeRTOS/Source/tasks.c **** 		}
3267:Middlewares/Third_Party/FreeRTOS/Source/tasks.c **** 		#endif /* ( ( configUSE_PREEMPTION == 1 ) && ( configIDLE_SHOULD_YIELD == 1 ) ) */
3268:Middlewares/Third_Party/FreeRTOS/Source/tasks.c **** 
3269:Middlewares/Third_Party/FreeRTOS/Source/tasks.c **** 		#if ( configUSE_IDLE_HOOK == 1 )
3270:Middlewares/Third_Party/FreeRTOS/Source/tasks.c **** 		{
3271:Middlewares/Third_Party/FreeRTOS/Source/tasks.c **** 			extern void vApplicationIdleHook( void );
3272:Middlewares/Third_Party/FreeRTOS/Source/tasks.c **** 
3273:Middlewares/Third_Party/FreeRTOS/Source/tasks.c **** 			/* Call the user defined function from within the idle task.  This
3274:Middlewares/Third_Party/FreeRTOS/Source/tasks.c **** 			allows the application designer to add background functionality
3275:Middlewares/Third_Party/FreeRTOS/Source/tasks.c **** 			without the overhead of a separate task.
3276:Middlewares/Third_Party/FreeRTOS/Source/tasks.c **** 			NOTE: vApplicationIdleHook() MUST NOT, UNDER ANY CIRCUMSTANCES,
3277:Middlewares/Third_Party/FreeRTOS/Source/tasks.c **** 			CALL A FUNCTION THAT MIGHT BLOCK. */
3278:Middlewares/Third_Party/FreeRTOS/Source/tasks.c **** 			vApplicationIdleHook();
3279:Middlewares/Third_Party/FreeRTOS/Source/tasks.c **** 		}
3280:Middlewares/Third_Party/FreeRTOS/Source/tasks.c **** 		#endif /* configUSE_IDLE_HOOK */
3281:Middlewares/Third_Party/FreeRTOS/Source/tasks.c **** 
3282:Middlewares/Third_Party/FreeRTOS/Source/tasks.c **** 		/* This conditional compilation should use inequality to 0, not equality
3283:Middlewares/Third_Party/FreeRTOS/Source/tasks.c **** 		to 1.  This is to ensure portSUPPRESS_TICKS_AND_SLEEP() is called when
3284:Middlewares/Third_Party/FreeRTOS/Source/tasks.c **** 		user defined low power mode	implementations require
3285:Middlewares/Third_Party/FreeRTOS/Source/tasks.c **** 		configUSE_TICKLESS_IDLE to be set to a value other than 1. */
3286:Middlewares/Third_Party/FreeRTOS/Source/tasks.c **** 		#if ( configUSE_TICKLESS_IDLE != 0 )
3287:Middlewares/Third_Party/FreeRTOS/Source/tasks.c **** 		{
3288:Middlewares/Third_Party/FreeRTOS/Source/tasks.c **** 		TickType_t xExpectedIdleTime;
3289:Middlewares/Third_Party/FreeRTOS/Source/tasks.c **** 
3290:Middlewares/Third_Party/FreeRTOS/Source/tasks.c **** 			/* It is not desirable to suspend then resume the scheduler on
3291:Middlewares/Third_Party/FreeRTOS/Source/tasks.c **** 			each iteration of the idle task.  Therefore, a preliminary
3292:Middlewares/Third_Party/FreeRTOS/Source/tasks.c **** 			test of the expected idle time is performed without the
3293:Middlewares/Third_Party/FreeRTOS/Source/tasks.c **** 			scheduler suspended.  The result here is not necessarily
3294:Middlewares/Third_Party/FreeRTOS/Source/tasks.c **** 			valid. */
3295:Middlewares/Third_Party/FreeRTOS/Source/tasks.c **** 			xExpectedIdleTime = prvGetExpectedIdleTime();
3296:Middlewares/Third_Party/FreeRTOS/Source/tasks.c **** 
3297:Middlewares/Third_Party/FreeRTOS/Source/tasks.c **** 			if( xExpectedIdleTime >= configEXPECTED_IDLE_TIME_BEFORE_SLEEP )
3298:Middlewares/Third_Party/FreeRTOS/Source/tasks.c **** 			{
3299:Middlewares/Third_Party/FreeRTOS/Source/tasks.c **** 				vTaskSuspendAll();
3300:Middlewares/Third_Party/FreeRTOS/Source/tasks.c **** 				{
3301:Middlewares/Third_Party/FreeRTOS/Source/tasks.c **** 					/* Now the scheduler is suspended, the expected idle
3302:Middlewares/Third_Party/FreeRTOS/Source/tasks.c **** 					time can be sampled again, and this time its value can
3303:Middlewares/Third_Party/FreeRTOS/Source/tasks.c **** 					be used. */
3304:Middlewares/Third_Party/FreeRTOS/Source/tasks.c **** 					configASSERT( xNextTaskUnblockTime >= xTickCount );
3305:Middlewares/Third_Party/FreeRTOS/Source/tasks.c **** 					xExpectedIdleTime = prvGetExpectedIdleTime();
3306:Middlewares/Third_Party/FreeRTOS/Source/tasks.c **** 
3307:Middlewares/Third_Party/FreeRTOS/Source/tasks.c **** 					/* Define the following macro to set xExpectedIdleTime to 0
3308:Middlewares/Third_Party/FreeRTOS/Source/tasks.c **** 					if the application does not want
3309:Middlewares/Third_Party/FreeRTOS/Source/tasks.c **** 					portSUPPRESS_TICKS_AND_SLEEP() to be called. */
3310:Middlewares/Third_Party/FreeRTOS/Source/tasks.c **** 					configPRE_SUPPRESS_TICKS_AND_SLEEP_PROCESSING( xExpectedIdleTime );
3311:Middlewares/Third_Party/FreeRTOS/Source/tasks.c **** 
3312:Middlewares/Third_Party/FreeRTOS/Source/tasks.c **** 					if( xExpectedIdleTime >= configEXPECTED_IDLE_TIME_BEFORE_SLEEP )
3313:Middlewares/Third_Party/FreeRTOS/Source/tasks.c **** 					{
3314:Middlewares/Third_Party/FreeRTOS/Source/tasks.c **** 						traceLOW_POWER_IDLE_BEGIN();
3315:Middlewares/Third_Party/FreeRTOS/Source/tasks.c **** 						portSUPPRESS_TICKS_AND_SLEEP( xExpectedIdleTime );
3316:Middlewares/Third_Party/FreeRTOS/Source/tasks.c **** 						traceLOW_POWER_IDLE_END();
3317:Middlewares/Third_Party/FreeRTOS/Source/tasks.c **** 					}
3318:Middlewares/Third_Party/FreeRTOS/Source/tasks.c **** 					else
3319:Middlewares/Third_Party/FreeRTOS/Source/tasks.c **** 					{
3320:Middlewares/Third_Party/FreeRTOS/Source/tasks.c **** 						mtCOVERAGE_TEST_MARKER();
3321:Middlewares/Third_Party/FreeRTOS/Source/tasks.c **** 					}
3322:Middlewares/Third_Party/FreeRTOS/Source/tasks.c **** 				}
ARM GAS  /tmp/ccZZCKwI.s 			page 65


3323:Middlewares/Third_Party/FreeRTOS/Source/tasks.c **** 				( void ) xTaskResumeAll();
3324:Middlewares/Third_Party/FreeRTOS/Source/tasks.c **** 			}
3325:Middlewares/Third_Party/FreeRTOS/Source/tasks.c **** 			else
3326:Middlewares/Third_Party/FreeRTOS/Source/tasks.c **** 			{
3327:Middlewares/Third_Party/FreeRTOS/Source/tasks.c **** 				mtCOVERAGE_TEST_MARKER();
3328:Middlewares/Third_Party/FreeRTOS/Source/tasks.c **** 			}
3329:Middlewares/Third_Party/FreeRTOS/Source/tasks.c **** 		}
3330:Middlewares/Third_Party/FreeRTOS/Source/tasks.c **** 		#endif /* configUSE_TICKLESS_IDLE */
3331:Middlewares/Third_Party/FreeRTOS/Source/tasks.c **** 	}
3332:Middlewares/Third_Party/FreeRTOS/Source/tasks.c **** }
3333:Middlewares/Third_Party/FreeRTOS/Source/tasks.c **** /*-----------------------------------------------------------*/
3334:Middlewares/Third_Party/FreeRTOS/Source/tasks.c **** 
3335:Middlewares/Third_Party/FreeRTOS/Source/tasks.c **** #if( configUSE_TICKLESS_IDLE != 0 )
3336:Middlewares/Third_Party/FreeRTOS/Source/tasks.c **** 
3337:Middlewares/Third_Party/FreeRTOS/Source/tasks.c **** 	eSleepModeStatus eTaskConfirmSleepModeStatus( void )
3338:Middlewares/Third_Party/FreeRTOS/Source/tasks.c **** 	{
3339:Middlewares/Third_Party/FreeRTOS/Source/tasks.c **** 	/* The idle task exists in addition to the application tasks. */
3340:Middlewares/Third_Party/FreeRTOS/Source/tasks.c **** 	const UBaseType_t uxNonApplicationTasks = 1;
3341:Middlewares/Third_Party/FreeRTOS/Source/tasks.c **** 	eSleepModeStatus eReturn = eStandardSleep;
3342:Middlewares/Third_Party/FreeRTOS/Source/tasks.c **** 
3343:Middlewares/Third_Party/FreeRTOS/Source/tasks.c **** 		if( listCURRENT_LIST_LENGTH( &xPendingReadyList ) != 0 )
3344:Middlewares/Third_Party/FreeRTOS/Source/tasks.c **** 		{
3345:Middlewares/Third_Party/FreeRTOS/Source/tasks.c **** 			/* A task was made ready while the scheduler was suspended. */
3346:Middlewares/Third_Party/FreeRTOS/Source/tasks.c **** 			eReturn = eAbortSleep;
3347:Middlewares/Third_Party/FreeRTOS/Source/tasks.c **** 		}
3348:Middlewares/Third_Party/FreeRTOS/Source/tasks.c **** 		else if( xYieldPending != pdFALSE )
3349:Middlewares/Third_Party/FreeRTOS/Source/tasks.c **** 		{
3350:Middlewares/Third_Party/FreeRTOS/Source/tasks.c **** 			/* A yield was pended while the scheduler was suspended. */
3351:Middlewares/Third_Party/FreeRTOS/Source/tasks.c **** 			eReturn = eAbortSleep;
3352:Middlewares/Third_Party/FreeRTOS/Source/tasks.c **** 		}
3353:Middlewares/Third_Party/FreeRTOS/Source/tasks.c **** 		else
3354:Middlewares/Third_Party/FreeRTOS/Source/tasks.c **** 		{
3355:Middlewares/Third_Party/FreeRTOS/Source/tasks.c **** 			/* If all the tasks are in the suspended list (which might mean they
3356:Middlewares/Third_Party/FreeRTOS/Source/tasks.c **** 			have an infinite block time rather than actually being suspended)
3357:Middlewares/Third_Party/FreeRTOS/Source/tasks.c **** 			then it is safe to turn all clocks off and just wait for external
3358:Middlewares/Third_Party/FreeRTOS/Source/tasks.c **** 			interrupts. */
3359:Middlewares/Third_Party/FreeRTOS/Source/tasks.c **** 			if( listCURRENT_LIST_LENGTH( &xSuspendedTaskList ) == ( uxCurrentNumberOfTasks - uxNonApplicatio
3360:Middlewares/Third_Party/FreeRTOS/Source/tasks.c **** 			{
3361:Middlewares/Third_Party/FreeRTOS/Source/tasks.c **** 				eReturn = eNoTasksWaitingTimeout;
3362:Middlewares/Third_Party/FreeRTOS/Source/tasks.c **** 			}
3363:Middlewares/Third_Party/FreeRTOS/Source/tasks.c **** 			else
3364:Middlewares/Third_Party/FreeRTOS/Source/tasks.c **** 			{
3365:Middlewares/Third_Party/FreeRTOS/Source/tasks.c **** 				mtCOVERAGE_TEST_MARKER();
3366:Middlewares/Third_Party/FreeRTOS/Source/tasks.c **** 			}
3367:Middlewares/Third_Party/FreeRTOS/Source/tasks.c **** 		}
3368:Middlewares/Third_Party/FreeRTOS/Source/tasks.c **** 
3369:Middlewares/Third_Party/FreeRTOS/Source/tasks.c **** 		return eReturn;
3370:Middlewares/Third_Party/FreeRTOS/Source/tasks.c **** 	}
3371:Middlewares/Third_Party/FreeRTOS/Source/tasks.c **** 
3372:Middlewares/Third_Party/FreeRTOS/Source/tasks.c **** #endif /* configUSE_TICKLESS_IDLE */
3373:Middlewares/Third_Party/FreeRTOS/Source/tasks.c **** /*-----------------------------------------------------------*/
3374:Middlewares/Third_Party/FreeRTOS/Source/tasks.c **** 
3375:Middlewares/Third_Party/FreeRTOS/Source/tasks.c **** #if ( configNUM_THREAD_LOCAL_STORAGE_POINTERS != 0 )
3376:Middlewares/Third_Party/FreeRTOS/Source/tasks.c **** 
3377:Middlewares/Third_Party/FreeRTOS/Source/tasks.c **** 	void vTaskSetThreadLocalStoragePointer( TaskHandle_t xTaskToSet, BaseType_t xIndex, void *pvValue 
3378:Middlewares/Third_Party/FreeRTOS/Source/tasks.c **** 	{
3379:Middlewares/Third_Party/FreeRTOS/Source/tasks.c **** 	TCB_t *pxTCB;
ARM GAS  /tmp/ccZZCKwI.s 			page 66


3380:Middlewares/Third_Party/FreeRTOS/Source/tasks.c **** 
3381:Middlewares/Third_Party/FreeRTOS/Source/tasks.c **** 		if( xIndex < configNUM_THREAD_LOCAL_STORAGE_POINTERS )
3382:Middlewares/Third_Party/FreeRTOS/Source/tasks.c **** 		{
3383:Middlewares/Third_Party/FreeRTOS/Source/tasks.c **** 			pxTCB = prvGetTCBFromHandle( xTaskToSet );
3384:Middlewares/Third_Party/FreeRTOS/Source/tasks.c **** 			pxTCB->pvThreadLocalStoragePointers[ xIndex ] = pvValue;
3385:Middlewares/Third_Party/FreeRTOS/Source/tasks.c **** 		}
3386:Middlewares/Third_Party/FreeRTOS/Source/tasks.c **** 	}
3387:Middlewares/Third_Party/FreeRTOS/Source/tasks.c **** 
3388:Middlewares/Third_Party/FreeRTOS/Source/tasks.c **** #endif /* configNUM_THREAD_LOCAL_STORAGE_POINTERS */
3389:Middlewares/Third_Party/FreeRTOS/Source/tasks.c **** /*-----------------------------------------------------------*/
3390:Middlewares/Third_Party/FreeRTOS/Source/tasks.c **** 
3391:Middlewares/Third_Party/FreeRTOS/Source/tasks.c **** #if ( configNUM_THREAD_LOCAL_STORAGE_POINTERS != 0 )
3392:Middlewares/Third_Party/FreeRTOS/Source/tasks.c **** 
3393:Middlewares/Third_Party/FreeRTOS/Source/tasks.c **** 	void *pvTaskGetThreadLocalStoragePointer( TaskHandle_t xTaskToQuery, BaseType_t xIndex )
3394:Middlewares/Third_Party/FreeRTOS/Source/tasks.c **** 	{
3395:Middlewares/Third_Party/FreeRTOS/Source/tasks.c **** 	void *pvReturn = NULL;
3396:Middlewares/Third_Party/FreeRTOS/Source/tasks.c **** 	TCB_t *pxTCB;
3397:Middlewares/Third_Party/FreeRTOS/Source/tasks.c **** 
3398:Middlewares/Third_Party/FreeRTOS/Source/tasks.c **** 		if( xIndex < configNUM_THREAD_LOCAL_STORAGE_POINTERS )
3399:Middlewares/Third_Party/FreeRTOS/Source/tasks.c **** 		{
3400:Middlewares/Third_Party/FreeRTOS/Source/tasks.c **** 			pxTCB = prvGetTCBFromHandle( xTaskToQuery );
3401:Middlewares/Third_Party/FreeRTOS/Source/tasks.c **** 			pvReturn = pxTCB->pvThreadLocalStoragePointers[ xIndex ];
3402:Middlewares/Third_Party/FreeRTOS/Source/tasks.c **** 		}
3403:Middlewares/Third_Party/FreeRTOS/Source/tasks.c **** 		else
3404:Middlewares/Third_Party/FreeRTOS/Source/tasks.c **** 		{
3405:Middlewares/Third_Party/FreeRTOS/Source/tasks.c **** 			pvReturn = NULL;
3406:Middlewares/Third_Party/FreeRTOS/Source/tasks.c **** 		}
3407:Middlewares/Third_Party/FreeRTOS/Source/tasks.c **** 
3408:Middlewares/Third_Party/FreeRTOS/Source/tasks.c **** 		return pvReturn;
3409:Middlewares/Third_Party/FreeRTOS/Source/tasks.c **** 	}
3410:Middlewares/Third_Party/FreeRTOS/Source/tasks.c **** 
3411:Middlewares/Third_Party/FreeRTOS/Source/tasks.c **** #endif /* configNUM_THREAD_LOCAL_STORAGE_POINTERS */
3412:Middlewares/Third_Party/FreeRTOS/Source/tasks.c **** /*-----------------------------------------------------------*/
3413:Middlewares/Third_Party/FreeRTOS/Source/tasks.c **** 
3414:Middlewares/Third_Party/FreeRTOS/Source/tasks.c **** #if ( portUSING_MPU_WRAPPERS == 1 )
3415:Middlewares/Third_Party/FreeRTOS/Source/tasks.c **** 
3416:Middlewares/Third_Party/FreeRTOS/Source/tasks.c **** 	void vTaskAllocateMPURegions( TaskHandle_t xTaskToModify, const MemoryRegion_t * const xRegions )
3417:Middlewares/Third_Party/FreeRTOS/Source/tasks.c **** 	{
3418:Middlewares/Third_Party/FreeRTOS/Source/tasks.c **** 	TCB_t *pxTCB;
3419:Middlewares/Third_Party/FreeRTOS/Source/tasks.c **** 
3420:Middlewares/Third_Party/FreeRTOS/Source/tasks.c **** 		/* If null is passed in here then we are modifying the MPU settings of
3421:Middlewares/Third_Party/FreeRTOS/Source/tasks.c **** 		the calling task. */
3422:Middlewares/Third_Party/FreeRTOS/Source/tasks.c **** 		pxTCB = prvGetTCBFromHandle( xTaskToModify );
3423:Middlewares/Third_Party/FreeRTOS/Source/tasks.c **** 
3424:Middlewares/Third_Party/FreeRTOS/Source/tasks.c **** 		vPortStoreTaskMPUSettings( &( pxTCB->xMPUSettings ), xRegions, NULL, 0 );
3425:Middlewares/Third_Party/FreeRTOS/Source/tasks.c **** 	}
3426:Middlewares/Third_Party/FreeRTOS/Source/tasks.c **** 
3427:Middlewares/Third_Party/FreeRTOS/Source/tasks.c **** #endif /* portUSING_MPU_WRAPPERS */
3428:Middlewares/Third_Party/FreeRTOS/Source/tasks.c **** /*-----------------------------------------------------------*/
3429:Middlewares/Third_Party/FreeRTOS/Source/tasks.c **** 
3430:Middlewares/Third_Party/FreeRTOS/Source/tasks.c **** static void prvInitialiseTaskLists( void )
3431:Middlewares/Third_Party/FreeRTOS/Source/tasks.c **** {
3432:Middlewares/Third_Party/FreeRTOS/Source/tasks.c **** UBaseType_t uxPriority;
3433:Middlewares/Third_Party/FreeRTOS/Source/tasks.c **** 
3434:Middlewares/Third_Party/FreeRTOS/Source/tasks.c **** 	for( uxPriority = ( UBaseType_t ) 0U; uxPriority < ( UBaseType_t ) configMAX_PRIORITIES; uxPriorit
3435:Middlewares/Third_Party/FreeRTOS/Source/tasks.c **** 	{
3436:Middlewares/Third_Party/FreeRTOS/Source/tasks.c **** 		vListInitialise( &( pxReadyTasksLists[ uxPriority ] ) );
ARM GAS  /tmp/ccZZCKwI.s 			page 67


3437:Middlewares/Third_Party/FreeRTOS/Source/tasks.c **** 	}
3438:Middlewares/Third_Party/FreeRTOS/Source/tasks.c **** 
3439:Middlewares/Third_Party/FreeRTOS/Source/tasks.c **** 	vListInitialise( &xDelayedTaskList1 );
3440:Middlewares/Third_Party/FreeRTOS/Source/tasks.c **** 	vListInitialise( &xDelayedTaskList2 );
3441:Middlewares/Third_Party/FreeRTOS/Source/tasks.c **** 	vListInitialise( &xPendingReadyList );
3442:Middlewares/Third_Party/FreeRTOS/Source/tasks.c **** 
3443:Middlewares/Third_Party/FreeRTOS/Source/tasks.c **** 	#if ( INCLUDE_vTaskDelete == 1 )
3444:Middlewares/Third_Party/FreeRTOS/Source/tasks.c **** 	{
3445:Middlewares/Third_Party/FreeRTOS/Source/tasks.c **** 		vListInitialise( &xTasksWaitingTermination );
3446:Middlewares/Third_Party/FreeRTOS/Source/tasks.c **** 	}
3447:Middlewares/Third_Party/FreeRTOS/Source/tasks.c **** 	#endif /* INCLUDE_vTaskDelete */
3448:Middlewares/Third_Party/FreeRTOS/Source/tasks.c **** 
3449:Middlewares/Third_Party/FreeRTOS/Source/tasks.c **** 	#if ( INCLUDE_vTaskSuspend == 1 )
3450:Middlewares/Third_Party/FreeRTOS/Source/tasks.c **** 	{
3451:Middlewares/Third_Party/FreeRTOS/Source/tasks.c **** 		vListInitialise( &xSuspendedTaskList );
3452:Middlewares/Third_Party/FreeRTOS/Source/tasks.c **** 	}
3453:Middlewares/Third_Party/FreeRTOS/Source/tasks.c **** 	#endif /* INCLUDE_vTaskSuspend */
3454:Middlewares/Third_Party/FreeRTOS/Source/tasks.c **** 
3455:Middlewares/Third_Party/FreeRTOS/Source/tasks.c **** 	/* Start with pxDelayedTaskList using list1 and the pxOverflowDelayedTaskList
3456:Middlewares/Third_Party/FreeRTOS/Source/tasks.c **** 	using list2. */
3457:Middlewares/Third_Party/FreeRTOS/Source/tasks.c **** 	pxDelayedTaskList = &xDelayedTaskList1;
3458:Middlewares/Third_Party/FreeRTOS/Source/tasks.c **** 	pxOverflowDelayedTaskList = &xDelayedTaskList2;
3459:Middlewares/Third_Party/FreeRTOS/Source/tasks.c **** }
3460:Middlewares/Third_Party/FreeRTOS/Source/tasks.c **** /*-----------------------------------------------------------*/
3461:Middlewares/Third_Party/FreeRTOS/Source/tasks.c **** 
3462:Middlewares/Third_Party/FreeRTOS/Source/tasks.c **** static void prvCheckTasksWaitingTermination( void )
3463:Middlewares/Third_Party/FreeRTOS/Source/tasks.c **** {
3464:Middlewares/Third_Party/FreeRTOS/Source/tasks.c **** 
3465:Middlewares/Third_Party/FreeRTOS/Source/tasks.c **** 	/** THIS FUNCTION IS CALLED FROM THE RTOS IDLE TASK **/
3466:Middlewares/Third_Party/FreeRTOS/Source/tasks.c **** 
3467:Middlewares/Third_Party/FreeRTOS/Source/tasks.c **** 	#if ( INCLUDE_vTaskDelete == 1 )
3468:Middlewares/Third_Party/FreeRTOS/Source/tasks.c **** 	{
3469:Middlewares/Third_Party/FreeRTOS/Source/tasks.c **** 		TCB_t *pxTCB;
3470:Middlewares/Third_Party/FreeRTOS/Source/tasks.c **** 
3471:Middlewares/Third_Party/FreeRTOS/Source/tasks.c **** 		/* uxDeletedTasksWaitingCleanUp is used to prevent vTaskSuspendAll()
3472:Middlewares/Third_Party/FreeRTOS/Source/tasks.c **** 		being called too often in the idle task. */
3473:Middlewares/Third_Party/FreeRTOS/Source/tasks.c **** 		while( uxDeletedTasksWaitingCleanUp > ( UBaseType_t ) 0U )
3474:Middlewares/Third_Party/FreeRTOS/Source/tasks.c **** 		{
3475:Middlewares/Third_Party/FreeRTOS/Source/tasks.c **** 			taskENTER_CRITICAL();
3476:Middlewares/Third_Party/FreeRTOS/Source/tasks.c **** 			{
3477:Middlewares/Third_Party/FreeRTOS/Source/tasks.c **** 				pxTCB = ( TCB_t * ) listGET_OWNER_OF_HEAD_ENTRY( ( &xTasksWaitingTermination ) );
3478:Middlewares/Third_Party/FreeRTOS/Source/tasks.c **** 				( void ) uxListRemove( &( pxTCB->xStateListItem ) );
3479:Middlewares/Third_Party/FreeRTOS/Source/tasks.c **** 				--uxCurrentNumberOfTasks;
3480:Middlewares/Third_Party/FreeRTOS/Source/tasks.c **** 				--uxDeletedTasksWaitingCleanUp;
3481:Middlewares/Third_Party/FreeRTOS/Source/tasks.c **** 			}
3482:Middlewares/Third_Party/FreeRTOS/Source/tasks.c **** 			taskEXIT_CRITICAL();
3483:Middlewares/Third_Party/FreeRTOS/Source/tasks.c **** 
3484:Middlewares/Third_Party/FreeRTOS/Source/tasks.c **** 			prvDeleteTCB( pxTCB );
3485:Middlewares/Third_Party/FreeRTOS/Source/tasks.c **** 		}
3486:Middlewares/Third_Party/FreeRTOS/Source/tasks.c **** 	}
3487:Middlewares/Third_Party/FreeRTOS/Source/tasks.c **** 	#endif /* INCLUDE_vTaskDelete */
3488:Middlewares/Third_Party/FreeRTOS/Source/tasks.c **** }
3489:Middlewares/Third_Party/FreeRTOS/Source/tasks.c **** /*-----------------------------------------------------------*/
3490:Middlewares/Third_Party/FreeRTOS/Source/tasks.c **** 
3491:Middlewares/Third_Party/FreeRTOS/Source/tasks.c **** #if( configUSE_TRACE_FACILITY == 1 )
3492:Middlewares/Third_Party/FreeRTOS/Source/tasks.c **** 
3493:Middlewares/Third_Party/FreeRTOS/Source/tasks.c **** 	void vTaskGetInfo( TaskHandle_t xTask, TaskStatus_t *pxTaskStatus, BaseType_t xGetFreeStackSpace, 
ARM GAS  /tmp/ccZZCKwI.s 			page 68


3494:Middlewares/Third_Party/FreeRTOS/Source/tasks.c **** 	{
3495:Middlewares/Third_Party/FreeRTOS/Source/tasks.c **** 	TCB_t *pxTCB;
3496:Middlewares/Third_Party/FreeRTOS/Source/tasks.c **** 
3497:Middlewares/Third_Party/FreeRTOS/Source/tasks.c **** 		/* xTask is NULL then get the state of the calling task. */
3498:Middlewares/Third_Party/FreeRTOS/Source/tasks.c **** 		pxTCB = prvGetTCBFromHandle( xTask );
3499:Middlewares/Third_Party/FreeRTOS/Source/tasks.c **** 
3500:Middlewares/Third_Party/FreeRTOS/Source/tasks.c **** 		pxTaskStatus->xHandle = ( TaskHandle_t ) pxTCB;
3501:Middlewares/Third_Party/FreeRTOS/Source/tasks.c **** 		pxTaskStatus->pcTaskName = ( const char * ) &( pxTCB->pcTaskName [ 0 ] );
3502:Middlewares/Third_Party/FreeRTOS/Source/tasks.c **** 		pxTaskStatus->uxCurrentPriority = pxTCB->uxPriority;
3503:Middlewares/Third_Party/FreeRTOS/Source/tasks.c **** 		pxTaskStatus->pxStackBase = pxTCB->pxStack;
3504:Middlewares/Third_Party/FreeRTOS/Source/tasks.c **** 		pxTaskStatus->xTaskNumber = pxTCB->uxTCBNumber;
3505:Middlewares/Third_Party/FreeRTOS/Source/tasks.c **** 
3506:Middlewares/Third_Party/FreeRTOS/Source/tasks.c **** 		#if ( configUSE_MUTEXES == 1 )
3507:Middlewares/Third_Party/FreeRTOS/Source/tasks.c **** 		{
3508:Middlewares/Third_Party/FreeRTOS/Source/tasks.c **** 			pxTaskStatus->uxBasePriority = pxTCB->uxBasePriority;
3509:Middlewares/Third_Party/FreeRTOS/Source/tasks.c **** 		}
3510:Middlewares/Third_Party/FreeRTOS/Source/tasks.c **** 		#else
3511:Middlewares/Third_Party/FreeRTOS/Source/tasks.c **** 		{
3512:Middlewares/Third_Party/FreeRTOS/Source/tasks.c **** 			pxTaskStatus->uxBasePriority = 0;
3513:Middlewares/Third_Party/FreeRTOS/Source/tasks.c **** 		}
3514:Middlewares/Third_Party/FreeRTOS/Source/tasks.c **** 		#endif
3515:Middlewares/Third_Party/FreeRTOS/Source/tasks.c **** 
3516:Middlewares/Third_Party/FreeRTOS/Source/tasks.c **** 		#if ( configGENERATE_RUN_TIME_STATS == 1 )
3517:Middlewares/Third_Party/FreeRTOS/Source/tasks.c **** 		{
3518:Middlewares/Third_Party/FreeRTOS/Source/tasks.c **** 			pxTaskStatus->ulRunTimeCounter = pxTCB->ulRunTimeCounter;
3519:Middlewares/Third_Party/FreeRTOS/Source/tasks.c **** 		}
3520:Middlewares/Third_Party/FreeRTOS/Source/tasks.c **** 		#else
3521:Middlewares/Third_Party/FreeRTOS/Source/tasks.c **** 		{
3522:Middlewares/Third_Party/FreeRTOS/Source/tasks.c **** 			pxTaskStatus->ulRunTimeCounter = 0;
3523:Middlewares/Third_Party/FreeRTOS/Source/tasks.c **** 		}
3524:Middlewares/Third_Party/FreeRTOS/Source/tasks.c **** 		#endif
3525:Middlewares/Third_Party/FreeRTOS/Source/tasks.c **** 
3526:Middlewares/Third_Party/FreeRTOS/Source/tasks.c **** 		/* Obtaining the task state is a little fiddly, so is only done if the
3527:Middlewares/Third_Party/FreeRTOS/Source/tasks.c **** 		value of eState passed into this function is eInvalid - otherwise the
3528:Middlewares/Third_Party/FreeRTOS/Source/tasks.c **** 		state is just set to whatever is passed in. */
3529:Middlewares/Third_Party/FreeRTOS/Source/tasks.c **** 		if( eState != eInvalid )
3530:Middlewares/Third_Party/FreeRTOS/Source/tasks.c **** 		{
3531:Middlewares/Third_Party/FreeRTOS/Source/tasks.c **** 			if( pxTCB == pxCurrentTCB )
3532:Middlewares/Third_Party/FreeRTOS/Source/tasks.c **** 			{
3533:Middlewares/Third_Party/FreeRTOS/Source/tasks.c **** 				pxTaskStatus->eCurrentState = eRunning;
3534:Middlewares/Third_Party/FreeRTOS/Source/tasks.c **** 			}
3535:Middlewares/Third_Party/FreeRTOS/Source/tasks.c **** 			else
3536:Middlewares/Third_Party/FreeRTOS/Source/tasks.c **** 			{
3537:Middlewares/Third_Party/FreeRTOS/Source/tasks.c **** 				pxTaskStatus->eCurrentState = eState;
3538:Middlewares/Third_Party/FreeRTOS/Source/tasks.c **** 
3539:Middlewares/Third_Party/FreeRTOS/Source/tasks.c **** 				#if ( INCLUDE_vTaskSuspend == 1 )
3540:Middlewares/Third_Party/FreeRTOS/Source/tasks.c **** 				{
3541:Middlewares/Third_Party/FreeRTOS/Source/tasks.c **** 					/* If the task is in the suspended list then there is a
3542:Middlewares/Third_Party/FreeRTOS/Source/tasks.c **** 					chance it is actually just blocked indefinitely - so really
3543:Middlewares/Third_Party/FreeRTOS/Source/tasks.c **** 					it should be reported as being in the Blocked state. */
3544:Middlewares/Third_Party/FreeRTOS/Source/tasks.c **** 					if( eState == eSuspended )
3545:Middlewares/Third_Party/FreeRTOS/Source/tasks.c **** 					{
3546:Middlewares/Third_Party/FreeRTOS/Source/tasks.c **** 						vTaskSuspendAll();
3547:Middlewares/Third_Party/FreeRTOS/Source/tasks.c **** 						{
3548:Middlewares/Third_Party/FreeRTOS/Source/tasks.c **** 							if( listLIST_ITEM_CONTAINER( &( pxTCB->xEventListItem ) ) != NULL )
3549:Middlewares/Third_Party/FreeRTOS/Source/tasks.c **** 							{
3550:Middlewares/Third_Party/FreeRTOS/Source/tasks.c **** 								pxTaskStatus->eCurrentState = eBlocked;
ARM GAS  /tmp/ccZZCKwI.s 			page 69


3551:Middlewares/Third_Party/FreeRTOS/Source/tasks.c **** 							}
3552:Middlewares/Third_Party/FreeRTOS/Source/tasks.c **** 						}
3553:Middlewares/Third_Party/FreeRTOS/Source/tasks.c **** 						( void ) xTaskResumeAll();
3554:Middlewares/Third_Party/FreeRTOS/Source/tasks.c **** 					}
3555:Middlewares/Third_Party/FreeRTOS/Source/tasks.c **** 				}
3556:Middlewares/Third_Party/FreeRTOS/Source/tasks.c **** 				#endif /* INCLUDE_vTaskSuspend */
3557:Middlewares/Third_Party/FreeRTOS/Source/tasks.c **** 			}
3558:Middlewares/Third_Party/FreeRTOS/Source/tasks.c **** 		}
3559:Middlewares/Third_Party/FreeRTOS/Source/tasks.c **** 		else
3560:Middlewares/Third_Party/FreeRTOS/Source/tasks.c **** 		{
3561:Middlewares/Third_Party/FreeRTOS/Source/tasks.c **** 			pxTaskStatus->eCurrentState = eTaskGetState( pxTCB );
3562:Middlewares/Third_Party/FreeRTOS/Source/tasks.c **** 		}
3563:Middlewares/Third_Party/FreeRTOS/Source/tasks.c **** 
3564:Middlewares/Third_Party/FreeRTOS/Source/tasks.c **** 		/* Obtaining the stack space takes some time, so the xGetFreeStackSpace
3565:Middlewares/Third_Party/FreeRTOS/Source/tasks.c **** 		parameter is provided to allow it to be skipped. */
3566:Middlewares/Third_Party/FreeRTOS/Source/tasks.c **** 		if( xGetFreeStackSpace != pdFALSE )
3567:Middlewares/Third_Party/FreeRTOS/Source/tasks.c **** 		{
3568:Middlewares/Third_Party/FreeRTOS/Source/tasks.c **** 			#if ( portSTACK_GROWTH > 0 )
3569:Middlewares/Third_Party/FreeRTOS/Source/tasks.c **** 			{
3570:Middlewares/Third_Party/FreeRTOS/Source/tasks.c **** 				pxTaskStatus->usStackHighWaterMark = prvTaskCheckFreeStackSpace( ( uint8_t * ) pxTCB->pxEndOfSt
3571:Middlewares/Third_Party/FreeRTOS/Source/tasks.c **** 			}
3572:Middlewares/Third_Party/FreeRTOS/Source/tasks.c **** 			#else
3573:Middlewares/Third_Party/FreeRTOS/Source/tasks.c **** 			{
3574:Middlewares/Third_Party/FreeRTOS/Source/tasks.c **** 				pxTaskStatus->usStackHighWaterMark = prvTaskCheckFreeStackSpace( ( uint8_t * ) pxTCB->pxStack )
3575:Middlewares/Third_Party/FreeRTOS/Source/tasks.c **** 			}
3576:Middlewares/Third_Party/FreeRTOS/Source/tasks.c **** 			#endif
3577:Middlewares/Third_Party/FreeRTOS/Source/tasks.c **** 		}
3578:Middlewares/Third_Party/FreeRTOS/Source/tasks.c **** 		else
3579:Middlewares/Third_Party/FreeRTOS/Source/tasks.c **** 		{
3580:Middlewares/Third_Party/FreeRTOS/Source/tasks.c **** 			pxTaskStatus->usStackHighWaterMark = 0;
3581:Middlewares/Third_Party/FreeRTOS/Source/tasks.c **** 		}
3582:Middlewares/Third_Party/FreeRTOS/Source/tasks.c **** 	}
3583:Middlewares/Third_Party/FreeRTOS/Source/tasks.c **** 
3584:Middlewares/Third_Party/FreeRTOS/Source/tasks.c **** #endif /* configUSE_TRACE_FACILITY */
3585:Middlewares/Third_Party/FreeRTOS/Source/tasks.c **** /*-----------------------------------------------------------*/
3586:Middlewares/Third_Party/FreeRTOS/Source/tasks.c **** 
3587:Middlewares/Third_Party/FreeRTOS/Source/tasks.c **** #if ( configUSE_TRACE_FACILITY == 1 )
3588:Middlewares/Third_Party/FreeRTOS/Source/tasks.c **** 
3589:Middlewares/Third_Party/FreeRTOS/Source/tasks.c **** 	static UBaseType_t prvListTasksWithinSingleList( TaskStatus_t *pxTaskStatusArray, List_t *pxList, 
3590:Middlewares/Third_Party/FreeRTOS/Source/tasks.c **** 	{
3591:Middlewares/Third_Party/FreeRTOS/Source/tasks.c **** 	configLIST_VOLATILE TCB_t *pxNextTCB, *pxFirstTCB;
3592:Middlewares/Third_Party/FreeRTOS/Source/tasks.c **** 	UBaseType_t uxTask = 0;
3593:Middlewares/Third_Party/FreeRTOS/Source/tasks.c **** 
3594:Middlewares/Third_Party/FreeRTOS/Source/tasks.c **** 		if( listCURRENT_LIST_LENGTH( pxList ) > ( UBaseType_t ) 0 )
3595:Middlewares/Third_Party/FreeRTOS/Source/tasks.c **** 		{
3596:Middlewares/Third_Party/FreeRTOS/Source/tasks.c **** 			listGET_OWNER_OF_NEXT_ENTRY( pxFirstTCB, pxList );
3597:Middlewares/Third_Party/FreeRTOS/Source/tasks.c **** 
3598:Middlewares/Third_Party/FreeRTOS/Source/tasks.c **** 			/* Populate an TaskStatus_t structure within the
3599:Middlewares/Third_Party/FreeRTOS/Source/tasks.c **** 			pxTaskStatusArray array for each task that is referenced from
3600:Middlewares/Third_Party/FreeRTOS/Source/tasks.c **** 			pxList.  See the definition of TaskStatus_t in task.h for the
3601:Middlewares/Third_Party/FreeRTOS/Source/tasks.c **** 			meaning of each TaskStatus_t structure member. */
3602:Middlewares/Third_Party/FreeRTOS/Source/tasks.c **** 			do
3603:Middlewares/Third_Party/FreeRTOS/Source/tasks.c **** 			{
3604:Middlewares/Third_Party/FreeRTOS/Source/tasks.c **** 				listGET_OWNER_OF_NEXT_ENTRY( pxNextTCB, pxList );
3605:Middlewares/Third_Party/FreeRTOS/Source/tasks.c **** 				vTaskGetInfo( ( TaskHandle_t ) pxNextTCB, &( pxTaskStatusArray[ uxTask ] ), pdTRUE, eState );
3606:Middlewares/Third_Party/FreeRTOS/Source/tasks.c **** 				uxTask++;
3607:Middlewares/Third_Party/FreeRTOS/Source/tasks.c **** 			} while( pxNextTCB != pxFirstTCB );
ARM GAS  /tmp/ccZZCKwI.s 			page 70


3608:Middlewares/Third_Party/FreeRTOS/Source/tasks.c **** 		}
3609:Middlewares/Third_Party/FreeRTOS/Source/tasks.c **** 		else
3610:Middlewares/Third_Party/FreeRTOS/Source/tasks.c **** 		{
3611:Middlewares/Third_Party/FreeRTOS/Source/tasks.c **** 			mtCOVERAGE_TEST_MARKER();
3612:Middlewares/Third_Party/FreeRTOS/Source/tasks.c **** 		}
3613:Middlewares/Third_Party/FreeRTOS/Source/tasks.c **** 
3614:Middlewares/Third_Party/FreeRTOS/Source/tasks.c **** 		return uxTask;
3615:Middlewares/Third_Party/FreeRTOS/Source/tasks.c **** 	}
3616:Middlewares/Third_Party/FreeRTOS/Source/tasks.c **** 
3617:Middlewares/Third_Party/FreeRTOS/Source/tasks.c **** #endif /* configUSE_TRACE_FACILITY */
3618:Middlewares/Third_Party/FreeRTOS/Source/tasks.c **** /*-----------------------------------------------------------*/
3619:Middlewares/Third_Party/FreeRTOS/Source/tasks.c **** 
3620:Middlewares/Third_Party/FreeRTOS/Source/tasks.c **** #if ( ( configUSE_TRACE_FACILITY == 1 ) || ( INCLUDE_uxTaskGetStackHighWaterMark == 1 ) )
3621:Middlewares/Third_Party/FreeRTOS/Source/tasks.c **** 
3622:Middlewares/Third_Party/FreeRTOS/Source/tasks.c **** 	static uint16_t prvTaskCheckFreeStackSpace( const uint8_t * pucStackByte )
3623:Middlewares/Third_Party/FreeRTOS/Source/tasks.c **** 	{
 126              		.loc 1 3623 2 is_stmt 1 view -0
 127              		.cfi_startproc
 128              		@ args = 0, pretend = 0, frame = 0
 129              		@ frame_needed = 0, uses_anonymous_args = 0
 130              		@ link register save eliminated.
3624:Middlewares/Third_Party/FreeRTOS/Source/tasks.c **** 	uint32_t ulCount = 0U;
 131              		.loc 1 3624 2 view .LVU30
3625:Middlewares/Third_Party/FreeRTOS/Source/tasks.c **** 
3626:Middlewares/Third_Party/FreeRTOS/Source/tasks.c **** 		while( *pucStackByte == ( uint8_t ) tskSTACK_FILL_BYTE )
 132              		.loc 1 3626 3 view .LVU31
3624:Middlewares/Third_Party/FreeRTOS/Source/tasks.c **** 	uint32_t ulCount = 0U;
 133              		.loc 1 3624 11 is_stmt 0 view .LVU32
 134 0000 0023     		movs	r3, #0
 135              		.loc 1 3626 8 view .LVU33
 136 0002 01E0     		b	.L13
 137              	.LVL9:
 138              	.L14:
3627:Middlewares/Third_Party/FreeRTOS/Source/tasks.c **** 		{
3628:Middlewares/Third_Party/FreeRTOS/Source/tasks.c **** 			pucStackByte -= portSTACK_GROWTH;
 139              		.loc 1 3628 4 is_stmt 1 view .LVU34
 140              		.loc 1 3628 17 is_stmt 0 view .LVU35
 141 0004 0130     		adds	r0, r0, #1
 142              	.LVL10:
3629:Middlewares/Third_Party/FreeRTOS/Source/tasks.c **** 			ulCount++;
 143              		.loc 1 3629 4 is_stmt 1 view .LVU36
 144              		.loc 1 3629 11 is_stmt 0 view .LVU37
 145 0006 0133     		adds	r3, r3, #1
 146              	.LVL11:
 147              	.L13:
3626:Middlewares/Third_Party/FreeRTOS/Source/tasks.c **** 		{
 148              		.loc 1 3626 24 is_stmt 1 view .LVU38
3626:Middlewares/Third_Party/FreeRTOS/Source/tasks.c **** 		{
 149              		.loc 1 3626 10 is_stmt 0 view .LVU39
 150 0008 0278     		ldrb	r2, [r0]	@ zero_extendqisi2
3626:Middlewares/Third_Party/FreeRTOS/Source/tasks.c **** 		{
 151              		.loc 1 3626 24 view .LVU40
 152 000a A52A     		cmp	r2, #165
 153 000c FAD0     		beq	.L14
3630:Middlewares/Third_Party/FreeRTOS/Source/tasks.c **** 		}
3631:Middlewares/Third_Party/FreeRTOS/Source/tasks.c **** 
3632:Middlewares/Third_Party/FreeRTOS/Source/tasks.c **** 		ulCount /= ( uint32_t ) sizeof( StackType_t ); /*lint !e961 Casting is not redundant on smaller a
ARM GAS  /tmp/ccZZCKwI.s 			page 71


 154              		.loc 1 3632 3 is_stmt 1 view .LVU41
 155              	.LVL12:
3633:Middlewares/Third_Party/FreeRTOS/Source/tasks.c **** 
3634:Middlewares/Third_Party/FreeRTOS/Source/tasks.c **** 		return ( uint16_t ) ulCount;
 156              		.loc 1 3634 3 view .LVU42
3635:Middlewares/Third_Party/FreeRTOS/Source/tasks.c **** 	}
 157              		.loc 1 3635 2 is_stmt 0 view .LVU43
 158 000e C3F38F00 		ubfx	r0, r3, #2, #16
 159              	.LVL13:
 160              		.loc 1 3635 2 view .LVU44
 161 0012 7047     		bx	lr
 162              		.cfi_endproc
 163              	.LFE46:
 165              		.section	.text.prvResetNextTaskUnblockTime,"ax",%progbits
 166              		.align	1
 167              		.syntax unified
 168              		.thumb
 169              		.thumb_func
 171              	prvResetNextTaskUnblockTime:
 172              	.LFB49:
3636:Middlewares/Third_Party/FreeRTOS/Source/tasks.c **** 
3637:Middlewares/Third_Party/FreeRTOS/Source/tasks.c **** #endif /* ( ( configUSE_TRACE_FACILITY == 1 ) || ( INCLUDE_uxTaskGetStackHighWaterMark == 1 ) ) */
3638:Middlewares/Third_Party/FreeRTOS/Source/tasks.c **** /*-----------------------------------------------------------*/
3639:Middlewares/Third_Party/FreeRTOS/Source/tasks.c **** 
3640:Middlewares/Third_Party/FreeRTOS/Source/tasks.c **** #if ( INCLUDE_uxTaskGetStackHighWaterMark == 1 )
3641:Middlewares/Third_Party/FreeRTOS/Source/tasks.c **** 
3642:Middlewares/Third_Party/FreeRTOS/Source/tasks.c **** 	UBaseType_t uxTaskGetStackHighWaterMark( TaskHandle_t xTask )
3643:Middlewares/Third_Party/FreeRTOS/Source/tasks.c **** 	{
3644:Middlewares/Third_Party/FreeRTOS/Source/tasks.c **** 	TCB_t *pxTCB;
3645:Middlewares/Third_Party/FreeRTOS/Source/tasks.c **** 	uint8_t *pucEndOfStack;
3646:Middlewares/Third_Party/FreeRTOS/Source/tasks.c **** 	UBaseType_t uxReturn;
3647:Middlewares/Third_Party/FreeRTOS/Source/tasks.c **** 
3648:Middlewares/Third_Party/FreeRTOS/Source/tasks.c **** 		pxTCB = prvGetTCBFromHandle( xTask );
3649:Middlewares/Third_Party/FreeRTOS/Source/tasks.c **** 
3650:Middlewares/Third_Party/FreeRTOS/Source/tasks.c **** 		#if portSTACK_GROWTH < 0
3651:Middlewares/Third_Party/FreeRTOS/Source/tasks.c **** 		{
3652:Middlewares/Third_Party/FreeRTOS/Source/tasks.c **** 			pucEndOfStack = ( uint8_t * ) pxTCB->pxStack;
3653:Middlewares/Third_Party/FreeRTOS/Source/tasks.c **** 		}
3654:Middlewares/Third_Party/FreeRTOS/Source/tasks.c **** 		#else
3655:Middlewares/Third_Party/FreeRTOS/Source/tasks.c **** 		{
3656:Middlewares/Third_Party/FreeRTOS/Source/tasks.c **** 			pucEndOfStack = ( uint8_t * ) pxTCB->pxEndOfStack;
3657:Middlewares/Third_Party/FreeRTOS/Source/tasks.c **** 		}
3658:Middlewares/Third_Party/FreeRTOS/Source/tasks.c **** 		#endif
3659:Middlewares/Third_Party/FreeRTOS/Source/tasks.c **** 
3660:Middlewares/Third_Party/FreeRTOS/Source/tasks.c **** 		uxReturn = ( UBaseType_t ) prvTaskCheckFreeStackSpace( pucEndOfStack );
3661:Middlewares/Third_Party/FreeRTOS/Source/tasks.c **** 
3662:Middlewares/Third_Party/FreeRTOS/Source/tasks.c **** 		return uxReturn;
3663:Middlewares/Third_Party/FreeRTOS/Source/tasks.c **** 	}
3664:Middlewares/Third_Party/FreeRTOS/Source/tasks.c **** 
3665:Middlewares/Third_Party/FreeRTOS/Source/tasks.c **** #endif /* INCLUDE_uxTaskGetStackHighWaterMark */
3666:Middlewares/Third_Party/FreeRTOS/Source/tasks.c **** /*-----------------------------------------------------------*/
3667:Middlewares/Third_Party/FreeRTOS/Source/tasks.c **** 
3668:Middlewares/Third_Party/FreeRTOS/Source/tasks.c **** #if ( INCLUDE_vTaskDelete == 1 )
3669:Middlewares/Third_Party/FreeRTOS/Source/tasks.c **** 
3670:Middlewares/Third_Party/FreeRTOS/Source/tasks.c **** 	static void prvDeleteTCB( TCB_t *pxTCB )
3671:Middlewares/Third_Party/FreeRTOS/Source/tasks.c **** 	{
3672:Middlewares/Third_Party/FreeRTOS/Source/tasks.c **** 		/* This call is required specifically for the TriCore port.  It must be
ARM GAS  /tmp/ccZZCKwI.s 			page 72


3673:Middlewares/Third_Party/FreeRTOS/Source/tasks.c **** 		above the vPortFree() calls.  The call is also used by ports/demos that
3674:Middlewares/Third_Party/FreeRTOS/Source/tasks.c **** 		want to allocate and clean RAM statically. */
3675:Middlewares/Third_Party/FreeRTOS/Source/tasks.c **** 		portCLEAN_UP_TCB( pxTCB );
3676:Middlewares/Third_Party/FreeRTOS/Source/tasks.c **** 
3677:Middlewares/Third_Party/FreeRTOS/Source/tasks.c **** 		/* Free up the memory allocated by the scheduler for the task.  It is up
3678:Middlewares/Third_Party/FreeRTOS/Source/tasks.c **** 		to the task to free any memory allocated at the application level. */
3679:Middlewares/Third_Party/FreeRTOS/Source/tasks.c **** 		#if ( configUSE_NEWLIB_REENTRANT == 1 )
3680:Middlewares/Third_Party/FreeRTOS/Source/tasks.c **** 		{
3681:Middlewares/Third_Party/FreeRTOS/Source/tasks.c **** 			_reclaim_reent( &( pxTCB->xNewLib_reent ) );
3682:Middlewares/Third_Party/FreeRTOS/Source/tasks.c **** 		}
3683:Middlewares/Third_Party/FreeRTOS/Source/tasks.c **** 		#endif /* configUSE_NEWLIB_REENTRANT */
3684:Middlewares/Third_Party/FreeRTOS/Source/tasks.c **** 
3685:Middlewares/Third_Party/FreeRTOS/Source/tasks.c **** 		#if( ( configSUPPORT_DYNAMIC_ALLOCATION == 1 ) && ( configSUPPORT_STATIC_ALLOCATION == 0 ) && ( p
3686:Middlewares/Third_Party/FreeRTOS/Source/tasks.c **** 		{
3687:Middlewares/Third_Party/FreeRTOS/Source/tasks.c **** 			/* The task can only have been allocated dynamically - free both
3688:Middlewares/Third_Party/FreeRTOS/Source/tasks.c **** 			the stack and TCB. */
3689:Middlewares/Third_Party/FreeRTOS/Source/tasks.c **** 			vPortFree( pxTCB->pxStack );
3690:Middlewares/Third_Party/FreeRTOS/Source/tasks.c **** 			vPortFree( pxTCB );
3691:Middlewares/Third_Party/FreeRTOS/Source/tasks.c **** 		}
3692:Middlewares/Third_Party/FreeRTOS/Source/tasks.c **** 		#elif( tskSTATIC_AND_DYNAMIC_ALLOCATION_POSSIBLE != 0 ) /*lint !e731 Macro has been consolidated 
3693:Middlewares/Third_Party/FreeRTOS/Source/tasks.c **** 		{
3694:Middlewares/Third_Party/FreeRTOS/Source/tasks.c **** 			/* The task could have been allocated statically or dynamically, so
3695:Middlewares/Third_Party/FreeRTOS/Source/tasks.c **** 			check what was statically allocated before trying to free the
3696:Middlewares/Third_Party/FreeRTOS/Source/tasks.c **** 			memory. */
3697:Middlewares/Third_Party/FreeRTOS/Source/tasks.c **** 			if( pxTCB->ucStaticallyAllocated == tskDYNAMICALLY_ALLOCATED_STACK_AND_TCB )
3698:Middlewares/Third_Party/FreeRTOS/Source/tasks.c **** 			{
3699:Middlewares/Third_Party/FreeRTOS/Source/tasks.c **** 				/* Both the stack and TCB were allocated dynamically, so both
3700:Middlewares/Third_Party/FreeRTOS/Source/tasks.c **** 				must be freed. */
3701:Middlewares/Third_Party/FreeRTOS/Source/tasks.c **** 				vPortFree( pxTCB->pxStack );
3702:Middlewares/Third_Party/FreeRTOS/Source/tasks.c **** 				vPortFree( pxTCB );
3703:Middlewares/Third_Party/FreeRTOS/Source/tasks.c **** 			}
3704:Middlewares/Third_Party/FreeRTOS/Source/tasks.c **** 			else if( pxTCB->ucStaticallyAllocated == tskSTATICALLY_ALLOCATED_STACK_ONLY )
3705:Middlewares/Third_Party/FreeRTOS/Source/tasks.c **** 			{
3706:Middlewares/Third_Party/FreeRTOS/Source/tasks.c **** 				/* Only the stack was statically allocated, so the TCB is the
3707:Middlewares/Third_Party/FreeRTOS/Source/tasks.c **** 				only memory that must be freed. */
3708:Middlewares/Third_Party/FreeRTOS/Source/tasks.c **** 				vPortFree( pxTCB );
3709:Middlewares/Third_Party/FreeRTOS/Source/tasks.c **** 			}
3710:Middlewares/Third_Party/FreeRTOS/Source/tasks.c **** 			else
3711:Middlewares/Third_Party/FreeRTOS/Source/tasks.c **** 			{
3712:Middlewares/Third_Party/FreeRTOS/Source/tasks.c **** 				/* Neither the stack nor the TCB were allocated dynamically, so
3713:Middlewares/Third_Party/FreeRTOS/Source/tasks.c **** 				nothing needs to be freed. */
3714:Middlewares/Third_Party/FreeRTOS/Source/tasks.c **** 				configASSERT( pxTCB->ucStaticallyAllocated == tskSTATICALLY_ALLOCATED_STACK_AND_TCB	);
3715:Middlewares/Third_Party/FreeRTOS/Source/tasks.c **** 				mtCOVERAGE_TEST_MARKER();
3716:Middlewares/Third_Party/FreeRTOS/Source/tasks.c **** 			}
3717:Middlewares/Third_Party/FreeRTOS/Source/tasks.c **** 		}
3718:Middlewares/Third_Party/FreeRTOS/Source/tasks.c **** 		#endif /* configSUPPORT_DYNAMIC_ALLOCATION */
3719:Middlewares/Third_Party/FreeRTOS/Source/tasks.c **** 	}
3720:Middlewares/Third_Party/FreeRTOS/Source/tasks.c **** 
3721:Middlewares/Third_Party/FreeRTOS/Source/tasks.c **** #endif /* INCLUDE_vTaskDelete */
3722:Middlewares/Third_Party/FreeRTOS/Source/tasks.c **** /*-----------------------------------------------------------*/
3723:Middlewares/Third_Party/FreeRTOS/Source/tasks.c **** 
3724:Middlewares/Third_Party/FreeRTOS/Source/tasks.c **** static void prvResetNextTaskUnblockTime( void )
3725:Middlewares/Third_Party/FreeRTOS/Source/tasks.c **** {
 173              		.loc 1 3725 1 is_stmt 1 view -0
 174              		.cfi_startproc
 175              		@ args = 0, pretend = 0, frame = 0
 176              		@ frame_needed = 0, uses_anonymous_args = 0
ARM GAS  /tmp/ccZZCKwI.s 			page 73


 177              		@ link register save eliminated.
3726:Middlewares/Third_Party/FreeRTOS/Source/tasks.c **** TCB_t *pxTCB;
 178              		.loc 1 3726 1 view .LVU46
3727:Middlewares/Third_Party/FreeRTOS/Source/tasks.c **** 
3728:Middlewares/Third_Party/FreeRTOS/Source/tasks.c **** 	if( listLIST_IS_EMPTY( pxDelayedTaskList ) != pdFALSE )
 179              		.loc 1 3728 2 view .LVU47
 180              		.loc 1 3728 6 is_stmt 0 view .LVU48
 181 0000 084B     		ldr	r3, .L18
 182 0002 1B68     		ldr	r3, [r3]
 183 0004 1B68     		ldr	r3, [r3]
 184              		.loc 1 3728 45 view .LVU49
 185 0006 23B9     		cbnz	r3, .L16
3729:Middlewares/Third_Party/FreeRTOS/Source/tasks.c **** 	{
3730:Middlewares/Third_Party/FreeRTOS/Source/tasks.c **** 		/* The new current delayed list is empty.  Set xNextTaskUnblockTime to
3731:Middlewares/Third_Party/FreeRTOS/Source/tasks.c **** 		the maximum possible value so it is	extremely unlikely that the
3732:Middlewares/Third_Party/FreeRTOS/Source/tasks.c **** 		if( xTickCount >= xNextTaskUnblockTime ) test will pass until
3733:Middlewares/Third_Party/FreeRTOS/Source/tasks.c **** 		there is an item in the delayed list. */
3734:Middlewares/Third_Party/FreeRTOS/Source/tasks.c **** 		xNextTaskUnblockTime = portMAX_DELAY;
 186              		.loc 1 3734 3 is_stmt 1 view .LVU50
 187              		.loc 1 3734 24 is_stmt 0 view .LVU51
 188 0008 074B     		ldr	r3, .L18+4
 189 000a 4FF0FF32 		mov	r2, #-1
 190 000e 1A60     		str	r2, [r3]
 191 0010 7047     		bx	lr
 192              	.L16:
3735:Middlewares/Third_Party/FreeRTOS/Source/tasks.c **** 	}
3736:Middlewares/Third_Party/FreeRTOS/Source/tasks.c **** 	else
3737:Middlewares/Third_Party/FreeRTOS/Source/tasks.c **** 	{
3738:Middlewares/Third_Party/FreeRTOS/Source/tasks.c **** 		/* The new current delayed list is not empty, get the value of
3739:Middlewares/Third_Party/FreeRTOS/Source/tasks.c **** 		the item at the head of the delayed list.  This is the time at
3740:Middlewares/Third_Party/FreeRTOS/Source/tasks.c **** 		which the task at the head of the delayed list should be removed
3741:Middlewares/Third_Party/FreeRTOS/Source/tasks.c **** 		from the Blocked state. */
3742:Middlewares/Third_Party/FreeRTOS/Source/tasks.c **** 		( pxTCB ) = ( TCB_t * ) listGET_OWNER_OF_HEAD_ENTRY( pxDelayedTaskList );
 193              		.loc 1 3742 3 is_stmt 1 view .LVU52
 194              		.loc 1 3742 27 is_stmt 0 view .LVU53
 195 0012 044B     		ldr	r3, .L18
 196 0014 1B68     		ldr	r3, [r3]
 197 0016 DB68     		ldr	r3, [r3, #12]
 198              		.loc 1 3742 13 view .LVU54
 199 0018 DB68     		ldr	r3, [r3, #12]
 200              	.LVL14:
3743:Middlewares/Third_Party/FreeRTOS/Source/tasks.c **** 		xNextTaskUnblockTime = listGET_LIST_ITEM_VALUE( &( ( pxTCB )->xStateListItem ) );
 201              		.loc 1 3743 3 is_stmt 1 view .LVU55
 202              		.loc 1 3743 26 is_stmt 0 view .LVU56
 203 001a 5A68     		ldr	r2, [r3, #4]
 204              		.loc 1 3743 24 view .LVU57
 205 001c 024B     		ldr	r3, .L18+4
 206              	.LVL15:
 207              		.loc 1 3743 24 view .LVU58
 208 001e 1A60     		str	r2, [r3]
3744:Middlewares/Third_Party/FreeRTOS/Source/tasks.c **** 	}
3745:Middlewares/Third_Party/FreeRTOS/Source/tasks.c **** }
 209              		.loc 1 3745 1 view .LVU59
 210 0020 7047     		bx	lr
 211              	.L19:
 212 0022 00BF     		.align	2
 213              	.L18:
ARM GAS  /tmp/ccZZCKwI.s 			page 74


 214 0024 00000000 		.word	pxDelayedTaskList
 215 0028 00000000 		.word	xNextTaskUnblockTime
 216              		.cfi_endproc
 217              	.LFE49:
 219              		.section	.text.prvInitialiseNewTask,"ax",%progbits
 220              		.align	1
 221              		.syntax unified
 222              		.thumb
 223              		.thumb_func
 225              	prvInitialiseNewTask:
 226              	.LVL16:
 227              	.LFB6:
 825:Middlewares/Third_Party/FreeRTOS/Source/tasks.c **** StackType_t *pxTopOfStack;
 228              		.loc 1 825 1 is_stmt 1 view -0
 229              		.cfi_startproc
 230              		@ args = 16, pretend = 0, frame = 0
 231              		@ frame_needed = 0, uses_anonymous_args = 0
 825:Middlewares/Third_Party/FreeRTOS/Source/tasks.c **** StackType_t *pxTopOfStack;
 232              		.loc 1 825 1 is_stmt 0 view .LVU61
 233 0000 2DE9F047 		push	{r4, r5, r6, r7, r8, r9, r10, lr}
 234              	.LCFI0:
 235              		.cfi_def_cfa_offset 32
 236              		.cfi_offset 4, -32
 237              		.cfi_offset 5, -28
 238              		.cfi_offset 6, -24
 239              		.cfi_offset 7, -20
 240              		.cfi_offset 8, -16
 241              		.cfi_offset 9, -12
 242              		.cfi_offset 10, -8
 243              		.cfi_offset 14, -4
 244 0004 8046     		mov	r8, r0
 245 0006 0D46     		mov	r5, r1
 246 0008 1746     		mov	r7, r2
 247 000a 9946     		mov	r9, r3
 248 000c 089E     		ldr	r6, [sp, #32]
 249 000e DDF824A0 		ldr	r10, [sp, #36]
 250 0012 0A9C     		ldr	r4, [sp, #40]
 826:Middlewares/Third_Party/FreeRTOS/Source/tasks.c **** UBaseType_t x;
 251              		.loc 1 826 1 is_stmt 1 view .LVU62
 827:Middlewares/Third_Party/FreeRTOS/Source/tasks.c **** 
 252              		.loc 1 827 1 view .LVU63
 847:Middlewares/Third_Party/FreeRTOS/Source/tasks.c **** 	}
 253              		.loc 1 847 3 view .LVU64
 847:Middlewares/Third_Party/FreeRTOS/Source/tasks.c **** 	}
 254              		.loc 1 847 12 is_stmt 0 view .LVU65
 255 0014 9200     		lsls	r2, r2, #2
 256              	.LVL17:
 847:Middlewares/Third_Party/FreeRTOS/Source/tasks.c **** 	}
 257              		.loc 1 847 12 view .LVU66
 258 0016 A521     		movs	r1, #165
 259              	.LVL18:
 847:Middlewares/Third_Party/FreeRTOS/Source/tasks.c **** 	}
 260              		.loc 1 847 12 view .LVU67
 261 0018 206B     		ldr	r0, [r4, #48]
 262              	.LVL19:
 847:Middlewares/Third_Party/FreeRTOS/Source/tasks.c **** 	}
 263              		.loc 1 847 12 view .LVU68
ARM GAS  /tmp/ccZZCKwI.s 			page 75


 264 001a FFF7FEFF 		bl	memset
 265              	.LVL20:
 857:Middlewares/Third_Party/FreeRTOS/Source/tasks.c **** 		pxTopOfStack = ( StackType_t * ) ( ( ( portPOINTER_SIZE_TYPE ) pxTopOfStack ) & ( ~( ( portPOINTE
 266              		.loc 1 857 3 is_stmt 1 view .LVU69
 857:Middlewares/Third_Party/FreeRTOS/Source/tasks.c **** 		pxTopOfStack = ( StackType_t * ) ( ( ( portPOINTER_SIZE_TYPE ) pxTopOfStack ) & ( ~( ( portPOINTE
 267              		.loc 1 857 26 is_stmt 0 view .LVU70
 268 001e 236B     		ldr	r3, [r4, #48]
 857:Middlewares/Third_Party/FreeRTOS/Source/tasks.c **** 		pxTopOfStack = ( StackType_t * ) ( ( ( portPOINTER_SIZE_TYPE ) pxTopOfStack ) & ( ~( ( portPOINTE
 269              		.loc 1 857 36 view .LVU71
 270 0020 07F18042 		add	r2, r7, #1073741824
 271 0024 013A     		subs	r2, r2, #1
 857:Middlewares/Third_Party/FreeRTOS/Source/tasks.c **** 		pxTopOfStack = ( StackType_t * ) ( ( ( portPOINTER_SIZE_TYPE ) pxTopOfStack ) & ( ~( ( portPOINTE
 272              		.loc 1 857 16 view .LVU72
 273 0026 03EB8207 		add	r7, r3, r2, lsl #2
 274              	.LVL21:
 858:Middlewares/Third_Party/FreeRTOS/Source/tasks.c **** 
 275              		.loc 1 858 3 is_stmt 1 view .LVU73
 858:Middlewares/Third_Party/FreeRTOS/Source/tasks.c **** 
 276              		.loc 1 858 81 is_stmt 0 view .LVU74
 277 002a 27F00707 		bic	r7, r7, #7
 278              	.LVL22:
 861:Middlewares/Third_Party/FreeRTOS/Source/tasks.c **** 
 279              		.loc 1 861 3 is_stmt 1 view .LVU75
 861:Middlewares/Third_Party/FreeRTOS/Source/tasks.c **** 
 280              		.loc 1 861 124 discriminator 2 view .LVU76
 885:Middlewares/Third_Party/FreeRTOS/Source/tasks.c **** 	{
 281              		.loc 1 885 2 view .LVU77
 885:Middlewares/Third_Party/FreeRTOS/Source/tasks.c **** 	{
 282              		.loc 1 885 9 is_stmt 0 view .LVU78
 283 002e 4FF0000C 		mov	ip, #0
 284              	.LVL23:
 285              	.L21:
 885:Middlewares/Third_Party/FreeRTOS/Source/tasks.c **** 	{
 286              		.loc 1 885 32 is_stmt 1 discriminator 1 view .LVU79
 287 0032 BCF10F0F 		cmp	ip, #15
 288 0036 09D8     		bhi	.L22
 887:Middlewares/Third_Party/FreeRTOS/Source/tasks.c **** 
 289              		.loc 1 887 3 view .LVU80
 887:Middlewares/Third_Party/FreeRTOS/Source/tasks.c **** 
 290              		.loc 1 887 37 is_stmt 0 view .LVU81
 291 0038 15F80C30 		ldrb	r3, [r5, ip]	@ zero_extendqisi2
 887:Middlewares/Third_Party/FreeRTOS/Source/tasks.c **** 
 292              		.loc 1 887 29 view .LVU82
 293 003c 04EB0C02 		add	r2, r4, ip
 294 0040 82F83430 		strb	r3, [r2, #52]
 892:Middlewares/Third_Party/FreeRTOS/Source/tasks.c **** 		{
 295              		.loc 1 892 3 is_stmt 1 view .LVU83
 892:Middlewares/Third_Party/FreeRTOS/Source/tasks.c **** 		{
 296              		.loc 1 892 5 is_stmt 0 view .LVU84
 297 0044 13B1     		cbz	r3, .L22
 898:Middlewares/Third_Party/FreeRTOS/Source/tasks.c **** 		}
 298              		.loc 1 898 28 is_stmt 1 view .LVU85
 885:Middlewares/Third_Party/FreeRTOS/Source/tasks.c **** 	{
 299              		.loc 1 885 76 discriminator 2 view .LVU86
 300 0046 0CF1010C 		add	ip, ip, #1
 301              	.LVL24:
 885:Middlewares/Third_Party/FreeRTOS/Source/tasks.c **** 	{
ARM GAS  /tmp/ccZZCKwI.s 			page 76


 302              		.loc 1 885 76 is_stmt 0 discriminator 2 view .LVU87
 303 004a F2E7     		b	.L21
 304              	.L22:
 904:Middlewares/Third_Party/FreeRTOS/Source/tasks.c **** 
 305              		.loc 1 904 2 is_stmt 1 view .LVU88
 904:Middlewares/Third_Party/FreeRTOS/Source/tasks.c **** 
 306              		.loc 1 904 54 is_stmt 0 view .LVU89
 307 004c 0023     		movs	r3, #0
 308 004e 84F84330 		strb	r3, [r4, #67]
 908:Middlewares/Third_Party/FreeRTOS/Source/tasks.c **** 	{
 309              		.loc 1 908 2 is_stmt 1 view .LVU90
 908:Middlewares/Third_Party/FreeRTOS/Source/tasks.c **** 	{
 310              		.loc 1 908 4 is_stmt 0 view .LVU91
 311 0052 372E     		cmp	r6, #55
 312 0054 00D9     		bls	.L24
 910:Middlewares/Third_Party/FreeRTOS/Source/tasks.c **** 	}
 313              		.loc 1 910 14 view .LVU92
 314 0056 3726     		movs	r6, #55
 315              	.L24:
 316              	.LVL25:
 914:Middlewares/Third_Party/FreeRTOS/Source/tasks.c **** 	}
 317              		.loc 1 914 27 is_stmt 1 view .LVU93
 917:Middlewares/Third_Party/FreeRTOS/Source/tasks.c **** 	#if ( configUSE_MUTEXES == 1 )
 318              		.loc 1 917 2 view .LVU94
 917:Middlewares/Third_Party/FreeRTOS/Source/tasks.c **** 	#if ( configUSE_MUTEXES == 1 )
 319              		.loc 1 917 23 is_stmt 0 view .LVU95
 320 0058 E662     		str	r6, [r4, #44]
 920:Middlewares/Third_Party/FreeRTOS/Source/tasks.c **** 		pxNewTCB->uxMutexesHeld = 0;
 321              		.loc 1 920 3 is_stmt 1 view .LVU96
 920:Middlewares/Third_Party/FreeRTOS/Source/tasks.c **** 		pxNewTCB->uxMutexesHeld = 0;
 322              		.loc 1 920 28 is_stmt 0 view .LVU97
 323 005a E664     		str	r6, [r4, #76]
 921:Middlewares/Third_Party/FreeRTOS/Source/tasks.c **** 	}
 324              		.loc 1 921 3 is_stmt 1 view .LVU98
 921:Middlewares/Third_Party/FreeRTOS/Source/tasks.c **** 	}
 325              		.loc 1 921 27 is_stmt 0 view .LVU99
 326 005c 0025     		movs	r5, #0
 327              	.LVL26:
 921:Middlewares/Third_Party/FreeRTOS/Source/tasks.c **** 	}
 328              		.loc 1 921 27 view .LVU100
 329 005e 2565     		str	r5, [r4, #80]
 925:Middlewares/Third_Party/FreeRTOS/Source/tasks.c **** 	vListInitialiseItem( &( pxNewTCB->xEventListItem ) );
 330              		.loc 1 925 2 is_stmt 1 view .LVU101
 331 0060 201D     		adds	r0, r4, #4
 332 0062 FFF7FEFF 		bl	vListInitialiseItem
 333              	.LVL27:
 926:Middlewares/Third_Party/FreeRTOS/Source/tasks.c **** 
 334              		.loc 1 926 2 view .LVU102
 335 0066 04F11800 		add	r0, r4, #24
 336 006a FFF7FEFF 		bl	vListInitialiseItem
 337              	.LVL28:
 930:Middlewares/Third_Party/FreeRTOS/Source/tasks.c **** 
 338              		.loc 1 930 2 view .LVU103
 339 006e 2461     		str	r4, [r4, #16]
 933:Middlewares/Third_Party/FreeRTOS/Source/tasks.c **** 	listSET_LIST_ITEM_OWNER( &( pxNewTCB->xEventListItem ), pxNewTCB );
 340              		.loc 1 933 2 view .LVU104
 341 0070 C6F13806 		rsb	r6, r6, #56
ARM GAS  /tmp/ccZZCKwI.s 			page 77


 342              	.LVL29:
 933:Middlewares/Third_Party/FreeRTOS/Source/tasks.c **** 	listSET_LIST_ITEM_OWNER( &( pxNewTCB->xEventListItem ), pxNewTCB );
 343              		.loc 1 933 2 is_stmt 0 view .LVU105
 344 0074 A661     		str	r6, [r4, #24]
 934:Middlewares/Third_Party/FreeRTOS/Source/tasks.c **** 
 345              		.loc 1 934 2 is_stmt 1 view .LVU106
 346 0076 6462     		str	r4, [r4, #36]
 961:Middlewares/Third_Party/FreeRTOS/Source/tasks.c **** 	}
 347              		.loc 1 961 3 view .LVU107
 976:Middlewares/Third_Party/FreeRTOS/Source/tasks.c **** 		pxNewTCB->ucNotifyState = taskNOT_WAITING_NOTIFICATION;
 348              		.loc 1 976 3 view .LVU108
 976:Middlewares/Third_Party/FreeRTOS/Source/tasks.c **** 		pxNewTCB->ucNotifyState = taskNOT_WAITING_NOTIFICATION;
 349              		.loc 1 976 29 is_stmt 0 view .LVU109
 350 0078 6565     		str	r5, [r4, #84]
 977:Middlewares/Third_Party/FreeRTOS/Source/tasks.c **** 	}
 351              		.loc 1 977 3 is_stmt 1 view .LVU110
 977:Middlewares/Third_Party/FreeRTOS/Source/tasks.c **** 	}
 352              		.loc 1 977 27 is_stmt 0 view .LVU111
 353 007a 84F85850 		strb	r5, [r4, #88]
1004:Middlewares/Third_Party/FreeRTOS/Source/tasks.c **** 	}
 354              		.loc 1 1004 3 is_stmt 1 view .LVU112
1004:Middlewares/Third_Party/FreeRTOS/Source/tasks.c **** 	}
 355              		.loc 1 1004 28 is_stmt 0 view .LVU113
 356 007e 4A46     		mov	r2, r9
 357 0080 4146     		mov	r1, r8
 358 0082 3846     		mov	r0, r7
 359 0084 FFF7FEFF 		bl	pxPortInitialiseStack
 360              	.LVL30:
1004:Middlewares/Third_Party/FreeRTOS/Source/tasks.c **** 	}
 361              		.loc 1 1004 26 discriminator 1 view .LVU114
 362 0088 2060     		str	r0, [r4]
1008:Middlewares/Third_Party/FreeRTOS/Source/tasks.c **** 	{
 363              		.loc 1 1008 2 is_stmt 1 view .LVU115
1008:Middlewares/Third_Party/FreeRTOS/Source/tasks.c **** 	{
 364              		.loc 1 1008 4 is_stmt 0 view .LVU116
 365 008a BAF1000F 		cmp	r10, #0
 366 008e 01D0     		beq	.L20
1012:Middlewares/Third_Party/FreeRTOS/Source/tasks.c **** 	}
 367              		.loc 1 1012 3 is_stmt 1 view .LVU117
1012:Middlewares/Third_Party/FreeRTOS/Source/tasks.c **** 	}
 368              		.loc 1 1012 18 is_stmt 0 view .LVU118
 369 0090 CAF80040 		str	r4, [r10]
1016:Middlewares/Third_Party/FreeRTOS/Source/tasks.c **** 	}
 370              		.loc 1 1016 27 is_stmt 1 view .LVU119
 371              	.L20:
1018:Middlewares/Third_Party/FreeRTOS/Source/tasks.c **** /*-----------------------------------------------------------*/
 372              		.loc 1 1018 1 is_stmt 0 view .LVU120
 373 0094 BDE8F087 		pop	{r4, r5, r6, r7, r8, r9, r10, pc}
1018:Middlewares/Third_Party/FreeRTOS/Source/tasks.c **** /*-----------------------------------------------------------*/
 374              		.loc 1 1018 1 view .LVU121
 375              		.cfi_endproc
 376              	.LFE6:
 378              		.section	.text.prvInitialiseTaskLists,"ax",%progbits
 379              		.align	1
 380              		.syntax unified
 381              		.thumb
 382              		.thumb_func
ARM GAS  /tmp/ccZZCKwI.s 			page 78


 384              	prvInitialiseTaskLists:
 385              	.LFB42:
3431:Middlewares/Third_Party/FreeRTOS/Source/tasks.c **** UBaseType_t uxPriority;
 386              		.loc 1 3431 1 is_stmt 1 view -0
 387              		.cfi_startproc
 388              		@ args = 0, pretend = 0, frame = 0
 389              		@ frame_needed = 0, uses_anonymous_args = 0
 390 0000 38B5     		push	{r3, r4, r5, lr}
 391              	.LCFI1:
 392              		.cfi_def_cfa_offset 16
 393              		.cfi_offset 3, -16
 394              		.cfi_offset 4, -12
 395              		.cfi_offset 5, -8
 396              		.cfi_offset 14, -4
3432:Middlewares/Third_Party/FreeRTOS/Source/tasks.c **** 
 397              		.loc 1 3432 1 view .LVU123
3434:Middlewares/Third_Party/FreeRTOS/Source/tasks.c **** 	{
 398              		.loc 1 3434 2 view .LVU124
 399              	.LVL31:
3434:Middlewares/Third_Party/FreeRTOS/Source/tasks.c **** 	{
 400              		.loc 1 3434 18 is_stmt 0 view .LVU125
 401 0002 0024     		movs	r4, #0
3434:Middlewares/Third_Party/FreeRTOS/Source/tasks.c **** 	{
 402              		.loc 1 3434 2 view .LVU126
 403 0004 07E0     		b	.L29
 404              	.LVL32:
 405              	.L30:
3436:Middlewares/Third_Party/FreeRTOS/Source/tasks.c **** 	}
 406              		.loc 1 3436 3 is_stmt 1 view .LVU127
 407 0006 04EB8402 		add	r2, r4, r4, lsl #2
 408 000a 9300     		lsls	r3, r2, #2
 409 000c 0E48     		ldr	r0, .L32
 410 000e 1844     		add	r0, r0, r3
 411 0010 FFF7FEFF 		bl	vListInitialise
 412              	.LVL33:
3434:Middlewares/Third_Party/FreeRTOS/Source/tasks.c **** 	{
 413              		.loc 1 3434 101 discriminator 3 view .LVU128
 414 0014 0134     		adds	r4, r4, #1
 415              	.LVL34:
 416              	.L29:
3434:Middlewares/Third_Party/FreeRTOS/Source/tasks.c **** 	{
 417              		.loc 1 3434 51 discriminator 1 view .LVU129
 418 0016 372C     		cmp	r4, #55
 419 0018 F5D9     		bls	.L30
3439:Middlewares/Third_Party/FreeRTOS/Source/tasks.c **** 	vListInitialise( &xDelayedTaskList2 );
 420              		.loc 1 3439 2 view .LVU130
 421 001a 0C4D     		ldr	r5, .L32+4
 422 001c 2846     		mov	r0, r5
 423 001e FFF7FEFF 		bl	vListInitialise
 424              	.LVL35:
3440:Middlewares/Third_Party/FreeRTOS/Source/tasks.c **** 	vListInitialise( &xPendingReadyList );
 425              		.loc 1 3440 2 view .LVU131
 426 0022 0B4C     		ldr	r4, .L32+8
 427              	.LVL36:
3440:Middlewares/Third_Party/FreeRTOS/Source/tasks.c **** 	vListInitialise( &xPendingReadyList );
 428              		.loc 1 3440 2 is_stmt 0 view .LVU132
 429 0024 2046     		mov	r0, r4
ARM GAS  /tmp/ccZZCKwI.s 			page 79


 430 0026 FFF7FEFF 		bl	vListInitialise
 431              	.LVL37:
3441:Middlewares/Third_Party/FreeRTOS/Source/tasks.c **** 
 432              		.loc 1 3441 2 is_stmt 1 view .LVU133
 433 002a 0A48     		ldr	r0, .L32+12
 434 002c FFF7FEFF 		bl	vListInitialise
 435              	.LVL38:
3445:Middlewares/Third_Party/FreeRTOS/Source/tasks.c **** 	}
 436              		.loc 1 3445 3 view .LVU134
 437 0030 0948     		ldr	r0, .L32+16
 438 0032 FFF7FEFF 		bl	vListInitialise
 439              	.LVL39:
3451:Middlewares/Third_Party/FreeRTOS/Source/tasks.c **** 	}
 440              		.loc 1 3451 3 view .LVU135
 441 0036 0948     		ldr	r0, .L32+20
 442 0038 FFF7FEFF 		bl	vListInitialise
 443              	.LVL40:
3457:Middlewares/Third_Party/FreeRTOS/Source/tasks.c **** 	pxOverflowDelayedTaskList = &xDelayedTaskList2;
 444              		.loc 1 3457 2 view .LVU136
3457:Middlewares/Third_Party/FreeRTOS/Source/tasks.c **** 	pxOverflowDelayedTaskList = &xDelayedTaskList2;
 445              		.loc 1 3457 20 is_stmt 0 view .LVU137
 446 003c 084B     		ldr	r3, .L32+24
 447 003e 1D60     		str	r5, [r3]
3458:Middlewares/Third_Party/FreeRTOS/Source/tasks.c **** }
 448              		.loc 1 3458 2 is_stmt 1 view .LVU138
3458:Middlewares/Third_Party/FreeRTOS/Source/tasks.c **** }
 449              		.loc 1 3458 28 is_stmt 0 view .LVU139
 450 0040 084B     		ldr	r3, .L32+28
 451 0042 1C60     		str	r4, [r3]
3459:Middlewares/Third_Party/FreeRTOS/Source/tasks.c **** /*-----------------------------------------------------------*/
 452              		.loc 1 3459 1 view .LVU140
 453 0044 38BD     		pop	{r3, r4, r5, pc}
 454              	.L33:
 455 0046 00BF     		.align	2
 456              	.L32:
 457 0048 00000000 		.word	pxReadyTasksLists
 458 004c 00000000 		.word	xDelayedTaskList1
 459 0050 00000000 		.word	xDelayedTaskList2
 460 0054 00000000 		.word	xPendingReadyList
 461 0058 00000000 		.word	xTasksWaitingTermination
 462 005c 00000000 		.word	xSuspendedTaskList
 463 0060 00000000 		.word	pxDelayedTaskList
 464 0064 00000000 		.word	pxOverflowDelayedTaskList
 465              		.cfi_endproc
 466              	.LFE42:
 468              		.section	.text.prvAddNewTaskToReadyList,"ax",%progbits
 469              		.align	1
 470              		.syntax unified
 471              		.thumb
 472              		.thumb_func
 474              	prvAddNewTaskToReadyList:
 475              	.LVL41:
 476              	.LFB7:
1022:Middlewares/Third_Party/FreeRTOS/Source/tasks.c **** 	/* Ensure interrupts don't access the task lists while the lists are being
 477              		.loc 1 1022 1 is_stmt 1 view -0
 478              		.cfi_startproc
 479              		@ args = 0, pretend = 0, frame = 0
ARM GAS  /tmp/ccZZCKwI.s 			page 80


 480              		@ frame_needed = 0, uses_anonymous_args = 0
1022:Middlewares/Third_Party/FreeRTOS/Source/tasks.c **** 	/* Ensure interrupts don't access the task lists while the lists are being
 481              		.loc 1 1022 1 is_stmt 0 view .LVU142
 482 0000 10B5     		push	{r4, lr}
 483              	.LCFI2:
 484              		.cfi_def_cfa_offset 8
 485              		.cfi_offset 4, -8
 486              		.cfi_offset 14, -4
 487 0002 0446     		mov	r4, r0
1025:Middlewares/Third_Party/FreeRTOS/Source/tasks.c **** 	{
 488              		.loc 1 1025 2 is_stmt 1 view .LVU143
 489 0004 FFF7FEFF 		bl	vPortEnterCritical
 490              	.LVL42:
1027:Middlewares/Third_Party/FreeRTOS/Source/tasks.c **** 		if( pxCurrentTCB == NULL )
 491              		.loc 1 1027 3 view .LVU144
1027:Middlewares/Third_Party/FreeRTOS/Source/tasks.c **** 		if( pxCurrentTCB == NULL )
 492              		.loc 1 1027 25 is_stmt 0 view .LVU145
 493 0008 224A     		ldr	r2, .L42
 494 000a 1368     		ldr	r3, [r2]
 495 000c 0133     		adds	r3, r3, #1
 496 000e 1360     		str	r3, [r2]
1028:Middlewares/Third_Party/FreeRTOS/Source/tasks.c **** 		{
 497              		.loc 1 1028 3 is_stmt 1 view .LVU146
1028:Middlewares/Third_Party/FreeRTOS/Source/tasks.c **** 		{
 498              		.loc 1 1028 20 is_stmt 0 view .LVU147
 499 0010 214B     		ldr	r3, .L42+4
 500 0012 1B68     		ldr	r3, [r3]
1028:Middlewares/Third_Party/FreeRTOS/Source/tasks.c **** 		{
 501              		.loc 1 1028 5 view .LVU148
 502 0014 5BB1     		cbz	r3, .L40
1051:Middlewares/Third_Party/FreeRTOS/Source/tasks.c **** 			{
 503              		.loc 1 1051 4 is_stmt 1 view .LVU149
1051:Middlewares/Third_Party/FreeRTOS/Source/tasks.c **** 			{
 504              		.loc 1 1051 26 is_stmt 0 view .LVU150
 505 0016 214B     		ldr	r3, .L42+8
 506 0018 1B68     		ldr	r3, [r3]
1051:Middlewares/Third_Party/FreeRTOS/Source/tasks.c **** 			{
 507              		.loc 1 1051 6 view .LVU151
 508 001a 6BB9     		cbnz	r3, .L36
1053:Middlewares/Third_Party/FreeRTOS/Source/tasks.c **** 				{
 509              		.loc 1 1053 5 is_stmt 1 view .LVU152
1053:Middlewares/Third_Party/FreeRTOS/Source/tasks.c **** 				{
 510              		.loc 1 1053 21 is_stmt 0 view .LVU153
 511 001c 1E4B     		ldr	r3, .L42+4
 512 001e 1B68     		ldr	r3, [r3]
 513 0020 DA6A     		ldr	r2, [r3, #44]
1053:Middlewares/Third_Party/FreeRTOS/Source/tasks.c **** 				{
 514              		.loc 1 1053 45 view .LVU154
 515 0022 E36A     		ldr	r3, [r4, #44]
1053:Middlewares/Third_Party/FreeRTOS/Source/tasks.c **** 				{
 516              		.loc 1 1053 7 view .LVU155
 517 0024 9A42     		cmp	r2, r3
 518 0026 07D8     		bhi	.L36
1055:Middlewares/Third_Party/FreeRTOS/Source/tasks.c **** 				}
 519              		.loc 1 1055 6 is_stmt 1 view .LVU156
1055:Middlewares/Third_Party/FreeRTOS/Source/tasks.c **** 				}
 520              		.loc 1 1055 19 is_stmt 0 view .LVU157
ARM GAS  /tmp/ccZZCKwI.s 			page 81


 521 0028 1B4B     		ldr	r3, .L42+4
 522 002a 1C60     		str	r4, [r3]
 523 002c 04E0     		b	.L36
 524              	.L40:
1032:Middlewares/Third_Party/FreeRTOS/Source/tasks.c **** 
 525              		.loc 1 1032 4 is_stmt 1 view .LVU158
1032:Middlewares/Third_Party/FreeRTOS/Source/tasks.c **** 
 526              		.loc 1 1032 17 is_stmt 0 view .LVU159
 527 002e 1A4B     		ldr	r3, .L42+4
 528 0030 1C60     		str	r4, [r3]
1034:Middlewares/Third_Party/FreeRTOS/Source/tasks.c **** 			{
 529              		.loc 1 1034 4 is_stmt 1 view .LVU160
1034:Middlewares/Third_Party/FreeRTOS/Source/tasks.c **** 			{
 530              		.loc 1 1034 31 is_stmt 0 view .LVU161
 531 0032 1368     		ldr	r3, [r2]
1034:Middlewares/Third_Party/FreeRTOS/Source/tasks.c **** 			{
 532              		.loc 1 1034 6 view .LVU162
 533 0034 012B     		cmp	r3, #1
 534 0036 29D0     		beq	.L41
 535              	.L36:
1064:Middlewares/Third_Party/FreeRTOS/Source/tasks.c **** 			}
 536              		.loc 1 1064 29 is_stmt 1 view .LVU163
1068:Middlewares/Third_Party/FreeRTOS/Source/tasks.c **** 
 537              		.loc 1 1068 3 view .LVU164
1068:Middlewares/Third_Party/FreeRTOS/Source/tasks.c **** 
 538              		.loc 1 1068 15 is_stmt 0 view .LVU165
 539 0038 194A     		ldr	r2, .L42+12
 540 003a 1368     		ldr	r3, [r2]
 541 003c 0133     		adds	r3, r3, #1
 542 003e 1360     		str	r3, [r2]
1073:Middlewares/Third_Party/FreeRTOS/Source/tasks.c **** 		}
 543              		.loc 1 1073 4 is_stmt 1 view .LVU166
1073:Middlewares/Third_Party/FreeRTOS/Source/tasks.c **** 		}
 544              		.loc 1 1073 26 is_stmt 0 view .LVU167
 545 0040 6364     		str	r3, [r4, #68]
1076:Middlewares/Third_Party/FreeRTOS/Source/tasks.c **** 
 546              		.loc 1 1076 31 is_stmt 1 view .LVU168
1078:Middlewares/Third_Party/FreeRTOS/Source/tasks.c **** 
 547              		.loc 1 1078 3 view .LVU169
1078:Middlewares/Third_Party/FreeRTOS/Source/tasks.c **** 
 548              		.loc 1 1078 3 view .LVU170
 549 0042 E06A     		ldr	r0, [r4, #44]
 550 0044 174B     		ldr	r3, .L42+16
 551 0046 1B68     		ldr	r3, [r3]
 552 0048 9842     		cmp	r0, r3
 553 004a 01D9     		bls	.L37
1078:Middlewares/Third_Party/FreeRTOS/Source/tasks.c **** 
 554              		.loc 1 1078 3 discriminator 1 view .LVU171
 555 004c 154B     		ldr	r3, .L42+16
 556 004e 1860     		str	r0, [r3]
 557              	.L37:
1078:Middlewares/Third_Party/FreeRTOS/Source/tasks.c **** 
 558              		.loc 1 1078 3 discriminator 3 view .LVU172
1078:Middlewares/Third_Party/FreeRTOS/Source/tasks.c **** 
 559              		.loc 1 1078 3 discriminator 3 view .LVU173
 560 0050 00EB8000 		add	r0, r0, r0, lsl #2
 561 0054 211D     		adds	r1, r4, #4
ARM GAS  /tmp/ccZZCKwI.s 			page 82


 562 0056 144B     		ldr	r3, .L42+20
 563 0058 03EB8000 		add	r0, r3, r0, lsl #2
 564 005c FFF7FEFF 		bl	vListInsertEnd
 565              	.LVL43:
1078:Middlewares/Third_Party/FreeRTOS/Source/tasks.c **** 
 566              		.loc 1 1078 36 discriminator 1 view .LVU174
1080:Middlewares/Third_Party/FreeRTOS/Source/tasks.c **** 	}
 567              		.loc 1 1080 3 view .LVU175
1082:Middlewares/Third_Party/FreeRTOS/Source/tasks.c **** 
 568              		.loc 1 1082 2 view .LVU176
 569 0060 FFF7FEFF 		bl	vPortExitCritical
 570              	.LVL44:
1084:Middlewares/Third_Party/FreeRTOS/Source/tasks.c **** 	{
 571              		.loc 1 1084 2 view .LVU177
1084:Middlewares/Third_Party/FreeRTOS/Source/tasks.c **** 	{
 572              		.loc 1 1084 24 is_stmt 0 view .LVU178
 573 0064 0D4B     		ldr	r3, .L42+8
 574 0066 1B68     		ldr	r3, [r3]
1084:Middlewares/Third_Party/FreeRTOS/Source/tasks.c **** 	{
 575              		.loc 1 1084 4 view .LVU179
 576 0068 7BB1     		cbz	r3, .L34
1088:Middlewares/Third_Party/FreeRTOS/Source/tasks.c **** 		{
 577              		.loc 1 1088 3 is_stmt 1 view .LVU180
1088:Middlewares/Third_Party/FreeRTOS/Source/tasks.c **** 		{
 578              		.loc 1 1088 19 is_stmt 0 view .LVU181
 579 006a 0B4B     		ldr	r3, .L42+4
 580 006c 1B68     		ldr	r3, [r3]
 581 006e DA6A     		ldr	r2, [r3, #44]
1088:Middlewares/Third_Party/FreeRTOS/Source/tasks.c **** 		{
 582              		.loc 1 1088 42 view .LVU182
 583 0070 E36A     		ldr	r3, [r4, #44]
1088:Middlewares/Third_Party/FreeRTOS/Source/tasks.c **** 		{
 584              		.loc 1 1088 5 view .LVU183
 585 0072 9A42     		cmp	r2, r3
 586 0074 09D2     		bcs	.L34
1090:Middlewares/Third_Party/FreeRTOS/Source/tasks.c **** 		}
 587              		.loc 1 1090 4 is_stmt 1 view .LVU184
 588 0076 4FF0E023 		mov	r3, #-536813568
 589 007a 4FF08052 		mov	r2, #268435456
 590 007e C3F8042D 		str	r2, [r3, #3332]
1090:Middlewares/Third_Party/FreeRTOS/Source/tasks.c **** 		}
 591              		.loc 1 1090 4 view .LVU185
 592              		.syntax unified
 593              	@ 1090 "Middlewares/Third_Party/FreeRTOS/Source/tasks.c" 1
 594 0082 BFF34F8F 		dsb
 595              	@ 0 "" 2
1090:Middlewares/Third_Party/FreeRTOS/Source/tasks.c **** 		}
 596              		.loc 1 1090 4 view .LVU186
 597              	@ 1090 "Middlewares/Third_Party/FreeRTOS/Source/tasks.c" 1
 598 0086 BFF36F8F 		isb
 599              	@ 0 "" 2
1090:Middlewares/Third_Party/FreeRTOS/Source/tasks.c **** 		}
 600              		.loc 1 1090 35 view .LVU187
1099:Middlewares/Third_Party/FreeRTOS/Source/tasks.c **** 	}
 601              		.loc 1 1099 27 view .LVU188
 602              		.thumb
 603              		.syntax unified
ARM GAS  /tmp/ccZZCKwI.s 			page 83


 604              	.L34:
1101:Middlewares/Third_Party/FreeRTOS/Source/tasks.c **** /*-----------------------------------------------------------*/
 605              		.loc 1 1101 1 is_stmt 0 view .LVU189
 606 008a 10BD     		pop	{r4, pc}
 607              	.LVL45:
 608              	.L41:
1039:Middlewares/Third_Party/FreeRTOS/Source/tasks.c **** 			}
 609              		.loc 1 1039 5 is_stmt 1 view .LVU190
 610 008c FFF7FEFF 		bl	prvInitialiseTaskLists
 611              	.LVL46:
 612 0090 D2E7     		b	.L36
 613              	.L43:
 614 0092 00BF     		.align	2
 615              	.L42:
 616 0094 00000000 		.word	uxCurrentNumberOfTasks
 617 0098 00000000 		.word	pxCurrentTCB
 618 009c 00000000 		.word	xSchedulerRunning
 619 00a0 00000000 		.word	uxTaskNumber
 620 00a4 00000000 		.word	uxTopReadyPriority
 621 00a8 00000000 		.word	pxReadyTasksLists
 622              		.cfi_endproc
 623              	.LFE7:
 625              		.section	.text.prvDeleteTCB,"ax",%progbits
 626              		.align	1
 627              		.syntax unified
 628              		.thumb
 629              		.thumb_func
 631              	prvDeleteTCB:
 632              	.LVL47:
 633              	.LFB48:
3671:Middlewares/Third_Party/FreeRTOS/Source/tasks.c **** 		/* This call is required specifically for the TriCore port.  It must be
 634              		.loc 1 3671 2 view -0
 635              		.cfi_startproc
 636              		@ args = 0, pretend = 0, frame = 0
 637              		@ frame_needed = 0, uses_anonymous_args = 0
3671:Middlewares/Third_Party/FreeRTOS/Source/tasks.c **** 		/* This call is required specifically for the TriCore port.  It must be
 638              		.loc 1 3671 2 is_stmt 0 view .LVU192
 639 0000 10B5     		push	{r4, lr}
 640              	.LCFI3:
 641              		.cfi_def_cfa_offset 8
 642              		.cfi_offset 4, -8
 643              		.cfi_offset 14, -4
 644 0002 0446     		mov	r4, r0
3675:Middlewares/Third_Party/FreeRTOS/Source/tasks.c **** 
 645              		.loc 1 3675 3 is_stmt 1 view .LVU193
3697:Middlewares/Third_Party/FreeRTOS/Source/tasks.c **** 			{
 646              		.loc 1 3697 4 view .LVU194
3697:Middlewares/Third_Party/FreeRTOS/Source/tasks.c **** 			{
 647              		.loc 1 3697 13 is_stmt 0 view .LVU195
 648 0004 90F85930 		ldrb	r3, [r0, #89]	@ zero_extendqisi2
3697:Middlewares/Third_Party/FreeRTOS/Source/tasks.c **** 			{
 649              		.loc 1 3697 6 view .LVU196
 650 0008 63B1     		cbz	r3, .L50
3704:Middlewares/Third_Party/FreeRTOS/Source/tasks.c **** 			{
 651              		.loc 1 3704 9 is_stmt 1 view .LVU197
3704:Middlewares/Third_Party/FreeRTOS/Source/tasks.c **** 			{
 652              		.loc 1 3704 11 is_stmt 0 view .LVU198
ARM GAS  /tmp/ccZZCKwI.s 			page 84


 653 000a 012B     		cmp	r3, #1
 654 000c 11D0     		beq	.L51
3714:Middlewares/Third_Party/FreeRTOS/Source/tasks.c **** 				mtCOVERAGE_TEST_MARKER();
 655              		.loc 1 3714 5 is_stmt 1 view .LVU199
 656 000e 022B     		cmp	r3, #2
 657 0010 0ED0     		beq	.L44
3714:Middlewares/Third_Party/FreeRTOS/Source/tasks.c **** 				mtCOVERAGE_TEST_MARKER();
 658              		.loc 1 3714 5 discriminator 1 view .LVU200
 659              	.LBB115:
 660              	.LBI115:
 191:Middlewares/Third_Party/FreeRTOS/Source/portable/GCC/ARM_CM4F/portmacro.h **** {
 661              		.loc 2 191 30 view .LVU201
 662              	.LBB116:
 193:Middlewares/Third_Party/FreeRTOS/Source/portable/GCC/ARM_CM4F/portmacro.h **** 
 663              		.loc 2 193 1 view .LVU202
 664              		.loc 2 195 2 view .LVU203
 665              		.syntax unified
 666              	@ 195 "Middlewares/Third_Party/FreeRTOS/Source/portable/GCC/ARM_CM4F/portmacro.h" 1
 667 0012 4FF05003 			mov r3, #80												
 668 0016 83F31188 		msr basepri, r3											
 669 001a BFF36F8F 		isb														
 670 001e BFF34F8F 		dsb														
 671              	
 672              	@ 0 "" 2
 673              		.thumb
 674              		.syntax unified
 675              	.L48:
 676              	.LBE116:
 677              	.LBE115:
3714:Middlewares/Third_Party/FreeRTOS/Source/tasks.c **** 				mtCOVERAGE_TEST_MARKER();
 678              		.loc 1 3714 5 discriminator 3 view .LVU204
3714:Middlewares/Third_Party/FreeRTOS/Source/tasks.c **** 				mtCOVERAGE_TEST_MARKER();
 679              		.loc 1 3714 5 discriminator 3 view .LVU205
 680 0022 FEE7     		b	.L48
 681              	.L50:
3701:Middlewares/Third_Party/FreeRTOS/Source/tasks.c **** 				vPortFree( pxTCB );
 682              		.loc 1 3701 5 view .LVU206
 683 0024 006B     		ldr	r0, [r0, #48]
 684              	.LVL48:
3701:Middlewares/Third_Party/FreeRTOS/Source/tasks.c **** 				vPortFree( pxTCB );
 685              		.loc 1 3701 5 is_stmt 0 view .LVU207
 686 0026 FFF7FEFF 		bl	vPortFree
 687              	.LVL49:
3702:Middlewares/Third_Party/FreeRTOS/Source/tasks.c **** 			}
 688              		.loc 1 3702 5 is_stmt 1 view .LVU208
 689 002a 2046     		mov	r0, r4
 690 002c FFF7FEFF 		bl	vPortFree
 691              	.LVL50:
 692              	.L44:
3719:Middlewares/Third_Party/FreeRTOS/Source/tasks.c **** 
 693              		.loc 1 3719 2 is_stmt 0 view .LVU209
 694 0030 10BD     		pop	{r4, pc}
 695              	.LVL51:
 696              	.L51:
3708:Middlewares/Third_Party/FreeRTOS/Source/tasks.c **** 			}
 697              		.loc 1 3708 5 is_stmt 1 view .LVU210
 698 0032 FFF7FEFF 		bl	vPortFree
ARM GAS  /tmp/ccZZCKwI.s 			page 85


 699              	.LVL52:
3708:Middlewares/Third_Party/FreeRTOS/Source/tasks.c **** 			}
 700              		.loc 1 3708 5 is_stmt 0 view .LVU211
 701 0036 FBE7     		b	.L44
 702              		.cfi_endproc
 703              	.LFE48:
 705              		.section	.text.prvCheckTasksWaitingTermination,"ax",%progbits
 706              		.align	1
 707              		.syntax unified
 708              		.thumb
 709              		.thumb_func
 711              	prvCheckTasksWaitingTermination:
 712              	.LFB43:
3463:Middlewares/Third_Party/FreeRTOS/Source/tasks.c **** 
 713              		.loc 1 3463 1 is_stmt 1 view -0
 714              		.cfi_startproc
 715              		@ args = 0, pretend = 0, frame = 0
 716              		@ frame_needed = 0, uses_anonymous_args = 0
 717              	.LBB117:
3469:Middlewares/Third_Party/FreeRTOS/Source/tasks.c **** 
 718              		.loc 1 3469 3 view .LVU213
3473:Middlewares/Third_Party/FreeRTOS/Source/tasks.c **** 		{
 719              		.loc 1 3473 3 view .LVU214
3473:Middlewares/Third_Party/FreeRTOS/Source/tasks.c **** 		{
 720              		.loc 1 3473 39 view .LVU215
 721 0000 0F4B     		ldr	r3, .L59
 722 0002 1B68     		ldr	r3, [r3]
 723 0004 D3B1     		cbz	r3, .L58
 724              	.LBE117:
3463:Middlewares/Third_Party/FreeRTOS/Source/tasks.c **** 
 725              		.loc 1 3463 1 is_stmt 0 view .LVU216
 726 0006 10B5     		push	{r4, lr}
 727              	.LCFI4:
 728              		.cfi_def_cfa_offset 8
 729              		.cfi_offset 4, -8
 730              		.cfi_offset 14, -4
 731              	.L54:
 732              	.LBB118:
3475:Middlewares/Third_Party/FreeRTOS/Source/tasks.c **** 			{
 733              		.loc 1 3475 4 is_stmt 1 view .LVU217
 734 0008 FFF7FEFF 		bl	vPortEnterCritical
 735              	.LVL53:
3477:Middlewares/Third_Party/FreeRTOS/Source/tasks.c **** 				( void ) uxListRemove( &( pxTCB->xStateListItem ) );
 736              		.loc 1 3477 5 view .LVU218
3477:Middlewares/Third_Party/FreeRTOS/Source/tasks.c **** 				( void ) uxListRemove( &( pxTCB->xStateListItem ) );
 737              		.loc 1 3477 25 is_stmt 0 view .LVU219
 738 000c 0D4B     		ldr	r3, .L59+4
 739 000e DB68     		ldr	r3, [r3, #12]
3477:Middlewares/Third_Party/FreeRTOS/Source/tasks.c **** 				( void ) uxListRemove( &( pxTCB->xStateListItem ) );
 740              		.loc 1 3477 11 view .LVU220
 741 0010 DC68     		ldr	r4, [r3, #12]
 742              	.LVL54:
3478:Middlewares/Third_Party/FreeRTOS/Source/tasks.c **** 				--uxCurrentNumberOfTasks;
 743              		.loc 1 3478 5 is_stmt 1 view .LVU221
3478:Middlewares/Third_Party/FreeRTOS/Source/tasks.c **** 				--uxCurrentNumberOfTasks;
 744              		.loc 1 3478 14 is_stmt 0 view .LVU222
 745 0012 201D     		adds	r0, r4, #4
ARM GAS  /tmp/ccZZCKwI.s 			page 86


 746 0014 FFF7FEFF 		bl	uxListRemove
 747              	.LVL55:
3479:Middlewares/Third_Party/FreeRTOS/Source/tasks.c **** 				--uxDeletedTasksWaitingCleanUp;
 748              		.loc 1 3479 5 is_stmt 1 view .LVU223
 749 0018 0B4A     		ldr	r2, .L59+8
 750 001a 1368     		ldr	r3, [r2]
 751 001c 013B     		subs	r3, r3, #1
 752 001e 1360     		str	r3, [r2]
3480:Middlewares/Third_Party/FreeRTOS/Source/tasks.c **** 			}
 753              		.loc 1 3480 5 view .LVU224
 754 0020 074A     		ldr	r2, .L59
 755 0022 1368     		ldr	r3, [r2]
 756 0024 013B     		subs	r3, r3, #1
 757 0026 1360     		str	r3, [r2]
3482:Middlewares/Third_Party/FreeRTOS/Source/tasks.c **** 
 758              		.loc 1 3482 4 view .LVU225
 759 0028 FFF7FEFF 		bl	vPortExitCritical
 760              	.LVL56:
3484:Middlewares/Third_Party/FreeRTOS/Source/tasks.c **** 		}
 761              		.loc 1 3484 4 view .LVU226
 762 002c 2046     		mov	r0, r4
 763 002e FFF7FEFF 		bl	prvDeleteTCB
 764              	.LVL57:
3473:Middlewares/Third_Party/FreeRTOS/Source/tasks.c **** 		{
 765              		.loc 1 3473 39 view .LVU227
 766 0032 034B     		ldr	r3, .L59
 767 0034 1B68     		ldr	r3, [r3]
 768 0036 002B     		cmp	r3, #0
 769 0038 E6D1     		bne	.L54
 770              	.LBE118:
3488:Middlewares/Third_Party/FreeRTOS/Source/tasks.c **** /*-----------------------------------------------------------*/
 771              		.loc 1 3488 1 is_stmt 0 view .LVU228
 772 003a 10BD     		pop	{r4, pc}
 773              	.LVL58:
 774              	.L58:
 775              	.LCFI5:
 776              		.cfi_def_cfa_offset 0
 777              		.cfi_restore 4
 778              		.cfi_restore 14
3488:Middlewares/Third_Party/FreeRTOS/Source/tasks.c **** /*-----------------------------------------------------------*/
 779              		.loc 1 3488 1 view .LVU229
 780 003c 7047     		bx	lr
 781              	.L60:
 782 003e 00BF     		.align	2
 783              	.L59:
 784 0040 00000000 		.word	uxDeletedTasksWaitingCleanUp
 785 0044 00000000 		.word	xTasksWaitingTermination
 786 0048 00000000 		.word	uxCurrentNumberOfTasks
 787              		.cfi_endproc
 788              	.LFE43:
 790              		.section	.text.prvIdleTask,"ax",%progbits
 791              		.align	1
 792              		.syntax unified
 793              		.thumb
 794              		.thumb_func
 796              	prvIdleTask:
 797              	.LFB41:
ARM GAS  /tmp/ccZZCKwI.s 			page 87


3219:Middlewares/Third_Party/FreeRTOS/Source/tasks.c **** 	/* Stop warnings. */
 798              		.loc 1 3219 1 is_stmt 1 view -0
 799              		.cfi_startproc
 800              		@ Volatile: function does not return.
 801              		@ args = 0, pretend = 0, frame = 0
 802              		@ frame_needed = 0, uses_anonymous_args = 0
 803              	.LVL59:
3219:Middlewares/Third_Party/FreeRTOS/Source/tasks.c **** 	/* Stop warnings. */
 804              		.loc 1 3219 1 is_stmt 0 view .LVU231
 805 0000 08B5     		push	{r3, lr}
 806              	.LCFI6:
 807              		.cfi_def_cfa_offset 8
 808              		.cfi_offset 3, -8
 809              		.cfi_offset 14, -4
 810              	.LVL60:
 811              	.L62:
3221:Middlewares/Third_Party/FreeRTOS/Source/tasks.c **** 
 812              		.loc 1 3221 2 is_stmt 1 view .LVU232
3229:Middlewares/Third_Party/FreeRTOS/Source/tasks.c **** 
 813              		.loc 1 3229 35 view .LVU233
3231:Middlewares/Third_Party/FreeRTOS/Source/tasks.c **** 	{
 814              		.loc 1 3231 2 view .LVU234
3235:Middlewares/Third_Party/FreeRTOS/Source/tasks.c **** 
 815              		.loc 1 3235 3 view .LVU235
 816 0002 FFF7FEFF 		bl	prvCheckTasksWaitingTermination
 817              	.LVL61:
3258:Middlewares/Third_Party/FreeRTOS/Source/tasks.c **** 			{
 818              		.loc 1 3258 4 view .LVU236
3258:Middlewares/Third_Party/FreeRTOS/Source/tasks.c **** 			{
 819              		.loc 1 3258 8 is_stmt 0 view .LVU237
 820 0006 074B     		ldr	r3, .L65
 821 0008 1B68     		ldr	r3, [r3]
3258:Middlewares/Third_Party/FreeRTOS/Source/tasks.c **** 			{
 822              		.loc 1 3258 6 view .LVU238
 823 000a 012B     		cmp	r3, #1
 824 000c F9D9     		bls	.L62
3260:Middlewares/Third_Party/FreeRTOS/Source/tasks.c **** 			}
 825              		.loc 1 3260 5 is_stmt 1 view .LVU239
 826 000e 4FF0E023 		mov	r3, #-536813568
 827 0012 4FF08052 		mov	r2, #268435456
 828 0016 C3F8042D 		str	r2, [r3, #3332]
3260:Middlewares/Third_Party/FreeRTOS/Source/tasks.c **** 			}
 829              		.loc 1 3260 5 view .LVU240
 830              		.syntax unified
 831              	@ 3260 "Middlewares/Third_Party/FreeRTOS/Source/tasks.c" 1
 832 001a BFF34F8F 		dsb
 833              	@ 0 "" 2
3260:Middlewares/Third_Party/FreeRTOS/Source/tasks.c **** 			}
 834              		.loc 1 3260 5 view .LVU241
 835              	@ 3260 "Middlewares/Third_Party/FreeRTOS/Source/tasks.c" 1
 836 001e BFF36F8F 		isb
 837              	@ 0 "" 2
3260:Middlewares/Third_Party/FreeRTOS/Source/tasks.c **** 			}
 838              		.loc 1 3260 16 view .LVU242
 839              		.thumb
 840              		.syntax unified
 841 0022 EEE7     		b	.L62
ARM GAS  /tmp/ccZZCKwI.s 			page 88


 842              	.L66:
 843              		.align	2
 844              	.L65:
 845 0024 00000000 		.word	pxReadyTasksLists
 846              		.cfi_endproc
 847              	.LFE41:
 849              		.section	.text.prvAddCurrentTaskToDelayedList,"ax",%progbits
 850              		.align	1
 851              		.syntax unified
 852              		.thumb
 853              		.thumb_func
 855              	prvAddCurrentTaskToDelayedList:
 856              	.LVL62:
 857              	.LFB63:
3746:Middlewares/Third_Party/FreeRTOS/Source/tasks.c **** /*-----------------------------------------------------------*/
3747:Middlewares/Third_Party/FreeRTOS/Source/tasks.c **** 
3748:Middlewares/Third_Party/FreeRTOS/Source/tasks.c **** #if ( ( INCLUDE_xTaskGetCurrentTaskHandle == 1 ) || ( configUSE_MUTEXES == 1 ) )
3749:Middlewares/Third_Party/FreeRTOS/Source/tasks.c **** 
3750:Middlewares/Third_Party/FreeRTOS/Source/tasks.c **** 	TaskHandle_t xTaskGetCurrentTaskHandle( void )
3751:Middlewares/Third_Party/FreeRTOS/Source/tasks.c **** 	{
3752:Middlewares/Third_Party/FreeRTOS/Source/tasks.c **** 	TaskHandle_t xReturn;
3753:Middlewares/Third_Party/FreeRTOS/Source/tasks.c **** 
3754:Middlewares/Third_Party/FreeRTOS/Source/tasks.c **** 		/* A critical section is not required as this is not called from
3755:Middlewares/Third_Party/FreeRTOS/Source/tasks.c **** 		an interrupt and the current TCB will always be the same for any
3756:Middlewares/Third_Party/FreeRTOS/Source/tasks.c **** 		individual execution thread. */
3757:Middlewares/Third_Party/FreeRTOS/Source/tasks.c **** 		xReturn = pxCurrentTCB;
3758:Middlewares/Third_Party/FreeRTOS/Source/tasks.c **** 
3759:Middlewares/Third_Party/FreeRTOS/Source/tasks.c **** 		return xReturn;
3760:Middlewares/Third_Party/FreeRTOS/Source/tasks.c **** 	}
3761:Middlewares/Third_Party/FreeRTOS/Source/tasks.c **** 
3762:Middlewares/Third_Party/FreeRTOS/Source/tasks.c **** #endif /* ( ( INCLUDE_xTaskGetCurrentTaskHandle == 1 ) || ( configUSE_MUTEXES == 1 ) ) */
3763:Middlewares/Third_Party/FreeRTOS/Source/tasks.c **** /*-----------------------------------------------------------*/
3764:Middlewares/Third_Party/FreeRTOS/Source/tasks.c **** 
3765:Middlewares/Third_Party/FreeRTOS/Source/tasks.c **** #if ( ( INCLUDE_xTaskGetSchedulerState == 1 ) || ( configUSE_TIMERS == 1 ) )
3766:Middlewares/Third_Party/FreeRTOS/Source/tasks.c **** 
3767:Middlewares/Third_Party/FreeRTOS/Source/tasks.c **** 	BaseType_t xTaskGetSchedulerState( void )
3768:Middlewares/Third_Party/FreeRTOS/Source/tasks.c **** 	{
3769:Middlewares/Third_Party/FreeRTOS/Source/tasks.c **** 	BaseType_t xReturn;
3770:Middlewares/Third_Party/FreeRTOS/Source/tasks.c **** 
3771:Middlewares/Third_Party/FreeRTOS/Source/tasks.c **** 		if( xSchedulerRunning == pdFALSE )
3772:Middlewares/Third_Party/FreeRTOS/Source/tasks.c **** 		{
3773:Middlewares/Third_Party/FreeRTOS/Source/tasks.c **** 			xReturn = taskSCHEDULER_NOT_STARTED;
3774:Middlewares/Third_Party/FreeRTOS/Source/tasks.c **** 		}
3775:Middlewares/Third_Party/FreeRTOS/Source/tasks.c **** 		else
3776:Middlewares/Third_Party/FreeRTOS/Source/tasks.c **** 		{
3777:Middlewares/Third_Party/FreeRTOS/Source/tasks.c **** 			if( uxSchedulerSuspended == ( UBaseType_t ) pdFALSE )
3778:Middlewares/Third_Party/FreeRTOS/Source/tasks.c **** 			{
3779:Middlewares/Third_Party/FreeRTOS/Source/tasks.c **** 				xReturn = taskSCHEDULER_RUNNING;
3780:Middlewares/Third_Party/FreeRTOS/Source/tasks.c **** 			}
3781:Middlewares/Third_Party/FreeRTOS/Source/tasks.c **** 			else
3782:Middlewares/Third_Party/FreeRTOS/Source/tasks.c **** 			{
3783:Middlewares/Third_Party/FreeRTOS/Source/tasks.c **** 				xReturn = taskSCHEDULER_SUSPENDED;
3784:Middlewares/Third_Party/FreeRTOS/Source/tasks.c **** 			}
3785:Middlewares/Third_Party/FreeRTOS/Source/tasks.c **** 		}
3786:Middlewares/Third_Party/FreeRTOS/Source/tasks.c **** 
3787:Middlewares/Third_Party/FreeRTOS/Source/tasks.c **** 		return xReturn;
3788:Middlewares/Third_Party/FreeRTOS/Source/tasks.c **** 	}
ARM GAS  /tmp/ccZZCKwI.s 			page 89


3789:Middlewares/Third_Party/FreeRTOS/Source/tasks.c **** 
3790:Middlewares/Third_Party/FreeRTOS/Source/tasks.c **** #endif /* ( ( INCLUDE_xTaskGetSchedulerState == 1 ) || ( configUSE_TIMERS == 1 ) ) */
3791:Middlewares/Third_Party/FreeRTOS/Source/tasks.c **** /*-----------------------------------------------------------*/
3792:Middlewares/Third_Party/FreeRTOS/Source/tasks.c **** 
3793:Middlewares/Third_Party/FreeRTOS/Source/tasks.c **** #if ( configUSE_MUTEXES == 1 )
3794:Middlewares/Third_Party/FreeRTOS/Source/tasks.c **** 
3795:Middlewares/Third_Party/FreeRTOS/Source/tasks.c **** 	BaseType_t xTaskPriorityInherit( TaskHandle_t const pxMutexHolder )
3796:Middlewares/Third_Party/FreeRTOS/Source/tasks.c **** 	{
3797:Middlewares/Third_Party/FreeRTOS/Source/tasks.c **** 	TCB_t * const pxMutexHolderTCB = ( TCB_t * ) pxMutexHolder;
3798:Middlewares/Third_Party/FreeRTOS/Source/tasks.c **** 	BaseType_t xReturn = pdFALSE;
3799:Middlewares/Third_Party/FreeRTOS/Source/tasks.c **** 
3800:Middlewares/Third_Party/FreeRTOS/Source/tasks.c **** 		/* If the mutex was given back by an interrupt while the queue was
3801:Middlewares/Third_Party/FreeRTOS/Source/tasks.c **** 		locked then the mutex holder might now be NULL.  _RB_ Is this still
3802:Middlewares/Third_Party/FreeRTOS/Source/tasks.c **** 		needed as interrupts can no longer use mutexes? */
3803:Middlewares/Third_Party/FreeRTOS/Source/tasks.c **** 		if( pxMutexHolder != NULL )
3804:Middlewares/Third_Party/FreeRTOS/Source/tasks.c **** 		{
3805:Middlewares/Third_Party/FreeRTOS/Source/tasks.c **** 			/* If the holder of the mutex has a priority below the priority of
3806:Middlewares/Third_Party/FreeRTOS/Source/tasks.c **** 			the task attempting to obtain the mutex then it will temporarily
3807:Middlewares/Third_Party/FreeRTOS/Source/tasks.c **** 			inherit the priority of the task attempting to obtain the mutex. */
3808:Middlewares/Third_Party/FreeRTOS/Source/tasks.c **** 			if( pxMutexHolderTCB->uxPriority < pxCurrentTCB->uxPriority )
3809:Middlewares/Third_Party/FreeRTOS/Source/tasks.c **** 			{
3810:Middlewares/Third_Party/FreeRTOS/Source/tasks.c **** 				/* Adjust the mutex holder state to account for its new
3811:Middlewares/Third_Party/FreeRTOS/Source/tasks.c **** 				priority.  Only reset the event list item value if the value is
3812:Middlewares/Third_Party/FreeRTOS/Source/tasks.c **** 				not being used for anything else. */
3813:Middlewares/Third_Party/FreeRTOS/Source/tasks.c **** 				if( ( listGET_LIST_ITEM_VALUE( &( pxMutexHolderTCB->xEventListItem ) ) & taskEVENT_LIST_ITEM_VA
3814:Middlewares/Third_Party/FreeRTOS/Source/tasks.c **** 				{
3815:Middlewares/Third_Party/FreeRTOS/Source/tasks.c **** 					listSET_LIST_ITEM_VALUE( &( pxMutexHolderTCB->xEventListItem ), ( TickType_t ) configMAX_PRIOR
3816:Middlewares/Third_Party/FreeRTOS/Source/tasks.c **** 				}
3817:Middlewares/Third_Party/FreeRTOS/Source/tasks.c **** 				else
3818:Middlewares/Third_Party/FreeRTOS/Source/tasks.c **** 				{
3819:Middlewares/Third_Party/FreeRTOS/Source/tasks.c **** 					mtCOVERAGE_TEST_MARKER();
3820:Middlewares/Third_Party/FreeRTOS/Source/tasks.c **** 				}
3821:Middlewares/Third_Party/FreeRTOS/Source/tasks.c **** 
3822:Middlewares/Third_Party/FreeRTOS/Source/tasks.c **** 				/* If the task being modified is in the ready state it will need
3823:Middlewares/Third_Party/FreeRTOS/Source/tasks.c **** 				to be moved into a new list. */
3824:Middlewares/Third_Party/FreeRTOS/Source/tasks.c **** 				if( listIS_CONTAINED_WITHIN( &( pxReadyTasksLists[ pxMutexHolderTCB->uxPriority ] ), &( pxMutex
3825:Middlewares/Third_Party/FreeRTOS/Source/tasks.c **** 				{
3826:Middlewares/Third_Party/FreeRTOS/Source/tasks.c **** 					if( uxListRemove( &( pxMutexHolderTCB->xStateListItem ) ) == ( UBaseType_t ) 0 )
3827:Middlewares/Third_Party/FreeRTOS/Source/tasks.c **** 					{
3828:Middlewares/Third_Party/FreeRTOS/Source/tasks.c **** 						taskRESET_READY_PRIORITY( pxMutexHolderTCB->uxPriority );
3829:Middlewares/Third_Party/FreeRTOS/Source/tasks.c **** 					}
3830:Middlewares/Third_Party/FreeRTOS/Source/tasks.c **** 					else
3831:Middlewares/Third_Party/FreeRTOS/Source/tasks.c **** 					{
3832:Middlewares/Third_Party/FreeRTOS/Source/tasks.c **** 						mtCOVERAGE_TEST_MARKER();
3833:Middlewares/Third_Party/FreeRTOS/Source/tasks.c **** 					}
3834:Middlewares/Third_Party/FreeRTOS/Source/tasks.c **** 
3835:Middlewares/Third_Party/FreeRTOS/Source/tasks.c **** 					/* Inherit the priority before being moved into the new list. */
3836:Middlewares/Third_Party/FreeRTOS/Source/tasks.c **** 					pxMutexHolderTCB->uxPriority = pxCurrentTCB->uxPriority;
3837:Middlewares/Third_Party/FreeRTOS/Source/tasks.c **** 					prvAddTaskToReadyList( pxMutexHolderTCB );
3838:Middlewares/Third_Party/FreeRTOS/Source/tasks.c **** 				}
3839:Middlewares/Third_Party/FreeRTOS/Source/tasks.c **** 				else
3840:Middlewares/Third_Party/FreeRTOS/Source/tasks.c **** 				{
3841:Middlewares/Third_Party/FreeRTOS/Source/tasks.c **** 					/* Just inherit the priority. */
3842:Middlewares/Third_Party/FreeRTOS/Source/tasks.c **** 					pxMutexHolderTCB->uxPriority = pxCurrentTCB->uxPriority;
3843:Middlewares/Third_Party/FreeRTOS/Source/tasks.c **** 				}
3844:Middlewares/Third_Party/FreeRTOS/Source/tasks.c **** 
3845:Middlewares/Third_Party/FreeRTOS/Source/tasks.c **** 				traceTASK_PRIORITY_INHERIT( pxMutexHolderTCB, pxCurrentTCB->uxPriority );
ARM GAS  /tmp/ccZZCKwI.s 			page 90


3846:Middlewares/Third_Party/FreeRTOS/Source/tasks.c **** 
3847:Middlewares/Third_Party/FreeRTOS/Source/tasks.c **** 				/* Inheritance occurred. */
3848:Middlewares/Third_Party/FreeRTOS/Source/tasks.c **** 				xReturn = pdTRUE;
3849:Middlewares/Third_Party/FreeRTOS/Source/tasks.c **** 			}
3850:Middlewares/Third_Party/FreeRTOS/Source/tasks.c **** 			else
3851:Middlewares/Third_Party/FreeRTOS/Source/tasks.c **** 			{
3852:Middlewares/Third_Party/FreeRTOS/Source/tasks.c **** 				if( pxMutexHolderTCB->uxBasePriority < pxCurrentTCB->uxPriority )
3853:Middlewares/Third_Party/FreeRTOS/Source/tasks.c **** 				{
3854:Middlewares/Third_Party/FreeRTOS/Source/tasks.c **** 					/* The base priority of the mutex holder is lower than the
3855:Middlewares/Third_Party/FreeRTOS/Source/tasks.c **** 					priority of the task attempting to take the mutex, but the
3856:Middlewares/Third_Party/FreeRTOS/Source/tasks.c **** 					current priority of the mutex holder is not lower than the
3857:Middlewares/Third_Party/FreeRTOS/Source/tasks.c **** 					priority of the task attempting to take the mutex.
3858:Middlewares/Third_Party/FreeRTOS/Source/tasks.c **** 					Therefore the mutex holder must have already inherited a
3859:Middlewares/Third_Party/FreeRTOS/Source/tasks.c **** 					priority, but inheritance would have occurred if that had
3860:Middlewares/Third_Party/FreeRTOS/Source/tasks.c **** 					not been the case. */
3861:Middlewares/Third_Party/FreeRTOS/Source/tasks.c **** 					xReturn = pdTRUE;
3862:Middlewares/Third_Party/FreeRTOS/Source/tasks.c **** 				}
3863:Middlewares/Third_Party/FreeRTOS/Source/tasks.c **** 				else
3864:Middlewares/Third_Party/FreeRTOS/Source/tasks.c **** 				{
3865:Middlewares/Third_Party/FreeRTOS/Source/tasks.c **** 					mtCOVERAGE_TEST_MARKER();
3866:Middlewares/Third_Party/FreeRTOS/Source/tasks.c **** 				}
3867:Middlewares/Third_Party/FreeRTOS/Source/tasks.c **** 			}
3868:Middlewares/Third_Party/FreeRTOS/Source/tasks.c **** 		}
3869:Middlewares/Third_Party/FreeRTOS/Source/tasks.c **** 		else
3870:Middlewares/Third_Party/FreeRTOS/Source/tasks.c **** 		{
3871:Middlewares/Third_Party/FreeRTOS/Source/tasks.c **** 			mtCOVERAGE_TEST_MARKER();
3872:Middlewares/Third_Party/FreeRTOS/Source/tasks.c **** 		}
3873:Middlewares/Third_Party/FreeRTOS/Source/tasks.c **** 
3874:Middlewares/Third_Party/FreeRTOS/Source/tasks.c **** 		return xReturn;
3875:Middlewares/Third_Party/FreeRTOS/Source/tasks.c **** 	}
3876:Middlewares/Third_Party/FreeRTOS/Source/tasks.c **** 
3877:Middlewares/Third_Party/FreeRTOS/Source/tasks.c **** #endif /* configUSE_MUTEXES */
3878:Middlewares/Third_Party/FreeRTOS/Source/tasks.c **** /*-----------------------------------------------------------*/
3879:Middlewares/Third_Party/FreeRTOS/Source/tasks.c **** 
3880:Middlewares/Third_Party/FreeRTOS/Source/tasks.c **** #if ( configUSE_MUTEXES == 1 )
3881:Middlewares/Third_Party/FreeRTOS/Source/tasks.c **** 
3882:Middlewares/Third_Party/FreeRTOS/Source/tasks.c **** 	BaseType_t xTaskPriorityDisinherit( TaskHandle_t const pxMutexHolder )
3883:Middlewares/Third_Party/FreeRTOS/Source/tasks.c **** 	{
3884:Middlewares/Third_Party/FreeRTOS/Source/tasks.c **** 	TCB_t * const pxTCB = ( TCB_t * ) pxMutexHolder;
3885:Middlewares/Third_Party/FreeRTOS/Source/tasks.c **** 	BaseType_t xReturn = pdFALSE;
3886:Middlewares/Third_Party/FreeRTOS/Source/tasks.c **** 
3887:Middlewares/Third_Party/FreeRTOS/Source/tasks.c **** 		if( pxMutexHolder != NULL )
3888:Middlewares/Third_Party/FreeRTOS/Source/tasks.c **** 		{
3889:Middlewares/Third_Party/FreeRTOS/Source/tasks.c **** 			/* A task can only have an inherited priority if it holds the mutex.
3890:Middlewares/Third_Party/FreeRTOS/Source/tasks.c **** 			If the mutex is held by a task then it cannot be given from an
3891:Middlewares/Third_Party/FreeRTOS/Source/tasks.c **** 			interrupt, and if a mutex is given by the holding task then it must
3892:Middlewares/Third_Party/FreeRTOS/Source/tasks.c **** 			be the running state task. */
3893:Middlewares/Third_Party/FreeRTOS/Source/tasks.c **** 			configASSERT( pxTCB == pxCurrentTCB );
3894:Middlewares/Third_Party/FreeRTOS/Source/tasks.c **** 			configASSERT( pxTCB->uxMutexesHeld );
3895:Middlewares/Third_Party/FreeRTOS/Source/tasks.c **** 			( pxTCB->uxMutexesHeld )--;
3896:Middlewares/Third_Party/FreeRTOS/Source/tasks.c **** 
3897:Middlewares/Third_Party/FreeRTOS/Source/tasks.c **** 			/* Has the holder of the mutex inherited the priority of another
3898:Middlewares/Third_Party/FreeRTOS/Source/tasks.c **** 			task? */
3899:Middlewares/Third_Party/FreeRTOS/Source/tasks.c **** 			if( pxTCB->uxPriority != pxTCB->uxBasePriority )
3900:Middlewares/Third_Party/FreeRTOS/Source/tasks.c **** 			{
3901:Middlewares/Third_Party/FreeRTOS/Source/tasks.c **** 				/* Only disinherit if no other mutexes are held. */
3902:Middlewares/Third_Party/FreeRTOS/Source/tasks.c **** 				if( pxTCB->uxMutexesHeld == ( UBaseType_t ) 0 )
ARM GAS  /tmp/ccZZCKwI.s 			page 91


3903:Middlewares/Third_Party/FreeRTOS/Source/tasks.c **** 				{
3904:Middlewares/Third_Party/FreeRTOS/Source/tasks.c **** 					/* A task can only have an inherited priority if it holds
3905:Middlewares/Third_Party/FreeRTOS/Source/tasks.c **** 					the mutex.  If the mutex is held by a task then it cannot be
3906:Middlewares/Third_Party/FreeRTOS/Source/tasks.c **** 					given from an interrupt, and if a mutex is given by the
3907:Middlewares/Third_Party/FreeRTOS/Source/tasks.c **** 					holding task then it must be the running state task.  Remove
3908:Middlewares/Third_Party/FreeRTOS/Source/tasks.c **** 					the holding task from the ready list. */
3909:Middlewares/Third_Party/FreeRTOS/Source/tasks.c **** 					if( uxListRemove( &( pxTCB->xStateListItem ) ) == ( UBaseType_t ) 0 )
3910:Middlewares/Third_Party/FreeRTOS/Source/tasks.c **** 					{
3911:Middlewares/Third_Party/FreeRTOS/Source/tasks.c **** 						taskRESET_READY_PRIORITY( pxTCB->uxPriority );
3912:Middlewares/Third_Party/FreeRTOS/Source/tasks.c **** 					}
3913:Middlewares/Third_Party/FreeRTOS/Source/tasks.c **** 					else
3914:Middlewares/Third_Party/FreeRTOS/Source/tasks.c **** 					{
3915:Middlewares/Third_Party/FreeRTOS/Source/tasks.c **** 						mtCOVERAGE_TEST_MARKER();
3916:Middlewares/Third_Party/FreeRTOS/Source/tasks.c **** 					}
3917:Middlewares/Third_Party/FreeRTOS/Source/tasks.c **** 
3918:Middlewares/Third_Party/FreeRTOS/Source/tasks.c **** 					/* Disinherit the priority before adding the task into the
3919:Middlewares/Third_Party/FreeRTOS/Source/tasks.c **** 					new	ready list. */
3920:Middlewares/Third_Party/FreeRTOS/Source/tasks.c **** 					traceTASK_PRIORITY_DISINHERIT( pxTCB, pxTCB->uxBasePriority );
3921:Middlewares/Third_Party/FreeRTOS/Source/tasks.c **** 					pxTCB->uxPriority = pxTCB->uxBasePriority;
3922:Middlewares/Third_Party/FreeRTOS/Source/tasks.c **** 
3923:Middlewares/Third_Party/FreeRTOS/Source/tasks.c **** 					/* Reset the event list item value.  It cannot be in use for
3924:Middlewares/Third_Party/FreeRTOS/Source/tasks.c **** 					any other purpose if this task is running, and it must be
3925:Middlewares/Third_Party/FreeRTOS/Source/tasks.c **** 					running to give back the mutex. */
3926:Middlewares/Third_Party/FreeRTOS/Source/tasks.c **** 					listSET_LIST_ITEM_VALUE( &( pxTCB->xEventListItem ), ( TickType_t ) configMAX_PRIORITIES - ( T
3927:Middlewares/Third_Party/FreeRTOS/Source/tasks.c **** 					prvAddTaskToReadyList( pxTCB );
3928:Middlewares/Third_Party/FreeRTOS/Source/tasks.c **** 
3929:Middlewares/Third_Party/FreeRTOS/Source/tasks.c **** 					/* Return true to indicate that a context switch is required.
3930:Middlewares/Third_Party/FreeRTOS/Source/tasks.c **** 					This is only actually required in the corner case whereby
3931:Middlewares/Third_Party/FreeRTOS/Source/tasks.c **** 					multiple mutexes were held and the mutexes were given back
3932:Middlewares/Third_Party/FreeRTOS/Source/tasks.c **** 					in an order different to that in which they were taken.
3933:Middlewares/Third_Party/FreeRTOS/Source/tasks.c **** 					If a context switch did not occur when the first mutex was
3934:Middlewares/Third_Party/FreeRTOS/Source/tasks.c **** 					returned, even if a task was waiting on it, then a context
3935:Middlewares/Third_Party/FreeRTOS/Source/tasks.c **** 					switch should occur when the last mutex is returned whether
3936:Middlewares/Third_Party/FreeRTOS/Source/tasks.c **** 					a task is waiting on it or not. */
3937:Middlewares/Third_Party/FreeRTOS/Source/tasks.c **** 					xReturn = pdTRUE;
3938:Middlewares/Third_Party/FreeRTOS/Source/tasks.c **** 				}
3939:Middlewares/Third_Party/FreeRTOS/Source/tasks.c **** 				else
3940:Middlewares/Third_Party/FreeRTOS/Source/tasks.c **** 				{
3941:Middlewares/Third_Party/FreeRTOS/Source/tasks.c **** 					mtCOVERAGE_TEST_MARKER();
3942:Middlewares/Third_Party/FreeRTOS/Source/tasks.c **** 				}
3943:Middlewares/Third_Party/FreeRTOS/Source/tasks.c **** 			}
3944:Middlewares/Third_Party/FreeRTOS/Source/tasks.c **** 			else
3945:Middlewares/Third_Party/FreeRTOS/Source/tasks.c **** 			{
3946:Middlewares/Third_Party/FreeRTOS/Source/tasks.c **** 				mtCOVERAGE_TEST_MARKER();
3947:Middlewares/Third_Party/FreeRTOS/Source/tasks.c **** 			}
3948:Middlewares/Third_Party/FreeRTOS/Source/tasks.c **** 		}
3949:Middlewares/Third_Party/FreeRTOS/Source/tasks.c **** 		else
3950:Middlewares/Third_Party/FreeRTOS/Source/tasks.c **** 		{
3951:Middlewares/Third_Party/FreeRTOS/Source/tasks.c **** 			mtCOVERAGE_TEST_MARKER();
3952:Middlewares/Third_Party/FreeRTOS/Source/tasks.c **** 		}
3953:Middlewares/Third_Party/FreeRTOS/Source/tasks.c **** 
3954:Middlewares/Third_Party/FreeRTOS/Source/tasks.c **** 		return xReturn;
3955:Middlewares/Third_Party/FreeRTOS/Source/tasks.c **** 	}
3956:Middlewares/Third_Party/FreeRTOS/Source/tasks.c **** 
3957:Middlewares/Third_Party/FreeRTOS/Source/tasks.c **** #endif /* configUSE_MUTEXES */
3958:Middlewares/Third_Party/FreeRTOS/Source/tasks.c **** /*-----------------------------------------------------------*/
3959:Middlewares/Third_Party/FreeRTOS/Source/tasks.c **** 
ARM GAS  /tmp/ccZZCKwI.s 			page 92


3960:Middlewares/Third_Party/FreeRTOS/Source/tasks.c **** #if ( configUSE_MUTEXES == 1 )
3961:Middlewares/Third_Party/FreeRTOS/Source/tasks.c **** 
3962:Middlewares/Third_Party/FreeRTOS/Source/tasks.c **** 	void vTaskPriorityDisinheritAfterTimeout( TaskHandle_t const pxMutexHolder, UBaseType_t uxHighestP
3963:Middlewares/Third_Party/FreeRTOS/Source/tasks.c **** 	{
3964:Middlewares/Third_Party/FreeRTOS/Source/tasks.c **** 	TCB_t * const pxTCB = ( TCB_t * ) pxMutexHolder;
3965:Middlewares/Third_Party/FreeRTOS/Source/tasks.c **** 	UBaseType_t uxPriorityUsedOnEntry, uxPriorityToUse;
3966:Middlewares/Third_Party/FreeRTOS/Source/tasks.c **** 	const UBaseType_t uxOnlyOneMutexHeld = ( UBaseType_t ) 1;
3967:Middlewares/Third_Party/FreeRTOS/Source/tasks.c **** 
3968:Middlewares/Third_Party/FreeRTOS/Source/tasks.c **** 		if( pxMutexHolder != NULL )
3969:Middlewares/Third_Party/FreeRTOS/Source/tasks.c **** 		{
3970:Middlewares/Third_Party/FreeRTOS/Source/tasks.c **** 			/* If pxMutexHolder is not NULL then the holder must hold at least
3971:Middlewares/Third_Party/FreeRTOS/Source/tasks.c **** 			one mutex. */
3972:Middlewares/Third_Party/FreeRTOS/Source/tasks.c **** 			configASSERT( pxTCB->uxMutexesHeld );
3973:Middlewares/Third_Party/FreeRTOS/Source/tasks.c **** 
3974:Middlewares/Third_Party/FreeRTOS/Source/tasks.c **** 			/* Determine the priority to which the priority of the task that
3975:Middlewares/Third_Party/FreeRTOS/Source/tasks.c **** 			holds the mutex should be set.  This will be the greater of the
3976:Middlewares/Third_Party/FreeRTOS/Source/tasks.c **** 			holding task's base priority and the priority of the highest
3977:Middlewares/Third_Party/FreeRTOS/Source/tasks.c **** 			priority task that is waiting to obtain the mutex. */
3978:Middlewares/Third_Party/FreeRTOS/Source/tasks.c **** 			if( pxTCB->uxBasePriority < uxHighestPriorityWaitingTask )
3979:Middlewares/Third_Party/FreeRTOS/Source/tasks.c **** 			{
3980:Middlewares/Third_Party/FreeRTOS/Source/tasks.c **** 				uxPriorityToUse = uxHighestPriorityWaitingTask;
3981:Middlewares/Third_Party/FreeRTOS/Source/tasks.c **** 			}
3982:Middlewares/Third_Party/FreeRTOS/Source/tasks.c **** 			else
3983:Middlewares/Third_Party/FreeRTOS/Source/tasks.c **** 			{
3984:Middlewares/Third_Party/FreeRTOS/Source/tasks.c **** 				uxPriorityToUse = pxTCB->uxBasePriority;
3985:Middlewares/Third_Party/FreeRTOS/Source/tasks.c **** 			}
3986:Middlewares/Third_Party/FreeRTOS/Source/tasks.c **** 
3987:Middlewares/Third_Party/FreeRTOS/Source/tasks.c **** 			/* Does the priority need to change? */
3988:Middlewares/Third_Party/FreeRTOS/Source/tasks.c **** 			if( pxTCB->uxPriority != uxPriorityToUse )
3989:Middlewares/Third_Party/FreeRTOS/Source/tasks.c **** 			{
3990:Middlewares/Third_Party/FreeRTOS/Source/tasks.c **** 				/* Only disinherit if no other mutexes are held.  This is a
3991:Middlewares/Third_Party/FreeRTOS/Source/tasks.c **** 				simplification in the priority inheritance implementation.  If
3992:Middlewares/Third_Party/FreeRTOS/Source/tasks.c **** 				the task that holds the mutex is also holding other mutexes then
3993:Middlewares/Third_Party/FreeRTOS/Source/tasks.c **** 				the other mutexes may have caused the priority inheritance. */
3994:Middlewares/Third_Party/FreeRTOS/Source/tasks.c **** 				if( pxTCB->uxMutexesHeld == uxOnlyOneMutexHeld )
3995:Middlewares/Third_Party/FreeRTOS/Source/tasks.c **** 				{
3996:Middlewares/Third_Party/FreeRTOS/Source/tasks.c **** 					/* If a task has timed out because it already holds the
3997:Middlewares/Third_Party/FreeRTOS/Source/tasks.c **** 					mutex it was trying to obtain then it cannot of inherited
3998:Middlewares/Third_Party/FreeRTOS/Source/tasks.c **** 					its own priority. */
3999:Middlewares/Third_Party/FreeRTOS/Source/tasks.c **** 					configASSERT( pxTCB != pxCurrentTCB );
4000:Middlewares/Third_Party/FreeRTOS/Source/tasks.c **** 
4001:Middlewares/Third_Party/FreeRTOS/Source/tasks.c **** 					/* Disinherit the priority, remembering the previous
4002:Middlewares/Third_Party/FreeRTOS/Source/tasks.c **** 					priority to facilitate determining the subject task's
4003:Middlewares/Third_Party/FreeRTOS/Source/tasks.c **** 					state. */
4004:Middlewares/Third_Party/FreeRTOS/Source/tasks.c **** 					traceTASK_PRIORITY_DISINHERIT( pxTCB, pxTCB->uxBasePriority );
4005:Middlewares/Third_Party/FreeRTOS/Source/tasks.c **** 					uxPriorityUsedOnEntry = pxTCB->uxPriority;
4006:Middlewares/Third_Party/FreeRTOS/Source/tasks.c **** 					pxTCB->uxPriority = uxPriorityToUse;
4007:Middlewares/Third_Party/FreeRTOS/Source/tasks.c **** 
4008:Middlewares/Third_Party/FreeRTOS/Source/tasks.c **** 					/* Only reset the event list item value if the value is not
4009:Middlewares/Third_Party/FreeRTOS/Source/tasks.c **** 					being used for anything else. */
4010:Middlewares/Third_Party/FreeRTOS/Source/tasks.c **** 					if( ( listGET_LIST_ITEM_VALUE( &( pxTCB->xEventListItem ) ) & taskEVENT_LIST_ITEM_VALUE_IN_USE
4011:Middlewares/Third_Party/FreeRTOS/Source/tasks.c **** 					{
4012:Middlewares/Third_Party/FreeRTOS/Source/tasks.c **** 						listSET_LIST_ITEM_VALUE( &( pxTCB->xEventListItem ), ( TickType_t ) configMAX_PRIORITIES - ( 
4013:Middlewares/Third_Party/FreeRTOS/Source/tasks.c **** 					}
4014:Middlewares/Third_Party/FreeRTOS/Source/tasks.c **** 					else
4015:Middlewares/Third_Party/FreeRTOS/Source/tasks.c **** 					{
4016:Middlewares/Third_Party/FreeRTOS/Source/tasks.c **** 						mtCOVERAGE_TEST_MARKER();
ARM GAS  /tmp/ccZZCKwI.s 			page 93


4017:Middlewares/Third_Party/FreeRTOS/Source/tasks.c **** 					}
4018:Middlewares/Third_Party/FreeRTOS/Source/tasks.c **** 
4019:Middlewares/Third_Party/FreeRTOS/Source/tasks.c **** 					/* If the running task is not the task that holds the mutex
4020:Middlewares/Third_Party/FreeRTOS/Source/tasks.c **** 					then the task that holds the mutex could be in either the
4021:Middlewares/Third_Party/FreeRTOS/Source/tasks.c **** 					Ready, Blocked or Suspended states.  Only remove the task
4022:Middlewares/Third_Party/FreeRTOS/Source/tasks.c **** 					from its current state list if it is in the Ready state as
4023:Middlewares/Third_Party/FreeRTOS/Source/tasks.c **** 					the task's priority is going to change and there is one
4024:Middlewares/Third_Party/FreeRTOS/Source/tasks.c **** 					Ready list per priority. */
4025:Middlewares/Third_Party/FreeRTOS/Source/tasks.c **** 					if( listIS_CONTAINED_WITHIN( &( pxReadyTasksLists[ uxPriorityUsedOnEntry ] ), &( pxTCB->xState
4026:Middlewares/Third_Party/FreeRTOS/Source/tasks.c **** 					{
4027:Middlewares/Third_Party/FreeRTOS/Source/tasks.c **** 						if( uxListRemove( &( pxTCB->xStateListItem ) ) == ( UBaseType_t ) 0 )
4028:Middlewares/Third_Party/FreeRTOS/Source/tasks.c **** 						{
4029:Middlewares/Third_Party/FreeRTOS/Source/tasks.c **** 							taskRESET_READY_PRIORITY( pxTCB->uxPriority );
4030:Middlewares/Third_Party/FreeRTOS/Source/tasks.c **** 						}
4031:Middlewares/Third_Party/FreeRTOS/Source/tasks.c **** 						else
4032:Middlewares/Third_Party/FreeRTOS/Source/tasks.c **** 						{
4033:Middlewares/Third_Party/FreeRTOS/Source/tasks.c **** 							mtCOVERAGE_TEST_MARKER();
4034:Middlewares/Third_Party/FreeRTOS/Source/tasks.c **** 						}
4035:Middlewares/Third_Party/FreeRTOS/Source/tasks.c **** 
4036:Middlewares/Third_Party/FreeRTOS/Source/tasks.c **** 						prvAddTaskToReadyList( pxTCB );
4037:Middlewares/Third_Party/FreeRTOS/Source/tasks.c **** 					}
4038:Middlewares/Third_Party/FreeRTOS/Source/tasks.c **** 					else
4039:Middlewares/Third_Party/FreeRTOS/Source/tasks.c **** 					{
4040:Middlewares/Third_Party/FreeRTOS/Source/tasks.c **** 						mtCOVERAGE_TEST_MARKER();
4041:Middlewares/Third_Party/FreeRTOS/Source/tasks.c **** 					}
4042:Middlewares/Third_Party/FreeRTOS/Source/tasks.c **** 				}
4043:Middlewares/Third_Party/FreeRTOS/Source/tasks.c **** 				else
4044:Middlewares/Third_Party/FreeRTOS/Source/tasks.c **** 				{
4045:Middlewares/Third_Party/FreeRTOS/Source/tasks.c **** 					mtCOVERAGE_TEST_MARKER();
4046:Middlewares/Third_Party/FreeRTOS/Source/tasks.c **** 				}
4047:Middlewares/Third_Party/FreeRTOS/Source/tasks.c **** 			}
4048:Middlewares/Third_Party/FreeRTOS/Source/tasks.c **** 			else
4049:Middlewares/Third_Party/FreeRTOS/Source/tasks.c **** 			{
4050:Middlewares/Third_Party/FreeRTOS/Source/tasks.c **** 				mtCOVERAGE_TEST_MARKER();
4051:Middlewares/Third_Party/FreeRTOS/Source/tasks.c **** 			}
4052:Middlewares/Third_Party/FreeRTOS/Source/tasks.c **** 		}
4053:Middlewares/Third_Party/FreeRTOS/Source/tasks.c **** 		else
4054:Middlewares/Third_Party/FreeRTOS/Source/tasks.c **** 		{
4055:Middlewares/Third_Party/FreeRTOS/Source/tasks.c **** 			mtCOVERAGE_TEST_MARKER();
4056:Middlewares/Third_Party/FreeRTOS/Source/tasks.c **** 		}
4057:Middlewares/Third_Party/FreeRTOS/Source/tasks.c **** 	}
4058:Middlewares/Third_Party/FreeRTOS/Source/tasks.c **** 
4059:Middlewares/Third_Party/FreeRTOS/Source/tasks.c **** #endif /* configUSE_MUTEXES */
4060:Middlewares/Third_Party/FreeRTOS/Source/tasks.c **** /*-----------------------------------------------------------*/
4061:Middlewares/Third_Party/FreeRTOS/Source/tasks.c **** 
4062:Middlewares/Third_Party/FreeRTOS/Source/tasks.c **** #if ( portCRITICAL_NESTING_IN_TCB == 1 )
4063:Middlewares/Third_Party/FreeRTOS/Source/tasks.c **** 
4064:Middlewares/Third_Party/FreeRTOS/Source/tasks.c **** 	void vTaskEnterCritical( void )
4065:Middlewares/Third_Party/FreeRTOS/Source/tasks.c **** 	{
4066:Middlewares/Third_Party/FreeRTOS/Source/tasks.c **** 		portDISABLE_INTERRUPTS();
4067:Middlewares/Third_Party/FreeRTOS/Source/tasks.c **** 
4068:Middlewares/Third_Party/FreeRTOS/Source/tasks.c **** 		if( xSchedulerRunning != pdFALSE )
4069:Middlewares/Third_Party/FreeRTOS/Source/tasks.c **** 		{
4070:Middlewares/Third_Party/FreeRTOS/Source/tasks.c **** 			( pxCurrentTCB->uxCriticalNesting )++;
4071:Middlewares/Third_Party/FreeRTOS/Source/tasks.c **** 
4072:Middlewares/Third_Party/FreeRTOS/Source/tasks.c **** 			/* This is not the interrupt safe version of the enter critical
4073:Middlewares/Third_Party/FreeRTOS/Source/tasks.c **** 			function so	assert() if it is being called from an interrupt
ARM GAS  /tmp/ccZZCKwI.s 			page 94


4074:Middlewares/Third_Party/FreeRTOS/Source/tasks.c **** 			context.  Only API functions that end in "FromISR" can be used in an
4075:Middlewares/Third_Party/FreeRTOS/Source/tasks.c **** 			interrupt.  Only assert if the critical nesting count is 1 to
4076:Middlewares/Third_Party/FreeRTOS/Source/tasks.c **** 			protect against recursive calls if the assert function also uses a
4077:Middlewares/Third_Party/FreeRTOS/Source/tasks.c **** 			critical section. */
4078:Middlewares/Third_Party/FreeRTOS/Source/tasks.c **** 			if( pxCurrentTCB->uxCriticalNesting == 1 )
4079:Middlewares/Third_Party/FreeRTOS/Source/tasks.c **** 			{
4080:Middlewares/Third_Party/FreeRTOS/Source/tasks.c **** 				portASSERT_IF_IN_ISR();
4081:Middlewares/Third_Party/FreeRTOS/Source/tasks.c **** 			}
4082:Middlewares/Third_Party/FreeRTOS/Source/tasks.c **** 		}
4083:Middlewares/Third_Party/FreeRTOS/Source/tasks.c **** 		else
4084:Middlewares/Third_Party/FreeRTOS/Source/tasks.c **** 		{
4085:Middlewares/Third_Party/FreeRTOS/Source/tasks.c **** 			mtCOVERAGE_TEST_MARKER();
4086:Middlewares/Third_Party/FreeRTOS/Source/tasks.c **** 		}
4087:Middlewares/Third_Party/FreeRTOS/Source/tasks.c **** 	}
4088:Middlewares/Third_Party/FreeRTOS/Source/tasks.c **** 
4089:Middlewares/Third_Party/FreeRTOS/Source/tasks.c **** #endif /* portCRITICAL_NESTING_IN_TCB */
4090:Middlewares/Third_Party/FreeRTOS/Source/tasks.c **** /*-----------------------------------------------------------*/
4091:Middlewares/Third_Party/FreeRTOS/Source/tasks.c **** 
4092:Middlewares/Third_Party/FreeRTOS/Source/tasks.c **** #if ( portCRITICAL_NESTING_IN_TCB == 1 )
4093:Middlewares/Third_Party/FreeRTOS/Source/tasks.c **** 
4094:Middlewares/Third_Party/FreeRTOS/Source/tasks.c **** 	void vTaskExitCritical( void )
4095:Middlewares/Third_Party/FreeRTOS/Source/tasks.c **** 	{
4096:Middlewares/Third_Party/FreeRTOS/Source/tasks.c **** 		if( xSchedulerRunning != pdFALSE )
4097:Middlewares/Third_Party/FreeRTOS/Source/tasks.c **** 		{
4098:Middlewares/Third_Party/FreeRTOS/Source/tasks.c **** 			if( pxCurrentTCB->uxCriticalNesting > 0U )
4099:Middlewares/Third_Party/FreeRTOS/Source/tasks.c **** 			{
4100:Middlewares/Third_Party/FreeRTOS/Source/tasks.c **** 				( pxCurrentTCB->uxCriticalNesting )--;
4101:Middlewares/Third_Party/FreeRTOS/Source/tasks.c **** 
4102:Middlewares/Third_Party/FreeRTOS/Source/tasks.c **** 				if( pxCurrentTCB->uxCriticalNesting == 0U )
4103:Middlewares/Third_Party/FreeRTOS/Source/tasks.c **** 				{
4104:Middlewares/Third_Party/FreeRTOS/Source/tasks.c **** 					portENABLE_INTERRUPTS();
4105:Middlewares/Third_Party/FreeRTOS/Source/tasks.c **** 				}
4106:Middlewares/Third_Party/FreeRTOS/Source/tasks.c **** 				else
4107:Middlewares/Third_Party/FreeRTOS/Source/tasks.c **** 				{
4108:Middlewares/Third_Party/FreeRTOS/Source/tasks.c **** 					mtCOVERAGE_TEST_MARKER();
4109:Middlewares/Third_Party/FreeRTOS/Source/tasks.c **** 				}
4110:Middlewares/Third_Party/FreeRTOS/Source/tasks.c **** 			}
4111:Middlewares/Third_Party/FreeRTOS/Source/tasks.c **** 			else
4112:Middlewares/Third_Party/FreeRTOS/Source/tasks.c **** 			{
4113:Middlewares/Third_Party/FreeRTOS/Source/tasks.c **** 				mtCOVERAGE_TEST_MARKER();
4114:Middlewares/Third_Party/FreeRTOS/Source/tasks.c **** 			}
4115:Middlewares/Third_Party/FreeRTOS/Source/tasks.c **** 		}
4116:Middlewares/Third_Party/FreeRTOS/Source/tasks.c **** 		else
4117:Middlewares/Third_Party/FreeRTOS/Source/tasks.c **** 		{
4118:Middlewares/Third_Party/FreeRTOS/Source/tasks.c **** 			mtCOVERAGE_TEST_MARKER();
4119:Middlewares/Third_Party/FreeRTOS/Source/tasks.c **** 		}
4120:Middlewares/Third_Party/FreeRTOS/Source/tasks.c **** 	}
4121:Middlewares/Third_Party/FreeRTOS/Source/tasks.c **** 
4122:Middlewares/Third_Party/FreeRTOS/Source/tasks.c **** #endif /* portCRITICAL_NESTING_IN_TCB */
4123:Middlewares/Third_Party/FreeRTOS/Source/tasks.c **** /*-----------------------------------------------------------*/
4124:Middlewares/Third_Party/FreeRTOS/Source/tasks.c **** 
4125:Middlewares/Third_Party/FreeRTOS/Source/tasks.c **** #if ( ( configUSE_TRACE_FACILITY == 1 ) && ( configUSE_STATS_FORMATTING_FUNCTIONS > 0 ) )
4126:Middlewares/Third_Party/FreeRTOS/Source/tasks.c **** 
4127:Middlewares/Third_Party/FreeRTOS/Source/tasks.c **** 	static char *prvWriteNameToBuffer( char *pcBuffer, const char *pcTaskName )
4128:Middlewares/Third_Party/FreeRTOS/Source/tasks.c **** 	{
4129:Middlewares/Third_Party/FreeRTOS/Source/tasks.c **** 	size_t x;
4130:Middlewares/Third_Party/FreeRTOS/Source/tasks.c **** 
ARM GAS  /tmp/ccZZCKwI.s 			page 95


4131:Middlewares/Third_Party/FreeRTOS/Source/tasks.c **** 		/* Start by copying the entire string. */
4132:Middlewares/Third_Party/FreeRTOS/Source/tasks.c **** 		strcpy( pcBuffer, pcTaskName );
4133:Middlewares/Third_Party/FreeRTOS/Source/tasks.c **** 
4134:Middlewares/Third_Party/FreeRTOS/Source/tasks.c **** 		/* Pad the end of the string with spaces to ensure columns line up when
4135:Middlewares/Third_Party/FreeRTOS/Source/tasks.c **** 		printed out. */
4136:Middlewares/Third_Party/FreeRTOS/Source/tasks.c **** 		for( x = strlen( pcBuffer ); x < ( size_t ) ( configMAX_TASK_NAME_LEN - 1 ); x++ )
4137:Middlewares/Third_Party/FreeRTOS/Source/tasks.c **** 		{
4138:Middlewares/Third_Party/FreeRTOS/Source/tasks.c **** 			pcBuffer[ x ] = ' ';
4139:Middlewares/Third_Party/FreeRTOS/Source/tasks.c **** 		}
4140:Middlewares/Third_Party/FreeRTOS/Source/tasks.c **** 
4141:Middlewares/Third_Party/FreeRTOS/Source/tasks.c **** 		/* Terminate. */
4142:Middlewares/Third_Party/FreeRTOS/Source/tasks.c **** 		pcBuffer[ x ] = 0x00;
4143:Middlewares/Third_Party/FreeRTOS/Source/tasks.c **** 
4144:Middlewares/Third_Party/FreeRTOS/Source/tasks.c **** 		/* Return the new end of string. */
4145:Middlewares/Third_Party/FreeRTOS/Source/tasks.c **** 		return &( pcBuffer[ x ] );
4146:Middlewares/Third_Party/FreeRTOS/Source/tasks.c **** 	}
4147:Middlewares/Third_Party/FreeRTOS/Source/tasks.c **** 
4148:Middlewares/Third_Party/FreeRTOS/Source/tasks.c **** #endif /* ( configUSE_TRACE_FACILITY == 1 ) && ( configUSE_STATS_FORMATTING_FUNCTIONS > 0 ) */
4149:Middlewares/Third_Party/FreeRTOS/Source/tasks.c **** /*-----------------------------------------------------------*/
4150:Middlewares/Third_Party/FreeRTOS/Source/tasks.c **** 
4151:Middlewares/Third_Party/FreeRTOS/Source/tasks.c **** #if ( ( configUSE_TRACE_FACILITY == 1 ) && ( configUSE_STATS_FORMATTING_FUNCTIONS > 0 ) && ( config
4152:Middlewares/Third_Party/FreeRTOS/Source/tasks.c **** 
4153:Middlewares/Third_Party/FreeRTOS/Source/tasks.c **** 	void vTaskList( char * pcWriteBuffer )
4154:Middlewares/Third_Party/FreeRTOS/Source/tasks.c **** 	{
4155:Middlewares/Third_Party/FreeRTOS/Source/tasks.c **** 	TaskStatus_t *pxTaskStatusArray;
4156:Middlewares/Third_Party/FreeRTOS/Source/tasks.c **** 	volatile UBaseType_t uxArraySize, x;
4157:Middlewares/Third_Party/FreeRTOS/Source/tasks.c **** 	char cStatus;
4158:Middlewares/Third_Party/FreeRTOS/Source/tasks.c **** 
4159:Middlewares/Third_Party/FreeRTOS/Source/tasks.c **** 		/*
4160:Middlewares/Third_Party/FreeRTOS/Source/tasks.c **** 		 * PLEASE NOTE:
4161:Middlewares/Third_Party/FreeRTOS/Source/tasks.c **** 		 *
4162:Middlewares/Third_Party/FreeRTOS/Source/tasks.c **** 		 * This function is provided for convenience only, and is used by many
4163:Middlewares/Third_Party/FreeRTOS/Source/tasks.c **** 		 * of the demo applications.  Do not consider it to be part of the
4164:Middlewares/Third_Party/FreeRTOS/Source/tasks.c **** 		 * scheduler.
4165:Middlewares/Third_Party/FreeRTOS/Source/tasks.c **** 		 *
4166:Middlewares/Third_Party/FreeRTOS/Source/tasks.c **** 		 * vTaskList() calls uxTaskGetSystemState(), then formats part of the
4167:Middlewares/Third_Party/FreeRTOS/Source/tasks.c **** 		 * uxTaskGetSystemState() output into a human readable table that
4168:Middlewares/Third_Party/FreeRTOS/Source/tasks.c **** 		 * displays task names, states and stack usage.
4169:Middlewares/Third_Party/FreeRTOS/Source/tasks.c **** 		 *
4170:Middlewares/Third_Party/FreeRTOS/Source/tasks.c **** 		 * vTaskList() has a dependency on the sprintf() C library function that
4171:Middlewares/Third_Party/FreeRTOS/Source/tasks.c **** 		 * might bloat the code size, use a lot of stack, and provide different
4172:Middlewares/Third_Party/FreeRTOS/Source/tasks.c **** 		 * results on different platforms.  An alternative, tiny, third party,
4173:Middlewares/Third_Party/FreeRTOS/Source/tasks.c **** 		 * and limited functionality implementation of sprintf() is provided in
4174:Middlewares/Third_Party/FreeRTOS/Source/tasks.c **** 		 * many of the FreeRTOS/Demo sub-directories in a file called
4175:Middlewares/Third_Party/FreeRTOS/Source/tasks.c **** 		 * printf-stdarg.c (note printf-stdarg.c does not provide a full
4176:Middlewares/Third_Party/FreeRTOS/Source/tasks.c **** 		 * snprintf() implementation!).
4177:Middlewares/Third_Party/FreeRTOS/Source/tasks.c **** 		 *
4178:Middlewares/Third_Party/FreeRTOS/Source/tasks.c **** 		 * It is recommended that production systems call uxTaskGetSystemState()
4179:Middlewares/Third_Party/FreeRTOS/Source/tasks.c **** 		 * directly to get access to raw stats data, rather than indirectly
4180:Middlewares/Third_Party/FreeRTOS/Source/tasks.c **** 		 * through a call to vTaskList().
4181:Middlewares/Third_Party/FreeRTOS/Source/tasks.c **** 		 */
4182:Middlewares/Third_Party/FreeRTOS/Source/tasks.c **** 
4183:Middlewares/Third_Party/FreeRTOS/Source/tasks.c **** 
4184:Middlewares/Third_Party/FreeRTOS/Source/tasks.c **** 		/* Make sure the write buffer does not contain a string. */
4185:Middlewares/Third_Party/FreeRTOS/Source/tasks.c **** 		*pcWriteBuffer = 0x00;
4186:Middlewares/Third_Party/FreeRTOS/Source/tasks.c **** 
4187:Middlewares/Third_Party/FreeRTOS/Source/tasks.c **** 		/* Take a snapshot of the number of tasks in case it changes while this
ARM GAS  /tmp/ccZZCKwI.s 			page 96


4188:Middlewares/Third_Party/FreeRTOS/Source/tasks.c **** 		function is executing. */
4189:Middlewares/Third_Party/FreeRTOS/Source/tasks.c **** 		uxArraySize = uxCurrentNumberOfTasks;
4190:Middlewares/Third_Party/FreeRTOS/Source/tasks.c **** 
4191:Middlewares/Third_Party/FreeRTOS/Source/tasks.c **** 		/* Allocate an array index for each task.  NOTE!  if
4192:Middlewares/Third_Party/FreeRTOS/Source/tasks.c **** 		configSUPPORT_DYNAMIC_ALLOCATION is set to 0 then pvPortMalloc() will
4193:Middlewares/Third_Party/FreeRTOS/Source/tasks.c **** 		equate to NULL. */
4194:Middlewares/Third_Party/FreeRTOS/Source/tasks.c **** 		pxTaskStatusArray = pvPortMalloc( uxCurrentNumberOfTasks * sizeof( TaskStatus_t ) );
4195:Middlewares/Third_Party/FreeRTOS/Source/tasks.c **** 
4196:Middlewares/Third_Party/FreeRTOS/Source/tasks.c **** 		if( pxTaskStatusArray != NULL )
4197:Middlewares/Third_Party/FreeRTOS/Source/tasks.c **** 		{
4198:Middlewares/Third_Party/FreeRTOS/Source/tasks.c **** 			/* Generate the (binary) data. */
4199:Middlewares/Third_Party/FreeRTOS/Source/tasks.c **** 			uxArraySize = uxTaskGetSystemState( pxTaskStatusArray, uxArraySize, NULL );
4200:Middlewares/Third_Party/FreeRTOS/Source/tasks.c **** 
4201:Middlewares/Third_Party/FreeRTOS/Source/tasks.c **** 			/* Create a human readable table from the binary data. */
4202:Middlewares/Third_Party/FreeRTOS/Source/tasks.c **** 			for( x = 0; x < uxArraySize; x++ )
4203:Middlewares/Third_Party/FreeRTOS/Source/tasks.c **** 			{
4204:Middlewares/Third_Party/FreeRTOS/Source/tasks.c **** 				switch( pxTaskStatusArray[ x ].eCurrentState )
4205:Middlewares/Third_Party/FreeRTOS/Source/tasks.c **** 				{
4206:Middlewares/Third_Party/FreeRTOS/Source/tasks.c **** 					case eRunning:		cStatus = tskRUNNING_CHAR;
4207:Middlewares/Third_Party/FreeRTOS/Source/tasks.c **** 										break;
4208:Middlewares/Third_Party/FreeRTOS/Source/tasks.c **** 
4209:Middlewares/Third_Party/FreeRTOS/Source/tasks.c **** 					case eReady:		cStatus = tskREADY_CHAR;
4210:Middlewares/Third_Party/FreeRTOS/Source/tasks.c **** 										break;
4211:Middlewares/Third_Party/FreeRTOS/Source/tasks.c **** 
4212:Middlewares/Third_Party/FreeRTOS/Source/tasks.c **** 					case eBlocked:		cStatus = tskBLOCKED_CHAR;
4213:Middlewares/Third_Party/FreeRTOS/Source/tasks.c **** 										break;
4214:Middlewares/Third_Party/FreeRTOS/Source/tasks.c **** 
4215:Middlewares/Third_Party/FreeRTOS/Source/tasks.c **** 					case eSuspended:	cStatus = tskSUSPENDED_CHAR;
4216:Middlewares/Third_Party/FreeRTOS/Source/tasks.c **** 										break;
4217:Middlewares/Third_Party/FreeRTOS/Source/tasks.c **** 
4218:Middlewares/Third_Party/FreeRTOS/Source/tasks.c **** 					case eDeleted:		cStatus = tskDELETED_CHAR;
4219:Middlewares/Third_Party/FreeRTOS/Source/tasks.c **** 										break;
4220:Middlewares/Third_Party/FreeRTOS/Source/tasks.c **** 
4221:Middlewares/Third_Party/FreeRTOS/Source/tasks.c **** 					default:			/* Should not get here, but it is included
4222:Middlewares/Third_Party/FreeRTOS/Source/tasks.c **** 										to prevent static checking errors. */
4223:Middlewares/Third_Party/FreeRTOS/Source/tasks.c **** 										cStatus = 0x00;
4224:Middlewares/Third_Party/FreeRTOS/Source/tasks.c **** 										break;
4225:Middlewares/Third_Party/FreeRTOS/Source/tasks.c **** 				}
4226:Middlewares/Third_Party/FreeRTOS/Source/tasks.c **** 
4227:Middlewares/Third_Party/FreeRTOS/Source/tasks.c **** 				/* Write the task name to the string, padding with spaces so it
4228:Middlewares/Third_Party/FreeRTOS/Source/tasks.c **** 				can be printed in tabular form more easily. */
4229:Middlewares/Third_Party/FreeRTOS/Source/tasks.c **** 				pcWriteBuffer = prvWriteNameToBuffer( pcWriteBuffer, pxTaskStatusArray[ x ].pcTaskName );
4230:Middlewares/Third_Party/FreeRTOS/Source/tasks.c **** 
4231:Middlewares/Third_Party/FreeRTOS/Source/tasks.c **** 				/* Write the rest of the string. */
4232:Middlewares/Third_Party/FreeRTOS/Source/tasks.c **** 				sprintf( pcWriteBuffer, "\t%c\t%u\t%u\t%u\r\n", cStatus, ( unsigned int ) pxTaskStatusArray[ x 
4233:Middlewares/Third_Party/FreeRTOS/Source/tasks.c **** 				pcWriteBuffer += strlen( pcWriteBuffer );
4234:Middlewares/Third_Party/FreeRTOS/Source/tasks.c **** 			}
4235:Middlewares/Third_Party/FreeRTOS/Source/tasks.c **** 
4236:Middlewares/Third_Party/FreeRTOS/Source/tasks.c **** 			/* Free the array again.  NOTE!  If configSUPPORT_DYNAMIC_ALLOCATION
4237:Middlewares/Third_Party/FreeRTOS/Source/tasks.c **** 			is 0 then vPortFree() will be #defined to nothing. */
4238:Middlewares/Third_Party/FreeRTOS/Source/tasks.c **** 			vPortFree( pxTaskStatusArray );
4239:Middlewares/Third_Party/FreeRTOS/Source/tasks.c **** 		}
4240:Middlewares/Third_Party/FreeRTOS/Source/tasks.c **** 		else
4241:Middlewares/Third_Party/FreeRTOS/Source/tasks.c **** 		{
4242:Middlewares/Third_Party/FreeRTOS/Source/tasks.c **** 			mtCOVERAGE_TEST_MARKER();
4243:Middlewares/Third_Party/FreeRTOS/Source/tasks.c **** 		}
4244:Middlewares/Third_Party/FreeRTOS/Source/tasks.c **** 	}
ARM GAS  /tmp/ccZZCKwI.s 			page 97


4245:Middlewares/Third_Party/FreeRTOS/Source/tasks.c **** 
4246:Middlewares/Third_Party/FreeRTOS/Source/tasks.c **** #endif /* ( ( configUSE_TRACE_FACILITY == 1 ) && ( configUSE_STATS_FORMATTING_FUNCTIONS > 0 ) && ( 
4247:Middlewares/Third_Party/FreeRTOS/Source/tasks.c **** /*----------------------------------------------------------*/
4248:Middlewares/Third_Party/FreeRTOS/Source/tasks.c **** 
4249:Middlewares/Third_Party/FreeRTOS/Source/tasks.c **** #if ( ( configGENERATE_RUN_TIME_STATS == 1 ) && ( configUSE_STATS_FORMATTING_FUNCTIONS > 0 ) && ( c
4250:Middlewares/Third_Party/FreeRTOS/Source/tasks.c **** 
4251:Middlewares/Third_Party/FreeRTOS/Source/tasks.c **** 	void vTaskGetRunTimeStats( char *pcWriteBuffer )
4252:Middlewares/Third_Party/FreeRTOS/Source/tasks.c **** 	{
4253:Middlewares/Third_Party/FreeRTOS/Source/tasks.c **** 	TaskStatus_t *pxTaskStatusArray;
4254:Middlewares/Third_Party/FreeRTOS/Source/tasks.c **** 	volatile UBaseType_t uxArraySize, x;
4255:Middlewares/Third_Party/FreeRTOS/Source/tasks.c **** 	uint32_t ulTotalTime, ulStatsAsPercentage;
4256:Middlewares/Third_Party/FreeRTOS/Source/tasks.c **** 
4257:Middlewares/Third_Party/FreeRTOS/Source/tasks.c **** 		#if( configUSE_TRACE_FACILITY != 1 )
4258:Middlewares/Third_Party/FreeRTOS/Source/tasks.c **** 		{
4259:Middlewares/Third_Party/FreeRTOS/Source/tasks.c **** 			#error configUSE_TRACE_FACILITY must also be set to 1 in FreeRTOSConfig.h to use vTaskGetRunTime
4260:Middlewares/Third_Party/FreeRTOS/Source/tasks.c **** 		}
4261:Middlewares/Third_Party/FreeRTOS/Source/tasks.c **** 		#endif
4262:Middlewares/Third_Party/FreeRTOS/Source/tasks.c **** 
4263:Middlewares/Third_Party/FreeRTOS/Source/tasks.c **** 		/*
4264:Middlewares/Third_Party/FreeRTOS/Source/tasks.c **** 		 * PLEASE NOTE:
4265:Middlewares/Third_Party/FreeRTOS/Source/tasks.c **** 		 *
4266:Middlewares/Third_Party/FreeRTOS/Source/tasks.c **** 		 * This function is provided for convenience only, and is used by many
4267:Middlewares/Third_Party/FreeRTOS/Source/tasks.c **** 		 * of the demo applications.  Do not consider it to be part of the
4268:Middlewares/Third_Party/FreeRTOS/Source/tasks.c **** 		 * scheduler.
4269:Middlewares/Third_Party/FreeRTOS/Source/tasks.c **** 		 *
4270:Middlewares/Third_Party/FreeRTOS/Source/tasks.c **** 		 * vTaskGetRunTimeStats() calls uxTaskGetSystemState(), then formats part
4271:Middlewares/Third_Party/FreeRTOS/Source/tasks.c **** 		 * of the uxTaskGetSystemState() output into a human readable table that
4272:Middlewares/Third_Party/FreeRTOS/Source/tasks.c **** 		 * displays the amount of time each task has spent in the Running state
4273:Middlewares/Third_Party/FreeRTOS/Source/tasks.c **** 		 * in both absolute and percentage terms.
4274:Middlewares/Third_Party/FreeRTOS/Source/tasks.c **** 		 *
4275:Middlewares/Third_Party/FreeRTOS/Source/tasks.c **** 		 * vTaskGetRunTimeStats() has a dependency on the sprintf() C library
4276:Middlewares/Third_Party/FreeRTOS/Source/tasks.c **** 		 * function that might bloat the code size, use a lot of stack, and
4277:Middlewares/Third_Party/FreeRTOS/Source/tasks.c **** 		 * provide different results on different platforms.  An alternative,
4278:Middlewares/Third_Party/FreeRTOS/Source/tasks.c **** 		 * tiny, third party, and limited functionality implementation of
4279:Middlewares/Third_Party/FreeRTOS/Source/tasks.c **** 		 * sprintf() is provided in many of the FreeRTOS/Demo sub-directories in
4280:Middlewares/Third_Party/FreeRTOS/Source/tasks.c **** 		 * a file called printf-stdarg.c (note printf-stdarg.c does not provide
4281:Middlewares/Third_Party/FreeRTOS/Source/tasks.c **** 		 * a full snprintf() implementation!).
4282:Middlewares/Third_Party/FreeRTOS/Source/tasks.c **** 		 *
4283:Middlewares/Third_Party/FreeRTOS/Source/tasks.c **** 		 * It is recommended that production systems call uxTaskGetSystemState()
4284:Middlewares/Third_Party/FreeRTOS/Source/tasks.c **** 		 * directly to get access to raw stats data, rather than indirectly
4285:Middlewares/Third_Party/FreeRTOS/Source/tasks.c **** 		 * through a call to vTaskGetRunTimeStats().
4286:Middlewares/Third_Party/FreeRTOS/Source/tasks.c **** 		 */
4287:Middlewares/Third_Party/FreeRTOS/Source/tasks.c **** 
4288:Middlewares/Third_Party/FreeRTOS/Source/tasks.c **** 		/* Make sure the write buffer does not contain a string. */
4289:Middlewares/Third_Party/FreeRTOS/Source/tasks.c **** 		*pcWriteBuffer = 0x00;
4290:Middlewares/Third_Party/FreeRTOS/Source/tasks.c **** 
4291:Middlewares/Third_Party/FreeRTOS/Source/tasks.c **** 		/* Take a snapshot of the number of tasks in case it changes while this
4292:Middlewares/Third_Party/FreeRTOS/Source/tasks.c **** 		function is executing. */
4293:Middlewares/Third_Party/FreeRTOS/Source/tasks.c **** 		uxArraySize = uxCurrentNumberOfTasks;
4294:Middlewares/Third_Party/FreeRTOS/Source/tasks.c **** 
4295:Middlewares/Third_Party/FreeRTOS/Source/tasks.c **** 		/* Allocate an array index for each task.  NOTE!  If
4296:Middlewares/Third_Party/FreeRTOS/Source/tasks.c **** 		configSUPPORT_DYNAMIC_ALLOCATION is set to 0 then pvPortMalloc() will
4297:Middlewares/Third_Party/FreeRTOS/Source/tasks.c **** 		equate to NULL. */
4298:Middlewares/Third_Party/FreeRTOS/Source/tasks.c **** 		pxTaskStatusArray = pvPortMalloc( uxCurrentNumberOfTasks * sizeof( TaskStatus_t ) );
4299:Middlewares/Third_Party/FreeRTOS/Source/tasks.c **** 
4300:Middlewares/Third_Party/FreeRTOS/Source/tasks.c **** 		if( pxTaskStatusArray != NULL )
4301:Middlewares/Third_Party/FreeRTOS/Source/tasks.c **** 		{
ARM GAS  /tmp/ccZZCKwI.s 			page 98


4302:Middlewares/Third_Party/FreeRTOS/Source/tasks.c **** 			/* Generate the (binary) data. */
4303:Middlewares/Third_Party/FreeRTOS/Source/tasks.c **** 			uxArraySize = uxTaskGetSystemState( pxTaskStatusArray, uxArraySize, &ulTotalTime );
4304:Middlewares/Third_Party/FreeRTOS/Source/tasks.c **** 
4305:Middlewares/Third_Party/FreeRTOS/Source/tasks.c **** 			/* For percentage calculations. */
4306:Middlewares/Third_Party/FreeRTOS/Source/tasks.c **** 			ulTotalTime /= 100UL;
4307:Middlewares/Third_Party/FreeRTOS/Source/tasks.c **** 
4308:Middlewares/Third_Party/FreeRTOS/Source/tasks.c **** 			/* Avoid divide by zero errors. */
4309:Middlewares/Third_Party/FreeRTOS/Source/tasks.c **** 			if( ulTotalTime > 0 )
4310:Middlewares/Third_Party/FreeRTOS/Source/tasks.c **** 			{
4311:Middlewares/Third_Party/FreeRTOS/Source/tasks.c **** 				/* Create a human readable table from the binary data. */
4312:Middlewares/Third_Party/FreeRTOS/Source/tasks.c **** 				for( x = 0; x < uxArraySize; x++ )
4313:Middlewares/Third_Party/FreeRTOS/Source/tasks.c **** 				{
4314:Middlewares/Third_Party/FreeRTOS/Source/tasks.c **** 					/* What percentage of the total run time has the task used?
4315:Middlewares/Third_Party/FreeRTOS/Source/tasks.c **** 					This will always be rounded down to the nearest integer.
4316:Middlewares/Third_Party/FreeRTOS/Source/tasks.c **** 					ulTotalRunTimeDiv100 has already been divided by 100. */
4317:Middlewares/Third_Party/FreeRTOS/Source/tasks.c **** 					ulStatsAsPercentage = pxTaskStatusArray[ x ].ulRunTimeCounter / ulTotalTime;
4318:Middlewares/Third_Party/FreeRTOS/Source/tasks.c **** 
4319:Middlewares/Third_Party/FreeRTOS/Source/tasks.c **** 					/* Write the task name to the string, padding with
4320:Middlewares/Third_Party/FreeRTOS/Source/tasks.c **** 					spaces so it can be printed in tabular form more
4321:Middlewares/Third_Party/FreeRTOS/Source/tasks.c **** 					easily. */
4322:Middlewares/Third_Party/FreeRTOS/Source/tasks.c **** 					pcWriteBuffer = prvWriteNameToBuffer( pcWriteBuffer, pxTaskStatusArray[ x ].pcTaskName );
4323:Middlewares/Third_Party/FreeRTOS/Source/tasks.c **** 
4324:Middlewares/Third_Party/FreeRTOS/Source/tasks.c **** 					if( ulStatsAsPercentage > 0UL )
4325:Middlewares/Third_Party/FreeRTOS/Source/tasks.c **** 					{
4326:Middlewares/Third_Party/FreeRTOS/Source/tasks.c **** 						#ifdef portLU_PRINTF_SPECIFIER_REQUIRED
4327:Middlewares/Third_Party/FreeRTOS/Source/tasks.c **** 						{
4328:Middlewares/Third_Party/FreeRTOS/Source/tasks.c **** 							sprintf( pcWriteBuffer, "\t%lu\t\t%lu%%\r\n", pxTaskStatusArray[ x ].ulRunTimeCounter, ulSta
4329:Middlewares/Third_Party/FreeRTOS/Source/tasks.c **** 						}
4330:Middlewares/Third_Party/FreeRTOS/Source/tasks.c **** 						#else
4331:Middlewares/Third_Party/FreeRTOS/Source/tasks.c **** 						{
4332:Middlewares/Third_Party/FreeRTOS/Source/tasks.c **** 							/* sizeof( int ) == sizeof( long ) so a smaller
4333:Middlewares/Third_Party/FreeRTOS/Source/tasks.c **** 							printf() library can be used. */
4334:Middlewares/Third_Party/FreeRTOS/Source/tasks.c **** 							sprintf( pcWriteBuffer, "\t%u\t\t%u%%\r\n", ( unsigned int ) pxTaskStatusArray[ x ].ulRunTim
4335:Middlewares/Third_Party/FreeRTOS/Source/tasks.c **** 						}
4336:Middlewares/Third_Party/FreeRTOS/Source/tasks.c **** 						#endif
4337:Middlewares/Third_Party/FreeRTOS/Source/tasks.c **** 					}
4338:Middlewares/Third_Party/FreeRTOS/Source/tasks.c **** 					else
4339:Middlewares/Third_Party/FreeRTOS/Source/tasks.c **** 					{
4340:Middlewares/Third_Party/FreeRTOS/Source/tasks.c **** 						/* If the percentage is zero here then the task has
4341:Middlewares/Third_Party/FreeRTOS/Source/tasks.c **** 						consumed less than 1% of the total run time. */
4342:Middlewares/Third_Party/FreeRTOS/Source/tasks.c **** 						#ifdef portLU_PRINTF_SPECIFIER_REQUIRED
4343:Middlewares/Third_Party/FreeRTOS/Source/tasks.c **** 						{
4344:Middlewares/Third_Party/FreeRTOS/Source/tasks.c **** 							sprintf( pcWriteBuffer, "\t%lu\t\t<1%%\r\n", pxTaskStatusArray[ x ].ulRunTimeCounter );
4345:Middlewares/Third_Party/FreeRTOS/Source/tasks.c **** 						}
4346:Middlewares/Third_Party/FreeRTOS/Source/tasks.c **** 						#else
4347:Middlewares/Third_Party/FreeRTOS/Source/tasks.c **** 						{
4348:Middlewares/Third_Party/FreeRTOS/Source/tasks.c **** 							/* sizeof( int ) == sizeof( long ) so a smaller
4349:Middlewares/Third_Party/FreeRTOS/Source/tasks.c **** 							printf() library can be used. */
4350:Middlewares/Third_Party/FreeRTOS/Source/tasks.c **** 							sprintf( pcWriteBuffer, "\t%u\t\t<1%%\r\n", ( unsigned int ) pxTaskStatusArray[ x ].ulRunTim
4351:Middlewares/Third_Party/FreeRTOS/Source/tasks.c **** 						}
4352:Middlewares/Third_Party/FreeRTOS/Source/tasks.c **** 						#endif
4353:Middlewares/Third_Party/FreeRTOS/Source/tasks.c **** 					}
4354:Middlewares/Third_Party/FreeRTOS/Source/tasks.c **** 
4355:Middlewares/Third_Party/FreeRTOS/Source/tasks.c **** 					pcWriteBuffer += strlen( pcWriteBuffer );
4356:Middlewares/Third_Party/FreeRTOS/Source/tasks.c **** 				}
4357:Middlewares/Third_Party/FreeRTOS/Source/tasks.c **** 			}
4358:Middlewares/Third_Party/FreeRTOS/Source/tasks.c **** 			else
ARM GAS  /tmp/ccZZCKwI.s 			page 99


4359:Middlewares/Third_Party/FreeRTOS/Source/tasks.c **** 			{
4360:Middlewares/Third_Party/FreeRTOS/Source/tasks.c **** 				mtCOVERAGE_TEST_MARKER();
4361:Middlewares/Third_Party/FreeRTOS/Source/tasks.c **** 			}
4362:Middlewares/Third_Party/FreeRTOS/Source/tasks.c **** 
4363:Middlewares/Third_Party/FreeRTOS/Source/tasks.c **** 			/* Free the array again.  NOTE!  If configSUPPORT_DYNAMIC_ALLOCATION
4364:Middlewares/Third_Party/FreeRTOS/Source/tasks.c **** 			is 0 then vPortFree() will be #defined to nothing. */
4365:Middlewares/Third_Party/FreeRTOS/Source/tasks.c **** 			vPortFree( pxTaskStatusArray );
4366:Middlewares/Third_Party/FreeRTOS/Source/tasks.c **** 		}
4367:Middlewares/Third_Party/FreeRTOS/Source/tasks.c **** 		else
4368:Middlewares/Third_Party/FreeRTOS/Source/tasks.c **** 		{
4369:Middlewares/Third_Party/FreeRTOS/Source/tasks.c **** 			mtCOVERAGE_TEST_MARKER();
4370:Middlewares/Third_Party/FreeRTOS/Source/tasks.c **** 		}
4371:Middlewares/Third_Party/FreeRTOS/Source/tasks.c **** 	}
4372:Middlewares/Third_Party/FreeRTOS/Source/tasks.c **** 
4373:Middlewares/Third_Party/FreeRTOS/Source/tasks.c **** #endif /* ( ( configGENERATE_RUN_TIME_STATS == 1 ) && ( configUSE_STATS_FORMATTING_FUNCTIONS > 0 ) 
4374:Middlewares/Third_Party/FreeRTOS/Source/tasks.c **** /*-----------------------------------------------------------*/
4375:Middlewares/Third_Party/FreeRTOS/Source/tasks.c **** 
4376:Middlewares/Third_Party/FreeRTOS/Source/tasks.c **** TickType_t uxTaskResetEventItemValue( void )
4377:Middlewares/Third_Party/FreeRTOS/Source/tasks.c **** {
4378:Middlewares/Third_Party/FreeRTOS/Source/tasks.c **** TickType_t uxReturn;
4379:Middlewares/Third_Party/FreeRTOS/Source/tasks.c **** 
4380:Middlewares/Third_Party/FreeRTOS/Source/tasks.c **** 	uxReturn = listGET_LIST_ITEM_VALUE( &( pxCurrentTCB->xEventListItem ) );
4381:Middlewares/Third_Party/FreeRTOS/Source/tasks.c **** 
4382:Middlewares/Third_Party/FreeRTOS/Source/tasks.c **** 	/* Reset the event list item to its normal value - so it can be used with
4383:Middlewares/Third_Party/FreeRTOS/Source/tasks.c **** 	queues and semaphores. */
4384:Middlewares/Third_Party/FreeRTOS/Source/tasks.c **** 	listSET_LIST_ITEM_VALUE( &( pxCurrentTCB->xEventListItem ), ( ( TickType_t ) configMAX_PRIORITIES 
4385:Middlewares/Third_Party/FreeRTOS/Source/tasks.c **** 
4386:Middlewares/Third_Party/FreeRTOS/Source/tasks.c **** 	return uxReturn;
4387:Middlewares/Third_Party/FreeRTOS/Source/tasks.c **** }
4388:Middlewares/Third_Party/FreeRTOS/Source/tasks.c **** /*-----------------------------------------------------------*/
4389:Middlewares/Third_Party/FreeRTOS/Source/tasks.c **** 
4390:Middlewares/Third_Party/FreeRTOS/Source/tasks.c **** #if ( configUSE_MUTEXES == 1 )
4391:Middlewares/Third_Party/FreeRTOS/Source/tasks.c **** 
4392:Middlewares/Third_Party/FreeRTOS/Source/tasks.c **** 	void *pvTaskIncrementMutexHeldCount( void )
4393:Middlewares/Third_Party/FreeRTOS/Source/tasks.c **** 	{
4394:Middlewares/Third_Party/FreeRTOS/Source/tasks.c **** 		/* If xSemaphoreCreateMutex() is called before any tasks have been created
4395:Middlewares/Third_Party/FreeRTOS/Source/tasks.c **** 		then pxCurrentTCB will be NULL. */
4396:Middlewares/Third_Party/FreeRTOS/Source/tasks.c **** 		if( pxCurrentTCB != NULL )
4397:Middlewares/Third_Party/FreeRTOS/Source/tasks.c **** 		{
4398:Middlewares/Third_Party/FreeRTOS/Source/tasks.c **** 			( pxCurrentTCB->uxMutexesHeld )++;
4399:Middlewares/Third_Party/FreeRTOS/Source/tasks.c **** 		}
4400:Middlewares/Third_Party/FreeRTOS/Source/tasks.c **** 
4401:Middlewares/Third_Party/FreeRTOS/Source/tasks.c **** 		return pxCurrentTCB;
4402:Middlewares/Third_Party/FreeRTOS/Source/tasks.c **** 	}
4403:Middlewares/Third_Party/FreeRTOS/Source/tasks.c **** 
4404:Middlewares/Third_Party/FreeRTOS/Source/tasks.c **** #endif /* configUSE_MUTEXES */
4405:Middlewares/Third_Party/FreeRTOS/Source/tasks.c **** /*-----------------------------------------------------------*/
4406:Middlewares/Third_Party/FreeRTOS/Source/tasks.c **** 
4407:Middlewares/Third_Party/FreeRTOS/Source/tasks.c **** #if( configUSE_TASK_NOTIFICATIONS == 1 )
4408:Middlewares/Third_Party/FreeRTOS/Source/tasks.c **** 
4409:Middlewares/Third_Party/FreeRTOS/Source/tasks.c **** 	uint32_t ulTaskNotifyTake( BaseType_t xClearCountOnExit, TickType_t xTicksToWait )
4410:Middlewares/Third_Party/FreeRTOS/Source/tasks.c **** 	{
4411:Middlewares/Third_Party/FreeRTOS/Source/tasks.c **** 	uint32_t ulReturn;
4412:Middlewares/Third_Party/FreeRTOS/Source/tasks.c **** 
4413:Middlewares/Third_Party/FreeRTOS/Source/tasks.c **** 		taskENTER_CRITICAL();
4414:Middlewares/Third_Party/FreeRTOS/Source/tasks.c **** 		{
4415:Middlewares/Third_Party/FreeRTOS/Source/tasks.c **** 			/* Only block if the notification count is not already non-zero. */
ARM GAS  /tmp/ccZZCKwI.s 			page 100


4416:Middlewares/Third_Party/FreeRTOS/Source/tasks.c **** 			if( pxCurrentTCB->ulNotifiedValue == 0UL )
4417:Middlewares/Third_Party/FreeRTOS/Source/tasks.c **** 			{
4418:Middlewares/Third_Party/FreeRTOS/Source/tasks.c **** 				/* Mark this task as waiting for a notification. */
4419:Middlewares/Third_Party/FreeRTOS/Source/tasks.c **** 				pxCurrentTCB->ucNotifyState = taskWAITING_NOTIFICATION;
4420:Middlewares/Third_Party/FreeRTOS/Source/tasks.c **** 
4421:Middlewares/Third_Party/FreeRTOS/Source/tasks.c **** 				if( xTicksToWait > ( TickType_t ) 0 )
4422:Middlewares/Third_Party/FreeRTOS/Source/tasks.c **** 				{
4423:Middlewares/Third_Party/FreeRTOS/Source/tasks.c **** 					prvAddCurrentTaskToDelayedList( xTicksToWait, pdTRUE );
4424:Middlewares/Third_Party/FreeRTOS/Source/tasks.c **** 					traceTASK_NOTIFY_TAKE_BLOCK();
4425:Middlewares/Third_Party/FreeRTOS/Source/tasks.c **** 
4426:Middlewares/Third_Party/FreeRTOS/Source/tasks.c **** 					/* All ports are written to allow a yield in a critical
4427:Middlewares/Third_Party/FreeRTOS/Source/tasks.c **** 					section (some will yield immediately, others wait until the
4428:Middlewares/Third_Party/FreeRTOS/Source/tasks.c **** 					critical section exits) - but it is not something that
4429:Middlewares/Third_Party/FreeRTOS/Source/tasks.c **** 					application code should ever do. */
4430:Middlewares/Third_Party/FreeRTOS/Source/tasks.c **** 					portYIELD_WITHIN_API();
4431:Middlewares/Third_Party/FreeRTOS/Source/tasks.c **** 				}
4432:Middlewares/Third_Party/FreeRTOS/Source/tasks.c **** 				else
4433:Middlewares/Third_Party/FreeRTOS/Source/tasks.c **** 				{
4434:Middlewares/Third_Party/FreeRTOS/Source/tasks.c **** 					mtCOVERAGE_TEST_MARKER();
4435:Middlewares/Third_Party/FreeRTOS/Source/tasks.c **** 				}
4436:Middlewares/Third_Party/FreeRTOS/Source/tasks.c **** 			}
4437:Middlewares/Third_Party/FreeRTOS/Source/tasks.c **** 			else
4438:Middlewares/Third_Party/FreeRTOS/Source/tasks.c **** 			{
4439:Middlewares/Third_Party/FreeRTOS/Source/tasks.c **** 				mtCOVERAGE_TEST_MARKER();
4440:Middlewares/Third_Party/FreeRTOS/Source/tasks.c **** 			}
4441:Middlewares/Third_Party/FreeRTOS/Source/tasks.c **** 		}
4442:Middlewares/Third_Party/FreeRTOS/Source/tasks.c **** 		taskEXIT_CRITICAL();
4443:Middlewares/Third_Party/FreeRTOS/Source/tasks.c **** 
4444:Middlewares/Third_Party/FreeRTOS/Source/tasks.c **** 		taskENTER_CRITICAL();
4445:Middlewares/Third_Party/FreeRTOS/Source/tasks.c **** 		{
4446:Middlewares/Third_Party/FreeRTOS/Source/tasks.c **** 			traceTASK_NOTIFY_TAKE();
4447:Middlewares/Third_Party/FreeRTOS/Source/tasks.c **** 			ulReturn = pxCurrentTCB->ulNotifiedValue;
4448:Middlewares/Third_Party/FreeRTOS/Source/tasks.c **** 
4449:Middlewares/Third_Party/FreeRTOS/Source/tasks.c **** 			if( ulReturn != 0UL )
4450:Middlewares/Third_Party/FreeRTOS/Source/tasks.c **** 			{
4451:Middlewares/Third_Party/FreeRTOS/Source/tasks.c **** 				if( xClearCountOnExit != pdFALSE )
4452:Middlewares/Third_Party/FreeRTOS/Source/tasks.c **** 				{
4453:Middlewares/Third_Party/FreeRTOS/Source/tasks.c **** 					pxCurrentTCB->ulNotifiedValue = 0UL;
4454:Middlewares/Third_Party/FreeRTOS/Source/tasks.c **** 				}
4455:Middlewares/Third_Party/FreeRTOS/Source/tasks.c **** 				else
4456:Middlewares/Third_Party/FreeRTOS/Source/tasks.c **** 				{
4457:Middlewares/Third_Party/FreeRTOS/Source/tasks.c **** 					pxCurrentTCB->ulNotifiedValue = ulReturn - ( uint32_t ) 1;
4458:Middlewares/Third_Party/FreeRTOS/Source/tasks.c **** 				}
4459:Middlewares/Third_Party/FreeRTOS/Source/tasks.c **** 			}
4460:Middlewares/Third_Party/FreeRTOS/Source/tasks.c **** 			else
4461:Middlewares/Third_Party/FreeRTOS/Source/tasks.c **** 			{
4462:Middlewares/Third_Party/FreeRTOS/Source/tasks.c **** 				mtCOVERAGE_TEST_MARKER();
4463:Middlewares/Third_Party/FreeRTOS/Source/tasks.c **** 			}
4464:Middlewares/Third_Party/FreeRTOS/Source/tasks.c **** 
4465:Middlewares/Third_Party/FreeRTOS/Source/tasks.c **** 			pxCurrentTCB->ucNotifyState = taskNOT_WAITING_NOTIFICATION;
4466:Middlewares/Third_Party/FreeRTOS/Source/tasks.c **** 		}
4467:Middlewares/Third_Party/FreeRTOS/Source/tasks.c **** 		taskEXIT_CRITICAL();
4468:Middlewares/Third_Party/FreeRTOS/Source/tasks.c **** 
4469:Middlewares/Third_Party/FreeRTOS/Source/tasks.c **** 		return ulReturn;
4470:Middlewares/Third_Party/FreeRTOS/Source/tasks.c **** 	}
4471:Middlewares/Third_Party/FreeRTOS/Source/tasks.c **** 
4472:Middlewares/Third_Party/FreeRTOS/Source/tasks.c **** #endif /* configUSE_TASK_NOTIFICATIONS */
ARM GAS  /tmp/ccZZCKwI.s 			page 101


4473:Middlewares/Third_Party/FreeRTOS/Source/tasks.c **** /*-----------------------------------------------------------*/
4474:Middlewares/Third_Party/FreeRTOS/Source/tasks.c **** 
4475:Middlewares/Third_Party/FreeRTOS/Source/tasks.c **** #if( configUSE_TASK_NOTIFICATIONS == 1 )
4476:Middlewares/Third_Party/FreeRTOS/Source/tasks.c **** 
4477:Middlewares/Third_Party/FreeRTOS/Source/tasks.c **** 	BaseType_t xTaskNotifyWait( uint32_t ulBitsToClearOnEntry, uint32_t ulBitsToClearOnExit, uint32_t 
4478:Middlewares/Third_Party/FreeRTOS/Source/tasks.c **** 	{
4479:Middlewares/Third_Party/FreeRTOS/Source/tasks.c **** 	BaseType_t xReturn;
4480:Middlewares/Third_Party/FreeRTOS/Source/tasks.c **** 
4481:Middlewares/Third_Party/FreeRTOS/Source/tasks.c **** 		taskENTER_CRITICAL();
4482:Middlewares/Third_Party/FreeRTOS/Source/tasks.c **** 		{
4483:Middlewares/Third_Party/FreeRTOS/Source/tasks.c **** 			/* Only block if a notification is not already pending. */
4484:Middlewares/Third_Party/FreeRTOS/Source/tasks.c **** 			if( pxCurrentTCB->ucNotifyState != taskNOTIFICATION_RECEIVED )
4485:Middlewares/Third_Party/FreeRTOS/Source/tasks.c **** 			{
4486:Middlewares/Third_Party/FreeRTOS/Source/tasks.c **** 				/* Clear bits in the task's notification value as bits may get
4487:Middlewares/Third_Party/FreeRTOS/Source/tasks.c **** 				set	by the notifying task or interrupt.  This can be used to
4488:Middlewares/Third_Party/FreeRTOS/Source/tasks.c **** 				clear the value to zero. */
4489:Middlewares/Third_Party/FreeRTOS/Source/tasks.c **** 				pxCurrentTCB->ulNotifiedValue &= ~ulBitsToClearOnEntry;
4490:Middlewares/Third_Party/FreeRTOS/Source/tasks.c **** 
4491:Middlewares/Third_Party/FreeRTOS/Source/tasks.c **** 				/* Mark this task as waiting for a notification. */
4492:Middlewares/Third_Party/FreeRTOS/Source/tasks.c **** 				pxCurrentTCB->ucNotifyState = taskWAITING_NOTIFICATION;
4493:Middlewares/Third_Party/FreeRTOS/Source/tasks.c **** 
4494:Middlewares/Third_Party/FreeRTOS/Source/tasks.c **** 				if( xTicksToWait > ( TickType_t ) 0 )
4495:Middlewares/Third_Party/FreeRTOS/Source/tasks.c **** 				{
4496:Middlewares/Third_Party/FreeRTOS/Source/tasks.c **** 					prvAddCurrentTaskToDelayedList( xTicksToWait, pdTRUE );
4497:Middlewares/Third_Party/FreeRTOS/Source/tasks.c **** 					traceTASK_NOTIFY_WAIT_BLOCK();
4498:Middlewares/Third_Party/FreeRTOS/Source/tasks.c **** 
4499:Middlewares/Third_Party/FreeRTOS/Source/tasks.c **** 					/* All ports are written to allow a yield in a critical
4500:Middlewares/Third_Party/FreeRTOS/Source/tasks.c **** 					section (some will yield immediately, others wait until the
4501:Middlewares/Third_Party/FreeRTOS/Source/tasks.c **** 					critical section exits) - but it is not something that
4502:Middlewares/Third_Party/FreeRTOS/Source/tasks.c **** 					application code should ever do. */
4503:Middlewares/Third_Party/FreeRTOS/Source/tasks.c **** 					portYIELD_WITHIN_API();
4504:Middlewares/Third_Party/FreeRTOS/Source/tasks.c **** 				}
4505:Middlewares/Third_Party/FreeRTOS/Source/tasks.c **** 				else
4506:Middlewares/Third_Party/FreeRTOS/Source/tasks.c **** 				{
4507:Middlewares/Third_Party/FreeRTOS/Source/tasks.c **** 					mtCOVERAGE_TEST_MARKER();
4508:Middlewares/Third_Party/FreeRTOS/Source/tasks.c **** 				}
4509:Middlewares/Third_Party/FreeRTOS/Source/tasks.c **** 			}
4510:Middlewares/Third_Party/FreeRTOS/Source/tasks.c **** 			else
4511:Middlewares/Third_Party/FreeRTOS/Source/tasks.c **** 			{
4512:Middlewares/Third_Party/FreeRTOS/Source/tasks.c **** 				mtCOVERAGE_TEST_MARKER();
4513:Middlewares/Third_Party/FreeRTOS/Source/tasks.c **** 			}
4514:Middlewares/Third_Party/FreeRTOS/Source/tasks.c **** 		}
4515:Middlewares/Third_Party/FreeRTOS/Source/tasks.c **** 		taskEXIT_CRITICAL();
4516:Middlewares/Third_Party/FreeRTOS/Source/tasks.c **** 
4517:Middlewares/Third_Party/FreeRTOS/Source/tasks.c **** 		taskENTER_CRITICAL();
4518:Middlewares/Third_Party/FreeRTOS/Source/tasks.c **** 		{
4519:Middlewares/Third_Party/FreeRTOS/Source/tasks.c **** 			traceTASK_NOTIFY_WAIT();
4520:Middlewares/Third_Party/FreeRTOS/Source/tasks.c **** 
4521:Middlewares/Third_Party/FreeRTOS/Source/tasks.c **** 			if( pulNotificationValue != NULL )
4522:Middlewares/Third_Party/FreeRTOS/Source/tasks.c **** 			{
4523:Middlewares/Third_Party/FreeRTOS/Source/tasks.c **** 				/* Output the current notification value, which may or may not
4524:Middlewares/Third_Party/FreeRTOS/Source/tasks.c **** 				have changed. */
4525:Middlewares/Third_Party/FreeRTOS/Source/tasks.c **** 				*pulNotificationValue = pxCurrentTCB->ulNotifiedValue;
4526:Middlewares/Third_Party/FreeRTOS/Source/tasks.c **** 			}
4527:Middlewares/Third_Party/FreeRTOS/Source/tasks.c **** 
4528:Middlewares/Third_Party/FreeRTOS/Source/tasks.c **** 			/* If ucNotifyValue is set then either the task never entered the
4529:Middlewares/Third_Party/FreeRTOS/Source/tasks.c **** 			blocked state (because a notification was already pending) or the
ARM GAS  /tmp/ccZZCKwI.s 			page 102


4530:Middlewares/Third_Party/FreeRTOS/Source/tasks.c **** 			task unblocked because of a notification.  Otherwise the task
4531:Middlewares/Third_Party/FreeRTOS/Source/tasks.c **** 			unblocked because of a timeout. */
4532:Middlewares/Third_Party/FreeRTOS/Source/tasks.c **** 			if( pxCurrentTCB->ucNotifyState != taskNOTIFICATION_RECEIVED )
4533:Middlewares/Third_Party/FreeRTOS/Source/tasks.c **** 			{
4534:Middlewares/Third_Party/FreeRTOS/Source/tasks.c **** 				/* A notification was not received. */
4535:Middlewares/Third_Party/FreeRTOS/Source/tasks.c **** 				xReturn = pdFALSE;
4536:Middlewares/Third_Party/FreeRTOS/Source/tasks.c **** 			}
4537:Middlewares/Third_Party/FreeRTOS/Source/tasks.c **** 			else
4538:Middlewares/Third_Party/FreeRTOS/Source/tasks.c **** 			{
4539:Middlewares/Third_Party/FreeRTOS/Source/tasks.c **** 				/* A notification was already pending or a notification was
4540:Middlewares/Third_Party/FreeRTOS/Source/tasks.c **** 				received while the task was waiting. */
4541:Middlewares/Third_Party/FreeRTOS/Source/tasks.c **** 				pxCurrentTCB->ulNotifiedValue &= ~ulBitsToClearOnExit;
4542:Middlewares/Third_Party/FreeRTOS/Source/tasks.c **** 				xReturn = pdTRUE;
4543:Middlewares/Third_Party/FreeRTOS/Source/tasks.c **** 			}
4544:Middlewares/Third_Party/FreeRTOS/Source/tasks.c **** 
4545:Middlewares/Third_Party/FreeRTOS/Source/tasks.c **** 			pxCurrentTCB->ucNotifyState = taskNOT_WAITING_NOTIFICATION;
4546:Middlewares/Third_Party/FreeRTOS/Source/tasks.c **** 		}
4547:Middlewares/Third_Party/FreeRTOS/Source/tasks.c **** 		taskEXIT_CRITICAL();
4548:Middlewares/Third_Party/FreeRTOS/Source/tasks.c **** 
4549:Middlewares/Third_Party/FreeRTOS/Source/tasks.c **** 		return xReturn;
4550:Middlewares/Third_Party/FreeRTOS/Source/tasks.c **** 	}
4551:Middlewares/Third_Party/FreeRTOS/Source/tasks.c **** 
4552:Middlewares/Third_Party/FreeRTOS/Source/tasks.c **** #endif /* configUSE_TASK_NOTIFICATIONS */
4553:Middlewares/Third_Party/FreeRTOS/Source/tasks.c **** /*-----------------------------------------------------------*/
4554:Middlewares/Third_Party/FreeRTOS/Source/tasks.c **** 
4555:Middlewares/Third_Party/FreeRTOS/Source/tasks.c **** #if( configUSE_TASK_NOTIFICATIONS == 1 )
4556:Middlewares/Third_Party/FreeRTOS/Source/tasks.c **** 
4557:Middlewares/Third_Party/FreeRTOS/Source/tasks.c **** 	BaseType_t xTaskGenericNotify( TaskHandle_t xTaskToNotify, uint32_t ulValue, eNotifyAction eAction
4558:Middlewares/Third_Party/FreeRTOS/Source/tasks.c **** 	{
4559:Middlewares/Third_Party/FreeRTOS/Source/tasks.c **** 	TCB_t * pxTCB;
4560:Middlewares/Third_Party/FreeRTOS/Source/tasks.c **** 	BaseType_t xReturn = pdPASS;
4561:Middlewares/Third_Party/FreeRTOS/Source/tasks.c **** 	uint8_t ucOriginalNotifyState;
4562:Middlewares/Third_Party/FreeRTOS/Source/tasks.c **** 
4563:Middlewares/Third_Party/FreeRTOS/Source/tasks.c **** 		configASSERT( xTaskToNotify );
4564:Middlewares/Third_Party/FreeRTOS/Source/tasks.c **** 		pxTCB = ( TCB_t * ) xTaskToNotify;
4565:Middlewares/Third_Party/FreeRTOS/Source/tasks.c **** 
4566:Middlewares/Third_Party/FreeRTOS/Source/tasks.c **** 		taskENTER_CRITICAL();
4567:Middlewares/Third_Party/FreeRTOS/Source/tasks.c **** 		{
4568:Middlewares/Third_Party/FreeRTOS/Source/tasks.c **** 			if( pulPreviousNotificationValue != NULL )
4569:Middlewares/Third_Party/FreeRTOS/Source/tasks.c **** 			{
4570:Middlewares/Third_Party/FreeRTOS/Source/tasks.c **** 				*pulPreviousNotificationValue = pxTCB->ulNotifiedValue;
4571:Middlewares/Third_Party/FreeRTOS/Source/tasks.c **** 			}
4572:Middlewares/Third_Party/FreeRTOS/Source/tasks.c **** 
4573:Middlewares/Third_Party/FreeRTOS/Source/tasks.c **** 			ucOriginalNotifyState = pxTCB->ucNotifyState;
4574:Middlewares/Third_Party/FreeRTOS/Source/tasks.c **** 
4575:Middlewares/Third_Party/FreeRTOS/Source/tasks.c **** 			pxTCB->ucNotifyState = taskNOTIFICATION_RECEIVED;
4576:Middlewares/Third_Party/FreeRTOS/Source/tasks.c **** 
4577:Middlewares/Third_Party/FreeRTOS/Source/tasks.c **** 			switch( eAction )
4578:Middlewares/Third_Party/FreeRTOS/Source/tasks.c **** 			{
4579:Middlewares/Third_Party/FreeRTOS/Source/tasks.c **** 				case eSetBits	:
4580:Middlewares/Third_Party/FreeRTOS/Source/tasks.c **** 					pxTCB->ulNotifiedValue |= ulValue;
4581:Middlewares/Third_Party/FreeRTOS/Source/tasks.c **** 					break;
4582:Middlewares/Third_Party/FreeRTOS/Source/tasks.c **** 
4583:Middlewares/Third_Party/FreeRTOS/Source/tasks.c **** 				case eIncrement	:
4584:Middlewares/Third_Party/FreeRTOS/Source/tasks.c **** 					( pxTCB->ulNotifiedValue )++;
4585:Middlewares/Third_Party/FreeRTOS/Source/tasks.c **** 					break;
4586:Middlewares/Third_Party/FreeRTOS/Source/tasks.c **** 
ARM GAS  /tmp/ccZZCKwI.s 			page 103


4587:Middlewares/Third_Party/FreeRTOS/Source/tasks.c **** 				case eSetValueWithOverwrite	:
4588:Middlewares/Third_Party/FreeRTOS/Source/tasks.c **** 					pxTCB->ulNotifiedValue = ulValue;
4589:Middlewares/Third_Party/FreeRTOS/Source/tasks.c **** 					break;
4590:Middlewares/Third_Party/FreeRTOS/Source/tasks.c **** 
4591:Middlewares/Third_Party/FreeRTOS/Source/tasks.c **** 				case eSetValueWithoutOverwrite :
4592:Middlewares/Third_Party/FreeRTOS/Source/tasks.c **** 					if( ucOriginalNotifyState != taskNOTIFICATION_RECEIVED )
4593:Middlewares/Third_Party/FreeRTOS/Source/tasks.c **** 					{
4594:Middlewares/Third_Party/FreeRTOS/Source/tasks.c **** 						pxTCB->ulNotifiedValue = ulValue;
4595:Middlewares/Third_Party/FreeRTOS/Source/tasks.c **** 					}
4596:Middlewares/Third_Party/FreeRTOS/Source/tasks.c **** 					else
4597:Middlewares/Third_Party/FreeRTOS/Source/tasks.c **** 					{
4598:Middlewares/Third_Party/FreeRTOS/Source/tasks.c **** 						/* The value could not be written to the task. */
4599:Middlewares/Third_Party/FreeRTOS/Source/tasks.c **** 						xReturn = pdFAIL;
4600:Middlewares/Third_Party/FreeRTOS/Source/tasks.c **** 					}
4601:Middlewares/Third_Party/FreeRTOS/Source/tasks.c **** 					break;
4602:Middlewares/Third_Party/FreeRTOS/Source/tasks.c **** 
4603:Middlewares/Third_Party/FreeRTOS/Source/tasks.c **** 				case eNoAction:
4604:Middlewares/Third_Party/FreeRTOS/Source/tasks.c **** 					/* The task is being notified without its notify value being
4605:Middlewares/Third_Party/FreeRTOS/Source/tasks.c **** 					updated. */
4606:Middlewares/Third_Party/FreeRTOS/Source/tasks.c **** 					break;
4607:Middlewares/Third_Party/FreeRTOS/Source/tasks.c **** 			}
4608:Middlewares/Third_Party/FreeRTOS/Source/tasks.c **** 
4609:Middlewares/Third_Party/FreeRTOS/Source/tasks.c **** 			traceTASK_NOTIFY();
4610:Middlewares/Third_Party/FreeRTOS/Source/tasks.c **** 
4611:Middlewares/Third_Party/FreeRTOS/Source/tasks.c **** 			/* If the task is in the blocked state specifically to wait for a
4612:Middlewares/Third_Party/FreeRTOS/Source/tasks.c **** 			notification then unblock it now. */
4613:Middlewares/Third_Party/FreeRTOS/Source/tasks.c **** 			if( ucOriginalNotifyState == taskWAITING_NOTIFICATION )
4614:Middlewares/Third_Party/FreeRTOS/Source/tasks.c **** 			{
4615:Middlewares/Third_Party/FreeRTOS/Source/tasks.c **** 				( void ) uxListRemove( &( pxTCB->xStateListItem ) );
4616:Middlewares/Third_Party/FreeRTOS/Source/tasks.c **** 				prvAddTaskToReadyList( pxTCB );
4617:Middlewares/Third_Party/FreeRTOS/Source/tasks.c **** 
4618:Middlewares/Third_Party/FreeRTOS/Source/tasks.c **** 				/* The task should not have been on an event list. */
4619:Middlewares/Third_Party/FreeRTOS/Source/tasks.c **** 				configASSERT( listLIST_ITEM_CONTAINER( &( pxTCB->xEventListItem ) ) == NULL );
4620:Middlewares/Third_Party/FreeRTOS/Source/tasks.c **** 
4621:Middlewares/Third_Party/FreeRTOS/Source/tasks.c **** 				#if( configUSE_TICKLESS_IDLE != 0 )
4622:Middlewares/Third_Party/FreeRTOS/Source/tasks.c **** 				{
4623:Middlewares/Third_Party/FreeRTOS/Source/tasks.c **** 					/* If a task is blocked waiting for a notification then
4624:Middlewares/Third_Party/FreeRTOS/Source/tasks.c **** 					xNextTaskUnblockTime might be set to the blocked task's time
4625:Middlewares/Third_Party/FreeRTOS/Source/tasks.c **** 					out time.  If the task is unblocked for a reason other than
4626:Middlewares/Third_Party/FreeRTOS/Source/tasks.c **** 					a timeout xNextTaskUnblockTime is normally left unchanged,
4627:Middlewares/Third_Party/FreeRTOS/Source/tasks.c **** 					because it will automatically get reset to a new value when
4628:Middlewares/Third_Party/FreeRTOS/Source/tasks.c **** 					the tick count equals xNextTaskUnblockTime.  However if
4629:Middlewares/Third_Party/FreeRTOS/Source/tasks.c **** 					tickless idling is used it might be more important to enter
4630:Middlewares/Third_Party/FreeRTOS/Source/tasks.c **** 					sleep mode at the earliest possible time - so reset
4631:Middlewares/Third_Party/FreeRTOS/Source/tasks.c **** 					xNextTaskUnblockTime here to ensure it is updated at the
4632:Middlewares/Third_Party/FreeRTOS/Source/tasks.c **** 					earliest possible time. */
4633:Middlewares/Third_Party/FreeRTOS/Source/tasks.c **** 					prvResetNextTaskUnblockTime();
4634:Middlewares/Third_Party/FreeRTOS/Source/tasks.c **** 				}
4635:Middlewares/Third_Party/FreeRTOS/Source/tasks.c **** 				#endif
4636:Middlewares/Third_Party/FreeRTOS/Source/tasks.c **** 
4637:Middlewares/Third_Party/FreeRTOS/Source/tasks.c **** 				if( pxTCB->uxPriority > pxCurrentTCB->uxPriority )
4638:Middlewares/Third_Party/FreeRTOS/Source/tasks.c **** 				{
4639:Middlewares/Third_Party/FreeRTOS/Source/tasks.c **** 					/* The notified task has a priority above the currently
4640:Middlewares/Third_Party/FreeRTOS/Source/tasks.c **** 					executing task so a yield is required. */
4641:Middlewares/Third_Party/FreeRTOS/Source/tasks.c **** 					taskYIELD_IF_USING_PREEMPTION();
4642:Middlewares/Third_Party/FreeRTOS/Source/tasks.c **** 				}
4643:Middlewares/Third_Party/FreeRTOS/Source/tasks.c **** 				else
ARM GAS  /tmp/ccZZCKwI.s 			page 104


4644:Middlewares/Third_Party/FreeRTOS/Source/tasks.c **** 				{
4645:Middlewares/Third_Party/FreeRTOS/Source/tasks.c **** 					mtCOVERAGE_TEST_MARKER();
4646:Middlewares/Third_Party/FreeRTOS/Source/tasks.c **** 				}
4647:Middlewares/Third_Party/FreeRTOS/Source/tasks.c **** 			}
4648:Middlewares/Third_Party/FreeRTOS/Source/tasks.c **** 			else
4649:Middlewares/Third_Party/FreeRTOS/Source/tasks.c **** 			{
4650:Middlewares/Third_Party/FreeRTOS/Source/tasks.c **** 				mtCOVERAGE_TEST_MARKER();
4651:Middlewares/Third_Party/FreeRTOS/Source/tasks.c **** 			}
4652:Middlewares/Third_Party/FreeRTOS/Source/tasks.c **** 		}
4653:Middlewares/Third_Party/FreeRTOS/Source/tasks.c **** 		taskEXIT_CRITICAL();
4654:Middlewares/Third_Party/FreeRTOS/Source/tasks.c **** 
4655:Middlewares/Third_Party/FreeRTOS/Source/tasks.c **** 		return xReturn;
4656:Middlewares/Third_Party/FreeRTOS/Source/tasks.c **** 	}
4657:Middlewares/Third_Party/FreeRTOS/Source/tasks.c **** 
4658:Middlewares/Third_Party/FreeRTOS/Source/tasks.c **** #endif /* configUSE_TASK_NOTIFICATIONS */
4659:Middlewares/Third_Party/FreeRTOS/Source/tasks.c **** /*-----------------------------------------------------------*/
4660:Middlewares/Third_Party/FreeRTOS/Source/tasks.c **** 
4661:Middlewares/Third_Party/FreeRTOS/Source/tasks.c **** #if( configUSE_TASK_NOTIFICATIONS == 1 )
4662:Middlewares/Third_Party/FreeRTOS/Source/tasks.c **** 
4663:Middlewares/Third_Party/FreeRTOS/Source/tasks.c **** 	BaseType_t xTaskGenericNotifyFromISR( TaskHandle_t xTaskToNotify, uint32_t ulValue, eNotifyAction 
4664:Middlewares/Third_Party/FreeRTOS/Source/tasks.c **** 	{
4665:Middlewares/Third_Party/FreeRTOS/Source/tasks.c **** 	TCB_t * pxTCB;
4666:Middlewares/Third_Party/FreeRTOS/Source/tasks.c **** 	uint8_t ucOriginalNotifyState;
4667:Middlewares/Third_Party/FreeRTOS/Source/tasks.c **** 	BaseType_t xReturn = pdPASS;
4668:Middlewares/Third_Party/FreeRTOS/Source/tasks.c **** 	UBaseType_t uxSavedInterruptStatus;
4669:Middlewares/Third_Party/FreeRTOS/Source/tasks.c **** 
4670:Middlewares/Third_Party/FreeRTOS/Source/tasks.c **** 		configASSERT( xTaskToNotify );
4671:Middlewares/Third_Party/FreeRTOS/Source/tasks.c **** 
4672:Middlewares/Third_Party/FreeRTOS/Source/tasks.c **** 		/* RTOS ports that support interrupt nesting have the concept of a
4673:Middlewares/Third_Party/FreeRTOS/Source/tasks.c **** 		maximum	system call (or maximum API call) interrupt priority.
4674:Middlewares/Third_Party/FreeRTOS/Source/tasks.c **** 		Interrupts that are	above the maximum system call priority are keep
4675:Middlewares/Third_Party/FreeRTOS/Source/tasks.c **** 		permanently enabled, even when the RTOS kernel is in a critical section,
4676:Middlewares/Third_Party/FreeRTOS/Source/tasks.c **** 		but cannot make any calls to FreeRTOS API functions.  If configASSERT()
4677:Middlewares/Third_Party/FreeRTOS/Source/tasks.c **** 		is defined in FreeRTOSConfig.h then
4678:Middlewares/Third_Party/FreeRTOS/Source/tasks.c **** 		portASSERT_IF_INTERRUPT_PRIORITY_INVALID() will result in an assertion
4679:Middlewares/Third_Party/FreeRTOS/Source/tasks.c **** 		failure if a FreeRTOS API function is called from an interrupt that has
4680:Middlewares/Third_Party/FreeRTOS/Source/tasks.c **** 		been assigned a priority above the configured maximum system call
4681:Middlewares/Third_Party/FreeRTOS/Source/tasks.c **** 		priority.  Only FreeRTOS functions that end in FromISR can be called
4682:Middlewares/Third_Party/FreeRTOS/Source/tasks.c **** 		from interrupts	that have been assigned a priority at or (logically)
4683:Middlewares/Third_Party/FreeRTOS/Source/tasks.c **** 		below the maximum system call interrupt priority.  FreeRTOS maintains a
4684:Middlewares/Third_Party/FreeRTOS/Source/tasks.c **** 		separate interrupt safe API to ensure interrupt entry is as fast and as
4685:Middlewares/Third_Party/FreeRTOS/Source/tasks.c **** 		simple as possible.  More information (albeit Cortex-M specific) is
4686:Middlewares/Third_Party/FreeRTOS/Source/tasks.c **** 		provided on the following link:
4687:Middlewares/Third_Party/FreeRTOS/Source/tasks.c **** 		http://www.freertos.org/RTOS-Cortex-M3-M4.html */
4688:Middlewares/Third_Party/FreeRTOS/Source/tasks.c **** 		portASSERT_IF_INTERRUPT_PRIORITY_INVALID();
4689:Middlewares/Third_Party/FreeRTOS/Source/tasks.c **** 
4690:Middlewares/Third_Party/FreeRTOS/Source/tasks.c **** 		pxTCB = ( TCB_t * ) xTaskToNotify;
4691:Middlewares/Third_Party/FreeRTOS/Source/tasks.c **** 
4692:Middlewares/Third_Party/FreeRTOS/Source/tasks.c **** 		uxSavedInterruptStatus = portSET_INTERRUPT_MASK_FROM_ISR();
4693:Middlewares/Third_Party/FreeRTOS/Source/tasks.c **** 		{
4694:Middlewares/Third_Party/FreeRTOS/Source/tasks.c **** 			if( pulPreviousNotificationValue != NULL )
4695:Middlewares/Third_Party/FreeRTOS/Source/tasks.c **** 			{
4696:Middlewares/Third_Party/FreeRTOS/Source/tasks.c **** 				*pulPreviousNotificationValue = pxTCB->ulNotifiedValue;
4697:Middlewares/Third_Party/FreeRTOS/Source/tasks.c **** 			}
4698:Middlewares/Third_Party/FreeRTOS/Source/tasks.c **** 
4699:Middlewares/Third_Party/FreeRTOS/Source/tasks.c **** 			ucOriginalNotifyState = pxTCB->ucNotifyState;
4700:Middlewares/Third_Party/FreeRTOS/Source/tasks.c **** 			pxTCB->ucNotifyState = taskNOTIFICATION_RECEIVED;
ARM GAS  /tmp/ccZZCKwI.s 			page 105


4701:Middlewares/Third_Party/FreeRTOS/Source/tasks.c **** 
4702:Middlewares/Third_Party/FreeRTOS/Source/tasks.c **** 			switch( eAction )
4703:Middlewares/Third_Party/FreeRTOS/Source/tasks.c **** 			{
4704:Middlewares/Third_Party/FreeRTOS/Source/tasks.c **** 				case eSetBits	:
4705:Middlewares/Third_Party/FreeRTOS/Source/tasks.c **** 					pxTCB->ulNotifiedValue |= ulValue;
4706:Middlewares/Third_Party/FreeRTOS/Source/tasks.c **** 					break;
4707:Middlewares/Third_Party/FreeRTOS/Source/tasks.c **** 
4708:Middlewares/Third_Party/FreeRTOS/Source/tasks.c **** 				case eIncrement	:
4709:Middlewares/Third_Party/FreeRTOS/Source/tasks.c **** 					( pxTCB->ulNotifiedValue )++;
4710:Middlewares/Third_Party/FreeRTOS/Source/tasks.c **** 					break;
4711:Middlewares/Third_Party/FreeRTOS/Source/tasks.c **** 
4712:Middlewares/Third_Party/FreeRTOS/Source/tasks.c **** 				case eSetValueWithOverwrite	:
4713:Middlewares/Third_Party/FreeRTOS/Source/tasks.c **** 					pxTCB->ulNotifiedValue = ulValue;
4714:Middlewares/Third_Party/FreeRTOS/Source/tasks.c **** 					break;
4715:Middlewares/Third_Party/FreeRTOS/Source/tasks.c **** 
4716:Middlewares/Third_Party/FreeRTOS/Source/tasks.c **** 				case eSetValueWithoutOverwrite :
4717:Middlewares/Third_Party/FreeRTOS/Source/tasks.c **** 					if( ucOriginalNotifyState != taskNOTIFICATION_RECEIVED )
4718:Middlewares/Third_Party/FreeRTOS/Source/tasks.c **** 					{
4719:Middlewares/Third_Party/FreeRTOS/Source/tasks.c **** 						pxTCB->ulNotifiedValue = ulValue;
4720:Middlewares/Third_Party/FreeRTOS/Source/tasks.c **** 					}
4721:Middlewares/Third_Party/FreeRTOS/Source/tasks.c **** 					else
4722:Middlewares/Third_Party/FreeRTOS/Source/tasks.c **** 					{
4723:Middlewares/Third_Party/FreeRTOS/Source/tasks.c **** 						/* The value could not be written to the task. */
4724:Middlewares/Third_Party/FreeRTOS/Source/tasks.c **** 						xReturn = pdFAIL;
4725:Middlewares/Third_Party/FreeRTOS/Source/tasks.c **** 					}
4726:Middlewares/Third_Party/FreeRTOS/Source/tasks.c **** 					break;
4727:Middlewares/Third_Party/FreeRTOS/Source/tasks.c **** 
4728:Middlewares/Third_Party/FreeRTOS/Source/tasks.c **** 				case eNoAction :
4729:Middlewares/Third_Party/FreeRTOS/Source/tasks.c **** 					/* The task is being notified without its notify value being
4730:Middlewares/Third_Party/FreeRTOS/Source/tasks.c **** 					updated. */
4731:Middlewares/Third_Party/FreeRTOS/Source/tasks.c **** 					break;
4732:Middlewares/Third_Party/FreeRTOS/Source/tasks.c **** 			}
4733:Middlewares/Third_Party/FreeRTOS/Source/tasks.c **** 
4734:Middlewares/Third_Party/FreeRTOS/Source/tasks.c **** 			traceTASK_NOTIFY_FROM_ISR();
4735:Middlewares/Third_Party/FreeRTOS/Source/tasks.c **** 
4736:Middlewares/Third_Party/FreeRTOS/Source/tasks.c **** 			/* If the task is in the blocked state specifically to wait for a
4737:Middlewares/Third_Party/FreeRTOS/Source/tasks.c **** 			notification then unblock it now. */
4738:Middlewares/Third_Party/FreeRTOS/Source/tasks.c **** 			if( ucOriginalNotifyState == taskWAITING_NOTIFICATION )
4739:Middlewares/Third_Party/FreeRTOS/Source/tasks.c **** 			{
4740:Middlewares/Third_Party/FreeRTOS/Source/tasks.c **** 				/* The task should not have been on an event list. */
4741:Middlewares/Third_Party/FreeRTOS/Source/tasks.c **** 				configASSERT( listLIST_ITEM_CONTAINER( &( pxTCB->xEventListItem ) ) == NULL );
4742:Middlewares/Third_Party/FreeRTOS/Source/tasks.c **** 
4743:Middlewares/Third_Party/FreeRTOS/Source/tasks.c **** 				if( uxSchedulerSuspended == ( UBaseType_t ) pdFALSE )
4744:Middlewares/Third_Party/FreeRTOS/Source/tasks.c **** 				{
4745:Middlewares/Third_Party/FreeRTOS/Source/tasks.c **** 					( void ) uxListRemove( &( pxTCB->xStateListItem ) );
4746:Middlewares/Third_Party/FreeRTOS/Source/tasks.c **** 					prvAddTaskToReadyList( pxTCB );
4747:Middlewares/Third_Party/FreeRTOS/Source/tasks.c **** 				}
4748:Middlewares/Third_Party/FreeRTOS/Source/tasks.c **** 				else
4749:Middlewares/Third_Party/FreeRTOS/Source/tasks.c **** 				{
4750:Middlewares/Third_Party/FreeRTOS/Source/tasks.c **** 					/* The delayed and ready lists cannot be accessed, so hold
4751:Middlewares/Third_Party/FreeRTOS/Source/tasks.c **** 					this task pending until the scheduler is resumed. */
4752:Middlewares/Third_Party/FreeRTOS/Source/tasks.c **** 					vListInsertEnd( &( xPendingReadyList ), &( pxTCB->xEventListItem ) );
4753:Middlewares/Third_Party/FreeRTOS/Source/tasks.c **** 				}
4754:Middlewares/Third_Party/FreeRTOS/Source/tasks.c **** 
4755:Middlewares/Third_Party/FreeRTOS/Source/tasks.c **** 				if( pxTCB->uxPriority > pxCurrentTCB->uxPriority )
4756:Middlewares/Third_Party/FreeRTOS/Source/tasks.c **** 				{
4757:Middlewares/Third_Party/FreeRTOS/Source/tasks.c **** 					/* The notified task has a priority above the currently
ARM GAS  /tmp/ccZZCKwI.s 			page 106


4758:Middlewares/Third_Party/FreeRTOS/Source/tasks.c **** 					executing task so a yield is required. */
4759:Middlewares/Third_Party/FreeRTOS/Source/tasks.c **** 					if( pxHigherPriorityTaskWoken != NULL )
4760:Middlewares/Third_Party/FreeRTOS/Source/tasks.c **** 					{
4761:Middlewares/Third_Party/FreeRTOS/Source/tasks.c **** 						*pxHigherPriorityTaskWoken = pdTRUE;
4762:Middlewares/Third_Party/FreeRTOS/Source/tasks.c **** 					}
4763:Middlewares/Third_Party/FreeRTOS/Source/tasks.c **** 					else
4764:Middlewares/Third_Party/FreeRTOS/Source/tasks.c **** 					{
4765:Middlewares/Third_Party/FreeRTOS/Source/tasks.c **** 						/* Mark that a yield is pending in case the user is not
4766:Middlewares/Third_Party/FreeRTOS/Source/tasks.c **** 						using the "xHigherPriorityTaskWoken" parameter to an ISR
4767:Middlewares/Third_Party/FreeRTOS/Source/tasks.c **** 						safe FreeRTOS function. */
4768:Middlewares/Third_Party/FreeRTOS/Source/tasks.c **** 						xYieldPending = pdTRUE;
4769:Middlewares/Third_Party/FreeRTOS/Source/tasks.c **** 					}
4770:Middlewares/Third_Party/FreeRTOS/Source/tasks.c **** 				}
4771:Middlewares/Third_Party/FreeRTOS/Source/tasks.c **** 				else
4772:Middlewares/Third_Party/FreeRTOS/Source/tasks.c **** 				{
4773:Middlewares/Third_Party/FreeRTOS/Source/tasks.c **** 					mtCOVERAGE_TEST_MARKER();
4774:Middlewares/Third_Party/FreeRTOS/Source/tasks.c **** 				}
4775:Middlewares/Third_Party/FreeRTOS/Source/tasks.c **** 			}
4776:Middlewares/Third_Party/FreeRTOS/Source/tasks.c **** 		}
4777:Middlewares/Third_Party/FreeRTOS/Source/tasks.c **** 		portCLEAR_INTERRUPT_MASK_FROM_ISR( uxSavedInterruptStatus );
4778:Middlewares/Third_Party/FreeRTOS/Source/tasks.c **** 
4779:Middlewares/Third_Party/FreeRTOS/Source/tasks.c **** 		return xReturn;
4780:Middlewares/Third_Party/FreeRTOS/Source/tasks.c **** 	}
4781:Middlewares/Third_Party/FreeRTOS/Source/tasks.c **** 
4782:Middlewares/Third_Party/FreeRTOS/Source/tasks.c **** #endif /* configUSE_TASK_NOTIFICATIONS */
4783:Middlewares/Third_Party/FreeRTOS/Source/tasks.c **** /*-----------------------------------------------------------*/
4784:Middlewares/Third_Party/FreeRTOS/Source/tasks.c **** 
4785:Middlewares/Third_Party/FreeRTOS/Source/tasks.c **** #if( configUSE_TASK_NOTIFICATIONS == 1 )
4786:Middlewares/Third_Party/FreeRTOS/Source/tasks.c **** 
4787:Middlewares/Third_Party/FreeRTOS/Source/tasks.c **** 	void vTaskNotifyGiveFromISR( TaskHandle_t xTaskToNotify, BaseType_t *pxHigherPriorityTaskWoken )
4788:Middlewares/Third_Party/FreeRTOS/Source/tasks.c **** 	{
4789:Middlewares/Third_Party/FreeRTOS/Source/tasks.c **** 	TCB_t * pxTCB;
4790:Middlewares/Third_Party/FreeRTOS/Source/tasks.c **** 	uint8_t ucOriginalNotifyState;
4791:Middlewares/Third_Party/FreeRTOS/Source/tasks.c **** 	UBaseType_t uxSavedInterruptStatus;
4792:Middlewares/Third_Party/FreeRTOS/Source/tasks.c **** 
4793:Middlewares/Third_Party/FreeRTOS/Source/tasks.c **** 		configASSERT( xTaskToNotify );
4794:Middlewares/Third_Party/FreeRTOS/Source/tasks.c **** 
4795:Middlewares/Third_Party/FreeRTOS/Source/tasks.c **** 		/* RTOS ports that support interrupt nesting have the concept of a
4796:Middlewares/Third_Party/FreeRTOS/Source/tasks.c **** 		maximum	system call (or maximum API call) interrupt priority.
4797:Middlewares/Third_Party/FreeRTOS/Source/tasks.c **** 		Interrupts that are	above the maximum system call priority are keep
4798:Middlewares/Third_Party/FreeRTOS/Source/tasks.c **** 		permanently enabled, even when the RTOS kernel is in a critical section,
4799:Middlewares/Third_Party/FreeRTOS/Source/tasks.c **** 		but cannot make any calls to FreeRTOS API functions.  If configASSERT()
4800:Middlewares/Third_Party/FreeRTOS/Source/tasks.c **** 		is defined in FreeRTOSConfig.h then
4801:Middlewares/Third_Party/FreeRTOS/Source/tasks.c **** 		portASSERT_IF_INTERRUPT_PRIORITY_INVALID() will result in an assertion
4802:Middlewares/Third_Party/FreeRTOS/Source/tasks.c **** 		failure if a FreeRTOS API function is called from an interrupt that has
4803:Middlewares/Third_Party/FreeRTOS/Source/tasks.c **** 		been assigned a priority above the configured maximum system call
4804:Middlewares/Third_Party/FreeRTOS/Source/tasks.c **** 		priority.  Only FreeRTOS functions that end in FromISR can be called
4805:Middlewares/Third_Party/FreeRTOS/Source/tasks.c **** 		from interrupts	that have been assigned a priority at or (logically)
4806:Middlewares/Third_Party/FreeRTOS/Source/tasks.c **** 		below the maximum system call interrupt priority.  FreeRTOS maintains a
4807:Middlewares/Third_Party/FreeRTOS/Source/tasks.c **** 		separate interrupt safe API to ensure interrupt entry is as fast and as
4808:Middlewares/Third_Party/FreeRTOS/Source/tasks.c **** 		simple as possible.  More information (albeit Cortex-M specific) is
4809:Middlewares/Third_Party/FreeRTOS/Source/tasks.c **** 		provided on the following link:
4810:Middlewares/Third_Party/FreeRTOS/Source/tasks.c **** 		http://www.freertos.org/RTOS-Cortex-M3-M4.html */
4811:Middlewares/Third_Party/FreeRTOS/Source/tasks.c **** 		portASSERT_IF_INTERRUPT_PRIORITY_INVALID();
4812:Middlewares/Third_Party/FreeRTOS/Source/tasks.c **** 
4813:Middlewares/Third_Party/FreeRTOS/Source/tasks.c **** 		pxTCB = ( TCB_t * ) xTaskToNotify;
4814:Middlewares/Third_Party/FreeRTOS/Source/tasks.c **** 
ARM GAS  /tmp/ccZZCKwI.s 			page 107


4815:Middlewares/Third_Party/FreeRTOS/Source/tasks.c **** 		uxSavedInterruptStatus = portSET_INTERRUPT_MASK_FROM_ISR();
4816:Middlewares/Third_Party/FreeRTOS/Source/tasks.c **** 		{
4817:Middlewares/Third_Party/FreeRTOS/Source/tasks.c **** 			ucOriginalNotifyState = pxTCB->ucNotifyState;
4818:Middlewares/Third_Party/FreeRTOS/Source/tasks.c **** 			pxTCB->ucNotifyState = taskNOTIFICATION_RECEIVED;
4819:Middlewares/Third_Party/FreeRTOS/Source/tasks.c **** 
4820:Middlewares/Third_Party/FreeRTOS/Source/tasks.c **** 			/* 'Giving' is equivalent to incrementing a count in a counting
4821:Middlewares/Third_Party/FreeRTOS/Source/tasks.c **** 			semaphore. */
4822:Middlewares/Third_Party/FreeRTOS/Source/tasks.c **** 			( pxTCB->ulNotifiedValue )++;
4823:Middlewares/Third_Party/FreeRTOS/Source/tasks.c **** 
4824:Middlewares/Third_Party/FreeRTOS/Source/tasks.c **** 			traceTASK_NOTIFY_GIVE_FROM_ISR();
4825:Middlewares/Third_Party/FreeRTOS/Source/tasks.c **** 
4826:Middlewares/Third_Party/FreeRTOS/Source/tasks.c **** 			/* If the task is in the blocked state specifically to wait for a
4827:Middlewares/Third_Party/FreeRTOS/Source/tasks.c **** 			notification then unblock it now. */
4828:Middlewares/Third_Party/FreeRTOS/Source/tasks.c **** 			if( ucOriginalNotifyState == taskWAITING_NOTIFICATION )
4829:Middlewares/Third_Party/FreeRTOS/Source/tasks.c **** 			{
4830:Middlewares/Third_Party/FreeRTOS/Source/tasks.c **** 				/* The task should not have been on an event list. */
4831:Middlewares/Third_Party/FreeRTOS/Source/tasks.c **** 				configASSERT( listLIST_ITEM_CONTAINER( &( pxTCB->xEventListItem ) ) == NULL );
4832:Middlewares/Third_Party/FreeRTOS/Source/tasks.c **** 
4833:Middlewares/Third_Party/FreeRTOS/Source/tasks.c **** 				if( uxSchedulerSuspended == ( UBaseType_t ) pdFALSE )
4834:Middlewares/Third_Party/FreeRTOS/Source/tasks.c **** 				{
4835:Middlewares/Third_Party/FreeRTOS/Source/tasks.c **** 					( void ) uxListRemove( &( pxTCB->xStateListItem ) );
4836:Middlewares/Third_Party/FreeRTOS/Source/tasks.c **** 					prvAddTaskToReadyList( pxTCB );
4837:Middlewares/Third_Party/FreeRTOS/Source/tasks.c **** 				}
4838:Middlewares/Third_Party/FreeRTOS/Source/tasks.c **** 				else
4839:Middlewares/Third_Party/FreeRTOS/Source/tasks.c **** 				{
4840:Middlewares/Third_Party/FreeRTOS/Source/tasks.c **** 					/* The delayed and ready lists cannot be accessed, so hold
4841:Middlewares/Third_Party/FreeRTOS/Source/tasks.c **** 					this task pending until the scheduler is resumed. */
4842:Middlewares/Third_Party/FreeRTOS/Source/tasks.c **** 					vListInsertEnd( &( xPendingReadyList ), &( pxTCB->xEventListItem ) );
4843:Middlewares/Third_Party/FreeRTOS/Source/tasks.c **** 				}
4844:Middlewares/Third_Party/FreeRTOS/Source/tasks.c **** 
4845:Middlewares/Third_Party/FreeRTOS/Source/tasks.c **** 				if( pxTCB->uxPriority > pxCurrentTCB->uxPriority )
4846:Middlewares/Third_Party/FreeRTOS/Source/tasks.c **** 				{
4847:Middlewares/Third_Party/FreeRTOS/Source/tasks.c **** 					/* The notified task has a priority above the currently
4848:Middlewares/Third_Party/FreeRTOS/Source/tasks.c **** 					executing task so a yield is required. */
4849:Middlewares/Third_Party/FreeRTOS/Source/tasks.c **** 					if( pxHigherPriorityTaskWoken != NULL )
4850:Middlewares/Third_Party/FreeRTOS/Source/tasks.c **** 					{
4851:Middlewares/Third_Party/FreeRTOS/Source/tasks.c **** 						*pxHigherPriorityTaskWoken = pdTRUE;
4852:Middlewares/Third_Party/FreeRTOS/Source/tasks.c **** 					}
4853:Middlewares/Third_Party/FreeRTOS/Source/tasks.c **** 					else
4854:Middlewares/Third_Party/FreeRTOS/Source/tasks.c **** 					{
4855:Middlewares/Third_Party/FreeRTOS/Source/tasks.c **** 						/* Mark that a yield is pending in case the user is not
4856:Middlewares/Third_Party/FreeRTOS/Source/tasks.c **** 						using the "xHigherPriorityTaskWoken" parameter in an ISR
4857:Middlewares/Third_Party/FreeRTOS/Source/tasks.c **** 						safe FreeRTOS function. */
4858:Middlewares/Third_Party/FreeRTOS/Source/tasks.c **** 						xYieldPending = pdTRUE;
4859:Middlewares/Third_Party/FreeRTOS/Source/tasks.c **** 					}
4860:Middlewares/Third_Party/FreeRTOS/Source/tasks.c **** 				}
4861:Middlewares/Third_Party/FreeRTOS/Source/tasks.c **** 				else
4862:Middlewares/Third_Party/FreeRTOS/Source/tasks.c **** 				{
4863:Middlewares/Third_Party/FreeRTOS/Source/tasks.c **** 					mtCOVERAGE_TEST_MARKER();
4864:Middlewares/Third_Party/FreeRTOS/Source/tasks.c **** 				}
4865:Middlewares/Third_Party/FreeRTOS/Source/tasks.c **** 			}
4866:Middlewares/Third_Party/FreeRTOS/Source/tasks.c **** 		}
4867:Middlewares/Third_Party/FreeRTOS/Source/tasks.c **** 		portCLEAR_INTERRUPT_MASK_FROM_ISR( uxSavedInterruptStatus );
4868:Middlewares/Third_Party/FreeRTOS/Source/tasks.c **** 	}
4869:Middlewares/Third_Party/FreeRTOS/Source/tasks.c **** 
4870:Middlewares/Third_Party/FreeRTOS/Source/tasks.c **** #endif /* configUSE_TASK_NOTIFICATIONS */
4871:Middlewares/Third_Party/FreeRTOS/Source/tasks.c **** 
ARM GAS  /tmp/ccZZCKwI.s 			page 108


4872:Middlewares/Third_Party/FreeRTOS/Source/tasks.c **** /*-----------------------------------------------------------*/
4873:Middlewares/Third_Party/FreeRTOS/Source/tasks.c **** 
4874:Middlewares/Third_Party/FreeRTOS/Source/tasks.c **** #if( configUSE_TASK_NOTIFICATIONS == 1 )
4875:Middlewares/Third_Party/FreeRTOS/Source/tasks.c **** 
4876:Middlewares/Third_Party/FreeRTOS/Source/tasks.c **** 	BaseType_t xTaskNotifyStateClear( TaskHandle_t xTask )
4877:Middlewares/Third_Party/FreeRTOS/Source/tasks.c **** 	{
4878:Middlewares/Third_Party/FreeRTOS/Source/tasks.c **** 	TCB_t *pxTCB;
4879:Middlewares/Third_Party/FreeRTOS/Source/tasks.c **** 	BaseType_t xReturn;
4880:Middlewares/Third_Party/FreeRTOS/Source/tasks.c **** 
4881:Middlewares/Third_Party/FreeRTOS/Source/tasks.c **** 		/* If null is passed in here then it is the calling task that is having
4882:Middlewares/Third_Party/FreeRTOS/Source/tasks.c **** 		its notification state cleared. */
4883:Middlewares/Third_Party/FreeRTOS/Source/tasks.c **** 		pxTCB = prvGetTCBFromHandle( xTask );
4884:Middlewares/Third_Party/FreeRTOS/Source/tasks.c **** 
4885:Middlewares/Third_Party/FreeRTOS/Source/tasks.c **** 		taskENTER_CRITICAL();
4886:Middlewares/Third_Party/FreeRTOS/Source/tasks.c **** 		{
4887:Middlewares/Third_Party/FreeRTOS/Source/tasks.c **** 			if( pxTCB->ucNotifyState == taskNOTIFICATION_RECEIVED )
4888:Middlewares/Third_Party/FreeRTOS/Source/tasks.c **** 			{
4889:Middlewares/Third_Party/FreeRTOS/Source/tasks.c **** 				pxTCB->ucNotifyState = taskNOT_WAITING_NOTIFICATION;
4890:Middlewares/Third_Party/FreeRTOS/Source/tasks.c **** 				xReturn = pdPASS;
4891:Middlewares/Third_Party/FreeRTOS/Source/tasks.c **** 			}
4892:Middlewares/Third_Party/FreeRTOS/Source/tasks.c **** 			else
4893:Middlewares/Third_Party/FreeRTOS/Source/tasks.c **** 			{
4894:Middlewares/Third_Party/FreeRTOS/Source/tasks.c **** 				xReturn = pdFAIL;
4895:Middlewares/Third_Party/FreeRTOS/Source/tasks.c **** 			}
4896:Middlewares/Third_Party/FreeRTOS/Source/tasks.c **** 		}
4897:Middlewares/Third_Party/FreeRTOS/Source/tasks.c **** 		taskEXIT_CRITICAL();
4898:Middlewares/Third_Party/FreeRTOS/Source/tasks.c **** 
4899:Middlewares/Third_Party/FreeRTOS/Source/tasks.c **** 		return xReturn;
4900:Middlewares/Third_Party/FreeRTOS/Source/tasks.c **** 	}
4901:Middlewares/Third_Party/FreeRTOS/Source/tasks.c **** 
4902:Middlewares/Third_Party/FreeRTOS/Source/tasks.c **** #endif /* configUSE_TASK_NOTIFICATIONS */
4903:Middlewares/Third_Party/FreeRTOS/Source/tasks.c **** /*-----------------------------------------------------------*/
4904:Middlewares/Third_Party/FreeRTOS/Source/tasks.c **** 
4905:Middlewares/Third_Party/FreeRTOS/Source/tasks.c **** 
4906:Middlewares/Third_Party/FreeRTOS/Source/tasks.c **** static void prvAddCurrentTaskToDelayedList( TickType_t xTicksToWait, const BaseType_t xCanBlockInde
4907:Middlewares/Third_Party/FreeRTOS/Source/tasks.c **** {
 858              		.loc 1 4907 1 view -0
 859              		.cfi_startproc
 860              		@ args = 0, pretend = 0, frame = 0
 861              		@ frame_needed = 0, uses_anonymous_args = 0
 862              		.loc 1 4907 1 is_stmt 0 view .LVU244
 863 0000 70B5     		push	{r4, r5, r6, lr}
 864              	.LCFI7:
 865              		.cfi_def_cfa_offset 16
 866              		.cfi_offset 4, -16
 867              		.cfi_offset 5, -12
 868              		.cfi_offset 6, -8
 869              		.cfi_offset 14, -4
 870 0002 0446     		mov	r4, r0
 871 0004 0D46     		mov	r5, r1
4908:Middlewares/Third_Party/FreeRTOS/Source/tasks.c **** TickType_t xTimeToWake;
 872              		.loc 1 4908 1 is_stmt 1 view .LVU245
4909:Middlewares/Third_Party/FreeRTOS/Source/tasks.c **** const TickType_t xConstTickCount = xTickCount;
 873              		.loc 1 4909 1 view .LVU246
 874              		.loc 1 4909 18 is_stmt 0 view .LVU247
 875 0006 174B     		ldr	r3, .L73
 876 0008 1E68     		ldr	r6, [r3]
ARM GAS  /tmp/ccZZCKwI.s 			page 109


 877              	.LVL63:
4910:Middlewares/Third_Party/FreeRTOS/Source/tasks.c **** 
4911:Middlewares/Third_Party/FreeRTOS/Source/tasks.c **** 	#if( INCLUDE_xTaskAbortDelay == 1 )
4912:Middlewares/Third_Party/FreeRTOS/Source/tasks.c **** 	{
4913:Middlewares/Third_Party/FreeRTOS/Source/tasks.c **** 		/* About to enter a delayed list, so ensure the ucDelayAborted flag is
4914:Middlewares/Third_Party/FreeRTOS/Source/tasks.c **** 		reset to pdFALSE so it can be detected as having been set to pdTRUE
4915:Middlewares/Third_Party/FreeRTOS/Source/tasks.c **** 		when the task leaves the Blocked state. */
4916:Middlewares/Third_Party/FreeRTOS/Source/tasks.c **** 		pxCurrentTCB->ucDelayAborted = pdFALSE;
4917:Middlewares/Third_Party/FreeRTOS/Source/tasks.c **** 	}
4918:Middlewares/Third_Party/FreeRTOS/Source/tasks.c **** 	#endif
4919:Middlewares/Third_Party/FreeRTOS/Source/tasks.c **** 
4920:Middlewares/Third_Party/FreeRTOS/Source/tasks.c **** 	/* Remove the task from the ready list before adding it to the blocked list
4921:Middlewares/Third_Party/FreeRTOS/Source/tasks.c **** 	as the same list item is used for both lists. */
4922:Middlewares/Third_Party/FreeRTOS/Source/tasks.c **** 	if( uxListRemove( &( pxCurrentTCB->xStateListItem ) ) == ( UBaseType_t ) 0 )
 878              		.loc 1 4922 2 is_stmt 1 view .LVU248
 879              		.loc 1 4922 35 is_stmt 0 view .LVU249
 880 000a 174B     		ldr	r3, .L73+4
 881 000c 1868     		ldr	r0, [r3]
 882              	.LVL64:
 883              		.loc 1 4922 6 view .LVU250
 884 000e 0430     		adds	r0, r0, #4
 885 0010 FFF7FEFF 		bl	uxListRemove
 886              	.LVL65:
4923:Middlewares/Third_Party/FreeRTOS/Source/tasks.c **** 	{
4924:Middlewares/Third_Party/FreeRTOS/Source/tasks.c **** 		/* The current task must be in a ready list, so there is no need to
4925:Middlewares/Third_Party/FreeRTOS/Source/tasks.c **** 		check, and the port reset macro can be called directly. */
4926:Middlewares/Third_Party/FreeRTOS/Source/tasks.c **** 		portRESET_READY_PRIORITY( pxCurrentTCB->uxPriority, uxTopReadyPriority );
 887              		.loc 1 4926 75 is_stmt 1 view .LVU251
4927:Middlewares/Third_Party/FreeRTOS/Source/tasks.c **** 	}
4928:Middlewares/Third_Party/FreeRTOS/Source/tasks.c **** 	else
4929:Middlewares/Third_Party/FreeRTOS/Source/tasks.c **** 	{
4930:Middlewares/Third_Party/FreeRTOS/Source/tasks.c **** 		mtCOVERAGE_TEST_MARKER();
 888              		.loc 1 4930 27 view .LVU252
4931:Middlewares/Third_Party/FreeRTOS/Source/tasks.c **** 	}
4932:Middlewares/Third_Party/FreeRTOS/Source/tasks.c **** 
4933:Middlewares/Third_Party/FreeRTOS/Source/tasks.c **** 	#if ( INCLUDE_vTaskSuspend == 1 )
4934:Middlewares/Third_Party/FreeRTOS/Source/tasks.c **** 	{
4935:Middlewares/Third_Party/FreeRTOS/Source/tasks.c **** 		if( ( xTicksToWait == portMAX_DELAY ) && ( xCanBlockIndefinitely != pdFALSE ) )
 889              		.loc 1 4935 3 view .LVU253
 890              		.loc 1 4935 5 is_stmt 0 view .LVU254
 891 0014 B4F1FF3F 		cmp	r4, #-1
 892 0018 0DD0     		beq	.L72
 893              	.L68:
4936:Middlewares/Third_Party/FreeRTOS/Source/tasks.c **** 		{
4937:Middlewares/Third_Party/FreeRTOS/Source/tasks.c **** 			/* Add the task to the suspended task list instead of a delayed task
4938:Middlewares/Third_Party/FreeRTOS/Source/tasks.c **** 			list to ensure it is not woken by a timing event.  It will block
4939:Middlewares/Third_Party/FreeRTOS/Source/tasks.c **** 			indefinitely. */
4940:Middlewares/Third_Party/FreeRTOS/Source/tasks.c **** 			vListInsertEnd( &xSuspendedTaskList, &( pxCurrentTCB->xStateListItem ) );
4941:Middlewares/Third_Party/FreeRTOS/Source/tasks.c **** 		}
4942:Middlewares/Third_Party/FreeRTOS/Source/tasks.c **** 		else
4943:Middlewares/Third_Party/FreeRTOS/Source/tasks.c **** 		{
4944:Middlewares/Third_Party/FreeRTOS/Source/tasks.c **** 			/* Calculate the time at which the task should be woken if the event
4945:Middlewares/Third_Party/FreeRTOS/Source/tasks.c **** 			does not occur.  This may overflow but this doesn't matter, the
4946:Middlewares/Third_Party/FreeRTOS/Source/tasks.c **** 			kernel will manage it correctly. */
4947:Middlewares/Third_Party/FreeRTOS/Source/tasks.c **** 			xTimeToWake = xConstTickCount + xTicksToWait;
 894              		.loc 1 4947 4 is_stmt 1 view .LVU255
 895              		.loc 1 4947 16 is_stmt 0 view .LVU256
ARM GAS  /tmp/ccZZCKwI.s 			page 110


 896 001a 3444     		add	r4, r4, r6
 897              	.LVL66:
4948:Middlewares/Third_Party/FreeRTOS/Source/tasks.c **** 
4949:Middlewares/Third_Party/FreeRTOS/Source/tasks.c **** 			/* The list item will be inserted in wake time order. */
4950:Middlewares/Third_Party/FreeRTOS/Source/tasks.c **** 			listSET_LIST_ITEM_VALUE( &( pxCurrentTCB->xStateListItem ), xTimeToWake );
 898              		.loc 1 4950 4 is_stmt 1 view .LVU257
 899 001c 124B     		ldr	r3, .L73+4
 900 001e 1B68     		ldr	r3, [r3]
 901 0020 5C60     		str	r4, [r3, #4]
4951:Middlewares/Third_Party/FreeRTOS/Source/tasks.c **** 
4952:Middlewares/Third_Party/FreeRTOS/Source/tasks.c **** 			if( xTimeToWake < xConstTickCount )
 902              		.loc 1 4952 4 view .LVU258
 903              		.loc 1 4952 6 is_stmt 0 view .LVU259
 904 0022 A642     		cmp	r6, r4
 905 0024 10D9     		bls	.L70
4953:Middlewares/Third_Party/FreeRTOS/Source/tasks.c **** 			{
4954:Middlewares/Third_Party/FreeRTOS/Source/tasks.c **** 				/* Wake time has overflowed.  Place this item in the overflow
4955:Middlewares/Third_Party/FreeRTOS/Source/tasks.c **** 				list. */
4956:Middlewares/Third_Party/FreeRTOS/Source/tasks.c **** 				vListInsert( pxOverflowDelayedTaskList, &( pxCurrentTCB->xStateListItem ) );
 906              		.loc 1 4956 5 is_stmt 1 view .LVU260
 907 0026 114B     		ldr	r3, .L73+8
 908 0028 1868     		ldr	r0, [r3]
 909              		.loc 1 4956 60 is_stmt 0 view .LVU261
 910 002a 0F4B     		ldr	r3, .L73+4
 911 002c 1968     		ldr	r1, [r3]
 912              		.loc 1 4956 5 view .LVU262
 913 002e 0431     		adds	r1, r1, #4
 914 0030 FFF7FEFF 		bl	vListInsert
 915              	.LVL67:
 916              	.L67:
4957:Middlewares/Third_Party/FreeRTOS/Source/tasks.c **** 			}
4958:Middlewares/Third_Party/FreeRTOS/Source/tasks.c **** 			else
4959:Middlewares/Third_Party/FreeRTOS/Source/tasks.c **** 			{
4960:Middlewares/Third_Party/FreeRTOS/Source/tasks.c **** 				/* The wake time has not overflowed, so the current block list
4961:Middlewares/Third_Party/FreeRTOS/Source/tasks.c **** 				is used. */
4962:Middlewares/Third_Party/FreeRTOS/Source/tasks.c **** 				vListInsert( pxDelayedTaskList, &( pxCurrentTCB->xStateListItem ) );
4963:Middlewares/Third_Party/FreeRTOS/Source/tasks.c **** 
4964:Middlewares/Third_Party/FreeRTOS/Source/tasks.c **** 				/* If the task entering the blocked state was placed at the
4965:Middlewares/Third_Party/FreeRTOS/Source/tasks.c **** 				head of the list of blocked tasks then xNextTaskUnblockTime
4966:Middlewares/Third_Party/FreeRTOS/Source/tasks.c **** 				needs to be updated too. */
4967:Middlewares/Third_Party/FreeRTOS/Source/tasks.c **** 				if( xTimeToWake < xNextTaskUnblockTime )
4968:Middlewares/Third_Party/FreeRTOS/Source/tasks.c **** 				{
4969:Middlewares/Third_Party/FreeRTOS/Source/tasks.c **** 					xNextTaskUnblockTime = xTimeToWake;
4970:Middlewares/Third_Party/FreeRTOS/Source/tasks.c **** 				}
4971:Middlewares/Third_Party/FreeRTOS/Source/tasks.c **** 				else
4972:Middlewares/Third_Party/FreeRTOS/Source/tasks.c **** 				{
4973:Middlewares/Third_Party/FreeRTOS/Source/tasks.c **** 					mtCOVERAGE_TEST_MARKER();
4974:Middlewares/Third_Party/FreeRTOS/Source/tasks.c **** 				}
4975:Middlewares/Third_Party/FreeRTOS/Source/tasks.c **** 			}
4976:Middlewares/Third_Party/FreeRTOS/Source/tasks.c **** 		}
4977:Middlewares/Third_Party/FreeRTOS/Source/tasks.c **** 	}
4978:Middlewares/Third_Party/FreeRTOS/Source/tasks.c **** 	#else /* INCLUDE_vTaskSuspend */
4979:Middlewares/Third_Party/FreeRTOS/Source/tasks.c **** 	{
4980:Middlewares/Third_Party/FreeRTOS/Source/tasks.c **** 		/* Calculate the time at which the task should be woken if the event
4981:Middlewares/Third_Party/FreeRTOS/Source/tasks.c **** 		does not occur.  This may overflow but this doesn't matter, the kernel
4982:Middlewares/Third_Party/FreeRTOS/Source/tasks.c **** 		will manage it correctly. */
4983:Middlewares/Third_Party/FreeRTOS/Source/tasks.c **** 		xTimeToWake = xConstTickCount + xTicksToWait;
ARM GAS  /tmp/ccZZCKwI.s 			page 111


4984:Middlewares/Third_Party/FreeRTOS/Source/tasks.c **** 
4985:Middlewares/Third_Party/FreeRTOS/Source/tasks.c **** 		/* The list item will be inserted in wake time order. */
4986:Middlewares/Third_Party/FreeRTOS/Source/tasks.c **** 		listSET_LIST_ITEM_VALUE( &( pxCurrentTCB->xStateListItem ), xTimeToWake );
4987:Middlewares/Third_Party/FreeRTOS/Source/tasks.c **** 
4988:Middlewares/Third_Party/FreeRTOS/Source/tasks.c **** 		if( xTimeToWake < xConstTickCount )
4989:Middlewares/Third_Party/FreeRTOS/Source/tasks.c **** 		{
4990:Middlewares/Third_Party/FreeRTOS/Source/tasks.c **** 			/* Wake time has overflowed.  Place this item in the overflow list. */
4991:Middlewares/Third_Party/FreeRTOS/Source/tasks.c **** 			vListInsert( pxOverflowDelayedTaskList, &( pxCurrentTCB->xStateListItem ) );
4992:Middlewares/Third_Party/FreeRTOS/Source/tasks.c **** 		}
4993:Middlewares/Third_Party/FreeRTOS/Source/tasks.c **** 		else
4994:Middlewares/Third_Party/FreeRTOS/Source/tasks.c **** 		{
4995:Middlewares/Third_Party/FreeRTOS/Source/tasks.c **** 			/* The wake time has not overflowed, so the current block list is used. */
4996:Middlewares/Third_Party/FreeRTOS/Source/tasks.c **** 			vListInsert( pxDelayedTaskList, &( pxCurrentTCB->xStateListItem ) );
4997:Middlewares/Third_Party/FreeRTOS/Source/tasks.c **** 
4998:Middlewares/Third_Party/FreeRTOS/Source/tasks.c **** 			/* If the task entering the blocked state was placed at the head of the
4999:Middlewares/Third_Party/FreeRTOS/Source/tasks.c **** 			list of blocked tasks then xNextTaskUnblockTime needs to be updated
5000:Middlewares/Third_Party/FreeRTOS/Source/tasks.c **** 			too. */
5001:Middlewares/Third_Party/FreeRTOS/Source/tasks.c **** 			if( xTimeToWake < xNextTaskUnblockTime )
5002:Middlewares/Third_Party/FreeRTOS/Source/tasks.c **** 			{
5003:Middlewares/Third_Party/FreeRTOS/Source/tasks.c **** 				xNextTaskUnblockTime = xTimeToWake;
5004:Middlewares/Third_Party/FreeRTOS/Source/tasks.c **** 			}
5005:Middlewares/Third_Party/FreeRTOS/Source/tasks.c **** 			else
5006:Middlewares/Third_Party/FreeRTOS/Source/tasks.c **** 			{
5007:Middlewares/Third_Party/FreeRTOS/Source/tasks.c **** 				mtCOVERAGE_TEST_MARKER();
5008:Middlewares/Third_Party/FreeRTOS/Source/tasks.c **** 			}
5009:Middlewares/Third_Party/FreeRTOS/Source/tasks.c **** 		}
5010:Middlewares/Third_Party/FreeRTOS/Source/tasks.c **** 
5011:Middlewares/Third_Party/FreeRTOS/Source/tasks.c **** 		/* Avoid compiler warning when INCLUDE_vTaskSuspend is not 1. */
5012:Middlewares/Third_Party/FreeRTOS/Source/tasks.c **** 		( void ) xCanBlockIndefinitely;
5013:Middlewares/Third_Party/FreeRTOS/Source/tasks.c **** 	}
5014:Middlewares/Third_Party/FreeRTOS/Source/tasks.c **** 	#endif /* INCLUDE_vTaskSuspend */
5015:Middlewares/Third_Party/FreeRTOS/Source/tasks.c **** }
 917              		.loc 1 5015 1 view .LVU263
 918 0034 70BD     		pop	{r4, r5, r6, pc}
 919              	.LVL68:
 920              	.L72:
4935:Middlewares/Third_Party/FreeRTOS/Source/tasks.c **** 		{
 921              		.loc 1 4935 41 discriminator 1 view .LVU264
 922 0036 002D     		cmp	r5, #0
 923 0038 EFD0     		beq	.L68
4940:Middlewares/Third_Party/FreeRTOS/Source/tasks.c **** 		}
 924              		.loc 1 4940 4 is_stmt 1 view .LVU265
4940:Middlewares/Third_Party/FreeRTOS/Source/tasks.c **** 		}
 925              		.loc 1 4940 56 is_stmt 0 view .LVU266
 926 003a 0B4B     		ldr	r3, .L73+4
 927 003c 1968     		ldr	r1, [r3]
4940:Middlewares/Third_Party/FreeRTOS/Source/tasks.c **** 		}
 928              		.loc 1 4940 4 view .LVU267
 929 003e 0431     		adds	r1, r1, #4
 930 0040 0B48     		ldr	r0, .L73+12
 931 0042 FFF7FEFF 		bl	vListInsertEnd
 932              	.LVL69:
 933 0046 F5E7     		b	.L67
 934              	.LVL70:
 935              	.L70:
4962:Middlewares/Third_Party/FreeRTOS/Source/tasks.c **** 
 936              		.loc 1 4962 5 is_stmt 1 view .LVU268
ARM GAS  /tmp/ccZZCKwI.s 			page 112


 937 0048 0A4B     		ldr	r3, .L73+16
 938 004a 1868     		ldr	r0, [r3]
4962:Middlewares/Third_Party/FreeRTOS/Source/tasks.c **** 
 939              		.loc 1 4962 52 is_stmt 0 view .LVU269
 940 004c 064B     		ldr	r3, .L73+4
 941 004e 1968     		ldr	r1, [r3]
4962:Middlewares/Third_Party/FreeRTOS/Source/tasks.c **** 
 942              		.loc 1 4962 5 view .LVU270
 943 0050 0431     		adds	r1, r1, #4
 944 0052 FFF7FEFF 		bl	vListInsert
 945              	.LVL71:
4967:Middlewares/Third_Party/FreeRTOS/Source/tasks.c **** 				{
 946              		.loc 1 4967 5 is_stmt 1 view .LVU271
4967:Middlewares/Third_Party/FreeRTOS/Source/tasks.c **** 				{
 947              		.loc 1 4967 21 is_stmt 0 view .LVU272
 948 0056 084B     		ldr	r3, .L73+20
 949 0058 1B68     		ldr	r3, [r3]
4967:Middlewares/Third_Party/FreeRTOS/Source/tasks.c **** 				{
 950              		.loc 1 4967 7 view .LVU273
 951 005a A342     		cmp	r3, r4
 952 005c EAD9     		bls	.L67
4969:Middlewares/Third_Party/FreeRTOS/Source/tasks.c **** 				}
 953              		.loc 1 4969 6 is_stmt 1 view .LVU274
4969:Middlewares/Third_Party/FreeRTOS/Source/tasks.c **** 				}
 954              		.loc 1 4969 27 is_stmt 0 view .LVU275
 955 005e 064B     		ldr	r3, .L73+20
 956 0060 1C60     		str	r4, [r3]
4973:Middlewares/Third_Party/FreeRTOS/Source/tasks.c **** 				}
 957              		.loc 1 4973 30 is_stmt 1 view .LVU276
 958              		.loc 1 5015 1 is_stmt 0 view .LVU277
 959 0062 E7E7     		b	.L67
 960              	.L74:
 961              		.align	2
 962              	.L73:
 963 0064 00000000 		.word	xTickCount
 964 0068 00000000 		.word	pxCurrentTCB
 965 006c 00000000 		.word	pxOverflowDelayedTaskList
 966 0070 00000000 		.word	xSuspendedTaskList
 967 0074 00000000 		.word	pxDelayedTaskList
 968 0078 00000000 		.word	xNextTaskUnblockTime
 969              		.cfi_endproc
 970              	.LFE63:
 972              		.section	.text.xTaskCreateStatic,"ax",%progbits
 973              		.align	1
 974              		.global	xTaskCreateStatic
 975              		.syntax unified
 976              		.thumb
 977              		.thumb_func
 979              	xTaskCreateStatic:
 980              	.LVL72:
 981              	.LFB4:
 582:Middlewares/Third_Party/FreeRTOS/Source/tasks.c **** 	TCB_t *pxNewTCB;
 982              		.loc 1 582 2 is_stmt 1 view -0
 983              		.cfi_startproc
 984              		@ args = 12, pretend = 0, frame = 8
 985              		@ frame_needed = 0, uses_anonymous_args = 0
 582:Middlewares/Third_Party/FreeRTOS/Source/tasks.c **** 	TCB_t *pxNewTCB;
ARM GAS  /tmp/ccZZCKwI.s 			page 113


 986              		.loc 1 582 2 is_stmt 0 view .LVU279
 987 0000 30B5     		push	{r4, r5, lr}
 988              	.LCFI8:
 989              		.cfi_def_cfa_offset 12
 990              		.cfi_offset 4, -12
 991              		.cfi_offset 5, -8
 992              		.cfi_offset 14, -4
 993 0002 87B0     		sub	sp, sp, #28
 994              	.LCFI9:
 995              		.cfi_def_cfa_offset 40
 996 0004 0B9C     		ldr	r4, [sp, #44]
 583:Middlewares/Third_Party/FreeRTOS/Source/tasks.c **** 	TaskHandle_t xReturn;
 997              		.loc 1 583 2 is_stmt 1 view .LVU280
 584:Middlewares/Third_Party/FreeRTOS/Source/tasks.c **** 
 998              		.loc 1 584 2 view .LVU281
 586:Middlewares/Third_Party/FreeRTOS/Source/tasks.c **** 		configASSERT( pxTaskBuffer != NULL );
 999              		.loc 1 586 3 view .LVU282
 1000 0006 7CB1     		cbz	r4, .L83
 586:Middlewares/Third_Party/FreeRTOS/Source/tasks.c **** 		configASSERT( pxTaskBuffer != NULL );
 1001              		.loc 1 586 41 discriminator 2 view .LVU283
 587:Middlewares/Third_Party/FreeRTOS/Source/tasks.c **** 
 1002              		.loc 1 587 3 view .LVU284
 1003 0008 0C9D     		ldr	r5, [sp, #48]
 1004 000a B5B1     		cbz	r5, .L84
 587:Middlewares/Third_Party/FreeRTOS/Source/tasks.c **** 
 1005              		.loc 1 587 39 discriminator 2 view .LVU285
 1006              	.LBB119:
 594:Middlewares/Third_Party/FreeRTOS/Source/tasks.c **** 			configASSERT( xSize == sizeof( TCB_t ) );
 1007              		.loc 1 594 4 view .LVU286
 594:Middlewares/Third_Party/FreeRTOS/Source/tasks.c **** 			configASSERT( xSize == sizeof( TCB_t ) );
 1008              		.loc 1 594 20 is_stmt 0 view .LVU287
 1009 000c 5C25     		movs	r5, #92
 1010 000e 0495     		str	r5, [sp, #16]
 595:Middlewares/Third_Party/FreeRTOS/Source/tasks.c **** 		}
 1011              		.loc 1 595 4 is_stmt 1 view .LVU288
 1012 0010 049D     		ldr	r5, [sp, #16]
 1013 0012 5C2D     		cmp	r5, #92
 1014 0014 1AD0     		beq	.L80
 595:Middlewares/Third_Party/FreeRTOS/Source/tasks.c **** 		}
 1015              		.loc 1 595 4 discriminator 1 view .LVU289
 1016              	.LBB120:
 1017              	.LBI120:
 191:Middlewares/Third_Party/FreeRTOS/Source/portable/GCC/ARM_CM4F/portmacro.h **** {
 1018              		.loc 2 191 30 view .LVU290
 1019              	.LBB121:
 193:Middlewares/Third_Party/FreeRTOS/Source/portable/GCC/ARM_CM4F/portmacro.h **** 
 1020              		.loc 2 193 1 view .LVU291
 1021              		.loc 2 195 2 view .LVU292
 1022              		.syntax unified
 1023              	@ 195 "Middlewares/Third_Party/FreeRTOS/Source/portable/GCC/ARM_CM4F/portmacro.h" 1
 1024 0016 4FF05003 			mov r3, #80												
 1025 001a 83F31188 		msr basepri, r3											
 1026 001e BFF36F8F 		isb														
 1027 0022 BFF34F8F 		dsb														
 1028              	
 1029              	@ 0 "" 2
 1030              	.LVL73:
ARM GAS  /tmp/ccZZCKwI.s 			page 114


 1031              		.thumb
 1032              		.syntax unified
 1033              	.L81:
 1034              		.loc 2 195 2 is_stmt 0 view .LVU293
 1035              	.LBE121:
 1036              	.LBE120:
 595:Middlewares/Third_Party/FreeRTOS/Source/tasks.c **** 		}
 1037              		.loc 1 595 4 is_stmt 1 discriminator 3 view .LVU294
 595:Middlewares/Third_Party/FreeRTOS/Source/tasks.c **** 		}
 1038              		.loc 1 595 4 discriminator 3 view .LVU295
 1039 0026 FEE7     		b	.L81
 1040              	.LVL74:
 1041              	.L83:
 595:Middlewares/Third_Party/FreeRTOS/Source/tasks.c **** 		}
 1042              		.loc 1 595 4 is_stmt 0 discriminator 3 view .LVU296
 1043              	.LBE119:
 586:Middlewares/Third_Party/FreeRTOS/Source/tasks.c **** 		configASSERT( pxTaskBuffer != NULL );
 1044              		.loc 1 586 3 is_stmt 1 discriminator 1 view .LVU297
 1045              	.LBB122:
 1046              	.LBI122:
 191:Middlewares/Third_Party/FreeRTOS/Source/portable/GCC/ARM_CM4F/portmacro.h **** {
 1047              		.loc 2 191 30 view .LVU298
 1048              	.LBB123:
 193:Middlewares/Third_Party/FreeRTOS/Source/portable/GCC/ARM_CM4F/portmacro.h **** 
 1049              		.loc 2 193 1 view .LVU299
 1050              		.loc 2 195 2 view .LVU300
 1051              		.syntax unified
 1052              	@ 195 "Middlewares/Third_Party/FreeRTOS/Source/portable/GCC/ARM_CM4F/portmacro.h" 1
 1053 0028 4FF05003 			mov r3, #80												
 1054 002c 83F31188 		msr basepri, r3											
 1055 0030 BFF36F8F 		isb														
 1056 0034 BFF34F8F 		dsb														
 1057              	
 1058              	@ 0 "" 2
 1059              	.LVL75:
 1060              		.thumb
 1061              		.syntax unified
 1062              	.L77:
 1063              		.loc 2 195 2 is_stmt 0 view .LVU301
 1064              	.LBE123:
 1065              	.LBE122:
 586:Middlewares/Third_Party/FreeRTOS/Source/tasks.c **** 		configASSERT( pxTaskBuffer != NULL );
 1066              		.loc 1 586 3 is_stmt 1 discriminator 3 view .LVU302
 586:Middlewares/Third_Party/FreeRTOS/Source/tasks.c **** 		configASSERT( pxTaskBuffer != NULL );
 1067              		.loc 1 586 3 discriminator 3 view .LVU303
 1068 0038 FEE7     		b	.L77
 1069              	.LVL76:
 1070              	.L84:
 587:Middlewares/Third_Party/FreeRTOS/Source/tasks.c **** 
 1071              		.loc 1 587 3 discriminator 1 view .LVU304
 1072              	.LBB124:
 1073              	.LBI124:
 191:Middlewares/Third_Party/FreeRTOS/Source/portable/GCC/ARM_CM4F/portmacro.h **** {
 1074              		.loc 2 191 30 view .LVU305
 1075              	.LBB125:
 193:Middlewares/Third_Party/FreeRTOS/Source/portable/GCC/ARM_CM4F/portmacro.h **** 
 1076              		.loc 2 193 1 view .LVU306
ARM GAS  /tmp/ccZZCKwI.s 			page 115


 1077              		.loc 2 195 2 view .LVU307
 1078              		.syntax unified
 1079              	@ 195 "Middlewares/Third_Party/FreeRTOS/Source/portable/GCC/ARM_CM4F/portmacro.h" 1
 1080 003a 4FF05003 			mov r3, #80												
 1081 003e 83F31188 		msr basepri, r3											
 1082 0042 BFF36F8F 		isb														
 1083 0046 BFF34F8F 		dsb														
 1084              	
 1085              	@ 0 "" 2
 1086              	.LVL77:
 1087              		.thumb
 1088              		.syntax unified
 1089              	.L79:
 1090              		.loc 2 195 2 is_stmt 0 view .LVU308
 1091              	.LBE125:
 1092              	.LBE124:
 587:Middlewares/Third_Party/FreeRTOS/Source/tasks.c **** 
 1093              		.loc 1 587 3 is_stmt 1 discriminator 3 view .LVU309
 587:Middlewares/Third_Party/FreeRTOS/Source/tasks.c **** 
 1094              		.loc 1 587 3 discriminator 3 view .LVU310
 1095 004a FEE7     		b	.L79
 1096              	.LVL78:
 1097              	.L80:
 1098              	.LBB126:
 595:Middlewares/Third_Party/FreeRTOS/Source/tasks.c **** 		}
 1099              		.loc 1 595 44 discriminator 2 view .LVU311
 1100              	.LBE126:
 600:Middlewares/Third_Party/FreeRTOS/Source/tasks.c **** 		{
 1101              		.loc 1 600 3 view .LVU312
 604:Middlewares/Third_Party/FreeRTOS/Source/tasks.c **** 			pxNewTCB->pxStack = ( StackType_t * ) puxStackBuffer;
 1102              		.loc 1 604 4 view .LVU313
 605:Middlewares/Third_Party/FreeRTOS/Source/tasks.c **** 
 1103              		.loc 1 605 4 view .LVU314
 605:Middlewares/Third_Party/FreeRTOS/Source/tasks.c **** 
 1104              		.loc 1 605 22 is_stmt 0 view .LVU315
 1105 004c 0C9D     		ldr	r5, [sp, #48]
 1106 004e 2C63     		str	r4, [r5, #48]
 611:Middlewares/Third_Party/FreeRTOS/Source/tasks.c **** 			}
 1107              		.loc 1 611 5 is_stmt 1 view .LVU316
 611:Middlewares/Third_Party/FreeRTOS/Source/tasks.c **** 			}
 1108              		.loc 1 611 37 is_stmt 0 view .LVU317
 1109 0050 0224     		movs	r4, #2
 1110 0052 85F85940 		strb	r4, [r5, #89]
 615:Middlewares/Third_Party/FreeRTOS/Source/tasks.c **** 			prvAddNewTaskToReadyList( pxNewTCB );
 1111              		.loc 1 615 4 is_stmt 1 view .LVU318
 1112 0056 0024     		movs	r4, #0
 1113 0058 0394     		str	r4, [sp, #12]
 1114 005a 0295     		str	r5, [sp, #8]
 1115 005c 05AC     		add	r4, sp, #20
 1116 005e 0194     		str	r4, [sp, #4]
 1117 0060 0A9C     		ldr	r4, [sp, #40]
 1118 0062 0094     		str	r4, [sp]
 1119 0064 FFF7FEFF 		bl	prvInitialiseNewTask
 1120              	.LVL79:
 616:Middlewares/Third_Party/FreeRTOS/Source/tasks.c **** 		}
 1121              		.loc 1 616 4 view .LVU319
 1122 0068 0C98     		ldr	r0, [sp, #48]
ARM GAS  /tmp/ccZZCKwI.s 			page 116


 1123 006a FFF7FEFF 		bl	prvAddNewTaskToReadyList
 1124              	.LVL80:
 623:Middlewares/Third_Party/FreeRTOS/Source/tasks.c **** 	}
 1125              		.loc 1 623 3 view .LVU320
 624:Middlewares/Third_Party/FreeRTOS/Source/tasks.c **** 
 1126              		.loc 1 624 2 is_stmt 0 view .LVU321
 1127 006e 0598     		ldr	r0, [sp, #20]
 1128 0070 07B0     		add	sp, sp, #28
 1129              	.LCFI10:
 1130              		.cfi_def_cfa_offset 12
 1131              		@ sp needed
 1132 0072 30BD     		pop	{r4, r5, pc}
 624:Middlewares/Third_Party/FreeRTOS/Source/tasks.c **** 
 1133              		.loc 1 624 2 view .LVU322
 1134              		.cfi_endproc
 1135              	.LFE4:
 1137              		.section	.text.xTaskCreate,"ax",%progbits
 1138              		.align	1
 1139              		.global	xTaskCreate
 1140              		.syntax unified
 1141              		.thumb
 1142              		.thumb_func
 1144              	xTaskCreate:
 1145              	.LVL81:
 1146              	.LFB5:
 732:Middlewares/Third_Party/FreeRTOS/Source/tasks.c **** 	TCB_t *pxNewTCB;
 1147              		.loc 1 732 2 is_stmt 1 view -0
 1148              		.cfi_startproc
 1149              		@ args = 8, pretend = 0, frame = 0
 1150              		@ frame_needed = 0, uses_anonymous_args = 0
 732:Middlewares/Third_Party/FreeRTOS/Source/tasks.c **** 	TCB_t *pxNewTCB;
 1151              		.loc 1 732 2 is_stmt 0 view .LVU324
 1152 0000 2DE9F043 		push	{r4, r5, r6, r7, r8, r9, lr}
 1153              	.LCFI11:
 1154              		.cfi_def_cfa_offset 28
 1155              		.cfi_offset 4, -28
 1156              		.cfi_offset 5, -24
 1157              		.cfi_offset 6, -20
 1158              		.cfi_offset 7, -16
 1159              		.cfi_offset 8, -12
 1160              		.cfi_offset 9, -8
 1161              		.cfi_offset 14, -4
 1162 0004 85B0     		sub	sp, sp, #20
 1163              	.LCFI12:
 1164              		.cfi_def_cfa_offset 48
 1165 0006 0746     		mov	r7, r0
 1166 0008 8846     		mov	r8, r1
 1167 000a 1446     		mov	r4, r2
 1168 000c 1E46     		mov	r6, r3
 733:Middlewares/Third_Party/FreeRTOS/Source/tasks.c **** 	BaseType_t xReturn;
 1169              		.loc 1 733 2 is_stmt 1 view .LVU325
 734:Middlewares/Third_Party/FreeRTOS/Source/tasks.c **** 
 1170              		.loc 1 734 2 view .LVU326
 1171              	.LBB127:
 763:Middlewares/Third_Party/FreeRTOS/Source/tasks.c **** 
 1172              		.loc 1 763 3 view .LVU327
 766:Middlewares/Third_Party/FreeRTOS/Source/tasks.c **** 
ARM GAS  /tmp/ccZZCKwI.s 			page 117


 1173              		.loc 1 766 4 view .LVU328
 766:Middlewares/Third_Party/FreeRTOS/Source/tasks.c **** 
 1174              		.loc 1 766 32 is_stmt 0 view .LVU329
 1175 000e 9000     		lsls	r0, r2, #2
 1176              	.LVL82:
 766:Middlewares/Third_Party/FreeRTOS/Source/tasks.c **** 
 1177              		.loc 1 766 32 view .LVU330
 1178 0010 FFF7FEFF 		bl	pvPortMalloc
 1179              	.LVL83:
 768:Middlewares/Third_Party/FreeRTOS/Source/tasks.c **** 			{
 1180              		.loc 1 768 4 is_stmt 1 view .LVU331
 768:Middlewares/Third_Party/FreeRTOS/Source/tasks.c **** 			{
 1181              		.loc 1 768 6 is_stmt 0 view .LVU332
 1182 0014 08B3     		cbz	r0, .L88
 1183 0016 8146     		mov	r9, r0
 771:Middlewares/Third_Party/FreeRTOS/Source/tasks.c **** 
 1184              		.loc 1 771 5 is_stmt 1 view .LVU333
 771:Middlewares/Third_Party/FreeRTOS/Source/tasks.c **** 
 1185              		.loc 1 771 28 is_stmt 0 view .LVU334
 1186 0018 5C20     		movs	r0, #92
 1187              	.LVL84:
 771:Middlewares/Third_Party/FreeRTOS/Source/tasks.c **** 
 1188              		.loc 1 771 28 view .LVU335
 1189 001a FFF7FEFF 		bl	pvPortMalloc
 1190              	.LVL85:
 773:Middlewares/Third_Party/FreeRTOS/Source/tasks.c **** 				{
 1191              		.loc 1 773 5 is_stmt 1 view .LVU336
 773:Middlewares/Third_Party/FreeRTOS/Source/tasks.c **** 				{
 1192              		.loc 1 773 7 is_stmt 0 view .LVU337
 1193 001e 0546     		mov	r5, r0
 1194 0020 A8B1     		cbz	r0, .L87
 776:Middlewares/Third_Party/FreeRTOS/Source/tasks.c **** 				}
 1195              		.loc 1 776 6 is_stmt 1 view .LVU338
 776:Middlewares/Third_Party/FreeRTOS/Source/tasks.c **** 				}
 1196              		.loc 1 776 24 is_stmt 0 view .LVU339
 1197 0022 C0F83090 		str	r9, [r0, #48]
 776:Middlewares/Third_Party/FreeRTOS/Source/tasks.c **** 				}
 1198              		.loc 1 776 24 view .LVU340
 1199              	.LBE127:
 792:Middlewares/Third_Party/FreeRTOS/Source/tasks.c **** 		{
 1200              		.loc 1 792 3 is_stmt 1 view .LVU341
 798:Middlewares/Third_Party/FreeRTOS/Source/tasks.c **** 			}
 1201              		.loc 1 798 5 view .LVU342
 798:Middlewares/Third_Party/FreeRTOS/Source/tasks.c **** 			}
 1202              		.loc 1 798 37 is_stmt 0 view .LVU343
 1203 0026 0023     		movs	r3, #0
 1204 0028 80F85930 		strb	r3, [r0, #89]
 802:Middlewares/Third_Party/FreeRTOS/Source/tasks.c **** 			prvAddNewTaskToReadyList( pxNewTCB );
 1205              		.loc 1 802 4 is_stmt 1 view .LVU344
 1206 002c 0393     		str	r3, [sp, #12]
 1207 002e 0290     		str	r0, [sp, #8]
 1208 0030 0D9B     		ldr	r3, [sp, #52]
 1209 0032 0193     		str	r3, [sp, #4]
 1210 0034 0C9B     		ldr	r3, [sp, #48]
 1211 0036 0093     		str	r3, [sp]
 1212 0038 3346     		mov	r3, r6
 1213 003a 2246     		mov	r2, r4
ARM GAS  /tmp/ccZZCKwI.s 			page 118


 1214 003c 4146     		mov	r1, r8
 1215 003e 3846     		mov	r0, r7
 1216              	.LVL86:
 802:Middlewares/Third_Party/FreeRTOS/Source/tasks.c **** 			prvAddNewTaskToReadyList( pxNewTCB );
 1217              		.loc 1 802 4 is_stmt 0 view .LVU345
 1218 0040 FFF7FEFF 		bl	prvInitialiseNewTask
 1219              	.LVL87:
 803:Middlewares/Third_Party/FreeRTOS/Source/tasks.c **** 			xReturn = pdPASS;
 1220              		.loc 1 803 4 is_stmt 1 view .LVU346
 1221 0044 2846     		mov	r0, r5
 1222 0046 FFF7FEFF 		bl	prvAddNewTaskToReadyList
 1223              	.LVL88:
 804:Middlewares/Third_Party/FreeRTOS/Source/tasks.c **** 		}
 1224              		.loc 1 804 4 view .LVU347
 804:Middlewares/Third_Party/FreeRTOS/Source/tasks.c **** 		}
 1225              		.loc 1 804 12 is_stmt 0 view .LVU348
 1226 004a 0120     		movs	r0, #1
 1227 004c 07E0     		b	.L85
 1228              	.LVL89:
 1229              	.L87:
 1230              	.LBB128:
 782:Middlewares/Third_Party/FreeRTOS/Source/tasks.c **** 				}
 1231              		.loc 1 782 6 is_stmt 1 view .LVU349
 1232 004e 4846     		mov	r0, r9
 1233              	.LVL90:
 782:Middlewares/Third_Party/FreeRTOS/Source/tasks.c **** 				}
 1234              		.loc 1 782 6 is_stmt 0 view .LVU350
 1235 0050 FFF7FEFF 		bl	vPortFree
 1236              	.LVL91:
 782:Middlewares/Third_Party/FreeRTOS/Source/tasks.c **** 				}
 1237              		.loc 1 782 6 view .LVU351
 1238              	.LBE128:
 792:Middlewares/Third_Party/FreeRTOS/Source/tasks.c **** 		{
 1239              		.loc 1 792 3 is_stmt 1 view .LVU352
 808:Middlewares/Third_Party/FreeRTOS/Source/tasks.c **** 		}
 1240              		.loc 1 808 12 is_stmt 0 view .LVU353
 1241 0054 4FF0FF30 		mov	r0, #-1
 1242 0058 01E0     		b	.L85
 1243              	.LVL92:
 1244              	.L88:
 808:Middlewares/Third_Party/FreeRTOS/Source/tasks.c **** 		}
 1245              		.loc 1 808 12 view .LVU354
 1246 005a 4FF0FF30 		mov	r0, #-1
 1247              	.LVL93:
 811:Middlewares/Third_Party/FreeRTOS/Source/tasks.c **** 	}
 1248              		.loc 1 811 3 is_stmt 1 view .LVU355
 1249              	.L85:
 812:Middlewares/Third_Party/FreeRTOS/Source/tasks.c **** 
 1250              		.loc 1 812 2 is_stmt 0 view .LVU356
 1251 005e 05B0     		add	sp, sp, #20
 1252              	.LCFI13:
 1253              		.cfi_def_cfa_offset 28
 1254              		@ sp needed
 1255 0060 BDE8F083 		pop	{r4, r5, r6, r7, r8, r9, pc}
 812:Middlewares/Third_Party/FreeRTOS/Source/tasks.c **** 
 1256              		.loc 1 812 2 view .LVU357
 1257              		.cfi_endproc
ARM GAS  /tmp/ccZZCKwI.s 			page 119


 1258              	.LFE5:
 1260              		.section	.text.vTaskDelete,"ax",%progbits
 1261              		.align	1
 1262              		.global	vTaskDelete
 1263              		.syntax unified
 1264              		.thumb
 1265              		.thumb_func
 1267              	vTaskDelete:
 1268              	.LVL94:
 1269              	.LFB8:
1107:Middlewares/Third_Party/FreeRTOS/Source/tasks.c **** 	TCB_t *pxTCB;
 1270              		.loc 1 1107 2 is_stmt 1 view -0
 1271              		.cfi_startproc
 1272              		@ args = 0, pretend = 0, frame = 0
 1273              		@ frame_needed = 0, uses_anonymous_args = 0
1107:Middlewares/Third_Party/FreeRTOS/Source/tasks.c **** 	TCB_t *pxTCB;
 1274              		.loc 1 1107 2 is_stmt 0 view .LVU359
 1275 0000 38B5     		push	{r3, r4, r5, lr}
 1276              	.LCFI14:
 1277              		.cfi_def_cfa_offset 16
 1278              		.cfi_offset 3, -16
 1279              		.cfi_offset 4, -12
 1280              		.cfi_offset 5, -8
 1281              		.cfi_offset 14, -4
 1282 0002 0446     		mov	r4, r0
1108:Middlewares/Third_Party/FreeRTOS/Source/tasks.c **** 
 1283              		.loc 1 1108 2 is_stmt 1 view .LVU360
1110:Middlewares/Third_Party/FreeRTOS/Source/tasks.c **** 		{
 1284              		.loc 1 1110 3 view .LVU361
 1285 0004 FFF7FEFF 		bl	vPortEnterCritical
 1286              	.LVL95:
1114:Middlewares/Third_Party/FreeRTOS/Source/tasks.c **** 
 1287              		.loc 1 1114 4 view .LVU362
1114:Middlewares/Third_Party/FreeRTOS/Source/tasks.c **** 
 1288              		.loc 1 1114 12 is_stmt 0 view .LVU363
 1289 0008 24B3     		cbz	r4, .L99
 1290              	.LVL96:
 1291              	.L91:
1117:Middlewares/Third_Party/FreeRTOS/Source/tasks.c **** 			{
 1292              		.loc 1 1117 4 is_stmt 1 view .LVU364
1117:Middlewares/Third_Party/FreeRTOS/Source/tasks.c **** 			{
 1293              		.loc 1 1117 8 is_stmt 0 view .LVU365
 1294 000a 251D     		adds	r5, r4, #4
 1295 000c 2846     		mov	r0, r5
 1296 000e FFF7FEFF 		bl	uxListRemove
 1297              	.LVL97:
1119:Middlewares/Third_Party/FreeRTOS/Source/tasks.c **** 			}
 1298              		.loc 1 1119 50 is_stmt 1 view .LVU366
1123:Middlewares/Third_Party/FreeRTOS/Source/tasks.c **** 			}
 1299              		.loc 1 1123 29 view .LVU367
1127:Middlewares/Third_Party/FreeRTOS/Source/tasks.c **** 			{
 1300              		.loc 1 1127 4 view .LVU368
1127:Middlewares/Third_Party/FreeRTOS/Source/tasks.c **** 			{
 1301              		.loc 1 1127 8 is_stmt 0 view .LVU369
 1302 0012 A36A     		ldr	r3, [r4, #40]
1127:Middlewares/Third_Party/FreeRTOS/Source/tasks.c **** 			{
 1303              		.loc 1 1127 6 view .LVU370
ARM GAS  /tmp/ccZZCKwI.s 			page 120


 1304 0014 1BB1     		cbz	r3, .L92
1129:Middlewares/Third_Party/FreeRTOS/Source/tasks.c **** 			}
 1305              		.loc 1 1129 5 is_stmt 1 view .LVU371
1129:Middlewares/Third_Party/FreeRTOS/Source/tasks.c **** 			}
 1306              		.loc 1 1129 14 is_stmt 0 view .LVU372
 1307 0016 04F11800 		add	r0, r4, #24
 1308 001a FFF7FEFF 		bl	uxListRemove
 1309              	.LVL98:
 1310              	.L92:
1133:Middlewares/Third_Party/FreeRTOS/Source/tasks.c **** 			}
 1311              		.loc 1 1133 29 is_stmt 1 view .LVU373
1140:Middlewares/Third_Party/FreeRTOS/Source/tasks.c **** 
 1312              		.loc 1 1140 4 view .LVU374
1140:Middlewares/Third_Party/FreeRTOS/Source/tasks.c **** 
 1313              		.loc 1 1140 16 is_stmt 0 view .LVU375
 1314 001e 1F4A     		ldr	r2, .L102
 1315 0020 1368     		ldr	r3, [r2]
 1316 0022 0133     		adds	r3, r3, #1
 1317 0024 1360     		str	r3, [r2]
1142:Middlewares/Third_Party/FreeRTOS/Source/tasks.c **** 			{
 1318              		.loc 1 1142 4 is_stmt 1 view .LVU376
1142:Middlewares/Third_Party/FreeRTOS/Source/tasks.c **** 			{
 1319              		.loc 1 1142 14 is_stmt 0 view .LVU377
 1320 0026 1E4B     		ldr	r3, .L102+4
 1321 0028 1B68     		ldr	r3, [r3]
1142:Middlewares/Third_Party/FreeRTOS/Source/tasks.c **** 			{
 1322              		.loc 1 1142 6 view .LVU378
 1323 002a A342     		cmp	r3, r4
 1324 002c 15D0     		beq	.L100
1165:Middlewares/Third_Party/FreeRTOS/Source/tasks.c **** 				prvDeleteTCB( pxTCB );
 1325              		.loc 1 1165 5 is_stmt 1 view .LVU379
 1326 002e 1D4A     		ldr	r2, .L102+8
 1327 0030 1368     		ldr	r3, [r2]
 1328 0032 013B     		subs	r3, r3, #1
 1329 0034 1360     		str	r3, [r2]
1166:Middlewares/Third_Party/FreeRTOS/Source/tasks.c **** 
 1330              		.loc 1 1166 5 view .LVU380
 1331 0036 2046     		mov	r0, r4
 1332 0038 FFF7FEFF 		bl	prvDeleteTCB
 1333              	.LVL99:
1170:Middlewares/Third_Party/FreeRTOS/Source/tasks.c **** 			}
 1334              		.loc 1 1170 5 view .LVU381
 1335 003c FFF7FEFF 		bl	prvResetNextTaskUnblockTime
 1336              	.LVL100:
 1337              	.L94:
1173:Middlewares/Third_Party/FreeRTOS/Source/tasks.c **** 		}
 1338              		.loc 1 1173 29 view .LVU382
1175:Middlewares/Third_Party/FreeRTOS/Source/tasks.c **** 
 1339              		.loc 1 1175 3 view .LVU383
 1340 0040 FFF7FEFF 		bl	vPortExitCritical
 1341              	.LVL101:
1179:Middlewares/Third_Party/FreeRTOS/Source/tasks.c **** 		{
 1342              		.loc 1 1179 3 view .LVU384
1179:Middlewares/Third_Party/FreeRTOS/Source/tasks.c **** 		{
 1343              		.loc 1 1179 25 is_stmt 0 view .LVU385
 1344 0044 184B     		ldr	r3, .L102+12
 1345 0046 1B68     		ldr	r3, [r3]
ARM GAS  /tmp/ccZZCKwI.s 			page 121


1179:Middlewares/Third_Party/FreeRTOS/Source/tasks.c **** 		{
 1346              		.loc 1 1179 5 view .LVU386
 1347 0048 1BB1     		cbz	r3, .L90
1181:Middlewares/Third_Party/FreeRTOS/Source/tasks.c **** 			{
 1348              		.loc 1 1181 4 is_stmt 1 view .LVU387
1181:Middlewares/Third_Party/FreeRTOS/Source/tasks.c **** 			{
 1349              		.loc 1 1181 14 is_stmt 0 view .LVU388
 1350 004a 154B     		ldr	r3, .L102+4
 1351 004c 1B68     		ldr	r3, [r3]
1181:Middlewares/Third_Party/FreeRTOS/Source/tasks.c **** 			{
 1352              		.loc 1 1181 6 view .LVU389
 1353 004e A342     		cmp	r3, r4
 1354 0050 0CD0     		beq	.L101
 1355              	.L90:
1191:Middlewares/Third_Party/FreeRTOS/Source/tasks.c **** 
 1356              		.loc 1 1191 2 view .LVU390
 1357 0052 38BD     		pop	{r3, r4, r5, pc}
 1358              	.LVL102:
 1359              	.L99:
1114:Middlewares/Third_Party/FreeRTOS/Source/tasks.c **** 
 1360              		.loc 1 1114 12 discriminator 1 view .LVU391
 1361 0054 124B     		ldr	r3, .L102+4
 1362 0056 1C68     		ldr	r4, [r3]
 1363              	.LVL103:
1114:Middlewares/Third_Party/FreeRTOS/Source/tasks.c **** 
 1364              		.loc 1 1114 12 discriminator 1 view .LVU392
 1365 0058 D7E7     		b	.L91
 1366              	.LVL104:
 1367              	.L100:
1149:Middlewares/Third_Party/FreeRTOS/Source/tasks.c **** 
 1368              		.loc 1 1149 5 is_stmt 1 view .LVU393
 1369 005a 2946     		mov	r1, r5
 1370 005c 1348     		ldr	r0, .L102+16
 1371 005e FFF7FEFF 		bl	vListInsertEnd
 1372              	.LVL105:
1154:Middlewares/Third_Party/FreeRTOS/Source/tasks.c **** 
 1373              		.loc 1 1154 5 view .LVU394
 1374 0062 134A     		ldr	r2, .L102+20
 1375 0064 1368     		ldr	r3, [r2]
 1376 0066 0133     		adds	r3, r3, #1
 1377 0068 1360     		str	r3, [r2]
1161:Middlewares/Third_Party/FreeRTOS/Source/tasks.c **** 			}
 1378              		.loc 1 1161 54 view .LVU395
 1379 006a E9E7     		b	.L94
 1380              	.L101:
1183:Middlewares/Third_Party/FreeRTOS/Source/tasks.c **** 				portYIELD_WITHIN_API();
 1381              		.loc 1 1183 5 view .LVU396
 1382 006c 114B     		ldr	r3, .L102+24
 1383 006e 1B68     		ldr	r3, [r3]
 1384 0070 43B1     		cbz	r3, .L96
1183:Middlewares/Third_Party/FreeRTOS/Source/tasks.c **** 				portYIELD_WITHIN_API();
 1385              		.loc 1 1183 5 discriminator 1 view .LVU397
 1386              	.LBB129:
 1387              	.LBI129:
 191:Middlewares/Third_Party/FreeRTOS/Source/portable/GCC/ARM_CM4F/portmacro.h **** {
 1388              		.loc 2 191 30 view .LVU398
 1389              	.LBB130:
ARM GAS  /tmp/ccZZCKwI.s 			page 122


 193:Middlewares/Third_Party/FreeRTOS/Source/portable/GCC/ARM_CM4F/portmacro.h **** 
 1390              		.loc 2 193 1 view .LVU399
 1391              		.loc 2 195 2 view .LVU400
 1392              		.syntax unified
 1393              	@ 195 "Middlewares/Third_Party/FreeRTOS/Source/portable/GCC/ARM_CM4F/portmacro.h" 1
 1394 0072 4FF05003 			mov r3, #80												
 1395 0076 83F31188 		msr basepri, r3											
 1396 007a BFF36F8F 		isb														
 1397 007e BFF34F8F 		dsb														
 1398              	
 1399              	@ 0 "" 2
 1400              		.thumb
 1401              		.syntax unified
 1402              	.L97:
 1403              	.LBE130:
 1404              	.LBE129:
1183:Middlewares/Third_Party/FreeRTOS/Source/tasks.c **** 				portYIELD_WITHIN_API();
 1405              		.loc 1 1183 5 discriminator 3 view .LVU401
1183:Middlewares/Third_Party/FreeRTOS/Source/tasks.c **** 				portYIELD_WITHIN_API();
 1406              		.loc 1 1183 5 discriminator 3 view .LVU402
 1407 0082 FEE7     		b	.L97
 1408              	.L96:
1183:Middlewares/Third_Party/FreeRTOS/Source/tasks.c **** 				portYIELD_WITHIN_API();
 1409              		.loc 1 1183 46 discriminator 2 view .LVU403
1184:Middlewares/Third_Party/FreeRTOS/Source/tasks.c **** 			}
 1410              		.loc 1 1184 5 view .LVU404
 1411 0084 4FF0E023 		mov	r3, #-536813568
 1412 0088 4FF08052 		mov	r2, #268435456
 1413 008c C3F8042D 		str	r2, [r3, #3332]
1184:Middlewares/Third_Party/FreeRTOS/Source/tasks.c **** 			}
 1414              		.loc 1 1184 5 view .LVU405
 1415              		.syntax unified
 1416              	@ 1184 "Middlewares/Third_Party/FreeRTOS/Source/tasks.c" 1
 1417 0090 BFF34F8F 		dsb
 1418              	@ 0 "" 2
1184:Middlewares/Third_Party/FreeRTOS/Source/tasks.c **** 			}
 1419              		.loc 1 1184 5 view .LVU406
 1420              	@ 1184 "Middlewares/Third_Party/FreeRTOS/Source/tasks.c" 1
 1421 0094 BFF36F8F 		isb
 1422              	@ 0 "" 2
1184:Middlewares/Third_Party/FreeRTOS/Source/tasks.c **** 			}
 1423              		.loc 1 1184 27 view .LVU407
1188:Middlewares/Third_Party/FreeRTOS/Source/tasks.c **** 			}
 1424              		.loc 1 1188 29 view .LVU408
1191:Middlewares/Third_Party/FreeRTOS/Source/tasks.c **** 
 1425              		.loc 1 1191 2 is_stmt 0 view .LVU409
 1426              		.thumb
 1427              		.syntax unified
 1428 0098 DBE7     		b	.L90
 1429              	.L103:
 1430 009a 00BF     		.align	2
 1431              	.L102:
 1432 009c 00000000 		.word	uxTaskNumber
 1433 00a0 00000000 		.word	pxCurrentTCB
 1434 00a4 00000000 		.word	uxCurrentNumberOfTasks
 1435 00a8 00000000 		.word	xSchedulerRunning
 1436 00ac 00000000 		.word	xTasksWaitingTermination
ARM GAS  /tmp/ccZZCKwI.s 			page 123


 1437 00b0 00000000 		.word	uxDeletedTasksWaitingCleanUp
 1438 00b4 00000000 		.word	uxSchedulerSuspended
 1439              		.cfi_endproc
 1440              	.LFE8:
 1442              		.section	.text.eTaskGetState,"ax",%progbits
 1443              		.align	1
 1444              		.global	eTaskGetState
 1445              		.syntax unified
 1446              		.thumb
 1447              		.thumb_func
 1449              	eTaskGetState:
 1450              	.LVL106:
 1451              	.LFB11:
1328:Middlewares/Third_Party/FreeRTOS/Source/tasks.c **** 	eTaskState eReturn;
 1452              		.loc 1 1328 2 is_stmt 1 view -0
 1453              		.cfi_startproc
 1454              		@ args = 0, pretend = 0, frame = 0
 1455              		@ frame_needed = 0, uses_anonymous_args = 0
1328:Middlewares/Third_Party/FreeRTOS/Source/tasks.c **** 	eTaskState eReturn;
 1456              		.loc 1 1328 2 is_stmt 0 view .LVU411
 1457 0000 38B5     		push	{r3, r4, r5, lr}
 1458              	.LCFI15:
 1459              		.cfi_def_cfa_offset 16
 1460              		.cfi_offset 3, -16
 1461              		.cfi_offset 4, -12
 1462              		.cfi_offset 5, -8
 1463              		.cfi_offset 14, -4
1329:Middlewares/Third_Party/FreeRTOS/Source/tasks.c **** 	List_t *pxStateList;
 1464              		.loc 1 1329 2 is_stmt 1 view .LVU412
1330:Middlewares/Third_Party/FreeRTOS/Source/tasks.c **** 	const TCB_t * const pxTCB = ( TCB_t * ) xTask;
 1465              		.loc 1 1330 2 view .LVU413
1331:Middlewares/Third_Party/FreeRTOS/Source/tasks.c **** 
 1466              		.loc 1 1331 2 view .LVU414
 1467              	.LVL107:
1333:Middlewares/Third_Party/FreeRTOS/Source/tasks.c **** 
 1468              		.loc 1 1333 3 view .LVU415
 1469 0002 D0B1     		cbz	r0, .L116
 1470 0004 0446     		mov	r4, r0
1333:Middlewares/Third_Party/FreeRTOS/Source/tasks.c **** 
 1471              		.loc 1 1333 24 discriminator 2 view .LVU416
1335:Middlewares/Third_Party/FreeRTOS/Source/tasks.c **** 		{
 1472              		.loc 1 1335 3 view .LVU417
1335:Middlewares/Third_Party/FreeRTOS/Source/tasks.c **** 		{
 1473              		.loc 1 1335 13 is_stmt 0 view .LVU418
 1474 0006 194B     		ldr	r3, .L120
 1475 0008 1B68     		ldr	r3, [r3]
1335:Middlewares/Third_Party/FreeRTOS/Source/tasks.c **** 		{
 1476              		.loc 1 1335 5 view .LVU419
 1477 000a 8342     		cmp	r3, r0
 1478 000c 26D0     		beq	.L109
1342:Middlewares/Third_Party/FreeRTOS/Source/tasks.c **** 			{
 1479              		.loc 1 1342 4 is_stmt 1 view .LVU420
 1480 000e FFF7FEFF 		bl	vPortEnterCritical
 1481              	.LVL108:
1344:Middlewares/Third_Party/FreeRTOS/Source/tasks.c **** 			}
 1482              		.loc 1 1344 5 view .LVU421
1344:Middlewares/Third_Party/FreeRTOS/Source/tasks.c **** 			}
ARM GAS  /tmp/ccZZCKwI.s 			page 124


 1483              		.loc 1 1344 17 is_stmt 0 view .LVU422
 1484 0012 6569     		ldr	r5, [r4, #20]
 1485              	.LVL109:
1346:Middlewares/Third_Party/FreeRTOS/Source/tasks.c **** 
 1486              		.loc 1 1346 4 is_stmt 1 view .LVU423
 1487 0014 FFF7FEFF 		bl	vPortExitCritical
 1488              	.LVL110:
1348:Middlewares/Third_Party/FreeRTOS/Source/tasks.c **** 			{
 1489              		.loc 1 1348 4 view .LVU424
1348:Middlewares/Third_Party/FreeRTOS/Source/tasks.c **** 			{
 1490              		.loc 1 1348 22 is_stmt 0 view .LVU425
 1491 0018 154B     		ldr	r3, .L120+4
 1492 001a 1B68     		ldr	r3, [r3]
1348:Middlewares/Third_Party/FreeRTOS/Source/tasks.c **** 			{
 1493              		.loc 1 1348 6 view .LVU426
 1494 001c AB42     		cmp	r3, r5
 1495 001e 1FD0     		beq	.L110
1348:Middlewares/Third_Party/FreeRTOS/Source/tasks.c **** 			{
 1496              		.loc 1 1348 62 discriminator 1 view .LVU427
 1497 0020 144B     		ldr	r3, .L120+8
 1498 0022 1B68     		ldr	r3, [r3]
1348:Middlewares/Third_Party/FreeRTOS/Source/tasks.c **** 			{
 1499              		.loc 1 1348 45 discriminator 1 view .LVU428
 1500 0024 AB42     		cmp	r3, r5
 1501 0026 1DD0     		beq	.L111
1356:Middlewares/Third_Party/FreeRTOS/Source/tasks.c **** 				{
 1502              		.loc 1 1356 10 is_stmt 1 view .LVU429
1356:Middlewares/Third_Party/FreeRTOS/Source/tasks.c **** 				{
 1503              		.loc 1 1356 12 is_stmt 0 view .LVU430
 1504 0028 134B     		ldr	r3, .L120+12
 1505 002a 9D42     		cmp	r5, r3
 1506 002c 0ED0     		beq	.L117
1373:Middlewares/Third_Party/FreeRTOS/Source/tasks.c **** 				{
 1507              		.loc 1 1373 10 is_stmt 1 view .LVU431
1373:Middlewares/Third_Party/FreeRTOS/Source/tasks.c **** 				{
 1508              		.loc 1 1373 12 is_stmt 0 view .LVU432
 1509 002e 134B     		ldr	r3, .L120+16
 1510 0030 9D42     		cmp	r5, r3
 1511 0032 19D0     		beq	.L113
1373:Middlewares/Third_Party/FreeRTOS/Source/tasks.c **** 				{
 1512              		.loc 1 1373 59 discriminator 1 view .LVU433
 1513 0034 85B1     		cbz	r5, .L118
1386:Middlewares/Third_Party/FreeRTOS/Source/tasks.c **** 			}
 1514              		.loc 1 1386 13 view .LVU434
 1515 0036 0120     		movs	r0, #1
 1516 0038 11E0     		b	.L107
 1517              	.LVL111:
 1518              	.L116:
1333:Middlewares/Third_Party/FreeRTOS/Source/tasks.c **** 
 1519              		.loc 1 1333 3 is_stmt 1 discriminator 1 view .LVU435
 1520              	.LBB131:
 1521              	.LBI131:
 191:Middlewares/Third_Party/FreeRTOS/Source/portable/GCC/ARM_CM4F/portmacro.h **** {
 1522              		.loc 2 191 30 view .LVU436
 1523              	.LBB132:
 193:Middlewares/Third_Party/FreeRTOS/Source/portable/GCC/ARM_CM4F/portmacro.h **** 
 1524              		.loc 2 193 1 view .LVU437
ARM GAS  /tmp/ccZZCKwI.s 			page 125


 1525              		.loc 2 195 2 view .LVU438
 1526              		.syntax unified
 1527              	@ 195 "Middlewares/Third_Party/FreeRTOS/Source/portable/GCC/ARM_CM4F/portmacro.h" 1
 1528 003a 4FF05003 			mov r3, #80												
 1529 003e 83F31188 		msr basepri, r3											
 1530 0042 BFF36F8F 		isb														
 1531 0046 BFF34F8F 		dsb														
 1532              	
 1533              	@ 0 "" 2
 1534              		.thumb
 1535              		.syntax unified
 1536              	.L106:
 1537              	.LBE132:
 1538              	.LBE131:
1333:Middlewares/Third_Party/FreeRTOS/Source/tasks.c **** 
 1539              		.loc 1 1333 3 discriminator 3 view .LVU439
1333:Middlewares/Third_Party/FreeRTOS/Source/tasks.c **** 
 1540              		.loc 1 1333 3 discriminator 3 view .LVU440
 1541 004a FEE7     		b	.L106
 1542              	.LVL112:
 1543              	.L117:
1361:Middlewares/Third_Party/FreeRTOS/Source/tasks.c **** 					{
 1544              		.loc 1 1361 6 view .LVU441
1361:Middlewares/Third_Party/FreeRTOS/Source/tasks.c **** 					{
 1545              		.loc 1 1361 10 is_stmt 0 view .LVU442
 1546 004c A36A     		ldr	r3, [r4, #40]
1361:Middlewares/Third_Party/FreeRTOS/Source/tasks.c **** 					{
 1547              		.loc 1 1361 8 view .LVU443
 1548 004e 0BB1     		cbz	r3, .L119
1367:Middlewares/Third_Party/FreeRTOS/Source/tasks.c **** 					}
 1549              		.loc 1 1367 15 view .LVU444
 1550 0050 0220     		movs	r0, #2
 1551 0052 04E0     		b	.L107
 1552              	.L119:
1363:Middlewares/Third_Party/FreeRTOS/Source/tasks.c **** 					}
 1553              		.loc 1 1363 15 view .LVU445
 1554 0054 0320     		movs	r0, #3
 1555 0056 02E0     		b	.L107
 1556              	.L118:
1378:Middlewares/Third_Party/FreeRTOS/Source/tasks.c **** 				}
 1557              		.loc 1 1378 14 view .LVU446
 1558 0058 0420     		movs	r0, #4
 1559 005a 00E0     		b	.L107
 1560              	.LVL113:
 1561              	.L109:
1338:Middlewares/Third_Party/FreeRTOS/Source/tasks.c **** 		}
 1562              		.loc 1 1338 12 view .LVU447
 1563 005c 0020     		movs	r0, #0
 1564              	.LVL114:
 1565              	.L107:
1390:Middlewares/Third_Party/FreeRTOS/Source/tasks.c **** 	} /*lint !e818 xTask cannot be a pointer to const because it is a typedef. */
 1566              		.loc 1 1390 3 is_stmt 1 view .LVU448
1391:Middlewares/Third_Party/FreeRTOS/Source/tasks.c **** 
 1567              		.loc 1 1391 2 is_stmt 0 view .LVU449
 1568 005e 38BD     		pop	{r3, r4, r5, pc}
 1569              	.LVL115:
 1570              	.L110:
ARM GAS  /tmp/ccZZCKwI.s 			page 126


1352:Middlewares/Third_Party/FreeRTOS/Source/tasks.c **** 			}
 1571              		.loc 1 1352 13 view .LVU450
 1572 0060 0220     		movs	r0, #2
 1573 0062 FCE7     		b	.L107
 1574              	.L111:
 1575 0064 0220     		movs	r0, #2
 1576 0066 FAE7     		b	.L107
 1577              	.L113:
1378:Middlewares/Third_Party/FreeRTOS/Source/tasks.c **** 				}
 1578              		.loc 1 1378 14 view .LVU451
 1579 0068 0420     		movs	r0, #4
 1580 006a F8E7     		b	.L107
 1581              	.L121:
 1582              		.align	2
 1583              	.L120:
 1584 006c 00000000 		.word	pxCurrentTCB
 1585 0070 00000000 		.word	pxDelayedTaskList
 1586 0074 00000000 		.word	pxOverflowDelayedTaskList
 1587 0078 00000000 		.word	xSuspendedTaskList
 1588 007c 00000000 		.word	xTasksWaitingTermination
 1589              		.cfi_endproc
 1590              	.LFE11:
 1592              		.section	.text.uxTaskPriorityGet,"ax",%progbits
 1593              		.align	1
 1594              		.global	uxTaskPriorityGet
 1595              		.syntax unified
 1596              		.thumb
 1597              		.thumb_func
 1599              	uxTaskPriorityGet:
 1600              	.LVL116:
 1601              	.LFB12:
1399:Middlewares/Third_Party/FreeRTOS/Source/tasks.c **** 	TCB_t *pxTCB;
 1602              		.loc 1 1399 2 is_stmt 1 view -0
 1603              		.cfi_startproc
 1604              		@ args = 0, pretend = 0, frame = 0
 1605              		@ frame_needed = 0, uses_anonymous_args = 0
1399:Middlewares/Third_Party/FreeRTOS/Source/tasks.c **** 	TCB_t *pxTCB;
 1606              		.loc 1 1399 2 is_stmt 0 view .LVU453
 1607 0000 10B5     		push	{r4, lr}
 1608              	.LCFI16:
 1609              		.cfi_def_cfa_offset 8
 1610              		.cfi_offset 4, -8
 1611              		.cfi_offset 14, -4
 1612 0002 0446     		mov	r4, r0
1400:Middlewares/Third_Party/FreeRTOS/Source/tasks.c **** 	UBaseType_t uxReturn;
 1613              		.loc 1 1400 2 is_stmt 1 view .LVU454
1401:Middlewares/Third_Party/FreeRTOS/Source/tasks.c **** 
 1614              		.loc 1 1401 2 view .LVU455
1403:Middlewares/Third_Party/FreeRTOS/Source/tasks.c **** 		{
 1615              		.loc 1 1403 3 view .LVU456
 1616 0004 FFF7FEFF 		bl	vPortEnterCritical
 1617              	.LVL117:
1407:Middlewares/Third_Party/FreeRTOS/Source/tasks.c **** 			uxReturn = pxTCB->uxPriority;
 1618              		.loc 1 1407 4 view .LVU457
1407:Middlewares/Third_Party/FreeRTOS/Source/tasks.c **** 			uxReturn = pxTCB->uxPriority;
 1619              		.loc 1 1407 12 is_stmt 0 view .LVU458
 1620 0008 24B1     		cbz	r4, .L125
ARM GAS  /tmp/ccZZCKwI.s 			page 127


 1621              	.LVL118:
 1622              	.L123:
1408:Middlewares/Third_Party/FreeRTOS/Source/tasks.c **** 		}
 1623              		.loc 1 1408 4 is_stmt 1 view .LVU459
1408:Middlewares/Third_Party/FreeRTOS/Source/tasks.c **** 		}
 1624              		.loc 1 1408 13 is_stmt 0 view .LVU460
 1625 000a E46A     		ldr	r4, [r4, #44]
 1626              	.LVL119:
1410:Middlewares/Third_Party/FreeRTOS/Source/tasks.c **** 
 1627              		.loc 1 1410 3 is_stmt 1 view .LVU461
 1628 000c FFF7FEFF 		bl	vPortExitCritical
 1629              	.LVL120:
1412:Middlewares/Third_Party/FreeRTOS/Source/tasks.c **** 	}
 1630              		.loc 1 1412 3 view .LVU462
1413:Middlewares/Third_Party/FreeRTOS/Source/tasks.c **** 
 1631              		.loc 1 1413 2 is_stmt 0 view .LVU463
 1632 0010 2046     		mov	r0, r4
 1633 0012 10BD     		pop	{r4, pc}
 1634              	.LVL121:
 1635              	.L125:
1407:Middlewares/Third_Party/FreeRTOS/Source/tasks.c **** 			uxReturn = pxTCB->uxPriority;
 1636              		.loc 1 1407 12 discriminator 1 view .LVU464
 1637 0014 014B     		ldr	r3, .L126
 1638 0016 1C68     		ldr	r4, [r3]
 1639              	.LVL122:
1407:Middlewares/Third_Party/FreeRTOS/Source/tasks.c **** 			uxReturn = pxTCB->uxPriority;
 1640              		.loc 1 1407 12 discriminator 1 view .LVU465
 1641 0018 F7E7     		b	.L123
 1642              	.L127:
 1643 001a 00BF     		.align	2
 1644              	.L126:
 1645 001c 00000000 		.word	pxCurrentTCB
 1646              		.cfi_endproc
 1647              	.LFE12:
 1649              		.section	.text.uxTaskPriorityGetFromISR,"ax",%progbits
 1650              		.align	1
 1651              		.global	uxTaskPriorityGetFromISR
 1652              		.syntax unified
 1653              		.thumb
 1654              		.thumb_func
 1656              	uxTaskPriorityGetFromISR:
 1657              	.LVL123:
 1658              	.LFB13:
1421:Middlewares/Third_Party/FreeRTOS/Source/tasks.c **** 	TCB_t *pxTCB;
 1659              		.loc 1 1421 2 is_stmt 1 view -0
 1660              		.cfi_startproc
 1661              		@ args = 0, pretend = 0, frame = 0
 1662              		@ frame_needed = 0, uses_anonymous_args = 0
1421:Middlewares/Third_Party/FreeRTOS/Source/tasks.c **** 	TCB_t *pxTCB;
 1663              		.loc 1 1421 2 is_stmt 0 view .LVU467
 1664 0000 10B5     		push	{r4, lr}
 1665              	.LCFI17:
 1666              		.cfi_def_cfa_offset 8
 1667              		.cfi_offset 4, -8
 1668              		.cfi_offset 14, -4
 1669 0002 0446     		mov	r4, r0
1422:Middlewares/Third_Party/FreeRTOS/Source/tasks.c **** 	UBaseType_t uxReturn, uxSavedInterruptState;
ARM GAS  /tmp/ccZZCKwI.s 			page 128


 1670              		.loc 1 1422 2 is_stmt 1 view .LVU468
1423:Middlewares/Third_Party/FreeRTOS/Source/tasks.c **** 
 1671              		.loc 1 1423 2 view .LVU469
1441:Middlewares/Third_Party/FreeRTOS/Source/tasks.c **** 
 1672              		.loc 1 1441 3 view .LVU470
 1673 0004 FFF7FEFF 		bl	vPortValidateInterruptPriority
 1674              	.LVL124:
1443:Middlewares/Third_Party/FreeRTOS/Source/tasks.c **** 		{
 1675              		.loc 1 1443 3 view .LVU471
 1676              	.LBB133:
 1677              	.LBI133:
 196:Middlewares/Third_Party/FreeRTOS/Source/portable/GCC/ARM_CM4F/portmacro.h **** 	(
 197:Middlewares/Third_Party/FreeRTOS/Source/portable/GCC/ARM_CM4F/portmacro.h **** 		"	mov %0, %1												\n"	\
 198:Middlewares/Third_Party/FreeRTOS/Source/portable/GCC/ARM_CM4F/portmacro.h **** 		"	msr basepri, %0											\n" \
 199:Middlewares/Third_Party/FreeRTOS/Source/portable/GCC/ARM_CM4F/portmacro.h **** 		"	isb														\n" \
 200:Middlewares/Third_Party/FreeRTOS/Source/portable/GCC/ARM_CM4F/portmacro.h **** 		"	dsb														\n" \
 201:Middlewares/Third_Party/FreeRTOS/Source/portable/GCC/ARM_CM4F/portmacro.h **** 		:"=r" (ulNewBASEPRI) : "i" ( configMAX_SYSCALL_INTERRUPT_PRIORITY ) : "memory"
 202:Middlewares/Third_Party/FreeRTOS/Source/portable/GCC/ARM_CM4F/portmacro.h **** 	);
 203:Middlewares/Third_Party/FreeRTOS/Source/portable/GCC/ARM_CM4F/portmacro.h **** }
 204:Middlewares/Third_Party/FreeRTOS/Source/portable/GCC/ARM_CM4F/portmacro.h **** 
 205:Middlewares/Third_Party/FreeRTOS/Source/portable/GCC/ARM_CM4F/portmacro.h **** /*-----------------------------------------------------------*/
 206:Middlewares/Third_Party/FreeRTOS/Source/portable/GCC/ARM_CM4F/portmacro.h **** 
 207:Middlewares/Third_Party/FreeRTOS/Source/portable/GCC/ARM_CM4F/portmacro.h **** portFORCE_INLINE static uint32_t ulPortRaiseBASEPRI( void )
 1678              		.loc 2 207 34 view .LVU472
 1679              	.LBB134:
 208:Middlewares/Third_Party/FreeRTOS/Source/portable/GCC/ARM_CM4F/portmacro.h **** {
 209:Middlewares/Third_Party/FreeRTOS/Source/portable/GCC/ARM_CM4F/portmacro.h **** uint32_t ulOriginalBASEPRI, ulNewBASEPRI;
 1680              		.loc 2 209 1 view .LVU473
 210:Middlewares/Third_Party/FreeRTOS/Source/portable/GCC/ARM_CM4F/portmacro.h **** 
 211:Middlewares/Third_Party/FreeRTOS/Source/portable/GCC/ARM_CM4F/portmacro.h **** 	__asm volatile
 1681              		.loc 2 211 2 view .LVU474
 1682              		.syntax unified
 1683              	@ 211 "Middlewares/Third_Party/FreeRTOS/Source/portable/GCC/ARM_CM4F/portmacro.h" 1
 1684 0008 EFF31183 			mrs r3, basepri											
 1685 000c 4FF05002 		mov r2, #80												
 1686 0010 82F31188 		msr basepri, r2											
 1687 0014 BFF36F8F 		isb														
 1688 0018 BFF34F8F 		dsb														
 1689              	
 1690              	@ 0 "" 2
 1691              	.LVL125:
 212:Middlewares/Third_Party/FreeRTOS/Source/portable/GCC/ARM_CM4F/portmacro.h **** 	(
 213:Middlewares/Third_Party/FreeRTOS/Source/portable/GCC/ARM_CM4F/portmacro.h **** 		"	mrs %0, basepri											\n" \
 214:Middlewares/Third_Party/FreeRTOS/Source/portable/GCC/ARM_CM4F/portmacro.h **** 		"	mov %1, %2												\n"	\
 215:Middlewares/Third_Party/FreeRTOS/Source/portable/GCC/ARM_CM4F/portmacro.h **** 		"	msr basepri, %1											\n" \
 216:Middlewares/Third_Party/FreeRTOS/Source/portable/GCC/ARM_CM4F/portmacro.h **** 		"	isb														\n" \
 217:Middlewares/Third_Party/FreeRTOS/Source/portable/GCC/ARM_CM4F/portmacro.h **** 		"	dsb														\n" \
 218:Middlewares/Third_Party/FreeRTOS/Source/portable/GCC/ARM_CM4F/portmacro.h **** 		:"=r" (ulOriginalBASEPRI), "=r" (ulNewBASEPRI) : "i" ( configMAX_SYSCALL_INTERRUPT_PRIORITY ) : "
 219:Middlewares/Third_Party/FreeRTOS/Source/portable/GCC/ARM_CM4F/portmacro.h **** 	);
 220:Middlewares/Third_Party/FreeRTOS/Source/portable/GCC/ARM_CM4F/portmacro.h **** 
 221:Middlewares/Third_Party/FreeRTOS/Source/portable/GCC/ARM_CM4F/portmacro.h **** 	/* This return will not be reached but is necessary to prevent compiler
 222:Middlewares/Third_Party/FreeRTOS/Source/portable/GCC/ARM_CM4F/portmacro.h **** 	warnings. */
 223:Middlewares/Third_Party/FreeRTOS/Source/portable/GCC/ARM_CM4F/portmacro.h **** 	return ulOriginalBASEPRI;
 1692              		.loc 2 223 2 view .LVU475
 1693              		.loc 2 223 2 is_stmt 0 view .LVU476
 1694              		.thumb
 1695              		.syntax unified
ARM GAS  /tmp/ccZZCKwI.s 			page 129


 1696              	.LBE134:
 1697              	.LBE133:
1447:Middlewares/Third_Party/FreeRTOS/Source/tasks.c **** 			uxReturn = pxTCB->uxPriority;
 1698              		.loc 1 1447 4 is_stmt 1 view .LVU477
1447:Middlewares/Third_Party/FreeRTOS/Source/tasks.c **** 			uxReturn = pxTCB->uxPriority;
 1699              		.loc 1 1447 12 is_stmt 0 view .LVU478
 1700 001c 1CB1     		cbz	r4, .L131
 1701              	.LVL126:
 1702              	.L129:
1448:Middlewares/Third_Party/FreeRTOS/Source/tasks.c **** 		}
 1703              		.loc 1 1448 4 is_stmt 1 view .LVU479
1448:Middlewares/Third_Party/FreeRTOS/Source/tasks.c **** 		}
 1704              		.loc 1 1448 13 is_stmt 0 view .LVU480
 1705 001e E06A     		ldr	r0, [r4, #44]
 1706              	.LVL127:
1450:Middlewares/Third_Party/FreeRTOS/Source/tasks.c **** 
 1707              		.loc 1 1450 3 is_stmt 1 view .LVU481
 1708              	.LBB135:
 1709              	.LBI135:
 224:Middlewares/Third_Party/FreeRTOS/Source/portable/GCC/ARM_CM4F/portmacro.h **** }
 225:Middlewares/Third_Party/FreeRTOS/Source/portable/GCC/ARM_CM4F/portmacro.h **** /*-----------------------------------------------------------*/
 226:Middlewares/Third_Party/FreeRTOS/Source/portable/GCC/ARM_CM4F/portmacro.h **** 
 227:Middlewares/Third_Party/FreeRTOS/Source/portable/GCC/ARM_CM4F/portmacro.h **** portFORCE_INLINE static void vPortSetBASEPRI( uint32_t ulNewMaskValue )
 1710              		.loc 2 227 30 view .LVU482
 1711              	.LBB136:
 228:Middlewares/Third_Party/FreeRTOS/Source/portable/GCC/ARM_CM4F/portmacro.h **** {
 229:Middlewares/Third_Party/FreeRTOS/Source/portable/GCC/ARM_CM4F/portmacro.h **** 	__asm volatile
 1712              		.loc 2 229 2 view .LVU483
 1713              		.syntax unified
 1714              	@ 229 "Middlewares/Third_Party/FreeRTOS/Source/portable/GCC/ARM_CM4F/portmacro.h" 1
 1715 0020 83F31188 			msr basepri, r3	
 1716              	@ 0 "" 2
 1717              		.thumb
 1718              		.syntax unified
 1719              	.LBE136:
 1720              	.LBE135:
1452:Middlewares/Third_Party/FreeRTOS/Source/tasks.c **** 	}
 1721              		.loc 1 1452 3 view .LVU484
1453:Middlewares/Third_Party/FreeRTOS/Source/tasks.c **** 
 1722              		.loc 1 1453 2 is_stmt 0 view .LVU485
 1723 0024 10BD     		pop	{r4, pc}
 1724              	.LVL128:
 1725              	.L131:
1447:Middlewares/Third_Party/FreeRTOS/Source/tasks.c **** 			uxReturn = pxTCB->uxPriority;
 1726              		.loc 1 1447 12 discriminator 1 view .LVU486
 1727 0026 014A     		ldr	r2, .L132
 1728 0028 1468     		ldr	r4, [r2]
 1729              	.LVL129:
1447:Middlewares/Third_Party/FreeRTOS/Source/tasks.c **** 			uxReturn = pxTCB->uxPriority;
 1730              		.loc 1 1447 12 discriminator 1 view .LVU487
 1731 002a F8E7     		b	.L129
 1732              	.L133:
 1733              		.align	2
 1734              	.L132:
 1735 002c 00000000 		.word	pxCurrentTCB
 1736              		.cfi_endproc
 1737              	.LFE13:
ARM GAS  /tmp/ccZZCKwI.s 			page 130


 1739              		.section	.text.vTaskPrioritySet,"ax",%progbits
 1740              		.align	1
 1741              		.global	vTaskPrioritySet
 1742              		.syntax unified
 1743              		.thumb
 1744              		.thumb_func
 1746              	vTaskPrioritySet:
 1747              	.LVL130:
 1748              	.LFB14:
1461:Middlewares/Third_Party/FreeRTOS/Source/tasks.c **** 	TCB_t *pxTCB;
 1749              		.loc 1 1461 2 is_stmt 1 view -0
 1750              		.cfi_startproc
 1751              		@ args = 0, pretend = 0, frame = 0
 1752              		@ frame_needed = 0, uses_anonymous_args = 0
1462:Middlewares/Third_Party/FreeRTOS/Source/tasks.c **** 	UBaseType_t uxCurrentBasePriority, uxPriorityUsedOnEntry;
 1753              		.loc 1 1462 2 view .LVU489
1463:Middlewares/Third_Party/FreeRTOS/Source/tasks.c **** 	BaseType_t xYieldRequired = pdFALSE;
 1754              		.loc 1 1463 2 view .LVU490
1464:Middlewares/Third_Party/FreeRTOS/Source/tasks.c **** 
 1755              		.loc 1 1464 2 view .LVU491
1466:Middlewares/Third_Party/FreeRTOS/Source/tasks.c **** 
 1756              		.loc 1 1466 3 view .LVU492
 1757 0000 3729     		cmp	r1, #55
 1758 0002 08D9     		bls	.L135
1466:Middlewares/Third_Party/FreeRTOS/Source/tasks.c **** 
 1759              		.loc 1 1466 3 discriminator 1 view .LVU493
 1760              	.LBB137:
 1761              	.LBI137:
 191:Middlewares/Third_Party/FreeRTOS/Source/portable/GCC/ARM_CM4F/portmacro.h **** {
 1762              		.loc 2 191 30 view .LVU494
 1763              	.LBB138:
 193:Middlewares/Third_Party/FreeRTOS/Source/portable/GCC/ARM_CM4F/portmacro.h **** 
 1764              		.loc 2 193 1 view .LVU495
 195:Middlewares/Third_Party/FreeRTOS/Source/portable/GCC/ARM_CM4F/portmacro.h **** 	(
 1765              		.loc 2 195 2 view .LVU496
 1766              		.syntax unified
 1767              	@ 195 "Middlewares/Third_Party/FreeRTOS/Source/portable/GCC/ARM_CM4F/portmacro.h" 1
 1768 0004 4FF05003 			mov r3, #80												
 1769 0008 83F31188 		msr basepri, r3											
 1770 000c BFF36F8F 		isb														
 1771 0010 BFF34F8F 		dsb														
 1772              	
 1773              	@ 0 "" 2
 1774              		.thumb
 1775              		.syntax unified
 1776              	.L136:
 1777              	.LBE138:
 1778              	.LBE137:
1466:Middlewares/Third_Party/FreeRTOS/Source/tasks.c **** 
 1779              		.loc 1 1466 3 discriminator 3 view .LVU497
1466:Middlewares/Third_Party/FreeRTOS/Source/tasks.c **** 
 1780              		.loc 1 1466 3 discriminator 3 view .LVU498
 1781 0014 FEE7     		b	.L136
 1782              	.L135:
1461:Middlewares/Third_Party/FreeRTOS/Source/tasks.c **** 	TCB_t *pxTCB;
 1783              		.loc 1 1461 2 is_stmt 0 view .LVU499
 1784 0016 70B5     		push	{r4, r5, r6, lr}
ARM GAS  /tmp/ccZZCKwI.s 			page 131


 1785              	.LCFI18:
 1786              		.cfi_def_cfa_offset 16
 1787              		.cfi_offset 4, -16
 1788              		.cfi_offset 5, -12
 1789              		.cfi_offset 6, -8
 1790              		.cfi_offset 14, -4
 1791 0018 0546     		mov	r5, r0
 1792 001a 0C46     		mov	r4, r1
1466:Middlewares/Third_Party/FreeRTOS/Source/tasks.c **** 
 1793              		.loc 1 1466 59 is_stmt 1 discriminator 2 view .LVU500
1469:Middlewares/Third_Party/FreeRTOS/Source/tasks.c **** 		{
 1794              		.loc 1 1469 3 view .LVU501
 1795              	.LVL131:
1475:Middlewares/Third_Party/FreeRTOS/Source/tasks.c **** 		}
 1796              		.loc 1 1475 28 view .LVU502
1478:Middlewares/Third_Party/FreeRTOS/Source/tasks.c **** 		{
 1797              		.loc 1 1478 3 view .LVU503
 1798 001c FFF7FEFF 		bl	vPortEnterCritical
 1799              	.LVL132:
1482:Middlewares/Third_Party/FreeRTOS/Source/tasks.c **** 
 1800              		.loc 1 1482 4 view .LVU504
1482:Middlewares/Third_Party/FreeRTOS/Source/tasks.c **** 
 1801              		.loc 1 1482 12 is_stmt 0 view .LVU505
 1802 0020 75B1     		cbz	r5, .L150
 1803              	.LVL133:
 1804              	.L137:
1484:Middlewares/Third_Party/FreeRTOS/Source/tasks.c **** 
 1805              		.loc 1 1484 50 is_stmt 1 view .LVU506
1488:Middlewares/Third_Party/FreeRTOS/Source/tasks.c **** 			}
 1806              		.loc 1 1488 5 view .LVU507
1488:Middlewares/Third_Party/FreeRTOS/Source/tasks.c **** 			}
 1807              		.loc 1 1488 27 is_stmt 0 view .LVU508
 1808 0022 EA6C     		ldr	r2, [r5, #76]
 1809              	.LVL134:
1496:Middlewares/Third_Party/FreeRTOS/Source/tasks.c **** 			{
 1810              		.loc 1 1496 4 is_stmt 1 view .LVU509
1496:Middlewares/Third_Party/FreeRTOS/Source/tasks.c **** 			{
 1811              		.loc 1 1496 6 is_stmt 0 view .LVU510
 1812 0024 9442     		cmp	r4, r2
 1813 0026 30D0     		beq	.L138
1500:Middlewares/Third_Party/FreeRTOS/Source/tasks.c **** 				{
 1814              		.loc 1 1500 5 is_stmt 1 view .LVU511
1500:Middlewares/Third_Party/FreeRTOS/Source/tasks.c **** 				{
 1815              		.loc 1 1500 7 is_stmt 0 view .LVU512
 1816 0028 0DD9     		bls	.L139
1502:Middlewares/Third_Party/FreeRTOS/Source/tasks.c **** 					{
 1817              		.loc 1 1502 6 is_stmt 1 view .LVU513
1502:Middlewares/Third_Party/FreeRTOS/Source/tasks.c **** 					{
 1818              		.loc 1 1502 16 is_stmt 0 view .LVU514
 1819 002a 274B     		ldr	r3, .L153
 1820 002c 1B68     		ldr	r3, [r3]
1502:Middlewares/Third_Party/FreeRTOS/Source/tasks.c **** 					{
 1821              		.loc 1 1502 8 view .LVU515
 1822 002e AB42     		cmp	r3, r5
 1823 0030 2ED0     		beq	.L145
1507:Middlewares/Third_Party/FreeRTOS/Source/tasks.c **** 						{
 1824              		.loc 1 1507 7 is_stmt 1 view .LVU516
ARM GAS  /tmp/ccZZCKwI.s 			page 132


1507:Middlewares/Third_Party/FreeRTOS/Source/tasks.c **** 						{
 1825              		.loc 1 1507 40 is_stmt 0 view .LVU517
 1826 0032 254B     		ldr	r3, .L153
 1827 0034 1B68     		ldr	r3, [r3]
 1828 0036 DB6A     		ldr	r3, [r3, #44]
1507:Middlewares/Third_Party/FreeRTOS/Source/tasks.c **** 						{
 1829              		.loc 1 1507 9 view .LVU518
 1830 0038 A342     		cmp	r3, r4
 1831 003a 2BD9     		bls	.L146
1464:Middlewares/Third_Party/FreeRTOS/Source/tasks.c **** 
 1832              		.loc 1 1464 13 view .LVU519
 1833 003c 0026     		movs	r6, #0
 1834 003e 07E0     		b	.L140
 1835              	.LVL135:
 1836              	.L150:
1482:Middlewares/Third_Party/FreeRTOS/Source/tasks.c **** 
 1837              		.loc 1 1482 12 discriminator 1 view .LVU520
 1838 0040 214B     		ldr	r3, .L153
 1839 0042 1D68     		ldr	r5, [r3]
 1840              	.LVL136:
1482:Middlewares/Third_Party/FreeRTOS/Source/tasks.c **** 
 1841              		.loc 1 1482 12 discriminator 1 view .LVU521
 1842 0044 EDE7     		b	.L137
 1843              	.LVL137:
 1844              	.L139:
1523:Middlewares/Third_Party/FreeRTOS/Source/tasks.c **** 				{
 1845              		.loc 1 1523 10 is_stmt 1 view .LVU522
1523:Middlewares/Third_Party/FreeRTOS/Source/tasks.c **** 				{
 1846              		.loc 1 1523 20 is_stmt 0 view .LVU523
 1847 0046 204B     		ldr	r3, .L153
 1848 0048 1B68     		ldr	r3, [r3]
1523:Middlewares/Third_Party/FreeRTOS/Source/tasks.c **** 				{
 1849              		.loc 1 1523 12 view .LVU524
 1850 004a AB42     		cmp	r3, r5
 1851 004c 24D0     		beq	.L147
1464:Middlewares/Third_Party/FreeRTOS/Source/tasks.c **** 
 1852              		.loc 1 1464 13 view .LVU525
 1853 004e 0026     		movs	r6, #0
 1854              	.L140:
 1855              	.LVL138:
1535:Middlewares/Third_Party/FreeRTOS/Source/tasks.c **** 
 1856              		.loc 1 1535 5 is_stmt 1 view .LVU526
1540:Middlewares/Third_Party/FreeRTOS/Source/tasks.c **** 
 1857              		.loc 1 1540 5 view .LVU527
1540:Middlewares/Third_Party/FreeRTOS/Source/tasks.c **** 
 1858              		.loc 1 1540 27 is_stmt 0 view .LVU528
 1859 0050 EB6A     		ldr	r3, [r5, #44]
 1860              	.LVL139:
1546:Middlewares/Third_Party/FreeRTOS/Source/tasks.c **** 					{
 1861              		.loc 1 1546 6 is_stmt 1 view .LVU529
1546:Middlewares/Third_Party/FreeRTOS/Source/tasks.c **** 					{
 1862              		.loc 1 1546 8 is_stmt 0 view .LVU530
 1863 0052 9A42     		cmp	r2, r3
 1864 0054 22D0     		beq	.L151
 1865              	.L141:
1552:Middlewares/Third_Party/FreeRTOS/Source/tasks.c **** 					}
 1866              		.loc 1 1552 31 is_stmt 1 view .LVU531
ARM GAS  /tmp/ccZZCKwI.s 			page 133


1556:Middlewares/Third_Party/FreeRTOS/Source/tasks.c **** 				}
 1867              		.loc 1 1556 6 view .LVU532
1556:Middlewares/Third_Party/FreeRTOS/Source/tasks.c **** 				}
 1868              		.loc 1 1556 28 is_stmt 0 view .LVU533
 1869 0056 EC64     		str	r4, [r5, #76]
1566:Middlewares/Third_Party/FreeRTOS/Source/tasks.c **** 				{
 1870              		.loc 1 1566 5 is_stmt 1 view .LVU534
1566:Middlewares/Third_Party/FreeRTOS/Source/tasks.c **** 				{
 1871              		.loc 1 1566 11 is_stmt 0 view .LVU535
 1872 0058 AA69     		ldr	r2, [r5, #24]
 1873              	.LVL140:
1566:Middlewares/Third_Party/FreeRTOS/Source/tasks.c **** 				{
 1874              		.loc 1 1566 7 view .LVU536
 1875 005a 002A     		cmp	r2, #0
 1876 005c 02DB     		blt	.L142
1568:Middlewares/Third_Party/FreeRTOS/Source/tasks.c **** 				}
 1877              		.loc 1 1568 6 is_stmt 1 view .LVU537
 1878 005e C4F13804 		rsb	r4, r4, #56
 1879              	.LVL141:
1568:Middlewares/Third_Party/FreeRTOS/Source/tasks.c **** 				}
 1880              		.loc 1 1568 6 is_stmt 0 view .LVU538
 1881 0062 AC61     		str	r4, [r5, #24]
 1882              	.L142:
1572:Middlewares/Third_Party/FreeRTOS/Source/tasks.c **** 				}
 1883              		.loc 1 1572 30 is_stmt 1 view .LVU539
1579:Middlewares/Third_Party/FreeRTOS/Source/tasks.c **** 				{
 1884              		.loc 1 1579 5 view .LVU540
1579:Middlewares/Third_Party/FreeRTOS/Source/tasks.c **** 				{
 1885              		.loc 1 1579 9 is_stmt 0 view .LVU541
 1886 0064 6969     		ldr	r1, [r5, #20]
 1887 0066 03EB8303 		add	r3, r3, r3, lsl #2
 1888              	.LVL142:
1579:Middlewares/Third_Party/FreeRTOS/Source/tasks.c **** 				{
 1889              		.loc 1 1579 9 view .LVU542
 1890 006a 184A     		ldr	r2, .L153+4
 1891 006c 02EB8303 		add	r3, r2, r3, lsl #2
1579:Middlewares/Third_Party/FreeRTOS/Source/tasks.c **** 				{
 1892              		.loc 1 1579 112 view .LVU543
 1893 0070 9942     		cmp	r1, r3
 1894 0072 15D0     		beq	.L152
 1895              	.LVL143:
 1896              	.L143:
1599:Middlewares/Third_Party/FreeRTOS/Source/tasks.c **** 				}
 1897              		.loc 1 1599 30 is_stmt 1 view .LVU544
1602:Middlewares/Third_Party/FreeRTOS/Source/tasks.c **** 				{
 1898              		.loc 1 1602 5 view .LVU545
1602:Middlewares/Third_Party/FreeRTOS/Source/tasks.c **** 				{
 1899              		.loc 1 1602 7 is_stmt 0 view .LVU546
 1900 0074 4EB1     		cbz	r6, .L138
1604:Middlewares/Third_Party/FreeRTOS/Source/tasks.c **** 				}
 1901              		.loc 1 1604 6 is_stmt 1 view .LVU547
 1902 0076 4FF0E023 		mov	r3, #-536813568
 1903 007a 4FF08052 		mov	r2, #268435456
 1904 007e C3F8042D 		str	r2, [r3, #3332]
1604:Middlewares/Third_Party/FreeRTOS/Source/tasks.c **** 				}
 1905              		.loc 1 1604 6 view .LVU548
 1906              		.syntax unified
ARM GAS  /tmp/ccZZCKwI.s 			page 134


 1907              	@ 1604 "Middlewares/Third_Party/FreeRTOS/Source/tasks.c" 1
 1908 0082 BFF34F8F 		dsb
 1909              	@ 0 "" 2
1604:Middlewares/Third_Party/FreeRTOS/Source/tasks.c **** 				}
 1910              		.loc 1 1604 6 view .LVU549
 1911              	@ 1604 "Middlewares/Third_Party/FreeRTOS/Source/tasks.c" 1
 1912 0086 BFF36F8F 		isb
 1913              	@ 0 "" 2
1604:Middlewares/Third_Party/FreeRTOS/Source/tasks.c **** 				}
 1914              		.loc 1 1604 37 view .LVU550
 1915              	.LVL144:
 1916              		.thumb
 1917              		.syntax unified
 1918              	.L138:
1608:Middlewares/Third_Party/FreeRTOS/Source/tasks.c **** 				}
 1919              		.loc 1 1608 30 view .LVU551
1613:Middlewares/Third_Party/FreeRTOS/Source/tasks.c **** 			}
 1920              		.loc 1 1613 5 view .LVU552
1616:Middlewares/Third_Party/FreeRTOS/Source/tasks.c **** 	}
 1921              		.loc 1 1616 3 view .LVU553
 1922 008a FFF7FEFF 		bl	vPortExitCritical
 1923              	.LVL145:
1617:Middlewares/Third_Party/FreeRTOS/Source/tasks.c **** 
 1924              		.loc 1 1617 2 is_stmt 0 view .LVU554
 1925 008e 70BD     		pop	{r4, r5, r6, pc}
 1926              	.LVL146:
 1927              	.L145:
1464:Middlewares/Third_Party/FreeRTOS/Source/tasks.c **** 
 1928              		.loc 1 1464 13 view .LVU555
 1929 0090 0026     		movs	r6, #0
 1930 0092 DDE7     		b	.L140
 1931              	.L146:
1509:Middlewares/Third_Party/FreeRTOS/Source/tasks.c **** 						}
 1932              		.loc 1 1509 23 view .LVU556
 1933 0094 0126     		movs	r6, #1
 1934 0096 DBE7     		b	.L140
 1935              	.L147:
1528:Middlewares/Third_Party/FreeRTOS/Source/tasks.c **** 				}
 1936              		.loc 1 1528 21 view .LVU557
 1937 0098 0126     		movs	r6, #1
 1938 009a D9E7     		b	.L140
 1939              	.LVL147:
 1940              	.L151:
1548:Middlewares/Third_Party/FreeRTOS/Source/tasks.c **** 					}
 1941              		.loc 1 1548 7 is_stmt 1 view .LVU558
1548:Middlewares/Third_Party/FreeRTOS/Source/tasks.c **** 					}
 1942              		.loc 1 1548 25 is_stmt 0 view .LVU559
 1943 009c EC62     		str	r4, [r5, #44]
 1944 009e DAE7     		b	.L141
 1945              	.LVL148:
 1946              	.L152:
1584:Middlewares/Third_Party/FreeRTOS/Source/tasks.c **** 					{
 1947              		.loc 1 1584 6 is_stmt 1 view .LVU560
1584:Middlewares/Third_Party/FreeRTOS/Source/tasks.c **** 					{
 1948              		.loc 1 1584 10 is_stmt 0 view .LVU561
 1949 00a0 2C1D     		adds	r4, r5, #4
 1950 00a2 2046     		mov	r0, r4
ARM GAS  /tmp/ccZZCKwI.s 			page 135


 1951 00a4 FFF7FEFF 		bl	uxListRemove
 1952              	.LVL149:
1589:Middlewares/Third_Party/FreeRTOS/Source/tasks.c **** 					}
 1953              		.loc 1 1589 76 is_stmt 1 view .LVU562
1593:Middlewares/Third_Party/FreeRTOS/Source/tasks.c **** 					}
 1954              		.loc 1 1593 31 view .LVU563
1595:Middlewares/Third_Party/FreeRTOS/Source/tasks.c **** 				}
 1955              		.loc 1 1595 6 view .LVU564
1595:Middlewares/Third_Party/FreeRTOS/Source/tasks.c **** 				}
 1956              		.loc 1 1595 6 view .LVU565
 1957 00a8 E86A     		ldr	r0, [r5, #44]
 1958 00aa 094B     		ldr	r3, .L153+8
 1959 00ac 1B68     		ldr	r3, [r3]
 1960 00ae 9842     		cmp	r0, r3
 1961 00b0 01D9     		bls	.L144
1595:Middlewares/Third_Party/FreeRTOS/Source/tasks.c **** 				}
 1962              		.loc 1 1595 6 discriminator 1 view .LVU566
 1963 00b2 074B     		ldr	r3, .L153+8
 1964 00b4 1860     		str	r0, [r3]
 1965              	.L144:
1595:Middlewares/Third_Party/FreeRTOS/Source/tasks.c **** 				}
 1966              		.loc 1 1595 6 discriminator 3 view .LVU567
1595:Middlewares/Third_Party/FreeRTOS/Source/tasks.c **** 				}
 1967              		.loc 1 1595 6 discriminator 3 view .LVU568
 1968 00b6 00EB8000 		add	r0, r0, r0, lsl #2
 1969 00ba 2146     		mov	r1, r4
 1970 00bc 034B     		ldr	r3, .L153+4
 1971 00be 03EB8000 		add	r0, r3, r0, lsl #2
 1972 00c2 FFF7FEFF 		bl	vListInsertEnd
 1973              	.LVL150:
1595:Middlewares/Third_Party/FreeRTOS/Source/tasks.c **** 				}
 1974              		.loc 1 1595 36 discriminator 1 view .LVU569
 1975 00c6 D5E7     		b	.L143
 1976              	.L154:
 1977              		.align	2
 1978              	.L153:
 1979 00c8 00000000 		.word	pxCurrentTCB
 1980 00cc 00000000 		.word	pxReadyTasksLists
 1981 00d0 00000000 		.word	uxTopReadyPriority
 1982              		.cfi_endproc
 1983              	.LFE14:
 1985              		.section	.text.vTaskResume,"ax",%progbits
 1986              		.align	1
 1987              		.global	vTaskResume
 1988              		.syntax unified
 1989              		.thumb
 1990              		.thumb_func
 1992              	vTaskResume:
 1993              	.LVL151:
 1994              	.LFB17:
1772:Middlewares/Third_Party/FreeRTOS/Source/tasks.c **** 	TCB_t * const pxTCB = ( TCB_t * ) xTaskToResume;
 1995              		.loc 1 1772 2 view -0
 1996              		.cfi_startproc
 1997              		@ args = 0, pretend = 0, frame = 0
 1998              		@ frame_needed = 0, uses_anonymous_args = 0
1772:Middlewares/Third_Party/FreeRTOS/Source/tasks.c **** 	TCB_t * const pxTCB = ( TCB_t * ) xTaskToResume;
 1999              		.loc 1 1772 2 is_stmt 0 view .LVU571
ARM GAS  /tmp/ccZZCKwI.s 			page 136


 2000 0000 38B5     		push	{r3, r4, r5, lr}
 2001              	.LCFI19:
 2002              		.cfi_def_cfa_offset 16
 2003              		.cfi_offset 3, -16
 2004              		.cfi_offset 4, -12
 2005              		.cfi_offset 5, -8
 2006              		.cfi_offset 14, -4
1773:Middlewares/Third_Party/FreeRTOS/Source/tasks.c **** 
 2007              		.loc 1 1773 2 is_stmt 1 view .LVU572
 2008              	.LVL152:
1776:Middlewares/Third_Party/FreeRTOS/Source/tasks.c **** 
 2009              		.loc 1 1776 3 view .LVU573
 2010 0002 68B1     		cbz	r0, .L162
 2011 0004 0446     		mov	r4, r0
1776:Middlewares/Third_Party/FreeRTOS/Source/tasks.c **** 
 2012              		.loc 1 1776 32 discriminator 2 view .LVU574
1780:Middlewares/Third_Party/FreeRTOS/Source/tasks.c **** 		{
 2013              		.loc 1 1780 3 view .LVU575
1780:Middlewares/Third_Party/FreeRTOS/Source/tasks.c **** 		{
 2014              		.loc 1 1780 36 is_stmt 0 discriminator 1 view .LVU576
 2015 0006 1D4B     		ldr	r3, .L164
 2016 0008 1B68     		ldr	r3, [r3]
1780:Middlewares/Third_Party/FreeRTOS/Source/tasks.c **** 		{
 2017              		.loc 1 1780 25 discriminator 1 view .LVU577
 2018 000a 8342     		cmp	r3, r0
 2019 000c 07D0     		beq	.L155
1782:Middlewares/Third_Party/FreeRTOS/Source/tasks.c **** 			{
 2020              		.loc 1 1782 4 is_stmt 1 view .LVU578
 2021 000e FFF7FEFF 		bl	vPortEnterCritical
 2022              	.LVL153:
1784:Middlewares/Third_Party/FreeRTOS/Source/tasks.c **** 				{
 2023              		.loc 1 1784 5 view .LVU579
1784:Middlewares/Third_Party/FreeRTOS/Source/tasks.c **** 				{
 2024              		.loc 1 1784 9 is_stmt 0 view .LVU580
 2025 0012 2046     		mov	r0, r4
 2026 0014 FFF7FEFF 		bl	prvTaskIsTaskSuspended
 2027              	.LVL154:
1784:Middlewares/Third_Party/FreeRTOS/Source/tasks.c **** 				{
 2028              		.loc 1 1784 7 discriminator 1 view .LVU581
 2029 0018 58B9     		cbnz	r0, .L163
 2030              	.L159:
1808:Middlewares/Third_Party/FreeRTOS/Source/tasks.c **** 				}
 2031              		.loc 1 1808 30 is_stmt 1 view .LVU582
1811:Middlewares/Third_Party/FreeRTOS/Source/tasks.c **** 		}
 2032              		.loc 1 1811 4 view .LVU583
 2033 001a FFF7FEFF 		bl	vPortExitCritical
 2034              	.LVL155:
1815:Middlewares/Third_Party/FreeRTOS/Source/tasks.c **** 		}
 2035              		.loc 1 1815 28 view .LVU584
 2036              	.L155:
1817:Middlewares/Third_Party/FreeRTOS/Source/tasks.c **** 
 2037              		.loc 1 1817 2 is_stmt 0 view .LVU585
 2038 001e 38BD     		pop	{r3, r4, r5, pc}
 2039              	.LVL156:
 2040              	.L162:
1776:Middlewares/Third_Party/FreeRTOS/Source/tasks.c **** 
 2041              		.loc 1 1776 3 is_stmt 1 discriminator 1 view .LVU586
ARM GAS  /tmp/ccZZCKwI.s 			page 137


 2042              	.LBB139:
 2043              	.LBI139:
 191:Middlewares/Third_Party/FreeRTOS/Source/portable/GCC/ARM_CM4F/portmacro.h **** {
 2044              		.loc 2 191 30 view .LVU587
 2045              	.LBB140:
 193:Middlewares/Third_Party/FreeRTOS/Source/portable/GCC/ARM_CM4F/portmacro.h **** 
 2046              		.loc 2 193 1 view .LVU588
 195:Middlewares/Third_Party/FreeRTOS/Source/portable/GCC/ARM_CM4F/portmacro.h **** 	(
 2047              		.loc 2 195 2 view .LVU589
 2048              		.syntax unified
 2049              	@ 195 "Middlewares/Third_Party/FreeRTOS/Source/portable/GCC/ARM_CM4F/portmacro.h" 1
 2050 0020 4FF05003 			mov r3, #80												
 2051 0024 83F31188 		msr basepri, r3											
 2052 0028 BFF36F8F 		isb														
 2053 002c BFF34F8F 		dsb														
 2054              	
 2055              	@ 0 "" 2
 2056              		.thumb
 2057              		.syntax unified
 2058              	.L157:
 2059              	.LBE140:
 2060              	.LBE139:
1776:Middlewares/Third_Party/FreeRTOS/Source/tasks.c **** 
 2061              		.loc 1 1776 3 discriminator 3 view .LVU590
1776:Middlewares/Third_Party/FreeRTOS/Source/tasks.c **** 
 2062              		.loc 1 1776 3 discriminator 3 view .LVU591
 2063 0030 FEE7     		b	.L157
 2064              	.LVL157:
 2065              	.L163:
1786:Middlewares/Third_Party/FreeRTOS/Source/tasks.c **** 
 2066              		.loc 1 1786 31 view .LVU592
1790:Middlewares/Third_Party/FreeRTOS/Source/tasks.c **** 					prvAddTaskToReadyList( pxTCB );
 2067              		.loc 1 1790 6 view .LVU593
1790:Middlewares/Third_Party/FreeRTOS/Source/tasks.c **** 					prvAddTaskToReadyList( pxTCB );
 2068              		.loc 1 1790 15 is_stmt 0 view .LVU594
 2069 0032 251D     		adds	r5, r4, #4
 2070 0034 2846     		mov	r0, r5
 2071 0036 FFF7FEFF 		bl	uxListRemove
 2072              	.LVL158:
1791:Middlewares/Third_Party/FreeRTOS/Source/tasks.c **** 
 2073              		.loc 1 1791 6 is_stmt 1 view .LVU595
1791:Middlewares/Third_Party/FreeRTOS/Source/tasks.c **** 
 2074              		.loc 1 1791 6 view .LVU596
 2075 003a E06A     		ldr	r0, [r4, #44]
 2076 003c 104B     		ldr	r3, .L164+4
 2077 003e 1B68     		ldr	r3, [r3]
 2078 0040 9842     		cmp	r0, r3
 2079 0042 01D9     		bls	.L160
1791:Middlewares/Third_Party/FreeRTOS/Source/tasks.c **** 
 2080              		.loc 1 1791 6 discriminator 1 view .LVU597
 2081 0044 0E4B     		ldr	r3, .L164+4
 2082 0046 1860     		str	r0, [r3]
 2083              	.L160:
1791:Middlewares/Third_Party/FreeRTOS/Source/tasks.c **** 
 2084              		.loc 1 1791 6 discriminator 3 view .LVU598
1791:Middlewares/Third_Party/FreeRTOS/Source/tasks.c **** 
 2085              		.loc 1 1791 6 discriminator 3 view .LVU599
ARM GAS  /tmp/ccZZCKwI.s 			page 138


 2086 0048 00EB8000 		add	r0, r0, r0, lsl #2
 2087 004c 2946     		mov	r1, r5
 2088 004e 0D4B     		ldr	r3, .L164+8
 2089 0050 03EB8000 		add	r0, r3, r0, lsl #2
 2090 0054 FFF7FEFF 		bl	vListInsertEnd
 2091              	.LVL159:
1791:Middlewares/Third_Party/FreeRTOS/Source/tasks.c **** 
 2092              		.loc 1 1791 36 discriminator 1 view .LVU600
1794:Middlewares/Third_Party/FreeRTOS/Source/tasks.c **** 					{
 2093              		.loc 1 1794 6 view .LVU601
1794:Middlewares/Third_Party/FreeRTOS/Source/tasks.c **** 					{
 2094              		.loc 1 1794 15 is_stmt 0 view .LVU602
 2095 0058 E26A     		ldr	r2, [r4, #44]
1794:Middlewares/Third_Party/FreeRTOS/Source/tasks.c **** 					{
 2096              		.loc 1 1794 43 view .LVU603
 2097 005a 084B     		ldr	r3, .L164
 2098 005c 1B68     		ldr	r3, [r3]
 2099 005e DB6A     		ldr	r3, [r3, #44]
1794:Middlewares/Third_Party/FreeRTOS/Source/tasks.c **** 					{
 2100              		.loc 1 1794 8 view .LVU604
 2101 0060 9A42     		cmp	r2, r3
 2102 0062 DAD3     		bcc	.L159
1799:Middlewares/Third_Party/FreeRTOS/Source/tasks.c **** 					}
 2103              		.loc 1 1799 7 is_stmt 1 view .LVU605
 2104 0064 4FF0E023 		mov	r3, #-536813568
 2105 0068 4FF08052 		mov	r2, #268435456
 2106 006c C3F8042D 		str	r2, [r3, #3332]
1799:Middlewares/Third_Party/FreeRTOS/Source/tasks.c **** 					}
 2107              		.loc 1 1799 7 view .LVU606
 2108              		.syntax unified
 2109              	@ 1799 "Middlewares/Third_Party/FreeRTOS/Source/tasks.c" 1
 2110 0070 BFF34F8F 		dsb
 2111              	@ 0 "" 2
1799:Middlewares/Third_Party/FreeRTOS/Source/tasks.c **** 					}
 2112              		.loc 1 1799 7 view .LVU607
 2113              	@ 1799 "Middlewares/Third_Party/FreeRTOS/Source/tasks.c" 1
 2114 0074 BFF36F8F 		isb
 2115              	@ 0 "" 2
1799:Middlewares/Third_Party/FreeRTOS/Source/tasks.c **** 					}
 2116              		.loc 1 1799 38 view .LVU608
 2117              		.thumb
 2118              		.syntax unified
 2119 0078 CFE7     		b	.L159
 2120              	.L165:
 2121 007a 00BF     		.align	2
 2122              	.L164:
 2123 007c 00000000 		.word	pxCurrentTCB
 2124 0080 00000000 		.word	uxTopReadyPriority
 2125 0084 00000000 		.word	pxReadyTasksLists
 2126              		.cfi_endproc
 2127              	.LFE17:
 2129              		.section	.text.xTaskResumeFromISR,"ax",%progbits
 2130              		.align	1
 2131              		.global	xTaskResumeFromISR
 2132              		.syntax unified
 2133              		.thumb
 2134              		.thumb_func
ARM GAS  /tmp/ccZZCKwI.s 			page 139


 2136              	xTaskResumeFromISR:
 2137              	.LVL160:
 2138              	.LFB18:
1826:Middlewares/Third_Party/FreeRTOS/Source/tasks.c **** 	BaseType_t xYieldRequired = pdFALSE;
 2139              		.loc 1 1826 2 view -0
 2140              		.cfi_startproc
 2141              		@ args = 0, pretend = 0, frame = 0
 2142              		@ frame_needed = 0, uses_anonymous_args = 0
1826:Middlewares/Third_Party/FreeRTOS/Source/tasks.c **** 	BaseType_t xYieldRequired = pdFALSE;
 2143              		.loc 1 1826 2 is_stmt 0 view .LVU610
 2144 0000 F8B5     		push	{r3, r4, r5, r6, r7, lr}
 2145              	.LCFI20:
 2146              		.cfi_def_cfa_offset 24
 2147              		.cfi_offset 3, -24
 2148              		.cfi_offset 4, -20
 2149              		.cfi_offset 5, -16
 2150              		.cfi_offset 6, -12
 2151              		.cfi_offset 7, -8
 2152              		.cfi_offset 14, -4
1827:Middlewares/Third_Party/FreeRTOS/Source/tasks.c **** 	TCB_t * const pxTCB = ( TCB_t * ) xTaskToResume;
 2153              		.loc 1 1827 2 is_stmt 1 view .LVU611
 2154              	.LVL161:
1828:Middlewares/Third_Party/FreeRTOS/Source/tasks.c **** 	UBaseType_t uxSavedInterruptStatus;
 2155              		.loc 1 1828 2 view .LVU612
1829:Middlewares/Third_Party/FreeRTOS/Source/tasks.c **** 
 2156              		.loc 1 1829 2 view .LVU613
1831:Middlewares/Third_Party/FreeRTOS/Source/tasks.c **** 
 2157              		.loc 1 1831 3 view .LVU614
 2158 0002 0028     		cmp	r0, #0
 2159 0004 32D0     		beq	.L175
 2160 0006 0646     		mov	r6, r0
1831:Middlewares/Third_Party/FreeRTOS/Source/tasks.c **** 
 2161              		.loc 1 1831 32 discriminator 2 view .LVU615
1849:Middlewares/Third_Party/FreeRTOS/Source/tasks.c **** 
 2162              		.loc 1 1849 3 view .LVU616
 2163 0008 FFF7FEFF 		bl	vPortValidateInterruptPriority
 2164              	.LVL162:
1851:Middlewares/Third_Party/FreeRTOS/Source/tasks.c **** 		{
 2165              		.loc 1 1851 3 view .LVU617
 2166              	.LBB141:
 2167              	.LBI141:
 207:Middlewares/Third_Party/FreeRTOS/Source/portable/GCC/ARM_CM4F/portmacro.h **** {
 2168              		.loc 2 207 34 view .LVU618
 2169              	.LBB142:
 209:Middlewares/Third_Party/FreeRTOS/Source/portable/GCC/ARM_CM4F/portmacro.h **** 
 2170              		.loc 2 209 1 view .LVU619
 211:Middlewares/Third_Party/FreeRTOS/Source/portable/GCC/ARM_CM4F/portmacro.h **** 	(
 2171              		.loc 2 211 2 view .LVU620
 2172              		.syntax unified
 2173              	@ 211 "Middlewares/Third_Party/FreeRTOS/Source/portable/GCC/ARM_CM4F/portmacro.h" 1
 2174 000c EFF31184 			mrs r4, basepri											
 2175 0010 4FF05003 		mov r3, #80												
 2176 0014 83F31188 		msr basepri, r3											
 2177 0018 BFF36F8F 		isb														
 2178 001c BFF34F8F 		dsb														
 2179              	
 2180              	@ 0 "" 2
ARM GAS  /tmp/ccZZCKwI.s 			page 140


 2181              	.LVL163:
 223:Middlewares/Third_Party/FreeRTOS/Source/portable/GCC/ARM_CM4F/portmacro.h **** }
 2182              		.loc 2 223 2 view .LVU621
 223:Middlewares/Third_Party/FreeRTOS/Source/portable/GCC/ARM_CM4F/portmacro.h **** }
 2183              		.loc 2 223 2 is_stmt 0 view .LVU622
 2184              		.thumb
 2185              		.syntax unified
 2186              	.LBE142:
 2187              	.LBE141:
1853:Middlewares/Third_Party/FreeRTOS/Source/tasks.c **** 			{
 2188              		.loc 1 1853 4 is_stmt 1 view .LVU623
1853:Middlewares/Third_Party/FreeRTOS/Source/tasks.c **** 			{
 2189              		.loc 1 1853 8 is_stmt 0 view .LVU624
 2190 0020 3046     		mov	r0, r6
 2191 0022 FFF7FEFF 		bl	prvTaskIsTaskSuspended
 2192              	.LVL164:
1853:Middlewares/Third_Party/FreeRTOS/Source/tasks.c **** 			{
 2193              		.loc 1 1853 6 discriminator 1 view .LVU625
 2194 0026 0546     		mov	r5, r0
 2195 0028 E0B1     		cbz	r0, .L169
1855:Middlewares/Third_Party/FreeRTOS/Source/tasks.c **** 
 2196              		.loc 1 1855 39 is_stmt 1 view .LVU626
1858:Middlewares/Third_Party/FreeRTOS/Source/tasks.c **** 				{
 2197              		.loc 1 1858 5 view .LVU627
1858:Middlewares/Third_Party/FreeRTOS/Source/tasks.c **** 				{
 2198              		.loc 1 1858 30 is_stmt 0 view .LVU628
 2199 002a 194B     		ldr	r3, .L176
 2200 002c 1B68     		ldr	r3, [r3]
1858:Middlewares/Third_Party/FreeRTOS/Source/tasks.c **** 				{
 2201              		.loc 1 1858 7 view .LVU629
 2202 002e 43BB     		cbnz	r3, .L170
1862:Middlewares/Third_Party/FreeRTOS/Source/tasks.c **** 					{
 2203              		.loc 1 1862 6 is_stmt 1 view .LVU630
1862:Middlewares/Third_Party/FreeRTOS/Source/tasks.c **** 					{
 2204              		.loc 1 1862 15 is_stmt 0 view .LVU631
 2205 0030 F26A     		ldr	r2, [r6, #44]
1862:Middlewares/Third_Party/FreeRTOS/Source/tasks.c **** 					{
 2206              		.loc 1 1862 43 view .LVU632
 2207 0032 184B     		ldr	r3, .L176+4
 2208 0034 1B68     		ldr	r3, [r3]
 2209 0036 DB6A     		ldr	r3, [r3, #44]
1862:Middlewares/Third_Party/FreeRTOS/Source/tasks.c **** 					{
 2210              		.loc 1 1862 8 view .LVU633
 2211 0038 9A42     		cmp	r2, r3
 2212 003a 20D2     		bcs	.L173
1827:Middlewares/Third_Party/FreeRTOS/Source/tasks.c **** 	TCB_t * const pxTCB = ( TCB_t * ) xTaskToResume;
 2213              		.loc 1 1827 13 view .LVU634
 2214 003c 0025     		movs	r5, #0
 2215              	.L171:
 2216              	.LVL165:
1868:Middlewares/Third_Party/FreeRTOS/Source/tasks.c **** 					}
 2217              		.loc 1 1868 31 is_stmt 1 view .LVU635
1871:Middlewares/Third_Party/FreeRTOS/Source/tasks.c **** 					prvAddTaskToReadyList( pxTCB );
 2218              		.loc 1 1871 6 view .LVU636
1871:Middlewares/Third_Party/FreeRTOS/Source/tasks.c **** 					prvAddTaskToReadyList( pxTCB );
 2219              		.loc 1 1871 15 is_stmt 0 view .LVU637
 2220 003e 371D     		adds	r7, r6, #4
ARM GAS  /tmp/ccZZCKwI.s 			page 141


 2221 0040 3846     		mov	r0, r7
 2222 0042 FFF7FEFF 		bl	uxListRemove
 2223              	.LVL166:
1872:Middlewares/Third_Party/FreeRTOS/Source/tasks.c **** 				}
 2224              		.loc 1 1872 6 is_stmt 1 view .LVU638
1872:Middlewares/Third_Party/FreeRTOS/Source/tasks.c **** 				}
 2225              		.loc 1 1872 6 view .LVU639
 2226 0046 F06A     		ldr	r0, [r6, #44]
 2227 0048 134B     		ldr	r3, .L176+8
 2228 004a 1B68     		ldr	r3, [r3]
 2229 004c 9842     		cmp	r0, r3
 2230 004e 01D9     		bls	.L172
1872:Middlewares/Third_Party/FreeRTOS/Source/tasks.c **** 				}
 2231              		.loc 1 1872 6 discriminator 1 view .LVU640
 2232 0050 114B     		ldr	r3, .L176+8
 2233 0052 1860     		str	r0, [r3]
 2234              	.L172:
1872:Middlewares/Third_Party/FreeRTOS/Source/tasks.c **** 				}
 2235              		.loc 1 1872 6 discriminator 3 view .LVU641
1872:Middlewares/Third_Party/FreeRTOS/Source/tasks.c **** 				}
 2236              		.loc 1 1872 6 discriminator 3 view .LVU642
 2237 0054 00EB8000 		add	r0, r0, r0, lsl #2
 2238 0058 3946     		mov	r1, r7
 2239 005a 104B     		ldr	r3, .L176+12
 2240 005c 03EB8000 		add	r0, r3, r0, lsl #2
 2241 0060 FFF7FEFF 		bl	vListInsertEnd
 2242              	.LVL167:
1872:Middlewares/Third_Party/FreeRTOS/Source/tasks.c **** 				}
 2243              		.loc 1 1872 36 discriminator 1 view .LVU643
 2244              	.L169:
1884:Middlewares/Third_Party/FreeRTOS/Source/tasks.c **** 			}
 2245              		.loc 1 1884 29 view .LVU644
1887:Middlewares/Third_Party/FreeRTOS/Source/tasks.c **** 
 2246              		.loc 1 1887 3 view .LVU645
 2247              	.LBB143:
 2248              	.LBI143:
 227:Middlewares/Third_Party/FreeRTOS/Source/portable/GCC/ARM_CM4F/portmacro.h **** {
 2249              		.loc 2 227 30 view .LVU646
 2250              	.LBB144:
 2251              		.loc 2 229 2 view .LVU647
 2252              		.syntax unified
 2253              	@ 229 "Middlewares/Third_Party/FreeRTOS/Source/portable/GCC/ARM_CM4F/portmacro.h" 1
 2254 0064 84F31188 			msr basepri, r4	
 2255              	@ 0 "" 2
 2256              		.thumb
 2257              		.syntax unified
 2258              	.LBE144:
 2259              	.LBE143:
1889:Middlewares/Third_Party/FreeRTOS/Source/tasks.c **** 	}
 2260              		.loc 1 1889 3 view .LVU648
1890:Middlewares/Third_Party/FreeRTOS/Source/tasks.c **** 
 2261              		.loc 1 1890 2 is_stmt 0 view .LVU649
 2262 0068 2846     		mov	r0, r5
 2263 006a F8BD     		pop	{r3, r4, r5, r6, r7, pc}
 2264              	.LVL168:
 2265              	.L175:
1831:Middlewares/Third_Party/FreeRTOS/Source/tasks.c **** 
ARM GAS  /tmp/ccZZCKwI.s 			page 142


 2266              		.loc 1 1831 3 is_stmt 1 discriminator 1 view .LVU650
 2267              	.LBB145:
 2268              	.LBI145:
 191:Middlewares/Third_Party/FreeRTOS/Source/portable/GCC/ARM_CM4F/portmacro.h **** {
 2269              		.loc 2 191 30 view .LVU651
 2270              	.LBB146:
 193:Middlewares/Third_Party/FreeRTOS/Source/portable/GCC/ARM_CM4F/portmacro.h **** 
 2271              		.loc 2 193 1 view .LVU652
 195:Middlewares/Third_Party/FreeRTOS/Source/portable/GCC/ARM_CM4F/portmacro.h **** 	(
 2272              		.loc 2 195 2 view .LVU653
 2273              		.syntax unified
 2274              	@ 195 "Middlewares/Third_Party/FreeRTOS/Source/portable/GCC/ARM_CM4F/portmacro.h" 1
 2275 006c 4FF05003 			mov r3, #80												
 2276 0070 83F31188 		msr basepri, r3											
 2277 0074 BFF36F8F 		isb														
 2278 0078 BFF34F8F 		dsb														
 2279              	
 2280              	@ 0 "" 2
 2281              		.thumb
 2282              		.syntax unified
 2283              	.L168:
 2284              	.LBE146:
 2285              	.LBE145:
1831:Middlewares/Third_Party/FreeRTOS/Source/tasks.c **** 
 2286              		.loc 1 1831 3 discriminator 3 view .LVU654
1831:Middlewares/Third_Party/FreeRTOS/Source/tasks.c **** 
 2287              		.loc 1 1831 3 discriminator 3 view .LVU655
 2288 007c FEE7     		b	.L168
 2289              	.LVL169:
 2290              	.L173:
1864:Middlewares/Third_Party/FreeRTOS/Source/tasks.c **** 					}
 2291              		.loc 1 1864 22 is_stmt 0 view .LVU656
 2292 007e 0125     		movs	r5, #1
 2293 0080 DDE7     		b	.L171
 2294              	.L170:
1879:Middlewares/Third_Party/FreeRTOS/Source/tasks.c **** 				}
 2295              		.loc 1 1879 6 is_stmt 1 view .LVU657
 2296 0082 06F11801 		add	r1, r6, #24
 2297 0086 0648     		ldr	r0, .L176+16
 2298 0088 FFF7FEFF 		bl	vListInsertEnd
 2299              	.LVL170:
1827:Middlewares/Third_Party/FreeRTOS/Source/tasks.c **** 	TCB_t * const pxTCB = ( TCB_t * ) xTaskToResume;
 2300              		.loc 1 1827 13 is_stmt 0 view .LVU658
 2301 008c 0025     		movs	r5, #0
 2302 008e E9E7     		b	.L169
 2303              	.L177:
 2304              		.align	2
 2305              	.L176:
 2306 0090 00000000 		.word	uxSchedulerSuspended
 2307 0094 00000000 		.word	pxCurrentTCB
 2308 0098 00000000 		.word	uxTopReadyPriority
 2309 009c 00000000 		.word	pxReadyTasksLists
 2310 00a0 00000000 		.word	xPendingReadyList
 2311              		.cfi_endproc
 2312              	.LFE18:
 2314              		.section	.rodata.vTaskStartScheduler.str1.4,"aMS",%progbits,1
 2315              		.align	2
ARM GAS  /tmp/ccZZCKwI.s 			page 143


 2316              	.LC0:
 2317 0000 49444C45 		.ascii	"IDLE\000"
 2317      00
 2318              		.section	.text.vTaskStartScheduler,"ax",%progbits
 2319              		.align	1
 2320              		.global	vTaskStartScheduler
 2321              		.syntax unified
 2322              		.thumb
 2323              		.thumb_func
 2325              	vTaskStartScheduler:
 2326              	.LFB19:
1896:Middlewares/Third_Party/FreeRTOS/Source/tasks.c **** BaseType_t xReturn;
 2327              		.loc 1 1896 1 is_stmt 1 view -0
 2328              		.cfi_startproc
 2329              		@ args = 0, pretend = 0, frame = 16
 2330              		@ frame_needed = 0, uses_anonymous_args = 0
 2331 0000 10B5     		push	{r4, lr}
 2332              	.LCFI21:
 2333              		.cfi_def_cfa_offset 8
 2334              		.cfi_offset 4, -8
 2335              		.cfi_offset 14, -4
 2336 0002 88B0     		sub	sp, sp, #32
 2337              	.LCFI22:
 2338              		.cfi_def_cfa_offset 40
1897:Middlewares/Third_Party/FreeRTOS/Source/tasks.c **** 
 2339              		.loc 1 1897 1 view .LVU660
 2340              	.LBB147:
1902:Middlewares/Third_Party/FreeRTOS/Source/tasks.c **** 		StackType_t *pxIdleTaskStackBuffer = NULL;
 2341              		.loc 1 1902 3 view .LVU661
1902:Middlewares/Third_Party/FreeRTOS/Source/tasks.c **** 		StackType_t *pxIdleTaskStackBuffer = NULL;
 2342              		.loc 1 1902 17 is_stmt 0 view .LVU662
 2343 0004 0024     		movs	r4, #0
 2344 0006 0594     		str	r4, [sp, #20]
1903:Middlewares/Third_Party/FreeRTOS/Source/tasks.c **** 		uint32_t ulIdleTaskStackSize;
 2345              		.loc 1 1903 3 is_stmt 1 view .LVU663
1903:Middlewares/Third_Party/FreeRTOS/Source/tasks.c **** 		uint32_t ulIdleTaskStackSize;
 2346              		.loc 1 1903 16 is_stmt 0 view .LVU664
 2347 0008 0694     		str	r4, [sp, #24]
1904:Middlewares/Third_Party/FreeRTOS/Source/tasks.c **** 
 2348              		.loc 1 1904 3 is_stmt 1 view .LVU665
1908:Middlewares/Third_Party/FreeRTOS/Source/tasks.c **** 		xIdleTaskHandle = xTaskCreateStatic(	prvIdleTask,
 2349              		.loc 1 1908 3 view .LVU666
 2350 000a 07AA     		add	r2, sp, #28
 2351 000c 06A9     		add	r1, sp, #24
 2352 000e 05A8     		add	r0, sp, #20
 2353 0010 FFF7FEFF 		bl	vApplicationGetIdleTaskMemory
 2354              	.LVL171:
1909:Middlewares/Third_Party/FreeRTOS/Source/tasks.c **** 												configIDLE_TASK_NAME,
 2355              		.loc 1 1909 3 view .LVU667
1909:Middlewares/Third_Party/FreeRTOS/Source/tasks.c **** 												configIDLE_TASK_NAME,
 2356              		.loc 1 1909 21 is_stmt 0 view .LVU668
 2357 0014 059B     		ldr	r3, [sp, #20]
 2358 0016 0293     		str	r3, [sp, #8]
 2359 0018 069B     		ldr	r3, [sp, #24]
 2360 001a 0193     		str	r3, [sp, #4]
 2361 001c 0094     		str	r4, [sp]
 2362 001e 2346     		mov	r3, r4
ARM GAS  /tmp/ccZZCKwI.s 			page 144


 2363 0020 079A     		ldr	r2, [sp, #28]
 2364 0022 1749     		ldr	r1, .L186
 2365 0024 1748     		ldr	r0, .L186+4
 2366 0026 FFF7FEFF 		bl	xTaskCreateStatic
 2367              	.LVL172:
1909:Middlewares/Third_Party/FreeRTOS/Source/tasks.c **** 												configIDLE_TASK_NAME,
 2368              		.loc 1 1909 19 discriminator 1 view .LVU669
 2369 002a 174B     		ldr	r3, .L186+8
 2370 002c 1860     		str	r0, [r3]
1917:Middlewares/Third_Party/FreeRTOS/Source/tasks.c **** 		{
 2371              		.loc 1 1917 3 is_stmt 1 view .LVU670
1917:Middlewares/Third_Party/FreeRTOS/Source/tasks.c **** 		{
 2372              		.loc 1 1917 5 is_stmt 0 view .LVU671
 2373 002e C0B1     		cbz	r0, .L179
 2374              	.LVL173:
1917:Middlewares/Third_Party/FreeRTOS/Source/tasks.c **** 		{
 2375              		.loc 1 1917 5 view .LVU672
 2376              	.LBE147:
1940:Middlewares/Third_Party/FreeRTOS/Source/tasks.c **** 		{
 2377              		.loc 1 1940 3 is_stmt 1 view .LVU673
1942:Middlewares/Third_Party/FreeRTOS/Source/tasks.c **** 		}
 2378              		.loc 1 1942 4 view .LVU674
1942:Middlewares/Third_Party/FreeRTOS/Source/tasks.c **** 		}
 2379              		.loc 1 1942 14 is_stmt 0 view .LVU675
 2380 0030 FFF7FEFF 		bl	xTimerCreateTimerTask
 2381              	.LVL174:
1946:Middlewares/Third_Party/FreeRTOS/Source/tasks.c **** 		}
 2382              		.loc 1 1946 28 is_stmt 1 view .LVU676
1951:Middlewares/Third_Party/FreeRTOS/Source/tasks.c **** 	{
 2383              		.loc 1 1951 2 view .LVU677
1951:Middlewares/Third_Party/FreeRTOS/Source/tasks.c **** 	{
 2384              		.loc 1 1951 4 is_stmt 0 view .LVU678
 2385 0034 0128     		cmp	r0, #1
 2386 0036 15D1     		bne	.L181
1967:Middlewares/Third_Party/FreeRTOS/Source/tasks.c **** 
 2387              		.loc 1 1967 3 is_stmt 1 view .LVU679
 2388              	.LBB148:
 2389              	.LBI148:
 191:Middlewares/Third_Party/FreeRTOS/Source/portable/GCC/ARM_CM4F/portmacro.h **** {
 2390              		.loc 2 191 30 view .LVU680
 2391              	.LBB149:
 193:Middlewares/Third_Party/FreeRTOS/Source/portable/GCC/ARM_CM4F/portmacro.h **** 
 2392              		.loc 2 193 1 view .LVU681
 195:Middlewares/Third_Party/FreeRTOS/Source/portable/GCC/ARM_CM4F/portmacro.h **** 	(
 2393              		.loc 2 195 2 view .LVU682
 2394              		.syntax unified
 2395              	@ 195 "Middlewares/Third_Party/FreeRTOS/Source/portable/GCC/ARM_CM4F/portmacro.h" 1
 2396 0038 4FF05003 			mov r3, #80												
 2397 003c 83F31188 		msr basepri, r3											
 2398 0040 BFF36F8F 		isb														
 2399 0044 BFF34F8F 		dsb														
 2400              	
 2401              	@ 0 "" 2
 2402              		.thumb
 2403              		.syntax unified
 2404              	.LBE149:
 2405              	.LBE148:
ARM GAS  /tmp/ccZZCKwI.s 			page 145


1977:Middlewares/Third_Party/FreeRTOS/Source/tasks.c **** 		xSchedulerRunning = pdTRUE;
 2406              		.loc 1 1977 3 view .LVU683
1977:Middlewares/Third_Party/FreeRTOS/Source/tasks.c **** 		xSchedulerRunning = pdTRUE;
 2407              		.loc 1 1977 24 is_stmt 0 view .LVU684
 2408 0048 104B     		ldr	r3, .L186+12
 2409 004a 4FF0FF32 		mov	r2, #-1
 2410 004e 1A60     		str	r2, [r3]
1978:Middlewares/Third_Party/FreeRTOS/Source/tasks.c **** 		xTickCount = ( TickType_t ) 0U;
 2411              		.loc 1 1978 3 is_stmt 1 view .LVU685
1978:Middlewares/Third_Party/FreeRTOS/Source/tasks.c **** 		xTickCount = ( TickType_t ) 0U;
 2412              		.loc 1 1978 21 is_stmt 0 view .LVU686
 2413 0050 0F4B     		ldr	r3, .L186+16
 2414 0052 0122     		movs	r2, #1
 2415 0054 1A60     		str	r2, [r3]
1979:Middlewares/Third_Party/FreeRTOS/Source/tasks.c **** 
 2416              		.loc 1 1979 3 is_stmt 1 view .LVU687
1979:Middlewares/Third_Party/FreeRTOS/Source/tasks.c **** 
 2417              		.loc 1 1979 14 is_stmt 0 view .LVU688
 2418 0056 0F4B     		ldr	r3, .L186+20
 2419 0058 0022     		movs	r2, #0
 2420 005a 1A60     		str	r2, [r3]
1987:Middlewares/Third_Party/FreeRTOS/Source/tasks.c **** 
 2421              		.loc 1 1987 43 is_stmt 1 view .LVU689
1991:Middlewares/Third_Party/FreeRTOS/Source/tasks.c **** 		{
 2422              		.loc 1 1991 3 view .LVU690
1991:Middlewares/Third_Party/FreeRTOS/Source/tasks.c **** 		{
 2423              		.loc 1 1991 7 is_stmt 0 view .LVU691
 2424 005c FFF7FEFF 		bl	xPortStartScheduler
 2425              	.LVL175:
1995:Middlewares/Third_Party/FreeRTOS/Source/tasks.c **** 		else
 2426              		.loc 1 1995 3 is_stmt 1 view .LVU692
1999:Middlewares/Third_Party/FreeRTOS/Source/tasks.c **** 	}
 2427              		.loc 1 1999 3 view .LVU693
 2428 0060 03E0     		b	.L178
 2429              	.LVL176:
 2430              	.L179:
 2431              	.LBB150:
1923:Middlewares/Third_Party/FreeRTOS/Source/tasks.c **** 		}
 2432              		.loc 1 1923 4 view .LVU694
1923:Middlewares/Third_Party/FreeRTOS/Source/tasks.c **** 		}
 2433              		.loc 1 1923 4 is_stmt 0 view .LVU695
 2434              	.LBE150:
1940:Middlewares/Third_Party/FreeRTOS/Source/tasks.c **** 		{
 2435              		.loc 1 1940 3 is_stmt 1 view .LVU696
1946:Middlewares/Third_Party/FreeRTOS/Source/tasks.c **** 		}
 2436              		.loc 1 1946 28 view .LVU697
1951:Middlewares/Third_Party/FreeRTOS/Source/tasks.c **** 	{
 2437              		.loc 1 1951 2 view .LVU698
 2438              	.LBB151:
1923:Middlewares/Third_Party/FreeRTOS/Source/tasks.c **** 		}
 2439              		.loc 1 1923 12 is_stmt 0 view .LVU699
 2440 0062 0020     		movs	r0, #0
 2441              	.LVL177:
 2442              	.L181:
1923:Middlewares/Third_Party/FreeRTOS/Source/tasks.c **** 		}
 2443              		.loc 1 1923 12 view .LVU700
 2444              	.LBE151:
ARM GAS  /tmp/ccZZCKwI.s 			page 146


2006:Middlewares/Third_Party/FreeRTOS/Source/tasks.c **** 	}
 2445              		.loc 1 2006 3 is_stmt 1 view .LVU701
 2446 0064 B0F1FF3F 		cmp	r0, #-1
 2447 0068 01D0     		beq	.L185
 2448              	.L178:
2012:Middlewares/Third_Party/FreeRTOS/Source/tasks.c **** /*-----------------------------------------------------------*/
 2449              		.loc 1 2012 1 is_stmt 0 view .LVU702
 2450 006a 08B0     		add	sp, sp, #32
 2451              	.LCFI23:
 2452              		.cfi_remember_state
 2453              		.cfi_def_cfa_offset 8
 2454              		@ sp needed
 2455 006c 10BD     		pop	{r4, pc}
 2456              	.L185:
 2457              	.LCFI24:
 2458              		.cfi_restore_state
2006:Middlewares/Third_Party/FreeRTOS/Source/tasks.c **** 	}
 2459              		.loc 1 2006 3 is_stmt 1 discriminator 1 view .LVU703
 2460              	.LBB152:
 2461              	.LBI152:
 191:Middlewares/Third_Party/FreeRTOS/Source/portable/GCC/ARM_CM4F/portmacro.h **** {
 2462              		.loc 2 191 30 view .LVU704
 2463              	.LBB153:
 193:Middlewares/Third_Party/FreeRTOS/Source/portable/GCC/ARM_CM4F/portmacro.h **** 
 2464              		.loc 2 193 1 view .LVU705
 195:Middlewares/Third_Party/FreeRTOS/Source/portable/GCC/ARM_CM4F/portmacro.h **** 	(
 2465              		.loc 2 195 2 view .LVU706
 2466              		.syntax unified
 2467              	@ 195 "Middlewares/Third_Party/FreeRTOS/Source/portable/GCC/ARM_CM4F/portmacro.h" 1
 2468 006e 4FF05003 			mov r3, #80												
 2469 0072 83F31188 		msr basepri, r3											
 2470 0076 BFF36F8F 		isb														
 2471 007a BFF34F8F 		dsb														
 2472              	
 2473              	@ 0 "" 2
 2474              		.thumb
 2475              		.syntax unified
 2476              	.L183:
 2477              	.LBE153:
 2478              	.LBE152:
2006:Middlewares/Third_Party/FreeRTOS/Source/tasks.c **** 	}
 2479              		.loc 1 2006 3 discriminator 3 view .LVU707
2006:Middlewares/Third_Party/FreeRTOS/Source/tasks.c **** 	}
 2480              		.loc 1 2006 3 discriminator 3 view .LVU708
 2481 007e FEE7     		b	.L183
 2482              	.L187:
 2483              		.align	2
 2484              	.L186:
 2485 0080 00000000 		.word	.LC0
 2486 0084 00000000 		.word	prvIdleTask
 2487 0088 00000000 		.word	xIdleTaskHandle
 2488 008c 00000000 		.word	xNextTaskUnblockTime
 2489 0090 00000000 		.word	xSchedulerRunning
 2490 0094 00000000 		.word	xTickCount
 2491              		.cfi_endproc
 2492              	.LFE19:
 2494              		.section	.text.vTaskEndScheduler,"ax",%progbits
ARM GAS  /tmp/ccZZCKwI.s 			page 147


 2495              		.align	1
 2496              		.global	vTaskEndScheduler
 2497              		.syntax unified
 2498              		.thumb
 2499              		.thumb_func
 2501              	vTaskEndScheduler:
 2502              	.LFB20:
2016:Middlewares/Third_Party/FreeRTOS/Source/tasks.c **** 	/* Stop the scheduler interrupts and call the portable scheduler end
 2503              		.loc 1 2016 1 view -0
 2504              		.cfi_startproc
 2505              		@ args = 0, pretend = 0, frame = 0
 2506              		@ frame_needed = 0, uses_anonymous_args = 0
 2507 0000 08B5     		push	{r3, lr}
 2508              	.LCFI25:
 2509              		.cfi_def_cfa_offset 8
 2510              		.cfi_offset 3, -8
 2511              		.cfi_offset 14, -4
2020:Middlewares/Third_Party/FreeRTOS/Source/tasks.c **** 	xSchedulerRunning = pdFALSE;
 2512              		.loc 1 2020 2 view .LVU710
 2513              	.LBB154:
 2514              	.LBI154:
 191:Middlewares/Third_Party/FreeRTOS/Source/portable/GCC/ARM_CM4F/portmacro.h **** {
 2515              		.loc 2 191 30 view .LVU711
 2516              	.LBB155:
 193:Middlewares/Third_Party/FreeRTOS/Source/portable/GCC/ARM_CM4F/portmacro.h **** 
 2517              		.loc 2 193 1 view .LVU712
 195:Middlewares/Third_Party/FreeRTOS/Source/portable/GCC/ARM_CM4F/portmacro.h **** 	(
 2518              		.loc 2 195 2 view .LVU713
 2519              		.syntax unified
 2520              	@ 195 "Middlewares/Third_Party/FreeRTOS/Source/portable/GCC/ARM_CM4F/portmacro.h" 1
 2521 0002 4FF05003 			mov r3, #80												
 2522 0006 83F31188 		msr basepri, r3											
 2523 000a BFF36F8F 		isb														
 2524 000e BFF34F8F 		dsb														
 2525              	
 2526              	@ 0 "" 2
 2527              		.thumb
 2528              		.syntax unified
 2529              	.LBE155:
 2530              	.LBE154:
2021:Middlewares/Third_Party/FreeRTOS/Source/tasks.c **** 	vPortEndScheduler();
 2531              		.loc 1 2021 2 view .LVU714
2021:Middlewares/Third_Party/FreeRTOS/Source/tasks.c **** 	vPortEndScheduler();
 2532              		.loc 1 2021 20 is_stmt 0 view .LVU715
 2533 0012 034B     		ldr	r3, .L190
 2534 0014 0022     		movs	r2, #0
 2535 0016 1A60     		str	r2, [r3]
2022:Middlewares/Third_Party/FreeRTOS/Source/tasks.c **** }
 2536              		.loc 1 2022 2 is_stmt 1 view .LVU716
 2537 0018 FFF7FEFF 		bl	vPortEndScheduler
 2538              	.LVL178:
2023:Middlewares/Third_Party/FreeRTOS/Source/tasks.c **** /*----------------------------------------------------------*/
 2539              		.loc 1 2023 1 is_stmt 0 view .LVU717
 2540 001c 08BD     		pop	{r3, pc}
 2541              	.L191:
 2542 001e 00BF     		.align	2
 2543              	.L190:
ARM GAS  /tmp/ccZZCKwI.s 			page 148


 2544 0020 00000000 		.word	xSchedulerRunning
 2545              		.cfi_endproc
 2546              	.LFE20:
 2548              		.section	.text.vTaskSuspendAll,"ax",%progbits
 2549              		.align	1
 2550              		.global	vTaskSuspendAll
 2551              		.syntax unified
 2552              		.thumb
 2553              		.thumb_func
 2555              	vTaskSuspendAll:
 2556              	.LFB21:
2027:Middlewares/Third_Party/FreeRTOS/Source/tasks.c **** 	/* A critical section is not required as the variable is of type
 2557              		.loc 1 2027 1 is_stmt 1 view -0
 2558              		.cfi_startproc
 2559              		@ args = 0, pretend = 0, frame = 0
 2560              		@ frame_needed = 0, uses_anonymous_args = 0
 2561              		@ link register save eliminated.
2032:Middlewares/Third_Party/FreeRTOS/Source/tasks.c **** }
 2562              		.loc 1 2032 2 view .LVU719
 2563 0000 024A     		ldr	r2, .L193
 2564 0002 1368     		ldr	r3, [r2]
 2565 0004 0133     		adds	r3, r3, #1
 2566 0006 1360     		str	r3, [r2]
2033:Middlewares/Third_Party/FreeRTOS/Source/tasks.c **** /*----------------------------------------------------------*/
 2567              		.loc 1 2033 1 is_stmt 0 view .LVU720
 2568 0008 7047     		bx	lr
 2569              	.L194:
 2570 000a 00BF     		.align	2
 2571              	.L193:
 2572 000c 00000000 		.word	uxSchedulerSuspended
 2573              		.cfi_endproc
 2574              	.LFE21:
 2576              		.section	.text.xTaskGetTickCount,"ax",%progbits
 2577              		.align	1
 2578              		.global	xTaskGetTickCount
 2579              		.syntax unified
 2580              		.thumb
 2581              		.thumb_func
 2583              	xTaskGetTickCount:
 2584              	.LFB23:
2210:Middlewares/Third_Party/FreeRTOS/Source/tasks.c **** TickType_t xTicks;
 2585              		.loc 1 2210 1 is_stmt 1 view -0
 2586              		.cfi_startproc
 2587              		@ args = 0, pretend = 0, frame = 0
 2588              		@ frame_needed = 0, uses_anonymous_args = 0
 2589              		@ link register save eliminated.
2211:Middlewares/Third_Party/FreeRTOS/Source/tasks.c **** 
 2590              		.loc 1 2211 1 view .LVU722
2214:Middlewares/Third_Party/FreeRTOS/Source/tasks.c **** 	{
 2591              		.loc 1 2214 32 view .LVU723
2216:Middlewares/Third_Party/FreeRTOS/Source/tasks.c **** 	}
 2592              		.loc 1 2216 3 view .LVU724
2216:Middlewares/Third_Party/FreeRTOS/Source/tasks.c **** 	}
 2593              		.loc 1 2216 10 is_stmt 0 view .LVU725
 2594 0000 014B     		ldr	r3, .L196
 2595 0002 1868     		ldr	r0, [r3]
 2596              	.LVL179:
ARM GAS  /tmp/ccZZCKwI.s 			page 149


2218:Middlewares/Third_Party/FreeRTOS/Source/tasks.c **** 
 2597              		.loc 1 2218 31 is_stmt 1 view .LVU726
2220:Middlewares/Third_Party/FreeRTOS/Source/tasks.c **** }
 2598              		.loc 1 2220 2 view .LVU727
2221:Middlewares/Third_Party/FreeRTOS/Source/tasks.c **** /*-----------------------------------------------------------*/
 2599              		.loc 1 2221 1 is_stmt 0 view .LVU728
 2600 0004 7047     		bx	lr
 2601              	.L197:
 2602 0006 00BF     		.align	2
 2603              	.L196:
 2604 0008 00000000 		.word	xTickCount
 2605              		.cfi_endproc
 2606              	.LFE23:
 2608              		.section	.text.xTaskGetTickCountFromISR,"ax",%progbits
 2609              		.align	1
 2610              		.global	xTaskGetTickCountFromISR
 2611              		.syntax unified
 2612              		.thumb
 2613              		.thumb_func
 2615              	xTaskGetTickCountFromISR:
 2616              	.LFB24:
2225:Middlewares/Third_Party/FreeRTOS/Source/tasks.c **** TickType_t xReturn;
 2617              		.loc 1 2225 1 is_stmt 1 view -0
 2618              		.cfi_startproc
 2619              		@ args = 0, pretend = 0, frame = 0
 2620              		@ frame_needed = 0, uses_anonymous_args = 0
 2621 0000 08B5     		push	{r3, lr}
 2622              	.LCFI26:
 2623              		.cfi_def_cfa_offset 8
 2624              		.cfi_offset 3, -8
 2625              		.cfi_offset 14, -4
2226:Middlewares/Third_Party/FreeRTOS/Source/tasks.c **** UBaseType_t uxSavedInterruptStatus;
 2626              		.loc 1 2226 1 view .LVU730
2227:Middlewares/Third_Party/FreeRTOS/Source/tasks.c **** 
 2627              		.loc 1 2227 1 view .LVU731
2243:Middlewares/Third_Party/FreeRTOS/Source/tasks.c **** 
 2628              		.loc 1 2243 2 view .LVU732
 2629 0002 FFF7FEFF 		bl	vPortValidateInterruptPriority
 2630              	.LVL180:
2245:Middlewares/Third_Party/FreeRTOS/Source/tasks.c **** 	{
 2631              		.loc 1 2245 2 view .LVU733
2247:Middlewares/Third_Party/FreeRTOS/Source/tasks.c **** 	}
 2632              		.loc 1 2247 3 view .LVU734
2247:Middlewares/Third_Party/FreeRTOS/Source/tasks.c **** 	}
 2633              		.loc 1 2247 11 is_stmt 0 view .LVU735
 2634 0006 014B     		ldr	r3, .L200
 2635 0008 1868     		ldr	r0, [r3]
 2636              	.LVL181:
2249:Middlewares/Third_Party/FreeRTOS/Source/tasks.c **** 
 2637              		.loc 1 2249 2 is_stmt 1 view .LVU736
2251:Middlewares/Third_Party/FreeRTOS/Source/tasks.c **** }
 2638              		.loc 1 2251 2 view .LVU737
2252:Middlewares/Third_Party/FreeRTOS/Source/tasks.c **** /*-----------------------------------------------------------*/
 2639              		.loc 1 2252 1 is_stmt 0 view .LVU738
 2640 000a 08BD     		pop	{r3, pc}
 2641              	.L201:
 2642              		.align	2
ARM GAS  /tmp/ccZZCKwI.s 			page 150


 2643              	.L200:
 2644 000c 00000000 		.word	xTickCount
 2645              		.cfi_endproc
 2646              	.LFE24:
 2648              		.section	.text.uxTaskGetNumberOfTasks,"ax",%progbits
 2649              		.align	1
 2650              		.global	uxTaskGetNumberOfTasks
 2651              		.syntax unified
 2652              		.thumb
 2653              		.thumb_func
 2655              	uxTaskGetNumberOfTasks:
 2656              	.LFB25:
2256:Middlewares/Third_Party/FreeRTOS/Source/tasks.c **** 	/* A critical section is not required because the variables are of type
 2657              		.loc 1 2256 1 is_stmt 1 view -0
 2658              		.cfi_startproc
 2659              		@ args = 0, pretend = 0, frame = 0
 2660              		@ frame_needed = 0, uses_anonymous_args = 0
 2661              		@ link register save eliminated.
2259:Middlewares/Third_Party/FreeRTOS/Source/tasks.c **** }
 2662              		.loc 1 2259 2 view .LVU740
2259:Middlewares/Third_Party/FreeRTOS/Source/tasks.c **** }
 2663              		.loc 1 2259 9 is_stmt 0 view .LVU741
 2664 0000 014B     		ldr	r3, .L203
 2665 0002 1868     		ldr	r0, [r3]
2260:Middlewares/Third_Party/FreeRTOS/Source/tasks.c **** /*-----------------------------------------------------------*/
 2666              		.loc 1 2260 1 view .LVU742
 2667 0004 7047     		bx	lr
 2668              	.L204:
 2669 0006 00BF     		.align	2
 2670              	.L203:
 2671 0008 00000000 		.word	uxCurrentNumberOfTasks
 2672              		.cfi_endproc
 2673              	.LFE25:
 2675              		.section	.text.pcTaskGetName,"ax",%progbits
 2676              		.align	1
 2677              		.global	pcTaskGetName
 2678              		.syntax unified
 2679              		.thumb
 2680              		.thumb_func
 2682              	pcTaskGetName:
 2683              	.LVL182:
 2684              	.LFB26:
2264:Middlewares/Third_Party/FreeRTOS/Source/tasks.c **** TCB_t *pxTCB;
 2685              		.loc 1 2264 1 is_stmt 1 view -0
 2686              		.cfi_startproc
 2687              		@ args = 0, pretend = 0, frame = 0
 2688              		@ frame_needed = 0, uses_anonymous_args = 0
 2689              		@ link register save eliminated.
2265:Middlewares/Third_Party/FreeRTOS/Source/tasks.c **** 
 2690              		.loc 1 2265 1 view .LVU744
2269:Middlewares/Third_Party/FreeRTOS/Source/tasks.c **** 	configASSERT( pxTCB );
 2691              		.loc 1 2269 2 view .LVU745
2269:Middlewares/Third_Party/FreeRTOS/Source/tasks.c **** 	configASSERT( pxTCB );
 2692              		.loc 1 2269 10 is_stmt 0 view .LVU746
 2693 0000 0346     		mov	r3, r0
 2694 0002 10B1     		cbz	r0, .L208
 2695              	.LVL183:
ARM GAS  /tmp/ccZZCKwI.s 			page 151


 2696              	.L206:
2270:Middlewares/Third_Party/FreeRTOS/Source/tasks.c **** 	return &( pxTCB->pcTaskName[ 0 ] );
 2697              		.loc 1 2270 23 is_stmt 1 discriminator 2 view .LVU747
2271:Middlewares/Third_Party/FreeRTOS/Source/tasks.c **** }
 2698              		.loc 1 2271 2 view .LVU748
2272:Middlewares/Third_Party/FreeRTOS/Source/tasks.c **** /*-----------------------------------------------------------*/
 2699              		.loc 1 2272 1 is_stmt 0 view .LVU749
 2700 0004 03F13400 		add	r0, r3, #52
 2701 0008 7047     		bx	lr
 2702              	.LVL184:
 2703              	.L208:
2269:Middlewares/Third_Party/FreeRTOS/Source/tasks.c **** 	configASSERT( pxTCB );
 2704              		.loc 1 2269 10 discriminator 1 view .LVU750
 2705 000a 064B     		ldr	r3, .L209
 2706 000c 1B68     		ldr	r3, [r3]
 2707              	.LVL185:
2270:Middlewares/Third_Party/FreeRTOS/Source/tasks.c **** 	return &( pxTCB->pcTaskName[ 0 ] );
 2708              		.loc 1 2270 2 is_stmt 1 view .LVU751
 2709 000e 002B     		cmp	r3, #0
 2710 0010 F8D1     		bne	.L206
2270:Middlewares/Third_Party/FreeRTOS/Source/tasks.c **** 	return &( pxTCB->pcTaskName[ 0 ] );
 2711              		.loc 1 2270 2 discriminator 1 view .LVU752
 2712              	.LBB156:
 2713              	.LBI156:
 191:Middlewares/Third_Party/FreeRTOS/Source/portable/GCC/ARM_CM4F/portmacro.h **** {
 2714              		.loc 2 191 30 view .LVU753
 2715              	.LBB157:
 193:Middlewares/Third_Party/FreeRTOS/Source/portable/GCC/ARM_CM4F/portmacro.h **** 
 2716              		.loc 2 193 1 view .LVU754
 195:Middlewares/Third_Party/FreeRTOS/Source/portable/GCC/ARM_CM4F/portmacro.h **** 	(
 2717              		.loc 2 195 2 view .LVU755
 2718              		.syntax unified
 2719              	@ 195 "Middlewares/Third_Party/FreeRTOS/Source/portable/GCC/ARM_CM4F/portmacro.h" 1
 2720 0012 4FF05003 			mov r3, #80												
 2721 0016 83F31188 		msr basepri, r3											
 2722 001a BFF36F8F 		isb														
 2723 001e BFF34F8F 		dsb														
 2724              	
 2725              	@ 0 "" 2
 2726              	.LVL186:
 2727              		.thumb
 2728              		.syntax unified
 2729              	.L207:
 195:Middlewares/Third_Party/FreeRTOS/Source/portable/GCC/ARM_CM4F/portmacro.h **** 	(
 2730              		.loc 2 195 2 is_stmt 0 view .LVU756
 2731              	.LBE157:
 2732              	.LBE156:
2270:Middlewares/Third_Party/FreeRTOS/Source/tasks.c **** 	return &( pxTCB->pcTaskName[ 0 ] );
 2733              		.loc 1 2270 2 is_stmt 1 discriminator 3 view .LVU757
2270:Middlewares/Third_Party/FreeRTOS/Source/tasks.c **** 	return &( pxTCB->pcTaskName[ 0 ] );
 2734              		.loc 1 2270 2 discriminator 3 view .LVU758
 2735 0022 FEE7     		b	.L207
 2736              	.L210:
 2737              		.align	2
 2738              	.L209:
 2739 0024 00000000 		.word	pxCurrentTCB
 2740              		.cfi_endproc
ARM GAS  /tmp/ccZZCKwI.s 			page 152


 2741              	.LFE26:
 2743              		.section	.text.xTaskIncrementTick,"ax",%progbits
 2744              		.align	1
 2745              		.global	xTaskIncrementTick
 2746              		.syntax unified
 2747              		.thumb
 2748              		.thumb_func
 2750              	xTaskIncrementTick:
 2751              	.LFB28:
2584:Middlewares/Third_Party/FreeRTOS/Source/tasks.c **** TCB_t * pxTCB;
 2752              		.loc 1 2584 1 view -0
 2753              		.cfi_startproc
 2754              		@ args = 0, pretend = 0, frame = 0
 2755              		@ frame_needed = 0, uses_anonymous_args = 0
 2756 0000 F8B5     		push	{r3, r4, r5, r6, r7, lr}
 2757              	.LCFI27:
 2758              		.cfi_def_cfa_offset 24
 2759              		.cfi_offset 3, -24
 2760              		.cfi_offset 4, -20
 2761              		.cfi_offset 5, -16
 2762              		.cfi_offset 6, -12
 2763              		.cfi_offset 7, -8
 2764              		.cfi_offset 14, -4
2585:Middlewares/Third_Party/FreeRTOS/Source/tasks.c **** TickType_t xItemValue;
 2765              		.loc 1 2585 1 view .LVU760
2586:Middlewares/Third_Party/FreeRTOS/Source/tasks.c **** BaseType_t xSwitchRequired = pdFALSE;
 2766              		.loc 1 2586 1 view .LVU761
2587:Middlewares/Third_Party/FreeRTOS/Source/tasks.c **** 
 2767              		.loc 1 2587 1 view .LVU762
 2768              	.LVL187:
2592:Middlewares/Third_Party/FreeRTOS/Source/tasks.c **** 	if( uxSchedulerSuspended == ( UBaseType_t ) pdFALSE )
 2769              		.loc 1 2592 40 view .LVU763
2593:Middlewares/Third_Party/FreeRTOS/Source/tasks.c **** 	{
 2770              		.loc 1 2593 2 view .LVU764
2593:Middlewares/Third_Party/FreeRTOS/Source/tasks.c **** 	{
 2771              		.loc 1 2593 27 is_stmt 0 view .LVU765
 2772 0002 3A4B     		ldr	r3, .L233
 2773 0004 1B68     		ldr	r3, [r3]
2593:Middlewares/Third_Party/FreeRTOS/Source/tasks.c **** 	{
 2774              		.loc 1 2593 4 view .LVU766
 2775 0006 002B     		cmp	r3, #0
 2776 0008 64D1     		bne	.L212
 2777              	.LBB158:
2597:Middlewares/Third_Party/FreeRTOS/Source/tasks.c **** 
 2778              		.loc 1 2597 3 is_stmt 1 view .LVU767
2597:Middlewares/Third_Party/FreeRTOS/Source/tasks.c **** 
 2779              		.loc 1 2597 49 is_stmt 0 view .LVU768
 2780 000a 394B     		ldr	r3, .L233+4
 2781 000c 1D68     		ldr	r5, [r3]
2597:Middlewares/Third_Party/FreeRTOS/Source/tasks.c **** 
 2782              		.loc 1 2597 20 view .LVU769
 2783 000e 0135     		adds	r5, r5, #1
 2784              	.LVL188:
2601:Middlewares/Third_Party/FreeRTOS/Source/tasks.c **** 
 2785              		.loc 1 2601 3 is_stmt 1 view .LVU770
2601:Middlewares/Third_Party/FreeRTOS/Source/tasks.c **** 
 2786              		.loc 1 2601 14 is_stmt 0 view .LVU771
ARM GAS  /tmp/ccZZCKwI.s 			page 153


 2787 0010 1D60     		str	r5, [r3]
2603:Middlewares/Third_Party/FreeRTOS/Source/tasks.c **** 		{
 2788              		.loc 1 2603 3 is_stmt 1 view .LVU772
2603:Middlewares/Third_Party/FreeRTOS/Source/tasks.c **** 		{
 2789              		.loc 1 2603 5 is_stmt 0 view .LVU773
 2790 0012 C5B9     		cbnz	r5, .L213
 2791              	.LBB159:
2605:Middlewares/Third_Party/FreeRTOS/Source/tasks.c **** 		}
 2792              		.loc 1 2605 4 is_stmt 1 view .LVU774
2605:Middlewares/Third_Party/FreeRTOS/Source/tasks.c **** 		}
 2793              		.loc 1 2605 4 view .LVU775
 2794 0014 374B     		ldr	r3, .L233+8
 2795 0016 1B68     		ldr	r3, [r3]
 2796 0018 1B68     		ldr	r3, [r3]
 2797 001a 43B1     		cbz	r3, .L214
2605:Middlewares/Third_Party/FreeRTOS/Source/tasks.c **** 		}
 2798              		.loc 1 2605 4 discriminator 1 view .LVU776
 2799              	.LBB160:
 2800              	.LBI160:
 191:Middlewares/Third_Party/FreeRTOS/Source/portable/GCC/ARM_CM4F/portmacro.h **** {
 2801              		.loc 2 191 30 view .LVU777
 2802              	.LBB161:
 193:Middlewares/Third_Party/FreeRTOS/Source/portable/GCC/ARM_CM4F/portmacro.h **** 
 2803              		.loc 2 193 1 view .LVU778
 195:Middlewares/Third_Party/FreeRTOS/Source/portable/GCC/ARM_CM4F/portmacro.h **** 	(
 2804              		.loc 2 195 2 view .LVU779
 2805              		.syntax unified
 2806              	@ 195 "Middlewares/Third_Party/FreeRTOS/Source/portable/GCC/ARM_CM4F/portmacro.h" 1
 2807 001c 4FF05003 			mov r3, #80												
 2808 0020 83F31188 		msr basepri, r3											
 2809 0024 BFF36F8F 		isb														
 2810 0028 BFF34F8F 		dsb														
 2811              	
 2812              	@ 0 "" 2
 2813              		.thumb
 2814              		.syntax unified
 2815              	.L215:
 2816              	.LBE161:
 2817              	.LBE160:
2605:Middlewares/Third_Party/FreeRTOS/Source/tasks.c **** 		}
 2818              		.loc 1 2605 4 discriminator 3 view .LVU780
2605:Middlewares/Third_Party/FreeRTOS/Source/tasks.c **** 		}
 2819              		.loc 1 2605 4 discriminator 3 view .LVU781
 2820 002c FEE7     		b	.L215
 2821              	.L214:
2605:Middlewares/Third_Party/FreeRTOS/Source/tasks.c **** 		}
 2822              		.loc 1 2605 4 discriminator 2 view .LVU782
2605:Middlewares/Third_Party/FreeRTOS/Source/tasks.c **** 		}
 2823              		.loc 1 2605 4 discriminator 2 view .LVU783
 2824 002e 314A     		ldr	r2, .L233+8
 2825 0030 1168     		ldr	r1, [r2]
 2826              	.LVL189:
2605:Middlewares/Third_Party/FreeRTOS/Source/tasks.c **** 		}
 2827              		.loc 1 2605 4 discriminator 2 view .LVU784
 2828 0032 314B     		ldr	r3, .L233+12
 2829 0034 1868     		ldr	r0, [r3]
 2830 0036 1060     		str	r0, [r2]
ARM GAS  /tmp/ccZZCKwI.s 			page 154


2605:Middlewares/Third_Party/FreeRTOS/Source/tasks.c **** 		}
 2831              		.loc 1 2605 4 discriminator 2 view .LVU785
 2832 0038 1960     		str	r1, [r3]
2605:Middlewares/Third_Party/FreeRTOS/Source/tasks.c **** 		}
 2833              		.loc 1 2605 4 discriminator 2 view .LVU786
 2834 003a 304A     		ldr	r2, .L233+16
 2835 003c 1368     		ldr	r3, [r2]
 2836 003e 0133     		adds	r3, r3, #1
 2837 0040 1360     		str	r3, [r2]
2605:Middlewares/Third_Party/FreeRTOS/Source/tasks.c **** 		}
 2838              		.loc 1 2605 4 discriminator 2 view .LVU787
 2839 0042 FFF7FEFF 		bl	prvResetNextTaskUnblockTime
 2840              	.LVL190:
2605:Middlewares/Third_Party/FreeRTOS/Source/tasks.c **** 		}
 2841              		.loc 1 2605 4 is_stmt 0 discriminator 2 view .LVU788
 2842              	.LBE159:
2605:Middlewares/Third_Party/FreeRTOS/Source/tasks.c **** 		}
 2843              		.loc 1 2605 30 is_stmt 1 discriminator 1 view .LVU789
 2844              	.L213:
2609:Middlewares/Third_Party/FreeRTOS/Source/tasks.c **** 		}
 2845              		.loc 1 2609 28 view .LVU790
2616:Middlewares/Third_Party/FreeRTOS/Source/tasks.c **** 		{
 2846              		.loc 1 2616 3 view .LVU791
2616:Middlewares/Third_Party/FreeRTOS/Source/tasks.c **** 		{
 2847              		.loc 1 2616 23 is_stmt 0 view .LVU792
 2848 0046 2E4B     		ldr	r3, .L233+20
 2849 0048 1B68     		ldr	r3, [r3]
2616:Middlewares/Third_Party/FreeRTOS/Source/tasks.c **** 		{
 2850              		.loc 1 2616 5 view .LVU793
 2851 004a AB42     		cmp	r3, r5
 2852 004c 38D9     		bls	.L226
 2853              	.LBE158:
2587:Middlewares/Third_Party/FreeRTOS/Source/tasks.c **** 
 2854              		.loc 1 2587 12 view .LVU794
 2855 004e 0027     		movs	r7, #0
 2856              	.LVL191:
 2857              	.L217:
 2858              	.LBB162:
2699:Middlewares/Third_Party/FreeRTOS/Source/tasks.c **** 			{
 2859              		.loc 1 2699 4 is_stmt 1 view .LVU795
2699:Middlewares/Third_Party/FreeRTOS/Source/tasks.c **** 			{
 2860              		.loc 1 2699 8 is_stmt 0 view .LVU796
 2861 0050 2C4B     		ldr	r3, .L233+24
 2862 0052 1B68     		ldr	r3, [r3]
 2863 0054 DB6A     		ldr	r3, [r3, #44]
 2864 0056 03EB8303 		add	r3, r3, r3, lsl #2
 2865 005a 9A00     		lsls	r2, r3, #2
 2866 005c 2A4B     		ldr	r3, .L233+28
 2867 005e 9B58     		ldr	r3, [r3, r2]
2699:Middlewares/Third_Party/FreeRTOS/Source/tasks.c **** 			{
 2868              		.loc 1 2699 6 view .LVU797
 2869 0060 012B     		cmp	r3, #1
 2870 0062 3CD9     		bls	.L224
2701:Middlewares/Third_Party/FreeRTOS/Source/tasks.c **** 			}
 2871              		.loc 1 2701 21 view .LVU798
 2872 0064 0127     		movs	r7, #1
 2873              	.LVL192:
ARM GAS  /tmp/ccZZCKwI.s 			page 155


2701:Middlewares/Third_Party/FreeRTOS/Source/tasks.c **** 			}
 2874              		.loc 1 2701 21 view .LVU799
 2875 0066 3AE0     		b	.L224
 2876              	.LVL193:
 2877              	.L227:
2682:Middlewares/Third_Party/FreeRTOS/Source/tasks.c **** 						}
 2878              		.loc 1 2682 24 view .LVU800
 2879 0068 0127     		movs	r7, #1
 2880              	.LVL194:
 2881              	.L216:
2618:Middlewares/Third_Party/FreeRTOS/Source/tasks.c **** 			{
 2882              		.loc 1 2618 4 is_stmt 1 view .LVU801
2620:Middlewares/Third_Party/FreeRTOS/Source/tasks.c **** 				{
 2883              		.loc 1 2620 5 view .LVU802
2620:Middlewares/Third_Party/FreeRTOS/Source/tasks.c **** 				{
 2884              		.loc 1 2620 9 is_stmt 0 view .LVU803
 2885 006a 224B     		ldr	r3, .L233+8
 2886 006c 1B68     		ldr	r3, [r3]
 2887 006e 1B68     		ldr	r3, [r3]
2620:Middlewares/Third_Party/FreeRTOS/Source/tasks.c **** 				{
 2888              		.loc 1 2620 48 view .LVU804
 2889 0070 43B3     		cbz	r3, .L231
2636:Middlewares/Third_Party/FreeRTOS/Source/tasks.c **** 					xItemValue = listGET_LIST_ITEM_VALUE( &( pxTCB->xStateListItem ) );
 2890              		.loc 1 2636 6 is_stmt 1 view .LVU805
2636:Middlewares/Third_Party/FreeRTOS/Source/tasks.c **** 					xItemValue = listGET_LIST_ITEM_VALUE( &( pxTCB->xStateListItem ) );
 2891              		.loc 1 2636 26 is_stmt 0 view .LVU806
 2892 0072 204B     		ldr	r3, .L233+8
 2893 0074 1B68     		ldr	r3, [r3]
 2894 0076 DB68     		ldr	r3, [r3, #12]
2636:Middlewares/Third_Party/FreeRTOS/Source/tasks.c **** 					xItemValue = listGET_LIST_ITEM_VALUE( &( pxTCB->xStateListItem ) );
 2895              		.loc 1 2636 12 view .LVU807
 2896 0078 DC68     		ldr	r4, [r3, #12]
 2897              	.LVL195:
2637:Middlewares/Third_Party/FreeRTOS/Source/tasks.c **** 
 2898              		.loc 1 2637 6 is_stmt 1 view .LVU808
2637:Middlewares/Third_Party/FreeRTOS/Source/tasks.c **** 
 2899              		.loc 1 2637 17 is_stmt 0 view .LVU809
 2900 007a 6368     		ldr	r3, [r4, #4]
 2901              	.LVL196:
2639:Middlewares/Third_Party/FreeRTOS/Source/tasks.c **** 					{
 2902              		.loc 1 2639 6 is_stmt 1 view .LVU810
2639:Middlewares/Third_Party/FreeRTOS/Source/tasks.c **** 					{
 2903              		.loc 1 2639 8 is_stmt 0 view .LVU811
 2904 007c 9D42     		cmp	r5, r3
 2905 007e 26D3     		bcc	.L232
2651:Middlewares/Third_Party/FreeRTOS/Source/tasks.c **** 					}
 2906              		.loc 1 2651 31 is_stmt 1 view .LVU812
2655:Middlewares/Third_Party/FreeRTOS/Source/tasks.c **** 
 2907              		.loc 1 2655 6 view .LVU813
2655:Middlewares/Third_Party/FreeRTOS/Source/tasks.c **** 
 2908              		.loc 1 2655 15 is_stmt 0 view .LVU814
 2909 0080 261D     		adds	r6, r4, #4
 2910 0082 3046     		mov	r0, r6
 2911 0084 FFF7FEFF 		bl	uxListRemove
 2912              	.LVL197:
2659:Middlewares/Third_Party/FreeRTOS/Source/tasks.c **** 					{
 2913              		.loc 1 2659 6 is_stmt 1 view .LVU815
ARM GAS  /tmp/ccZZCKwI.s 			page 156


2659:Middlewares/Third_Party/FreeRTOS/Source/tasks.c **** 					{
 2914              		.loc 1 2659 10 is_stmt 0 view .LVU816
 2915 0088 A36A     		ldr	r3, [r4, #40]
2659:Middlewares/Third_Party/FreeRTOS/Source/tasks.c **** 					{
 2916              		.loc 1 2659 8 view .LVU817
 2917 008a 1BB1     		cbz	r3, .L220
2661:Middlewares/Third_Party/FreeRTOS/Source/tasks.c **** 					}
 2918              		.loc 1 2661 7 is_stmt 1 view .LVU818
2661:Middlewares/Third_Party/FreeRTOS/Source/tasks.c **** 					}
 2919              		.loc 1 2661 16 is_stmt 0 view .LVU819
 2920 008c 04F11800 		add	r0, r4, #24
 2921 0090 FFF7FEFF 		bl	uxListRemove
 2922              	.LVL198:
 2923              	.L220:
2665:Middlewares/Third_Party/FreeRTOS/Source/tasks.c **** 					}
 2924              		.loc 1 2665 31 is_stmt 1 view .LVU820
2670:Middlewares/Third_Party/FreeRTOS/Source/tasks.c **** 
 2925              		.loc 1 2670 6 view .LVU821
2670:Middlewares/Third_Party/FreeRTOS/Source/tasks.c **** 
 2926              		.loc 1 2670 6 view .LVU822
 2927 0094 E36A     		ldr	r3, [r4, #44]
 2928 0096 1D4A     		ldr	r2, .L233+32
 2929 0098 1268     		ldr	r2, [r2]
 2930 009a 9342     		cmp	r3, r2
 2931 009c 01D9     		bls	.L221
2670:Middlewares/Third_Party/FreeRTOS/Source/tasks.c **** 
 2932              		.loc 1 2670 6 discriminator 1 view .LVU823
 2933 009e 1B4A     		ldr	r2, .L233+32
 2934 00a0 1360     		str	r3, [r2]
 2935              	.L221:
2670:Middlewares/Third_Party/FreeRTOS/Source/tasks.c **** 
 2936              		.loc 1 2670 6 discriminator 3 view .LVU824
2670:Middlewares/Third_Party/FreeRTOS/Source/tasks.c **** 
 2937              		.loc 1 2670 6 discriminator 3 view .LVU825
 2938 00a2 03EB8303 		add	r3, r3, r3, lsl #2
 2939 00a6 9A00     		lsls	r2, r3, #2
 2940 00a8 3146     		mov	r1, r6
 2941 00aa 1748     		ldr	r0, .L233+28
 2942 00ac 1044     		add	r0, r0, r2
 2943 00ae FFF7FEFF 		bl	vListInsertEnd
 2944              	.LVL199:
2670:Middlewares/Third_Party/FreeRTOS/Source/tasks.c **** 
 2945              		.loc 1 2670 36 discriminator 1 view .LVU826
2680:Middlewares/Third_Party/FreeRTOS/Source/tasks.c **** 						{
 2946              		.loc 1 2680 7 view .LVU827
2680:Middlewares/Third_Party/FreeRTOS/Source/tasks.c **** 						{
 2947              		.loc 1 2680 16 is_stmt 0 view .LVU828
 2948 00b2 E26A     		ldr	r2, [r4, #44]
2680:Middlewares/Third_Party/FreeRTOS/Source/tasks.c **** 						{
 2949              		.loc 1 2680 44 view .LVU829
 2950 00b4 134B     		ldr	r3, .L233+24
 2951 00b6 1B68     		ldr	r3, [r3]
 2952 00b8 DB6A     		ldr	r3, [r3, #44]
2680:Middlewares/Third_Party/FreeRTOS/Source/tasks.c **** 						{
 2953              		.loc 1 2680 9 view .LVU830
 2954 00ba 9A42     		cmp	r2, r3
 2955 00bc D4D2     		bcs	.L227
ARM GAS  /tmp/ccZZCKwI.s 			page 157


 2956 00be D4E7     		b	.L216
 2957              	.LVL200:
 2958              	.L226:
2680:Middlewares/Third_Party/FreeRTOS/Source/tasks.c **** 						{
 2959              		.loc 1 2680 9 view .LVU831
 2960              	.LBE162:
2587:Middlewares/Third_Party/FreeRTOS/Source/tasks.c **** 
 2961              		.loc 1 2587 12 view .LVU832
 2962 00c0 0027     		movs	r7, #0
 2963 00c2 D2E7     		b	.L216
 2964              	.LVL201:
 2965              	.L231:
 2966              	.LBB163:
2627:Middlewares/Third_Party/FreeRTOS/Source/tasks.c **** 					break;
 2967              		.loc 1 2627 6 is_stmt 1 view .LVU833
2627:Middlewares/Third_Party/FreeRTOS/Source/tasks.c **** 					break;
 2968              		.loc 1 2627 27 is_stmt 0 view .LVU834
 2969 00c4 0E4B     		ldr	r3, .L233+20
 2970 00c6 4FF0FF32 		mov	r2, #-1
 2971 00ca 1A60     		str	r2, [r3]
2628:Middlewares/Third_Party/FreeRTOS/Source/tasks.c **** 				}
 2972              		.loc 1 2628 6 is_stmt 1 view .LVU835
 2973 00cc C0E7     		b	.L217
 2974              	.LVL202:
 2975              	.L232:
2646:Middlewares/Third_Party/FreeRTOS/Source/tasks.c **** 						break;
 2976              		.loc 1 2646 7 view .LVU836
2646:Middlewares/Third_Party/FreeRTOS/Source/tasks.c **** 						break;
 2977              		.loc 1 2646 28 is_stmt 0 view .LVU837
 2978 00ce 0C4A     		ldr	r2, .L233+20
 2979 00d0 1360     		str	r3, [r2]
2647:Middlewares/Third_Party/FreeRTOS/Source/tasks.c **** 					}
 2980              		.loc 1 2647 7 is_stmt 1 view .LVU838
 2981 00d2 BDE7     		b	.L217
 2982              	.LVL203:
 2983              	.L212:
2647:Middlewares/Third_Party/FreeRTOS/Source/tasks.c **** 					}
 2984              		.loc 1 2647 7 is_stmt 0 view .LVU839
 2985              	.LBE163:
2727:Middlewares/Third_Party/FreeRTOS/Source/tasks.c **** 
 2986              		.loc 1 2727 3 is_stmt 1 view .LVU840
 2987 00d4 0E4A     		ldr	r2, .L233+36
 2988 00d6 1368     		ldr	r3, [r2]
 2989 00d8 0133     		adds	r3, r3, #1
 2990 00da 1360     		str	r3, [r2]
2587:Middlewares/Third_Party/FreeRTOS/Source/tasks.c **** 
 2991              		.loc 1 2587 12 is_stmt 0 view .LVU841
 2992 00dc 0027     		movs	r7, #0
 2993              	.LVL204:
 2994              	.L224:
2740:Middlewares/Third_Party/FreeRTOS/Source/tasks.c **** 		{
 2995              		.loc 1 2740 3 is_stmt 1 view .LVU842
2740:Middlewares/Third_Party/FreeRTOS/Source/tasks.c **** 		{
 2996              		.loc 1 2740 21 is_stmt 0 view .LVU843
 2997 00de 0D4B     		ldr	r3, .L233+40
 2998 00e0 1B68     		ldr	r3, [r3]
2740:Middlewares/Third_Party/FreeRTOS/Source/tasks.c **** 		{
ARM GAS  /tmp/ccZZCKwI.s 			page 158


 2999              		.loc 1 2740 5 view .LVU844
 3000 00e2 03B1     		cbz	r3, .L211
2742:Middlewares/Third_Party/FreeRTOS/Source/tasks.c **** 		}
 3001              		.loc 1 2742 20 view .LVU845
 3002 00e4 0127     		movs	r7, #1
 3003              	.LVL205:
2746:Middlewares/Third_Party/FreeRTOS/Source/tasks.c **** 		}
 3004              		.loc 1 2746 28 is_stmt 1 view .LVU846
2751:Middlewares/Third_Party/FreeRTOS/Source/tasks.c **** }
 3005              		.loc 1 2751 2 view .LVU847
 3006              	.L211:
2752:Middlewares/Third_Party/FreeRTOS/Source/tasks.c **** /*-----------------------------------------------------------*/
 3007              		.loc 1 2752 1 is_stmt 0 view .LVU848
 3008 00e6 3846     		mov	r0, r7
 3009 00e8 F8BD     		pop	{r3, r4, r5, r6, r7, pc}
 3010              	.L234:
 3011 00ea 00BF     		.align	2
 3012              	.L233:
 3013 00ec 00000000 		.word	uxSchedulerSuspended
 3014 00f0 00000000 		.word	xTickCount
 3015 00f4 00000000 		.word	pxDelayedTaskList
 3016 00f8 00000000 		.word	pxOverflowDelayedTaskList
 3017 00fc 00000000 		.word	xNumOfOverflows
 3018 0100 00000000 		.word	xNextTaskUnblockTime
 3019 0104 00000000 		.word	pxCurrentTCB
 3020 0108 00000000 		.word	pxReadyTasksLists
 3021 010c 00000000 		.word	uxTopReadyPriority
 3022 0110 00000000 		.word	uxPendedTicks
 3023 0114 00000000 		.word	xYieldPending
 3024              		.cfi_endproc
 3025              	.LFE28:
 3027              		.section	.text.xTaskResumeAll,"ax",%progbits
 3028              		.align	1
 3029              		.global	xTaskResumeAll
 3030              		.syntax unified
 3031              		.thumb
 3032              		.thumb_func
 3034              	xTaskResumeAll:
 3035              	.LFB22:
2100:Middlewares/Third_Party/FreeRTOS/Source/tasks.c **** TCB_t *pxTCB = NULL;
 3036              		.loc 1 2100 1 is_stmt 1 view -0
 3037              		.cfi_startproc
 3038              		@ args = 0, pretend = 0, frame = 0
 3039              		@ frame_needed = 0, uses_anonymous_args = 0
 3040 0000 38B5     		push	{r3, r4, r5, lr}
 3041              	.LCFI28:
 3042              		.cfi_def_cfa_offset 16
 3043              		.cfi_offset 3, -16
 3044              		.cfi_offset 4, -12
 3045              		.cfi_offset 5, -8
 3046              		.cfi_offset 14, -4
2101:Middlewares/Third_Party/FreeRTOS/Source/tasks.c **** BaseType_t xAlreadyYielded = pdFALSE;
 3047              		.loc 1 2101 1 view .LVU850
 3048              	.LVL206:
2102:Middlewares/Third_Party/FreeRTOS/Source/tasks.c **** 
 3049              		.loc 1 2102 1 view .LVU851
2106:Middlewares/Third_Party/FreeRTOS/Source/tasks.c **** 
ARM GAS  /tmp/ccZZCKwI.s 			page 159


 3050              		.loc 1 2106 2 view .LVU852
 3051 0002 354B     		ldr	r3, .L252
 3052 0004 1B68     		ldr	r3, [r3]
 3053 0006 43B9     		cbnz	r3, .L236
2106:Middlewares/Third_Party/FreeRTOS/Source/tasks.c **** 
 3054              		.loc 1 2106 2 discriminator 1 view .LVU853
 3055              	.LBB164:
 3056              	.LBI164:
 191:Middlewares/Third_Party/FreeRTOS/Source/portable/GCC/ARM_CM4F/portmacro.h **** {
 3057              		.loc 2 191 30 view .LVU854
 3058              	.LBB165:
 193:Middlewares/Third_Party/FreeRTOS/Source/portable/GCC/ARM_CM4F/portmacro.h **** 
 3059              		.loc 2 193 1 view .LVU855
 195:Middlewares/Third_Party/FreeRTOS/Source/portable/GCC/ARM_CM4F/portmacro.h **** 	(
 3060              		.loc 2 195 2 view .LVU856
 3061              		.syntax unified
 3062              	@ 195 "Middlewares/Third_Party/FreeRTOS/Source/portable/GCC/ARM_CM4F/portmacro.h" 1
 3063 0008 4FF05003 			mov r3, #80												
 3064 000c 83F31188 		msr basepri, r3											
 3065 0010 BFF36F8F 		isb														
 3066 0014 BFF34F8F 		dsb														
 3067              	
 3068              	@ 0 "" 2
 3069              		.thumb
 3070              		.syntax unified
 3071              	.L237:
 3072              	.LBE165:
 3073              	.LBE164:
2106:Middlewares/Third_Party/FreeRTOS/Source/tasks.c **** 
 3074              		.loc 1 2106 2 discriminator 3 view .LVU857
2106:Middlewares/Third_Party/FreeRTOS/Source/tasks.c **** 
 3075              		.loc 1 2106 2 discriminator 3 view .LVU858
 3076 0018 FEE7     		b	.L237
 3077              	.L236:
2106:Middlewares/Third_Party/FreeRTOS/Source/tasks.c **** 
 3078              		.loc 1 2106 38 discriminator 2 view .LVU859
2113:Middlewares/Third_Party/FreeRTOS/Source/tasks.c **** 	{
 3079              		.loc 1 2113 2 view .LVU860
 3080 001a FFF7FEFF 		bl	vPortEnterCritical
 3081              	.LVL207:
2115:Middlewares/Third_Party/FreeRTOS/Source/tasks.c **** 
 3082              		.loc 1 2115 3 view .LVU861
 3083 001e 2E4B     		ldr	r3, .L252
 3084 0020 1A68     		ldr	r2, [r3]
 3085 0022 013A     		subs	r2, r2, #1
 3086 0024 1A60     		str	r2, [r3]
2117:Middlewares/Third_Party/FreeRTOS/Source/tasks.c **** 		{
 3087              		.loc 1 2117 3 view .LVU862
2117:Middlewares/Third_Party/FreeRTOS/Source/tasks.c **** 		{
 3088              		.loc 1 2117 28 is_stmt 0 view .LVU863
 3089 0026 1B68     		ldr	r3, [r3]
2117:Middlewares/Third_Party/FreeRTOS/Source/tasks.c **** 		{
 3090              		.loc 1 2117 5 view .LVU864
 3091 0028 002B     		cmp	r3, #0
 3092 002a 4FD1     		bne	.L247
2119:Middlewares/Third_Party/FreeRTOS/Source/tasks.c **** 			{
 3093              		.loc 1 2119 4 is_stmt 1 view .LVU865
ARM GAS  /tmp/ccZZCKwI.s 			page 160


2119:Middlewares/Third_Party/FreeRTOS/Source/tasks.c **** 			{
 3094              		.loc 1 2119 31 is_stmt 0 view .LVU866
 3095 002c 2B4B     		ldr	r3, .L252+4
 3096 002e 1B68     		ldr	r3, [r3]
2119:Middlewares/Third_Party/FreeRTOS/Source/tasks.c **** 			{
 3097              		.loc 1 2119 6 view .LVU867
 3098 0030 0BB9     		cbnz	r3, .L248
2102:Middlewares/Third_Party/FreeRTOS/Source/tasks.c **** 
 3099              		.loc 1 2102 12 view .LVU868
 3100 0032 0024     		movs	r4, #0
 3101 0034 4BE0     		b	.L238
 3102              	.L248:
2101:Middlewares/Third_Party/FreeRTOS/Source/tasks.c **** BaseType_t xAlreadyYielded = pdFALSE;
 3103              		.loc 1 2101 8 view .LVU869
 3104 0036 0024     		movs	r4, #0
 3105              	.LVL208:
 3106              	.L239:
2138:Middlewares/Third_Party/FreeRTOS/Source/tasks.c **** 					}
 3107              		.loc 1 2138 31 is_stmt 1 view .LVU870
2123:Middlewares/Third_Party/FreeRTOS/Source/tasks.c **** 				{
 3108              		.loc 1 2123 52 view .LVU871
2123:Middlewares/Third_Party/FreeRTOS/Source/tasks.c **** 				{
 3109              		.loc 1 2123 12 is_stmt 0 view .LVU872
 3110 0038 294B     		ldr	r3, .L252+8
 3111 003a 1B68     		ldr	r3, [r3]
2123:Middlewares/Third_Party/FreeRTOS/Source/tasks.c **** 				{
 3112              		.loc 1 2123 52 view .LVU873
 3113 003c 1BB3     		cbz	r3, .L250
2125:Middlewares/Third_Party/FreeRTOS/Source/tasks.c **** 					( void ) uxListRemove( &( pxTCB->xEventListItem ) );
 3114              		.loc 1 2125 6 is_stmt 1 view .LVU874
2125:Middlewares/Third_Party/FreeRTOS/Source/tasks.c **** 					( void ) uxListRemove( &( pxTCB->xEventListItem ) );
 3115              		.loc 1 2125 26 is_stmt 0 view .LVU875
 3116 003e 284B     		ldr	r3, .L252+8
 3117 0040 DB68     		ldr	r3, [r3, #12]
2125:Middlewares/Third_Party/FreeRTOS/Source/tasks.c **** 					( void ) uxListRemove( &( pxTCB->xEventListItem ) );
 3118              		.loc 1 2125 12 view .LVU876
 3119 0042 DC68     		ldr	r4, [r3, #12]
 3120              	.LVL209:
2126:Middlewares/Third_Party/FreeRTOS/Source/tasks.c **** 					( void ) uxListRemove( &( pxTCB->xStateListItem ) );
 3121              		.loc 1 2126 6 is_stmt 1 view .LVU877
2126:Middlewares/Third_Party/FreeRTOS/Source/tasks.c **** 					( void ) uxListRemove( &( pxTCB->xStateListItem ) );
 3122              		.loc 1 2126 15 is_stmt 0 view .LVU878
 3123 0044 04F11800 		add	r0, r4, #24
 3124 0048 FFF7FEFF 		bl	uxListRemove
 3125              	.LVL210:
2127:Middlewares/Third_Party/FreeRTOS/Source/tasks.c **** 					prvAddTaskToReadyList( pxTCB );
 3126              		.loc 1 2127 6 is_stmt 1 view .LVU879
2127:Middlewares/Third_Party/FreeRTOS/Source/tasks.c **** 					prvAddTaskToReadyList( pxTCB );
 3127              		.loc 1 2127 15 is_stmt 0 view .LVU880
 3128 004c 251D     		adds	r5, r4, #4
 3129 004e 2846     		mov	r0, r5
 3130 0050 FFF7FEFF 		bl	uxListRemove
 3131              	.LVL211:
2128:Middlewares/Third_Party/FreeRTOS/Source/tasks.c **** 
 3132              		.loc 1 2128 6 is_stmt 1 view .LVU881
2128:Middlewares/Third_Party/FreeRTOS/Source/tasks.c **** 
 3133              		.loc 1 2128 6 view .LVU882
ARM GAS  /tmp/ccZZCKwI.s 			page 161


 3134 0054 E06A     		ldr	r0, [r4, #44]
 3135 0056 234B     		ldr	r3, .L252+12
 3136 0058 1B68     		ldr	r3, [r3]
 3137 005a 9842     		cmp	r0, r3
 3138 005c 01D9     		bls	.L240
2128:Middlewares/Third_Party/FreeRTOS/Source/tasks.c **** 
 3139              		.loc 1 2128 6 discriminator 1 view .LVU883
 3140 005e 214B     		ldr	r3, .L252+12
 3141 0060 1860     		str	r0, [r3]
 3142              	.L240:
2128:Middlewares/Third_Party/FreeRTOS/Source/tasks.c **** 
 3143              		.loc 1 2128 6 discriminator 3 view .LVU884
2128:Middlewares/Third_Party/FreeRTOS/Source/tasks.c **** 
 3144              		.loc 1 2128 6 discriminator 3 view .LVU885
 3145 0062 00EB8000 		add	r0, r0, r0, lsl #2
 3146 0066 2946     		mov	r1, r5
 3147 0068 1F4B     		ldr	r3, .L252+16
 3148 006a 03EB8000 		add	r0, r3, r0, lsl #2
 3149 006e FFF7FEFF 		bl	vListInsertEnd
 3150              	.LVL212:
2128:Middlewares/Third_Party/FreeRTOS/Source/tasks.c **** 
 3151              		.loc 1 2128 36 discriminator 1 view .LVU886
2132:Middlewares/Third_Party/FreeRTOS/Source/tasks.c **** 					{
 3152              		.loc 1 2132 6 view .LVU887
2132:Middlewares/Third_Party/FreeRTOS/Source/tasks.c **** 					{
 3153              		.loc 1 2132 15 is_stmt 0 view .LVU888
 3154 0072 E26A     		ldr	r2, [r4, #44]
2132:Middlewares/Third_Party/FreeRTOS/Source/tasks.c **** 					{
 3155              		.loc 1 2132 43 view .LVU889
 3156 0074 1D4B     		ldr	r3, .L252+20
 3157 0076 1B68     		ldr	r3, [r3]
 3158 0078 DB6A     		ldr	r3, [r3, #44]
2132:Middlewares/Third_Party/FreeRTOS/Source/tasks.c **** 					{
 3159              		.loc 1 2132 8 view .LVU890
 3160 007a 9A42     		cmp	r2, r3
 3161 007c DCD3     		bcc	.L239
2134:Middlewares/Third_Party/FreeRTOS/Source/tasks.c **** 					}
 3162              		.loc 1 2134 7 is_stmt 1 view .LVU891
2134:Middlewares/Third_Party/FreeRTOS/Source/tasks.c **** 					}
 3163              		.loc 1 2134 21 is_stmt 0 view .LVU892
 3164 007e 1C4B     		ldr	r3, .L252+24
 3165 0080 0122     		movs	r2, #1
 3166 0082 1A60     		str	r2, [r3]
 3167 0084 D8E7     		b	.L239
 3168              	.L250:
2142:Middlewares/Third_Party/FreeRTOS/Source/tasks.c **** 				{
 3169              		.loc 1 2142 5 is_stmt 1 view .LVU893
2142:Middlewares/Third_Party/FreeRTOS/Source/tasks.c **** 				{
 3170              		.loc 1 2142 7 is_stmt 0 view .LVU894
 3171 0086 0CB1     		cbz	r4, .L243
2150:Middlewares/Third_Party/FreeRTOS/Source/tasks.c **** 				}
 3172              		.loc 1 2150 6 is_stmt 1 view .LVU895
 3173 0088 FFF7FEFF 		bl	prvResetNextTaskUnblockTime
 3174              	.LVL213:
 3175              	.L243:
 3176              	.LBB166:
2158:Middlewares/Third_Party/FreeRTOS/Source/tasks.c **** 
ARM GAS  /tmp/ccZZCKwI.s 			page 162


 3177              		.loc 1 2158 6 view .LVU896
2158:Middlewares/Third_Party/FreeRTOS/Source/tasks.c **** 
 3178              		.loc 1 2158 18 is_stmt 0 view .LVU897
 3179 008c 194B     		ldr	r3, .L252+28
 3180 008e 1C68     		ldr	r4, [r3]
 3181              	.LVL214:
2160:Middlewares/Third_Party/FreeRTOS/Source/tasks.c **** 					{
 3182              		.loc 1 2160 6 is_stmt 1 view .LVU898
2160:Middlewares/Third_Party/FreeRTOS/Source/tasks.c **** 					{
 3183              		.loc 1 2160 8 is_stmt 0 view .LVU899
 3184 0090 84B9     		cbnz	r4, .L246
 3185              	.L244:
2179:Middlewares/Third_Party/FreeRTOS/Source/tasks.c **** 					}
 3186              		.loc 1 2179 31 is_stmt 1 view .LVU900
 3187              	.LBE166:
2183:Middlewares/Third_Party/FreeRTOS/Source/tasks.c **** 				{
 3188              		.loc 1 2183 5 view .LVU901
2183:Middlewares/Third_Party/FreeRTOS/Source/tasks.c **** 				{
 3189              		.loc 1 2183 23 is_stmt 0 view .LVU902
 3190 0092 174B     		ldr	r3, .L252+24
 3191 0094 1C68     		ldr	r4, [r3]
 3192              	.LVL215:
2183:Middlewares/Third_Party/FreeRTOS/Source/tasks.c **** 				{
 3193              		.loc 1 2183 7 view .LVU903
 3194 0096 D4B1     		cbz	r4, .L238
2187:Middlewares/Third_Party/FreeRTOS/Source/tasks.c **** 					}
 3195              		.loc 1 2187 7 is_stmt 1 view .LVU904
 3196              	.LVL216:
2190:Middlewares/Third_Party/FreeRTOS/Source/tasks.c **** 				}
 3197              		.loc 1 2190 6 view .LVU905
 3198 0098 4FF0E023 		mov	r3, #-536813568
 3199 009c 4FF08052 		mov	r2, #268435456
 3200 00a0 C3F8042D 		str	r2, [r3, #3332]
2190:Middlewares/Third_Party/FreeRTOS/Source/tasks.c **** 				}
 3201              		.loc 1 2190 6 view .LVU906
 3202              		.syntax unified
 3203              	@ 2190 "Middlewares/Third_Party/FreeRTOS/Source/tasks.c" 1
 3204 00a4 BFF34F8F 		dsb
 3205              	@ 0 "" 2
2190:Middlewares/Third_Party/FreeRTOS/Source/tasks.c **** 				}
 3206              		.loc 1 2190 6 view .LVU907
 3207              	@ 2190 "Middlewares/Third_Party/FreeRTOS/Source/tasks.c" 1
 3208 00a8 BFF36F8F 		isb
 3209              	@ 0 "" 2
2190:Middlewares/Third_Party/FreeRTOS/Source/tasks.c **** 				}
 3210              		.loc 1 2190 37 view .LVU908
2187:Middlewares/Third_Party/FreeRTOS/Source/tasks.c **** 					}
 3211              		.loc 1 2187 23 is_stmt 0 view .LVU909
 3212              		.thumb
 3213              		.syntax unified
 3214 00ac 0124     		movs	r4, #1
 3215 00ae 0EE0     		b	.L238
 3216              	.LVL217:
 3217              	.L245:
 3218              	.LBB167:
2170:Middlewares/Third_Party/FreeRTOS/Source/tasks.c **** 							}
 3219              		.loc 1 2170 33 is_stmt 1 view .LVU910
ARM GAS  /tmp/ccZZCKwI.s 			page 163


2172:Middlewares/Third_Party/FreeRTOS/Source/tasks.c **** 						} while( uxPendedCounts > ( UBaseType_t ) 0U );
 3220              		.loc 1 2172 8 view .LVU911
2173:Middlewares/Third_Party/FreeRTOS/Source/tasks.c **** 
 3221              		.loc 1 2173 31 view .LVU912
 3222 00b0 013C     		subs	r4, r4, #1
 3223              	.LVL218:
2173:Middlewares/Third_Party/FreeRTOS/Source/tasks.c **** 
 3224              		.loc 1 2173 31 is_stmt 0 view .LVU913
 3225 00b2 07D0     		beq	.L251
 3226              	.L246:
2162:Middlewares/Third_Party/FreeRTOS/Source/tasks.c **** 						{
 3227              		.loc 1 2162 7 is_stmt 1 view .LVU914
2164:Middlewares/Third_Party/FreeRTOS/Source/tasks.c **** 							{
 3228              		.loc 1 2164 8 view .LVU915
2164:Middlewares/Third_Party/FreeRTOS/Source/tasks.c **** 							{
 3229              		.loc 1 2164 12 is_stmt 0 view .LVU916
 3230 00b4 FFF7FEFF 		bl	xTaskIncrementTick
 3231              	.LVL219:
2164:Middlewares/Third_Party/FreeRTOS/Source/tasks.c **** 							{
 3232              		.loc 1 2164 10 discriminator 1 view .LVU917
 3233 00b8 0028     		cmp	r0, #0
 3234 00ba F9D0     		beq	.L245
2166:Middlewares/Third_Party/FreeRTOS/Source/tasks.c **** 							}
 3235              		.loc 1 2166 9 is_stmt 1 view .LVU918
2166:Middlewares/Third_Party/FreeRTOS/Source/tasks.c **** 							}
 3236              		.loc 1 2166 23 is_stmt 0 view .LVU919
 3237 00bc 0C4B     		ldr	r3, .L252+24
 3238 00be 0122     		movs	r2, #1
 3239 00c0 1A60     		str	r2, [r3]
 3240 00c2 F5E7     		b	.L245
 3241              	.L251:
2175:Middlewares/Third_Party/FreeRTOS/Source/tasks.c **** 					}
 3242              		.loc 1 2175 7 is_stmt 1 view .LVU920
2175:Middlewares/Third_Party/FreeRTOS/Source/tasks.c **** 					}
 3243              		.loc 1 2175 21 is_stmt 0 view .LVU921
 3244 00c4 0B4B     		ldr	r3, .L252+28
 3245 00c6 0022     		movs	r2, #0
 3246 00c8 1A60     		str	r2, [r3]
 3247 00ca E2E7     		b	.L244
 3248              	.LVL220:
 3249              	.L247:
2175:Middlewares/Third_Party/FreeRTOS/Source/tasks.c **** 					}
 3250              		.loc 1 2175 21 view .LVU922
 3251              	.LBE167:
2102:Middlewares/Third_Party/FreeRTOS/Source/tasks.c **** 
 3252              		.loc 1 2102 12 view .LVU923
 3253 00cc 0024     		movs	r4, #0
 3254              	.LVL221:
 3255              	.L238:
2200:Middlewares/Third_Party/FreeRTOS/Source/tasks.c **** 		}
 3256              		.loc 1 2200 28 is_stmt 1 view .LVU924
2203:Middlewares/Third_Party/FreeRTOS/Source/tasks.c **** 
 3257              		.loc 1 2203 2 view .LVU925
 3258 00ce FFF7FEFF 		bl	vPortExitCritical
 3259              	.LVL222:
2205:Middlewares/Third_Party/FreeRTOS/Source/tasks.c **** }
 3260              		.loc 1 2205 2 view .LVU926
ARM GAS  /tmp/ccZZCKwI.s 			page 164


2206:Middlewares/Third_Party/FreeRTOS/Source/tasks.c **** /*-----------------------------------------------------------*/
 3261              		.loc 1 2206 1 is_stmt 0 view .LVU927
 3262 00d2 2046     		mov	r0, r4
 3263 00d4 38BD     		pop	{r3, r4, r5, pc}
 3264              	.LVL223:
 3265              	.L253:
2206:Middlewares/Third_Party/FreeRTOS/Source/tasks.c **** /*-----------------------------------------------------------*/
 3266              		.loc 1 2206 1 view .LVU928
 3267 00d6 00BF     		.align	2
 3268              	.L252:
 3269 00d8 00000000 		.word	uxSchedulerSuspended
 3270 00dc 00000000 		.word	uxCurrentNumberOfTasks
 3271 00e0 00000000 		.word	xPendingReadyList
 3272 00e4 00000000 		.word	uxTopReadyPriority
 3273 00e8 00000000 		.word	pxReadyTasksLists
 3274 00ec 00000000 		.word	pxCurrentTCB
 3275 00f0 00000000 		.word	xYieldPending
 3276 00f4 00000000 		.word	uxPendedTicks
 3277              		.cfi_endproc
 3278              	.LFE22:
 3280              		.section	.text.vTaskDelayUntil,"ax",%progbits
 3281              		.align	1
 3282              		.global	vTaskDelayUntil
 3283              		.syntax unified
 3284              		.thumb
 3285              		.thumb_func
 3287              	vTaskDelayUntil:
 3288              	.LVL224:
 3289              	.LFB9:
1199:Middlewares/Third_Party/FreeRTOS/Source/tasks.c **** 	TickType_t xTimeToWake;
 3290              		.loc 1 1199 2 is_stmt 1 view -0
 3291              		.cfi_startproc
 3292              		@ args = 0, pretend = 0, frame = 0
 3293              		@ frame_needed = 0, uses_anonymous_args = 0
1199:Middlewares/Third_Party/FreeRTOS/Source/tasks.c **** 	TickType_t xTimeToWake;
 3294              		.loc 1 1199 2 is_stmt 0 view .LVU930
 3295 0000 38B5     		push	{r3, r4, r5, lr}
 3296              	.LCFI29:
 3297              		.cfi_def_cfa_offset 16
 3298              		.cfi_offset 3, -16
 3299              		.cfi_offset 4, -12
 3300              		.cfi_offset 5, -8
 3301              		.cfi_offset 14, -4
1200:Middlewares/Third_Party/FreeRTOS/Source/tasks.c **** 	BaseType_t xAlreadyYielded, xShouldDelay = pdFALSE;
 3302              		.loc 1 1200 2 is_stmt 1 view .LVU931
1201:Middlewares/Third_Party/FreeRTOS/Source/tasks.c **** 
 3303              		.loc 1 1201 2 view .LVU932
 3304              	.LVL225:
1203:Middlewares/Third_Party/FreeRTOS/Source/tasks.c **** 		configASSERT( ( xTimeIncrement > 0U ) );
 3305              		.loc 1 1203 3 view .LVU933
 3306 0002 58B1     		cbz	r0, .L270
 3307 0004 0C46     		mov	r4, r1
 3308 0006 0546     		mov	r5, r0
1203:Middlewares/Third_Party/FreeRTOS/Source/tasks.c **** 		configASSERT( ( xTimeIncrement > 0U ) );
 3309              		.loc 1 1203 37 discriminator 2 view .LVU934
1204:Middlewares/Third_Party/FreeRTOS/Source/tasks.c **** 		configASSERT( uxSchedulerSuspended == 0 );
 3310              		.loc 1 1204 3 view .LVU935
ARM GAS  /tmp/ccZZCKwI.s 			page 165


 3311 0008 89B9     		cbnz	r1, .L257
1204:Middlewares/Third_Party/FreeRTOS/Source/tasks.c **** 		configASSERT( uxSchedulerSuspended == 0 );
 3312              		.loc 1 1204 3 discriminator 1 view .LVU936
 3313              	.LBB168:
 3314              	.LBI168:
 191:Middlewares/Third_Party/FreeRTOS/Source/portable/GCC/ARM_CM4F/portmacro.h **** {
 3315              		.loc 2 191 30 view .LVU937
 3316              	.LBB169:
 193:Middlewares/Third_Party/FreeRTOS/Source/portable/GCC/ARM_CM4F/portmacro.h **** 
 3317              		.loc 2 193 1 view .LVU938
 195:Middlewares/Third_Party/FreeRTOS/Source/portable/GCC/ARM_CM4F/portmacro.h **** 	(
 3318              		.loc 2 195 2 view .LVU939
 3319              		.syntax unified
 3320              	@ 195 "Middlewares/Third_Party/FreeRTOS/Source/portable/GCC/ARM_CM4F/portmacro.h" 1
 3321 000a 4FF05003 			mov r3, #80												
 3322 000e 83F31188 		msr basepri, r3											
 3323 0012 BFF36F8F 		isb														
 3324 0016 BFF34F8F 		dsb														
 3325              	
 3326              	@ 0 "" 2
 3327              		.thumb
 3328              		.syntax unified
 3329              	.L258:
 3330              	.LBE169:
 3331              	.LBE168:
1204:Middlewares/Third_Party/FreeRTOS/Source/tasks.c **** 		configASSERT( uxSchedulerSuspended == 0 );
 3332              		.loc 1 1204 3 discriminator 3 view .LVU940
1204:Middlewares/Third_Party/FreeRTOS/Source/tasks.c **** 		configASSERT( uxSchedulerSuspended == 0 );
 3333              		.loc 1 1204 3 discriminator 3 view .LVU941
 3334 001a FEE7     		b	.L258
 3335              	.L270:
1203:Middlewares/Third_Party/FreeRTOS/Source/tasks.c **** 		configASSERT( ( xTimeIncrement > 0U ) );
 3336              		.loc 1 1203 3 discriminator 1 view .LVU942
 3337              	.LBB170:
 3338              	.LBI170:
 191:Middlewares/Third_Party/FreeRTOS/Source/portable/GCC/ARM_CM4F/portmacro.h **** {
 3339              		.loc 2 191 30 view .LVU943
 3340              	.LBB171:
 193:Middlewares/Third_Party/FreeRTOS/Source/portable/GCC/ARM_CM4F/portmacro.h **** 
 3341              		.loc 2 193 1 view .LVU944
 195:Middlewares/Third_Party/FreeRTOS/Source/portable/GCC/ARM_CM4F/portmacro.h **** 	(
 3342              		.loc 2 195 2 view .LVU945
 3343              		.syntax unified
 3344              	@ 195 "Middlewares/Third_Party/FreeRTOS/Source/portable/GCC/ARM_CM4F/portmacro.h" 1
 3345 001c 4FF05003 			mov r3, #80												
 3346 0020 83F31188 		msr basepri, r3											
 3347 0024 BFF36F8F 		isb														
 3348 0028 BFF34F8F 		dsb														
 3349              	
 3350              	@ 0 "" 2
 3351              		.thumb
 3352              		.syntax unified
 3353              	.L256:
 3354              	.LBE171:
 3355              	.LBE170:
1203:Middlewares/Third_Party/FreeRTOS/Source/tasks.c **** 		configASSERT( ( xTimeIncrement > 0U ) );
 3356              		.loc 1 1203 3 discriminator 3 view .LVU946
ARM GAS  /tmp/ccZZCKwI.s 			page 166


1203:Middlewares/Third_Party/FreeRTOS/Source/tasks.c **** 		configASSERT( ( xTimeIncrement > 0U ) );
 3357              		.loc 1 1203 3 discriminator 3 view .LVU947
 3358 002c FEE7     		b	.L256
 3359              	.L257:
1204:Middlewares/Third_Party/FreeRTOS/Source/tasks.c **** 		configASSERT( uxSchedulerSuspended == 0 );
 3360              		.loc 1 1204 42 discriminator 2 view .LVU948
1205:Middlewares/Third_Party/FreeRTOS/Source/tasks.c **** 
 3361              		.loc 1 1205 3 view .LVU949
 3362 002e 1B4B     		ldr	r3, .L271
 3363 0030 1B68     		ldr	r3, [r3]
 3364 0032 43B1     		cbz	r3, .L259
1205:Middlewares/Third_Party/FreeRTOS/Source/tasks.c **** 
 3365              		.loc 1 1205 3 discriminator 1 view .LVU950
 3366              	.LBB172:
 3367              	.LBI172:
 191:Middlewares/Third_Party/FreeRTOS/Source/portable/GCC/ARM_CM4F/portmacro.h **** {
 3368              		.loc 2 191 30 view .LVU951
 3369              	.LBB173:
 193:Middlewares/Third_Party/FreeRTOS/Source/portable/GCC/ARM_CM4F/portmacro.h **** 
 3370              		.loc 2 193 1 view .LVU952
 195:Middlewares/Third_Party/FreeRTOS/Source/portable/GCC/ARM_CM4F/portmacro.h **** 	(
 3371              		.loc 2 195 2 view .LVU953
 3372              		.syntax unified
 3373              	@ 195 "Middlewares/Third_Party/FreeRTOS/Source/portable/GCC/ARM_CM4F/portmacro.h" 1
 3374 0034 4FF05003 			mov r3, #80												
 3375 0038 83F31188 		msr basepri, r3											
 3376 003c BFF36F8F 		isb														
 3377 0040 BFF34F8F 		dsb														
 3378              	
 3379              	@ 0 "" 2
 3380              		.thumb
 3381              		.syntax unified
 3382              	.L260:
 3383              	.LBE173:
 3384              	.LBE172:
1205:Middlewares/Third_Party/FreeRTOS/Source/tasks.c **** 
 3385              		.loc 1 1205 3 discriminator 3 view .LVU954
1205:Middlewares/Third_Party/FreeRTOS/Source/tasks.c **** 
 3386              		.loc 1 1205 3 discriminator 3 view .LVU955
 3387 0044 FEE7     		b	.L260
 3388              	.L259:
1205:Middlewares/Third_Party/FreeRTOS/Source/tasks.c **** 
 3389              		.loc 1 1205 44 discriminator 2 view .LVU956
1207:Middlewares/Third_Party/FreeRTOS/Source/tasks.c **** 		{
 3390              		.loc 1 1207 3 view .LVU957
 3391 0046 FFF7FEFF 		bl	vTaskSuspendAll
 3392              	.LVL226:
 3393              	.LBB174:
1211:Middlewares/Third_Party/FreeRTOS/Source/tasks.c **** 
 3394              		.loc 1 1211 4 view .LVU958
1211:Middlewares/Third_Party/FreeRTOS/Source/tasks.c **** 
 3395              		.loc 1 1211 21 is_stmt 0 view .LVU959
 3396 004a 154B     		ldr	r3, .L271+4
 3397 004c 1868     		ldr	r0, [r3]
 3398              	.LVL227:
1214:Middlewares/Third_Party/FreeRTOS/Source/tasks.c **** 
 3399              		.loc 1 1214 4 is_stmt 1 view .LVU960
ARM GAS  /tmp/ccZZCKwI.s 			page 167


1214:Middlewares/Third_Party/FreeRTOS/Source/tasks.c **** 
 3400              		.loc 1 1214 18 is_stmt 0 view .LVU961
 3401 004e 2B68     		ldr	r3, [r5]
1214:Middlewares/Third_Party/FreeRTOS/Source/tasks.c **** 
 3402              		.loc 1 1214 16 view .LVU962
 3403 0050 1C44     		add	r4, r4, r3
 3404              	.LVL228:
1216:Middlewares/Third_Party/FreeRTOS/Source/tasks.c **** 			{
 3405              		.loc 1 1216 4 is_stmt 1 view .LVU963
1216:Middlewares/Third_Party/FreeRTOS/Source/tasks.c **** 			{
 3406              		.loc 1 1216 6 is_stmt 0 view .LVU964
 3407 0052 8342     		cmp	r3, r0
 3408 0054 09D9     		bls	.L261
1223:Middlewares/Third_Party/FreeRTOS/Source/tasks.c **** 				{
 3409              		.loc 1 1223 5 is_stmt 1 view .LVU965
1223:Middlewares/Third_Party/FreeRTOS/Source/tasks.c **** 				{
 3410              		.loc 1 1223 7 is_stmt 0 view .LVU966
 3411 0056 A342     		cmp	r3, r4
 3412 0058 01D8     		bhi	.L262
1248:Middlewares/Third_Party/FreeRTOS/Source/tasks.c **** 
 3413              		.loc 1 1248 4 is_stmt 1 view .LVU967
1248:Middlewares/Third_Party/FreeRTOS/Source/tasks.c **** 
 3414              		.loc 1 1248 24 is_stmt 0 view .LVU968
 3415 005a 2C60     		str	r4, [r5]
1250:Middlewares/Third_Party/FreeRTOS/Source/tasks.c **** 			{
 3416              		.loc 1 1250 4 is_stmt 1 view .LVU969
 3417 005c 0EE0     		b	.L263
 3418              	.L262:
1223:Middlewares/Third_Party/FreeRTOS/Source/tasks.c **** 				{
 3419              		.loc 1 1223 47 is_stmt 0 discriminator 1 view .LVU970
 3420 005e A042     		cmp	r0, r4
 3421 0060 01D3     		bcc	.L264
1248:Middlewares/Third_Party/FreeRTOS/Source/tasks.c **** 
 3422              		.loc 1 1248 4 is_stmt 1 view .LVU971
1248:Middlewares/Third_Party/FreeRTOS/Source/tasks.c **** 
 3423              		.loc 1 1248 24 is_stmt 0 view .LVU972
 3424 0062 2C60     		str	r4, [r5]
1250:Middlewares/Third_Party/FreeRTOS/Source/tasks.c **** 			{
 3425              		.loc 1 1250 4 is_stmt 1 view .LVU973
 3426 0064 0AE0     		b	.L263
 3427              	.L264:
1225:Middlewares/Third_Party/FreeRTOS/Source/tasks.c **** 				}
 3428              		.loc 1 1225 6 view .LVU974
 3429              	.LVL229:
1248:Middlewares/Third_Party/FreeRTOS/Source/tasks.c **** 
 3430              		.loc 1 1248 4 view .LVU975
1248:Middlewares/Third_Party/FreeRTOS/Source/tasks.c **** 
 3431              		.loc 1 1248 24 is_stmt 0 view .LVU976
 3432 0066 2C60     		str	r4, [r5]
1250:Middlewares/Third_Party/FreeRTOS/Source/tasks.c **** 			{
 3433              		.loc 1 1250 4 is_stmt 1 view .LVU977
 3434 0068 04E0     		b	.L265
 3435              	.LVL230:
 3436              	.L261:
1237:Middlewares/Third_Party/FreeRTOS/Source/tasks.c **** 				{
 3437              		.loc 1 1237 5 view .LVU978
1237:Middlewares/Third_Party/FreeRTOS/Source/tasks.c **** 				{
ARM GAS  /tmp/ccZZCKwI.s 			page 168


 3438              		.loc 1 1237 7 is_stmt 0 view .LVU979
 3439 006a A342     		cmp	r3, r4
 3440 006c 01D8     		bhi	.L266
1237:Middlewares/Third_Party/FreeRTOS/Source/tasks.c **** 				{
 3441              		.loc 1 1237 47 discriminator 1 view .LVU980
 3442 006e A042     		cmp	r0, r4
 3443 0070 12D2     		bcs	.L267
 3444              	.L266:
1239:Middlewares/Third_Party/FreeRTOS/Source/tasks.c **** 				}
 3445              		.loc 1 1239 6 is_stmt 1 view .LVU981
 3446              	.LVL231:
1248:Middlewares/Third_Party/FreeRTOS/Source/tasks.c **** 
 3447              		.loc 1 1248 4 view .LVU982
1248:Middlewares/Third_Party/FreeRTOS/Source/tasks.c **** 
 3448              		.loc 1 1248 24 is_stmt 0 view .LVU983
 3449 0072 2C60     		str	r4, [r5]
1250:Middlewares/Third_Party/FreeRTOS/Source/tasks.c **** 			{
 3450              		.loc 1 1250 4 is_stmt 1 view .LVU984
 3451              	.L265:
1252:Middlewares/Third_Party/FreeRTOS/Source/tasks.c **** 
 3452              		.loc 1 1252 41 view .LVU985
1256:Middlewares/Third_Party/FreeRTOS/Source/tasks.c **** 			}
 3453              		.loc 1 1256 5 view .LVU986
 3454 0074 0021     		movs	r1, #0
 3455 0076 201A     		subs	r0, r4, r0
 3456              	.LVL232:
1256:Middlewares/Third_Party/FreeRTOS/Source/tasks.c **** 			}
 3457              		.loc 1 1256 5 is_stmt 0 view .LVU987
 3458 0078 FFF7FEFF 		bl	prvAddCurrentTaskToDelayedList
 3459              	.LVL233:
 3460              	.L263:
1260:Middlewares/Third_Party/FreeRTOS/Source/tasks.c **** 			}
 3461              		.loc 1 1260 29 is_stmt 1 view .LVU988
 3462              	.LBE174:
1263:Middlewares/Third_Party/FreeRTOS/Source/tasks.c **** 
 3463              		.loc 1 1263 3 view .LVU989
1263:Middlewares/Third_Party/FreeRTOS/Source/tasks.c **** 
 3464              		.loc 1 1263 21 is_stmt 0 view .LVU990
 3465 007c FFF7FEFF 		bl	xTaskResumeAll
 3466              	.LVL234:
1267:Middlewares/Third_Party/FreeRTOS/Source/tasks.c **** 		{
 3467              		.loc 1 1267 3 is_stmt 1 view .LVU991
1267:Middlewares/Third_Party/FreeRTOS/Source/tasks.c **** 		{
 3468              		.loc 1 1267 5 is_stmt 0 view .LVU992
 3469 0080 48B9     		cbnz	r0, .L254
1269:Middlewares/Third_Party/FreeRTOS/Source/tasks.c **** 		}
 3470              		.loc 1 1269 4 is_stmt 1 view .LVU993
 3471 0082 4FF0E023 		mov	r3, #-536813568
 3472 0086 4FF08052 		mov	r2, #268435456
 3473 008a C3F8042D 		str	r2, [r3, #3332]
1269:Middlewares/Third_Party/FreeRTOS/Source/tasks.c **** 		}
 3474              		.loc 1 1269 4 view .LVU994
 3475              		.syntax unified
 3476              	@ 1269 "Middlewares/Third_Party/FreeRTOS/Source/tasks.c" 1
 3477 008e BFF34F8F 		dsb
 3478              	@ 0 "" 2
1269:Middlewares/Third_Party/FreeRTOS/Source/tasks.c **** 		}
ARM GAS  /tmp/ccZZCKwI.s 			page 169


 3479              		.loc 1 1269 4 view .LVU995
 3480              	@ 1269 "Middlewares/Third_Party/FreeRTOS/Source/tasks.c" 1
 3481 0092 BFF36F8F 		isb
 3482              	@ 0 "" 2
1269:Middlewares/Third_Party/FreeRTOS/Source/tasks.c **** 		}
 3483              		.loc 1 1269 26 view .LVU996
1273:Middlewares/Third_Party/FreeRTOS/Source/tasks.c **** 		}
 3484              		.loc 1 1273 28 view .LVU997
 3485              		.thumb
 3486              		.syntax unified
 3487              	.L254:
1275:Middlewares/Third_Party/FreeRTOS/Source/tasks.c **** 
 3488              		.loc 1 1275 2 is_stmt 0 view .LVU998
 3489 0096 38BD     		pop	{r3, r4, r5, pc}
 3490              	.LVL235:
 3491              	.L267:
 3492              	.LBB175:
1248:Middlewares/Third_Party/FreeRTOS/Source/tasks.c **** 
 3493              		.loc 1 1248 4 is_stmt 1 view .LVU999
1248:Middlewares/Third_Party/FreeRTOS/Source/tasks.c **** 
 3494              		.loc 1 1248 24 is_stmt 0 view .LVU1000
 3495 0098 2C60     		str	r4, [r5]
1250:Middlewares/Third_Party/FreeRTOS/Source/tasks.c **** 			{
 3496              		.loc 1 1250 4 is_stmt 1 view .LVU1001
 3497 009a EFE7     		b	.L263
 3498              	.L272:
 3499              		.align	2
 3500              	.L271:
 3501 009c 00000000 		.word	uxSchedulerSuspended
 3502 00a0 00000000 		.word	xTickCount
 3503              	.LBE175:
 3504              		.cfi_endproc
 3505              	.LFE9:
 3507              		.section	.text.vTaskDelay,"ax",%progbits
 3508              		.align	1
 3509              		.global	vTaskDelay
 3510              		.syntax unified
 3511              		.thumb
 3512              		.thumb_func
 3514              	vTaskDelay:
 3515              	.LVL236:
 3516              	.LFB10:
1283:Middlewares/Third_Party/FreeRTOS/Source/tasks.c **** 	BaseType_t xAlreadyYielded = pdFALSE;
 3517              		.loc 1 1283 2 view -0
 3518              		.cfi_startproc
 3519              		@ args = 0, pretend = 0, frame = 0
 3520              		@ frame_needed = 0, uses_anonymous_args = 0
1283:Middlewares/Third_Party/FreeRTOS/Source/tasks.c **** 	BaseType_t xAlreadyYielded = pdFALSE;
 3521              		.loc 1 1283 2 is_stmt 0 view .LVU1003
 3522 0000 10B5     		push	{r4, lr}
 3523              	.LCFI30:
 3524              		.cfi_def_cfa_offset 8
 3525              		.cfi_offset 4, -8
 3526              		.cfi_offset 14, -4
1284:Middlewares/Third_Party/FreeRTOS/Source/tasks.c **** 
 3527              		.loc 1 1284 2 is_stmt 1 view .LVU1004
 3528              	.LVL237:
ARM GAS  /tmp/ccZZCKwI.s 			page 170


1287:Middlewares/Third_Party/FreeRTOS/Source/tasks.c **** 		{
 3529              		.loc 1 1287 3 view .LVU1005
1287:Middlewares/Third_Party/FreeRTOS/Source/tasks.c **** 		{
 3530              		.loc 1 1287 5 is_stmt 0 view .LVU1006
 3531 0002 A8B1     		cbz	r0, .L274
 3532 0004 0446     		mov	r4, r0
1289:Middlewares/Third_Party/FreeRTOS/Source/tasks.c **** 			vTaskSuspendAll();
 3533              		.loc 1 1289 4 is_stmt 1 view .LVU1007
 3534 0006 104B     		ldr	r3, .L279
 3535 0008 1B68     		ldr	r3, [r3]
 3536 000a 43B1     		cbz	r3, .L275
1289:Middlewares/Third_Party/FreeRTOS/Source/tasks.c **** 			vTaskSuspendAll();
 3537              		.loc 1 1289 4 discriminator 1 view .LVU1008
 3538              	.LBB176:
 3539              	.LBI176:
 191:Middlewares/Third_Party/FreeRTOS/Source/portable/GCC/ARM_CM4F/portmacro.h **** {
 3540              		.loc 2 191 30 view .LVU1009
 3541              	.LBB177:
 193:Middlewares/Third_Party/FreeRTOS/Source/portable/GCC/ARM_CM4F/portmacro.h **** 
 3542              		.loc 2 193 1 view .LVU1010
 195:Middlewares/Third_Party/FreeRTOS/Source/portable/GCC/ARM_CM4F/portmacro.h **** 	(
 3543              		.loc 2 195 2 view .LVU1011
 3544              		.syntax unified
 3545              	@ 195 "Middlewares/Third_Party/FreeRTOS/Source/portable/GCC/ARM_CM4F/portmacro.h" 1
 3546 000c 4FF05003 			mov r3, #80												
 3547 0010 83F31188 		msr basepri, r3											
 3548 0014 BFF36F8F 		isb														
 3549 0018 BFF34F8F 		dsb														
 3550              	
 3551              	@ 0 "" 2
 3552              		.thumb
 3553              		.syntax unified
 3554              	.L276:
 3555              	.LBE177:
 3556              	.LBE176:
1289:Middlewares/Third_Party/FreeRTOS/Source/tasks.c **** 			vTaskSuspendAll();
 3557              		.loc 1 1289 4 discriminator 3 view .LVU1012
1289:Middlewares/Third_Party/FreeRTOS/Source/tasks.c **** 			vTaskSuspendAll();
 3558              		.loc 1 1289 4 discriminator 3 view .LVU1013
 3559 001c FEE7     		b	.L276
 3560              	.L275:
1289:Middlewares/Third_Party/FreeRTOS/Source/tasks.c **** 			vTaskSuspendAll();
 3561              		.loc 1 1289 45 discriminator 2 view .LVU1014
1290:Middlewares/Third_Party/FreeRTOS/Source/tasks.c **** 			{
 3562              		.loc 1 1290 4 view .LVU1015
 3563 001e FFF7FEFF 		bl	vTaskSuspendAll
 3564              	.LVL238:
1292:Middlewares/Third_Party/FreeRTOS/Source/tasks.c **** 
 3565              		.loc 1 1292 22 view .LVU1016
1301:Middlewares/Third_Party/FreeRTOS/Source/tasks.c **** 			}
 3566              		.loc 1 1301 5 view .LVU1017
 3567 0022 0021     		movs	r1, #0
 3568 0024 2046     		mov	r0, r4
 3569 0026 FFF7FEFF 		bl	prvAddCurrentTaskToDelayedList
 3570              	.LVL239:
1303:Middlewares/Third_Party/FreeRTOS/Source/tasks.c **** 		}
 3571              		.loc 1 1303 4 view .LVU1018
ARM GAS  /tmp/ccZZCKwI.s 			page 171


1303:Middlewares/Third_Party/FreeRTOS/Source/tasks.c **** 		}
 3572              		.loc 1 1303 22 is_stmt 0 view .LVU1019
 3573 002a FFF7FEFF 		bl	xTaskResumeAll
 3574              	.LVL240:
1307:Middlewares/Third_Party/FreeRTOS/Source/tasks.c **** 		}
 3575              		.loc 1 1307 28 is_stmt 1 view .LVU1020
1312:Middlewares/Third_Party/FreeRTOS/Source/tasks.c **** 		{
 3576              		.loc 1 1312 3 view .LVU1021
1312:Middlewares/Third_Party/FreeRTOS/Source/tasks.c **** 		{
 3577              		.loc 1 1312 5 is_stmt 0 view .LVU1022
 3578 002e 48B9     		cbnz	r0, .L273
 3579              	.LVL241:
 3580              	.L274:
1314:Middlewares/Third_Party/FreeRTOS/Source/tasks.c **** 		}
 3581              		.loc 1 1314 4 is_stmt 1 view .LVU1023
 3582 0030 4FF0E023 		mov	r3, #-536813568
 3583 0034 4FF08052 		mov	r2, #268435456
 3584 0038 C3F8042D 		str	r2, [r3, #3332]
1314:Middlewares/Third_Party/FreeRTOS/Source/tasks.c **** 		}
 3585              		.loc 1 1314 4 view .LVU1024
 3586              		.syntax unified
 3587              	@ 1314 "Middlewares/Third_Party/FreeRTOS/Source/tasks.c" 1
 3588 003c BFF34F8F 		dsb
 3589              	@ 0 "" 2
1314:Middlewares/Third_Party/FreeRTOS/Source/tasks.c **** 		}
 3590              		.loc 1 1314 4 view .LVU1025
 3591              	@ 1314 "Middlewares/Third_Party/FreeRTOS/Source/tasks.c" 1
 3592 0040 BFF36F8F 		isb
 3593              	@ 0 "" 2
1314:Middlewares/Third_Party/FreeRTOS/Source/tasks.c **** 		}
 3594              		.loc 1 1314 26 view .LVU1026
1318:Middlewares/Third_Party/FreeRTOS/Source/tasks.c **** 		}
 3595              		.loc 1 1318 28 view .LVU1027
 3596              		.thumb
 3597              		.syntax unified
 3598              	.L273:
1320:Middlewares/Third_Party/FreeRTOS/Source/tasks.c **** 
 3599              		.loc 1 1320 2 is_stmt 0 view .LVU1028
 3600 0044 10BD     		pop	{r4, pc}
 3601              	.L280:
 3602 0046 00BF     		.align	2
 3603              	.L279:
 3604 0048 00000000 		.word	uxSchedulerSuspended
 3605              		.cfi_endproc
 3606              	.LFE10:
 3608              		.section	.text.vTaskSwitchContext,"ax",%progbits
 3609              		.align	1
 3610              		.global	vTaskSwitchContext
 3611              		.syntax unified
 3612              		.thumb
 3613              		.thumb_func
 3615              	vTaskSwitchContext:
 3616              	.LFB29:
2846:Middlewares/Third_Party/FreeRTOS/Source/tasks.c **** 	if( uxSchedulerSuspended != ( UBaseType_t ) pdFALSE )
 3617              		.loc 1 2846 1 is_stmt 1 view -0
 3618              		.cfi_startproc
 3619              		@ args = 0, pretend = 0, frame = 0
ARM GAS  /tmp/ccZZCKwI.s 			page 172


 3620              		@ frame_needed = 0, uses_anonymous_args = 0
 3621              		@ link register save eliminated.
2847:Middlewares/Third_Party/FreeRTOS/Source/tasks.c **** 	{
 3622              		.loc 1 2847 2 view .LVU1030
2847:Middlewares/Third_Party/FreeRTOS/Source/tasks.c **** 	{
 3623              		.loc 1 2847 27 is_stmt 0 view .LVU1031
 3624 0000 204B     		ldr	r3, .L292
 3625 0002 1B68     		ldr	r3, [r3]
2847:Middlewares/Third_Party/FreeRTOS/Source/tasks.c **** 	{
 3626              		.loc 1 2847 4 view .LVU1032
 3627 0004 1BB1     		cbz	r3, .L282
2851:Middlewares/Third_Party/FreeRTOS/Source/tasks.c **** 	}
 3628              		.loc 1 2851 3 is_stmt 1 view .LVU1033
2851:Middlewares/Third_Party/FreeRTOS/Source/tasks.c **** 	}
 3629              		.loc 1 2851 17 is_stmt 0 view .LVU1034
 3630 0006 204B     		ldr	r3, .L292+4
 3631 0008 0122     		movs	r2, #1
 3632 000a 1A60     		str	r2, [r3]
 3633 000c 7047     		bx	lr
 3634              	.L282:
2855:Middlewares/Third_Party/FreeRTOS/Source/tasks.c **** 		traceTASK_SWITCHED_OUT();
 3635              		.loc 1 2855 3 is_stmt 1 view .LVU1035
2855:Middlewares/Third_Party/FreeRTOS/Source/tasks.c **** 		traceTASK_SWITCHED_OUT();
 3636              		.loc 1 2855 17 is_stmt 0 view .LVU1036
 3637 000e 1E4B     		ldr	r3, .L292+4
 3638 0010 0022     		movs	r2, #0
 3639 0012 1A60     		str	r2, [r3]
2856:Middlewares/Third_Party/FreeRTOS/Source/tasks.c **** 
 3640              		.loc 1 2856 27 is_stmt 1 view .LVU1037
2886:Middlewares/Third_Party/FreeRTOS/Source/tasks.c **** 
 3641              		.loc 1 2886 33 view .LVU1038
 3642              	.LBB178:
2890:Middlewares/Third_Party/FreeRTOS/Source/tasks.c **** 		traceTASK_SWITCHED_IN();
 3643              		.loc 1 2890 3 view .LVU1039
 3644 0014 1D4B     		ldr	r3, .L292+8
 3645 0016 1B68     		ldr	r3, [r3]
 3646              	.LVL242:
2890:Middlewares/Third_Party/FreeRTOS/Source/tasks.c **** 		traceTASK_SWITCHED_IN();
 3647              		.loc 1 2890 3 view .LVU1040
 3648              	.L284:
2890:Middlewares/Third_Party/FreeRTOS/Source/tasks.c **** 		traceTASK_SWITCHED_IN();
 3649              		.loc 1 2890 3 discriminator 5 view .LVU1041
 3650 0018 03EB8301 		add	r1, r3, r3, lsl #2
 3651 001c 8A00     		lsls	r2, r1, #2
 3652 001e 1C49     		ldr	r1, .L292+12
 3653 0020 8A58     		ldr	r2, [r1, r2]
 3654 0022 5AB9     		cbnz	r2, .L289
2890:Middlewares/Third_Party/FreeRTOS/Source/tasks.c **** 		traceTASK_SWITCHED_IN();
 3655              		.loc 1 2890 3 discriminator 6 view .LVU1042
 3656 0024 0BB1     		cbz	r3, .L290
2890:Middlewares/Third_Party/FreeRTOS/Source/tasks.c **** 		traceTASK_SWITCHED_IN();
 3657              		.loc 1 2890 3 discriminator 3 view .LVU1043
2890:Middlewares/Third_Party/FreeRTOS/Source/tasks.c **** 		traceTASK_SWITCHED_IN();
 3658              		.loc 1 2890 3 discriminator 3 view .LVU1044
 3659 0026 013B     		subs	r3, r3, #1
 3660              	.LVL243:
2890:Middlewares/Third_Party/FreeRTOS/Source/tasks.c **** 		traceTASK_SWITCHED_IN();
ARM GAS  /tmp/ccZZCKwI.s 			page 173


 3661              		.loc 1 2890 3 is_stmt 0 discriminator 3 view .LVU1045
 3662 0028 F6E7     		b	.L284
 3663              	.L290:
2890:Middlewares/Third_Party/FreeRTOS/Source/tasks.c **** 		traceTASK_SWITCHED_IN();
 3664              		.loc 1 2890 3 is_stmt 1 discriminator 2 view .LVU1046
 3665              	.LBB179:
 3666              	.LBI179:
 191:Middlewares/Third_Party/FreeRTOS/Source/portable/GCC/ARM_CM4F/portmacro.h **** {
 3667              		.loc 2 191 30 view .LVU1047
 3668              	.LBB180:
 193:Middlewares/Third_Party/FreeRTOS/Source/portable/GCC/ARM_CM4F/portmacro.h **** 
 3669              		.loc 2 193 1 view .LVU1048
 195:Middlewares/Third_Party/FreeRTOS/Source/portable/GCC/ARM_CM4F/portmacro.h **** 	(
 3670              		.loc 2 195 2 view .LVU1049
 3671              		.syntax unified
 3672              	@ 195 "Middlewares/Third_Party/FreeRTOS/Source/portable/GCC/ARM_CM4F/portmacro.h" 1
 3673 002a 4FF05003 			mov r3, #80												
 3674 002e 83F31188 		msr basepri, r3											
 3675 0032 BFF36F8F 		isb														
 3676 0036 BFF34F8F 		dsb														
 3677              	
 3678              	@ 0 "" 2
 3679              	.LVL244:
 3680              		.thumb
 3681              		.syntax unified
 3682              	.L286:
 195:Middlewares/Third_Party/FreeRTOS/Source/portable/GCC/ARM_CM4F/portmacro.h **** 	(
 3683              		.loc 2 195 2 is_stmt 0 view .LVU1050
 3684              	.LBE180:
 3685              	.LBE179:
2890:Middlewares/Third_Party/FreeRTOS/Source/tasks.c **** 		traceTASK_SWITCHED_IN();
 3686              		.loc 1 2890 3 is_stmt 1 discriminator 4 view .LVU1051
2890:Middlewares/Third_Party/FreeRTOS/Source/tasks.c **** 		traceTASK_SWITCHED_IN();
 3687              		.loc 1 2890 3 discriminator 4 view .LVU1052
 3688 003a FEE7     		b	.L286
 3689              	.LVL245:
 3690              	.L289:
 3691              	.LBB181:
2890:Middlewares/Third_Party/FreeRTOS/Source/tasks.c **** 		traceTASK_SWITCHED_IN();
 3692              		.loc 1 2890 3 discriminator 7 view .LVU1053
2890:Middlewares/Third_Party/FreeRTOS/Source/tasks.c **** 		traceTASK_SWITCHED_IN();
 3693              		.loc 1 2890 3 discriminator 7 view .LVU1054
 3694 003c 0846     		mov	r0, r1
 3695 003e 03EB8301 		add	r1, r3, r3, lsl #2
 3696 0042 8A00     		lsls	r2, r1, #2
 3697 0044 0244     		add	r2, r2, r0
 3698 0046 5168     		ldr	r1, [r2, #4]
 3699 0048 4968     		ldr	r1, [r1, #4]
 3700 004a 5160     		str	r1, [r2, #4]
2890:Middlewares/Third_Party/FreeRTOS/Source/tasks.c **** 		traceTASK_SWITCHED_IN();
 3701              		.loc 1 2890 3 discriminator 7 view .LVU1055
 3702 004c 03EB830C 		add	ip, r3, r3, lsl #2
 3703 0050 4FEA8C02 		lsl	r2, ip, #2
 3704 0054 0832     		adds	r2, r2, #8
 3705 0056 0244     		add	r2, r2, r0
 3706 0058 9142     		cmp	r1, r2
 3707 005a 0BD0     		beq	.L291
ARM GAS  /tmp/ccZZCKwI.s 			page 174


 3708              	.L288:
2890:Middlewares/Third_Party/FreeRTOS/Source/tasks.c **** 		traceTASK_SWITCHED_IN();
 3709              		.loc 1 2890 3 discriminator 10 view .LVU1056
 3710 005c 03EB8302 		add	r2, r3, r3, lsl #2
 3711 0060 9100     		lsls	r1, r2, #2
 3712 0062 0B4A     		ldr	r2, .L292+12
 3713 0064 0A44     		add	r2, r2, r1
 3714 0066 5268     		ldr	r2, [r2, #4]
 3715 0068 D168     		ldr	r1, [r2, #12]
 3716 006a 0A4A     		ldr	r2, .L292+16
 3717 006c 1160     		str	r1, [r2]
 3718              	.LBE181:
2890:Middlewares/Third_Party/FreeRTOS/Source/tasks.c **** 		traceTASK_SWITCHED_IN();
 3719              		.loc 1 2890 3 discriminator 10 view .LVU1057
2890:Middlewares/Third_Party/FreeRTOS/Source/tasks.c **** 		traceTASK_SWITCHED_IN();
 3720              		.loc 1 2890 3 discriminator 10 view .LVU1058
 3721 006e 074A     		ldr	r2, .L292+8
 3722 0070 1360     		str	r3, [r2]
 3723              	.LBE178:
2890:Middlewares/Third_Party/FreeRTOS/Source/tasks.c **** 		traceTASK_SWITCHED_IN();
 3724              		.loc 1 2890 37 discriminator 11 view .LVU1059
2891:Middlewares/Third_Party/FreeRTOS/Source/tasks.c **** 
 3725              		.loc 1 2891 26 view .LVU1060
2901:Middlewares/Third_Party/FreeRTOS/Source/tasks.c **** /*-----------------------------------------------------------*/
 3726              		.loc 1 2901 1 is_stmt 0 view .LVU1061
 3727 0072 7047     		bx	lr
 3728              	.L291:
 3729              	.LBB183:
 3730              	.LBB182:
2890:Middlewares/Third_Party/FreeRTOS/Source/tasks.c **** 		traceTASK_SWITCHED_IN();
 3731              		.loc 1 2890 3 is_stmt 1 discriminator 8 view .LVU1062
 3732 0074 4868     		ldr	r0, [r1, #4]
 3733 0076 6246     		mov	r2, ip
 3734 0078 9100     		lsls	r1, r2, #2
 3735 007a 054A     		ldr	r2, .L292+12
 3736 007c 0A44     		add	r2, r2, r1
 3737 007e 5060     		str	r0, [r2, #4]
 3738 0080 ECE7     		b	.L288
 3739              	.L293:
 3740 0082 00BF     		.align	2
 3741              	.L292:
 3742 0084 00000000 		.word	uxSchedulerSuspended
 3743 0088 00000000 		.word	xYieldPending
 3744 008c 00000000 		.word	uxTopReadyPriority
 3745 0090 00000000 		.word	pxReadyTasksLists
 3746 0094 00000000 		.word	pxCurrentTCB
 3747              	.LBE182:
 3748              	.LBE183:
 3749              		.cfi_endproc
 3750              	.LFE29:
 3752              		.section	.text.vTaskSuspend,"ax",%progbits
 3753              		.align	1
 3754              		.global	vTaskSuspend
 3755              		.syntax unified
 3756              		.thumb
 3757              		.thumb_func
 3759              	vTaskSuspend:
ARM GAS  /tmp/ccZZCKwI.s 			page 175


 3760              	.LVL246:
 3761              	.LFB15:
1625:Middlewares/Third_Party/FreeRTOS/Source/tasks.c **** 	TCB_t *pxTCB;
 3762              		.loc 1 1625 2 view -0
 3763              		.cfi_startproc
 3764              		@ args = 0, pretend = 0, frame = 0
 3765              		@ frame_needed = 0, uses_anonymous_args = 0
1625:Middlewares/Third_Party/FreeRTOS/Source/tasks.c **** 	TCB_t *pxTCB;
 3766              		.loc 1 1625 2 is_stmt 0 view .LVU1064
 3767 0000 38B5     		push	{r3, r4, r5, lr}
 3768              	.LCFI31:
 3769              		.cfi_def_cfa_offset 16
 3770              		.cfi_offset 3, -16
 3771              		.cfi_offset 4, -12
 3772              		.cfi_offset 5, -8
 3773              		.cfi_offset 14, -4
 3774 0002 0446     		mov	r4, r0
1626:Middlewares/Third_Party/FreeRTOS/Source/tasks.c **** 
 3775              		.loc 1 1626 2 is_stmt 1 view .LVU1065
1628:Middlewares/Third_Party/FreeRTOS/Source/tasks.c **** 		{
 3776              		.loc 1 1628 3 view .LVU1066
 3777 0004 FFF7FEFF 		bl	vPortEnterCritical
 3778              	.LVL247:
1632:Middlewares/Third_Party/FreeRTOS/Source/tasks.c **** 
 3779              		.loc 1 1632 4 view .LVU1067
1632:Middlewares/Third_Party/FreeRTOS/Source/tasks.c **** 
 3780              		.loc 1 1632 12 is_stmt 0 view .LVU1068
 3781 0008 E4B1     		cbz	r4, .L305
 3782              	.LVL248:
 3783              	.L295:
1634:Middlewares/Third_Party/FreeRTOS/Source/tasks.c **** 
 3784              		.loc 1 1634 30 is_stmt 1 view .LVU1069
1638:Middlewares/Third_Party/FreeRTOS/Source/tasks.c **** 			{
 3785              		.loc 1 1638 4 view .LVU1070
1638:Middlewares/Third_Party/FreeRTOS/Source/tasks.c **** 			{
 3786              		.loc 1 1638 8 is_stmt 0 view .LVU1071
 3787 000a 251D     		adds	r5, r4, #4
 3788 000c 2846     		mov	r0, r5
 3789 000e FFF7FEFF 		bl	uxListRemove
 3790              	.LVL249:
1640:Middlewares/Third_Party/FreeRTOS/Source/tasks.c **** 			}
 3791              		.loc 1 1640 50 is_stmt 1 view .LVU1072
1644:Middlewares/Third_Party/FreeRTOS/Source/tasks.c **** 			}
 3792              		.loc 1 1644 29 view .LVU1073
1648:Middlewares/Third_Party/FreeRTOS/Source/tasks.c **** 			{
 3793              		.loc 1 1648 4 view .LVU1074
1648:Middlewares/Third_Party/FreeRTOS/Source/tasks.c **** 			{
 3794              		.loc 1 1648 8 is_stmt 0 view .LVU1075
 3795 0012 A36A     		ldr	r3, [r4, #40]
1648:Middlewares/Third_Party/FreeRTOS/Source/tasks.c **** 			{
 3796              		.loc 1 1648 6 view .LVU1076
 3797 0014 1BB1     		cbz	r3, .L296
1650:Middlewares/Third_Party/FreeRTOS/Source/tasks.c **** 			}
 3798              		.loc 1 1650 5 is_stmt 1 view .LVU1077
1650:Middlewares/Third_Party/FreeRTOS/Source/tasks.c **** 			}
 3799              		.loc 1 1650 14 is_stmt 0 view .LVU1078
 3800 0016 04F11800 		add	r0, r4, #24
ARM GAS  /tmp/ccZZCKwI.s 			page 176


 3801 001a FFF7FEFF 		bl	uxListRemove
 3802              	.LVL250:
 3803              	.L296:
1654:Middlewares/Third_Party/FreeRTOS/Source/tasks.c **** 			}
 3804              		.loc 1 1654 29 is_stmt 1 view .LVU1079
1657:Middlewares/Third_Party/FreeRTOS/Source/tasks.c **** 
 3805              		.loc 1 1657 4 view .LVU1080
 3806 001e 2946     		mov	r1, r5
 3807 0020 2348     		ldr	r0, .L309
 3808 0022 FFF7FEFF 		bl	vListInsertEnd
 3809              	.LVL251:
1661:Middlewares/Third_Party/FreeRTOS/Source/tasks.c **** 				{
 3810              		.loc 1 1661 5 view .LVU1081
1661:Middlewares/Third_Party/FreeRTOS/Source/tasks.c **** 				{
 3811              		.loc 1 1661 14 is_stmt 0 view .LVU1082
 3812 0026 94F85830 		ldrb	r3, [r4, #88]	@ zero_extendqisi2
 3813 002a DBB2     		uxtb	r3, r3
1661:Middlewares/Third_Party/FreeRTOS/Source/tasks.c **** 				{
 3814              		.loc 1 1661 7 view .LVU1083
 3815 002c 012B     		cmp	r3, #1
 3816 002e 0CD0     		beq	.L306
 3817              	.L297:
1670:Middlewares/Third_Party/FreeRTOS/Source/tasks.c **** 
 3818              		.loc 1 1670 3 is_stmt 1 view .LVU1084
 3819 0030 FFF7FEFF 		bl	vPortExitCritical
 3820              	.LVL252:
1672:Middlewares/Third_Party/FreeRTOS/Source/tasks.c **** 		{
 3821              		.loc 1 1672 3 view .LVU1085
1672:Middlewares/Third_Party/FreeRTOS/Source/tasks.c **** 		{
 3822              		.loc 1 1672 25 is_stmt 0 view .LVU1086
 3823 0034 1F4B     		ldr	r3, .L309+4
 3824 0036 1B68     		ldr	r3, [r3]
1672:Middlewares/Third_Party/FreeRTOS/Source/tasks.c **** 		{
 3825              		.loc 1 1672 5 view .LVU1087
 3826 0038 5BB9     		cbnz	r3, .L307
 3827              	.L298:
1684:Middlewares/Third_Party/FreeRTOS/Source/tasks.c **** 		}
 3828              		.loc 1 1684 28 is_stmt 1 view .LVU1088
1687:Middlewares/Third_Party/FreeRTOS/Source/tasks.c **** 		{
 3829              		.loc 1 1687 3 view .LVU1089
1687:Middlewares/Third_Party/FreeRTOS/Source/tasks.c **** 		{
 3830              		.loc 1 1687 13 is_stmt 0 view .LVU1090
 3831 003a 1F4B     		ldr	r3, .L309+8
 3832 003c 1B68     		ldr	r3, [r3]
1687:Middlewares/Third_Party/FreeRTOS/Source/tasks.c **** 		{
 3833              		.loc 1 1687 5 view .LVU1091
 3834 003e A342     		cmp	r3, r4
 3835 0040 0ED0     		beq	.L308
 3836              	.L294:
1718:Middlewares/Third_Party/FreeRTOS/Source/tasks.c **** 
 3837              		.loc 1 1718 2 view .LVU1092
 3838 0042 38BD     		pop	{r3, r4, r5, pc}
 3839              	.LVL253:
 3840              	.L305:
1632:Middlewares/Third_Party/FreeRTOS/Source/tasks.c **** 
 3841              		.loc 1 1632 12 discriminator 1 view .LVU1093
 3842 0044 1C4B     		ldr	r3, .L309+8
ARM GAS  /tmp/ccZZCKwI.s 			page 177


 3843 0046 1C68     		ldr	r4, [r3]
 3844              	.LVL254:
1632:Middlewares/Third_Party/FreeRTOS/Source/tasks.c **** 
 3845              		.loc 1 1632 12 discriminator 1 view .LVU1094
 3846 0048 DFE7     		b	.L295
 3847              	.LVL255:
 3848              	.L306:
1665:Middlewares/Third_Party/FreeRTOS/Source/tasks.c **** 				}
 3849              		.loc 1 1665 6 is_stmt 1 view .LVU1095
1665:Middlewares/Third_Party/FreeRTOS/Source/tasks.c **** 				}
 3850              		.loc 1 1665 27 is_stmt 0 view .LVU1096
 3851 004a 0023     		movs	r3, #0
 3852 004c 84F85830 		strb	r3, [r4, #88]
 3853 0050 EEE7     		b	.L297
 3854              	.L307:
1676:Middlewares/Third_Party/FreeRTOS/Source/tasks.c **** 			{
 3855              		.loc 1 1676 4 is_stmt 1 view .LVU1097
 3856 0052 FFF7FEFF 		bl	vPortEnterCritical
 3857              	.LVL256:
1678:Middlewares/Third_Party/FreeRTOS/Source/tasks.c **** 			}
 3858              		.loc 1 1678 5 view .LVU1098
 3859 0056 FFF7FEFF 		bl	prvResetNextTaskUnblockTime
 3860              	.LVL257:
1680:Middlewares/Third_Party/FreeRTOS/Source/tasks.c **** 		}
 3861              		.loc 1 1680 4 view .LVU1099
 3862 005a FFF7FEFF 		bl	vPortExitCritical
 3863              	.LVL258:
 3864 005e ECE7     		b	.L298
 3865              	.L308:
1689:Middlewares/Third_Party/FreeRTOS/Source/tasks.c **** 			{
 3866              		.loc 1 1689 4 view .LVU1100
1689:Middlewares/Third_Party/FreeRTOS/Source/tasks.c **** 			{
 3867              		.loc 1 1689 26 is_stmt 0 view .LVU1101
 3868 0060 144B     		ldr	r3, .L309+4
 3869 0062 1B68     		ldr	r3, [r3]
1689:Middlewares/Third_Party/FreeRTOS/Source/tasks.c **** 			{
 3870              		.loc 1 1689 6 view .LVU1102
 3871 0064 B3B1     		cbz	r3, .L300
1692:Middlewares/Third_Party/FreeRTOS/Source/tasks.c **** 				portYIELD_WITHIN_API();
 3872              		.loc 1 1692 5 is_stmt 1 view .LVU1103
 3873 0066 154B     		ldr	r3, .L309+12
 3874 0068 1B68     		ldr	r3, [r3]
 3875 006a 43B1     		cbz	r3, .L301
1692:Middlewares/Third_Party/FreeRTOS/Source/tasks.c **** 				portYIELD_WITHIN_API();
 3876              		.loc 1 1692 5 discriminator 1 view .LVU1104
 3877              	.LBB184:
 3878              	.LBI184:
 191:Middlewares/Third_Party/FreeRTOS/Source/portable/GCC/ARM_CM4F/portmacro.h **** {
 3879              		.loc 2 191 30 view .LVU1105
 3880              	.LBB185:
 193:Middlewares/Third_Party/FreeRTOS/Source/portable/GCC/ARM_CM4F/portmacro.h **** 
 3881              		.loc 2 193 1 view .LVU1106
 195:Middlewares/Third_Party/FreeRTOS/Source/portable/GCC/ARM_CM4F/portmacro.h **** 	(
 3882              		.loc 2 195 2 view .LVU1107
 3883              		.syntax unified
 3884              	@ 195 "Middlewares/Third_Party/FreeRTOS/Source/portable/GCC/ARM_CM4F/portmacro.h" 1
 3885 006c 4FF05003 			mov r3, #80												
ARM GAS  /tmp/ccZZCKwI.s 			page 178


 3886 0070 83F31188 		msr basepri, r3											
 3887 0074 BFF36F8F 		isb														
 3888 0078 BFF34F8F 		dsb														
 3889              	
 3890              	@ 0 "" 2
 3891              		.thumb
 3892              		.syntax unified
 3893              	.L302:
 3894              	.LBE185:
 3895              	.LBE184:
1692:Middlewares/Third_Party/FreeRTOS/Source/tasks.c **** 				portYIELD_WITHIN_API();
 3896              		.loc 1 1692 5 discriminator 3 view .LVU1108
1692:Middlewares/Third_Party/FreeRTOS/Source/tasks.c **** 				portYIELD_WITHIN_API();
 3897              		.loc 1 1692 5 discriminator 3 view .LVU1109
 3898 007c FEE7     		b	.L302
 3899              	.L301:
1692:Middlewares/Third_Party/FreeRTOS/Source/tasks.c **** 				portYIELD_WITHIN_API();
 3900              		.loc 1 1692 46 discriminator 2 view .LVU1110
1693:Middlewares/Third_Party/FreeRTOS/Source/tasks.c **** 			}
 3901              		.loc 1 1693 5 view .LVU1111
 3902 007e 4FF0E023 		mov	r3, #-536813568
 3903 0082 4FF08052 		mov	r2, #268435456
 3904 0086 C3F8042D 		str	r2, [r3, #3332]
1693:Middlewares/Third_Party/FreeRTOS/Source/tasks.c **** 			}
 3905              		.loc 1 1693 5 view .LVU1112
 3906              		.syntax unified
 3907              	@ 1693 "Middlewares/Third_Party/FreeRTOS/Source/tasks.c" 1
 3908 008a BFF34F8F 		dsb
 3909              	@ 0 "" 2
1693:Middlewares/Third_Party/FreeRTOS/Source/tasks.c **** 			}
 3910              		.loc 1 1693 5 view .LVU1113
 3911              	@ 1693 "Middlewares/Third_Party/FreeRTOS/Source/tasks.c" 1
 3912 008e BFF36F8F 		isb
 3913              	@ 0 "" 2
1693:Middlewares/Third_Party/FreeRTOS/Source/tasks.c **** 			}
 3914              		.loc 1 1693 27 view .LVU1114
 3915              		.thumb
 3916              		.syntax unified
 3917 0092 D6E7     		b	.L294
 3918              	.L300:
1700:Middlewares/Third_Party/FreeRTOS/Source/tasks.c **** 				{
 3919              		.loc 1 1700 5 view .LVU1115
1700:Middlewares/Third_Party/FreeRTOS/Source/tasks.c **** 				{
 3920              		.loc 1 1700 9 is_stmt 0 view .LVU1116
 3921 0094 064B     		ldr	r3, .L309
 3922 0096 1A68     		ldr	r2, [r3]
1700:Middlewares/Third_Party/FreeRTOS/Source/tasks.c **** 				{
 3923              		.loc 1 1700 56 view .LVU1117
 3924 0098 094B     		ldr	r3, .L309+16
 3925 009a 1B68     		ldr	r3, [r3]
1700:Middlewares/Third_Party/FreeRTOS/Source/tasks.c **** 				{
 3926              		.loc 1 1700 7 view .LVU1118
 3927 009c 9A42     		cmp	r2, r3
 3928 009e 03D1     		bne	.L303
1706:Middlewares/Third_Party/FreeRTOS/Source/tasks.c **** 				}
 3929              		.loc 1 1706 6 is_stmt 1 view .LVU1119
1706:Middlewares/Third_Party/FreeRTOS/Source/tasks.c **** 				}
ARM GAS  /tmp/ccZZCKwI.s 			page 179


 3930              		.loc 1 1706 19 is_stmt 0 view .LVU1120
 3931 00a0 054B     		ldr	r3, .L309+8
 3932 00a2 0022     		movs	r2, #0
 3933 00a4 1A60     		str	r2, [r3]
 3934 00a6 CCE7     		b	.L294
 3935              	.L303:
1710:Middlewares/Third_Party/FreeRTOS/Source/tasks.c **** 				}
 3936              		.loc 1 1710 6 is_stmt 1 view .LVU1121
 3937 00a8 FFF7FEFF 		bl	vTaskSwitchContext
 3938              	.LVL259:
1716:Middlewares/Third_Party/FreeRTOS/Source/tasks.c **** 		}
 3939              		.loc 1 1716 28 view .LVU1122
1718:Middlewares/Third_Party/FreeRTOS/Source/tasks.c **** 
 3940              		.loc 1 1718 2 is_stmt 0 view .LVU1123
 3941 00ac C9E7     		b	.L294
 3942              	.L310:
 3943 00ae 00BF     		.align	2
 3944              	.L309:
 3945 00b0 00000000 		.word	xSuspendedTaskList
 3946 00b4 00000000 		.word	xSchedulerRunning
 3947 00b8 00000000 		.word	pxCurrentTCB
 3948 00bc 00000000 		.word	uxSchedulerSuspended
 3949 00c0 00000000 		.word	uxCurrentNumberOfTasks
 3950              		.cfi_endproc
 3951              	.LFE15:
 3953              		.section	.text.vTaskPlaceOnEventList,"ax",%progbits
 3954              		.align	1
 3955              		.global	vTaskPlaceOnEventList
 3956              		.syntax unified
 3957              		.thumb
 3958              		.thumb_func
 3960              	vTaskPlaceOnEventList:
 3961              	.LVL260:
 3962              	.LFB30:
2905:Middlewares/Third_Party/FreeRTOS/Source/tasks.c **** 	configASSERT( pxEventList );
 3963              		.loc 1 2905 1 is_stmt 1 view -0
 3964              		.cfi_startproc
 3965              		@ args = 0, pretend = 0, frame = 0
 3966              		@ frame_needed = 0, uses_anonymous_args = 0
2906:Middlewares/Third_Party/FreeRTOS/Source/tasks.c **** 
 3967              		.loc 1 2906 2 view .LVU1125
 3968 0000 58B1     		cbz	r0, .L316
2905:Middlewares/Third_Party/FreeRTOS/Source/tasks.c **** 	configASSERT( pxEventList );
 3969              		.loc 1 2905 1 is_stmt 0 view .LVU1126
 3970 0002 10B5     		push	{r4, lr}
 3971              	.LCFI32:
 3972              		.cfi_def_cfa_offset 8
 3973              		.cfi_offset 4, -8
 3974              		.cfi_offset 14, -4
 3975 0004 0C46     		mov	r4, r1
2906:Middlewares/Third_Party/FreeRTOS/Source/tasks.c **** 
 3976              		.loc 1 2906 29 is_stmt 1 discriminator 2 view .LVU1127
2915:Middlewares/Third_Party/FreeRTOS/Source/tasks.c **** 
 3977              		.loc 1 2915 2 view .LVU1128
2915:Middlewares/Third_Party/FreeRTOS/Source/tasks.c **** 
 3978              		.loc 1 2915 43 is_stmt 0 view .LVU1129
 3979 0006 094A     		ldr	r2, .L317
ARM GAS  /tmp/ccZZCKwI.s 			page 180


 3980 0008 1168     		ldr	r1, [r2]
 3981              	.LVL261:
2915:Middlewares/Third_Party/FreeRTOS/Source/tasks.c **** 
 3982              		.loc 1 2915 2 view .LVU1130
 3983 000a 1831     		adds	r1, r1, #24
 3984 000c FFF7FEFF 		bl	vListInsert
 3985              	.LVL262:
2917:Middlewares/Third_Party/FreeRTOS/Source/tasks.c **** }
 3986              		.loc 1 2917 2 is_stmt 1 view .LVU1131
 3987 0010 0121     		movs	r1, #1
 3988 0012 2046     		mov	r0, r4
 3989 0014 FFF7FEFF 		bl	prvAddCurrentTaskToDelayedList
 3990              	.LVL263:
2918:Middlewares/Third_Party/FreeRTOS/Source/tasks.c **** /*-----------------------------------------------------------*/
 3991              		.loc 1 2918 1 is_stmt 0 view .LVU1132
 3992 0018 10BD     		pop	{r4, pc}
 3993              	.LVL264:
 3994              	.L316:
 3995              	.LCFI33:
 3996              		.cfi_def_cfa_offset 0
 3997              		.cfi_restore 4
 3998              		.cfi_restore 14
2906:Middlewares/Third_Party/FreeRTOS/Source/tasks.c **** 
 3999              		.loc 1 2906 2 is_stmt 1 discriminator 1 view .LVU1133
 4000              	.LBB186:
 4001              	.LBI186:
 191:Middlewares/Third_Party/FreeRTOS/Source/portable/GCC/ARM_CM4F/portmacro.h **** {
 4002              		.loc 2 191 30 view .LVU1134
 4003              	.LBB187:
 193:Middlewares/Third_Party/FreeRTOS/Source/portable/GCC/ARM_CM4F/portmacro.h **** 
 4004              		.loc 2 193 1 view .LVU1135
 195:Middlewares/Third_Party/FreeRTOS/Source/portable/GCC/ARM_CM4F/portmacro.h **** 	(
 4005              		.loc 2 195 2 view .LVU1136
 4006              		.syntax unified
 4007              	@ 195 "Middlewares/Third_Party/FreeRTOS/Source/portable/GCC/ARM_CM4F/portmacro.h" 1
 4008 001a 4FF05003 			mov r3, #80												
 4009 001e 83F31188 		msr basepri, r3											
 4010 0022 BFF36F8F 		isb														
 4011 0026 BFF34F8F 		dsb														
 4012              	
 4013              	@ 0 "" 2
 4014              		.thumb
 4015              		.syntax unified
 4016              	.L313:
 4017              	.LBE187:
 4018              	.LBE186:
2906:Middlewares/Third_Party/FreeRTOS/Source/tasks.c **** 
 4019              		.loc 1 2906 2 discriminator 3 view .LVU1137
2906:Middlewares/Third_Party/FreeRTOS/Source/tasks.c **** 
 4020              		.loc 1 2906 2 discriminator 3 view .LVU1138
 4021 002a FEE7     		b	.L313
 4022              	.L318:
 4023              		.align	2
 4024              	.L317:
 4025 002c 00000000 		.word	pxCurrentTCB
 4026              		.cfi_endproc
 4027              	.LFE30:
ARM GAS  /tmp/ccZZCKwI.s 			page 181


 4029              		.section	.text.vTaskPlaceOnUnorderedEventList,"ax",%progbits
 4030              		.align	1
 4031              		.global	vTaskPlaceOnUnorderedEventList
 4032              		.syntax unified
 4033              		.thumb
 4034              		.thumb_func
 4036              	vTaskPlaceOnUnorderedEventList:
 4037              	.LVL265:
 4038              	.LFB31:
2922:Middlewares/Third_Party/FreeRTOS/Source/tasks.c **** 	configASSERT( pxEventList );
 4039              		.loc 1 2922 1 view -0
 4040              		.cfi_startproc
 4041              		@ args = 0, pretend = 0, frame = 0
 4042              		@ frame_needed = 0, uses_anonymous_args = 0
2923:Middlewares/Third_Party/FreeRTOS/Source/tasks.c **** 
 4043              		.loc 1 2923 2 view .LVU1140
 4044 0000 70B1     		cbz	r0, .L326
2922:Middlewares/Third_Party/FreeRTOS/Source/tasks.c **** 	configASSERT( pxEventList );
 4045              		.loc 1 2922 1 is_stmt 0 view .LVU1141
 4046 0002 10B5     		push	{r4, lr}
 4047              	.LCFI34:
 4048              		.cfi_def_cfa_offset 8
 4049              		.cfi_offset 4, -8
 4050              		.cfi_offset 14, -4
 4051 0004 1446     		mov	r4, r2
 4052 0006 0246     		mov	r2, r0
 4053              	.LVL266:
2923:Middlewares/Third_Party/FreeRTOS/Source/tasks.c **** 
 4054              		.loc 1 2923 29 is_stmt 1 discriminator 2 view .LVU1142
2927:Middlewares/Third_Party/FreeRTOS/Source/tasks.c **** 
 4055              		.loc 1 2927 2 view .LVU1143
 4056 0008 114B     		ldr	r3, .L327
 4057 000a 1B68     		ldr	r3, [r3]
 4058 000c 8BB9     		cbnz	r3, .L322
2927:Middlewares/Third_Party/FreeRTOS/Source/tasks.c **** 
 4059              		.loc 1 2927 2 discriminator 1 view .LVU1144
 4060              	.LBB188:
 4061              	.LBI188:
 191:Middlewares/Third_Party/FreeRTOS/Source/portable/GCC/ARM_CM4F/portmacro.h **** {
 4062              		.loc 2 191 30 view .LVU1145
 4063              	.LBB189:
 193:Middlewares/Third_Party/FreeRTOS/Source/portable/GCC/ARM_CM4F/portmacro.h **** 
 4064              		.loc 2 193 1 view .LVU1146
 195:Middlewares/Third_Party/FreeRTOS/Source/portable/GCC/ARM_CM4F/portmacro.h **** 	(
 4065              		.loc 2 195 2 view .LVU1147
 4066              		.syntax unified
 4067              	@ 195 "Middlewares/Third_Party/FreeRTOS/Source/portable/GCC/ARM_CM4F/portmacro.h" 1
 4068 000e 4FF05003 			mov r3, #80												
 4069 0012 83F31188 		msr basepri, r3											
 4070 0016 BFF36F8F 		isb														
 4071 001a BFF34F8F 		dsb														
 4072              	
 4073              	@ 0 "" 2
 4074              		.thumb
 4075              		.syntax unified
 4076              	.L323:
 4077              	.LBE189:
ARM GAS  /tmp/ccZZCKwI.s 			page 182


 4078              	.LBE188:
2927:Middlewares/Third_Party/FreeRTOS/Source/tasks.c **** 
 4079              		.loc 1 2927 2 discriminator 3 view .LVU1148
2927:Middlewares/Third_Party/FreeRTOS/Source/tasks.c **** 
 4080              		.loc 1 2927 2 discriminator 3 view .LVU1149
 4081 001e FEE7     		b	.L323
 4082              	.LVL267:
 4083              	.L326:
 4084              	.LCFI35:
 4085              		.cfi_def_cfa_offset 0
 4086              		.cfi_restore 4
 4087              		.cfi_restore 14
2923:Middlewares/Third_Party/FreeRTOS/Source/tasks.c **** 
 4088              		.loc 1 2923 2 discriminator 1 view .LVU1150
 4089              	.LBB190:
 4090              	.LBI190:
 191:Middlewares/Third_Party/FreeRTOS/Source/portable/GCC/ARM_CM4F/portmacro.h **** {
 4091              		.loc 2 191 30 view .LVU1151
 4092              	.LBB191:
 193:Middlewares/Third_Party/FreeRTOS/Source/portable/GCC/ARM_CM4F/portmacro.h **** 
 4093              		.loc 2 193 1 view .LVU1152
 195:Middlewares/Third_Party/FreeRTOS/Source/portable/GCC/ARM_CM4F/portmacro.h **** 	(
 4094              		.loc 2 195 2 view .LVU1153
 4095              		.syntax unified
 4096              	@ 195 "Middlewares/Third_Party/FreeRTOS/Source/portable/GCC/ARM_CM4F/portmacro.h" 1
 4097 0020 4FF05003 			mov r3, #80												
 4098 0024 83F31188 		msr basepri, r3											
 4099 0028 BFF36F8F 		isb														
 4100 002c BFF34F8F 		dsb														
 4101              	
 4102              	@ 0 "" 2
 4103              		.thumb
 4104              		.syntax unified
 4105              	.L321:
 4106              	.LBE191:
 4107              	.LBE190:
2923:Middlewares/Third_Party/FreeRTOS/Source/tasks.c **** 
 4108              		.loc 1 2923 2 discriminator 3 view .LVU1154
2923:Middlewares/Third_Party/FreeRTOS/Source/tasks.c **** 
 4109              		.loc 1 2923 2 discriminator 3 view .LVU1155
 4110 0030 FEE7     		b	.L321
 4111              	.LVL268:
 4112              	.L322:
 4113              	.LCFI36:
 4114              		.cfi_def_cfa_offset 8
 4115              		.cfi_offset 4, -8
 4116              		.cfi_offset 14, -4
2927:Middlewares/Third_Party/FreeRTOS/Source/tasks.c **** 
 4117              		.loc 1 2927 43 discriminator 2 view .LVU1156
2932:Middlewares/Third_Party/FreeRTOS/Source/tasks.c **** 
 4118              		.loc 1 2932 2 view .LVU1157
 4119 0032 084B     		ldr	r3, .L327+4
 4120 0034 1868     		ldr	r0, [r3]
 4121              	.LVL269:
2932:Middlewares/Third_Party/FreeRTOS/Source/tasks.c **** 
 4122              		.loc 1 2932 2 is_stmt 0 view .LVU1158
 4123 0036 41F00041 		orr	r1, r1, #-2147483648
ARM GAS  /tmp/ccZZCKwI.s 			page 183


 4124              	.LVL270:
2932:Middlewares/Third_Party/FreeRTOS/Source/tasks.c **** 
 4125              		.loc 1 2932 2 view .LVU1159
 4126 003a 8161     		str	r1, [r0, #24]
2939:Middlewares/Third_Party/FreeRTOS/Source/tasks.c **** 
 4127              		.loc 1 2939 2 is_stmt 1 view .LVU1160
2939:Middlewares/Third_Party/FreeRTOS/Source/tasks.c **** 
 4128              		.loc 1 2939 46 is_stmt 0 view .LVU1161
 4129 003c 1968     		ldr	r1, [r3]
2939:Middlewares/Third_Party/FreeRTOS/Source/tasks.c **** 
 4130              		.loc 1 2939 2 view .LVU1162
 4131 003e 1831     		adds	r1, r1, #24
 4132 0040 1046     		mov	r0, r2
 4133 0042 FFF7FEFF 		bl	vListInsertEnd
 4134              	.LVL271:
2941:Middlewares/Third_Party/FreeRTOS/Source/tasks.c **** }
 4135              		.loc 1 2941 2 is_stmt 1 view .LVU1163
 4136 0046 0121     		movs	r1, #1
 4137 0048 2046     		mov	r0, r4
 4138 004a FFF7FEFF 		bl	prvAddCurrentTaskToDelayedList
 4139              	.LVL272:
2942:Middlewares/Third_Party/FreeRTOS/Source/tasks.c **** /*-----------------------------------------------------------*/
 4140              		.loc 1 2942 1 is_stmt 0 view .LVU1164
 4141 004e 10BD     		pop	{r4, pc}
 4142              	.LVL273:
 4143              	.L328:
2942:Middlewares/Third_Party/FreeRTOS/Source/tasks.c **** /*-----------------------------------------------------------*/
 4144              		.loc 1 2942 1 view .LVU1165
 4145              		.align	2
 4146              	.L327:
 4147 0050 00000000 		.word	uxSchedulerSuspended
 4148 0054 00000000 		.word	pxCurrentTCB
 4149              		.cfi_endproc
 4150              	.LFE31:
 4152              		.section	.text.vTaskPlaceOnEventListRestricted,"ax",%progbits
 4153              		.align	1
 4154              		.global	vTaskPlaceOnEventListRestricted
 4155              		.syntax unified
 4156              		.thumb
 4157              		.thumb_func
 4159              	vTaskPlaceOnEventListRestricted:
 4160              	.LVL274:
 4161              	.LFB32:
2948:Middlewares/Third_Party/FreeRTOS/Source/tasks.c **** 		configASSERT( pxEventList );
 4162              		.loc 1 2948 2 is_stmt 1 view -0
 4163              		.cfi_startproc
 4164              		@ args = 0, pretend = 0, frame = 0
 4165              		@ frame_needed = 0, uses_anonymous_args = 0
2948:Middlewares/Third_Party/FreeRTOS/Source/tasks.c **** 		configASSERT( pxEventList );
 4166              		.loc 1 2948 2 is_stmt 0 view .LVU1167
 4167 0000 38B5     		push	{r3, r4, r5, lr}
 4168              	.LCFI37:
 4169              		.cfi_def_cfa_offset 16
 4170              		.cfi_offset 3, -16
 4171              		.cfi_offset 4, -12
 4172              		.cfi_offset 5, -8
 4173              		.cfi_offset 14, -4
ARM GAS  /tmp/ccZZCKwI.s 			page 184


2949:Middlewares/Third_Party/FreeRTOS/Source/tasks.c **** 
 4174              		.loc 1 2949 3 is_stmt 1 view .LVU1168
 4175 0002 70B1     		cbz	r0, .L335
 4176 0004 0D46     		mov	r5, r1
 4177 0006 1446     		mov	r4, r2
2949:Middlewares/Third_Party/FreeRTOS/Source/tasks.c **** 
 4178              		.loc 1 2949 30 discriminator 2 view .LVU1169
2961:Middlewares/Third_Party/FreeRTOS/Source/tasks.c **** 
 4179              		.loc 1 2961 3 view .LVU1170
2961:Middlewares/Third_Party/FreeRTOS/Source/tasks.c **** 
 4180              		.loc 1 2961 47 is_stmt 0 view .LVU1171
 4181 0008 0A4A     		ldr	r2, .L336
 4182              	.LVL275:
2961:Middlewares/Third_Party/FreeRTOS/Source/tasks.c **** 
 4183              		.loc 1 2961 47 view .LVU1172
 4184 000a 1168     		ldr	r1, [r2]
 4185              	.LVL276:
2961:Middlewares/Third_Party/FreeRTOS/Source/tasks.c **** 
 4186              		.loc 1 2961 3 view .LVU1173
 4187 000c 1831     		adds	r1, r1, #24
 4188 000e FFF7FEFF 		bl	vListInsertEnd
 4189              	.LVL277:
2966:Middlewares/Third_Party/FreeRTOS/Source/tasks.c **** 		{
 4190              		.loc 1 2966 3 is_stmt 1 view .LVU1174
2966:Middlewares/Third_Party/FreeRTOS/Source/tasks.c **** 		{
 4191              		.loc 1 2966 5 is_stmt 0 view .LVU1175
 4192 0012 0CB1     		cbz	r4, .L332
2968:Middlewares/Third_Party/FreeRTOS/Source/tasks.c **** 		}
 4193              		.loc 1 2968 17 view .LVU1176
 4194 0014 4FF0FF35 		mov	r5, #-1
 4195              	.LVL278:
 4196              	.L332:
2971:Middlewares/Third_Party/FreeRTOS/Source/tasks.c **** 		prvAddCurrentTaskToDelayedList( xTicksToWait, xWaitIndefinitely );
 4197              		.loc 1 2971 57 is_stmt 1 view .LVU1177
2972:Middlewares/Third_Party/FreeRTOS/Source/tasks.c **** 	}
 4198              		.loc 1 2972 3 view .LVU1178
 4199 0018 2146     		mov	r1, r4
 4200 001a 2846     		mov	r0, r5
 4201 001c FFF7FEFF 		bl	prvAddCurrentTaskToDelayedList
 4202              	.LVL279:
2973:Middlewares/Third_Party/FreeRTOS/Source/tasks.c **** 
 4203              		.loc 1 2973 2 is_stmt 0 view .LVU1179
 4204 0020 38BD     		pop	{r3, r4, r5, pc}
 4205              	.LVL280:
 4206              	.L335:
2949:Middlewares/Third_Party/FreeRTOS/Source/tasks.c **** 
 4207              		.loc 1 2949 3 is_stmt 1 discriminator 1 view .LVU1180
 4208              	.LBB192:
 4209              	.LBI192:
 191:Middlewares/Third_Party/FreeRTOS/Source/portable/GCC/ARM_CM4F/portmacro.h **** {
 4210              		.loc 2 191 30 view .LVU1181
 4211              	.LBB193:
 193:Middlewares/Third_Party/FreeRTOS/Source/portable/GCC/ARM_CM4F/portmacro.h **** 
 4212              		.loc 2 193 1 view .LVU1182
 195:Middlewares/Third_Party/FreeRTOS/Source/portable/GCC/ARM_CM4F/portmacro.h **** 	(
 4213              		.loc 2 195 2 view .LVU1183
 4214              		.syntax unified
ARM GAS  /tmp/ccZZCKwI.s 			page 185


 4215              	@ 195 "Middlewares/Third_Party/FreeRTOS/Source/portable/GCC/ARM_CM4F/portmacro.h" 1
 4216 0022 4FF05003 			mov r3, #80												
 4217 0026 83F31188 		msr basepri, r3											
 4218 002a BFF36F8F 		isb														
 4219 002e BFF34F8F 		dsb														
 4220              	
 4221              	@ 0 "" 2
 4222              		.thumb
 4223              		.syntax unified
 4224              	.L331:
 4225              	.LBE193:
 4226              	.LBE192:
2949:Middlewares/Third_Party/FreeRTOS/Source/tasks.c **** 
 4227              		.loc 1 2949 3 discriminator 3 view .LVU1184
2949:Middlewares/Third_Party/FreeRTOS/Source/tasks.c **** 
 4228              		.loc 1 2949 3 discriminator 3 view .LVU1185
 4229 0032 FEE7     		b	.L331
 4230              	.L337:
 4231              		.align	2
 4232              	.L336:
 4233 0034 00000000 		.word	pxCurrentTCB
 4234              		.cfi_endproc
 4235              	.LFE32:
 4237              		.section	.text.xTaskRemoveFromEventList,"ax",%progbits
 4238              		.align	1
 4239              		.global	xTaskRemoveFromEventList
 4240              		.syntax unified
 4241              		.thumb
 4242              		.thumb_func
 4244              	xTaskRemoveFromEventList:
 4245              	.LVL281:
 4246              	.LFB33:
2979:Middlewares/Third_Party/FreeRTOS/Source/tasks.c **** TCB_t *pxUnblockedTCB;
 4247              		.loc 1 2979 1 view -0
 4248              		.cfi_startproc
 4249              		@ args = 0, pretend = 0, frame = 0
 4250              		@ frame_needed = 0, uses_anonymous_args = 0
2979:Middlewares/Third_Party/FreeRTOS/Source/tasks.c **** TCB_t *pxUnblockedTCB;
 4251              		.loc 1 2979 1 is_stmt 0 view .LVU1187
 4252 0000 38B5     		push	{r3, r4, r5, lr}
 4253              	.LCFI38:
 4254              		.cfi_def_cfa_offset 16
 4255              		.cfi_offset 3, -16
 4256              		.cfi_offset 4, -12
 4257              		.cfi_offset 5, -8
 4258              		.cfi_offset 14, -4
2980:Middlewares/Third_Party/FreeRTOS/Source/tasks.c **** BaseType_t xReturn;
 4259              		.loc 1 2980 1 is_stmt 1 view .LVU1188
2981:Middlewares/Third_Party/FreeRTOS/Source/tasks.c **** 
 4260              		.loc 1 2981 1 view .LVU1189
2996:Middlewares/Third_Party/FreeRTOS/Source/tasks.c **** 	configASSERT( pxUnblockedTCB );
 4261              		.loc 1 2996 2 view .LVU1190
2996:Middlewares/Third_Party/FreeRTOS/Source/tasks.c **** 	configASSERT( pxUnblockedTCB );
 4262              		.loc 1 2996 31 is_stmt 0 view .LVU1191
 4263 0002 C368     		ldr	r3, [r0, #12]
2996:Middlewares/Third_Party/FreeRTOS/Source/tasks.c **** 	configASSERT( pxUnblockedTCB );
 4264              		.loc 1 2996 17 view .LVU1192
ARM GAS  /tmp/ccZZCKwI.s 			page 186


 4265 0004 DC68     		ldr	r4, [r3, #12]
 4266              	.LVL282:
2997:Middlewares/Third_Party/FreeRTOS/Source/tasks.c **** 	( void ) uxListRemove( &( pxUnblockedTCB->xEventListItem ) );
 4267              		.loc 1 2997 2 is_stmt 1 view .LVU1193
 4268 0006 24B3     		cbz	r4, .L347
2997:Middlewares/Third_Party/FreeRTOS/Source/tasks.c **** 	( void ) uxListRemove( &( pxUnblockedTCB->xEventListItem ) );
 4269              		.loc 1 2997 32 discriminator 2 view .LVU1194
2998:Middlewares/Third_Party/FreeRTOS/Source/tasks.c **** 
 4270              		.loc 1 2998 2 view .LVU1195
2998:Middlewares/Third_Party/FreeRTOS/Source/tasks.c **** 
 4271              		.loc 1 2998 11 is_stmt 0 view .LVU1196
 4272 0008 04F11805 		add	r5, r4, #24
 4273 000c 2846     		mov	r0, r5
 4274              	.LVL283:
2998:Middlewares/Third_Party/FreeRTOS/Source/tasks.c **** 
 4275              		.loc 1 2998 11 view .LVU1197
 4276 000e FFF7FEFF 		bl	uxListRemove
 4277              	.LVL284:
3000:Middlewares/Third_Party/FreeRTOS/Source/tasks.c **** 	{
 4278              		.loc 1 3000 2 is_stmt 1 view .LVU1198
3000:Middlewares/Third_Party/FreeRTOS/Source/tasks.c **** 	{
 4279              		.loc 1 3000 27 is_stmt 0 view .LVU1199
 4280 0012 184B     		ldr	r3, .L348
 4281 0014 1B68     		ldr	r3, [r3]
3000:Middlewares/Third_Party/FreeRTOS/Source/tasks.c **** 	{
 4282              		.loc 1 3000 4 view .LVU1200
 4283 0016 2BBB     		cbnz	r3, .L341
3002:Middlewares/Third_Party/FreeRTOS/Source/tasks.c **** 		prvAddTaskToReadyList( pxUnblockedTCB );
 4284              		.loc 1 3002 3 is_stmt 1 view .LVU1201
3002:Middlewares/Third_Party/FreeRTOS/Source/tasks.c **** 		prvAddTaskToReadyList( pxUnblockedTCB );
 4285              		.loc 1 3002 12 is_stmt 0 view .LVU1202
 4286 0018 251D     		adds	r5, r4, #4
 4287 001a 2846     		mov	r0, r5
 4288 001c FFF7FEFF 		bl	uxListRemove
 4289              	.LVL285:
3003:Middlewares/Third_Party/FreeRTOS/Source/tasks.c **** 	}
 4290              		.loc 1 3003 3 is_stmt 1 view .LVU1203
3003:Middlewares/Third_Party/FreeRTOS/Source/tasks.c **** 	}
 4291              		.loc 1 3003 3 view .LVU1204
 4292 0020 E06A     		ldr	r0, [r4, #44]
 4293 0022 154B     		ldr	r3, .L348+4
 4294 0024 1B68     		ldr	r3, [r3]
 4295 0026 9842     		cmp	r0, r3
 4296 0028 01D9     		bls	.L342
3003:Middlewares/Third_Party/FreeRTOS/Source/tasks.c **** 	}
 4297              		.loc 1 3003 3 discriminator 1 view .LVU1205
 4298 002a 134B     		ldr	r3, .L348+4
 4299 002c 1860     		str	r0, [r3]
 4300              	.L342:
3003:Middlewares/Third_Party/FreeRTOS/Source/tasks.c **** 	}
 4301              		.loc 1 3003 3 discriminator 3 view .LVU1206
3003:Middlewares/Third_Party/FreeRTOS/Source/tasks.c **** 	}
 4302              		.loc 1 3003 3 discriminator 3 view .LVU1207
 4303 002e 00EB8000 		add	r0, r0, r0, lsl #2
 4304 0032 2946     		mov	r1, r5
 4305 0034 114B     		ldr	r3, .L348+8
 4306 0036 03EB8000 		add	r0, r3, r0, lsl #2
ARM GAS  /tmp/ccZZCKwI.s 			page 187


 4307 003a FFF7FEFF 		bl	vListInsertEnd
 4308              	.LVL286:
3003:Middlewares/Third_Party/FreeRTOS/Source/tasks.c **** 	}
 4309              		.loc 1 3003 42 discriminator 1 view .LVU1208
 4310              	.L343:
3012:Middlewares/Third_Party/FreeRTOS/Source/tasks.c **** 	{
 4311              		.loc 1 3012 2 view .LVU1209
3012:Middlewares/Third_Party/FreeRTOS/Source/tasks.c **** 	{
 4312              		.loc 1 3012 20 is_stmt 0 view .LVU1210
 4313 003e E26A     		ldr	r2, [r4, #44]
3012:Middlewares/Third_Party/FreeRTOS/Source/tasks.c **** 	{
 4314              		.loc 1 3012 47 view .LVU1211
 4315 0040 0F4B     		ldr	r3, .L348+12
 4316 0042 1B68     		ldr	r3, [r3]
 4317 0044 DB6A     		ldr	r3, [r3, #44]
3012:Middlewares/Third_Party/FreeRTOS/Source/tasks.c **** 	{
 4318              		.loc 1 3012 4 view .LVU1212
 4319 0046 9A42     		cmp	r2, r3
 4320 0048 11D9     		bls	.L345
3017:Middlewares/Third_Party/FreeRTOS/Source/tasks.c **** 
 4321              		.loc 1 3017 3 is_stmt 1 view .LVU1213
 4322              	.LVL287:
3021:Middlewares/Third_Party/FreeRTOS/Source/tasks.c **** 	}
 4323              		.loc 1 3021 3 view .LVU1214
3021:Middlewares/Third_Party/FreeRTOS/Source/tasks.c **** 	}
 4324              		.loc 1 3021 17 is_stmt 0 view .LVU1215
 4325 004a 0120     		movs	r0, #1
 4326 004c 0D4B     		ldr	r3, .L348+16
 4327 004e 1860     		str	r0, [r3]
 4328              	.LVL288:
 4329              	.L338:
3043:Middlewares/Third_Party/FreeRTOS/Source/tasks.c **** /*-----------------------------------------------------------*/
 4330              		.loc 1 3043 1 view .LVU1216
 4331 0050 38BD     		pop	{r3, r4, r5, pc}
 4332              	.LVL289:
 4333              	.L347:
2997:Middlewares/Third_Party/FreeRTOS/Source/tasks.c **** 	( void ) uxListRemove( &( pxUnblockedTCB->xEventListItem ) );
 4334              		.loc 1 2997 2 is_stmt 1 discriminator 1 view .LVU1217
 4335              	.LBB194:
 4336              	.LBI194:
 191:Middlewares/Third_Party/FreeRTOS/Source/portable/GCC/ARM_CM4F/portmacro.h **** {
 4337              		.loc 2 191 30 view .LVU1218
 4338              	.LBB195:
 193:Middlewares/Third_Party/FreeRTOS/Source/portable/GCC/ARM_CM4F/portmacro.h **** 
 4339              		.loc 2 193 1 view .LVU1219
 195:Middlewares/Third_Party/FreeRTOS/Source/portable/GCC/ARM_CM4F/portmacro.h **** 	(
 4340              		.loc 2 195 2 view .LVU1220
 4341              		.syntax unified
 4342              	@ 195 "Middlewares/Third_Party/FreeRTOS/Source/portable/GCC/ARM_CM4F/portmacro.h" 1
 4343 0052 4FF05003 			mov r3, #80												
 4344 0056 83F31188 		msr basepri, r3											
 4345 005a BFF36F8F 		isb														
 4346 005e BFF34F8F 		dsb														
 4347              	
 4348              	@ 0 "" 2
 4349              		.thumb
 4350              		.syntax unified
ARM GAS  /tmp/ccZZCKwI.s 			page 188


 4351              	.L340:
 4352              	.LBE195:
 4353              	.LBE194:
2997:Middlewares/Third_Party/FreeRTOS/Source/tasks.c **** 	( void ) uxListRemove( &( pxUnblockedTCB->xEventListItem ) );
 4354              		.loc 1 2997 2 discriminator 3 view .LVU1221
2997:Middlewares/Third_Party/FreeRTOS/Source/tasks.c **** 	( void ) uxListRemove( &( pxUnblockedTCB->xEventListItem ) );
 4355              		.loc 1 2997 2 discriminator 3 view .LVU1222
 4356 0062 FEE7     		b	.L340
 4357              	.LVL290:
 4358              	.L341:
3009:Middlewares/Third_Party/FreeRTOS/Source/tasks.c **** 	}
 4359              		.loc 1 3009 3 view .LVU1223
 4360 0064 2946     		mov	r1, r5
 4361 0066 0848     		ldr	r0, .L348+20
 4362 0068 FFF7FEFF 		bl	vListInsertEnd
 4363              	.LVL291:
 4364 006c E7E7     		b	.L343
 4365              	.L345:
3025:Middlewares/Third_Party/FreeRTOS/Source/tasks.c **** 	}
 4366              		.loc 1 3025 11 is_stmt 0 view .LVU1224
 4367 006e 0020     		movs	r0, #0
 4368              	.LVL292:
3042:Middlewares/Third_Party/FreeRTOS/Source/tasks.c **** }
 4369              		.loc 1 3042 2 is_stmt 1 view .LVU1225
3042:Middlewares/Third_Party/FreeRTOS/Source/tasks.c **** }
 4370              		.loc 1 3042 9 is_stmt 0 view .LVU1226
 4371 0070 EEE7     		b	.L338
 4372              	.L349:
 4373 0072 00BF     		.align	2
 4374              	.L348:
 4375 0074 00000000 		.word	uxSchedulerSuspended
 4376 0078 00000000 		.word	uxTopReadyPriority
 4377 007c 00000000 		.word	pxReadyTasksLists
 4378 0080 00000000 		.word	pxCurrentTCB
 4379 0084 00000000 		.word	xYieldPending
 4380 0088 00000000 		.word	xPendingReadyList
 4381              		.cfi_endproc
 4382              	.LFE33:
 4384              		.section	.text.vTaskRemoveFromUnorderedEventList,"ax",%progbits
 4385              		.align	1
 4386              		.global	vTaskRemoveFromUnorderedEventList
 4387              		.syntax unified
 4388              		.thumb
 4389              		.thumb_func
 4391              	vTaskRemoveFromUnorderedEventList:
 4392              	.LVL293:
 4393              	.LFB34:
3047:Middlewares/Third_Party/FreeRTOS/Source/tasks.c **** TCB_t *pxUnblockedTCB;
 4394              		.loc 1 3047 1 is_stmt 1 view -0
 4395              		.cfi_startproc
 4396              		@ args = 0, pretend = 0, frame = 0
 4397              		@ frame_needed = 0, uses_anonymous_args = 0
3047:Middlewares/Third_Party/FreeRTOS/Source/tasks.c **** TCB_t *pxUnblockedTCB;
 4398              		.loc 1 3047 1 is_stmt 0 view .LVU1228
 4399 0000 38B5     		push	{r3, r4, r5, lr}
 4400              	.LCFI39:
 4401              		.cfi_def_cfa_offset 16
ARM GAS  /tmp/ccZZCKwI.s 			page 189


 4402              		.cfi_offset 3, -16
 4403              		.cfi_offset 4, -12
 4404              		.cfi_offset 5, -8
 4405              		.cfi_offset 14, -4
3048:Middlewares/Third_Party/FreeRTOS/Source/tasks.c **** 
 4406              		.loc 1 3048 1 is_stmt 1 view .LVU1229
3052:Middlewares/Third_Party/FreeRTOS/Source/tasks.c **** 
 4407              		.loc 1 3052 2 view .LVU1230
 4408 0002 1C4B     		ldr	r3, .L359
 4409 0004 1B68     		ldr	r3, [r3]
 4410 0006 43B9     		cbnz	r3, .L351
3052:Middlewares/Third_Party/FreeRTOS/Source/tasks.c **** 
 4411              		.loc 1 3052 2 discriminator 1 view .LVU1231
 4412              	.LBB196:
 4413              	.LBI196:
 191:Middlewares/Third_Party/FreeRTOS/Source/portable/GCC/ARM_CM4F/portmacro.h **** {
 4414              		.loc 2 191 30 view .LVU1232
 4415              	.LBB197:
 193:Middlewares/Third_Party/FreeRTOS/Source/portable/GCC/ARM_CM4F/portmacro.h **** 
 4416              		.loc 2 193 1 view .LVU1233
 195:Middlewares/Third_Party/FreeRTOS/Source/portable/GCC/ARM_CM4F/portmacro.h **** 	(
 4417              		.loc 2 195 2 view .LVU1234
 4418              		.syntax unified
 4419              	@ 195 "Middlewares/Third_Party/FreeRTOS/Source/portable/GCC/ARM_CM4F/portmacro.h" 1
 4420 0008 4FF05003 			mov r3, #80												
 4421 000c 83F31188 		msr basepri, r3											
 4422 0010 BFF36F8F 		isb														
 4423 0014 BFF34F8F 		dsb														
 4424              	
 4425              	@ 0 "" 2
 4426              		.thumb
 4427              		.syntax unified
 4428              	.L352:
 4429              	.LBE197:
 4430              	.LBE196:
3052:Middlewares/Third_Party/FreeRTOS/Source/tasks.c **** 
 4431              		.loc 1 3052 2 discriminator 3 view .LVU1235
3052:Middlewares/Third_Party/FreeRTOS/Source/tasks.c **** 
 4432              		.loc 1 3052 2 discriminator 3 view .LVU1236
 4433 0018 FEE7     		b	.L352
 4434              	.L351:
3052:Middlewares/Third_Party/FreeRTOS/Source/tasks.c **** 
 4435              		.loc 1 3052 49 discriminator 2 view .LVU1237
3055:Middlewares/Third_Party/FreeRTOS/Source/tasks.c **** 
 4436              		.loc 1 3055 2 view .LVU1238
 4437 001a 41F00041 		orr	r1, r1, #-2147483648
 4438              	.LVL294:
3055:Middlewares/Third_Party/FreeRTOS/Source/tasks.c **** 
 4439              		.loc 1 3055 2 is_stmt 0 view .LVU1239
 4440 001e 0160     		str	r1, [r0]
3059:Middlewares/Third_Party/FreeRTOS/Source/tasks.c **** 	configASSERT( pxUnblockedTCB );
 4441              		.loc 1 3059 2 is_stmt 1 view .LVU1240
3059:Middlewares/Third_Party/FreeRTOS/Source/tasks.c **** 	configASSERT( pxUnblockedTCB );
 4442              		.loc 1 3059 17 is_stmt 0 view .LVU1241
 4443 0020 C468     		ldr	r4, [r0, #12]
 4444              	.LVL295:
3060:Middlewares/Third_Party/FreeRTOS/Source/tasks.c **** 	( void ) uxListRemove( pxEventListItem );
ARM GAS  /tmp/ccZZCKwI.s 			page 190


 4445              		.loc 1 3060 2 is_stmt 1 view .LVU1242
 4446 0022 F4B1     		cbz	r4, .L358
3060:Middlewares/Third_Party/FreeRTOS/Source/tasks.c **** 	( void ) uxListRemove( pxEventListItem );
 4447              		.loc 1 3060 32 discriminator 2 view .LVU1243
3061:Middlewares/Third_Party/FreeRTOS/Source/tasks.c **** 
 4448              		.loc 1 3061 2 view .LVU1244
3061:Middlewares/Third_Party/FreeRTOS/Source/tasks.c **** 
 4449              		.loc 1 3061 11 is_stmt 0 view .LVU1245
 4450 0024 FFF7FEFF 		bl	uxListRemove
 4451              	.LVL296:
3066:Middlewares/Third_Party/FreeRTOS/Source/tasks.c **** 	prvAddTaskToReadyList( pxUnblockedTCB );
 4452              		.loc 1 3066 2 is_stmt 1 view .LVU1246
3066:Middlewares/Third_Party/FreeRTOS/Source/tasks.c **** 	prvAddTaskToReadyList( pxUnblockedTCB );
 4453              		.loc 1 3066 11 is_stmt 0 view .LVU1247
 4454 0028 251D     		adds	r5, r4, #4
 4455 002a 2846     		mov	r0, r5
 4456 002c FFF7FEFF 		bl	uxListRemove
 4457              	.LVL297:
3067:Middlewares/Third_Party/FreeRTOS/Source/tasks.c **** 
 4458              		.loc 1 3067 2 is_stmt 1 view .LVU1248
3067:Middlewares/Third_Party/FreeRTOS/Source/tasks.c **** 
 4459              		.loc 1 3067 2 view .LVU1249
 4460 0030 E06A     		ldr	r0, [r4, #44]
 4461 0032 114B     		ldr	r3, .L359+4
 4462 0034 1B68     		ldr	r3, [r3]
 4463 0036 9842     		cmp	r0, r3
 4464 0038 01D9     		bls	.L355
3067:Middlewares/Third_Party/FreeRTOS/Source/tasks.c **** 
 4465              		.loc 1 3067 2 discriminator 1 view .LVU1250
 4466 003a 0F4B     		ldr	r3, .L359+4
 4467 003c 1860     		str	r0, [r3]
 4468              	.L355:
3067:Middlewares/Third_Party/FreeRTOS/Source/tasks.c **** 
 4469              		.loc 1 3067 2 discriminator 3 view .LVU1251
3067:Middlewares/Third_Party/FreeRTOS/Source/tasks.c **** 
 4470              		.loc 1 3067 2 discriminator 3 view .LVU1252
 4471 003e 00EB8000 		add	r0, r0, r0, lsl #2
 4472 0042 2946     		mov	r1, r5
 4473 0044 0D4B     		ldr	r3, .L359+8
 4474 0046 03EB8000 		add	r0, r3, r0, lsl #2
 4475 004a FFF7FEFF 		bl	vListInsertEnd
 4476              	.LVL298:
3067:Middlewares/Third_Party/FreeRTOS/Source/tasks.c **** 
 4477              		.loc 1 3067 41 discriminator 1 view .LVU1253
3069:Middlewares/Third_Party/FreeRTOS/Source/tasks.c **** 	{
 4478              		.loc 1 3069 2 view .LVU1254
3069:Middlewares/Third_Party/FreeRTOS/Source/tasks.c **** 	{
 4479              		.loc 1 3069 20 is_stmt 0 view .LVU1255
 4480 004e E26A     		ldr	r2, [r4, #44]
3069:Middlewares/Third_Party/FreeRTOS/Source/tasks.c **** 	{
 4481              		.loc 1 3069 47 view .LVU1256
 4482 0050 0B4B     		ldr	r3, .L359+12
 4483 0052 1B68     		ldr	r3, [r3]
 4484 0054 DB6A     		ldr	r3, [r3, #44]
3069:Middlewares/Third_Party/FreeRTOS/Source/tasks.c **** 	{
 4485              		.loc 1 3069 4 view .LVU1257
 4486 0056 9A42     		cmp	r2, r3
ARM GAS  /tmp/ccZZCKwI.s 			page 191


 4487 0058 02D9     		bls	.L350
3075:Middlewares/Third_Party/FreeRTOS/Source/tasks.c **** 	}
 4488              		.loc 1 3075 3 is_stmt 1 view .LVU1258
3075:Middlewares/Third_Party/FreeRTOS/Source/tasks.c **** 	}
 4489              		.loc 1 3075 17 is_stmt 0 view .LVU1259
 4490 005a 0A4B     		ldr	r3, .L359+16
 4491 005c 0122     		movs	r2, #1
 4492 005e 1A60     		str	r2, [r3]
 4493              	.L350:
3077:Middlewares/Third_Party/FreeRTOS/Source/tasks.c **** /*-----------------------------------------------------------*/
 4494              		.loc 1 3077 1 view .LVU1260
 4495 0060 38BD     		pop	{r3, r4, r5, pc}
 4496              	.LVL299:
 4497              	.L358:
3060:Middlewares/Third_Party/FreeRTOS/Source/tasks.c **** 	( void ) uxListRemove( pxEventListItem );
 4498              		.loc 1 3060 2 is_stmt 1 discriminator 1 view .LVU1261
 4499              	.LBB198:
 4500              	.LBI198:
 191:Middlewares/Third_Party/FreeRTOS/Source/portable/GCC/ARM_CM4F/portmacro.h **** {
 4501              		.loc 2 191 30 view .LVU1262
 4502              	.LBB199:
 193:Middlewares/Third_Party/FreeRTOS/Source/portable/GCC/ARM_CM4F/portmacro.h **** 
 4503              		.loc 2 193 1 view .LVU1263
 195:Middlewares/Third_Party/FreeRTOS/Source/portable/GCC/ARM_CM4F/portmacro.h **** 	(
 4504              		.loc 2 195 2 view .LVU1264
 4505              		.syntax unified
 4506              	@ 195 "Middlewares/Third_Party/FreeRTOS/Source/portable/GCC/ARM_CM4F/portmacro.h" 1
 4507 0062 4FF05003 			mov r3, #80												
 4508 0066 83F31188 		msr basepri, r3											
 4509 006a BFF36F8F 		isb														
 4510 006e BFF34F8F 		dsb														
 4511              	
 4512              	@ 0 "" 2
 4513              		.thumb
 4514              		.syntax unified
 4515              	.L354:
 4516              	.LBE199:
 4517              	.LBE198:
3060:Middlewares/Third_Party/FreeRTOS/Source/tasks.c **** 	( void ) uxListRemove( pxEventListItem );
 4518              		.loc 1 3060 2 discriminator 3 view .LVU1265
3060:Middlewares/Third_Party/FreeRTOS/Source/tasks.c **** 	( void ) uxListRemove( pxEventListItem );
 4519              		.loc 1 3060 2 discriminator 3 view .LVU1266
 4520 0072 FEE7     		b	.L354
 4521              	.L360:
 4522              		.align	2
 4523              	.L359:
 4524 0074 00000000 		.word	uxSchedulerSuspended
 4525 0078 00000000 		.word	uxTopReadyPriority
 4526 007c 00000000 		.word	pxReadyTasksLists
 4527 0080 00000000 		.word	pxCurrentTCB
 4528 0084 00000000 		.word	xYieldPending
 4529              		.cfi_endproc
 4530              	.LFE34:
 4532              		.section	.text.vTaskSetTimeOutState,"ax",%progbits
 4533              		.align	1
 4534              		.global	vTaskSetTimeOutState
 4535              		.syntax unified
ARM GAS  /tmp/ccZZCKwI.s 			page 192


 4536              		.thumb
 4537              		.thumb_func
 4539              	vTaskSetTimeOutState:
 4540              	.LVL300:
 4541              	.LFB35:
3081:Middlewares/Third_Party/FreeRTOS/Source/tasks.c **** 	configASSERT( pxTimeOut );
 4542              		.loc 1 3081 1 view -0
 4543              		.cfi_startproc
 4544              		@ args = 0, pretend = 0, frame = 0
 4545              		@ frame_needed = 0, uses_anonymous_args = 0
3082:Middlewares/Third_Party/FreeRTOS/Source/tasks.c **** 	taskENTER_CRITICAL();
 4546              		.loc 1 3082 2 view .LVU1268
 4547 0000 60B1     		cbz	r0, .L366
3081:Middlewares/Third_Party/FreeRTOS/Source/tasks.c **** 	configASSERT( pxTimeOut );
 4548              		.loc 1 3081 1 is_stmt 0 view .LVU1269
 4549 0002 10B5     		push	{r4, lr}
 4550              	.LCFI40:
 4551              		.cfi_def_cfa_offset 8
 4552              		.cfi_offset 4, -8
 4553              		.cfi_offset 14, -4
 4554 0004 0446     		mov	r4, r0
3082:Middlewares/Third_Party/FreeRTOS/Source/tasks.c **** 	taskENTER_CRITICAL();
 4555              		.loc 1 3082 27 is_stmt 1 discriminator 2 view .LVU1270
3083:Middlewares/Third_Party/FreeRTOS/Source/tasks.c **** 	{
 4556              		.loc 1 3083 2 view .LVU1271
 4557 0006 FFF7FEFF 		bl	vPortEnterCritical
 4558              	.LVL301:
3085:Middlewares/Third_Party/FreeRTOS/Source/tasks.c **** 		pxTimeOut->xTimeOnEntering = xTickCount;
 4559              		.loc 1 3085 3 view .LVU1272
3085:Middlewares/Third_Party/FreeRTOS/Source/tasks.c **** 		pxTimeOut->xTimeOnEntering = xTickCount;
 4560              		.loc 1 3085 29 is_stmt 0 view .LVU1273
 4561 000a 094B     		ldr	r3, .L367
 4562 000c 1B68     		ldr	r3, [r3]
 4563 000e 2360     		str	r3, [r4]
3086:Middlewares/Third_Party/FreeRTOS/Source/tasks.c **** 	}
 4564              		.loc 1 3086 3 is_stmt 1 view .LVU1274
3086:Middlewares/Third_Party/FreeRTOS/Source/tasks.c **** 	}
 4565              		.loc 1 3086 30 is_stmt 0 view .LVU1275
 4566 0010 084B     		ldr	r3, .L367+4
 4567 0012 1B68     		ldr	r3, [r3]
 4568 0014 6360     		str	r3, [r4, #4]
3088:Middlewares/Third_Party/FreeRTOS/Source/tasks.c **** }
 4569              		.loc 1 3088 2 is_stmt 1 view .LVU1276
 4570 0016 FFF7FEFF 		bl	vPortExitCritical
 4571              	.LVL302:
3089:Middlewares/Third_Party/FreeRTOS/Source/tasks.c **** /*-----------------------------------------------------------*/
 4572              		.loc 1 3089 1 is_stmt 0 view .LVU1277
 4573 001a 10BD     		pop	{r4, pc}
 4574              	.LVL303:
 4575              	.L366:
 4576              	.LCFI41:
 4577              		.cfi_def_cfa_offset 0
 4578              		.cfi_restore 4
 4579              		.cfi_restore 14
3082:Middlewares/Third_Party/FreeRTOS/Source/tasks.c **** 	taskENTER_CRITICAL();
 4580              		.loc 1 3082 2 is_stmt 1 discriminator 1 view .LVU1278
 4581              	.LBB200:
ARM GAS  /tmp/ccZZCKwI.s 			page 193


 4582              	.LBI200:
 191:Middlewares/Third_Party/FreeRTOS/Source/portable/GCC/ARM_CM4F/portmacro.h **** {
 4583              		.loc 2 191 30 view .LVU1279
 4584              	.LBB201:
 193:Middlewares/Third_Party/FreeRTOS/Source/portable/GCC/ARM_CM4F/portmacro.h **** 
 4585              		.loc 2 193 1 view .LVU1280
 195:Middlewares/Third_Party/FreeRTOS/Source/portable/GCC/ARM_CM4F/portmacro.h **** 	(
 4586              		.loc 2 195 2 view .LVU1281
 4587              		.syntax unified
 4588              	@ 195 "Middlewares/Third_Party/FreeRTOS/Source/portable/GCC/ARM_CM4F/portmacro.h" 1
 4589 001c 4FF05003 			mov r3, #80												
 4590 0020 83F31188 		msr basepri, r3											
 4591 0024 BFF36F8F 		isb														
 4592 0028 BFF34F8F 		dsb														
 4593              	
 4594              	@ 0 "" 2
 4595              		.thumb
 4596              		.syntax unified
 4597              	.L363:
 4598              	.LBE201:
 4599              	.LBE200:
3082:Middlewares/Third_Party/FreeRTOS/Source/tasks.c **** 	taskENTER_CRITICAL();
 4600              		.loc 1 3082 2 discriminator 3 view .LVU1282
3082:Middlewares/Third_Party/FreeRTOS/Source/tasks.c **** 	taskENTER_CRITICAL();
 4601              		.loc 1 3082 2 discriminator 3 view .LVU1283
 4602 002c FEE7     		b	.L363
 4603              	.L368:
 4604 002e 00BF     		.align	2
 4605              	.L367:
 4606 0030 00000000 		.word	xNumOfOverflows
 4607 0034 00000000 		.word	xTickCount
 4608              		.cfi_endproc
 4609              	.LFE35:
 4611              		.section	.text.vTaskInternalSetTimeOutState,"ax",%progbits
 4612              		.align	1
 4613              		.global	vTaskInternalSetTimeOutState
 4614              		.syntax unified
 4615              		.thumb
 4616              		.thumb_func
 4618              	vTaskInternalSetTimeOutState:
 4619              	.LVL304:
 4620              	.LFB36:
3093:Middlewares/Third_Party/FreeRTOS/Source/tasks.c **** 	/* For internal use only as it does not use a critical section. */
 4621              		.loc 1 3093 1 view -0
 4622              		.cfi_startproc
 4623              		@ args = 0, pretend = 0, frame = 0
 4624              		@ frame_needed = 0, uses_anonymous_args = 0
 4625              		@ link register save eliminated.
3095:Middlewares/Third_Party/FreeRTOS/Source/tasks.c **** 	pxTimeOut->xTimeOnEntering = xTickCount;
 4626              		.loc 1 3095 2 view .LVU1285
3095:Middlewares/Third_Party/FreeRTOS/Source/tasks.c **** 	pxTimeOut->xTimeOnEntering = xTickCount;
 4627              		.loc 1 3095 28 is_stmt 0 view .LVU1286
 4628 0000 034B     		ldr	r3, .L370
 4629 0002 1B68     		ldr	r3, [r3]
 4630 0004 0360     		str	r3, [r0]
3096:Middlewares/Third_Party/FreeRTOS/Source/tasks.c **** }
 4631              		.loc 1 3096 2 is_stmt 1 view .LVU1287
ARM GAS  /tmp/ccZZCKwI.s 			page 194


3096:Middlewares/Third_Party/FreeRTOS/Source/tasks.c **** }
 4632              		.loc 1 3096 29 is_stmt 0 view .LVU1288
 4633 0006 034B     		ldr	r3, .L370+4
 4634 0008 1B68     		ldr	r3, [r3]
 4635 000a 4360     		str	r3, [r0, #4]
3097:Middlewares/Third_Party/FreeRTOS/Source/tasks.c **** /*-----------------------------------------------------------*/
 4636              		.loc 1 3097 1 view .LVU1289
 4637 000c 7047     		bx	lr
 4638              	.L371:
 4639 000e 00BF     		.align	2
 4640              	.L370:
 4641 0010 00000000 		.word	xNumOfOverflows
 4642 0014 00000000 		.word	xTickCount
 4643              		.cfi_endproc
 4644              	.LFE36:
 4646              		.section	.text.xTaskCheckForTimeOut,"ax",%progbits
 4647              		.align	1
 4648              		.global	xTaskCheckForTimeOut
 4649              		.syntax unified
 4650              		.thumb
 4651              		.thumb_func
 4653              	xTaskCheckForTimeOut:
 4654              	.LVL305:
 4655              	.LFB37:
3101:Middlewares/Third_Party/FreeRTOS/Source/tasks.c **** BaseType_t xReturn;
 4656              		.loc 1 3101 1 is_stmt 1 view -0
 4657              		.cfi_startproc
 4658              		@ args = 0, pretend = 0, frame = 0
 4659              		@ frame_needed = 0, uses_anonymous_args = 0
3101:Middlewares/Third_Party/FreeRTOS/Source/tasks.c **** BaseType_t xReturn;
 4660              		.loc 1 3101 1 is_stmt 0 view .LVU1291
 4661 0000 F8B5     		push	{r3, r4, r5, r6, r7, lr}
 4662              	.LCFI42:
 4663              		.cfi_def_cfa_offset 24
 4664              		.cfi_offset 3, -24
 4665              		.cfi_offset 4, -20
 4666              		.cfi_offset 5, -16
 4667              		.cfi_offset 6, -12
 4668              		.cfi_offset 7, -8
 4669              		.cfi_offset 14, -4
3102:Middlewares/Third_Party/FreeRTOS/Source/tasks.c **** 
 4670              		.loc 1 3102 1 is_stmt 1 view .LVU1292
3104:Middlewares/Third_Party/FreeRTOS/Source/tasks.c **** 	configASSERT( pxTicksToWait );
 4671              		.loc 1 3104 2 view .LVU1293
 4672 0002 C8B1     		cbz	r0, .L383
 4673 0004 0C46     		mov	r4, r1
 4674 0006 0546     		mov	r5, r0
3104:Middlewares/Third_Party/FreeRTOS/Source/tasks.c **** 	configASSERT( pxTicksToWait );
 4675              		.loc 1 3104 27 discriminator 2 view .LVU1294
3105:Middlewares/Third_Party/FreeRTOS/Source/tasks.c **** 
 4676              		.loc 1 3105 2 view .LVU1295
 4677 0008 F9B1     		cbz	r1, .L384
3105:Middlewares/Third_Party/FreeRTOS/Source/tasks.c **** 
 4678              		.loc 1 3105 31 discriminator 2 view .LVU1296
3107:Middlewares/Third_Party/FreeRTOS/Source/tasks.c **** 	{
 4679              		.loc 1 3107 2 view .LVU1297
 4680 000a FFF7FEFF 		bl	vPortEnterCritical
ARM GAS  /tmp/ccZZCKwI.s 			page 195


 4681              	.LVL306:
 4682              	.LBB202:
3110:Middlewares/Third_Party/FreeRTOS/Source/tasks.c **** 		const TickType_t xElapsedTime = xConstTickCount - pxTimeOut->xTimeOnEntering;
 4683              		.loc 1 3110 3 view .LVU1298
3110:Middlewares/Third_Party/FreeRTOS/Source/tasks.c **** 		const TickType_t xElapsedTime = xConstTickCount - pxTimeOut->xTimeOnEntering;
 4684              		.loc 1 3110 20 is_stmt 0 view .LVU1299
 4685 000e 1B4B     		ldr	r3, .L386
 4686 0010 1968     		ldr	r1, [r3]
 4687              	.LVL307:
3111:Middlewares/Third_Party/FreeRTOS/Source/tasks.c **** 
 4688              		.loc 1 3111 3 is_stmt 1 view .LVU1300
3111:Middlewares/Third_Party/FreeRTOS/Source/tasks.c **** 
 4689              		.loc 1 3111 62 is_stmt 0 view .LVU1301
 4690 0012 6B68     		ldr	r3, [r5, #4]
3111:Middlewares/Third_Party/FreeRTOS/Source/tasks.c **** 
 4691              		.loc 1 3111 20 view .LVU1302
 4692 0014 C81A     		subs	r0, r1, r3
 4693              	.LVL308:
3125:Middlewares/Third_Party/FreeRTOS/Source/tasks.c **** 			{
 4694              		.loc 1 3125 4 is_stmt 1 view .LVU1303
3125:Middlewares/Third_Party/FreeRTOS/Source/tasks.c **** 			{
 4695              		.loc 1 3125 8 is_stmt 0 view .LVU1304
 4696 0016 2268     		ldr	r2, [r4]
3125:Middlewares/Third_Party/FreeRTOS/Source/tasks.c **** 			{
 4697              		.loc 1 3125 6 view .LVU1305
 4698 0018 B2F1FF3F 		cmp	r2, #-1
 4699 001c 26D0     		beq	.L380
3135:Middlewares/Third_Party/FreeRTOS/Source/tasks.c **** 		{
 4700              		.loc 1 3135 3 is_stmt 1 view .LVU1306
3135:Middlewares/Third_Party/FreeRTOS/Source/tasks.c **** 		{
 4701              		.loc 1 3135 25 is_stmt 0 view .LVU1307
 4702 001e 184E     		ldr	r6, .L386+4
 4703 0020 3668     		ldr	r6, [r6]
3135:Middlewares/Third_Party/FreeRTOS/Source/tasks.c **** 		{
 4704              		.loc 1 3135 5 view .LVU1308
 4705 0022 2F68     		ldr	r7, [r5]
 4706 0024 B742     		cmp	r7, r6
 4707 0026 01D0     		beq	.L378
3135:Middlewares/Third_Party/FreeRTOS/Source/tasks.c **** 		{
 4708              		.loc 1 3135 56 discriminator 1 view .LVU1309
 4709 0028 8B42     		cmp	r3, r1
 4710 002a 24D9     		bls	.L381
 4711              	.L378:
3144:Middlewares/Third_Party/FreeRTOS/Source/tasks.c **** 		{
 4712              		.loc 1 3144 8 is_stmt 1 view .LVU1310
3144:Middlewares/Third_Party/FreeRTOS/Source/tasks.c **** 		{
 4713              		.loc 1 3144 10 is_stmt 0 view .LVU1311
 4714 002c 8242     		cmp	r2, r0
 4715 002e 15D8     		bhi	.L385
3153:Middlewares/Third_Party/FreeRTOS/Source/tasks.c **** 			xReturn = pdTRUE;
 4716              		.loc 1 3153 4 is_stmt 1 view .LVU1312
3153:Middlewares/Third_Party/FreeRTOS/Source/tasks.c **** 			xReturn = pdTRUE;
 4717              		.loc 1 3153 19 is_stmt 0 view .LVU1313
 4718 0030 0023     		movs	r3, #0
 4719 0032 2360     		str	r3, [r4]
3154:Middlewares/Third_Party/FreeRTOS/Source/tasks.c **** 		}
 4720              		.loc 1 3154 4 is_stmt 1 view .LVU1314
ARM GAS  /tmp/ccZZCKwI.s 			page 196


 4721              	.LVL309:
3154:Middlewares/Third_Party/FreeRTOS/Source/tasks.c **** 		}
 4722              		.loc 1 3154 12 is_stmt 0 view .LVU1315
 4723 0034 0124     		movs	r4, #1
 4724              	.LVL310:
3154:Middlewares/Third_Party/FreeRTOS/Source/tasks.c **** 		}
 4725              		.loc 1 3154 12 view .LVU1316
 4726 0036 1AE0     		b	.L377
 4727              	.LVL311:
 4728              	.L383:
3154:Middlewares/Third_Party/FreeRTOS/Source/tasks.c **** 		}
 4729              		.loc 1 3154 12 view .LVU1317
 4730              	.LBE202:
3104:Middlewares/Third_Party/FreeRTOS/Source/tasks.c **** 	configASSERT( pxTicksToWait );
 4731              		.loc 1 3104 2 is_stmt 1 discriminator 1 view .LVU1318
 4732              	.LBB203:
 4733              	.LBI203:
 191:Middlewares/Third_Party/FreeRTOS/Source/portable/GCC/ARM_CM4F/portmacro.h **** {
 4734              		.loc 2 191 30 view .LVU1319
 4735              	.LBB204:
 193:Middlewares/Third_Party/FreeRTOS/Source/portable/GCC/ARM_CM4F/portmacro.h **** 
 4736              		.loc 2 193 1 view .LVU1320
 195:Middlewares/Third_Party/FreeRTOS/Source/portable/GCC/ARM_CM4F/portmacro.h **** 	(
 4737              		.loc 2 195 2 view .LVU1321
 4738              		.syntax unified
 4739              	@ 195 "Middlewares/Third_Party/FreeRTOS/Source/portable/GCC/ARM_CM4F/portmacro.h" 1
 4740 0038 4FF05003 			mov r3, #80												
 4741 003c 83F31188 		msr basepri, r3											
 4742 0040 BFF36F8F 		isb														
 4743 0044 BFF34F8F 		dsb														
 4744              	
 4745              	@ 0 "" 2
 4746              		.thumb
 4747              		.syntax unified
 4748              	.L374:
 4749              	.LBE204:
 4750              	.LBE203:
3104:Middlewares/Third_Party/FreeRTOS/Source/tasks.c **** 	configASSERT( pxTicksToWait );
 4751              		.loc 1 3104 2 discriminator 3 view .LVU1322
3104:Middlewares/Third_Party/FreeRTOS/Source/tasks.c **** 	configASSERT( pxTicksToWait );
 4752              		.loc 1 3104 2 discriminator 3 view .LVU1323
 4753 0048 FEE7     		b	.L374
 4754              	.L384:
3105:Middlewares/Third_Party/FreeRTOS/Source/tasks.c **** 
 4755              		.loc 1 3105 2 discriminator 1 view .LVU1324
 4756              	.LBB205:
 4757              	.LBI205:
 191:Middlewares/Third_Party/FreeRTOS/Source/portable/GCC/ARM_CM4F/portmacro.h **** {
 4758              		.loc 2 191 30 view .LVU1325
 4759              	.LBB206:
 193:Middlewares/Third_Party/FreeRTOS/Source/portable/GCC/ARM_CM4F/portmacro.h **** 
 4760              		.loc 2 193 1 view .LVU1326
 195:Middlewares/Third_Party/FreeRTOS/Source/portable/GCC/ARM_CM4F/portmacro.h **** 	(
 4761              		.loc 2 195 2 view .LVU1327
 4762              		.syntax unified
 4763              	@ 195 "Middlewares/Third_Party/FreeRTOS/Source/portable/GCC/ARM_CM4F/portmacro.h" 1
 4764 004a 4FF05003 			mov r3, #80												
ARM GAS  /tmp/ccZZCKwI.s 			page 197


 4765 004e 83F31188 		msr basepri, r3											
 4766 0052 BFF36F8F 		isb														
 4767 0056 BFF34F8F 		dsb														
 4768              	
 4769              	@ 0 "" 2
 4770              		.thumb
 4771              		.syntax unified
 4772              	.L376:
 4773              	.LBE206:
 4774              	.LBE205:
3105:Middlewares/Third_Party/FreeRTOS/Source/tasks.c **** 
 4775              		.loc 1 3105 2 discriminator 3 view .LVU1328
3105:Middlewares/Third_Party/FreeRTOS/Source/tasks.c **** 
 4776              		.loc 1 3105 2 discriminator 3 view .LVU1329
 4777 005a FEE7     		b	.L376
 4778              	.LVL312:
 4779              	.L385:
 4780              	.LBB207:
3147:Middlewares/Third_Party/FreeRTOS/Source/tasks.c **** 			vTaskInternalSetTimeOutState( pxTimeOut );
 4781              		.loc 1 3147 4 view .LVU1330
3147:Middlewares/Third_Party/FreeRTOS/Source/tasks.c **** 			vTaskInternalSetTimeOutState( pxTimeOut );
 4782              		.loc 1 3147 19 is_stmt 0 view .LVU1331
 4783 005c 5B1A     		subs	r3, r3, r1
 4784 005e 1344     		add	r3, r3, r2
 4785 0060 2360     		str	r3, [r4]
3148:Middlewares/Third_Party/FreeRTOS/Source/tasks.c **** 			xReturn = pdFALSE;
 4786              		.loc 1 3148 4 is_stmt 1 view .LVU1332
 4787 0062 2846     		mov	r0, r5
 4788              	.LVL313:
3148:Middlewares/Third_Party/FreeRTOS/Source/tasks.c **** 			xReturn = pdFALSE;
 4789              		.loc 1 3148 4 is_stmt 0 view .LVU1333
 4790 0064 FFF7FEFF 		bl	vTaskInternalSetTimeOutState
 4791              	.LVL314:
3149:Middlewares/Third_Party/FreeRTOS/Source/tasks.c **** 		}
 4792              		.loc 1 3149 4 is_stmt 1 view .LVU1334
3149:Middlewares/Third_Party/FreeRTOS/Source/tasks.c **** 		}
 4793              		.loc 1 3149 12 is_stmt 0 view .LVU1335
 4794 0068 0024     		movs	r4, #0
 4795              	.LVL315:
3149:Middlewares/Third_Party/FreeRTOS/Source/tasks.c **** 		}
 4796              		.loc 1 3149 12 view .LVU1336
 4797 006a 00E0     		b	.L377
 4798              	.LVL316:
 4799              	.L380:
3130:Middlewares/Third_Party/FreeRTOS/Source/tasks.c **** 			}
 4800              		.loc 1 3130 13 view .LVU1337
 4801 006c 0024     		movs	r4, #0
 4802              	.LVL317:
 4803              	.L377:
3130:Middlewares/Third_Party/FreeRTOS/Source/tasks.c **** 			}
 4804              		.loc 1 3130 13 view .LVU1338
 4805              	.LBE207:
3157:Middlewares/Third_Party/FreeRTOS/Source/tasks.c **** 
 4806              		.loc 1 3157 2 is_stmt 1 view .LVU1339
 4807 006e FFF7FEFF 		bl	vPortExitCritical
 4808              	.LVL318:
3159:Middlewares/Third_Party/FreeRTOS/Source/tasks.c **** }
ARM GAS  /tmp/ccZZCKwI.s 			page 198


 4809              		.loc 1 3159 2 view .LVU1340
3160:Middlewares/Third_Party/FreeRTOS/Source/tasks.c **** /*-----------------------------------------------------------*/
 4810              		.loc 1 3160 1 is_stmt 0 view .LVU1341
 4811 0072 2046     		mov	r0, r4
 4812 0074 F8BD     		pop	{r3, r4, r5, r6, r7, pc}
 4813              	.LVL319:
 4814              	.L381:
 4815              	.LBB208:
3142:Middlewares/Third_Party/FreeRTOS/Source/tasks.c **** 		}
 4816              		.loc 1 3142 12 view .LVU1342
 4817 0076 0124     		movs	r4, #1
 4818              	.LVL320:
3142:Middlewares/Third_Party/FreeRTOS/Source/tasks.c **** 		}
 4819              		.loc 1 3142 12 view .LVU1343
 4820 0078 F9E7     		b	.L377
 4821              	.L387:
 4822 007a 00BF     		.align	2
 4823              	.L386:
 4824 007c 00000000 		.word	xTickCount
 4825 0080 00000000 		.word	xNumOfOverflows
 4826              	.LBE208:
 4827              		.cfi_endproc
 4828              	.LFE37:
 4830              		.section	.text.vTaskMissedYield,"ax",%progbits
 4831              		.align	1
 4832              		.global	vTaskMissedYield
 4833              		.syntax unified
 4834              		.thumb
 4835              		.thumb_func
 4837              	vTaskMissedYield:
 4838              	.LFB38:
3164:Middlewares/Third_Party/FreeRTOS/Source/tasks.c **** 	xYieldPending = pdTRUE;
 4839              		.loc 1 3164 1 is_stmt 1 view -0
 4840              		.cfi_startproc
 4841              		@ args = 0, pretend = 0, frame = 0
 4842              		@ frame_needed = 0, uses_anonymous_args = 0
 4843              		@ link register save eliminated.
3165:Middlewares/Third_Party/FreeRTOS/Source/tasks.c **** }
 4844              		.loc 1 3165 2 view .LVU1345
3165:Middlewares/Third_Party/FreeRTOS/Source/tasks.c **** }
 4845              		.loc 1 3165 16 is_stmt 0 view .LVU1346
 4846 0000 014B     		ldr	r3, .L389
 4847 0002 0122     		movs	r2, #1
 4848 0004 1A60     		str	r2, [r3]
3166:Middlewares/Third_Party/FreeRTOS/Source/tasks.c **** /*-----------------------------------------------------------*/
 4849              		.loc 1 3166 1 view .LVU1347
 4850 0006 7047     		bx	lr
 4851              	.L390:
 4852              		.align	2
 4853              	.L389:
 4854 0008 00000000 		.word	xYieldPending
 4855              		.cfi_endproc
 4856              	.LFE38:
 4858              		.section	.text.uxTaskGetTaskNumber,"ax",%progbits
 4859              		.align	1
 4860              		.global	uxTaskGetTaskNumber
 4861              		.syntax unified
ARM GAS  /tmp/ccZZCKwI.s 			page 199


 4862              		.thumb
 4863              		.thumb_func
 4865              	uxTaskGetTaskNumber:
 4866              	.LVL321:
 4867              	.LFB39:
3172:Middlewares/Third_Party/FreeRTOS/Source/tasks.c **** 	UBaseType_t uxReturn;
 4868              		.loc 1 3172 2 is_stmt 1 view -0
 4869              		.cfi_startproc
 4870              		@ args = 0, pretend = 0, frame = 0
 4871              		@ frame_needed = 0, uses_anonymous_args = 0
 4872              		@ link register save eliminated.
3173:Middlewares/Third_Party/FreeRTOS/Source/tasks.c **** 	TCB_t *pxTCB;
 4873              		.loc 1 3173 2 view .LVU1349
3174:Middlewares/Third_Party/FreeRTOS/Source/tasks.c **** 
 4874              		.loc 1 3174 2 view .LVU1350
3176:Middlewares/Third_Party/FreeRTOS/Source/tasks.c **** 		{
 4875              		.loc 1 3176 3 view .LVU1351
3176:Middlewares/Third_Party/FreeRTOS/Source/tasks.c **** 		{
 4876              		.loc 1 3176 5 is_stmt 0 view .LVU1352
 4877 0000 08B1     		cbz	r0, .L393
3178:Middlewares/Third_Party/FreeRTOS/Source/tasks.c **** 			uxReturn = pxTCB->uxTaskNumber;
 4878              		.loc 1 3178 4 is_stmt 1 view .LVU1353
 4879              	.LVL322:
3179:Middlewares/Third_Party/FreeRTOS/Source/tasks.c **** 		}
 4880              		.loc 1 3179 4 view .LVU1354
3179:Middlewares/Third_Party/FreeRTOS/Source/tasks.c **** 		}
 4881              		.loc 1 3179 13 is_stmt 0 view .LVU1355
 4882 0002 806C     		ldr	r0, [r0, #72]
 4883              	.LVL323:
3179:Middlewares/Third_Party/FreeRTOS/Source/tasks.c **** 		}
 4884              		.loc 1 3179 13 view .LVU1356
 4885 0004 7047     		bx	lr
 4886              	.LVL324:
 4887              	.L393:
3183:Middlewares/Third_Party/FreeRTOS/Source/tasks.c **** 		}
 4888              		.loc 1 3183 13 view .LVU1357
 4889 0006 0020     		movs	r0, #0
 4890              	.LVL325:
3186:Middlewares/Third_Party/FreeRTOS/Source/tasks.c **** 	}
 4891              		.loc 1 3186 3 is_stmt 1 view .LVU1358
3187:Middlewares/Third_Party/FreeRTOS/Source/tasks.c **** 
 4892              		.loc 1 3187 2 is_stmt 0 view .LVU1359
 4893 0008 7047     		bx	lr
 4894              		.cfi_endproc
 4895              	.LFE39:
 4897              		.section	.text.vTaskSetTaskNumber,"ax",%progbits
 4898              		.align	1
 4899              		.global	vTaskSetTaskNumber
 4900              		.syntax unified
 4901              		.thumb
 4902              		.thumb_func
 4904              	vTaskSetTaskNumber:
 4905              	.LVL326:
 4906              	.LFB40:
3195:Middlewares/Third_Party/FreeRTOS/Source/tasks.c **** 	TCB_t *pxTCB;
 4907              		.loc 1 3195 2 is_stmt 1 view -0
 4908              		.cfi_startproc
ARM GAS  /tmp/ccZZCKwI.s 			page 200


 4909              		@ args = 0, pretend = 0, frame = 0
 4910              		@ frame_needed = 0, uses_anonymous_args = 0
 4911              		@ link register save eliminated.
3196:Middlewares/Third_Party/FreeRTOS/Source/tasks.c **** 
 4912              		.loc 1 3196 2 view .LVU1361
3198:Middlewares/Third_Party/FreeRTOS/Source/tasks.c **** 		{
 4913              		.loc 1 3198 3 view .LVU1362
3198:Middlewares/Third_Party/FreeRTOS/Source/tasks.c **** 		{
 4914              		.loc 1 3198 5 is_stmt 0 view .LVU1363
 4915 0000 00B1     		cbz	r0, .L394
3200:Middlewares/Third_Party/FreeRTOS/Source/tasks.c **** 			pxTCB->uxTaskNumber = uxHandle;
 4916              		.loc 1 3200 4 is_stmt 1 view .LVU1364
 4917              	.LVL327:
3201:Middlewares/Third_Party/FreeRTOS/Source/tasks.c **** 		}
 4918              		.loc 1 3201 4 view .LVU1365
3201:Middlewares/Third_Party/FreeRTOS/Source/tasks.c **** 		}
 4919              		.loc 1 3201 24 is_stmt 0 view .LVU1366
 4920 0002 8164     		str	r1, [r0, #72]
 4921              	.LVL328:
 4922              	.L394:
3203:Middlewares/Third_Party/FreeRTOS/Source/tasks.c **** 
 4923              		.loc 1 3203 2 view .LVU1367
 4924 0004 7047     		bx	lr
 4925              		.cfi_endproc
 4926              	.LFE40:
 4928              		.section	.text.vTaskGetInfo,"ax",%progbits
 4929              		.align	1
 4930              		.global	vTaskGetInfo
 4931              		.syntax unified
 4932              		.thumb
 4933              		.thumb_func
 4935              	vTaskGetInfo:
 4936              	.LVL329:
 4937              	.LFB44:
3494:Middlewares/Third_Party/FreeRTOS/Source/tasks.c **** 	TCB_t *pxTCB;
 4938              		.loc 1 3494 2 is_stmt 1 view -0
 4939              		.cfi_startproc
 4940              		@ args = 0, pretend = 0, frame = 0
 4941              		@ frame_needed = 0, uses_anonymous_args = 0
3494:Middlewares/Third_Party/FreeRTOS/Source/tasks.c **** 	TCB_t *pxTCB;
 4942              		.loc 1 3494 2 is_stmt 0 view .LVU1369
 4943 0000 70B5     		push	{r4, r5, r6, lr}
 4944              	.LCFI43:
 4945              		.cfi_def_cfa_offset 16
 4946              		.cfi_offset 4, -16
 4947              		.cfi_offset 5, -12
 4948              		.cfi_offset 6, -8
 4949              		.cfi_offset 14, -4
 4950 0002 0C46     		mov	r4, r1
 4951 0004 1646     		mov	r6, r2
3495:Middlewares/Third_Party/FreeRTOS/Source/tasks.c **** 
 4952              		.loc 1 3495 2 is_stmt 1 view .LVU1370
3498:Middlewares/Third_Party/FreeRTOS/Source/tasks.c **** 
 4953              		.loc 1 3498 3 view .LVU1371
3498:Middlewares/Third_Party/FreeRTOS/Source/tasks.c **** 
 4954              		.loc 1 3498 11 is_stmt 0 view .LVU1372
 4955 0006 0546     		mov	r5, r0
ARM GAS  /tmp/ccZZCKwI.s 			page 201


 4956 0008 D0B1     		cbz	r0, .L405
 4957              	.LVL330:
 4958              	.L397:
3500:Middlewares/Third_Party/FreeRTOS/Source/tasks.c **** 		pxTaskStatus->pcTaskName = ( const char * ) &( pxTCB->pcTaskName [ 0 ] );
 4959              		.loc 1 3500 3 is_stmt 1 view .LVU1373
3500:Middlewares/Third_Party/FreeRTOS/Source/tasks.c **** 		pxTaskStatus->pcTaskName = ( const char * ) &( pxTCB->pcTaskName [ 0 ] );
 4960              		.loc 1 3500 25 is_stmt 0 view .LVU1374
 4961 000a 2560     		str	r5, [r4]
3501:Middlewares/Third_Party/FreeRTOS/Source/tasks.c **** 		pxTaskStatus->uxCurrentPriority = pxTCB->uxPriority;
 4962              		.loc 1 3501 3 is_stmt 1 view .LVU1375
3501:Middlewares/Third_Party/FreeRTOS/Source/tasks.c **** 		pxTaskStatus->uxCurrentPriority = pxTCB->uxPriority;
 4963              		.loc 1 3501 47 is_stmt 0 view .LVU1376
 4964 000c 05F13402 		add	r2, r5, #52
3501:Middlewares/Third_Party/FreeRTOS/Source/tasks.c **** 		pxTaskStatus->uxCurrentPriority = pxTCB->uxPriority;
 4965              		.loc 1 3501 28 view .LVU1377
 4966 0010 6260     		str	r2, [r4, #4]
3502:Middlewares/Third_Party/FreeRTOS/Source/tasks.c **** 		pxTaskStatus->pxStackBase = pxTCB->pxStack;
 4967              		.loc 1 3502 3 is_stmt 1 view .LVU1378
3502:Middlewares/Third_Party/FreeRTOS/Source/tasks.c **** 		pxTaskStatus->pxStackBase = pxTCB->pxStack;
 4968              		.loc 1 3502 42 is_stmt 0 view .LVU1379
 4969 0012 EA6A     		ldr	r2, [r5, #44]
3502:Middlewares/Third_Party/FreeRTOS/Source/tasks.c **** 		pxTaskStatus->pxStackBase = pxTCB->pxStack;
 4970              		.loc 1 3502 35 view .LVU1380
 4971 0014 2261     		str	r2, [r4, #16]
3503:Middlewares/Third_Party/FreeRTOS/Source/tasks.c **** 		pxTaskStatus->xTaskNumber = pxTCB->uxTCBNumber;
 4972              		.loc 1 3503 3 is_stmt 1 view .LVU1381
3503:Middlewares/Third_Party/FreeRTOS/Source/tasks.c **** 		pxTaskStatus->xTaskNumber = pxTCB->uxTCBNumber;
 4973              		.loc 1 3503 36 is_stmt 0 view .LVU1382
 4974 0016 2A6B     		ldr	r2, [r5, #48]
3503:Middlewares/Third_Party/FreeRTOS/Source/tasks.c **** 		pxTaskStatus->xTaskNumber = pxTCB->uxTCBNumber;
 4975              		.loc 1 3503 29 view .LVU1383
 4976 0018 E261     		str	r2, [r4, #28]
3504:Middlewares/Third_Party/FreeRTOS/Source/tasks.c **** 
 4977              		.loc 1 3504 3 is_stmt 1 view .LVU1384
3504:Middlewares/Third_Party/FreeRTOS/Source/tasks.c **** 
 4978              		.loc 1 3504 36 is_stmt 0 view .LVU1385
 4979 001a 6A6C     		ldr	r2, [r5, #68]
3504:Middlewares/Third_Party/FreeRTOS/Source/tasks.c **** 
 4980              		.loc 1 3504 29 view .LVU1386
 4981 001c A260     		str	r2, [r4, #8]
3508:Middlewares/Third_Party/FreeRTOS/Source/tasks.c **** 		}
 4982              		.loc 1 3508 4 is_stmt 1 view .LVU1387
3508:Middlewares/Third_Party/FreeRTOS/Source/tasks.c **** 		}
 4983              		.loc 1 3508 40 is_stmt 0 view .LVU1388
 4984 001e EA6C     		ldr	r2, [r5, #76]
3508:Middlewares/Third_Party/FreeRTOS/Source/tasks.c **** 		}
 4985              		.loc 1 3508 33 view .LVU1389
 4986 0020 6261     		str	r2, [r4, #20]
3522:Middlewares/Third_Party/FreeRTOS/Source/tasks.c **** 		}
 4987              		.loc 1 3522 4 is_stmt 1 view .LVU1390
3522:Middlewares/Third_Party/FreeRTOS/Source/tasks.c **** 		}
 4988              		.loc 1 3522 35 is_stmt 0 view .LVU1391
 4989 0022 0022     		movs	r2, #0
 4990 0024 A261     		str	r2, [r4, #24]
3529:Middlewares/Third_Party/FreeRTOS/Source/tasks.c **** 		{
 4991              		.loc 1 3529 3 is_stmt 1 view .LVU1392
3529:Middlewares/Third_Party/FreeRTOS/Source/tasks.c **** 		{
ARM GAS  /tmp/ccZZCKwI.s 			page 202


 4992              		.loc 1 3529 5 is_stmt 0 view .LVU1393
 4993 0026 052B     		cmp	r3, #5
 4994 0028 19D0     		beq	.L398
3531:Middlewares/Third_Party/FreeRTOS/Source/tasks.c **** 			{
 4995              		.loc 1 3531 4 is_stmt 1 view .LVU1394
3531:Middlewares/Third_Party/FreeRTOS/Source/tasks.c **** 			{
 4996              		.loc 1 3531 14 is_stmt 0 view .LVU1395
 4997 002a 124A     		ldr	r2, .L409
 4998 002c 1268     		ldr	r2, [r2]
3531:Middlewares/Third_Party/FreeRTOS/Source/tasks.c **** 			{
 4999              		.loc 1 3531 6 view .LVU1396
 5000 002e AA42     		cmp	r2, r5
 5001 0030 09D0     		beq	.L406
3537:Middlewares/Third_Party/FreeRTOS/Source/tasks.c **** 
 5002              		.loc 1 3537 5 is_stmt 1 view .LVU1397
3537:Middlewares/Third_Party/FreeRTOS/Source/tasks.c **** 
 5003              		.loc 1 3537 33 is_stmt 0 view .LVU1398
 5004 0032 2373     		strb	r3, [r4, #12]
3544:Middlewares/Third_Party/FreeRTOS/Source/tasks.c **** 					{
 5005              		.loc 1 3544 6 is_stmt 1 view .LVU1399
3544:Middlewares/Third_Party/FreeRTOS/Source/tasks.c **** 					{
 5006              		.loc 1 3544 8 is_stmt 0 view .LVU1400
 5007 0034 032B     		cmp	r3, #3
 5008 0036 09D0     		beq	.L407
 5009              	.LVL331:
 5010              	.L400:
3566:Middlewares/Third_Party/FreeRTOS/Source/tasks.c **** 		{
 5011              		.loc 1 3566 3 is_stmt 1 view .LVU1401
3566:Middlewares/Third_Party/FreeRTOS/Source/tasks.c **** 		{
 5012              		.loc 1 3566 5 is_stmt 0 view .LVU1402
 5013 0038 B6B9     		cbnz	r6, .L408
3580:Middlewares/Third_Party/FreeRTOS/Source/tasks.c **** 		}
 5014              		.loc 1 3580 4 is_stmt 1 view .LVU1403
3580:Middlewares/Third_Party/FreeRTOS/Source/tasks.c **** 		}
 5015              		.loc 1 3580 39 is_stmt 0 view .LVU1404
 5016 003a 0023     		movs	r3, #0
 5017 003c 2384     		strh	r3, [r4, #32]	@ movhi
 5018              	.L396:
3582:Middlewares/Third_Party/FreeRTOS/Source/tasks.c **** 
 5019              		.loc 1 3582 2 view .LVU1405
 5020 003e 70BD     		pop	{r4, r5, r6, pc}
 5021              	.LVL332:
 5022              	.L405:
3498:Middlewares/Third_Party/FreeRTOS/Source/tasks.c **** 
 5023              		.loc 1 3498 11 discriminator 1 view .LVU1406
 5024 0040 0C4A     		ldr	r2, .L409
 5025              	.LVL333:
3498:Middlewares/Third_Party/FreeRTOS/Source/tasks.c **** 
 5026              		.loc 1 3498 11 discriminator 1 view .LVU1407
 5027 0042 1568     		ldr	r5, [r2]
 5028              	.LVL334:
3498:Middlewares/Third_Party/FreeRTOS/Source/tasks.c **** 
 5029              		.loc 1 3498 11 discriminator 1 view .LVU1408
 5030 0044 E1E7     		b	.L397
 5031              	.LVL335:
 5032              	.L406:
3533:Middlewares/Third_Party/FreeRTOS/Source/tasks.c **** 			}
ARM GAS  /tmp/ccZZCKwI.s 			page 203


 5033              		.loc 1 3533 5 is_stmt 1 view .LVU1409
3533:Middlewares/Third_Party/FreeRTOS/Source/tasks.c **** 			}
 5034              		.loc 1 3533 33 is_stmt 0 view .LVU1410
 5035 0046 0023     		movs	r3, #0
 5036              	.LVL336:
3533:Middlewares/Third_Party/FreeRTOS/Source/tasks.c **** 			}
 5037              		.loc 1 3533 33 view .LVU1411
 5038 0048 2373     		strb	r3, [r4, #12]
 5039 004a F5E7     		b	.L400
 5040              	.LVL337:
 5041              	.L407:
3546:Middlewares/Third_Party/FreeRTOS/Source/tasks.c **** 						{
 5042              		.loc 1 3546 7 is_stmt 1 view .LVU1412
 5043 004c FFF7FEFF 		bl	vTaskSuspendAll
 5044              	.LVL338:
3548:Middlewares/Third_Party/FreeRTOS/Source/tasks.c **** 							{
 5045              		.loc 1 3548 8 view .LVU1413
3548:Middlewares/Third_Party/FreeRTOS/Source/tasks.c **** 							{
 5046              		.loc 1 3548 12 is_stmt 0 view .LVU1414
 5047 0050 AB6A     		ldr	r3, [r5, #40]
3548:Middlewares/Third_Party/FreeRTOS/Source/tasks.c **** 							{
 5048              		.loc 1 3548 10 view .LVU1415
 5049 0052 0BB1     		cbz	r3, .L401
3550:Middlewares/Third_Party/FreeRTOS/Source/tasks.c **** 							}
 5050              		.loc 1 3550 9 is_stmt 1 view .LVU1416
3550:Middlewares/Third_Party/FreeRTOS/Source/tasks.c **** 							}
 5051              		.loc 1 3550 37 is_stmt 0 view .LVU1417
 5052 0054 0223     		movs	r3, #2
 5053 0056 2373     		strb	r3, [r4, #12]
 5054              	.L401:
3553:Middlewares/Third_Party/FreeRTOS/Source/tasks.c **** 					}
 5055              		.loc 1 3553 7 is_stmt 1 view .LVU1418
3553:Middlewares/Third_Party/FreeRTOS/Source/tasks.c **** 					}
 5056              		.loc 1 3553 16 is_stmt 0 view .LVU1419
 5057 0058 FFF7FEFF 		bl	xTaskResumeAll
 5058              	.LVL339:
 5059 005c ECE7     		b	.L400
 5060              	.LVL340:
 5061              	.L398:
3561:Middlewares/Third_Party/FreeRTOS/Source/tasks.c **** 		}
 5062              		.loc 1 3561 4 is_stmt 1 view .LVU1420
3561:Middlewares/Third_Party/FreeRTOS/Source/tasks.c **** 		}
 5063              		.loc 1 3561 34 is_stmt 0 view .LVU1421
 5064 005e 2846     		mov	r0, r5
 5065 0060 FFF7FEFF 		bl	eTaskGetState
 5066              	.LVL341:
3561:Middlewares/Third_Party/FreeRTOS/Source/tasks.c **** 		}
 5067              		.loc 1 3561 32 discriminator 1 view .LVU1422
 5068 0064 2073     		strb	r0, [r4, #12]
 5069 0066 E7E7     		b	.L400
 5070              	.L408:
3574:Middlewares/Third_Party/FreeRTOS/Source/tasks.c **** 			}
 5071              		.loc 1 3574 5 is_stmt 1 view .LVU1423
3574:Middlewares/Third_Party/FreeRTOS/Source/tasks.c **** 			}
 5072              		.loc 1 3574 42 is_stmt 0 view .LVU1424
 5073 0068 286B     		ldr	r0, [r5, #48]
 5074 006a FFF7FEFF 		bl	prvTaskCheckFreeStackSpace
ARM GAS  /tmp/ccZZCKwI.s 			page 204


 5075              	.LVL342:
3574:Middlewares/Third_Party/FreeRTOS/Source/tasks.c **** 			}
 5076              		.loc 1 3574 40 discriminator 1 view .LVU1425
 5077 006e 2084     		strh	r0, [r4, #32]	@ movhi
 5078 0070 E5E7     		b	.L396
 5079              	.L410:
 5080 0072 00BF     		.align	2
 5081              	.L409:
 5082 0074 00000000 		.word	pxCurrentTCB
 5083              		.cfi_endproc
 5084              	.LFE44:
 5086              		.section	.text.prvListTasksWithinSingleList,"ax",%progbits
 5087              		.align	1
 5088              		.syntax unified
 5089              		.thumb
 5090              		.thumb_func
 5092              	prvListTasksWithinSingleList:
 5093              	.LVL343:
 5094              	.LFB45:
3590:Middlewares/Third_Party/FreeRTOS/Source/tasks.c **** 	configLIST_VOLATILE TCB_t *pxNextTCB, *pxFirstTCB;
 5095              		.loc 1 3590 2 is_stmt 1 view -0
 5096              		.cfi_startproc
 5097              		@ args = 0, pretend = 0, frame = 0
 5098              		@ frame_needed = 0, uses_anonymous_args = 0
3590:Middlewares/Third_Party/FreeRTOS/Source/tasks.c **** 	configLIST_VOLATILE TCB_t *pxNextTCB, *pxFirstTCB;
 5099              		.loc 1 3590 2 is_stmt 0 view .LVU1427
 5100 0000 2DE9F047 		push	{r4, r5, r6, r7, r8, r9, r10, lr}
 5101              	.LCFI44:
 5102              		.cfi_def_cfa_offset 32
 5103              		.cfi_offset 4, -32
 5104              		.cfi_offset 5, -28
 5105              		.cfi_offset 6, -24
 5106              		.cfi_offset 7, -20
 5107              		.cfi_offset 8, -16
 5108              		.cfi_offset 9, -12
 5109              		.cfi_offset 10, -8
 5110              		.cfi_offset 14, -4
3591:Middlewares/Third_Party/FreeRTOS/Source/tasks.c **** 	UBaseType_t uxTask = 0;
 5111              		.loc 1 3591 22 is_stmt 1 view .LVU1428
3592:Middlewares/Third_Party/FreeRTOS/Source/tasks.c **** 
 5112              		.loc 1 3592 2 view .LVU1429
 5113              	.LVL344:
3594:Middlewares/Third_Party/FreeRTOS/Source/tasks.c **** 		{
 5114              		.loc 1 3594 3 view .LVU1430
3594:Middlewares/Third_Party/FreeRTOS/Source/tasks.c **** 		{
 5115              		.loc 1 3594 7 is_stmt 0 view .LVU1431
 5116 0004 0C68     		ldr	r4, [r1]
3594:Middlewares/Third_Party/FreeRTOS/Source/tasks.c **** 		{
 5117              		.loc 1 3594 5 view .LVU1432
 5118 0006 3CB3     		cbz	r4, .L411
 5119 0008 0746     		mov	r7, r0
 5120 000a 0D46     		mov	r5, r1
 5121 000c 9046     		mov	r8, r2
 5122              	.LBB209:
3596:Middlewares/Third_Party/FreeRTOS/Source/tasks.c **** 
 5123              		.loc 1 3596 4 is_stmt 1 view .LVU1433
 5124              	.LVL345:
ARM GAS  /tmp/ccZZCKwI.s 			page 205


3596:Middlewares/Third_Party/FreeRTOS/Source/tasks.c **** 
 5125              		.loc 1 3596 4 view .LVU1434
 5126 000e 4B68     		ldr	r3, [r1, #4]
 5127 0010 5B68     		ldr	r3, [r3, #4]
 5128 0012 4B60     		str	r3, [r1, #4]
3596:Middlewares/Third_Party/FreeRTOS/Source/tasks.c **** 
 5129              		.loc 1 3596 4 view .LVU1435
 5130 0014 01F10809 		add	r9, r1, #8
 5131 0018 4B45     		cmp	r3, r9
 5132 001a 04D0     		beq	.L417
 5133              	.L413:
3596:Middlewares/Third_Party/FreeRTOS/Source/tasks.c **** 
 5134              		.loc 1 3596 4 discriminator 3 view .LVU1436
 5135 001c 6B68     		ldr	r3, [r5, #4]
 5136 001e D3F80CA0 		ldr	r10, [r3, #12]
 5137              	.LVL346:
3596:Middlewares/Third_Party/FreeRTOS/Source/tasks.c **** 
 5138              		.loc 1 3596 4 is_stmt 0 discriminator 3 view .LVU1437
 5139              	.LBE209:
3592:Middlewares/Third_Party/FreeRTOS/Source/tasks.c **** 
 5140              		.loc 1 3592 14 view .LVU1438
 5141 0022 0024     		movs	r4, #0
 5142 0024 10E0     		b	.L415
 5143              	.LVL347:
 5144              	.L417:
 5145              	.LBB210:
3596:Middlewares/Third_Party/FreeRTOS/Source/tasks.c **** 
 5146              		.loc 1 3596 4 is_stmt 1 discriminator 1 view .LVU1439
 5147 0026 5B68     		ldr	r3, [r3, #4]
 5148 0028 4B60     		str	r3, [r1, #4]
 5149 002a F7E7     		b	.L413
 5150              	.LVL348:
 5151              	.L414:
3596:Middlewares/Third_Party/FreeRTOS/Source/tasks.c **** 
 5152              		.loc 1 3596 4 is_stmt 0 discriminator 1 view .LVU1440
 5153              	.LBE210:
 5154              	.LBB211:
3604:Middlewares/Third_Party/FreeRTOS/Source/tasks.c **** 				vTaskGetInfo( ( TaskHandle_t ) pxNextTCB, &( pxTaskStatusArray[ uxTask ] ), pdTRUE, eState );
 5155              		.loc 1 3604 5 is_stmt 1 discriminator 3 view .LVU1441
 5156 002c 6B68     		ldr	r3, [r5, #4]
 5157 002e DE68     		ldr	r6, [r3, #12]
 5158              	.LVL349:
3604:Middlewares/Third_Party/FreeRTOS/Source/tasks.c **** 				vTaskGetInfo( ( TaskHandle_t ) pxNextTCB, &( pxTaskStatusArray[ uxTask ] ), pdTRUE, eState );
 5159              		.loc 1 3604 5 is_stmt 0 discriminator 3 view .LVU1442
 5160              	.LBE211:
3604:Middlewares/Third_Party/FreeRTOS/Source/tasks.c **** 				vTaskGetInfo( ( TaskHandle_t ) pxNextTCB, &( pxTaskStatusArray[ uxTask ] ), pdTRUE, eState );
 5161              		.loc 1 3604 53 is_stmt 1 discriminator 3 view .LVU1443
3605:Middlewares/Third_Party/FreeRTOS/Source/tasks.c **** 				uxTask++;
 5162              		.loc 1 3605 5 view .LVU1444
3605:Middlewares/Third_Party/FreeRTOS/Source/tasks.c **** 				uxTask++;
 5163              		.loc 1 3605 67 is_stmt 0 view .LVU1445
 5164 0030 04EBC401 		add	r1, r4, r4, lsl #3
3605:Middlewares/Third_Party/FreeRTOS/Source/tasks.c **** 				uxTask++;
 5165              		.loc 1 3605 5 view .LVU1446
 5166 0034 4346     		mov	r3, r8
 5167 0036 0122     		movs	r2, #1
 5168 0038 07EB8101 		add	r1, r7, r1, lsl #2
ARM GAS  /tmp/ccZZCKwI.s 			page 206


 5169 003c 3046     		mov	r0, r6
 5170 003e FFF7FEFF 		bl	vTaskGetInfo
 5171              	.LVL350:
3606:Middlewares/Third_Party/FreeRTOS/Source/tasks.c **** 			} while( pxNextTCB != pxFirstTCB );
 5172              		.loc 1 3606 5 is_stmt 1 view .LVU1447
3606:Middlewares/Third_Party/FreeRTOS/Source/tasks.c **** 			} while( pxNextTCB != pxFirstTCB );
 5173              		.loc 1 3606 11 is_stmt 0 view .LVU1448
 5174 0042 0134     		adds	r4, r4, #1
 5175              	.LVL351:
3607:Middlewares/Third_Party/FreeRTOS/Source/tasks.c **** 		}
 5176              		.loc 1 3607 23 is_stmt 1 view .LVU1449
 5177 0044 B245     		cmp	r10, r6
 5178 0046 07D0     		beq	.L411
 5179              	.LVL352:
 5180              	.L415:
3596:Middlewares/Third_Party/FreeRTOS/Source/tasks.c **** 
 5181              		.loc 1 3596 53 discriminator 4 view .LVU1450
3602:Middlewares/Third_Party/FreeRTOS/Source/tasks.c **** 			{
 5182              		.loc 1 3602 4 view .LVU1451
 5183              	.LBB212:
3604:Middlewares/Third_Party/FreeRTOS/Source/tasks.c **** 				vTaskGetInfo( ( TaskHandle_t ) pxNextTCB, &( pxTaskStatusArray[ uxTask ] ), pdTRUE, eState );
 5184              		.loc 1 3604 5 view .LVU1452
3604:Middlewares/Third_Party/FreeRTOS/Source/tasks.c **** 				vTaskGetInfo( ( TaskHandle_t ) pxNextTCB, &( pxTaskStatusArray[ uxTask ] ), pdTRUE, eState );
 5185              		.loc 1 3604 5 view .LVU1453
 5186 0048 6B68     		ldr	r3, [r5, #4]
 5187 004a 5968     		ldr	r1, [r3, #4]
 5188 004c 6960     		str	r1, [r5, #4]
3604:Middlewares/Third_Party/FreeRTOS/Source/tasks.c **** 				vTaskGetInfo( ( TaskHandle_t ) pxNextTCB, &( pxTaskStatusArray[ uxTask ] ), pdTRUE, eState );
 5189              		.loc 1 3604 5 view .LVU1454
 5190 004e 8945     		cmp	r9, r1
 5191 0050 ECD1     		bne	.L414
3604:Middlewares/Third_Party/FreeRTOS/Source/tasks.c **** 				vTaskGetInfo( ( TaskHandle_t ) pxNextTCB, &( pxTaskStatusArray[ uxTask ] ), pdTRUE, eState );
 5192              		.loc 1 3604 5 discriminator 1 view .LVU1455
 5193 0052 4B68     		ldr	r3, [r1, #4]
 5194 0054 6B60     		str	r3, [r5, #4]
 5195 0056 E9E7     		b	.L414
 5196              	.LVL353:
 5197              	.L411:
3604:Middlewares/Third_Party/FreeRTOS/Source/tasks.c **** 				vTaskGetInfo( ( TaskHandle_t ) pxNextTCB, &( pxTaskStatusArray[ uxTask ] ), pdTRUE, eState );
 5198              		.loc 1 3604 5 is_stmt 0 discriminator 1 view .LVU1456
 5199              	.LBE212:
3615:Middlewares/Third_Party/FreeRTOS/Source/tasks.c **** 
 5200              		.loc 1 3615 2 view .LVU1457
 5201 0058 2046     		mov	r0, r4
 5202 005a BDE8F087 		pop	{r4, r5, r6, r7, r8, r9, r10, pc}
 5203              		.cfi_endproc
 5204              	.LFE45:
 5206              		.section	.text.uxTaskGetSystemState,"ax",%progbits
 5207              		.align	1
 5208              		.global	uxTaskGetSystemState
 5209              		.syntax unified
 5210              		.thumb
 5211              		.thumb_func
 5213              	uxTaskGetSystemState:
 5214              	.LVL354:
 5215              	.LFB27:
2404:Middlewares/Third_Party/FreeRTOS/Source/tasks.c **** 	UBaseType_t uxTask = 0, uxQueue = configMAX_PRIORITIES;
ARM GAS  /tmp/ccZZCKwI.s 			page 207


 5216              		.loc 1 2404 2 is_stmt 1 view -0
 5217              		.cfi_startproc
 5218              		@ args = 0, pretend = 0, frame = 0
 5219              		@ frame_needed = 0, uses_anonymous_args = 0
2404:Middlewares/Third_Party/FreeRTOS/Source/tasks.c **** 	UBaseType_t uxTask = 0, uxQueue = configMAX_PRIORITIES;
 5220              		.loc 1 2404 2 is_stmt 0 view .LVU1459
 5221 0000 F8B5     		push	{r3, r4, r5, r6, r7, lr}
 5222              	.LCFI45:
 5223              		.cfi_def_cfa_offset 24
 5224              		.cfi_offset 3, -24
 5225              		.cfi_offset 4, -20
 5226              		.cfi_offset 5, -16
 5227              		.cfi_offset 6, -12
 5228              		.cfi_offset 7, -8
 5229              		.cfi_offset 14, -4
 5230 0002 0746     		mov	r7, r0
 5231 0004 0C46     		mov	r4, r1
 5232 0006 1646     		mov	r6, r2
2405:Middlewares/Third_Party/FreeRTOS/Source/tasks.c **** 
 5233              		.loc 1 2405 2 is_stmt 1 view .LVU1460
 5234              	.LVL355:
2407:Middlewares/Third_Party/FreeRTOS/Source/tasks.c **** 		{
 5235              		.loc 1 2407 3 view .LVU1461
 5236 0008 FFF7FEFF 		bl	vTaskSuspendAll
 5237              	.LVL356:
2410:Middlewares/Third_Party/FreeRTOS/Source/tasks.c **** 			{
 5238              		.loc 1 2410 4 view .LVU1462
2410:Middlewares/Third_Party/FreeRTOS/Source/tasks.c **** 			{
 5239              		.loc 1 2410 20 is_stmt 0 view .LVU1463
 5240 000c 224B     		ldr	r3, .L423
 5241 000e 1B68     		ldr	r3, [r3]
2410:Middlewares/Third_Party/FreeRTOS/Source/tasks.c **** 			{
 5242              		.loc 1 2410 6 view .LVU1464
 5243 0010 A342     		cmp	r3, r4
 5244 0012 3BD8     		bhi	.L421
2405:Middlewares/Third_Party/FreeRTOS/Source/tasks.c **** 
 5245              		.loc 1 2405 26 view .LVU1465
 5246 0014 3824     		movs	r4, #56
 5247              	.LVL357:
2405:Middlewares/Third_Party/FreeRTOS/Source/tasks.c **** 
 5248              		.loc 1 2405 14 view .LVU1466
 5249 0016 0025     		movs	r5, #0
 5250              	.LVL358:
 5251              	.L420:
2414:Middlewares/Third_Party/FreeRTOS/Source/tasks.c **** 				{
 5252              		.loc 1 2414 5 is_stmt 1 view .LVU1467
2416:Middlewares/Third_Party/FreeRTOS/Source/tasks.c **** 					uxTask += prvListTasksWithinSingleList( &( pxTaskStatusArray[ uxTask ] ), &( pxReadyTasksLists
 5253              		.loc 1 2416 6 view .LVU1468
2416:Middlewares/Third_Party/FreeRTOS/Source/tasks.c **** 					uxTask += prvListTasksWithinSingleList( &( pxTaskStatusArray[ uxTask ] ), &( pxReadyTasksLists
 5254              		.loc 1 2416 13 is_stmt 0 view .LVU1469
 5255 0018 013C     		subs	r4, r4, #1
 5256              	.LVL359:
2417:Middlewares/Third_Party/FreeRTOS/Source/tasks.c **** 
 5257              		.loc 1 2417 6 is_stmt 1 view .LVU1470
2417:Middlewares/Third_Party/FreeRTOS/Source/tasks.c **** 
 5258              		.loc 1 2417 66 is_stmt 0 view .LVU1471
 5259 001a 05EBC500 		add	r0, r5, r5, lsl #3
ARM GAS  /tmp/ccZZCKwI.s 			page 208


2417:Middlewares/Third_Party/FreeRTOS/Source/tasks.c **** 
 5260              		.loc 1 2417 16 view .LVU1472
 5261 001e 04EB8401 		add	r1, r4, r4, lsl #2
 5262 0022 0122     		movs	r2, #1
 5263 0024 1D4B     		ldr	r3, .L423+4
 5264 0026 03EB8101 		add	r1, r3, r1, lsl #2
 5265 002a 07EB8000 		add	r0, r7, r0, lsl #2
 5266 002e FFF7FEFF 		bl	prvListTasksWithinSingleList
 5267              	.LVL360:
2417:Middlewares/Third_Party/FreeRTOS/Source/tasks.c **** 
 5268              		.loc 1 2417 13 discriminator 1 view .LVU1473
 5269 0032 0544     		add	r5, r5, r0
 5270              	.LVL361:
2419:Middlewares/Third_Party/FreeRTOS/Source/tasks.c **** 
 5271              		.loc 1 2419 22 is_stmt 1 discriminator 1 view .LVU1474
 5272 0034 002C     		cmp	r4, #0
 5273 0036 EFD1     		bne	.L420
2423:Middlewares/Third_Party/FreeRTOS/Source/tasks.c **** 				uxTask += prvListTasksWithinSingleList( &( pxTaskStatusArray[ uxTask ] ), ( List_t * ) pxOverfl
 5274              		.loc 1 2423 5 view .LVU1475
2423:Middlewares/Third_Party/FreeRTOS/Source/tasks.c **** 				uxTask += prvListTasksWithinSingleList( &( pxTaskStatusArray[ uxTask ] ), ( List_t * ) pxOverfl
 5275              		.loc 1 2423 65 is_stmt 0 view .LVU1476
 5276 0038 05EBC500 		add	r0, r5, r5, lsl #3
2423:Middlewares/Third_Party/FreeRTOS/Source/tasks.c **** 				uxTask += prvListTasksWithinSingleList( &( pxTaskStatusArray[ uxTask ] ), ( List_t * ) pxOverfl
 5277              		.loc 1 2423 15 view .LVU1477
 5278 003c 184B     		ldr	r3, .L423+8
 5279 003e 1968     		ldr	r1, [r3]
 5280 0040 0222     		movs	r2, #2
 5281 0042 07EB8000 		add	r0, r7, r0, lsl #2
 5282 0046 FFF7FEFF 		bl	prvListTasksWithinSingleList
 5283              	.LVL362:
2423:Middlewares/Third_Party/FreeRTOS/Source/tasks.c **** 				uxTask += prvListTasksWithinSingleList( &( pxTaskStatusArray[ uxTask ] ), ( List_t * ) pxOverfl
 5284              		.loc 1 2423 12 discriminator 1 view .LVU1478
 5285 004a 0544     		add	r5, r5, r0
 5286              	.LVL363:
2424:Middlewares/Third_Party/FreeRTOS/Source/tasks.c **** 
 5287              		.loc 1 2424 5 is_stmt 1 view .LVU1479
2424:Middlewares/Third_Party/FreeRTOS/Source/tasks.c **** 
 5288              		.loc 1 2424 65 is_stmt 0 view .LVU1480
 5289 004c 05EBC500 		add	r0, r5, r5, lsl #3
2424:Middlewares/Third_Party/FreeRTOS/Source/tasks.c **** 
 5290              		.loc 1 2424 15 view .LVU1481
 5291 0050 144B     		ldr	r3, .L423+12
 5292 0052 1968     		ldr	r1, [r3]
 5293 0054 0222     		movs	r2, #2
 5294 0056 07EB8000 		add	r0, r7, r0, lsl #2
 5295 005a FFF7FEFF 		bl	prvListTasksWithinSingleList
 5296              	.LVL364:
2424:Middlewares/Third_Party/FreeRTOS/Source/tasks.c **** 
 5297              		.loc 1 2424 12 discriminator 1 view .LVU1482
 5298 005e 0544     		add	r5, r5, r0
 5299              	.LVL365:
2430:Middlewares/Third_Party/FreeRTOS/Source/tasks.c **** 				}
 5300              		.loc 1 2430 6 is_stmt 1 view .LVU1483
2430:Middlewares/Third_Party/FreeRTOS/Source/tasks.c **** 				}
 5301              		.loc 1 2430 66 is_stmt 0 view .LVU1484
 5302 0060 05EBC500 		add	r0, r5, r5, lsl #3
2430:Middlewares/Third_Party/FreeRTOS/Source/tasks.c **** 				}
ARM GAS  /tmp/ccZZCKwI.s 			page 209


 5303              		.loc 1 2430 16 view .LVU1485
 5304 0064 0422     		movs	r2, #4
 5305 0066 1049     		ldr	r1, .L423+16
 5306 0068 07EB8000 		add	r0, r7, r0, lsl #2
 5307 006c FFF7FEFF 		bl	prvListTasksWithinSingleList
 5308              	.LVL366:
2430:Middlewares/Third_Party/FreeRTOS/Source/tasks.c **** 				}
 5309              		.loc 1 2430 13 discriminator 1 view .LVU1486
 5310 0070 2C18     		adds	r4, r5, r0
 5311              	.LVL367:
2438:Middlewares/Third_Party/FreeRTOS/Source/tasks.c **** 				}
 5312              		.loc 1 2438 6 is_stmt 1 view .LVU1487
2438:Middlewares/Third_Party/FreeRTOS/Source/tasks.c **** 				}
 5313              		.loc 1 2438 66 is_stmt 0 view .LVU1488
 5314 0072 04EBC400 		add	r0, r4, r4, lsl #3
2438:Middlewares/Third_Party/FreeRTOS/Source/tasks.c **** 				}
 5315              		.loc 1 2438 16 view .LVU1489
 5316 0076 0322     		movs	r2, #3
 5317 0078 0C49     		ldr	r1, .L423+20
 5318 007a 07EB8000 		add	r0, r7, r0, lsl #2
 5319 007e FFF7FEFF 		bl	prvListTasksWithinSingleList
 5320              	.LVL368:
2438:Middlewares/Third_Party/FreeRTOS/Source/tasks.c **** 				}
 5321              		.loc 1 2438 13 discriminator 1 view .LVU1490
 5322 0082 0444     		add	r4, r4, r0
 5323              	.LVL369:
2455:Middlewares/Third_Party/FreeRTOS/Source/tasks.c **** 					{
 5324              		.loc 1 2455 6 is_stmt 1 view .LVU1491
2455:Middlewares/Third_Party/FreeRTOS/Source/tasks.c **** 					{
 5325              		.loc 1 2455 8 is_stmt 0 view .LVU1492
 5326 0084 1EB1     		cbz	r6, .L419
2457:Middlewares/Third_Party/FreeRTOS/Source/tasks.c **** 					}
 5327              		.loc 1 2457 7 is_stmt 1 view .LVU1493
2457:Middlewares/Third_Party/FreeRTOS/Source/tasks.c **** 					}
 5328              		.loc 1 2457 24 is_stmt 0 view .LVU1494
 5329 0086 0023     		movs	r3, #0
 5330 0088 3360     		str	r3, [r6]
 5331 008a 00E0     		b	.L419
 5332              	.LVL370:
 5333              	.L421:
2405:Middlewares/Third_Party/FreeRTOS/Source/tasks.c **** 
 5334              		.loc 1 2405 14 view .LVU1495
 5335 008c 0024     		movs	r4, #0
 5336              	.LVL371:
 5337              	.L419:
2464:Middlewares/Third_Party/FreeRTOS/Source/tasks.c **** 			}
 5338              		.loc 1 2464 29 is_stmt 1 view .LVU1496
2467:Middlewares/Third_Party/FreeRTOS/Source/tasks.c **** 
 5339              		.loc 1 2467 3 view .LVU1497
2467:Middlewares/Third_Party/FreeRTOS/Source/tasks.c **** 
 5340              		.loc 1 2467 12 is_stmt 0 view .LVU1498
 5341 008e FFF7FEFF 		bl	xTaskResumeAll
 5342              	.LVL372:
2469:Middlewares/Third_Party/FreeRTOS/Source/tasks.c **** 	}
 5343              		.loc 1 2469 3 is_stmt 1 view .LVU1499
2470:Middlewares/Third_Party/FreeRTOS/Source/tasks.c **** 
 5344              		.loc 1 2470 2 is_stmt 0 view .LVU1500
ARM GAS  /tmp/ccZZCKwI.s 			page 210


 5345 0092 2046     		mov	r0, r4
 5346 0094 F8BD     		pop	{r3, r4, r5, r6, r7, pc}
 5347              	.LVL373:
 5348              	.L424:
2470:Middlewares/Third_Party/FreeRTOS/Source/tasks.c **** 
 5349              		.loc 1 2470 2 view .LVU1501
 5350 0096 00BF     		.align	2
 5351              	.L423:
 5352 0098 00000000 		.word	uxCurrentNumberOfTasks
 5353 009c 00000000 		.word	pxReadyTasksLists
 5354 00a0 00000000 		.word	pxDelayedTaskList
 5355 00a4 00000000 		.word	pxOverflowDelayedTaskList
 5356 00a8 00000000 		.word	xTasksWaitingTermination
 5357 00ac 00000000 		.word	xSuspendedTaskList
 5358              		.cfi_endproc
 5359              	.LFE27:
 5361              		.section	.text.uxTaskGetStackHighWaterMark,"ax",%progbits
 5362              		.align	1
 5363              		.global	uxTaskGetStackHighWaterMark
 5364              		.syntax unified
 5365              		.thumb
 5366              		.thumb_func
 5368              	uxTaskGetStackHighWaterMark:
 5369              	.LVL374:
 5370              	.LFB47:
3643:Middlewares/Third_Party/FreeRTOS/Source/tasks.c **** 	TCB_t *pxTCB;
 5371              		.loc 1 3643 2 is_stmt 1 view -0
 5372              		.cfi_startproc
 5373              		@ args = 0, pretend = 0, frame = 0
 5374              		@ frame_needed = 0, uses_anonymous_args = 0
3643:Middlewares/Third_Party/FreeRTOS/Source/tasks.c **** 	TCB_t *pxTCB;
 5375              		.loc 1 3643 2 is_stmt 0 view .LVU1503
 5376 0000 08B5     		push	{r3, lr}
 5377              	.LCFI46:
 5378              		.cfi_def_cfa_offset 8
 5379              		.cfi_offset 3, -8
 5380              		.cfi_offset 14, -4
3644:Middlewares/Third_Party/FreeRTOS/Source/tasks.c **** 	uint8_t *pucEndOfStack;
 5381              		.loc 1 3644 2 is_stmt 1 view .LVU1504
3645:Middlewares/Third_Party/FreeRTOS/Source/tasks.c **** 	UBaseType_t uxReturn;
 5382              		.loc 1 3645 2 view .LVU1505
3646:Middlewares/Third_Party/FreeRTOS/Source/tasks.c **** 
 5383              		.loc 1 3646 2 view .LVU1506
3648:Middlewares/Third_Party/FreeRTOS/Source/tasks.c **** 
 5384              		.loc 1 3648 3 view .LVU1507
3648:Middlewares/Third_Party/FreeRTOS/Source/tasks.c **** 
 5385              		.loc 1 3648 11 is_stmt 0 view .LVU1508
 5386 0002 0346     		mov	r3, r0
 5387 0004 18B1     		cbz	r0, .L428
 5388              	.LVL375:
 5389              	.L426:
3652:Middlewares/Third_Party/FreeRTOS/Source/tasks.c **** 		}
 5390              		.loc 1 3652 4 is_stmt 1 view .LVU1509
3660:Middlewares/Third_Party/FreeRTOS/Source/tasks.c **** 
 5391              		.loc 1 3660 3 view .LVU1510
3660:Middlewares/Third_Party/FreeRTOS/Source/tasks.c **** 
 5392              		.loc 1 3660 30 is_stmt 0 view .LVU1511
ARM GAS  /tmp/ccZZCKwI.s 			page 211


 5393 0006 186B     		ldr	r0, [r3, #48]
 5394 0008 FFF7FEFF 		bl	prvTaskCheckFreeStackSpace
 5395              	.LVL376:
3662:Middlewares/Third_Party/FreeRTOS/Source/tasks.c **** 	}
 5396              		.loc 1 3662 3 is_stmt 1 view .LVU1512
3663:Middlewares/Third_Party/FreeRTOS/Source/tasks.c **** 
 5397              		.loc 1 3663 2 is_stmt 0 view .LVU1513
 5398 000c 08BD     		pop	{r3, pc}
 5399              	.LVL377:
 5400              	.L428:
3648:Middlewares/Third_Party/FreeRTOS/Source/tasks.c **** 
 5401              		.loc 1 3648 11 discriminator 1 view .LVU1514
 5402 000e 014B     		ldr	r3, .L429
 5403 0010 1B68     		ldr	r3, [r3]
 5404              	.LVL378:
3648:Middlewares/Third_Party/FreeRTOS/Source/tasks.c **** 
 5405              		.loc 1 3648 11 discriminator 1 view .LVU1515
 5406 0012 F8E7     		b	.L426
 5407              	.L430:
 5408              		.align	2
 5409              	.L429:
 5410 0014 00000000 		.word	pxCurrentTCB
 5411              		.cfi_endproc
 5412              	.LFE47:
 5414              		.section	.text.xTaskGetCurrentTaskHandle,"ax",%progbits
 5415              		.align	1
 5416              		.global	xTaskGetCurrentTaskHandle
 5417              		.syntax unified
 5418              		.thumb
 5419              		.thumb_func
 5421              	xTaskGetCurrentTaskHandle:
 5422              	.LFB50:
3751:Middlewares/Third_Party/FreeRTOS/Source/tasks.c **** 	TaskHandle_t xReturn;
 5423              		.loc 1 3751 2 is_stmt 1 view -0
 5424              		.cfi_startproc
 5425              		@ args = 0, pretend = 0, frame = 0
 5426              		@ frame_needed = 0, uses_anonymous_args = 0
 5427              		@ link register save eliminated.
3752:Middlewares/Third_Party/FreeRTOS/Source/tasks.c **** 
 5428              		.loc 1 3752 2 view .LVU1517
3757:Middlewares/Third_Party/FreeRTOS/Source/tasks.c **** 
 5429              		.loc 1 3757 3 view .LVU1518
3757:Middlewares/Third_Party/FreeRTOS/Source/tasks.c **** 
 5430              		.loc 1 3757 11 is_stmt 0 view .LVU1519
 5431 0000 014B     		ldr	r3, .L432
 5432 0002 1868     		ldr	r0, [r3]
 5433              	.LVL379:
3759:Middlewares/Third_Party/FreeRTOS/Source/tasks.c **** 	}
 5434              		.loc 1 3759 3 is_stmt 1 view .LVU1520
3760:Middlewares/Third_Party/FreeRTOS/Source/tasks.c **** 
 5435              		.loc 1 3760 2 is_stmt 0 view .LVU1521
 5436 0004 7047     		bx	lr
 5437              	.L433:
 5438 0006 00BF     		.align	2
 5439              	.L432:
 5440 0008 00000000 		.word	pxCurrentTCB
 5441              		.cfi_endproc
ARM GAS  /tmp/ccZZCKwI.s 			page 212


 5442              	.LFE50:
 5444              		.section	.text.xTaskGetSchedulerState,"ax",%progbits
 5445              		.align	1
 5446              		.global	xTaskGetSchedulerState
 5447              		.syntax unified
 5448              		.thumb
 5449              		.thumb_func
 5451              	xTaskGetSchedulerState:
 5452              	.LFB51:
3768:Middlewares/Third_Party/FreeRTOS/Source/tasks.c **** 	BaseType_t xReturn;
 5453              		.loc 1 3768 2 is_stmt 1 view -0
 5454              		.cfi_startproc
 5455              		@ args = 0, pretend = 0, frame = 0
 5456              		@ frame_needed = 0, uses_anonymous_args = 0
 5457              		@ link register save eliminated.
3769:Middlewares/Third_Party/FreeRTOS/Source/tasks.c **** 
 5458              		.loc 1 3769 2 view .LVU1523
3771:Middlewares/Third_Party/FreeRTOS/Source/tasks.c **** 		{
 5459              		.loc 1 3771 3 view .LVU1524
3771:Middlewares/Third_Party/FreeRTOS/Source/tasks.c **** 		{
 5460              		.loc 1 3771 25 is_stmt 0 view .LVU1525
 5461 0000 054B     		ldr	r3, .L439
 5462 0002 1B68     		ldr	r3, [r3]
3771:Middlewares/Third_Party/FreeRTOS/Source/tasks.c **** 		{
 5463              		.loc 1 3771 5 view .LVU1526
 5464 0004 33B1     		cbz	r3, .L436
3777:Middlewares/Third_Party/FreeRTOS/Source/tasks.c **** 			{
 5465              		.loc 1 3777 4 is_stmt 1 view .LVU1527
3777:Middlewares/Third_Party/FreeRTOS/Source/tasks.c **** 			{
 5466              		.loc 1 3777 29 is_stmt 0 view .LVU1528
 5467 0006 054B     		ldr	r3, .L439+4
 5468 0008 1B68     		ldr	r3, [r3]
3777:Middlewares/Third_Party/FreeRTOS/Source/tasks.c **** 			{
 5469              		.loc 1 3777 6 view .LVU1529
 5470 000a 0BB1     		cbz	r3, .L438
3783:Middlewares/Third_Party/FreeRTOS/Source/tasks.c **** 			}
 5471              		.loc 1 3783 13 view .LVU1530
 5472 000c 0020     		movs	r0, #0
 5473              	.LVL380:
3787:Middlewares/Third_Party/FreeRTOS/Source/tasks.c **** 	}
 5474              		.loc 1 3787 3 is_stmt 1 view .LVU1531
3788:Middlewares/Third_Party/FreeRTOS/Source/tasks.c **** 
 5475              		.loc 1 3788 2 is_stmt 0 view .LVU1532
 5476 000e 7047     		bx	lr
 5477              	.LVL381:
 5478              	.L438:
3779:Middlewares/Third_Party/FreeRTOS/Source/tasks.c **** 			}
 5479              		.loc 1 3779 13 view .LVU1533
 5480 0010 0220     		movs	r0, #2
 5481 0012 7047     		bx	lr
 5482              	.L436:
3773:Middlewares/Third_Party/FreeRTOS/Source/tasks.c **** 		}
 5483              		.loc 1 3773 12 view .LVU1534
 5484 0014 0120     		movs	r0, #1
 5485 0016 7047     		bx	lr
 5486              	.L440:
 5487              		.align	2
ARM GAS  /tmp/ccZZCKwI.s 			page 213


 5488              	.L439:
 5489 0018 00000000 		.word	xSchedulerRunning
 5490 001c 00000000 		.word	uxSchedulerSuspended
 5491              		.cfi_endproc
 5492              	.LFE51:
 5494              		.section	.text.xTaskPriorityInherit,"ax",%progbits
 5495              		.align	1
 5496              		.global	xTaskPriorityInherit
 5497              		.syntax unified
 5498              		.thumb
 5499              		.thumb_func
 5501              	xTaskPriorityInherit:
 5502              	.LVL382:
 5503              	.LFB52:
3796:Middlewares/Third_Party/FreeRTOS/Source/tasks.c **** 	TCB_t * const pxMutexHolderTCB = ( TCB_t * ) pxMutexHolder;
 5504              		.loc 1 3796 2 is_stmt 1 view -0
 5505              		.cfi_startproc
 5506              		@ args = 0, pretend = 0, frame = 0
 5507              		@ frame_needed = 0, uses_anonymous_args = 0
3797:Middlewares/Third_Party/FreeRTOS/Source/tasks.c **** 	BaseType_t xReturn = pdFALSE;
 5508              		.loc 1 3797 2 view .LVU1536
3798:Middlewares/Third_Party/FreeRTOS/Source/tasks.c **** 
 5509              		.loc 1 3798 2 view .LVU1537
3803:Middlewares/Third_Party/FreeRTOS/Source/tasks.c **** 		{
 5510              		.loc 1 3803 3 view .LVU1538
3803:Middlewares/Third_Party/FreeRTOS/Source/tasks.c **** 		{
 5511              		.loc 1 3803 5 is_stmt 0 view .LVU1539
 5512 0000 0028     		cmp	r0, #0
 5513 0002 3FD0     		beq	.L448
3796:Middlewares/Third_Party/FreeRTOS/Source/tasks.c **** 	TCB_t * const pxMutexHolderTCB = ( TCB_t * ) pxMutexHolder;
 5514              		.loc 1 3796 2 view .LVU1540
 5515 0004 38B5     		push	{r3, r4, r5, lr}
 5516              	.LCFI47:
 5517              		.cfi_def_cfa_offset 16
 5518              		.cfi_offset 3, -16
 5519              		.cfi_offset 4, -12
 5520              		.cfi_offset 5, -8
 5521              		.cfi_offset 14, -4
 5522 0006 0446     		mov	r4, r0
3808:Middlewares/Third_Party/FreeRTOS/Source/tasks.c **** 			{
 5523              		.loc 1 3808 4 is_stmt 1 view .LVU1541
3808:Middlewares/Third_Party/FreeRTOS/Source/tasks.c **** 			{
 5524              		.loc 1 3808 24 is_stmt 0 view .LVU1542
 5525 0008 C36A     		ldr	r3, [r0, #44]
3808:Middlewares/Third_Party/FreeRTOS/Source/tasks.c **** 			{
 5526              		.loc 1 3808 51 view .LVU1543
 5527 000a 204A     		ldr	r2, .L455
 5528 000c 1268     		ldr	r2, [r2]
 5529 000e D26A     		ldr	r2, [r2, #44]
3808:Middlewares/Third_Party/FreeRTOS/Source/tasks.c **** 			{
 5530              		.loc 1 3808 6 view .LVU1544
 5531 0010 9342     		cmp	r3, r2
 5532 0012 2FD2     		bcs	.L443
3813:Middlewares/Third_Party/FreeRTOS/Source/tasks.c **** 				{
 5533              		.loc 1 3813 5 is_stmt 1 view .LVU1545
3813:Middlewares/Third_Party/FreeRTOS/Source/tasks.c **** 				{
 5534              		.loc 1 3813 11 is_stmt 0 view .LVU1546
ARM GAS  /tmp/ccZZCKwI.s 			page 214


 5535 0014 8269     		ldr	r2, [r0, #24]
3813:Middlewares/Third_Party/FreeRTOS/Source/tasks.c **** 				{
 5536              		.loc 1 3813 7 view .LVU1547
 5537 0016 002A     		cmp	r2, #0
 5538 0018 05DB     		blt	.L444
3815:Middlewares/Third_Party/FreeRTOS/Source/tasks.c **** 				}
 5539              		.loc 1 3815 6 is_stmt 1 view .LVU1548
 5540 001a 1C4A     		ldr	r2, .L455
 5541 001c 1268     		ldr	r2, [r2]
 5542 001e D26A     		ldr	r2, [r2, #44]
 5543 0020 C2F13802 		rsb	r2, r2, #56
 5544 0024 8261     		str	r2, [r0, #24]
 5545              	.L444:
3819:Middlewares/Third_Party/FreeRTOS/Source/tasks.c **** 				}
 5546              		.loc 1 3819 30 view .LVU1549
3824:Middlewares/Third_Party/FreeRTOS/Source/tasks.c **** 				{
 5547              		.loc 1 3824 5 view .LVU1550
3824:Middlewares/Third_Party/FreeRTOS/Source/tasks.c **** 				{
 5548              		.loc 1 3824 9 is_stmt 0 view .LVU1551
 5549 0026 6169     		ldr	r1, [r4, #20]
 5550 0028 03EB8303 		add	r3, r3, r3, lsl #2
 5551 002c 184A     		ldr	r2, .L455+4
 5552 002e 02EB8303 		add	r3, r2, r3, lsl #2
3824:Middlewares/Third_Party/FreeRTOS/Source/tasks.c **** 				{
 5553              		.loc 1 3824 130 view .LVU1552
 5554 0032 9942     		cmp	r1, r3
 5555 0034 05D0     		beq	.L454
3842:Middlewares/Third_Party/FreeRTOS/Source/tasks.c **** 				}
 5556              		.loc 1 3842 6 is_stmt 1 view .LVU1553
3842:Middlewares/Third_Party/FreeRTOS/Source/tasks.c **** 				}
 5557              		.loc 1 3842 49 is_stmt 0 view .LVU1554
 5558 0036 154B     		ldr	r3, .L455
 5559 0038 1B68     		ldr	r3, [r3]
 5560 003a DB6A     		ldr	r3, [r3, #44]
3842:Middlewares/Third_Party/FreeRTOS/Source/tasks.c **** 				}
 5561              		.loc 1 3842 35 view .LVU1555
 5562 003c E362     		str	r3, [r4, #44]
3848:Middlewares/Third_Party/FreeRTOS/Source/tasks.c **** 			}
 5563              		.loc 1 3848 13 view .LVU1556
 5564 003e 0120     		movs	r0, #1
 5565              	.LVL383:
 5566              	.L441:
3875:Middlewares/Third_Party/FreeRTOS/Source/tasks.c **** 
 5567              		.loc 1 3875 2 view .LVU1557
 5568 0040 38BD     		pop	{r3, r4, r5, pc}
 5569              	.LVL384:
 5570              	.L454:
3826:Middlewares/Third_Party/FreeRTOS/Source/tasks.c **** 					{
 5571              		.loc 1 3826 6 is_stmt 1 view .LVU1558
3826:Middlewares/Third_Party/FreeRTOS/Source/tasks.c **** 					{
 5572              		.loc 1 3826 10 is_stmt 0 view .LVU1559
 5573 0042 251D     		adds	r5, r4, #4
 5574 0044 2846     		mov	r0, r5
 5575              	.LVL385:
3826:Middlewares/Third_Party/FreeRTOS/Source/tasks.c **** 					{
 5576              		.loc 1 3826 10 view .LVU1560
 5577 0046 FFF7FEFF 		bl	uxListRemove
ARM GAS  /tmp/ccZZCKwI.s 			page 215


 5578              	.LVL386:
3828:Middlewares/Third_Party/FreeRTOS/Source/tasks.c **** 					}
 5579              		.loc 1 3828 63 is_stmt 1 view .LVU1561
3832:Middlewares/Third_Party/FreeRTOS/Source/tasks.c **** 					}
 5580              		.loc 1 3832 31 view .LVU1562
3836:Middlewares/Third_Party/FreeRTOS/Source/tasks.c **** 					prvAddTaskToReadyList( pxMutexHolderTCB );
 5581              		.loc 1 3836 6 view .LVU1563
3836:Middlewares/Third_Party/FreeRTOS/Source/tasks.c **** 					prvAddTaskToReadyList( pxMutexHolderTCB );
 5582              		.loc 1 3836 49 is_stmt 0 view .LVU1564
 5583 004a 104B     		ldr	r3, .L455
 5584 004c 1B68     		ldr	r3, [r3]
 5585 004e D86A     		ldr	r0, [r3, #44]
3836:Middlewares/Third_Party/FreeRTOS/Source/tasks.c **** 					prvAddTaskToReadyList( pxMutexHolderTCB );
 5586              		.loc 1 3836 35 view .LVU1565
 5587 0050 E062     		str	r0, [r4, #44]
3837:Middlewares/Third_Party/FreeRTOS/Source/tasks.c **** 				}
 5588              		.loc 1 3837 6 is_stmt 1 view .LVU1566
3837:Middlewares/Third_Party/FreeRTOS/Source/tasks.c **** 				}
 5589              		.loc 1 3837 6 view .LVU1567
 5590 0052 104B     		ldr	r3, .L455+8
 5591 0054 1B68     		ldr	r3, [r3]
 5592 0056 9842     		cmp	r0, r3
 5593 0058 09D8     		bhi	.L446
 5594              	.L447:
3837:Middlewares/Third_Party/FreeRTOS/Source/tasks.c **** 				}
 5595              		.loc 1 3837 6 discriminator 3 view .LVU1568
3837:Middlewares/Third_Party/FreeRTOS/Source/tasks.c **** 				}
 5596              		.loc 1 3837 6 discriminator 3 view .LVU1569
 5597 005a 00EB8000 		add	r0, r0, r0, lsl #2
 5598 005e 2946     		mov	r1, r5
 5599 0060 0B4B     		ldr	r3, .L455+4
 5600 0062 03EB8000 		add	r0, r3, r0, lsl #2
 5601 0066 FFF7FEFF 		bl	vListInsertEnd
 5602              	.LVL387:
3837:Middlewares/Third_Party/FreeRTOS/Source/tasks.c **** 				}
 5603              		.loc 1 3837 47 discriminator 1 view .LVU1570
3848:Middlewares/Third_Party/FreeRTOS/Source/tasks.c **** 			}
 5604              		.loc 1 3848 13 is_stmt 0 view .LVU1571
 5605 006a 0120     		movs	r0, #1
 5606 006c E8E7     		b	.L441
 5607              	.L446:
3837:Middlewares/Third_Party/FreeRTOS/Source/tasks.c **** 				}
 5608              		.loc 1 3837 6 is_stmt 1 discriminator 1 view .LVU1572
 5609 006e 094B     		ldr	r3, .L455+8
 5610 0070 1860     		str	r0, [r3]
 5611 0072 F2E7     		b	.L447
 5612              	.LVL388:
 5613              	.L443:
3852:Middlewares/Third_Party/FreeRTOS/Source/tasks.c **** 				{
 5614              		.loc 1 3852 5 view .LVU1573
3852:Middlewares/Third_Party/FreeRTOS/Source/tasks.c **** 				{
 5615              		.loc 1 3852 25 is_stmt 0 view .LVU1574
 5616 0074 C26C     		ldr	r2, [r0, #76]
3852:Middlewares/Third_Party/FreeRTOS/Source/tasks.c **** 				{
 5617              		.loc 1 3852 56 view .LVU1575
 5618 0076 054B     		ldr	r3, .L455
 5619 0078 1B68     		ldr	r3, [r3]
ARM GAS  /tmp/ccZZCKwI.s 			page 216


 5620 007a DB6A     		ldr	r3, [r3, #44]
3852:Middlewares/Third_Party/FreeRTOS/Source/tasks.c **** 				{
 5621              		.loc 1 3852 7 view .LVU1576
 5622 007c 9A42     		cmp	r2, r3
 5623 007e 03D3     		bcc	.L449
3798:Middlewares/Third_Party/FreeRTOS/Source/tasks.c **** 
 5624              		.loc 1 3798 13 view .LVU1577
 5625 0080 0020     		movs	r0, #0
 5626              	.LVL389:
3798:Middlewares/Third_Party/FreeRTOS/Source/tasks.c **** 
 5627              		.loc 1 3798 13 view .LVU1578
 5628 0082 DDE7     		b	.L441
 5629              	.LVL390:
 5630              	.L448:
 5631              	.LCFI48:
 5632              		.cfi_def_cfa_offset 0
 5633              		.cfi_restore 3
 5634              		.cfi_restore 4
 5635              		.cfi_restore 5
 5636              		.cfi_restore 14
3798:Middlewares/Third_Party/FreeRTOS/Source/tasks.c **** 
 5637              		.loc 1 3798 13 view .LVU1579
 5638 0084 0020     		movs	r0, #0
 5639              	.LVL391:
3875:Middlewares/Third_Party/FreeRTOS/Source/tasks.c **** 
 5640              		.loc 1 3875 2 view .LVU1580
 5641 0086 7047     		bx	lr
 5642              	.LVL392:
 5643              	.L449:
 5644              	.LCFI49:
 5645              		.cfi_def_cfa_offset 16
 5646              		.cfi_offset 3, -16
 5647              		.cfi_offset 4, -12
 5648              		.cfi_offset 5, -8
 5649              		.cfi_offset 14, -4
3861:Middlewares/Third_Party/FreeRTOS/Source/tasks.c **** 				}
 5650              		.loc 1 3861 14 view .LVU1581
 5651 0088 0120     		movs	r0, #1
 5652              	.LVL393:
3871:Middlewares/Third_Party/FreeRTOS/Source/tasks.c **** 		}
 5653              		.loc 1 3871 28 is_stmt 1 view .LVU1582
3874:Middlewares/Third_Party/FreeRTOS/Source/tasks.c **** 	}
 5654              		.loc 1 3874 3 view .LVU1583
3874:Middlewares/Third_Party/FreeRTOS/Source/tasks.c **** 	}
 5655              		.loc 1 3874 10 is_stmt 0 view .LVU1584
 5656 008a D9E7     		b	.L441
 5657              	.L456:
 5658              		.align	2
 5659              	.L455:
 5660 008c 00000000 		.word	pxCurrentTCB
 5661 0090 00000000 		.word	pxReadyTasksLists
 5662 0094 00000000 		.word	uxTopReadyPriority
 5663              		.cfi_endproc
 5664              	.LFE52:
 5666              		.section	.text.xTaskPriorityDisinherit,"ax",%progbits
 5667              		.align	1
 5668              		.global	xTaskPriorityDisinherit
ARM GAS  /tmp/ccZZCKwI.s 			page 217


 5669              		.syntax unified
 5670              		.thumb
 5671              		.thumb_func
 5673              	xTaskPriorityDisinherit:
 5674              	.LVL394:
 5675              	.LFB53:
3883:Middlewares/Third_Party/FreeRTOS/Source/tasks.c **** 	TCB_t * const pxTCB = ( TCB_t * ) pxMutexHolder;
 5676              		.loc 1 3883 2 is_stmt 1 view -0
 5677              		.cfi_startproc
 5678              		@ args = 0, pretend = 0, frame = 0
 5679              		@ frame_needed = 0, uses_anonymous_args = 0
3884:Middlewares/Third_Party/FreeRTOS/Source/tasks.c **** 	BaseType_t xReturn = pdFALSE;
 5680              		.loc 1 3884 2 view .LVU1586
3885:Middlewares/Third_Party/FreeRTOS/Source/tasks.c **** 
 5681              		.loc 1 3885 2 view .LVU1587
3887:Middlewares/Third_Party/FreeRTOS/Source/tasks.c **** 		{
 5682              		.loc 1 3887 3 view .LVU1588
3887:Middlewares/Third_Party/FreeRTOS/Source/tasks.c **** 		{
 5683              		.loc 1 3887 5 is_stmt 0 view .LVU1589
 5684 0000 0028     		cmp	r0, #0
 5685 0002 3BD0     		beq	.L464
3883:Middlewares/Third_Party/FreeRTOS/Source/tasks.c **** 	TCB_t * const pxTCB = ( TCB_t * ) pxMutexHolder;
 5686              		.loc 1 3883 2 view .LVU1590
 5687 0004 38B5     		push	{r3, r4, r5, lr}
 5688              	.LCFI50:
 5689              		.cfi_def_cfa_offset 16
 5690              		.cfi_offset 3, -16
 5691              		.cfi_offset 4, -12
 5692              		.cfi_offset 5, -8
 5693              		.cfi_offset 14, -4
 5694 0006 0446     		mov	r4, r0
3893:Middlewares/Third_Party/FreeRTOS/Source/tasks.c **** 			configASSERT( pxTCB->uxMutexesHeld );
 5695              		.loc 1 3893 4 is_stmt 1 view .LVU1591
 5696 0008 1E4B     		ldr	r3, .L472
 5697 000a 1B68     		ldr	r3, [r3]
 5698 000c 8342     		cmp	r3, r0
 5699 000e 08D0     		beq	.L459
3893:Middlewares/Third_Party/FreeRTOS/Source/tasks.c **** 			configASSERT( pxTCB->uxMutexesHeld );
 5700              		.loc 1 3893 4 discriminator 1 view .LVU1592
 5701              	.LBB213:
 5702              	.LBI213:
 191:Middlewares/Third_Party/FreeRTOS/Source/portable/GCC/ARM_CM4F/portmacro.h **** {
 5703              		.loc 2 191 30 view .LVU1593
 5704              	.LBB214:
 193:Middlewares/Third_Party/FreeRTOS/Source/portable/GCC/ARM_CM4F/portmacro.h **** 
 5705              		.loc 2 193 1 view .LVU1594
 195:Middlewares/Third_Party/FreeRTOS/Source/portable/GCC/ARM_CM4F/portmacro.h **** 	(
 5706              		.loc 2 195 2 view .LVU1595
 5707              		.syntax unified
 5708              	@ 195 "Middlewares/Third_Party/FreeRTOS/Source/portable/GCC/ARM_CM4F/portmacro.h" 1
 5709 0010 4FF05003 			mov r3, #80												
 5710 0014 83F31188 		msr basepri, r3											
 5711 0018 BFF36F8F 		isb														
 5712 001c BFF34F8F 		dsb														
 5713              	
 5714              	@ 0 "" 2
 5715              		.thumb
ARM GAS  /tmp/ccZZCKwI.s 			page 218


 5716              		.syntax unified
 5717              	.L460:
 5718              	.LBE214:
 5719              	.LBE213:
3893:Middlewares/Third_Party/FreeRTOS/Source/tasks.c **** 			configASSERT( pxTCB->uxMutexesHeld );
 5720              		.loc 1 3893 4 discriminator 3 view .LVU1596
3893:Middlewares/Third_Party/FreeRTOS/Source/tasks.c **** 			configASSERT( pxTCB->uxMutexesHeld );
 5721              		.loc 1 3893 4 discriminator 3 view .LVU1597
 5722 0020 FEE7     		b	.L460
 5723              	.L459:
3893:Middlewares/Third_Party/FreeRTOS/Source/tasks.c **** 			configASSERT( pxTCB->uxMutexesHeld );
 5724              		.loc 1 3893 41 discriminator 2 view .LVU1598
3894:Middlewares/Third_Party/FreeRTOS/Source/tasks.c **** 			( pxTCB->uxMutexesHeld )--;
 5725              		.loc 1 3894 4 view .LVU1599
 5726 0022 036D     		ldr	r3, [r0, #80]
 5727 0024 43B9     		cbnz	r3, .L461
3894:Middlewares/Third_Party/FreeRTOS/Source/tasks.c **** 			( pxTCB->uxMutexesHeld )--;
 5728              		.loc 1 3894 4 discriminator 1 view .LVU1600
 5729              	.LBB215:
 5730              	.LBI215:
 191:Middlewares/Third_Party/FreeRTOS/Source/portable/GCC/ARM_CM4F/portmacro.h **** {
 5731              		.loc 2 191 30 view .LVU1601
 5732              	.LBB216:
 193:Middlewares/Third_Party/FreeRTOS/Source/portable/GCC/ARM_CM4F/portmacro.h **** 
 5733              		.loc 2 193 1 view .LVU1602
 195:Middlewares/Third_Party/FreeRTOS/Source/portable/GCC/ARM_CM4F/portmacro.h **** 	(
 5734              		.loc 2 195 2 view .LVU1603
 5735              		.syntax unified
 5736              	@ 195 "Middlewares/Third_Party/FreeRTOS/Source/portable/GCC/ARM_CM4F/portmacro.h" 1
 5737 0026 4FF05003 			mov r3, #80												
 5738 002a 83F31188 		msr basepri, r3											
 5739 002e BFF36F8F 		isb														
 5740 0032 BFF34F8F 		dsb														
 5741              	
 5742              	@ 0 "" 2
 5743              		.thumb
 5744              		.syntax unified
 5745              	.L462:
 5746              	.LBE216:
 5747              	.LBE215:
3894:Middlewares/Third_Party/FreeRTOS/Source/tasks.c **** 			( pxTCB->uxMutexesHeld )--;
 5748              		.loc 1 3894 4 discriminator 3 view .LVU1604
3894:Middlewares/Third_Party/FreeRTOS/Source/tasks.c **** 			( pxTCB->uxMutexesHeld )--;
 5749              		.loc 1 3894 4 discriminator 3 view .LVU1605
 5750 0036 FEE7     		b	.L462
 5751              	.L461:
3894:Middlewares/Third_Party/FreeRTOS/Source/tasks.c **** 			( pxTCB->uxMutexesHeld )--;
 5752              		.loc 1 3894 40 discriminator 2 view .LVU1606
3895:Middlewares/Third_Party/FreeRTOS/Source/tasks.c **** 
 5753              		.loc 1 3895 4 view .LVU1607
3895:Middlewares/Third_Party/FreeRTOS/Source/tasks.c **** 
 5754              		.loc 1 3895 28 is_stmt 0 view .LVU1608
 5755 0038 013B     		subs	r3, r3, #1
 5756 003a 0365     		str	r3, [r0, #80]
3899:Middlewares/Third_Party/FreeRTOS/Source/tasks.c **** 			{
 5757              		.loc 1 3899 4 is_stmt 1 view .LVU1609
3899:Middlewares/Third_Party/FreeRTOS/Source/tasks.c **** 			{
ARM GAS  /tmp/ccZZCKwI.s 			page 219


 5758              		.loc 1 3899 13 is_stmt 0 view .LVU1610
 5759 003c C16A     		ldr	r1, [r0, #44]
3899:Middlewares/Third_Party/FreeRTOS/Source/tasks.c **** 			{
 5760              		.loc 1 3899 34 view .LVU1611
 5761 003e C26C     		ldr	r2, [r0, #76]
3899:Middlewares/Third_Party/FreeRTOS/Source/tasks.c **** 			{
 5762              		.loc 1 3899 6 view .LVU1612
 5763 0040 9142     		cmp	r1, r2
 5764 0042 1DD0     		beq	.L465
3902:Middlewares/Third_Party/FreeRTOS/Source/tasks.c **** 				{
 5765              		.loc 1 3902 5 is_stmt 1 view .LVU1613
3902:Middlewares/Third_Party/FreeRTOS/Source/tasks.c **** 				{
 5766              		.loc 1 3902 7 is_stmt 0 view .LVU1614
 5767 0044 0BB1     		cbz	r3, .L471
3885:Middlewares/Third_Party/FreeRTOS/Source/tasks.c **** 
 5768              		.loc 1 3885 13 view .LVU1615
 5769 0046 0020     		movs	r0, #0
 5770              	.LVL395:
3951:Middlewares/Third_Party/FreeRTOS/Source/tasks.c **** 		}
 5771              		.loc 1 3951 28 is_stmt 1 view .LVU1616
3954:Middlewares/Third_Party/FreeRTOS/Source/tasks.c **** 	}
 5772              		.loc 1 3954 3 view .LVU1617
 5773              	.L457:
3955:Middlewares/Third_Party/FreeRTOS/Source/tasks.c **** 
 5774              		.loc 1 3955 2 is_stmt 0 view .LVU1618
 5775 0048 38BD     		pop	{r3, r4, r5, pc}
 5776              	.LVL396:
 5777              	.L471:
3909:Middlewares/Third_Party/FreeRTOS/Source/tasks.c **** 					{
 5778              		.loc 1 3909 6 is_stmt 1 view .LVU1619
3909:Middlewares/Third_Party/FreeRTOS/Source/tasks.c **** 					{
 5779              		.loc 1 3909 10 is_stmt 0 view .LVU1620
 5780 004a 051D     		adds	r5, r0, #4
 5781 004c 2846     		mov	r0, r5
 5782              	.LVL397:
3909:Middlewares/Third_Party/FreeRTOS/Source/tasks.c **** 					{
 5783              		.loc 1 3909 10 view .LVU1621
 5784 004e FFF7FEFF 		bl	uxListRemove
 5785              	.LVL398:
3911:Middlewares/Third_Party/FreeRTOS/Source/tasks.c **** 					}
 5786              		.loc 1 3911 52 is_stmt 1 view .LVU1622
3915:Middlewares/Third_Party/FreeRTOS/Source/tasks.c **** 					}
 5787              		.loc 1 3915 31 view .LVU1623
3920:Middlewares/Third_Party/FreeRTOS/Source/tasks.c **** 					pxTCB->uxPriority = pxTCB->uxBasePriority;
 5788              		.loc 1 3920 67 view .LVU1624
3921:Middlewares/Third_Party/FreeRTOS/Source/tasks.c **** 
 5789              		.loc 1 3921 6 view .LVU1625
3921:Middlewares/Third_Party/FreeRTOS/Source/tasks.c **** 
 5790              		.loc 1 3921 31 is_stmt 0 view .LVU1626
 5791 0052 E06C     		ldr	r0, [r4, #76]
3921:Middlewares/Third_Party/FreeRTOS/Source/tasks.c **** 
 5792              		.loc 1 3921 24 view .LVU1627
 5793 0054 E062     		str	r0, [r4, #44]
3926:Middlewares/Third_Party/FreeRTOS/Source/tasks.c **** 					prvAddTaskToReadyList( pxTCB );
 5794              		.loc 1 3926 6 is_stmt 1 view .LVU1628
 5795 0056 C0F13803 		rsb	r3, r0, #56
 5796 005a A361     		str	r3, [r4, #24]
ARM GAS  /tmp/ccZZCKwI.s 			page 220


3927:Middlewares/Third_Party/FreeRTOS/Source/tasks.c **** 
 5797              		.loc 1 3927 6 view .LVU1629
3927:Middlewares/Third_Party/FreeRTOS/Source/tasks.c **** 
 5798              		.loc 1 3927 6 view .LVU1630
 5799 005c 0A4B     		ldr	r3, .L472+4
 5800 005e 1B68     		ldr	r3, [r3]
 5801 0060 9842     		cmp	r0, r3
 5802 0062 01D9     		bls	.L463
3927:Middlewares/Third_Party/FreeRTOS/Source/tasks.c **** 
 5803              		.loc 1 3927 6 discriminator 1 view .LVU1631
 5804 0064 084B     		ldr	r3, .L472+4
 5805 0066 1860     		str	r0, [r3]
 5806              	.L463:
3927:Middlewares/Third_Party/FreeRTOS/Source/tasks.c **** 
 5807              		.loc 1 3927 6 discriminator 3 view .LVU1632
3927:Middlewares/Third_Party/FreeRTOS/Source/tasks.c **** 
 5808              		.loc 1 3927 6 discriminator 3 view .LVU1633
 5809 0068 00EB8000 		add	r0, r0, r0, lsl #2
 5810 006c 2946     		mov	r1, r5
 5811 006e 074B     		ldr	r3, .L472+8
 5812 0070 03EB8000 		add	r0, r3, r0, lsl #2
 5813 0074 FFF7FEFF 		bl	vListInsertEnd
 5814              	.LVL399:
3927:Middlewares/Third_Party/FreeRTOS/Source/tasks.c **** 
 5815              		.loc 1 3927 36 discriminator 1 view .LVU1634
3937:Middlewares/Third_Party/FreeRTOS/Source/tasks.c **** 				}
 5816              		.loc 1 3937 6 view .LVU1635
3937:Middlewares/Third_Party/FreeRTOS/Source/tasks.c **** 				}
 5817              		.loc 1 3937 14 is_stmt 0 view .LVU1636
 5818 0078 0120     		movs	r0, #1
 5819 007a E5E7     		b	.L457
 5820              	.LVL400:
 5821              	.L464:
 5822              	.LCFI51:
 5823              		.cfi_def_cfa_offset 0
 5824              		.cfi_restore 3
 5825              		.cfi_restore 4
 5826              		.cfi_restore 5
 5827              		.cfi_restore 14
3885:Middlewares/Third_Party/FreeRTOS/Source/tasks.c **** 
 5828              		.loc 1 3885 13 view .LVU1637
 5829 007c 0020     		movs	r0, #0
 5830              	.LVL401:
3955:Middlewares/Third_Party/FreeRTOS/Source/tasks.c **** 
 5831              		.loc 1 3955 2 view .LVU1638
 5832 007e 7047     		bx	lr
 5833              	.LVL402:
 5834              	.L465:
 5835              	.LCFI52:
 5836              		.cfi_def_cfa_offset 16
 5837              		.cfi_offset 3, -16
 5838              		.cfi_offset 4, -12
 5839              		.cfi_offset 5, -8
 5840              		.cfi_offset 14, -4
3885:Middlewares/Third_Party/FreeRTOS/Source/tasks.c **** 
 5841              		.loc 1 3885 13 view .LVU1639
 5842 0080 0020     		movs	r0, #0
ARM GAS  /tmp/ccZZCKwI.s 			page 221


 5843              	.LVL403:
3885:Middlewares/Third_Party/FreeRTOS/Source/tasks.c **** 
 5844              		.loc 1 3885 13 view .LVU1640
 5845 0082 E1E7     		b	.L457
 5846              	.L473:
 5847              		.align	2
 5848              	.L472:
 5849 0084 00000000 		.word	pxCurrentTCB
 5850 0088 00000000 		.word	uxTopReadyPriority
 5851 008c 00000000 		.word	pxReadyTasksLists
 5852              		.cfi_endproc
 5853              	.LFE53:
 5855              		.section	.text.vTaskPriorityDisinheritAfterTimeout,"ax",%progbits
 5856              		.align	1
 5857              		.global	vTaskPriorityDisinheritAfterTimeout
 5858              		.syntax unified
 5859              		.thumb
 5860              		.thumb_func
 5862              	vTaskPriorityDisinheritAfterTimeout:
 5863              	.LVL404:
 5864              	.LFB54:
3963:Middlewares/Third_Party/FreeRTOS/Source/tasks.c **** 	TCB_t * const pxTCB = ( TCB_t * ) pxMutexHolder;
 5865              		.loc 1 3963 2 is_stmt 1 view -0
 5866              		.cfi_startproc
 5867              		@ args = 0, pretend = 0, frame = 0
 5868              		@ frame_needed = 0, uses_anonymous_args = 0
3964:Middlewares/Third_Party/FreeRTOS/Source/tasks.c **** 	UBaseType_t uxPriorityUsedOnEntry, uxPriorityToUse;
 5869              		.loc 1 3964 2 view .LVU1642
3965:Middlewares/Third_Party/FreeRTOS/Source/tasks.c **** 	const UBaseType_t uxOnlyOneMutexHeld = ( UBaseType_t ) 1;
 5870              		.loc 1 3965 2 view .LVU1643
3966:Middlewares/Third_Party/FreeRTOS/Source/tasks.c **** 
 5871              		.loc 1 3966 2 view .LVU1644
3968:Middlewares/Third_Party/FreeRTOS/Source/tasks.c **** 		{
 5872              		.loc 1 3968 3 view .LVU1645
3968:Middlewares/Third_Party/FreeRTOS/Source/tasks.c **** 		{
 5873              		.loc 1 3968 5 is_stmt 0 view .LVU1646
 5874 0000 0028     		cmp	r0, #0
 5875 0002 46D0     		beq	.L484
3963:Middlewares/Third_Party/FreeRTOS/Source/tasks.c **** 	TCB_t * const pxTCB = ( TCB_t * ) pxMutexHolder;
 5876              		.loc 1 3963 2 view .LVU1647
 5877 0004 38B5     		push	{r3, r4, r5, lr}
 5878              	.LCFI53:
 5879              		.cfi_def_cfa_offset 16
 5880              		.cfi_offset 3, -16
 5881              		.cfi_offset 4, -12
 5882              		.cfi_offset 5, -8
 5883              		.cfi_offset 14, -4
 5884 0006 0446     		mov	r4, r0
3972:Middlewares/Third_Party/FreeRTOS/Source/tasks.c **** 
 5885              		.loc 1 3972 4 is_stmt 1 view .LVU1648
 5886 0008 036D     		ldr	r3, [r0, #80]
 5887 000a 43B9     		cbnz	r3, .L476
3972:Middlewares/Third_Party/FreeRTOS/Source/tasks.c **** 
 5888              		.loc 1 3972 4 discriminator 1 view .LVU1649
 5889              	.LBB217:
 5890              	.LBI217:
 191:Middlewares/Third_Party/FreeRTOS/Source/portable/GCC/ARM_CM4F/portmacro.h **** {
ARM GAS  /tmp/ccZZCKwI.s 			page 222


 5891              		.loc 2 191 30 view .LVU1650
 5892              	.LBB218:
 193:Middlewares/Third_Party/FreeRTOS/Source/portable/GCC/ARM_CM4F/portmacro.h **** 
 5893              		.loc 2 193 1 view .LVU1651
 195:Middlewares/Third_Party/FreeRTOS/Source/portable/GCC/ARM_CM4F/portmacro.h **** 	(
 5894              		.loc 2 195 2 view .LVU1652
 5895              		.syntax unified
 5896              	@ 195 "Middlewares/Third_Party/FreeRTOS/Source/portable/GCC/ARM_CM4F/portmacro.h" 1
 5897 000c 4FF05003 			mov r3, #80												
 5898 0010 83F31188 		msr basepri, r3											
 5899 0014 BFF36F8F 		isb														
 5900 0018 BFF34F8F 		dsb														
 5901              	
 5902              	@ 0 "" 2
 5903              		.thumb
 5904              		.syntax unified
 5905              	.L477:
 5906              	.LBE218:
 5907              	.LBE217:
3972:Middlewares/Third_Party/FreeRTOS/Source/tasks.c **** 
 5908              		.loc 1 3972 4 discriminator 3 view .LVU1653
3972:Middlewares/Third_Party/FreeRTOS/Source/tasks.c **** 
 5909              		.loc 1 3972 4 discriminator 3 view .LVU1654
 5910 001c FEE7     		b	.L477
 5911              	.L476:
3972:Middlewares/Third_Party/FreeRTOS/Source/tasks.c **** 
 5912              		.loc 1 3972 40 discriminator 2 view .LVU1655
3978:Middlewares/Third_Party/FreeRTOS/Source/tasks.c **** 			{
 5913              		.loc 1 3978 4 view .LVU1656
3978:Middlewares/Third_Party/FreeRTOS/Source/tasks.c **** 			{
 5914              		.loc 1 3978 13 is_stmt 0 view .LVU1657
 5915 001e C26C     		ldr	r2, [r0, #76]
3978:Middlewares/Third_Party/FreeRTOS/Source/tasks.c **** 			{
 5916              		.loc 1 3978 6 view .LVU1658
 5917 0020 8A42     		cmp	r2, r1
 5918 0022 00D2     		bcs	.L478
3980:Middlewares/Third_Party/FreeRTOS/Source/tasks.c **** 			}
 5919              		.loc 1 3980 21 view .LVU1659
 5920 0024 0A46     		mov	r2, r1
 5921              	.L478:
 5922              	.LVL405:
3988:Middlewares/Third_Party/FreeRTOS/Source/tasks.c **** 			{
 5923              		.loc 1 3988 4 is_stmt 1 view .LVU1660
3988:Middlewares/Third_Party/FreeRTOS/Source/tasks.c **** 			{
 5924              		.loc 1 3988 13 is_stmt 0 view .LVU1661
 5925 0026 E16A     		ldr	r1, [r4, #44]
 5926              	.LVL406:
3988:Middlewares/Third_Party/FreeRTOS/Source/tasks.c **** 			{
 5927              		.loc 1 3988 6 view .LVU1662
 5928 0028 9142     		cmp	r1, r2
 5929 002a 01D0     		beq	.L474
3994:Middlewares/Third_Party/FreeRTOS/Source/tasks.c **** 				{
 5930              		.loc 1 3994 5 is_stmt 1 view .LVU1663
3994:Middlewares/Third_Party/FreeRTOS/Source/tasks.c **** 				{
 5931              		.loc 1 3994 7 is_stmt 0 view .LVU1664
 5932 002c 012B     		cmp	r3, #1
 5933 002e 00D0     		beq	.L487
ARM GAS  /tmp/ccZZCKwI.s 			page 223


 5934              	.LVL407:
 5935              	.L474:
4057:Middlewares/Third_Party/FreeRTOS/Source/tasks.c **** 
 5936              		.loc 1 4057 2 view .LVU1665
 5937 0030 38BD     		pop	{r3, r4, r5, pc}
 5938              	.LVL408:
 5939              	.L487:
3999:Middlewares/Third_Party/FreeRTOS/Source/tasks.c **** 
 5940              		.loc 1 3999 6 is_stmt 1 view .LVU1666
 5941 0032 184B     		ldr	r3, .L489
 5942 0034 1B68     		ldr	r3, [r3]
 5943 0036 A342     		cmp	r3, r4
 5944 0038 22D0     		beq	.L488
3999:Middlewares/Third_Party/FreeRTOS/Source/tasks.c **** 
 5945              		.loc 1 3999 43 discriminator 2 view .LVU1667
4004:Middlewares/Third_Party/FreeRTOS/Source/tasks.c **** 					uxPriorityUsedOnEntry = pxTCB->uxPriority;
 5946              		.loc 1 4004 67 view .LVU1668
4005:Middlewares/Third_Party/FreeRTOS/Source/tasks.c **** 					pxTCB->uxPriority = uxPriorityToUse;
 5947              		.loc 1 4005 6 view .LVU1669
 5948              	.LVL409:
4006:Middlewares/Third_Party/FreeRTOS/Source/tasks.c **** 
 5949              		.loc 1 4006 6 view .LVU1670
4006:Middlewares/Third_Party/FreeRTOS/Source/tasks.c **** 
 5950              		.loc 1 4006 24 is_stmt 0 view .LVU1671
 5951 003a E262     		str	r2, [r4, #44]
4010:Middlewares/Third_Party/FreeRTOS/Source/tasks.c **** 					{
 5952              		.loc 1 4010 6 is_stmt 1 view .LVU1672
4010:Middlewares/Third_Party/FreeRTOS/Source/tasks.c **** 					{
 5953              		.loc 1 4010 12 is_stmt 0 view .LVU1673
 5954 003c A369     		ldr	r3, [r4, #24]
4010:Middlewares/Third_Party/FreeRTOS/Source/tasks.c **** 					{
 5955              		.loc 1 4010 8 view .LVU1674
 5956 003e 002B     		cmp	r3, #0
 5957 0040 02DB     		blt	.L481
4012:Middlewares/Third_Party/FreeRTOS/Source/tasks.c **** 					}
 5958              		.loc 1 4012 7 is_stmt 1 view .LVU1675
 5959 0042 C2F13802 		rsb	r2, r2, #56
 5960              	.LVL410:
4012:Middlewares/Third_Party/FreeRTOS/Source/tasks.c **** 					}
 5961              		.loc 1 4012 7 is_stmt 0 view .LVU1676
 5962 0046 A261     		str	r2, [r4, #24]
 5963              	.L481:
4016:Middlewares/Third_Party/FreeRTOS/Source/tasks.c **** 					}
 5964              		.loc 1 4016 31 is_stmt 1 view .LVU1677
4025:Middlewares/Third_Party/FreeRTOS/Source/tasks.c **** 					{
 5965              		.loc 1 4025 6 view .LVU1678
4025:Middlewares/Third_Party/FreeRTOS/Source/tasks.c **** 					{
 5966              		.loc 1 4025 10 is_stmt 0 view .LVU1679
 5967 0048 6269     		ldr	r2, [r4, #20]
 5968 004a 01EB8101 		add	r1, r1, r1, lsl #2
 5969              	.LVL411:
4025:Middlewares/Third_Party/FreeRTOS/Source/tasks.c **** 					{
 5970              		.loc 1 4025 10 view .LVU1680
 5971 004e 124B     		ldr	r3, .L489+4
 5972 0050 03EB8103 		add	r3, r3, r1, lsl #2
4025:Middlewares/Third_Party/FreeRTOS/Source/tasks.c **** 					{
 5973              		.loc 1 4025 113 view .LVU1681
ARM GAS  /tmp/ccZZCKwI.s 			page 224


 5974 0054 9A42     		cmp	r2, r3
 5975 0056 EBD1     		bne	.L474
4027:Middlewares/Third_Party/FreeRTOS/Source/tasks.c **** 						{
 5976              		.loc 1 4027 7 is_stmt 1 view .LVU1682
4027:Middlewares/Third_Party/FreeRTOS/Source/tasks.c **** 						{
 5977              		.loc 1 4027 11 is_stmt 0 view .LVU1683
 5978 0058 251D     		adds	r5, r4, #4
 5979 005a 2846     		mov	r0, r5
 5980              	.LVL412:
4027:Middlewares/Third_Party/FreeRTOS/Source/tasks.c **** 						{
 5981              		.loc 1 4027 11 view .LVU1684
 5982 005c FFF7FEFF 		bl	uxListRemove
 5983              	.LVL413:
4029:Middlewares/Third_Party/FreeRTOS/Source/tasks.c **** 						}
 5984              		.loc 1 4029 53 is_stmt 1 view .LVU1685
4033:Middlewares/Third_Party/FreeRTOS/Source/tasks.c **** 						}
 5985              		.loc 1 4033 32 view .LVU1686
4036:Middlewares/Third_Party/FreeRTOS/Source/tasks.c **** 					}
 5986              		.loc 1 4036 7 view .LVU1687
4036:Middlewares/Third_Party/FreeRTOS/Source/tasks.c **** 					}
 5987              		.loc 1 4036 7 view .LVU1688
 5988 0060 E06A     		ldr	r0, [r4, #44]
 5989 0062 0E4B     		ldr	r3, .L489+8
 5990 0064 1B68     		ldr	r3, [r3]
 5991 0066 9842     		cmp	r0, r3
 5992 0068 01D9     		bls	.L482
4036:Middlewares/Third_Party/FreeRTOS/Source/tasks.c **** 					}
 5993              		.loc 1 4036 7 discriminator 1 view .LVU1689
 5994 006a 0C4B     		ldr	r3, .L489+8
 5995 006c 1860     		str	r0, [r3]
 5996              	.L482:
4036:Middlewares/Third_Party/FreeRTOS/Source/tasks.c **** 					}
 5997              		.loc 1 4036 7 discriminator 3 view .LVU1690
4036:Middlewares/Third_Party/FreeRTOS/Source/tasks.c **** 					}
 5998              		.loc 1 4036 7 discriminator 3 view .LVU1691
 5999 006e 00EB8000 		add	r0, r0, r0, lsl #2
 6000 0072 2946     		mov	r1, r5
 6001 0074 084B     		ldr	r3, .L489+4
 6002 0076 03EB8000 		add	r0, r3, r0, lsl #2
 6003 007a FFF7FEFF 		bl	vListInsertEnd
 6004              	.LVL414:
4036:Middlewares/Third_Party/FreeRTOS/Source/tasks.c **** 					}
 6005              		.loc 1 4036 37 discriminator 1 view .LVU1692
4055:Middlewares/Third_Party/FreeRTOS/Source/tasks.c **** 		}
 6006              		.loc 1 4055 28 view .LVU1693
4057:Middlewares/Third_Party/FreeRTOS/Source/tasks.c **** 
 6007              		.loc 1 4057 2 is_stmt 0 view .LVU1694
 6008 007e D7E7     		b	.L474
 6009              	.LVL415:
 6010              	.L488:
3999:Middlewares/Third_Party/FreeRTOS/Source/tasks.c **** 
 6011              		.loc 1 3999 6 is_stmt 1 discriminator 1 view .LVU1695
 6012              	.LBB219:
 6013              	.LBI219:
 191:Middlewares/Third_Party/FreeRTOS/Source/portable/GCC/ARM_CM4F/portmacro.h **** {
 6014              		.loc 2 191 30 view .LVU1696
 6015              	.LBB220:
ARM GAS  /tmp/ccZZCKwI.s 			page 225


 193:Middlewares/Third_Party/FreeRTOS/Source/portable/GCC/ARM_CM4F/portmacro.h **** 
 6016              		.loc 2 193 1 view .LVU1697
 195:Middlewares/Third_Party/FreeRTOS/Source/portable/GCC/ARM_CM4F/portmacro.h **** 	(
 6017              		.loc 2 195 2 view .LVU1698
 6018              		.syntax unified
 6019              	@ 195 "Middlewares/Third_Party/FreeRTOS/Source/portable/GCC/ARM_CM4F/portmacro.h" 1
 6020 0080 4FF05003 			mov r3, #80												
 6021 0084 83F31188 		msr basepri, r3											
 6022 0088 BFF36F8F 		isb														
 6023 008c BFF34F8F 		dsb														
 6024              	
 6025              	@ 0 "" 2
 6026              		.thumb
 6027              		.syntax unified
 6028              	.L480:
 6029              	.LBE220:
 6030              	.LBE219:
3999:Middlewares/Third_Party/FreeRTOS/Source/tasks.c **** 
 6031              		.loc 1 3999 6 discriminator 3 view .LVU1699
3999:Middlewares/Third_Party/FreeRTOS/Source/tasks.c **** 
 6032              		.loc 1 3999 6 discriminator 3 view .LVU1700
 6033 0090 FEE7     		b	.L480
 6034              	.LVL416:
 6035              	.L484:
 6036              	.LCFI54:
 6037              		.cfi_def_cfa_offset 0
 6038              		.cfi_restore 3
 6039              		.cfi_restore 4
 6040              		.cfi_restore 5
 6041              		.cfi_restore 14
3999:Middlewares/Third_Party/FreeRTOS/Source/tasks.c **** 
 6042              		.loc 1 3999 6 is_stmt 0 discriminator 3 view .LVU1701
 6043 0092 7047     		bx	lr
 6044              	.L490:
 6045              		.align	2
 6046              	.L489:
 6047 0094 00000000 		.word	pxCurrentTCB
 6048 0098 00000000 		.word	pxReadyTasksLists
 6049 009c 00000000 		.word	uxTopReadyPriority
 6050              		.cfi_endproc
 6051              	.LFE54:
 6053              		.section	.text.uxTaskResetEventItemValue,"ax",%progbits
 6054              		.align	1
 6055              		.global	uxTaskResetEventItemValue
 6056              		.syntax unified
 6057              		.thumb
 6058              		.thumb_func
 6060              	uxTaskResetEventItemValue:
 6061              	.LFB55:
4377:Middlewares/Third_Party/FreeRTOS/Source/tasks.c **** TickType_t uxReturn;
 6062              		.loc 1 4377 1 is_stmt 1 view -0
 6063              		.cfi_startproc
 6064              		@ args = 0, pretend = 0, frame = 0
 6065              		@ frame_needed = 0, uses_anonymous_args = 0
 6066              		@ link register save eliminated.
4378:Middlewares/Third_Party/FreeRTOS/Source/tasks.c **** 
 6067              		.loc 1 4378 1 view .LVU1703
ARM GAS  /tmp/ccZZCKwI.s 			page 226


4380:Middlewares/Third_Party/FreeRTOS/Source/tasks.c **** 
 6068              		.loc 1 4380 2 view .LVU1704
4380:Middlewares/Third_Party/FreeRTOS/Source/tasks.c **** 
 6069              		.loc 1 4380 13 is_stmt 0 view .LVU1705
 6070 0000 044A     		ldr	r2, .L492
 6071 0002 1368     		ldr	r3, [r2]
4380:Middlewares/Third_Party/FreeRTOS/Source/tasks.c **** 
 6072              		.loc 1 4380 11 view .LVU1706
 6073 0004 9869     		ldr	r0, [r3, #24]
 6074              	.LVL417:
4384:Middlewares/Third_Party/FreeRTOS/Source/tasks.c **** 
 6075              		.loc 1 4384 2 is_stmt 1 view .LVU1707
 6076 0006 1368     		ldr	r3, [r2]
 6077 0008 DB6A     		ldr	r3, [r3, #44]
 6078 000a 1268     		ldr	r2, [r2]
 6079 000c C3F13803 		rsb	r3, r3, #56
 6080 0010 9361     		str	r3, [r2, #24]
4386:Middlewares/Third_Party/FreeRTOS/Source/tasks.c **** }
 6081              		.loc 1 4386 2 view .LVU1708
4387:Middlewares/Third_Party/FreeRTOS/Source/tasks.c **** /*-----------------------------------------------------------*/
 6082              		.loc 1 4387 1 is_stmt 0 view .LVU1709
 6083 0012 7047     		bx	lr
 6084              	.L493:
 6085              		.align	2
 6086              	.L492:
 6087 0014 00000000 		.word	pxCurrentTCB
 6088              		.cfi_endproc
 6089              	.LFE55:
 6091              		.section	.text.pvTaskIncrementMutexHeldCount,"ax",%progbits
 6092              		.align	1
 6093              		.global	pvTaskIncrementMutexHeldCount
 6094              		.syntax unified
 6095              		.thumb
 6096              		.thumb_func
 6098              	pvTaskIncrementMutexHeldCount:
 6099              	.LFB56:
4393:Middlewares/Third_Party/FreeRTOS/Source/tasks.c **** 		/* If xSemaphoreCreateMutex() is called before any tasks have been created
 6100              		.loc 1 4393 2 is_stmt 1 view -0
 6101              		.cfi_startproc
 6102              		@ args = 0, pretend = 0, frame = 0
 6103              		@ frame_needed = 0, uses_anonymous_args = 0
 6104              		@ link register save eliminated.
4396:Middlewares/Third_Party/FreeRTOS/Source/tasks.c **** 		{
 6105              		.loc 1 4396 3 view .LVU1711
4396:Middlewares/Third_Party/FreeRTOS/Source/tasks.c **** 		{
 6106              		.loc 1 4396 20 is_stmt 0 view .LVU1712
 6107 0000 054B     		ldr	r3, .L496
 6108 0002 1B68     		ldr	r3, [r3]
4396:Middlewares/Third_Party/FreeRTOS/Source/tasks.c **** 		{
 6109              		.loc 1 4396 5 view .LVU1713
 6110 0004 23B1     		cbz	r3, .L495
4398:Middlewares/Third_Party/FreeRTOS/Source/tasks.c **** 		}
 6111              		.loc 1 4398 4 is_stmt 1 view .LVU1714
4398:Middlewares/Third_Party/FreeRTOS/Source/tasks.c **** 		}
 6112              		.loc 1 4398 18 is_stmt 0 view .LVU1715
 6113 0006 044B     		ldr	r3, .L496
 6114 0008 1A68     		ldr	r2, [r3]
ARM GAS  /tmp/ccZZCKwI.s 			page 227


 6115 000a 136D     		ldr	r3, [r2, #80]
4398:Middlewares/Third_Party/FreeRTOS/Source/tasks.c **** 		}
 6116              		.loc 1 4398 35 view .LVU1716
 6117 000c 0133     		adds	r3, r3, #1
 6118 000e 1365     		str	r3, [r2, #80]
 6119              	.L495:
4401:Middlewares/Third_Party/FreeRTOS/Source/tasks.c **** 	}
 6120              		.loc 1 4401 3 is_stmt 1 view .LVU1717
4401:Middlewares/Third_Party/FreeRTOS/Source/tasks.c **** 	}
 6121              		.loc 1 4401 10 is_stmt 0 view .LVU1718
 6122 0010 014B     		ldr	r3, .L496
 6123 0012 1868     		ldr	r0, [r3]
4402:Middlewares/Third_Party/FreeRTOS/Source/tasks.c **** 
 6124              		.loc 1 4402 2 view .LVU1719
 6125 0014 7047     		bx	lr
 6126              	.L497:
 6127 0016 00BF     		.align	2
 6128              	.L496:
 6129 0018 00000000 		.word	pxCurrentTCB
 6130              		.cfi_endproc
 6131              	.LFE56:
 6133              		.section	.text.ulTaskNotifyTake,"ax",%progbits
 6134              		.align	1
 6135              		.global	ulTaskNotifyTake
 6136              		.syntax unified
 6137              		.thumb
 6138              		.thumb_func
 6140              	ulTaskNotifyTake:
 6141              	.LVL418:
 6142              	.LFB57:
4410:Middlewares/Third_Party/FreeRTOS/Source/tasks.c **** 	uint32_t ulReturn;
 6143              		.loc 1 4410 2 is_stmt 1 view -0
 6144              		.cfi_startproc
 6145              		@ args = 0, pretend = 0, frame = 0
 6146              		@ frame_needed = 0, uses_anonymous_args = 0
4410:Middlewares/Third_Party/FreeRTOS/Source/tasks.c **** 	uint32_t ulReturn;
 6147              		.loc 1 4410 2 is_stmt 0 view .LVU1721
 6148 0000 38B5     		push	{r3, r4, r5, lr}
 6149              	.LCFI55:
 6150              		.cfi_def_cfa_offset 16
 6151              		.cfi_offset 3, -16
 6152              		.cfi_offset 4, -12
 6153              		.cfi_offset 5, -8
 6154              		.cfi_offset 14, -4
 6155 0002 0546     		mov	r5, r0
 6156 0004 0C46     		mov	r4, r1
4411:Middlewares/Third_Party/FreeRTOS/Source/tasks.c **** 
 6157              		.loc 1 4411 2 is_stmt 1 view .LVU1722
4413:Middlewares/Third_Party/FreeRTOS/Source/tasks.c **** 		{
 6158              		.loc 1 4413 3 view .LVU1723
 6159 0006 FFF7FEFF 		bl	vPortEnterCritical
 6160              	.LVL419:
4416:Middlewares/Third_Party/FreeRTOS/Source/tasks.c **** 			{
 6161              		.loc 1 4416 4 view .LVU1724
4416:Middlewares/Third_Party/FreeRTOS/Source/tasks.c **** 			{
 6162              		.loc 1 4416 20 is_stmt 0 view .LVU1725
 6163 000a 1A4B     		ldr	r3, .L504
ARM GAS  /tmp/ccZZCKwI.s 			page 228


 6164 000c 1B68     		ldr	r3, [r3]
 6165 000e 5B6D     		ldr	r3, [r3, #84]
4416:Middlewares/Third_Party/FreeRTOS/Source/tasks.c **** 			{
 6166              		.loc 1 4416 6 view .LVU1726
 6167 0010 2BB9     		cbnz	r3, .L499
4419:Middlewares/Third_Party/FreeRTOS/Source/tasks.c **** 
 6168              		.loc 1 4419 5 is_stmt 1 view .LVU1727
4419:Middlewares/Third_Party/FreeRTOS/Source/tasks.c **** 
 6169              		.loc 1 4419 17 is_stmt 0 view .LVU1728
 6170 0012 184B     		ldr	r3, .L504
 6171 0014 1B68     		ldr	r3, [r3]
4419:Middlewares/Third_Party/FreeRTOS/Source/tasks.c **** 
 6172              		.loc 1 4419 33 view .LVU1729
 6173 0016 0122     		movs	r2, #1
 6174 0018 83F85820 		strb	r2, [r3, #88]
4421:Middlewares/Third_Party/FreeRTOS/Source/tasks.c **** 				{
 6175              		.loc 1 4421 5 is_stmt 1 view .LVU1730
4421:Middlewares/Third_Party/FreeRTOS/Source/tasks.c **** 				{
 6176              		.loc 1 4421 7 is_stmt 0 view .LVU1731
 6177 001c ACB9     		cbnz	r4, .L503
 6178              	.L499:
4439:Middlewares/Third_Party/FreeRTOS/Source/tasks.c **** 			}
 6179              		.loc 1 4439 29 is_stmt 1 view .LVU1732
4442:Middlewares/Third_Party/FreeRTOS/Source/tasks.c **** 
 6180              		.loc 1 4442 3 view .LVU1733
 6181 001e FFF7FEFF 		bl	vPortExitCritical
 6182              	.LVL420:
4444:Middlewares/Third_Party/FreeRTOS/Source/tasks.c **** 		{
 6183              		.loc 1 4444 3 view .LVU1734
 6184 0022 FFF7FEFF 		bl	vPortEnterCritical
 6185              	.LVL421:
4446:Middlewares/Third_Party/FreeRTOS/Source/tasks.c **** 			ulReturn = pxCurrentTCB->ulNotifiedValue;
 6186              		.loc 1 4446 27 view .LVU1735
4447:Middlewares/Third_Party/FreeRTOS/Source/tasks.c **** 
 6187              		.loc 1 4447 4 view .LVU1736
4447:Middlewares/Third_Party/FreeRTOS/Source/tasks.c **** 
 6188              		.loc 1 4447 27 is_stmt 0 view .LVU1737
 6189 0026 134B     		ldr	r3, .L504
 6190 0028 1B68     		ldr	r3, [r3]
4447:Middlewares/Third_Party/FreeRTOS/Source/tasks.c **** 
 6191              		.loc 1 4447 13 view .LVU1738
 6192 002a 5C6D     		ldr	r4, [r3, #84]
 6193              	.LVL422:
4449:Middlewares/Third_Party/FreeRTOS/Source/tasks.c **** 			{
 6194              		.loc 1 4449 4 is_stmt 1 view .LVU1739
4449:Middlewares/Third_Party/FreeRTOS/Source/tasks.c **** 			{
 6195              		.loc 1 4449 6 is_stmt 0 view .LVU1740
 6196 002c 24B1     		cbz	r4, .L500
4451:Middlewares/Third_Party/FreeRTOS/Source/tasks.c **** 				{
 6197              		.loc 1 4451 5 is_stmt 1 view .LVU1741
4451:Middlewares/Third_Party/FreeRTOS/Source/tasks.c **** 				{
 6198              		.loc 1 4451 7 is_stmt 0 view .LVU1742
 6199 002e DDB1     		cbz	r5, .L501
4453:Middlewares/Third_Party/FreeRTOS/Source/tasks.c **** 				}
 6200              		.loc 1 4453 6 is_stmt 1 view .LVU1743
4453:Middlewares/Third_Party/FreeRTOS/Source/tasks.c **** 				}
 6201              		.loc 1 4453 18 is_stmt 0 view .LVU1744
ARM GAS  /tmp/ccZZCKwI.s 			page 229


 6202 0030 104B     		ldr	r3, .L504
 6203 0032 1B68     		ldr	r3, [r3]
4453:Middlewares/Third_Party/FreeRTOS/Source/tasks.c **** 				}
 6204              		.loc 1 4453 36 view .LVU1745
 6205 0034 0022     		movs	r2, #0
 6206 0036 5A65     		str	r2, [r3, #84]
 6207              	.L500:
4462:Middlewares/Third_Party/FreeRTOS/Source/tasks.c **** 			}
 6208              		.loc 1 4462 29 is_stmt 1 view .LVU1746
4465:Middlewares/Third_Party/FreeRTOS/Source/tasks.c **** 		}
 6209              		.loc 1 4465 4 view .LVU1747
4465:Middlewares/Third_Party/FreeRTOS/Source/tasks.c **** 		}
 6210              		.loc 1 4465 16 is_stmt 0 view .LVU1748
 6211 0038 0E4B     		ldr	r3, .L504
 6212 003a 1B68     		ldr	r3, [r3]
4465:Middlewares/Third_Party/FreeRTOS/Source/tasks.c **** 		}
 6213              		.loc 1 4465 32 view .LVU1749
 6214 003c 0022     		movs	r2, #0
 6215 003e 83F85820 		strb	r2, [r3, #88]
4467:Middlewares/Third_Party/FreeRTOS/Source/tasks.c **** 
 6216              		.loc 1 4467 3 is_stmt 1 view .LVU1750
 6217 0042 FFF7FEFF 		bl	vPortExitCritical
 6218              	.LVL423:
4469:Middlewares/Third_Party/FreeRTOS/Source/tasks.c **** 	}
 6219              		.loc 1 4469 3 view .LVU1751
4470:Middlewares/Third_Party/FreeRTOS/Source/tasks.c **** 
 6220              		.loc 1 4470 2 is_stmt 0 view .LVU1752
 6221 0046 2046     		mov	r0, r4
 6222 0048 38BD     		pop	{r3, r4, r5, pc}
 6223              	.LVL424:
 6224              	.L503:
4423:Middlewares/Third_Party/FreeRTOS/Source/tasks.c **** 					traceTASK_NOTIFY_TAKE_BLOCK();
 6225              		.loc 1 4423 6 is_stmt 1 view .LVU1753
 6226 004a 1146     		mov	r1, r2
 6227 004c 2046     		mov	r0, r4
 6228 004e FFF7FEFF 		bl	prvAddCurrentTaskToDelayedList
 6229              	.LVL425:
4424:Middlewares/Third_Party/FreeRTOS/Source/tasks.c **** 
 6230              		.loc 1 4424 35 view .LVU1754
4430:Middlewares/Third_Party/FreeRTOS/Source/tasks.c **** 				}
 6231              		.loc 1 4430 6 view .LVU1755
 6232 0052 4FF0E023 		mov	r3, #-536813568
 6233 0056 4FF08052 		mov	r2, #268435456
 6234 005a C3F8042D 		str	r2, [r3, #3332]
4430:Middlewares/Third_Party/FreeRTOS/Source/tasks.c **** 				}
 6235              		.loc 1 4430 6 view .LVU1756
 6236              		.syntax unified
 6237              	@ 4430 "Middlewares/Third_Party/FreeRTOS/Source/tasks.c" 1
 6238 005e BFF34F8F 		dsb
 6239              	@ 0 "" 2
4430:Middlewares/Third_Party/FreeRTOS/Source/tasks.c **** 				}
 6240              		.loc 1 4430 6 view .LVU1757
 6241              	@ 4430 "Middlewares/Third_Party/FreeRTOS/Source/tasks.c" 1
 6242 0062 BFF36F8F 		isb
 6243              	@ 0 "" 2
4430:Middlewares/Third_Party/FreeRTOS/Source/tasks.c **** 				}
 6244              		.loc 1 4430 28 view .LVU1758
ARM GAS  /tmp/ccZZCKwI.s 			page 230


 6245              		.thumb
 6246              		.syntax unified
 6247 0066 DAE7     		b	.L499
 6248              	.LVL426:
 6249              	.L501:
4457:Middlewares/Third_Party/FreeRTOS/Source/tasks.c **** 				}
 6250              		.loc 1 4457 6 view .LVU1759
4457:Middlewares/Third_Party/FreeRTOS/Source/tasks.c **** 				}
 6251              		.loc 1 4457 18 is_stmt 0 view .LVU1760
 6252 0068 024B     		ldr	r3, .L504
 6253 006a 1B68     		ldr	r3, [r3]
4457:Middlewares/Third_Party/FreeRTOS/Source/tasks.c **** 				}
 6254              		.loc 1 4457 47 view .LVU1761
 6255 006c 621E     		subs	r2, r4, #1
4457:Middlewares/Third_Party/FreeRTOS/Source/tasks.c **** 				}
 6256              		.loc 1 4457 36 view .LVU1762
 6257 006e 5A65     		str	r2, [r3, #84]
 6258 0070 E2E7     		b	.L500
 6259              	.L505:
 6260 0072 00BF     		.align	2
 6261              	.L504:
 6262 0074 00000000 		.word	pxCurrentTCB
 6263              		.cfi_endproc
 6264              	.LFE57:
 6266              		.section	.text.xTaskNotifyWait,"ax",%progbits
 6267              		.align	1
 6268              		.global	xTaskNotifyWait
 6269              		.syntax unified
 6270              		.thumb
 6271              		.thumb_func
 6273              	xTaskNotifyWait:
 6274              	.LVL427:
 6275              	.LFB58:
4478:Middlewares/Third_Party/FreeRTOS/Source/tasks.c **** 	BaseType_t xReturn;
 6276              		.loc 1 4478 2 is_stmt 1 view -0
 6277              		.cfi_startproc
 6278              		@ args = 0, pretend = 0, frame = 0
 6279              		@ frame_needed = 0, uses_anonymous_args = 0
4478:Middlewares/Third_Party/FreeRTOS/Source/tasks.c **** 	BaseType_t xReturn;
 6280              		.loc 1 4478 2 is_stmt 0 view .LVU1764
 6281 0000 F8B5     		push	{r3, r4, r5, r6, r7, lr}
 6282              	.LCFI56:
 6283              		.cfi_def_cfa_offset 24
 6284              		.cfi_offset 3, -24
 6285              		.cfi_offset 4, -20
 6286              		.cfi_offset 5, -16
 6287              		.cfi_offset 6, -12
 6288              		.cfi_offset 7, -8
 6289              		.cfi_offset 14, -4
 6290 0002 0646     		mov	r6, r0
 6291 0004 0F46     		mov	r7, r1
 6292 0006 1446     		mov	r4, r2
 6293 0008 1D46     		mov	r5, r3
4479:Middlewares/Third_Party/FreeRTOS/Source/tasks.c **** 
 6294              		.loc 1 4479 2 is_stmt 1 view .LVU1765
4481:Middlewares/Third_Party/FreeRTOS/Source/tasks.c **** 		{
 6295              		.loc 1 4481 3 view .LVU1766
ARM GAS  /tmp/ccZZCKwI.s 			page 231


 6296 000a FFF7FEFF 		bl	vPortEnterCritical
 6297              	.LVL428:
4484:Middlewares/Third_Party/FreeRTOS/Source/tasks.c **** 			{
 6298              		.loc 1 4484 4 view .LVU1767
4484:Middlewares/Third_Party/FreeRTOS/Source/tasks.c **** 			{
 6299              		.loc 1 4484 20 is_stmt 0 view .LVU1768
 6300 000e 214B     		ldr	r3, .L514
 6301 0010 1B68     		ldr	r3, [r3]
 6302 0012 93F85820 		ldrb	r2, [r3, #88]	@ zero_extendqisi2
 6303 0016 D2B2     		uxtb	r2, r2
4484:Middlewares/Third_Party/FreeRTOS/Source/tasks.c **** 			{
 6304              		.loc 1 4484 6 view .LVU1769
 6305 0018 022A     		cmp	r2, #2
 6306 001a 0AD0     		beq	.L507
4489:Middlewares/Third_Party/FreeRTOS/Source/tasks.c **** 
 6307              		.loc 1 4489 5 is_stmt 1 view .LVU1770
4489:Middlewares/Third_Party/FreeRTOS/Source/tasks.c **** 
 6308              		.loc 1 4489 17 is_stmt 0 view .LVU1771
 6309 001c 1D4A     		ldr	r2, .L514
 6310 001e 1168     		ldr	r1, [r2]
 6311 0020 4B6D     		ldr	r3, [r1, #84]
4489:Middlewares/Third_Party/FreeRTOS/Source/tasks.c **** 
 6312              		.loc 1 4489 35 view .LVU1772
 6313 0022 23EA0603 		bic	r3, r3, r6
 6314 0026 4B65     		str	r3, [r1, #84]
4492:Middlewares/Third_Party/FreeRTOS/Source/tasks.c **** 
 6315              		.loc 1 4492 5 is_stmt 1 view .LVU1773
4492:Middlewares/Third_Party/FreeRTOS/Source/tasks.c **** 
 6316              		.loc 1 4492 17 is_stmt 0 view .LVU1774
 6317 0028 1368     		ldr	r3, [r2]
4492:Middlewares/Third_Party/FreeRTOS/Source/tasks.c **** 
 6318              		.loc 1 4492 33 view .LVU1775
 6319 002a 0122     		movs	r2, #1
 6320 002c 83F85820 		strb	r2, [r3, #88]
4494:Middlewares/Third_Party/FreeRTOS/Source/tasks.c **** 				{
 6321              		.loc 1 4494 5 is_stmt 1 view .LVU1776
4494:Middlewares/Third_Party/FreeRTOS/Source/tasks.c **** 				{
 6322              		.loc 1 4494 7 is_stmt 0 view .LVU1777
 6323 0030 CDB9     		cbnz	r5, .L512
 6324              	.L507:
4512:Middlewares/Third_Party/FreeRTOS/Source/tasks.c **** 			}
 6325              		.loc 1 4512 29 is_stmt 1 view .LVU1778
4515:Middlewares/Third_Party/FreeRTOS/Source/tasks.c **** 
 6326              		.loc 1 4515 3 view .LVU1779
 6327 0032 FFF7FEFF 		bl	vPortExitCritical
 6328              	.LVL429:
4517:Middlewares/Third_Party/FreeRTOS/Source/tasks.c **** 		{
 6329              		.loc 1 4517 3 view .LVU1780
 6330 0036 FFF7FEFF 		bl	vPortEnterCritical
 6331              	.LVL430:
4519:Middlewares/Third_Party/FreeRTOS/Source/tasks.c **** 
 6332              		.loc 1 4519 27 view .LVU1781
4521:Middlewares/Third_Party/FreeRTOS/Source/tasks.c **** 			{
 6333              		.loc 1 4521 4 view .LVU1782
4521:Middlewares/Third_Party/FreeRTOS/Source/tasks.c **** 			{
 6334              		.loc 1 4521 6 is_stmt 0 view .LVU1783
 6335 003a 1CB1     		cbz	r4, .L508
ARM GAS  /tmp/ccZZCKwI.s 			page 232


4525:Middlewares/Third_Party/FreeRTOS/Source/tasks.c **** 			}
 6336              		.loc 1 4525 5 is_stmt 1 view .LVU1784
4525:Middlewares/Third_Party/FreeRTOS/Source/tasks.c **** 			}
 6337              		.loc 1 4525 41 is_stmt 0 view .LVU1785
 6338 003c 154B     		ldr	r3, .L514
 6339 003e 1B68     		ldr	r3, [r3]
 6340 0040 5B6D     		ldr	r3, [r3, #84]
4525:Middlewares/Third_Party/FreeRTOS/Source/tasks.c **** 			}
 6341              		.loc 1 4525 27 view .LVU1786
 6342 0042 2360     		str	r3, [r4]
 6343              	.L508:
4532:Middlewares/Third_Party/FreeRTOS/Source/tasks.c **** 			{
 6344              		.loc 1 4532 4 is_stmt 1 view .LVU1787
4532:Middlewares/Third_Party/FreeRTOS/Source/tasks.c **** 			{
 6345              		.loc 1 4532 20 is_stmt 0 view .LVU1788
 6346 0044 134B     		ldr	r3, .L514
 6347 0046 1B68     		ldr	r3, [r3]
 6348 0048 93F85830 		ldrb	r3, [r3, #88]	@ zero_extendqisi2
 6349 004c DBB2     		uxtb	r3, r3
4532:Middlewares/Third_Party/FreeRTOS/Source/tasks.c **** 			{
 6350              		.loc 1 4532 6 view .LVU1789
 6351 004e 022B     		cmp	r3, #2
 6352 0050 18D0     		beq	.L513
4535:Middlewares/Third_Party/FreeRTOS/Source/tasks.c **** 			}
 6353              		.loc 1 4535 13 view .LVU1790
 6354 0052 0024     		movs	r4, #0
 6355              	.LVL431:
 6356              	.L509:
4545:Middlewares/Third_Party/FreeRTOS/Source/tasks.c **** 		}
 6357              		.loc 1 4545 4 is_stmt 1 view .LVU1791
4545:Middlewares/Third_Party/FreeRTOS/Source/tasks.c **** 		}
 6358              		.loc 1 4545 16 is_stmt 0 view .LVU1792
 6359 0054 0F4B     		ldr	r3, .L514
 6360 0056 1B68     		ldr	r3, [r3]
4545:Middlewares/Third_Party/FreeRTOS/Source/tasks.c **** 		}
 6361              		.loc 1 4545 32 view .LVU1793
 6362 0058 0022     		movs	r2, #0
 6363 005a 83F85820 		strb	r2, [r3, #88]
4547:Middlewares/Third_Party/FreeRTOS/Source/tasks.c **** 
 6364              		.loc 1 4547 3 is_stmt 1 view .LVU1794
 6365 005e FFF7FEFF 		bl	vPortExitCritical
 6366              	.LVL432:
4549:Middlewares/Third_Party/FreeRTOS/Source/tasks.c **** 	}
 6367              		.loc 1 4549 3 view .LVU1795
4550:Middlewares/Third_Party/FreeRTOS/Source/tasks.c **** 
 6368              		.loc 1 4550 2 is_stmt 0 view .LVU1796
 6369 0062 2046     		mov	r0, r4
 6370 0064 F8BD     		pop	{r3, r4, r5, r6, r7, pc}
 6371              	.LVL433:
 6372              	.L512:
4496:Middlewares/Third_Party/FreeRTOS/Source/tasks.c **** 					traceTASK_NOTIFY_WAIT_BLOCK();
 6373              		.loc 1 4496 6 is_stmt 1 view .LVU1797
 6374 0066 1146     		mov	r1, r2
 6375 0068 2846     		mov	r0, r5
 6376 006a FFF7FEFF 		bl	prvAddCurrentTaskToDelayedList
 6377              	.LVL434:
4497:Middlewares/Third_Party/FreeRTOS/Source/tasks.c **** 
ARM GAS  /tmp/ccZZCKwI.s 			page 233


 6378              		.loc 1 4497 35 view .LVU1798
4503:Middlewares/Third_Party/FreeRTOS/Source/tasks.c **** 				}
 6379              		.loc 1 4503 6 view .LVU1799
 6380 006e 4FF0E023 		mov	r3, #-536813568
 6381 0072 4FF08052 		mov	r2, #268435456
 6382 0076 C3F8042D 		str	r2, [r3, #3332]
4503:Middlewares/Third_Party/FreeRTOS/Source/tasks.c **** 				}
 6383              		.loc 1 4503 6 view .LVU1800
 6384              		.syntax unified
 6385              	@ 4503 "Middlewares/Third_Party/FreeRTOS/Source/tasks.c" 1
 6386 007a BFF34F8F 		dsb
 6387              	@ 0 "" 2
4503:Middlewares/Third_Party/FreeRTOS/Source/tasks.c **** 				}
 6388              		.loc 1 4503 6 view .LVU1801
 6389              	@ 4503 "Middlewares/Third_Party/FreeRTOS/Source/tasks.c" 1
 6390 007e BFF36F8F 		isb
 6391              	@ 0 "" 2
4503:Middlewares/Third_Party/FreeRTOS/Source/tasks.c **** 				}
 6392              		.loc 1 4503 28 view .LVU1802
 6393              		.thumb
 6394              		.syntax unified
 6395 0082 D6E7     		b	.L507
 6396              	.L513:
4541:Middlewares/Third_Party/FreeRTOS/Source/tasks.c **** 				xReturn = pdTRUE;
 6397              		.loc 1 4541 5 view .LVU1803
4541:Middlewares/Third_Party/FreeRTOS/Source/tasks.c **** 				xReturn = pdTRUE;
 6398              		.loc 1 4541 17 is_stmt 0 view .LVU1804
 6399 0084 034B     		ldr	r3, .L514
 6400 0086 1A68     		ldr	r2, [r3]
 6401 0088 536D     		ldr	r3, [r2, #84]
4541:Middlewares/Third_Party/FreeRTOS/Source/tasks.c **** 				xReturn = pdTRUE;
 6402              		.loc 1 4541 35 view .LVU1805
 6403 008a 23EA0703 		bic	r3, r3, r7
 6404 008e 5365     		str	r3, [r2, #84]
4542:Middlewares/Third_Party/FreeRTOS/Source/tasks.c **** 			}
 6405              		.loc 1 4542 5 is_stmt 1 view .LVU1806
 6406              	.LVL435:
4542:Middlewares/Third_Party/FreeRTOS/Source/tasks.c **** 			}
 6407              		.loc 1 4542 13 is_stmt 0 view .LVU1807
 6408 0090 0124     		movs	r4, #1
 6409              	.LVL436:
4542:Middlewares/Third_Party/FreeRTOS/Source/tasks.c **** 			}
 6410              		.loc 1 4542 13 view .LVU1808
 6411 0092 DFE7     		b	.L509
 6412              	.L515:
 6413              		.align	2
 6414              	.L514:
 6415 0094 00000000 		.word	pxCurrentTCB
 6416              		.cfi_endproc
 6417              	.LFE58:
 6419              		.section	.text.xTaskGenericNotify,"ax",%progbits
 6420              		.align	1
 6421              		.global	xTaskGenericNotify
 6422              		.syntax unified
 6423              		.thumb
 6424              		.thumb_func
 6426              	xTaskGenericNotify:
ARM GAS  /tmp/ccZZCKwI.s 			page 234


 6427              	.LVL437:
 6428              	.LFB59:
4558:Middlewares/Third_Party/FreeRTOS/Source/tasks.c **** 	TCB_t * pxTCB;
 6429              		.loc 1 4558 2 is_stmt 1 view -0
 6430              		.cfi_startproc
 6431              		@ args = 0, pretend = 0, frame = 0
 6432              		@ frame_needed = 0, uses_anonymous_args = 0
4558:Middlewares/Third_Party/FreeRTOS/Source/tasks.c **** 	TCB_t * pxTCB;
 6433              		.loc 1 4558 2 is_stmt 0 view .LVU1810
 6434 0000 F8B5     		push	{r3, r4, r5, r6, r7, lr}
 6435              	.LCFI57:
 6436              		.cfi_def_cfa_offset 24
 6437              		.cfi_offset 3, -24
 6438              		.cfi_offset 4, -20
 6439              		.cfi_offset 5, -16
 6440              		.cfi_offset 6, -12
 6441              		.cfi_offset 7, -8
 6442              		.cfi_offset 14, -4
4559:Middlewares/Third_Party/FreeRTOS/Source/tasks.c **** 	BaseType_t xReturn = pdPASS;
 6443              		.loc 1 4559 2 is_stmt 1 view .LVU1811
4560:Middlewares/Third_Party/FreeRTOS/Source/tasks.c **** 	uint8_t ucOriginalNotifyState;
 6444              		.loc 1 4560 2 view .LVU1812
 6445              	.LVL438:
4561:Middlewares/Third_Party/FreeRTOS/Source/tasks.c **** 
 6446              		.loc 1 4561 2 view .LVU1813
4563:Middlewares/Third_Party/FreeRTOS/Source/tasks.c **** 		pxTCB = ( TCB_t * ) xTaskToNotify;
 6447              		.loc 1 4563 3 view .LVU1814
 6448 0002 A8B1     		cbz	r0, .L535
 6449 0004 0E46     		mov	r6, r1
 6450 0006 1746     		mov	r7, r2
 6451 0008 1C46     		mov	r4, r3
 6452 000a 0546     		mov	r5, r0
4563:Middlewares/Third_Party/FreeRTOS/Source/tasks.c **** 		pxTCB = ( TCB_t * ) xTaskToNotify;
 6453              		.loc 1 4563 32 discriminator 2 view .LVU1815
4564:Middlewares/Third_Party/FreeRTOS/Source/tasks.c **** 
 6454              		.loc 1 4564 3 view .LVU1816
 6455              	.LVL439:
4566:Middlewares/Third_Party/FreeRTOS/Source/tasks.c **** 		{
 6456              		.loc 1 4566 3 view .LVU1817
 6457 000c FFF7FEFF 		bl	vPortEnterCritical
 6458              	.LVL440:
4568:Middlewares/Third_Party/FreeRTOS/Source/tasks.c **** 			{
 6459              		.loc 1 4568 4 view .LVU1818
4568:Middlewares/Third_Party/FreeRTOS/Source/tasks.c **** 			{
 6460              		.loc 1 4568 6 is_stmt 0 view .LVU1819
 6461 0010 0CB1     		cbz	r4, .L519
4570:Middlewares/Third_Party/FreeRTOS/Source/tasks.c **** 			}
 6462              		.loc 1 4570 5 is_stmt 1 view .LVU1820
4570:Middlewares/Third_Party/FreeRTOS/Source/tasks.c **** 			}
 6463              		.loc 1 4570 42 is_stmt 0 view .LVU1821
 6464 0012 6B6D     		ldr	r3, [r5, #84]
4570:Middlewares/Third_Party/FreeRTOS/Source/tasks.c **** 			}
 6465              		.loc 1 4570 35 view .LVU1822
 6466 0014 2360     		str	r3, [r4]
 6467              	.L519:
4573:Middlewares/Third_Party/FreeRTOS/Source/tasks.c **** 
 6468              		.loc 1 4573 4 is_stmt 1 view .LVU1823
ARM GAS  /tmp/ccZZCKwI.s 			page 235


4573:Middlewares/Third_Party/FreeRTOS/Source/tasks.c **** 
 6469              		.loc 1 4573 26 is_stmt 0 view .LVU1824
 6470 0016 95F85830 		ldrb	r3, [r5, #88]	@ zero_extendqisi2
 6471 001a DBB2     		uxtb	r3, r3
 6472              	.LVL441:
4575:Middlewares/Third_Party/FreeRTOS/Source/tasks.c **** 
 6473              		.loc 1 4575 4 is_stmt 1 view .LVU1825
4575:Middlewares/Third_Party/FreeRTOS/Source/tasks.c **** 
 6474              		.loc 1 4575 25 is_stmt 0 view .LVU1826
 6475 001c 0222     		movs	r2, #2
 6476 001e 85F85820 		strb	r2, [r5, #88]
4577:Middlewares/Third_Party/FreeRTOS/Source/tasks.c **** 			{
 6477              		.loc 1 4577 4 is_stmt 1 view .LVU1827
 6478 0022 7A1E     		subs	r2, r7, #1
 6479 0024 032A     		cmp	r2, #3
 6480 0026 0FD8     		bhi	.L520
 6481 0028 DFE802F0 		tbb	[pc, r2]
 6482              	.L522:
 6483 002c 0B       		.byte	(.L525-.L522)/2
 6484 002d 15       		.byte	(.L524-.L522)/2
 6485 002e 19       		.byte	(.L523-.L522)/2
 6486 002f 1B       		.byte	(.L521-.L522)/2
 6487              	.LVL442:
 6488              		.p2align 1
 6489              	.L535:
4563:Middlewares/Third_Party/FreeRTOS/Source/tasks.c **** 		pxTCB = ( TCB_t * ) xTaskToNotify;
 6490              		.loc 1 4563 3 discriminator 1 view .LVU1828
 6491              	.LBB221:
 6492              	.LBI221:
 191:Middlewares/Third_Party/FreeRTOS/Source/portable/GCC/ARM_CM4F/portmacro.h **** {
 6493              		.loc 2 191 30 view .LVU1829
 6494              	.LBB222:
 193:Middlewares/Third_Party/FreeRTOS/Source/portable/GCC/ARM_CM4F/portmacro.h **** 
 6495              		.loc 2 193 1 view .LVU1830
 195:Middlewares/Third_Party/FreeRTOS/Source/portable/GCC/ARM_CM4F/portmacro.h **** 	(
 6496              		.loc 2 195 2 view .LVU1831
 6497              		.syntax unified
 6498              	@ 195 "Middlewares/Third_Party/FreeRTOS/Source/portable/GCC/ARM_CM4F/portmacro.h" 1
 6499 0030 4FF05003 			mov r3, #80												
 6500 0034 83F31188 		msr basepri, r3											
 6501 0038 BFF36F8F 		isb														
 6502 003c BFF34F8F 		dsb														
 6503              	
 6504              	@ 0 "" 2
 6505              	.LVL443:
 6506              		.thumb
 6507              		.syntax unified
 6508              	.L518:
 195:Middlewares/Third_Party/FreeRTOS/Source/portable/GCC/ARM_CM4F/portmacro.h **** 	(
 6509              		.loc 2 195 2 is_stmt 0 view .LVU1832
 6510              	.LBE222:
 6511              	.LBE221:
4563:Middlewares/Third_Party/FreeRTOS/Source/tasks.c **** 		pxTCB = ( TCB_t * ) xTaskToNotify;
 6512              		.loc 1 4563 3 is_stmt 1 discriminator 3 view .LVU1833
4563:Middlewares/Third_Party/FreeRTOS/Source/tasks.c **** 		pxTCB = ( TCB_t * ) xTaskToNotify;
 6513              		.loc 1 4563 3 discriminator 3 view .LVU1834
 6514 0040 FEE7     		b	.L518
ARM GAS  /tmp/ccZZCKwI.s 			page 236


 6515              	.LVL444:
 6516              	.L525:
4580:Middlewares/Third_Party/FreeRTOS/Source/tasks.c **** 					break;
 6517              		.loc 1 4580 6 view .LVU1835
4580:Middlewares/Third_Party/FreeRTOS/Source/tasks.c **** 					break;
 6518              		.loc 1 4580 11 is_stmt 0 view .LVU1836
 6519 0042 6A6D     		ldr	r2, [r5, #84]
4580:Middlewares/Third_Party/FreeRTOS/Source/tasks.c **** 					break;
 6520              		.loc 1 4580 29 view .LVU1837
 6521 0044 3243     		orrs	r2, r2, r6
 6522 0046 6A65     		str	r2, [r5, #84]
4581:Middlewares/Third_Party/FreeRTOS/Source/tasks.c **** 
 6523              		.loc 1 4581 6 is_stmt 1 view .LVU1838
 6524              	.L520:
4609:Middlewares/Third_Party/FreeRTOS/Source/tasks.c **** 
 6525              		.loc 1 4609 22 view .LVU1839
4613:Middlewares/Third_Party/FreeRTOS/Source/tasks.c **** 			{
 6526              		.loc 1 4613 4 view .LVU1840
4613:Middlewares/Third_Party/FreeRTOS/Source/tasks.c **** 			{
 6527              		.loc 1 4613 6 is_stmt 0 view .LVU1841
 6528 0048 012B     		cmp	r3, #1
 6529 004a 0ED0     		beq	.L536
 6530 004c 0124     		movs	r4, #1
 6531              	.LVL445:
 6532              	.L526:
4650:Middlewares/Third_Party/FreeRTOS/Source/tasks.c **** 			}
 6533              		.loc 1 4650 29 is_stmt 1 view .LVU1842
4653:Middlewares/Third_Party/FreeRTOS/Source/tasks.c **** 
 6534              		.loc 1 4653 3 view .LVU1843
 6535 004e FFF7FEFF 		bl	vPortExitCritical
 6536              	.LVL446:
4655:Middlewares/Third_Party/FreeRTOS/Source/tasks.c **** 	}
 6537              		.loc 1 4655 3 view .LVU1844
4656:Middlewares/Third_Party/FreeRTOS/Source/tasks.c **** 
 6538              		.loc 1 4656 2 is_stmt 0 view .LVU1845
 6539 0052 2046     		mov	r0, r4
 6540 0054 F8BD     		pop	{r3, r4, r5, r6, r7, pc}
 6541              	.LVL447:
 6542              	.L524:
4584:Middlewares/Third_Party/FreeRTOS/Source/tasks.c **** 					break;
 6543              		.loc 1 4584 6 is_stmt 1 view .LVU1846
4584:Middlewares/Third_Party/FreeRTOS/Source/tasks.c **** 					break;
 6544              		.loc 1 4584 13 is_stmt 0 view .LVU1847
 6545 0056 6A6D     		ldr	r2, [r5, #84]
4584:Middlewares/Third_Party/FreeRTOS/Source/tasks.c **** 					break;
 6546              		.loc 1 4584 32 view .LVU1848
 6547 0058 0132     		adds	r2, r2, #1
 6548 005a 6A65     		str	r2, [r5, #84]
4585:Middlewares/Third_Party/FreeRTOS/Source/tasks.c **** 
 6549              		.loc 1 4585 6 is_stmt 1 view .LVU1849
 6550 005c F4E7     		b	.L520
 6551              	.L523:
4588:Middlewares/Third_Party/FreeRTOS/Source/tasks.c **** 					break;
 6552              		.loc 1 4588 6 view .LVU1850
4588:Middlewares/Third_Party/FreeRTOS/Source/tasks.c **** 					break;
 6553              		.loc 1 4588 29 is_stmt 0 view .LVU1851
 6554 005e 6E65     		str	r6, [r5, #84]
ARM GAS  /tmp/ccZZCKwI.s 			page 237


4589:Middlewares/Third_Party/FreeRTOS/Source/tasks.c **** 
 6555              		.loc 1 4589 6 is_stmt 1 view .LVU1852
 6556 0060 F2E7     		b	.L520
 6557              	.L521:
4592:Middlewares/Third_Party/FreeRTOS/Source/tasks.c **** 					{
 6558              		.loc 1 4592 6 view .LVU1853
4592:Middlewares/Third_Party/FreeRTOS/Source/tasks.c **** 					{
 6559              		.loc 1 4592 8 is_stmt 0 view .LVU1854
 6560 0062 022B     		cmp	r3, #2
 6561 0064 31D0     		beq	.L530
4594:Middlewares/Third_Party/FreeRTOS/Source/tasks.c **** 					}
 6562              		.loc 1 4594 7 is_stmt 1 view .LVU1855
4594:Middlewares/Third_Party/FreeRTOS/Source/tasks.c **** 					}
 6563              		.loc 1 4594 30 is_stmt 0 view .LVU1856
 6564 0066 6E65     		str	r6, [r5, #84]
 6565 0068 EEE7     		b	.L520
 6566              	.L536:
4615:Middlewares/Third_Party/FreeRTOS/Source/tasks.c **** 				prvAddTaskToReadyList( pxTCB );
 6567              		.loc 1 4615 5 is_stmt 1 view .LVU1857
4615:Middlewares/Third_Party/FreeRTOS/Source/tasks.c **** 				prvAddTaskToReadyList( pxTCB );
 6568              		.loc 1 4615 14 is_stmt 0 view .LVU1858
 6569 006a 2C1D     		adds	r4, r5, #4
 6570              	.LVL448:
4615:Middlewares/Third_Party/FreeRTOS/Source/tasks.c **** 				prvAddTaskToReadyList( pxTCB );
 6571              		.loc 1 4615 14 view .LVU1859
 6572 006c 2046     		mov	r0, r4
 6573 006e FFF7FEFF 		bl	uxListRemove
 6574              	.LVL449:
4616:Middlewares/Third_Party/FreeRTOS/Source/tasks.c **** 
 6575              		.loc 1 4616 5 is_stmt 1 view .LVU1860
4616:Middlewares/Third_Party/FreeRTOS/Source/tasks.c **** 
 6576              		.loc 1 4616 5 view .LVU1861
 6577 0072 E86A     		ldr	r0, [r5, #44]
 6578 0074 174B     		ldr	r3, .L537
 6579 0076 1B68     		ldr	r3, [r3]
 6580 0078 9842     		cmp	r0, r3
 6581 007a 01D9     		bls	.L527
4616:Middlewares/Third_Party/FreeRTOS/Source/tasks.c **** 
 6582              		.loc 1 4616 5 discriminator 1 view .LVU1862
 6583 007c 154B     		ldr	r3, .L537
 6584 007e 1860     		str	r0, [r3]
 6585              	.L527:
4616:Middlewares/Third_Party/FreeRTOS/Source/tasks.c **** 
 6586              		.loc 1 4616 5 discriminator 3 view .LVU1863
4616:Middlewares/Third_Party/FreeRTOS/Source/tasks.c **** 
 6587              		.loc 1 4616 5 discriminator 3 view .LVU1864
 6588 0080 00EB8000 		add	r0, r0, r0, lsl #2
 6589 0084 2146     		mov	r1, r4
 6590 0086 144B     		ldr	r3, .L537+4
 6591 0088 03EB8000 		add	r0, r3, r0, lsl #2
 6592 008c FFF7FEFF 		bl	vListInsertEnd
 6593              	.LVL450:
4616:Middlewares/Third_Party/FreeRTOS/Source/tasks.c **** 
 6594              		.loc 1 4616 35 discriminator 1 view .LVU1865
4619:Middlewares/Third_Party/FreeRTOS/Source/tasks.c **** 
 6595              		.loc 1 4619 5 view .LVU1866
 6596 0090 AB6A     		ldr	r3, [r5, #40]
ARM GAS  /tmp/ccZZCKwI.s 			page 238


 6597 0092 43B1     		cbz	r3, .L528
4619:Middlewares/Third_Party/FreeRTOS/Source/tasks.c **** 
 6598              		.loc 1 4619 5 discriminator 1 view .LVU1867
 6599              	.LBB223:
 6600              	.LBI223:
 191:Middlewares/Third_Party/FreeRTOS/Source/portable/GCC/ARM_CM4F/portmacro.h **** {
 6601              		.loc 2 191 30 view .LVU1868
 6602              	.LBB224:
 193:Middlewares/Third_Party/FreeRTOS/Source/portable/GCC/ARM_CM4F/portmacro.h **** 
 6603              		.loc 2 193 1 view .LVU1869
 195:Middlewares/Third_Party/FreeRTOS/Source/portable/GCC/ARM_CM4F/portmacro.h **** 	(
 6604              		.loc 2 195 2 view .LVU1870
 6605              		.syntax unified
 6606              	@ 195 "Middlewares/Third_Party/FreeRTOS/Source/portable/GCC/ARM_CM4F/portmacro.h" 1
 6607 0094 4FF05003 			mov r3, #80												
 6608 0098 83F31188 		msr basepri, r3											
 6609 009c BFF36F8F 		isb														
 6610 00a0 BFF34F8F 		dsb														
 6611              	
 6612              	@ 0 "" 2
 6613              		.thumb
 6614              		.syntax unified
 6615              	.L529:
 6616              	.LBE224:
 6617              	.LBE223:
4619:Middlewares/Third_Party/FreeRTOS/Source/tasks.c **** 
 6618              		.loc 1 4619 5 discriminator 3 view .LVU1871
4619:Middlewares/Third_Party/FreeRTOS/Source/tasks.c **** 
 6619              		.loc 1 4619 5 discriminator 3 view .LVU1872
 6620 00a4 FEE7     		b	.L529
 6621              	.L528:
4619:Middlewares/Third_Party/FreeRTOS/Source/tasks.c **** 
 6622              		.loc 1 4619 82 discriminator 2 view .LVU1873
4637:Middlewares/Third_Party/FreeRTOS/Source/tasks.c **** 				{
 6623              		.loc 1 4637 5 view .LVU1874
4637:Middlewares/Third_Party/FreeRTOS/Source/tasks.c **** 				{
 6624              		.loc 1 4637 14 is_stmt 0 view .LVU1875
 6625 00a6 EA6A     		ldr	r2, [r5, #44]
4637:Middlewares/Third_Party/FreeRTOS/Source/tasks.c **** 				{
 6626              		.loc 1 4637 41 view .LVU1876
 6627 00a8 0C4B     		ldr	r3, .L537+8
 6628 00aa 1B68     		ldr	r3, [r3]
 6629 00ac DB6A     		ldr	r3, [r3, #44]
4637:Middlewares/Third_Party/FreeRTOS/Source/tasks.c **** 				{
 6630              		.loc 1 4637 7 view .LVU1877
 6631 00ae 9A42     		cmp	r2, r3
 6632 00b0 0DD9     		bls	.L532
4641:Middlewares/Third_Party/FreeRTOS/Source/tasks.c **** 				}
 6633              		.loc 1 4641 6 is_stmt 1 view .LVU1878
 6634 00b2 4FF0E023 		mov	r3, #-536813568
 6635 00b6 4FF08052 		mov	r2, #268435456
 6636 00ba C3F8042D 		str	r2, [r3, #3332]
4641:Middlewares/Third_Party/FreeRTOS/Source/tasks.c **** 				}
 6637              		.loc 1 4641 6 view .LVU1879
 6638              		.syntax unified
 6639              	@ 4641 "Middlewares/Third_Party/FreeRTOS/Source/tasks.c" 1
 6640 00be BFF34F8F 		dsb
ARM GAS  /tmp/ccZZCKwI.s 			page 239


 6641              	@ 0 "" 2
4641:Middlewares/Third_Party/FreeRTOS/Source/tasks.c **** 				}
 6642              		.loc 1 4641 6 view .LVU1880
 6643              	@ 4641 "Middlewares/Third_Party/FreeRTOS/Source/tasks.c" 1
 6644 00c2 BFF36F8F 		isb
 6645              	@ 0 "" 2
4641:Middlewares/Third_Party/FreeRTOS/Source/tasks.c **** 				}
 6646              		.loc 1 4641 37 view .LVU1881
 6647              		.thumb
 6648              		.syntax unified
 6649 00c6 0124     		movs	r4, #1
 6650 00c8 C1E7     		b	.L526
 6651              	.LVL451:
 6652              	.L530:
4599:Middlewares/Third_Party/FreeRTOS/Source/tasks.c **** 					}
 6653              		.loc 1 4599 15 is_stmt 0 view .LVU1882
 6654 00ca 0024     		movs	r4, #0
 6655              	.LVL452:
4599:Middlewares/Third_Party/FreeRTOS/Source/tasks.c **** 					}
 6656              		.loc 1 4599 15 view .LVU1883
 6657 00cc BFE7     		b	.L526
 6658              	.LVL453:
 6659              	.L532:
4599:Middlewares/Third_Party/FreeRTOS/Source/tasks.c **** 					}
 6660              		.loc 1 4599 15 view .LVU1884
 6661 00ce 0124     		movs	r4, #1
 6662 00d0 BDE7     		b	.L526
 6663              	.L538:
 6664 00d2 00BF     		.align	2
 6665              	.L537:
 6666 00d4 00000000 		.word	uxTopReadyPriority
 6667 00d8 00000000 		.word	pxReadyTasksLists
 6668 00dc 00000000 		.word	pxCurrentTCB
 6669              		.cfi_endproc
 6670              	.LFE59:
 6672              		.section	.text.xTaskGenericNotifyFromISR,"ax",%progbits
 6673              		.align	1
 6674              		.global	xTaskGenericNotifyFromISR
 6675              		.syntax unified
 6676              		.thumb
 6677              		.thumb_func
 6679              	xTaskGenericNotifyFromISR:
 6680              	.LVL454:
 6681              	.LFB60:
4664:Middlewares/Third_Party/FreeRTOS/Source/tasks.c **** 	TCB_t * pxTCB;
 6682              		.loc 1 4664 2 is_stmt 1 view -0
 6683              		.cfi_startproc
 6684              		@ args = 4, pretend = 0, frame = 0
 6685              		@ frame_needed = 0, uses_anonymous_args = 0
4665:Middlewares/Third_Party/FreeRTOS/Source/tasks.c **** 	uint8_t ucOriginalNotifyState;
 6686              		.loc 1 4665 2 view .LVU1886
4666:Middlewares/Third_Party/FreeRTOS/Source/tasks.c **** 	BaseType_t xReturn = pdPASS;
 6687              		.loc 1 4666 2 view .LVU1887
4667:Middlewares/Third_Party/FreeRTOS/Source/tasks.c **** 	UBaseType_t uxSavedInterruptStatus;
 6688              		.loc 1 4667 2 view .LVU1888
4668:Middlewares/Third_Party/FreeRTOS/Source/tasks.c **** 
 6689              		.loc 1 4668 2 view .LVU1889
ARM GAS  /tmp/ccZZCKwI.s 			page 240


4670:Middlewares/Third_Party/FreeRTOS/Source/tasks.c **** 
 6690              		.loc 1 4670 3 view .LVU1890
 6691 0000 08B3     		cbz	r0, .L562
4664:Middlewares/Third_Party/FreeRTOS/Source/tasks.c **** 	TCB_t * pxTCB;
 6692              		.loc 1 4664 2 is_stmt 0 view .LVU1891
 6693 0002 2DE9F041 		push	{r4, r5, r6, r7, r8, lr}
 6694              	.LCFI58:
 6695              		.cfi_def_cfa_offset 24
 6696              		.cfi_offset 4, -24
 6697              		.cfi_offset 5, -20
 6698              		.cfi_offset 6, -16
 6699              		.cfi_offset 7, -12
 6700              		.cfi_offset 8, -8
 6701              		.cfi_offset 14, -4
 6702 0006 0E46     		mov	r6, r1
 6703 0008 1746     		mov	r7, r2
 6704 000a 1C46     		mov	r4, r3
 6705 000c 0546     		mov	r5, r0
4670:Middlewares/Third_Party/FreeRTOS/Source/tasks.c **** 
 6706              		.loc 1 4670 32 is_stmt 1 discriminator 2 view .LVU1892
4688:Middlewares/Third_Party/FreeRTOS/Source/tasks.c **** 
 6707              		.loc 1 4688 3 view .LVU1893
 6708 000e FFF7FEFF 		bl	vPortValidateInterruptPriority
 6709              	.LVL455:
4690:Middlewares/Third_Party/FreeRTOS/Source/tasks.c **** 
 6710              		.loc 1 4690 3 view .LVU1894
4692:Middlewares/Third_Party/FreeRTOS/Source/tasks.c **** 		{
 6711              		.loc 1 4692 3 view .LVU1895
 6712              	.LBB225:
 6713              	.LBI225:
 207:Middlewares/Third_Party/FreeRTOS/Source/portable/GCC/ARM_CM4F/portmacro.h **** {
 6714              		.loc 2 207 34 view .LVU1896
 6715              	.LBB226:
 209:Middlewares/Third_Party/FreeRTOS/Source/portable/GCC/ARM_CM4F/portmacro.h **** 
 6716              		.loc 2 209 1 view .LVU1897
 211:Middlewares/Third_Party/FreeRTOS/Source/portable/GCC/ARM_CM4F/portmacro.h **** 	(
 6717              		.loc 2 211 2 view .LVU1898
 6718              		.syntax unified
 6719              	@ 211 "Middlewares/Third_Party/FreeRTOS/Source/portable/GCC/ARM_CM4F/portmacro.h" 1
 6720 0012 EFF31188 			mrs r8, basepri											
 6721 0016 4FF05003 		mov r3, #80												
 6722 001a 83F31188 		msr basepri, r3											
 6723 001e BFF36F8F 		isb														
 6724 0022 BFF34F8F 		dsb														
 6725              	
 6726              	@ 0 "" 2
 6727              	.LVL456:
 223:Middlewares/Third_Party/FreeRTOS/Source/portable/GCC/ARM_CM4F/portmacro.h **** }
 6728              		.loc 2 223 2 view .LVU1899
 223:Middlewares/Third_Party/FreeRTOS/Source/portable/GCC/ARM_CM4F/portmacro.h **** }
 6729              		.loc 2 223 2 is_stmt 0 view .LVU1900
 6730              		.thumb
 6731              		.syntax unified
 6732              	.LBE226:
 6733              	.LBE225:
4694:Middlewares/Third_Party/FreeRTOS/Source/tasks.c **** 			{
 6734              		.loc 1 4694 4 is_stmt 1 view .LVU1901
ARM GAS  /tmp/ccZZCKwI.s 			page 241


4694:Middlewares/Third_Party/FreeRTOS/Source/tasks.c **** 			{
 6735              		.loc 1 4694 6 is_stmt 0 view .LVU1902
 6736 0026 0CB1     		cbz	r4, .L542
4696:Middlewares/Third_Party/FreeRTOS/Source/tasks.c **** 			}
 6737              		.loc 1 4696 5 is_stmt 1 view .LVU1903
4696:Middlewares/Third_Party/FreeRTOS/Source/tasks.c **** 			}
 6738              		.loc 1 4696 42 is_stmt 0 view .LVU1904
 6739 0028 6B6D     		ldr	r3, [r5, #84]
4696:Middlewares/Third_Party/FreeRTOS/Source/tasks.c **** 			}
 6740              		.loc 1 4696 35 view .LVU1905
 6741 002a 2360     		str	r3, [r4]
 6742              	.L542:
4699:Middlewares/Third_Party/FreeRTOS/Source/tasks.c **** 			pxTCB->ucNotifyState = taskNOTIFICATION_RECEIVED;
 6743              		.loc 1 4699 4 is_stmt 1 view .LVU1906
4699:Middlewares/Third_Party/FreeRTOS/Source/tasks.c **** 			pxTCB->ucNotifyState = taskNOTIFICATION_RECEIVED;
 6744              		.loc 1 4699 26 is_stmt 0 view .LVU1907
 6745 002c 95F85830 		ldrb	r3, [r5, #88]	@ zero_extendqisi2
 6746 0030 DBB2     		uxtb	r3, r3
 6747              	.LVL457:
4700:Middlewares/Third_Party/FreeRTOS/Source/tasks.c **** 
 6748              		.loc 1 4700 4 is_stmt 1 view .LVU1908
4700:Middlewares/Third_Party/FreeRTOS/Source/tasks.c **** 
 6749              		.loc 1 4700 25 is_stmt 0 view .LVU1909
 6750 0032 0222     		movs	r2, #2
 6751 0034 85F85820 		strb	r2, [r5, #88]
4702:Middlewares/Third_Party/FreeRTOS/Source/tasks.c **** 			{
 6752              		.loc 1 4702 4 is_stmt 1 view .LVU1910
 6753 0038 7A1E     		subs	r2, r7, #1
 6754 003a 032A     		cmp	r2, #3
 6755 003c 0FD8     		bhi	.L543
 6756 003e DFE802F0 		tbb	[pc, r2]
 6757              	.L545:
 6758 0042 0B       		.byte	(.L548-.L545)/2
 6759 0043 15       		.byte	(.L547-.L545)/2
 6760 0044 19       		.byte	(.L546-.L545)/2
 6761 0045 1B       		.byte	(.L544-.L545)/2
 6762              	.LVL458:
 6763              		.p2align 1
 6764              	.L562:
 6765              	.LCFI59:
 6766              		.cfi_def_cfa_offset 0
 6767              		.cfi_restore 4
 6768              		.cfi_restore 5
 6769              		.cfi_restore 6
 6770              		.cfi_restore 7
 6771              		.cfi_restore 8
 6772              		.cfi_restore 14
4670:Middlewares/Third_Party/FreeRTOS/Source/tasks.c **** 
 6773              		.loc 1 4670 3 discriminator 1 view .LVU1911
 6774              	.LBB227:
 6775              	.LBI227:
 191:Middlewares/Third_Party/FreeRTOS/Source/portable/GCC/ARM_CM4F/portmacro.h **** {
 6776              		.loc 2 191 30 view .LVU1912
 6777              	.LBB228:
 193:Middlewares/Third_Party/FreeRTOS/Source/portable/GCC/ARM_CM4F/portmacro.h **** 
 6778              		.loc 2 193 1 view .LVU1913
 195:Middlewares/Third_Party/FreeRTOS/Source/portable/GCC/ARM_CM4F/portmacro.h **** 	(
ARM GAS  /tmp/ccZZCKwI.s 			page 242


 6779              		.loc 2 195 2 view .LVU1914
 6780              		.syntax unified
 6781              	@ 195 "Middlewares/Third_Party/FreeRTOS/Source/portable/GCC/ARM_CM4F/portmacro.h" 1
 6782 0046 4FF05003 			mov r3, #80												
 6783 004a 83F31188 		msr basepri, r3											
 6784 004e BFF36F8F 		isb														
 6785 0052 BFF34F8F 		dsb														
 6786              	
 6787              	@ 0 "" 2
 6788              	.LVL459:
 6789              		.thumb
 6790              		.syntax unified
 6791              	.L541:
 195:Middlewares/Third_Party/FreeRTOS/Source/portable/GCC/ARM_CM4F/portmacro.h **** 	(
 6792              		.loc 2 195 2 is_stmt 0 view .LVU1915
 6793              	.LBE228:
 6794              	.LBE227:
4670:Middlewares/Third_Party/FreeRTOS/Source/tasks.c **** 
 6795              		.loc 1 4670 3 is_stmt 1 discriminator 3 view .LVU1916
4670:Middlewares/Third_Party/FreeRTOS/Source/tasks.c **** 
 6796              		.loc 1 4670 3 discriminator 3 view .LVU1917
 6797 0056 FEE7     		b	.L541
 6798              	.LVL460:
 6799              	.L548:
 6800              	.LCFI60:
 6801              		.cfi_def_cfa_offset 24
 6802              		.cfi_offset 4, -24
 6803              		.cfi_offset 5, -20
 6804              		.cfi_offset 6, -16
 6805              		.cfi_offset 7, -12
 6806              		.cfi_offset 8, -8
 6807              		.cfi_offset 14, -4
4705:Middlewares/Third_Party/FreeRTOS/Source/tasks.c **** 					break;
 6808              		.loc 1 4705 6 view .LVU1918
4705:Middlewares/Third_Party/FreeRTOS/Source/tasks.c **** 					break;
 6809              		.loc 1 4705 11 is_stmt 0 view .LVU1919
 6810 0058 6A6D     		ldr	r2, [r5, #84]
4705:Middlewares/Third_Party/FreeRTOS/Source/tasks.c **** 					break;
 6811              		.loc 1 4705 29 view .LVU1920
 6812 005a 3243     		orrs	r2, r2, r6
 6813 005c 6A65     		str	r2, [r5, #84]
4706:Middlewares/Third_Party/FreeRTOS/Source/tasks.c **** 
 6814              		.loc 1 4706 6 is_stmt 1 view .LVU1921
 6815              	.L543:
4734:Middlewares/Third_Party/FreeRTOS/Source/tasks.c **** 
 6816              		.loc 1 4734 31 view .LVU1922
4738:Middlewares/Third_Party/FreeRTOS/Source/tasks.c **** 			{
 6817              		.loc 1 4738 4 view .LVU1923
4738:Middlewares/Third_Party/FreeRTOS/Source/tasks.c **** 			{
 6818              		.loc 1 4738 6 is_stmt 0 view .LVU1924
 6819 005e 012B     		cmp	r3, #1
 6820 0060 0ED0     		beq	.L563
 6821 0062 0120     		movs	r0, #1
 6822              	.LVL461:
 6823              	.L549:
4773:Middlewares/Third_Party/FreeRTOS/Source/tasks.c **** 				}
 6824              		.loc 1 4773 30 is_stmt 1 view .LVU1925
ARM GAS  /tmp/ccZZCKwI.s 			page 243


4777:Middlewares/Third_Party/FreeRTOS/Source/tasks.c **** 
 6825              		.loc 1 4777 3 view .LVU1926
 6826              	.LBB229:
 6827              	.LBI229:
 227:Middlewares/Third_Party/FreeRTOS/Source/portable/GCC/ARM_CM4F/portmacro.h **** {
 6828              		.loc 2 227 30 view .LVU1927
 6829              	.LBB230:
 6830              		.loc 2 229 2 view .LVU1928
 6831              		.syntax unified
 6832              	@ 229 "Middlewares/Third_Party/FreeRTOS/Source/portable/GCC/ARM_CM4F/portmacro.h" 1
 6833 0064 88F31188 			msr basepri, r8	
 6834              	@ 0 "" 2
 6835              		.thumb
 6836              		.syntax unified
 6837              	.LBE230:
 6838              	.LBE229:
4779:Middlewares/Third_Party/FreeRTOS/Source/tasks.c **** 	}
 6839              		.loc 1 4779 3 view .LVU1929
4780:Middlewares/Third_Party/FreeRTOS/Source/tasks.c **** 
 6840              		.loc 1 4780 2 is_stmt 0 view .LVU1930
 6841 0068 BDE8F081 		pop	{r4, r5, r6, r7, r8, pc}
 6842              	.LVL462:
 6843              	.L547:
4709:Middlewares/Third_Party/FreeRTOS/Source/tasks.c **** 					break;
 6844              		.loc 1 4709 6 is_stmt 1 view .LVU1931
4709:Middlewares/Third_Party/FreeRTOS/Source/tasks.c **** 					break;
 6845              		.loc 1 4709 13 is_stmt 0 view .LVU1932
 6846 006c 6A6D     		ldr	r2, [r5, #84]
4709:Middlewares/Third_Party/FreeRTOS/Source/tasks.c **** 					break;
 6847              		.loc 1 4709 32 view .LVU1933
 6848 006e 0132     		adds	r2, r2, #1
 6849 0070 6A65     		str	r2, [r5, #84]
4710:Middlewares/Third_Party/FreeRTOS/Source/tasks.c **** 
 6850              		.loc 1 4710 6 is_stmt 1 view .LVU1934
 6851 0072 F4E7     		b	.L543
 6852              	.L546:
4713:Middlewares/Third_Party/FreeRTOS/Source/tasks.c **** 					break;
 6853              		.loc 1 4713 6 view .LVU1935
4713:Middlewares/Third_Party/FreeRTOS/Source/tasks.c **** 					break;
 6854              		.loc 1 4713 29 is_stmt 0 view .LVU1936
 6855 0074 6E65     		str	r6, [r5, #84]
4714:Middlewares/Third_Party/FreeRTOS/Source/tasks.c **** 
 6856              		.loc 1 4714 6 is_stmt 1 view .LVU1937
 6857 0076 F2E7     		b	.L543
 6858              	.L544:
4717:Middlewares/Third_Party/FreeRTOS/Source/tasks.c **** 					{
 6859              		.loc 1 4717 6 view .LVU1938
4717:Middlewares/Third_Party/FreeRTOS/Source/tasks.c **** 					{
 6860              		.loc 1 4717 8 is_stmt 0 view .LVU1939
 6861 0078 022B     		cmp	r3, #2
 6862 007a 37D0     		beq	.L556
4719:Middlewares/Third_Party/FreeRTOS/Source/tasks.c **** 					}
 6863              		.loc 1 4719 7 is_stmt 1 view .LVU1940
4719:Middlewares/Third_Party/FreeRTOS/Source/tasks.c **** 					}
 6864              		.loc 1 4719 30 is_stmt 0 view .LVU1941
 6865 007c 6E65     		str	r6, [r5, #84]
 6866 007e EEE7     		b	.L543
ARM GAS  /tmp/ccZZCKwI.s 			page 244


 6867              	.L563:
4741:Middlewares/Third_Party/FreeRTOS/Source/tasks.c **** 
 6868              		.loc 1 4741 5 is_stmt 1 view .LVU1942
 6869 0080 AB6A     		ldr	r3, [r5, #40]
 6870              	.LVL463:
4741:Middlewares/Third_Party/FreeRTOS/Source/tasks.c **** 
 6871              		.loc 1 4741 5 is_stmt 0 view .LVU1943
 6872 0082 43B1     		cbz	r3, .L550
4741:Middlewares/Third_Party/FreeRTOS/Source/tasks.c **** 
 6873              		.loc 1 4741 5 is_stmt 1 discriminator 1 view .LVU1944
 6874              	.LBB231:
 6875              	.LBI231:
 191:Middlewares/Third_Party/FreeRTOS/Source/portable/GCC/ARM_CM4F/portmacro.h **** {
 6876              		.loc 2 191 30 view .LVU1945
 6877              	.LBB232:
 193:Middlewares/Third_Party/FreeRTOS/Source/portable/GCC/ARM_CM4F/portmacro.h **** 
 6878              		.loc 2 193 1 view .LVU1946
 195:Middlewares/Third_Party/FreeRTOS/Source/portable/GCC/ARM_CM4F/portmacro.h **** 	(
 6879              		.loc 2 195 2 view .LVU1947
 6880              		.syntax unified
 6881              	@ 195 "Middlewares/Third_Party/FreeRTOS/Source/portable/GCC/ARM_CM4F/portmacro.h" 1
 6882 0084 4FF05003 			mov r3, #80												
 6883 0088 83F31188 		msr basepri, r3											
 6884 008c BFF36F8F 		isb														
 6885 0090 BFF34F8F 		dsb														
 6886              	
 6887              	@ 0 "" 2
 6888              		.thumb
 6889              		.syntax unified
 6890              	.L551:
 6891              	.LBE232:
 6892              	.LBE231:
4741:Middlewares/Third_Party/FreeRTOS/Source/tasks.c **** 
 6893              		.loc 1 4741 5 discriminator 3 view .LVU1948
4741:Middlewares/Third_Party/FreeRTOS/Source/tasks.c **** 
 6894              		.loc 1 4741 5 discriminator 3 view .LVU1949
 6895 0094 FEE7     		b	.L551
 6896              	.L550:
4741:Middlewares/Third_Party/FreeRTOS/Source/tasks.c **** 
 6897              		.loc 1 4741 82 discriminator 2 view .LVU1950
4743:Middlewares/Third_Party/FreeRTOS/Source/tasks.c **** 				{
 6898              		.loc 1 4743 5 view .LVU1951
4743:Middlewares/Third_Party/FreeRTOS/Source/tasks.c **** 				{
 6899              		.loc 1 4743 30 is_stmt 0 view .LVU1952
 6900 0096 174B     		ldr	r3, .L564
 6901 0098 1B68     		ldr	r3, [r3]
4743:Middlewares/Third_Party/FreeRTOS/Source/tasks.c **** 				{
 6902              		.loc 1 4743 7 view .LVU1953
 6903 009a EBB9     		cbnz	r3, .L552
4745:Middlewares/Third_Party/FreeRTOS/Source/tasks.c **** 					prvAddTaskToReadyList( pxTCB );
 6904              		.loc 1 4745 6 is_stmt 1 view .LVU1954
4745:Middlewares/Third_Party/FreeRTOS/Source/tasks.c **** 					prvAddTaskToReadyList( pxTCB );
 6905              		.loc 1 4745 15 is_stmt 0 view .LVU1955
 6906 009c 2C1D     		adds	r4, r5, #4
 6907              	.LVL464:
4745:Middlewares/Third_Party/FreeRTOS/Source/tasks.c **** 					prvAddTaskToReadyList( pxTCB );
 6908              		.loc 1 4745 15 view .LVU1956
ARM GAS  /tmp/ccZZCKwI.s 			page 245


 6909 009e 2046     		mov	r0, r4
 6910 00a0 FFF7FEFF 		bl	uxListRemove
 6911              	.LVL465:
4746:Middlewares/Third_Party/FreeRTOS/Source/tasks.c **** 				}
 6912              		.loc 1 4746 6 is_stmt 1 view .LVU1957
4746:Middlewares/Third_Party/FreeRTOS/Source/tasks.c **** 				}
 6913              		.loc 1 4746 6 view .LVU1958
 6914 00a4 E86A     		ldr	r0, [r5, #44]
 6915 00a6 144B     		ldr	r3, .L564+4
 6916 00a8 1B68     		ldr	r3, [r3]
 6917 00aa 9842     		cmp	r0, r3
 6918 00ac 01D9     		bls	.L553
4746:Middlewares/Third_Party/FreeRTOS/Source/tasks.c **** 				}
 6919              		.loc 1 4746 6 discriminator 1 view .LVU1959
 6920 00ae 124B     		ldr	r3, .L564+4
 6921 00b0 1860     		str	r0, [r3]
 6922              	.L553:
4746:Middlewares/Third_Party/FreeRTOS/Source/tasks.c **** 				}
 6923              		.loc 1 4746 6 discriminator 3 view .LVU1960
4746:Middlewares/Third_Party/FreeRTOS/Source/tasks.c **** 				}
 6924              		.loc 1 4746 6 discriminator 3 view .LVU1961
 6925 00b2 00EB8000 		add	r0, r0, r0, lsl #2
 6926 00b6 2146     		mov	r1, r4
 6927 00b8 104B     		ldr	r3, .L564+8
 6928 00ba 03EB8000 		add	r0, r3, r0, lsl #2
 6929 00be FFF7FEFF 		bl	vListInsertEnd
 6930              	.LVL466:
4746:Middlewares/Third_Party/FreeRTOS/Source/tasks.c **** 				}
 6931              		.loc 1 4746 36 discriminator 1 view .LVU1962
 6932              	.L554:
4755:Middlewares/Third_Party/FreeRTOS/Source/tasks.c **** 				{
 6933              		.loc 1 4755 5 view .LVU1963
4755:Middlewares/Third_Party/FreeRTOS/Source/tasks.c **** 				{
 6934              		.loc 1 4755 14 is_stmt 0 view .LVU1964
 6935 00c2 EA6A     		ldr	r2, [r5, #44]
4755:Middlewares/Third_Party/FreeRTOS/Source/tasks.c **** 				{
 6936              		.loc 1 4755 41 view .LVU1965
 6937 00c4 0E4B     		ldr	r3, .L564+12
 6938 00c6 1B68     		ldr	r3, [r3]
 6939 00c8 DB6A     		ldr	r3, [r3, #44]
4755:Middlewares/Third_Party/FreeRTOS/Source/tasks.c **** 				{
 6940              		.loc 1 4755 7 view .LVU1966
 6941 00ca 9A42     		cmp	r2, r3
 6942 00cc 10D9     		bls	.L558
4759:Middlewares/Third_Party/FreeRTOS/Source/tasks.c **** 					{
 6943              		.loc 1 4759 6 is_stmt 1 view .LVU1967
4759:Middlewares/Third_Party/FreeRTOS/Source/tasks.c **** 					{
 6944              		.loc 1 4759 8 is_stmt 0 view .LVU1968
 6945 00ce 069B     		ldr	r3, [sp, #24]
 6946 00d0 43B1     		cbz	r3, .L555
4761:Middlewares/Third_Party/FreeRTOS/Source/tasks.c **** 					}
 6947              		.loc 1 4761 7 is_stmt 1 view .LVU1969
4761:Middlewares/Third_Party/FreeRTOS/Source/tasks.c **** 					}
 6948              		.loc 1 4761 34 is_stmt 0 view .LVU1970
 6949 00d2 0120     		movs	r0, #1
 6950 00d4 1860     		str	r0, [r3]
 6951 00d6 C5E7     		b	.L549
ARM GAS  /tmp/ccZZCKwI.s 			page 246


 6952              	.LVL467:
 6953              	.L552:
4752:Middlewares/Third_Party/FreeRTOS/Source/tasks.c **** 				}
 6954              		.loc 1 4752 6 is_stmt 1 view .LVU1971
 6955 00d8 05F11801 		add	r1, r5, #24
 6956 00dc 0948     		ldr	r0, .L564+16
 6957 00de FFF7FEFF 		bl	vListInsertEnd
 6958              	.LVL468:
 6959 00e2 EEE7     		b	.L554
 6960              	.LVL469:
 6961              	.L555:
4768:Middlewares/Third_Party/FreeRTOS/Source/tasks.c **** 					}
 6962              		.loc 1 4768 7 view .LVU1972
4768:Middlewares/Third_Party/FreeRTOS/Source/tasks.c **** 					}
 6963              		.loc 1 4768 21 is_stmt 0 view .LVU1973
 6964 00e4 0120     		movs	r0, #1
 6965 00e6 084B     		ldr	r3, .L564+20
 6966 00e8 1860     		str	r0, [r3]
 6967 00ea BBE7     		b	.L549
 6968              	.LVL470:
 6969              	.L556:
4724:Middlewares/Third_Party/FreeRTOS/Source/tasks.c **** 					}
 6970              		.loc 1 4724 15 view .LVU1974
 6971 00ec 0020     		movs	r0, #0
 6972 00ee B9E7     		b	.L549
 6973              	.LVL471:
 6974              	.L558:
4724:Middlewares/Third_Party/FreeRTOS/Source/tasks.c **** 					}
 6975              		.loc 1 4724 15 view .LVU1975
 6976 00f0 0120     		movs	r0, #1
 6977 00f2 B7E7     		b	.L549
 6978              	.L565:
 6979              		.align	2
 6980              	.L564:
 6981 00f4 00000000 		.word	uxSchedulerSuspended
 6982 00f8 00000000 		.word	uxTopReadyPriority
 6983 00fc 00000000 		.word	pxReadyTasksLists
 6984 0100 00000000 		.word	pxCurrentTCB
 6985 0104 00000000 		.word	xPendingReadyList
 6986 0108 00000000 		.word	xYieldPending
 6987              		.cfi_endproc
 6988              	.LFE60:
 6990              		.section	.text.vTaskNotifyGiveFromISR,"ax",%progbits
 6991              		.align	1
 6992              		.global	vTaskNotifyGiveFromISR
 6993              		.syntax unified
 6994              		.thumb
 6995              		.thumb_func
 6997              	vTaskNotifyGiveFromISR:
 6998              	.LVL472:
 6999              	.LFB61:
4788:Middlewares/Third_Party/FreeRTOS/Source/tasks.c **** 	TCB_t * pxTCB;
 7000              		.loc 1 4788 2 is_stmt 1 view -0
 7001              		.cfi_startproc
 7002              		@ args = 0, pretend = 0, frame = 0
 7003              		@ frame_needed = 0, uses_anonymous_args = 0
4788:Middlewares/Third_Party/FreeRTOS/Source/tasks.c **** 	TCB_t * pxTCB;
ARM GAS  /tmp/ccZZCKwI.s 			page 247


 7004              		.loc 1 4788 2 is_stmt 0 view .LVU1977
 7005 0000 F8B5     		push	{r3, r4, r5, r6, r7, lr}
 7006              	.LCFI61:
 7007              		.cfi_def_cfa_offset 24
 7008              		.cfi_offset 3, -24
 7009              		.cfi_offset 4, -20
 7010              		.cfi_offset 5, -16
 7011              		.cfi_offset 6, -12
 7012              		.cfi_offset 7, -8
 7013              		.cfi_offset 14, -4
4789:Middlewares/Third_Party/FreeRTOS/Source/tasks.c **** 	uint8_t ucOriginalNotifyState;
 7014              		.loc 1 4789 2 is_stmt 1 view .LVU1978
4790:Middlewares/Third_Party/FreeRTOS/Source/tasks.c **** 	UBaseType_t uxSavedInterruptStatus;
 7015              		.loc 1 4790 2 view .LVU1979
4791:Middlewares/Third_Party/FreeRTOS/Source/tasks.c **** 
 7016              		.loc 1 4791 2 view .LVU1980
4793:Middlewares/Third_Party/FreeRTOS/Source/tasks.c **** 
 7017              		.loc 1 4793 3 view .LVU1981
 7018 0002 E0B1     		cbz	r0, .L577
 7019 0004 0D46     		mov	r5, r1
 7020 0006 0446     		mov	r4, r0
4793:Middlewares/Third_Party/FreeRTOS/Source/tasks.c **** 
 7021              		.loc 1 4793 32 discriminator 2 view .LVU1982
4811:Middlewares/Third_Party/FreeRTOS/Source/tasks.c **** 
 7022              		.loc 1 4811 3 view .LVU1983
 7023 0008 FFF7FEFF 		bl	vPortValidateInterruptPriority
 7024              	.LVL473:
4813:Middlewares/Third_Party/FreeRTOS/Source/tasks.c **** 
 7025              		.loc 1 4813 3 view .LVU1984
4815:Middlewares/Third_Party/FreeRTOS/Source/tasks.c **** 		{
 7026              		.loc 1 4815 3 view .LVU1985
 7027              	.LBB233:
 7028              	.LBI233:
 207:Middlewares/Third_Party/FreeRTOS/Source/portable/GCC/ARM_CM4F/portmacro.h **** {
 7029              		.loc 2 207 34 view .LVU1986
 7030              	.LBB234:
 209:Middlewares/Third_Party/FreeRTOS/Source/portable/GCC/ARM_CM4F/portmacro.h **** 
 7031              		.loc 2 209 1 view .LVU1987
 211:Middlewares/Third_Party/FreeRTOS/Source/portable/GCC/ARM_CM4F/portmacro.h **** 	(
 7032              		.loc 2 211 2 view .LVU1988
 7033              		.syntax unified
 7034              	@ 211 "Middlewares/Third_Party/FreeRTOS/Source/portable/GCC/ARM_CM4F/portmacro.h" 1
 7035 000c EFF31183 			mrs r3, basepri											
 7036 0010 4FF05002 		mov r2, #80												
 7037 0014 82F31188 		msr basepri, r2											
 7038 0018 BFF36F8F 		isb														
 7039 001c BFF34F8F 		dsb														
 7040              	
 7041              	@ 0 "" 2
 7042              		.thumb
 7043              		.syntax unified
 7044 0020 1E46     		mov	r6, r3
 7045              	.LVL474:
 223:Middlewares/Third_Party/FreeRTOS/Source/portable/GCC/ARM_CM4F/portmacro.h **** }
 7046              		.loc 2 223 2 view .LVU1989
 223:Middlewares/Third_Party/FreeRTOS/Source/portable/GCC/ARM_CM4F/portmacro.h **** }
 7047              		.loc 2 223 2 is_stmt 0 view .LVU1990
ARM GAS  /tmp/ccZZCKwI.s 			page 248


 7048              	.LBE234:
 7049              	.LBE233:
4817:Middlewares/Third_Party/FreeRTOS/Source/tasks.c **** 			pxTCB->ucNotifyState = taskNOTIFICATION_RECEIVED;
 7050              		.loc 1 4817 4 is_stmt 1 view .LVU1991
4817:Middlewares/Third_Party/FreeRTOS/Source/tasks.c **** 			pxTCB->ucNotifyState = taskNOTIFICATION_RECEIVED;
 7051              		.loc 1 4817 26 is_stmt 0 view .LVU1992
 7052 0022 94F85830 		ldrb	r3, [r4, #88]	@ zero_extendqisi2
 7053              	.LVL475:
4817:Middlewares/Third_Party/FreeRTOS/Source/tasks.c **** 			pxTCB->ucNotifyState = taskNOTIFICATION_RECEIVED;
 7054              		.loc 1 4817 26 view .LVU1993
 7055 0026 DBB2     		uxtb	r3, r3
 7056              	.LVL476:
4818:Middlewares/Third_Party/FreeRTOS/Source/tasks.c **** 
 7057              		.loc 1 4818 4 is_stmt 1 view .LVU1994
4818:Middlewares/Third_Party/FreeRTOS/Source/tasks.c **** 
 7058              		.loc 1 4818 25 is_stmt 0 view .LVU1995
 7059 0028 0222     		movs	r2, #2
 7060 002a 84F85820 		strb	r2, [r4, #88]
4822:Middlewares/Third_Party/FreeRTOS/Source/tasks.c **** 
 7061              		.loc 1 4822 4 is_stmt 1 view .LVU1996
4822:Middlewares/Third_Party/FreeRTOS/Source/tasks.c **** 
 7062              		.loc 1 4822 11 is_stmt 0 view .LVU1997
 7063 002e 626D     		ldr	r2, [r4, #84]
4822:Middlewares/Third_Party/FreeRTOS/Source/tasks.c **** 
 7064              		.loc 1 4822 30 view .LVU1998
 7065 0030 0132     		adds	r2, r2, #1
 7066 0032 6265     		str	r2, [r4, #84]
4824:Middlewares/Third_Party/FreeRTOS/Source/tasks.c **** 
 7067              		.loc 1 4824 36 is_stmt 1 view .LVU1999
4828:Middlewares/Third_Party/FreeRTOS/Source/tasks.c **** 			{
 7068              		.loc 1 4828 4 view .LVU2000
4828:Middlewares/Third_Party/FreeRTOS/Source/tasks.c **** 			{
 7069              		.loc 1 4828 6 is_stmt 0 view .LVU2001
 7070 0034 012B     		cmp	r3, #1
 7071 0036 0BD0     		beq	.L578
 7072              	.LVL477:
 7073              	.L569:
4863:Middlewares/Third_Party/FreeRTOS/Source/tasks.c **** 				}
 7074              		.loc 1 4863 30 is_stmt 1 view .LVU2002
4867:Middlewares/Third_Party/FreeRTOS/Source/tasks.c **** 	}
 7075              		.loc 1 4867 3 view .LVU2003
 7076              	.LBB235:
 7077              	.LBI235:
 227:Middlewares/Third_Party/FreeRTOS/Source/portable/GCC/ARM_CM4F/portmacro.h **** {
 7078              		.loc 2 227 30 view .LVU2004
 7079              	.LBB236:
 7080              		.loc 2 229 2 view .LVU2005
 7081              		.syntax unified
 7082              	@ 229 "Middlewares/Third_Party/FreeRTOS/Source/portable/GCC/ARM_CM4F/portmacro.h" 1
 7083 0038 86F31188 			msr basepri, r6	
 7084              	@ 0 "" 2
 7085              		.thumb
 7086              		.syntax unified
 7087              	.LBE236:
 7088              	.LBE235:
4868:Middlewares/Third_Party/FreeRTOS/Source/tasks.c **** 
 7089              		.loc 1 4868 2 is_stmt 0 view .LVU2006
ARM GAS  /tmp/ccZZCKwI.s 			page 249


 7090 003c F8BD     		pop	{r3, r4, r5, r6, r7, pc}
 7091              	.LVL478:
 7092              	.L577:
4793:Middlewares/Third_Party/FreeRTOS/Source/tasks.c **** 
 7093              		.loc 1 4793 3 is_stmt 1 discriminator 1 view .LVU2007
 7094              	.LBB237:
 7095              	.LBI237:
 191:Middlewares/Third_Party/FreeRTOS/Source/portable/GCC/ARM_CM4F/portmacro.h **** {
 7096              		.loc 2 191 30 view .LVU2008
 7097              	.LBB238:
 193:Middlewares/Third_Party/FreeRTOS/Source/portable/GCC/ARM_CM4F/portmacro.h **** 
 7098              		.loc 2 193 1 view .LVU2009
 195:Middlewares/Third_Party/FreeRTOS/Source/portable/GCC/ARM_CM4F/portmacro.h **** 	(
 7099              		.loc 2 195 2 view .LVU2010
 7100              		.syntax unified
 7101              	@ 195 "Middlewares/Third_Party/FreeRTOS/Source/portable/GCC/ARM_CM4F/portmacro.h" 1
 7102 003e 4FF05003 			mov r3, #80												
 7103 0042 83F31188 		msr basepri, r3											
 7104 0046 BFF36F8F 		isb														
 7105 004a BFF34F8F 		dsb														
 7106              	
 7107              	@ 0 "" 2
 7108              		.thumb
 7109              		.syntax unified
 7110              	.L568:
 7111              	.LBE238:
 7112              	.LBE237:
4793:Middlewares/Third_Party/FreeRTOS/Source/tasks.c **** 
 7113              		.loc 1 4793 3 discriminator 3 view .LVU2011
4793:Middlewares/Third_Party/FreeRTOS/Source/tasks.c **** 
 7114              		.loc 1 4793 3 discriminator 3 view .LVU2012
 7115 004e FEE7     		b	.L568
 7116              	.LVL479:
 7117              	.L578:
4831:Middlewares/Third_Party/FreeRTOS/Source/tasks.c **** 
 7118              		.loc 1 4831 5 view .LVU2013
 7119 0050 A36A     		ldr	r3, [r4, #40]
 7120              	.LVL480:
4831:Middlewares/Third_Party/FreeRTOS/Source/tasks.c **** 
 7121              		.loc 1 4831 5 is_stmt 0 view .LVU2014
 7122 0052 43B1     		cbz	r3, .L570
4831:Middlewares/Third_Party/FreeRTOS/Source/tasks.c **** 
 7123              		.loc 1 4831 5 is_stmt 1 discriminator 1 view .LVU2015
 7124              	.LBB239:
 7125              	.LBI239:
 191:Middlewares/Third_Party/FreeRTOS/Source/portable/GCC/ARM_CM4F/portmacro.h **** {
 7126              		.loc 2 191 30 view .LVU2016
 7127              	.LBB240:
 193:Middlewares/Third_Party/FreeRTOS/Source/portable/GCC/ARM_CM4F/portmacro.h **** 
 7128              		.loc 2 193 1 view .LVU2017
 195:Middlewares/Third_Party/FreeRTOS/Source/portable/GCC/ARM_CM4F/portmacro.h **** 	(
 7129              		.loc 2 195 2 view .LVU2018
 7130              		.syntax unified
 7131              	@ 195 "Middlewares/Third_Party/FreeRTOS/Source/portable/GCC/ARM_CM4F/portmacro.h" 1
 7132 0054 4FF05003 			mov r3, #80												
 7133 0058 83F31188 		msr basepri, r3											
 7134 005c BFF36F8F 		isb														
ARM GAS  /tmp/ccZZCKwI.s 			page 250


 7135 0060 BFF34F8F 		dsb														
 7136              	
 7137              	@ 0 "" 2
 7138              		.thumb
 7139              		.syntax unified
 7140              	.L571:
 7141              	.LBE240:
 7142              	.LBE239:
4831:Middlewares/Third_Party/FreeRTOS/Source/tasks.c **** 
 7143              		.loc 1 4831 5 discriminator 3 view .LVU2019
4831:Middlewares/Third_Party/FreeRTOS/Source/tasks.c **** 
 7144              		.loc 1 4831 5 discriminator 3 view .LVU2020
 7145 0064 FEE7     		b	.L571
 7146              	.L570:
4831:Middlewares/Third_Party/FreeRTOS/Source/tasks.c **** 
 7147              		.loc 1 4831 82 discriminator 2 view .LVU2021
4833:Middlewares/Third_Party/FreeRTOS/Source/tasks.c **** 				{
 7148              		.loc 1 4833 5 view .LVU2022
4833:Middlewares/Third_Party/FreeRTOS/Source/tasks.c **** 				{
 7149              		.loc 1 4833 30 is_stmt 0 view .LVU2023
 7150 0066 154B     		ldr	r3, .L579
 7151 0068 1B68     		ldr	r3, [r3]
4833:Middlewares/Third_Party/FreeRTOS/Source/tasks.c **** 				{
 7152              		.loc 1 4833 7 view .LVU2024
 7153 006a E3B9     		cbnz	r3, .L572
4835:Middlewares/Third_Party/FreeRTOS/Source/tasks.c **** 					prvAddTaskToReadyList( pxTCB );
 7154              		.loc 1 4835 6 is_stmt 1 view .LVU2025
4835:Middlewares/Third_Party/FreeRTOS/Source/tasks.c **** 					prvAddTaskToReadyList( pxTCB );
 7155              		.loc 1 4835 15 is_stmt 0 view .LVU2026
 7156 006c 271D     		adds	r7, r4, #4
 7157 006e 3846     		mov	r0, r7
 7158 0070 FFF7FEFF 		bl	uxListRemove
 7159              	.LVL481:
4836:Middlewares/Third_Party/FreeRTOS/Source/tasks.c **** 				}
 7160              		.loc 1 4836 6 is_stmt 1 view .LVU2027
4836:Middlewares/Third_Party/FreeRTOS/Source/tasks.c **** 				}
 7161              		.loc 1 4836 6 view .LVU2028
 7162 0074 E06A     		ldr	r0, [r4, #44]
 7163 0076 124B     		ldr	r3, .L579+4
 7164 0078 1B68     		ldr	r3, [r3]
 7165 007a 9842     		cmp	r0, r3
 7166 007c 01D9     		bls	.L573
4836:Middlewares/Third_Party/FreeRTOS/Source/tasks.c **** 				}
 7167              		.loc 1 4836 6 discriminator 1 view .LVU2029
 7168 007e 104B     		ldr	r3, .L579+4
 7169 0080 1860     		str	r0, [r3]
 7170              	.L573:
4836:Middlewares/Third_Party/FreeRTOS/Source/tasks.c **** 				}
 7171              		.loc 1 4836 6 discriminator 3 view .LVU2030
4836:Middlewares/Third_Party/FreeRTOS/Source/tasks.c **** 				}
 7172              		.loc 1 4836 6 discriminator 3 view .LVU2031
 7173 0082 00EB8000 		add	r0, r0, r0, lsl #2
 7174 0086 3946     		mov	r1, r7
 7175 0088 0E4B     		ldr	r3, .L579+8
 7176 008a 03EB8000 		add	r0, r3, r0, lsl #2
 7177 008e FFF7FEFF 		bl	vListInsertEnd
 7178              	.LVL482:
ARM GAS  /tmp/ccZZCKwI.s 			page 251


4836:Middlewares/Third_Party/FreeRTOS/Source/tasks.c **** 				}
 7179              		.loc 1 4836 36 discriminator 1 view .LVU2032
 7180              	.L574:
4845:Middlewares/Third_Party/FreeRTOS/Source/tasks.c **** 				{
 7181              		.loc 1 4845 5 view .LVU2033
4845:Middlewares/Third_Party/FreeRTOS/Source/tasks.c **** 				{
 7182              		.loc 1 4845 14 is_stmt 0 view .LVU2034
 7183 0092 E26A     		ldr	r2, [r4, #44]
4845:Middlewares/Third_Party/FreeRTOS/Source/tasks.c **** 				{
 7184              		.loc 1 4845 41 view .LVU2035
 7185 0094 0C4B     		ldr	r3, .L579+12
 7186 0096 1B68     		ldr	r3, [r3]
 7187 0098 DB6A     		ldr	r3, [r3, #44]
4845:Middlewares/Third_Party/FreeRTOS/Source/tasks.c **** 				{
 7188              		.loc 1 4845 7 view .LVU2036
 7189 009a 9A42     		cmp	r2, r3
 7190 009c CCD9     		bls	.L569
4849:Middlewares/Third_Party/FreeRTOS/Source/tasks.c **** 					{
 7191              		.loc 1 4849 6 is_stmt 1 view .LVU2037
4849:Middlewares/Third_Party/FreeRTOS/Source/tasks.c **** 					{
 7192              		.loc 1 4849 8 is_stmt 0 view .LVU2038
 7193 009e 45B1     		cbz	r5, .L575
4851:Middlewares/Third_Party/FreeRTOS/Source/tasks.c **** 					}
 7194              		.loc 1 4851 7 is_stmt 1 view .LVU2039
4851:Middlewares/Third_Party/FreeRTOS/Source/tasks.c **** 					}
 7195              		.loc 1 4851 34 is_stmt 0 view .LVU2040
 7196 00a0 0123     		movs	r3, #1
 7197 00a2 2B60     		str	r3, [r5]
 7198 00a4 C8E7     		b	.L569
 7199              	.L572:
4842:Middlewares/Third_Party/FreeRTOS/Source/tasks.c **** 				}
 7200              		.loc 1 4842 6 is_stmt 1 view .LVU2041
 7201 00a6 04F11801 		add	r1, r4, #24
 7202 00aa 0848     		ldr	r0, .L579+16
 7203 00ac FFF7FEFF 		bl	vListInsertEnd
 7204              	.LVL483:
 7205 00b0 EFE7     		b	.L574
 7206              	.L575:
4858:Middlewares/Third_Party/FreeRTOS/Source/tasks.c **** 					}
 7207              		.loc 1 4858 7 view .LVU2042
4858:Middlewares/Third_Party/FreeRTOS/Source/tasks.c **** 					}
 7208              		.loc 1 4858 21 is_stmt 0 view .LVU2043
 7209 00b2 074B     		ldr	r3, .L579+20
 7210 00b4 0122     		movs	r2, #1
 7211 00b6 1A60     		str	r2, [r3]
 7212 00b8 BEE7     		b	.L569
 7213              	.L580:
 7214 00ba 00BF     		.align	2
 7215              	.L579:
 7216 00bc 00000000 		.word	uxSchedulerSuspended
 7217 00c0 00000000 		.word	uxTopReadyPriority
 7218 00c4 00000000 		.word	pxReadyTasksLists
 7219 00c8 00000000 		.word	pxCurrentTCB
 7220 00cc 00000000 		.word	xPendingReadyList
 7221 00d0 00000000 		.word	xYieldPending
 7222              		.cfi_endproc
 7223              	.LFE61:
ARM GAS  /tmp/ccZZCKwI.s 			page 252


 7225              		.section	.text.xTaskNotifyStateClear,"ax",%progbits
 7226              		.align	1
 7227              		.global	xTaskNotifyStateClear
 7228              		.syntax unified
 7229              		.thumb
 7230              		.thumb_func
 7232              	xTaskNotifyStateClear:
 7233              	.LVL484:
 7234              	.LFB62:
4877:Middlewares/Third_Party/FreeRTOS/Source/tasks.c **** 	TCB_t *pxTCB;
 7235              		.loc 1 4877 2 is_stmt 1 view -0
 7236              		.cfi_startproc
 7237              		@ args = 0, pretend = 0, frame = 0
 7238              		@ frame_needed = 0, uses_anonymous_args = 0
4877:Middlewares/Third_Party/FreeRTOS/Source/tasks.c **** 	TCB_t *pxTCB;
 7239              		.loc 1 4877 2 is_stmt 0 view .LVU2045
 7240 0000 10B5     		push	{r4, lr}
 7241              	.LCFI62:
 7242              		.cfi_def_cfa_offset 8
 7243              		.cfi_offset 4, -8
 7244              		.cfi_offset 14, -4
4878:Middlewares/Third_Party/FreeRTOS/Source/tasks.c **** 	BaseType_t xReturn;
 7245              		.loc 1 4878 2 is_stmt 1 view .LVU2046
4879:Middlewares/Third_Party/FreeRTOS/Source/tasks.c **** 
 7246              		.loc 1 4879 2 view .LVU2047
4883:Middlewares/Third_Party/FreeRTOS/Source/tasks.c **** 
 7247              		.loc 1 4883 3 view .LVU2048
4883:Middlewares/Third_Party/FreeRTOS/Source/tasks.c **** 
 7248              		.loc 1 4883 11 is_stmt 0 view .LVU2049
 7249 0002 0446     		mov	r4, r0
 7250 0004 58B1     		cbz	r0, .L586
 7251              	.LVL485:
 7252              	.L582:
4885:Middlewares/Third_Party/FreeRTOS/Source/tasks.c **** 		{
 7253              		.loc 1 4885 3 is_stmt 1 view .LVU2050
 7254 0006 FFF7FEFF 		bl	vPortEnterCritical
 7255              	.LVL486:
4887:Middlewares/Third_Party/FreeRTOS/Source/tasks.c **** 			{
 7256              		.loc 1 4887 4 view .LVU2051
4887:Middlewares/Third_Party/FreeRTOS/Source/tasks.c **** 			{
 7257              		.loc 1 4887 13 is_stmt 0 view .LVU2052
 7258 000a 94F85830 		ldrb	r3, [r4, #88]	@ zero_extendqisi2
 7259 000e DBB2     		uxtb	r3, r3
4887:Middlewares/Third_Party/FreeRTOS/Source/tasks.c **** 			{
 7260              		.loc 1 4887 6 view .LVU2053
 7261 0010 022B     		cmp	r3, #2
 7262 0012 07D0     		beq	.L587
4894:Middlewares/Third_Party/FreeRTOS/Source/tasks.c **** 			}
 7263              		.loc 1 4894 13 view .LVU2054
 7264 0014 0024     		movs	r4, #0
 7265              	.LVL487:
 7266              	.L583:
4897:Middlewares/Third_Party/FreeRTOS/Source/tasks.c **** 
 7267              		.loc 1 4897 3 is_stmt 1 view .LVU2055
 7268 0016 FFF7FEFF 		bl	vPortExitCritical
 7269              	.LVL488:
4899:Middlewares/Third_Party/FreeRTOS/Source/tasks.c **** 	}
ARM GAS  /tmp/ccZZCKwI.s 			page 253


 7270              		.loc 1 4899 3 view .LVU2056
4900:Middlewares/Third_Party/FreeRTOS/Source/tasks.c **** 
 7271              		.loc 1 4900 2 is_stmt 0 view .LVU2057
 7272 001a 2046     		mov	r0, r4
 7273 001c 10BD     		pop	{r4, pc}
 7274              	.LVL489:
 7275              	.L586:
4883:Middlewares/Third_Party/FreeRTOS/Source/tasks.c **** 
 7276              		.loc 1 4883 11 discriminator 1 view .LVU2058
 7277 001e 044B     		ldr	r3, .L588
 7278 0020 1C68     		ldr	r4, [r3]
 7279              	.LVL490:
4883:Middlewares/Third_Party/FreeRTOS/Source/tasks.c **** 
 7280              		.loc 1 4883 11 discriminator 1 view .LVU2059
 7281 0022 F0E7     		b	.L582
 7282              	.LVL491:
 7283              	.L587:
4889:Middlewares/Third_Party/FreeRTOS/Source/tasks.c **** 				xReturn = pdPASS;
 7284              		.loc 1 4889 5 is_stmt 1 view .LVU2060
4889:Middlewares/Third_Party/FreeRTOS/Source/tasks.c **** 				xReturn = pdPASS;
 7285              		.loc 1 4889 26 is_stmt 0 view .LVU2061
 7286 0024 0023     		movs	r3, #0
 7287 0026 84F85830 		strb	r3, [r4, #88]
4890:Middlewares/Third_Party/FreeRTOS/Source/tasks.c **** 			}
 7288              		.loc 1 4890 5 is_stmt 1 view .LVU2062
 7289              	.LVL492:
4890:Middlewares/Third_Party/FreeRTOS/Source/tasks.c **** 			}
 7290              		.loc 1 4890 13 is_stmt 0 view .LVU2063
 7291 002a 0124     		movs	r4, #1
 7292              	.LVL493:
4890:Middlewares/Third_Party/FreeRTOS/Source/tasks.c **** 			}
 7293              		.loc 1 4890 13 view .LVU2064
 7294 002c F3E7     		b	.L583
 7295              	.L589:
 7296 002e 00BF     		.align	2
 7297              	.L588:
 7298 0030 00000000 		.word	pxCurrentTCB
 7299              		.cfi_endproc
 7300              	.LFE62:
 7302              		.section	.bss.uxSchedulerSuspended,"aw",%nobits
 7303              		.align	2
 7306              	uxSchedulerSuspended:
 7307 0000 00000000 		.space	4
 7308              		.section	.bss.xIdleTaskHandle,"aw",%nobits
 7309              		.align	2
 7312              	xIdleTaskHandle:
 7313 0000 00000000 		.space	4
 7314              		.section	.bss.xNextTaskUnblockTime,"aw",%nobits
 7315              		.align	2
 7318              	xNextTaskUnblockTime:
 7319 0000 00000000 		.space	4
 7320              		.section	.bss.uxTaskNumber,"aw",%nobits
 7321              		.align	2
 7324              	uxTaskNumber:
 7325 0000 00000000 		.space	4
 7326              		.section	.bss.xNumOfOverflows,"aw",%nobits
 7327              		.align	2
ARM GAS  /tmp/ccZZCKwI.s 			page 254


 7330              	xNumOfOverflows:
 7331 0000 00000000 		.space	4
 7332              		.section	.bss.xYieldPending,"aw",%nobits
 7333              		.align	2
 7336              	xYieldPending:
 7337 0000 00000000 		.space	4
 7338              		.section	.bss.uxPendedTicks,"aw",%nobits
 7339              		.align	2
 7342              	uxPendedTicks:
 7343 0000 00000000 		.space	4
 7344              		.section	.bss.xSchedulerRunning,"aw",%nobits
 7345              		.align	2
 7348              	xSchedulerRunning:
 7349 0000 00000000 		.space	4
 7350              		.section	.bss.uxTopReadyPriority,"aw",%nobits
 7351              		.align	2
 7354              	uxTopReadyPriority:
 7355 0000 00000000 		.space	4
 7356              		.section	.bss.xTickCount,"aw",%nobits
 7357              		.align	2
 7360              	xTickCount:
 7361 0000 00000000 		.space	4
 7362              		.section	.bss.uxCurrentNumberOfTasks,"aw",%nobits
 7363              		.align	2
 7366              	uxCurrentNumberOfTasks:
 7367 0000 00000000 		.space	4
 7368              		.section	.bss.xSuspendedTaskList,"aw",%nobits
 7369              		.align	2
 7372              	xSuspendedTaskList:
 7373 0000 00000000 		.space	20
 7373      00000000 
 7373      00000000 
 7373      00000000 
 7373      00000000 
 7374              		.section	.bss.uxDeletedTasksWaitingCleanUp,"aw",%nobits
 7375              		.align	2
 7378              	uxDeletedTasksWaitingCleanUp:
 7379 0000 00000000 		.space	4
 7380              		.section	.bss.xTasksWaitingTermination,"aw",%nobits
 7381              		.align	2
 7384              	xTasksWaitingTermination:
 7385 0000 00000000 		.space	20
 7385      00000000 
 7385      00000000 
 7385      00000000 
 7385      00000000 
 7386              		.section	.bss.xPendingReadyList,"aw",%nobits
 7387              		.align	2
 7390              	xPendingReadyList:
 7391 0000 00000000 		.space	20
 7391      00000000 
 7391      00000000 
 7391      00000000 
 7391      00000000 
 7392              		.section	.bss.pxOverflowDelayedTaskList,"aw",%nobits
 7393              		.align	2
 7396              	pxOverflowDelayedTaskList:
ARM GAS  /tmp/ccZZCKwI.s 			page 255


 7397 0000 00000000 		.space	4
 7398              		.section	.bss.pxDelayedTaskList,"aw",%nobits
 7399              		.align	2
 7402              	pxDelayedTaskList:
 7403 0000 00000000 		.space	4
 7404              		.section	.bss.xDelayedTaskList2,"aw",%nobits
 7405              		.align	2
 7408              	xDelayedTaskList2:
 7409 0000 00000000 		.space	20
 7409      00000000 
 7409      00000000 
 7409      00000000 
 7409      00000000 
 7410              		.section	.bss.xDelayedTaskList1,"aw",%nobits
 7411              		.align	2
 7414              	xDelayedTaskList1:
 7415 0000 00000000 		.space	20
 7415      00000000 
 7415      00000000 
 7415      00000000 
 7415      00000000 
 7416              		.section	.bss.pxReadyTasksLists,"aw",%nobits
 7417              		.align	2
 7420              	pxReadyTasksLists:
 7421 0000 00000000 		.space	1120
 7421      00000000 
 7421      00000000 
 7421      00000000 
 7421      00000000 
 7422              		.global	pxCurrentTCB
 7423              		.section	.bss.pxCurrentTCB,"aw",%nobits
 7424              		.align	2
 7427              	pxCurrentTCB:
 7428 0000 00000000 		.space	4
 7429              		.text
 7430              	.Letext0:
 7431              		.file 3 "/usr/lib/gcc/arm-none-eabi/13.2.1/include/stddef.h"
 7432              		.file 4 "/usr/lib/gcc/arm-none-eabi/13.2.1/include/stdint.h"
 7433              		.file 5 "Middlewares/Third_Party/FreeRTOS/Source/include/projdefs.h"
 7434              		.file 6 "Middlewares/Third_Party/FreeRTOS/Source/include/FreeRTOS.h"
 7435              		.file 7 "Middlewares/Third_Party/FreeRTOS/Source/include/list.h"
 7436              		.file 8 "Middlewares/Third_Party/FreeRTOS/Source/include/task.h"
 7437              		.file 9 "Middlewares/Third_Party/FreeRTOS/Source/include/portable.h"
 7438              		.file 10 "Middlewares/Third_Party/FreeRTOS/Source/include/timers.h"
 7439              		.file 11 "/usr/include/newlib/string.h"
ARM GAS  /tmp/ccZZCKwI.s 			page 256


DEFINED SYMBOLS
                            *ABS*:00000000 tasks.c
     /tmp/ccZZCKwI.s:21     .text.prvTaskIsTaskSuspended:00000000 $t
     /tmp/ccZZCKwI.s:26     .text.prvTaskIsTaskSuspended:00000000 prvTaskIsTaskSuspended
     /tmp/ccZZCKwI.s:112    .text.prvTaskIsTaskSuspended:00000038 $d
     /tmp/ccZZCKwI.s:7372   .bss.xSuspendedTaskList:00000000 xSuspendedTaskList
     /tmp/ccZZCKwI.s:7390   .bss.xPendingReadyList:00000000 xPendingReadyList
     /tmp/ccZZCKwI.s:118    .text.prvTaskCheckFreeStackSpace:00000000 $t
     /tmp/ccZZCKwI.s:123    .text.prvTaskCheckFreeStackSpace:00000000 prvTaskCheckFreeStackSpace
     /tmp/ccZZCKwI.s:166    .text.prvResetNextTaskUnblockTime:00000000 $t
     /tmp/ccZZCKwI.s:171    .text.prvResetNextTaskUnblockTime:00000000 prvResetNextTaskUnblockTime
     /tmp/ccZZCKwI.s:214    .text.prvResetNextTaskUnblockTime:00000024 $d
     /tmp/ccZZCKwI.s:7402   .bss.pxDelayedTaskList:00000000 pxDelayedTaskList
     /tmp/ccZZCKwI.s:7318   .bss.xNextTaskUnblockTime:00000000 xNextTaskUnblockTime
     /tmp/ccZZCKwI.s:220    .text.prvInitialiseNewTask:00000000 $t
     /tmp/ccZZCKwI.s:225    .text.prvInitialiseNewTask:00000000 prvInitialiseNewTask
     /tmp/ccZZCKwI.s:379    .text.prvInitialiseTaskLists:00000000 $t
     /tmp/ccZZCKwI.s:384    .text.prvInitialiseTaskLists:00000000 prvInitialiseTaskLists
     /tmp/ccZZCKwI.s:457    .text.prvInitialiseTaskLists:00000048 $d
     /tmp/ccZZCKwI.s:7420   .bss.pxReadyTasksLists:00000000 pxReadyTasksLists
     /tmp/ccZZCKwI.s:7414   .bss.xDelayedTaskList1:00000000 xDelayedTaskList1
     /tmp/ccZZCKwI.s:7408   .bss.xDelayedTaskList2:00000000 xDelayedTaskList2
     /tmp/ccZZCKwI.s:7384   .bss.xTasksWaitingTermination:00000000 xTasksWaitingTermination
     /tmp/ccZZCKwI.s:7396   .bss.pxOverflowDelayedTaskList:00000000 pxOverflowDelayedTaskList
     /tmp/ccZZCKwI.s:469    .text.prvAddNewTaskToReadyList:00000000 $t
     /tmp/ccZZCKwI.s:474    .text.prvAddNewTaskToReadyList:00000000 prvAddNewTaskToReadyList
     /tmp/ccZZCKwI.s:616    .text.prvAddNewTaskToReadyList:00000094 $d
     /tmp/ccZZCKwI.s:7366   .bss.uxCurrentNumberOfTasks:00000000 uxCurrentNumberOfTasks
     /tmp/ccZZCKwI.s:7427   .bss.pxCurrentTCB:00000000 pxCurrentTCB
     /tmp/ccZZCKwI.s:7348   .bss.xSchedulerRunning:00000000 xSchedulerRunning
     /tmp/ccZZCKwI.s:7324   .bss.uxTaskNumber:00000000 uxTaskNumber
     /tmp/ccZZCKwI.s:7354   .bss.uxTopReadyPriority:00000000 uxTopReadyPriority
     /tmp/ccZZCKwI.s:626    .text.prvDeleteTCB:00000000 $t
     /tmp/ccZZCKwI.s:631    .text.prvDeleteTCB:00000000 prvDeleteTCB
     /tmp/ccZZCKwI.s:706    .text.prvCheckTasksWaitingTermination:00000000 $t
     /tmp/ccZZCKwI.s:711    .text.prvCheckTasksWaitingTermination:00000000 prvCheckTasksWaitingTermination
     /tmp/ccZZCKwI.s:784    .text.prvCheckTasksWaitingTermination:00000040 $d
     /tmp/ccZZCKwI.s:7378   .bss.uxDeletedTasksWaitingCleanUp:00000000 uxDeletedTasksWaitingCleanUp
     /tmp/ccZZCKwI.s:791    .text.prvIdleTask:00000000 $t
     /tmp/ccZZCKwI.s:796    .text.prvIdleTask:00000000 prvIdleTask
     /tmp/ccZZCKwI.s:845    .text.prvIdleTask:00000024 $d
     /tmp/ccZZCKwI.s:850    .text.prvAddCurrentTaskToDelayedList:00000000 $t
     /tmp/ccZZCKwI.s:855    .text.prvAddCurrentTaskToDelayedList:00000000 prvAddCurrentTaskToDelayedList
     /tmp/ccZZCKwI.s:963    .text.prvAddCurrentTaskToDelayedList:00000064 $d
     /tmp/ccZZCKwI.s:7360   .bss.xTickCount:00000000 xTickCount
     /tmp/ccZZCKwI.s:973    .text.xTaskCreateStatic:00000000 $t
     /tmp/ccZZCKwI.s:979    .text.xTaskCreateStatic:00000000 xTaskCreateStatic
     /tmp/ccZZCKwI.s:1138   .text.xTaskCreate:00000000 $t
     /tmp/ccZZCKwI.s:1144   .text.xTaskCreate:00000000 xTaskCreate
     /tmp/ccZZCKwI.s:1261   .text.vTaskDelete:00000000 $t
     /tmp/ccZZCKwI.s:1267   .text.vTaskDelete:00000000 vTaskDelete
     /tmp/ccZZCKwI.s:1432   .text.vTaskDelete:0000009c $d
     /tmp/ccZZCKwI.s:7306   .bss.uxSchedulerSuspended:00000000 uxSchedulerSuspended
     /tmp/ccZZCKwI.s:1443   .text.eTaskGetState:00000000 $t
     /tmp/ccZZCKwI.s:1449   .text.eTaskGetState:00000000 eTaskGetState
     /tmp/ccZZCKwI.s:1584   .text.eTaskGetState:0000006c $d
     /tmp/ccZZCKwI.s:1593   .text.uxTaskPriorityGet:00000000 $t
ARM GAS  /tmp/ccZZCKwI.s 			page 257


     /tmp/ccZZCKwI.s:1599   .text.uxTaskPriorityGet:00000000 uxTaskPriorityGet
     /tmp/ccZZCKwI.s:1645   .text.uxTaskPriorityGet:0000001c $d
     /tmp/ccZZCKwI.s:1650   .text.uxTaskPriorityGetFromISR:00000000 $t
     /tmp/ccZZCKwI.s:1656   .text.uxTaskPriorityGetFromISR:00000000 uxTaskPriorityGetFromISR
     /tmp/ccZZCKwI.s:1735   .text.uxTaskPriorityGetFromISR:0000002c $d
     /tmp/ccZZCKwI.s:1740   .text.vTaskPrioritySet:00000000 $t
     /tmp/ccZZCKwI.s:1746   .text.vTaskPrioritySet:00000000 vTaskPrioritySet
     /tmp/ccZZCKwI.s:1979   .text.vTaskPrioritySet:000000c8 $d
     /tmp/ccZZCKwI.s:1986   .text.vTaskResume:00000000 $t
     /tmp/ccZZCKwI.s:1992   .text.vTaskResume:00000000 vTaskResume
     /tmp/ccZZCKwI.s:2123   .text.vTaskResume:0000007c $d
     /tmp/ccZZCKwI.s:2130   .text.xTaskResumeFromISR:00000000 $t
     /tmp/ccZZCKwI.s:2136   .text.xTaskResumeFromISR:00000000 xTaskResumeFromISR
     /tmp/ccZZCKwI.s:2306   .text.xTaskResumeFromISR:00000090 $d
     /tmp/ccZZCKwI.s:2315   .rodata.vTaskStartScheduler.str1.4:00000000 $d
     /tmp/ccZZCKwI.s:2319   .text.vTaskStartScheduler:00000000 $t
     /tmp/ccZZCKwI.s:2325   .text.vTaskStartScheduler:00000000 vTaskStartScheduler
     /tmp/ccZZCKwI.s:2485   .text.vTaskStartScheduler:00000080 $d
     /tmp/ccZZCKwI.s:7312   .bss.xIdleTaskHandle:00000000 xIdleTaskHandle
     /tmp/ccZZCKwI.s:2495   .text.vTaskEndScheduler:00000000 $t
     /tmp/ccZZCKwI.s:2501   .text.vTaskEndScheduler:00000000 vTaskEndScheduler
     /tmp/ccZZCKwI.s:2544   .text.vTaskEndScheduler:00000020 $d
     /tmp/ccZZCKwI.s:2549   .text.vTaskSuspendAll:00000000 $t
     /tmp/ccZZCKwI.s:2555   .text.vTaskSuspendAll:00000000 vTaskSuspendAll
     /tmp/ccZZCKwI.s:2572   .text.vTaskSuspendAll:0000000c $d
     /tmp/ccZZCKwI.s:2577   .text.xTaskGetTickCount:00000000 $t
     /tmp/ccZZCKwI.s:2583   .text.xTaskGetTickCount:00000000 xTaskGetTickCount
     /tmp/ccZZCKwI.s:2604   .text.xTaskGetTickCount:00000008 $d
     /tmp/ccZZCKwI.s:2609   .text.xTaskGetTickCountFromISR:00000000 $t
     /tmp/ccZZCKwI.s:2615   .text.xTaskGetTickCountFromISR:00000000 xTaskGetTickCountFromISR
     /tmp/ccZZCKwI.s:2644   .text.xTaskGetTickCountFromISR:0000000c $d
     /tmp/ccZZCKwI.s:2649   .text.uxTaskGetNumberOfTasks:00000000 $t
     /tmp/ccZZCKwI.s:2655   .text.uxTaskGetNumberOfTasks:00000000 uxTaskGetNumberOfTasks
     /tmp/ccZZCKwI.s:2671   .text.uxTaskGetNumberOfTasks:00000008 $d
     /tmp/ccZZCKwI.s:2676   .text.pcTaskGetName:00000000 $t
     /tmp/ccZZCKwI.s:2682   .text.pcTaskGetName:00000000 pcTaskGetName
     /tmp/ccZZCKwI.s:2739   .text.pcTaskGetName:00000024 $d
     /tmp/ccZZCKwI.s:2744   .text.xTaskIncrementTick:00000000 $t
     /tmp/ccZZCKwI.s:2750   .text.xTaskIncrementTick:00000000 xTaskIncrementTick
     /tmp/ccZZCKwI.s:3013   .text.xTaskIncrementTick:000000ec $d
     /tmp/ccZZCKwI.s:7330   .bss.xNumOfOverflows:00000000 xNumOfOverflows
     /tmp/ccZZCKwI.s:7342   .bss.uxPendedTicks:00000000 uxPendedTicks
     /tmp/ccZZCKwI.s:7336   .bss.xYieldPending:00000000 xYieldPending
     /tmp/ccZZCKwI.s:3028   .text.xTaskResumeAll:00000000 $t
     /tmp/ccZZCKwI.s:3034   .text.xTaskResumeAll:00000000 xTaskResumeAll
     /tmp/ccZZCKwI.s:3269   .text.xTaskResumeAll:000000d8 $d
     /tmp/ccZZCKwI.s:3281   .text.vTaskDelayUntil:00000000 $t
     /tmp/ccZZCKwI.s:3287   .text.vTaskDelayUntil:00000000 vTaskDelayUntil
     /tmp/ccZZCKwI.s:3501   .text.vTaskDelayUntil:0000009c $d
     /tmp/ccZZCKwI.s:3508   .text.vTaskDelay:00000000 $t
     /tmp/ccZZCKwI.s:3514   .text.vTaskDelay:00000000 vTaskDelay
     /tmp/ccZZCKwI.s:3604   .text.vTaskDelay:00000048 $d
     /tmp/ccZZCKwI.s:3609   .text.vTaskSwitchContext:00000000 $t
     /tmp/ccZZCKwI.s:3615   .text.vTaskSwitchContext:00000000 vTaskSwitchContext
     /tmp/ccZZCKwI.s:3742   .text.vTaskSwitchContext:00000084 $d
     /tmp/ccZZCKwI.s:3753   .text.vTaskSuspend:00000000 $t
     /tmp/ccZZCKwI.s:3759   .text.vTaskSuspend:00000000 vTaskSuspend
ARM GAS  /tmp/ccZZCKwI.s 			page 258


     /tmp/ccZZCKwI.s:3945   .text.vTaskSuspend:000000b0 $d
     /tmp/ccZZCKwI.s:3954   .text.vTaskPlaceOnEventList:00000000 $t
     /tmp/ccZZCKwI.s:3960   .text.vTaskPlaceOnEventList:00000000 vTaskPlaceOnEventList
     /tmp/ccZZCKwI.s:4025   .text.vTaskPlaceOnEventList:0000002c $d
     /tmp/ccZZCKwI.s:4030   .text.vTaskPlaceOnUnorderedEventList:00000000 $t
     /tmp/ccZZCKwI.s:4036   .text.vTaskPlaceOnUnorderedEventList:00000000 vTaskPlaceOnUnorderedEventList
     /tmp/ccZZCKwI.s:4147   .text.vTaskPlaceOnUnorderedEventList:00000050 $d
     /tmp/ccZZCKwI.s:4153   .text.vTaskPlaceOnEventListRestricted:00000000 $t
     /tmp/ccZZCKwI.s:4159   .text.vTaskPlaceOnEventListRestricted:00000000 vTaskPlaceOnEventListRestricted
     /tmp/ccZZCKwI.s:4233   .text.vTaskPlaceOnEventListRestricted:00000034 $d
     /tmp/ccZZCKwI.s:4238   .text.xTaskRemoveFromEventList:00000000 $t
     /tmp/ccZZCKwI.s:4244   .text.xTaskRemoveFromEventList:00000000 xTaskRemoveFromEventList
     /tmp/ccZZCKwI.s:4375   .text.xTaskRemoveFromEventList:00000074 $d
     /tmp/ccZZCKwI.s:4385   .text.vTaskRemoveFromUnorderedEventList:00000000 $t
     /tmp/ccZZCKwI.s:4391   .text.vTaskRemoveFromUnorderedEventList:00000000 vTaskRemoveFromUnorderedEventList
     /tmp/ccZZCKwI.s:4524   .text.vTaskRemoveFromUnorderedEventList:00000074 $d
     /tmp/ccZZCKwI.s:4533   .text.vTaskSetTimeOutState:00000000 $t
     /tmp/ccZZCKwI.s:4539   .text.vTaskSetTimeOutState:00000000 vTaskSetTimeOutState
     /tmp/ccZZCKwI.s:4606   .text.vTaskSetTimeOutState:00000030 $d
     /tmp/ccZZCKwI.s:4612   .text.vTaskInternalSetTimeOutState:00000000 $t
     /tmp/ccZZCKwI.s:4618   .text.vTaskInternalSetTimeOutState:00000000 vTaskInternalSetTimeOutState
     /tmp/ccZZCKwI.s:4641   .text.vTaskInternalSetTimeOutState:00000010 $d
     /tmp/ccZZCKwI.s:4647   .text.xTaskCheckForTimeOut:00000000 $t
     /tmp/ccZZCKwI.s:4653   .text.xTaskCheckForTimeOut:00000000 xTaskCheckForTimeOut
     /tmp/ccZZCKwI.s:4824   .text.xTaskCheckForTimeOut:0000007c $d
     /tmp/ccZZCKwI.s:4831   .text.vTaskMissedYield:00000000 $t
     /tmp/ccZZCKwI.s:4837   .text.vTaskMissedYield:00000000 vTaskMissedYield
     /tmp/ccZZCKwI.s:4854   .text.vTaskMissedYield:00000008 $d
     /tmp/ccZZCKwI.s:4859   .text.uxTaskGetTaskNumber:00000000 $t
     /tmp/ccZZCKwI.s:4865   .text.uxTaskGetTaskNumber:00000000 uxTaskGetTaskNumber
     /tmp/ccZZCKwI.s:4898   .text.vTaskSetTaskNumber:00000000 $t
     /tmp/ccZZCKwI.s:4904   .text.vTaskSetTaskNumber:00000000 vTaskSetTaskNumber
     /tmp/ccZZCKwI.s:4929   .text.vTaskGetInfo:00000000 $t
     /tmp/ccZZCKwI.s:4935   .text.vTaskGetInfo:00000000 vTaskGetInfo
     /tmp/ccZZCKwI.s:5082   .text.vTaskGetInfo:00000074 $d
     /tmp/ccZZCKwI.s:5087   .text.prvListTasksWithinSingleList:00000000 $t
     /tmp/ccZZCKwI.s:5092   .text.prvListTasksWithinSingleList:00000000 prvListTasksWithinSingleList
     /tmp/ccZZCKwI.s:5207   .text.uxTaskGetSystemState:00000000 $t
     /tmp/ccZZCKwI.s:5213   .text.uxTaskGetSystemState:00000000 uxTaskGetSystemState
     /tmp/ccZZCKwI.s:5352   .text.uxTaskGetSystemState:00000098 $d
     /tmp/ccZZCKwI.s:5362   .text.uxTaskGetStackHighWaterMark:00000000 $t
     /tmp/ccZZCKwI.s:5368   .text.uxTaskGetStackHighWaterMark:00000000 uxTaskGetStackHighWaterMark
     /tmp/ccZZCKwI.s:5410   .text.uxTaskGetStackHighWaterMark:00000014 $d
     /tmp/ccZZCKwI.s:5415   .text.xTaskGetCurrentTaskHandle:00000000 $t
     /tmp/ccZZCKwI.s:5421   .text.xTaskGetCurrentTaskHandle:00000000 xTaskGetCurrentTaskHandle
     /tmp/ccZZCKwI.s:5440   .text.xTaskGetCurrentTaskHandle:00000008 $d
     /tmp/ccZZCKwI.s:5445   .text.xTaskGetSchedulerState:00000000 $t
     /tmp/ccZZCKwI.s:5451   .text.xTaskGetSchedulerState:00000000 xTaskGetSchedulerState
     /tmp/ccZZCKwI.s:5489   .text.xTaskGetSchedulerState:00000018 $d
     /tmp/ccZZCKwI.s:5495   .text.xTaskPriorityInherit:00000000 $t
     /tmp/ccZZCKwI.s:5501   .text.xTaskPriorityInherit:00000000 xTaskPriorityInherit
     /tmp/ccZZCKwI.s:5660   .text.xTaskPriorityInherit:0000008c $d
     /tmp/ccZZCKwI.s:5667   .text.xTaskPriorityDisinherit:00000000 $t
     /tmp/ccZZCKwI.s:5673   .text.xTaskPriorityDisinherit:00000000 xTaskPriorityDisinherit
     /tmp/ccZZCKwI.s:5849   .text.xTaskPriorityDisinherit:00000084 $d
     /tmp/ccZZCKwI.s:5856   .text.vTaskPriorityDisinheritAfterTimeout:00000000 $t
     /tmp/ccZZCKwI.s:5862   .text.vTaskPriorityDisinheritAfterTimeout:00000000 vTaskPriorityDisinheritAfterTimeout
ARM GAS  /tmp/ccZZCKwI.s 			page 259


     /tmp/ccZZCKwI.s:6047   .text.vTaskPriorityDisinheritAfterTimeout:00000094 $d
     /tmp/ccZZCKwI.s:6054   .text.uxTaskResetEventItemValue:00000000 $t
     /tmp/ccZZCKwI.s:6060   .text.uxTaskResetEventItemValue:00000000 uxTaskResetEventItemValue
     /tmp/ccZZCKwI.s:6087   .text.uxTaskResetEventItemValue:00000014 $d
     /tmp/ccZZCKwI.s:6092   .text.pvTaskIncrementMutexHeldCount:00000000 $t
     /tmp/ccZZCKwI.s:6098   .text.pvTaskIncrementMutexHeldCount:00000000 pvTaskIncrementMutexHeldCount
     /tmp/ccZZCKwI.s:6129   .text.pvTaskIncrementMutexHeldCount:00000018 $d
     /tmp/ccZZCKwI.s:6134   .text.ulTaskNotifyTake:00000000 $t
     /tmp/ccZZCKwI.s:6140   .text.ulTaskNotifyTake:00000000 ulTaskNotifyTake
     /tmp/ccZZCKwI.s:6262   .text.ulTaskNotifyTake:00000074 $d
     /tmp/ccZZCKwI.s:6267   .text.xTaskNotifyWait:00000000 $t
     /tmp/ccZZCKwI.s:6273   .text.xTaskNotifyWait:00000000 xTaskNotifyWait
     /tmp/ccZZCKwI.s:6415   .text.xTaskNotifyWait:00000094 $d
     /tmp/ccZZCKwI.s:6420   .text.xTaskGenericNotify:00000000 $t
     /tmp/ccZZCKwI.s:6426   .text.xTaskGenericNotify:00000000 xTaskGenericNotify
     /tmp/ccZZCKwI.s:6483   .text.xTaskGenericNotify:0000002c $d
     /tmp/ccZZCKwI.s:6488   .text.xTaskGenericNotify:00000030 $t
     /tmp/ccZZCKwI.s:6666   .text.xTaskGenericNotify:000000d4 $d
     /tmp/ccZZCKwI.s:6673   .text.xTaskGenericNotifyFromISR:00000000 $t
     /tmp/ccZZCKwI.s:6679   .text.xTaskGenericNotifyFromISR:00000000 xTaskGenericNotifyFromISR
     /tmp/ccZZCKwI.s:6758   .text.xTaskGenericNotifyFromISR:00000042 $d
     /tmp/ccZZCKwI.s:6763   .text.xTaskGenericNotifyFromISR:00000046 $t
     /tmp/ccZZCKwI.s:6981   .text.xTaskGenericNotifyFromISR:000000f4 $d
     /tmp/ccZZCKwI.s:6991   .text.vTaskNotifyGiveFromISR:00000000 $t
     /tmp/ccZZCKwI.s:6997   .text.vTaskNotifyGiveFromISR:00000000 vTaskNotifyGiveFromISR
     /tmp/ccZZCKwI.s:7216   .text.vTaskNotifyGiveFromISR:000000bc $d
     /tmp/ccZZCKwI.s:7226   .text.xTaskNotifyStateClear:00000000 $t
     /tmp/ccZZCKwI.s:7232   .text.xTaskNotifyStateClear:00000000 xTaskNotifyStateClear
     /tmp/ccZZCKwI.s:7298   .text.xTaskNotifyStateClear:00000030 $d
     /tmp/ccZZCKwI.s:7303   .bss.uxSchedulerSuspended:00000000 $d
     /tmp/ccZZCKwI.s:7309   .bss.xIdleTaskHandle:00000000 $d
     /tmp/ccZZCKwI.s:7315   .bss.xNextTaskUnblockTime:00000000 $d
     /tmp/ccZZCKwI.s:7321   .bss.uxTaskNumber:00000000 $d
     /tmp/ccZZCKwI.s:7327   .bss.xNumOfOverflows:00000000 $d
     /tmp/ccZZCKwI.s:7333   .bss.xYieldPending:00000000 $d
     /tmp/ccZZCKwI.s:7339   .bss.uxPendedTicks:00000000 $d
     /tmp/ccZZCKwI.s:7345   .bss.xSchedulerRunning:00000000 $d
     /tmp/ccZZCKwI.s:7351   .bss.uxTopReadyPriority:00000000 $d
     /tmp/ccZZCKwI.s:7357   .bss.xTickCount:00000000 $d
     /tmp/ccZZCKwI.s:7363   .bss.uxCurrentNumberOfTasks:00000000 $d
     /tmp/ccZZCKwI.s:7369   .bss.xSuspendedTaskList:00000000 $d
     /tmp/ccZZCKwI.s:7375   .bss.uxDeletedTasksWaitingCleanUp:00000000 $d
     /tmp/ccZZCKwI.s:7381   .bss.xTasksWaitingTermination:00000000 $d
     /tmp/ccZZCKwI.s:7387   .bss.xPendingReadyList:00000000 $d
     /tmp/ccZZCKwI.s:7393   .bss.pxOverflowDelayedTaskList:00000000 $d
     /tmp/ccZZCKwI.s:7399   .bss.pxDelayedTaskList:00000000 $d
     /tmp/ccZZCKwI.s:7405   .bss.xDelayedTaskList2:00000000 $d
     /tmp/ccZZCKwI.s:7411   .bss.xDelayedTaskList1:00000000 $d
     /tmp/ccZZCKwI.s:7417   .bss.pxReadyTasksLists:00000000 $d
     /tmp/ccZZCKwI.s:7424   .bss.pxCurrentTCB:00000000 $d

UNDEFINED SYMBOLS
memset
vListInitialiseItem
pxPortInitialiseStack
vListInitialise
vPortEnterCritical
ARM GAS  /tmp/ccZZCKwI.s 			page 260


vListInsertEnd
vPortExitCritical
vPortFree
uxListRemove
vListInsert
pvPortMalloc
vPortValidateInterruptPriority
vApplicationGetIdleTaskMemory
xTimerCreateTimerTask
xPortStartScheduler
vPortEndScheduler
