ARM GAS  /tmp/ccPdA3Zs.s 			page 1


   1              		.cpu cortex-m4
   2              		.arch armv7e-m
   3              		.fpu fpv4-sp-d16
   4              		.eabi_attribute 27, 1
   5              		.eabi_attribute 28, 1
   6              		.eabi_attribute 20, 1
   7              		.eabi_attribute 21, 1
   8              		.eabi_attribute 23, 3
   9              		.eabi_attribute 24, 1
  10              		.eabi_attribute 25, 1
  11              		.eabi_attribute 26, 1
  12              		.eabi_attribute 30, 1
  13              		.eabi_attribute 34, 1
  14              		.eabi_attribute 18, 4
  15              		.file	"timers.c"
  16              		.text
  17              	.Ltext0:
  18              		.cfi_sections	.debug_frame
  19              		.file 1 "Middlewares/Third_Party/FreeRTOS/Source/timers.c"
  20              		.section	.text.prvGetNextExpireTime,"ax",%progbits
  21              		.align	1
  22              		.syntax unified
  23              		.thumb
  24              		.thumb_func
  26              	prvGetNextExpireTime:
  27              	.LVL0:
  28              	.LFB16:
   1:Middlewares/Third_Party/FreeRTOS/Source/timers.c **** /*
   2:Middlewares/Third_Party/FreeRTOS/Source/timers.c ****  * FreeRTOS Kernel V10.0.1
   3:Middlewares/Third_Party/FreeRTOS/Source/timers.c ****  * Copyright (C) 2017 Amazon.com, Inc. or its affiliates.  All Rights Reserved.
   4:Middlewares/Third_Party/FreeRTOS/Source/timers.c ****  *
   5:Middlewares/Third_Party/FreeRTOS/Source/timers.c ****  * Permission is hereby granted, free of charge, to any person obtaining a copy of
   6:Middlewares/Third_Party/FreeRTOS/Source/timers.c ****  * this software and associated documentation files (the "Software"), to deal in
   7:Middlewares/Third_Party/FreeRTOS/Source/timers.c ****  * the Software without restriction, including without limitation the rights to
   8:Middlewares/Third_Party/FreeRTOS/Source/timers.c ****  * use, copy, modify, merge, publish, distribute, sublicense, and/or sell copies of
   9:Middlewares/Third_Party/FreeRTOS/Source/timers.c ****  * the Software, and to permit persons to whom the Software is furnished to do so,
  10:Middlewares/Third_Party/FreeRTOS/Source/timers.c ****  * subject to the following conditions:
  11:Middlewares/Third_Party/FreeRTOS/Source/timers.c ****  *
  12:Middlewares/Third_Party/FreeRTOS/Source/timers.c ****  * The above copyright notice and this permission notice shall be included in all
  13:Middlewares/Third_Party/FreeRTOS/Source/timers.c ****  * copies or substantial portions of the Software.
  14:Middlewares/Third_Party/FreeRTOS/Source/timers.c ****  *
  15:Middlewares/Third_Party/FreeRTOS/Source/timers.c ****  * THE SOFTWARE IS PROVIDED "AS IS", WITHOUT WARRANTY OF ANY KIND, EXPRESS OR
  16:Middlewares/Third_Party/FreeRTOS/Source/timers.c ****  * IMPLIED, INCLUDING BUT NOT LIMITED TO THE WARRANTIES OF MERCHANTABILITY, FITNESS
  17:Middlewares/Third_Party/FreeRTOS/Source/timers.c ****  * FOR A PARTICULAR PURPOSE AND NONINFRINGEMENT. IN NO EVENT SHALL THE AUTHORS OR
  18:Middlewares/Third_Party/FreeRTOS/Source/timers.c ****  * COPYRIGHT HOLDERS BE LIABLE FOR ANY CLAIM, DAMAGES OR OTHER LIABILITY, WHETHER
  19:Middlewares/Third_Party/FreeRTOS/Source/timers.c ****  * IN AN ACTION OF CONTRACT, TORT OR OTHERWISE, ARISING FROM, OUT OF OR IN
  20:Middlewares/Third_Party/FreeRTOS/Source/timers.c ****  * CONNECTION WITH THE SOFTWARE OR THE USE OR OTHER DEALINGS IN THE SOFTWARE.
  21:Middlewares/Third_Party/FreeRTOS/Source/timers.c ****  *
  22:Middlewares/Third_Party/FreeRTOS/Source/timers.c ****  * http://www.FreeRTOS.org
  23:Middlewares/Third_Party/FreeRTOS/Source/timers.c ****  * http://aws.amazon.com/freertos
  24:Middlewares/Third_Party/FreeRTOS/Source/timers.c ****  *
  25:Middlewares/Third_Party/FreeRTOS/Source/timers.c ****  * 1 tab == 4 spaces!
  26:Middlewares/Third_Party/FreeRTOS/Source/timers.c ****  */
  27:Middlewares/Third_Party/FreeRTOS/Source/timers.c **** 
  28:Middlewares/Third_Party/FreeRTOS/Source/timers.c **** /* Standard includes. */
  29:Middlewares/Third_Party/FreeRTOS/Source/timers.c **** #include <stdlib.h>
  30:Middlewares/Third_Party/FreeRTOS/Source/timers.c **** 
ARM GAS  /tmp/ccPdA3Zs.s 			page 2


  31:Middlewares/Third_Party/FreeRTOS/Source/timers.c **** /* Defining MPU_WRAPPERS_INCLUDED_FROM_API_FILE prevents task.h from redefining
  32:Middlewares/Third_Party/FreeRTOS/Source/timers.c **** all the API functions to use the MPU wrappers.  That should only be done when
  33:Middlewares/Third_Party/FreeRTOS/Source/timers.c **** task.h is included from an application file. */
  34:Middlewares/Third_Party/FreeRTOS/Source/timers.c **** #define MPU_WRAPPERS_INCLUDED_FROM_API_FILE
  35:Middlewares/Third_Party/FreeRTOS/Source/timers.c **** 
  36:Middlewares/Third_Party/FreeRTOS/Source/timers.c **** #include "FreeRTOS.h"
  37:Middlewares/Third_Party/FreeRTOS/Source/timers.c **** #include "task.h"
  38:Middlewares/Third_Party/FreeRTOS/Source/timers.c **** #include "queue.h"
  39:Middlewares/Third_Party/FreeRTOS/Source/timers.c **** #include "timers.h"
  40:Middlewares/Third_Party/FreeRTOS/Source/timers.c **** 
  41:Middlewares/Third_Party/FreeRTOS/Source/timers.c **** #if ( INCLUDE_xTimerPendFunctionCall == 1 ) && ( configUSE_TIMERS == 0 )
  42:Middlewares/Third_Party/FreeRTOS/Source/timers.c **** 	#error configUSE_TIMERS must be set to 1 to make the xTimerPendFunctionCall() function available.
  43:Middlewares/Third_Party/FreeRTOS/Source/timers.c **** #endif
  44:Middlewares/Third_Party/FreeRTOS/Source/timers.c **** 
  45:Middlewares/Third_Party/FreeRTOS/Source/timers.c **** /* Lint e961 and e750 are suppressed as a MISRA exception justified because the
  46:Middlewares/Third_Party/FreeRTOS/Source/timers.c **** MPU ports require MPU_WRAPPERS_INCLUDED_FROM_API_FILE to be defined for the
  47:Middlewares/Third_Party/FreeRTOS/Source/timers.c **** header files above, but not in this file, in order to generate the correct
  48:Middlewares/Third_Party/FreeRTOS/Source/timers.c **** privileged Vs unprivileged linkage and placement. */
  49:Middlewares/Third_Party/FreeRTOS/Source/timers.c **** #undef MPU_WRAPPERS_INCLUDED_FROM_API_FILE /*lint !e961 !e750. */
  50:Middlewares/Third_Party/FreeRTOS/Source/timers.c **** 
  51:Middlewares/Third_Party/FreeRTOS/Source/timers.c **** 
  52:Middlewares/Third_Party/FreeRTOS/Source/timers.c **** /* This entire source file will be skipped if the application is not configured
  53:Middlewares/Third_Party/FreeRTOS/Source/timers.c **** to include software timer functionality.  This #if is closed at the very bottom
  54:Middlewares/Third_Party/FreeRTOS/Source/timers.c **** of this file.  If you want to include software timer functionality then ensure
  55:Middlewares/Third_Party/FreeRTOS/Source/timers.c **** configUSE_TIMERS is set to 1 in FreeRTOSConfig.h. */
  56:Middlewares/Third_Party/FreeRTOS/Source/timers.c **** #if ( configUSE_TIMERS == 1 )
  57:Middlewares/Third_Party/FreeRTOS/Source/timers.c **** 
  58:Middlewares/Third_Party/FreeRTOS/Source/timers.c **** /* Misc definitions. */
  59:Middlewares/Third_Party/FreeRTOS/Source/timers.c **** #define tmrNO_DELAY		( TickType_t ) 0U
  60:Middlewares/Third_Party/FreeRTOS/Source/timers.c **** 
  61:Middlewares/Third_Party/FreeRTOS/Source/timers.c **** /* The name assigned to the timer service task.  This can be overridden by
  62:Middlewares/Third_Party/FreeRTOS/Source/timers.c **** defining trmTIMER_SERVICE_TASK_NAME in FreeRTOSConfig.h. */
  63:Middlewares/Third_Party/FreeRTOS/Source/timers.c **** #ifndef configTIMER_SERVICE_TASK_NAME
  64:Middlewares/Third_Party/FreeRTOS/Source/timers.c **** 	#define configTIMER_SERVICE_TASK_NAME "Tmr Svc"
  65:Middlewares/Third_Party/FreeRTOS/Source/timers.c **** #endif
  66:Middlewares/Third_Party/FreeRTOS/Source/timers.c **** 
  67:Middlewares/Third_Party/FreeRTOS/Source/timers.c **** /* The definition of the timers themselves. */
  68:Middlewares/Third_Party/FreeRTOS/Source/timers.c **** typedef struct tmrTimerControl
  69:Middlewares/Third_Party/FreeRTOS/Source/timers.c **** {
  70:Middlewares/Third_Party/FreeRTOS/Source/timers.c **** 	const char				*pcTimerName;		/*<< Text name.  This is not used by the kernel, it is included simpl
  71:Middlewares/Third_Party/FreeRTOS/Source/timers.c **** 	ListItem_t				xTimerListItem;		/*<< Standard linked list item as used by all kernel features for e
  72:Middlewares/Third_Party/FreeRTOS/Source/timers.c **** 	TickType_t				xTimerPeriodInTicks;/*<< How quickly and often the timer expires. */
  73:Middlewares/Third_Party/FreeRTOS/Source/timers.c **** 	UBaseType_t				uxAutoReload;		/*<< Set to pdTRUE if the timer should be automatically restarted on
  74:Middlewares/Third_Party/FreeRTOS/Source/timers.c **** 	void 					*pvTimerID;			/*<< An ID to identify the timer.  This allows the timer to be identified 
  75:Middlewares/Third_Party/FreeRTOS/Source/timers.c **** 	TimerCallbackFunction_t	pxCallbackFunction;	/*<< The function that will be called when the timer e
  76:Middlewares/Third_Party/FreeRTOS/Source/timers.c **** 	#if( configUSE_TRACE_FACILITY == 1 )
  77:Middlewares/Third_Party/FreeRTOS/Source/timers.c **** 		UBaseType_t			uxTimerNumber;		/*<< An ID assigned by trace tools such as FreeRTOS+Trace */
  78:Middlewares/Third_Party/FreeRTOS/Source/timers.c **** 	#endif
  79:Middlewares/Third_Party/FreeRTOS/Source/timers.c **** 
  80:Middlewares/Third_Party/FreeRTOS/Source/timers.c **** 	#if( ( configSUPPORT_STATIC_ALLOCATION == 1 ) && ( configSUPPORT_DYNAMIC_ALLOCATION == 1 ) )
  81:Middlewares/Third_Party/FreeRTOS/Source/timers.c **** 		uint8_t 			ucStaticallyAllocated; /*<< Set to pdTRUE if the timer was created statically so no at
  82:Middlewares/Third_Party/FreeRTOS/Source/timers.c **** 	#endif
  83:Middlewares/Third_Party/FreeRTOS/Source/timers.c **** } xTIMER;
  84:Middlewares/Third_Party/FreeRTOS/Source/timers.c **** 
  85:Middlewares/Third_Party/FreeRTOS/Source/timers.c **** /* The old xTIMER name is maintained above then typedefed to the new Timer_t
  86:Middlewares/Third_Party/FreeRTOS/Source/timers.c **** name below to enable the use of older kernel aware debuggers. */
  87:Middlewares/Third_Party/FreeRTOS/Source/timers.c **** typedef xTIMER Timer_t;
ARM GAS  /tmp/ccPdA3Zs.s 			page 3


  88:Middlewares/Third_Party/FreeRTOS/Source/timers.c **** 
  89:Middlewares/Third_Party/FreeRTOS/Source/timers.c **** /* The definition of messages that can be sent and received on the timer queue.
  90:Middlewares/Third_Party/FreeRTOS/Source/timers.c **** Two types of message can be queued - messages that manipulate a software timer,
  91:Middlewares/Third_Party/FreeRTOS/Source/timers.c **** and messages that request the execution of a non-timer related callback.  The
  92:Middlewares/Third_Party/FreeRTOS/Source/timers.c **** two message types are defined in two separate structures, xTimerParametersType
  93:Middlewares/Third_Party/FreeRTOS/Source/timers.c **** and xCallbackParametersType respectively. */
  94:Middlewares/Third_Party/FreeRTOS/Source/timers.c **** typedef struct tmrTimerParameters
  95:Middlewares/Third_Party/FreeRTOS/Source/timers.c **** {
  96:Middlewares/Third_Party/FreeRTOS/Source/timers.c **** 	TickType_t			xMessageValue;		/*<< An optional value used by a subset of commands, for example, whe
  97:Middlewares/Third_Party/FreeRTOS/Source/timers.c **** 	Timer_t *			pxTimer;			/*<< The timer to which the command will be applied. */
  98:Middlewares/Third_Party/FreeRTOS/Source/timers.c **** } TimerParameter_t;
  99:Middlewares/Third_Party/FreeRTOS/Source/timers.c **** 
 100:Middlewares/Third_Party/FreeRTOS/Source/timers.c **** 
 101:Middlewares/Third_Party/FreeRTOS/Source/timers.c **** typedef struct tmrCallbackParameters
 102:Middlewares/Third_Party/FreeRTOS/Source/timers.c **** {
 103:Middlewares/Third_Party/FreeRTOS/Source/timers.c **** 	PendedFunction_t	pxCallbackFunction;	/* << The callback function to execute. */
 104:Middlewares/Third_Party/FreeRTOS/Source/timers.c **** 	void *pvParameter1;						/* << The value that will be used as the callback functions first paramet
 105:Middlewares/Third_Party/FreeRTOS/Source/timers.c **** 	uint32_t ulParameter2;					/* << The value that will be used as the callback functions second para
 106:Middlewares/Third_Party/FreeRTOS/Source/timers.c **** } CallbackParameters_t;
 107:Middlewares/Third_Party/FreeRTOS/Source/timers.c **** 
 108:Middlewares/Third_Party/FreeRTOS/Source/timers.c **** /* The structure that contains the two message types, along with an identifier
 109:Middlewares/Third_Party/FreeRTOS/Source/timers.c **** that is used to determine which message type is valid. */
 110:Middlewares/Third_Party/FreeRTOS/Source/timers.c **** typedef struct tmrTimerQueueMessage
 111:Middlewares/Third_Party/FreeRTOS/Source/timers.c **** {
 112:Middlewares/Third_Party/FreeRTOS/Source/timers.c **** 	BaseType_t			xMessageID;			/*<< The command being sent to the timer service task. */
 113:Middlewares/Third_Party/FreeRTOS/Source/timers.c **** 	union
 114:Middlewares/Third_Party/FreeRTOS/Source/timers.c **** 	{
 115:Middlewares/Third_Party/FreeRTOS/Source/timers.c **** 		TimerParameter_t xTimerParameters;
 116:Middlewares/Third_Party/FreeRTOS/Source/timers.c **** 
 117:Middlewares/Third_Party/FreeRTOS/Source/timers.c **** 		/* Don't include xCallbackParameters if it is not going to be used as
 118:Middlewares/Third_Party/FreeRTOS/Source/timers.c **** 		it makes the structure (and therefore the timer queue) larger. */
 119:Middlewares/Third_Party/FreeRTOS/Source/timers.c **** 		#if ( INCLUDE_xTimerPendFunctionCall == 1 )
 120:Middlewares/Third_Party/FreeRTOS/Source/timers.c **** 			CallbackParameters_t xCallbackParameters;
 121:Middlewares/Third_Party/FreeRTOS/Source/timers.c **** 		#endif /* INCLUDE_xTimerPendFunctionCall */
 122:Middlewares/Third_Party/FreeRTOS/Source/timers.c **** 	} u;
 123:Middlewares/Third_Party/FreeRTOS/Source/timers.c **** } DaemonTaskMessage_t;
 124:Middlewares/Third_Party/FreeRTOS/Source/timers.c **** 
 125:Middlewares/Third_Party/FreeRTOS/Source/timers.c **** /*lint -save -e956 A manual analysis and inspection has been used to determine
 126:Middlewares/Third_Party/FreeRTOS/Source/timers.c **** which static variables must be declared volatile. */
 127:Middlewares/Third_Party/FreeRTOS/Source/timers.c **** 
 128:Middlewares/Third_Party/FreeRTOS/Source/timers.c **** /* The list in which active timers are stored.  Timers are referenced in expire
 129:Middlewares/Third_Party/FreeRTOS/Source/timers.c **** time order, with the nearest expiry time at the front of the list.  Only the
 130:Middlewares/Third_Party/FreeRTOS/Source/timers.c **** timer service task is allowed to access these lists. */
 131:Middlewares/Third_Party/FreeRTOS/Source/timers.c **** PRIVILEGED_DATA static List_t xActiveTimerList1 = {0};
 132:Middlewares/Third_Party/FreeRTOS/Source/timers.c **** PRIVILEGED_DATA static List_t xActiveTimerList2 = {0};
 133:Middlewares/Third_Party/FreeRTOS/Source/timers.c **** PRIVILEGED_DATA static List_t *pxCurrentTimerList = NULL;
 134:Middlewares/Third_Party/FreeRTOS/Source/timers.c **** PRIVILEGED_DATA static List_t *pxOverflowTimerList = NULL;
 135:Middlewares/Third_Party/FreeRTOS/Source/timers.c **** 
 136:Middlewares/Third_Party/FreeRTOS/Source/timers.c **** /* A queue that is used to send commands to the timer service task. */
 137:Middlewares/Third_Party/FreeRTOS/Source/timers.c **** PRIVILEGED_DATA static QueueHandle_t xTimerQueue = NULL;
 138:Middlewares/Third_Party/FreeRTOS/Source/timers.c **** PRIVILEGED_DATA static TaskHandle_t xTimerTaskHandle = NULL;
 139:Middlewares/Third_Party/FreeRTOS/Source/timers.c **** 
 140:Middlewares/Third_Party/FreeRTOS/Source/timers.c **** /*lint -restore */
 141:Middlewares/Third_Party/FreeRTOS/Source/timers.c **** 
 142:Middlewares/Third_Party/FreeRTOS/Source/timers.c **** /*-----------------------------------------------------------*/
 143:Middlewares/Third_Party/FreeRTOS/Source/timers.c **** 
 144:Middlewares/Third_Party/FreeRTOS/Source/timers.c **** #if( configSUPPORT_STATIC_ALLOCATION == 1 )
ARM GAS  /tmp/ccPdA3Zs.s 			page 4


 145:Middlewares/Third_Party/FreeRTOS/Source/timers.c **** 
 146:Middlewares/Third_Party/FreeRTOS/Source/timers.c **** 	/* If static allocation is supported then the application must provide the
 147:Middlewares/Third_Party/FreeRTOS/Source/timers.c **** 	following callback function - which enables the application to optionally
 148:Middlewares/Third_Party/FreeRTOS/Source/timers.c **** 	provide the memory that will be used by the timer task as the task's stack
 149:Middlewares/Third_Party/FreeRTOS/Source/timers.c **** 	and TCB. */
 150:Middlewares/Third_Party/FreeRTOS/Source/timers.c **** 	extern void vApplicationGetTimerTaskMemory( StaticTask_t **ppxTimerTaskTCBBuffer, StackType_t **pp
 151:Middlewares/Third_Party/FreeRTOS/Source/timers.c **** 
 152:Middlewares/Third_Party/FreeRTOS/Source/timers.c **** #endif
 153:Middlewares/Third_Party/FreeRTOS/Source/timers.c **** 
 154:Middlewares/Third_Party/FreeRTOS/Source/timers.c **** /*
 155:Middlewares/Third_Party/FreeRTOS/Source/timers.c ****  * Initialise the infrastructure used by the timer service task if it has not
 156:Middlewares/Third_Party/FreeRTOS/Source/timers.c ****  * been initialised already.
 157:Middlewares/Third_Party/FreeRTOS/Source/timers.c ****  */
 158:Middlewares/Third_Party/FreeRTOS/Source/timers.c **** static void prvCheckForValidListAndQueue( void ) PRIVILEGED_FUNCTION;
 159:Middlewares/Third_Party/FreeRTOS/Source/timers.c **** 
 160:Middlewares/Third_Party/FreeRTOS/Source/timers.c **** /*
 161:Middlewares/Third_Party/FreeRTOS/Source/timers.c ****  * The timer service task (daemon).  Timer functionality is controlled by this
 162:Middlewares/Third_Party/FreeRTOS/Source/timers.c ****  * task.  Other tasks communicate with the timer service task using the
 163:Middlewares/Third_Party/FreeRTOS/Source/timers.c ****  * xTimerQueue queue.
 164:Middlewares/Third_Party/FreeRTOS/Source/timers.c ****  */
 165:Middlewares/Third_Party/FreeRTOS/Source/timers.c **** static void prvTimerTask( void *pvParameters ) PRIVILEGED_FUNCTION;
 166:Middlewares/Third_Party/FreeRTOS/Source/timers.c **** 
 167:Middlewares/Third_Party/FreeRTOS/Source/timers.c **** /*
 168:Middlewares/Third_Party/FreeRTOS/Source/timers.c ****  * Called by the timer service task to interpret and process a command it
 169:Middlewares/Third_Party/FreeRTOS/Source/timers.c ****  * received on the timer queue.
 170:Middlewares/Third_Party/FreeRTOS/Source/timers.c ****  */
 171:Middlewares/Third_Party/FreeRTOS/Source/timers.c **** static void prvProcessReceivedCommands( void ) PRIVILEGED_FUNCTION;
 172:Middlewares/Third_Party/FreeRTOS/Source/timers.c **** 
 173:Middlewares/Third_Party/FreeRTOS/Source/timers.c **** /*
 174:Middlewares/Third_Party/FreeRTOS/Source/timers.c ****  * Insert the timer into either xActiveTimerList1, or xActiveTimerList2,
 175:Middlewares/Third_Party/FreeRTOS/Source/timers.c ****  * depending on if the expire time causes a timer counter overflow.
 176:Middlewares/Third_Party/FreeRTOS/Source/timers.c ****  */
 177:Middlewares/Third_Party/FreeRTOS/Source/timers.c **** static BaseType_t prvInsertTimerInActiveList( Timer_t * const pxTimer, const TickType_t xNextExpiry
 178:Middlewares/Third_Party/FreeRTOS/Source/timers.c **** 
 179:Middlewares/Third_Party/FreeRTOS/Source/timers.c **** /*
 180:Middlewares/Third_Party/FreeRTOS/Source/timers.c ****  * An active timer has reached its expire time.  Reload the timer if it is an
 181:Middlewares/Third_Party/FreeRTOS/Source/timers.c ****  * auto reload timer, then call its callback.
 182:Middlewares/Third_Party/FreeRTOS/Source/timers.c ****  */
 183:Middlewares/Third_Party/FreeRTOS/Source/timers.c **** static void prvProcessExpiredTimer( const TickType_t xNextExpireTime, const TickType_t xTimeNow ) P
 184:Middlewares/Third_Party/FreeRTOS/Source/timers.c **** 
 185:Middlewares/Third_Party/FreeRTOS/Source/timers.c **** /*
 186:Middlewares/Third_Party/FreeRTOS/Source/timers.c ****  * The tick count has overflowed.  Switch the timer lists after ensuring the
 187:Middlewares/Third_Party/FreeRTOS/Source/timers.c ****  * current timer list does not still reference some timers.
 188:Middlewares/Third_Party/FreeRTOS/Source/timers.c ****  */
 189:Middlewares/Third_Party/FreeRTOS/Source/timers.c **** static void prvSwitchTimerLists( void ) PRIVILEGED_FUNCTION;
 190:Middlewares/Third_Party/FreeRTOS/Source/timers.c **** 
 191:Middlewares/Third_Party/FreeRTOS/Source/timers.c **** /*
 192:Middlewares/Third_Party/FreeRTOS/Source/timers.c ****  * Obtain the current tick count, setting *pxTimerListsWereSwitched to pdTRUE
 193:Middlewares/Third_Party/FreeRTOS/Source/timers.c ****  * if a tick count overflow occurred since prvSampleTimeNow() was last called.
 194:Middlewares/Third_Party/FreeRTOS/Source/timers.c ****  */
 195:Middlewares/Third_Party/FreeRTOS/Source/timers.c **** static TickType_t prvSampleTimeNow( BaseType_t * const pxTimerListsWereSwitched ) PRIVILEGED_FUNCTI
 196:Middlewares/Third_Party/FreeRTOS/Source/timers.c **** 
 197:Middlewares/Third_Party/FreeRTOS/Source/timers.c **** /*
 198:Middlewares/Third_Party/FreeRTOS/Source/timers.c ****  * If the timer list contains any active timers then return the expire time of
 199:Middlewares/Third_Party/FreeRTOS/Source/timers.c ****  * the timer that will expire first and set *pxListWasEmpty to false.  If the
 200:Middlewares/Third_Party/FreeRTOS/Source/timers.c ****  * timer list does not contain any timers then return 0 and set *pxListWasEmpty
 201:Middlewares/Third_Party/FreeRTOS/Source/timers.c ****  * to pdTRUE.
ARM GAS  /tmp/ccPdA3Zs.s 			page 5


 202:Middlewares/Third_Party/FreeRTOS/Source/timers.c ****  */
 203:Middlewares/Third_Party/FreeRTOS/Source/timers.c **** static TickType_t prvGetNextExpireTime( BaseType_t * const pxListWasEmpty ) PRIVILEGED_FUNCTION;
 204:Middlewares/Third_Party/FreeRTOS/Source/timers.c **** 
 205:Middlewares/Third_Party/FreeRTOS/Source/timers.c **** /*
 206:Middlewares/Third_Party/FreeRTOS/Source/timers.c ****  * If a timer has expired, process it.  Otherwise, block the timer service task
 207:Middlewares/Third_Party/FreeRTOS/Source/timers.c ****  * until either a timer does expire or a command is received.
 208:Middlewares/Third_Party/FreeRTOS/Source/timers.c ****  */
 209:Middlewares/Third_Party/FreeRTOS/Source/timers.c **** static void prvProcessTimerOrBlockTask( const TickType_t xNextExpireTime, BaseType_t xListWasEmpty 
 210:Middlewares/Third_Party/FreeRTOS/Source/timers.c **** 
 211:Middlewares/Third_Party/FreeRTOS/Source/timers.c **** /*
 212:Middlewares/Third_Party/FreeRTOS/Source/timers.c ****  * Called after a Timer_t structure has been allocated either statically or
 213:Middlewares/Third_Party/FreeRTOS/Source/timers.c ****  * dynamically to fill in the structure's members.
 214:Middlewares/Third_Party/FreeRTOS/Source/timers.c ****  */
 215:Middlewares/Third_Party/FreeRTOS/Source/timers.c **** static void prvInitialiseNewTimer(	const char * const pcTimerName,			/*lint !e971 Unqualified char 
 216:Middlewares/Third_Party/FreeRTOS/Source/timers.c **** 									const TickType_t xTimerPeriodInTicks,
 217:Middlewares/Third_Party/FreeRTOS/Source/timers.c **** 									const UBaseType_t uxAutoReload,
 218:Middlewares/Third_Party/FreeRTOS/Source/timers.c **** 									void * const pvTimerID,
 219:Middlewares/Third_Party/FreeRTOS/Source/timers.c **** 									TimerCallbackFunction_t pxCallbackFunction,
 220:Middlewares/Third_Party/FreeRTOS/Source/timers.c **** 									Timer_t *pxNewTimer ) PRIVILEGED_FUNCTION;
 221:Middlewares/Third_Party/FreeRTOS/Source/timers.c **** /*-----------------------------------------------------------*/
 222:Middlewares/Third_Party/FreeRTOS/Source/timers.c **** 
 223:Middlewares/Third_Party/FreeRTOS/Source/timers.c **** BaseType_t xTimerCreateTimerTask( void )
 224:Middlewares/Third_Party/FreeRTOS/Source/timers.c **** {
 225:Middlewares/Third_Party/FreeRTOS/Source/timers.c **** BaseType_t xReturn = pdFAIL;
 226:Middlewares/Third_Party/FreeRTOS/Source/timers.c **** 
 227:Middlewares/Third_Party/FreeRTOS/Source/timers.c **** 	/* This function is called when the scheduler is started if
 228:Middlewares/Third_Party/FreeRTOS/Source/timers.c **** 	configUSE_TIMERS is set to 1.  Check that the infrastructure used by the
 229:Middlewares/Third_Party/FreeRTOS/Source/timers.c **** 	timer service task has been created/initialised.  If timers have already
 230:Middlewares/Third_Party/FreeRTOS/Source/timers.c **** 	been created then the initialisation will already have been performed. */
 231:Middlewares/Third_Party/FreeRTOS/Source/timers.c **** 	prvCheckForValidListAndQueue();
 232:Middlewares/Third_Party/FreeRTOS/Source/timers.c **** 
 233:Middlewares/Third_Party/FreeRTOS/Source/timers.c **** 	if( xTimerQueue != NULL )
 234:Middlewares/Third_Party/FreeRTOS/Source/timers.c **** 	{
 235:Middlewares/Third_Party/FreeRTOS/Source/timers.c **** 		#if( configSUPPORT_STATIC_ALLOCATION == 1 )
 236:Middlewares/Third_Party/FreeRTOS/Source/timers.c **** 		{
 237:Middlewares/Third_Party/FreeRTOS/Source/timers.c **** 			StaticTask_t *pxTimerTaskTCBBuffer = NULL;
 238:Middlewares/Third_Party/FreeRTOS/Source/timers.c **** 			StackType_t *pxTimerTaskStackBuffer = NULL;
 239:Middlewares/Third_Party/FreeRTOS/Source/timers.c **** 			uint32_t ulTimerTaskStackSize;
 240:Middlewares/Third_Party/FreeRTOS/Source/timers.c **** 
 241:Middlewares/Third_Party/FreeRTOS/Source/timers.c **** 			vApplicationGetTimerTaskMemory( &pxTimerTaskTCBBuffer, &pxTimerTaskStackBuffer, &ulTimerTaskStac
 242:Middlewares/Third_Party/FreeRTOS/Source/timers.c **** 			xTimerTaskHandle = xTaskCreateStatic(	prvTimerTask,
 243:Middlewares/Third_Party/FreeRTOS/Source/timers.c **** 													configTIMER_SERVICE_TASK_NAME,
 244:Middlewares/Third_Party/FreeRTOS/Source/timers.c **** 													ulTimerTaskStackSize,
 245:Middlewares/Third_Party/FreeRTOS/Source/timers.c **** 													NULL,
 246:Middlewares/Third_Party/FreeRTOS/Source/timers.c **** 													( ( UBaseType_t ) configTIMER_TASK_PRIORITY ) | portPRIVILEGE_BIT,
 247:Middlewares/Third_Party/FreeRTOS/Source/timers.c **** 													pxTimerTaskStackBuffer,
 248:Middlewares/Third_Party/FreeRTOS/Source/timers.c **** 													pxTimerTaskTCBBuffer );
 249:Middlewares/Third_Party/FreeRTOS/Source/timers.c **** 
 250:Middlewares/Third_Party/FreeRTOS/Source/timers.c **** 			if( xTimerTaskHandle != NULL )
 251:Middlewares/Third_Party/FreeRTOS/Source/timers.c **** 			{
 252:Middlewares/Third_Party/FreeRTOS/Source/timers.c **** 				xReturn = pdPASS;
 253:Middlewares/Third_Party/FreeRTOS/Source/timers.c **** 			}
 254:Middlewares/Third_Party/FreeRTOS/Source/timers.c **** 		}
 255:Middlewares/Third_Party/FreeRTOS/Source/timers.c **** 		#else
 256:Middlewares/Third_Party/FreeRTOS/Source/timers.c **** 		{
 257:Middlewares/Third_Party/FreeRTOS/Source/timers.c **** 			xReturn = xTaskCreate(	prvTimerTask,
 258:Middlewares/Third_Party/FreeRTOS/Source/timers.c **** 									configTIMER_SERVICE_TASK_NAME,
ARM GAS  /tmp/ccPdA3Zs.s 			page 6


 259:Middlewares/Third_Party/FreeRTOS/Source/timers.c **** 									configTIMER_TASK_STACK_DEPTH,
 260:Middlewares/Third_Party/FreeRTOS/Source/timers.c **** 									NULL,
 261:Middlewares/Third_Party/FreeRTOS/Source/timers.c **** 									( ( UBaseType_t ) configTIMER_TASK_PRIORITY ) | portPRIVILEGE_BIT,
 262:Middlewares/Third_Party/FreeRTOS/Source/timers.c **** 									&xTimerTaskHandle );
 263:Middlewares/Third_Party/FreeRTOS/Source/timers.c **** 		}
 264:Middlewares/Third_Party/FreeRTOS/Source/timers.c **** 		#endif /* configSUPPORT_STATIC_ALLOCATION */
 265:Middlewares/Third_Party/FreeRTOS/Source/timers.c **** 	}
 266:Middlewares/Third_Party/FreeRTOS/Source/timers.c **** 	else
 267:Middlewares/Third_Party/FreeRTOS/Source/timers.c **** 	{
 268:Middlewares/Third_Party/FreeRTOS/Source/timers.c **** 		mtCOVERAGE_TEST_MARKER();
 269:Middlewares/Third_Party/FreeRTOS/Source/timers.c **** 	}
 270:Middlewares/Third_Party/FreeRTOS/Source/timers.c **** 
 271:Middlewares/Third_Party/FreeRTOS/Source/timers.c **** 	configASSERT( xReturn );
 272:Middlewares/Third_Party/FreeRTOS/Source/timers.c **** 	return xReturn;
 273:Middlewares/Third_Party/FreeRTOS/Source/timers.c **** }
 274:Middlewares/Third_Party/FreeRTOS/Source/timers.c **** /*-----------------------------------------------------------*/
 275:Middlewares/Third_Party/FreeRTOS/Source/timers.c **** 
 276:Middlewares/Third_Party/FreeRTOS/Source/timers.c **** #if( configSUPPORT_DYNAMIC_ALLOCATION == 1 )
 277:Middlewares/Third_Party/FreeRTOS/Source/timers.c **** 
 278:Middlewares/Third_Party/FreeRTOS/Source/timers.c **** 	TimerHandle_t xTimerCreate(	const char * const pcTimerName,			/*lint !e971 Unqualified char types 
 279:Middlewares/Third_Party/FreeRTOS/Source/timers.c **** 								const TickType_t xTimerPeriodInTicks,
 280:Middlewares/Third_Party/FreeRTOS/Source/timers.c **** 								const UBaseType_t uxAutoReload,
 281:Middlewares/Third_Party/FreeRTOS/Source/timers.c **** 								void * const pvTimerID,
 282:Middlewares/Third_Party/FreeRTOS/Source/timers.c **** 								TimerCallbackFunction_t pxCallbackFunction )
 283:Middlewares/Third_Party/FreeRTOS/Source/timers.c **** 	{
 284:Middlewares/Third_Party/FreeRTOS/Source/timers.c **** 	Timer_t *pxNewTimer;
 285:Middlewares/Third_Party/FreeRTOS/Source/timers.c **** 
 286:Middlewares/Third_Party/FreeRTOS/Source/timers.c **** 		pxNewTimer = ( Timer_t * ) pvPortMalloc( sizeof( Timer_t ) );
 287:Middlewares/Third_Party/FreeRTOS/Source/timers.c **** 
 288:Middlewares/Third_Party/FreeRTOS/Source/timers.c **** 		if( pxNewTimer != NULL )
 289:Middlewares/Third_Party/FreeRTOS/Source/timers.c **** 		{
 290:Middlewares/Third_Party/FreeRTOS/Source/timers.c **** 			prvInitialiseNewTimer( pcTimerName, xTimerPeriodInTicks, uxAutoReload, pvTimerID, pxCallbackFunc
 291:Middlewares/Third_Party/FreeRTOS/Source/timers.c **** 
 292:Middlewares/Third_Party/FreeRTOS/Source/timers.c **** 			#if( configSUPPORT_STATIC_ALLOCATION == 1 )
 293:Middlewares/Third_Party/FreeRTOS/Source/timers.c **** 			{
 294:Middlewares/Third_Party/FreeRTOS/Source/timers.c **** 				/* Timers can be created statically or dynamically, so note this
 295:Middlewares/Third_Party/FreeRTOS/Source/timers.c **** 				timer was created dynamically in case the timer is later
 296:Middlewares/Third_Party/FreeRTOS/Source/timers.c **** 				deleted. */
 297:Middlewares/Third_Party/FreeRTOS/Source/timers.c **** 				pxNewTimer->ucStaticallyAllocated = pdFALSE;
 298:Middlewares/Third_Party/FreeRTOS/Source/timers.c **** 			}
 299:Middlewares/Third_Party/FreeRTOS/Source/timers.c **** 			#endif /* configSUPPORT_STATIC_ALLOCATION */
 300:Middlewares/Third_Party/FreeRTOS/Source/timers.c **** 		}
 301:Middlewares/Third_Party/FreeRTOS/Source/timers.c **** 
 302:Middlewares/Third_Party/FreeRTOS/Source/timers.c **** 		return pxNewTimer;
 303:Middlewares/Third_Party/FreeRTOS/Source/timers.c **** 	}
 304:Middlewares/Third_Party/FreeRTOS/Source/timers.c **** 
 305:Middlewares/Third_Party/FreeRTOS/Source/timers.c **** #endif /* configSUPPORT_STATIC_ALLOCATION */
 306:Middlewares/Third_Party/FreeRTOS/Source/timers.c **** /*-----------------------------------------------------------*/
 307:Middlewares/Third_Party/FreeRTOS/Source/timers.c **** 
 308:Middlewares/Third_Party/FreeRTOS/Source/timers.c **** #if( configSUPPORT_STATIC_ALLOCATION == 1 )
 309:Middlewares/Third_Party/FreeRTOS/Source/timers.c **** 
 310:Middlewares/Third_Party/FreeRTOS/Source/timers.c **** 	TimerHandle_t xTimerCreateStatic(	const char * const pcTimerName,		/*lint !e971 Unqualified char t
 311:Middlewares/Third_Party/FreeRTOS/Source/timers.c **** 										const TickType_t xTimerPeriodInTicks,
 312:Middlewares/Third_Party/FreeRTOS/Source/timers.c **** 										const UBaseType_t uxAutoReload,
 313:Middlewares/Third_Party/FreeRTOS/Source/timers.c **** 										void * const pvTimerID,
 314:Middlewares/Third_Party/FreeRTOS/Source/timers.c **** 										TimerCallbackFunction_t pxCallbackFunction,
 315:Middlewares/Third_Party/FreeRTOS/Source/timers.c **** 										StaticTimer_t *pxTimerBuffer )
ARM GAS  /tmp/ccPdA3Zs.s 			page 7


 316:Middlewares/Third_Party/FreeRTOS/Source/timers.c **** 	{
 317:Middlewares/Third_Party/FreeRTOS/Source/timers.c **** 	Timer_t *pxNewTimer;
 318:Middlewares/Third_Party/FreeRTOS/Source/timers.c **** 
 319:Middlewares/Third_Party/FreeRTOS/Source/timers.c **** 		#if( configASSERT_DEFINED == 1 )
 320:Middlewares/Third_Party/FreeRTOS/Source/timers.c **** 		{
 321:Middlewares/Third_Party/FreeRTOS/Source/timers.c **** 			/* Sanity check that the size of the structure used to declare a
 322:Middlewares/Third_Party/FreeRTOS/Source/timers.c **** 			variable of type StaticTimer_t equals the size of the real timer
 323:Middlewares/Third_Party/FreeRTOS/Source/timers.c **** 			structure. */
 324:Middlewares/Third_Party/FreeRTOS/Source/timers.c **** 			volatile size_t xSize = sizeof( StaticTimer_t );
 325:Middlewares/Third_Party/FreeRTOS/Source/timers.c **** 			configASSERT( xSize == sizeof( Timer_t ) );
 326:Middlewares/Third_Party/FreeRTOS/Source/timers.c **** 		}
 327:Middlewares/Third_Party/FreeRTOS/Source/timers.c **** 		#endif /* configASSERT_DEFINED */
 328:Middlewares/Third_Party/FreeRTOS/Source/timers.c **** 
 329:Middlewares/Third_Party/FreeRTOS/Source/timers.c **** 		/* A pointer to a StaticTimer_t structure MUST be provided, use it. */
 330:Middlewares/Third_Party/FreeRTOS/Source/timers.c **** 		configASSERT( pxTimerBuffer );
 331:Middlewares/Third_Party/FreeRTOS/Source/timers.c **** 		pxNewTimer = ( Timer_t * ) pxTimerBuffer; /*lint !e740 Unusual cast is ok as the structures are d
 332:Middlewares/Third_Party/FreeRTOS/Source/timers.c **** 
 333:Middlewares/Third_Party/FreeRTOS/Source/timers.c **** 		if( pxNewTimer != NULL )
 334:Middlewares/Third_Party/FreeRTOS/Source/timers.c **** 		{
 335:Middlewares/Third_Party/FreeRTOS/Source/timers.c **** 			prvInitialiseNewTimer( pcTimerName, xTimerPeriodInTicks, uxAutoReload, pvTimerID, pxCallbackFunc
 336:Middlewares/Third_Party/FreeRTOS/Source/timers.c **** 
 337:Middlewares/Third_Party/FreeRTOS/Source/timers.c **** 			#if( configSUPPORT_DYNAMIC_ALLOCATION == 1 )
 338:Middlewares/Third_Party/FreeRTOS/Source/timers.c **** 			{
 339:Middlewares/Third_Party/FreeRTOS/Source/timers.c **** 				/* Timers can be created statically or dynamically so note this
 340:Middlewares/Third_Party/FreeRTOS/Source/timers.c **** 				timer was created statically in case it is later deleted. */
 341:Middlewares/Third_Party/FreeRTOS/Source/timers.c **** 				pxNewTimer->ucStaticallyAllocated = pdTRUE;
 342:Middlewares/Third_Party/FreeRTOS/Source/timers.c **** 			}
 343:Middlewares/Third_Party/FreeRTOS/Source/timers.c **** 			#endif /* configSUPPORT_DYNAMIC_ALLOCATION */
 344:Middlewares/Third_Party/FreeRTOS/Source/timers.c **** 		}
 345:Middlewares/Third_Party/FreeRTOS/Source/timers.c **** 
 346:Middlewares/Third_Party/FreeRTOS/Source/timers.c **** 		return pxNewTimer;
 347:Middlewares/Third_Party/FreeRTOS/Source/timers.c **** 	}
 348:Middlewares/Third_Party/FreeRTOS/Source/timers.c **** 
 349:Middlewares/Third_Party/FreeRTOS/Source/timers.c **** #endif /* configSUPPORT_STATIC_ALLOCATION */
 350:Middlewares/Third_Party/FreeRTOS/Source/timers.c **** /*-----------------------------------------------------------*/
 351:Middlewares/Third_Party/FreeRTOS/Source/timers.c **** 
 352:Middlewares/Third_Party/FreeRTOS/Source/timers.c **** static void prvInitialiseNewTimer(	const char * const pcTimerName,			/*lint !e971 Unqualified char 
 353:Middlewares/Third_Party/FreeRTOS/Source/timers.c **** 									const TickType_t xTimerPeriodInTicks,
 354:Middlewares/Third_Party/FreeRTOS/Source/timers.c **** 									const UBaseType_t uxAutoReload,
 355:Middlewares/Third_Party/FreeRTOS/Source/timers.c **** 									void * const pvTimerID,
 356:Middlewares/Third_Party/FreeRTOS/Source/timers.c **** 									TimerCallbackFunction_t pxCallbackFunction,
 357:Middlewares/Third_Party/FreeRTOS/Source/timers.c **** 									Timer_t *pxNewTimer )
 358:Middlewares/Third_Party/FreeRTOS/Source/timers.c **** {
 359:Middlewares/Third_Party/FreeRTOS/Source/timers.c **** 	/* 0 is not a valid value for xTimerPeriodInTicks. */
 360:Middlewares/Third_Party/FreeRTOS/Source/timers.c **** 	configASSERT( ( xTimerPeriodInTicks > 0 ) );
 361:Middlewares/Third_Party/FreeRTOS/Source/timers.c **** 
 362:Middlewares/Third_Party/FreeRTOS/Source/timers.c **** 	if( pxNewTimer != NULL )
 363:Middlewares/Third_Party/FreeRTOS/Source/timers.c **** 	{
 364:Middlewares/Third_Party/FreeRTOS/Source/timers.c **** 		/* Ensure the infrastructure used by the timer service task has been
 365:Middlewares/Third_Party/FreeRTOS/Source/timers.c **** 		created/initialised. */
 366:Middlewares/Third_Party/FreeRTOS/Source/timers.c **** 		prvCheckForValidListAndQueue();
 367:Middlewares/Third_Party/FreeRTOS/Source/timers.c **** 
 368:Middlewares/Third_Party/FreeRTOS/Source/timers.c **** 		/* Initialise the timer structure members using the function
 369:Middlewares/Third_Party/FreeRTOS/Source/timers.c **** 		parameters. */
 370:Middlewares/Third_Party/FreeRTOS/Source/timers.c **** 		pxNewTimer->pcTimerName = pcTimerName;
 371:Middlewares/Third_Party/FreeRTOS/Source/timers.c **** 		pxNewTimer->xTimerPeriodInTicks = xTimerPeriodInTicks;
 372:Middlewares/Third_Party/FreeRTOS/Source/timers.c **** 		pxNewTimer->uxAutoReload = uxAutoReload;
ARM GAS  /tmp/ccPdA3Zs.s 			page 8


 373:Middlewares/Third_Party/FreeRTOS/Source/timers.c **** 		pxNewTimer->pvTimerID = pvTimerID;
 374:Middlewares/Third_Party/FreeRTOS/Source/timers.c **** 		pxNewTimer->pxCallbackFunction = pxCallbackFunction;
 375:Middlewares/Third_Party/FreeRTOS/Source/timers.c **** 		vListInitialiseItem( &( pxNewTimer->xTimerListItem ) );
 376:Middlewares/Third_Party/FreeRTOS/Source/timers.c **** 		traceTIMER_CREATE( pxNewTimer );
 377:Middlewares/Third_Party/FreeRTOS/Source/timers.c **** 	}
 378:Middlewares/Third_Party/FreeRTOS/Source/timers.c **** }
 379:Middlewares/Third_Party/FreeRTOS/Source/timers.c **** /*-----------------------------------------------------------*/
 380:Middlewares/Third_Party/FreeRTOS/Source/timers.c **** 
 381:Middlewares/Third_Party/FreeRTOS/Source/timers.c **** BaseType_t xTimerGenericCommand( TimerHandle_t xTimer, const BaseType_t xCommandID, const TickType_
 382:Middlewares/Third_Party/FreeRTOS/Source/timers.c **** {
 383:Middlewares/Third_Party/FreeRTOS/Source/timers.c **** BaseType_t xReturn = pdFAIL;
 384:Middlewares/Third_Party/FreeRTOS/Source/timers.c **** DaemonTaskMessage_t xMessage;
 385:Middlewares/Third_Party/FreeRTOS/Source/timers.c **** 
 386:Middlewares/Third_Party/FreeRTOS/Source/timers.c **** 	configASSERT( xTimer );
 387:Middlewares/Third_Party/FreeRTOS/Source/timers.c **** 
 388:Middlewares/Third_Party/FreeRTOS/Source/timers.c **** 	/* Send a message to the timer service task to perform a particular action
 389:Middlewares/Third_Party/FreeRTOS/Source/timers.c **** 	on a particular timer definition. */
 390:Middlewares/Third_Party/FreeRTOS/Source/timers.c **** 	if( xTimerQueue != NULL )
 391:Middlewares/Third_Party/FreeRTOS/Source/timers.c **** 	{
 392:Middlewares/Third_Party/FreeRTOS/Source/timers.c **** 		/* Send a command to the timer service task to start the xTimer timer. */
 393:Middlewares/Third_Party/FreeRTOS/Source/timers.c **** 		xMessage.xMessageID = xCommandID;
 394:Middlewares/Third_Party/FreeRTOS/Source/timers.c **** 		xMessage.u.xTimerParameters.xMessageValue = xOptionalValue;
 395:Middlewares/Third_Party/FreeRTOS/Source/timers.c **** 		xMessage.u.xTimerParameters.pxTimer = ( Timer_t * ) xTimer;
 396:Middlewares/Third_Party/FreeRTOS/Source/timers.c **** 
 397:Middlewares/Third_Party/FreeRTOS/Source/timers.c **** 		if( xCommandID < tmrFIRST_FROM_ISR_COMMAND )
 398:Middlewares/Third_Party/FreeRTOS/Source/timers.c **** 		{
 399:Middlewares/Third_Party/FreeRTOS/Source/timers.c **** 			if( xTaskGetSchedulerState() == taskSCHEDULER_RUNNING )
 400:Middlewares/Third_Party/FreeRTOS/Source/timers.c **** 			{
 401:Middlewares/Third_Party/FreeRTOS/Source/timers.c **** 				xReturn = xQueueSendToBack( xTimerQueue, &xMessage, xTicksToWait );
 402:Middlewares/Third_Party/FreeRTOS/Source/timers.c **** 			}
 403:Middlewares/Third_Party/FreeRTOS/Source/timers.c **** 			else
 404:Middlewares/Third_Party/FreeRTOS/Source/timers.c **** 			{
 405:Middlewares/Third_Party/FreeRTOS/Source/timers.c **** 				xReturn = xQueueSendToBack( xTimerQueue, &xMessage, tmrNO_DELAY );
 406:Middlewares/Third_Party/FreeRTOS/Source/timers.c **** 			}
 407:Middlewares/Third_Party/FreeRTOS/Source/timers.c **** 		}
 408:Middlewares/Third_Party/FreeRTOS/Source/timers.c **** 		else
 409:Middlewares/Third_Party/FreeRTOS/Source/timers.c **** 		{
 410:Middlewares/Third_Party/FreeRTOS/Source/timers.c **** 			xReturn = xQueueSendToBackFromISR( xTimerQueue, &xMessage, pxHigherPriorityTaskWoken );
 411:Middlewares/Third_Party/FreeRTOS/Source/timers.c **** 		}
 412:Middlewares/Third_Party/FreeRTOS/Source/timers.c **** 
 413:Middlewares/Third_Party/FreeRTOS/Source/timers.c **** 		traceTIMER_COMMAND_SEND( xTimer, xCommandID, xOptionalValue, xReturn );
 414:Middlewares/Third_Party/FreeRTOS/Source/timers.c **** 	}
 415:Middlewares/Third_Party/FreeRTOS/Source/timers.c **** 	else
 416:Middlewares/Third_Party/FreeRTOS/Source/timers.c **** 	{
 417:Middlewares/Third_Party/FreeRTOS/Source/timers.c **** 		mtCOVERAGE_TEST_MARKER();
 418:Middlewares/Third_Party/FreeRTOS/Source/timers.c **** 	}
 419:Middlewares/Third_Party/FreeRTOS/Source/timers.c **** 
 420:Middlewares/Third_Party/FreeRTOS/Source/timers.c **** 	return xReturn;
 421:Middlewares/Third_Party/FreeRTOS/Source/timers.c **** }
 422:Middlewares/Third_Party/FreeRTOS/Source/timers.c **** /*-----------------------------------------------------------*/
 423:Middlewares/Third_Party/FreeRTOS/Source/timers.c **** 
 424:Middlewares/Third_Party/FreeRTOS/Source/timers.c **** TaskHandle_t xTimerGetTimerDaemonTaskHandle( void )
 425:Middlewares/Third_Party/FreeRTOS/Source/timers.c **** {
 426:Middlewares/Third_Party/FreeRTOS/Source/timers.c **** 	/* If xTimerGetTimerDaemonTaskHandle() is called before the scheduler has been
 427:Middlewares/Third_Party/FreeRTOS/Source/timers.c **** 	started, then xTimerTaskHandle will be NULL. */
 428:Middlewares/Third_Party/FreeRTOS/Source/timers.c **** 	configASSERT( ( xTimerTaskHandle != NULL ) );
 429:Middlewares/Third_Party/FreeRTOS/Source/timers.c **** 	return xTimerTaskHandle;
ARM GAS  /tmp/ccPdA3Zs.s 			page 9


 430:Middlewares/Third_Party/FreeRTOS/Source/timers.c **** }
 431:Middlewares/Third_Party/FreeRTOS/Source/timers.c **** /*-----------------------------------------------------------*/
 432:Middlewares/Third_Party/FreeRTOS/Source/timers.c **** 
 433:Middlewares/Third_Party/FreeRTOS/Source/timers.c **** TickType_t xTimerGetPeriod( TimerHandle_t xTimer )
 434:Middlewares/Third_Party/FreeRTOS/Source/timers.c **** {
 435:Middlewares/Third_Party/FreeRTOS/Source/timers.c **** Timer_t *pxTimer = ( Timer_t * ) xTimer;
 436:Middlewares/Third_Party/FreeRTOS/Source/timers.c **** 
 437:Middlewares/Third_Party/FreeRTOS/Source/timers.c **** 	configASSERT( xTimer );
 438:Middlewares/Third_Party/FreeRTOS/Source/timers.c **** 	return pxTimer->xTimerPeriodInTicks;
 439:Middlewares/Third_Party/FreeRTOS/Source/timers.c **** }
 440:Middlewares/Third_Party/FreeRTOS/Source/timers.c **** /*-----------------------------------------------------------*/
 441:Middlewares/Third_Party/FreeRTOS/Source/timers.c **** 
 442:Middlewares/Third_Party/FreeRTOS/Source/timers.c **** TickType_t xTimerGetExpiryTime( TimerHandle_t xTimer )
 443:Middlewares/Third_Party/FreeRTOS/Source/timers.c **** {
 444:Middlewares/Third_Party/FreeRTOS/Source/timers.c **** Timer_t * pxTimer = ( Timer_t * ) xTimer;
 445:Middlewares/Third_Party/FreeRTOS/Source/timers.c **** TickType_t xReturn;
 446:Middlewares/Third_Party/FreeRTOS/Source/timers.c **** 
 447:Middlewares/Third_Party/FreeRTOS/Source/timers.c **** 	configASSERT( xTimer );
 448:Middlewares/Third_Party/FreeRTOS/Source/timers.c **** 	xReturn = listGET_LIST_ITEM_VALUE( &( pxTimer->xTimerListItem ) );
 449:Middlewares/Third_Party/FreeRTOS/Source/timers.c **** 	return xReturn;
 450:Middlewares/Third_Party/FreeRTOS/Source/timers.c **** }
 451:Middlewares/Third_Party/FreeRTOS/Source/timers.c **** /*-----------------------------------------------------------*/
 452:Middlewares/Third_Party/FreeRTOS/Source/timers.c **** 
 453:Middlewares/Third_Party/FreeRTOS/Source/timers.c **** const char * pcTimerGetName( TimerHandle_t xTimer ) /*lint !e971 Unqualified char types are allowed
 454:Middlewares/Third_Party/FreeRTOS/Source/timers.c **** {
 455:Middlewares/Third_Party/FreeRTOS/Source/timers.c **** Timer_t *pxTimer = ( Timer_t * ) xTimer;
 456:Middlewares/Third_Party/FreeRTOS/Source/timers.c **** 
 457:Middlewares/Third_Party/FreeRTOS/Source/timers.c **** 	configASSERT( xTimer );
 458:Middlewares/Third_Party/FreeRTOS/Source/timers.c **** 	return pxTimer->pcTimerName;
 459:Middlewares/Third_Party/FreeRTOS/Source/timers.c **** }
 460:Middlewares/Third_Party/FreeRTOS/Source/timers.c **** /*-----------------------------------------------------------*/
 461:Middlewares/Third_Party/FreeRTOS/Source/timers.c **** 
 462:Middlewares/Third_Party/FreeRTOS/Source/timers.c **** static void prvProcessExpiredTimer( const TickType_t xNextExpireTime, const TickType_t xTimeNow )
 463:Middlewares/Third_Party/FreeRTOS/Source/timers.c **** {
 464:Middlewares/Third_Party/FreeRTOS/Source/timers.c **** BaseType_t xResult;
 465:Middlewares/Third_Party/FreeRTOS/Source/timers.c **** Timer_t * const pxTimer = ( Timer_t * ) listGET_OWNER_OF_HEAD_ENTRY( pxCurrentTimerList );
 466:Middlewares/Third_Party/FreeRTOS/Source/timers.c **** 
 467:Middlewares/Third_Party/FreeRTOS/Source/timers.c **** 	/* Remove the timer from the list of active timers.  A check has already
 468:Middlewares/Third_Party/FreeRTOS/Source/timers.c **** 	been performed to ensure the list is not empty. */
 469:Middlewares/Third_Party/FreeRTOS/Source/timers.c **** 	( void ) uxListRemove( &( pxTimer->xTimerListItem ) );
 470:Middlewares/Third_Party/FreeRTOS/Source/timers.c **** 	traceTIMER_EXPIRED( pxTimer );
 471:Middlewares/Third_Party/FreeRTOS/Source/timers.c **** 
 472:Middlewares/Third_Party/FreeRTOS/Source/timers.c **** 	/* If the timer is an auto reload timer then calculate the next
 473:Middlewares/Third_Party/FreeRTOS/Source/timers.c **** 	expiry time and re-insert the timer in the list of active timers. */
 474:Middlewares/Third_Party/FreeRTOS/Source/timers.c **** 	if( pxTimer->uxAutoReload == ( UBaseType_t ) pdTRUE )
 475:Middlewares/Third_Party/FreeRTOS/Source/timers.c **** 	{
 476:Middlewares/Third_Party/FreeRTOS/Source/timers.c **** 		/* The timer is inserted into a list using a time relative to anything
 477:Middlewares/Third_Party/FreeRTOS/Source/timers.c **** 		other than the current time.  It will therefore be inserted into the
 478:Middlewares/Third_Party/FreeRTOS/Source/timers.c **** 		correct list relative to the time this task thinks it is now. */
 479:Middlewares/Third_Party/FreeRTOS/Source/timers.c **** 		if( prvInsertTimerInActiveList( pxTimer, ( xNextExpireTime + pxTimer->xTimerPeriodInTicks ), xTim
 480:Middlewares/Third_Party/FreeRTOS/Source/timers.c **** 		{
 481:Middlewares/Third_Party/FreeRTOS/Source/timers.c **** 			/* The timer expired before it was added to the active timer
 482:Middlewares/Third_Party/FreeRTOS/Source/timers.c **** 			list.  Reload it now.  */
 483:Middlewares/Third_Party/FreeRTOS/Source/timers.c **** 			xResult = xTimerGenericCommand( pxTimer, tmrCOMMAND_START_DONT_TRACE, xNextExpireTime, NULL, tmr
 484:Middlewares/Third_Party/FreeRTOS/Source/timers.c **** 			configASSERT( xResult );
 485:Middlewares/Third_Party/FreeRTOS/Source/timers.c **** 			( void ) xResult;
 486:Middlewares/Third_Party/FreeRTOS/Source/timers.c **** 		}
ARM GAS  /tmp/ccPdA3Zs.s 			page 10


 487:Middlewares/Third_Party/FreeRTOS/Source/timers.c **** 		else
 488:Middlewares/Third_Party/FreeRTOS/Source/timers.c **** 		{
 489:Middlewares/Third_Party/FreeRTOS/Source/timers.c **** 			mtCOVERAGE_TEST_MARKER();
 490:Middlewares/Third_Party/FreeRTOS/Source/timers.c **** 		}
 491:Middlewares/Third_Party/FreeRTOS/Source/timers.c **** 	}
 492:Middlewares/Third_Party/FreeRTOS/Source/timers.c **** 	else
 493:Middlewares/Third_Party/FreeRTOS/Source/timers.c **** 	{
 494:Middlewares/Third_Party/FreeRTOS/Source/timers.c **** 		mtCOVERAGE_TEST_MARKER();
 495:Middlewares/Third_Party/FreeRTOS/Source/timers.c **** 	}
 496:Middlewares/Third_Party/FreeRTOS/Source/timers.c **** 
 497:Middlewares/Third_Party/FreeRTOS/Source/timers.c **** 	/* Call the timer callback. */
 498:Middlewares/Third_Party/FreeRTOS/Source/timers.c **** 	pxTimer->pxCallbackFunction( ( TimerHandle_t ) pxTimer );
 499:Middlewares/Third_Party/FreeRTOS/Source/timers.c **** }
 500:Middlewares/Third_Party/FreeRTOS/Source/timers.c **** /*-----------------------------------------------------------*/
 501:Middlewares/Third_Party/FreeRTOS/Source/timers.c **** 
 502:Middlewares/Third_Party/FreeRTOS/Source/timers.c **** static void prvTimerTask( void *pvParameters )
 503:Middlewares/Third_Party/FreeRTOS/Source/timers.c **** {
 504:Middlewares/Third_Party/FreeRTOS/Source/timers.c **** TickType_t xNextExpireTime;
 505:Middlewares/Third_Party/FreeRTOS/Source/timers.c **** BaseType_t xListWasEmpty;
 506:Middlewares/Third_Party/FreeRTOS/Source/timers.c **** 
 507:Middlewares/Third_Party/FreeRTOS/Source/timers.c **** 	/* Just to avoid compiler warnings. */
 508:Middlewares/Third_Party/FreeRTOS/Source/timers.c **** 	( void ) pvParameters;
 509:Middlewares/Third_Party/FreeRTOS/Source/timers.c **** 
 510:Middlewares/Third_Party/FreeRTOS/Source/timers.c **** 	#if( configUSE_DAEMON_TASK_STARTUP_HOOK == 1 )
 511:Middlewares/Third_Party/FreeRTOS/Source/timers.c **** 	{
 512:Middlewares/Third_Party/FreeRTOS/Source/timers.c **** 		extern void vApplicationDaemonTaskStartupHook( void );
 513:Middlewares/Third_Party/FreeRTOS/Source/timers.c **** 
 514:Middlewares/Third_Party/FreeRTOS/Source/timers.c **** 		/* Allow the application writer to execute some code in the context of
 515:Middlewares/Third_Party/FreeRTOS/Source/timers.c **** 		this task at the point the task starts executing.  This is useful if the
 516:Middlewares/Third_Party/FreeRTOS/Source/timers.c **** 		application includes initialisation code that would benefit from
 517:Middlewares/Third_Party/FreeRTOS/Source/timers.c **** 		executing after the scheduler has been started. */
 518:Middlewares/Third_Party/FreeRTOS/Source/timers.c **** 		vApplicationDaemonTaskStartupHook();
 519:Middlewares/Third_Party/FreeRTOS/Source/timers.c **** 	}
 520:Middlewares/Third_Party/FreeRTOS/Source/timers.c **** 	#endif /* configUSE_DAEMON_TASK_STARTUP_HOOK */
 521:Middlewares/Third_Party/FreeRTOS/Source/timers.c **** 
 522:Middlewares/Third_Party/FreeRTOS/Source/timers.c **** 	for( ;; )
 523:Middlewares/Third_Party/FreeRTOS/Source/timers.c **** 	{
 524:Middlewares/Third_Party/FreeRTOS/Source/timers.c **** 		/* Query the timers list to see if it contains any timers, and if so,
 525:Middlewares/Third_Party/FreeRTOS/Source/timers.c **** 		obtain the time at which the next timer will expire. */
 526:Middlewares/Third_Party/FreeRTOS/Source/timers.c **** 		xNextExpireTime = prvGetNextExpireTime( &xListWasEmpty );
 527:Middlewares/Third_Party/FreeRTOS/Source/timers.c **** 
 528:Middlewares/Third_Party/FreeRTOS/Source/timers.c **** 		/* If a timer has expired, process it.  Otherwise, block this task
 529:Middlewares/Third_Party/FreeRTOS/Source/timers.c **** 		until either a timer does expire, or a command is received. */
 530:Middlewares/Third_Party/FreeRTOS/Source/timers.c **** 		prvProcessTimerOrBlockTask( xNextExpireTime, xListWasEmpty );
 531:Middlewares/Third_Party/FreeRTOS/Source/timers.c **** 
 532:Middlewares/Third_Party/FreeRTOS/Source/timers.c **** 		/* Empty the command queue. */
 533:Middlewares/Third_Party/FreeRTOS/Source/timers.c **** 		prvProcessReceivedCommands();
 534:Middlewares/Third_Party/FreeRTOS/Source/timers.c **** 	}
 535:Middlewares/Third_Party/FreeRTOS/Source/timers.c **** }
 536:Middlewares/Third_Party/FreeRTOS/Source/timers.c **** /*-----------------------------------------------------------*/
 537:Middlewares/Third_Party/FreeRTOS/Source/timers.c **** 
 538:Middlewares/Third_Party/FreeRTOS/Source/timers.c **** static void prvProcessTimerOrBlockTask( const TickType_t xNextExpireTime, BaseType_t xListWasEmpty 
 539:Middlewares/Third_Party/FreeRTOS/Source/timers.c **** {
 540:Middlewares/Third_Party/FreeRTOS/Source/timers.c **** TickType_t xTimeNow;
 541:Middlewares/Third_Party/FreeRTOS/Source/timers.c **** BaseType_t xTimerListsWereSwitched;
 542:Middlewares/Third_Party/FreeRTOS/Source/timers.c **** 
 543:Middlewares/Third_Party/FreeRTOS/Source/timers.c **** 	vTaskSuspendAll();
ARM GAS  /tmp/ccPdA3Zs.s 			page 11


 544:Middlewares/Third_Party/FreeRTOS/Source/timers.c **** 	{
 545:Middlewares/Third_Party/FreeRTOS/Source/timers.c **** 		/* Obtain the time now to make an assessment as to whether the timer
 546:Middlewares/Third_Party/FreeRTOS/Source/timers.c **** 		has expired or not.  If obtaining the time causes the lists to switch
 547:Middlewares/Third_Party/FreeRTOS/Source/timers.c **** 		then don't process this timer as any timers that remained in the list
 548:Middlewares/Third_Party/FreeRTOS/Source/timers.c **** 		when the lists were switched will have been processed within the
 549:Middlewares/Third_Party/FreeRTOS/Source/timers.c **** 		prvSampleTimeNow() function. */
 550:Middlewares/Third_Party/FreeRTOS/Source/timers.c **** 		xTimeNow = prvSampleTimeNow( &xTimerListsWereSwitched );
 551:Middlewares/Third_Party/FreeRTOS/Source/timers.c **** 		if( xTimerListsWereSwitched == pdFALSE )
 552:Middlewares/Third_Party/FreeRTOS/Source/timers.c **** 		{
 553:Middlewares/Third_Party/FreeRTOS/Source/timers.c **** 			/* The tick count has not overflowed, has the timer expired? */
 554:Middlewares/Third_Party/FreeRTOS/Source/timers.c **** 			if( ( xListWasEmpty == pdFALSE ) && ( xNextExpireTime <= xTimeNow ) )
 555:Middlewares/Third_Party/FreeRTOS/Source/timers.c **** 			{
 556:Middlewares/Third_Party/FreeRTOS/Source/timers.c **** 				( void ) xTaskResumeAll();
 557:Middlewares/Third_Party/FreeRTOS/Source/timers.c **** 				prvProcessExpiredTimer( xNextExpireTime, xTimeNow );
 558:Middlewares/Third_Party/FreeRTOS/Source/timers.c **** 			}
 559:Middlewares/Third_Party/FreeRTOS/Source/timers.c **** 			else
 560:Middlewares/Third_Party/FreeRTOS/Source/timers.c **** 			{
 561:Middlewares/Third_Party/FreeRTOS/Source/timers.c **** 				/* The tick count has not overflowed, and the next expire
 562:Middlewares/Third_Party/FreeRTOS/Source/timers.c **** 				time has not been reached yet.  This task should therefore
 563:Middlewares/Third_Party/FreeRTOS/Source/timers.c **** 				block to wait for the next expire time or a command to be
 564:Middlewares/Third_Party/FreeRTOS/Source/timers.c **** 				received - whichever comes first.  The following line cannot
 565:Middlewares/Third_Party/FreeRTOS/Source/timers.c **** 				be reached unless xNextExpireTime > xTimeNow, except in the
 566:Middlewares/Third_Party/FreeRTOS/Source/timers.c **** 				case when the current timer list is empty. */
 567:Middlewares/Third_Party/FreeRTOS/Source/timers.c **** 				if( xListWasEmpty != pdFALSE )
 568:Middlewares/Third_Party/FreeRTOS/Source/timers.c **** 				{
 569:Middlewares/Third_Party/FreeRTOS/Source/timers.c **** 					/* The current timer list is empty - is the overflow list
 570:Middlewares/Third_Party/FreeRTOS/Source/timers.c **** 					also empty? */
 571:Middlewares/Third_Party/FreeRTOS/Source/timers.c **** 					xListWasEmpty = listLIST_IS_EMPTY( pxOverflowTimerList );
 572:Middlewares/Third_Party/FreeRTOS/Source/timers.c **** 				}
 573:Middlewares/Third_Party/FreeRTOS/Source/timers.c **** 
 574:Middlewares/Third_Party/FreeRTOS/Source/timers.c **** 				vQueueWaitForMessageRestricted( xTimerQueue, ( xNextExpireTime - xTimeNow ), xListWasEmpty );
 575:Middlewares/Third_Party/FreeRTOS/Source/timers.c **** 
 576:Middlewares/Third_Party/FreeRTOS/Source/timers.c **** 				if( xTaskResumeAll() == pdFALSE )
 577:Middlewares/Third_Party/FreeRTOS/Source/timers.c **** 				{
 578:Middlewares/Third_Party/FreeRTOS/Source/timers.c **** 					/* Yield to wait for either a command to arrive, or the
 579:Middlewares/Third_Party/FreeRTOS/Source/timers.c **** 					block time to expire.  If a command arrived between the
 580:Middlewares/Third_Party/FreeRTOS/Source/timers.c **** 					critical section being exited and this yield then the yield
 581:Middlewares/Third_Party/FreeRTOS/Source/timers.c **** 					will not cause the task to block. */
 582:Middlewares/Third_Party/FreeRTOS/Source/timers.c **** 					portYIELD_WITHIN_API();
 583:Middlewares/Third_Party/FreeRTOS/Source/timers.c **** 				}
 584:Middlewares/Third_Party/FreeRTOS/Source/timers.c **** 				else
 585:Middlewares/Third_Party/FreeRTOS/Source/timers.c **** 				{
 586:Middlewares/Third_Party/FreeRTOS/Source/timers.c **** 					mtCOVERAGE_TEST_MARKER();
 587:Middlewares/Third_Party/FreeRTOS/Source/timers.c **** 				}
 588:Middlewares/Third_Party/FreeRTOS/Source/timers.c **** 			}
 589:Middlewares/Third_Party/FreeRTOS/Source/timers.c **** 		}
 590:Middlewares/Third_Party/FreeRTOS/Source/timers.c **** 		else
 591:Middlewares/Third_Party/FreeRTOS/Source/timers.c **** 		{
 592:Middlewares/Third_Party/FreeRTOS/Source/timers.c **** 			( void ) xTaskResumeAll();
 593:Middlewares/Third_Party/FreeRTOS/Source/timers.c **** 		}
 594:Middlewares/Third_Party/FreeRTOS/Source/timers.c **** 	}
 595:Middlewares/Third_Party/FreeRTOS/Source/timers.c **** }
 596:Middlewares/Third_Party/FreeRTOS/Source/timers.c **** /*-----------------------------------------------------------*/
 597:Middlewares/Third_Party/FreeRTOS/Source/timers.c **** 
 598:Middlewares/Third_Party/FreeRTOS/Source/timers.c **** static TickType_t prvGetNextExpireTime( BaseType_t * const pxListWasEmpty )
 599:Middlewares/Third_Party/FreeRTOS/Source/timers.c **** {
  29              		.loc 1 599 1 view -0
ARM GAS  /tmp/ccPdA3Zs.s 			page 12


  30              		.cfi_startproc
  31              		@ args = 0, pretend = 0, frame = 0
  32              		@ frame_needed = 0, uses_anonymous_args = 0
  33              		@ link register save eliminated.
 600:Middlewares/Third_Party/FreeRTOS/Source/timers.c **** TickType_t xNextExpireTime;
  34              		.loc 1 600 1 view .LVU1
 601:Middlewares/Third_Party/FreeRTOS/Source/timers.c **** 
 602:Middlewares/Third_Party/FreeRTOS/Source/timers.c **** 	/* Timers are listed in expiry time order, with the head of the list
 603:Middlewares/Third_Party/FreeRTOS/Source/timers.c **** 	referencing the task that will expire first.  Obtain the time at which
 604:Middlewares/Third_Party/FreeRTOS/Source/timers.c **** 	the timer with the nearest expiry time will expire.  If there are no
 605:Middlewares/Third_Party/FreeRTOS/Source/timers.c **** 	active timers then just set the next expire time to 0.  That will cause
 606:Middlewares/Third_Party/FreeRTOS/Source/timers.c **** 	this task to unblock when the tick count overflows, at which point the
 607:Middlewares/Third_Party/FreeRTOS/Source/timers.c **** 	timer lists will be switched and the next expiry time can be
 608:Middlewares/Third_Party/FreeRTOS/Source/timers.c **** 	re-assessed.  */
 609:Middlewares/Third_Party/FreeRTOS/Source/timers.c **** 	*pxListWasEmpty = listLIST_IS_EMPTY( pxCurrentTimerList );
  35              		.loc 1 609 2 view .LVU2
  36              		.loc 1 609 20 is_stmt 0 view .LVU3
  37 0000 064B     		ldr	r3, .L4
  38 0002 1A68     		ldr	r2, [r3]
  39 0004 1368     		ldr	r3, [r2]
  40 0006 B3FA83F3 		clz	r3, r3
  41 000a 5B09     		lsrs	r3, r3, #5
  42              		.loc 1 609 18 view .LVU4
  43 000c 0360     		str	r3, [r0]
 610:Middlewares/Third_Party/FreeRTOS/Source/timers.c **** 	if( *pxListWasEmpty == pdFALSE )
  44              		.loc 1 610 2 is_stmt 1 view .LVU5
  45              		.loc 1 610 4 is_stmt 0 view .LVU6
  46 000e 13B9     		cbnz	r3, .L3
 611:Middlewares/Third_Party/FreeRTOS/Source/timers.c **** 	{
 612:Middlewares/Third_Party/FreeRTOS/Source/timers.c **** 		xNextExpireTime = listGET_ITEM_VALUE_OF_HEAD_ENTRY( pxCurrentTimerList );
  47              		.loc 1 612 3 is_stmt 1 view .LVU7
  48              		.loc 1 612 21 is_stmt 0 view .LVU8
  49 0010 D368     		ldr	r3, [r2, #12]
  50              		.loc 1 612 19 view .LVU9
  51 0012 1868     		ldr	r0, [r3]
  52              	.LVL1:
  53              		.loc 1 612 19 view .LVU10
  54 0014 7047     		bx	lr
  55              	.LVL2:
  56              	.L3:
 613:Middlewares/Third_Party/FreeRTOS/Source/timers.c **** 	}
 614:Middlewares/Third_Party/FreeRTOS/Source/timers.c **** 	else
 615:Middlewares/Third_Party/FreeRTOS/Source/timers.c **** 	{
 616:Middlewares/Third_Party/FreeRTOS/Source/timers.c **** 		/* Ensure the task unblocks when the tick count rolls over. */
 617:Middlewares/Third_Party/FreeRTOS/Source/timers.c **** 		xNextExpireTime = ( TickType_t ) 0U;
  57              		.loc 1 617 19 view .LVU11
  58 0016 0020     		movs	r0, #0
  59              	.LVL3:
 618:Middlewares/Third_Party/FreeRTOS/Source/timers.c **** 	}
 619:Middlewares/Third_Party/FreeRTOS/Source/timers.c **** 
 620:Middlewares/Third_Party/FreeRTOS/Source/timers.c **** 	return xNextExpireTime;
  60              		.loc 1 620 2 is_stmt 1 view .LVU12
 621:Middlewares/Third_Party/FreeRTOS/Source/timers.c **** }
  61              		.loc 1 621 1 is_stmt 0 view .LVU13
  62 0018 7047     		bx	lr
  63              	.L5:
  64 001a 00BF     		.align	2
ARM GAS  /tmp/ccPdA3Zs.s 			page 13


  65              	.L4:
  66 001c 00000000 		.word	pxCurrentTimerList
  67              		.cfi_endproc
  68              	.LFE16:
  70              		.section	.text.prvInsertTimerInActiveList,"ax",%progbits
  71              		.align	1
  72              		.syntax unified
  73              		.thumb
  74              		.thumb_func
  76              	prvInsertTimerInActiveList:
  77              	.LVL4:
  78              	.LFB18:
 622:Middlewares/Third_Party/FreeRTOS/Source/timers.c **** /*-----------------------------------------------------------*/
 623:Middlewares/Third_Party/FreeRTOS/Source/timers.c **** 
 624:Middlewares/Third_Party/FreeRTOS/Source/timers.c **** static TickType_t prvSampleTimeNow( BaseType_t * const pxTimerListsWereSwitched )
 625:Middlewares/Third_Party/FreeRTOS/Source/timers.c **** {
 626:Middlewares/Third_Party/FreeRTOS/Source/timers.c **** TickType_t xTimeNow;
 627:Middlewares/Third_Party/FreeRTOS/Source/timers.c **** PRIVILEGED_DATA static TickType_t xLastTime = ( TickType_t ) 0U; /*lint !e956 Variable is only acce
 628:Middlewares/Third_Party/FreeRTOS/Source/timers.c **** 
 629:Middlewares/Third_Party/FreeRTOS/Source/timers.c **** 	xTimeNow = xTaskGetTickCount();
 630:Middlewares/Third_Party/FreeRTOS/Source/timers.c **** 
 631:Middlewares/Third_Party/FreeRTOS/Source/timers.c **** 	if( xTimeNow < xLastTime )
 632:Middlewares/Third_Party/FreeRTOS/Source/timers.c **** 	{
 633:Middlewares/Third_Party/FreeRTOS/Source/timers.c **** 		prvSwitchTimerLists();
 634:Middlewares/Third_Party/FreeRTOS/Source/timers.c **** 		*pxTimerListsWereSwitched = pdTRUE;
 635:Middlewares/Third_Party/FreeRTOS/Source/timers.c **** 	}
 636:Middlewares/Third_Party/FreeRTOS/Source/timers.c **** 	else
 637:Middlewares/Third_Party/FreeRTOS/Source/timers.c **** 	{
 638:Middlewares/Third_Party/FreeRTOS/Source/timers.c **** 		*pxTimerListsWereSwitched = pdFALSE;
 639:Middlewares/Third_Party/FreeRTOS/Source/timers.c **** 	}
 640:Middlewares/Third_Party/FreeRTOS/Source/timers.c **** 
 641:Middlewares/Third_Party/FreeRTOS/Source/timers.c **** 	xLastTime = xTimeNow;
 642:Middlewares/Third_Party/FreeRTOS/Source/timers.c **** 
 643:Middlewares/Third_Party/FreeRTOS/Source/timers.c **** 	return xTimeNow;
 644:Middlewares/Third_Party/FreeRTOS/Source/timers.c **** }
 645:Middlewares/Third_Party/FreeRTOS/Source/timers.c **** /*-----------------------------------------------------------*/
 646:Middlewares/Third_Party/FreeRTOS/Source/timers.c **** 
 647:Middlewares/Third_Party/FreeRTOS/Source/timers.c **** static BaseType_t prvInsertTimerInActiveList( Timer_t * const pxTimer, const TickType_t xNextExpiry
 648:Middlewares/Third_Party/FreeRTOS/Source/timers.c **** {
  79              		.loc 1 648 1 is_stmt 1 view -0
  80              		.cfi_startproc
  81              		@ args = 0, pretend = 0, frame = 0
  82              		@ frame_needed = 0, uses_anonymous_args = 0
  83              		.loc 1 648 1 is_stmt 0 view .LVU15
  84 0000 08B5     		push	{r3, lr}
  85              	.LCFI0:
  86              		.cfi_def_cfa_offset 8
  87              		.cfi_offset 3, -8
  88              		.cfi_offset 14, -4
 649:Middlewares/Third_Party/FreeRTOS/Source/timers.c **** BaseType_t xProcessTimerNow = pdFALSE;
  89              		.loc 1 649 1 is_stmt 1 view .LVU16
  90              	.LVL5:
 650:Middlewares/Third_Party/FreeRTOS/Source/timers.c **** 
 651:Middlewares/Third_Party/FreeRTOS/Source/timers.c **** 	listSET_LIST_ITEM_VALUE( &( pxTimer->xTimerListItem ), xNextExpiryTime );
  91              		.loc 1 651 2 view .LVU17
  92 0002 4160     		str	r1, [r0, #4]
 652:Middlewares/Third_Party/FreeRTOS/Source/timers.c **** 	listSET_LIST_ITEM_OWNER( &( pxTimer->xTimerListItem ), pxTimer );
ARM GAS  /tmp/ccPdA3Zs.s 			page 14


  93              		.loc 1 652 2 view .LVU18
  94 0004 0061     		str	r0, [r0, #16]
 653:Middlewares/Third_Party/FreeRTOS/Source/timers.c **** 
 654:Middlewares/Third_Party/FreeRTOS/Source/timers.c **** 	if( xNextExpiryTime <= xTimeNow )
  95              		.loc 1 654 2 view .LVU19
  96              		.loc 1 654 4 is_stmt 0 view .LVU20
  97 0006 9142     		cmp	r1, r2
  98 0008 0CD8     		bhi	.L7
 655:Middlewares/Third_Party/FreeRTOS/Source/timers.c **** 	{
 656:Middlewares/Third_Party/FreeRTOS/Source/timers.c **** 		/* Has the expiry time elapsed between the command to start/reset a
 657:Middlewares/Third_Party/FreeRTOS/Source/timers.c **** 		timer was issued, and the time the command was processed? */
 658:Middlewares/Third_Party/FreeRTOS/Source/timers.c **** 		if( ( ( TickType_t ) ( xTimeNow - xCommandTime ) ) >= pxTimer->xTimerPeriodInTicks ) /*lint !e961
  99              		.loc 1 658 3 is_stmt 1 view .LVU21
 100              		.loc 1 658 35 is_stmt 0 view .LVU22
 101 000a D21A     		subs	r2, r2, r3
 102              	.LVL6:
 103              		.loc 1 658 64 view .LVU23
 104 000c 8369     		ldr	r3, [r0, #24]
 105              	.LVL7:
 106              		.loc 1 658 5 view .LVU24
 107 000e 9A42     		cmp	r2, r3
 108 0010 01D3     		bcc	.L13
 659:Middlewares/Third_Party/FreeRTOS/Source/timers.c **** 		{
 660:Middlewares/Third_Party/FreeRTOS/Source/timers.c **** 			/* The time between a command being issued and the command being
 661:Middlewares/Third_Party/FreeRTOS/Source/timers.c **** 			processed actually exceeds the timers period.  */
 662:Middlewares/Third_Party/FreeRTOS/Source/timers.c **** 			xProcessTimerNow = pdTRUE;
 109              		.loc 1 662 21 view .LVU25
 110 0012 0120     		movs	r0, #1
 111              	.LVL8:
 112              	.L6:
 663:Middlewares/Third_Party/FreeRTOS/Source/timers.c **** 		}
 664:Middlewares/Third_Party/FreeRTOS/Source/timers.c **** 		else
 665:Middlewares/Third_Party/FreeRTOS/Source/timers.c **** 		{
 666:Middlewares/Third_Party/FreeRTOS/Source/timers.c **** 			vListInsert( pxOverflowTimerList, &( pxTimer->xTimerListItem ) );
 667:Middlewares/Third_Party/FreeRTOS/Source/timers.c **** 		}
 668:Middlewares/Third_Party/FreeRTOS/Source/timers.c **** 	}
 669:Middlewares/Third_Party/FreeRTOS/Source/timers.c **** 	else
 670:Middlewares/Third_Party/FreeRTOS/Source/timers.c **** 	{
 671:Middlewares/Third_Party/FreeRTOS/Source/timers.c **** 		if( ( xTimeNow < xCommandTime ) && ( xNextExpiryTime >= xCommandTime ) )
 672:Middlewares/Third_Party/FreeRTOS/Source/timers.c **** 		{
 673:Middlewares/Third_Party/FreeRTOS/Source/timers.c **** 			/* If, since the command was issued, the tick count has overflowed
 674:Middlewares/Third_Party/FreeRTOS/Source/timers.c **** 			but the expiry time has not, then the timer must have already passed
 675:Middlewares/Third_Party/FreeRTOS/Source/timers.c **** 			its expiry time and should be processed immediately. */
 676:Middlewares/Third_Party/FreeRTOS/Source/timers.c **** 			xProcessTimerNow = pdTRUE;
 677:Middlewares/Third_Party/FreeRTOS/Source/timers.c **** 		}
 678:Middlewares/Third_Party/FreeRTOS/Source/timers.c **** 		else
 679:Middlewares/Third_Party/FreeRTOS/Source/timers.c **** 		{
 680:Middlewares/Third_Party/FreeRTOS/Source/timers.c **** 			vListInsert( pxCurrentTimerList, &( pxTimer->xTimerListItem ) );
 681:Middlewares/Third_Party/FreeRTOS/Source/timers.c **** 		}
 682:Middlewares/Third_Party/FreeRTOS/Source/timers.c **** 	}
 683:Middlewares/Third_Party/FreeRTOS/Source/timers.c **** 
 684:Middlewares/Third_Party/FreeRTOS/Source/timers.c **** 	return xProcessTimerNow;
 685:Middlewares/Third_Party/FreeRTOS/Source/timers.c **** }
 113              		.loc 1 685 1 view .LVU26
 114 0014 08BD     		pop	{r3, pc}
 115              	.LVL9:
 116              	.L13:
ARM GAS  /tmp/ccPdA3Zs.s 			page 15


 666:Middlewares/Third_Party/FreeRTOS/Source/timers.c **** 		}
 117              		.loc 1 666 4 is_stmt 1 view .LVU27
 118 0016 011D     		adds	r1, r0, #4
 119              	.LVL10:
 666:Middlewares/Third_Party/FreeRTOS/Source/timers.c **** 		}
 120              		.loc 1 666 4 is_stmt 0 view .LVU28
 121 0018 094B     		ldr	r3, .L14
 122 001a 1868     		ldr	r0, [r3]
 123              	.LVL11:
 666:Middlewares/Third_Party/FreeRTOS/Source/timers.c **** 		}
 124              		.loc 1 666 4 view .LVU29
 125 001c FFF7FEFF 		bl	vListInsert
 126              	.LVL12:
 649:Middlewares/Third_Party/FreeRTOS/Source/timers.c **** 
 127              		.loc 1 649 12 view .LVU30
 128 0020 0020     		movs	r0, #0
 129 0022 F7E7     		b	.L6
 130              	.LVL13:
 131              	.L7:
 671:Middlewares/Third_Party/FreeRTOS/Source/timers.c **** 		{
 132              		.loc 1 671 3 is_stmt 1 view .LVU31
 671:Middlewares/Third_Party/FreeRTOS/Source/timers.c **** 		{
 133              		.loc 1 671 5 is_stmt 0 view .LVU32
 134 0024 9A42     		cmp	r2, r3
 135 0026 01D2     		bcs	.L9
 671:Middlewares/Third_Party/FreeRTOS/Source/timers.c **** 		{
 136              		.loc 1 671 35 discriminator 1 view .LVU33
 137 0028 9942     		cmp	r1, r3
 138 002a 06D2     		bcs	.L11
 139              	.L9:
 680:Middlewares/Third_Party/FreeRTOS/Source/timers.c **** 		}
 140              		.loc 1 680 4 is_stmt 1 view .LVU34
 141 002c 011D     		adds	r1, r0, #4
 142              	.LVL14:
 680:Middlewares/Third_Party/FreeRTOS/Source/timers.c **** 		}
 143              		.loc 1 680 4 is_stmt 0 view .LVU35
 144 002e 054B     		ldr	r3, .L14+4
 145              	.LVL15:
 680:Middlewares/Third_Party/FreeRTOS/Source/timers.c **** 		}
 146              		.loc 1 680 4 view .LVU36
 147 0030 1868     		ldr	r0, [r3]
 148              	.LVL16:
 680:Middlewares/Third_Party/FreeRTOS/Source/timers.c **** 		}
 149              		.loc 1 680 4 view .LVU37
 150 0032 FFF7FEFF 		bl	vListInsert
 151              	.LVL17:
 649:Middlewares/Third_Party/FreeRTOS/Source/timers.c **** 
 152              		.loc 1 649 12 view .LVU38
 153 0036 0020     		movs	r0, #0
 154 0038 ECE7     		b	.L6
 155              	.LVL18:
 156              	.L11:
 676:Middlewares/Third_Party/FreeRTOS/Source/timers.c **** 		}
 157              		.loc 1 676 21 view .LVU39
 158 003a 0120     		movs	r0, #1
 159              	.LVL19:
 684:Middlewares/Third_Party/FreeRTOS/Source/timers.c **** }
ARM GAS  /tmp/ccPdA3Zs.s 			page 16


 160              		.loc 1 684 2 is_stmt 1 view .LVU40
 684:Middlewares/Third_Party/FreeRTOS/Source/timers.c **** }
 161              		.loc 1 684 9 is_stmt 0 view .LVU41
 162 003c EAE7     		b	.L6
 163              	.L15:
 164 003e 00BF     		.align	2
 165              	.L14:
 166 0040 00000000 		.word	pxOverflowTimerList
 167 0044 00000000 		.word	pxCurrentTimerList
 168              		.cfi_endproc
 169              	.LFE18:
 171              		.section	.rodata.prvCheckForValidListAndQueue.str1.4,"aMS",%progbits,1
 172              		.align	2
 173              	.LC0:
 174 0000 546D7251 		.ascii	"TmrQ\000"
 174      00
 175              		.section	.text.prvCheckForValidListAndQueue,"ax",%progbits
 176              		.align	1
 177              		.syntax unified
 178              		.thumb
 179              		.thumb_func
 181              	prvCheckForValidListAndQueue:
 182              	.LFB21:
 686:Middlewares/Third_Party/FreeRTOS/Source/timers.c **** /*-----------------------------------------------------------*/
 687:Middlewares/Third_Party/FreeRTOS/Source/timers.c **** 
 688:Middlewares/Third_Party/FreeRTOS/Source/timers.c **** static void	prvProcessReceivedCommands( void )
 689:Middlewares/Third_Party/FreeRTOS/Source/timers.c **** {
 690:Middlewares/Third_Party/FreeRTOS/Source/timers.c **** DaemonTaskMessage_t xMessage;
 691:Middlewares/Third_Party/FreeRTOS/Source/timers.c **** Timer_t *pxTimer;
 692:Middlewares/Third_Party/FreeRTOS/Source/timers.c **** BaseType_t xTimerListsWereSwitched, xResult;
 693:Middlewares/Third_Party/FreeRTOS/Source/timers.c **** TickType_t xTimeNow;
 694:Middlewares/Third_Party/FreeRTOS/Source/timers.c **** 
 695:Middlewares/Third_Party/FreeRTOS/Source/timers.c **** 	while( xQueueReceive( xTimerQueue, &xMessage, tmrNO_DELAY ) != pdFAIL ) /*lint !e603 xMessage does
 696:Middlewares/Third_Party/FreeRTOS/Source/timers.c **** 	{
 697:Middlewares/Third_Party/FreeRTOS/Source/timers.c **** 		#if ( INCLUDE_xTimerPendFunctionCall == 1 )
 698:Middlewares/Third_Party/FreeRTOS/Source/timers.c **** 		{
 699:Middlewares/Third_Party/FreeRTOS/Source/timers.c **** 			/* Negative commands are pended function calls rather than timer
 700:Middlewares/Third_Party/FreeRTOS/Source/timers.c **** 			commands. */
 701:Middlewares/Third_Party/FreeRTOS/Source/timers.c **** 			if( xMessage.xMessageID < ( BaseType_t ) 0 )
 702:Middlewares/Third_Party/FreeRTOS/Source/timers.c **** 			{
 703:Middlewares/Third_Party/FreeRTOS/Source/timers.c **** 				const CallbackParameters_t * const pxCallback = &( xMessage.u.xCallbackParameters );
 704:Middlewares/Third_Party/FreeRTOS/Source/timers.c **** 
 705:Middlewares/Third_Party/FreeRTOS/Source/timers.c **** 				/* The timer uses the xCallbackParameters member to request a
 706:Middlewares/Third_Party/FreeRTOS/Source/timers.c **** 				callback be executed.  Check the callback is not NULL. */
 707:Middlewares/Third_Party/FreeRTOS/Source/timers.c **** 				configASSERT( pxCallback );
 708:Middlewares/Third_Party/FreeRTOS/Source/timers.c **** 
 709:Middlewares/Third_Party/FreeRTOS/Source/timers.c **** 				/* Call the function. */
 710:Middlewares/Third_Party/FreeRTOS/Source/timers.c **** 				pxCallback->pxCallbackFunction( pxCallback->pvParameter1, pxCallback->ulParameter2 );
 711:Middlewares/Third_Party/FreeRTOS/Source/timers.c **** 			}
 712:Middlewares/Third_Party/FreeRTOS/Source/timers.c **** 			else
 713:Middlewares/Third_Party/FreeRTOS/Source/timers.c **** 			{
 714:Middlewares/Third_Party/FreeRTOS/Source/timers.c **** 				mtCOVERAGE_TEST_MARKER();
 715:Middlewares/Third_Party/FreeRTOS/Source/timers.c **** 			}
 716:Middlewares/Third_Party/FreeRTOS/Source/timers.c **** 		}
 717:Middlewares/Third_Party/FreeRTOS/Source/timers.c **** 		#endif /* INCLUDE_xTimerPendFunctionCall */
 718:Middlewares/Third_Party/FreeRTOS/Source/timers.c **** 
 719:Middlewares/Third_Party/FreeRTOS/Source/timers.c **** 		/* Commands that are positive are timer commands rather than pended
ARM GAS  /tmp/ccPdA3Zs.s 			page 17


 720:Middlewares/Third_Party/FreeRTOS/Source/timers.c **** 		function calls. */
 721:Middlewares/Third_Party/FreeRTOS/Source/timers.c **** 		if( xMessage.xMessageID >= ( BaseType_t ) 0 )
 722:Middlewares/Third_Party/FreeRTOS/Source/timers.c **** 		{
 723:Middlewares/Third_Party/FreeRTOS/Source/timers.c **** 			/* The messages uses the xTimerParameters member to work on a
 724:Middlewares/Third_Party/FreeRTOS/Source/timers.c **** 			software timer. */
 725:Middlewares/Third_Party/FreeRTOS/Source/timers.c **** 			pxTimer = xMessage.u.xTimerParameters.pxTimer;
 726:Middlewares/Third_Party/FreeRTOS/Source/timers.c **** 
 727:Middlewares/Third_Party/FreeRTOS/Source/timers.c **** 			if( listIS_CONTAINED_WITHIN( NULL, &( pxTimer->xTimerListItem ) ) == pdFALSE ) /*lint !e961. The
 728:Middlewares/Third_Party/FreeRTOS/Source/timers.c **** 			{
 729:Middlewares/Third_Party/FreeRTOS/Source/timers.c **** 				/* The timer is in a list, remove it. */
 730:Middlewares/Third_Party/FreeRTOS/Source/timers.c **** 				( void ) uxListRemove( &( pxTimer->xTimerListItem ) );
 731:Middlewares/Third_Party/FreeRTOS/Source/timers.c **** 			}
 732:Middlewares/Third_Party/FreeRTOS/Source/timers.c **** 			else
 733:Middlewares/Third_Party/FreeRTOS/Source/timers.c **** 			{
 734:Middlewares/Third_Party/FreeRTOS/Source/timers.c **** 				mtCOVERAGE_TEST_MARKER();
 735:Middlewares/Third_Party/FreeRTOS/Source/timers.c **** 			}
 736:Middlewares/Third_Party/FreeRTOS/Source/timers.c **** 
 737:Middlewares/Third_Party/FreeRTOS/Source/timers.c **** 			traceTIMER_COMMAND_RECEIVED( pxTimer, xMessage.xMessageID, xMessage.u.xTimerParameters.xMessageV
 738:Middlewares/Third_Party/FreeRTOS/Source/timers.c **** 
 739:Middlewares/Third_Party/FreeRTOS/Source/timers.c **** 			/* In this case the xTimerListsWereSwitched parameter is not used, but
 740:Middlewares/Third_Party/FreeRTOS/Source/timers.c **** 			it must be present in the function call.  prvSampleTimeNow() must be
 741:Middlewares/Third_Party/FreeRTOS/Source/timers.c **** 			called after the message is received from xTimerQueue so there is no
 742:Middlewares/Third_Party/FreeRTOS/Source/timers.c **** 			possibility of a higher priority task adding a message to the message
 743:Middlewares/Third_Party/FreeRTOS/Source/timers.c **** 			queue with a time that is ahead of the timer daemon task (because it
 744:Middlewares/Third_Party/FreeRTOS/Source/timers.c **** 			pre-empted the timer daemon task after the xTimeNow value was set). */
 745:Middlewares/Third_Party/FreeRTOS/Source/timers.c **** 			xTimeNow = prvSampleTimeNow( &xTimerListsWereSwitched );
 746:Middlewares/Third_Party/FreeRTOS/Source/timers.c **** 
 747:Middlewares/Third_Party/FreeRTOS/Source/timers.c **** 			switch( xMessage.xMessageID )
 748:Middlewares/Third_Party/FreeRTOS/Source/timers.c **** 			{
 749:Middlewares/Third_Party/FreeRTOS/Source/timers.c **** 				case tmrCOMMAND_START :
 750:Middlewares/Third_Party/FreeRTOS/Source/timers.c **** 			    case tmrCOMMAND_START_FROM_ISR :
 751:Middlewares/Third_Party/FreeRTOS/Source/timers.c **** 			    case tmrCOMMAND_RESET :
 752:Middlewares/Third_Party/FreeRTOS/Source/timers.c **** 			    case tmrCOMMAND_RESET_FROM_ISR :
 753:Middlewares/Third_Party/FreeRTOS/Source/timers.c **** 				case tmrCOMMAND_START_DONT_TRACE :
 754:Middlewares/Third_Party/FreeRTOS/Source/timers.c **** 					/* Start or restart a timer. */
 755:Middlewares/Third_Party/FreeRTOS/Source/timers.c **** 					if( prvInsertTimerInActiveList( pxTimer,  xMessage.u.xTimerParameters.xMessageValue + pxTimer-
 756:Middlewares/Third_Party/FreeRTOS/Source/timers.c **** 					{
 757:Middlewares/Third_Party/FreeRTOS/Source/timers.c **** 						/* The timer expired before it was added to the active
 758:Middlewares/Third_Party/FreeRTOS/Source/timers.c **** 						timer list.  Process it now. */
 759:Middlewares/Third_Party/FreeRTOS/Source/timers.c **** 						pxTimer->pxCallbackFunction( ( TimerHandle_t ) pxTimer );
 760:Middlewares/Third_Party/FreeRTOS/Source/timers.c **** 						traceTIMER_EXPIRED( pxTimer );
 761:Middlewares/Third_Party/FreeRTOS/Source/timers.c **** 
 762:Middlewares/Third_Party/FreeRTOS/Source/timers.c **** 						if( pxTimer->uxAutoReload == ( UBaseType_t ) pdTRUE )
 763:Middlewares/Third_Party/FreeRTOS/Source/timers.c **** 						{
 764:Middlewares/Third_Party/FreeRTOS/Source/timers.c **** 							xResult = xTimerGenericCommand( pxTimer, tmrCOMMAND_START_DONT_TRACE, xMessage.u.xTimerParam
 765:Middlewares/Third_Party/FreeRTOS/Source/timers.c **** 							configASSERT( xResult );
 766:Middlewares/Third_Party/FreeRTOS/Source/timers.c **** 							( void ) xResult;
 767:Middlewares/Third_Party/FreeRTOS/Source/timers.c **** 						}
 768:Middlewares/Third_Party/FreeRTOS/Source/timers.c **** 						else
 769:Middlewares/Third_Party/FreeRTOS/Source/timers.c **** 						{
 770:Middlewares/Third_Party/FreeRTOS/Source/timers.c **** 							mtCOVERAGE_TEST_MARKER();
 771:Middlewares/Third_Party/FreeRTOS/Source/timers.c **** 						}
 772:Middlewares/Third_Party/FreeRTOS/Source/timers.c **** 					}
 773:Middlewares/Third_Party/FreeRTOS/Source/timers.c **** 					else
 774:Middlewares/Third_Party/FreeRTOS/Source/timers.c **** 					{
 775:Middlewares/Third_Party/FreeRTOS/Source/timers.c **** 						mtCOVERAGE_TEST_MARKER();
 776:Middlewares/Third_Party/FreeRTOS/Source/timers.c **** 					}
ARM GAS  /tmp/ccPdA3Zs.s 			page 18


 777:Middlewares/Third_Party/FreeRTOS/Source/timers.c **** 					break;
 778:Middlewares/Third_Party/FreeRTOS/Source/timers.c **** 
 779:Middlewares/Third_Party/FreeRTOS/Source/timers.c **** 				case tmrCOMMAND_STOP :
 780:Middlewares/Third_Party/FreeRTOS/Source/timers.c **** 				case tmrCOMMAND_STOP_FROM_ISR :
 781:Middlewares/Third_Party/FreeRTOS/Source/timers.c **** 					/* The timer has already been removed from the active list.
 782:Middlewares/Third_Party/FreeRTOS/Source/timers.c **** 					There is nothing to do here. */
 783:Middlewares/Third_Party/FreeRTOS/Source/timers.c **** 					break;
 784:Middlewares/Third_Party/FreeRTOS/Source/timers.c **** 
 785:Middlewares/Third_Party/FreeRTOS/Source/timers.c **** 				case tmrCOMMAND_CHANGE_PERIOD :
 786:Middlewares/Third_Party/FreeRTOS/Source/timers.c **** 				case tmrCOMMAND_CHANGE_PERIOD_FROM_ISR :
 787:Middlewares/Third_Party/FreeRTOS/Source/timers.c **** 					pxTimer->xTimerPeriodInTicks = xMessage.u.xTimerParameters.xMessageValue;
 788:Middlewares/Third_Party/FreeRTOS/Source/timers.c **** 					configASSERT( ( pxTimer->xTimerPeriodInTicks > 0 ) );
 789:Middlewares/Third_Party/FreeRTOS/Source/timers.c **** 
 790:Middlewares/Third_Party/FreeRTOS/Source/timers.c **** 					/* The new period does not really have a reference, and can
 791:Middlewares/Third_Party/FreeRTOS/Source/timers.c **** 					be longer or shorter than the old one.  The command time is
 792:Middlewares/Third_Party/FreeRTOS/Source/timers.c **** 					therefore set to the current time, and as the period cannot
 793:Middlewares/Third_Party/FreeRTOS/Source/timers.c **** 					be zero the next expiry time can only be in the future,
 794:Middlewares/Third_Party/FreeRTOS/Source/timers.c **** 					meaning (unlike for the xTimerStart() case above) there is
 795:Middlewares/Third_Party/FreeRTOS/Source/timers.c **** 					no fail case that needs to be handled here. */
 796:Middlewares/Third_Party/FreeRTOS/Source/timers.c **** 					( void ) prvInsertTimerInActiveList( pxTimer, ( xTimeNow + pxTimer->xTimerPeriodInTicks ), xTi
 797:Middlewares/Third_Party/FreeRTOS/Source/timers.c **** 					break;
 798:Middlewares/Third_Party/FreeRTOS/Source/timers.c **** 
 799:Middlewares/Third_Party/FreeRTOS/Source/timers.c **** 				case tmrCOMMAND_DELETE :
 800:Middlewares/Third_Party/FreeRTOS/Source/timers.c **** 					/* The timer has already been removed from the active list,
 801:Middlewares/Third_Party/FreeRTOS/Source/timers.c **** 					just free up the memory if the memory was dynamically
 802:Middlewares/Third_Party/FreeRTOS/Source/timers.c **** 					allocated. */
 803:Middlewares/Third_Party/FreeRTOS/Source/timers.c **** 					#if( ( configSUPPORT_DYNAMIC_ALLOCATION == 1 ) && ( configSUPPORT_STATIC_ALLOCATION == 0 ) )
 804:Middlewares/Third_Party/FreeRTOS/Source/timers.c **** 					{
 805:Middlewares/Third_Party/FreeRTOS/Source/timers.c **** 						/* The timer can only have been allocated dynamically -
 806:Middlewares/Third_Party/FreeRTOS/Source/timers.c **** 						free it again. */
 807:Middlewares/Third_Party/FreeRTOS/Source/timers.c **** 						vPortFree( pxTimer );
 808:Middlewares/Third_Party/FreeRTOS/Source/timers.c **** 					}
 809:Middlewares/Third_Party/FreeRTOS/Source/timers.c **** 					#elif( ( configSUPPORT_DYNAMIC_ALLOCATION == 1 ) && ( configSUPPORT_STATIC_ALLOCATION == 1 ) )
 810:Middlewares/Third_Party/FreeRTOS/Source/timers.c **** 					{
 811:Middlewares/Third_Party/FreeRTOS/Source/timers.c **** 						/* The timer could have been allocated statically or
 812:Middlewares/Third_Party/FreeRTOS/Source/timers.c **** 						dynamically, so check before attempting to free the
 813:Middlewares/Third_Party/FreeRTOS/Source/timers.c **** 						memory. */
 814:Middlewares/Third_Party/FreeRTOS/Source/timers.c **** 						if( pxTimer->ucStaticallyAllocated == ( uint8_t ) pdFALSE )
 815:Middlewares/Third_Party/FreeRTOS/Source/timers.c **** 						{
 816:Middlewares/Third_Party/FreeRTOS/Source/timers.c **** 							vPortFree( pxTimer );
 817:Middlewares/Third_Party/FreeRTOS/Source/timers.c **** 						}
 818:Middlewares/Third_Party/FreeRTOS/Source/timers.c **** 						else
 819:Middlewares/Third_Party/FreeRTOS/Source/timers.c **** 						{
 820:Middlewares/Third_Party/FreeRTOS/Source/timers.c **** 							mtCOVERAGE_TEST_MARKER();
 821:Middlewares/Third_Party/FreeRTOS/Source/timers.c **** 						}
 822:Middlewares/Third_Party/FreeRTOS/Source/timers.c **** 					}
 823:Middlewares/Third_Party/FreeRTOS/Source/timers.c **** 					#endif /* configSUPPORT_DYNAMIC_ALLOCATION */
 824:Middlewares/Third_Party/FreeRTOS/Source/timers.c **** 					break;
 825:Middlewares/Third_Party/FreeRTOS/Source/timers.c **** 
 826:Middlewares/Third_Party/FreeRTOS/Source/timers.c **** 				default	:
 827:Middlewares/Third_Party/FreeRTOS/Source/timers.c **** 					/* Don't expect to get here. */
 828:Middlewares/Third_Party/FreeRTOS/Source/timers.c **** 					break;
 829:Middlewares/Third_Party/FreeRTOS/Source/timers.c **** 			}
 830:Middlewares/Third_Party/FreeRTOS/Source/timers.c **** 		}
 831:Middlewares/Third_Party/FreeRTOS/Source/timers.c **** 	}
 832:Middlewares/Third_Party/FreeRTOS/Source/timers.c **** }
 833:Middlewares/Third_Party/FreeRTOS/Source/timers.c **** /*-----------------------------------------------------------*/
ARM GAS  /tmp/ccPdA3Zs.s 			page 19


 834:Middlewares/Third_Party/FreeRTOS/Source/timers.c **** 
 835:Middlewares/Third_Party/FreeRTOS/Source/timers.c **** static void prvSwitchTimerLists( void )
 836:Middlewares/Third_Party/FreeRTOS/Source/timers.c **** {
 837:Middlewares/Third_Party/FreeRTOS/Source/timers.c **** TickType_t xNextExpireTime, xReloadTime;
 838:Middlewares/Third_Party/FreeRTOS/Source/timers.c **** List_t *pxTemp;
 839:Middlewares/Third_Party/FreeRTOS/Source/timers.c **** Timer_t *pxTimer;
 840:Middlewares/Third_Party/FreeRTOS/Source/timers.c **** BaseType_t xResult;
 841:Middlewares/Third_Party/FreeRTOS/Source/timers.c **** 
 842:Middlewares/Third_Party/FreeRTOS/Source/timers.c **** 	/* The tick count has overflowed.  The timer lists must be switched.
 843:Middlewares/Third_Party/FreeRTOS/Source/timers.c **** 	If there are any timers still referenced from the current timer list
 844:Middlewares/Third_Party/FreeRTOS/Source/timers.c **** 	then they must have expired and should be processed before the lists
 845:Middlewares/Third_Party/FreeRTOS/Source/timers.c **** 	are switched. */
 846:Middlewares/Third_Party/FreeRTOS/Source/timers.c **** 	while( listLIST_IS_EMPTY( pxCurrentTimerList ) == pdFALSE )
 847:Middlewares/Third_Party/FreeRTOS/Source/timers.c **** 	{
 848:Middlewares/Third_Party/FreeRTOS/Source/timers.c **** 		xNextExpireTime = listGET_ITEM_VALUE_OF_HEAD_ENTRY( pxCurrentTimerList );
 849:Middlewares/Third_Party/FreeRTOS/Source/timers.c **** 
 850:Middlewares/Third_Party/FreeRTOS/Source/timers.c **** 		/* Remove the timer from the list. */
 851:Middlewares/Third_Party/FreeRTOS/Source/timers.c **** 		pxTimer = ( Timer_t * ) listGET_OWNER_OF_HEAD_ENTRY( pxCurrentTimerList );
 852:Middlewares/Third_Party/FreeRTOS/Source/timers.c **** 		( void ) uxListRemove( &( pxTimer->xTimerListItem ) );
 853:Middlewares/Third_Party/FreeRTOS/Source/timers.c **** 		traceTIMER_EXPIRED( pxTimer );
 854:Middlewares/Third_Party/FreeRTOS/Source/timers.c **** 
 855:Middlewares/Third_Party/FreeRTOS/Source/timers.c **** 		/* Execute its callback, then send a command to restart the timer if
 856:Middlewares/Third_Party/FreeRTOS/Source/timers.c **** 		it is an auto-reload timer.  It cannot be restarted here as the lists
 857:Middlewares/Third_Party/FreeRTOS/Source/timers.c **** 		have not yet been switched. */
 858:Middlewares/Third_Party/FreeRTOS/Source/timers.c **** 		pxTimer->pxCallbackFunction( ( TimerHandle_t ) pxTimer );
 859:Middlewares/Third_Party/FreeRTOS/Source/timers.c **** 
 860:Middlewares/Third_Party/FreeRTOS/Source/timers.c **** 		if( pxTimer->uxAutoReload == ( UBaseType_t ) pdTRUE )
 861:Middlewares/Third_Party/FreeRTOS/Source/timers.c **** 		{
 862:Middlewares/Third_Party/FreeRTOS/Source/timers.c **** 			/* Calculate the reload value, and if the reload value results in
 863:Middlewares/Third_Party/FreeRTOS/Source/timers.c **** 			the timer going into the same timer list then it has already expired
 864:Middlewares/Third_Party/FreeRTOS/Source/timers.c **** 			and the timer should be re-inserted into the current list so it is
 865:Middlewares/Third_Party/FreeRTOS/Source/timers.c **** 			processed again within this loop.  Otherwise a command should be sent
 866:Middlewares/Third_Party/FreeRTOS/Source/timers.c **** 			to restart the timer to ensure it is only inserted into a list after
 867:Middlewares/Third_Party/FreeRTOS/Source/timers.c **** 			the lists have been swapped. */
 868:Middlewares/Third_Party/FreeRTOS/Source/timers.c **** 			xReloadTime = ( xNextExpireTime + pxTimer->xTimerPeriodInTicks );
 869:Middlewares/Third_Party/FreeRTOS/Source/timers.c **** 			if( xReloadTime > xNextExpireTime )
 870:Middlewares/Third_Party/FreeRTOS/Source/timers.c **** 			{
 871:Middlewares/Third_Party/FreeRTOS/Source/timers.c **** 				listSET_LIST_ITEM_VALUE( &( pxTimer->xTimerListItem ), xReloadTime );
 872:Middlewares/Third_Party/FreeRTOS/Source/timers.c **** 				listSET_LIST_ITEM_OWNER( &( pxTimer->xTimerListItem ), pxTimer );
 873:Middlewares/Third_Party/FreeRTOS/Source/timers.c **** 				vListInsert( pxCurrentTimerList, &( pxTimer->xTimerListItem ) );
 874:Middlewares/Third_Party/FreeRTOS/Source/timers.c **** 			}
 875:Middlewares/Third_Party/FreeRTOS/Source/timers.c **** 			else
 876:Middlewares/Third_Party/FreeRTOS/Source/timers.c **** 			{
 877:Middlewares/Third_Party/FreeRTOS/Source/timers.c **** 				xResult = xTimerGenericCommand( pxTimer, tmrCOMMAND_START_DONT_TRACE, xNextExpireTime, NULL, tm
 878:Middlewares/Third_Party/FreeRTOS/Source/timers.c **** 				configASSERT( xResult );
 879:Middlewares/Third_Party/FreeRTOS/Source/timers.c **** 				( void ) xResult;
 880:Middlewares/Third_Party/FreeRTOS/Source/timers.c **** 			}
 881:Middlewares/Third_Party/FreeRTOS/Source/timers.c **** 		}
 882:Middlewares/Third_Party/FreeRTOS/Source/timers.c **** 		else
 883:Middlewares/Third_Party/FreeRTOS/Source/timers.c **** 		{
 884:Middlewares/Third_Party/FreeRTOS/Source/timers.c **** 			mtCOVERAGE_TEST_MARKER();
 885:Middlewares/Third_Party/FreeRTOS/Source/timers.c **** 		}
 886:Middlewares/Third_Party/FreeRTOS/Source/timers.c **** 	}
 887:Middlewares/Third_Party/FreeRTOS/Source/timers.c **** 
 888:Middlewares/Third_Party/FreeRTOS/Source/timers.c **** 	pxTemp = pxCurrentTimerList;
 889:Middlewares/Third_Party/FreeRTOS/Source/timers.c **** 	pxCurrentTimerList = pxOverflowTimerList;
 890:Middlewares/Third_Party/FreeRTOS/Source/timers.c **** 	pxOverflowTimerList = pxTemp;
ARM GAS  /tmp/ccPdA3Zs.s 			page 20


 891:Middlewares/Third_Party/FreeRTOS/Source/timers.c **** }
 892:Middlewares/Third_Party/FreeRTOS/Source/timers.c **** /*-----------------------------------------------------------*/
 893:Middlewares/Third_Party/FreeRTOS/Source/timers.c **** 
 894:Middlewares/Third_Party/FreeRTOS/Source/timers.c **** static void prvCheckForValidListAndQueue( void )
 895:Middlewares/Third_Party/FreeRTOS/Source/timers.c **** {
 183              		.loc 1 895 1 is_stmt 1 view -0
 184              		.cfi_startproc
 185              		@ args = 0, pretend = 0, frame = 0
 186              		@ frame_needed = 0, uses_anonymous_args = 0
 187 0000 30B5     		push	{r4, r5, lr}
 188              	.LCFI1:
 189              		.cfi_def_cfa_offset 12
 190              		.cfi_offset 4, -12
 191              		.cfi_offset 5, -8
 192              		.cfi_offset 14, -4
 193 0002 83B0     		sub	sp, sp, #12
 194              	.LCFI2:
 195              		.cfi_def_cfa_offset 24
 896:Middlewares/Third_Party/FreeRTOS/Source/timers.c **** 	/* Check that the list from which active timers are referenced, and the
 897:Middlewares/Third_Party/FreeRTOS/Source/timers.c **** 	queue used to communicate with the timer service, have been
 898:Middlewares/Third_Party/FreeRTOS/Source/timers.c **** 	initialised. */
 899:Middlewares/Third_Party/FreeRTOS/Source/timers.c **** 	taskENTER_CRITICAL();
 196              		.loc 1 899 2 view .LVU43
 197 0004 FFF7FEFF 		bl	vPortEnterCritical
 198              	.LVL20:
 900:Middlewares/Third_Party/FreeRTOS/Source/timers.c **** 	{
 901:Middlewares/Third_Party/FreeRTOS/Source/timers.c **** 		if( xTimerQueue == NULL )
 199              		.loc 1 901 3 view .LVU44
 200              		.loc 1 901 19 is_stmt 0 view .LVU45
 201 0008 114B     		ldr	r3, .L20
 202 000a 1B68     		ldr	r3, [r3]
 203              		.loc 1 901 5 view .LVU46
 204 000c 1BB1     		cbz	r3, .L19
 205              	.L17:
 902:Middlewares/Third_Party/FreeRTOS/Source/timers.c **** 		{
 903:Middlewares/Third_Party/FreeRTOS/Source/timers.c **** 			vListInitialise( &xActiveTimerList1 );
 904:Middlewares/Third_Party/FreeRTOS/Source/timers.c **** 			vListInitialise( &xActiveTimerList2 );
 905:Middlewares/Third_Party/FreeRTOS/Source/timers.c **** 			pxCurrentTimerList = &xActiveTimerList1;
 906:Middlewares/Third_Party/FreeRTOS/Source/timers.c **** 			pxOverflowTimerList = &xActiveTimerList2;
 907:Middlewares/Third_Party/FreeRTOS/Source/timers.c **** 
 908:Middlewares/Third_Party/FreeRTOS/Source/timers.c **** 			#if( configSUPPORT_STATIC_ALLOCATION == 1 )
 909:Middlewares/Third_Party/FreeRTOS/Source/timers.c **** 			{
 910:Middlewares/Third_Party/FreeRTOS/Source/timers.c **** 				/* The timer queue is allocated statically in case
 911:Middlewares/Third_Party/FreeRTOS/Source/timers.c **** 				configSUPPORT_DYNAMIC_ALLOCATION is 0. */
 912:Middlewares/Third_Party/FreeRTOS/Source/timers.c **** 				static StaticQueue_t xStaticTimerQueue; /*lint !e956 Ok to declare in this manner to prevent ad
 913:Middlewares/Third_Party/FreeRTOS/Source/timers.c **** 				static uint8_t ucStaticTimerQueueStorage[ ( size_t ) configTIMER_QUEUE_LENGTH * sizeof( DaemonT
 914:Middlewares/Third_Party/FreeRTOS/Source/timers.c **** 
 915:Middlewares/Third_Party/FreeRTOS/Source/timers.c **** 				xTimerQueue = xQueueCreateStatic( ( UBaseType_t ) configTIMER_QUEUE_LENGTH, ( UBaseType_t ) siz
 916:Middlewares/Third_Party/FreeRTOS/Source/timers.c **** 			}
 917:Middlewares/Third_Party/FreeRTOS/Source/timers.c **** 			#else
 918:Middlewares/Third_Party/FreeRTOS/Source/timers.c **** 			{
 919:Middlewares/Third_Party/FreeRTOS/Source/timers.c **** 				xTimerQueue = xQueueCreate( ( UBaseType_t ) configTIMER_QUEUE_LENGTH, sizeof( DaemonTaskMessage
 920:Middlewares/Third_Party/FreeRTOS/Source/timers.c **** 			}
 921:Middlewares/Third_Party/FreeRTOS/Source/timers.c **** 			#endif
 922:Middlewares/Third_Party/FreeRTOS/Source/timers.c **** 
 923:Middlewares/Third_Party/FreeRTOS/Source/timers.c **** 			#if ( configQUEUE_REGISTRY_SIZE > 0 )
 924:Middlewares/Third_Party/FreeRTOS/Source/timers.c **** 			{
ARM GAS  /tmp/ccPdA3Zs.s 			page 21


 925:Middlewares/Third_Party/FreeRTOS/Source/timers.c **** 				if( xTimerQueue != NULL )
 926:Middlewares/Third_Party/FreeRTOS/Source/timers.c **** 				{
 927:Middlewares/Third_Party/FreeRTOS/Source/timers.c **** 					vQueueAddToRegistry( xTimerQueue, "TmrQ" );
 928:Middlewares/Third_Party/FreeRTOS/Source/timers.c **** 				}
 929:Middlewares/Third_Party/FreeRTOS/Source/timers.c **** 				else
 930:Middlewares/Third_Party/FreeRTOS/Source/timers.c **** 				{
 931:Middlewares/Third_Party/FreeRTOS/Source/timers.c **** 					mtCOVERAGE_TEST_MARKER();
 932:Middlewares/Third_Party/FreeRTOS/Source/timers.c **** 				}
 933:Middlewares/Third_Party/FreeRTOS/Source/timers.c **** 			}
 934:Middlewares/Third_Party/FreeRTOS/Source/timers.c **** 			#endif /* configQUEUE_REGISTRY_SIZE */
 935:Middlewares/Third_Party/FreeRTOS/Source/timers.c **** 		}
 936:Middlewares/Third_Party/FreeRTOS/Source/timers.c **** 		else
 937:Middlewares/Third_Party/FreeRTOS/Source/timers.c **** 		{
 938:Middlewares/Third_Party/FreeRTOS/Source/timers.c **** 			mtCOVERAGE_TEST_MARKER();
 206              		.loc 1 938 28 is_stmt 1 view .LVU47
 939:Middlewares/Third_Party/FreeRTOS/Source/timers.c **** 		}
 940:Middlewares/Third_Party/FreeRTOS/Source/timers.c **** 	}
 941:Middlewares/Third_Party/FreeRTOS/Source/timers.c **** 	taskEXIT_CRITICAL();
 207              		.loc 1 941 2 view .LVU48
 208 000e FFF7FEFF 		bl	vPortExitCritical
 209              	.LVL21:
 942:Middlewares/Third_Party/FreeRTOS/Source/timers.c **** }
 210              		.loc 1 942 1 is_stmt 0 view .LVU49
 211 0012 03B0     		add	sp, sp, #12
 212              	.LCFI3:
 213              		.cfi_remember_state
 214              		.cfi_def_cfa_offset 12
 215              		@ sp needed
 216 0014 30BD     		pop	{r4, r5, pc}
 217              	.L19:
 218              	.LCFI4:
 219              		.cfi_restore_state
 903:Middlewares/Third_Party/FreeRTOS/Source/timers.c **** 			vListInitialise( &xActiveTimerList2 );
 220              		.loc 1 903 4 is_stmt 1 view .LVU50
 221 0016 0F4D     		ldr	r5, .L20+4
 222 0018 2846     		mov	r0, r5
 223 001a FFF7FEFF 		bl	vListInitialise
 224              	.LVL22:
 904:Middlewares/Third_Party/FreeRTOS/Source/timers.c **** 			pxCurrentTimerList = &xActiveTimerList1;
 225              		.loc 1 904 4 view .LVU51
 226 001e 0E4C     		ldr	r4, .L20+8
 227 0020 2046     		mov	r0, r4
 228 0022 FFF7FEFF 		bl	vListInitialise
 229              	.LVL23:
 905:Middlewares/Third_Party/FreeRTOS/Source/timers.c **** 			pxOverflowTimerList = &xActiveTimerList2;
 230              		.loc 1 905 4 view .LVU52
 905:Middlewares/Third_Party/FreeRTOS/Source/timers.c **** 			pxOverflowTimerList = &xActiveTimerList2;
 231              		.loc 1 905 23 is_stmt 0 view .LVU53
 232 0026 0D4B     		ldr	r3, .L20+12
 233 0028 1D60     		str	r5, [r3]
 906:Middlewares/Third_Party/FreeRTOS/Source/timers.c **** 
 234              		.loc 1 906 4 is_stmt 1 view .LVU54
 906:Middlewares/Third_Party/FreeRTOS/Source/timers.c **** 
 235              		.loc 1 906 24 is_stmt 0 view .LVU55
 236 002a 0D4B     		ldr	r3, .L20+16
 237 002c 1C60     		str	r4, [r3]
 238              	.LBB41:
ARM GAS  /tmp/ccPdA3Zs.s 			page 22


 912:Middlewares/Third_Party/FreeRTOS/Source/timers.c **** 				static uint8_t ucStaticTimerQueueStorage[ ( size_t ) configTIMER_QUEUE_LENGTH * sizeof( DaemonT
 239              		.loc 1 912 5 is_stmt 1 view .LVU56
 913:Middlewares/Third_Party/FreeRTOS/Source/timers.c **** 
 240              		.loc 1 913 5 view .LVU57
 915:Middlewares/Third_Party/FreeRTOS/Source/timers.c **** 			}
 241              		.loc 1 915 5 view .LVU58
 915:Middlewares/Third_Party/FreeRTOS/Source/timers.c **** 			}
 242              		.loc 1 915 19 is_stmt 0 view .LVU59
 243 002e 0023     		movs	r3, #0
 244 0030 0093     		str	r3, [sp]
 245 0032 0C4B     		ldr	r3, .L20+20
 246 0034 0C4A     		ldr	r2, .L20+24
 247 0036 1021     		movs	r1, #16
 248 0038 0A20     		movs	r0, #10
 249 003a FFF7FEFF 		bl	xQueueGenericCreateStatic
 250              	.LVL24:
 915:Middlewares/Third_Party/FreeRTOS/Source/timers.c **** 			}
 251              		.loc 1 915 17 discriminator 1 view .LVU60
 252 003e 044B     		ldr	r3, .L20
 253 0040 1860     		str	r0, [r3]
 254              	.LBE41:
 925:Middlewares/Third_Party/FreeRTOS/Source/timers.c **** 				{
 255              		.loc 1 925 5 is_stmt 1 view .LVU61
 925:Middlewares/Third_Party/FreeRTOS/Source/timers.c **** 				{
 256              		.loc 1 925 7 is_stmt 0 view .LVU62
 257 0042 0028     		cmp	r0, #0
 258 0044 E3D0     		beq	.L17
 927:Middlewares/Third_Party/FreeRTOS/Source/timers.c **** 				}
 259              		.loc 1 927 6 is_stmt 1 view .LVU63
 260 0046 0949     		ldr	r1, .L20+28
 261 0048 FFF7FEFF 		bl	vQueueAddToRegistry
 262              	.LVL25:
 263 004c DFE7     		b	.L17
 264              	.L21:
 265 004e 00BF     		.align	2
 266              	.L20:
 267 0050 00000000 		.word	xTimerQueue
 268 0054 00000000 		.word	xActiveTimerList1
 269 0058 00000000 		.word	xActiveTimerList2
 270 005c 00000000 		.word	pxCurrentTimerList
 271 0060 00000000 		.word	pxOverflowTimerList
 272 0064 00000000 		.word	xStaticTimerQueue.0
 273 0068 00000000 		.word	ucStaticTimerQueueStorage.1
 274 006c 00000000 		.word	.LC0
 275              		.cfi_endproc
 276              	.LFE21:
 278              		.section	.text.prvInitialiseNewTimer,"ax",%progbits
 279              		.align	1
 280              		.syntax unified
 281              		.thumb
 282              		.thumb_func
 284              	prvInitialiseNewTimer:
 285              	.LVL26:
 286              	.LFB7:
 358:Middlewares/Third_Party/FreeRTOS/Source/timers.c **** 	/* 0 is not a valid value for xTimerPeriodInTicks. */
 287              		.loc 1 358 1 view -0
 288              		.cfi_startproc
ARM GAS  /tmp/ccPdA3Zs.s 			page 23


 289              		@ args = 8, pretend = 0, frame = 0
 290              		@ frame_needed = 0, uses_anonymous_args = 0
 358:Middlewares/Third_Party/FreeRTOS/Source/timers.c **** 	/* 0 is not a valid value for xTimerPeriodInTicks. */
 291              		.loc 1 358 1 is_stmt 0 view .LVU65
 292 0000 2DE9F041 		push	{r4, r5, r6, r7, r8, lr}
 293              	.LCFI5:
 294              		.cfi_def_cfa_offset 24
 295              		.cfi_offset 4, -24
 296              		.cfi_offset 5, -20
 297              		.cfi_offset 6, -16
 298              		.cfi_offset 7, -12
 299              		.cfi_offset 8, -8
 300              		.cfi_offset 14, -4
 301 0004 079F     		ldr	r7, [sp, #28]
 360:Middlewares/Third_Party/FreeRTOS/Source/timers.c **** 
 302              		.loc 1 360 2 is_stmt 1 view .LVU66
 303 0006 41B9     		cbnz	r1, .L23
 360:Middlewares/Third_Party/FreeRTOS/Source/timers.c **** 
 304              		.loc 1 360 2 discriminator 1 view .LVU67
 305              	.LBB42:
 306              	.LBI42:
 307              		.file 2 "Middlewares/Third_Party/FreeRTOS/Source/portable/GCC/ARM_CM4F/portmacro.h"
   1:Middlewares/Third_Party/FreeRTOS/Source/portable/GCC/ARM_CM4F/portmacro.h **** /*
   2:Middlewares/Third_Party/FreeRTOS/Source/portable/GCC/ARM_CM4F/portmacro.h ****  * FreeRTOS Kernel V10.0.1
   3:Middlewares/Third_Party/FreeRTOS/Source/portable/GCC/ARM_CM4F/portmacro.h ****  * Copyright (C) 2017 Amazon.com, Inc. or its affiliates.  All Rights Reserved.
   4:Middlewares/Third_Party/FreeRTOS/Source/portable/GCC/ARM_CM4F/portmacro.h ****  *
   5:Middlewares/Third_Party/FreeRTOS/Source/portable/GCC/ARM_CM4F/portmacro.h ****  * Permission is hereby granted, free of charge, to any person obtaining a copy of
   6:Middlewares/Third_Party/FreeRTOS/Source/portable/GCC/ARM_CM4F/portmacro.h ****  * this software and associated documentation files (the "Software"), to deal in
   7:Middlewares/Third_Party/FreeRTOS/Source/portable/GCC/ARM_CM4F/portmacro.h ****  * the Software without restriction, including without limitation the rights to
   8:Middlewares/Third_Party/FreeRTOS/Source/portable/GCC/ARM_CM4F/portmacro.h ****  * use, copy, modify, merge, publish, distribute, sublicense, and/or sell copies of
   9:Middlewares/Third_Party/FreeRTOS/Source/portable/GCC/ARM_CM4F/portmacro.h ****  * the Software, and to permit persons to whom the Software is furnished to do so,
  10:Middlewares/Third_Party/FreeRTOS/Source/portable/GCC/ARM_CM4F/portmacro.h ****  * subject to the following conditions:
  11:Middlewares/Third_Party/FreeRTOS/Source/portable/GCC/ARM_CM4F/portmacro.h ****  *
  12:Middlewares/Third_Party/FreeRTOS/Source/portable/GCC/ARM_CM4F/portmacro.h ****  * The above copyright notice and this permission notice shall be included in all
  13:Middlewares/Third_Party/FreeRTOS/Source/portable/GCC/ARM_CM4F/portmacro.h ****  * copies or substantial portions of the Software.
  14:Middlewares/Third_Party/FreeRTOS/Source/portable/GCC/ARM_CM4F/portmacro.h ****  *
  15:Middlewares/Third_Party/FreeRTOS/Source/portable/GCC/ARM_CM4F/portmacro.h ****  * THE SOFTWARE IS PROVIDED "AS IS", WITHOUT WARRANTY OF ANY KIND, EXPRESS OR
  16:Middlewares/Third_Party/FreeRTOS/Source/portable/GCC/ARM_CM4F/portmacro.h ****  * IMPLIED, INCLUDING BUT NOT LIMITED TO THE WARRANTIES OF MERCHANTABILITY, FITNESS
  17:Middlewares/Third_Party/FreeRTOS/Source/portable/GCC/ARM_CM4F/portmacro.h ****  * FOR A PARTICULAR PURPOSE AND NONINFRINGEMENT. IN NO EVENT SHALL THE AUTHORS OR
  18:Middlewares/Third_Party/FreeRTOS/Source/portable/GCC/ARM_CM4F/portmacro.h ****  * COPYRIGHT HOLDERS BE LIABLE FOR ANY CLAIM, DAMAGES OR OTHER LIABILITY, WHETHER
  19:Middlewares/Third_Party/FreeRTOS/Source/portable/GCC/ARM_CM4F/portmacro.h ****  * IN AN ACTION OF CONTRACT, TORT OR OTHERWISE, ARISING FROM, OUT OF OR IN
  20:Middlewares/Third_Party/FreeRTOS/Source/portable/GCC/ARM_CM4F/portmacro.h ****  * CONNECTION WITH THE SOFTWARE OR THE USE OR OTHER DEALINGS IN THE SOFTWARE.
  21:Middlewares/Third_Party/FreeRTOS/Source/portable/GCC/ARM_CM4F/portmacro.h ****  *
  22:Middlewares/Third_Party/FreeRTOS/Source/portable/GCC/ARM_CM4F/portmacro.h ****  * http://www.FreeRTOS.org
  23:Middlewares/Third_Party/FreeRTOS/Source/portable/GCC/ARM_CM4F/portmacro.h ****  * http://aws.amazon.com/freertos
  24:Middlewares/Third_Party/FreeRTOS/Source/portable/GCC/ARM_CM4F/portmacro.h ****  *
  25:Middlewares/Third_Party/FreeRTOS/Source/portable/GCC/ARM_CM4F/portmacro.h ****  * 1 tab == 4 spaces!
  26:Middlewares/Third_Party/FreeRTOS/Source/portable/GCC/ARM_CM4F/portmacro.h ****  */
  27:Middlewares/Third_Party/FreeRTOS/Source/portable/GCC/ARM_CM4F/portmacro.h **** 
  28:Middlewares/Third_Party/FreeRTOS/Source/portable/GCC/ARM_CM4F/portmacro.h **** 
  29:Middlewares/Third_Party/FreeRTOS/Source/portable/GCC/ARM_CM4F/portmacro.h **** #ifndef PORTMACRO_H
  30:Middlewares/Third_Party/FreeRTOS/Source/portable/GCC/ARM_CM4F/portmacro.h **** #define PORTMACRO_H
  31:Middlewares/Third_Party/FreeRTOS/Source/portable/GCC/ARM_CM4F/portmacro.h **** 
  32:Middlewares/Third_Party/FreeRTOS/Source/portable/GCC/ARM_CM4F/portmacro.h **** #ifdef __cplusplus
  33:Middlewares/Third_Party/FreeRTOS/Source/portable/GCC/ARM_CM4F/portmacro.h **** extern "C" {
  34:Middlewares/Third_Party/FreeRTOS/Source/portable/GCC/ARM_CM4F/portmacro.h **** #endif
  35:Middlewares/Third_Party/FreeRTOS/Source/portable/GCC/ARM_CM4F/portmacro.h **** 
ARM GAS  /tmp/ccPdA3Zs.s 			page 24


  36:Middlewares/Third_Party/FreeRTOS/Source/portable/GCC/ARM_CM4F/portmacro.h **** /*-----------------------------------------------------------
  37:Middlewares/Third_Party/FreeRTOS/Source/portable/GCC/ARM_CM4F/portmacro.h ****  * Port specific definitions.
  38:Middlewares/Third_Party/FreeRTOS/Source/portable/GCC/ARM_CM4F/portmacro.h ****  *
  39:Middlewares/Third_Party/FreeRTOS/Source/portable/GCC/ARM_CM4F/portmacro.h ****  * The settings in this file configure FreeRTOS correctly for the
  40:Middlewares/Third_Party/FreeRTOS/Source/portable/GCC/ARM_CM4F/portmacro.h ****  * given hardware and compiler.
  41:Middlewares/Third_Party/FreeRTOS/Source/portable/GCC/ARM_CM4F/portmacro.h ****  *
  42:Middlewares/Third_Party/FreeRTOS/Source/portable/GCC/ARM_CM4F/portmacro.h ****  * These settings should not be altered.
  43:Middlewares/Third_Party/FreeRTOS/Source/portable/GCC/ARM_CM4F/portmacro.h ****  *-----------------------------------------------------------
  44:Middlewares/Third_Party/FreeRTOS/Source/portable/GCC/ARM_CM4F/portmacro.h ****  */
  45:Middlewares/Third_Party/FreeRTOS/Source/portable/GCC/ARM_CM4F/portmacro.h **** 
  46:Middlewares/Third_Party/FreeRTOS/Source/portable/GCC/ARM_CM4F/portmacro.h **** /* Type definitions. */
  47:Middlewares/Third_Party/FreeRTOS/Source/portable/GCC/ARM_CM4F/portmacro.h **** #define portCHAR		char
  48:Middlewares/Third_Party/FreeRTOS/Source/portable/GCC/ARM_CM4F/portmacro.h **** #define portFLOAT		float
  49:Middlewares/Third_Party/FreeRTOS/Source/portable/GCC/ARM_CM4F/portmacro.h **** #define portDOUBLE		double
  50:Middlewares/Third_Party/FreeRTOS/Source/portable/GCC/ARM_CM4F/portmacro.h **** #define portLONG		long
  51:Middlewares/Third_Party/FreeRTOS/Source/portable/GCC/ARM_CM4F/portmacro.h **** #define portSHORT		short
  52:Middlewares/Third_Party/FreeRTOS/Source/portable/GCC/ARM_CM4F/portmacro.h **** #define portSTACK_TYPE	uint32_t
  53:Middlewares/Third_Party/FreeRTOS/Source/portable/GCC/ARM_CM4F/portmacro.h **** #define portBASE_TYPE	long
  54:Middlewares/Third_Party/FreeRTOS/Source/portable/GCC/ARM_CM4F/portmacro.h **** 
  55:Middlewares/Third_Party/FreeRTOS/Source/portable/GCC/ARM_CM4F/portmacro.h **** typedef portSTACK_TYPE StackType_t;
  56:Middlewares/Third_Party/FreeRTOS/Source/portable/GCC/ARM_CM4F/portmacro.h **** typedef long BaseType_t;
  57:Middlewares/Third_Party/FreeRTOS/Source/portable/GCC/ARM_CM4F/portmacro.h **** typedef unsigned long UBaseType_t;
  58:Middlewares/Third_Party/FreeRTOS/Source/portable/GCC/ARM_CM4F/portmacro.h **** 
  59:Middlewares/Third_Party/FreeRTOS/Source/portable/GCC/ARM_CM4F/portmacro.h **** #if( configUSE_16_BIT_TICKS == 1 )
  60:Middlewares/Third_Party/FreeRTOS/Source/portable/GCC/ARM_CM4F/portmacro.h **** 	typedef uint16_t TickType_t;
  61:Middlewares/Third_Party/FreeRTOS/Source/portable/GCC/ARM_CM4F/portmacro.h **** 	#define portMAX_DELAY ( TickType_t ) 0xffff
  62:Middlewares/Third_Party/FreeRTOS/Source/portable/GCC/ARM_CM4F/portmacro.h **** #else
  63:Middlewares/Third_Party/FreeRTOS/Source/portable/GCC/ARM_CM4F/portmacro.h **** 	typedef uint32_t TickType_t;
  64:Middlewares/Third_Party/FreeRTOS/Source/portable/GCC/ARM_CM4F/portmacro.h **** 	#define portMAX_DELAY ( TickType_t ) 0xffffffffUL
  65:Middlewares/Third_Party/FreeRTOS/Source/portable/GCC/ARM_CM4F/portmacro.h **** 
  66:Middlewares/Third_Party/FreeRTOS/Source/portable/GCC/ARM_CM4F/portmacro.h **** 	/* 32-bit tick type on a 32-bit architecture, so reads of the tick count do
  67:Middlewares/Third_Party/FreeRTOS/Source/portable/GCC/ARM_CM4F/portmacro.h **** 	not need to be guarded with a critical section. */
  68:Middlewares/Third_Party/FreeRTOS/Source/portable/GCC/ARM_CM4F/portmacro.h **** 	#define portTICK_TYPE_IS_ATOMIC 1
  69:Middlewares/Third_Party/FreeRTOS/Source/portable/GCC/ARM_CM4F/portmacro.h **** #endif
  70:Middlewares/Third_Party/FreeRTOS/Source/portable/GCC/ARM_CM4F/portmacro.h **** /*-----------------------------------------------------------*/
  71:Middlewares/Third_Party/FreeRTOS/Source/portable/GCC/ARM_CM4F/portmacro.h **** 
  72:Middlewares/Third_Party/FreeRTOS/Source/portable/GCC/ARM_CM4F/portmacro.h **** /* Architecture specifics. */
  73:Middlewares/Third_Party/FreeRTOS/Source/portable/GCC/ARM_CM4F/portmacro.h **** #define portSTACK_GROWTH			( -1 )
  74:Middlewares/Third_Party/FreeRTOS/Source/portable/GCC/ARM_CM4F/portmacro.h **** #define portTICK_PERIOD_MS			( ( TickType_t ) 1000 / configTICK_RATE_HZ )
  75:Middlewares/Third_Party/FreeRTOS/Source/portable/GCC/ARM_CM4F/portmacro.h **** #define portBYTE_ALIGNMENT			8
  76:Middlewares/Third_Party/FreeRTOS/Source/portable/GCC/ARM_CM4F/portmacro.h **** /*-----------------------------------------------------------*/
  77:Middlewares/Third_Party/FreeRTOS/Source/portable/GCC/ARM_CM4F/portmacro.h **** 
  78:Middlewares/Third_Party/FreeRTOS/Source/portable/GCC/ARM_CM4F/portmacro.h **** /* Scheduler utilities. */
  79:Middlewares/Third_Party/FreeRTOS/Source/portable/GCC/ARM_CM4F/portmacro.h **** #define portYIELD() 															\
  80:Middlewares/Third_Party/FreeRTOS/Source/portable/GCC/ARM_CM4F/portmacro.h **** {																				\
  81:Middlewares/Third_Party/FreeRTOS/Source/portable/GCC/ARM_CM4F/portmacro.h **** 	/* Set a PendSV to request a context switch. */								\
  82:Middlewares/Third_Party/FreeRTOS/Source/portable/GCC/ARM_CM4F/portmacro.h **** 	portNVIC_INT_CTRL_REG = portNVIC_PENDSVSET_BIT;								\
  83:Middlewares/Third_Party/FreeRTOS/Source/portable/GCC/ARM_CM4F/portmacro.h **** 																				\
  84:Middlewares/Third_Party/FreeRTOS/Source/portable/GCC/ARM_CM4F/portmacro.h **** 	/* Barriers are normally not required but do ensure the code is completely	\
  85:Middlewares/Third_Party/FreeRTOS/Source/portable/GCC/ARM_CM4F/portmacro.h **** 	within the specified behaviour for the architecture. */						\
  86:Middlewares/Third_Party/FreeRTOS/Source/portable/GCC/ARM_CM4F/portmacro.h **** 	__asm volatile( "dsb" ::: "memory" );										\
  87:Middlewares/Third_Party/FreeRTOS/Source/portable/GCC/ARM_CM4F/portmacro.h **** 	__asm volatile( "isb" );													\
  88:Middlewares/Third_Party/FreeRTOS/Source/portable/GCC/ARM_CM4F/portmacro.h **** }
  89:Middlewares/Third_Party/FreeRTOS/Source/portable/GCC/ARM_CM4F/portmacro.h **** 
  90:Middlewares/Third_Party/FreeRTOS/Source/portable/GCC/ARM_CM4F/portmacro.h **** #define portNVIC_INT_CTRL_REG		( * ( ( volatile uint32_t * ) 0xe000ed04 ) )
  91:Middlewares/Third_Party/FreeRTOS/Source/portable/GCC/ARM_CM4F/portmacro.h **** #define portNVIC_PENDSVSET_BIT		( 1UL << 28UL )
  92:Middlewares/Third_Party/FreeRTOS/Source/portable/GCC/ARM_CM4F/portmacro.h **** #define portEND_SWITCHING_ISR( xSwitchRequired ) if( xSwitchRequired != pdFALSE ) portYIELD()
ARM GAS  /tmp/ccPdA3Zs.s 			page 25


  93:Middlewares/Third_Party/FreeRTOS/Source/portable/GCC/ARM_CM4F/portmacro.h **** #define portYIELD_FROM_ISR( x ) portEND_SWITCHING_ISR( x )
  94:Middlewares/Third_Party/FreeRTOS/Source/portable/GCC/ARM_CM4F/portmacro.h **** /*-----------------------------------------------------------*/
  95:Middlewares/Third_Party/FreeRTOS/Source/portable/GCC/ARM_CM4F/portmacro.h **** 
  96:Middlewares/Third_Party/FreeRTOS/Source/portable/GCC/ARM_CM4F/portmacro.h **** /* Critical section management. */
  97:Middlewares/Third_Party/FreeRTOS/Source/portable/GCC/ARM_CM4F/portmacro.h **** extern void vPortEnterCritical( void );
  98:Middlewares/Third_Party/FreeRTOS/Source/portable/GCC/ARM_CM4F/portmacro.h **** extern void vPortExitCritical( void );
  99:Middlewares/Third_Party/FreeRTOS/Source/portable/GCC/ARM_CM4F/portmacro.h **** #define portSET_INTERRUPT_MASK_FROM_ISR()		ulPortRaiseBASEPRI()
 100:Middlewares/Third_Party/FreeRTOS/Source/portable/GCC/ARM_CM4F/portmacro.h **** #define portCLEAR_INTERRUPT_MASK_FROM_ISR(x)	vPortSetBASEPRI(x)
 101:Middlewares/Third_Party/FreeRTOS/Source/portable/GCC/ARM_CM4F/portmacro.h **** #define portDISABLE_INTERRUPTS()				vPortRaiseBASEPRI()
 102:Middlewares/Third_Party/FreeRTOS/Source/portable/GCC/ARM_CM4F/portmacro.h **** #define portENABLE_INTERRUPTS()					vPortSetBASEPRI(0)
 103:Middlewares/Third_Party/FreeRTOS/Source/portable/GCC/ARM_CM4F/portmacro.h **** #define portENTER_CRITICAL()					vPortEnterCritical()
 104:Middlewares/Third_Party/FreeRTOS/Source/portable/GCC/ARM_CM4F/portmacro.h **** #define portEXIT_CRITICAL()						vPortExitCritical()
 105:Middlewares/Third_Party/FreeRTOS/Source/portable/GCC/ARM_CM4F/portmacro.h **** 
 106:Middlewares/Third_Party/FreeRTOS/Source/portable/GCC/ARM_CM4F/portmacro.h **** /*-----------------------------------------------------------*/
 107:Middlewares/Third_Party/FreeRTOS/Source/portable/GCC/ARM_CM4F/portmacro.h **** 
 108:Middlewares/Third_Party/FreeRTOS/Source/portable/GCC/ARM_CM4F/portmacro.h **** /* Task function macros as described on the FreeRTOS.org WEB site.  These are
 109:Middlewares/Third_Party/FreeRTOS/Source/portable/GCC/ARM_CM4F/portmacro.h **** not necessary for to use this port.  They are defined so the common demo files
 110:Middlewares/Third_Party/FreeRTOS/Source/portable/GCC/ARM_CM4F/portmacro.h **** (which build with all the ports) will build. */
 111:Middlewares/Third_Party/FreeRTOS/Source/portable/GCC/ARM_CM4F/portmacro.h **** #define portTASK_FUNCTION_PROTO( vFunction, pvParameters ) void vFunction( void *pvParameters )
 112:Middlewares/Third_Party/FreeRTOS/Source/portable/GCC/ARM_CM4F/portmacro.h **** #define portTASK_FUNCTION( vFunction, pvParameters ) void vFunction( void *pvParameters )
 113:Middlewares/Third_Party/FreeRTOS/Source/portable/GCC/ARM_CM4F/portmacro.h **** /*-----------------------------------------------------------*/
 114:Middlewares/Third_Party/FreeRTOS/Source/portable/GCC/ARM_CM4F/portmacro.h **** 
 115:Middlewares/Third_Party/FreeRTOS/Source/portable/GCC/ARM_CM4F/portmacro.h **** /* Tickless idle/low power functionality. */
 116:Middlewares/Third_Party/FreeRTOS/Source/portable/GCC/ARM_CM4F/portmacro.h **** #ifndef portSUPPRESS_TICKS_AND_SLEEP
 117:Middlewares/Third_Party/FreeRTOS/Source/portable/GCC/ARM_CM4F/portmacro.h **** 	extern void vPortSuppressTicksAndSleep( TickType_t xExpectedIdleTime );
 118:Middlewares/Third_Party/FreeRTOS/Source/portable/GCC/ARM_CM4F/portmacro.h **** 	#define portSUPPRESS_TICKS_AND_SLEEP( xExpectedIdleTime ) vPortSuppressTicksAndSleep( xExpectedIdl
 119:Middlewares/Third_Party/FreeRTOS/Source/portable/GCC/ARM_CM4F/portmacro.h **** #endif
 120:Middlewares/Third_Party/FreeRTOS/Source/portable/GCC/ARM_CM4F/portmacro.h **** /*-----------------------------------------------------------*/
 121:Middlewares/Third_Party/FreeRTOS/Source/portable/GCC/ARM_CM4F/portmacro.h **** 
 122:Middlewares/Third_Party/FreeRTOS/Source/portable/GCC/ARM_CM4F/portmacro.h **** /* Architecture specific optimisations. */
 123:Middlewares/Third_Party/FreeRTOS/Source/portable/GCC/ARM_CM4F/portmacro.h **** #ifndef configUSE_PORT_OPTIMISED_TASK_SELECTION
 124:Middlewares/Third_Party/FreeRTOS/Source/portable/GCC/ARM_CM4F/portmacro.h **** 	#define configUSE_PORT_OPTIMISED_TASK_SELECTION 1
 125:Middlewares/Third_Party/FreeRTOS/Source/portable/GCC/ARM_CM4F/portmacro.h **** #endif
 126:Middlewares/Third_Party/FreeRTOS/Source/portable/GCC/ARM_CM4F/portmacro.h **** 
 127:Middlewares/Third_Party/FreeRTOS/Source/portable/GCC/ARM_CM4F/portmacro.h **** #if configUSE_PORT_OPTIMISED_TASK_SELECTION == 1
 128:Middlewares/Third_Party/FreeRTOS/Source/portable/GCC/ARM_CM4F/portmacro.h **** 
 129:Middlewares/Third_Party/FreeRTOS/Source/portable/GCC/ARM_CM4F/portmacro.h **** 	/* Generic helper function. */
 130:Middlewares/Third_Party/FreeRTOS/Source/portable/GCC/ARM_CM4F/portmacro.h **** 	__attribute__( ( always_inline ) ) static inline uint8_t ucPortCountLeadingZeros( uint32_t ulBitma
 131:Middlewares/Third_Party/FreeRTOS/Source/portable/GCC/ARM_CM4F/portmacro.h **** 	{
 132:Middlewares/Third_Party/FreeRTOS/Source/portable/GCC/ARM_CM4F/portmacro.h **** 	uint8_t ucReturn;
 133:Middlewares/Third_Party/FreeRTOS/Source/portable/GCC/ARM_CM4F/portmacro.h **** 
 134:Middlewares/Third_Party/FreeRTOS/Source/portable/GCC/ARM_CM4F/portmacro.h **** 		__asm volatile ( "clz %0, %1" : "=r" ( ucReturn ) : "r" ( ulBitmap ) : "memory" );
 135:Middlewares/Third_Party/FreeRTOS/Source/portable/GCC/ARM_CM4F/portmacro.h **** 		return ucReturn;
 136:Middlewares/Third_Party/FreeRTOS/Source/portable/GCC/ARM_CM4F/portmacro.h **** 	}
 137:Middlewares/Third_Party/FreeRTOS/Source/portable/GCC/ARM_CM4F/portmacro.h **** 
 138:Middlewares/Third_Party/FreeRTOS/Source/portable/GCC/ARM_CM4F/portmacro.h **** 	/* Check the configuration. */
 139:Middlewares/Third_Party/FreeRTOS/Source/portable/GCC/ARM_CM4F/portmacro.h **** 	#if( configMAX_PRIORITIES > 32 )
 140:Middlewares/Third_Party/FreeRTOS/Source/portable/GCC/ARM_CM4F/portmacro.h **** 		#error configUSE_PORT_OPTIMISED_TASK_SELECTION can only be set to 1 when configMAX_PRIORITIES is 
 141:Middlewares/Third_Party/FreeRTOS/Source/portable/GCC/ARM_CM4F/portmacro.h **** 	#endif
 142:Middlewares/Third_Party/FreeRTOS/Source/portable/GCC/ARM_CM4F/portmacro.h **** 
 143:Middlewares/Third_Party/FreeRTOS/Source/portable/GCC/ARM_CM4F/portmacro.h **** 	/* Store/clear the ready priorities in a bit map. */
 144:Middlewares/Third_Party/FreeRTOS/Source/portable/GCC/ARM_CM4F/portmacro.h **** 	#define portRECORD_READY_PRIORITY( uxPriority, uxReadyPriorities ) ( uxReadyPriorities ) |= ( 1UL 
 145:Middlewares/Third_Party/FreeRTOS/Source/portable/GCC/ARM_CM4F/portmacro.h **** 	#define portRESET_READY_PRIORITY( uxPriority, uxReadyPriorities ) ( uxReadyPriorities ) &= ~( 1UL 
 146:Middlewares/Third_Party/FreeRTOS/Source/portable/GCC/ARM_CM4F/portmacro.h **** 
 147:Middlewares/Third_Party/FreeRTOS/Source/portable/GCC/ARM_CM4F/portmacro.h **** 	/*-----------------------------------------------------------*/
 148:Middlewares/Third_Party/FreeRTOS/Source/portable/GCC/ARM_CM4F/portmacro.h **** 
 149:Middlewares/Third_Party/FreeRTOS/Source/portable/GCC/ARM_CM4F/portmacro.h **** 	#define portGET_HIGHEST_PRIORITY( uxTopPriority, uxReadyPriorities ) uxTopPriority = ( 31UL - ( ui
ARM GAS  /tmp/ccPdA3Zs.s 			page 26


 150:Middlewares/Third_Party/FreeRTOS/Source/portable/GCC/ARM_CM4F/portmacro.h **** 
 151:Middlewares/Third_Party/FreeRTOS/Source/portable/GCC/ARM_CM4F/portmacro.h **** #endif /* configUSE_PORT_OPTIMISED_TASK_SELECTION */
 152:Middlewares/Third_Party/FreeRTOS/Source/portable/GCC/ARM_CM4F/portmacro.h **** 
 153:Middlewares/Third_Party/FreeRTOS/Source/portable/GCC/ARM_CM4F/portmacro.h **** /*-----------------------------------------------------------*/
 154:Middlewares/Third_Party/FreeRTOS/Source/portable/GCC/ARM_CM4F/portmacro.h **** 
 155:Middlewares/Third_Party/FreeRTOS/Source/portable/GCC/ARM_CM4F/portmacro.h **** #ifdef configASSERT
 156:Middlewares/Third_Party/FreeRTOS/Source/portable/GCC/ARM_CM4F/portmacro.h **** 	void vPortValidateInterruptPriority( void );
 157:Middlewares/Third_Party/FreeRTOS/Source/portable/GCC/ARM_CM4F/portmacro.h **** 	#define portASSERT_IF_INTERRUPT_PRIORITY_INVALID() 	vPortValidateInterruptPriority()
 158:Middlewares/Third_Party/FreeRTOS/Source/portable/GCC/ARM_CM4F/portmacro.h **** #endif
 159:Middlewares/Third_Party/FreeRTOS/Source/portable/GCC/ARM_CM4F/portmacro.h **** 
 160:Middlewares/Third_Party/FreeRTOS/Source/portable/GCC/ARM_CM4F/portmacro.h **** /* portNOP() is not required by this port. */
 161:Middlewares/Third_Party/FreeRTOS/Source/portable/GCC/ARM_CM4F/portmacro.h **** #define portNOP()
 162:Middlewares/Third_Party/FreeRTOS/Source/portable/GCC/ARM_CM4F/portmacro.h **** 
 163:Middlewares/Third_Party/FreeRTOS/Source/portable/GCC/ARM_CM4F/portmacro.h **** #define portINLINE	__inline
 164:Middlewares/Third_Party/FreeRTOS/Source/portable/GCC/ARM_CM4F/portmacro.h **** 
 165:Middlewares/Third_Party/FreeRTOS/Source/portable/GCC/ARM_CM4F/portmacro.h **** #ifndef portFORCE_INLINE
 166:Middlewares/Third_Party/FreeRTOS/Source/portable/GCC/ARM_CM4F/portmacro.h **** 	#define portFORCE_INLINE inline __attribute__(( always_inline))
 167:Middlewares/Third_Party/FreeRTOS/Source/portable/GCC/ARM_CM4F/portmacro.h **** #endif
 168:Middlewares/Third_Party/FreeRTOS/Source/portable/GCC/ARM_CM4F/portmacro.h **** 
 169:Middlewares/Third_Party/FreeRTOS/Source/portable/GCC/ARM_CM4F/portmacro.h **** portFORCE_INLINE static BaseType_t xPortIsInsideInterrupt( void )
 170:Middlewares/Third_Party/FreeRTOS/Source/portable/GCC/ARM_CM4F/portmacro.h **** {
 171:Middlewares/Third_Party/FreeRTOS/Source/portable/GCC/ARM_CM4F/portmacro.h **** uint32_t ulCurrentInterrupt;
 172:Middlewares/Third_Party/FreeRTOS/Source/portable/GCC/ARM_CM4F/portmacro.h **** BaseType_t xReturn;
 173:Middlewares/Third_Party/FreeRTOS/Source/portable/GCC/ARM_CM4F/portmacro.h **** 
 174:Middlewares/Third_Party/FreeRTOS/Source/portable/GCC/ARM_CM4F/portmacro.h **** 	/* Obtain the number of the currently executing interrupt. */
 175:Middlewares/Third_Party/FreeRTOS/Source/portable/GCC/ARM_CM4F/portmacro.h **** 	__asm volatile( "mrs %0, ipsr" : "=r"( ulCurrentInterrupt ) :: "memory" );
 176:Middlewares/Third_Party/FreeRTOS/Source/portable/GCC/ARM_CM4F/portmacro.h **** 
 177:Middlewares/Third_Party/FreeRTOS/Source/portable/GCC/ARM_CM4F/portmacro.h **** 	if( ulCurrentInterrupt == 0 )
 178:Middlewares/Third_Party/FreeRTOS/Source/portable/GCC/ARM_CM4F/portmacro.h **** 	{
 179:Middlewares/Third_Party/FreeRTOS/Source/portable/GCC/ARM_CM4F/portmacro.h **** 		xReturn = pdFALSE;
 180:Middlewares/Third_Party/FreeRTOS/Source/portable/GCC/ARM_CM4F/portmacro.h **** 	}
 181:Middlewares/Third_Party/FreeRTOS/Source/portable/GCC/ARM_CM4F/portmacro.h **** 	else
 182:Middlewares/Third_Party/FreeRTOS/Source/portable/GCC/ARM_CM4F/portmacro.h **** 	{
 183:Middlewares/Third_Party/FreeRTOS/Source/portable/GCC/ARM_CM4F/portmacro.h **** 		xReturn = pdTRUE;
 184:Middlewares/Third_Party/FreeRTOS/Source/portable/GCC/ARM_CM4F/portmacro.h **** 	}
 185:Middlewares/Third_Party/FreeRTOS/Source/portable/GCC/ARM_CM4F/portmacro.h **** 
 186:Middlewares/Third_Party/FreeRTOS/Source/portable/GCC/ARM_CM4F/portmacro.h **** 	return xReturn;
 187:Middlewares/Third_Party/FreeRTOS/Source/portable/GCC/ARM_CM4F/portmacro.h **** }
 188:Middlewares/Third_Party/FreeRTOS/Source/portable/GCC/ARM_CM4F/portmacro.h **** 
 189:Middlewares/Third_Party/FreeRTOS/Source/portable/GCC/ARM_CM4F/portmacro.h **** /*-----------------------------------------------------------*/
 190:Middlewares/Third_Party/FreeRTOS/Source/portable/GCC/ARM_CM4F/portmacro.h **** 
 191:Middlewares/Third_Party/FreeRTOS/Source/portable/GCC/ARM_CM4F/portmacro.h **** portFORCE_INLINE static void vPortRaiseBASEPRI( void )
 308              		.loc 2 191 30 view .LVU68
 309              	.LBB43:
 192:Middlewares/Third_Party/FreeRTOS/Source/portable/GCC/ARM_CM4F/portmacro.h **** {
 193:Middlewares/Third_Party/FreeRTOS/Source/portable/GCC/ARM_CM4F/portmacro.h **** uint32_t ulNewBASEPRI;
 310              		.loc 2 193 1 view .LVU69
 194:Middlewares/Third_Party/FreeRTOS/Source/portable/GCC/ARM_CM4F/portmacro.h **** 
 195:Middlewares/Third_Party/FreeRTOS/Source/portable/GCC/ARM_CM4F/portmacro.h **** 	__asm volatile
 311              		.loc 2 195 2 view .LVU70
 312              		.syntax unified
 313              	@ 195 "Middlewares/Third_Party/FreeRTOS/Source/portable/GCC/ARM_CM4F/portmacro.h" 1
 314 0008 4FF05003 			mov r3, #80												
 315 000c 83F31188 		msr basepri, r3											
 316 0010 BFF36F8F 		isb														
 317 0014 BFF34F8F 		dsb														
 318              	
ARM GAS  /tmp/ccPdA3Zs.s 			page 27


 319              	@ 0 "" 2
 320              	.LVL27:
 321              		.thumb
 322              		.syntax unified
 323              	.L24:
 324              		.loc 2 195 2 is_stmt 0 view .LVU71
 325              	.LBE43:
 326              	.LBE42:
 360:Middlewares/Third_Party/FreeRTOS/Source/timers.c **** 
 327              		.loc 1 360 2 is_stmt 1 discriminator 3 view .LVU72
 360:Middlewares/Third_Party/FreeRTOS/Source/timers.c **** 
 328              		.loc 1 360 2 discriminator 3 view .LVU73
 329 0018 FEE7     		b	.L24
 330              	.LVL28:
 331              	.L23:
 360:Middlewares/Third_Party/FreeRTOS/Source/timers.c **** 
 332              		.loc 1 360 2 is_stmt 0 discriminator 3 view .LVU74
 333 001a 0646     		mov	r6, r0
 334 001c 1546     		mov	r5, r2
 335 001e 1C46     		mov	r4, r3
 336 0020 8846     		mov	r8, r1
 360:Middlewares/Third_Party/FreeRTOS/Source/timers.c **** 
 337              		.loc 1 360 45 is_stmt 1 discriminator 2 view .LVU75
 362:Middlewares/Third_Party/FreeRTOS/Source/timers.c **** 	{
 338              		.loc 1 362 2 view .LVU76
 362:Middlewares/Third_Party/FreeRTOS/Source/timers.c **** 	{
 339              		.loc 1 362 4 is_stmt 0 view .LVU77
 340 0022 5FB1     		cbz	r7, .L22
 366:Middlewares/Third_Party/FreeRTOS/Source/timers.c **** 
 341              		.loc 1 366 3 is_stmt 1 view .LVU78
 342 0024 FFF7FEFF 		bl	prvCheckForValidListAndQueue
 343              	.LVL29:
 370:Middlewares/Third_Party/FreeRTOS/Source/timers.c **** 		pxNewTimer->xTimerPeriodInTicks = xTimerPeriodInTicks;
 344              		.loc 1 370 3 view .LVU79
 370:Middlewares/Third_Party/FreeRTOS/Source/timers.c **** 		pxNewTimer->xTimerPeriodInTicks = xTimerPeriodInTicks;
 345              		.loc 1 370 27 is_stmt 0 view .LVU80
 346 0028 3E60     		str	r6, [r7]
 371:Middlewares/Third_Party/FreeRTOS/Source/timers.c **** 		pxNewTimer->uxAutoReload = uxAutoReload;
 347              		.loc 1 371 3 is_stmt 1 view .LVU81
 371:Middlewares/Third_Party/FreeRTOS/Source/timers.c **** 		pxNewTimer->uxAutoReload = uxAutoReload;
 348              		.loc 1 371 35 is_stmt 0 view .LVU82
 349 002a C7F81880 		str	r8, [r7, #24]
 372:Middlewares/Third_Party/FreeRTOS/Source/timers.c **** 		pxNewTimer->pvTimerID = pvTimerID;
 350              		.loc 1 372 3 is_stmt 1 view .LVU83
 372:Middlewares/Third_Party/FreeRTOS/Source/timers.c **** 		pxNewTimer->pvTimerID = pvTimerID;
 351              		.loc 1 372 28 is_stmt 0 view .LVU84
 352 002e FD61     		str	r5, [r7, #28]
 373:Middlewares/Third_Party/FreeRTOS/Source/timers.c **** 		pxNewTimer->pxCallbackFunction = pxCallbackFunction;
 353              		.loc 1 373 3 is_stmt 1 view .LVU85
 373:Middlewares/Third_Party/FreeRTOS/Source/timers.c **** 		pxNewTimer->pxCallbackFunction = pxCallbackFunction;
 354              		.loc 1 373 25 is_stmt 0 view .LVU86
 355 0030 3C62     		str	r4, [r7, #32]
 374:Middlewares/Third_Party/FreeRTOS/Source/timers.c **** 		vListInitialiseItem( &( pxNewTimer->xTimerListItem ) );
 356              		.loc 1 374 3 is_stmt 1 view .LVU87
 374:Middlewares/Third_Party/FreeRTOS/Source/timers.c **** 		vListInitialiseItem( &( pxNewTimer->xTimerListItem ) );
 357              		.loc 1 374 34 is_stmt 0 view .LVU88
 358 0032 069B     		ldr	r3, [sp, #24]
ARM GAS  /tmp/ccPdA3Zs.s 			page 28


 359 0034 7B62     		str	r3, [r7, #36]
 375:Middlewares/Third_Party/FreeRTOS/Source/timers.c **** 		traceTIMER_CREATE( pxNewTimer );
 360              		.loc 1 375 3 is_stmt 1 view .LVU89
 361 0036 381D     		adds	r0, r7, #4
 362 0038 FFF7FEFF 		bl	vListInitialiseItem
 363              	.LVL30:
 376:Middlewares/Third_Party/FreeRTOS/Source/timers.c **** 	}
 364              		.loc 1 376 34 view .LVU90
 365              	.L22:
 378:Middlewares/Third_Party/FreeRTOS/Source/timers.c **** /*-----------------------------------------------------------*/
 366              		.loc 1 378 1 is_stmt 0 view .LVU91
 367 003c BDE8F081 		pop	{r4, r5, r6, r7, r8, pc}
 378:Middlewares/Third_Party/FreeRTOS/Source/timers.c **** /*-----------------------------------------------------------*/
 368              		.loc 1 378 1 view .LVU92
 369              		.cfi_endproc
 370              	.LFE7:
 372              		.section	.rodata.xTimerCreateTimerTask.str1.4,"aMS",%progbits,1
 373              		.align	2
 374              	.LC1:
 375 0000 546D7220 		.ascii	"Tmr Svc\000"
 375      53766300 
 376              		.section	.text.xTimerCreateTimerTask,"ax",%progbits
 377              		.align	1
 378              		.global	xTimerCreateTimerTask
 379              		.syntax unified
 380              		.thumb
 381              		.thumb_func
 383              	xTimerCreateTimerTask:
 384              	.LFB4:
 224:Middlewares/Third_Party/FreeRTOS/Source/timers.c **** BaseType_t xReturn = pdFAIL;
 385              		.loc 1 224 1 is_stmt 1 view -0
 386              		.cfi_startproc
 387              		@ args = 0, pretend = 0, frame = 16
 388              		@ frame_needed = 0, uses_anonymous_args = 0
 389 0000 10B5     		push	{r4, lr}
 390              	.LCFI6:
 391              		.cfi_def_cfa_offset 8
 392              		.cfi_offset 4, -8
 393              		.cfi_offset 14, -4
 394 0002 88B0     		sub	sp, sp, #32
 395              	.LCFI7:
 396              		.cfi_def_cfa_offset 40
 225:Middlewares/Third_Party/FreeRTOS/Source/timers.c **** 
 397              		.loc 1 225 1 view .LVU94
 398              	.LVL31:
 231:Middlewares/Third_Party/FreeRTOS/Source/timers.c **** 
 399              		.loc 1 231 2 view .LVU95
 400 0004 FFF7FEFF 		bl	prvCheckForValidListAndQueue
 401              	.LVL32:
 233:Middlewares/Third_Party/FreeRTOS/Source/timers.c **** 	{
 402              		.loc 1 233 2 view .LVU96
 233:Middlewares/Third_Party/FreeRTOS/Source/timers.c **** 	{
 403              		.loc 1 233 18 is_stmt 0 view .LVU97
 404 0008 124B     		ldr	r3, .L33
 405 000a 1B68     		ldr	r3, [r3]
 233:Middlewares/Third_Party/FreeRTOS/Source/timers.c **** 	{
 406              		.loc 1 233 4 view .LVU98
ARM GAS  /tmp/ccPdA3Zs.s 			page 29


 407 000c CBB1     		cbz	r3, .L28
 408              	.LBB44:
 237:Middlewares/Third_Party/FreeRTOS/Source/timers.c **** 			StackType_t *pxTimerTaskStackBuffer = NULL;
 409              		.loc 1 237 4 is_stmt 1 view .LVU99
 237:Middlewares/Third_Party/FreeRTOS/Source/timers.c **** 			StackType_t *pxTimerTaskStackBuffer = NULL;
 410              		.loc 1 237 18 is_stmt 0 view .LVU100
 411 000e 0024     		movs	r4, #0
 412 0010 0594     		str	r4, [sp, #20]
 238:Middlewares/Third_Party/FreeRTOS/Source/timers.c **** 			uint32_t ulTimerTaskStackSize;
 413              		.loc 1 238 4 is_stmt 1 view .LVU101
 238:Middlewares/Third_Party/FreeRTOS/Source/timers.c **** 			uint32_t ulTimerTaskStackSize;
 414              		.loc 1 238 17 is_stmt 0 view .LVU102
 415 0012 0694     		str	r4, [sp, #24]
 239:Middlewares/Third_Party/FreeRTOS/Source/timers.c **** 
 416              		.loc 1 239 4 is_stmt 1 view .LVU103
 241:Middlewares/Third_Party/FreeRTOS/Source/timers.c **** 			xTimerTaskHandle = xTaskCreateStatic(	prvTimerTask,
 417              		.loc 1 241 4 view .LVU104
 418 0014 07AA     		add	r2, sp, #28
 419 0016 06A9     		add	r1, sp, #24
 420 0018 05A8     		add	r0, sp, #20
 421 001a FFF7FEFF 		bl	vApplicationGetTimerTaskMemory
 422              	.LVL33:
 242:Middlewares/Third_Party/FreeRTOS/Source/timers.c **** 													configTIMER_SERVICE_TASK_NAME,
 423              		.loc 1 242 4 view .LVU105
 242:Middlewares/Third_Party/FreeRTOS/Source/timers.c **** 													configTIMER_SERVICE_TASK_NAME,
 424              		.loc 1 242 23 is_stmt 0 view .LVU106
 425 001e 059B     		ldr	r3, [sp, #20]
 426 0020 0293     		str	r3, [sp, #8]
 427 0022 069B     		ldr	r3, [sp, #24]
 428 0024 0193     		str	r3, [sp, #4]
 429 0026 0223     		movs	r3, #2
 430 0028 0093     		str	r3, [sp]
 431 002a 2346     		mov	r3, r4
 432 002c 079A     		ldr	r2, [sp, #28]
 433 002e 0A49     		ldr	r1, .L33+4
 434 0030 0A48     		ldr	r0, .L33+8
 435 0032 FFF7FEFF 		bl	xTaskCreateStatic
 436              	.LVL34:
 242:Middlewares/Third_Party/FreeRTOS/Source/timers.c **** 													configTIMER_SERVICE_TASK_NAME,
 437              		.loc 1 242 21 discriminator 1 view .LVU107
 438 0036 0A4B     		ldr	r3, .L33+12
 439 0038 1860     		str	r0, [r3]
 250:Middlewares/Third_Party/FreeRTOS/Source/timers.c **** 			{
 440              		.loc 1 250 4 is_stmt 1 view .LVU108
 250:Middlewares/Third_Party/FreeRTOS/Source/timers.c **** 			{
 441              		.loc 1 250 6 is_stmt 0 view .LVU109
 442 003a 10B1     		cbz	r0, .L28
 443              	.LBE44:
 273:Middlewares/Third_Party/FreeRTOS/Source/timers.c **** /*-----------------------------------------------------------*/
 444              		.loc 1 273 1 view .LVU110
 445 003c 0120     		movs	r0, #1
 446 003e 08B0     		add	sp, sp, #32
 447              	.LCFI8:
 448              		.cfi_remember_state
 449              		.cfi_def_cfa_offset 8
 450              		@ sp needed
 451 0040 10BD     		pop	{r4, pc}
ARM GAS  /tmp/ccPdA3Zs.s 			page 30


 452              	.L28:
 453              	.LCFI9:
 454              		.cfi_restore_state
 455              	.LVL35:
 271:Middlewares/Third_Party/FreeRTOS/Source/timers.c **** 	return xReturn;
 456              		.loc 1 271 2 is_stmt 1 discriminator 1 view .LVU111
 457              	.LBB45:
 458              	.LBI45:
 191:Middlewares/Third_Party/FreeRTOS/Source/portable/GCC/ARM_CM4F/portmacro.h **** {
 459              		.loc 2 191 30 view .LVU112
 460              	.LBB46:
 193:Middlewares/Third_Party/FreeRTOS/Source/portable/GCC/ARM_CM4F/portmacro.h **** 
 461              		.loc 2 193 1 view .LVU113
 462              		.loc 2 195 2 view .LVU114
 463              		.syntax unified
 464              	@ 195 "Middlewares/Third_Party/FreeRTOS/Source/portable/GCC/ARM_CM4F/portmacro.h" 1
 465 0042 4FF05003 			mov r3, #80												
 466 0046 83F31188 		msr basepri, r3											
 467 004a BFF36F8F 		isb														
 468 004e BFF34F8F 		dsb														
 469              	
 470              	@ 0 "" 2
 471              		.thumb
 472              		.syntax unified
 473              	.L30:
 474              	.LBE46:
 475              	.LBE45:
 271:Middlewares/Third_Party/FreeRTOS/Source/timers.c **** 	return xReturn;
 476              		.loc 1 271 2 discriminator 3 view .LVU115
 271:Middlewares/Third_Party/FreeRTOS/Source/timers.c **** 	return xReturn;
 477              		.loc 1 271 2 discriminator 3 view .LVU116
 478 0052 FEE7     		b	.L30
 479              	.L34:
 480              		.align	2
 481              	.L33:
 482 0054 00000000 		.word	xTimerQueue
 483 0058 00000000 		.word	.LC1
 484 005c 00000000 		.word	prvTimerTask
 485 0060 00000000 		.word	xTimerTaskHandle
 486              		.cfi_endproc
 487              	.LFE4:
 489              		.section	.text.xTimerCreate,"ax",%progbits
 490              		.align	1
 491              		.global	xTimerCreate
 492              		.syntax unified
 493              		.thumb
 494              		.thumb_func
 496              	xTimerCreate:
 497              	.LVL36:
 498              	.LFB5:
 283:Middlewares/Third_Party/FreeRTOS/Source/timers.c **** 	Timer_t *pxNewTimer;
 499              		.loc 1 283 2 view -0
 500              		.cfi_startproc
 501              		@ args = 4, pretend = 0, frame = 0
 502              		@ frame_needed = 0, uses_anonymous_args = 0
 283:Middlewares/Third_Party/FreeRTOS/Source/timers.c **** 	Timer_t *pxNewTimer;
 503              		.loc 1 283 2 is_stmt 0 view .LVU118
ARM GAS  /tmp/ccPdA3Zs.s 			page 31


 504 0000 2DE9F041 		push	{r4, r5, r6, r7, r8, lr}
 505              	.LCFI10:
 506              		.cfi_def_cfa_offset 24
 507              		.cfi_offset 4, -24
 508              		.cfi_offset 5, -20
 509              		.cfi_offset 6, -16
 510              		.cfi_offset 7, -12
 511              		.cfi_offset 8, -8
 512              		.cfi_offset 14, -4
 513 0004 82B0     		sub	sp, sp, #8
 514              	.LCFI11:
 515              		.cfi_def_cfa_offset 32
 516 0006 0446     		mov	r4, r0
 517 0008 8846     		mov	r8, r1
 518 000a 1546     		mov	r5, r2
 519 000c 1E46     		mov	r6, r3
 284:Middlewares/Third_Party/FreeRTOS/Source/timers.c **** 
 520              		.loc 1 284 2 is_stmt 1 view .LVU119
 286:Middlewares/Third_Party/FreeRTOS/Source/timers.c **** 
 521              		.loc 1 286 3 view .LVU120
 286:Middlewares/Third_Party/FreeRTOS/Source/timers.c **** 
 522              		.loc 1 286 30 is_stmt 0 view .LVU121
 523 000e 3020     		movs	r0, #48
 524              	.LVL37:
 286:Middlewares/Third_Party/FreeRTOS/Source/timers.c **** 
 525              		.loc 1 286 30 view .LVU122
 526 0010 FFF7FEFF 		bl	pvPortMalloc
 527              	.LVL38:
 288:Middlewares/Third_Party/FreeRTOS/Source/timers.c **** 		{
 528              		.loc 1 288 3 is_stmt 1 view .LVU123
 288:Middlewares/Third_Party/FreeRTOS/Source/timers.c **** 		{
 529              		.loc 1 288 5 is_stmt 0 view .LVU124
 530 0014 0746     		mov	r7, r0
 531 0016 58B1     		cbz	r0, .L35
 290:Middlewares/Third_Party/FreeRTOS/Source/timers.c **** 
 532              		.loc 1 290 4 is_stmt 1 view .LVU125
 533 0018 0190     		str	r0, [sp, #4]
 534 001a 089B     		ldr	r3, [sp, #32]
 535 001c 0093     		str	r3, [sp]
 536 001e 3346     		mov	r3, r6
 537 0020 2A46     		mov	r2, r5
 538 0022 4146     		mov	r1, r8
 539 0024 2046     		mov	r0, r4
 540              	.LVL39:
 290:Middlewares/Third_Party/FreeRTOS/Source/timers.c **** 
 541              		.loc 1 290 4 is_stmt 0 view .LVU126
 542 0026 FFF7FEFF 		bl	prvInitialiseNewTimer
 543              	.LVL40:
 297:Middlewares/Third_Party/FreeRTOS/Source/timers.c **** 			}
 544              		.loc 1 297 5 is_stmt 1 view .LVU127
 297:Middlewares/Third_Party/FreeRTOS/Source/timers.c **** 			}
 545              		.loc 1 297 39 is_stmt 0 view .LVU128
 546 002a 0023     		movs	r3, #0
 547 002c 87F82C30 		strb	r3, [r7, #44]
 302:Middlewares/Third_Party/FreeRTOS/Source/timers.c **** 	}
 548              		.loc 1 302 3 is_stmt 1 view .LVU129
 549              	.L35:
ARM GAS  /tmp/ccPdA3Zs.s 			page 32


 303:Middlewares/Third_Party/FreeRTOS/Source/timers.c **** 
 550              		.loc 1 303 2 is_stmt 0 view .LVU130
 551 0030 3846     		mov	r0, r7
 552 0032 02B0     		add	sp, sp, #8
 553              	.LCFI12:
 554              		.cfi_def_cfa_offset 24
 555              		@ sp needed
 556 0034 BDE8F081 		pop	{r4, r5, r6, r7, r8, pc}
 303:Middlewares/Third_Party/FreeRTOS/Source/timers.c **** 
 557              		.loc 1 303 2 view .LVU131
 558              		.cfi_endproc
 559              	.LFE5:
 561              		.section	.text.xTimerCreateStatic,"ax",%progbits
 562              		.align	1
 563              		.global	xTimerCreateStatic
 564              		.syntax unified
 565              		.thumb
 566              		.thumb_func
 568              	xTimerCreateStatic:
 569              	.LVL41:
 570              	.LFB6:
 316:Middlewares/Third_Party/FreeRTOS/Source/timers.c **** 	Timer_t *pxNewTimer;
 571              		.loc 1 316 2 is_stmt 1 view -0
 572              		.cfi_startproc
 573              		@ args = 8, pretend = 0, frame = 8
 574              		@ frame_needed = 0, uses_anonymous_args = 0
 316:Middlewares/Third_Party/FreeRTOS/Source/timers.c **** 	Timer_t *pxNewTimer;
 575              		.loc 1 316 2 is_stmt 0 view .LVU133
 576 0000 10B5     		push	{r4, lr}
 577              	.LCFI13:
 578              		.cfi_def_cfa_offset 8
 579              		.cfi_offset 4, -8
 580              		.cfi_offset 14, -4
 581 0002 84B0     		sub	sp, sp, #16
 582              	.LCFI14:
 583              		.cfi_def_cfa_offset 24
 317:Middlewares/Third_Party/FreeRTOS/Source/timers.c **** 
 584              		.loc 1 317 2 is_stmt 1 view .LVU134
 585              	.LBB47:
 324:Middlewares/Third_Party/FreeRTOS/Source/timers.c **** 			configASSERT( xSize == sizeof( Timer_t ) );
 586              		.loc 1 324 4 view .LVU135
 324:Middlewares/Third_Party/FreeRTOS/Source/timers.c **** 			configASSERT( xSize == sizeof( Timer_t ) );
 587              		.loc 1 324 20 is_stmt 0 view .LVU136
 588 0004 3024     		movs	r4, #48
 589 0006 0394     		str	r4, [sp, #12]
 325:Middlewares/Third_Party/FreeRTOS/Source/timers.c **** 		}
 590              		.loc 1 325 4 is_stmt 1 view .LVU137
 591 0008 039C     		ldr	r4, [sp, #12]
 592 000a 302C     		cmp	r4, #48
 593 000c 08D0     		beq	.L39
 325:Middlewares/Third_Party/FreeRTOS/Source/timers.c **** 		}
 594              		.loc 1 325 4 discriminator 1 view .LVU138
 595              	.LBB48:
 596              	.LBI48:
 191:Middlewares/Third_Party/FreeRTOS/Source/portable/GCC/ARM_CM4F/portmacro.h **** {
 597              		.loc 2 191 30 view .LVU139
 598              	.LBB49:
ARM GAS  /tmp/ccPdA3Zs.s 			page 33


 193:Middlewares/Third_Party/FreeRTOS/Source/portable/GCC/ARM_CM4F/portmacro.h **** 
 599              		.loc 2 193 1 view .LVU140
 600              		.loc 2 195 2 view .LVU141
 601              		.syntax unified
 602              	@ 195 "Middlewares/Third_Party/FreeRTOS/Source/portable/GCC/ARM_CM4F/portmacro.h" 1
 603 000e 4FF05003 			mov r3, #80												
 604 0012 83F31188 		msr basepri, r3											
 605 0016 BFF36F8F 		isb														
 606 001a BFF34F8F 		dsb														
 607              	
 608              	@ 0 "" 2
 609              	.LVL42:
 610              		.thumb
 611              		.syntax unified
 612              	.L40:
 613              		.loc 2 195 2 is_stmt 0 view .LVU142
 614              	.LBE49:
 615              	.LBE48:
 325:Middlewares/Third_Party/FreeRTOS/Source/timers.c **** 		}
 616              		.loc 1 325 4 is_stmt 1 discriminator 3 view .LVU143
 325:Middlewares/Third_Party/FreeRTOS/Source/timers.c **** 		}
 617              		.loc 1 325 4 discriminator 3 view .LVU144
 618 001e FEE7     		b	.L40
 619              	.LVL43:
 620              	.L39:
 325:Middlewares/Third_Party/FreeRTOS/Source/timers.c **** 		}
 621              		.loc 1 325 46 discriminator 2 view .LVU145
 622              	.LBE47:
 330:Middlewares/Third_Party/FreeRTOS/Source/timers.c **** 		pxNewTimer = ( Timer_t * ) pxTimerBuffer; /*lint !e740 Unusual cast is ok as the structures are d
 623              		.loc 1 330 3 view .LVU146
 624 0020 079C     		ldr	r4, [sp, #28]
 625 0022 64B1     		cbz	r4, .L44
 330:Middlewares/Third_Party/FreeRTOS/Source/timers.c **** 		pxNewTimer = ( Timer_t * ) pxTimerBuffer; /*lint !e740 Unusual cast is ok as the structures are d
 626              		.loc 1 330 32 discriminator 2 view .LVU147
 331:Middlewares/Third_Party/FreeRTOS/Source/timers.c **** 
 627              		.loc 1 331 3 view .LVU148
 628              	.LVL44:
 333:Middlewares/Third_Party/FreeRTOS/Source/timers.c **** 		{
 629              		.loc 1 333 3 view .LVU149
 335:Middlewares/Third_Party/FreeRTOS/Source/timers.c **** 
 630              		.loc 1 335 4 view .LVU150
 631 0024 079C     		ldr	r4, [sp, #28]
 335:Middlewares/Third_Party/FreeRTOS/Source/timers.c **** 
 632              		.loc 1 335 4 is_stmt 0 view .LVU151
 633 0026 0194     		str	r4, [sp, #4]
 634 0028 069C     		ldr	r4, [sp, #24]
 635              	.LVL45:
 335:Middlewares/Third_Party/FreeRTOS/Source/timers.c **** 
 636              		.loc 1 335 4 view .LVU152
 637 002a 0094     		str	r4, [sp]
 638 002c FFF7FEFF 		bl	prvInitialiseNewTimer
 639              	.LVL46:
 341:Middlewares/Third_Party/FreeRTOS/Source/timers.c **** 			}
 640              		.loc 1 341 5 is_stmt 1 view .LVU153
 341:Middlewares/Third_Party/FreeRTOS/Source/timers.c **** 			}
 641              		.loc 1 341 39 is_stmt 0 view .LVU154
 642 0030 0123     		movs	r3, #1
ARM GAS  /tmp/ccPdA3Zs.s 			page 34


 643 0032 079A     		ldr	r2, [sp, #28]
 644 0034 82F82C30 		strb	r3, [r2, #44]
 346:Middlewares/Third_Party/FreeRTOS/Source/timers.c **** 	}
 645              		.loc 1 346 3 is_stmt 1 view .LVU155
 347:Middlewares/Third_Party/FreeRTOS/Source/timers.c **** 
 646              		.loc 1 347 2 is_stmt 0 view .LVU156
 647 0038 1046     		mov	r0, r2
 648 003a 04B0     		add	sp, sp, #16
 649              	.LCFI15:
 650              		.cfi_remember_state
 651              		.cfi_def_cfa_offset 8
 652              		@ sp needed
 653 003c 10BD     		pop	{r4, pc}
 654              	.LVL47:
 655              	.L44:
 656              	.LCFI16:
 657              		.cfi_restore_state
 330:Middlewares/Third_Party/FreeRTOS/Source/timers.c **** 		pxNewTimer = ( Timer_t * ) pxTimerBuffer; /*lint !e740 Unusual cast is ok as the structures are d
 658              		.loc 1 330 3 is_stmt 1 discriminator 1 view .LVU157
 659              	.LBB50:
 660              	.LBI50:
 191:Middlewares/Third_Party/FreeRTOS/Source/portable/GCC/ARM_CM4F/portmacro.h **** {
 661              		.loc 2 191 30 view .LVU158
 662              	.LBB51:
 193:Middlewares/Third_Party/FreeRTOS/Source/portable/GCC/ARM_CM4F/portmacro.h **** 
 663              		.loc 2 193 1 view .LVU159
 664              		.loc 2 195 2 view .LVU160
 665              		.syntax unified
 666              	@ 195 "Middlewares/Third_Party/FreeRTOS/Source/portable/GCC/ARM_CM4F/portmacro.h" 1
 667 003e 4FF05003 			mov r3, #80												
 668 0042 83F31188 		msr basepri, r3											
 669 0046 BFF36F8F 		isb														
 670 004a BFF34F8F 		dsb														
 671              	
 672              	@ 0 "" 2
 673              	.LVL48:
 674              		.thumb
 675              		.syntax unified
 676              	.L42:
 677              		.loc 2 195 2 is_stmt 0 view .LVU161
 678              	.LBE51:
 679              	.LBE50:
 330:Middlewares/Third_Party/FreeRTOS/Source/timers.c **** 		pxNewTimer = ( Timer_t * ) pxTimerBuffer; /*lint !e740 Unusual cast is ok as the structures are d
 680              		.loc 1 330 3 is_stmt 1 discriminator 3 view .LVU162
 330:Middlewares/Third_Party/FreeRTOS/Source/timers.c **** 		pxNewTimer = ( Timer_t * ) pxTimerBuffer; /*lint !e740 Unusual cast is ok as the structures are d
 681              		.loc 1 330 3 discriminator 3 view .LVU163
 682 004e FEE7     		b	.L42
 683              		.cfi_endproc
 684              	.LFE6:
 686              		.section	.text.xTimerGenericCommand,"ax",%progbits
 687              		.align	1
 688              		.global	xTimerGenericCommand
 689              		.syntax unified
 690              		.thumb
 691              		.thumb_func
 693              	xTimerGenericCommand:
 694              	.LVL49:
ARM GAS  /tmp/ccPdA3Zs.s 			page 35


 695              	.LFB8:
 382:Middlewares/Third_Party/FreeRTOS/Source/timers.c **** BaseType_t xReturn = pdFAIL;
 696              		.loc 1 382 1 view -0
 697              		.cfi_startproc
 698              		@ args = 4, pretend = 0, frame = 16
 699              		@ frame_needed = 0, uses_anonymous_args = 0
 383:Middlewares/Third_Party/FreeRTOS/Source/timers.c **** DaemonTaskMessage_t xMessage;
 700              		.loc 1 383 1 view .LVU165
 384:Middlewares/Third_Party/FreeRTOS/Source/timers.c **** 
 701              		.loc 1 384 1 view .LVU166
 386:Middlewares/Third_Party/FreeRTOS/Source/timers.c **** 
 702              		.loc 1 386 2 view .LVU167
 703 0000 B8B1     		cbz	r0, .L56
 704 0002 9C46     		mov	ip, r3
 705 0004 0346     		mov	r3, r0
 706              	.LVL50:
 386:Middlewares/Third_Party/FreeRTOS/Source/timers.c **** 
 707              		.loc 1 386 24 discriminator 2 view .LVU168
 390:Middlewares/Third_Party/FreeRTOS/Source/timers.c **** 	{
 708              		.loc 1 390 2 view .LVU169
 390:Middlewares/Third_Party/FreeRTOS/Source/timers.c **** 	{
 709              		.loc 1 390 18 is_stmt 0 view .LVU170
 710 0006 1848     		ldr	r0, .L58
 711              	.LVL51:
 390:Middlewares/Third_Party/FreeRTOS/Source/timers.c **** 	{
 712              		.loc 1 390 18 view .LVU171
 713 0008 0068     		ldr	r0, [r0]
 390:Middlewares/Third_Party/FreeRTOS/Source/timers.c **** 	{
 714              		.loc 1 390 4 view .LVU172
 715 000a 58B3     		cbz	r0, .L51
 382:Middlewares/Third_Party/FreeRTOS/Source/timers.c **** BaseType_t xReturn = pdFAIL;
 716              		.loc 1 382 1 view .LVU173
 717 000c 00B5     		push	{lr}
 718              	.LCFI17:
 719              		.cfi_def_cfa_offset 4
 720              		.cfi_offset 14, -4
 721 000e 85B0     		sub	sp, sp, #20
 722              	.LCFI18:
 723              		.cfi_def_cfa_offset 24
 393:Middlewares/Third_Party/FreeRTOS/Source/timers.c **** 		xMessage.u.xTimerParameters.xMessageValue = xOptionalValue;
 724              		.loc 1 393 3 is_stmt 1 view .LVU174
 393:Middlewares/Third_Party/FreeRTOS/Source/timers.c **** 		xMessage.u.xTimerParameters.xMessageValue = xOptionalValue;
 725              		.loc 1 393 23 is_stmt 0 view .LVU175
 726 0010 0091     		str	r1, [sp]
 394:Middlewares/Third_Party/FreeRTOS/Source/timers.c **** 		xMessage.u.xTimerParameters.pxTimer = ( Timer_t * ) xTimer;
 727              		.loc 1 394 3 is_stmt 1 view .LVU176
 394:Middlewares/Third_Party/FreeRTOS/Source/timers.c **** 		xMessage.u.xTimerParameters.pxTimer = ( Timer_t * ) xTimer;
 728              		.loc 1 394 45 is_stmt 0 view .LVU177
 729 0012 0192     		str	r2, [sp, #4]
 395:Middlewares/Third_Party/FreeRTOS/Source/timers.c **** 
 730              		.loc 1 395 3 is_stmt 1 view .LVU178
 395:Middlewares/Third_Party/FreeRTOS/Source/timers.c **** 
 731              		.loc 1 395 39 is_stmt 0 view .LVU179
 732 0014 0293     		str	r3, [sp, #8]
 397:Middlewares/Third_Party/FreeRTOS/Source/timers.c **** 		{
 733              		.loc 1 397 3 is_stmt 1 view .LVU180
 397:Middlewares/Third_Party/FreeRTOS/Source/timers.c **** 		{
ARM GAS  /tmp/ccPdA3Zs.s 			page 36


 734              		.loc 1 397 5 is_stmt 0 view .LVU181
 735 0016 0529     		cmp	r1, #5
 736 0018 1CDC     		bgt	.L49
 399:Middlewares/Third_Party/FreeRTOS/Source/timers.c **** 			{
 737              		.loc 1 399 4 is_stmt 1 view .LVU182
 399:Middlewares/Third_Party/FreeRTOS/Source/timers.c **** 			{
 738              		.loc 1 399 8 is_stmt 0 view .LVU183
 739 001a FFF7FEFF 		bl	xTaskGetSchedulerState
 740              	.LVL52:
 399:Middlewares/Third_Party/FreeRTOS/Source/timers.c **** 			{
 741              		.loc 1 399 6 discriminator 1 view .LVU184
 742 001e 0228     		cmp	r0, #2
 743 0020 10D0     		beq	.L57
 405:Middlewares/Third_Party/FreeRTOS/Source/timers.c **** 			}
 744              		.loc 1 405 5 is_stmt 1 view .LVU185
 405:Middlewares/Third_Party/FreeRTOS/Source/timers.c **** 			}
 745              		.loc 1 405 15 is_stmt 0 view .LVU186
 746 0022 0023     		movs	r3, #0
 747 0024 1A46     		mov	r2, r3
 748 0026 6946     		mov	r1, sp
 749 0028 0F48     		ldr	r0, .L58
 750 002a 0068     		ldr	r0, [r0]
 751 002c FFF7FEFF 		bl	xQueueGenericSend
 752              	.LVL53:
 405:Middlewares/Third_Party/FreeRTOS/Source/timers.c **** 			}
 753              		.loc 1 405 15 view .LVU187
 754 0030 15E0     		b	.L45
 755              	.LVL54:
 756              	.L56:
 757              	.LCFI19:
 758              		.cfi_def_cfa_offset 0
 759              		.cfi_restore 14
 386:Middlewares/Third_Party/FreeRTOS/Source/timers.c **** 
 760              		.loc 1 386 2 is_stmt 1 discriminator 1 view .LVU188
 761              	.LBB52:
 762              	.LBI52:
 191:Middlewares/Third_Party/FreeRTOS/Source/portable/GCC/ARM_CM4F/portmacro.h **** {
 763              		.loc 2 191 30 view .LVU189
 764              	.LBB53:
 193:Middlewares/Third_Party/FreeRTOS/Source/portable/GCC/ARM_CM4F/portmacro.h **** 
 765              		.loc 2 193 1 view .LVU190
 766              		.loc 2 195 2 view .LVU191
 767              		.syntax unified
 768              	@ 195 "Middlewares/Third_Party/FreeRTOS/Source/portable/GCC/ARM_CM4F/portmacro.h" 1
 769 0032 4FF05003 			mov r3, #80												
 770 0036 83F31188 		msr basepri, r3											
 771 003a BFF36F8F 		isb														
 772 003e BFF34F8F 		dsb														
 773              	
 774              	@ 0 "" 2
 775              	.LVL55:
 776              		.thumb
 777              		.syntax unified
 778              	.L47:
 779              		.loc 2 195 2 is_stmt 0 view .LVU192
 780              	.LBE53:
 781              	.LBE52:
ARM GAS  /tmp/ccPdA3Zs.s 			page 37


 386:Middlewares/Third_Party/FreeRTOS/Source/timers.c **** 
 782              		.loc 1 386 2 is_stmt 1 discriminator 3 view .LVU193
 386:Middlewares/Third_Party/FreeRTOS/Source/timers.c **** 
 783              		.loc 1 386 2 discriminator 3 view .LVU194
 784 0042 FEE7     		b	.L47
 785              	.LVL56:
 786              	.L57:
 787              	.LCFI20:
 788              		.cfi_def_cfa_offset 24
 789              		.cfi_offset 14, -4
 401:Middlewares/Third_Party/FreeRTOS/Source/timers.c **** 			}
 790              		.loc 1 401 5 view .LVU195
 401:Middlewares/Third_Party/FreeRTOS/Source/timers.c **** 			}
 791              		.loc 1 401 15 is_stmt 0 view .LVU196
 792 0044 0023     		movs	r3, #0
 793 0046 069A     		ldr	r2, [sp, #24]
 794 0048 6946     		mov	r1, sp
 795 004a 0748     		ldr	r0, .L58
 796 004c 0068     		ldr	r0, [r0]
 797 004e FFF7FEFF 		bl	xQueueGenericSend
 798              	.LVL57:
 401:Middlewares/Third_Party/FreeRTOS/Source/timers.c **** 			}
 799              		.loc 1 401 15 view .LVU197
 800 0052 04E0     		b	.L45
 801              	.LVL58:
 802              	.L49:
 410:Middlewares/Third_Party/FreeRTOS/Source/timers.c **** 		}
 803              		.loc 1 410 4 is_stmt 1 view .LVU198
 410:Middlewares/Third_Party/FreeRTOS/Source/timers.c **** 		}
 804              		.loc 1 410 14 is_stmt 0 view .LVU199
 805 0054 0023     		movs	r3, #0
 806              	.LVL59:
 410:Middlewares/Third_Party/FreeRTOS/Source/timers.c **** 		}
 807              		.loc 1 410 14 view .LVU200
 808 0056 6246     		mov	r2, ip
 809              	.LVL60:
 410:Middlewares/Third_Party/FreeRTOS/Source/timers.c **** 		}
 810              		.loc 1 410 14 view .LVU201
 811 0058 6946     		mov	r1, sp
 812              	.LVL61:
 410:Middlewares/Third_Party/FreeRTOS/Source/timers.c **** 		}
 813              		.loc 1 410 14 view .LVU202
 814 005a FFF7FEFF 		bl	xQueueGenericSendFromISR
 815              	.LVL62:
 816              	.L45:
 421:Middlewares/Third_Party/FreeRTOS/Source/timers.c **** /*-----------------------------------------------------------*/
 817              		.loc 1 421 1 view .LVU203
 818 005e 05B0     		add	sp, sp, #20
 819              	.LCFI21:
 820              		.cfi_def_cfa_offset 4
 821              		@ sp needed
 822 0060 5DF804FB 		ldr	pc, [sp], #4
 823              	.LVL63:
 824              	.L51:
 825              	.LCFI22:
 826              		.cfi_def_cfa_offset 0
 827              		.cfi_restore 14
ARM GAS  /tmp/ccPdA3Zs.s 			page 38


 383:Middlewares/Third_Party/FreeRTOS/Source/timers.c **** DaemonTaskMessage_t xMessage;
 828              		.loc 1 383 12 view .LVU204
 829 0064 0020     		movs	r0, #0
 417:Middlewares/Third_Party/FreeRTOS/Source/timers.c **** 	}
 830              		.loc 1 417 27 is_stmt 1 view .LVU205
 420:Middlewares/Third_Party/FreeRTOS/Source/timers.c **** }
 831              		.loc 1 420 2 view .LVU206
 421:Middlewares/Third_Party/FreeRTOS/Source/timers.c **** /*-----------------------------------------------------------*/
 832              		.loc 1 421 1 is_stmt 0 view .LVU207
 833 0066 7047     		bx	lr
 834              	.L59:
 835              		.align	2
 836              	.L58:
 837 0068 00000000 		.word	xTimerQueue
 838              		.cfi_endproc
 839              	.LFE8:
 841              		.section	.text.prvSwitchTimerLists,"ax",%progbits
 842              		.align	1
 843              		.syntax unified
 844              		.thumb
 845              		.thumb_func
 847              	prvSwitchTimerLists:
 848              	.LFB20:
 836:Middlewares/Third_Party/FreeRTOS/Source/timers.c **** TickType_t xNextExpireTime, xReloadTime;
 849              		.loc 1 836 1 is_stmt 1 view -0
 850              		.cfi_startproc
 851              		@ args = 0, pretend = 0, frame = 0
 852              		@ frame_needed = 0, uses_anonymous_args = 0
 853 0000 70B5     		push	{r4, r5, r6, lr}
 854              	.LCFI23:
 855              		.cfi_def_cfa_offset 16
 856              		.cfi_offset 4, -16
 857              		.cfi_offset 5, -12
 858              		.cfi_offset 6, -8
 859              		.cfi_offset 14, -4
 860 0002 82B0     		sub	sp, sp, #8
 861              	.LCFI24:
 862              		.cfi_def_cfa_offset 24
 837:Middlewares/Third_Party/FreeRTOS/Source/timers.c **** List_t *pxTemp;
 863              		.loc 1 837 1 view .LVU209
 838:Middlewares/Third_Party/FreeRTOS/Source/timers.c **** Timer_t *pxTimer;
 864              		.loc 1 838 1 view .LVU210
 839:Middlewares/Third_Party/FreeRTOS/Source/timers.c **** BaseType_t xResult;
 865              		.loc 1 839 1 view .LVU211
 840:Middlewares/Third_Party/FreeRTOS/Source/timers.c **** 
 866              		.loc 1 840 1 view .LVU212
 846:Middlewares/Third_Party/FreeRTOS/Source/timers.c **** 	{
 867              		.loc 1 846 2 view .LVU213
 868              	.L62:
 884:Middlewares/Third_Party/FreeRTOS/Source/timers.c **** 		}
 869              		.loc 1 884 28 view .LVU214
 846:Middlewares/Third_Party/FreeRTOS/Source/timers.c **** 	{
 870              		.loc 1 846 49 view .LVU215
 846:Middlewares/Third_Party/FreeRTOS/Source/timers.c **** 	{
 871              		.loc 1 846 9 is_stmt 0 view .LVU216
 872 0004 1A4B     		ldr	r3, .L69
 873 0006 1B68     		ldr	r3, [r3]
ARM GAS  /tmp/ccPdA3Zs.s 			page 39


 874 0008 1A68     		ldr	r2, [r3]
 846:Middlewares/Third_Party/FreeRTOS/Source/timers.c **** 	{
 875              		.loc 1 846 49 view .LVU217
 876 000a 52B3     		cbz	r2, .L68
 848:Middlewares/Third_Party/FreeRTOS/Source/timers.c **** 
 877              		.loc 1 848 3 is_stmt 1 view .LVU218
 848:Middlewares/Third_Party/FreeRTOS/Source/timers.c **** 
 878              		.loc 1 848 21 is_stmt 0 view .LVU219
 879 000c DB68     		ldr	r3, [r3, #12]
 848:Middlewares/Third_Party/FreeRTOS/Source/timers.c **** 
 880              		.loc 1 848 19 view .LVU220
 881 000e 1E68     		ldr	r6, [r3]
 882              	.LVL64:
 851:Middlewares/Third_Party/FreeRTOS/Source/timers.c **** 		( void ) uxListRemove( &( pxTimer->xTimerListItem ) );
 883              		.loc 1 851 3 is_stmt 1 view .LVU221
 851:Middlewares/Third_Party/FreeRTOS/Source/timers.c **** 		( void ) uxListRemove( &( pxTimer->xTimerListItem ) );
 884              		.loc 1 851 11 is_stmt 0 view .LVU222
 885 0010 DC68     		ldr	r4, [r3, #12]
 886              	.LVL65:
 852:Middlewares/Third_Party/FreeRTOS/Source/timers.c **** 		traceTIMER_EXPIRED( pxTimer );
 887              		.loc 1 852 3 is_stmt 1 view .LVU223
 852:Middlewares/Third_Party/FreeRTOS/Source/timers.c **** 		traceTIMER_EXPIRED( pxTimer );
 888              		.loc 1 852 12 is_stmt 0 view .LVU224
 889 0012 251D     		adds	r5, r4, #4
 890 0014 2846     		mov	r0, r5
 891 0016 FFF7FEFF 		bl	uxListRemove
 892              	.LVL66:
 853:Middlewares/Third_Party/FreeRTOS/Source/timers.c **** 
 893              		.loc 1 853 32 is_stmt 1 view .LVU225
 858:Middlewares/Third_Party/FreeRTOS/Source/timers.c **** 
 894              		.loc 1 858 3 view .LVU226
 858:Middlewares/Third_Party/FreeRTOS/Source/timers.c **** 
 895              		.loc 1 858 10 is_stmt 0 view .LVU227
 896 001a 636A     		ldr	r3, [r4, #36]
 858:Middlewares/Third_Party/FreeRTOS/Source/timers.c **** 
 897              		.loc 1 858 3 view .LVU228
 898 001c 2046     		mov	r0, r4
 899 001e 9847     		blx	r3
 900              	.LVL67:
 860:Middlewares/Third_Party/FreeRTOS/Source/timers.c **** 		{
 901              		.loc 1 860 3 is_stmt 1 view .LVU229
 860:Middlewares/Third_Party/FreeRTOS/Source/timers.c **** 		{
 902              		.loc 1 860 14 is_stmt 0 view .LVU230
 903 0020 E369     		ldr	r3, [r4, #28]
 860:Middlewares/Third_Party/FreeRTOS/Source/timers.c **** 		{
 904              		.loc 1 860 5 view .LVU231
 905 0022 012B     		cmp	r3, #1
 906 0024 EED1     		bne	.L62
 868:Middlewares/Third_Party/FreeRTOS/Source/timers.c **** 			if( xReloadTime > xNextExpireTime )
 907              		.loc 1 868 4 is_stmt 1 view .LVU232
 868:Middlewares/Third_Party/FreeRTOS/Source/timers.c **** 			if( xReloadTime > xNextExpireTime )
 908              		.loc 1 868 45 is_stmt 0 view .LVU233
 909 0026 A369     		ldr	r3, [r4, #24]
 868:Middlewares/Third_Party/FreeRTOS/Source/timers.c **** 			if( xReloadTime > xNextExpireTime )
 910              		.loc 1 868 16 view .LVU234
 911 0028 3344     		add	r3, r3, r6
 912              	.LVL68:
ARM GAS  /tmp/ccPdA3Zs.s 			page 40


 869:Middlewares/Third_Party/FreeRTOS/Source/timers.c **** 			{
 913              		.loc 1 869 4 is_stmt 1 view .LVU235
 869:Middlewares/Third_Party/FreeRTOS/Source/timers.c **** 			{
 914              		.loc 1 869 6 is_stmt 0 view .LVU236
 915 002a 9E42     		cmp	r6, r3
 916 002c 07D2     		bcs	.L63
 871:Middlewares/Third_Party/FreeRTOS/Source/timers.c **** 				listSET_LIST_ITEM_OWNER( &( pxTimer->xTimerListItem ), pxTimer );
 917              		.loc 1 871 5 is_stmt 1 view .LVU237
 918 002e 6360     		str	r3, [r4, #4]
 872:Middlewares/Third_Party/FreeRTOS/Source/timers.c **** 				vListInsert( pxCurrentTimerList, &( pxTimer->xTimerListItem ) );
 919              		.loc 1 872 5 view .LVU238
 920 0030 2461     		str	r4, [r4, #16]
 873:Middlewares/Third_Party/FreeRTOS/Source/timers.c **** 			}
 921              		.loc 1 873 5 view .LVU239
 922 0032 2946     		mov	r1, r5
 923 0034 0E4B     		ldr	r3, .L69
 924              	.LVL69:
 873:Middlewares/Third_Party/FreeRTOS/Source/timers.c **** 			}
 925              		.loc 1 873 5 is_stmt 0 view .LVU240
 926 0036 1868     		ldr	r0, [r3]
 927 0038 FFF7FEFF 		bl	vListInsert
 928              	.LVL70:
 873:Middlewares/Third_Party/FreeRTOS/Source/timers.c **** 			}
 929              		.loc 1 873 5 view .LVU241
 930 003c E2E7     		b	.L62
 931              	.LVL71:
 932              	.L63:
 877:Middlewares/Third_Party/FreeRTOS/Source/timers.c **** 				configASSERT( xResult );
 933              		.loc 1 877 5 is_stmt 1 view .LVU242
 877:Middlewares/Third_Party/FreeRTOS/Source/timers.c **** 				configASSERT( xResult );
 934              		.loc 1 877 15 is_stmt 0 view .LVU243
 935 003e 0021     		movs	r1, #0
 936 0040 0091     		str	r1, [sp]
 937 0042 0B46     		mov	r3, r1
 938              	.LVL72:
 877:Middlewares/Third_Party/FreeRTOS/Source/timers.c **** 				configASSERT( xResult );
 939              		.loc 1 877 15 view .LVU244
 940 0044 3246     		mov	r2, r6
 941 0046 2046     		mov	r0, r4
 942 0048 FFF7FEFF 		bl	xTimerGenericCommand
 943              	.LVL73:
 878:Middlewares/Third_Party/FreeRTOS/Source/timers.c **** 				( void ) xResult;
 944              		.loc 1 878 5 is_stmt 1 view .LVU245
 945 004c 0028     		cmp	r0, #0
 946 004e D9D1     		bne	.L62
 878:Middlewares/Third_Party/FreeRTOS/Source/timers.c **** 				( void ) xResult;
 947              		.loc 1 878 5 discriminator 1 view .LVU246
 948              	.LBB54:
 949              	.LBI54:
 191:Middlewares/Third_Party/FreeRTOS/Source/portable/GCC/ARM_CM4F/portmacro.h **** {
 950              		.loc 2 191 30 view .LVU247
 951              	.LBB55:
 193:Middlewares/Third_Party/FreeRTOS/Source/portable/GCC/ARM_CM4F/portmacro.h **** 
 952              		.loc 2 193 1 view .LVU248
 953              		.loc 2 195 2 view .LVU249
 954              		.syntax unified
 955              	@ 195 "Middlewares/Third_Party/FreeRTOS/Source/portable/GCC/ARM_CM4F/portmacro.h" 1
ARM GAS  /tmp/ccPdA3Zs.s 			page 41


 956 0050 4FF05003 			mov r3, #80												
 957 0054 83F31188 		msr basepri, r3											
 958 0058 BFF36F8F 		isb														
 959 005c BFF34F8F 		dsb														
 960              	
 961              	@ 0 "" 2
 962              		.thumb
 963              		.syntax unified
 964              	.L65:
 965              	.LBE55:
 966              	.LBE54:
 878:Middlewares/Third_Party/FreeRTOS/Source/timers.c **** 				( void ) xResult;
 967              		.loc 1 878 5 discriminator 3 view .LVU250
 878:Middlewares/Third_Party/FreeRTOS/Source/timers.c **** 				( void ) xResult;
 968              		.loc 1 878 5 discriminator 3 view .LVU251
 969 0060 FEE7     		b	.L65
 970              	.LVL74:
 971              	.L68:
 888:Middlewares/Third_Party/FreeRTOS/Source/timers.c **** 	pxCurrentTimerList = pxOverflowTimerList;
 972              		.loc 1 888 2 view .LVU252
 889:Middlewares/Third_Party/FreeRTOS/Source/timers.c **** 	pxOverflowTimerList = pxTemp;
 973              		.loc 1 889 2 view .LVU253
 889:Middlewares/Third_Party/FreeRTOS/Source/timers.c **** 	pxOverflowTimerList = pxTemp;
 974              		.loc 1 889 21 is_stmt 0 view .LVU254
 975 0062 044A     		ldr	r2, .L69+4
 976 0064 1068     		ldr	r0, [r2]
 977 0066 0249     		ldr	r1, .L69
 978 0068 0860     		str	r0, [r1]
 890:Middlewares/Third_Party/FreeRTOS/Source/timers.c **** }
 979              		.loc 1 890 2 is_stmt 1 view .LVU255
 890:Middlewares/Third_Party/FreeRTOS/Source/timers.c **** }
 980              		.loc 1 890 22 is_stmt 0 view .LVU256
 981 006a 1360     		str	r3, [r2]
 891:Middlewares/Third_Party/FreeRTOS/Source/timers.c **** /*-----------------------------------------------------------*/
 982              		.loc 1 891 1 view .LVU257
 983 006c 02B0     		add	sp, sp, #8
 984              	.LCFI25:
 985              		.cfi_def_cfa_offset 16
 986              		@ sp needed
 987 006e 70BD     		pop	{r4, r5, r6, pc}
 988              	.L70:
 989              		.align	2
 990              	.L69:
 991 0070 00000000 		.word	pxCurrentTimerList
 992 0074 00000000 		.word	pxOverflowTimerList
 993              		.cfi_endproc
 994              	.LFE20:
 996              		.section	.text.prvSampleTimeNow,"ax",%progbits
 997              		.align	1
 998              		.syntax unified
 999              		.thumb
 1000              		.thumb_func
 1002              	prvSampleTimeNow:
 1003              	.LVL75:
 1004              	.LFB17:
 625:Middlewares/Third_Party/FreeRTOS/Source/timers.c **** TickType_t xTimeNow;
 1005              		.loc 1 625 1 is_stmt 1 view -0
ARM GAS  /tmp/ccPdA3Zs.s 			page 42


 1006              		.cfi_startproc
 1007              		@ args = 0, pretend = 0, frame = 0
 1008              		@ frame_needed = 0, uses_anonymous_args = 0
 625:Middlewares/Third_Party/FreeRTOS/Source/timers.c **** TickType_t xTimeNow;
 1009              		.loc 1 625 1 is_stmt 0 view .LVU259
 1010 0000 38B5     		push	{r3, r4, r5, lr}
 1011              	.LCFI26:
 1012              		.cfi_def_cfa_offset 16
 1013              		.cfi_offset 3, -16
 1014              		.cfi_offset 4, -12
 1015              		.cfi_offset 5, -8
 1016              		.cfi_offset 14, -4
 1017 0002 0546     		mov	r5, r0
 626:Middlewares/Third_Party/FreeRTOS/Source/timers.c **** PRIVILEGED_DATA static TickType_t xLastTime = ( TickType_t ) 0U; /*lint !e956 Variable is only acce
 1018              		.loc 1 626 1 is_stmt 1 view .LVU260
 627:Middlewares/Third_Party/FreeRTOS/Source/timers.c **** 
 1019              		.loc 1 627 17 view .LVU261
 629:Middlewares/Third_Party/FreeRTOS/Source/timers.c **** 
 1020              		.loc 1 629 2 view .LVU262
 629:Middlewares/Third_Party/FreeRTOS/Source/timers.c **** 
 1021              		.loc 1 629 13 is_stmt 0 view .LVU263
 1022 0004 FFF7FEFF 		bl	xTaskGetTickCount
 1023              	.LVL76:
 629:Middlewares/Third_Party/FreeRTOS/Source/timers.c **** 
 1024              		.loc 1 629 13 view .LVU264
 1025 0008 0446     		mov	r4, r0
 1026              	.LVL77:
 631:Middlewares/Third_Party/FreeRTOS/Source/timers.c **** 	{
 1027              		.loc 1 631 2 is_stmt 1 view .LVU265
 631:Middlewares/Third_Party/FreeRTOS/Source/timers.c **** 	{
 1028              		.loc 1 631 15 is_stmt 0 view .LVU266
 1029 000a 074B     		ldr	r3, .L76
 1030 000c 1B68     		ldr	r3, [r3]
 631:Middlewares/Third_Party/FreeRTOS/Source/timers.c **** 	{
 1031              		.loc 1 631 4 view .LVU267
 1032 000e 8342     		cmp	r3, r0
 1033 0010 05D8     		bhi	.L75
 638:Middlewares/Third_Party/FreeRTOS/Source/timers.c **** 	}
 1034              		.loc 1 638 3 is_stmt 1 view .LVU268
 638:Middlewares/Third_Party/FreeRTOS/Source/timers.c **** 	}
 1035              		.loc 1 638 29 is_stmt 0 view .LVU269
 1036 0012 0023     		movs	r3, #0
 1037 0014 2B60     		str	r3, [r5]
 1038              	.LVL78:
 1039              	.L73:
 641:Middlewares/Third_Party/FreeRTOS/Source/timers.c **** 
 1040              		.loc 1 641 2 is_stmt 1 view .LVU270
 641:Middlewares/Third_Party/FreeRTOS/Source/timers.c **** 
 1041              		.loc 1 641 12 is_stmt 0 view .LVU271
 1042 0016 044B     		ldr	r3, .L76
 1043 0018 1C60     		str	r4, [r3]
 643:Middlewares/Third_Party/FreeRTOS/Source/timers.c **** }
 1044              		.loc 1 643 2 is_stmt 1 view .LVU272
 644:Middlewares/Third_Party/FreeRTOS/Source/timers.c **** /*-----------------------------------------------------------*/
 1045              		.loc 1 644 1 is_stmt 0 view .LVU273
 1046 001a 2046     		mov	r0, r4
 1047 001c 38BD     		pop	{r3, r4, r5, pc}
ARM GAS  /tmp/ccPdA3Zs.s 			page 43


 1048              	.LVL79:
 1049              	.L75:
 633:Middlewares/Third_Party/FreeRTOS/Source/timers.c **** 		*pxTimerListsWereSwitched = pdTRUE;
 1050              		.loc 1 633 3 is_stmt 1 view .LVU274
 1051 001e FFF7FEFF 		bl	prvSwitchTimerLists
 1052              	.LVL80:
 634:Middlewares/Third_Party/FreeRTOS/Source/timers.c **** 	}
 1053              		.loc 1 634 3 view .LVU275
 634:Middlewares/Third_Party/FreeRTOS/Source/timers.c **** 	}
 1054              		.loc 1 634 29 is_stmt 0 view .LVU276
 1055 0022 0123     		movs	r3, #1
 1056 0024 2B60     		str	r3, [r5]
 1057 0026 F6E7     		b	.L73
 1058              	.L77:
 1059              		.align	2
 1060              	.L76:
 1061 0028 00000000 		.word	xLastTime.2
 1062              		.cfi_endproc
 1063              	.LFE17:
 1065              		.section	.text.prvProcessExpiredTimer,"ax",%progbits
 1066              		.align	1
 1067              		.syntax unified
 1068              		.thumb
 1069              		.thumb_func
 1071              	prvProcessExpiredTimer:
 1072              	.LVL81:
 1073              	.LFB13:
 463:Middlewares/Third_Party/FreeRTOS/Source/timers.c **** BaseType_t xResult;
 1074              		.loc 1 463 1 is_stmt 1 view -0
 1075              		.cfi_startproc
 1076              		@ args = 0, pretend = 0, frame = 0
 1077              		@ frame_needed = 0, uses_anonymous_args = 0
 463:Middlewares/Third_Party/FreeRTOS/Source/timers.c **** BaseType_t xResult;
 1078              		.loc 1 463 1 is_stmt 0 view .LVU278
 1079 0000 70B5     		push	{r4, r5, r6, lr}
 1080              	.LCFI27:
 1081              		.cfi_def_cfa_offset 16
 1082              		.cfi_offset 4, -16
 1083              		.cfi_offset 5, -12
 1084              		.cfi_offset 6, -8
 1085              		.cfi_offset 14, -4
 1086 0002 82B0     		sub	sp, sp, #8
 1087              	.LCFI28:
 1088              		.cfi_def_cfa_offset 24
 1089 0004 0646     		mov	r6, r0
 1090 0006 0D46     		mov	r5, r1
 464:Middlewares/Third_Party/FreeRTOS/Source/timers.c **** Timer_t * const pxTimer = ( Timer_t * ) listGET_OWNER_OF_HEAD_ENTRY( pxCurrentTimerList );
 1091              		.loc 1 464 1 is_stmt 1 view .LVU279
 465:Middlewares/Third_Party/FreeRTOS/Source/timers.c **** 
 1092              		.loc 1 465 1 view .LVU280
 465:Middlewares/Third_Party/FreeRTOS/Source/timers.c **** 
 1093              		.loc 1 465 41 is_stmt 0 view .LVU281
 1094 0008 1449     		ldr	r1, .L83
 1095              	.LVL82:
 465:Middlewares/Third_Party/FreeRTOS/Source/timers.c **** 
 1096              		.loc 1 465 41 view .LVU282
 1097 000a 0968     		ldr	r1, [r1]
ARM GAS  /tmp/ccPdA3Zs.s 			page 44


 1098 000c C968     		ldr	r1, [r1, #12]
 465:Middlewares/Third_Party/FreeRTOS/Source/timers.c **** 
 1099              		.loc 1 465 17 view .LVU283
 1100 000e CC68     		ldr	r4, [r1, #12]
 1101              	.LVL83:
 469:Middlewares/Third_Party/FreeRTOS/Source/timers.c **** 	traceTIMER_EXPIRED( pxTimer );
 1102              		.loc 1 469 2 is_stmt 1 view .LVU284
 469:Middlewares/Third_Party/FreeRTOS/Source/timers.c **** 	traceTIMER_EXPIRED( pxTimer );
 1103              		.loc 1 469 11 is_stmt 0 view .LVU285
 1104 0010 201D     		adds	r0, r4, #4
 1105              	.LVL84:
 469:Middlewares/Third_Party/FreeRTOS/Source/timers.c **** 	traceTIMER_EXPIRED( pxTimer );
 1106              		.loc 1 469 11 view .LVU286
 1107 0012 FFF7FEFF 		bl	uxListRemove
 1108              	.LVL85:
 470:Middlewares/Third_Party/FreeRTOS/Source/timers.c **** 
 1109              		.loc 1 470 31 is_stmt 1 view .LVU287
 474:Middlewares/Third_Party/FreeRTOS/Source/timers.c **** 	{
 1110              		.loc 1 474 2 view .LVU288
 474:Middlewares/Third_Party/FreeRTOS/Source/timers.c **** 	{
 1111              		.loc 1 474 13 is_stmt 0 view .LVU289
 1112 0016 E169     		ldr	r1, [r4, #28]
 474:Middlewares/Third_Party/FreeRTOS/Source/timers.c **** 	{
 1113              		.loc 1 474 4 view .LVU290
 1114 0018 0129     		cmp	r1, #1
 1115 001a 04D0     		beq	.L82
 1116              	.L79:
 494:Middlewares/Third_Party/FreeRTOS/Source/timers.c **** 	}
 1117              		.loc 1 494 27 is_stmt 1 view .LVU291
 498:Middlewares/Third_Party/FreeRTOS/Source/timers.c **** }
 1118              		.loc 1 498 2 view .LVU292
 498:Middlewares/Third_Party/FreeRTOS/Source/timers.c **** }
 1119              		.loc 1 498 9 is_stmt 0 view .LVU293
 1120 001c 636A     		ldr	r3, [r4, #36]
 498:Middlewares/Third_Party/FreeRTOS/Source/timers.c **** }
 1121              		.loc 1 498 2 view .LVU294
 1122 001e 2046     		mov	r0, r4
 1123 0020 9847     		blx	r3
 1124              	.LVL86:
 499:Middlewares/Third_Party/FreeRTOS/Source/timers.c **** /*-----------------------------------------------------------*/
 1125              		.loc 1 499 1 view .LVU295
 1126 0022 02B0     		add	sp, sp, #8
 1127              	.LCFI29:
 1128              		.cfi_remember_state
 1129              		.cfi_def_cfa_offset 16
 1130              		@ sp needed
 1131 0024 70BD     		pop	{r4, r5, r6, pc}
 1132              	.LVL87:
 1133              	.L82:
 1134              	.LCFI30:
 1135              		.cfi_restore_state
 479:Middlewares/Third_Party/FreeRTOS/Source/timers.c **** 		{
 1136              		.loc 1 479 3 is_stmt 1 view .LVU296
 479:Middlewares/Third_Party/FreeRTOS/Source/timers.c **** 		{
 1137              		.loc 1 479 71 is_stmt 0 view .LVU297
 1138 0026 A169     		ldr	r1, [r4, #24]
 479:Middlewares/Third_Party/FreeRTOS/Source/timers.c **** 		{
ARM GAS  /tmp/ccPdA3Zs.s 			page 45


 1139              		.loc 1 479 7 view .LVU298
 1140 0028 3346     		mov	r3, r6
 1141 002a 2A46     		mov	r2, r5
 1142 002c 3144     		add	r1, r1, r6
 1143 002e 2046     		mov	r0, r4
 1144 0030 FFF7FEFF 		bl	prvInsertTimerInActiveList
 1145              	.LVL88:
 479:Middlewares/Third_Party/FreeRTOS/Source/timers.c **** 		{
 1146              		.loc 1 479 5 discriminator 1 view .LVU299
 1147 0034 0028     		cmp	r0, #0
 1148 0036 F1D0     		beq	.L79
 483:Middlewares/Third_Party/FreeRTOS/Source/timers.c **** 			configASSERT( xResult );
 1149              		.loc 1 483 4 is_stmt 1 view .LVU300
 483:Middlewares/Third_Party/FreeRTOS/Source/timers.c **** 			configASSERT( xResult );
 1150              		.loc 1 483 14 is_stmt 0 view .LVU301
 1151 0038 0021     		movs	r1, #0
 1152 003a 0091     		str	r1, [sp]
 1153 003c 0B46     		mov	r3, r1
 1154 003e 3246     		mov	r2, r6
 1155 0040 2046     		mov	r0, r4
 1156 0042 FFF7FEFF 		bl	xTimerGenericCommand
 1157              	.LVL89:
 484:Middlewares/Third_Party/FreeRTOS/Source/timers.c **** 			( void ) xResult;
 1158              		.loc 1 484 4 is_stmt 1 view .LVU302
 1159 0046 0028     		cmp	r0, #0
 1160 0048 E8D1     		bne	.L79
 484:Middlewares/Third_Party/FreeRTOS/Source/timers.c **** 			( void ) xResult;
 1161              		.loc 1 484 4 discriminator 1 view .LVU303
 1162              	.LBB56:
 1163              	.LBI56:
 191:Middlewares/Third_Party/FreeRTOS/Source/portable/GCC/ARM_CM4F/portmacro.h **** {
 1164              		.loc 2 191 30 view .LVU304
 1165              	.LBB57:
 193:Middlewares/Third_Party/FreeRTOS/Source/portable/GCC/ARM_CM4F/portmacro.h **** 
 1166              		.loc 2 193 1 view .LVU305
 1167              		.loc 2 195 2 view .LVU306
 1168              		.syntax unified
 1169              	@ 195 "Middlewares/Third_Party/FreeRTOS/Source/portable/GCC/ARM_CM4F/portmacro.h" 1
 1170 004a 4FF05003 			mov r3, #80												
 1171 004e 83F31188 		msr basepri, r3											
 1172 0052 BFF36F8F 		isb														
 1173 0056 BFF34F8F 		dsb														
 1174              	
 1175              	@ 0 "" 2
 1176              		.thumb
 1177              		.syntax unified
 1178              	.L80:
 1179              	.LBE57:
 1180              	.LBE56:
 484:Middlewares/Third_Party/FreeRTOS/Source/timers.c **** 			( void ) xResult;
 1181              		.loc 1 484 4 discriminator 3 view .LVU307
 484:Middlewares/Third_Party/FreeRTOS/Source/timers.c **** 			( void ) xResult;
 1182              		.loc 1 484 4 discriminator 3 view .LVU308
 1183 005a FEE7     		b	.L80
 1184              	.L84:
 1185              		.align	2
 1186              	.L83:
ARM GAS  /tmp/ccPdA3Zs.s 			page 46


 1187 005c 00000000 		.word	pxCurrentTimerList
 1188              		.cfi_endproc
 1189              	.LFE13:
 1191              		.section	.text.prvProcessTimerOrBlockTask,"ax",%progbits
 1192              		.align	1
 1193              		.syntax unified
 1194              		.thumb
 1195              		.thumb_func
 1197              	prvProcessTimerOrBlockTask:
 1198              	.LVL90:
 1199              	.LFB15:
 539:Middlewares/Third_Party/FreeRTOS/Source/timers.c **** TickType_t xTimeNow;
 1200              		.loc 1 539 1 view -0
 1201              		.cfi_startproc
 1202              		@ args = 0, pretend = 0, frame = 8
 1203              		@ frame_needed = 0, uses_anonymous_args = 0
 539:Middlewares/Third_Party/FreeRTOS/Source/timers.c **** TickType_t xTimeNow;
 1204              		.loc 1 539 1 is_stmt 0 view .LVU310
 1205 0000 70B5     		push	{r4, r5, r6, lr}
 1206              	.LCFI31:
 1207              		.cfi_def_cfa_offset 16
 1208              		.cfi_offset 4, -16
 1209              		.cfi_offset 5, -12
 1210              		.cfi_offset 6, -8
 1211              		.cfi_offset 14, -4
 1212 0002 82B0     		sub	sp, sp, #8
 1213              	.LCFI32:
 1214              		.cfi_def_cfa_offset 24
 1215 0004 0646     		mov	r6, r0
 1216 0006 0C46     		mov	r4, r1
 540:Middlewares/Third_Party/FreeRTOS/Source/timers.c **** BaseType_t xTimerListsWereSwitched;
 1217              		.loc 1 540 1 is_stmt 1 view .LVU311
 541:Middlewares/Third_Party/FreeRTOS/Source/timers.c **** 
 1218              		.loc 1 541 1 view .LVU312
 543:Middlewares/Third_Party/FreeRTOS/Source/timers.c **** 	{
 1219              		.loc 1 543 2 view .LVU313
 1220 0008 FFF7FEFF 		bl	vTaskSuspendAll
 1221              	.LVL91:
 550:Middlewares/Third_Party/FreeRTOS/Source/timers.c **** 		if( xTimerListsWereSwitched == pdFALSE )
 1222              		.loc 1 550 3 view .LVU314
 550:Middlewares/Third_Party/FreeRTOS/Source/timers.c **** 		if( xTimerListsWereSwitched == pdFALSE )
 1223              		.loc 1 550 14 is_stmt 0 view .LVU315
 1224 000c 01A8     		add	r0, sp, #4
 1225 000e FFF7FEFF 		bl	prvSampleTimeNow
 1226              	.LVL92:
 551:Middlewares/Third_Party/FreeRTOS/Source/timers.c **** 		{
 1227              		.loc 1 551 3 is_stmt 1 view .LVU316
 551:Middlewares/Third_Party/FreeRTOS/Source/timers.c **** 		{
 1228              		.loc 1 551 31 is_stmt 0 view .LVU317
 1229 0012 019B     		ldr	r3, [sp, #4]
 551:Middlewares/Third_Party/FreeRTOS/Source/timers.c **** 		{
 1230              		.loc 1 551 5 view .LVU318
 1231 0014 23BB     		cbnz	r3, .L86
 1232 0016 0546     		mov	r5, r0
 554:Middlewares/Third_Party/FreeRTOS/Source/timers.c **** 			{
 1233              		.loc 1 554 4 is_stmt 1 view .LVU319
 554:Middlewares/Third_Party/FreeRTOS/Source/timers.c **** 			{
ARM GAS  /tmp/ccPdA3Zs.s 			page 47


 1234              		.loc 1 554 6 is_stmt 0 view .LVU320
 1235 0018 44B9     		cbnz	r4, .L87
 554:Middlewares/Third_Party/FreeRTOS/Source/timers.c **** 			{
 1236              		.loc 1 554 37 discriminator 1 view .LVU321
 1237 001a B042     		cmp	r0, r6
 1238 001c 0CD3     		bcc	.L88
 556:Middlewares/Third_Party/FreeRTOS/Source/timers.c **** 				prvProcessExpiredTimer( xNextExpireTime, xTimeNow );
 1239              		.loc 1 556 5 is_stmt 1 view .LVU322
 556:Middlewares/Third_Party/FreeRTOS/Source/timers.c **** 				prvProcessExpiredTimer( xNextExpireTime, xTimeNow );
 1240              		.loc 1 556 14 is_stmt 0 view .LVU323
 1241 001e FFF7FEFF 		bl	xTaskResumeAll
 1242              	.LVL93:
 557:Middlewares/Third_Party/FreeRTOS/Source/timers.c **** 			}
 1243              		.loc 1 557 5 is_stmt 1 view .LVU324
 1244 0022 2946     		mov	r1, r5
 1245 0024 3046     		mov	r0, r6
 1246 0026 FFF7FEFF 		bl	prvProcessExpiredTimer
 1247              	.LVL94:
 1248 002a 1BE0     		b	.L85
 1249              	.LVL95:
 1250              	.L87:
 571:Middlewares/Third_Party/FreeRTOS/Source/timers.c **** 				}
 1251              		.loc 1 571 6 view .LVU325
 571:Middlewares/Third_Party/FreeRTOS/Source/timers.c **** 				}
 1252              		.loc 1 571 22 is_stmt 0 view .LVU326
 1253 002c 0E4B     		ldr	r3, .L91
 1254 002e 1B68     		ldr	r3, [r3]
 1255 0030 1C68     		ldr	r4, [r3]
 1256              	.LVL96:
 571:Middlewares/Third_Party/FreeRTOS/Source/timers.c **** 				}
 1257              		.loc 1 571 22 view .LVU327
 1258 0032 B4FA84F4 		clz	r4, r4
 1259 0036 6409     		lsrs	r4, r4, #5
 1260              	.LVL97:
 1261              	.L88:
 574:Middlewares/Third_Party/FreeRTOS/Source/timers.c **** 
 1262              		.loc 1 574 5 is_stmt 1 view .LVU328
 1263 0038 2246     		mov	r2, r4
 1264 003a 711B     		subs	r1, r6, r5
 1265 003c 0B4B     		ldr	r3, .L91+4
 1266 003e 1868     		ldr	r0, [r3]
 1267              	.LVL98:
 574:Middlewares/Third_Party/FreeRTOS/Source/timers.c **** 
 1268              		.loc 1 574 5 is_stmt 0 view .LVU329
 1269 0040 FFF7FEFF 		bl	vQueueWaitForMessageRestricted
 1270              	.LVL99:
 576:Middlewares/Third_Party/FreeRTOS/Source/timers.c **** 				{
 1271              		.loc 1 576 5 is_stmt 1 view .LVU330
 576:Middlewares/Third_Party/FreeRTOS/Source/timers.c **** 				{
 1272              		.loc 1 576 9 is_stmt 0 view .LVU331
 1273 0044 FFF7FEFF 		bl	xTaskResumeAll
 1274              	.LVL100:
 576:Middlewares/Third_Party/FreeRTOS/Source/timers.c **** 				{
 1275              		.loc 1 576 7 discriminator 1 view .LVU332
 1276 0048 60B9     		cbnz	r0, .L85
 582:Middlewares/Third_Party/FreeRTOS/Source/timers.c **** 				}
 1277              		.loc 1 582 6 is_stmt 1 view .LVU333
ARM GAS  /tmp/ccPdA3Zs.s 			page 48


 1278 004a 4FF0E023 		mov	r3, #-536813568
 1279 004e 4FF08052 		mov	r2, #268435456
 1280 0052 C3F8042D 		str	r2, [r3, #3332]
 582:Middlewares/Third_Party/FreeRTOS/Source/timers.c **** 				}
 1281              		.loc 1 582 6 view .LVU334
 1282              		.syntax unified
 1283              	@ 582 "Middlewares/Third_Party/FreeRTOS/Source/timers.c" 1
 1284 0056 BFF34F8F 		dsb
 1285              	@ 0 "" 2
 582:Middlewares/Third_Party/FreeRTOS/Source/timers.c **** 				}
 1286              		.loc 1 582 6 view .LVU335
 1287              	@ 582 "Middlewares/Third_Party/FreeRTOS/Source/timers.c" 1
 1288 005a BFF36F8F 		isb
 1289              	@ 0 "" 2
 582:Middlewares/Third_Party/FreeRTOS/Source/timers.c **** 				}
 1290              		.loc 1 582 28 view .LVU336
 1291              		.thumb
 1292              		.syntax unified
 1293 005e 01E0     		b	.L85
 1294              	.LVL101:
 1295              	.L86:
 592:Middlewares/Third_Party/FreeRTOS/Source/timers.c **** 		}
 1296              		.loc 1 592 4 view .LVU337
 592:Middlewares/Third_Party/FreeRTOS/Source/timers.c **** 		}
 1297              		.loc 1 592 13 is_stmt 0 view .LVU338
 1298 0060 FFF7FEFF 		bl	xTaskResumeAll
 1299              	.LVL102:
 1300              	.L85:
 595:Middlewares/Third_Party/FreeRTOS/Source/timers.c **** /*-----------------------------------------------------------*/
 1301              		.loc 1 595 1 view .LVU339
 1302 0064 02B0     		add	sp, sp, #8
 1303              	.LCFI33:
 1304              		.cfi_def_cfa_offset 16
 1305              		@ sp needed
 1306 0066 70BD     		pop	{r4, r5, r6, pc}
 1307              	.LVL103:
 1308              	.L92:
 595:Middlewares/Third_Party/FreeRTOS/Source/timers.c **** /*-----------------------------------------------------------*/
 1309              		.loc 1 595 1 view .LVU340
 1310              		.align	2
 1311              	.L91:
 1312 0068 00000000 		.word	pxOverflowTimerList
 1313 006c 00000000 		.word	xTimerQueue
 1314              		.cfi_endproc
 1315              	.LFE15:
 1317              		.section	.text.prvProcessReceivedCommands,"ax",%progbits
 1318              		.align	1
 1319              		.syntax unified
 1320              		.thumb
 1321              		.thumb_func
 1323              	prvProcessReceivedCommands:
 1324              	.LFB19:
 689:Middlewares/Third_Party/FreeRTOS/Source/timers.c **** DaemonTaskMessage_t xMessage;
 1325              		.loc 1 689 1 is_stmt 1 view -0
 1326              		.cfi_startproc
 1327              		@ args = 0, pretend = 0, frame = 24
 1328              		@ frame_needed = 0, uses_anonymous_args = 0
ARM GAS  /tmp/ccPdA3Zs.s 			page 49


 1329 0000 10B5     		push	{r4, lr}
 1330              	.LCFI34:
 1331              		.cfi_def_cfa_offset 8
 1332              		.cfi_offset 4, -8
 1333              		.cfi_offset 14, -4
 1334 0002 88B0     		sub	sp, sp, #32
 1335              	.LCFI35:
 1336              		.cfi_def_cfa_offset 40
 690:Middlewares/Third_Party/FreeRTOS/Source/timers.c **** Timer_t *pxTimer;
 1337              		.loc 1 690 1 view .LVU342
 691:Middlewares/Third_Party/FreeRTOS/Source/timers.c **** BaseType_t xTimerListsWereSwitched, xResult;
 1338              		.loc 1 691 1 view .LVU343
 692:Middlewares/Third_Party/FreeRTOS/Source/timers.c **** TickType_t xTimeNow;
 1339              		.loc 1 692 1 view .LVU344
 693:Middlewares/Third_Party/FreeRTOS/Source/timers.c **** 
 1340              		.loc 1 693 1 view .LVU345
 695:Middlewares/Third_Party/FreeRTOS/Source/timers.c **** 	{
 1341              		.loc 1 695 2 view .LVU346
 695:Middlewares/Third_Party/FreeRTOS/Source/timers.c **** 	{
 1342              		.loc 1 695 7 is_stmt 0 view .LVU347
 1343 0004 02E0     		b	.L96
 1344              	.L95:
 714:Middlewares/Third_Party/FreeRTOS/Source/timers.c **** 			}
 1345              		.loc 1 714 29 is_stmt 1 view .LVU348
 721:Middlewares/Third_Party/FreeRTOS/Source/timers.c **** 		{
 1346              		.loc 1 721 3 view .LVU349
 721:Middlewares/Third_Party/FreeRTOS/Source/timers.c **** 		{
 1347              		.loc 1 721 15 is_stmt 0 view .LVU350
 1348 0006 049B     		ldr	r3, [sp, #16]
 721:Middlewares/Third_Party/FreeRTOS/Source/timers.c **** 		{
 1349              		.loc 1 721 5 view .LVU351
 1350 0008 002B     		cmp	r3, #0
 1351 000a 0FDA     		bge	.L109
 1352              	.L96:
 695:Middlewares/Third_Party/FreeRTOS/Source/timers.c **** 	{
 1353              		.loc 1 695 62 is_stmt 1 view .LVU352
 695:Middlewares/Third_Party/FreeRTOS/Source/timers.c **** 	{
 1354              		.loc 1 695 9 is_stmt 0 view .LVU353
 1355 000c 0022     		movs	r2, #0
 1356 000e 04A9     		add	r1, sp, #16
 1357 0010 384B     		ldr	r3, .L112
 1358 0012 1868     		ldr	r0, [r3]
 1359 0014 FFF7FEFF 		bl	xQueueReceive
 1360              	.LVL104:
 695:Middlewares/Third_Party/FreeRTOS/Source/timers.c **** 	{
 1361              		.loc 1 695 62 discriminator 1 view .LVU354
 1362 0018 0028     		cmp	r0, #0
 1363 001a 69D0     		beq	.L110
 701:Middlewares/Third_Party/FreeRTOS/Source/timers.c **** 			{
 1364              		.loc 1 701 4 is_stmt 1 view .LVU355
 701:Middlewares/Third_Party/FreeRTOS/Source/timers.c **** 			{
 1365              		.loc 1 701 16 is_stmt 0 view .LVU356
 1366 001c 049B     		ldr	r3, [sp, #16]
 701:Middlewares/Third_Party/FreeRTOS/Source/timers.c **** 			{
 1367              		.loc 1 701 6 view .LVU357
 1368 001e 002B     		cmp	r3, #0
 1369 0020 F1DA     		bge	.L95
ARM GAS  /tmp/ccPdA3Zs.s 			page 50


 1370              	.LBB58:
 703:Middlewares/Third_Party/FreeRTOS/Source/timers.c **** 
 1371              		.loc 1 703 5 is_stmt 1 view .LVU358
 1372              	.LVL105:
 707:Middlewares/Third_Party/FreeRTOS/Source/timers.c **** 
 1373              		.loc 1 707 5 view .LVU359
 707:Middlewares/Third_Party/FreeRTOS/Source/timers.c **** 
 1374              		.loc 1 707 31 discriminator 2 view .LVU360
 710:Middlewares/Third_Party/FreeRTOS/Source/timers.c **** 			}
 1375              		.loc 1 710 5 view .LVU361
 1376 0022 0799     		ldr	r1, [sp, #28]
 1377 0024 0698     		ldr	r0, [sp, #24]
 1378 0026 059B     		ldr	r3, [sp, #20]
 1379 0028 9847     		blx	r3
 1380              	.LVL106:
 1381              	.LBE58:
 1382 002a ECE7     		b	.L95
 1383              	.LVL107:
 1384              	.L109:
 725:Middlewares/Third_Party/FreeRTOS/Source/timers.c **** 
 1385              		.loc 1 725 4 view .LVU362
 725:Middlewares/Third_Party/FreeRTOS/Source/timers.c **** 
 1386              		.loc 1 725 12 is_stmt 0 view .LVU363
 1387 002c 069C     		ldr	r4, [sp, #24]
 1388              	.LVL108:
 727:Middlewares/Third_Party/FreeRTOS/Source/timers.c **** 			{
 1389              		.loc 1 727 4 is_stmt 1 view .LVU364
 727:Middlewares/Third_Party/FreeRTOS/Source/timers.c **** 			{
 1390              		.loc 1 727 8 is_stmt 0 view .LVU365
 1391 002e 6369     		ldr	r3, [r4, #20]
 727:Middlewares/Third_Party/FreeRTOS/Source/timers.c **** 			{
 1392              		.loc 1 727 6 view .LVU366
 1393 0030 13B1     		cbz	r3, .L97
 730:Middlewares/Third_Party/FreeRTOS/Source/timers.c **** 			}
 1394              		.loc 1 730 5 is_stmt 1 view .LVU367
 730:Middlewares/Third_Party/FreeRTOS/Source/timers.c **** 			}
 1395              		.loc 1 730 14 is_stmt 0 view .LVU368
 1396 0032 201D     		adds	r0, r4, #4
 1397 0034 FFF7FEFF 		bl	uxListRemove
 1398              	.LVL109:
 1399              	.L97:
 734:Middlewares/Third_Party/FreeRTOS/Source/timers.c **** 			}
 1400              		.loc 1 734 29 is_stmt 1 view .LVU369
 737:Middlewares/Third_Party/FreeRTOS/Source/timers.c **** 
 1401              		.loc 1 737 106 view .LVU370
 745:Middlewares/Third_Party/FreeRTOS/Source/timers.c **** 
 1402              		.loc 1 745 4 view .LVU371
 745:Middlewares/Third_Party/FreeRTOS/Source/timers.c **** 
 1403              		.loc 1 745 15 is_stmt 0 view .LVU372
 1404 0038 03A8     		add	r0, sp, #12
 1405 003a FFF7FEFF 		bl	prvSampleTimeNow
 1406              	.LVL110:
 747:Middlewares/Third_Party/FreeRTOS/Source/timers.c **** 			{
 1407              		.loc 1 747 4 is_stmt 1 view .LVU373
 747:Middlewares/Third_Party/FreeRTOS/Source/timers.c **** 			{
 1408              		.loc 1 747 20 is_stmt 0 view .LVU374
 1409 003e 049B     		ldr	r3, [sp, #16]
ARM GAS  /tmp/ccPdA3Zs.s 			page 51


 747:Middlewares/Third_Party/FreeRTOS/Source/timers.c **** 			{
 1410              		.loc 1 747 4 view .LVU375
 1411 0040 092B     		cmp	r3, #9
 1412 0042 E3D8     		bhi	.L96
 1413 0044 01A2     		adr	r2, .L100
 1414 0046 52F823F0 		ldr	pc, [r2, r3, lsl #2]
 1415 004a 00BF     		.p2align 2
 1416              	.L100:
 1417 004c 75000000 		.word	.L101+1
 1418 0050 75000000 		.word	.L101+1
 1419 0054 75000000 		.word	.L101+1
 1420 0058 0D000000 		.word	.L96+1
 1421 005c BB000000 		.word	.L99+1
 1422 0060 E1000000 		.word	.L102+1
 1423 0064 75000000 		.word	.L101+1
 1424 0068 75000000 		.word	.L101+1
 1425 006c 0D000000 		.word	.L96+1
 1426 0070 BB000000 		.word	.L99+1
 1427              		.p2align 1
 1428              	.L101:
 755:Middlewares/Third_Party/FreeRTOS/Source/timers.c **** 					{
 1429              		.loc 1 755 6 is_stmt 1 view .LVU376
 755:Middlewares/Third_Party/FreeRTOS/Source/timers.c **** 					{
 1430              		.loc 1 755 75 is_stmt 0 view .LVU377
 1431 0074 059B     		ldr	r3, [sp, #20]
 755:Middlewares/Third_Party/FreeRTOS/Source/timers.c **** 					{
 1432              		.loc 1 755 99 view .LVU378
 1433 0076 A169     		ldr	r1, [r4, #24]
 755:Middlewares/Third_Party/FreeRTOS/Source/timers.c **** 					{
 1434              		.loc 1 755 10 view .LVU379
 1435 0078 0246     		mov	r2, r0
 1436 007a 1944     		add	r1, r1, r3
 1437 007c 2046     		mov	r0, r4
 1438              	.LVL111:
 755:Middlewares/Third_Party/FreeRTOS/Source/timers.c **** 					{
 1439              		.loc 1 755 10 view .LVU380
 1440 007e FFF7FEFF 		bl	prvInsertTimerInActiveList
 1441              	.LVL112:
 755:Middlewares/Third_Party/FreeRTOS/Source/timers.c **** 					{
 1442              		.loc 1 755 8 discriminator 1 view .LVU381
 1443 0082 0028     		cmp	r0, #0
 1444 0084 C2D0     		beq	.L96
 759:Middlewares/Third_Party/FreeRTOS/Source/timers.c **** 						traceTIMER_EXPIRED( pxTimer );
 1445              		.loc 1 759 7 is_stmt 1 view .LVU382
 759:Middlewares/Third_Party/FreeRTOS/Source/timers.c **** 						traceTIMER_EXPIRED( pxTimer );
 1446              		.loc 1 759 14 is_stmt 0 view .LVU383
 1447 0086 636A     		ldr	r3, [r4, #36]
 759:Middlewares/Third_Party/FreeRTOS/Source/timers.c **** 						traceTIMER_EXPIRED( pxTimer );
 1448              		.loc 1 759 7 view .LVU384
 1449 0088 2046     		mov	r0, r4
 1450 008a 9847     		blx	r3
 1451              	.LVL113:
 760:Middlewares/Third_Party/FreeRTOS/Source/timers.c **** 
 1452              		.loc 1 760 36 is_stmt 1 view .LVU385
 762:Middlewares/Third_Party/FreeRTOS/Source/timers.c **** 						{
 1453              		.loc 1 762 7 view .LVU386
 762:Middlewares/Third_Party/FreeRTOS/Source/timers.c **** 						{
ARM GAS  /tmp/ccPdA3Zs.s 			page 52


 1454              		.loc 1 762 18 is_stmt 0 view .LVU387
 1455 008c E369     		ldr	r3, [r4, #28]
 762:Middlewares/Third_Party/FreeRTOS/Source/timers.c **** 						{
 1456              		.loc 1 762 9 view .LVU388
 1457 008e 012B     		cmp	r3, #1
 1458 0090 BCD1     		bne	.L96
 764:Middlewares/Third_Party/FreeRTOS/Source/timers.c **** 							configASSERT( xResult );
 1459              		.loc 1 764 8 is_stmt 1 view .LVU389
 764:Middlewares/Third_Party/FreeRTOS/Source/timers.c **** 							configASSERT( xResult );
 1460              		.loc 1 764 129 is_stmt 0 view .LVU390
 1461 0092 A269     		ldr	r2, [r4, #24]
 764:Middlewares/Third_Party/FreeRTOS/Source/timers.c **** 							configASSERT( xResult );
 1462              		.loc 1 764 18 view .LVU391
 1463 0094 0021     		movs	r1, #0
 1464 0096 0091     		str	r1, [sp]
 1465 0098 0B46     		mov	r3, r1
 1466 009a 0598     		ldr	r0, [sp, #20]
 1467 009c 0244     		add	r2, r2, r0
 1468 009e 2046     		mov	r0, r4
 1469 00a0 FFF7FEFF 		bl	xTimerGenericCommand
 1470              	.LVL114:
 765:Middlewares/Third_Party/FreeRTOS/Source/timers.c **** 							( void ) xResult;
 1471              		.loc 1 765 8 is_stmt 1 view .LVU392
 1472 00a4 0028     		cmp	r0, #0
 1473 00a6 B1D1     		bne	.L96
 765:Middlewares/Third_Party/FreeRTOS/Source/timers.c **** 							( void ) xResult;
 1474              		.loc 1 765 8 discriminator 1 view .LVU393
 1475              	.LBB59:
 1476              	.LBI59:
 191:Middlewares/Third_Party/FreeRTOS/Source/portable/GCC/ARM_CM4F/portmacro.h **** {
 1477              		.loc 2 191 30 view .LVU394
 1478              	.LBB60:
 193:Middlewares/Third_Party/FreeRTOS/Source/portable/GCC/ARM_CM4F/portmacro.h **** 
 1479              		.loc 2 193 1 view .LVU395
 1480              		.loc 2 195 2 view .LVU396
 1481              		.syntax unified
 1482              	@ 195 "Middlewares/Third_Party/FreeRTOS/Source/portable/GCC/ARM_CM4F/portmacro.h" 1
 1483 00a8 4FF05003 			mov r3, #80												
 1484 00ac 83F31188 		msr basepri, r3											
 1485 00b0 BFF36F8F 		isb														
 1486 00b4 BFF34F8F 		dsb														
 1487              	
 1488              	@ 0 "" 2
 1489              		.thumb
 1490              		.syntax unified
 1491              	.L103:
 1492              	.LBE60:
 1493              	.LBE59:
 765:Middlewares/Third_Party/FreeRTOS/Source/timers.c **** 							( void ) xResult;
 1494              		.loc 1 765 8 discriminator 3 view .LVU397
 765:Middlewares/Third_Party/FreeRTOS/Source/timers.c **** 							( void ) xResult;
 1495              		.loc 1 765 8 discriminator 3 view .LVU398
 1496 00b8 FEE7     		b	.L103
 1497              	.LVL115:
 1498              	.L99:
 787:Middlewares/Third_Party/FreeRTOS/Source/timers.c **** 					configASSERT( ( pxTimer->xTimerPeriodInTicks > 0 ) );
 1499              		.loc 1 787 6 view .LVU399
ARM GAS  /tmp/ccPdA3Zs.s 			page 53


 787:Middlewares/Third_Party/FreeRTOS/Source/timers.c **** 					configASSERT( ( pxTimer->xTimerPeriodInTicks > 0 ) );
 1500              		.loc 1 787 64 is_stmt 0 view .LVU400
 1501 00ba 0599     		ldr	r1, [sp, #20]
 787:Middlewares/Third_Party/FreeRTOS/Source/timers.c **** 					configASSERT( ( pxTimer->xTimerPeriodInTicks > 0 ) );
 1502              		.loc 1 787 35 view .LVU401
 1503 00bc A161     		str	r1, [r4, #24]
 788:Middlewares/Third_Party/FreeRTOS/Source/timers.c **** 
 1504              		.loc 1 788 6 is_stmt 1 view .LVU402
 1505 00be 31B1     		cbz	r1, .L111
 788:Middlewares/Third_Party/FreeRTOS/Source/timers.c **** 
 1506              		.loc 1 788 58 discriminator 2 view .LVU403
 796:Middlewares/Third_Party/FreeRTOS/Source/timers.c **** 					break;
 1507              		.loc 1 796 6 view .LVU404
 796:Middlewares/Third_Party/FreeRTOS/Source/timers.c **** 					break;
 1508              		.loc 1 796 15 is_stmt 0 view .LVU405
 1509 00c0 0346     		mov	r3, r0
 1510 00c2 0246     		mov	r2, r0
 1511 00c4 0144     		add	r1, r1, r0
 1512 00c6 2046     		mov	r0, r4
 1513              	.LVL116:
 796:Middlewares/Third_Party/FreeRTOS/Source/timers.c **** 					break;
 1514              		.loc 1 796 15 view .LVU406
 1515 00c8 FFF7FEFF 		bl	prvInsertTimerInActiveList
 1516              	.LVL117:
 797:Middlewares/Third_Party/FreeRTOS/Source/timers.c **** 
 1517              		.loc 1 797 6 is_stmt 1 view .LVU407
 1518 00cc 9EE7     		b	.L96
 1519              	.LVL118:
 1520              	.L111:
 788:Middlewares/Third_Party/FreeRTOS/Source/timers.c **** 
 1521              		.loc 1 788 6 discriminator 1 view .LVU408
 1522              	.LBB61:
 1523              	.LBI61:
 191:Middlewares/Third_Party/FreeRTOS/Source/portable/GCC/ARM_CM4F/portmacro.h **** {
 1524              		.loc 2 191 30 view .LVU409
 1525              	.LBB62:
 193:Middlewares/Third_Party/FreeRTOS/Source/portable/GCC/ARM_CM4F/portmacro.h **** 
 1526              		.loc 2 193 1 view .LVU410
 1527              		.loc 2 195 2 view .LVU411
 1528              		.syntax unified
 1529              	@ 195 "Middlewares/Third_Party/FreeRTOS/Source/portable/GCC/ARM_CM4F/portmacro.h" 1
 1530 00ce 4FF05003 			mov r3, #80												
 1531 00d2 83F31188 		msr basepri, r3											
 1532 00d6 BFF36F8F 		isb														
 1533 00da BFF34F8F 		dsb														
 1534              	
 1535              	@ 0 "" 2
 1536              		.thumb
 1537              		.syntax unified
 1538              	.L105:
 1539              	.LBE62:
 1540              	.LBE61:
 788:Middlewares/Third_Party/FreeRTOS/Source/timers.c **** 
 1541              		.loc 1 788 6 discriminator 3 view .LVU412
 788:Middlewares/Third_Party/FreeRTOS/Source/timers.c **** 
 1542              		.loc 1 788 6 discriminator 3 view .LVU413
 1543 00de FEE7     		b	.L105
ARM GAS  /tmp/ccPdA3Zs.s 			page 54


 1544              	.L102:
 814:Middlewares/Third_Party/FreeRTOS/Source/timers.c **** 						{
 1545              		.loc 1 814 7 view .LVU414
 814:Middlewares/Third_Party/FreeRTOS/Source/timers.c **** 						{
 1546              		.loc 1 814 18 is_stmt 0 view .LVU415
 1547 00e0 94F82C30 		ldrb	r3, [r4, #44]	@ zero_extendqisi2
 814:Middlewares/Third_Party/FreeRTOS/Source/timers.c **** 						{
 1548              		.loc 1 814 9 view .LVU416
 1549 00e4 002B     		cmp	r3, #0
 1550 00e6 91D1     		bne	.L96
 816:Middlewares/Third_Party/FreeRTOS/Source/timers.c **** 						}
 1551              		.loc 1 816 8 is_stmt 1 view .LVU417
 1552 00e8 2046     		mov	r0, r4
 1553              	.LVL119:
 816:Middlewares/Third_Party/FreeRTOS/Source/timers.c **** 						}
 1554              		.loc 1 816 8 is_stmt 0 view .LVU418
 1555 00ea FFF7FEFF 		bl	vPortFree
 1556              	.LVL120:
 1557 00ee 8DE7     		b	.L96
 1558              	.LVL121:
 1559              	.L110:
 832:Middlewares/Third_Party/FreeRTOS/Source/timers.c **** /*-----------------------------------------------------------*/
 1560              		.loc 1 832 1 view .LVU419
 1561 00f0 08B0     		add	sp, sp, #32
 1562              	.LCFI36:
 1563              		.cfi_def_cfa_offset 8
 1564              		@ sp needed
 1565 00f2 10BD     		pop	{r4, pc}
 1566              	.L113:
 1567              		.align	2
 1568              	.L112:
 1569 00f4 00000000 		.word	xTimerQueue
 1570              		.cfi_endproc
 1571              	.LFE19:
 1573              		.section	.text.prvTimerTask,"ax",%progbits
 1574              		.align	1
 1575              		.syntax unified
 1576              		.thumb
 1577              		.thumb_func
 1579              	prvTimerTask:
 1580              	.LFB14:
 503:Middlewares/Third_Party/FreeRTOS/Source/timers.c **** TickType_t xNextExpireTime;
 1581              		.loc 1 503 1 is_stmt 1 view -0
 1582              		.cfi_startproc
 1583              		@ args = 0, pretend = 0, frame = 8
 1584              		@ frame_needed = 0, uses_anonymous_args = 0
 1585              	.LVL122:
 503:Middlewares/Third_Party/FreeRTOS/Source/timers.c **** TickType_t xNextExpireTime;
 1586              		.loc 1 503 1 is_stmt 0 view .LVU421
 1587 0000 00B5     		push	{lr}
 1588              	.LCFI37:
 1589              		.cfi_def_cfa_offset 4
 1590              		.cfi_offset 14, -4
 1591 0002 83B0     		sub	sp, sp, #12
 1592              	.LCFI38:
 1593              		.cfi_def_cfa_offset 16
 1594              	.LVL123:
ARM GAS  /tmp/ccPdA3Zs.s 			page 55


 1595              	.L115:
 504:Middlewares/Third_Party/FreeRTOS/Source/timers.c **** BaseType_t xListWasEmpty;
 1596              		.loc 1 504 1 is_stmt 1 view .LVU422
 505:Middlewares/Third_Party/FreeRTOS/Source/timers.c **** 
 1597              		.loc 1 505 1 view .LVU423
 508:Middlewares/Third_Party/FreeRTOS/Source/timers.c **** 
 1598              		.loc 1 508 2 view .LVU424
 522:Middlewares/Third_Party/FreeRTOS/Source/timers.c **** 	{
 1599              		.loc 1 522 2 view .LVU425
 526:Middlewares/Third_Party/FreeRTOS/Source/timers.c **** 
 1600              		.loc 1 526 3 view .LVU426
 526:Middlewares/Third_Party/FreeRTOS/Source/timers.c **** 
 1601              		.loc 1 526 21 is_stmt 0 view .LVU427
 1602 0004 01A8     		add	r0, sp, #4
 1603 0006 FFF7FEFF 		bl	prvGetNextExpireTime
 1604              	.LVL124:
 530:Middlewares/Third_Party/FreeRTOS/Source/timers.c **** 
 1605              		.loc 1 530 3 is_stmt 1 view .LVU428
 1606 000a 0199     		ldr	r1, [sp, #4]
 1607 000c FFF7FEFF 		bl	prvProcessTimerOrBlockTask
 1608              	.LVL125:
 533:Middlewares/Third_Party/FreeRTOS/Source/timers.c **** 	}
 1609              		.loc 1 533 3 discriminator 1 view .LVU429
 1610 0010 FFF7FEFF 		bl	prvProcessReceivedCommands
 1611              	.LVL126:
 522:Middlewares/Third_Party/FreeRTOS/Source/timers.c **** 	{
 1612              		.loc 1 522 2 view .LVU430
 1613 0014 F6E7     		b	.L115
 1614              		.cfi_endproc
 1615              	.LFE14:
 1617              		.section	.text.xTimerGetTimerDaemonTaskHandle,"ax",%progbits
 1618              		.align	1
 1619              		.global	xTimerGetTimerDaemonTaskHandle
 1620              		.syntax unified
 1621              		.thumb
 1622              		.thumb_func
 1624              	xTimerGetTimerDaemonTaskHandle:
 1625              	.LFB9:
 425:Middlewares/Third_Party/FreeRTOS/Source/timers.c **** 	/* If xTimerGetTimerDaemonTaskHandle() is called before the scheduler has been
 1626              		.loc 1 425 1 view -0
 1627              		.cfi_startproc
 1628              		@ args = 0, pretend = 0, frame = 0
 1629              		@ frame_needed = 0, uses_anonymous_args = 0
 1630              		@ link register save eliminated.
 428:Middlewares/Third_Party/FreeRTOS/Source/timers.c **** 	return xTimerTaskHandle;
 1631              		.loc 1 428 2 view .LVU432
 1632 0000 064B     		ldr	r3, .L121
 1633 0002 1868     		ldr	r0, [r3]
 1634 0004 00B1     		cbz	r0, .L120
 430:Middlewares/Third_Party/FreeRTOS/Source/timers.c **** /*-----------------------------------------------------------*/
 1635              		.loc 1 430 1 is_stmt 0 view .LVU433
 1636 0006 7047     		bx	lr
 1637              	.L120:
 428:Middlewares/Third_Party/FreeRTOS/Source/timers.c **** 	return xTimerTaskHandle;
 1638              		.loc 1 428 2 is_stmt 1 discriminator 1 view .LVU434
 1639              	.LBB63:
 1640              	.LBI63:
ARM GAS  /tmp/ccPdA3Zs.s 			page 56


 191:Middlewares/Third_Party/FreeRTOS/Source/portable/GCC/ARM_CM4F/portmacro.h **** {
 1641              		.loc 2 191 30 view .LVU435
 1642              	.LBB64:
 193:Middlewares/Third_Party/FreeRTOS/Source/portable/GCC/ARM_CM4F/portmacro.h **** 
 1643              		.loc 2 193 1 view .LVU436
 1644              		.loc 2 195 2 view .LVU437
 1645              		.syntax unified
 1646              	@ 195 "Middlewares/Third_Party/FreeRTOS/Source/portable/GCC/ARM_CM4F/portmacro.h" 1
 1647 0008 4FF05003 			mov r3, #80												
 1648 000c 83F31188 		msr basepri, r3											
 1649 0010 BFF36F8F 		isb														
 1650 0014 BFF34F8F 		dsb														
 1651              	
 1652              	@ 0 "" 2
 1653              		.thumb
 1654              		.syntax unified
 1655              	.L119:
 1656              	.LBE64:
 1657              	.LBE63:
 428:Middlewares/Third_Party/FreeRTOS/Source/timers.c **** 	return xTimerTaskHandle;
 1658              		.loc 1 428 2 discriminator 3 view .LVU438
 428:Middlewares/Third_Party/FreeRTOS/Source/timers.c **** 	return xTimerTaskHandle;
 1659              		.loc 1 428 2 discriminator 3 view .LVU439
 1660 0018 FEE7     		b	.L119
 1661              	.L122:
 1662 001a 00BF     		.align	2
 1663              	.L121:
 1664 001c 00000000 		.word	xTimerTaskHandle
 1665              		.cfi_endproc
 1666              	.LFE9:
 1668              		.section	.text.xTimerGetPeriod,"ax",%progbits
 1669              		.align	1
 1670              		.global	xTimerGetPeriod
 1671              		.syntax unified
 1672              		.thumb
 1673              		.thumb_func
 1675              	xTimerGetPeriod:
 1676              	.LVL127:
 1677              	.LFB10:
 434:Middlewares/Third_Party/FreeRTOS/Source/timers.c **** Timer_t *pxTimer = ( Timer_t * ) xTimer;
 1678              		.loc 1 434 1 view -0
 1679              		.cfi_startproc
 1680              		@ args = 0, pretend = 0, frame = 0
 1681              		@ frame_needed = 0, uses_anonymous_args = 0
 1682              		@ link register save eliminated.
 435:Middlewares/Third_Party/FreeRTOS/Source/timers.c **** 
 1683              		.loc 1 435 1 view .LVU441
 437:Middlewares/Third_Party/FreeRTOS/Source/timers.c **** 	return pxTimer->xTimerPeriodInTicks;
 1684              		.loc 1 437 2 view .LVU442
 1685 0000 08B1     		cbz	r0, .L126
 437:Middlewares/Third_Party/FreeRTOS/Source/timers.c **** 	return pxTimer->xTimerPeriodInTicks;
 1686              		.loc 1 437 24 discriminator 2 view .LVU443
 438:Middlewares/Third_Party/FreeRTOS/Source/timers.c **** }
 1687              		.loc 1 438 2 view .LVU444
 439:Middlewares/Third_Party/FreeRTOS/Source/timers.c **** /*-----------------------------------------------------------*/
 1688              		.loc 1 439 1 is_stmt 0 view .LVU445
 1689 0002 8069     		ldr	r0, [r0, #24]
ARM GAS  /tmp/ccPdA3Zs.s 			page 57


 1690              	.LVL128:
 439:Middlewares/Third_Party/FreeRTOS/Source/timers.c **** /*-----------------------------------------------------------*/
 1691              		.loc 1 439 1 view .LVU446
 1692 0004 7047     		bx	lr
 1693              	.LVL129:
 1694              	.L126:
 437:Middlewares/Third_Party/FreeRTOS/Source/timers.c **** 	return pxTimer->xTimerPeriodInTicks;
 1695              		.loc 1 437 2 is_stmt 1 discriminator 1 view .LVU447
 1696              	.LBB65:
 1697              	.LBI65:
 191:Middlewares/Third_Party/FreeRTOS/Source/portable/GCC/ARM_CM4F/portmacro.h **** {
 1698              		.loc 2 191 30 view .LVU448
 1699              	.LBB66:
 193:Middlewares/Third_Party/FreeRTOS/Source/portable/GCC/ARM_CM4F/portmacro.h **** 
 1700              		.loc 2 193 1 view .LVU449
 1701              		.loc 2 195 2 view .LVU450
 1702              		.syntax unified
 1703              	@ 195 "Middlewares/Third_Party/FreeRTOS/Source/portable/GCC/ARM_CM4F/portmacro.h" 1
 1704 0006 4FF05003 			mov r3, #80												
 1705 000a 83F31188 		msr basepri, r3											
 1706 000e BFF36F8F 		isb														
 1707 0012 BFF34F8F 		dsb														
 1708              	
 1709              	@ 0 "" 2
 1710              		.thumb
 1711              		.syntax unified
 1712              	.L125:
 1713              	.LBE66:
 1714              	.LBE65:
 437:Middlewares/Third_Party/FreeRTOS/Source/timers.c **** 	return pxTimer->xTimerPeriodInTicks;
 1715              		.loc 1 437 2 discriminator 3 view .LVU451
 437:Middlewares/Third_Party/FreeRTOS/Source/timers.c **** 	return pxTimer->xTimerPeriodInTicks;
 1716              		.loc 1 437 2 discriminator 3 view .LVU452
 1717 0016 FEE7     		b	.L125
 1718              		.cfi_endproc
 1719              	.LFE10:
 1721              		.section	.text.xTimerGetExpiryTime,"ax",%progbits
 1722              		.align	1
 1723              		.global	xTimerGetExpiryTime
 1724              		.syntax unified
 1725              		.thumb
 1726              		.thumb_func
 1728              	xTimerGetExpiryTime:
 1729              	.LVL130:
 1730              	.LFB11:
 443:Middlewares/Third_Party/FreeRTOS/Source/timers.c **** Timer_t * pxTimer = ( Timer_t * ) xTimer;
 1731              		.loc 1 443 1 view -0
 1732              		.cfi_startproc
 1733              		@ args = 0, pretend = 0, frame = 0
 1734              		@ frame_needed = 0, uses_anonymous_args = 0
 1735              		@ link register save eliminated.
 444:Middlewares/Third_Party/FreeRTOS/Source/timers.c **** TickType_t xReturn;
 1736              		.loc 1 444 1 view .LVU454
 445:Middlewares/Third_Party/FreeRTOS/Source/timers.c **** 
 1737              		.loc 1 445 1 view .LVU455
 447:Middlewares/Third_Party/FreeRTOS/Source/timers.c **** 	xReturn = listGET_LIST_ITEM_VALUE( &( pxTimer->xTimerListItem ) );
 1738              		.loc 1 447 2 view .LVU456
ARM GAS  /tmp/ccPdA3Zs.s 			page 58


 1739 0000 08B1     		cbz	r0, .L130
 447:Middlewares/Third_Party/FreeRTOS/Source/timers.c **** 	xReturn = listGET_LIST_ITEM_VALUE( &( pxTimer->xTimerListItem ) );
 1740              		.loc 1 447 24 discriminator 2 view .LVU457
 448:Middlewares/Third_Party/FreeRTOS/Source/timers.c **** 	return xReturn;
 1741              		.loc 1 448 2 view .LVU458
 1742              	.LVL131:
 449:Middlewares/Third_Party/FreeRTOS/Source/timers.c **** }
 1743              		.loc 1 449 2 view .LVU459
 450:Middlewares/Third_Party/FreeRTOS/Source/timers.c **** /*-----------------------------------------------------------*/
 1744              		.loc 1 450 1 is_stmt 0 view .LVU460
 1745 0002 4068     		ldr	r0, [r0, #4]
 1746              	.LVL132:
 450:Middlewares/Third_Party/FreeRTOS/Source/timers.c **** /*-----------------------------------------------------------*/
 1747              		.loc 1 450 1 view .LVU461
 1748 0004 7047     		bx	lr
 1749              	.LVL133:
 1750              	.L130:
 447:Middlewares/Third_Party/FreeRTOS/Source/timers.c **** 	xReturn = listGET_LIST_ITEM_VALUE( &( pxTimer->xTimerListItem ) );
 1751              		.loc 1 447 2 is_stmt 1 discriminator 1 view .LVU462
 1752              	.LBB67:
 1753              	.LBI67:
 191:Middlewares/Third_Party/FreeRTOS/Source/portable/GCC/ARM_CM4F/portmacro.h **** {
 1754              		.loc 2 191 30 view .LVU463
 1755              	.LBB68:
 193:Middlewares/Third_Party/FreeRTOS/Source/portable/GCC/ARM_CM4F/portmacro.h **** 
 1756              		.loc 2 193 1 view .LVU464
 1757              		.loc 2 195 2 view .LVU465
 1758              		.syntax unified
 1759              	@ 195 "Middlewares/Third_Party/FreeRTOS/Source/portable/GCC/ARM_CM4F/portmacro.h" 1
 1760 0006 4FF05003 			mov r3, #80												
 1761 000a 83F31188 		msr basepri, r3											
 1762 000e BFF36F8F 		isb														
 1763 0012 BFF34F8F 		dsb														
 1764              	
 1765              	@ 0 "" 2
 1766              		.thumb
 1767              		.syntax unified
 1768              	.L129:
 1769              	.LBE68:
 1770              	.LBE67:
 447:Middlewares/Third_Party/FreeRTOS/Source/timers.c **** 	xReturn = listGET_LIST_ITEM_VALUE( &( pxTimer->xTimerListItem ) );
 1771              		.loc 1 447 2 discriminator 3 view .LVU466
 447:Middlewares/Third_Party/FreeRTOS/Source/timers.c **** 	xReturn = listGET_LIST_ITEM_VALUE( &( pxTimer->xTimerListItem ) );
 1772              		.loc 1 447 2 discriminator 3 view .LVU467
 1773 0016 FEE7     		b	.L129
 1774              		.cfi_endproc
 1775              	.LFE11:
 1777              		.section	.text.pcTimerGetName,"ax",%progbits
 1778              		.align	1
 1779              		.global	pcTimerGetName
 1780              		.syntax unified
 1781              		.thumb
 1782              		.thumb_func
 1784              	pcTimerGetName:
 1785              	.LVL134:
 1786              	.LFB12:
 454:Middlewares/Third_Party/FreeRTOS/Source/timers.c **** Timer_t *pxTimer = ( Timer_t * ) xTimer;
ARM GAS  /tmp/ccPdA3Zs.s 			page 59


 1787              		.loc 1 454 1 view -0
 1788              		.cfi_startproc
 1789              		@ args = 0, pretend = 0, frame = 0
 1790              		@ frame_needed = 0, uses_anonymous_args = 0
 1791              		@ link register save eliminated.
 455:Middlewares/Third_Party/FreeRTOS/Source/timers.c **** 
 1792              		.loc 1 455 1 view .LVU469
 457:Middlewares/Third_Party/FreeRTOS/Source/timers.c **** 	return pxTimer->pcTimerName;
 1793              		.loc 1 457 2 view .LVU470
 1794 0000 08B1     		cbz	r0, .L134
 457:Middlewares/Third_Party/FreeRTOS/Source/timers.c **** 	return pxTimer->pcTimerName;
 1795              		.loc 1 457 24 discriminator 2 view .LVU471
 458:Middlewares/Third_Party/FreeRTOS/Source/timers.c **** }
 1796              		.loc 1 458 2 view .LVU472
 459:Middlewares/Third_Party/FreeRTOS/Source/timers.c **** /*-----------------------------------------------------------*/
 1797              		.loc 1 459 1 is_stmt 0 view .LVU473
 1798 0002 0068     		ldr	r0, [r0]
 1799              	.LVL135:
 459:Middlewares/Third_Party/FreeRTOS/Source/timers.c **** /*-----------------------------------------------------------*/
 1800              		.loc 1 459 1 view .LVU474
 1801 0004 7047     		bx	lr
 1802              	.LVL136:
 1803              	.L134:
 457:Middlewares/Third_Party/FreeRTOS/Source/timers.c **** 	return pxTimer->pcTimerName;
 1804              		.loc 1 457 2 is_stmt 1 discriminator 1 view .LVU475
 1805              	.LBB69:
 1806              	.LBI69:
 191:Middlewares/Third_Party/FreeRTOS/Source/portable/GCC/ARM_CM4F/portmacro.h **** {
 1807              		.loc 2 191 30 view .LVU476
 1808              	.LBB70:
 193:Middlewares/Third_Party/FreeRTOS/Source/portable/GCC/ARM_CM4F/portmacro.h **** 
 1809              		.loc 2 193 1 view .LVU477
 1810              		.loc 2 195 2 view .LVU478
 1811              		.syntax unified
 1812              	@ 195 "Middlewares/Third_Party/FreeRTOS/Source/portable/GCC/ARM_CM4F/portmacro.h" 1
 1813 0006 4FF05003 			mov r3, #80												
 1814 000a 83F31188 		msr basepri, r3											
 1815 000e BFF36F8F 		isb														
 1816 0012 BFF34F8F 		dsb														
 1817              	
 1818              	@ 0 "" 2
 1819              		.thumb
 1820              		.syntax unified
 1821              	.L133:
 1822              	.LBE70:
 1823              	.LBE69:
 457:Middlewares/Third_Party/FreeRTOS/Source/timers.c **** 	return pxTimer->pcTimerName;
 1824              		.loc 1 457 2 discriminator 3 view .LVU479
 457:Middlewares/Third_Party/FreeRTOS/Source/timers.c **** 	return pxTimer->pcTimerName;
 1825              		.loc 1 457 2 discriminator 3 view .LVU480
 1826 0016 FEE7     		b	.L133
 1827              		.cfi_endproc
 1828              	.LFE12:
 1830              		.section	.text.xTimerIsTimerActive,"ax",%progbits
 1831              		.align	1
 1832              		.global	xTimerIsTimerActive
 1833              		.syntax unified
ARM GAS  /tmp/ccPdA3Zs.s 			page 60


 1834              		.thumb
 1835              		.thumb_func
 1837              	xTimerIsTimerActive:
 1838              	.LVL137:
 1839              	.LFB22:
 943:Middlewares/Third_Party/FreeRTOS/Source/timers.c **** /*-----------------------------------------------------------*/
 944:Middlewares/Third_Party/FreeRTOS/Source/timers.c **** 
 945:Middlewares/Third_Party/FreeRTOS/Source/timers.c **** BaseType_t xTimerIsTimerActive( TimerHandle_t xTimer )
 946:Middlewares/Third_Party/FreeRTOS/Source/timers.c **** {
 1840              		.loc 1 946 1 view -0
 1841              		.cfi_startproc
 1842              		@ args = 0, pretend = 0, frame = 0
 1843              		@ frame_needed = 0, uses_anonymous_args = 0
 947:Middlewares/Third_Party/FreeRTOS/Source/timers.c **** BaseType_t xTimerIsInActiveList;
 1844              		.loc 1 947 1 view .LVU482
 948:Middlewares/Third_Party/FreeRTOS/Source/timers.c **** Timer_t *pxTimer = ( Timer_t * ) xTimer;
 1845              		.loc 1 948 1 view .LVU483
 949:Middlewares/Third_Party/FreeRTOS/Source/timers.c **** 
 950:Middlewares/Third_Party/FreeRTOS/Source/timers.c **** 	configASSERT( xTimer );
 1846              		.loc 1 950 2 view .LVU484
 1847 0000 58B1     		cbz	r0, .L140
 946:Middlewares/Third_Party/FreeRTOS/Source/timers.c **** BaseType_t xTimerIsInActiveList;
 1848              		.loc 1 946 1 is_stmt 0 view .LVU485
 1849 0002 10B5     		push	{r4, lr}
 1850              	.LCFI39:
 1851              		.cfi_def_cfa_offset 8
 1852              		.cfi_offset 4, -8
 1853              		.cfi_offset 14, -4
 1854 0004 0446     		mov	r4, r0
 1855              		.loc 1 950 24 is_stmt 1 discriminator 2 view .LVU486
 951:Middlewares/Third_Party/FreeRTOS/Source/timers.c **** 
 952:Middlewares/Third_Party/FreeRTOS/Source/timers.c **** 	/* Is the timer in the list of active timers? */
 953:Middlewares/Third_Party/FreeRTOS/Source/timers.c **** 	taskENTER_CRITICAL();
 1856              		.loc 1 953 2 view .LVU487
 1857 0006 FFF7FEFF 		bl	vPortEnterCritical
 1858              	.LVL138:
 954:Middlewares/Third_Party/FreeRTOS/Source/timers.c **** 	{
 955:Middlewares/Third_Party/FreeRTOS/Source/timers.c **** 		/* Checking to see if it is in the NULL list in effect checks to see if
 956:Middlewares/Third_Party/FreeRTOS/Source/timers.c **** 		it is referenced from either the current or the overflow timer lists in
 957:Middlewares/Third_Party/FreeRTOS/Source/timers.c **** 		one go, but the logic has to be reversed, hence the '!'. */
 958:Middlewares/Third_Party/FreeRTOS/Source/timers.c **** 		xTimerIsInActiveList = ( BaseType_t ) !( listIS_CONTAINED_WITHIN( NULL, &( pxTimer->xTimerListIte
 1859              		.loc 1 958 3 view .LVU488
 1860              		.loc 1 958 44 is_stmt 0 view .LVU489
 1861 000a 6469     		ldr	r4, [r4, #20]
 1862              	.LVL139:
 1863              		.loc 1 958 26 view .LVU490
 1864 000c 003C     		subs	r4, r4, #0
 1865 000e 18BF     		it	ne
 1866 0010 0124     		movne	r4, #1
 1867              	.LVL140:
 959:Middlewares/Third_Party/FreeRTOS/Source/timers.c **** 	}
 960:Middlewares/Third_Party/FreeRTOS/Source/timers.c **** 	taskEXIT_CRITICAL();
 1868              		.loc 1 960 2 is_stmt 1 view .LVU491
 1869 0012 FFF7FEFF 		bl	vPortExitCritical
 1870              	.LVL141:
 961:Middlewares/Third_Party/FreeRTOS/Source/timers.c **** 
 962:Middlewares/Third_Party/FreeRTOS/Source/timers.c **** 	return xTimerIsInActiveList;
ARM GAS  /tmp/ccPdA3Zs.s 			page 61


 1871              		.loc 1 962 2 view .LVU492
 963:Middlewares/Third_Party/FreeRTOS/Source/timers.c **** } /*lint !e818 Can't be pointer to const due to the typedef. */
 1872              		.loc 1 963 1 is_stmt 0 view .LVU493
 1873 0016 2046     		mov	r0, r4
 1874 0018 10BD     		pop	{r4, pc}
 1875              	.LVL142:
 1876              	.L140:
 1877              	.LCFI40:
 1878              		.cfi_def_cfa_offset 0
 1879              		.cfi_restore 4
 1880              		.cfi_restore 14
 950:Middlewares/Third_Party/FreeRTOS/Source/timers.c **** 
 1881              		.loc 1 950 2 is_stmt 1 discriminator 1 view .LVU494
 1882              	.LBB71:
 1883              	.LBI71:
 191:Middlewares/Third_Party/FreeRTOS/Source/portable/GCC/ARM_CM4F/portmacro.h **** {
 1884              		.loc 2 191 30 view .LVU495
 1885              	.LBB72:
 193:Middlewares/Third_Party/FreeRTOS/Source/portable/GCC/ARM_CM4F/portmacro.h **** 
 1886              		.loc 2 193 1 view .LVU496
 1887              		.loc 2 195 2 view .LVU497
 1888              		.syntax unified
 1889              	@ 195 "Middlewares/Third_Party/FreeRTOS/Source/portable/GCC/ARM_CM4F/portmacro.h" 1
 1890 001a 4FF05003 			mov r3, #80												
 1891 001e 83F31188 		msr basepri, r3											
 1892 0022 BFF36F8F 		isb														
 1893 0026 BFF34F8F 		dsb														
 1894              	
 1895              	@ 0 "" 2
 1896              		.thumb
 1897              		.syntax unified
 1898              	.L137:
 1899              	.LBE72:
 1900              	.LBE71:
 950:Middlewares/Third_Party/FreeRTOS/Source/timers.c **** 
 1901              		.loc 1 950 2 discriminator 3 view .LVU498
 950:Middlewares/Third_Party/FreeRTOS/Source/timers.c **** 
 1902              		.loc 1 950 2 discriminator 3 view .LVU499
 1903 002a FEE7     		b	.L137
 1904              		.cfi_endproc
 1905              	.LFE22:
 1907              		.section	.text.pvTimerGetTimerID,"ax",%progbits
 1908              		.align	1
 1909              		.global	pvTimerGetTimerID
 1910              		.syntax unified
 1911              		.thumb
 1912              		.thumb_func
 1914              	pvTimerGetTimerID:
 1915              	.LVL143:
 1916              	.LFB23:
 964:Middlewares/Third_Party/FreeRTOS/Source/timers.c **** /*-----------------------------------------------------------*/
 965:Middlewares/Third_Party/FreeRTOS/Source/timers.c **** 
 966:Middlewares/Third_Party/FreeRTOS/Source/timers.c **** void *pvTimerGetTimerID( const TimerHandle_t xTimer )
 967:Middlewares/Third_Party/FreeRTOS/Source/timers.c **** {
 1917              		.loc 1 967 1 view -0
 1918              		.cfi_startproc
 1919              		@ args = 0, pretend = 0, frame = 0
ARM GAS  /tmp/ccPdA3Zs.s 			page 62


 1920              		@ frame_needed = 0, uses_anonymous_args = 0
 968:Middlewares/Third_Party/FreeRTOS/Source/timers.c **** Timer_t * const pxTimer = ( Timer_t * ) xTimer;
 1921              		.loc 1 968 1 view .LVU501
 969:Middlewares/Third_Party/FreeRTOS/Source/timers.c **** void *pvReturn;
 1922              		.loc 1 969 1 view .LVU502
 970:Middlewares/Third_Party/FreeRTOS/Source/timers.c **** 
 971:Middlewares/Third_Party/FreeRTOS/Source/timers.c **** 	configASSERT( xTimer );
 1923              		.loc 1 971 2 view .LVU503
 1924 0000 40B1     		cbz	r0, .L146
 967:Middlewares/Third_Party/FreeRTOS/Source/timers.c **** Timer_t * const pxTimer = ( Timer_t * ) xTimer;
 1925              		.loc 1 967 1 is_stmt 0 view .LVU504
 1926 0002 10B5     		push	{r4, lr}
 1927              	.LCFI41:
 1928              		.cfi_def_cfa_offset 8
 1929              		.cfi_offset 4, -8
 1930              		.cfi_offset 14, -4
 1931 0004 0446     		mov	r4, r0
 1932              		.loc 1 971 24 is_stmt 1 discriminator 2 view .LVU505
 972:Middlewares/Third_Party/FreeRTOS/Source/timers.c **** 
 973:Middlewares/Third_Party/FreeRTOS/Source/timers.c **** 	taskENTER_CRITICAL();
 1933              		.loc 1 973 2 view .LVU506
 1934 0006 FFF7FEFF 		bl	vPortEnterCritical
 1935              	.LVL144:
 974:Middlewares/Third_Party/FreeRTOS/Source/timers.c **** 	{
 975:Middlewares/Third_Party/FreeRTOS/Source/timers.c **** 		pvReturn = pxTimer->pvTimerID;
 1936              		.loc 1 975 3 view .LVU507
 1937              		.loc 1 975 12 is_stmt 0 view .LVU508
 1938 000a 246A     		ldr	r4, [r4, #32]
 1939              	.LVL145:
 976:Middlewares/Third_Party/FreeRTOS/Source/timers.c **** 	}
 977:Middlewares/Third_Party/FreeRTOS/Source/timers.c **** 	taskEXIT_CRITICAL();
 1940              		.loc 1 977 2 is_stmt 1 view .LVU509
 1941 000c FFF7FEFF 		bl	vPortExitCritical
 1942              	.LVL146:
 978:Middlewares/Third_Party/FreeRTOS/Source/timers.c **** 
 979:Middlewares/Third_Party/FreeRTOS/Source/timers.c **** 	return pvReturn;
 1943              		.loc 1 979 2 view .LVU510
 980:Middlewares/Third_Party/FreeRTOS/Source/timers.c **** }
 1944              		.loc 1 980 1 is_stmt 0 view .LVU511
 1945 0010 2046     		mov	r0, r4
 1946 0012 10BD     		pop	{r4, pc}
 1947              	.LVL147:
 1948              	.L146:
 1949              	.LCFI42:
 1950              		.cfi_def_cfa_offset 0
 1951              		.cfi_restore 4
 1952              		.cfi_restore 14
 971:Middlewares/Third_Party/FreeRTOS/Source/timers.c **** 
 1953              		.loc 1 971 2 is_stmt 1 discriminator 1 view .LVU512
 1954              	.LBB73:
 1955              	.LBI73:
 191:Middlewares/Third_Party/FreeRTOS/Source/portable/GCC/ARM_CM4F/portmacro.h **** {
 1956              		.loc 2 191 30 view .LVU513
 1957              	.LBB74:
 193:Middlewares/Third_Party/FreeRTOS/Source/portable/GCC/ARM_CM4F/portmacro.h **** 
 1958              		.loc 2 193 1 view .LVU514
 1959              		.loc 2 195 2 view .LVU515
ARM GAS  /tmp/ccPdA3Zs.s 			page 63


 1960              		.syntax unified
 1961              	@ 195 "Middlewares/Third_Party/FreeRTOS/Source/portable/GCC/ARM_CM4F/portmacro.h" 1
 1962 0014 4FF05003 			mov r3, #80												
 1963 0018 83F31188 		msr basepri, r3											
 1964 001c BFF36F8F 		isb														
 1965 0020 BFF34F8F 		dsb														
 1966              	
 1967              	@ 0 "" 2
 1968              		.thumb
 1969              		.syntax unified
 1970              	.L143:
 1971              	.LBE74:
 1972              	.LBE73:
 971:Middlewares/Third_Party/FreeRTOS/Source/timers.c **** 
 1973              		.loc 1 971 2 discriminator 3 view .LVU516
 971:Middlewares/Third_Party/FreeRTOS/Source/timers.c **** 
 1974              		.loc 1 971 2 discriminator 3 view .LVU517
 1975 0024 FEE7     		b	.L143
 1976              		.cfi_endproc
 1977              	.LFE23:
 1979              		.section	.text.vTimerSetTimerID,"ax",%progbits
 1980              		.align	1
 1981              		.global	vTimerSetTimerID
 1982              		.syntax unified
 1983              		.thumb
 1984              		.thumb_func
 1986              	vTimerSetTimerID:
 1987              	.LVL148:
 1988              	.LFB24:
 981:Middlewares/Third_Party/FreeRTOS/Source/timers.c **** /*-----------------------------------------------------------*/
 982:Middlewares/Third_Party/FreeRTOS/Source/timers.c **** 
 983:Middlewares/Third_Party/FreeRTOS/Source/timers.c **** void vTimerSetTimerID( TimerHandle_t xTimer, void *pvNewID )
 984:Middlewares/Third_Party/FreeRTOS/Source/timers.c **** {
 1989              		.loc 1 984 1 view -0
 1990              		.cfi_startproc
 1991              		@ args = 0, pretend = 0, frame = 0
 1992              		@ frame_needed = 0, uses_anonymous_args = 0
 1993              		.loc 1 984 1 is_stmt 0 view .LVU519
 1994 0000 38B5     		push	{r3, r4, r5, lr}
 1995              	.LCFI43:
 1996              		.cfi_def_cfa_offset 16
 1997              		.cfi_offset 3, -16
 1998              		.cfi_offset 4, -12
 1999              		.cfi_offset 5, -8
 2000              		.cfi_offset 14, -4
 985:Middlewares/Third_Party/FreeRTOS/Source/timers.c **** Timer_t * const pxTimer = ( Timer_t * ) xTimer;
 2001              		.loc 1 985 1 is_stmt 1 view .LVU520
 2002              	.LVL149:
 986:Middlewares/Third_Party/FreeRTOS/Source/timers.c **** 
 987:Middlewares/Third_Party/FreeRTOS/Source/timers.c **** 	configASSERT( xTimer );
 2003              		.loc 1 987 2 view .LVU521
 2004 0002 38B1     		cbz	r0, .L151
 2005 0004 0C46     		mov	r4, r1
 2006 0006 0546     		mov	r5, r0
 2007              		.loc 1 987 24 discriminator 2 view .LVU522
 988:Middlewares/Third_Party/FreeRTOS/Source/timers.c **** 
 989:Middlewares/Third_Party/FreeRTOS/Source/timers.c **** 	taskENTER_CRITICAL();
ARM GAS  /tmp/ccPdA3Zs.s 			page 64


 2008              		.loc 1 989 2 view .LVU523
 2009 0008 FFF7FEFF 		bl	vPortEnterCritical
 2010              	.LVL150:
 990:Middlewares/Third_Party/FreeRTOS/Source/timers.c **** 	{
 991:Middlewares/Third_Party/FreeRTOS/Source/timers.c **** 		pxTimer->pvTimerID = pvNewID;
 2011              		.loc 1 991 3 view .LVU524
 2012              		.loc 1 991 22 is_stmt 0 view .LVU525
 2013 000c 2C62     		str	r4, [r5, #32]
 992:Middlewares/Third_Party/FreeRTOS/Source/timers.c **** 	}
 993:Middlewares/Third_Party/FreeRTOS/Source/timers.c **** 	taskEXIT_CRITICAL();
 2014              		.loc 1 993 2 is_stmt 1 view .LVU526
 2015 000e FFF7FEFF 		bl	vPortExitCritical
 2016              	.LVL151:
 994:Middlewares/Third_Party/FreeRTOS/Source/timers.c **** }
 2017              		.loc 1 994 1 is_stmt 0 view .LVU527
 2018 0012 38BD     		pop	{r3, r4, r5, pc}
 2019              	.LVL152:
 2020              	.L151:
 987:Middlewares/Third_Party/FreeRTOS/Source/timers.c **** 
 2021              		.loc 1 987 2 is_stmt 1 discriminator 1 view .LVU528
 2022              	.LBB75:
 2023              	.LBI75:
 191:Middlewares/Third_Party/FreeRTOS/Source/portable/GCC/ARM_CM4F/portmacro.h **** {
 2024              		.loc 2 191 30 view .LVU529
 2025              	.LBB76:
 193:Middlewares/Third_Party/FreeRTOS/Source/portable/GCC/ARM_CM4F/portmacro.h **** 
 2026              		.loc 2 193 1 view .LVU530
 2027              		.loc 2 195 2 view .LVU531
 2028              		.syntax unified
 2029              	@ 195 "Middlewares/Third_Party/FreeRTOS/Source/portable/GCC/ARM_CM4F/portmacro.h" 1
 2030 0014 4FF05003 			mov r3, #80												
 2031 0018 83F31188 		msr basepri, r3											
 2032 001c BFF36F8F 		isb														
 2033 0020 BFF34F8F 		dsb														
 2034              	
 2035              	@ 0 "" 2
 2036              		.thumb
 2037              		.syntax unified
 2038              	.L149:
 2039              	.LBE76:
 2040              	.LBE75:
 987:Middlewares/Third_Party/FreeRTOS/Source/timers.c **** 
 2041              		.loc 1 987 2 discriminator 3 view .LVU532
 987:Middlewares/Third_Party/FreeRTOS/Source/timers.c **** 
 2042              		.loc 1 987 2 discriminator 3 view .LVU533
 2043 0024 FEE7     		b	.L149
 2044              		.cfi_endproc
 2045              	.LFE24:
 2047              		.section	.text.xTimerPendFunctionCallFromISR,"ax",%progbits
 2048              		.align	1
 2049              		.global	xTimerPendFunctionCallFromISR
 2050              		.syntax unified
 2051              		.thumb
 2052              		.thumb_func
 2054              	xTimerPendFunctionCallFromISR:
 2055              	.LVL153:
 2056              	.LFB25:
ARM GAS  /tmp/ccPdA3Zs.s 			page 65


 995:Middlewares/Third_Party/FreeRTOS/Source/timers.c **** /*-----------------------------------------------------------*/
 996:Middlewares/Third_Party/FreeRTOS/Source/timers.c **** 
 997:Middlewares/Third_Party/FreeRTOS/Source/timers.c **** #if( INCLUDE_xTimerPendFunctionCall == 1 )
 998:Middlewares/Third_Party/FreeRTOS/Source/timers.c **** 
 999:Middlewares/Third_Party/FreeRTOS/Source/timers.c **** 	BaseType_t xTimerPendFunctionCallFromISR( PendedFunction_t xFunctionToPend, void *pvParameter1, ui
1000:Middlewares/Third_Party/FreeRTOS/Source/timers.c **** 	{
 2057              		.loc 1 1000 2 view -0
 2058              		.cfi_startproc
 2059              		@ args = 0, pretend = 0, frame = 16
 2060              		@ frame_needed = 0, uses_anonymous_args = 0
 2061              		.loc 1 1000 2 is_stmt 0 view .LVU535
 2062 0000 10B5     		push	{r4, lr}
 2063              	.LCFI44:
 2064              		.cfi_def_cfa_offset 8
 2065              		.cfi_offset 4, -8
 2066              		.cfi_offset 14, -4
 2067 0002 84B0     		sub	sp, sp, #16
 2068              	.LCFI45:
 2069              		.cfi_def_cfa_offset 24
 2070 0004 1446     		mov	r4, r2
 2071 0006 1A46     		mov	r2, r3
 2072              	.LVL154:
1001:Middlewares/Third_Party/FreeRTOS/Source/timers.c **** 	DaemonTaskMessage_t xMessage;
 2073              		.loc 1 1001 2 is_stmt 1 view .LVU536
1002:Middlewares/Third_Party/FreeRTOS/Source/timers.c **** 	BaseType_t xReturn;
 2074              		.loc 1 1002 2 view .LVU537
1003:Middlewares/Third_Party/FreeRTOS/Source/timers.c **** 
1004:Middlewares/Third_Party/FreeRTOS/Source/timers.c **** 		/* Complete the message with the function parameters and post it to the
1005:Middlewares/Third_Party/FreeRTOS/Source/timers.c **** 		daemon task. */
1006:Middlewares/Third_Party/FreeRTOS/Source/timers.c **** 		xMessage.xMessageID = tmrCOMMAND_EXECUTE_CALLBACK_FROM_ISR;
 2075              		.loc 1 1006 3 view .LVU538
 2076              		.loc 1 1006 23 is_stmt 0 view .LVU539
 2077 0008 6FF00103 		mvn	r3, #1
 2078              	.LVL155:
 2079              		.loc 1 1006 23 view .LVU540
 2080 000c 0093     		str	r3, [sp]
1007:Middlewares/Third_Party/FreeRTOS/Source/timers.c **** 		xMessage.u.xCallbackParameters.pxCallbackFunction = xFunctionToPend;
 2081              		.loc 1 1007 3 is_stmt 1 view .LVU541
 2082              		.loc 1 1007 53 is_stmt 0 view .LVU542
 2083 000e 0190     		str	r0, [sp, #4]
1008:Middlewares/Third_Party/FreeRTOS/Source/timers.c **** 		xMessage.u.xCallbackParameters.pvParameter1 = pvParameter1;
 2084              		.loc 1 1008 3 is_stmt 1 view .LVU543
 2085              		.loc 1 1008 47 is_stmt 0 view .LVU544
 2086 0010 0291     		str	r1, [sp, #8]
1009:Middlewares/Third_Party/FreeRTOS/Source/timers.c **** 		xMessage.u.xCallbackParameters.ulParameter2 = ulParameter2;
 2087              		.loc 1 1009 3 is_stmt 1 view .LVU545
 2088              		.loc 1 1009 47 is_stmt 0 view .LVU546
 2089 0012 0394     		str	r4, [sp, #12]
1010:Middlewares/Third_Party/FreeRTOS/Source/timers.c **** 
1011:Middlewares/Third_Party/FreeRTOS/Source/timers.c **** 		xReturn = xQueueSendFromISR( xTimerQueue, &xMessage, pxHigherPriorityTaskWoken );
 2090              		.loc 1 1011 3 is_stmt 1 view .LVU547
 2091              		.loc 1 1011 13 is_stmt 0 view .LVU548
 2092 0014 0023     		movs	r3, #0
 2093 0016 6946     		mov	r1, sp
 2094              	.LVL156:
 2095              		.loc 1 1011 13 view .LVU549
 2096 0018 0248     		ldr	r0, .L154
ARM GAS  /tmp/ccPdA3Zs.s 			page 66


 2097              	.LVL157:
 2098              		.loc 1 1011 13 view .LVU550
 2099 001a 0068     		ldr	r0, [r0]
 2100 001c FFF7FEFF 		bl	xQueueGenericSendFromISR
 2101              	.LVL158:
1012:Middlewares/Third_Party/FreeRTOS/Source/timers.c **** 
1013:Middlewares/Third_Party/FreeRTOS/Source/timers.c **** 		tracePEND_FUNC_CALL_FROM_ISR( xFunctionToPend, pvParameter1, ulParameter2, xReturn );
 2102              		.loc 1 1013 87 is_stmt 1 view .LVU551
1014:Middlewares/Third_Party/FreeRTOS/Source/timers.c **** 
1015:Middlewares/Third_Party/FreeRTOS/Source/timers.c **** 		return xReturn;
 2103              		.loc 1 1015 3 view .LVU552
1016:Middlewares/Third_Party/FreeRTOS/Source/timers.c **** 	}
 2104              		.loc 1 1016 2 is_stmt 0 view .LVU553
 2105 0020 04B0     		add	sp, sp, #16
 2106              	.LCFI46:
 2107              		.cfi_def_cfa_offset 8
 2108              		@ sp needed
 2109 0022 10BD     		pop	{r4, pc}
 2110              	.LVL159:
 2111              	.L155:
 2112              		.loc 1 1016 2 view .LVU554
 2113              		.align	2
 2114              	.L154:
 2115 0024 00000000 		.word	xTimerQueue
 2116              		.cfi_endproc
 2117              	.LFE25:
 2119              		.section	.text.xTimerPendFunctionCall,"ax",%progbits
 2120              		.align	1
 2121              		.global	xTimerPendFunctionCall
 2122              		.syntax unified
 2123              		.thumb
 2124              		.thumb_func
 2126              	xTimerPendFunctionCall:
 2127              	.LVL160:
 2128              	.LFB26:
1017:Middlewares/Third_Party/FreeRTOS/Source/timers.c **** 
1018:Middlewares/Third_Party/FreeRTOS/Source/timers.c **** #endif /* INCLUDE_xTimerPendFunctionCall */
1019:Middlewares/Third_Party/FreeRTOS/Source/timers.c **** /*-----------------------------------------------------------*/
1020:Middlewares/Third_Party/FreeRTOS/Source/timers.c **** 
1021:Middlewares/Third_Party/FreeRTOS/Source/timers.c **** #if( INCLUDE_xTimerPendFunctionCall == 1 )
1022:Middlewares/Third_Party/FreeRTOS/Source/timers.c **** 
1023:Middlewares/Third_Party/FreeRTOS/Source/timers.c **** 	BaseType_t xTimerPendFunctionCall( PendedFunction_t xFunctionToPend, void *pvParameter1, uint32_t 
1024:Middlewares/Third_Party/FreeRTOS/Source/timers.c **** 	{
 2129              		.loc 1 1024 2 is_stmt 1 view -0
 2130              		.cfi_startproc
 2131              		@ args = 0, pretend = 0, frame = 16
 2132              		@ frame_needed = 0, uses_anonymous_args = 0
 2133              		.loc 1 1024 2 is_stmt 0 view .LVU556
 2134 0000 30B5     		push	{r4, r5, lr}
 2135              	.LCFI47:
 2136              		.cfi_def_cfa_offset 12
 2137              		.cfi_offset 4, -12
 2138              		.cfi_offset 5, -8
 2139              		.cfi_offset 14, -4
 2140 0002 85B0     		sub	sp, sp, #20
 2141              	.LCFI48:
 2142              		.cfi_def_cfa_offset 32
ARM GAS  /tmp/ccPdA3Zs.s 			page 67


 2143 0004 1446     		mov	r4, r2
 2144 0006 1A46     		mov	r2, r3
 2145              	.LVL161:
1025:Middlewares/Third_Party/FreeRTOS/Source/timers.c **** 	DaemonTaskMessage_t xMessage;
 2146              		.loc 1 1025 2 is_stmt 1 view .LVU557
1026:Middlewares/Third_Party/FreeRTOS/Source/timers.c **** 	BaseType_t xReturn;
 2147              		.loc 1 1026 2 view .LVU558
1027:Middlewares/Third_Party/FreeRTOS/Source/timers.c **** 
1028:Middlewares/Third_Party/FreeRTOS/Source/timers.c **** 		/* This function can only be called after a timer has been created or
1029:Middlewares/Third_Party/FreeRTOS/Source/timers.c **** 		after the scheduler has been started because, until then, the timer
1030:Middlewares/Third_Party/FreeRTOS/Source/timers.c **** 		queue does not exist. */
1031:Middlewares/Third_Party/FreeRTOS/Source/timers.c **** 		configASSERT( xTimerQueue );
 2148              		.loc 1 1031 3 view .LVU559
 2149 0008 0C4B     		ldr	r3, .L161
 2150              	.LVL162:
 2151              		.loc 1 1031 3 is_stmt 0 view .LVU560
 2152 000a 1D68     		ldr	r5, [r3]
 2153 000c 65B1     		cbz	r5, .L160
 2154              		.loc 1 1031 30 is_stmt 1 discriminator 2 view .LVU561
1032:Middlewares/Third_Party/FreeRTOS/Source/timers.c **** 
1033:Middlewares/Third_Party/FreeRTOS/Source/timers.c **** 		/* Complete the message with the function parameters and post it to the
1034:Middlewares/Third_Party/FreeRTOS/Source/timers.c **** 		daemon task. */
1035:Middlewares/Third_Party/FreeRTOS/Source/timers.c **** 		xMessage.xMessageID = tmrCOMMAND_EXECUTE_CALLBACK;
 2155              		.loc 1 1035 3 view .LVU562
 2156              		.loc 1 1035 23 is_stmt 0 view .LVU563
 2157 000e 4FF0FF33 		mov	r3, #-1
 2158 0012 0093     		str	r3, [sp]
1036:Middlewares/Third_Party/FreeRTOS/Source/timers.c **** 		xMessage.u.xCallbackParameters.pxCallbackFunction = xFunctionToPend;
 2159              		.loc 1 1036 3 is_stmt 1 view .LVU564
 2160              		.loc 1 1036 53 is_stmt 0 view .LVU565
 2161 0014 0190     		str	r0, [sp, #4]
1037:Middlewares/Third_Party/FreeRTOS/Source/timers.c **** 		xMessage.u.xCallbackParameters.pvParameter1 = pvParameter1;
 2162              		.loc 1 1037 3 is_stmt 1 view .LVU566
 2163              		.loc 1 1037 47 is_stmt 0 view .LVU567
 2164 0016 0291     		str	r1, [sp, #8]
1038:Middlewares/Third_Party/FreeRTOS/Source/timers.c **** 		xMessage.u.xCallbackParameters.ulParameter2 = ulParameter2;
 2165              		.loc 1 1038 3 is_stmt 1 view .LVU568
 2166              		.loc 1 1038 47 is_stmt 0 view .LVU569
 2167 0018 0394     		str	r4, [sp, #12]
1039:Middlewares/Third_Party/FreeRTOS/Source/timers.c **** 
1040:Middlewares/Third_Party/FreeRTOS/Source/timers.c **** 		xReturn = xQueueSendToBack( xTimerQueue, &xMessage, xTicksToWait );
 2168              		.loc 1 1040 3 is_stmt 1 view .LVU570
 2169              		.loc 1 1040 13 is_stmt 0 view .LVU571
 2170 001a 0023     		movs	r3, #0
 2171 001c 6946     		mov	r1, sp
 2172              	.LVL163:
 2173              		.loc 1 1040 13 view .LVU572
 2174 001e 2846     		mov	r0, r5
 2175              	.LVL164:
 2176              		.loc 1 1040 13 view .LVU573
 2177 0020 FFF7FEFF 		bl	xQueueGenericSend
 2178              	.LVL165:
1041:Middlewares/Third_Party/FreeRTOS/Source/timers.c **** 
1042:Middlewares/Third_Party/FreeRTOS/Source/timers.c **** 		tracePEND_FUNC_CALL( xFunctionToPend, pvParameter1, ulParameter2, xReturn );
 2179              		.loc 1 1042 78 is_stmt 1 view .LVU574
1043:Middlewares/Third_Party/FreeRTOS/Source/timers.c **** 
1044:Middlewares/Third_Party/FreeRTOS/Source/timers.c **** 		return xReturn;
ARM GAS  /tmp/ccPdA3Zs.s 			page 68


 2180              		.loc 1 1044 3 view .LVU575
1045:Middlewares/Third_Party/FreeRTOS/Source/timers.c **** 	}
 2181              		.loc 1 1045 2 is_stmt 0 view .LVU576
 2182 0024 05B0     		add	sp, sp, #20
 2183              	.LCFI49:
 2184              		.cfi_remember_state
 2185              		.cfi_def_cfa_offset 12
 2186              		@ sp needed
 2187 0026 30BD     		pop	{r4, r5, pc}
 2188              	.LVL166:
 2189              	.L160:
 2190              	.LCFI50:
 2191              		.cfi_restore_state
1031:Middlewares/Third_Party/FreeRTOS/Source/timers.c **** 
 2192              		.loc 1 1031 3 is_stmt 1 discriminator 1 view .LVU577
 2193              	.LBB77:
 2194              	.LBI77:
 191:Middlewares/Third_Party/FreeRTOS/Source/portable/GCC/ARM_CM4F/portmacro.h **** {
 2195              		.loc 2 191 30 view .LVU578
 2196              	.LBB78:
 193:Middlewares/Third_Party/FreeRTOS/Source/portable/GCC/ARM_CM4F/portmacro.h **** 
 2197              		.loc 2 193 1 view .LVU579
 2198              		.loc 2 195 2 view .LVU580
 2199              		.syntax unified
 2200              	@ 195 "Middlewares/Third_Party/FreeRTOS/Source/portable/GCC/ARM_CM4F/portmacro.h" 1
 2201 0028 4FF05003 			mov r3, #80												
 2202 002c 83F31188 		msr basepri, r3											
 2203 0030 BFF36F8F 		isb														
 2204 0034 BFF34F8F 		dsb														
 2205              	
 2206              	@ 0 "" 2
 2207              		.thumb
 2208              		.syntax unified
 2209              	.L158:
 2210              	.LBE78:
 2211              	.LBE77:
1031:Middlewares/Third_Party/FreeRTOS/Source/timers.c **** 
 2212              		.loc 1 1031 3 discriminator 3 view .LVU581
1031:Middlewares/Third_Party/FreeRTOS/Source/timers.c **** 
 2213              		.loc 1 1031 3 discriminator 3 view .LVU582
 2214 0038 FEE7     		b	.L158
 2215              	.L162:
 2216 003a 00BF     		.align	2
 2217              	.L161:
 2218 003c 00000000 		.word	xTimerQueue
 2219              		.cfi_endproc
 2220              	.LFE26:
 2222              		.section	.text.uxTimerGetTimerNumber,"ax",%progbits
 2223              		.align	1
 2224              		.global	uxTimerGetTimerNumber
 2225              		.syntax unified
 2226              		.thumb
 2227              		.thumb_func
 2229              	uxTimerGetTimerNumber:
 2230              	.LVL167:
 2231              	.LFB27:
1046:Middlewares/Third_Party/FreeRTOS/Source/timers.c **** 
ARM GAS  /tmp/ccPdA3Zs.s 			page 69


1047:Middlewares/Third_Party/FreeRTOS/Source/timers.c **** #endif /* INCLUDE_xTimerPendFunctionCall */
1048:Middlewares/Third_Party/FreeRTOS/Source/timers.c **** /*-----------------------------------------------------------*/
1049:Middlewares/Third_Party/FreeRTOS/Source/timers.c **** 
1050:Middlewares/Third_Party/FreeRTOS/Source/timers.c **** #if ( configUSE_TRACE_FACILITY == 1 )
1051:Middlewares/Third_Party/FreeRTOS/Source/timers.c **** 
1052:Middlewares/Third_Party/FreeRTOS/Source/timers.c **** 	UBaseType_t uxTimerGetTimerNumber( TimerHandle_t xTimer )
1053:Middlewares/Third_Party/FreeRTOS/Source/timers.c **** 	{
 2232              		.loc 1 1053 2 view -0
 2233              		.cfi_startproc
 2234              		@ args = 0, pretend = 0, frame = 0
 2235              		@ frame_needed = 0, uses_anonymous_args = 0
 2236              		@ link register save eliminated.
1054:Middlewares/Third_Party/FreeRTOS/Source/timers.c **** 		return ( ( Timer_t * ) xTimer )->uxTimerNumber;
 2237              		.loc 1 1054 3 view .LVU584
1055:Middlewares/Third_Party/FreeRTOS/Source/timers.c **** 	}
 2238              		.loc 1 1055 2 is_stmt 0 view .LVU585
 2239 0000 806A     		ldr	r0, [r0, #40]
 2240              	.LVL168:
 2241              		.loc 1 1055 2 view .LVU586
 2242 0002 7047     		bx	lr
 2243              		.cfi_endproc
 2244              	.LFE27:
 2246              		.section	.text.vTimerSetTimerNumber,"ax",%progbits
 2247              		.align	1
 2248              		.global	vTimerSetTimerNumber
 2249              		.syntax unified
 2250              		.thumb
 2251              		.thumb_func
 2253              	vTimerSetTimerNumber:
 2254              	.LVL169:
 2255              	.LFB28:
1056:Middlewares/Third_Party/FreeRTOS/Source/timers.c **** 
1057:Middlewares/Third_Party/FreeRTOS/Source/timers.c **** #endif /* configUSE_TRACE_FACILITY */
1058:Middlewares/Third_Party/FreeRTOS/Source/timers.c **** /*-----------------------------------------------------------*/
1059:Middlewares/Third_Party/FreeRTOS/Source/timers.c **** 
1060:Middlewares/Third_Party/FreeRTOS/Source/timers.c **** #if ( configUSE_TRACE_FACILITY == 1 )
1061:Middlewares/Third_Party/FreeRTOS/Source/timers.c **** 
1062:Middlewares/Third_Party/FreeRTOS/Source/timers.c **** 	void vTimerSetTimerNumber( TimerHandle_t xTimer, UBaseType_t uxTimerNumber )
1063:Middlewares/Third_Party/FreeRTOS/Source/timers.c **** 	{
 2256              		.loc 1 1063 2 is_stmt 1 view -0
 2257              		.cfi_startproc
 2258              		@ args = 0, pretend = 0, frame = 0
 2259              		@ frame_needed = 0, uses_anonymous_args = 0
 2260              		@ link register save eliminated.
1064:Middlewares/Third_Party/FreeRTOS/Source/timers.c **** 		( ( Timer_t * ) xTimer )->uxTimerNumber = uxTimerNumber;
 2261              		.loc 1 1064 3 view .LVU588
 2262              		.loc 1 1064 43 is_stmt 0 view .LVU589
 2263 0000 8162     		str	r1, [r0, #40]
1065:Middlewares/Third_Party/FreeRTOS/Source/timers.c **** 	}
 2264              		.loc 1 1065 2 view .LVU590
 2265 0002 7047     		bx	lr
 2266              		.cfi_endproc
 2267              	.LFE28:
 2269              		.section	.bss.xStaticTimerQueue.0,"aw",%nobits
 2270              		.align	2
 2273              	xStaticTimerQueue.0:
 2274 0000 00000000 		.space	80
ARM GAS  /tmp/ccPdA3Zs.s 			page 70


 2274      00000000 
 2274      00000000 
 2274      00000000 
 2274      00000000 
 2275              		.section	.bss.ucStaticTimerQueueStorage.1,"aw",%nobits
 2276              		.align	2
 2279              	ucStaticTimerQueueStorage.1:
 2280 0000 00000000 		.space	160
 2280      00000000 
 2280      00000000 
 2280      00000000 
 2280      00000000 
 2281              		.section	.bss.xLastTime.2,"aw",%nobits
 2282              		.align	2
 2285              	xLastTime.2:
 2286 0000 00000000 		.space	4
 2287              		.section	.bss.xTimerTaskHandle,"aw",%nobits
 2288              		.align	2
 2291              	xTimerTaskHandle:
 2292 0000 00000000 		.space	4
 2293              		.section	.bss.xTimerQueue,"aw",%nobits
 2294              		.align	2
 2297              	xTimerQueue:
 2298 0000 00000000 		.space	4
 2299              		.section	.bss.pxOverflowTimerList,"aw",%nobits
 2300              		.align	2
 2303              	pxOverflowTimerList:
 2304 0000 00000000 		.space	4
 2305              		.section	.bss.pxCurrentTimerList,"aw",%nobits
 2306              		.align	2
 2309              	pxCurrentTimerList:
 2310 0000 00000000 		.space	4
 2311              		.section	.bss.xActiveTimerList2,"aw",%nobits
 2312              		.align	2
 2315              	xActiveTimerList2:
 2316 0000 00000000 		.space	20
 2316      00000000 
 2316      00000000 
 2316      00000000 
 2316      00000000 
 2317              		.section	.bss.xActiveTimerList1,"aw",%nobits
 2318              		.align	2
 2321              	xActiveTimerList1:
 2322 0000 00000000 		.space	20
 2322      00000000 
 2322      00000000 
 2322      00000000 
 2322      00000000 
 2323              		.text
 2324              	.Letext0:
 2325              		.file 3 "/usr/lib/gcc/arm-none-eabi/13.2.1/include/stddef.h"
 2326              		.file 4 "/usr/lib/gcc/arm-none-eabi/13.2.1/include/stdint.h"
 2327              		.file 5 "Middlewares/Third_Party/FreeRTOS/Source/include/projdefs.h"
 2328              		.file 6 "Middlewares/Third_Party/FreeRTOS/Source/include/FreeRTOS.h"
 2329              		.file 7 "Middlewares/Third_Party/FreeRTOS/Source/include/list.h"
 2330              		.file 8 "Middlewares/Third_Party/FreeRTOS/Source/include/task.h"
 2331              		.file 9 "Middlewares/Third_Party/FreeRTOS/Source/include/queue.h"
ARM GAS  /tmp/ccPdA3Zs.s 			page 71


 2332              		.file 10 "Middlewares/Third_Party/FreeRTOS/Source/include/timers.h"
 2333              		.file 11 "Middlewares/Third_Party/FreeRTOS/Source/include/portable.h"
ARM GAS  /tmp/ccPdA3Zs.s 			page 72


DEFINED SYMBOLS
                            *ABS*:00000000 timers.c
     /tmp/ccPdA3Zs.s:21     .text.prvGetNextExpireTime:00000000 $t
     /tmp/ccPdA3Zs.s:26     .text.prvGetNextExpireTime:00000000 prvGetNextExpireTime
     /tmp/ccPdA3Zs.s:66     .text.prvGetNextExpireTime:0000001c $d
     /tmp/ccPdA3Zs.s:2309   .bss.pxCurrentTimerList:00000000 pxCurrentTimerList
     /tmp/ccPdA3Zs.s:71     .text.prvInsertTimerInActiveList:00000000 $t
     /tmp/ccPdA3Zs.s:76     .text.prvInsertTimerInActiveList:00000000 prvInsertTimerInActiveList
     /tmp/ccPdA3Zs.s:166    .text.prvInsertTimerInActiveList:00000040 $d
     /tmp/ccPdA3Zs.s:2303   .bss.pxOverflowTimerList:00000000 pxOverflowTimerList
     /tmp/ccPdA3Zs.s:172    .rodata.prvCheckForValidListAndQueue.str1.4:00000000 $d
     /tmp/ccPdA3Zs.s:176    .text.prvCheckForValidListAndQueue:00000000 $t
     /tmp/ccPdA3Zs.s:181    .text.prvCheckForValidListAndQueue:00000000 prvCheckForValidListAndQueue
     /tmp/ccPdA3Zs.s:267    .text.prvCheckForValidListAndQueue:00000050 $d
     /tmp/ccPdA3Zs.s:2297   .bss.xTimerQueue:00000000 xTimerQueue
     /tmp/ccPdA3Zs.s:2321   .bss.xActiveTimerList1:00000000 xActiveTimerList1
     /tmp/ccPdA3Zs.s:2315   .bss.xActiveTimerList2:00000000 xActiveTimerList2
     /tmp/ccPdA3Zs.s:2273   .bss.xStaticTimerQueue.0:00000000 xStaticTimerQueue.0
     /tmp/ccPdA3Zs.s:2279   .bss.ucStaticTimerQueueStorage.1:00000000 ucStaticTimerQueueStorage.1
     /tmp/ccPdA3Zs.s:279    .text.prvInitialiseNewTimer:00000000 $t
     /tmp/ccPdA3Zs.s:284    .text.prvInitialiseNewTimer:00000000 prvInitialiseNewTimer
     /tmp/ccPdA3Zs.s:373    .rodata.xTimerCreateTimerTask.str1.4:00000000 $d
     /tmp/ccPdA3Zs.s:377    .text.xTimerCreateTimerTask:00000000 $t
     /tmp/ccPdA3Zs.s:383    .text.xTimerCreateTimerTask:00000000 xTimerCreateTimerTask
     /tmp/ccPdA3Zs.s:482    .text.xTimerCreateTimerTask:00000054 $d
     /tmp/ccPdA3Zs.s:1579   .text.prvTimerTask:00000000 prvTimerTask
     /tmp/ccPdA3Zs.s:2291   .bss.xTimerTaskHandle:00000000 xTimerTaskHandle
     /tmp/ccPdA3Zs.s:490    .text.xTimerCreate:00000000 $t
     /tmp/ccPdA3Zs.s:496    .text.xTimerCreate:00000000 xTimerCreate
     /tmp/ccPdA3Zs.s:562    .text.xTimerCreateStatic:00000000 $t
     /tmp/ccPdA3Zs.s:568    .text.xTimerCreateStatic:00000000 xTimerCreateStatic
     /tmp/ccPdA3Zs.s:687    .text.xTimerGenericCommand:00000000 $t
     /tmp/ccPdA3Zs.s:693    .text.xTimerGenericCommand:00000000 xTimerGenericCommand
     /tmp/ccPdA3Zs.s:837    .text.xTimerGenericCommand:00000068 $d
     /tmp/ccPdA3Zs.s:842    .text.prvSwitchTimerLists:00000000 $t
     /tmp/ccPdA3Zs.s:847    .text.prvSwitchTimerLists:00000000 prvSwitchTimerLists
     /tmp/ccPdA3Zs.s:991    .text.prvSwitchTimerLists:00000070 $d
     /tmp/ccPdA3Zs.s:997    .text.prvSampleTimeNow:00000000 $t
     /tmp/ccPdA3Zs.s:1002   .text.prvSampleTimeNow:00000000 prvSampleTimeNow
     /tmp/ccPdA3Zs.s:1061   .text.prvSampleTimeNow:00000028 $d
     /tmp/ccPdA3Zs.s:2285   .bss.xLastTime.2:00000000 xLastTime.2
     /tmp/ccPdA3Zs.s:1066   .text.prvProcessExpiredTimer:00000000 $t
     /tmp/ccPdA3Zs.s:1071   .text.prvProcessExpiredTimer:00000000 prvProcessExpiredTimer
     /tmp/ccPdA3Zs.s:1187   .text.prvProcessExpiredTimer:0000005c $d
     /tmp/ccPdA3Zs.s:1192   .text.prvProcessTimerOrBlockTask:00000000 $t
     /tmp/ccPdA3Zs.s:1197   .text.prvProcessTimerOrBlockTask:00000000 prvProcessTimerOrBlockTask
     /tmp/ccPdA3Zs.s:1312   .text.prvProcessTimerOrBlockTask:00000068 $d
     /tmp/ccPdA3Zs.s:1318   .text.prvProcessReceivedCommands:00000000 $t
     /tmp/ccPdA3Zs.s:1323   .text.prvProcessReceivedCommands:00000000 prvProcessReceivedCommands
     /tmp/ccPdA3Zs.s:1417   .text.prvProcessReceivedCommands:0000004c $d
     /tmp/ccPdA3Zs.s:1427   .text.prvProcessReceivedCommands:00000074 $t
     /tmp/ccPdA3Zs.s:1569   .text.prvProcessReceivedCommands:000000f4 $d
     /tmp/ccPdA3Zs.s:1574   .text.prvTimerTask:00000000 $t
     /tmp/ccPdA3Zs.s:1618   .text.xTimerGetTimerDaemonTaskHandle:00000000 $t
     /tmp/ccPdA3Zs.s:1624   .text.xTimerGetTimerDaemonTaskHandle:00000000 xTimerGetTimerDaemonTaskHandle
     /tmp/ccPdA3Zs.s:1664   .text.xTimerGetTimerDaemonTaskHandle:0000001c $d
     /tmp/ccPdA3Zs.s:1669   .text.xTimerGetPeriod:00000000 $t
ARM GAS  /tmp/ccPdA3Zs.s 			page 73


     /tmp/ccPdA3Zs.s:1675   .text.xTimerGetPeriod:00000000 xTimerGetPeriod
     /tmp/ccPdA3Zs.s:1722   .text.xTimerGetExpiryTime:00000000 $t
     /tmp/ccPdA3Zs.s:1728   .text.xTimerGetExpiryTime:00000000 xTimerGetExpiryTime
     /tmp/ccPdA3Zs.s:1778   .text.pcTimerGetName:00000000 $t
     /tmp/ccPdA3Zs.s:1784   .text.pcTimerGetName:00000000 pcTimerGetName
     /tmp/ccPdA3Zs.s:1831   .text.xTimerIsTimerActive:00000000 $t
     /tmp/ccPdA3Zs.s:1837   .text.xTimerIsTimerActive:00000000 xTimerIsTimerActive
     /tmp/ccPdA3Zs.s:1908   .text.pvTimerGetTimerID:00000000 $t
     /tmp/ccPdA3Zs.s:1914   .text.pvTimerGetTimerID:00000000 pvTimerGetTimerID
     /tmp/ccPdA3Zs.s:1980   .text.vTimerSetTimerID:00000000 $t
     /tmp/ccPdA3Zs.s:1986   .text.vTimerSetTimerID:00000000 vTimerSetTimerID
     /tmp/ccPdA3Zs.s:2048   .text.xTimerPendFunctionCallFromISR:00000000 $t
     /tmp/ccPdA3Zs.s:2054   .text.xTimerPendFunctionCallFromISR:00000000 xTimerPendFunctionCallFromISR
     /tmp/ccPdA3Zs.s:2115   .text.xTimerPendFunctionCallFromISR:00000024 $d
     /tmp/ccPdA3Zs.s:2120   .text.xTimerPendFunctionCall:00000000 $t
     /tmp/ccPdA3Zs.s:2126   .text.xTimerPendFunctionCall:00000000 xTimerPendFunctionCall
     /tmp/ccPdA3Zs.s:2218   .text.xTimerPendFunctionCall:0000003c $d
     /tmp/ccPdA3Zs.s:2223   .text.uxTimerGetTimerNumber:00000000 $t
     /tmp/ccPdA3Zs.s:2229   .text.uxTimerGetTimerNumber:00000000 uxTimerGetTimerNumber
     /tmp/ccPdA3Zs.s:2247   .text.vTimerSetTimerNumber:00000000 $t
     /tmp/ccPdA3Zs.s:2253   .text.vTimerSetTimerNumber:00000000 vTimerSetTimerNumber
     /tmp/ccPdA3Zs.s:2270   .bss.xStaticTimerQueue.0:00000000 $d
     /tmp/ccPdA3Zs.s:2276   .bss.ucStaticTimerQueueStorage.1:00000000 $d
     /tmp/ccPdA3Zs.s:2282   .bss.xLastTime.2:00000000 $d
     /tmp/ccPdA3Zs.s:2288   .bss.xTimerTaskHandle:00000000 $d
     /tmp/ccPdA3Zs.s:2294   .bss.xTimerQueue:00000000 $d
     /tmp/ccPdA3Zs.s:2300   .bss.pxOverflowTimerList:00000000 $d
     /tmp/ccPdA3Zs.s:2306   .bss.pxCurrentTimerList:00000000 $d
     /tmp/ccPdA3Zs.s:2312   .bss.xActiveTimerList2:00000000 $d
     /tmp/ccPdA3Zs.s:2318   .bss.xActiveTimerList1:00000000 $d

UNDEFINED SYMBOLS
vListInsert
vPortEnterCritical
vPortExitCritical
vListInitialise
xQueueGenericCreateStatic
vQueueAddToRegistry
vListInitialiseItem
vApplicationGetTimerTaskMemory
xTaskCreateStatic
pvPortMalloc
xTaskGetSchedulerState
xQueueGenericSend
xQueueGenericSendFromISR
uxListRemove
xTaskGetTickCount
vTaskSuspendAll
xTaskResumeAll
vQueueWaitForMessageRestricted
xQueueReceive
vPortFree
