:020000040800F2
:1000000000000120D58100085D3C00085F3C00082D
:10001000613C0008633C0008653C000800000000EB
:1000200000000000000000000000000061790008EE
:10003000673C000800000000017A0008657A0008AB
:1000400025820008258200082582000825820008F4
:1000500025820008258200082582000825820008E4
:1000600025820008258200082582000825820008D4
:1000700025820008258200082582000825820008C4
:10008000693C0008793C00082582000825820008A8
:1000900025820008258200082582000825820008A4
:1000A00025820008893C0008258200082582000876
:1000B0002582000825820008258200082582000884
:1000C0002582000825820008258200082582000874
:1000D0002582000825820008993C00082582000836
:1000E0002582000825820008258200082582000854
:1000F0002582000825820008258200082582000844
:100100002582000800000000000000002582000891
:100110002582000825820008258200082582000823
:100120002582000825820008258200082582000813
:100130002582000825820008000000000000000061
:1001400025820008258200082582000800000000A2
:10015000000000000000000000000000000000009F
:1001600025820008258200082582000825820008D3
:1001700025820008258200082582000825820008C3
:100180002582000825820008000000000000000011
:0401900025820008BC
:1001C0000348044B834202D0034B03B118477047E6
:1001D000CC020020CC020020000000000548064BA5
:1001E0001B1AD90F01EBA301491002D0034B03B135
:1001F00018477047CC020020CC020020000000000D
:1002000010B5064C237843B9FFF7DAFF044B13B15E
:100210000448AFF300800123237010BDD0020020FA
:1002200000000000840F010808B5044B1BB104490D
:100230000448AFF30080BDE80840CFE700000000AD
:10024000D4020020840F010870B50F4B0F4DAB4254
:10025000A3EB050607D0B610002455F8043B013483
:100260009847A642F9D810F08DFE094D094B5E1B48
:10027000AB424FEAA60606D0002455F8043B0134F1
:100280009847A642F9D870BD5C1C01085C1C0108A7
:100290005C1C0108641C0108830730B547D0541E5C
:1002A000002A3ED0CAB2034601E0013C39D303F82C
:1002B000012B9D07F9D1032C2CD9CDB205EB0525D7
:1002C0000F2C05EB054535D9A4F1100222F00F0CD7
:1002D00003F1100EE6444FEA121C1A46C2E900551B
:1002E000C2E9025510327245F8D10CF1010214F046
:1002F0000C0F03EB021204F00F0C13D0ACF104034B
:1003000023F003030433134442F8045B9342FBD10C
:100310000CF003042CB1C9B21C4403F8011BA34226
:10032000FBD130BD64461346002CF4D1F9E70346F7
:100330001446C0E71A46A446E0E700BF014B186820
:10034000704700BF00000020844641EA000313F01C
:1003500003036DD1403A41D351F8043B40F8043BCC
:1003600051F8043B40F8043B51F8043B40F8043B8F
:1003700051F8043B40F8043B51F8043B40F8043B7F
:1003800051F8043B40F8043B51F8043B40F8043B6F
:1003900051F8043B40F8043B51F8043B40F8043B5F
:1003A00051F8043B40F8043B51F8043B40F8043B4F
:1003B00051F8043B40F8043B51F8043B40F8043B3F
:1003C00051F8043B40F8043B51F8043B40F8043B2F
:1003D00051F8043B40F8043B403ABDD2303211D3CF
:1003E00051F8043B40F8043B51F8043B40F8043B0F
:1003F00051F8043B40F8043B51F8043B40F8043BFF
:10040000103AEDD20C3205D351F8043B40F8043BCE
:10041000043AF9D2043208D0D2071CBF11F8013BCC
:1004200000F8013B01D30B8803806046704700BF92
:10043000082A13D38B078DD010F003038AD0C3F1A1
:100440000403D21ADB071CBF11F8013B00F8013B83
:1004500080D331F8023B20F8023B7BE7043AD9D342
:10046000013A11F8013B00F8013BF9D20B78037017
:100470004B7843708B788370604670470EB400B53C
:1004800082B003AB816853F8042B019300F060F84D
:1004900002B05DF804EB03B0704700BF0FB400B5C5
:1004A000074983B004AB086853F8042B81680193B3
:1004B00000F04EF803B05DF804EB04B0704700BFE5
:1004C000000000209368013B002B936011DA10B408
:1004D0009469A34209DB0A2907D01368581C1060ED
:1004E000197008465DF8044B70475DF8044B00F046
:1004F00073B91368581C106019700846704700BF24
:100500009BB1F8B5134406460F46541E5D1E01E02C
:10051000AC4208D014F8011F3A463046FFF7D2FF2C
:10052000431CF5D1F8BD0020F8BD0020704700BF86
:10053000936810B514461BB918460023636010BDBC
:1005400000F09AF90023A3600023636010BD00BF90
:100550002DE9F04FA1B08B4691461C46049018B18E
:10056000036A002B00F01C81BBF80C30180740F127
:100570009580DBF81030002B00F090800023CA46F5
:100580000D9343F22003ADF839309AF80030864ECF
:1005900007940127002B79D0D14604E019F8013FD8
:1005A000002B00F08580252BF8D1B9EB0A0840F02C
:1005B000828099F80030002B68D000234FF0FF3282
:1005C000CDE9092309F1010908930B938DF86330F4
:1005D0001E9305E0089A07FA03F31A430892A1460E
:1005E0004C46052214F8011B304600F051FEA2468D
:1005F000831B0028EED1089BD90644BF20228DF82A
:10060000632099F800101A0744BF2B228DF863204D
:100610002A2966D1079A1168043200290792C0F28C
:100620009A800B9199F801102E2970D05F4C03220B
:10063000204600F02DFE38B1089B001B402282406E
:1006400013430AF1010A08931AF8011B58488DF860
:100650003810062200F01CFE002800F08280554B66
:10066000002B69D007AA0092534B04985A4608A958
:10067000AFF300800390039B013307D00D9B039AD7
:1006800013440D939AF80030002B85D1BBF80C3041
:100690005B060AD40D9821B0BDE8F08F0498594646
:1006A00000F046FE00283FF469AF4FF0FF30F2E75C
:1006B000B9EB0A08EAD00AF1FF35CDF81490A94643
:1006C000049D01E0A0453ED94C465A4619F8011F49
:1006D0002846FFF7F7FE02340130A4EB0A04F1D1FB
:1006E000D4E7A1F13002092A88BFCA469CD80B9BE7
:1006F00000E00134217803EB830302EB4303A1F113
:100700003002092AF5D92E290B93A2468ED19AF8E8
:1007100001102A292FD1079B9AF802101A68099212
:100720000433002A0AF102000793B8BF4FF0FF33E9
:100730008246B8BF099379E7079B073323F0070385
:10074000083307939AE70D99DDF81490414499F81E
:1007500000300D912FE7494243F002030B910893BB
:1007600060E707AA0092144B04985A4608A900F0C3
:1007700005FF03907FE7A1F130020023092A0993C6
:100780000AF1010A3FF652AF1AF8011F03EB830387
:1007900002EB4303A1F13002092AF5D9099345E799
:1007A00000F0D4FAE0E600BF38110108401101085A
:1007B00044110108000000000105000810B4054CB8
:1007C0008446134620685DF8044B0A466146FFF7ED
:1007D000BFBE00BF00000020F8B50D461446064617
:1007E00010B1036A002B37D0A389A269A2601A074F
:1007F00019D52369BBB122686169D31AEDB2994258
:100800002F4620DD0133A1680139A160511C216010
:10081000157062699A420DD0A389DB0701D50A2DB4
:1008200008D03846F8BD2146304600F081FD38B981
:100830002369E0E72146304600F042FB0028F0D073
:100840004FF0FF37EDE72146304600F039FB002836
:10085000F6D122680123D6E700F078FAC4E700BF9A
:1008600010B4044C03460A4620685DF8044B194650
:10087000FFF7B2BF000000209368002B00F0F88063
:100880002DE9F04FB1F90CC01CF0080F83B0904671
:1008900081460C4631D00B697BB31CF00207D8F8B7
:1008A000006038D00027D4F828B0216ADFF8C4A24D
:1008B0003D4655452B463A4628BF53464846C5B1A6
:1008C000D847002840F3CA80D8F808301B1A0744DC
:1008D0002D1AC8F80830002B00F0B68055452B467D
:1008E000D4F828B0216A28BF53463A464846002D1E
:1008F000E6D1D6E900750836DBE72146484600F028
:1009000017FD002840F0AF80B4F90CC0D8F80060A3
:100910001CF00207C6D11CF0010A63D12368A1684C
:10092000574618468B46002F58D01CF4007F00F025
:10093000B580B9420A4600F2E1801CF4906F2FD0D6
:10094000216962695D1A02EB420202EBD2726B1CF2
:1009500052103B44934292BF93469B461A461CF466
:10096000806F00F0EA801146484600F00FFB002837
:1009700000F0F9802A4621690090FFF7E5FCA28982
:10098000009B22F4906242F08002A2815819ABEBE6
:100990000505C4F814B02361A5602060BB463A4643
:1009A0005146009200F0D0FBA1682368009AA1EBA9
:1009B0000B011A443D46A16022600027D8F8083098
:1009C0005B1BAA44C8F80830002B3DD02368A168FF
:1009D000B4F90CC018468B46002FA6D1D6E900A763
:1009E00008369EE73846BB463D460097002D41D06D
:1009F000002846D0009A2068A168D4E90473AA426E
:100A000028BF2A46B84204D901EB030A524500F335
:100A10008580934275DC216AA76A5A464846B847E2
:100A2000B0F1000A1ADD009BB3EB0A0300930FD06C
:100A30000120D8F80830A3EB0A03D344A5EB0A053C
:100A4000C8F80830002BD1D1002003B0BDE8F08FEA
:100A50002146484600F034FA0028EAD0B4F90C30B8
:100A600043F04003A3814FF0FF3003B0BDE8F08FA7
:100A700000207047756833460836002DFAD0D3F849
:100A800000B02A460A21584600F002FC002867D030
:100A90000130A0EB0B0300931A46ACE722699A429F
:100AA00014D36269BA4211D86FF00043BB4228BF29
:100AB0003B46A56A93FBF2F3216A02FB03F3484627
:100AC0005246A847051EC9DD7F1B77E7B94228BFFC
:100AD00039460D4618460A46514600F035FBA168D6
:100AE0002368491B2B44A16023600029ECD12146D7
:100AF000484600F0E5F90028E6D0AFE7BB463A46A5
:100B00004EE75946019200F01FFB019AA3689B1A19
:100B1000A360236813442360924684E759465246F3
:100B200000F012FB2368534423602146484600F03E
:100B3000C7F900283FF477AF90E7484600F05AFC29
:100B4000034600287FF422AF2169484600F09EFA50
:100B5000B4F90C300C22C9F8002023F080037FE7A1
:100B60006A1C009247E70C22B4F90C30C9F8002047
:100B700076E700BF00FCFF7F00207047024A034970
:100B8000034800F061BB00BF50000020C10E000808
:100B9000040000200C4B4168994210B5044601D076
:100BA00000F08EF9A168094B994202D0204600F06E
:100BB00087F9E168064B994204D02046BDE8104011
:100BC00000F07EB910BD00BFEC02002054030020ED
:100BD000BC030020002070472DE9F8432A4C2B4924
:100BE000DFF8BC90DFF8BC80294FC4F8381100252D
:100BF00004230822294604F15C00264EE360C4E980
:100C00000055C4E90455A5606566A561FFF744FB7E
:100C1000214B63670822294604F1C400C4E908494E
:100C2000C4E90A87C4E91A55C4E91E552567C4F802
:100C3000CC50C4F880502663FFF72EFB174BC4F846
:100C4000DC30294604F16803082204F59670C4F8E4
:100C50008830C4E92398C4E92576C4E93455C4E949
:100C60003855C4F8D850C4F83451C4F8E850FFF7E8
:100C700013FB04F1D003C4E93D98C4E93F76C4F8FE
:100C8000F030BDE8F88300BFEC0200207D0B0008C7
:100C9000CD190008F1190008090001001200020036
:100CA000651900088D190008F8B5254BD3F83831BF
:100CB0000646002B3CD0234FD7E90134013B04D535
:100CC0001DE05A1C04F1680419D0B4F90C50013B22
:100CD000002DF6D11C4BE360C4E90155C4E904556D
:100CE00065662560A5610822294604F15C00FFF7CE
:100CF000D3FAC4E90D55C4E912552046F8BD3D6844
:100D00000DB12F46D8E74FF4D671304600F03EF9CA
:100D1000044680B10423C0E900530C302946A0608A
:100D20004FF4D0722546FFF7B7FA3C602F46C3E771
:100D3000FFF752FFBFE70C2338603360DDE700BFE9
:100D4000EC020020500000200100FFFF036A03B105
:100D50007047044B044AD3F838310262002BF7D1B4
:100D60003AE700BFEC020020950B0008704700BF77
:100D7000704700BF024A0349002000F065BA00BF77
:100D800050000020790B0008024A0349002000F0BF
:100D90005BBA00BF50000020D50B0008B1F90C3041
:100DA0002DE9F0411E070C4680463DD44A68002AD2
:100DB00056DDE56A002D34D00022D8F80060C8F86E
:100DC000002013F48052216A57D101234046A847DE
:100DD000451C024666D0B4F90C30E56A216A580712
:100DE00005D56368D21A636B0BB1236CD21A00234A
:100DF0004046A847431C42D0002363602369236018
:100E0000A389DF0400D56065616BC8F8006041B15B
:100E100004F14403994202D0404600F037F9002320
:100E200063630020BDE8F0810E69002EF9D09B07B6
:100E30000D6808BF4B690E6018BF0023AD1B8B60A7
:100E40000BE02B463246216AA76A4046B847B0F10C
:100E5000000CA5EB0C05664406DD002DF1DCE0E797
:100E60000A6C002AA5DCDCE7B4F90C3043F040033F
:100E7000A3814FF0FF30BDE8F081626DAFE7D8F895
:100E80000010B4F90C301D29F0D80C4ACA40D5071F
:100E9000ECD52269226000226260DA04B4D5002910
:100EA000B1D0B1E7D8F80030002B94D01D2B01D081
:100EB000162BD9D1C8F80060B3E700BF010040206D
:100EC0000B69B3B110B5044682B008B1036A5BB1D7
:100ED000B1F90C3013B9002002B010BD204602B0A9
:100EE000BDE81040FFF75ABF0191FFF72FFF0199AE
:100EF000EEE70020704700BFB8B138B50D4A03696E
:100F0000156804462BB10DB12B6A53B1B4F90C30FE
:100F10000BB9002038BD21462846BDE83840FFF710
:100F20003DBF2846FFF712FFF0E7034A0349044894
:100F300000F08AB90000002050000020C10E000817
:100F40000400002070B5104E336805460C46B3B15E
:100F50002146284600F0F4FC431C0CD0C41C24F0AD
:100F60000304A04205D0211A284600F0E9FC013014
:100F700001D0204670BD4FF0FF34204670BD1946A9
:100F800000F0DEFC3060E3E7280400202DE9F843A0
:100F9000CD1C25F0030508350C2D38BF0C25002D80
:100FA000064618DBA94216D8DFF8DC8000F028FCE2
:100FB000D8F80420A2B1144603E0636822467BB14E
:100FC0001C4623685B1BF8D40B2B1FD89442636824
:100FD00054D053600CE00C2333600020BDE8F8834C
:100FE00029463046FFF7AEFF431C044619D0056082
:100FF000304600F007FC04F10B00231D20F0070031
:10100000C21A1CBF1B1AA350BDE8F8836119944291
:10101000256014BF5160C8F80410635163684B60C9
:10102000E6E7D8F804701FB33C467F68002FFBD179
:1010300023683946304604EB030900F081FC814502
:1010400016D12368ED1A29463046FFF77BFF0130A1
:101050000ED02368D8F804202B442360536883B152
:10106000A34203D01A465B689C42FBD10023B0E741
:101070000C233360304600F0C5FBAEE7C8F80430FF
:10108000B6E7C8F80470B3E728040020002950D060
:1010900038B551F8043C0C1F002BB8BFE4180546C6
:1010A00000F0AEFB274A13682BB1A3420CD921688C
:1010B000601883422CD0636028461460BDE8384035
:1010C00000F0A0BBA3420FD81A465B68002BF9D1F1
:1010D00011685018844217D02CD36360546028469E
:1010E000BDE8384000F08EBB11685018A04214D003
:1010F00020D8216860188342EFD118685B680844E3
:10110000C4E900035460EAE723680B441360E6E790
:1011100018685B6808442060CDE7206801445018D7
:1011200083421160DBD1D3E900040144C2E9001419
:10113000D5E770470C232B602846BDE8384000F007
:1011400061BB00BF2C04002088420ED98B1883425B
:101150000BD900EB020C002A6ED0624613F801CDC9
:1011600002F801CD9942F9D170470F2A0FD80346F2
:1011700002F1FF3C002A5FD00CF1010C013B8C44D2
:1011800011F8012B03F8012F6145F9D1704740EAAE
:1011900001039B0751D1A2F1100370B501F1200C9E
:1011A00023F00F0501F1100E00F11004AC441B09EF
:1011B0005EF8105C44F8105C5EF80C5C44F80C5C63
:1011C0005EF8085C44F8085C5EF8045C44F8045C73
:1011D0000EF1100EE64504F11004E9D1013312F0CE
:1011E0000C0F01EB031102F00F0400EB031328D0E6
:1011F000043C24F003064FEA940C1E441C1F8E4648
:101200005EF8045B44F8045FB442F9D10CF10104C8
:1012100002F0030203EB840301EB840102F1FF3CC3
:101220004AB10CF1010C013B8C4411F8012B03F87D
:10123000012F6145F9D170BD704702F1FF3C0346B3
:101240009AE72246EAE700BF2DE9F84307468846B9
:1012500016464FF00009D6E90154013D10D4A38988
:10126000012B08D9B4F90E3001332146384602D09B
:10127000C04749EA0009013D6B1C04F16804EED146
:101280003668002EE7D14846BDE8F883000000002C
:1012900001F0FF01102A2BDB10F0070F08D010F827
:1012A000013B013A8B422DD010F0070F42B3F6D12B
:1012B000F0B441EA012141EA014122F007047FF044
:1012C00000070023F0E80256083C85EA010586EA9B
:1012D000010685FA47F5A3FA87F586FA47F6A5FAD7
:1012E00087F68EB9EED1F0BC01F0FF0102F00702E3
:1012F00032B110F8013B013A83EA010313B1F8D18E
:101300000020704701387047002D06BF354603386E
:10131000073815F0010F07D1013015F4807F02BFA7
:10132000013015F4C03F0130F0BC0138704700BFF8
:1013300038B52F4B1B6805460C4613B11A6A002AB4
:101340004BD0B4F90C3018071CD5226922B313F026
:10135000010107D0616900204942A060A1613AB152
:10136000002038BD980758BF6169A160002AF7D1F5
:10137000190658BF1046F4D543F04003A3814FF03F
:10138000FF3038BDD9062CD55A0712D4226943F054
:101390000803A381002ADAD103F42071B1F5007F9C
:1013A000D5D02146284600F02FFAB4F90C30226936
:1013B000CDE7616B51B104F14402914204D028465B
:1013C000FFF764FEB4F90C30002262632269002149
:1013D000C4E9002123F02403D9E71846FFF7B6FC3F
:1013E000AFE7092243F040032A60A381C7E700BFAB
:1013F000000000202DE9F041144641B30AB306462F
:101400000D4600F0F9FA8442074602D8B4EB500FBB
:1014100013D821463046FFF7B9FD804650B1BC4293
:101420002246294628BF3A46FEF78EFF2946304617
:10143000FFF72CFE4046BDE8F081A8464046BDE8D7
:10144000F081A046FFF722FE4046BDE8F081BDE8EE
:10145000F0411146FFF79ABD2DE9F84F92461F461D
:101460000A698B68DDF828909A42B8BF1A46CAF814
:10147000002091F843300C46064613B10132CAF8F9
:101480000020226891065FD5DAF800300233CAF8EE
:101490000030226812F0060F11461DD1E168994212
:1014A000D8BF114618DD4FF0000804F1190B05E014
:1014B000E568DAF80030ED1A45450CDD01235A469F
:1014C00039463046C847013008F10108F0D14FF0E5
:1014D000FF30BDE8F88F216894F84330003B18BF17
:1014E00001238A060AD5E1185A1C302081F84300EE
:1014F000224494F8451082F84310023304F1430269
:1015000039463046C8470130E1D02368DAF8005048
:10151000216903F00603042BD4E902201BD08A4280
:1015200020DD4FF00008521A90441A34002501E0E3
:10153000454517DA0123224639463046C84701306F
:1015400005F10105F4D1C2E712F0060F0DD0003B02
:1015500018BF0123D2E7401B8A4220EAE078E2DC90
:101560000028E2DC0020BDE8F88FE168DAF80030FE
:101570009942D8BF114696DCAEE700BF2DE9F0478F
:10158000174684B00A7E0C9D0C460646984601F12B
:10159000430C002A35D0A2F15803D9B2202969D8CA
:1015A000202B67D8DFE813F0E600660066006600CF
:1015B0006600660066006600660066006600AC00B5
:1015C00070006600660066006600700066006600D7
:1015D0006600660021008300C60066006600B60053
:1015E0006600830066006600EC002B682268616973
:1015F000181D286010061B6802D4520600F1E08016
:1016000019600023E1462361CDF800803B4603AA20
:1016100021463046FFF720FF013020D023694A469B
:1016200039463046C047013019D02368E068DDF8FC
:101630000C909B0718D5484516DD002504F1190AC2
:1016400004E0E068A0EB0903AB420DDD0123524644
:1016500039463046C047013005F10105F1D14FF060
:10166000FF3004B0BDE8F0874845B8BF484604B035
:10167000BDE8F08784F84220012004F142090023EC
:10168000206184F84330BFE72A682368111D1806DB
:10169000296002D4590600F195801068014600289F
:1016A0006268C0F2938054484FF00A0E15E020683B
:1016B0002B6810F0800F53F8041B02D1400648BF7E
:1016C00089B26F2A4C482B6014BF4FF00A0E4FF0BE
:1016D000080E0023626884F84330002AA26051DBC0
:1016E000236823F00403236000294BD1002A7BD117
:1016F000E146BEF1080F56D0ACEB0903236183E746
:101700002B681A6804332B6004F1420984F84220E4
:101710000120B4E72B686268191D2960D3F8009096
:1017200000214846FFF7B4FD002863D0A0EB090074
:101730006060A4E7236843F02003236078222F48E9
:1017400084F845202A6813F0800F52F8041B03D157
:1017500013F0400F18BF89B22A60DA0744BF43F084
:101760002003236019B9236823F0200323604FF07E
:10177000100EAEE7582384F845301F482368E1E790
:101780002368DBE77546E146B1FBF5F305FB131A69
:101790000A46AA4210F80A1009F8011D1946F3D2A8
:1017A000BEF1080FA8D12368DD07A5D562682369BB
:1017B0009A42A1DC302309F8013C09F1FF399BE78B
:1017C00019801EE7B2F90010084668E72D20002AAC
:1017D000A26084F8430002DB23F0040323600A259F
:1017E00005484942AE46CEE7037884F8423004F11A
:1017F00042097EE7606842E74C1101086011010868
:10180000704700BF704700BF70B5B1F90C300C468F
:10181000990796B007D504F147030122C4E90432C1
:10182000236016B070BDB4F90E100029054629DBFF
:101830006A4600F011F9002822DB4FF48061284647
:10184000019EFFF7A3FB88B3A389206043F08003C8
:1018500006F47046A381B6F5005F4FF48063C4E9D7
:101860000403DED1B4F90E10284600F057F8002822
:10187000D7D0A38923F0030343F00103A381D0E76A
:10188000B4F90C3013F0800F14BF40264FF480667B
:1018900031462846FFF77AFB40B1A389206043F028
:1018A0008003C4E90406A38116B070BDB4F90C30FE
:1018B0009A05B6D423F0030304F1470243F0020370
:1018C0000121C4E90421A3812260AAE770B50C4676
:1018D000B1F90E10002996B015461E460FDB6A4678
:1018E00000F0BAF800280ADB019B03F47043A3F56B
:1018F0000053B3FA83F34FF480625B0908E0A289D6
:1019000012F0800F4FF0000314BF40224FF48062AA
:10191000002033602A6016B070BD00BF38B5074D97
:101920000022044608462A6006F0DAF9431C00D07B
:1019300038BD2B68002BFBD0236038BD300400205D
:1019400038B5074D0022044608462A6006F06EF9B5
:10195000431C00D038BD2B68002BFBD0236038BD62
:101960003004002010B50C46B1F90E1000F05EF8FE
:10197000002803DB636D0344636510BDA38923F472
:101980008053A38110BD00BF002070472DE9F041B6
:101990000C46B1F90C101F46CB05054616460BD474
:1019A00021F48051A1813B46B4F90E1032462846FD
:1019B000BDE8F04100F07CB8B4F90E10022300221B
:1019C00000F060F8B4F90C10EAE700BF10B50C465F
:1019D000B1F90E1000F056F8B4F90C30421C0EBFED
:1019E00023F4805343F480536065A38110BD00BF8E
:1019F000B1F90E1000F008B851F8043C181F002B84
:101A0000BCBF0B58C018704738B5074D00220446BC
:101A100008462A6006F05CF9431C00D038BD2B68EC
:101A2000002BFBD0236038BD3004002038B50C46B5
:101A3000084D8446114620461A4600232B60644612
:101A400006F028F9431C00D038BD2B68002BFBD0D2
:101A5000236038BD3004002070B50C46084D0346A5
:101A60000026204611461C462E6006F034F9431C21
:101A700000D070BD2B68002BFBD0236070BD00BF71
:101A80003004002038B50C46084D844611462046E7
:101A90001A4600232B60644606F024F9431C00D04C
:101AA00038BD2B68002BFBD0236038BD30040020EC
:101AB00038B50C46084D8446114620461A46002388
:101AC0002B60644606F0F6F8431C00D038BD2B6846
:101AD000002BFBD0236038BD300400207BB972B9E5
:101AE0000029BEBF00204FF0004106E008BF0028DB
:101AF0001CBF6FF000414FF0FF3000F09DB9ADF119
:101B0000080C6DE904CE002909DB002B1ADB00F07C
:101B100035F8DDF804E0DDE9022304B07047404207
:101B200061EB4101002B1BDB00F028F8DDF804E03D
:101B3000DDE9022304B0404261EB4101524263EB14
:101B400043037047524263EB430300F017F8DDF89C
:101B500004E0DDE9022304B0404261EB410170473B
:101B6000524263EB430300F009F8DDF804E0DDE9DD
:101B7000022304B0524263EB430370472DE9F04760
:101B8000089D0E4604460F46002B4AD194468C45CC
:101B9000B2FA82F260D942B1C2F12003974020FA32
:101BA00003F30CFA02FC1F4394404FEA1C4E1FFA49
:101BB0008CF6B7FBFEF1230C0EFB117743EA0743CB
:101BC00001FB06F098420AD91CEB030301F1FF3731
:101BD00080F01581984240F21281023963441B1A49
:101BE000A4B2B3FBFEF00EFB103344EA034400FB47
:101BF00006F6A6420AD91CEB040400F1FF3380F07C
:101C00000081A64240F2FD806444023840EA01406F
:101C1000A41B00211DB1D4400023C5E90043BDE849
:101C2000F0878B4205D90DB1C5E9000100210846B6
:101C3000F5E7B3FA83F1002946D1B34202D38242D9
:101C400000F2F580841A66EB030201201746002D8E
:101C5000E5D0C5E90047E2E7002A40F09380A1EB18
:101C60000C034FEA1C471FFA8CFE0121B3FBF7F669
:101C700007FB1630230C43EA00430EFB06F09842A4
:101C800008D91CEB030306F1FF3802D2984200F298
:101C9000D08046461B1AA4B2B3FBF7F007FB103303
:101CA00044EA03440EFB00FEA64508D91CEB0404DD
:101CB00000F1FF3302D2A64500F2B6801846A4EB2D
:101CC0000E0440EA0640A5E7C1F120078B4022FA46
:101CD00007FC4CEA030C06FA01FE20FA07F426FA88
:101CE00007F344EA0E0400FA01F84FEA1C404FEAF9
:101CF0001449B3FBF0FE1FFA8CF600FB1E3349EAD1
:101D000003430EFB06F9994502FA01F20BD91CEBCD
:101D100003030EF1FF3A80F08580994540F28280FE
:101D2000AEF1020E6344A3EB0909A4B2B9FBF0F3D0
:101D300000FB139944EA094403FB06F6A64208D9BE
:101D40001CEB040403F1FF3068D2A64266D9023BC3
:101D5000644443EA0E40A41BA0FB02E6B44273466F
:101D6000B14652D34FD05DB1B8EB030264EB090426
:101D700004FA07F722FA01F31F43CC40C5E90074C7
:101D800000214CE7C2F1200120FA01F30CFA02FC19
:101D900026FA01F1964033434FEA1C471FFA8CFEA6
:101DA000B1FBF7F007FB1016190C41EA064100FBE6
:101DB0000EF68E4204FA02F408D91CEB010100F180
:101DC000FF382DD28E422BD902386144891B9BB239
:101DD000B1FBF7F607FB161143EA014306FB0EF1D0
:101DE000994208D91CEB030306F1FF3814D299423B
:101DF00012D9023E63445B1A46EA004136E739468F
:101E0000EDE6184602E7F045ADD2BEEB020366EB05
:101E10000C060138B146A6E74646ECE7034698E7CC
:101E20004046D3E7D6467EE76444023847E7084693
:101E30000DE7023E63442DE7704700BF01292DE9FD
:101E4000F0415BD94FF00108C64600244FF0FF3542
:101E5000434608E0A3EB05081C464FF0010E04EBD7
:101E60000E03994210D900EB050CC75C1CF80E60FC
:101E7000B742EFD332D04FF001082546C64644445E
:101E800004EB0E039942EED80127C2F80080BE464B
:101E900000244FF0FF363B4607E09F1B1C464FF0E7
:101EA000010E04EB0E03994210D900EB060C10F85A
:101EB00003801CF80EC0E045EFD817D00127264656
:101EC000BE463C4404EB0E039942EED80136681C32
:101ED000864201D317603046BDE8F081C6450ABF8F
:101EE00074440EF1010E4FF0010EB8E7BE450ABF73
:101EF00074440EF1010E4FF0010ED2E701270026C7
:101F0000E8E700BF2DE9F04F174687B005AA8046E5
:101F10008946384619461C46FFF790FF059B0293F9
:101F200082460246F918384601F0A4FA00285FD12B
:101F300044F400630193029BE31A06460546A9EBAD
:101F400004010393CAF1010BA9421BD35645334642
:101F500038BF53469C4223D9581EEA18384442449D
:101F600002E001339C421BD012F801CB10F801EFC4
:101F7000E645F6D09C4213D95D441D44A9424FF07A
:101F80000006E3D2019908EB090001F0A1FA8144AF
:101F9000A9EB0401A942D9D2002007B0BDE8F08F17
:101FA00056450AF1FF336FD205EB0A02424407EBB4
:101FB0000A00009502E09E4211D0734610F801CD50
:101FC00012F8015DAC4503F1FF3EF4D0009D0133F2
:101FD00001369E4207D8029B039E1D44B4E701369A
:101FE0009E42009DF7D908EB050007B0BDE8F08FD1
:101FF000A4EB0A03534538BF5346013301930593BD
:1020000044F400630025A9EB040100930AF1FF36B4
:10201000CAF1010BA94216D3544520D905EB0A0297
:102020004244B819534602E001339C4217D012F8DB
:1020300001CB10F801EFE645F6D09C420FD95D4484
:102040001D44A942E8D2009908EB090001F040FACA
:102050008144A9EB0401A9429ED35445DED8BAF1CC
:10206000000FC0D005EB0A00404407EB0A0201E074
:10207000BB42B8D012F801ED10F801CDE645134689
:10208000F6D0019B1D44C5E75346A1E72DE9F04F6B
:102090009346ADF21C4D05AA80468A46584619461D
:1020A0001C46FFF7CBFE134681460DF2144243F85F
:1020B000044F9342FBD16CB1601E58440BF1FF32C8
:1020C00006AD12F8011FA31A013B5B44824245F89A
:1020D0002130F6D1059B01934A460BEB030158468C
:1020E00001F0C8F9002878D144F40063074605469A
:1020F000AAEB040E0293661EAE4511D308EB050C45
:1021000006AA1CF8063052F82330C3B11FB1019A59
:102110009A4288BFA31A1D44AE454FF00007EDD286
:1021200008EB0A00029901F0D3F98244AAEB040EED
:10213000AE45E3D200200DF21C4DBDE8F08F4F45B7
:102140003B4638BF4B469E4218D9591EEA1859449F
:102150004244009502E001339E420ED012F8010B7A
:1021600011F8015F8542F6D09E42009D06D9C9F163
:1021700001022A44D5180027BEE7009D4F4509F10A
:10218000FF3380F0818005EB090242440BEB09012B
:102190000095CDF80C9002E09F4213D04B4611F809
:1021A000015D12F8010D854203F1FF39F4D0009D65
:1021B000DDF80C90013301379F4209D8019B1D4483
:1021C000E71A99E701379F42009DDDF80C90F5D999
:1021D00060460DF21C4DBDE8F08FA4EB09034B45A2
:1021E00038BF4B4601330193059344F40063002547
:1021F000AAEB040E0093661EAE4509D308EB05005A
:1022000006AA835D52F823306BB11D44AE45F5D26A
:1022100008EB0A00009901F05BF98244AAEB040E76
:10222000AE45EBD286E7B14517D209F1FF3105EB98
:102230000902594442444B4602E00133B3420CD0F8
:1022400012F8017B11F801CFBC45F6D09E4204D9AB
:10225000C9F101022A44D518CEE7B9F1000F3FF4C5
:102260006AAF05EB090141440BEB090202E05B4553
:102270003FF461AF12F801CD11F8017DBC45134662
:10228000F5D0019B1D44C1E74B4694E72DE9F04191
:102290000D46097890B00446002954D06A78002A87
:1022A00000F08280AB78002B51D0E8782E680028AF
:1022B00000F081802B79002B56D0284600F060FD7D
:1022C000064640F40071204601F002F986425AD8D1
:1022D000FE2E00F28880801B27184022711C684661
:1022E000FDF7DAFF7EB16A1E5FFA86FC901912F8DC
:1022F000013F03F03F0340336B44A91A614490420D
:1023000003F8401CF3D1013CA35D03F03F034033CD
:102310006B4413F8403C1C44A74203D238E04444C9
:10232000A74235D314F806C00CF03F0C0CF1400363
:102330000DEB030C3246294620461CF8408C01F078
:1023400099F80028EBD1204610B0BDE8F081007864
:1023500042EA0142B8B140EA03439A42214614F8E6
:10236000010FF7D14C1EEEE7227862B131BA01E0DD
:102370008B421ED042EA0323204614F8012F002A84
:10238000F6D18B4215D00024204610B0BDE8F08174
:10239000BB5DB819002BF6D04FF4006101F098F83E
:1023A0000744A742AFD2EEE710B0BDE8F04100F01D
:1023B000BBB8C41EC7E7120442EA0162217842EAB0
:1023C00003230029DFD0024601E00029DBD041EAE7
:1023D0000200B3EB002F25464FEA002214F8011F3C
:1023E000F3D1AC1EAFE7014633462A46204610B073
:1023F000BDE8F0414AE600BF38B5124B1D682A6BB4
:1024000004461AB10023C2E9044338BD182000F085
:1024100043FD0246286378B101200021C2E904018E
:10242000094B0A480A499160C2E900030B239381D2
:102430000023C2E9044338BD064B0748462100F09B
:10244000DBF800BF0000002034126DE60E33CDAB88
:10245000ECDE0500BC170108D41701081C4B10B5B1
:102460001C68226B8AB113691A4954691A4803FB24
:1024700001F100FB0411A3FB0030013341EB00012B
:10248000C2E9043121F0004010BD182000F004FD25
:102490000246206388B1114C114B0E4811499160DE
:1024A0009FED097BC2E900430B2393810E4B01464C
:1024B00082ED047BC2E9043110BD0C4B0C48522163
:1024C00000F09AF8AFF30080010000000000000067
:1024D000000000202DF451582D7F954C0E33CDABCC
:1024E00034126DE6ECDE05002E7F954CBC1701081A
:1024F000D417010810B4044C03460A4620685DF85E
:10250000044B194600F02EBD0000002000B5054B1D
:1025100083B0014601AA186800F024FD03B05DF8FD
:1025200004FB00BF0000002011F0FF01034600F093
:10253000030239D08ABB026810B501EB012E0EEB05
:102540000E4E8EEA0204A2F1013323EA0203A4F143
:10255000013222EA0402134313F0803F0FD150F8F6
:10256000044F84EA0E0CA4F10133ACF1013223EAEA
:10257000040322EA0C02134313F0803FEFD00378E8
:1025800023B936E010F8013F002B32D09942F9D13F
:1025900010BD8A4228D09A0729D01A7818460133EC
:1025A000002AF6D110467047CAB90268A2F1013379
:1025B00023EA020313F0803F08D150F8042FA2F160
:1025C000013323EA020313F0803FF6D003785BB1B6
:1025D00010F8013F002BFBD17047990705D0184632
:1025E00013F8012B002AF8D170471846DDE718468A
:1025F000A1E7184610BD00BF00B50B4C2568144676
:10260000EE681A4685B003460D464CB10749009561
:10261000CDE901143046064900F090FC00F0A6FB1D
:1026200004490C46F3E700BF000000200018010831
:10263000101801080C18010808B513460022FFF70E
:10264000DBFF00BF10B51C4C002924689AB02DDBBD
:10265000009004904FF40270ADF80C004FF00000B1
:10266000199013D001394FF6FF7002910591ADF822
:102670000E006946204600F09DF9421C01DA8B23CA
:102680002360009B00221A701AB010BD4FF6FF7035
:1026900002910591ADF80E006946204600F08AF9D6
:1026A000431C01DA8B2323601AB010BD8B232360F7
:1026B0004FF0FF30F8E700BF0000002030B51446AF
:1026C000002C9BB005462EDB1A464FF40273ADF882
:1026D0000C304FF0000300910491199313D04FF682
:1026E000FF73013CADF80E3069461E9B02940594C1
:1026F00000F060F9421C01DA8B232B60009B002262
:102700001A701BB030BD4FF6FF73ADF80E3069463E
:102710001E9B0294059400F04DF9431C01DA8B23B3
:102720002B601BB030BD8B2303604FF0FF30F8E708
:1027300080EA0102844612F0030F4FD111F0030F1B
:1027400032D14DF8044D11F0040F51F8043B0BD079
:10275000A3F101329A4312F0803F04BF4CF8043BCE
:1027600051F8043B16D100BF51F8044BA3F10132DC
:102770009A4312F0803FA4F101320BD14CF8043B94
:10278000A24312F0803F04BF51F8043B4CF8044BC5
:10279000EAD023460CF8013B13F0FF0F4FEA332336
:1027A000F8D15DF8044B704711F0010F06D011F815
:1027B000012B0CF8012B002A08BF704711F0020F03
:1027C000BFD031F8022B12F0FF0F16BF2CF8022BEE
:1027D0008CF8002012F47F4FB3D1704711F8012B11
:1027E0000CF8012B002AF9D1704700BF2DE9F04702
:1027F0008F681D46AF420B680C46164636D8B1F9B5
:102800000CC01CF4906F0ED13D46184631462A4646
:10281000FEF79AFCA368DF1B2368A7602B44002007
:102820002360BDE8F0874A69096902EB42025F1A3A
:1028300002EBD2726B1C52103B44934292BF914602
:1028400099461A461CF4806F804611D01146FEF757
:102850009DFB824600B321693A46FDF775FDA389C9
:1028600023F4906343F08003A38105E02F46CCE777
:10287000FEF7C0FD824658B10AEB0703A9EB070734
:10288000A760C4F810A0C4F8149023602F46BCE7DA
:1028900021694046FEF7FAFBA3890C2243F040036E
:1028A000C8F800204FF0FF30A381BAE72DE9F04FC0
:1028B0009368176883B09246002B74D04FF0000BDA
:1028C0008B680A6881460C465D4645E0B4F90C30D9
:1028D00013F4906F2CD0D4E90401161A01EB4102D5
:1028E00002EBD272711C52102944914292BF904661
:1028F00088460A465B0539D511464846FEF746FB31
:10290000019000283DD032462169FDF71DFDA289C6
:10291000019B22F4906242F08002A2819819A8EBF8
:102920000606A660C4F8148023612060A8462E46DF
:1029300032465946FEF708FCDAF80810A368226808
:10294000A3EB08033244491BA3602260CAF80810B5
:1029500049B3D7E900B5083798461046002DF8D09E
:102960009D421E46B2D2A8462E46E1E701464846A1
:10297000FEF740FD03460028D0D121694846FEF706
:1029800085FBA3890C2243F04003C9F800204FF0D7
:10299000FF30A38100220023CAF80820CAF80430BF
:1029A00003B0BDE8F08F00200023CAF8043003B064
:1029B000BDE8F08F2DE9F04F1C468B891D069DB0B8
:1029C00088468146934603D50B69002B00F0F180C1
:1029D0000023099343F22003ADF829309BF800301F
:1029E0007D4D03940126002B73D0DA4603E01AF8DC
:1029F000013F002B75D0252BF9D1BAEB0B0473D115
:102A00009AF80020002A64D000234FF0FF32CDE96D
:102A100005230AF1010A049307938DF853301A93A2
:102A200005E0049A06FA03F31A430492A2465446B8
:102A3000052214F8011B2846FEF72AFCA346431B77
:102A40000028EED1049BD80644BF20228DF85320E5
:102A500019079AF8001044BF2B228DF853202A2919
:102A600050D1039A11680432002903927CDB07914C
:102A70009AF801102E295BD0584C03222046FEF70D
:102A800007FC38B1049B001B4022824013430BF12A
:102A9000010B04931BF8011B51488DF828100622E6
:102AA000FEF7F6FB002865D04E4B002B55D003AA4D
:102AB00000924D4B424604A94846AFF300800746BA
:102AC0007A1C06D0099B3B4409939BF80030002BED
:102AD0008BD1B8F80C305B067AD409981DB0BDE8EC
:102AE000F08FBAEB0B04F4D023465A4641464846D1
:102AF000FFF77CFE0130ECD0099B9AF800202344BC
:102B000009937FE7A1F13002092A88BFD346B1D8E3
:102B1000079B00E00134217803EB830302EB4303BE
:102B2000A1F13002092AF5D92E290793A346A3D192
:102B30009BF801102A2927D1039B9BF802101A68E1
:102B400005920433002A0BF102000393B8BF4FF043
:102B5000FF338346B8BF05938EE7039B073323F00B
:102B6000070308330393ADE7494243F0020307919B
:102B700004937DE703AA00921B4B424604A94846F2
:102B8000FEF7FCFC07469BE7A1F130020023092A6F
:102B900005930BF1010B3FF66FAF1BF8011F03EB21
:102BA000830302EB4303A1F13002092AF5D905930F
:102BB00062E74021FEF7EAF9C8F80000C8F8100003
:102BC00018B14023C8F8143002E70C23C9F80030CC
:102BD0004FF0FF3082E700BF3811010840110108B3
:102BE0004411010800000000ED2700082DE9F0471E
:102BF000074649480E46354616F801EB10F80EC058
:102C00001CF0080CF7D1BEF12D0F5AD0BEF12B0FDE
:102C100003BF96F800E06446AE1C64464BB9BEF1B3
:102C2000300F5CD00A23DFF8F4804FF0050A994694
:102C30000AE0102B4AD04FF0FF38B8FBF3F803FB43
:102C400008FA6FEA0A0A99460025284605E02CD0C2
:102C500009FB00C0012516F801EBAEF1300CBCF108
:102C6000090F06D9AEF1410CBCF1190F0BD8AEF12A
:102C7000370C634510DDB5F1FF3FECD04045E6D998
:102C80004FF0FF35E7E7AEF1610CBCF1190F03D847
:102C9000AEF1570C6345EEDC6B1C0BD004B1404227
:102CA0000AB165B91160BDE8F087D445D0DD4FF0B9
:102CB000FF35D0E722233B602846002AF3D0711E5F
:102CC000F0E796F800E00124AE1CA7E7BEF1300F54
:102CD00011D04FF00F0A6FF070489946B4E733787F
:102CE00003F0DF03582B0BD008234FF0070A6FF0D7
:102CF00060489946A8E7307800F0DF005828E8D10E
:102D00004FF0100996F801E04FF00F0A02366FF00D
:102D100070484B4698E700BFAD0F01089999991983
:102D200064E700BF10B4044C8446134620685DF885
:102D3000044B0A46614659E70000002010B4044CD9
:102D40008446134620685DF8044B0A4661464DE709
:102D50000000002010B4044C03460A4620685DF8C9
:102D6000044B194600F078B80000002008B5062092
:102D700000F058FC012004F087FF00BF00000000B5
:102D800030B490F800F020F007016FF0000C10F064
:102D9000070491F820F040F048804FF000046FF0F5
:102DA0000700D1E9002391F840F000F1080082FA11
:102DB0004CF2A4FA8CF283FA4CF3A2FA8CF34BBBDC
:102DC000D1E9022382FA4CF200F10800A4FA8CF255
:102DD00083FA4CF3A2FA8CF3E3B9D1E9042382FA23
:102DE0004CF200F10800A4FA8CF283FA4CF3A2FA38
:102DF0008CF37BB9D1E9062301F1200182FA4CF270
:102E000000F10800A4FA8CF283FA4CF3A2FA8CF3D6
:102E1000002BC6D0002A04BF04301A4612BAB2FAF8
:102E200082F200EBD20030BC7047D1E9002304F0FD
:102E30000305C4F100004FEAC50514F0040F91F832
:102E400040F00CFA05F562EA05021CBF63EA0503CF
:102E500062464FF00004AAE770B5A1FB025454B9D2
:102E60002946FEF793F8064618B12A462146FDF793
:102E700013FA304670BD0C2202600026F9E700BF4D
:102E800010B4044C03460A4620685DF8044B19460A
:102E9000FEF7B0BA00000020024B01461868FEF7AA
:102EA00075B800BF00000020024B01461868FEF70D
:102EB000EDB800BF0000002040EA01039B0710B5F9
:102EC00001D1032A17D8844601F1FF3E07E01EF81E
:102ED000011F03F8011B541E29B19C46224663467C
:102EE000002AF4D110BD9444002CFBD003F8011B40
:102EF0006345FBD110BD8E468446DEF80040A4F148
:102F0000013323EA040313F0803F71460EF1040EEF
:102F1000DAD1043A032A4CF8044BEED87146D3E7D1
:102F20000CB400B583B004AB53F8042B0193FDF748
:102F30000FFB03B05DF804EB02B070470EB410B5A0
:102F400083B005AB064C53F8042B0193014620686F
:102F5000FDF7FEFA03B0BDE8104003B0704700BFB4
:102F6000000000202DE9F047DFF8749007460E4678
:102F7000904600F0BFFAD9F800504DB133781C46A6
:102F80006BB1344602E014F8013F3BB13D2BFAD15E
:102F9000384600F0B1FA0020BDE8F087A41B28688D
:102FA0000028F5D02246314600F024F828B92868D8
:102FB000035D3D2B00EB040A04D055F8040F0028F4
:102FC000F0D1E5E7D9F80030EB1A9B103846C8F885
:102FD000003000F091FA0AF10100BDE8F08700BF6F
:102FE0006C00002000B583B001AAFFF7BBFF03B05F
:102FF0005DF804FB002A3ED030B584460446084301
:1030000080070B462ED1032A07D82BE0043A25D09F
:103010001EF0803F22D1032A22D92068194653F896
:10302000045BA0F1013EA842A4462EEA000E04F182
:103030000404EBD09CF800000C7884421DD1E646D5
:1030400068B11EF8010F11F8014FA2EB0E03A04268
:1030500003F1FF3311D11CEB0303F1D1002030BD8C
:10306000A44619469CF800000C78A04205D1012A1C
:10307000F4D0E646E4E710467047001B30BD00BFC1
:1030800002780B78012A28BF9A4240F0D8806DE977
:10309000044540EA0104CDE902676FF0000C4FEAF5
:1030A00044721AB380EA010414F0070F6BD100F0E8
:1030B000070420F0070004F0030521F007014FEAA0
:1030C000C505F0E8042314F0040FF1E804670CFAD6
:1030D00005F462EA040266EA04060BD063EA04031C
:1030E000624667EA0407664604E000BFF0E804238E
:1030F000F1E8046782FA4CF582EA0604A4FA8CF43B
:103100006CBB83FA4CF583EA0705A5FA8CF595B9F3
:1031100050E9022351E9026782FA4CF582EA06047B
:10312000A4FA8CF483FA4CF583EA0705A5FA8CF52A
:103130002543DBD09CB92DBAB5FA85F424F00704F9
:1031400027FA04F1DDE9026723FA04F303F0FF0034
:1031500001F0FF01FDE80445A0EB0100704724BA2F
:10316000B4FA84F424F0070426FA04F1DDE90267D6
:1031700022FA04F202F0FF0001F0FF01FDE804452D
:10318000A0EB0100704714F0030F3CD110F00304D2
:1031900028D150F8082B51F8083B82FA4CF582EA06
:1031A0000305A5FA8CF55DB950F8042C51F8043CE0
:1031B00082FA4CF582EA0305A5FA8CF5002DE8D0D9
:1031C0002DBAB5FA85F424F0070423FA04F122FAA3
:1031D00004F202F0FF0001F0FF01FDE80445A0EB5E
:1031E000010070474FEAC40420F0030050F8082B98
:1031F00021F0030151F8083B0CFA04F462EA0402DE
:1032000063EA0403C9E710F003041DD0A1EB040135
:1032100020F00300E40750F8042B06D012D28B787C
:103220005FFAA2F4E41A06D12BB1CB785FFAB2F4BC
:10323000E41A00D133B920465DF8104B7047A2EB79
:103240000300704701F1040150F8042BCC0721F072
:10325000030151F8043B48D824D222F07F4482FA7B
:103260004CF594EA1325A5FA8CF50AD165B951F805
:10327000043B84EA0204B4EB036F0ED150F8042B34
:10328000EBE74FEA132355E035F07F454DD1087841
:10329000FDE80445C0F1000070474FEA126203F0F8
:1032A000FF0347E002EA1C4482FA4CF594EA134516
:1032B000A5FA8CF50AD165B951F8043B84EA0204F9
:1032C000B4EB034F0CD150F8042BEBE74FEA134358
:1032D00030E015EA1C4528D10B884FEA124229E05C
:1032E0004FEA124203EA1C4324E002F0FF0482FA90
:1032F0004CF594EA1365A5FA8CF50AD165B951F835
:10330000043B84EA0204B4EB032F09D150F8042BE8
:10331000EBE74FEA13630DE015F0FF0F05D10B68E3
:103320004FEA122223F07F4304E04FF00000FDE853
:103330000445704712BA1BBA82FA4CF482EA0304BD
:10334000A4FA8CF5B5FA85F402FA04F203FA04F350
:103350004FEA1260FDE80445A0EB1360704700BF20
:1033600008B410B5002A9DB0044636DB4FF4027352
:10337000ADF814304FF000031B930291069120AB7F
:1033800017D0013A4FF6FF7104920792ADF816106C
:103390001F9A019302A9FFF70DFB421C01DA8B2350
:1033A0002360029B00221A701DB0BDE8104001B0DE
:1033B00070474FF6FF7104920792ADF816101F9AEE
:1033C000019302A9FFF7F6FA431C01DA8B2323606D
:1033D0001DB0BDE8104001B070478B2303604FF073
:1033E000FF30F5E70CB410B5214B00291C689CB0E8
:1033F00038DB4FF000034FF402721B93ADF814203A
:10340000029006901FAB18D001394FF6FF7204915D
:103410000791ADF8162002A91E9A01932046FFF7E6
:10342000C9FA421C01DA8B232360029B00221A7026
:103430001CB0BDE8104002B070474FF6FF72049117
:103440000791ADF8162002A91E9A01932046FFF7B6
:10345000B1FA431C01DA8B2323601CB0BDE8104095
:1034600002B070478B2323604FF0FF30F5E700BFB9
:1034700000000020032A30B415D941EA0004A40753
:1034800084460B4604D0541E0FE0043A032A08D9A0
:103490001946604653F8044B5CF8045BA542F4D02F
:1034A000F1E760461946541E7AB1431E01390219EC
:1034B00001E09A4209D013F8010F11F801CF6045DD
:1034C000F7D0A0EB0C0030BC7047002030BC704738
:1034D00071B1034600EB010C01E0634506D01A46CA
:1034E000013311780029F8D1101A7047181A704763
:1034F00008467047704700BF704700BF38B5C46BBF
:103500000CB1002038BD80210546FDF73FFD024685
:10351000E86330B1031F7C3243F8044F9342FBD180
:10352000EFE74FF0FF3038BD30B51F2983B00546B7
:1035300008D8C36B0C4653B153F8240043F8242039
:1035400003B030BD162303604FF0FF30F8E7802151
:103550000192FDF71BFD019AE86303460028F3D0B2
:10356000011F00F17C05002041F8040FA942FBD1A6
:10357000E2E700BF1F2938B505461ED8C26B0C46CE
:103580006AB152F8213053B1012B06D0591C10D02A
:10359000002142F8241020469847002038BD2846D4
:1035A00000F0F2F8224601462846BDE8384000F017
:1035B000D5B816230360012038BD162303604FF0F1
:1035C000FF3038BD1F292AD838B5C36B0C460546D5
:1035D000A3B153F8242003EB84034AB1511C0BD050
:1035E000012A07D0002520461D609047284638BD97
:1035F000012038BD032038BD022038BD8021FDF7F1
:10360000C5FC0346E86338B1021F00217C3042F854
:10361000041F8242FBD1DCE74FF0FF3038BD4FF092
:10362000FF30704738B5134B1F281D681DD8EA6B53
:10363000044662B152F820304BB1012B05D0591C21
:103640000FD0002142F820109847002038BD2846AE
:1036500000F09AF8224601462846BDE8384000F0BE
:103660007DB816232B60012038BD16232B604FF048
:10367000FF3038BD00000020114B1F2870B51E68B8
:1036800008D8F36B04460D464BB153F8240043F8B9
:10369000245070BD162333604FF0FF3070BD802181
:1036A0003046FDF773FC0346F0630028F4D0021F98
:1036B00000217C3042F8041F8242FBD1E5E700BFC5
:1036C0000000002038B50B4B1D68EC6B0CB10020DE
:1036D00038BD80212846FDF759FCE86338B1031F47
:1036E00000F17C0243F8044F9342FBD1EFE74FF027
:1036F000FF3038BD0000002038B5174B1F281D686B
:1037000026D80446E86BA0B150F8243000EB8400C2
:103710004BB15A1C0BD0012B07D000250560204669
:103720009847284638BD012038BD032038BD022007
:1037300038BD80212846FDF729FCE86340B1031F0E
:1037400000F17C01002243F8042F8B42FBD1DBE720
:103750004FF0FF3038BD00BF0000002070B50C46B0
:10376000084D03460026204611461C462E6004F0F4
:1037700083FA431C00D070BD2B68002BFBD0236064
:1037800070BD00BF3004002004F074BA08B50268B0
:10379000034B9A4200D008BD00F002FBFBE700BFDC
:1037A000002C014072B6FEE700B5A7B02822002128
:1037B0001CA8FCF771FD00211791189119911A911D
:1037C0001B91582201A8FCF767FD01221C924FF4BF
:1037D00080331D931F920222229223934FF4E01311
:1037E00024931CA800F0EEFAC0B90F23179302210E
:1037F0001891002319934FF480621A921B9317A813
:1038000000F02CFE60B9022301930023049301A869
:1038100000F048FF30B927B05DF804FBFFF7C2FFA6
:10382000FFF7C0FFFFF7BEFF08B500F0A7FAFFF7EC
:10383000BBFF00F00DF800F003F900F081F900F093
:1038400021F903F023FE00F0EBF803F041FEFEE760
:10385000F0B58BB00024059406940794089409945D
:10386000324B5A6942F400225A615A6902F400222A
:103870000192019A5A6942F480025A615A6902F42B
:1038800080020292029A5A6942F400325A615A69DD
:1038900002F400320392039A5A6942F480225A6178
:1038A0005B6903F480230493049B224620214FF09C
:1038B000904001F067F91E4D224641F2040128466E
:1038C00001F060F94FF4005305934FF4041306938D
:1038D000079405A9174801F065F8202305930126F0
:1038E00006960794089405A94FF0904001F05AF805
:1038F000022705970694079705A9284601F052F874
:103900000423059306960796089405A9284601F016
:1039100049F84FF48053059306960797089405A934
:10392000284601F03FF80BB0F0BD00BF0010024088
:10393000000400480008004800B5A5B02A4B0193D8
:103940002A4B00932A4B2B4A2B49012004F0A8FE56
:103950001FA804F027FE294B1F93294B2093294BC6
:103960002193294B22931FA804F038FE28B302A804
:1039700004F026FE0DF12C0E0DF1080CBCE80F0032
:10398000AEE80F00DCF80030CEF800300BAB0022C0
:10399000114610A804F044FD10AB1C4A1C4909A8AC
:1039A00004F088FD05F00CFB02461A4B09A91EA87D
:1039B00004F0BCFD00231D930EE091211648FCF796
:1039C0006DFDD4E7B2211548FCF768FD1D9B01335E
:1039D0001D930A2003F018FE00221DA91EA804F062
:1039E000FBFC0028EED1F1E75D810008278100088B
:1039F000198100080181000860340020997F0008C7
:103A0000B97F0008D97F0008198000080C18010848
:103A1000D8100108E4100108B0100108F8100108DE
:103A200008B5044A0021044803F078FD034B1860F0
:103A300008BD00BF40180108393900087033002064
:103A400000B583B00E4B5A6942F001025A615B69BE
:103A500003F001030193019B00220521102001F0D6
:103A60001FFA102001F02CFA00220521112001F08C
:103A700017FA112001F024FA03B05DF804FB00BF2F
:103A80000010024008B51148114B03604FF48273D7
:103A90004360002383604FF4E062C260022202614F
:103AA000012242614FF4007282612022C2610362EE
:103AB000436283620722C2620363436301F00EFA2A
:103AC00000B908BDFFF76EFEFBE700BF74330020AE
:103AD0000038004000B589B0002303930493059398
:103AE000069307930268144B9A4202D009B05DF81E
:103AF00004FB03F5EC33DA6942F48042DA61DA69F7
:103B000002F480420192019A5A6942F480225A6179
:103B10005B6903F480230293029B4FF46043039399
:103B200002230493032306930523079303A9034861
:103B300000F038FFDAE700BF00380040000400481A
:103B400008B50B480B4B03604FF4E133436000238F
:103B50008360C36003610C2242618361C3610362BD
:103B6000436202F032F900B908BDFFF71BFEFBE724
:103B7000603400200044004010B588B00023039357
:103B8000049305930693079302682F4B9A4201D042
:103B900008B010BD044603F5E633DA6942F400329A
:103BA000DA61DA6902F400320192019A5A6942F448
:103BB00000325A615B6903F400330293029B0C23C9
:103BC0000393022304930723079303A94FF0904024
:103BD00000F0E8FE1D481E4B036000234360836035
:103BE0008022C26003614361202383614FF440530C
:103BF000C36101F009F800BB144B63675C621548B0
:103C0000154B036010234360002383608022C26051
:103C10000361436183614FF44053C36100F0F4FFDB
:103C200070B90C4B23675C6200220521262001F04D
:103C300037F9262001F044F9AAE7FFF7B3FDDBE7E7
:103C4000FFF7B0FDEDE700BF004400401C3400204A
:103C50006C000240D833002080000240FEE7FEE7FF
:103C6000FEE7FEE7FEE7704708B5024801F076F888
:103C700008BD00BF1C34002008B5024801F06EF8F2
:103C800008BD00BFD833002008B5024801F0E6F9AE
:103C900008BD00BFE834002008B5024801F08AFCE6
:103CA00008BD00BF6034002000B583B00D4B9A6999
:103CB00042F001029A619A6902F001020092009AB0
:103CC000DA6942F08052DA61DB6903F080530193D4
:103CD000019B00220F216FF0010001F0E1F803B019
:103CE0005DF804FB0010024030B589B004461E4B5D
:103CF0009A6942F400629A619B6903F4006301933C
:103D0000019B02A903A800F0AFFC00F097FC174A42
:103D1000A2FB00239B0C013B1548164A026040F2AF
:103D2000E732C2604360002303618360836101F076
:103D3000C3FA054610B1284609B030BD0C4801F061
:103D400043F905460028F6D1192001F0B9F80F2CE7
:103D500001D90125EFE700222146192001F0A0F842
:103D6000054B1C60E7E700BF0010024083DE1B43E9
:103D7000E8340020002C01406000002008B5074A0C
:103D8000136843F010031360032001F077F80F204D
:103D9000FFF7AAFFFFF788FF002008BD00200240C0
:103DA000034A1168034B1B780B441360704700BF34
:103DB000343500205C000020014B1868704700BFBC
:103DC00034350020002800F0088370B582B0044626
:103DD000036813F0010F3DD0B24B5B6803F00C0396
:103DE000042B20D0AF4B5B6803F00C03082B13D0DF
:103DF0006368B3F5803F6AD0002B40F08D8003F1FB
:103E0000804303F504331A6822F480321A601A687A
:103E100022F480221A605FE0A24B5B6803F4C03397
:103E2000B3F5803FE4D14FF4003393FAA3F39D4BF5
:103E300019684FF4003393FAA3F3B3FA83F303F052
:103E40001F03012202FA03F30B4203D06368002B25
:103E500000F0C582236813F0020F00F0BF80914B81
:103E60005B6813F00C0F00F097808E4B5B6803F0DB
:103E70000C03082B00F08880E368002B00F0EB8037
:103E8000012292FAA2F3B3FA83F303F1845303F508
:103E900084139B001A60FFF78FFF0546022393FAF5
:103EA000A3F3804B1968022393FAA3F3B3FA83F3C5
:103EB00003F01F03012202FA03F30B4240F0BD801E
:103EC000FFF77AFF401B0228E8D9032090E2754AE9
:103ED000136843F4803313606368002B36D0FFF718
:103EE0006BFF05464FF4003393FAA3F36D4B19684B
:103EF0004FF4003393FAA3F3B3FA83F303F01F03F1
:103F0000012202FA03F30B42A4D1FFF755FF401B35
:103F10006428E7D903206BE2B3F5A02F09D0614BE9
:103F20001A6822F480321A601A6822F480221A6019
:103F3000D2E703F18043A3F53C331A6842F48022B0
:103F40001A601A6842F480321A60C5E7FFF734FF3E
:103F500005464FF4003393FAA3F3524B19684FF41C
:103F6000003393FAA3F3B3FA83F303F01F030122A0
:103F700002FA03F30B423FF46DAFFFF71DFF401B46
:103F80006428E6D9032033E2464B5B6803F4C03370
:103F9000B3F5004F7FF470AF022393FAA3F3414BC4
:103FA0001968022393FAA3F3B3FA83F303F01F0310
:103FB000012202FA03F30B4203D0E368934240F07C
:103FC00010823848036823F0F8032169F82292FA36
:103FD000A2F2B2FA82F291400B430360236813F01D
:103FE000080F00F08B806369002B5FD0012191FAEC
:103FF000A1F2B2FA82F22C4B13449B001960FFF736
:10400000DBFE0546022393FAA3F293FAA3F293FA96
:10401000A3F2244A516A93FAA3F3B3FA83F303F0A9
:104020001F03012202FA03F30B4267D1FFF7C4FE1C
:10403000401B0228E6D90320DAE11A48036823F07E
:10404000F8032169F82292FAA2F2B2FA82F29140C0
:104050000B430360C2E7012393FAA3F3B3FA83F39C
:1040600003F1845303F584139B0000221A60FFF7C9
:10407000A3FE0546022393FAA3F30A4B1968022311
:1040800093FAA3F3B3FA83F303F01F03012202FAB6
:1040900003F30B42A2D0FFF78FFE401B0228E9D9A1
:1040A0000320A5E10010024020819010012292FA25
:1040B000A2F2B2FA82F29C4B13449B0000221A60D7
:1040C000FFF77AFE0546022393FAA3F293FAA3F2CE
:1040D00093FAA3F2954A516A93FAA3F3B3FA83F3DE
:1040E00003F01F03012202FA03F30B4206D0FFF78D
:1040F00063FE401B0228E6D9032079E1236813F010
:10410000040F00F0A980894BDB6913F0805F20D198
:10411000864BDA6942F08052DA61DB6903F0805342
:104120000193019B0125824B1B6813F4807F12D001
:10413000A368012B23D073BB03F1804303F5043341
:104140001A6A22F001021A621A6A22F004021A6242
:104150001AE00025E7E7764A136843F4807313609A
:10416000FFF72AFE0646724B1B6813F4807FDFD1EF
:10417000FFF722FE801B6428F5D9032038E16B4A43
:10418000136A43F001031362A368002B3CD0FFF7CE
:1041900013FE06462EE0052B09D0644B1A6A22F066
:1041A00001021A621A6A22F004021A62ECE75F4BFB
:1041B0001A6A42F004021A621A6A42F001021A6292
:1041C000E2E7022393FAA3F3584B596A022393FAC6
:1041D000A3F3B3FA83F303F01F03012202FA03F3FC
:1041E000194238D1FFF7E8FD801B41F2883398422D
:1041F00000F2F980022393FAA3F293FAA3F3002BBF
:10420000DFD04A4B196AE1E7FFF7D6FD064618E012
:10421000022393FAA3F3454B596A022393FAA3F3BB
:10422000B3FA83F303F01F03012202FA03F31942E6
:1042300011D0FFF7C1FD801B41F28833984200F294
:10424000D480022393FAA3F293FAA3F3002BDFD0D6
:10425000364B196AE1E7B5BBA369002B00F0C780B4
:10426000324A526802F00C02082A00F0A080022BA9
:104270002FD04FF0807393FAA3F3B3FA83F303F1D3
:10428000845303F584139B0000221A60FFF794FD0A
:1042900004464FF0007393FAA3F3244B19684FF0D0
:1042A000007393FAA3F3B3FA83F303F01F0301221D
:1042B00002FA03F3194278D0FFF77EFD001B0228B3
:1042C000E7D9032094E0194AD36923F08053D361DE
:1042D000C2E74FF0807393FAA3F3B3FA83F303F1C9
:1042E000845303F584139B0000221A60FFF764FDDA
:1042F00005464FF0007393FAA3F30C4B19684FF087
:10430000007393FAA3F3B3FA83F303F01F030122BC
:1043100002FA03F319420DD0FFF74EFD401B0228AD
:10432000E7D9032064E000BF208190100010024014
:1043300000700040334AD36A23F00F03616A0B43D5
:10434000D362536823F47613216AE06901430B4377
:1043500053604FF0807393FAA3F3B3FA83F303F13E
:10436000845303F584139B0001221A60FFF724FD98
:1043700004464FF0007393FAA3F3224B19684FF0F1
:10438000007393FAA3F3B3FA83F303F01F0301223C
:1043900002FA03F3194206D1FFF70EFD001B0228B3
:1043A000E7D9032024E0002022E0002020E0012BB8
:1043B00020D0144A5368D06A03F4C031E2699142B4
:1043C0001AD103F47013226A934217D100F00F0040
:1043D000636A984214D100200AE00120704701204E
:1043E00006E0012004E0032002E0032000E00020BA
:1043F00002B070BD0120FBE70120F9E70120F7E7DB
:104400000120F5E700100240104B5B6803F00C023E
:10441000082A01D00E487047C3F383420D49885CD7
:104420000A4AD26A02F00F020B498A5C13F4803FF9
:1044300005D0074BB3FBF2F303FB00F07047044BCE
:10444000B3FBF2F303FB00F0704700BF0010024023
:1044500000127A007418010864180108002800F09E
:10446000BE8070B50D460446614B1B6803F0070320
:104470008B420BD25E4A136823F007030B43136091
:10448000136803F007038B4240F0AB80236813F0FE
:10449000020F06D0574A536823F0F003A1680B437C
:1044A0005360236813F0010F5AD06368012B2DD09D
:1044B000022B40D0022292FAA2F24E4A1068022247
:1044C00092FAA2F2B2FA82F202F01F02012101FA7C
:1044D00002F2104200F0878046494A6822F0030247
:1044E00013434B60FFF768FC0646424B5B6803F0E2
:1044F0000C036268B3EB820F32D0FFF75DFC801BC8
:1045000041F288339842F0D9032067E04FF400323B
:1045100092FAA2F2374A10684FF4003292FAA2F2ED
:10452000B2FA82F202F01F02012101FA02F2024203
:10453000D2D1012052E04FF0007292FAA2F22D4A3D
:1045400010684FF0007292FAA2F2B2FA82F202F010
:104550001F02012101FA02F21042BDD101203DE00B
:10456000234B1B6803F00703AB420AD9204A1368A8
:1045700023F007032B431360136803F00703AB42D8
:1045800033D1236813F0040F06D01A4A536823F47A
:10459000E063E1680B435360236813F0080F07D012
:1045A000144A536823F46053216943EAC1035360FA
:1045B000FFF72AFF0F4B5B6803F0F003F02292FA3B
:1045C000A2F2B2FA82F2D3400B4AD35CD8400B4B32
:1045D00018600B4B1868FFF787FB002070BD0120A7
:1045E00070470120FAE70120F8E70120F6E700BF55
:1045F00000200240001002408C18010864000020D6
:1046000060000020014B1868704700BF6400002064
:1046100008B5FFF7F7FF074B5B6803F4E0634FF45F
:10462000E06292FAA2F2B2FA82F2D340024AD35C7A
:10463000D84008BD001002408418010808B5FFF7F3
:10464000E1FF074B5B6803F460534FF4605292FA4A
:10465000A2F2B2FA82F2D340024AD35CD84008BD3B
:1046600000100240841801080F2303600B4B5A68A6
:1046700002F0030242605A6802F0F00282605A6857
:1046800002F4E062C2605B68DB0803F4E06303618C
:10469000034B1B6803F007030B60704700100240D8
:1046A00000200240F0B583B00446036813F4803F55
:1046B00048D0A14BDB6913F0805F40F021819E4B15
:1046C000DA6942F08052DA61DB6903F080530193CA
:1046D000019B0125994B1B6813F4807F00F0128128
:1046E000954B1B6A13F4407322D0626802F4407247
:1046F0009A421DD09048016A21F440764FF48033ED
:1047000093FAA3F2B2FA82F28D4F3A4492004FF03C
:10471000010CC2F800C093FAA3F3B3FA83F33B444D
:104720009B0000221A60066211F0010F40F0FF802A
:10473000814A136A23F4407361680B431362002DAE
:1047400040F02381236813F0010F06D07A4A136BDF
:1047500023F00303A1680B431363236813F0020FD4
:1047600006D0754A136B23F44033E1680B4313639F
:10477000236813F0040F06D06F4A136B23F4402311
:1047800021690B431363236813F0200F06D06A4A94
:10479000136B23F01003E1690B431363236813F4D5
:1047A000003F06D0644A536823F48003616D0B43D5
:1047B0005360236813F0400F06D05F4A136B23F059
:1047C0002003216A0B431363236813F4802F06D060
:1047D000594A136B23F04003616A0B431363236848
:1047E00013F0080F06D0544A136B23F44013616989
:1047F0000B431363236813F0100F06D04E4A136B5C
:1048000023F44003A1690B431363236813F4007F6F
:1048100006D0494A536823F40003216B0B435360CD
:10482000236813F0800F06D0434AD36A23F4F87349
:10483000A16A0B43D362236813F4807F06D03E4AFB
:10484000D36A23F47853E16A0B43D362236813F4E9
:10485000805F06D0384A136B23F48073616B0B437F
:104860001363236813F4005F06D0334A136B23F4F9
:104870000073216C0B431363236813F4801F06D06D
:104880002D4A136B23F08073A16B0B4313632368D2
:1048900013F4001F06D0284A136B23F00073E16B5A
:1048A0000B431363236813F4800F06D0224A136B63
:1048B00023F48063616C0B431363236813F4000FCC
:1048C00006D01D4A136B23F40063A16C0B431363E2
:1048D000236813F0807F06D0174A136B23F400532C
:1048E000E16C0B431363236813F0007F54D0124A2A
:1048F000136B23F40043216D0B43136300204CE042
:104900000025E7E60D4A136843F480731360FFF750
:1049100053FA0646094B1B6813F4807F7FF4E0AE20
:10492000FFF74AFA801B6428F4D9032035E0FFF72B
:1049300043FA06461FE000BF00100240007000402E
:1049400000819010022393FAA3F3154B596A0223B6
:1049500093FAA3F3B3FA83F303F01F03012202FADD
:1049600003F30B427FF4E4AEFFF726FA801B41F21B
:10497000883398420ED8022393FAA3F293FAA3F352
:10498000002BDFD0064B196AE1E7D36923F080538F
:10499000D361D7E6032000E0002003B0F0BD00BFE4
:1049A00000100240F0B583B0002362E085685E002D
:1049B0000324B44025EA0405CC68B4402C43846049
:1049C000456825EA0C054C68C4F300149C402C4350
:1049D00044605FE0DD08083550F8254003F0070C1F
:1049E0004FEA8C0C4FF00F0E0EFA0CFE24EA0E0E5E
:1049F0000C6904FA0CF444EA0E0440F8254060E027
:104A0000062400E0002404FA0EF42C430CF1020CFE
:104A1000584D45F82C40584CA568D44325EA020669
:104A20004F6817F4801F01D042EA0506524DAE6070
:104A3000ED6804EA05064F6817F4001F01D042EA4A
:104A400005064D4DEE606D6804EA05064F6817F4E3
:104A5000003F01D042EA0506474D6E602D682C40AC
:104A60004E6816F4803F01D042EA0504424A1460C1
:104A700001330A6832FA03F47AD04FF0010C0CFAD1
:104A800003FC1CEA0202F3D04C6804F00304013C6E
:104A9000012C8BD94C6804F00304032C0CD0C4689F
:104AA0005D004FF0030C0CFA05FC24EA0C0C8C683A
:104AB000AC4044EA0C04C4604C6804F00304022CCB
:104AC00088D004684FEA430E4FF0030C0CFA0EFC3A
:104AD00024EA0C0C4C6804F0030404FA0EF444EAD3
:104AE0000C0404604C6814F4403FC1D0234CA56909
:104AF00045F00105A561A46904F001040194019C3D
:104B00004FEA930C0CF102051A4C54F8255003F0AF
:104B1000030E4FEA8E0E0F2404FA0EF425EA040564
:104B2000B0F1904F3FF46EAF154CA04216D004F593
:104B30008064A04214D004F58064A04212D004F531
:104B40008064A04210D004F58064A0420ED004F529
:104B50008064A0423FF454AF072454E7012452E795
:104B6000022450E703244EE704244CE705244AE7D7
:104B700003B0F0BD000001400004014000100240FD
:104B8000000400480AB1816170478162704730B407
:104B90000124056CAC40C56B6C60046863604368BD
:104BA000102B05D0036899600368DA6030BC704749
:104BB00003689A600368D960F8E7000002680C4B4C
:104BC0009A420AD80B4B13440B4AA2FB03231B093E
:104BD0009B000364094BC3637047094B1344064AA7
:104BE000A2FB03231B099B000364064BC3637047AE
:104BF00007040240F8FFFDBFCDCCCCCC0000024042
:104C0000F8FBFDBF0004024010B310B504460223B8
:104C100080F8213001680A686FF30D1243688068DC
:104C20000343E06803432069034360690343A069C9
:104C30000343E069034313430B602046FFF7BEFFC5
:104C40000020A063012384F8213084F8200010BDE7
:104C50000120704738B5044690F82000012831D073
:104C6000012084F8200094F82100012804D00023BA
:104C700084F82030022038BD022084F82100002072
:104C8000A0632568286820F0010028602046FFF70F
:104C90007EFFE36A5BB12268136843F00E03136082
:104CA0002268136843F0010313600020E3E72268E1
:104CB000136843F00A0313602268136823F00403A7
:104CC0001360EDE70220D6E7034600B390F82120F9
:104CD000022A06D004228263002280F820200120CC
:104CE000704701680A6822F00E020A6001680A68CB
:104CF00022F001020A60026CC06B012101FA02F28B
:104D0000426083F82110002083F8200070470120C2
:104D1000704708B590F82130022B03D00423836339
:104D2000012008BD0268136823F00E0313600268B7
:104D3000136823F001031360036CC16B012202FAB4
:104D400003F34B6080F82120002380F82030436B70
:104D500013B198470020E4E70020E2E738B5C36BC1
:104D60001A6804682568016C04238B40134213D031
:104D700015F0040F10D0236813F0200F03D123681F
:104D800023F004032360016CC26B04238B40536047
:104D9000C36A03B1984738BD02238B4013421AD02F
:104DA00015F0020F17D0236813F0200F06D12368E7
:104DB00023F00A032360012380F82130016CC26BC9
:104DC00002238B405360002380F82030836A002B3D
:104DD000E1D09847DFE708238B401342DBD015F082
:104DE000080FD8D0236823F00E032360026CC16B38
:104DF000012303FA02F24A60836380F82130002322
:104E000080F82030036B002BC5D09847C3E7806B38
:104E100070470000002808DB0901C9B200F16040BA
:104E200000F5614080F80013704700F00F000901A1
:104E3000C9B2014B1954704714ED00E000B500F001
:104E40000700C0F1070CBCF1040F28BF4FF0040CA1
:104E5000031D062B0FD9C31E4FF0FF3E0EFA0CF0B8
:104E600021EA000199400EFA03FE22EA0E0241EA0D
:104E700002005DF804FB0023EEE70000074AD36858
:104E800023F4E0631B041B0C000200F4E060034306
:104E900043F0BF6343F40033D360704700ED00E09C
:104EA00010B50446054BD868C0F30220FFF7C6FFD3
:104EB00001462046FFF7AEFF10BD00BF00ED00E049
:104EC000002807DB00F01F02400901239340024A3B
:104ED00042F82030704700BF00E100E000286FD0AA
:104EE00010B50446436A33B94368B3F5827F05D0F1
:104EF0000023C36102E00023036143610023A36236
:104F000094F85D30002B52D0022384F85D30226883
:104F1000136823F040031360E368B3F5E06F4CD9E6
:104F20000022B3F5706F04D0B3F5E06F01D0002319
:104F3000A362636803F48273A16801F404410B4324
:104F4000216901F002010B43616901F001010B438A
:104F5000A16901F400710B43E16901F038010B43D1
:104F6000216A01F080010B43A16A01F4005120681D
:104F70000B430360638B03F00403616A01F01001CB
:104F80000B43616B01F008010B43E16801F47061B0
:104F90000B43216813434B602268D36923F40063F9
:104FA000D36100202066012384F85D3010BD84F8B1
:104FB0005C302046FEF78EFDA6E74FF48052B0E746
:104FC000012070477047000090F83D30DBB2012BA4
:104FD00036D1022380F83D300268D36843F00103E4
:104FE000D3600368194A93421CD0B3F1804F19D0A3
:104FF000A2F59432934215D002F58062934211D00B
:1050000002F5963293420DD002F54062934209D0E8
:1050100002F58052934205D01A6842F001021A60EC
:105020000020704799680A4A0A40062A0AD0B2F559
:10503000803F09D01A6842F001021A6000207047D0
:10504000012070470020704700207047002C01406D
:1050500007000100704770477047704770B50446FD
:105060000368DE681D6915F0020F10D016F0020FFC
:105070000DD06FF002021A610123037703689B6968
:1050800013F0030F64D0FFF7E6FF0023237715F03A
:10509000040F12D016F0040F0FD023686FF0040233
:1050A0001A610223237723689B6913F4407F55D04C
:1050B0002046FFF7D0FF0023237715F0080F12D00A
:1050C00016F0080F0FD023686FF008021A6104234E
:1050D00023772368DB6913F0030F46D02046FFF7E0
:1050E000BAFF0023237715F0100F12D016F0100F1F
:1050F0000FD023686FF010021A610823237723680A
:10510000DB6913F4407F37D02046FFF7A4FF00236C
:10511000237715F0010F02D016F0010F33D115F0EF
:10512000800F02D016F0800F35D115F4807F02D0A9
:1051300016F0800F37D115F0400F02D016F0400F57
:1051400039D115F0200F02D016F0200F3BD170BDE1
:10515000FFF780FF2046FFF77FFF96E72046FFF727
:1051600079FF2046FFF778FFA5E72046FFF772FF9B
:105170002046FFF771FFB4E72046FFF76BFF20469C
:10518000FFF76AFFC3E723686FF001021A61204648
:10519000FEF7FCFAC3E723686FF080021A6120462D
:1051A00000F0BBF8C1E723686FF480721A612046F3
:1051B00000F0B4F8BFE723686FF040021A612046A0
:1051C000FFF74BFFBDE723686FF020021A6120460E
:1051D00000F0A2F8BBE700000368364A904212D004
:1051E000B0F1804F0FD0A2F5943290420BD002F56F
:1051F0008062904207D002F59632904203D002F5C9
:10520000E052904203D123F070034A681343294AC5
:1052100090421ED0B0F1804F1BD0A2F59432904244
:1052200017D002F58062904213D002F59632904278
:105230000FD002F5406290420BD002F5806290429E
:1052400007D002F58062904203D002F500629042DE
:1052500003D123F44073CA68134323F080034A69DF
:10526000134303608B68C3620B688362114B9842DF
:1052700013D003F5006398420FD003F540639842C2
:105280000BD003F58063984207D003F58063984202
:1052900003D003F50063984201D10B690363012336
:1052A0004361036913F0010F03D0036923F0010385
:1052B00003617047002C014060B310B5044690F8BC
:1052C0003D3013B3022384F83D30214651F8040BDE
:1052D000FFF782FF012384F8483084F83E3084F8D9
:1052E0003F3084F8403084F8413084F8423084F80C
:1052F000433084F8443084F8453084F8463084F8EC
:10530000473084F83D30002010BD80F83C30FFF776
:1053100059FED7E701207047704770477047026811
:1053200052E8003F23F0C00342E800310029F6D1E3
:105330002023C3677047026852E8003F23F490734C
:1053400042E800310029F6D1026802F1080353E86F
:10535000003F23F00103083242E800310029F3D175
:10536000036E012B06D02023C0F880300023036693
:1053700083667047026852E8003F23F0100342E85A
:1053800000310029F6D1EEE71346C26F202A3BD147
:1053900010B50446002939D0002B39D0C164A0F8DB
:1053A0005030A0F852300022C0F884202122C26779
:1053B000026FC2B117499162026F1749D162026F41
:1053C00016491163026F0021516302682832C16CD3
:1053D000006FFFF73FFC30B11023C4F88430202366
:1053E000E36701200FE0236840221A62226802F17D
:1053F000080353E8003F43F08003083242E80031DD
:105400000029F3D1002010BD022070470120FAE7E7
:105410000120F8E7CF540008375500084755000829
:1054200038B50446C26FD0F8805003689B6813F00B
:10543000800F01D0212A08D023689B6813F0400F09
:1054400042D0222D20D000203FE0226802F1080344
:1054500053E8003F23F08003083242E8003100297E
:10546000F3D1206F10B1FFF72FFC18B92046FFF7DA
:1054700056FFE1E7206FFFF7CAFC2028F6D1102382
:10548000C4F88430032020E0226802F1080353E8C6
:10549000003F23F04003083242E800310029F3D1F5
:1054A000606F10B1FFF710FC20B92046FFF743FFF3
:1054B00000200AE0606FFFF7AAFC2028F5D1102336
:1054C000C4F88430032000E0002038BD704708B5E0
:1054D000416A8369202B18D00023A1F852300A6852
:1054E00002F1080353E8003F23F08003083242E84A
:1054F00000300028F3D10A6852E8003F43F040032F
:1055000042E800300028F6D108BD0846FFF7DEFF6C
:10551000FAE708B5026852E8003F23F0400342E88A
:1055200000310029F6D12023C3670023C366FFF7AB
:10553000CDFF08BD704708B5406AFFF7FBFF08BD07
:1055400070477047704738B5446AE26FD4F88050AE
:1055500023689B6813F0800F01D0212A10D02368A4
:105560009B6813F0400F01D0222D10D0D4F8843066
:1055700043F01003C4F884302046FFF7E3FF38BD42
:105580000023A4F852302046FFF7C9FEE7E70023C6
:10559000A4F85A302046FFF7CEFEE7E708B5406A88
:1055A0000023A0F85A30A0F85230FFF7CBFF08BD17
:1055B0007047000070B504460268D36911689068AE
:1055C00040F60F0C13EA0C0F0AD113F0200F0DD088
:1055D00011F0200F0AD0A36E0BB3204698471EE0AF
:1055E00010F001051CD1AB4E314219D1256E012DB1
:1055F00000F0A48013F4801F03D010F4800F40F05B
:10560000368113F0800F03D011F0800F40F0368107
:1056100013F0400F03D011F0400F40F0368170BD01
:1056200013F0010F09D011F4807F06D00120106221
:10563000D4F884200243C4F8842013F0020F09D068
:1056400045B1226802201062D4F8842042F004029E
:10565000C4F8842013F0040F09D045B12268042057
:105660001062D4F8842042F00202C4F8842013F0BF
:10567000080F0BD011F0200F00D13DB12268082097
:105680001062D4F884200243C4F8842013F4006F1D
:105690000CD011F0806F09D022684FF400601062C6
:1056A000D4F8842042F02002C4F88420D4F8842066
:1056B000002AB4D013F0200F06D011F0200F03D031
:1056C000A36E0BB120469847D4F8842023689B68CA
:1056D00013F0400F02D112F0280F28D02046FFF718
:1056E0002AFE23689B6813F0400F1CD0226802F149
:1056F000080353E8003F23F04003083242E800313A
:105700000029F3D1636F53B1634A5A63606FFFF7A7
:1057100000FB002883D0606F436B98477FE72046EB
:10572000FFF710FF7BE72046FFF70CFF77E72046E7
:10573000FFF708FF0023C4F8843070E713F0100F60
:105740003FF458AF11F0100F3FF454AF1023136221
:1057500023689B6813F0400F4FD0626F13685B683B
:105760009BB2002B3FF45BAFB4F8581099427FF620
:1057700056AFA4F85A309369202B31D0226852E8F2
:10578000003F23F4807342E800310029F6D12268FB
:1057900002F1080353E8003F23F00103083242E816
:1057A00000310029F3D1226802F1080353E8003FD9
:1057B00023F04003083242E800310029F3D12023CE
:1057C000C4F8803000232366226852E8003F23F0AB
:1057D000100342E800310029F6D1606FFFF774FA38
:1057E00002236366B4F85810B4F85A309BB2C91A51
:1057F00089B22046FFF7DCFE11E7B4F85810B4F880
:105800005A309BB2C91A89B2B4F85A309BB2002BF5
:105810003FF405AF00293FF402AF226852E8003F91
:1058200023F4907342E800300028F6D1226802F198
:10583000080353E8003F23F00103083242E8003038
:105840000028F3D12023C4F8803000232366A36608
:10585000226852E8003F23F0100342E8003000289D
:10586000F6D1022363662046FFF7A2FED7E64FF487
:1058700080131362204600F04DFBD0E6E36E002B50
:105880003FF4CDAE20469847C9E62046FFF741FEDB
:10589000C5E600BF200100049D55000808B5406A18
:1058A00001234366036E012B02D0FFF74AFE08BDB9
:1058B000B0F858104908FFF77BFEF8E708B5034633
:1058C000406A9B69202B29D00023A0F85A30026837
:1058D00052E8003F23F4807342E800310029F6D1FA
:1058E000026802F1080353E8003F23F00103083285
:1058F00042E800310029F3D1026802F1080353E8BD
:10590000003F23F04003083242E800310029F3D180
:105910002023C0F88030036E012B07D0002343669C
:10592000036E012B0CD0FFF70BFE08BD026852E896
:10593000003F23F0100342E800310029F6D1EDE7E3
:10594000B0F85810FFF734FEEFE7000010B504463A
:1059500083680269134342691343C26913430168B0
:105960000868864A02401A430A602268536823F492
:105970004053E1680B435360A269236A1A432168CC
:105980008B6823F4306313438B6023687C4A934213
:105990001BD07C4A93422AD07B4A93423BD07B4A1D
:1059A00093424BD07A4A93425BD01023E069B0F522
:1059B000004F00F08B80082B00F2DA80DFE803F064
:1059C000B3C9B1D8CCD8D8D8CF00724B1B6B03F079
:1059D0000303032B09D8DFE803F002040657012371
:1059E000E4E70423E2E70823E0E71023DEE7694B5E
:1059F0001B6B03F44033B3F5003F47D006D8002BB0
:105A000046D0B3F5803F45D10423CFE7B3F5403FFF
:105A100042D10223CAE75F4B1B6B03F44023B3F56B
:105A2000002F3BD005D8DBB3B3F5802F3AD1042348
:105A3000BCE7B3F5402F37D10223B7E7554B1B6BBB
:105A400003F44013B3F5001F30D005D883B3B3F58A
:105A5000801F2FD10423A9E7B3F5401F2CD10223C7
:105A6000A4E74C4B1B6B03F44003B3F5000F25D0A8
:105A700005D82BB3B3F5800F24D1042396E7B3F5F3
:105A8000400F21D1022391E702238FE708238DE7FE
:105A900000238BE7102389E7102387E7082385E796
:105AA000002383E7102381E710237FE708237DE7A6
:105AB00000237BE7102379E7102377E7082375E7B6
:105AC000002373E7102371E710236FE7082B49D8F1
:105AD000DFE803F0051F2548224848480900FEF783
:105AE00097FD002840D06268530803EB4003B3FBE6
:105AF000F2F3A3F110014FF6EF72914236D89AB249
:105B000022F00F02C3F3420313432268D360002044
:105B10001BE0FEF793FDE4E7FEF776FCE1E71E48A5
:105B2000E1E71D4802E0FEF773FD18B3636800EB80
:105B30005300B0FBF3F0A0F110024FF6EF739A425E
:105B40001AD8236880B2D86000200023A366E366D9
:105B500010BDFEF773FDE8E7FEF756FCE5E74FF4EE
:105B60000040E3E70120F0E70020EEE70120ECE74A
:105B70000120EAE70020E8E70120E6E7F369FFEF0C
:105B8000003801400044004000480040004C004004
:105B9000005000400010024000127A00436A13F0E7
:105BA000080F06D00268536823F40043416B0B438F
:105BB0005360436A13F0010F06D00268536823F460
:105BC0000033816A0B435360436A13F0020F06D01F
:105BD0000268536823F48033C16A0B435360436AFD
:105BE00013F0040F06D00268536823F48023016B7E
:105BF0000B435360436A13F0100F06D0026893689A
:105C000023F48053816B0B439360436A13F0200F9E
:105C100006D00268936823F40053C16B0B43936072
:105C2000436A13F0400F0AD00268536823F48013CC
:105C3000016C0B435360036CB3F5801F0BD0436AB8
:105C400013F0800F06D00268536823F40023816CA0
:105C50000B43536070470268536823F4C003416CE0
:105C60000B435360EBE72DE9F84305460E46174614
:105C70009946DDF820802B68DC6936EA04040CBF05
:105C800001240024BC4236D1B8F1FF3FF3D0FEF727
:105C900093F8A0EB0900404530D8B8F1000F2FD0A1
:105CA0002B681A6812F0040FE5D0802EE3D0402E46
:105CB000E1D0DA6912F0080F11D1DA6912F4006F3D
:105CC000D9D04FF400621A622846FFF734FB202334
:105CD000C5F88430002385F8783003200CE00824D0
:105CE0001C622846FFF727FBC5F88440002385F88F
:105CF0007830012000E00020BDE8F8830320FBE7B6
:105D00000320F9E730B583B004460023C0F884309F
:105D1000FEF752F805462268126812F0080F0FD1FC
:105D200023681B6813F0040F26D12023E367C4F80F
:105D3000803000202066606684F8780003B030BDB3
:105D40006FF07E430093034600224FF4001120467B
:105D5000FFF789FF0028E3D0226852E8003F23F0D4
:105D6000800342E800310029F6D12023E3670023B5
:105D700084F878300320E1E76FF07E4300932B46F0
:105D800000224FF480012046FFF76DFF0028CCD0A1
:105D9000226852E8003F23F4907342E80031002962
:105DA000F6D1226802F1080353E8003F23F0010313
:105DB000083242E800310029F3D12023C4F88030B2
:105DC000002384F878300320B8E768B310B50446A0
:105DD000C36F03B32423E3672268136823F001032E
:105DE0001360636AE3B92046FFF7B0FD012811D0C4
:105DF0002268536823F4904353602268936823F029
:105E00002A0393602268136843F00103136020465D
:105E1000FFF778FF10BD80F87830FDF7ADFED9E7C9
:105E20002046FFF7BBFEDEE70120704710B50446B1
:105E300013464165A0F858200022C0F88420222291
:105E4000C0F88020426F8AB11F499162426F1F499A
:105E5000D162426F1E491163426F00215163016894
:105E6000426D2431406FFEF7F5FE20BB236943B13C
:105E7000226852E8003F43F4807342E80031002971
:105E8000F6D1226802F1080353E8003F43F0010312
:105E9000083242E800310029F3D1226802F10803F8
:105EA00053E8003F43F04003083242E80031002944
:105EB000F3D1002010BD1023C4F884302023C4F88F
:105EC00080300120F6E700BFBD5800089D5800084B
:105ED0004755000838B5D0F88030202B14D1A9B12F
:105EE000B2B10023036603685B6813F4000F08D0A7
:105EF000046854E8003F43F0806344E80035002D17
:105F0000F6D1FFF793FF00E0022038BD0120FCE747
:105F10000120FAE770470000034AD2F8883043F4C2
:105F20007003C2F88830704700ED00E000F108030C
:105F300043604FF0FF328260C3600361002303605F
:105F4000704700230361704743684B609A688A601A
:105F5000516099600861036801330360704730B491
:105F60000D68B5F1FF3F11D000F108031C465B68D6
:105F70001A68AA42FAD963684B6099608C606160C4
:105F8000086103680133036030BC70470469F2E7BD
:105F90000369416882688A60416851605A68824238
:105FA00006D0002202611A68013A1A601868704728
:105FB00082685A60F5E710B5044601F0E3FCA26B75
:105FC000E36B9A4204D0002401F0FEFC204610BD91
:105FD0000124F9E710B5044601F0D4FCA36B23B902
:105FE000012401F0F1FC204610BD0024F9E770B552
:105FF00004461546866B026C5AB903681BB1002033
:106000000136A66370BD406800F0E2FF00236360C4
:10601000F6E76DB98068FAF797F9A368226C134424
:10602000A3606268934219D32368A3602846E7E718
:10603000C068FAF789F9E368226C51429B1AE36061
:106040002268934202D263680B44E360022D01D0C0
:106050000020D5E726B1013E0020D1E72846CFE752
:106060000020CDE70346026C6AB110B50846D96836
:106070001144D9605C68A14201D31968D960D9681C
:10608000FAF762F910BD704738B5054601F07AFCA1
:1060900095F8454064B201E0013C64B2002C0ADD91
:1060A0006B6A43B105F1240000F0CCFE0028F3D068
:1060B00000F078FFF0E7FF2385F8453001F084FC1D
:1060C00001F060FC95F8444064B201E0013C64B228
:1060D000002C0ADD2B6943B105F1100000F0B2FE7F
:1060E0000028F3D000F05EFFF0E7FF2385F844308E
:1060F00001F06AFC38BD38B5E0B10D46044601F048
:1061000041FC2368E26B216C01FB023060600020DF
:10611000A063A360013A02FB0133E360FF2384F82C
:10612000443084F84530FDB9236963B901F04CFC73
:10613000012038BD4FF0500383F31188BFF36F8FF8
:10614000BFF34F8FFEE704F1100000F07BFE002844
:10615000ECD04FF0E0234FF08052C3F8042DBFF392
:106160004F8FBFF36F8FE1E704F11000FFF7DEFE02
:1061700004F12400FFF7DAFED8E738B51D46049C89
:106180000B4649B92460E063236401212046FFF7F0
:10619000B2FF84F84C5038BD2260F4E740B94FF0AC
:1061A000500383F31188BFF36F8FBFF34F8FFEE768
:1061B00010B584B01C46844653B192B189B94FF0F2
:1061C000500383F31188BFF36F8FBFF34F8FFEE748
:1061D0004FF0500383F31188BFF36F8FBFF34F8FDE
:1061E000FEE76AB150230393039B502B13D04FF06B
:1061F000500383F31188BFF36F8FBFF34F8FFEE718
:106200000029EFD04FF0500383F31188BFF36F8F55
:10621000BFF34F8FFEE7012384F8463000949DF8CA
:1062200018306046FFF7A9FF204604B010BDF0B556
:1062300085B0019288B10F461D460446B1B1022DCA
:1062400020D1E36B012B1DD04FF0500383F3118855
:10625000BFF36F8FBFF34F8FFEE74FF0500383F311
:106260001188BFF36F8FBFF34F8FFEE7036C002BD6
:10627000E5D04FF0500383F31188BFF36F8FBFF366
:106280004F8FFEE700F094FE064658B9019B002BA5
:1062900048D04FF0500383F31188BFF36F8FBFF3E3
:1062A0004F8FFEE700263DE02A4639462046FFF79D
:1062B0009EFE636A7BB948B14FF0E0234FF08052F5
:1062C000C3F8042DBFF34F8FBFF36F8F01F07CFB3A
:1062D000012005B0F0BD04F1240000F0B3FD00285A
:1062E000F4D04FF0E0234FF08052C3F8042DBFF3F9
:1062F0004F8FBFF36F8FE9E701F066FB0020E8E7FF
:1063000002A800F001FE012619E0002384F84430C1
:1063100021E0002384F8453023E02046FFF7B4FE57
:1063200000F06EFC01F02EFBA26BE36B9A42BBD334
:10633000022DB9D0019B002BDED0002EE0D001F061
:1063400043FB00F0C3FB01F01DFB94F8442052B264
:10635000B2F1FF3FD9D094F8452052B2B2F1FF3FDD
:10636000D7D001F031FB01A902A800F0D9FDD8B9BE
:106370002046FFF720FE0028CFD0019904F110003D
:1063800000F02CFD2046FFF77FFE00F039FC0028CE
:10639000C8D14FF0E0234FF08052C3F8042DBFF373
:1063A0004F8FBFF36F8FBDE72046FFF76DFE00F004
:1063B00027FC00208DE72DE9F84390B10F461646E3
:1063C0001C460546B1B1022C20D1EB6B012B1DD030
:1063D0004FF0500383F31188BFF36F8FBFF34F8FDC
:1063E000FEE74FF0500383F31188BFF36F8FBFF3C5
:1063F0004F8FFEE7036C002BE5D04FF0500383F383
:106400001188BFF36F8FBFF34F8FFEE701F0E0FB02
:10641000EFF311884FF0500383F31188BFF36F8FB0
:10642000BFF34F8FAA6BEB6B9A4206D3022C04D0BA
:10643000002088F31188BDE8F88395F845904FFA5D
:1064400089F9224639462846FFF7D1FDB9F1FF3FC9
:1064500006D009F101035BB285F845300120E8E779
:106460006B6A0BB90120E4E705F1240000F0EAFCB7
:1064700018B126B101203060DBE70120D9E7012007
:10648000D7E7F0B585B0019290B10F460446C1B18F
:1064900000F08EFD064600BB019B002B5ED04FF046
:1064A000500383F31188BFF36F8FBFF34F8FFEE765
:1064B0004FF0500383F31188BFF36F8FBFF34F8FFB
:1064C000FEE7036C002BE3D04FF0500383F31188F9
:1064D000BFF36F8FBFF34F8FFEE700263EE03946D4
:1064E0002046FFF7BFFD013DA563236923B901F0F5
:1064F0006BFA012005B0F0BD04F1100000F0A2FC21
:106500000028F4D04FF0E0234FF08052C3F8042D60
:10651000BFF34F8FBFF36F8FE9E701F055FA00200B
:10652000E8E702A800F0F0FC012621E0002384F84F
:10653000443029E0002384F845302BE02046FFF763
:10654000A3FD00F05DFB09E02046FFF79DFD00F094
:1065500057FB2046FFF73EFD00283FD101F012FA1D
:10656000A56B002DBBD1019B002BD6D0002ED8D01F
:1065700001F02AFA00F0AAFA01F004FA94F8443083
:106580005BB2B3F1FF3FD1D094F845305BB2B3F1C9
:10659000FF3FCFD001F018FA01A902A800F0C0FC1B
:1065A0000028D1D12046FFF715FD0028C6D001995B
:1065B00004F1240000F012FC2046FFF765FD00F016
:1065C0001FFB0028CAD14FF0E0234FF08052C3F8E0
:1065D000042DBFF34F8FBFF36F8FBFE7002089E714
:1065E0000023072B0CD8074A52F833200AB1013395
:1065F000F7E7044A42F8331002EBC30250607047D9
:10660000704700BF3835002070B504460D46164669
:1066100001F0B8F994F844305BB2B3F1FF3F0DD00C
:1066200094F845305BB2B3F1FF3F0BD001F0CCF9E9
:10663000A36B5BB12046FFF727FD70BD002384F8F4
:106640004430EDE7002384F84530EFE73246294631
:1066500004F1240000F0DAFBECE70000084B1B68B3
:106660001B6823B9074B4FF0FF321A607047044B89
:106670001B68DB68DB685A68024B1A60704700BF12
:10668000E8350020803500202DE9F04780460D4692
:1066900017469946089EDDF824A00A9C9200A52181
:1066A000206BF9F7F9FD236B07F18042013A03EB08
:1066B000820727F007074FF0000CBCF10F0F09D835
:1066C00015F80C3004EB0C0282F8343013B10CF1E5
:1066D000010CF2E7002384F84330372E00D9372627
:1066E000E662E66400252565201DFFF72AFC04F11B
:1066F0001800FFF726FC2461C6F13806A661646223
:10670000656584F858504A464146384601F00CF910
:106710002060BAF1000F01D0CAF80040BDE8F08750
:1067200038B5002407E004EB840293000E481844B7
:10673000FFF7FCFB0134372CF5D90C4D2846FFF749
:10674000F5FB0B4C2046FFF7F1FB0A48FFF7EEFB89
:106750000948FFF7EBFB0948FFF7E8FB084B1D6012
:10676000084B1C6038BD00BF1436002000360020E6
:10677000EC350020D0350020BC350020A4350020A9
:10678000E8350020E435002010B5044601F0FAF8A1
:10679000224A136801331360214B1B685BB1214B04
:1067A0001B686BB91E4B1B68DA6AE36A9A4207D80A
:1067B0001B4B1C6004E01A4B1C601368012B29D092
:1067C000194A1368013313606364E06A174B1B684E
:1067D000984201D9154B186000EB8000211D144B25
:1067E00003EB8000FFF7B0FB01F0EEF80D4B1B68E8
:1067F0007BB10B4B1B68DA6AE36A9A4209D24FF00D
:10680000E0234FF08052C3F8042DBFF34F8FBFF346
:106810006F8F10BDFFF784FFD2E700BFA0350020C7
:10682000743A0020943500208435002098350020EB
:106830001436002010B5044690F8593063B1012B8E
:1068400011D0022B0ED04FF0500383F31188BFF309
:106850006F8FBFF34F8FFEE7006B00F0EFFF204616
:1068600000F0ECFF10BD00F0E9FFFBE70F4B1B68E9
:10687000D3B110B501F086F80D4BDB68DC68201D44
:10688000FFF786FB0B4A1368013B1360074A136846
:10689000013B136001F098F82046FFF7CBFF034B54
:1068A0001B68002BE6D110BD704700BFB835002033
:1068B000BC350020A035002008B5FFF7D7FF074BF7
:1068C0001B68012BF9D94FF0E0234FF08052C3F839
:1068D000042DBFF34F8FBFF36F8FEEE71436002008
:1068E00070B504460D46174B1E68174B18680430E8
:1068F000FFF74EFBB4F1FF3F0DD03444124B1B6841
:106900005C60A64210D9114B18680F4B196804310E
:10691000FFF725FB70BD002DEFD00B4B196804313C
:106920000B48FFF711FBF5E70A4B1868064B19688F
:106930000431FFF714FB084B1B68A342EAD9064B4E
:106940001C60E7E79C350020743A0020E435002005
:10695000A4350020E83500208035002030B587B010
:106960000B9C7CB10C9DB5B15C250495049D5C2D00
:106970001AD04FF0500383F31188BFF36F8FBFF32A
:106980004F8FFEE74FF0500383F31188BFF36F8FF3
:10699000BFF34F8FFEE74FF0500383F31188BFF32F
:1069A0006F8FBFF34F8FFEE70C9D2C63022485F899
:1069B000594000240394029505AC01940A9C00946C
:1069C000FFF762FE0C98FFF7DFFE059807B030BDB9
:1069D0002DE9F04385B00746884614461E469000D0
:1069E00000F0B0FE08B381465C2000F0ABFE054627
:1069F000A8B1C0F83090002380F85930039302907A
:106A00000D9B01930C9B009333462246414638462A
:106A1000FFF73AFE2846FFF7B7FE012007E0484699
:106A200000F00CFF4FF0FF3001E04FF0FF3005B0F9
:106A3000BDE8F08310B588B000240594069407AA39
:106A400006A905A800F002FE059B0293069B019390
:106A500000942346079A17491748FFF77FFF174B03
:106A60001860C0B100F068FB012815D14FF0500349
:106A700083F31188BFF36F8FBFF34F8F104B4FF02D
:106A8000FF321A600F4B01221A600F4B00221A606E
:106A900001F012F803E00020B0F1FF3F01D008B090
:106AA00010BD4FF0500383F31188BFF36F8FBFF316
:106AB0004F8FFEE720110108B96800087C350020DF
:106AC00080350020943500209C350020024A136850
:106AD00001331360704700BF78350020014B186800
:106AE000704700BF9C350020F8B53A4B1B68002B5F
:106AF00064D1394B1D6801351D60C5B9374B1B6822
:106B00001B6843B14FF0500383F31188BFF36F8FBD
:106B1000BFF34F8FFEE7314A1168314B18681060A0
:106B20001960304A136801331360FFF797FD2E4B4D
:106B30001B68AB4238D900272C4B1B68DB6A03EB80
:106B400083039A002A4B9B58012B3CD901273AE03A
:106B50000127224B1B681B6843B3204B1B68DB6873
:106B6000DC6863689D4226D3261D3046FFF710FA85
:106B7000A36A1BB104F11800FFF70AFAE36A1D4A81
:106B80001268934201D91B4A136003EB83039A00F6
:106B9000314617481044FFF7D7F9E26A134B1B68D8
:106BA000DB6A9A42D4D2D4E70027D2E70E4B4FF0EB
:106BB000FF321A60C0E70C4A1360BDE70E4A136843
:106BC0000133136000270D4B1B6803B101273846C2
:106BD000F8BD00BF783500209C350020E835002046
:106BE000E43500208835002080350020743A0020EC
:106BF0001436002098350020903500208C35002078
:106C000038B5354B1B6843B94FF0500383F31188F7
:106C1000BFF36F8FBFF34F8FFEE700F0B3FE2E4B35
:106C20001A68013A1A601B68002B4FD12B4B1B6866
:106C30000BB900244BE00024294B1B681BB3284BE5
:106C4000DB68DC6804F11800FFF7A2F9251D28466F
:106C5000FFF79EF9E06A234B1B68984201D9214B4C
:106C6000186000EB800029461F4B03EB8000FFF704
:106C70006BF9E26A1D4B1B68DB6A9A42DCD31C4B42
:106C800001221A60D8E70CB1FFF7E8FC194B1C6829
:106C900084B9174B1C68D4B14FF0E0234FF08052F9
:106CA000C3F8042DBFF34F8FBFF36F8F01240EE0A5
:106CB000013C07D0FFF718FF0028F9D00C4B012248
:106CC0001A60F5E70B4B00221A60E2E7002400F09F
:106CD0007BFE204638BD00BF78350020A03500205F
:106CE000D03500209835002014360020743A00205A
:106CF0008C3500209035002010B5A8B10446104B0B
:106D00001B6843B14FF0500383F31188BFF36F8FBB
:106D1000BFF34F8FFEE7FFF7D9FE00212046FFF7B4
:106D2000DFFDFFF76DFF48B94FF0E0234FF08052D1
:106D3000C3F8042DBFF34F8FBFF36F8F10BD00BF9B
:106D400078350020204B1B681BB1204B01221A60B4
:106D500070471E4B00221A601D4B1B6803EB83011A
:106D60008A001C498A585AB90BB1013BF6E74FF02B
:106D7000500383F31188BFF36F8FBFF34F8FFEE78C
:106D8000084603EB83018A00024451684968516058
:106D900003EB830C4FEA8C020832024491420BD081
:106DA00003EB830291000B4A0A445268D1680A4AF5
:106DB0001160074A13607047486862469100054AAF
:106DC0000A445060ECE700BF783500208C35002085
:106DD0009835002014360020743A002058B110B5C0
:106DE0000C46094A11681831FFF7B9F8012120460D
:106DF000FFF776FD10BD4FF0500383F31188BFF30A
:106E00006F8FBFF34F8FFEE7743A002038B570B133
:106E10000D4614460A4A11681831FFF795F80CB16F
:106E20004FF0FF3521462846FFF75AFD38BD4FF099
:106E3000500383F31188BFF36F8FBFF34F8FFEE7CB
:106E4000743A002038B5C368DC6824B304F118052F
:106E50002846FFF79DF8184B1B682BBB251D2846BD
:106E6000FFF796F8E06A154B1B68984201D9134B5F
:106E7000186000EB80002946114B03EB8000FFF700
:106E800063F8E26A0F4B1B68DB6A9A4211D9012052
:106E90000D4B186038BD4FF0500383F31188BFF3DA
:106EA0006F8FBFF34F8FFEE729460848FFF74CF876
:106EB000E7E70020EEE700BF783500209835002096
:106EC00014360020743A00208C350020D035002084
:106ED00060B110B5044600F055FD094B1B682360F6
:106EE000084B1B68636000F06FFD10BD4FF050034E
:106EF00083F31188BFF36F8FBFF34F8FFEE700BF9F
:106F0000883500209C350020034B1B680360034B31
:106F10001B684360704700BF883500209C35002007
:106F2000F8B5C8B10C460546F9B100F02BFD1B4B76
:106F300019686B68C81A2268B2F1FF3F26D0184E54
:106F400036682F68B74201D08B4224D9824215D8C7
:106F50000023236001241AE04FF0500383F31188CB
:106F6000BFF36F8FBFF34F8FFEE74FF0500383F3F4
:106F70001188BFF36F8FBFF34F8FFEE75B1A134487
:106F800023602846FFF7C0FF002400E0002400F043
:106F90001BFD2046F8BD0124F9E700BF9C35002009
:106FA00088350020014B01221A6070478C35002083
:106FB000054B1B6833B1054B1B680BB100207047B4
:106FC000022070470120704794350020783500205A
:106FD00000283BD038B504461E4B1B68834208D0BE
:106FE0004FF0500383F31188BFF36F8FBFF34F8FC0
:106FF000FEE7036D43B94FF0500383F31188BFF3ED
:107000006F8FBFF34F8FFEE7013B0365C16AC26C10
:1070100091421DD00BB1002038BD051D2846FEF75A
:10702000B7FFE06CE062C0F13803A3610A4B1B6854
:10703000984201D9084B186000EB80002946074BA5
:1070400003EB8000FEF780FF0120E5E7002070479A
:107050000020E1E7743A0020983500201436002023
:10706000064B1A681368B3FA83F35B09036013B91C
:10707000D368186870470020704700BF783B002035
:1070800008B54160006191420CD8D21A83699A42D6
:1070900001D3012008BD011D094B1868FEF75FFFF1
:1070A0000020F7E79A4201D2994206D2011D054B12
:1070B0001868FEF754FF0020ECE70120EAE700BF64
:1070C000743B0020783B002030B583B000F05AFCC0
:1070D000114B1B681BB100F077FC03B030BD0F4DA6
:1070E0002846FEF723FF0E4C2046FEF71FFF0D4BF0
:1070F0001D600D4B1C60002300930C4B0C4A1021AB
:107100000A20FFF74BF8044B18600028E3D0094928
:10711000FFF766FADFE700BF703B0020903B0020DE
:107120007C3B0020783B0020743B0020783A002014
:10713000C83A00202811010810B588B0FFF7C4FF35
:10714000124B1B68CBB100240594069407AA06A92C
:1071500005A800F087FA059B0293069B0193022382
:1071600000932346079A0A490A48FFF7F7FB0A4BA0
:10717000186010B1012008B010BD4FF0500383F328
:107180001188BFF36F8FBFF34F8FFEE7703B002076
:1071900030110108757400086C3B0020B8B19C46A2
:1071A00003461848006858B300B585B000910192B5
:1071B000029305291CDCFFF7FBFE022810D00023F8
:1071C0001A4669460F480068FFF731F815E04FF09E
:1071D000500383F31188BFF36F8FBFF34F8FFEE728
:1071E0000023069A694607480068FFF720F804E084
:1071F000002362466946FFF7DEF805B05DF804FB40
:1072000000207047703B002070B582B01A4B1B689D
:107210001A6852B3DB681E68DC68251D2846FEF735
:10722000B7FE636A20469847E369012BEED1A36954
:1072300033449E4207D26360246129460E4B18688E
:10724000FEF78DFEE2E7002100910B463246204614
:10725000FFF7A4FF0028D9D14FF0500383F3118822
:10726000BFF36F8FBFF34F8FFEE7044A10680249E8
:107270000860136002B070BD783B0020743B0020B2
:1072800038B50546FFF72AFC0446074B1B688342C6
:1072900005D800232B60044B1C60204638BDFFF747
:1072A000B3FF01232B60F6E7683B002070B582B086
:1072B00006460D4614490968C968CC68201DFEF7CA
:1072C00067FEE169012904D0636A2046984702B04D
:1072D00070BDA16933462A4631442046FFF7D0FEEF
:1072E0000028F1D0002100910B4632462046FFF7DE
:1072F00055FF0028E8D14FF0500383F31188BFF306
:107300006F8FBFF34F8FFEE7783B002070B582B0E0
:1073100006460C46FFF7DAFB01A8FFF7B1FF019B19
:1073200023BB054644B9B0420CD3FFF769FC29469C
:107330003046FFF7BBFF1BE00E4B1B681C68B4FA1E
:1073400084F464092246711B0B4B1868FFF75CF943
:10735000FFF756FC60B94FF0E0234FF08052C3F8BE
:10736000042DBFF34F8FBFF36F8F01E0FFF748FC91
:1073700002B070BD743B0020703B002010B588B097
:1073800002E0049B002B0FDA002204A9384B186896
:10739000FFF777F8002869D0049B002BF1DA0799F2
:1073A0000698059B9847ECE7069C636913B1201D7E
:1073B000FEF7EEFD03A8FFF763FF049B092BE3D85C
:1073C00001A252F823F000BFF1730008F173000826
:1073D000F173000889730008377400085D740008B1
:1073E000F1730008F173000889730008377400080E
:1073F000059BA169024619442046FFF741FE00287B
:10740000C2D0636A20469847E369012BBCD1A269C8
:10741000002100910B46059802442046FFF7BEFE6E
:107420000028B1D14FF0500383F31188BFF36F8F61
:10743000BFF34F8FFEE70599A16131B103460246C4
:1074400001442046FFF71CFE9EE74FF0500383F3F4
:107450001188BFF36F8FBFF34F8FFEE794F82C3086
:10746000002B91D1204600F0E9F98DE708B010BD5E
:10747000703B002000B583B001A8FFF7F1FD019932
:10748000FFF744FFFFF77AFFF6E70000EFF305830D
:1074900093B9EFF3108393B90C4B1868022804D00A
:1074A00080B90A4B01221A607047EFF31183002B59
:1074B000F6D06FF0050070476FF0050070476FF071
:1074C000050070474FF0FF30704700BF5C4200205E
:1074D00008B5EFF30583B3B9EFF31083B3B90E4BDF
:1074E0001B68022B08D0012B13D10B4B02221A6010
:1074F000FFF7A0FA002008BDEFF31182002AF2D0B6
:107500006FF00500F7E76FF00500F4E76FF0050096
:10751000F1E74FF0FF30EEE75C420020F0B587B0B6
:1075200000240494EFF30584002C43D1EFF310837F
:10753000002B3FD1334B1B68022B16D0002839D0CB
:1075400000238DF8173062B3156895B1936903B9BC
:1075500018235C1E372C51D8546814F0010F4FD1FA
:1075600056694EB14FEA960C08E0EFF311830BBB5E
:10757000E4E70DF11705E9E74FF0800C94682CB1B2
:10758000D7685B2F02D9176907B1B6B914B14FF0AC
:10759000FF340CE0D46894B914699CB14FF0FF3407
:1075A00005E0002418234FF0800C0DF11705012C85
:1075B0000AD0ACB1049807B0F0BD0124F7E74FF052
:1075C000FF34F4E70024F2E7146992680292019410
:1075D00000930B4662462946FFF7C0F90490E9E79D
:1075E00004AA019200930B461FFA8CF22946FFF77A
:1075F000EFF90128DED000230493DBE70020DAE76F
:107600000020D8E75C42002008B5EFF30583A3B95A
:10761000EFF31083A3B90C4B1B68022B02D040B9C7
:10762000002008BDEFF31183002BF8D06FF00500A8
:10763000F7E7FFF761FB0020F3E76FF00500F0E7E5
:107640006FF00500EDE700BF5C420020034B0360D4
:10765000034B0B6080231360704700BF0042002083
:1076600000400020034B0360034B0B604FF480731A
:1076700013607047A43F0020A43B0020124A12F080
:10768000070F1ED0D11D21F00701C1F5406313443F
:107690000A460E480260002141601344083B23F073
:1076A00007030B48036059601960991A5160136011
:1076B000084B1960084B1960084B4FF000421A60E4
:1076C00070474FF44063E4E77842002070420020A6
:1076D0006C4200206442002068420020604200208A
:1076E000164B1A461B688342FBD3516802EB010C10
:1076F000844509D0416800EB010C634509D0036063
:10770000904219D0106070474068014451601046A3
:10771000F0E710B40A4C2468A3420BD05B6819440C
:10772000416013681B680360904200D010605DF8F0
:10773000044B70470460F7E7704700BF70420020B9
:107740006C42002038B50446FFF7C0F9364B1B6881
:10775000B3B1364B1B681C424CD1002C4CD004F109
:10776000080214F0070F02D022F007020832002AA4
:1077700051D02F4B1B6893424FD32E490C6804E025
:10778000FFF77CFFE5E721461C466368934202D27F
:107790002368002BF7D1244B1B68A3423FD00D6810
:1077A000083523680B6063689B1A102B10D9A0184A
:1077B00010F0070F08D04FF0500383F31188BFF388
:1077C0006F8FBFF34F8FFEE743606260FFF788FF64
:1077D000626817490B689B1A0B60174909688B424E
:1077E00001D215490B60114B1B68134363600023E2
:1077F000236002E0002500E00025FFF701FA15F004
:10780000070F0ED04FF0500383F31188BFF36F8F33
:10781000BFF34F8FFEE70025EFE70025EDE70025DA
:10782000EBE7284638BD00BF6C42002060420020D4
:1078300068420020704200206442002080B338B5C6
:107840000446A0F1080550F8043C164A1268134299
:1078500008D14FF0500383F31188BFF36F8FBFF34C
:107860004F8FFEE750F8081C41B14FF0500383F3EF
:107870001188BFF36F8FBFF34F8FFEE723EA020338
:1078800040F8043CFFF722F954F8041C064A136838
:107890000B4413602846FFF723FFFFF7B1F938BD0B
:1078A000704700BF604200206842002082B0002381
:1078B00001930D4B1B68B3F1FF3F08D04FF050030D
:1078C00083F31188BFF36F8FBFF34F8FFEE74FF045
:1078D000500383F31188BFF36F8FBFF34F8F019B6A
:1078E000002BFCD002B070476800002008480068F8
:1078F000006880F308884FF0000080F3148862B6B7
:1079000061B6BFF34F8FBFF36F8F00DF00BF000082
:1079100008ED00E0DFF80C00016841F4700101603F
:107920007047000088ED00E04FF0807340F8043CA1
:1079300021F0010140F8081C054B40F80C3C40F8D0
:10794000202C6FF0020340F8243C4438704700BFFD
:10795000AD780008000000000000000000000000FA
:10796000074B19680868B0E8F04F80F30988BFF347
:107970006F8F4FF0000080F311887047AFF30080E5
:10798000743A00204FF0500383F31188BFF36F8FD8
:10799000BFF34F8F0B4A136801331360012B00D0E4
:1079A00070474FF0E023D3F8043D13F0FF0FF7D0FA
:1079B0004FF0500383F31188BFF36F8FBFF34F8FE6
:1079C000FEE700BF68000020094B1B6843B94FF079
:1079D000500383F31188BFF36F8FBFF34F8FFEE720
:1079E000013B034A13600BB983F31188704700BF52
:1079F00068000020000000000000000000000000FF
:107A0000EFF30980BFF36F8F154B1A681EF0100F4C
:107A100008BF20ED108A20E9F04F10602DE9090021
:107A20004FF0500080F31188BFF34F8FBFF36F8F7B
:107A3000FFF788F94FF0000080F3118809BC19683E
:107A40000868B0E8F04F1EF0100F08BFB0EC108AC5
:107A500080F30988BFF36F8F704700BFAFF30080DA
:107A6000743A002008B54FF0500383F31188BFF338
:107A70006F8FBFF34F8FFFF737F828B14FF0E02338
:107A80004FF08052C3F8042D002383F3118808BD02
:107A90004FF0E022002313619361054B1B680549F9
:107AA000A1FB03139B09013B53610723136170473B
:107AB00064000020D34D62104FF0E023D3F8002D76
:107AC0003D4B9A421CD04FF0E023D3F8002D3B4BA6
:107AD0009A421ED030B583B0394B1A78D2B2019297
:107AE000FF221A701B78DBB28DF803309DF803304B
:107AF00003F05003334A1370334B07221A601BE024
:107B00004FF0500383F31188BFF36F8FBFF34F8F94
:107B1000FEE74FF0500383F31188BFF36F8FBFF37D
:107B20004F8FFEE7284A1368013B13609DF803302E
:107B30005B00DBB28DF803309DF8033013F0800F4B
:107B4000F0D1214B1B68032B08D04FF0500383F377
:107B50001188BFF36F8FBFF34F8FFEE71B021A4AE6
:107B6000136003F4E0631360019BDBB2144A1370EB
:107B70004FF0E024D4F8203D43F47003C4F8203DD6
:107B8000D4F8203D43F07043C4F8203DFFF780FF58
:107B900000250E4B1D60FFF7BDFED4F8343F43F0C7
:107BA0004043C4F8343FFFF7A1FEFFF7CBF8FFF7DF
:107BB0007DFE284603B030BD71C20F4170C20F4137
:107BC00000E400E07C4E0020784E00206800002099
:107BD000EFF305830F2B0FD9114A9B5CDBB2114ADF
:107BE00012789A4208D94FF0500383F31188BFF3FB
:107BF0006F8FBFF34F8FFEE74FF0E023D3F80C3DBC
:107C000003F4E063084A1268934208D94FF0500326
:107C100083F31188BFF36F8FBFF34F8FFEE7704779
:107C2000F0E300E07C4E0020784E002010B50346C3
:107C30000C4A0D490D48006840B10C4800680344E7
:107C4000521A934206D8094A136010BD0748084CDF
:107C50000460F2E7F8F772FB0C2303604FF0FF308B
:107C6000F3E700BF0000012000040000804E002068
:107C700000AE00200120704708B5F8F75FFB16231F
:107C800003604FF0FF3008BD08B54FF0FF31FFF73C
:107C9000F3FFFEE770B50C461646002506E0AFF38D
:107CA0000080214601F8010B01350C46B542F6DB98
:107CB000304670BD70B50C461646002504E014F839
:107CC000010BAFF300800135B542F8DB304670BDE3
:107CD0004FF0FF3070474FF400534B600020704767
:107CE0000120704700207047124A12F0070F1ED083
:107CF000D11D21F00701C1F5406313440A460E4827
:107D00000260002141601344083B23F007030B4845
:107D1000036059601960991A51601360084B19602B
:107D2000084B1960084B4FF000421A6070474FF43F
:107D30004063E4E7A04E0020984E0020944E0020BF
:107D40008C4E0020904E0020884E0020164B1A4684
:107D50001B688342FBD3516802EB010C844509D0B8
:107D6000416800EB010C634509D00360904219D0D3
:107D7000106070474068014451601046F0E710B44D
:107D80000A4C2468A3420BD05B6819444160136815
:107D90001B680360904200D010605DF8044B704790
:107DA0000460F7E7704700BF984E0020944E002013
:107DB00038B50446FEF78AFE364B1B68B3B1364B26
:107DC0001B681C424CD1002C4CD004F1080214F06A
:107DD000070F02D022F007020832002A51D02F4BA1
:107DE0001B6893424FD32E490C6804E0FFF77CFFD9
:107DF000E5E721461C466368934202D22368002BC4
:107E0000F7D1244B1B68A3423FD00D680835236887
:107E10000B6063689B1A102B10D9A01810F0070F85
:107E200008D04FF0500383F31188BFF36F8FBFF377
:107E30004F8FFEE743606260FFF788FF6268174973
:107E40000B689B1A0B60174909688B4201D21549D0
:107E50000B60114B1B68134363600023236002E037
:107E6000002500E00025FEF7CBFE15F0070F0ED031
:107E70004FF0500383F31188BFF36F8FBFF34F8F21
:107E8000FEE70025EFE70025EDE70025EBE72846B4
:107E900038BD00BF944E0020884E0020904E002038
:107EA000984E00208C4E002080B338B50446A0F1D7
:107EB000080550F8043C164A1268134208D14FF0E6
:107EC000500383F31188BFF36F8FBFF34F8FFEE72B
:107ED00050F8081C41B14FF0500383F31188BFF3F1
:107EE0006F8FBFF34F8FFEE723EA020340F8043C95
:107EF000FEF7ECFD54F8041C064A13680B441360AB
:107F00002846FFF723FFFEF77BFE38BD704700BF12
:107F1000884E0020904E002050F8043C024A106821
:107F200023EA0000704700BF884E002070B5054668
:107F30000C46FEF7CBFD2046FFF73AFF064678B128
:107F400075B12846FFF7E8FF0838844200D304469D
:107F5000224629463046F8F7F7F92846FFF7A4FFEE
:107F6000FEF74EFE304670BD38B505460C46FEF7AE
:107F7000ADFD05FB04F42046FFF71AFF0546034656
:107F800003E0002103F8011B1446621E002CF8D107
:107F9000FEF736FE284638BD08B505490A68024492
:107FA0000A6004490A6802440A60FFF701FF08BD3D
:107FB000A45A0020A05A002058B110B50446FFF77B
:107FC000ABFF044A13681B1A13602046FFF76CFFCF
:107FD00010BD7047A05A002038B50C460C4A1368F3
:107FE0000B4413600B4A13680B44136058B10546E9
:107FF000FFF792FF074A13681B1A136021462846B1
:10800000FFF794FF38BD0846FFF7D2FEFAE700BF3E
:10801000A45A0020A05A002010B501FB00F3054C23
:1080200022681A442260044C22681A442260FFF736
:108030009BFF10BDA45A0020A05A002000000000A1
:108040002DE9F04107460E46144615A3D3E9002357
:10805000F9F744FD0D4680462060616010A3D3E926
:10806000002338463146F9F739FDA260002A01DBCA
:10807000BDE8F081084981FB0231D317C3EB2173BE
:108080000133B8EB030165EBE375216065600349DB
:1080900001FB0322A260EBE7A12FB84400CA9A3B80
:1080A00000CA9A3B0000000070B582B00D46002463
:1080B000009401946846FEF70BFF009E019A4FEA78
:1080C000461C4CEAD26C53019B1A6CEB060C4FEA2F
:1080D0004C2C4CEAD35C5B029B1846EB0C0C4FEA31
:1080E0008C1141EA93619801C01A61EB0C01801870
:1080F0002A4646EB0101FFF7A3FF204602B070BD00
:1081000008B54FF400620349D0F88C02FDF7E2FE97
:10811000012008BDB05A002008B5D0F88C02FDF748
:108120007FF9012008BD70B5D0F88C52EB6F202B81
:1081300001D0002070BD144692B22846FDF724F904
:10814000064636B9EB6F202B03D00120FFF75CFA0F
:10815000F7E70EB92046EDE70020EBE72DE9F843FD
:108160000D4614461F46D0F88C82002672B6D8F809
:1081700074301B685868C0F50060DFF85490C9F887
:10818000000062B601360120FFF73EFA0E4B1B6875
:10819000D9F80020934214D1BE42E7DB002008E06A
:1081A0000A49C95C29540133C3F30A0306490B6029
:1081B0000130054B1B689A4201D0A042F0D3BDE8C4
:1081C000F8830020F5E700BFAC5A0020B05A002029
:1081D000A85A0020DFF834D0FDF79EFE0C480D4968
:1081E0000D4A002302E0D458C4500433C4188C4212
:1081F000F9D30A4A0A4C002301E013600432A24278
:10820000FBD3F8F721F8FBF70FFBFEE70000012096
:1082100000000020CC020020681C0108D0020020D1
:10822000FCAD0020FEE70000014B1868704700BF5E
:108230009C1801082DE9F04788B0109D002D6AD0E8
:1082400005F15009044648460E4690461F4600F088
:10825000E3F900285FD0002C5DD0D4F800A0BAF17B
:10826000000F04D06427384608B0BDE8F0873046D8
:1082700004F046FF002853D0B8F1000F4BD0002F78
:1082800049D0CDE903AA07AA059205F1580393E85E
:1082900007008DE80700CDF81CA0394699E80C00CE
:1082A000304604F0BDFF0746002850D1D5E917320B
:1082B000C82101209847206000284ED0304604F0A5
:1082C00041FF05F164030093079A27682B46414656
:1082D00000F060FA2368C7F8C400D3F8C40070B394
:1082E00003F1700100F032FB23680746D0B995F81E
:1082F000482083F8B820294670221846F8F724F859
:108300003268C0F8C02007986B6D296E98473846D0
:1083100008B0BDE8F0870B27384608B0BDE8F08705
:10832000C827A0E78BB1D3F8C42042B1304604F08F
:1083300009FF2368D3F8C41000F016FB23686A6DA8
:10834000296E18469047002323600127DBE7672842
:10835000D9D0692803D00A28F7D10A27D3E767279D
:10836000D1E700BFF0B51949194C8BB05022054632
:108370001848F7F7E9FF02A800F022F90DF1080C00
:10838000BCE80F000FC46F46DCF8003044F8043B33
:10839000384600F081F997E80300002684E80300DE
:1083A0000DF127008DF8276004F0D2FE58B99DF832
:1083B000276008497022284681F86C60F7F7C4FFEF
:1083C00028460BB0F0BD00F04BF9F2E7A018010809
:1083D00000630020B0620020F8B1036870B5044665
:1083E000B3B11646D3F8C42092B1D3F8C0000D46FD
:1083F00004F09EFA60B12368D3F8C40040B155B1CF
:108400003246294600F066F9003818BF012070BDD9
:108410004FF4967070BD0B2070BD4FF4967070478E
:108420002DE9F04186B0B8B31C46ABB30F46904679
:10843000064604F0FFFB04F10C03059093E80300EB
:108440008DE8030005A894E80E0004F0F5FB05464E
:10845000E0B902AD284604F061FA95E8030033461E
:1084600086E8030005AA4146384604F0C7FA0546E7
:10847000B8B9B460224606F10C01032004F092FF63
:10848000054670B905A804F033FC08B100F0E8F81F
:10849000284606B0BDE8F0810B25284606B0BDE8A9
:1084A000F08100F0DDF805A804F022FC0028EFD0F0
:1084B000ECE700BFB8B32DE9F0430D46A1B029B3F6
:1084C00016461AB31F460BB30DF11008044640467A
:1084D00004F0B6FC98E803000DF1180984E80300E5
:1084E000484604F055FE404604F0AAFCCDF8009042
:1084F00098E803003B4684E80300324629462046BC
:1085000004F0A8FC30B921B0BDE8F0830B2021B005
:10851000BDE8F083039000F0A3F800F0A1F8039801
:1085200021B0BDE8F0830B20704700BF68B32DE990
:10853000F0410D46A0B021B3164612B31F4603B357
:108540000446FFF771FE0DF1100820604046FFF76A
:1085500009FF0F4950224046F7F7F6FECDF800809C
:108560003B46324629462046FFF764FE10B920B04C
:10857000BDE8F081039000F073F8039820B0BDE8E7
:10858000F0810B2020B0BDE8F0810B20704700BFC8
:10859000F0180108FAF7DEBBFAF772BCFAF784BCF0
:1085A000FAF77ABC10B5054C864684460FCCACE889
:1085B0000F002368CCF80030704610BD4019010848
:1085C00010B5054C864684460FCCACE80F002368F6
:1085D000CCF80030704610BD70000020A8B10268D1
:1085E000A2B14168A1B110B4C46864B1806838B167
:1085F000084B1A600022C3E90342C3E901100120BD
:108600005DF8044B70472046FAE770471046704704
:10861000084670477000002058B1036843B14368B2
:1086200033B1C36823B18068003818BF0120704798
:1086300018467047064B1B783BB1064B1A780AB9AF
:1086400001221A70044B18787047044B1878704751
:10865000206300202563002024630020741101089A
:108660009FED077B084A094809490023138082EDE2
:10867000027B084A03700B7013707047AFF30080E1
:108680000000000000000000286300202563002097
:1086900024630020206300200022026002717047E2
:1086A00070B4DDE9035662B15BB155B14EB1064C11
:1086B0002070C4E90112C4E903356661002070BC72
:1086C00070470B2070BC704738630020C96F02F000
:1086D000E1BA00BF002853D070B50D468EB0002916
:1086E0004BD00446006800F051FC002845D0666875
:1086F000002E42D0B469284623699847F369059053
:1087000013B105A898470598D6F880301B690090EA
:108710007269B16F03F5287006AB03F09DF8D8B10C
:10872000A36806A928469847336A04460BB106A8F1
:10873000984796F87A30D6F88020012B106921D01E
:10874000F16F00F5287002F0A5FA0440E4B284F05D
:108750000100C0B20EB070BDD6F8803018690C4B65
:108760000193059B009302967269B16F00F5287022
:1087700006AB03F0A1F80028D2D101200EB070BDE5
:108780000120704700F5287001F026FFDFE700BFE9
:10879000CD8600082DE9F04F87B0002800F0C98091
:1087A0000F46002900F0C5800446006815461E46A5
:1087B00000F0ECFB002800F0BC80002D00F0B98038
:1087C0002B78002B00F0B580002E00F0B2805C48C2
:1087D000D4F8049005F002FB002800F0AA80846819
:1087E000C4F8884005F01EFB04F19C0AC4F884001C
:1087F000C4F88CA02846FAF7C3FA01303C2804F1EB
:10880000840800F28F804F4A2B463C215046FAF7ED
:10881000E9FD4FF47A73E3673146C4F88090502243
:1088200004F12800F7F790FD337A4749022BD9F875
:1088300010300CBFD3F87C33D3F87833A367002310
:10884000C4E90733384600F0AFFB00286AD042681D
:10885000A261002A66D029463346484605F04AFD03
:108860006062002862D0D9F8103003F580530321EC
:10887000B3F89805421CA3F8982501F081FDD4F8BF
:108880008020D9F810302061D3F884331069062590
:10889000009519682269D9F8143000F5287001F0A4
:1088A000DDFC0246D9F81000D0F88C33D0F88413E0
:1088B00000F0E6FAB0B3D9F8103003F58053052183
:1088C000B3F89A05421CA3F89A2501F059FDD4F893
:1088D00080306061314604AF1E69D9F81030D4F899
:1088E00024B0D3F884A3384600F0EAFA039597E859
:1088F00003000190ADF80810DBF81030009306F586
:108900002876D4E90432DAF80010304601F0D4FCBD
:108910000246D9F81000D0F88C33D0F8841300F058
:10892000AFFA40B9606A08B100F046FA404600F07C
:10893000EBF94FF00008404607B0BDE8F08F00BFEC
:1089400028960020AC1101087811010808B50346EB
:1089500040B1084631B1596850222831F7F7F4FC8C
:10896000002008BD0B2008BD2DE9F04128B10446C8
:1089700000680D4600F00AFB18B901242046BDE846
:10898000F0816368002BF8D0002DF6D0286800F045
:10899000FDFA0028F1D06C68002CEED0606AD4F8A3
:1089A000807005F0FBFCD4F8803062691869D0F85B
:1089B000883300F52870196801F0A0FBD4F88030E6
:1089C000226980461869D0F8883300F52870196844
:1089D00001F094FB064638694246D0F89033D0F84F
:1089E000881300F04DFA044638693246D0F89033C7
:1089F000D0F8881300F044FA044084F00104E4B293
:108A00002846640000F080F9B8E700BFE2B12DE924
:108A1000F041057B0646ADB9C823C0E90055836027
:108A200040F20113174683810C46A8462146304682
:108A3000013505F0E3F9AF42A46084F80C8004F13D
:108A4000C804F3D1BDE8F081704700BFE2B12DE961
:108A5000F041057B0646ADB9C823C0E900558360E7
:108A600040F20113174683810C46A8462146304642
:108A7000013505F0C3F9AF42A46084F80C8004F11D
:108A8000C804F3D1BDE8F081704700BFE2B12DE921
:108A9000F041057B0646ADB9D823C0E90055836097
:108AA00040F20113174683810C46A8462146304602
:108AB000013505F0A3F9AF42A46084F80C8004F1FD
:108AC000D804F3D1BDE8F081704700BFE2B12DE9D1
:108AD000F041057B0646ADB9D823C0E90055836057
:108AE00040F20113174683810C46A84621463046C2
:108AF000013505F083F9AF42A46084F80C8004F1DD
:108B0000D804F3D1BDE8F081704700BFE2B12DE990
:108B1000F041057B0646ADB9A423C0E9005583604A
:108B200040F20113174683810C46A8462146304681
:108B3000013505F063F9AF42A46084F80C8004F1BC
:108B4000A404F3D1BDE8F081704700BFEAB12DE97C
:108B5000F843057B0646B5B9C0E9005541F2A8586F
:108B600040F201131746C0F808800C468381A946DD
:108B700021463046013505F041F9AF42A46084F842
:108B80000C904444F4D1BDE8F8837047E2B12DE97C
:108B9000F041057B0646ADB91C23C0E90055836052
:108BA00040F20113174683810C46A8462146304601
:108BB000013505F023F9AF42A46084F80C8004F17C
:108BC0001C04F3D1BDE8F081704700BFEAB12DE984
:108BD000F041057B0646B5B94FF40463C0E9005582
:108BE000836040F20113174683810C46A846214654
:108BF0003046013505F002F9AF42A46084F80C80DC
:108C000004F50464F3D1BDE8F0817047E2B12DE9C9
:108C1000F041057B0646ADB92C23C0E900558360C1
:108C200040F20113174683810C46A8462146304680
:108C3000013505F0E3F8AF42A46084F80C8004F13C
:108C40002C04F3D1BDE8F081704700BFE2B12DE9FB
:108C5000F041057B0646ADB91C23C0E90055836091
:108C600040F20113174683810C46A8462146304640
:108C7000013505F0C3F8AF42A46084F80C8004F11C
:108C80001C04F3D1BDE8F081704700BFE2B12DE9CB
:108C9000F041057B0646ADB92023C0E9005583604D
:108CA00040F20113174683810C46A8462146304600
:108CB000013505F0A3F8AF42A46084F80C8004F1FC
:108CC0002004F3D1BDE8F081704700BF01460148A0
:108CD00005F094B898AC002038B50446006828B177
:108CE000074B1968FAF7CCF940B92060616829B1DF
:108CF000002504480D6105F081F8656038BD00BFAE
:108D0000E0190108DC96002010B50446006828B17F
:108D1000064B1968FAF7B4F938B92060616821B1D7
:108D2000034805F06BF80023636010BDE0190108EB
:108D30002896002010B50446006828B1064B196833
:108D4000FAF79EF938B92060616821B1034805F04F
:108D500055F80023636010BDE0190108A88D0020BC
:108D600010B50446006828B1064B1968FAF788F96F
:108D700038B92060616821B1034805F03FF800234D
:108D8000636010BDE01901086089002010B5044639
:108D9000006828B1064B1968FAF772F938B92060F3
:108DA000616821B1034805F029F80023636010BD14
:108DB000E01901088888002010B5044621460348C0
:108DC00005F01CF80023A36110BD00BFAC87002094
:108DD00082B030B5294903AC84E80C000C681D460C
:108DE0000246002C43D02046002183684068D3F817
:108DF00014389A4208BF01310028F6D19DF80C3092
:108E0000022B27D006D9032B04D0BDE83040002028
:108E100002B07047FDB18D421DD8002CF5D0002066
:108E20004FF0FF3C6FF0004501E06468DCB1A368DF
:108E3000D3F814188A42F8D1D3F8181803F502634E
:108E4000614553F8043C73EB050EEEDA8C461D4683
:108E50002046EAE72DB9BDE83040084802B004F0EA
:108E6000BDBF8D42F7D8BDE8304002B070479DF8D5
:108E70000C30022BEFD0EED92146C4E7F885002054
:108E800000B591F802C087B0BCF1010FADF80E201B
:108E90000FD01946012300930DF10E020DF11703B7
:108EA00000F5287001F01CFF00B1012007B05DF84B
:108EB00004FB00F5287001F08FFB0120F6E700BFEE
:108EC0000A7891F808C0A2F10202B2FA82F25209BD
:108ED00082704A7A89888180A2F10202ACF1020C88
:108EE000B2FA82F2BCFA8CFC52094FEA5C1C5200C6
:108EF00080F801C00270704730B500230B70036822
:108F000087B01446D3B10F4A1546039200954268C4
:108F10000D48019008460D490492059102910C4AB2
:108F20002146FAF75FFA002805DB8442D4BF00200F
:108F3000012007B030BD002007B030BD054B014A0D
:108F40001D46E2E79C110108B4110108B0110108A7
:108F5000A01101080C18010810B582B01446009049
:108F6000084B094A08462146FAF73CFA002805DB77
:108F70008442D4BF0020012002B010BD002002B006
:108F800010BD00BF54190108B811010810B50446FE
:108F900040B104F047FF01462046FAF771F8B0FAF5
:108FA00080F0400910BD00BF8368184710B5044623
:108FB0000068FAF765F800280CBF2046002010BDB5
:108FC000044B1A680AB103487047034A0148126803
:108FD0001A607047840000202C010020024A034BD5
:108FE00012681A60704700BF2C0100208400002026
:108FF00005F030BC05F032BC044B1A680AB10348D6
:109000007047034A014812681A607047A4000020A4
:109010003001002008B50421002001F003F80430DD
:1090200008BD00BF09B100F017BF0846704700BF78
:1090300008B520B10846042100F0F4FF043008BD53
:109040000A4618B10168104600F06CBE704700BFB8
:1090500030B108B50421002000F0E4FF043008BD61
:10906000704700BF00487047F800002038B50D4633
:109070000121044600F08AFF48B1A3681D70A26870
:10908000236901210A440B44A26023616175A07D1C
:1090900080F0010038BD00BF38B50D4601210446FF
:1090A00000F074FF60B1A268236912F8011B003957
:1090B00018BF0121297001330121A260236161756C
:1090C000A07D80F0010038BD38B50D460121044671
:1090D00000F05CFF48B1A3681D70A26823690121FC
:1090E0000A440B44A26023616175A07D80F00100F9
:1090F00038BD00BF38B50D460121044600F046FFDB
:1091000050B1A3681B782B70A268236901210A441F
:109110000B44A26023616175A07D80F0010038BD21
:109120002DE9F04182B00B4602210446ADF806302D
:1091300000F080FF01462046677D00F0BFFF02215E
:10914000204600F017FFC0B1227DA368012A4ED04F
:109150009DF807201A70A3689DF806205A70A2682F
:109160002369023202330221A26023616175A07D6E
:1091700080F0010002B0BDE8F081D4E90135AB42D6
:1091800023D95E1BA3602369C6F10208334423611F
:109190004146204600F0FAFE68B3237D012B3BD008
:1091A0009DF807302B709DF806306B702369A2681C
:1091B000A07D023342449B1B022180F00100A2608B
:1091C0002361617502B0BDE8F0810221204600F004
:1091D000DDFE0028CBD0237DA268012B18D09DF89E
:1091E00007301370A3689DF806205A70B7E7BDF8E2
:1091F00006201A80B3E7A2682369A07D6775921BD9
:109200009B1B80F00100A260236102B0BDE8F081E9
:10921000BDF806301380A2E728460DF10605324658
:109220002946F7F791F8A0684246A919F7F78CF894
:10923000BCE700BF2DE9F04383B00D460221044690
:10924000ADF8062000F0F6FE0146204694F81580A1
:1092500000F034FF0221204600F08CFE60BBD4E910
:109260000167BE4223D92369A660F61B3344C6F1C9
:10927000020923614946204600F088FE002837D0C5
:10928000012D43D09DF807303B709DF806307B7070
:109290002369A268A07D02334A449B1B022180F00F
:1092A0000100A2602361617503B0BDE8F083022173
:1092B000204600F06BFE88B1012DA36814D09DF804
:1092C00007201A70A3689DF806205A70A2682369C7
:1092D000023202330221A26023616175A07D80F019
:1092E000010003B0BDE8F083BDF806201A80EDE769
:1092F000A2682369A07D84F81580921B9B1B80F0D7
:109300000100A260236103B0BDE8F0830DF1060502
:10931000324629463846F7F717F8A0684A46A91991
:10932000F7F712F8B4E700BF2DE9F8430D46022124
:10933000044600F07FFE0146204694F8158000F0B8
:10934000BDFE0221204600F015FEA8B1227DA368D3
:10935000012A46D05B782B70A3681B786B70A268DB
:109360002369023202330221A26023616175A07D6C
:1093700080F00100BDE8F883D4E90167BE4220D93E
:109380002369A660F61B3344C6F1020923614946EE
:10939000204600F0FBFD38B3237D012B34D07B78D1
:1093A0002B703B786B702369A268A07D0221023389
:1093B0004A449B1B6175A260236180F00100BDE8F7
:1093C000F8830221204600F0E1FD0028CFD0237D64
:1093D000A268012B15D053782B70A3681B786B7093
:1093E000BDE71B882B80BAE7A2682369A07D84F8BB
:1093F0001580921B9B1BA260236180F00100BDE8D9
:10940000F88313882B80AAE7394632462846F6F7B8
:109410009BFFA1684A46A819F6F796FFC3E700BF6D
:109420002DE9F0470E4602210446154600F002FEE3
:109430000146204694F8159000F040FE0221204697
:1094400000F098FD60BBD4E90178474523D9236932
:10945000A760A7EB08073B44C7F1020A2361514606
:10946000204600F093FD002832D0012E3DD098F820
:1094700001302B7098F800306B702369A268A07DD2
:10948000022102335244DB1B6175A260236180F02C
:109490000100BDE8F0870221204600F077FD78B199
:1094A000012EA36811D05B782B70A3681B786B70BA
:1094B000A2682369023202330221A260236161752E
:1094C000A07D80F00100BDE8F0871B882B80EFE7CE
:1094D000A2682369A07D84F81590D21BDB1BA260D3
:1094E000236180F00100BDE8F08741463A462846F6
:1094F000F6F72AFFA1685246E819F6F725FFBCE700
:109500002DE9F04182B004460191042100F092FD62
:1095100001462046677D00F0D1FD0421204600F081
:1095200029FD00B3227DA368012A5DD09DF80720A4
:109530001A70A3689DF806205A70A3689DF805204C
:109540009A70A3689DF80420DA70A2682369043237
:1095500004330421A26023616175A07D80F00100C5
:1095600002B0BDE8F081D4E90135AB422ED95E1BD3
:10957000A3602369C6F104083344236141462046B1
:1095800000F004FD98B3237D012B46D09DF80730F1
:109590002B70012E9DF806306B7035D09DF805308C
:1095A000AB70022E34D003359DF804302B70236944
:1095B000A268A07D043342449B1B042180F001007B
:1095C000A2602361617502B0BDE8F08104212046EC
:1095D00000F0DCFC0028C0D0237DA268012B19D04C
:1095E0009DF807301370A4E7019A1A60ADE7A268EE
:1095F0002369A07D6775921B9B1B80F00100A26010
:10960000236102B0BDE8F081A3689DF805201A70BF
:10961000A568C9E7019B136097E7284601AD32466C
:109620002946F6F791FEA0684246A919F6F78CFE86
:10963000BDE700BF2DE9F04383B00D460421044689
:10964000019200F0F7FC0146204694F8158000F0E6
:1096500035FD0421204600F08DFC002837D1D4E9E7
:109660000176B7422ED92369A760BF1B3B44C7F1DF
:10967000040923614946204600F088FC002849D0AF
:10968000012D5BD09DF807303370012F9DF8063017
:1096900073704DD09DF80530B370022F4CD0033657
:1096A0009DF8043033702369A268A07D04334A44D6
:1096B000DB1B042180F00100A2602361617503B00F
:1096C000BDE8F0830421204600F060FCC8B1012D04
:1096D000A3681CD09DF807201A70A3689DF8062087
:1096E0005A70A3689DF805209A70A3689DF804201D
:1096F000DA70A2682369043204330421A260236172
:109700006175A07D80F0010003B0BDE8F083019A8F
:109710001A60EEE7A2682369A07D84F81580D21B49
:10972000DB1B80F00100A260236103B0BDE8F08381
:10973000A3689DF805201A70A668B1E701AD3A4606
:1097400029463046F6F700FEA0684A46E919F6F7C2
:10975000FBFDA8E72DE9F8430D460421044600F07F
:1097600069FC0146204694F8158000F0A7FC04210E
:10977000204600F0FFFBD8B1227DA368012A52D019
:10978000DB782B70A3689B786B70A3685B78AB70F9
:10979000A3681B78EB70A2682369043204330421A8
:1097A000A26023616175A07D80F00100BDE8F883AF
:1097B000D4E90176B7422AD92369A760BF1B3B448D
:1097C000C7F1040923614946204600F0DFFB68B376
:1097D000237D012B40D0F3782B70B3786B70012F71
:1097E00031D07378AB70022F05F103052FD0337899
:1097F0002B702369A268A07D042104334A44DB1B3B
:109800006175A260236180F00100BDE8F883042146
:10981000204600F0BBFB0028C5D0237DA268012BA9
:1098200017D0D378ADE71B682B60B4E7A268236933
:10983000A07D84F81580D21BDB1BA260236180F021
:109840000100BDE8F883A3685B78AB700335A668B8
:10985000CDE713682B609EE731463A462846F6F777
:1098600073FDA1684A46E819F6F76EFDC1E700BF2F
:109870002DE9F0470E4604210446154600F0DAFBB8
:109880000146204694F8159000F018FC042120466B
:1098900000F070FB002837D1D4E90137BB422ED944
:1098A000A3EB0708A3602369C8F1040A43442361BA
:1098B0005146204600F06AFB002843D0012E56D0C6
:1098C000FB782B70BB786B70B8F1010F49D07B78B7
:1098D000AB70B8F1020F05F1030546D03B782B7051
:1098E0002369A268A07D042104335244A3EB08033A
:1098F0006175A260236180F00100BDE8F08704215A
:10990000204600F043FBA8B1012EA36817D0DB78F6
:109910002B70A3689B786B70A3685B78AB70A368AF
:109920001B78EB70A2682369043204330421A2601F
:1099300023616175A07D80F00100BDE8F0871B68A0
:109940002B60EFE7A2682369A07D84F81590A2EB55
:109950000802A3EB0803A260236180F00100BDE8C8
:10996000F087A3685B78AB700335A768B6E7394624
:1099700042462846F6F7E8FCA168524605EB080087
:10998000F6F7E2FCACE700BF2DE9F041082182B018
:109990000446CDE9002300F04DFB01462046677DDB
:1099A00000F08CFB0821204600F0E4FA00284DD19D
:1099B000D4E90135AB4244D95E1BA3602369C6F1EB
:1099C0000808334423614146204600F0DFFA0028AE
:1099D00072D0237D012B00F092809DF807302B7010
:1099E000012E9DF806306B7073D09DF80530AB707A
:1099F000022E72D09DF80430EB70032E71D09DF8CA
:109A000003302B71042E70D09DF802306B71052E3F
:109A10006FD09DF80130AB71062E6ED007359DF8E2
:109A200000302B702369A268A07D083342449B1B41
:109A3000082180F00100A2602361617502B0BDE8D9
:109A4000F0810821204600F0A1FA50B3227DA368DE
:109A5000012A2CD09DF807201A70A3689DF80620D3
:109A60005A70A3689DF805209A70A3689DF8042099
:109A7000DA70A3689DF803201A71A3689DF802208C
:109A80005A71A3689DF801209A71A3689DF800207F
:109A9000DA71A2682369083208330821A2602361C1
:109AA0006175A07D80F0010002B0BDE8F081DDE9C4
:109AB000001219605A60ECE7A2682369A07D6775FF
:109AC000921B9B1B80F00100A260236102B0BDE8E5
:109AD000F081A3689DF805201A70A3689DF8042002
:109AE0001A70A3689DF803201A70A3689DF80220DD
:109AF0001A70A3689DF801201A70A5688FE72846A0
:109B00006D4632462946F6F71FFCA0684246A91961
:109B1000F6F71AFC86E700BF2DE9F04182B00B464C
:109B200002210446ADF8063000F084FA01462046D2
:109B3000677D00F0C3FA0221204600F01BFAC0B195
:109B4000227DA368012A4ED09DF807201A70A368D1
:109B50009DF806205A70A26823690232023302215E
:109B6000A26023616175A07D80F0010002B0BDE8B4
:109B7000F081D4E90135AB4223D95E1BA360236990
:109B8000C6F10208334423614146204600F0FEF945
:109B900068B3237D012B3BD09DF807302B709DF8D7
:109BA00006306B702369A268A07D023342449B1B80
:109BB000022180F00100A2602361617502B0BDE85E
:109BC000F0810221204600F0E1F90028CBD0237D6E
:109BD000A268012B18D09DF807301370A3689DF878
:109BE00006205A70B7E7BDF806201A80B3E7A268CE
:109BF0002369A07D6775921B9B1B80F00100A2600A
:109C0000236102B0BDE8F081BDF806301380A2E701
:109C100028460DF1060532462946F6F795FBA06861
:109C20004246A919F6F790FBBCE700BF2DE9F843BF
:109C30000D460221044600F0FDF90146204694F845
:109C4000158000F03BFA0221204600F093F9A8B1FC
:109C5000227DA368012A46D05B782B70A3681B780D
:109C60006B70A2682369023202330221A260236171
:109C70006175A07D80F00100BDE8F883D4E901673B
:109C8000BE4220D92369A660F61B3344C6F10209FF
:109C900023614946204600F079F938B3237D012B32
:109CA00034D07B782B703B786B702369A268A07DE1
:109CB000022102334A449B1B6175A260236180F03C
:109CC0000100BDE8F8830221204600F05FF900287A
:109CD000CFD0237DA268012B15D053782B70A368B9
:109CE0001B786B70BDE71B882B80BAE7A2682369DD
:109CF000A07D84F81580921B9B1BA260236180F0DD
:109D00000100BDE8F88313882B80AAE73946324664
:109D10002846F6F719FBA1684A46A819F6F714FB7E
:109D2000C3E700BF2DE9F04182B004460191042150
:109D300000F080F901462046677D00F0BFF904215C
:109D4000204600F017F900B3227DA368012A5DD0F8
:109D50009DF807201A70A3689DF806205A70A36822
:109D60009DF805209A70A3689DF80420DA70A26817
:109D70002369043204330421A26023616175A07D4C
:109D800080F0010002B0BDE8F081D4E90135AB42BA
:109D90002ED95E1BA3602369C6F1040833442361F6
:109DA0004146204600F0F2F898B3237D012B46D0BF
:109DB0009DF807302B70012E9DF806306B7035D062
:109DC0009DF80530AB70022E34D003359DF8043079
:109DD0002B702369A268A07D043342449B1B04219D
:109DE00080F00100A2602361617502B0BDE8F081DE
:109DF0000421204600F0CAF80028C0D0237DA268C4
:109E0000012B19D09DF807301370A4E7019A1A604E
:109E1000ADE7A2682369A07D6775921B9B1B80F04C
:109E20000100A260236102B0BDE8F081A3689DF843
:109E300005201A70A568C9E7019B136097E72846BB
:109E400001AD32462946F6F77FFAA0684246A919C5
:109E5000F6F77AFABDE700BF2DE9F8430D46042175
:109E6000044600F0E7F80146204694F8158000F01B
:109E700025F90421204600F07DF8D8B1227DA368A1
:109E8000012A52D0DB782B70A3689B786B70A36893
:109E90005B78AB70A3681B78EB70A268236904320F
:109EA00004330421A26023616175A07D80F001006C
:109EB000BDE8F883D4E90176B7422AD92369A760BF
:109EC000BF1B3B44C7F1040923614946204600F00B
:109ED0005DF868B3237D012B40D0F3782B70B37805
:109EE0006B70012F31D07378AB70022F05F1030531
:109EF0002FD033782B702369A268A07D042104330E
:109F00004A44DB1B6175A260236180F00100BDE85B
:109F1000F8830421204600F039F80028C5D0237DBD
:109F2000A268012B17D0D378ADE71B682B60B4E78C
:109F3000A2682369A07D84F81580D21BDB1BA26078
:109F4000236180F00100BDE8F883A3685B78AB7003
:109F50000335A668CDE713682B609EE731463A4685
:109F60002846F6F7F1F9A1684A46E819F6F7ECF940
:109F7000C1E700BF837D3BB9D0E901030B449842A0
:109F800034BF00200120704700207047837D43B913
:109F9000D0E90121914210B5044605D201231846AB
:109FA00010BD00231846704782693AB1C1699047D5
:109FB00080F00103DBB2A075184610BD0120A0752A
:109FC000FAE700BFC0E90612704700BF10B4019C59
:109FD00001600A4442600A191C44C0E903348260EB
:109FE0009DF8083003750022C0E906225DF8044B95
:109FF00042758275704700BF10B582B0049C009412
:10A0000001240194FFF7E2FF02B010BD10B582B049
:10A0100000240094FFF7F0FF02B010BD0023FFF70B
:10A02000F5BF00BFB0FBF1F303FB1100081A0139C3
:10A0300008407047437D8B4208D20069B0FBF1F3C2
:10A0400001FB1300081A01390840704700207047CF
:10A0500038B504460D46FFF7EDFFA3686168226935
:10A06000657503448B4228BF0B460244A3602261FE
:10A0700038BD00BF82680068101A7047D0E901201F
:10A08000101A704738B5837D63B9D0E901329A421E
:10A0900004460D4608D339B1836963B1C169984755
:10A0A000A07508B1002038BD2046FFF7E7FFA842A1
:10A0B00028BF284638BD01238375F3E738B5044629
:10A0C0000D46FFF757FF78B12369A2682B4423613F
:10A0D00001232A446375A26038BDA2682369024443
:10A0E00003442D1AA2602361012229462046FFF76E
:10A0F000C9FF0028F1D10123637538BD10B50023D5
:10A100008EB0CDE9013203230093042206AB04464E
:10A1100001F01CF818B9044620460EB010BD029993
:10A1200005AA204601F04CF905A9044606A802F04C
:10A130006BFA20460EB010BD10B5C2F3074C8CB0C0
:10A14000CDE90221BCF1010F08BF03F001029DF827
:10A15000381018BF00220E331A440123CDE9003114
:10A1600092B2039904AB044600F0F0FF18B904461C
:10A1700020460CB010BD02990F9A204601F020F93C
:10A180000F99044604A802F09DF920460CB010BDBA
:10A1900070B5ADF5167D11ACADF8543203232372C2
:10A1A0009A9B9DF86C62CDE90221012200210546AF
:10A1B00022718DF81410CBB18DF81C2008934FF448
:10A1C000007215A909A8FFF729FF05A909A801F040
:10A1D0006FFE0D9B00960194DDE90221E3602846A5
:10A1E0009BB2FFF7A9FF0DF5167D70BD8DF81C30F1
:10A1F000E5E700BF70B5ADF5187D05460591184639
:10A2000097A902239DF8786204928DF8503000F0EF
:10A21000D9F803238DF854309C9B06939D9B0A9399
:10A2200001238DF824304FF40072002317A90BA8E6
:10A230008DF81C30FFF7F2FE06A90BA801F05AFEBC
:10A240000F9B169313ACDDE90421009601949BB299
:10A250002846FFF771FF0DF5187D70BDF0B5ADF222
:10A260008C4D054605911846032692A99DF8A074C9
:10A2700004928DF83C6000F0A5F800234FF40072C2
:10A2800012A906A88DF84C328DF854328DF8406032
:10A29000FFF7C4FE93A906A801F0E2FE0A9B119302
:10A2A0000EACDDE90421009701949BB22846FFF72C
:10A2B00043FF0DF28C4DF0BDF0B5ADF5237D1DAC27
:10A2C00005910546A1A918460523BDF8A872049278
:10A2D00023719DF8AC6200F075F803230EA9A898CD
:10A2E000237200F06FF89DF8A532ADF8447000229B
:10A2F000003FB3FA83F39DF8A6128DF8642018BFCF
:10A3000001275B098DF846208DF84C208DF85420EC
:10A3100001228DF84270ADF840308DF83A2019B91D
:10A3200043F00203ADF840309DF8A422012A22D068
:10A33000032A1BD01AB943F00803ADF840304FF49C
:10A34000007221A906A8FFF769FE0EA906A801F070
:10A35000EDFE0A9B00960194DDE90421E3602846A6
:10A360009BB2FFF7E9FE0DF5237DF0BD43F020031E
:10A37000ADF84030E3E743F01003ADF84030DEE7DE
:10A3800082B000238DF80610BDF8062060F30F039D
:10A3900062F31F43184602B0704700BF437801784C
:10A3A00082B003F00F028DF806201B09BDF80620CD
:10A3B00003EB0113002063F30F0062F31F4002B0B0
:10A3C000704700BFC0F3034382B0C0F30B1203EB2E
:10A3D00000130A704B7002B0704700BF00B58BB01D
:10A3E0000146042202A8FFF719FE0DF105030DF145
:10A3F000060201A902A801F047F99DF804300D2BCF
:10A4000003D000200BB05DF804FB9DF8053013F07D
:10A41000020F0CBF012002200BB05DF804FB00BF4F
:10A4200070B50025ADF5347D04464FF424720E4618
:10A4300010A82946CDE90355F5F72EFF03A93046AC
:10A4400002F0CEF8BDF80C30ADF84030204600F0F8
:10A45000AFFF2B4600900C2205A908A8FFF7CCFD02
:10A4600010A908A802F02EF9089B2A462946204682
:10A4700000F04AFF08A8FFF7FDFD236F024605A97B
:10A48000D3E90004A0470DF5347D70BD70B592B0DE
:10A4900005460E46144600F08BFF05A900900023E8
:10A4A0000AA81122FFF7A8FD182303FB0454052274
:10A4B000002350340A210AA801F0CCF803A9204651
:10A4C00004F0C4FD40BAADF80E0003A90AA88DF847
:10A4D000106002F067F900220A9B1146284600F03E
:10A4E00013FF0AA8FFF7C6FD2B6F024605A9D3E9A3
:10A4F0000004A04712B070BD10B59FED0D7B002386
:10A50000C0E91C130446C0E91E33C0E92033C0E98A
:10A510002233C0E9243380ED267B80F8A0308121EE
:10A5200000F056FE04F10800BDE8104000F0AEBF98
:10A530000000000000000000C0E92012704700BFCA
:10A54000C0E92212704700BFC0E92912704700BF5E
:10A55000C0E92B12704700BF70B582B004460D46AB
:10A56000164600F025FF32460346294604F108004E
:10A5700002B0BDE8704000F0D3BF00BFF0B585B0B9
:10A5800004460D4616461F4600F012FF3B4600905B
:10A590003246294604F1080000F0D6FF05B0F0BDB0
:10A5A00082B0083002B000F0E9BF00BF10B584B03F
:10A5B000034C0094083000F0F7FF04B010BD00BF5A
:10A5C000DDA3000810B5044601F0A4F8D4E9263252
:10A5D000C01A61EB020110BD2DE9F047037E84B083
:10A5E000044673B3002500F108090DF1020828465E
:10A5F00003AF02AE06E0237E0135E8B2834209F1E3
:10A6000010091ED90122114600F008FF4346844676
:10A610003A4631464846CDF804C004F09BFD002878
:10A62000E9D0029BBDF802209DF80410204600F0FE
:10A630006BFE236F039AD3F804A002991868D047E1
:10A64000D9E794F848307BB34FF0000904F12005B6
:10A650000DF1020803AF02AE48460122022100F0CC
:10A66000DDFE01900EE0029BBDF802209DF8041073
:10A67000204600F049FE236F039AD3F804A0029904
:10A680001868D04743463A463146284604F076FFDC
:10A690000028E8D194F8483009F101095FFA89F0FF
:10A6A000834205F12805D8D804B0BDE8F08700BF83
:10A6B0002DE9F0410D46ADF5247D69460746284653
:10A6C00001F09EFE02A9044628469DF80580FEF78B
:10A6D000E3FC9DF808300440E4B25BB987A9284642
:10A6E000FEF7DAFC9DF81C3206464BB90DF5247DC9
:10A6F000BDE8F08103A9284601F044FD0440EDE7E0
:10A7000088A92846FEF7F6FC3442EFD00028EDD0A9
:10A710009DF820320D2BE9D18AA92846FFF786FA49
:10A7200040B1BDF92832002B07DDB8F1000F0CBF96
:10A730000220012087F8B500D8E70020FAE700BF23
:10A740002DE9F04397B004460D4609920DF12F0311
:10A750000CAA0DF12E01284600F096FF002800F00B
:10A760002C819DF82E100998BDF830609DF82F704F
:10A770000239C0F307430D29E8D801A252F821F0AD
:10A78000B1A900084DA70008A1A9000843A9000825
:10A7900039A900084DA700084DA70008BDA800086A
:10A7A00055A8000815A800084DA700084DA70008E7
:10A7B0004DA70008B9A7000810A9284602F042F8E2
:10A7C000D4F89060002E00F0008100F0A3FF4FF05D
:10A7D0000008159F02460B4614989049C446C0FBDA
:10A7E000017CCDE9047C1098119FC646C0FB017E18
:10A7F000BC46DDE91207C0FB0178CDE902CECDE908
:10A800000078D4F8941006912046B047012384F8CC
:10A81000A0309BE710A9284602F002F800219DF81D
:10A82000440000F017FEC0F307260F90314604F1F4
:10A83000080000F0EFFE002888D0BDF84220BDF8E7
:10A84000401004F0F7FB9DF83C1032462046FFF71D
:10A850001DFE7BE710A9284601F0BAFF00219DF8F4
:10A86000440000F0F7FD0D90C0F3072104F108004B
:10A8700000F0BCFE064600283FF468AFBDF8421069
:10A88000BDF8402049BA89B204F022FF304604F0F6
:10A89000E3FE0DF13808ADF8320005E0236F0F9AA2
:10A8A0005F680E991868B8470DF132030FAA414648
:10A8B000304604F0D3FE0028F0D147E70DF1380808
:10A8C00041460D90284601F0FDFC043E40460FA98C
:10A8D0000DF1320200F092FD1FFA86F8D4F8806084
:10A8E0000F99BDF83290109107F00E0736B1D4F8E9
:10A8F000843000934A4600232046B047E36F6BB193
:10A90000606F0021023802E001318B4206D030F83E
:10A91000026F4E45F8D1A36F00225A54BDF8321091
:10A9200002910F9901910D9900913B4642462946AB
:10A93000204604F04DFF09E729462046FFF7B8FE00
:10A9400004E7002B3CD010A9284601F09DFE0EA97B
:10A9500010A80DAA00F052FDD4F880600E999DF861
:10A960004480BDF834700F9136B1D4F88430009330
:10A970003A4643462046B047E26F002A3FF4E6AE2F
:10A98000606F0021023803E0013191423FF4DEAEF6
:10A9900030F8026FBE42F7D1A36F03F80180D5E60D
:10A9A000002B7FF4D3AE2946204600F06FFCCDE6A5
:10A9B00029462046FFF734FDC8E617B0BDE8F0830E
:10A9C0002946204600F070FCC0E600F0A3FEDDE959
:10A9D0001472DFF848C03346C7FB0C23101843EB52
:10A9E0000103DDE91212B646C1FB0C2EDDE910179A
:10A9F000C1FB0C76D2194EEB0601801A63EB010302
:10AA0000DA0F121843F10003520842EAC3725B10D6
:10AA1000C4F89820C4F89C30F8E600BF00CA9A3BFE
:10AA20002DE9F04FB1F1000B9FB00646B8BF6FF0B3
:10AA3000004B00F055FE96F84830039004910DF15C
:10AA400028080DF1240A002B00F0A4800025CDE990
:10AA500006B806F120044FF0FF376FF00049284692
:10AA600011E0D4E90623BA4273EB0901B8BF994655
:10AA700005F1010596F84830E8B2B8BF17468342A1
:10AA800004F128044AD90122022100F0C7FCDDE9C3
:10AA90000323014620460B9104F0AEFD0028E0D0D0
:10AAA0009DF82C309DF82DB00593304600F080FCC9
:10AAB0000DF158080BEB8B0B00900EA9404606EBEE
:10AAC000CB0B00231122FFF797FA002305220B215D
:10AAD000404600F0BFFDBBF83200012104F04CFFFE
:10AAE000BBF83030ADF832300246059BADF830206F
:10AAF0000CA940468DF8343001F07EFE0022169BF2
:10AB00001146304600F000FC4046FFF7B3FA02461B
:10AB1000306F0EA9D0E900039847A2E76FF0004319
:10AB2000994508BFB7F1FF3FDDE906B832D0039B76
:10AB3000FF1A002F08BF0127336F5F45A8BF5F468C
:10AB40009C68186842463B465146A047ABEB070B52
:10AB500058B9BBF1000F44DD00F0C2FD96F8483053
:10AB6000002B3CD0CDE9030170E7DDE90912044672
:10AB70000EA8FFF753FA00250DF1220308AA0EA92B
:10AB800030468DF8205000F0D5FB28B920461FB084
:10AB9000BDE8F08F5F46CCE729469DF8200000F025
:10ABA00059FCC0F30747012FCDE90B00BDF822A0E7
:10ABB0005FFA80F8C0F3072550D0022F16D0002F7F
:10ABC000E4D13946384600F045FC0EA9024630462D
:10ABD0000C92FFF7B5FD20461FB0BDE8F08F5F4631
:10ABE000AAE7044620461FB0BDE8F08F294606F1CB
:10ABF000080000F00FFD814638B30EA8DDF840B024
:10AC0000FFF73CFA03460DF1210000905A465146E9
:10AC1000484604F01DF9C0B19DF8213093B316AF3A
:10AC20004FF0020A0AE08DF830808DF831508DF82F
:10AC300032A00C9A39463046FFF782FD042239468D
:10AC4000484604F07FF90028EDD130462A464146B7
:10AC5000FFF71CFC20461FB0BDE8F08F294606F127
:10AC6000080000F0CDFC002890D0514604F060F8B8
:10AC700000288BD08DF832700C9A0EA93046FFF761
:10AC80005FFD83E78DF832700C9A0EA93046FFF70E
:10AC900057FDC4E72DE9F04106460D4600F020FDC2
:10ACA00007463046FFF798FC002D16DB2C4606F1D0
:10ACB000080808E021463046FFF7B2FE00F010FD1C
:10ACC000C11B6C1A04D4404600F0AEFC0028F1D041
:10ACD0004046BDE8F04100F0A7BC06F10808F7E7E0
:10ACE0002DE9F843089C05460F4690461E46FFF79F
:10ACF00073FC24B12246FF213046F5F7CDFAC5E9B1
:10AD00001D86EC6700F0ECFC394681462846FFF7CB
:10AD100087FE00F0E5FCA0EB0901791A6CB3701E08
:10AD2000C646021984461CF8013FFF2B07D0944504
:10AD30000FD01CF8013FFF2B0EF1020EF7D1944506
:10AD4000BEF8003014D00EF1020E002BEBD000291B
:10AD5000DCDC0023EB6701E0012B12D810F8013F87
:10AD60009042F9D1012B8CBF00200120BDE8F8836F
:10AD70000029EEDD002BC9D1EBE7EC670120BDE82F
:10AD8000F8830020BDE8F8832DE9F04F0446FF204A
:10AD90009FB06071002B00F0BB8092469B464FF045
:10ADA00000080591236F0599D3E900055246A8478D
:10ADB00000F096FC002705464FF47A7309E000F096
:10ADC0008FFC431BC3F57A73002B62793DDDFF2AAC
:10ADD0003BD1226F0AA9966810680BAAB0470028D9
:10ADE000EDD0DDE90A120EA8FFF718F90DF12603E0
:10ADF00009AA0EA920468DF8247000F09BFA0028BD
:10AE0000DDD09DF82400002100F024FBBDF82630A1
:10AE10000493C0F30749C3B2B9F1010FCDE90C00A7
:10AE20000393C0F307265DD0B9F1020F1AD0B9F130
:10AE3000000FC4D14946484600F00CFB0EA902465B
:10AE40000D902046FFF77CFCB9E708F10108C345E7
:10AE500001D0FF2AA6D0B2F1FF0018BF01201FB019
:10AE6000BDE8F08F314604F1080000F0D3FB0690F6
:10AE7000002831D00EAA1046109A0792FFF7FEF86C
:10AE800003460DF125000090079A0499069803F0F7
:10AE9000DFFF08B39DF82530002B41D0CDF810809E
:10AEA0000795DDF80C80069D4FF002090AE08DF849
:10AEB00034808DF835608DF836900D9A16A92046AD
:10AEC000FFF73EFC042216A9284604F03BF80028B0
:10AED000EDD1DDF81080079D039932462046FFF73B
:10AEE000D5FA6CE7314604F1080000F089FB002830
:10AEF0003FF465AF049903F01BFF00283FF45FAFF8
:10AF00008DF836900D9A0EA92046FFF719FC56E7EA
:10AF1000236FD3E90004A04701201FB0BDE8F08FE4
:10AF20008DF836900D9A0EA92046FFF709FCB5E77B
:10AF300030B58FB004460D4600F03AFA00231022D7
:10AF4000009002A906A8FFF757F806A9204600F0CE
:10AF500081F900221146069B204600F0D5F906A88B
:10AF6000FFF788F82B46024602A92046FFF70CFFA0
:10AF700018B16079B0FA80F040090FB030BD00BF61
:10AF80002DE9F04F00F10803ABB0044618460393D7
:10AF900000F086FA204600F00BFA002300901C22F5
:10AFA0000BA912A8FFF728F8236F1A8A043A92B265
:10AFB00012A9204600F024F91299204600F090F9D9
:10AFC00012A8FFF757F8FF23834663714FF00A0872
:10AFD000236F5A46D3E900050BA9A84700F080FB70
:10AFE000002705464FF47A7309E000F079FB431B14
:10AFF000C3F57A73002B62793DDDFF2A3BD1226FC6
:10B0000007A99668106808AAB0470028EDD0DDE9C6
:10B0100007121AA8FFF702F80DF11A0306AA1AA9D7
:10B0200020468DF8187000F085F90028DDD09DF8D5
:10B030001800002100F00EFAC0F30749BDF81A30DD
:10B040000293B9F1010FCDE909005FFA80FAC0F36C
:10B05000072656D0B9F1020F18D0B9F1000FC4D1AC
:10B060004946484600F0F6F91AA902460A902046D9
:10B07000FFF766FBB9E7B8F1010801D0FF2AA7D0B6
:10B08000002A5BD000202BB0BDE8F08F039831463A
:10B0900000F0C0FA049070B31AAA10461C9A0592E8
:10B0A000FEF7ECFF03460DF119000090059A029996
:10B0B000049803F0CDFEF0B19DF81930002B35D087
:10B0C000CDF808B04FF00209DDF810B00AE08DF8B5
:10B0D00028A08DF829608DF82A900A9A22A9204686
:10B0E000FFF72EFB042222A9584603F02BFF00286D
:10B0F000EDD1DDF808B0324651462046FFF7C6F9DB
:10B1000073E70398314600F07BFA00283FF46DAFF7
:10B11000029903F00DFE00283FF467AF8DF82A90E6
:10B120000A9A1AA92046FFF70BFB5EE78DF82A90D2
:10B130000A9A1AA92046FFF703FBC1E7039800F01B
:10B14000AFF901202BB0BDE8F08F00BF2DE9F0472B
:10B1500082B006461046144601911F46C1F30725EA
:10B160009DF828809DF82C9000F0B4FA9DF80630E8
:10B17000211D012B01EB000A12D0022B03D000206D
:10B1800002B0BDE8F087294606F1080000F02EFA6B
:10B190000028F4D051463A4604F08AF868B9EEE740
:10B1A000294606F1080000F019FA0028E7D05146B8
:10B1B0003A4603F0AFFF0028E1D04B46A2B2414629
:10B1C000384600F047FA012002B0BDE8F08700BF22
:10B1D000002361F30703110E61F30F23C2F307414C
:10B1E00061F31743C2F3072161F31F634FF0090CAA
:10B1F000FF2103600271A0F806C04171704700BFD3
:10B2000030B5134D89B000230793ADF81C202A6890
:10B2100000920C460122A9880193C280ADF8061065
:10B22000D0F80110007803938DF8042002911022C9
:10B2300019468DF80C002046CDE90433069300F042
:10B2400009FA6946204601F03BF909B030BD00BF5C
:10B25000A00F010810B50C4A82B00C4602231189D8
:10B26000C3804FF4007C00230422ADF80610204672
:10B270000321ADF804C000F0EDF901A9204601F06A
:10B28000C3F902B010BD00BFA00F010810B50B46F6
:10B2900088B0044601A9184601F0C6F99DF80430AB
:10B2A000637108B010BD00BF10B50B4682B00446F4
:10B2B0006946184601F0E8F9E388022B01D002B094
:10B2C00010BD0DF10200FFF769F8BDF800309DF8E0
:10B2D0000420B3F5007F08BF627102B010BD00BF4B
:10B2E00010B508228AB004460DEB0200FEF796FE68
:10B2F00014F8011B009400231A4602A801F08001F3
:10B3000000F0A6FB0AB010BD70B504468AB0164620
:10B3100008220DEB02000D461946FEF77FFE14F8D9
:10B32000011B009433462A4602A800F091FB0AB0A4
:10B3300070BD00BFF0B5074685B008460C461546FF
:10B340001E46FEF79BFE082802D8002005B0F0BD7F
:10B3500003AB00932A4633460DF10B01204600F063
:10B3600095FB3A789DF80B309342EED11B061CD426
:10B370009DF80C207B789A4203D0012080F00100D8
:10B38000E4E79DF80D20BB789A4207F10201F4D161
:10B390009DF80E2011F8013F9A42EED19DF80F2042
:10B3A0004B789A42E9D10020E8E70120CEE700BFC0
:10B3B00090F90030002BB4BF04200820704700BF74
:10B3C00010B5C38882B04FF6F4740191A3F10A015D
:10B3D00089B2A1420ED801339CB2C3F30721DBB27C
:10B3E000C480019811705370911CFEF7EBFF20464A
:10B3F00002B010BD0A2300211C46F1E770B50446D7
:10B4000002300D461646FEF7C9FFC0F30F432880F1
:10B410006B8023885BBA338070BD00BF012982B086
:10B42000034611D002294FF0000C0AD000206CF323
:10B43000070063F30F2061F3174062F31F6002B04F
:10B44000704780F0800CF1E700F1010C5FFA8CFC92
:10B45000ECE700BF82B0034630B1020611D4421EB1
:10B46000D2B24FF0010C01E084460246002063F3A3
:10B47000070062F30F206CF3174061F31F6002B006
:10B48000704780F080024FF0020CEFE70023037456
:10B4900080F8403080F8443080F86030704700BF5A
:10B4A00070B5037C044653B106460025304603F0D0
:10B4B0002BFE237C0135AB4206F11006F6D894F83A
:10B4C000443063B104F142060025304603F02CFC01
:10B4D00094F844300135AB4206F10206F5D894F8F1
:10B4E000403063B104F118060025304603F0B6FE83
:10B4F00094F840300135AB4206F12806F5D894F8AF
:10B50000603063B104F148060025304603F07CFC4E
:10B5100094F860300135AB4206F11806F5D870BDDD
:10B5200010B5047C04F1010C82B080F810C000EB6F
:10B53000041003F0DFFD01221146204602B0BDE8F1
:10B540001040FFF76BBF00BF10B584B084469DF874
:10B55000180000909CF84040282000FB04C004F133
:10B56000010E18308CF840E003F040FE0122022169
:10B57000204604B0BDE81040FFF750BF10B590F86A
:10B580004440621C04F1210382B080F8442000EBA7
:10B59000430003F0C5FB00220121204602B0BDE8B4
:10B5A0001040FFF73BBF00BF10B584B0844606983B
:10B5B00000909CF86040182000FB04C004F1010ECC
:10B5C00048308CF860E003F0F3FB002202212046B3
:10B5D00004B0BDE81040FFF721BF00BF037C8B42E1
:10B5E0008CBF00EB01100020704700BF90F8403086
:10B5F0008B4283BF282303FB0100183000207047D3
:10B6000090F844308B4286BF213100EB410000208E
:10B61000704700BF90F860308B4283BF182303FB54
:10B62000010048300020704790F8403083B170B579
:10B63000064600F11805002401E0283538B12846F7
:10B6400004F074F896F840300134A342F5D870BD88
:10B6500001207047F8B504460E46042115461F46E2
:10B66000FEF7F6FC0123237547F001022B46314615
:10B67000204600F02BFA2046FEF700FDA84234BF1A
:10B6800000200120F8BD00BF2DE9F04104460D4621
:10B69000042116469846FEF7DBFC2046FEF7EEFC3A
:10B6A00003288CBF0127002702D83846BDE8F08167
:10B6B000334642462046294600F01AFA98F80030F0
:10B6C00003F0010203F0FE0388F8003022753846CB
:10B6D000BDE8F08110F0030018BFC0F1040070470E
:10B6E00010B584B069460120FCF7DEFC9DE815002A
:10B6F000064BA0FB0301001903FB021141EBE471AF
:10B70000034A0023F6F7EAF904B010BD00CA9A3BD9
:10B7100040420F0010B584B069460120FCF7C4FC1C
:10B72000064A00980299019CA0FB0203401802FB04
:10B73000043343EBE17104B010BD00BF00CA9A3B73
:10B740002DE9F0410C468AB091F8C110064604F18B
:10B750000800FFF74BFF054603F0F2FF68B9D4E994
:10B760002E312046984718B901200AB0BDE8F08173
:10B77000284603F0E5FF0028F6D02A896B68B3FB62
:10B78000F2F8EB89297BB3FBF2F002FB1033C1F531
:10B790007F419BB208FB03F3FC31A8F1040841444C
:10B7A000D4F8C4208FB229680433D21B1944C4F8DA
:10B7B000C42051F8043C00934246002302A8FEF73F
:10B7C0001BFCD4F8C42002F10803434528D93A46AB
:10B7D00000230D2102A8FFF73DFF2989EB89B3FB68
:10B7E000F1F201FB12339BB26A68B2FBF1F202FB89
:10B7F00003F32A6842F80380E889012104F0BCF8C9
:10B800000499039AE881521A3046FEF707FC304645
:10B8100010492246FEF7D6FB00200AB0BDE8F081B1
:10B8200092B202230D2102A8FFF714FFD4F8C4300E
:10B83000288903F10802EB89B3FBF0F100FB113317
:10B840009BB26968B1FBF0F101FB03F32968CA50B0
:10B85000D2E700BF41B70008F0B587B007270292D2
:10B860000C9A00250432CDE900751C460646FFF708
:10B870006DFC80F00102D2B2A27512B1284607B069
:10B88000F0BD05AA02993046FFF79AFD05A90546C5
:10B89000204600F077FFD4E90121A669E769521A32
:10B8A0002046FEF7BBFB20463A463146FEF78AFBB0
:10B8B000284607B0F0BD00BF2DE9F04F93B0054614
:10B8C00007910830C1F3072103930692FFF78EFE1C
:10B8D0009DF81E30012B00F095800446002800F0F2
:10B8E000918003F02DFF002800F087802289E789EE
:10B8F000B7FBF2F302FB13739BB26168B1FBF2F189
:10B900002268059101FB03F3043302EB0309237B57
:10B9100059F8048C4345A1F1040B7FD3ABF1040A21
:10B92000AAEB030A1C9ECDF800801FFA8AF3049349
:10B930005A46002349460AA8FEF75EFB06F1080AAC
:10B94000DA452CBF00230123049A5B000D210AA8CD
:10B95000FFF780FEB4F808C0B7FBFCF20CFB1272D4
:10B9600092B26368B3FBFCF302FB03F3226801218C
:10B9700042F803B0384603F0FFFF059B039EA3F196
:10B98000080208F104010746A2EB080249443046C8
:10B99000FEF744FB1C9BE7811A1DB2F5803F28BFD0
:10B9A0000022002392B207213046FFF753FE06998A
:10B9B00009AA2846FFF704FD044620B3039E09A9FF
:10B9C000304600F0DFFED6E901213046521AFEF77C
:10B9D00025FB079BC5F8C0301D9BC5F8B8301E9BE2
:10B9E0001A49C5F8C4A03046C5F8BC302A46FEF74F
:10B9F000E9FA204613B0BDE8F08F1E991D9B28463A
:10BA0000984720B90024204613B0BDE8F08F2046A7
:10BA100003F096FE00287FF469AFF3E73846012172
:10BA200003F0AAFF2189B0FBF1F201FB120292B2EE
:10BA30006368B3FBF1F302FB03F32268043302EB08
:10BA400003090746237B59F8048C67E741B70008D0
:10BA50002DE9F041174604461E460D46DDF81880D4
:10BA6000FDF732FB39462046FDF72EFB3246012119
:10BA70002046FDF7DFFB2B0601D5BDE8F0814146EE
:10BA800020460422BDE8F04102F04EBF2DE9F0410E
:10BA9000174604461E460D46DDF81880FDF72AFBC2
:10BAA00039462046FDF726FB324601212046FDF7A8
:10BAB000B7FC95F90030002B01DABDE8F081414672
:10BAC00020460422BDE8F04102F092BF70B5164650
:10BAD00004461D46FDF7F8FA31462046FDF7F4FA14
:10BAE0002A4620460121BDE87040FDF7A3BB00BFF8
:10BAF00070B5164604461D46FDF7FCFA3146204651
:10BB0000FDF7F8FA2A4620460121BDE87040FDF70E
:10BB100087BC00BF2DE9F84304220E46054602F01B
:10BB200003FF0222311D0446284602F0FDFE0222D8
:10BB30000440B11D284602F0F7FEE4B2042204409E
:10BB400006F10801284602F0EFFE317B00EA040806
:10BB50002846FDF7B9FA717B08EA00082846FDF788
:10BB600085FA737B08EA00083BB9B18B2846FDF7DC
:10BB7000D7FA08EA0000BDE8F88331692846FDF7E6
:10BB8000BFFC3369E3B1C0B137464FF0000901E0B3
:10BB9000083794B17969284602F0EAFFB96904468A
:10BBA000284602F0E5FF336909F10109044099458F
:10BBB000E4B2EDD308EA0408D7E74FF00008D4E771
:10BBC00008EA0008D1E700BF2DE9F84304220C463B
:10BBD000054602F00DFF0222211D0646284602F00E
:10BBE00007FF02220640A11D284602F001FFF6B21F
:10BBF0000422064004F10801284602F0F9FE04F18F
:10BC00000C0100EA06072846FDF774FA04F10D015D
:10BC100007402846FDF740FA637B07403BB904F133
:10BC20001C012846FDF780FB3840BDE8F88304F18D
:10BC300010012846FDF78EFD2369012B03D901234E
:10BC4000AB750027EBE70BB30028FAD0A0464FF006
:10BC5000000903E008F10808002EF2D0D8F814100B
:10BC60004FF40072284602F091FFD8F818100646EB
:10BC70004FF40072284602F089FF236909F1010997
:10BC800006409945F6B2E5D33740C8E70740C6E716
:10BC90002DE9F84304220F46054602F045FE022234
:10BCA0000446391D284602F03FFE20400222C4B25D
:10BCB000B91D284602F038FE397A04402846FDF7BF
:10BCC000D5F93B7A00EA040813B94046BDE8F88389
:10BCD000F9682846FDF714FCFB6803B3D0B13E4673
:10BCE0004FF0000901E00836A4B13169284602F09E
:10BCF0003FFF71690446284602F03AFFFB6809F1EC
:10BD0000010904409945E4B2EDD308EA040840462D
:10BD1000BDE8F8834FF000084046BDE8F88308EA24
:10BD20000008D2E770B50D4609780646FDF7CCF954
:10BD3000044630B12B78022B0CD0032B10D0012BF2
:10BD400008D0022205F50271304602F0EDFD2040D8
:10BD5000C0B270BD6968304602F00AFF0446F0E7E1
:10BD60002946304651F8042F043102F0D3FE044630
:10BD7000E7E700BF70B50B78013B0C4605460D2B7D
:10BD800016D8DFE803F03307171707070707150C66
:10BD90000C0C514CBDE870400431FFF7C3BF09796A
:10BDA000FDF792F900B32379012B42D0022B40D04A
:10BDB000012070BD0979FDF787F9064658B123794E
:10BDC000022B3CD0032B06D1A26804F10C012846BB
:10BDD00002F0A0FE0646022204F50371284602F096
:10BDE000A3FD3040C0B270BD002070BD0979FDF7E1
:10BDF0006BF9064658B12379022B03D0032B24D0CC
:10BE0000012B04D1A168284602F0B2FE0646B4F91F
:10BE10000C122846FDF780FE3040C0B270BDBDE870
:10BE200070400431FFF776BEBDE870400431FFF783
:10BE30002FBFA1682846BDE8704002F099BEA168F6
:10BE4000284602F095FE0646C5E7A26804F10C01FB
:10BE5000284602F05FFE0646D9E700BF70B50646E9
:10BE60000D46FDF747F9044630B12B78022B0CD074
:10BE7000032B12D0012B08D0022205F502713046A7
:10BE800002F0B6FD2040C0B270BD69684FF4007288
:10BE9000304602F07BFE0446EEE72B1D4FF40072A5
:10BEA00005F10801304602F047FE0446E4E700BF12
:10BEB00070B50D4609780646FDF7D8F82B7804468C
:10BEC0004BB9297A3046FDF7D1F82B7A0440E4B219
:10BED00043B9204670BD6968304602F049FE04400F
:10BEE000E4B2EEE7E968304602F042FE0440204644
:10BEF00070BD00BF70B50D460968064602F038FEF9
:10BF0000297904463046FDF7B1F82B790440E4B2B4
:10BF100043B9297B3046FDF7A9F82B7B04403BB998
:10BF2000204670BDA968304602F022FE0440F0E7CA
:10BF30002969304602F01CFE0440E4B2204670BD80
:10BF40002DE9F0410C4609780646FDF78FF8237875
:10BF500005466BB994F828103046FDF787F894F839
:10BF600028300540EDB2002B6AD12846BDE8F081AB
:10BF700061683046FDF7C4FA6368002B6CD0002876
:10BF800068D0A168304602F0F3FD6268012A53D9F7
:10BF900000285FD0E168304602F0EAFD6268022ABC
:10BFA0004AD9002856D02169304602F0E1FD626886
:10BFB000032A41D900284DD06169304602F0D8FDEE
:10BFC0006268042A38D9002844D0A169304602F0BA
:10BFD000CFFD6268052A2FD900283BD0E1693046A1
:10BFE00002F0C6FD6268062A26D998B3216A304657
:10BFF00002F0BEFD6268072A1ED958B3616A304656
:10C0000002F0B6FD6268082A16D918B3A16A304654
:10C0100002F0AEFD6268092A0ED9D8B104F12808F1
:10C02000092700E0B0B158F8041F304602F0A0FD27
:10C03000626801379742F5D305EA0003DDB289E76C
:10C04000E26A04F13001304602F064FD0540284602
:10C05000BDE8F08100257DE72840C5B27AE700BF42
:10C0600070B50D4609780646FDF700F82B780446B2
:10C070004BB9297A3046FCF7F9FF2B7A0440E4B239
:10C0800043B9204670BD6968304602F071FD044036
:10C09000E4B2EEE705F10C013046FFF751FF044032
:10C0A000204670BD70B50D4609880646FDF738F884
:10C0B000A97804463046FCF7D9FFAB780440E4B2D7
:10C0C000B3B9A9793046FCF7D1FFAB79044033BB53
:10C0D000297B3046FCF7CAFF2B7B0440C3B9297D7E
:10C0E0003046FCF7C3FF2B7D04403BB9204670BDB2
:10C0F000A9883046FDF714F80440E2E7AA6905F183
:10C100001C01304602F006FD0440E4B2204670BD3A
:10C1100029693046FDF7F4F90440E4B2DFE7A96885
:10C120003046FDF7EDF90440E4B2D1E7F8B502225C
:10C130000D46064602F0F8FBA97804463046FCF7A7
:10C1400095FFAB780440E4B20BB92046F8BD05F189
:10C1500008013046FFF7A6FF95F82C100746304639
:10C16000FCF784FF95F82C300740FFB213B93C4030
:10C170002046F8BDD5E90C233046FDF705FC074005
:10C18000F5E700BF70B505460E46FCF7B3FF68B192
:10C190003378013B04460D2B09D8DFE803F0640A2D
:10C1A00023230A0A0A0A08101010415E00242046C0
:10C1B00070BD311D2846BDE87040FFF74FBE311DF0
:10C1C0002846FCF797FF0028F0D03379012B01D0E7
:10C1D000022BECD1B16828464FF40072BDE87040E4
:10C1E00002F0D4BC311D2846FCF784FF044670B130
:10C1F0003379022B53D0032B09D106F108034FF4F6
:10C20000007206F10C01284602F096FC0446022258
:10C2100006F50371284602F0EBFB0440E4B2C6E7E2
:10C220000422B118284602F0E3FB022206F10801BD
:10C230000446284602F0DCFB0222044006F10A0113
:10C24000284602F0D5FBE4B2034606F10C0128466D
:10C250001C40FCF721FF0440A9E7311D2846BDE83A
:10C260007040FFF7B1BC311D2846FCF743FF044680
:10C2700068B13379022B03D0032B18D0012B06D1E0
:10C28000B1684FF40072284602F080FC044606F5BF
:10C2900003712846FDF7CAFC0440E4B287E7B168A1
:10C2A0004FF40072284602F071FC0446AFE706F135
:10C2B00008034FF4007206F10C01284602F03CFC22
:10C2C0000446E4E770B5022205460E4602F090FBF4
:10C2D00002220446B118284602F08AFB2040C0B270
:10C2E00070BD00BF2DE9F8430D4609780646FCF7FE
:10C2F000EBFE30B12B78062B14D00D2B19D0052B6B
:10C3000001D0BDE8F883B5F908103046FDF704FC0C
:10C31000D5E9042304463046FDF736FB2040C0B281
:10C32000BDE8F883B5F908103046BDE8F843FDF7DD
:10C33000F3BBB5F908103046FDF7EEFBE96881461E
:10C340003046FDF7DDF8EB68002B51D0E8B105F180
:10C3500014074FF0000817F8041C3046FCF7B4FE31
:10C3600098B117F8043C032B39D8DFE803F02B1EF3
:10C3700011023968304602F0FBFBEB6808F1010856
:10C38000984531D218370028E5D10020BDE8F88360
:10C3900010223946304602F0C7FA39690446304661
:10C3A000FDF7AEF82040C0B2E7E704223946304638
:10C3B00002F0BAFAB98804463046FCF7B1FE2040D4
:10C3C000C0B2DAE702223946304602F0ADFAB97857
:10C3D00004463046FCF778FE2040C0B2CDE7EB685B
:10C3E00008F10108984508D309EA0000C0B288E7BF
:10C3F00009EA00095FFA89F083E71837ABE700BF65
:10C400002DE9F041022206460F4602F0F1FA02221F
:10C41000B9180546304602F0EBFA391D8046304621
:10C42000FCF768FE791D04463046FCF763FE05EA1A
:10C4300008052C402040C0B2BDE8F0812DE9F04154
:10C440000D4609780646FCF73FFE697804463046FB
:10C45000FCF73AFEA97804403046FCF707FEAB78BB
:10C46000E4B204404BB9297A3046FCF7FFFD2B7A41
:10C47000044043B92046BDE8F0816968304602F0C7
:10C4800077FB0440EFE769893046FCF749FEA9894C
:10C4900007463046FCF744FEE98907403046FCF782
:10C4A0003FFE298A80463046FCF73AFEFFB204EA96
:10C4B000070505EA080500EA05042046BDE8F08105
:10C4C000FFF728BBF8B5022206460D4602F02CFA0B
:10C4D0000222A9180446304602F026FA29790746B6
:10C4E0003046FCF7F1FD70B12B793C40013BE4B2E2
:10C4F0000D2B09D8DFE803F03E0A23230A0A0A0AB3
:10C5000008121212585F00242046F8BD05F10801F8
:10C510003046FFF707FC04402046F8BD297A304634
:10C52000FCF7D2FD0028EED02B7A012B01D0022B94
:10C53000EAD1E968304602F01BFB0440E4E7297ABF
:10C540003046FCF7C1FD074658B12B7A022B39D093
:10C55000032B06D1EA6805F11001304602F0DAFA41
:10C560000746022205F50471304602F0DDF9384035
:10C570000440C9E7297A3046FCF7A6FD074658B1C2
:10C580002B7A022B03D0032B22D0012B04D1E96894
:10C59000304602F0EDFA0746B5F910123046FDF7C5
:10C5A000BBFA38400440AFE705F108013046FFF719
:10C5B0006FFB0440A8E705F108013046FFF7AAFA2F
:10C5C0000440A1E7E968304602F0D2FA0746C8E71E
:10C5D000EA6805F11001304602F09CFA0746DBE7F5
:10C5E00070B5022205460E4602F002FA0222B11888
:10C5F0000446284602F0FCF9311D04402846FDF7A8
:10C60000A9F8E4B2204070BD70B5022205460E467E
:10C6100002F08AF902220446B118284602F084F991
:10C620002040C0B270BD00BF2DE9F84305460E465C
:10C63000FCF760FD711C04462846FCF75BFD0422F4
:10C64000B1188146284602F0D3F906F10801804668
:10C650000222284602F0CCF9022206F10A0107461E
:10C66000284602F0C5F904EA0904034606F10C0164
:10C670002846E4B21D4604EA0804FCF70DFD2740F5
:10C680003D402840BDE8F8832DE9F04102220646EE
:10C690000F4602F0ADF90222B9180546304602F005
:10C6A000A7F9391D80463046FCF724FD791D044664
:10C6B0003046FCF71FFD05EA08052C402040C0B2BB
:10C6C000BDE8F0812DE9F04102220C46054602F05A
:10C6D0002BF90222A1188046284602F025F921797B
:10C6E00007462846FCF7F0FC617906462846FCF729
:10C6F000EBFC08EA070806EA080600EA0607217AC2
:10C700002846FCF7B3FC237AFFB206466BB994F8CF
:10C710001C122846FCF7AAFC94F81C323040C6B222
:10C7200083B906EA0700BDE8F081217B2846FCF7C3
:10C73000CBFC88B104F10C012846FFF71BFB30400D
:10C74000C6B2E4E704F508712846FFF7CBFD0640C2
:10C7500006EA0700BDE8F0810646D8E770B5022278
:10C7600005460E4602F0E0F80222B11804462846BB
:10C7700002F0DAF8311D04402846FFF75FFEE4B20C
:10C78000204070BD70B5022205460E4602F0CCF87E
:10C7900002220446B118284602F0C6F82040C0B272
:10C7A00070BD00BF70B50C460E4634F8021B05463E
:10C7B000FCF7B6FC022221460446284602F0B4F8F3
:10C7C000317904402846FCF77FFCE4B2204070BD7C
:10C7D00070B505460E46FCF7A7FD0222B1180446C7
:10C7E000284602F005F9311D04402846FCF782FC7A
:10C7F000E4B2204070BD00BF70B50D460988064602
:10C80000FCF78EFC698804463046FCF789FC2979E0
:10C8100004403046FCF758FCE4B2204070BD00BF35
:10C8200070B505460E46FCF77FFDB11C0446284650
:10C83000FCF77AFD311D04402846FCF75BFCE4B2AE
:10C84000204070BD2DE9F04105460E46FDF704FB82
:10C85000311D07462846FCF77DFF06F1080180469A
:10C860002846FDF7F9FA06F10C0104462846FCF7C4
:10C8700071FF07EA08073C4006F110010440284612
:10C88000FDF7EAFA06F1140107462846FCF762FFB5
:10C89000E4B23C402040BDE8F08100BF2DE9F84300
:10C8A0000C2204460D4602F0A3F8032205F10C0108
:10C8B0008046204602F09CF805F10F018146204693
:10C8C000FCF718FC05F1100107462046FDF7C4FAF5
:10C8D00005F1140106462046FCF73CFF08EA09086A
:10C8E00007EA08073E403040C0B2BDE8F88300BF09
:10C8F0000B280DDC002809DB0B2807D8DFE800F047
:10C900000706060706060606060607070120704703
:10C91000CB2814BF0120CB20704700BF034A034639
:10C9200092E8030083E80300184670479C19010849
:10C9300018B14068003818BF012070472DE9F8434E
:10C940000646006800237360002842D04369D0F88F
:10C95000049007699BB3143000F0CAF980460028A0
:10C9600044D13068036B23B1283001F091FCB8BB8F
:10C970003068036ADBB1D0E9062C012A7CF10001A2
:10C9800011DB0024254653F824003946C8B1C847B6
:10C990003368D3E9062C013445F10005944275EB68
:10C9A0000C011B6AEFDB18463946C8473068394628
:10C9B000C8470023C6E900334046BDE8F8839846DF
:10C9C000D0E7013445F10005944275EB0C01DADB48
:10C9D000E9E780460023C6E900334046BDE8F88316
:10C9E000B8F1000F05D0FBF73BFEC1E7FBF738FEBF
:10C9F000B7E7FFF77DFF8046F5E700BF2DE9F04F71
:10CA0000041EA5B00D4617461E4613DD61B1A1F107
:10CA1000040E4FF0000C01E064450DD05EF8040FE9
:10CA20000CF1010C0028F7D14FF00B08404625B05F
:10CA3000BDE8F08F0029F7D1002FF5D03B68002B1F
:10CA4000F2D09C46BCE80F000DF17C0EAEE80F0062
:10CA5000DCF80030CEF800301FA8FBF7DDFD002821
:10CA6000E2D0002EE0D03368002B73D1DDE9223212
:10CA700098210120984780463060002800F0B2805D
:10CA800002A801F039F802A908F128007022F3F792
:10CA90005BFC0DF17C0EBEE80F00D6F80080C446AA
:10CAA000ACE80F00DEF80030CCF8003008F11401DB
:10CAB000384600F047F98046002847D1D6F8009064
:10CAC0004FEAE47AC9F82000C9F81840C9F81CA058
:10CAD000002C47D0002D45D0DDE92232042120462C
:10CAE0009847C9F82000D6F80090D9F820B0BBF1DB
:10CAF000000F29D0012C7AF1000333DB4FF000083E
:10CB0000043DC1460DE02968F3F71EFC18F1010849
:10CB100049F10009CA4508BF444521D03368D3F81C
:10CB200020B055F8040FF6F72BF9421C1F9B2399F0
:10CB300001921046984733684BF828001B6A019A07
:10CB400053F828000028DED14FF00A083046FFF7DE
:10CB5000F5FE6BE74FF06408404625B0BDE8F08F66
:10CB6000D6F80090324A1368013336D01D460020B3
:10CB70001946D9F814407360636A11600133C4E93F
:10CB8000065044D094F830307BB33A68012B92F8C9
:10CB9000342036D004F13405002A42D0E36B94F8F7
:10CBA000340053B9012808D01FA9284603F0B4FB6C
:10CBB00080460028CAD194F8340003F0A3FB316802
:10CBC00048692831183001F02FFA804600283FF4D8
:10CBD0002DAFFFF78DFE8046B8E7012118460D46C0
:10CBE0000B46C6E74FF00A0820E704F1300000F0DA
:10CBF00005F980460028A9D1326894F8303054698C
:10CC0000C3E70220002384F83400E363D5E704F18E
:10CC1000240003F0EBFB8046002897D133685C6961
:10CC2000B0E7284603F02CFB80460028B6D08DE7FD
:10CC3000A8AC00200020704784B070B59EB023AD32
:10CC400085E80E00002846D00368044633B1642509
:10CC500028461EB0BDE8704004B070472846FBF778
:10CC6000DBFC002837D0AE46BEE80F000DF1640CA7
:10CC7000ACE80F00DEF80030CCF800302799239B99
:10CC8000702098470646206038B30DF1640C864644
:10CC9000BCE80F00AEE80F00DCF80030CEF8003042
:10CCA00002A800F041FF582202A906F11800F3F78C
:10CCB0004BFB26AB93E8030026688DE8030006F1E2
:10CCC000180095E80E0001F0B3F8054638B923685E
:10CCD00083F83400BCE70B25BAE70A25B8E7249BA4
:10CCE0002799206898472846FFF702FE0546AFE7D8
:10CCF00030B587B0F0B103680446DBB19C46BCE8B0
:10CD00000F000DF1040EAEE80F00DCF80030CEF895
:10CD1000003001A8FBF780FC60B12068183001F0FA
:10CD200049F9054650B92068029B0599984728465D
:10CD300007B030BD0B25284607B030BDFFF7D8FD42
:10CD40000546F8E7F0B59DB000284AD004460068D3
:10CD5000002846D00D46FBF75FFC002841D0002D8F
:10CD60003FD02B681BB1642420461DB0F0BD26685F
:10CD7000B646BEE80F000DF15C0CACE80F00DEF823
:10CD800000303768CCF8003019467020B8470646A6
:10CD9000286050B30DF15C0C8646BCE80F00AEE88D
:10CDA0000F00DCF80030CEF80030684600F0BCFE22
:10CDB0005822694606F11800F3F7C6FA2068296878
:10CDC0001830183101F096F804460028CCD0FBF753
:10CDD00031FCFBF745FC2846FFF78AFF38B10446D3
:10CDE000C2E70B2420461DB0F0BD0A24BCE7204654
:10CDF0001DB0BDE8F040FFF77BBD00BF10B582B0AD
:10CE000000230193B8B1044601A90C4800F06EFB61
:10CE100010B1012002B010BD019B0BB11B7823B9EA
:10CE200000232370002002B010BD312B14BF022359
:10CE300001232370F6E70B2002B010BDD0120108C9
:10CE4000034A034692E8030083E80300184670474C
:10CE5000A41901082DE9F04FABB00446349D25A874
:10CE6000894690461F4603F0DFFC002D00F0D88075
:10CE70002846FBF7D1FB002800F0D280B9F1000F63
:10CE800000F0CE80B8F1000F00F0CA80002C00F056
:10CE9000C7806668002E40F0CA80002F00F0C08076
:10CEA0003846FFF745FD002800F0BF80324624A930
:10CEB0004846249600F03AFF0646002840F0B1802C
:10CEC0002498002840F0048198F80030002B00F0EE
:10CED000F0802F2B00F0B080854BCDF80C800293B2
:10CEE0002B6900934FF40063019395E80F0000F065
:10CEF00015FB8046B8F1000F00F0E880002224A95D
:10CF00004046249200F0F4FE0646002840F0A4803B
:10CF10002498002840F09D80D5E903327821012033
:10CF2000984706466060002800F0D6800AA800F006
:10CF30002FF90AA930466822F3F706FA61682760DC
:10CF4000284600F033F90646002840F08580404628
:10CF5000F5F716FF08EB0003666813F8013CCDE90E
:10CF600003892F2B0CBF634B634B02932B690093F8
:10CF70004FF40063019395E80F0000F0CFFA636867
:10CF800070675A6F002A00F0A98022680793106822
:10CF900049462830424601F09FFA079B986663682D
:10CFA000986E002800F09D8001F028FB8146002843
:10CFB00000F09C802B6829696668082098476368A0
:10CFC000F066D3F86CA0BAF1000F00F08D800DF17F
:10CFD000200B584603F09CFB9BE803006368AC46BB
:10CFE000D3F86CE08AE80300BCE80F0025AE0FC65A
:10CFF000DCF8003033602AAB13E90F008DE80F0036
:10D00000259B3A464946704603F08CFB064618BB02
:10D010006B68296998476B6829694046984700E022
:10D020000B2630462BB0BDE8F08F6526F9E7642665
:10D0300030462BB0BDE8F08F05F10C0393E80300F8
:10D040008DE80300404695E80E0000F085FB804621
:10D0500050E700F05FFECA266368F3B1D86E38B1BE
:10D0600003F0C0FB63682969D86E6B6898476368F2
:10D07000986E10B101F046FA6368186F29696B6801
:10D08000984763682969586F6B689847606800F033
:10D09000ABF86B682969606898476B68296900205C
:10D0A00098476B682969404698470023C4E90033D4
:10D0B000B7E705F10C0393E803008DE803000F4880
:10D0C00095E80E0000F048FB804613E70A26A8E723
:10D0D00000F078FEC926A4E70A26DEE7D86E0A2605
:10D0E000BDE7D86E0126BAE70A26C1E70126B3E7F5
:10D0F000EC120108B8110108F0120108E812010849
:10D1000030B1436823B19B6E13B10068FFF710BCC8
:10D110000020704720B1406810B1806E00B1806877
:10D12000704700BF20B1406810B1806E00B1C06888
:10D13000704700BF28B1406818B1836E002B08BF4C
:10D140000020704710B1406800B1806E704700BF8A
:10D1500010B582B000230193A0B1044601A90B4889
:10D1600000F0C4F910B1012002B010BD019A13788B
:10D17000313B08BF5378B3FA83F35B090020237077
:10D1800002B010BD0B2002B010BD00BFF8120108A4
:10D1900010B55322044600211530F3F77DF82046E0
:10D1A000FBF70EFA01232375204610BDD0B170B5F0
:10D1B0000C46A9B18842844612D00546868A8E461E
:10D1C0000FCDAEE80F002B68CEF800300CF118013F
:10D1D0005022A68204F11800F3F7B6F8002070BDC3
:10D1E0000B2070BD0B207047C0B100B58446BCE871
:10D1F0000F0087B00DF1040EAEE80F00DCF8003030
:10D20000CEF8003001A8FBF707FA18B1002007B0EC
:10D210005DF804FB0B2007B05DF804FB0B207047A2
:10D2200082B02DE9F04F91B01AAC84E80C009DF863
:10D230007C8000283AD00C460546FFF77BFF70B390
:10D240002846FFF767FF81462846FFF76BFF0DF181
:10D25000680E0746BEE80F000BADAC46ACE80F0009
:10D26000DEF80030CCF80030219BFBB18A46DDF8B7
:10D2700078B000F0D1FA10AB089013E907008DE800
:10D280000700002195E80C0008A800F01FFB0646E7
:10D2900070B1FBF7CFF9FBF7E3F90A2E00D00126B6
:10D2A000304611B0BDE8F04F02B070470B26F7E7EB
:10D2B0000990079008A803F025FA0646B0B10A289D
:10D2C000DDF81C9000D0012608A800F03DFB0028E6
:10D2D00032D109985946D04759464846D047B8F107
:10D2E000000FDDD0672E08BF6826D9E709AB05938C
:10D2F0000FCDEC46ACE80F002B68CCF800303A4676
:10D300004946204608AB03F09FF80646C8B9DDF849
:10D310002490099002460AA9484600F031FC98B9C9
:10D320000A9C14BB219B08A8C3F8009000F00CFBDA
:10D33000064678B98146CCE7FBF77CF9FBF790F914
:10D34000C7E7DDF81C90BFE7FBF774F90126FBF790
:10D3500087F9B9E7FBF76EF9FBF782F909985946A7
:10D36000D04759462046D04799E76726ACE700BF2B
:10D37000084600F06DBB00BF084600F093BB00BF3D
:10D38000037A10B50C4643B1052100F079F8024646
:10D390000B46C4E90023002010BDBDE8104008463C
:10D3A00000F056BBF8B50546104614460E46FBF78E
:10D3B00033F928B1032D03D8DFE805F01A294C040E
:10D3C0000B20F8BD002EFBD0002CF9D00023C6E9BD
:10D3D0000133DFF8A4C0336106F1140503270FCC35
:10D3E0000FC523682B60C6F80CC037700020F8BD4D
:10D3F000002EE5D000233370C6E90133C6E90333BC
:10D400000FCC06F114050FC523682B60EEE7002E44
:10D41000D6D0002CD4D000273770A446BCE80F002B
:10D4200006F11405C6E90177C6E903770FC5DCF8F4
:10D4300000302B6021692368102098473061B8B113
:10D4400000220023C0E900230A4A07720123F26088
:10D450003370CBE7002EB3D0002CB1D00023C6E947
:10D460000133DFF818C0336106F114050227B6E76F
:10D470000A20F8BD81D3000879D3000871D30008D1
:10D4800080EA104181F03D01154A164B01EBC101C4
:10D4900081EA111102FB01F181EAD131A3FB0123E1
:10D4A0001B0903EB4302C3EBC203F0B40E4DC91AD0
:10D4B0004A194FF0010CD2E84F3FC2E844CF002C8C
:10D4C000F9D1BFF35B8FDCB2002CF4D1D0E9006757
:10D4D000BFF35B8F6B5430463946F0BC704700BFDA
:10D4E0002DEBD427C94216B2ACAC002050B110B518
:10D4F0000C4609B9064810BDF5F708F820B12060C0
:10D50000002010BD03487047034B2360F8E700BFBD
:10D5100030130108141301080C1801080FB4F0B5FA
:10D5200083B008AC0E9E84E80F0076B32046FBF76C
:10D5300073F850B300210FAB32460846CDE90033F3
:10D5400000F0F8F8431C05461FD00D9B0C99471CB2
:10D550009F4284BF1F4603F1FF353846089B98471A
:10D56000044690B1019B3246394600F0E3F80028AA
:10D5700007DB00236355204603B0BDE8F04004B04C
:10D580007047099B0C99204698470024F3E700BF99
:10D590002DE9F04F994689B003464846CDE902127D
:10D5A000984600930C46FBF737F8002800F0A3805C
:10D5B0002046F5F7E5FB4FF0000AD9F810B00190CE
:10D5C0005746554610261EE00135AA4512D2B244F0
:10D5D000D9F808304FEA8A019847002800F088807F
:10D5E00006EB4606B6F5801FD9F810B0074628BFEF
:10D5F0004FF48016009A07EB8503A21A43F8042C17
:10D60000019B04EB030802994046F4F73FFE0446F1
:10D610005A463846002CD7D14046F5F7B1FB009B5F
:10D62000A8EB030808EB00030493D9F80080002D51
:10D630003FD00398F5F7A4FB06460198049A331AE5
:10D6400005FB032A59460AF10100C047834600281A
:10D650004ED03A680099F2F777FE3B6806976A1E4B
:10D660005B44A84602922546CDF81C901C460399BF
:10D6700032462046F2F768FE019B57F8042B02EB76
:10D68000030C009B03EB0C01029B34449D4220469B
:10D6900022D03A68A2EB0C094A460135F2F754FE53
:10D6A000A8454C44E3D10023DDE906790BF80A30A4
:10D6B00008E0184659460130C047834610B100992A
:10D6C000F5F736F83846D9F80430D9F810109847ED
:10D6D000584609B0BDE8F08F049BA3EB0C020592FD
:10D6E0000135F2F731FE059AA8451444BFD1DAE7B7
:10D6F0004FF0000BE6E78346584609B0BDE8F08FCF
:10D700000CB430B583B006AB53F8042B019352B17F
:10D7100038B141B1F4F796FF03B0BDE8304002B034
:10D7200070470029F6D0F2F709FE162303604FF088
:10D73000FF30F1E770B53AB120B129B1BDE87040D2
:10D74000F4F780BF0029F9D0F2F7F8FD1623036043
:10D750004FF0FF3070BD00BF84B070B586B00DF1E2
:10D760002C0C8CE80E000446BCE80F000DF1040EF2
:10D77000AEE80F00DCF80030CEF8003004B301A8AA
:10D78000FAF74AFFE0B14FF0FF3200212046F3F7ED
:10D790007FFD90B1061B701C019B059998470546BB
:10D7A00028B132462146F2F7CFFD0023AB5528467B
:10D7B00006B0BDE8704004B070474FF0FF36EBE7AD
:10D7C0000025F4E782B070B504AC84E80C00E8B141
:10D7D000054604A80C46FAF71FFFB8B122460021FF
:10D7E0002846F3F755FD00B1441B049B0899601CC3
:10D7F0009847064628B122462946F2F7A5FD0023A0
:10D8000033553046BDE8704002B0704700263046C0
:10D81000BDE8704002B07047014B002018607047AF
:10D82000C4AC002000284ED030B5036887B0044651
:10D83000002B43D003F10C0C0D46BCE80F000DF19A
:10D84000040EAEE80F00DCF80030CEF8003001A87E
:10D85000FAF7E2FE08B323689968A94229D85A6802
:10D86000AA4224D0E5B1B5F1005F2AD21868059A22
:10D87000039BE900984720B3246861682060A942AF
:10D8800014D200EBC103691A03EBC1010022C3E902
:10D89000002208338B42FAD108E00B2007B030BDDC
:10D8A000029A0599186890472468256065600020F1
:10D8B000F4E72046FFF7B6FF07B030BD1F2007B0E2
:10D8C00030BD0A20EAE70B20704700BF82B070B578
:10D8D00004AC84E80C0078B3066804462EB11E251B
:10D8E0002846BDE8704002B0704704A80D46FAF71C
:10D8F00093FE08B3049B089920209847206008B342
:10D900000DF1100EC0E90066866000F10C0CBEE857
:10D910000F00ACE80F00DEF80030CCF800302946EC
:10D920002046FFF77FFF05460028D9D0059B0899C0
:10D93000206898472660D3E70B252846BDE870404D
:10D9400002B070470A25CBE72DE9F04786B00028E2
:10D950004FD005680646002D46D06B6853B30024AF
:10D960002A68274652F834004FEAC408F8B1D5F8BF
:10D970001CA0D5F810905146C8472B6803EB08024D
:10D9800043F8347050685146C8472A68AB6842442F
:10D99000013B5760AB6035686B6801349C4209D22B
:10D9A0002A6852F834004FEAC4080028DFD1013455
:10D9B000A342D7D800213046FFF734FF044618B100
:10D9C000204606B0BDE8F08735680C350FCD01AFB5
:10D9D0000FC72B683B6001A8FAF71EFE48B1029BF7
:10D9E00005993068984734600024204606B0BDE8A9
:10D9F000F0870B24204606B0BDE8F08738B30068F6
:10DA000028B32DE9F8430E46C1B1D0E90098B8F12A
:10DA1000000F13D01746002459F83450284655B14A
:10DA2000F5F7AEF9B8420246294638BF3A463046C5
:10DA3000F5F7E0FA28B10134A045EDD10020BDE8AA
:10DA4000F88309EBC409D9F80400BDE8F8837047EE
:10DA500018B370B584B0044669460120FAF724FB78
:10DA6000002817DBDDE90031002913DB029D002DC2
:10DA70000DDB0B4EA3FB06325B1906FB01224FF0B8
:10DA8000000042EBE572C4E9003204B070BD53EA15
:10DA90000102EED1022004B070BD0B20704700BF20
:10DAA00000CA9A3B18B370B584B00446694600209A
:10DAB000FAF7FAFA002817DBDDE90031002913DB59
:10DAC000029D002D0DDB0B4EA3FB06325B1906FBFE
:10DAD00001224FF0000042EBE572C4E9003204B0CD
:10DAE00070BD53EA0102EED1022004B070BD0B20DC
:10DAF000704700BF00CA9A3B30B597B004466846ED
:10DB000000F012F800230022C4E900230025694632
:10DB1000582204F11000A560F2F716FC2046C4E973
:10DB20001A5517B030BD00BF30B58BB06D460446F6
:10DB3000284600F021F802A803F09CF858220021A2
:10DB40002046F2F7A9FB95E8030004F110034FF01B
:10DB5000FF320DF1080C83E80300E260BCE80F001F
:10DB600004F11C0EAEE80F009CE80F008EE80F00D9
:10DB700020460BB030BD00BF0022027042607047EB
:10DB8000002849D02DE9F0410E46002956D015460F
:10DB90000446F5F7F5F850B123782F2B0CD002236B
:10DBA00033600DB100232B600020BDE8F08101231C
:10DBB0003360002DF6D1F7E7471EE35D2F2B3FD0F2
:10DBC000631E214603EB000E9C4613F8012F5F2ACB
:10DBD00006D023D8392AA2F141082BD82E2A20D9E1
:10DBE0007345F1D1214C002303E0984201F101017A
:10DBF0002CD09F4203F10103F7D00A782F2AF4D1E9
:10DC00004A782F2A2DD0A25C5207EED50622326028
:10DC1000002DC9D02B60C7E70B207047613A192A45
:10DC2000DED904233360002DBED0C4F10104644466
:10DC30002C60B9E7B8F1190FD2D9F2E70B20B4E79D
:10DC400003233360002DAFD02F60ADE7F72802D853
:10DC500000233360A8E707233360002DA4D0F62308
:10DC6000D8E705223260002DD4D19DE7AD0F010821
:10DC7000002831D070B51446C2B0BAB101290E46A1
:10DC80001D4602D103782F2B15D001AA6946FFF754
:10DC900077FF60B9009B63B1072B0AD05A1E052A93
:10DCA0001CD8DFE802F00C0C0C0C0C0C0B2042B062
:10DCB00070BDF52E09D8002323600020F7E723600C
:10DCC000002DFAD0019B2B60F7E707232360002D7E
:10DCD000F3D0F4232B60F0E70B207047034A4FF496
:10DCE000807102A8FFF70CFD0120E0E74C1301084A
:10DCF00068B170B50D4616460446F5F741F833464F
:10DD000001462A462046BDE87040FFF7B1BF0B2010
:10DD1000704700BF07289ABF024B53F82000024803
:10DD2000704700BFAC1901089C130108002837D0C8
:10DD3000F8B50E46002935D017460446F5F720F809
:10DD4000D8B1631E19181A4613F801EFAEF1300569
:10DD50002EF0200C092DACF1410C15D9BCF1190F96
:10DD600012D9BEF15F0F0FD0022333601FB1C4F18F
:10DD7000010414443C600020F8BD01233360002FEF
:10DD8000F9D000233B60F6E79942DCD123780C4AB6
:10DD9000D35C13F004030ED1FF2805D83360EAE703
:10DDA0000B2070470B20F8BD04233360002FE2D016
:10DDB000FE233B60DFE703233360002FE1D1DAE786
:10DDC000AD0F010804289ABF024B53F82000024807
:10DDD000704700BFCC19010844150108034640688C
:10DDE00058B142685A600AB1002111601A68426055
:10DDF00002B1106000220260186070470B680BB11E
:10DE00004A685A604A6802B1136003688B424368EB
:10DE100008BF02604B6003B1196000230B604160D2
:10DE2000704700BF014B1868704700BFE019010838
:10DE300084B0F0B583B009AD85E80E0030B104467A
:10DE40002846FAF7E9FB08B1A6682EB10B2003B00B
:10DE5000BDE8F04004B0704700220023C4E900236D
:10DE6000204B1B68A3600FCD04F1400CACE80F0001
:10DE70006F462B68CCF800303846E663E660FFF763
:10DE80007BFE97E8030004F1100383E803000322FC
:10DE9000154816492676FAF7B9FE1348FFF79EFF94
:10DEA000F0B1134A8368516810786365187459613A
:10DEB000D168D96111691962516992689A61596290
:10DEC000FDF728FCF4F798FAF4F7C8FA636D986246
:10DED0000028F9D0002003B0BDE8F04004B070473E
:10DEE0000120B4E7E0190108E86400206464002020
:10DEF0003863002070B588B060B10D4651B104465A
:10DF0000806828B1294B1968F5F7BAF8002840D184
:10DF1000AB681BB10B24204608B070BD58222146C7
:10DF20002846F2F711FA04F1400EBEE80F000DF199
:10DF30000C0C6646ACE80F00DEF80030CCF8003080
:10DF40003046FAF769FB0028E4D008AB13E9030078
:10DF50008DE8030096E80E00E06BFFF7FDFBE86339
:10DF6000E36B03B1F8B11248FFF738FFA8B183683B
:10DF70006B65626D02F1100C03F11005BCE80F0037
:10DF80000FC59CE80700002485E80700204608B07C
:10DF900070BD0C24204608B070BD049B0799E86B47
:10DFA00098470124B7E70A24B5E700BFE019010844
:10DFB000E8640020002831D010B5044696B0403007
:10DFC000FAF72AFB10B3A06820B1154B1968F5F7D2
:10DFD00057F808BB134B1968D9B1626D01E0496865
:10DFE000B9B18B689A42FAD10E48FFF707FF636C0C
:10DFF000216DE06B98476846FFF796FD5822694609
:10E000002046F2F7A1F9002016B010BD0B2016B083
:10E0100010BD012016B010BD0C20F5E70B20704795
:10E02000E0190108E86400202DE9F04383B00028DE
:10E0300000F0D4800E46002900F0D080436D0546E4
:10E04000002B00F0CB80774B80681F6828B13946E1
:10E05000F5F716F8002840F0D380D5E90023724C7C
:10E0600072497348B760C6E90023EB68B3660122C2
:10E07000FAF76CFD20466F490422FAF7A7FD4FF02E
:10E0800000086B4884F80D80FFF7A8FE002800F018
:10E09000B2808468686D416A90F810C0D0E90623A8
:10E0A0000191006A009004F110096146484600F0B1
:10E0B000F1FD4FF47A73C4E9E33304F5805304F5BA
:10E0C0005E72C4E9E1225C49C3F89485C3F898857F
:10E0D000C3F89C85C3F8A0855848C4E9DA780122C2
:10E0E000F466FAF713FD564956480522FAF7EEFC96
:10E0F000554956480A22FAF7C9FC554955480122A4
:10E10000FAF784FC544955480122FAF79FFC544918
:10E1100054480F22FAF73AFD534954480322FAF7BC
:10E1200075FD534953480422FAF790FD524953486C
:10E130000422FAF7ABFD696DF06E424600F008FB71
:10E140000746002861D16B6D04F528759A6A284648
:10E1500004F52271FCF7D0F9284649492246FCF71C
:10E16000EFF9284647493A46FCF7E6F9284646497A
:10E170003A46FCF7E9F9284644493A46FCF7E8F9FB
:10E18000B4F898220423920004F565712846FCF740
:10E190000DFAB4F89822C4F874030423920004F62C
:10E1A00094312846FCF7EAF9C4F878032846FCF7CE
:10E1B000F7F904F59C51B4F89822C4F8800314319F
:10E1C0002846FCF7C9F9C4F87C032846FCF7D8FEBA
:10E1D000054640B1384603B0BDE8F0830B2738460A
:10E1E00003B0BDE8F083484600F096FD1048214694
:10E1F000FFF704FEF5660127384603B0BDE8F0835B
:10E200000C27384603B0BDE8F083484600F084FD93
:10E2100007482146FFF7F2FD3846C6F86C8003B088
:10E22000BDE8F083E0190108F8850020F096002091
:10E2300098AC0020F864002038960020DC9600207E
:10E2400070890020A88D0020B88D0020289600201D
:10E250009888002060890020C087002088880020DE
:10E2600008860020AC87002064640020E864002059
:10E27000E46300205464002054630020D463002031
:10E28000E50C0108DD0C01087D0D0108190E0108DF
:10E29000174B70B51C680546C06E3CB30026D4E928
:10E2A00001431A69824218D0002CF8D188B1D0F805
:10E2B00088339B78012B14BF0A21002100F52870B8
:10E2C000FCF736FEE86EFAF701FDE86E103000F05C
:10E2D00023FD0023EB66304670BD03F1180000F00B
:10E2E00011F90646E86E002CD9D1DFE72646DDE7B6
:10E2F000DC9600202DE9F041044684B024480F4606
:10E300001646FFF76BFD00283CD023698568DFF8CF
:10E31000888003F58053C5E90564B3F89605421C6F
:10E320000221A3F89625FCF72BF83C2228614146F0
:10E330003846FAF711FE10B3164F304664223946BC
:10E34000FAF7DAFDD8B120690623D0F88423CDF896
:10E350000080CDE9017300F52870116863692A69AE
:10E36000FBF748FF02462069D0F88C33D0F88413BD
:10E37000FAF786FD18B1284604B0BDE8F0812846BA
:10E38000FAF71AFD0025284604B0BDE8F08100BF69
:10E39000AC870020C8AC00202CAD002038B58469C3
:10E3A000D4B1054620692A69D0F8883300F5287071
:10E3B0001968FBF7A3FE02462069D0F89033D0F825
:10E3C0008813FAF75DFD80F00104E4B2284664008A
:10E3D000FAF7F2FC204638BD0124204638BD00BFC4
:10E3E0002DE9F04383B0002B63D0064636480F4634
:10E3F00090461D46FFF7F2FC00285AD08468EB6E69
:10E400002361FFF70FFD04F12C09C4E90604C4F8E9
:10E4100020903046F4F7B4FC421C3C2A04F1180565
:10E4200044D84846314604F16809F1F78DFFC4F835
:10E4300024903846F4F7A4FC421C3C2A36D83946CE
:10E440004846F1F781FF236903F580530121B3F8B2
:10E4500094054218A3F89425FBF792FF60613B787E
:10E460002F2B28D17B7833BB184A194833463C21DF
:10E47000F4F7B8FF20691649D0F8842300910621EB
:10E480000191116862691FFA88F300F52870FBF7A3
:10E490007FFE02462069D0F88C33D0F88413FAF757
:10E4A000EFFC18B1284603B0BDE8F0832846FAF720
:10E4B00013FC0025F6E7074A00963B463C2104483A
:10E4C000F4F790FFD6E700BFDC960020AC110108FE
:10E4D00068AD0020F012010891B110B414460A781A
:10E4E0000346084642B13CB122782AB121469A6ED1
:10E4F0005DF8044BFFF774BF00205DF8044B7047D4
:10E5000000207047F8B528B30746006820B1364BA5
:10E510001968F4F7B5FDE8B97D68DDB1334B1C68C7
:10E52000002C5FD00026D4E90141D1F880309D4213
:10E5300013D0002CF7D12E4B1C68C4B1D4E9014193
:10E540000B6A9D42F9D17C31384600F0A1F80128D0
:10E550000646F2D101263046F8BD84313846FAF736
:10E5600003FA01280646F5D0002CDCD1E3E7214B65
:10E570001C686CB1D4E901418B6F9D42F9D17C31AB
:10E58000384600F041F801280646E3D0002CF1D1CE
:10E59000194B1C686CB1D4E901418B6F9D42F9D1D4
:10E5A0007C31384602F082FC01280646D2D0002C8D
:10E5B000F1D128696A69D0F8883300F528701968A4
:10E5C000FBF79CFD02462869D0F89033D0F88813F9
:10E5D000FAF756FC002808BF02263846FAF77CFBFB
:10E5E0003046F8BD2646A6E7E01901082896002027
:10E5F000A88D002060890020888800204368186961
:10E6000000F55A70704700BF70B528B10446006825
:10E610000D46FAF7BBFC10B90124204670BD6368B3
:10E62000002BF9D0002DF7D02868FAF7AFFC0028AE
:10E63000F2D06E68002EEFD0646832692069D0F89D
:10E64000883300F52870196801F098F802462069AF
:10E65000D0F89033D0F88813FAF712FC20693269A9
:10E66000D0F8883300F528701968FBF747FD02469B
:10E670002069D0F89033D0F88813FAF701FC80F0C5
:10E680000104E4B228466400FAF76AFBC5E700BF5C
:10E690002DE9F04128B1044600680D46FAF776FCF2
:10E6A00018B901242046BDE8F0816368002BF8D03A
:10E6B000002DF6D02868FAF769FC0028F1D06C68C4
:10E6C000002CEED0266A62693069D0F8883300F5F4
:10E6D0002870196801F052F802463069D0F890337A
:10E6E000D0F88813FAF7CCFBE069FFF757FE236AEE
:10E6F00062691869D0F8883300F528701968FBF74B
:10E70000FDFC236A226980461869D0F8883300F539
:10E7100028701968FBF7F2FC074630694246D0F8CA
:10E720009033D0F88813FAF7ABFB044630693A46C9
:10E73000D0F89033D0F88813FAF7A2FB044084F0A5
:10E740000104E4B228466400FAF7F4FAAAE700BF2D
:10E7500008B508B100F1100239B14969104600F05E
:10E76000A7FA80F00100C0B208BD044B10465968FA
:10E7700000F09EFA80F00100C0B208BD38630020AE
:10E78000054B1B6823B1986800F52870FBF71ABF8A
:10E7900000200021704700BF98AC00202DE9F04117
:10E7A0000568044628460E46F4F76AFC08B3124B87
:10E7B00028461968F4F764FC054680B9D4F804804B
:10E7C000D8F80040ACB1D8F80870043F57F8040FEF
:10E7D0003146F4F755FC28B10135A542F6D10020A9
:10E7E000BDE8F081D8F8103053F82530BDE8F0418D
:10E7F00018472046BDE8F0812C01002000487047F2
:10E8000034010020034B1A780AB901221A70024819
:10E81000704700BFC9AD0020141A0108094B1A78CF
:10E820006AB930B4084D094C01221A700FCD0FC4DB
:10E830000FCD0FC42B680648236030BC70470448D6
:10E84000704700BFC8AD0020F0190108A4AD00203A
:10E85000E4190108003818BF01207047704700BF55
:10E860002DE9F04119461F4605469046FBF782FB0D
:10E87000E0B93E4609E0A868F1F766FDAB68286993
:10E8800023442044361BAB602861012231462846D0
:10E89000FBF7F8FBB91B0446024641440028EAD1C5
:10E8A0000123A87D6B755840BDE8F0813A46A86801
:10E8B0004146F1F749FDAA682B693A443B44AA60F6
:10E8C0002B61EDE72DE9F04119461F4605469046BC
:10E8D000FBF750FBE0B93E4609E0A968F1F734FDCB
:10E8E000AA682B6922442344361BAA602B610122AB
:10E8F00031462846FBF7C6FB0446B81B2246404477
:10E90000002CEAD10123A87D6B755840BDE8F08149
:10E910003A46A9684046F1F717FDAA682B693A44C0
:10E920003B44AA602B61EDE72DE9F0418846114692
:10E9300017460546FBF71EFBE0B93E4609E0A8680E
:10E94000F1F702FDAA682B6922442344361BAA6012
:10E950002B61012231462846FBF794FBB91B044684
:10E96000024641440028EAD10123A87D6B75584036
:10E97000BDE8F0813A46A8684146F1F7E5FCAA688F
:10E980002B693A443B44AA602B61EDE72DE9F04145
:10E9900019461F4605469046FBF7ECFAE0B93E469D
:10E9A00009E0A868F1F7D0FCAB682869234420444B
:10E9B000361BAB602861012231462846FBF762FB1B
:10E9C000B91B0446024641440028EAD10123A87D30
:10E9D0006B755840BDE8F0813A46A8684146F1F7AA
:10E9E000B3FCAA682B693A443B44AA602B61EDE76B
:10E9F0002DE9F0418846114617460546FBF7BAFA5D
:10EA0000E0B93E4609E0A968F1F79EFCAA682B69C7
:10EA100022442344361BAA602B610122314628463A
:10EA2000FBF730FB0446B81B22464044002CEAD1D9
:10EA30000123A87D6B755840BDE8F0813A46A9686E
:10EA40004046F1F781FCAA682B693A443B44AA602E
:10EA50002B61EDE72DE9F04119461F46054690462A
:10EA6000FBF788FAE0B93E4609E0A968F1F76CFCCB
:10EA7000AA682B6922442344361BAA602B61012219
:10EA800031462846FBF7FEFA0446B81B22464044AE
:10EA9000002CEAD10123A87D6B755840BDE8F081B8
:10EAA0003A46A9684046F1F74FFCAA682B693A44F8
:10EAB0003B44AA602B61EDE770B50E461546017D1B
:10EAC0000446FAF7B7FD0DB9012070BD217D2B4634
:10EAD00032462046BDE87040FFF7C2BE2DE9F04146
:10EAE0001D4616460F461A46017D0446FAF7C0FE3B
:10EAF0002B689E4208D20122A275217D3A4620460B
:10EB0000BDE8F041FFF7DEBE002BF6D10120BDE8E5
:10EB1000F08100BF70B50E461546017D0446FAF738
:10EB200089FD0DB9012070BD217D2B46324620465E
:10EB3000BDE87040FFF72ABF2DE9F0411D4616469B
:10EB40000F461A46017D0446FAF792FE2B689E4254
:10EB500008D20122A275217D3A462046BDE8F04147
:10EB6000FFF778BF002BF6D10120BDE8F08100BF90
:10EB700038B5054608460C46F4F702F92146421C12
:10EB80002846BDE83840FFF797BF00BF00B583B007
:10EB900001ABFFF7A3FF03B05DF804FB014B18784E
:10EBA000704700BFCAAD00202DE9F04F89B09346F1
:10EBB00090F8002204910021D0F874520593044685
:10EBC0008DF81E1032B300F2022A0DF11F090DF16B
:10EBD00014080DF11E074FF4007604E0059B002B8E
:10EBE00010DDD4F87452CDE90289CDE900672346DF
:10EBF00022462946504601F0C1F80028EED09DF883
:10EC00001E30A3B10E4B9DF81F201A70002009B0D2
:10EC1000BDE8F08F0DF11F02009201464FF4007223
:10EC2000A8470028EED09DF81E30002BEAD1049BA7
:10EC3000CBF8000001201C6009B0BDE8F08F00BFD8
:10EC4000CAAD002070B590F80052D0F8704286B07E
:10EC5000164665B90DF11703A04708B1B04214D0AC
:10EC60000B4B9DF817201A70002006B070BD0DF1F7
:10EC7000170202920022CDE900620B4602462146AD
:10EC800000F2022000F09CFEE7E7012006B070BD14
:10EC9000CAAD002010B4019CC0F87042C0E99A23AC
:10ECA000029B80F800125DF8044BC0F87432704784
:10ECB00038B5D0F8683203B3D0F86C220446E2B11C
:10ECC000D0F87022CAB1D0F87422B2B1C0F88C1258
:10ECD0009847054688B194F800328BB90B490C4B24
:10ECE0000C4AC4F880324FF40073C4E99E41C4F862
:10ECF0008422A4F88832284638BD0025284638BD2D
:10ED0000002104F2022000F055FEE7E745EC000880
:10ED1000A9EB00089DEB0008D0F86C32184700BF43
:10ED20004FF6FF73038070474FF6FF730380704701
:10ED300038B5044600880D4600F026FE0346002B39
:10ED40004FEAD070B8BF258038BD00BF70B505460A
:10ED50000C462B68096820896268B2FBF0F25B1AE6
:10ED6000B3FBF2F301339BB2B3FBF0F600FB1633B7
:10ED70009BB202FB03F3181D0844267D50F8042CB7
:10ED800016B1002640F8046C032A01D8012070BD9A
:10ED90000833194428462B69043AFBF737F928460B
:10EDA00002492246FBF70EF9002070BD4DED000828
:10EDB00000B5C0E900124FF0000E019A0381026114
:10EDC00080F814E0D3B1C1F800E0B0F808C0BCF19D
:10EDD000010F13D90123B3FBFCF10CFB113189B2F4
:10EDE0004268B2FBFCF201FB02F2016841F802E06A
:10EDF0000133B0F808C09BB29C45ECD84FF0FF330C
:10EE0000C3605DF804FB00BF0189E9B14FF0000C5D
:10EE100000B56346E646B3FBF1F201FB12339BB249
:10EE20004268B2FBF1F203FB02F2036843F802E02E
:10EE30000CF1010C01891FFA8CF39942EBD84FF0C9
:10EE4000FF33C3605DF804FB4FF0FF33C3607047CE
:10EE50002DE9F04104460D460189808990461F4600
:10EE600000F08AFD29460646A08900F08DFD0028A5
:10EE70000ADB0026E089294600F086FD0028B8BF9D
:10EE8000E5813046BDE8F0813046294600F07CFD42
:10EE90000028EEDB23694046984701210646A089F9
:10EEA00000F06AFD0EB9854246D02189B5FBF1F22A
:10EEB00001FB125292B263682068B3FBF1F302FBCC
:10EEC00003F30433184450F8043C002BD1D14146DD
:10EED0003A46F1F739FA2189B5FBF1F201FB1252FA
:10EEE00092B26368B3FBF1F302FB03F32268D750DD
:10EEF000069A01231370002EBBD0A689012130464B
:10EF000000F03AFD2189B0FBF1F201FB120292B24E
:10EF10006368B3FBF1F3064602FB03F32068043396
:10EF2000184450F8043C002BA3D0236998470228CA
:10EF300005D00128E2D09CE7069BA5811E70012622
:10EF400098E700BF2DE9F04704460F46808901216C
:10EF5000904600F011FD2189B0FBF1F201FB120295
:10EF600092B263682668B3FBF1F302FB03F3043348
:10EF70001E4456F8049CB9F1000F23D023690546BE
:10EF800030469847824600B3B4F80CA001215046A1
:10EF900000F0F2FC2189B0FBF1F2824601FB120283
:10EFA000D4E9000392B2B3FBF1F302FB03F30433A1
:10EFB000184450F8043C2BB12369984702281BD011
:10EFC0000128E3D00020BDE8F0874A4631463846A4
:10EFD000FBF724F82189B5FBF1F201FB125292B242
:10EFE0006368B3FBF1F302FB03F3226842F803A06A
:10EFF000A5810120BDE8F08706EB08012689B5FB55
:10F00000F6F006FB105080B26368B3FBF6F300FB2A
:10F0100003F320680025C550A9EB08023846FAF72B
:10F02000FDFF034922463846FAF7CCFF5546DFE795
:10F030004DED000838B511460446C089154600F06C
:10F04000A3FC0028B8BFE58138BD00BF2DE9F84317
:10F050000389858904460E46002B48D0284601279F
:10F0600003E0674543D2A0890137B9B200F084FCC0
:10F07000B4F808C0B0FBFCF2D4E900130CFB120298
:10F0800092B2B3FBFCF302FB03F3CB58002BE8D1A5
:10F0900030800121E58900F073FC0146284600F02C
:10F0A0006FFC05460746F8B14FF000094D464FF09A
:10F0B00001081FFA89F1308800F05EFC2189B0FB5D
:10F0C000F1F303FB1100D4E9002380B2B3FBF1F3A9
:10F0D00000FB03F308FA09F1D35809F101090BB950
:10F0E00029438DB24F45E4D12846BDE8F883284630
:10F0F000CEE700BF4FF6FF7CC0E901320160037329
:10F10000A0F80EC0704700BF027B42604FF6FF734D
:10F11000C3817047F0B5044683B040680D4616467B
:10F12000FCF7D8FA63681844A368421993422CBFCD
:10F130000127002702D2384603B0F0BD00902168B5
:10F1400030460023FAF758FF636838462B44636063
:10F1500003B0F0BD2DE9F04104461D464068237B15
:10F1600098428CBF0126002602D83046BDE8F081C7
:10F170008846E0890121174600F0FEFB2368E08104
:10F180002880C8F8003063683B60237B63603046AA
:10F19000BDE8F08138B50C4603680968B4F808C0CA
:10F1A0006268B2FBFCF25B1AB3FBF2F301339BB271
:10F1B000B3FBFCFE0CFB1E339BB202FB03F394F883
:10F1C0000CC0CA586344A2EB0C020833054619442C
:10F1D000043A0369FAF71AFF284603492246FAF768
:10F1E000F1FE002038BD00BF95F1000810B49DF875
:10F1F00004C00381C0E9001280F80CC0D3B1C1F88B
:10F2000000C0B0F808C0BCF1010F13D90123B3FB53
:10F21000FCF10CFB113189B242680468B2FBFCF2CC
:10F2200001FB02F2017BA1500133B0F808C09BB290
:10F230009C45ECD84FF0FF326FF00043C0E9062345
:10F2400005495DF8044BC0F80E104FF6FF7200231D
:10F2500042820384704700BF0000FFFF0189B1B103
:10F260004FF0000C6346B3FBF1F201FB12339BB28B
:10F270004268B2FBF1F2016803FB02F2037B8B50A0
:10F280000CF1010C01891FFA8CF39942EBD84FF075
:10F29000FF326FF00043C0E906230449C0F80E10A6
:10F2A0004FF6FF7200234282038470470000FFFF85
:10F2B0002DE9F04F044691B00089E7892368049254
:10F2C000B7FBF0F200FB127292B26568B5FBF0F585
:10F2D00005FB0232043252F804AC94F80CB00392ED
:10F2E0008846A5F10409002800F0438100210E465C
:10F2F0008AB2B2FBF0FC00FB1C2292B205FB02F2C8
:10F3000001319A585A4504BF0136B6B28142EFD155
:10F31000504604210596FAF785FE82440AEB08025E
:10F320004A4540F2CA80227B42444A4540F2B280BC
:10F33000CBF57F42FC321FFA89F31A4492B206FBE6
:10F3400002FBC34505920692C0F0B3800AF10402A5
:10F350004A4580F0DB80A3F1040BABEB0A0B059B65
:10F360001FFA8BFBA8EB0B08B8FBF3FC03FB1C8319
:10F370001FFA8CFC002B40F0C180B44500F299804C
:10F380000DF12008BCF1000F40D0CDF81CA00026E4
:10F39000DDF814A005950DF12008654600E0D34680
:10F3A0002189B7FBF1F201FB127292B26368B3FBE1
:10F3B000F1F3216802FB03F304331944404651F88A
:10F3C000042C009200234A46FAF716FE5A46002300
:10F3D0000D214046FCF73EF9B4F808C0B7FBFCF23B
:10F3E0000CFB127292B26368B3FBFCF302FB03F3F3
:10F3F0002268384642F80390012100F0BDFA013638
:10F40000AE420746CBD1DDF81CA0059D2089B7FB95
:10F41000F0F100FB117189B26368B3FBF0F301FBFB
:10F4200003F32168043319444A4651F8040C009050
:10F4300000234046FAF7E0FD4046DDF8188002233D
:10F440001FFA88F20D21FCF705F92689039B207B22
:10F45000A5F108020AF10401B7FBF6F506FB1575E4
:10F460000B44ADB2194604306368B3FBF6F305FBF9
:10F4700003F325684044E850049DA2EB0A022846A5
:10F48000FAF7CCFD3C4922462846FAF79BFDE78176
:10F4900001200FE00121E08900F06EFA2189054684
:10F4A000608A00F069FA0146284600F06DFA0028EB
:10F4B00045DD002011B0BDE8F08F2189608A0592FA
:10F4C00000F05AFA0146384600F05EFA0028059A24
:10F4D000EFDC2689B7FBF6F506FB1575ADB2636860
:10F4E0002468B3FBF6F305FB03F3DDE90310E250F8
:10F4F0000023CDF800A0FAF77FFDC9E70CF1010C5D
:10F500001FFA8CFCB4450693D3D839E7384601215D
:10F51000079300F031FA218962680746B0FBF1F0E9
:10F5200001FB107080B2B2FBF1F1226800FB01F127
:10F5300004315318039353F804AC079B0BE721895C
:10F54000B5FBF1F201FB125292B26368B3FBF1F327
:10F550002168049802FB03F30433227B19444244DC
:10F5600041F8042C237B00930023FAF745FDE58145
:10F570008EE70646CCE600BF95F10008F8B50446D4
:10F580000F46008A012115461E4600F0F5F930802D
:10F590002289B0FBF2F302FB130C1FFA8CFC6368A8
:10F5A000B3FBF2F30CFB03FC2368E1890CF1040CC0
:10F5B00063443B602368634453F8043C2B6000F0D1
:10F5C000E3F9002801DD0020F8BD237B2A689A4278
:10F5D000F9D9618A208A00F0D3F923898342F2D0D5
:10F5E0003088E3892082984201D00120F8BD0121B2
:10F5F00000F0C2F9E081F8E770B5018A0446408A5C
:10F6000015461E4600F0C0F9002807DB4FF0FF3515
:10F610006FF00046C4E90656002070BD94F8203013
:10F6200053B9012384F8203064354FF0000046F1CF
:10F630000006C4E9065670BDD4E906128D4276EB89
:10F640000202F1DB0133643584F820304FF0010011
:10F6500046F10006EDE700BF408A70472DE9F04112
:10F6600090F82180B8F1000F04D14FF00008404617
:10F67000BDE8F08104460E46188817461D4619E07D
:10F6800021892888B0FBF1FCD4E9003201FB1C0C75
:10F690001FFA8CFCB2FBF1F202FB0CFC0CF1040C27
:10F6A000634433602368634453F8043C3B60227B2B
:10F6B0009A42DCD1012100F05FF92880218A00F014
:10F6C00063F90028DCDD002384F82130CDE700BF9A
:10F6D000F8B504460E461046012100F051F9618A42
:10F6E00000F04EF9C0B1054600270121608A00F004
:10F6F00043F9B4F808C0B0FBFCF1D4E900230CFBDB
:10F70000110189B20137B3FBFCF301FB03F3BD42E6
:10F71000217B6082D150E8D1003E4FF0000318BF3A
:10F72000012684F8203084F82160F8BD018A408ADF
:10F7300008B500F029F9B0FA80F0400908BD00BF13
:10F740000189C1B130B5002243680568047BB3FB71
:10F75000F1FE104693B2B3FBF1FC01FB1C339BB2EC
:10F760000EFB03F30132EB589C4204BF013080B220
:10F770009142EFD130BD0846704700BF10B594B03C
:10F78000002301930592ADF81C3001228DF81E3044
:10F79000CDF82630CDF82A3008238DF824200093A8
:10F7A00010220CAB0446FBF7D1FC18B904462046E6
:10F7B00014B010BD059906AA2046FBF701FE06A964
:10F7C00004460CA8FCF7CAFF204614B010BD00BFC9
:10F7D0002DE9F04395B0BDF8787013B115B0BDE8D0
:10F7E000F0830C461646D1E901211D461C9B04936B
:10F7F000521A1D9B059380460CA89DF87690FAF747
:10F800000DFCD4E906120CA8FAF7DCFBE3695BB344
:10F81000B9F1070F1D7543D0B9F1080F32D0B9F116
:10F82000060F08D001221A7531462046FAF746FC29
:10F8300015B0BDE8F083D8F88850002DF2D00CAB9D
:10F84000CDE9003606238DF81630D8F88C300293B7
:10F850003A46DDE904314046A847E369012288F8C9
:10F86000B420002BDED1DFE7B9F1070F32D0B9F1B8
:10F87000080F2AD0B9F1060FD6D1D8F88850002D3C
:10F88000DDD1D1E7D8F8A420002ACBD006A90CA856
:10F89000109DFDF703F828BBE369002BC2D1C3E735
:10F8A000D8F8AC206AB106A90CA8109DFCF70AFD97
:10F8B00000283AD1A268E3693244A260002BB1D19A
:10F8C000B2E7A2683244A260ACE7D8F8A430002BBB
:10F8D000DCD1A9E7D8F8AC30002BE4D1A3683344DD
:10F8E000A360A1E7DDE90D21109B521AED1A0CA8C7
:10F8F000FAF794FB3544D4E906120CA8FAF762FB38
:10F90000ADB20CAB0093019508218DF81610D8F814
:10F91000A810029106ABD8F8A45005993A46404683
:10F92000A847012388F8B430B6E7DDE90D21109B24
:10F93000521AED1A0CA8FAF771FB3544D4E90612F5
:10F940000CA8FAF73FFBADB20CAB00930195BDF8E4
:10F95000183007218DF81610D8F8B01002915BBA54
:10F960009BB2D8F8AC5005993A464046A8470123C7
:10F9700088F8B4309EE700BF084480B2704700BFEB
:10F98000401A80B2704700BF884210D007D2091ACF
:10F99000B1F5004FB4BF4FF0FF3001207047411A5E
:10F9A000B1F5004FCCBF4FF0FF3001207047002071
:10F9B000704700BF0023417003708385704700BF0C
:10F9C0002DE9F04F90F801C017467E2285B080F8EF
:10F9D0003820ACF17D02012ADDF838B09DF83C50AA
:10F9E000DDF8408004460E469A4640F22E81032000
:10F9F00002214FF00509042286460B4684F839C0DF
:10FA0000A5F17D0CBCF1010F84F86230214440F275
:10FA1000108181F838505FFA8BFCCBF30721ACF1F1
:10FA20007D0EA1F17D05BEF1010F84F86200EDB2FB
:10FA30004CD92044012D80F838C084F862205DD96B
:10FA4000A0180132D2B280F8381084F86220BBF1DD
:10FA5000000F00F008814FF0000C6146DE46E346DF
:10FA6000D4468A46DFF808921CF80A30A3F17D01DB
:10FA700001291BD9292A4ED8A118013281F8383022
:10FA8000D2B28BEA0303DBB284F8622039F8133078
:10FA90000AF1010A83EA1B2BD6455AD91CF80A3011
:10FAA00094F86220A3F17D010129E3D8511CC9B269
:10FAB000292930D8A1184FF07D00023281F8380092
:10FAC00083F02000D2B281F83900DAE704EB000EAF
:10FAD0008CF0200C821C8EF839C0D2B24FF07D0C15
:10FAE000012D8EF838C084F8622007D922440330F3
:10FAF00082F83810C2B284F86220ACE7A01881F016
:10FB00002001023280F83910D2B27D2180F83810FD
:10FB100084F862209FE7CDE900BA0025E246F3466B
:10FB200000E090B105F13801521B434621443846AC
:10FB3000B04794F8622005449542F2D3D446DE469D
:10FB4000DDF804A0DDF800B06FD0002005B0BDE8FE
:10FB5000F08FDC4694F86220ADF80CC0F3465FFAF3
:10FB60008CFCACF17D03012B4FF000094FF07D0AB6
:10FB700030D9292A1CD9002501E00028E5D005F15B
:10FB80003801521B434621443846B04794F862205E
:10FB900005449542F1D3D8D109F110036B440022FA
:10FBA00013F804CC84F86220ACF17D03012B11D949
:10FBB000A3180132D2B283F838C084F86220B9F1B8
:10FBC000000F19D19DF80DC0ACF17D03012B4FF052
:10FBD0000109CED8531CDBB2292BCCD8A318023292
:10FBE0008CF0200CD2B283F839C083F838A084F8A6
:10FBF0006220B9F1000FE5D0002501E00028A4D073
:10FC000005F13801521B434621443846B04794F869
:10FC1000622005449542F1D397D100231FFA8BF05F
:10FC200084F8623005B0BDE8F08F002384F86230BC
:10FC300032E7A64485F020054FF07D0C104681F890
:10FC400038C04A468EF83850E5E68CF0200C80F833
:10FC50003AC0032104204FF00609052286460B46D0
:10FC60004FF07D0CCAE6ADF80CB0DC4679E700BF7A
:10FC7000381A01082DE9F04F044683B01F46DDF81D
:10FC800034B089469246FBF72BFD94F82C3094F85B
:10FC90002D60B342804662D01CD8751EED1AEDB2BD
:10FCA00000265D451FD8AB195B4584BFABEB050B48
:10FCB0005FFA8BF6E5B94FF0000BFBF711FD3B68DF
:10FCC000A0EB08015B1A584623EAE3733B6003B0DC
:10FCD000BDE8F08F002E4AD0C3F12A03DDB2013E09
:10FCE0005D45F6B2DFD95FFA8BF50026002DE2D034
:10FCF00094F82C1002310C9B00933B6821442A4657
:10FD00005046C84794F82C301B4A03445908834690
:10FD1000A2FB010189082A2202FB113184F82C1070
:10FD2000BBF1000FC7D0AB45C7D1002EC5D00C9B8F
:10FD3000009302313246214400235046C84794F8CC
:10FD40002C300D4A03445908A2FB012189082A22BC
:10FD500002FB113300EB050B84F82C30ADE70026D5
:10FD6000BBF1280FA685BED929250221C3E7C3F11F
:10FD70002903DDB295E700BF310CC3302DE9F04F08
:10FD80001D4690F82CC090F82D3085B09C45DDF8CC
:10FD900044B004460F46164600F0AE8100203946B6
:10FDA000002838D18A462378072BFDD8DFE813F0E6
:10FDB0003B011601F000CD00A0005A0037000800FA
:10FDC00094F82C0094F82D20904200F06781A3183D
:10FDD000571CC74993F802C07B08A1FB03839B080B
:10FDE0004FF02A0808FB1373BCF17D0FDFB200F05F
:10FDF000B281BCF17E0F84F82D7000F02082614644
:10FE0000A38EE28E03EB01239BB200219A42A386CC
:10FE1000217000F09881002005B0BDE8F08F94F8C3
:10FE20002C7094F82D20974200F04881A31802F11D
:10FE3000010CAF4998784FEA5C03A1FB03839B0850
:10FE40004FF02A0808FB13C37D285FFA83FC00F0FB
:10FE500094817E2884F82DC000F000820723A086BC
:10FE60002370A0E7638E278E9F4240F26481DFF803
:10FE70008092CDF80CA02A211FE09AF802E0BEF192
:10FE80007D0F00F0EA80BEF17E0F84F82DC000F0F7
:10FE9000428105F803E0E08E638E964F80EA0E0201
:10FEA000D2B2013337F81220278E9BB282EA102299
:10FEB000BB426386E28680F0E78094F82D0094F8D8
:10FEC0002C8000F1010C4FEA5C0EA9FB0EE29208B7
:10FED00001FB12C2804504EB000A5FFA82FCCCD120
:10FEE000BB42DDF80CA040F02881062323705AE7BE
:10FEF00094F82C7094F82D20974200F0CF80A3182E
:10FF000002F1010C7A4998784FEA5C03A1FB038364
:10FF10009B084FF02A0808FB13C37D285FFA83FC77
:10FF200000F03D817E2884F82DC000F08881238E6A
:10FF30000E9903EB00239BB200228B42238662863C
:10FF4000E28640F2F580227065E794F82C7094F810
:10FF50002D20974200F0B280A31802F1010C6449F1
:10FF600098784FEA5C03A1FB03839B084FF02A08B3
:10FF700008FB13C37D285FFA83FC00F03B817E28D9
:10FF800084F82DC000F06A810423208623700AE7DC
:10FF900094F82C7094F82D20974200F0C480A31898
:10FFA00002F1010C524998784FEA5C03A1FB0383EC
:10FFB0009B084FF02A0808FB13C37D285FFA83FCD7
:10FFC00000F02B817E2884F82DC000F055816378E5
:10FFD00083420CBF032300232370E4E694F82C0033
:10FFE00094F82D200023904284F82E306BD0A31873
:10FFF00002F1010C3E499F784FEA5C03A1FB0383A9
:020000040801F1
:100000009B084FF02A0808FB13C37D2F5FFA83FC7F
:1000100000F0D8807E2F84F82DC084F82E7052D046
:1000200002232370BFE694F82C8094F82D203049E9
:100030004FF02A0C04E0BB7884F82D207E2B2AD0C8
:10004000501C4308A1FB03E39B080CFB13009045E5
:1000500004EB0207C2B2EED1DDE602304FEA500EE9
:1000600004EB020AA9FB0EE29208E04501FB120034
:100070003FF436AF9AF802E084F82D00BEF17E0F0F
:1000800049D08EF0200E04E7DDF80CA03FF42DAF30
:10009000BEF17E0F51D10123237084E65146CDF885
:1000A00000B001230193109B039132462046FFF7D5
:1000B000E1FDB0FA80F00399400971E65146CDF8B0
:1000C00000B00223EEE704230193CDF800B0109BAB
:1000D000324651462046FFF7CDFD00287FF463AE3F
:1000E00094F82E007E38514618BF012058E600BF14
:1000F000310CC330381A010805230193CDF800B044
:10010000109BFFF7B7FD94F82C2094F82D309A42FD
:100110003FF481AE42E6BB42DDF80CA03FF4E5AE11
:10012000012323703FE65146CDF800B00323B9E721
:100130000523237037E63FF4D8AEFB1A0233CDE92E
:1001400000B35146AFE70F9A94F82E301370208E0B
:1001500005B0BDE8F08F8742A0D0234402329878E2
:100160005308A1FB03E39B0808FB13227E2884F8B5
:100170002D2064D080F0200142E6BC459ED023446F
:10018000023298785308A1FB03E39B0808FB132273
:100190007E2884F82D2061D080F020005EE667453F
:1001A0003FF47CAF2344023298785308A1FB03E369
:1001B0009B0808FB13227E2884F82D203FD080F076
:1001C0002000B4E660453FF47EAF234402329878C5
:1001D00084F82E005308A1FB03E39B0808FB1322BD
:1001E0007E2884F82D203FF46EAF80F0200084F844
:1001F0002E0015E767453FF461AF2344023298783B
:100200005308A1FB03E39B0808FB13227E2884F814
:100210002D2023D080F02000B6E6BC4583D02344B7
:10022000023298785308A1FB03E39B0808FB1322D2
:100230007E2884F82D201FD080F02000C7E60127FB
:10024000109BCDF800B00197324651462046FFF78B
:1002500011FD00287FF4A7AD2770A4E5CDF800B00C
:10026000022301933246109B51462046FFF702FDC0
:1002700000287FF498AD0EE7CDF800B00323F0E737
:1002800030B583B000230193C0B1044601A91848DA
:10029000FDF72CF910B1012003B030BD019D2B7882
:1002A00023B903232370002003B030BD1149284631
:1002B000F2F7E6FE28B901232370F4E70B2003B020
:1002C00030BD0D492846F2F7DBFE68B10B492846E0
:1002D000F2F7D6FE0028E4D009492846F2F7D0FE0E
:1002E00010B904232370DEE702232370DBE700BF8D
:1002F000601601088016010884160108901601088E
:100300009816010804289ABF024B53F820000020D9
:10031000704700BF381C01082DE9F0478CB000235E
:10032000049300284ED00D4600294BD0044604A962
:100330002D48FDF7DBF818B101200CB0BDE8F087BF
:10034000049B002BF8D005AF384600F02DFC05F1DA
:100350000803039793E807008DE80700049895E8E1
:100360000C003B2100F06EFB0028E5D105992A46E0
:10037000204600F087FC064690BBDDF81490B9F1EA
:10038000000F26D0DDF818A080465AF826502846DF
:10039000F2F7F6FCFF2829464FEA062516D86068D2
:1003A0004FF4807200EB0620F2F786FD6368DDF8FB
:1003B000149001362B444E4583F8FF8009D2DDF8B6
:1003C00018A0E2E70B200CB0BDE8F08701364E45DF
:1003D000DBD3384600F028FC003818BF0120ACE71A
:1003E000FCF786FAA9E700BFA816010830B583B06C
:1003F00000230093F0B1044669461248FDF776F8F1
:10040000024608B1012004E0009808B1037813B94E
:10041000002003B030BD01A90192F2F78FFC054620
:1004200058B1431C04D1EFF789FF0368222BE9D0B0
:100430002560EDE70B2003B030BD019B1B78002B3E
:10044000F6D0DFE7881701082DE9F04F8BB006934F
:10045000002800F0AD800E46002900F0A980174664
:10046000002A00F0A580002B00F0A280199B002B31
:1004700000F09E80002209A9804600F0F1F90546AF
:10048000002840F09680099B002B40F09A8002469D
:1004900009A93046FDF74AFC002840F08E80099AF1
:1004A000002A40F0938009A93846FDF721FC002876
:1004B00040F08380099D002D40F0F4807B21404670
:1004C000F2F732F898F800302F2B044600F09F80A6
:1004D0007E2B40F0E9803846F2F752FC824A834B8B
:1004E000012808BF13460293189B0093CDE90376B9
:1004F00008F1010305934FF40063019314AB0FCB94
:10050000FDF70CF88246002800F0D180002C00F0A6
:1005100085807B21F2F708F8D146044607954D46C1
:10052000002C00F0A0807D212846F1F7FDFFA0EB14
:10053000040909F1010B6E485A462146F2F75AFDAB
:10054000002869D06B485A462146F2F753FD30B176
:1005500069485A462146F2F74DFD002838D1B94680
:1005600016AB93E807008DE8070014AB20460CCBD0
:100570005946FDF727F90446002800F09D804A46B9
:10058000284614AB2146FDF703F8159B189905463C
:1005900020469847159B189950469847002D00F023
:1005A00086807B212846F1F7BFFFAA460446B7E7BD
:1005B0000B2528460BB0BDE8F08FFCF799F90546EE
:1005C000F7E7672528460BB0BDE8F08FC925F0E7AF
:1005D00009F1FF320698611CFDF710FA81460028E8
:1005E000BED1199A16AB106093E807008DE807009A
:1005F00014AB0CCB59462046FDF7E4F8159B18992F
:100600009847159B1899504698476925D1E70028C7
:1006100059D0C146AA4681E7B146A1E79AF8003011
:100620002F2B1CD03846F2F7ABFB344A344BCDF8B5
:1006300010A0012818BF13464FF40061CDE9011343
:10064000189A0397009214AB0FCBFCF767FF159B2A
:100650001899044650469847A24653463BB3199B07
:10066000C3F800A0A5E75346079D002BD6D198F804
:1006700000302F2BF3D03846F2F782FB1F4A204B75
:10068000CDF81080012818BF13464FF40061CDE962
:100690000113189A0397009214AB0FCBFCF73EFF9F
:1006A0008246DAE7CA2584E70028B2D1E3E7199A3F
:1006B000002313600A257CE7DDE91812159B1460FE
:1006C00050469847F6E717AB93E803008DE8030020
:1006D00014AB0ECB4046FDF73FF8199B186000287D
:1006E0007FF467AFE6E700BFA8110108981701087B
:1006F000A0170108A8170108B0170108F012010897
:10070000B811010800280CBF0B200020704700BF63
:10071000034A034692E8030083E803001846704743
:100720004C1C010882B02DE9F04186B00DF1300C6F
:1007300004464CF8043F0E461746BCE80F000DF186
:10074000040EAEE80F00DCF80030CEF8003001A84F
:10075000F7F762FF50B34CB3D4F80480B8F1000F40
:100760001ED11FB33846FCF7E3F828B3019B059967
:100770001C2098470546606058B3FEB1066080F8BB
:10078000048001AC0FCC05F1080CACE80F00236825
:10079000CCF80030002006B0BDE8F04102B0704750
:1007A000642006B0BDE8F04102B070470B2006B0EF
:1007B000BDE8F04102B070476520F2E738682830A4
:1007C00000F0B8FB286065682E6826B101232B7104
:1007D000D7E70A20E5E72846029B059998470120BC
:1007E0006660DEE7F8B5D8B10446406858B10368E2
:1007F000C668876953B1057955B93946B0470023B2
:1008000063602846F8BD05462846F8BD1D46F4E756
:10081000184600F0A3FB051E18BF01256068ECE731
:100820000B252846F8BD00BFF0B587B006466846E0
:10083000F7F7C6FEEE46BEE80F00084CA446ACE84B
:100840000F0025460FCD3446DEF80070CCF800705E
:100850000FC43046276007B0F0BD00BFCCAD00200C
:1008600000286BD02DE9F84F0D4600296DD01646B3
:100870000446F2F785FA90B12178714A535C13F07F
:1008800004035DD1471E14F807C0BCF12F0F0DD132
:1008900002232B6046B137600020BDE8F88F0123AA
:1008A0002B600EB1002333600020F6E704F1FF381F
:1008B0009A469E4618F8019FA9F12F0CBCF14F0FE4
:1008C0005BD8DFE80CF0634444444444444444446B
:1008D000445A5A5A5A5A5A5A44444444444444443E
:1008E00044444444444444444444444444444444C8
:1008F00044445A5A5A5A2E5A444444444444444460
:1009000044444444444444444444444444444444A7
:100910004444285A736BBAF1000F3AD173464FF032
:10092000010A0EF1010E7045C4D1BAF1000F48D092
:1009300005222A60002EB7D03360B5E70B20704740
:1009400004232B60002EADD1AEE70B20A5E712F8F3
:1009500009C01CF0040FE4D0BAF1000FE1D0BEF1E1
:10096000000FDED00EF1FF3C6345DAD109232B6086
:10097000002E99D0C6F800E096E7BAF1000F0CBF40
:10098000032308232B60002EF4D18DE7BAF1000F6A
:10099000C7D008232B60002EECD185E7BEF1000FF5
:1009A000BFD006232B60002EE4D17DE7BAF1000F03
:1009B00004D105232B60002EDCD175E74FF0000A2F
:1009C000AFE77E291DD0012106E08E4504F1010428
:1009D00001F1010312D9194657450AF1010AF4D071
:1009E00023782F2BF1D16378D35C5B07EDD50423FB
:1009F0002B60002E3FF458AF316055E700232B6089
:100A000052E7534601210AE0012B12D08E4503F133
:100A1000010304F1010401F10100EFD901469F42F5
:100A2000F4D020782F28EFD16078105C4007EDD506
:100A3000DDE707222A60002E7FF47EAF34E700BF97
:100A4000AD0F010882B02DE9F04F8BB014AC199FA7
:100A500084E80C00002F00F09F800646002871D02B
:100A60000478002C6ED00D46F2F78AF93318641B17
:100A700013F8013C8046B4FA84F46409AB4208BF21
:100A8000A8F10108444578D2331906EB080001218A
:100A900013F8012BAA4208BF01318342F8D114AAEE
:100AA000384600F09FF88146002859D17A68A2465E
:100AB00002E00134444522D2335DAB42F9D15445C2
:100AC000A4EB0A0B37D0149B189901920BF102008A
:100AD0009847019A42F829007A6852F8290006EBF3
:100AE0000A030BF10101002838D02E4AF2F77AFCF4
:100AF0007A6809F1010901344445A246DCD3544522
:100B000043D0A4EB0A04149B18990192A01C9847A7
:100B1000019A7B6842F8290053F8290000B3214A62
:100B200006EB0A03611CF2F75DFC00200BB0BDE888
:100B3000F04F02B070473B68013B00213B6042F838
:100B40002310D8E702A802AC00F02EF80FCC0FC794
:100B500094E8070087E807000020E7E7C7F800905F
:100B6000384600F061F828B90A200BB0BDE8F04F14
:100B700002B07047F7F774FDF6E714AA0121384672
:100B800000F030F80028EBD17A683B68013B002187
:100B90003B6042F82310DFE70B200BB0BDE8F04FBD
:100BA00002B07047AC11010870B586B006466846C1
:100BB000F7F7F8FCEE46BEE80F00094C04F1080513
:100BC0000FC5A446DEF800302B60BCE80F003446A9
:100BD0000FC49CE8070084E80700304606B070BDEB
:100BE000E0AD0020DAB170B50546D0B10E4614462E
:100BF000D2E903320160042130469847686050B161
:100C0000A446BCE80F0005F108040FC4DCF800306E
:100C10002360002070BD002EF2D00A2070BD0B2092
:100C200070470B2070BD00BF10B3436870B5044619
:100C3000D3B10830F7F7F0FCC0B1D4E900306BB1A4
:100C400000252E4650F82500E368A1699847D4E9AD
:100C5000003040F825600135AB42F3D8E368A16964
:100C600098470023C4E90033002070BD0B2070BDFD
:100C70000B20704710B5202204460021EFF70CFB33
:100C8000204610BD28B370B5044610460E461546E2
:100C9000F7F7C2FCD8B1A368CBB96368BBB92378B6
:100CA0000BB90223237086B1D5E903324FF480716A
:100CB00030469847606070B10FCD04F10C0CA6600F
:100CC000ACE80F002B68CCF80030002070BD0B2082
:100CD00070BD0B2070470A2070BD00BF82B002B00B
:100CE000704700BF2DE9F041224A94B012681A9D66
:100CF000BDF86C60CDE91231C2B3BDF84C109DF85F
:100D00004E0001E052688AB39468A38A8B42F9D1FD
:100D1000A37D8342F6D1482204F130016846EFF703
:100D200013FB04F128030CCB2046F8F751F80746D3
:100D3000E0B1D0F808803246284608F11001FDF7EE
:100D400057FE30B90C48394614B0BDE8F041FDF704
:100D500055B8C8F81448C8F81068FDF711FD052308
:100D600008F5026242E9020188F8203814B0BDE8B3
:100D7000F08100BFA88D0020F88500202DE9F0410A
:100D8000234894B000681A9FBDF86C601391002846
:100D90003BD01D4601E04068B8B38468218B914286
:100DA000F9D1482204F128016846EFF7CDFA04F1A1
:100DB00020030CCB2046F8F70BF8804628B33846C2
:100DC000D8F80870324607F11001FDF711FE30B96E
:100DD0001048414614B0BDE8F041FDF70FB80FCD03
:100DE00007F6280CC7F81448C7F81068ACE80F00DD
:100DF00095E803008CE80300FDF7C2FC032307F528
:100E0000026242E9020187F8203814B0BDE8F0819F
:100E100060890020F88500202DE9F041214894B038
:100E200000681A9FBDF86C601391B8B31D4601E0CD
:100E3000406898B38468218B9142F9D1482204F12B
:100E400028016846EFF780FA04F120030CCB204616
:100E5000F7F7BEFF804608B33846D8F80870324628
:100E600007F11001FDF7C4FD30B90F48414614B039
:100E7000BDE8F041FCF7C2BF0022C7F82C28C7F834
:100E80001448C7F81068C7F82858FDF779FC042300
:100E900007F5026242E9020187F8203814B0BDE884
:100EA000F08100BF88880020F885002070B528B147
:100EB000044600680D46F8F769F810B90124204689
:100EC00070BD6368002BF9D0002DF7D02868F8F7C3
:100ED0005DF80028F2D06E68002EEFD064683269A9
:100EE0002069D0F8883300F528701968FEF746FCB1
:100EF00002462069D0F89033D0F88813F7F7C0FF86
:100F000020693269D0F8883300F528701968F9F73C
:100F1000F5F802462069D0F89033D0F88813F7F737
:100F2000AFFF80F00104E4B228466400F7F72EFF1B
:100F3000C5E700BF38B505460748FCF74FFF48B185
:100F4000846800232374E561FCF76CFFC4E90504A1
:100F500004F1140038BD00BFD463002008B5084B6D
:100F6000196811B90AE0496841B18B681433984295
:100F7000F9D10348FCF742FF002008BD012008BD5D
:100F8000D4630020F8B500BFF8BC08BC9E4670478B
:0C0F9000F8B500BFF8BC08BC9E467047D6
:100FA00058524345010F0000FFFE000000202020A2
:100FB0002020202020202828282828202020202009
:100FC00020202020202020202020202020881010D9
:100FD0001010101010101010101010101004040435
:100FE00004040404040404101010101010104141F3
:100FF00041414141010101010101010101010101E1
:1010000001010101010101011010101010104242F4
:1010100042424242020202020202020202020202B0
:101020000202020202020202101010102000000050
:1010300000000000000000000000000000000000B0
:1010400000000000000000000000000000000000A0
:101050000000000000000000000000000000000090
:101060000000000000000000000000000000000080
:101070000000000000000000000000000000000070
:101080000000000000000000000000000000000060
:101090000000000000000000000000000000000050
:1010A0000000000000000000000000000000000040
:1010B0004572726F72206F6E2064656661756C7424
:1010C00020616C6C6F6361746F727320286C696E41
:1010D00065202564290A0000637562656D785F6E7E
:1010E0006F646500637562656D785F7075626C69C9
:1010F00073686572000000004572726F722070752F
:10110000626C697368696E6720286C696E6520255A
:1011100064290A0064656661756C745461736B00C0
:1011200049444C4500000000546D7251000000001D
:10113000546D722053766300232D302B2000000065
:10114000686C4C00656667454647000030313233B5
:1011500034353637383941424344454600000000B3
:10116000303132333435363738396162636465661D
:101170000000000065000000726F7369646C5F74AA
:10118000797065737570706F72745F6D6963726F7B
:10119000787263656464735F630000003A3A00002C
:1011A0002573257325732573257325732573000017
:1011B0005F00000064647300257325730000000065
:1011C0007374645F6D73677300000000726F7369FE
:1011D000646C5F74797065737570706F72745F6939
:1011E0006E74726F7370656374696F6E5F635F5F57
:1011F0006765745F6D6573736167655F747970654A
:101200005F737570706F72745F68616E646C655F38
:101210005F7374645F6D7367735F5F6D73675F5F48
:10122000496E743332000000726F7369646C5F74CE
:10123000797065737570706F72745F6D6963726FCA
:10124000787263656464735F635F5F6765745F6D25
:101250006573736167655F747970655F73757070CE
:101260006F72745F68616E646C655F5F7374645FF6
:101270006D7367735F5F6D73675F5F496E74333261
:1012800000000000726F7369646C5F74797065733D
:101290007570706F72745F696E74726F737065636E
:1012A00074696F6E5F6300007374645F6D7367735E
:1012B0005F5F6D736700000064617461000000008F
:1012C0007374645F6D7367733A3A6D7367000000FF
:1012D000524F535F4C4F43414C484F53545F4F4E16
:1012E0004C5900002E0000002F0000002F25730035
:1012F00025732F2573000000524F535F444953411B
:10130000424C455F4C4F414E45445F4D4553534120
:1013100047455300617267756D656E7420656E7622
:101320005F6E616D65206973206E756C6C000000E6
:10133000617267756D656E7420656E765F76616C3F
:101340007565206973206E756C6C0000726D775F37
:1013500076616C69646174655F6E616D65737061FF
:10136000636528293A20756E6B6E6F776E20726DFB
:10137000775F76616C69646174655F66756C6C5FDC
:10138000746F7069635F6E616D6528292072657383
:10139000756C74202725642700000000756E6B6E45
:1013A0006F776E20726573756C7420636F6465204F
:1013B000666F7220726D77206E616D657370616308
:1013C000652076616C69646174696F6E000000006D
:1013D0006E616D657370616365206D757374206EE9
:1013E0006F7420626520656D707479006E616D6543
:1013F0007370616365206D7573742062652061622E
:10140000736F6C7574652C206974206D757374200E
:101410006C6561642077697468206120272F27003C
:101420006E616D657370616365206D757374206E98
:101430006F7420656E642077697468206120272F9F
:10144000272C20756E6C657373206F6E6C7920612C
:1014500020272F27000000006E616D6573706163A7
:1014600065206D757374206E6F7420636F6E746188
:10147000696E2063686172616374657273206F7452
:10148000686572207468616E20616C7068616E7549
:101490006D65726963732C20275F272C206F722083
:1014A000272F27006E616D657370616365206D7510
:1014B0007374206E6F7420636F6E7461696E207236
:1014C0006570656174656420272F27006E616D6506
:1014D0007370616365206D757374206E6F7420681E
:1014E000617665206120746F6B656E20746861742D
:1014F0002073746172747320776974682061206E40
:10150000756D6265720000006E616D657370616378
:10151000652073686F756C64206E6F7420657863E6
:101520006565642027524D575F4E414D45535041EC
:1015300043455F4D41585F4E414D455F4C454E47D9
:1015400054482700756E6B6E6F776E2072657375E9
:101550006C7420636F646520666F7220726D7720F3
:101560006E6F6465206E616D652076616C69646183
:1015700074696F6E000000006E6F6465206E616DAF
:1015800065206D757374206E6F7420626520656DC3
:10159000707479006E6F6465206E616D65206D7585
:1015A0007374206E6F7420636F6E7461696E206354
:1015B000686172616374657273206F74686572200C
:1015C0007468616E20616C7068616E756D657269BA
:1015D0006373206F7220275F270000006E6F6465C1
:1015E000206E616D65206D757374206E6F7420734D
:1015F0007461727420776974682061206E756D6201
:10160000657200006E6F6465206E616D65206C65AB
:101610006E6774682073686F756C64206E6F7420D9
:101620006578636565642027323535270000000042
:1016300063647200726D775F6D6963726F78726355
:101640006564647300000000726F7369646C5F749A
:10165000797065737570706F72745F63000000005D
:10166000524F535F4155544F4D415449435F444994
:1016700053434F564552595F52414E474500000073
:101680004F4646004C4F43414C484F5354000000D6
:101690005355424E4554000053595354454D5F44F1
:1016A000454641554C540000524F535F53544154EA
:1016B00049435F504545525300000000524D575F6B
:1016C0004155544F4D415449435F444953434F564C
:1016D0004552595F52414E47455F4E4F545F534507
:1016E00054000000524D575F4155544F4D415449ED
:1016F000435F444953434F564552595F52414E4709
:10170000455F4F4646000000524D575F4155544FCC
:101710004D415449435F444953434F564552595FE5
:1017200052414E47455F4C4F43414C484F53540044
:10173000524D575F4155544F4D415449435F4449C1
:1017400053434F564552595F52414E47455F53559B
:10175000424E455400000000524D575F4155544FD2
:101760004D415449435F444953434F564552595F95
:1017700052414E47455F53595354454D5F4445468A
:1017800041554C5400000000524F535F444F4D41AF
:10179000494E5F494400000025732F2573257300CF
:1017A0007B6E6F64657D00007B6E737D00000000C2
:1017B0007B6E616D6573706163657D005245454E5A
:1017C00054206D616C6C6F63207375636365656431
:1017D000656400002E2E2F2E2E2F2E2E2F2E2E2F14
:1017E0002E2E2F2E2E2F6E65776C69622F6C6962FC
:1017F000632F7374646C69622F72616E642E630070
:101800002C2066756E6374696F6E3A2000000000CC
:10181000617373657274696F6E202225732220666E
:1018200061696C65643A2066696C652022257322C3
:101830002C206C696E65202564257325730A0000D1
:101840001411010800000000340400205C000000B6
:1018500090040020E02E00001800000000000000AE
:10186000000000000102030405060708090A0B0C2A
:101870000D0E0F1002030405060708090A0B0C0DD4
:101880000E0F101000000000010203040000000011
:101890000000000001020304060708090000000020
:1018A000010000000A00000001020000000000002A
:1018B0000000000000000000000000000000000028
:1018C0000000000000000000000000000000000018
:1018D0000000000000000000000000000000000008
:1018E00000000000000000000000000000000000F8
:1018F000010000000A0000000102000000000000DA
:1019000000000000000000000000000000000000D7
:1019100000000000000000000000000000000000C7
:1019200000000000000000000000000000000000B7
:1019300000000000000000000000000000000000A7
:101940000000000000000000000000000000000097
:10195000000000007274000002000000C0110108C5
:10196000741901086C1901089C000020CC110108B1
:10197000281201088412010878110108A812010830
:101980002012010801000000040000000000000017
:10199000BC000020F18F0008F58F00080000000057
:1019A0000000000000000000000000000000000037
:1019B000D0130108EC130108201401085814010881
:1019C000A4140108CC140108081501080000000047
:1019D0007815010894150108DC15010804160108A2
:1019E00034160108A4AD0020010000000100000031
:1019F000B802002012000000120000005801002070
:101A000003000000030000005C010020060100004C
:101A100006010000B80200201200000012000000C1
:101A2000680200200100000001000000000000002A
:101A300000000000000000000000C1C081C14001A2
:101A400001C3C003800241C201C6C006800741C76E
:101A50000005C1C581C4400401CCC00C800D41CD3E
:101A6000000FC1CF81CE400E000AC1CA81CB400B0E
:101A700001C9C009800841C801D8C018801941D9DE
:101A8000001BC1DB81DA401A001EC1DE81DF401F6E
:101A900001DDC01D801C41DC0014C1D481D540157E
:101AA00001D7C017801641D601D2C012801341D38E
:101AB0000011C1D181D0401001F0C030803141F11E
:101AC0000033C1F381F240320036C1F681F740376E
:101AD00001F5C035803441F4003CC1FC81FD403D3E
:101AE00001FFC03F803E41FE01FAC03A803B41FB0E
:101AF0000039C1F981F840380028C1E881E940295E
:101B000001EBC02B802A41EA01EEC02E802F41EF6D
:101B1000002DC1ED81EC402C01E4C024802541E57D
:101B20000027C1E781E640260022C1E281E340238D
:101B300001E1C021802041E001A0C060806141A19D
:101B40000063C1A381A240620066C1A681A740676D
:101B500001A5C065806441A4006CC1AC81AD406D3D
:101B600001AFC06F806E41AE01AAC06A806B41AB0D
:101B70000069C1A981A840680078C1B881B94079DD
:101B800001BBC07B807A41BA01BEC07E807F41BF6D
:101B9000007DC1BD81BC407C01B4C074807541B57D
:101BA0000077C1B781B640760072C1B281B340738D
:101BB00001B1C071807041B00050C190819140511D
:101BC0000193C053805241920196C056805741976D
:101BD0000055C19581944054019CC05C805D419D3D
:101BE000005FC19F819E405E005AC19A819B405B0D
:101BF0000199C059805841980188C048804941895D
:101C0000004BC18B818A404A004EC18E818F404F6C
:101C1000018DC04D804C418C0044C184818540457C
:101C20000187C047804641860182C042804341838C
:101C30000041C18181804040BC160108E4160108C2
:101C400008170108301701085817010800000000A4
:041C50000000000090
:081C5400F4E6FE7F0100000030
:081C5C0029020008DD8F0008D9
:041C64000102000871
:101C68000400002000000000EC02002054030020C3
:101C7800BC0300200000000000000000000000007D
:101C8800000000000000000000000000000000004C
:101C9800000000000000000000000000000000003C
:101CA800000000000000000000000000000000002C
:101CB8000000000003000000EC020020010000000A
:101CC8001000000000127A00AAAAAAAA844E0020D6
:101CD800A18500089D85000899850008958500085C
:101CE8000000000000000000581901089DE70008E6
:101CF800FDE7000805E800081DE80008F98F00085E
:101D080065900008000000007C190108AD8F0008EC
:101D1800FDE7000805E800081DE80008B8120108FA
:101D28000D0000000000000000000000000000009E
:101D3800000000000000000000000000000000009B
:101D4800000000000000000000000000000000008B
:101D580000000000000000007811010810010020B8
:101D6800AD8F0008FDE7000805E800081DE8000839
:101D7800C0120108201201084190000825900008AF
:101D88005190000831900008159000084816010885
:101D98008412010801B6578DED3C58C626CFE8D10C
:101DA800A6FB6E04F706F97E9F03D2727C9FF4E7C8
:101DB8004B1CEF0DEB0000006D7367002320546887
:101DC800697320776173206F726967696E616C6CE3
:101DD800792070726F766964656420617320616E22
:101DE800206578616D706C65206D657373616765DA
:101DF8002E0A232049742069732064657072656314
:101E080061746564206173206F6620466F78790A73
:101E180023204974206973207265636F6D6D656E48
:101E280064656420746F2063726561746520796FDE
:101E38007572206F776E2073656D616E746963616A
:101E48006C6C79206D65616E696E6766756C206D66
:101E58006573736167652E0A2320486F7765766519
:101E68007220696620796F7520776F756C64206CB5
:101E7800696B6520746F20636F6E74696E75652079
:101E88007573696E67207468697320706C65617317
:101E9800652075736520746865206571756976615C
:101EA8006C656E7420696E206578616D706C655F15
:101EB8006D7367732E0A0A696E7433322064617415
:101EC8006100000000000000B002002004000000D3
:101ED80004000000000000000600000000000000F0
:101EE80000000000000000000000000000000000EA
:101EF80000000000000000000000000000000000DA
:101F080000000000000000000000000000000000C9
:101F180064617461000000007374645F6D736773BB
:0C1F28002F6D73672F496E743332000078
:04000005080081D599
:00000001FF
