ARM GAS  /tmp/cctQcci2.s 			page 1


   1              		.cpu cortex-m4
   2              		.arch armv7e-m
   3              		.fpu fpv4-sp-d16
   4              		.eabi_attribute 27, 1
   5              		.eabi_attribute 28, 1
   6              		.eabi_attribute 20, 1
   7              		.eabi_attribute 21, 1
   8              		.eabi_attribute 23, 3
   9              		.eabi_attribute 24, 1
  10              		.eabi_attribute 25, 1
  11              		.eabi_attribute 26, 1
  12              		.eabi_attribute 30, 1
  13              		.eabi_attribute 34, 1
  14              		.eabi_attribute 18, 4
  15              		.file	"stm32f3xx_hal_dma.c"
  16              		.text
  17              	.Ltext0:
  18              		.cfi_sections	.debug_frame
  19              		.file 1 "Drivers/STM32F3xx_HAL_Driver/Src/stm32f3xx_hal_dma.c"
  20              		.section	.text.DMA_SetConfig,"ax",%progbits
  21              		.align	1
  22              		.syntax unified
  23              		.thumb
  24              		.thumb_func
  26              	DMA_SetConfig:
  27              	.LVL0:
  28              	.LFB142:
   1:Drivers/STM32F3xx_HAL_Driver/Src/stm32f3xx_hal_dma.c **** /**
   2:Drivers/STM32F3xx_HAL_Driver/Src/stm32f3xx_hal_dma.c ****   ******************************************************************************
   3:Drivers/STM32F3xx_HAL_Driver/Src/stm32f3xx_hal_dma.c ****   * @file    stm32f3xx_hal_dma.c
   4:Drivers/STM32F3xx_HAL_Driver/Src/stm32f3xx_hal_dma.c ****   * @author  MCD Application Team
   5:Drivers/STM32F3xx_HAL_Driver/Src/stm32f3xx_hal_dma.c ****   * @brief   DMA HAL module driver.
   6:Drivers/STM32F3xx_HAL_Driver/Src/stm32f3xx_hal_dma.c ****   *
   7:Drivers/STM32F3xx_HAL_Driver/Src/stm32f3xx_hal_dma.c ****   *         This file provides firmware functions to manage the following
   8:Drivers/STM32F3xx_HAL_Driver/Src/stm32f3xx_hal_dma.c ****   *         functionalities of the Direct Memory Access (DMA) peripheral:
   9:Drivers/STM32F3xx_HAL_Driver/Src/stm32f3xx_hal_dma.c ****   *           + Initialization and de-initialization functions
  10:Drivers/STM32F3xx_HAL_Driver/Src/stm32f3xx_hal_dma.c ****   *           + IO operation functions
  11:Drivers/STM32F3xx_HAL_Driver/Src/stm32f3xx_hal_dma.c ****   *           + Peripheral State and errors functions
  12:Drivers/STM32F3xx_HAL_Driver/Src/stm32f3xx_hal_dma.c ****   @verbatim
  13:Drivers/STM32F3xx_HAL_Driver/Src/stm32f3xx_hal_dma.c ****   ==============================================================================
  14:Drivers/STM32F3xx_HAL_Driver/Src/stm32f3xx_hal_dma.c ****                         ##### How to use this driver #####
  15:Drivers/STM32F3xx_HAL_Driver/Src/stm32f3xx_hal_dma.c ****   ==============================================================================
  16:Drivers/STM32F3xx_HAL_Driver/Src/stm32f3xx_hal_dma.c ****   [..]
  17:Drivers/STM32F3xx_HAL_Driver/Src/stm32f3xx_hal_dma.c ****    (#) Enable and configure the peripheral to be connected to the DMA Channel
  18:Drivers/STM32F3xx_HAL_Driver/Src/stm32f3xx_hal_dma.c ****        (except for internal SRAM / FLASH memories: no initialization is
  19:Drivers/STM32F3xx_HAL_Driver/Src/stm32f3xx_hal_dma.c ****        necessary). Please refer to Reference manual for connection between peripherals
  20:Drivers/STM32F3xx_HAL_Driver/Src/stm32f3xx_hal_dma.c ****        and DMA requests .
  21:Drivers/STM32F3xx_HAL_Driver/Src/stm32f3xx_hal_dma.c **** 
  22:Drivers/STM32F3xx_HAL_Driver/Src/stm32f3xx_hal_dma.c ****    (#) For a given Channel, program the required configuration through the following parameters:
  23:Drivers/STM32F3xx_HAL_Driver/Src/stm32f3xx_hal_dma.c ****        Transfer Direction, Source and Destination data formats,
  24:Drivers/STM32F3xx_HAL_Driver/Src/stm32f3xx_hal_dma.c ****        Circular or Normal mode, Channel Priority level, Source and Destination Increment mode,
  25:Drivers/STM32F3xx_HAL_Driver/Src/stm32f3xx_hal_dma.c ****        using HAL_DMA_Init() function.
  26:Drivers/STM32F3xx_HAL_Driver/Src/stm32f3xx_hal_dma.c **** 
  27:Drivers/STM32F3xx_HAL_Driver/Src/stm32f3xx_hal_dma.c ****    (#) Use HAL_DMA_GetState() function to return the DMA state and HAL_DMA_GetError() in case of er
  28:Drivers/STM32F3xx_HAL_Driver/Src/stm32f3xx_hal_dma.c ****        detection.
  29:Drivers/STM32F3xx_HAL_Driver/Src/stm32f3xx_hal_dma.c **** 
  30:Drivers/STM32F3xx_HAL_Driver/Src/stm32f3xx_hal_dma.c ****    (#) Use HAL_DMA_Abort() function to abort the current transfer
ARM GAS  /tmp/cctQcci2.s 			page 2


  31:Drivers/STM32F3xx_HAL_Driver/Src/stm32f3xx_hal_dma.c **** 
  32:Drivers/STM32F3xx_HAL_Driver/Src/stm32f3xx_hal_dma.c ****      -@-   In Memory-to-Memory transfer mode, Circular mode is not allowed.
  33:Drivers/STM32F3xx_HAL_Driver/Src/stm32f3xx_hal_dma.c ****      *** Polling mode IO operation ***
  34:Drivers/STM32F3xx_HAL_Driver/Src/stm32f3xx_hal_dma.c ****      =================================
  35:Drivers/STM32F3xx_HAL_Driver/Src/stm32f3xx_hal_dma.c ****     [..]
  36:Drivers/STM32F3xx_HAL_Driver/Src/stm32f3xx_hal_dma.c ****       (+) Use HAL_DMA_Start() to start DMA transfer after the configuration of Source
  37:Drivers/STM32F3xx_HAL_Driver/Src/stm32f3xx_hal_dma.c ****           address and destination address and the Length of data to be transferred
  38:Drivers/STM32F3xx_HAL_Driver/Src/stm32f3xx_hal_dma.c ****       (+) Use HAL_DMA_PollForTransfer() to poll for the end of current transfer, in this
  39:Drivers/STM32F3xx_HAL_Driver/Src/stm32f3xx_hal_dma.c ****           case a fixed Timeout can be configured by User depending from his application.
  40:Drivers/STM32F3xx_HAL_Driver/Src/stm32f3xx_hal_dma.c **** 
  41:Drivers/STM32F3xx_HAL_Driver/Src/stm32f3xx_hal_dma.c ****      *** Interrupt mode IO operation ***
  42:Drivers/STM32F3xx_HAL_Driver/Src/stm32f3xx_hal_dma.c ****      ===================================
  43:Drivers/STM32F3xx_HAL_Driver/Src/stm32f3xx_hal_dma.c ****     [..]
  44:Drivers/STM32F3xx_HAL_Driver/Src/stm32f3xx_hal_dma.c ****       (+) Configure the DMA interrupt priority using HAL_NVIC_SetPriority()
  45:Drivers/STM32F3xx_HAL_Driver/Src/stm32f3xx_hal_dma.c ****       (+) Enable the DMA IRQ handler using HAL_NVIC_EnableIRQ()
  46:Drivers/STM32F3xx_HAL_Driver/Src/stm32f3xx_hal_dma.c ****       (+) Use HAL_DMA_Start_IT() to start DMA transfer after the configuration of
  47:Drivers/STM32F3xx_HAL_Driver/Src/stm32f3xx_hal_dma.c ****           Source address and destination address and the Length of data to be transferred.
  48:Drivers/STM32F3xx_HAL_Driver/Src/stm32f3xx_hal_dma.c ****           In this case the DMA interrupt is configured
  49:Drivers/STM32F3xx_HAL_Driver/Src/stm32f3xx_hal_dma.c ****       (+) Use HAL_DMA_Channel_IRQHandler() called under DMA_IRQHandler() Interrupt subroutine
  50:Drivers/STM32F3xx_HAL_Driver/Src/stm32f3xx_hal_dma.c ****       (+) At the end of data transfer HAL_DMA_IRQHandler() function is executed and user can
  51:Drivers/STM32F3xx_HAL_Driver/Src/stm32f3xx_hal_dma.c ****           add his own function by customization of function pointer XferCpltCallback and
  52:Drivers/STM32F3xx_HAL_Driver/Src/stm32f3xx_hal_dma.c ****           XferErrorCallback (i.e a member of DMA handle structure).
  53:Drivers/STM32F3xx_HAL_Driver/Src/stm32f3xx_hal_dma.c **** 
  54:Drivers/STM32F3xx_HAL_Driver/Src/stm32f3xx_hal_dma.c ****      *** DMA HAL driver macros list ***
  55:Drivers/STM32F3xx_HAL_Driver/Src/stm32f3xx_hal_dma.c ****      =============================================
  56:Drivers/STM32F3xx_HAL_Driver/Src/stm32f3xx_hal_dma.c ****      [..]
  57:Drivers/STM32F3xx_HAL_Driver/Src/stm32f3xx_hal_dma.c ****        Below the list of most used macros in DMA HAL driver.
  58:Drivers/STM32F3xx_HAL_Driver/Src/stm32f3xx_hal_dma.c **** 
  59:Drivers/STM32F3xx_HAL_Driver/Src/stm32f3xx_hal_dma.c ****      [..]
  60:Drivers/STM32F3xx_HAL_Driver/Src/stm32f3xx_hal_dma.c ****       (@) You can refer to the DMA HAL driver header file for more useful macros
  61:Drivers/STM32F3xx_HAL_Driver/Src/stm32f3xx_hal_dma.c **** 
  62:Drivers/STM32F3xx_HAL_Driver/Src/stm32f3xx_hal_dma.c ****   @endverbatim
  63:Drivers/STM32F3xx_HAL_Driver/Src/stm32f3xx_hal_dma.c ****   ******************************************************************************
  64:Drivers/STM32F3xx_HAL_Driver/Src/stm32f3xx_hal_dma.c ****   * @attention
  65:Drivers/STM32F3xx_HAL_Driver/Src/stm32f3xx_hal_dma.c ****   *
  66:Drivers/STM32F3xx_HAL_Driver/Src/stm32f3xx_hal_dma.c ****   * Copyright (c) 2016 STMicroelectronics.
  67:Drivers/STM32F3xx_HAL_Driver/Src/stm32f3xx_hal_dma.c ****   * All rights reserved.
  68:Drivers/STM32F3xx_HAL_Driver/Src/stm32f3xx_hal_dma.c ****   *
  69:Drivers/STM32F3xx_HAL_Driver/Src/stm32f3xx_hal_dma.c ****   * This software is licensed under terms that can be found in the LICENSE file in
  70:Drivers/STM32F3xx_HAL_Driver/Src/stm32f3xx_hal_dma.c ****   * the root directory of this software component.
  71:Drivers/STM32F3xx_HAL_Driver/Src/stm32f3xx_hal_dma.c ****   * If no LICENSE file comes with this software, it is provided AS-IS.
  72:Drivers/STM32F3xx_HAL_Driver/Src/stm32f3xx_hal_dma.c ****   *
  73:Drivers/STM32F3xx_HAL_Driver/Src/stm32f3xx_hal_dma.c ****   ******************************************************************************
  74:Drivers/STM32F3xx_HAL_Driver/Src/stm32f3xx_hal_dma.c ****   */
  75:Drivers/STM32F3xx_HAL_Driver/Src/stm32f3xx_hal_dma.c **** 
  76:Drivers/STM32F3xx_HAL_Driver/Src/stm32f3xx_hal_dma.c **** /* Includes ------------------------------------------------------------------*/
  77:Drivers/STM32F3xx_HAL_Driver/Src/stm32f3xx_hal_dma.c **** #include "stm32f3xx_hal.h"
  78:Drivers/STM32F3xx_HAL_Driver/Src/stm32f3xx_hal_dma.c **** 
  79:Drivers/STM32F3xx_HAL_Driver/Src/stm32f3xx_hal_dma.c **** /** @addtogroup STM32F3xx_HAL_Driver
  80:Drivers/STM32F3xx_HAL_Driver/Src/stm32f3xx_hal_dma.c ****   * @{
  81:Drivers/STM32F3xx_HAL_Driver/Src/stm32f3xx_hal_dma.c ****   */
  82:Drivers/STM32F3xx_HAL_Driver/Src/stm32f3xx_hal_dma.c **** 
  83:Drivers/STM32F3xx_HAL_Driver/Src/stm32f3xx_hal_dma.c **** /** @defgroup DMA DMA
  84:Drivers/STM32F3xx_HAL_Driver/Src/stm32f3xx_hal_dma.c ****   * @brief DMA HAL module driver
  85:Drivers/STM32F3xx_HAL_Driver/Src/stm32f3xx_hal_dma.c ****   * @{
  86:Drivers/STM32F3xx_HAL_Driver/Src/stm32f3xx_hal_dma.c ****   */
  87:Drivers/STM32F3xx_HAL_Driver/Src/stm32f3xx_hal_dma.c **** 
ARM GAS  /tmp/cctQcci2.s 			page 3


  88:Drivers/STM32F3xx_HAL_Driver/Src/stm32f3xx_hal_dma.c **** #ifdef HAL_DMA_MODULE_ENABLED
  89:Drivers/STM32F3xx_HAL_Driver/Src/stm32f3xx_hal_dma.c **** 
  90:Drivers/STM32F3xx_HAL_Driver/Src/stm32f3xx_hal_dma.c **** /* Private typedef -----------------------------------------------------------*/
  91:Drivers/STM32F3xx_HAL_Driver/Src/stm32f3xx_hal_dma.c **** /* Private define ------------------------------------------------------------*/
  92:Drivers/STM32F3xx_HAL_Driver/Src/stm32f3xx_hal_dma.c **** /* Private macro -------------------------------------------------------------*/
  93:Drivers/STM32F3xx_HAL_Driver/Src/stm32f3xx_hal_dma.c **** /* Private variables ---------------------------------------------------------*/
  94:Drivers/STM32F3xx_HAL_Driver/Src/stm32f3xx_hal_dma.c **** /* Private function prototypes -----------------------------------------------*/
  95:Drivers/STM32F3xx_HAL_Driver/Src/stm32f3xx_hal_dma.c **** /** @defgroup DMA_Private_Functions DMA Private Functions
  96:Drivers/STM32F3xx_HAL_Driver/Src/stm32f3xx_hal_dma.c ****   * @{
  97:Drivers/STM32F3xx_HAL_Driver/Src/stm32f3xx_hal_dma.c ****   */
  98:Drivers/STM32F3xx_HAL_Driver/Src/stm32f3xx_hal_dma.c **** static void DMA_SetConfig(DMA_HandleTypeDef *hdma, uint32_t SrcAddress, uint32_t DstAddress, uint32
  99:Drivers/STM32F3xx_HAL_Driver/Src/stm32f3xx_hal_dma.c **** static void DMA_CalcBaseAndBitshift(DMA_HandleTypeDef *hdma);
 100:Drivers/STM32F3xx_HAL_Driver/Src/stm32f3xx_hal_dma.c **** /**
 101:Drivers/STM32F3xx_HAL_Driver/Src/stm32f3xx_hal_dma.c ****   * @}
 102:Drivers/STM32F3xx_HAL_Driver/Src/stm32f3xx_hal_dma.c ****   */
 103:Drivers/STM32F3xx_HAL_Driver/Src/stm32f3xx_hal_dma.c **** 
 104:Drivers/STM32F3xx_HAL_Driver/Src/stm32f3xx_hal_dma.c **** /* Exported functions ---------------------------------------------------------*/
 105:Drivers/STM32F3xx_HAL_Driver/Src/stm32f3xx_hal_dma.c **** 
 106:Drivers/STM32F3xx_HAL_Driver/Src/stm32f3xx_hal_dma.c **** /** @defgroup DMA_Exported_Functions DMA Exported Functions
 107:Drivers/STM32F3xx_HAL_Driver/Src/stm32f3xx_hal_dma.c ****   * @{
 108:Drivers/STM32F3xx_HAL_Driver/Src/stm32f3xx_hal_dma.c ****   */
 109:Drivers/STM32F3xx_HAL_Driver/Src/stm32f3xx_hal_dma.c **** 
 110:Drivers/STM32F3xx_HAL_Driver/Src/stm32f3xx_hal_dma.c **** /** @defgroup DMA_Exported_Functions_Group1 Initialization and de-initialization functions
 111:Drivers/STM32F3xx_HAL_Driver/Src/stm32f3xx_hal_dma.c ****  *  @brief   Initialization and de-initialization functions
 112:Drivers/STM32F3xx_HAL_Driver/Src/stm32f3xx_hal_dma.c ****  *
 113:Drivers/STM32F3xx_HAL_Driver/Src/stm32f3xx_hal_dma.c **** @verbatim
 114:Drivers/STM32F3xx_HAL_Driver/Src/stm32f3xx_hal_dma.c ****  ===============================================================================
 115:Drivers/STM32F3xx_HAL_Driver/Src/stm32f3xx_hal_dma.c ****              ##### Initialization and de-initialization functions  #####
 116:Drivers/STM32F3xx_HAL_Driver/Src/stm32f3xx_hal_dma.c ****  ===============================================================================
 117:Drivers/STM32F3xx_HAL_Driver/Src/stm32f3xx_hal_dma.c ****     [..]
 118:Drivers/STM32F3xx_HAL_Driver/Src/stm32f3xx_hal_dma.c ****     This section provides functions allowing to initialize the DMA Channel source
 119:Drivers/STM32F3xx_HAL_Driver/Src/stm32f3xx_hal_dma.c ****     and destination addresses, incrementation and data sizes, transfer direction,
 120:Drivers/STM32F3xx_HAL_Driver/Src/stm32f3xx_hal_dma.c ****     circular/normal mode selection, memory-to-memory mode selection and Channel priority value.
 121:Drivers/STM32F3xx_HAL_Driver/Src/stm32f3xx_hal_dma.c ****     [..]
 122:Drivers/STM32F3xx_HAL_Driver/Src/stm32f3xx_hal_dma.c ****     The HAL_DMA_Init() function follows the DMA configuration procedures as described in
 123:Drivers/STM32F3xx_HAL_Driver/Src/stm32f3xx_hal_dma.c ****     reference manual.
 124:Drivers/STM32F3xx_HAL_Driver/Src/stm32f3xx_hal_dma.c **** 
 125:Drivers/STM32F3xx_HAL_Driver/Src/stm32f3xx_hal_dma.c **** @endverbatim
 126:Drivers/STM32F3xx_HAL_Driver/Src/stm32f3xx_hal_dma.c ****   * @{
 127:Drivers/STM32F3xx_HAL_Driver/Src/stm32f3xx_hal_dma.c ****   */
 128:Drivers/STM32F3xx_HAL_Driver/Src/stm32f3xx_hal_dma.c **** 
 129:Drivers/STM32F3xx_HAL_Driver/Src/stm32f3xx_hal_dma.c **** /**
 130:Drivers/STM32F3xx_HAL_Driver/Src/stm32f3xx_hal_dma.c ****   * @brief  Initialize the DMA according to the specified
 131:Drivers/STM32F3xx_HAL_Driver/Src/stm32f3xx_hal_dma.c ****   *         parameters in the DMA_InitTypeDef and initialize the associated handle.
 132:Drivers/STM32F3xx_HAL_Driver/Src/stm32f3xx_hal_dma.c ****   * @param  hdma Pointer to a DMA_HandleTypeDef structure that contains
 133:Drivers/STM32F3xx_HAL_Driver/Src/stm32f3xx_hal_dma.c ****   *               the configuration information for the specified DMA Channel.
 134:Drivers/STM32F3xx_HAL_Driver/Src/stm32f3xx_hal_dma.c ****   * @retval HAL status
 135:Drivers/STM32F3xx_HAL_Driver/Src/stm32f3xx_hal_dma.c ****   */
 136:Drivers/STM32F3xx_HAL_Driver/Src/stm32f3xx_hal_dma.c **** HAL_StatusTypeDef HAL_DMA_Init(DMA_HandleTypeDef *hdma)
 137:Drivers/STM32F3xx_HAL_Driver/Src/stm32f3xx_hal_dma.c **** {
 138:Drivers/STM32F3xx_HAL_Driver/Src/stm32f3xx_hal_dma.c ****   uint32_t tmp = 0U;
 139:Drivers/STM32F3xx_HAL_Driver/Src/stm32f3xx_hal_dma.c **** 
 140:Drivers/STM32F3xx_HAL_Driver/Src/stm32f3xx_hal_dma.c ****   /* Check the DMA handle allocation */
 141:Drivers/STM32F3xx_HAL_Driver/Src/stm32f3xx_hal_dma.c ****   if(NULL == hdma)
 142:Drivers/STM32F3xx_HAL_Driver/Src/stm32f3xx_hal_dma.c ****   {
 143:Drivers/STM32F3xx_HAL_Driver/Src/stm32f3xx_hal_dma.c ****     return HAL_ERROR;
 144:Drivers/STM32F3xx_HAL_Driver/Src/stm32f3xx_hal_dma.c ****   }
ARM GAS  /tmp/cctQcci2.s 			page 4


 145:Drivers/STM32F3xx_HAL_Driver/Src/stm32f3xx_hal_dma.c **** 
 146:Drivers/STM32F3xx_HAL_Driver/Src/stm32f3xx_hal_dma.c ****   /* Check the parameters */
 147:Drivers/STM32F3xx_HAL_Driver/Src/stm32f3xx_hal_dma.c ****   assert_param(IS_DMA_ALL_INSTANCE(hdma->Instance));
 148:Drivers/STM32F3xx_HAL_Driver/Src/stm32f3xx_hal_dma.c ****   assert_param(IS_DMA_DIRECTION(hdma->Init.Direction));
 149:Drivers/STM32F3xx_HAL_Driver/Src/stm32f3xx_hal_dma.c ****   assert_param(IS_DMA_PERIPHERAL_INC_STATE(hdma->Init.PeriphInc));
 150:Drivers/STM32F3xx_HAL_Driver/Src/stm32f3xx_hal_dma.c ****   assert_param(IS_DMA_MEMORY_INC_STATE(hdma->Init.MemInc));
 151:Drivers/STM32F3xx_HAL_Driver/Src/stm32f3xx_hal_dma.c ****   assert_param(IS_DMA_PERIPHERAL_DATA_SIZE(hdma->Init.PeriphDataAlignment));
 152:Drivers/STM32F3xx_HAL_Driver/Src/stm32f3xx_hal_dma.c ****   assert_param(IS_DMA_MEMORY_DATA_SIZE(hdma->Init.MemDataAlignment));
 153:Drivers/STM32F3xx_HAL_Driver/Src/stm32f3xx_hal_dma.c ****   assert_param(IS_DMA_MODE(hdma->Init.Mode));
 154:Drivers/STM32F3xx_HAL_Driver/Src/stm32f3xx_hal_dma.c ****   assert_param(IS_DMA_PRIORITY(hdma->Init.Priority));
 155:Drivers/STM32F3xx_HAL_Driver/Src/stm32f3xx_hal_dma.c **** 
 156:Drivers/STM32F3xx_HAL_Driver/Src/stm32f3xx_hal_dma.c ****   /* Change DMA peripheral state */
 157:Drivers/STM32F3xx_HAL_Driver/Src/stm32f3xx_hal_dma.c ****   hdma->State = HAL_DMA_STATE_BUSY;
 158:Drivers/STM32F3xx_HAL_Driver/Src/stm32f3xx_hal_dma.c **** 
 159:Drivers/STM32F3xx_HAL_Driver/Src/stm32f3xx_hal_dma.c ****   /* Get the CR register value */
 160:Drivers/STM32F3xx_HAL_Driver/Src/stm32f3xx_hal_dma.c ****   tmp = hdma->Instance->CCR;
 161:Drivers/STM32F3xx_HAL_Driver/Src/stm32f3xx_hal_dma.c **** 
 162:Drivers/STM32F3xx_HAL_Driver/Src/stm32f3xx_hal_dma.c ****   /* Clear PL, MSIZE, PSIZE, MINC, PINC, CIRC, DIR bits */
 163:Drivers/STM32F3xx_HAL_Driver/Src/stm32f3xx_hal_dma.c ****   tmp &= ((uint32_t)~(DMA_CCR_PL    | DMA_CCR_MSIZE  | DMA_CCR_PSIZE  | \
 164:Drivers/STM32F3xx_HAL_Driver/Src/stm32f3xx_hal_dma.c ****                       DMA_CCR_MINC  | DMA_CCR_PINC   | DMA_CCR_CIRC   | \
 165:Drivers/STM32F3xx_HAL_Driver/Src/stm32f3xx_hal_dma.c ****                       DMA_CCR_DIR));
 166:Drivers/STM32F3xx_HAL_Driver/Src/stm32f3xx_hal_dma.c **** 
 167:Drivers/STM32F3xx_HAL_Driver/Src/stm32f3xx_hal_dma.c ****   /* Prepare the DMA Channel configuration */
 168:Drivers/STM32F3xx_HAL_Driver/Src/stm32f3xx_hal_dma.c ****   tmp |=  hdma->Init.Direction        |
 169:Drivers/STM32F3xx_HAL_Driver/Src/stm32f3xx_hal_dma.c ****           hdma->Init.PeriphInc           | hdma->Init.MemInc           |
 170:Drivers/STM32F3xx_HAL_Driver/Src/stm32f3xx_hal_dma.c ****           hdma->Init.PeriphDataAlignment | hdma->Init.MemDataAlignment |
 171:Drivers/STM32F3xx_HAL_Driver/Src/stm32f3xx_hal_dma.c ****           hdma->Init.Mode                | hdma->Init.Priority;
 172:Drivers/STM32F3xx_HAL_Driver/Src/stm32f3xx_hal_dma.c **** 
 173:Drivers/STM32F3xx_HAL_Driver/Src/stm32f3xx_hal_dma.c ****   /* Write to DMA Channel CR register */
 174:Drivers/STM32F3xx_HAL_Driver/Src/stm32f3xx_hal_dma.c ****   hdma->Instance->CCR = tmp;
 175:Drivers/STM32F3xx_HAL_Driver/Src/stm32f3xx_hal_dma.c **** 
 176:Drivers/STM32F3xx_HAL_Driver/Src/stm32f3xx_hal_dma.c ****   /* Initialize DmaBaseAddress and ChannelIndex parameters used
 177:Drivers/STM32F3xx_HAL_Driver/Src/stm32f3xx_hal_dma.c ****      by HAL_DMA_IRQHandler() and HAL_DMA_PollForTransfer() */
 178:Drivers/STM32F3xx_HAL_Driver/Src/stm32f3xx_hal_dma.c ****   DMA_CalcBaseAndBitshift(hdma);
 179:Drivers/STM32F3xx_HAL_Driver/Src/stm32f3xx_hal_dma.c **** 
 180:Drivers/STM32F3xx_HAL_Driver/Src/stm32f3xx_hal_dma.c ****   /* Initialise the error code */
 181:Drivers/STM32F3xx_HAL_Driver/Src/stm32f3xx_hal_dma.c ****   hdma->ErrorCode = HAL_DMA_ERROR_NONE;
 182:Drivers/STM32F3xx_HAL_Driver/Src/stm32f3xx_hal_dma.c **** 
 183:Drivers/STM32F3xx_HAL_Driver/Src/stm32f3xx_hal_dma.c ****   /* Initialize the DMA state*/
 184:Drivers/STM32F3xx_HAL_Driver/Src/stm32f3xx_hal_dma.c ****   hdma->State = HAL_DMA_STATE_READY;
 185:Drivers/STM32F3xx_HAL_Driver/Src/stm32f3xx_hal_dma.c **** 
 186:Drivers/STM32F3xx_HAL_Driver/Src/stm32f3xx_hal_dma.c ****   /* Allocate lock resource and initialize it */
 187:Drivers/STM32F3xx_HAL_Driver/Src/stm32f3xx_hal_dma.c ****   hdma->Lock = HAL_UNLOCKED;
 188:Drivers/STM32F3xx_HAL_Driver/Src/stm32f3xx_hal_dma.c **** 
 189:Drivers/STM32F3xx_HAL_Driver/Src/stm32f3xx_hal_dma.c ****   return HAL_OK;
 190:Drivers/STM32F3xx_HAL_Driver/Src/stm32f3xx_hal_dma.c **** }
 191:Drivers/STM32F3xx_HAL_Driver/Src/stm32f3xx_hal_dma.c **** 
 192:Drivers/STM32F3xx_HAL_Driver/Src/stm32f3xx_hal_dma.c **** /**
 193:Drivers/STM32F3xx_HAL_Driver/Src/stm32f3xx_hal_dma.c ****   * @brief  DeInitialize the DMA peripheral
 194:Drivers/STM32F3xx_HAL_Driver/Src/stm32f3xx_hal_dma.c ****   * @param  hdma pointer to a DMA_HandleTypeDef structure that contains
 195:Drivers/STM32F3xx_HAL_Driver/Src/stm32f3xx_hal_dma.c ****   *               the configuration information for the specified DMA Channel.
 196:Drivers/STM32F3xx_HAL_Driver/Src/stm32f3xx_hal_dma.c ****   * @retval HAL status
 197:Drivers/STM32F3xx_HAL_Driver/Src/stm32f3xx_hal_dma.c ****   */
 198:Drivers/STM32F3xx_HAL_Driver/Src/stm32f3xx_hal_dma.c **** HAL_StatusTypeDef HAL_DMA_DeInit(DMA_HandleTypeDef *hdma)
 199:Drivers/STM32F3xx_HAL_Driver/Src/stm32f3xx_hal_dma.c **** {
 200:Drivers/STM32F3xx_HAL_Driver/Src/stm32f3xx_hal_dma.c ****   /* Check the DMA handle allocation */
 201:Drivers/STM32F3xx_HAL_Driver/Src/stm32f3xx_hal_dma.c ****   if(NULL == hdma)
ARM GAS  /tmp/cctQcci2.s 			page 5


 202:Drivers/STM32F3xx_HAL_Driver/Src/stm32f3xx_hal_dma.c ****   {
 203:Drivers/STM32F3xx_HAL_Driver/Src/stm32f3xx_hal_dma.c ****     return HAL_ERROR;
 204:Drivers/STM32F3xx_HAL_Driver/Src/stm32f3xx_hal_dma.c ****   }
 205:Drivers/STM32F3xx_HAL_Driver/Src/stm32f3xx_hal_dma.c **** 
 206:Drivers/STM32F3xx_HAL_Driver/Src/stm32f3xx_hal_dma.c ****   /* Check the parameters */
 207:Drivers/STM32F3xx_HAL_Driver/Src/stm32f3xx_hal_dma.c ****   assert_param(IS_DMA_ALL_INSTANCE(hdma->Instance));
 208:Drivers/STM32F3xx_HAL_Driver/Src/stm32f3xx_hal_dma.c **** 
 209:Drivers/STM32F3xx_HAL_Driver/Src/stm32f3xx_hal_dma.c ****   /* Disable the selected DMA Channelx */
 210:Drivers/STM32F3xx_HAL_Driver/Src/stm32f3xx_hal_dma.c ****   hdma->Instance->CCR &= ~DMA_CCR_EN;
 211:Drivers/STM32F3xx_HAL_Driver/Src/stm32f3xx_hal_dma.c **** 
 212:Drivers/STM32F3xx_HAL_Driver/Src/stm32f3xx_hal_dma.c ****   /* Reset DMA Channel control register */
 213:Drivers/STM32F3xx_HAL_Driver/Src/stm32f3xx_hal_dma.c ****   hdma->Instance->CCR  = 0U;
 214:Drivers/STM32F3xx_HAL_Driver/Src/stm32f3xx_hal_dma.c **** 
 215:Drivers/STM32F3xx_HAL_Driver/Src/stm32f3xx_hal_dma.c ****   /* Reset DMA Channel Number of Data to Transfer register */
 216:Drivers/STM32F3xx_HAL_Driver/Src/stm32f3xx_hal_dma.c ****   hdma->Instance->CNDTR = 0U;
 217:Drivers/STM32F3xx_HAL_Driver/Src/stm32f3xx_hal_dma.c **** 
 218:Drivers/STM32F3xx_HAL_Driver/Src/stm32f3xx_hal_dma.c ****   /* Reset DMA Channel peripheral address register */
 219:Drivers/STM32F3xx_HAL_Driver/Src/stm32f3xx_hal_dma.c ****   hdma->Instance->CPAR  = 0U;
 220:Drivers/STM32F3xx_HAL_Driver/Src/stm32f3xx_hal_dma.c **** 
 221:Drivers/STM32F3xx_HAL_Driver/Src/stm32f3xx_hal_dma.c ****   /* Reset DMA Channel memory address register */
 222:Drivers/STM32F3xx_HAL_Driver/Src/stm32f3xx_hal_dma.c ****   hdma->Instance->CMAR = 0U;
 223:Drivers/STM32F3xx_HAL_Driver/Src/stm32f3xx_hal_dma.c **** 
 224:Drivers/STM32F3xx_HAL_Driver/Src/stm32f3xx_hal_dma.c ****   /* Get DMA Base Address */
 225:Drivers/STM32F3xx_HAL_Driver/Src/stm32f3xx_hal_dma.c ****   DMA_CalcBaseAndBitshift(hdma);
 226:Drivers/STM32F3xx_HAL_Driver/Src/stm32f3xx_hal_dma.c **** 
 227:Drivers/STM32F3xx_HAL_Driver/Src/stm32f3xx_hal_dma.c ****   /* Clear all flags */
 228:Drivers/STM32F3xx_HAL_Driver/Src/stm32f3xx_hal_dma.c ****   hdma->DmaBaseAddress->IFCR = DMA_FLAG_GL1 << hdma->ChannelIndex;
 229:Drivers/STM32F3xx_HAL_Driver/Src/stm32f3xx_hal_dma.c **** 
 230:Drivers/STM32F3xx_HAL_Driver/Src/stm32f3xx_hal_dma.c ****   /* Clean callbacks */
 231:Drivers/STM32F3xx_HAL_Driver/Src/stm32f3xx_hal_dma.c ****   hdma->XferCpltCallback = NULL;
 232:Drivers/STM32F3xx_HAL_Driver/Src/stm32f3xx_hal_dma.c ****   hdma->XferHalfCpltCallback = NULL;
 233:Drivers/STM32F3xx_HAL_Driver/Src/stm32f3xx_hal_dma.c ****   hdma->XferErrorCallback = NULL;
 234:Drivers/STM32F3xx_HAL_Driver/Src/stm32f3xx_hal_dma.c ****   hdma->XferAbortCallback = NULL;
 235:Drivers/STM32F3xx_HAL_Driver/Src/stm32f3xx_hal_dma.c **** 
 236:Drivers/STM32F3xx_HAL_Driver/Src/stm32f3xx_hal_dma.c ****   /* Reset the error code */
 237:Drivers/STM32F3xx_HAL_Driver/Src/stm32f3xx_hal_dma.c ****   hdma->ErrorCode = HAL_DMA_ERROR_NONE;
 238:Drivers/STM32F3xx_HAL_Driver/Src/stm32f3xx_hal_dma.c **** 
 239:Drivers/STM32F3xx_HAL_Driver/Src/stm32f3xx_hal_dma.c ****   /* Reset the DMA state */
 240:Drivers/STM32F3xx_HAL_Driver/Src/stm32f3xx_hal_dma.c ****   hdma->State = HAL_DMA_STATE_RESET;
 241:Drivers/STM32F3xx_HAL_Driver/Src/stm32f3xx_hal_dma.c **** 
 242:Drivers/STM32F3xx_HAL_Driver/Src/stm32f3xx_hal_dma.c ****   /* Release Lock */
 243:Drivers/STM32F3xx_HAL_Driver/Src/stm32f3xx_hal_dma.c ****   __HAL_UNLOCK(hdma);
 244:Drivers/STM32F3xx_HAL_Driver/Src/stm32f3xx_hal_dma.c **** 
 245:Drivers/STM32F3xx_HAL_Driver/Src/stm32f3xx_hal_dma.c ****   return HAL_OK;
 246:Drivers/STM32F3xx_HAL_Driver/Src/stm32f3xx_hal_dma.c **** }
 247:Drivers/STM32F3xx_HAL_Driver/Src/stm32f3xx_hal_dma.c **** 
 248:Drivers/STM32F3xx_HAL_Driver/Src/stm32f3xx_hal_dma.c **** /**
 249:Drivers/STM32F3xx_HAL_Driver/Src/stm32f3xx_hal_dma.c ****   * @}
 250:Drivers/STM32F3xx_HAL_Driver/Src/stm32f3xx_hal_dma.c ****   */
 251:Drivers/STM32F3xx_HAL_Driver/Src/stm32f3xx_hal_dma.c **** 
 252:Drivers/STM32F3xx_HAL_Driver/Src/stm32f3xx_hal_dma.c **** /** @defgroup DMA_Exported_Functions_Group2 Input and Output operation functions
 253:Drivers/STM32F3xx_HAL_Driver/Src/stm32f3xx_hal_dma.c ****  *  @brief   I/O operation functions
 254:Drivers/STM32F3xx_HAL_Driver/Src/stm32f3xx_hal_dma.c ****  *
 255:Drivers/STM32F3xx_HAL_Driver/Src/stm32f3xx_hal_dma.c **** @verbatim
 256:Drivers/STM32F3xx_HAL_Driver/Src/stm32f3xx_hal_dma.c ****  ===============================================================================
 257:Drivers/STM32F3xx_HAL_Driver/Src/stm32f3xx_hal_dma.c ****                       #####  IO operation functions  #####
 258:Drivers/STM32F3xx_HAL_Driver/Src/stm32f3xx_hal_dma.c ****  ===============================================================================
ARM GAS  /tmp/cctQcci2.s 			page 6


 259:Drivers/STM32F3xx_HAL_Driver/Src/stm32f3xx_hal_dma.c ****     [..]  This section provides functions allowing to:
 260:Drivers/STM32F3xx_HAL_Driver/Src/stm32f3xx_hal_dma.c ****       (+) Configure the source, destination address and data length and Start DMA transfer
 261:Drivers/STM32F3xx_HAL_Driver/Src/stm32f3xx_hal_dma.c ****       (+) Configure the source, destination address and data length and
 262:Drivers/STM32F3xx_HAL_Driver/Src/stm32f3xx_hal_dma.c ****           Start DMA transfer with interrupt
 263:Drivers/STM32F3xx_HAL_Driver/Src/stm32f3xx_hal_dma.c ****       (+) Abort DMA transfer
 264:Drivers/STM32F3xx_HAL_Driver/Src/stm32f3xx_hal_dma.c ****       (+) Poll for transfer complete
 265:Drivers/STM32F3xx_HAL_Driver/Src/stm32f3xx_hal_dma.c ****       (+) Handle DMA interrupt request
 266:Drivers/STM32F3xx_HAL_Driver/Src/stm32f3xx_hal_dma.c **** 
 267:Drivers/STM32F3xx_HAL_Driver/Src/stm32f3xx_hal_dma.c **** @endverbatim
 268:Drivers/STM32F3xx_HAL_Driver/Src/stm32f3xx_hal_dma.c ****   * @{
 269:Drivers/STM32F3xx_HAL_Driver/Src/stm32f3xx_hal_dma.c ****   */
 270:Drivers/STM32F3xx_HAL_Driver/Src/stm32f3xx_hal_dma.c **** 
 271:Drivers/STM32F3xx_HAL_Driver/Src/stm32f3xx_hal_dma.c **** /**
 272:Drivers/STM32F3xx_HAL_Driver/Src/stm32f3xx_hal_dma.c ****   * @brief  Start the DMA Transfer.
 273:Drivers/STM32F3xx_HAL_Driver/Src/stm32f3xx_hal_dma.c ****   * @param  hdma      : pointer to a DMA_HandleTypeDef structure that contains
 274:Drivers/STM32F3xx_HAL_Driver/Src/stm32f3xx_hal_dma.c ****   *                     the configuration information for the specified DMA Channel.
 275:Drivers/STM32F3xx_HAL_Driver/Src/stm32f3xx_hal_dma.c ****   * @param  SrcAddress The source memory Buffer address
 276:Drivers/STM32F3xx_HAL_Driver/Src/stm32f3xx_hal_dma.c ****   * @param  DstAddress The destination memory Buffer address
 277:Drivers/STM32F3xx_HAL_Driver/Src/stm32f3xx_hal_dma.c ****   * @param  DataLength The length of data to be transferred from source to destination
 278:Drivers/STM32F3xx_HAL_Driver/Src/stm32f3xx_hal_dma.c ****   * @retval HAL status
 279:Drivers/STM32F3xx_HAL_Driver/Src/stm32f3xx_hal_dma.c ****   */
 280:Drivers/STM32F3xx_HAL_Driver/Src/stm32f3xx_hal_dma.c **** HAL_StatusTypeDef HAL_DMA_Start(DMA_HandleTypeDef *hdma, uint32_t SrcAddress, uint32_t DstAddress, 
 281:Drivers/STM32F3xx_HAL_Driver/Src/stm32f3xx_hal_dma.c **** {
 282:Drivers/STM32F3xx_HAL_Driver/Src/stm32f3xx_hal_dma.c ****   HAL_StatusTypeDef status = HAL_OK;
 283:Drivers/STM32F3xx_HAL_Driver/Src/stm32f3xx_hal_dma.c **** 
 284:Drivers/STM32F3xx_HAL_Driver/Src/stm32f3xx_hal_dma.c ****   /* Check the parameters */
 285:Drivers/STM32F3xx_HAL_Driver/Src/stm32f3xx_hal_dma.c ****   assert_param(IS_DMA_BUFFER_SIZE(DataLength));
 286:Drivers/STM32F3xx_HAL_Driver/Src/stm32f3xx_hal_dma.c **** 
 287:Drivers/STM32F3xx_HAL_Driver/Src/stm32f3xx_hal_dma.c ****   /* Process locked */
 288:Drivers/STM32F3xx_HAL_Driver/Src/stm32f3xx_hal_dma.c ****   __HAL_LOCK(hdma);
 289:Drivers/STM32F3xx_HAL_Driver/Src/stm32f3xx_hal_dma.c **** 
 290:Drivers/STM32F3xx_HAL_Driver/Src/stm32f3xx_hal_dma.c ****   if(HAL_DMA_STATE_READY == hdma->State)
 291:Drivers/STM32F3xx_HAL_Driver/Src/stm32f3xx_hal_dma.c ****   {
 292:Drivers/STM32F3xx_HAL_Driver/Src/stm32f3xx_hal_dma.c ****     /* Change DMA peripheral state */
 293:Drivers/STM32F3xx_HAL_Driver/Src/stm32f3xx_hal_dma.c ****     hdma->State = HAL_DMA_STATE_BUSY;
 294:Drivers/STM32F3xx_HAL_Driver/Src/stm32f3xx_hal_dma.c **** 
 295:Drivers/STM32F3xx_HAL_Driver/Src/stm32f3xx_hal_dma.c ****     hdma->ErrorCode = HAL_DMA_ERROR_NONE;
 296:Drivers/STM32F3xx_HAL_Driver/Src/stm32f3xx_hal_dma.c **** 
 297:Drivers/STM32F3xx_HAL_Driver/Src/stm32f3xx_hal_dma.c ****     /* Disable the peripheral */
 298:Drivers/STM32F3xx_HAL_Driver/Src/stm32f3xx_hal_dma.c ****     hdma->Instance->CCR &= ~DMA_CCR_EN;
 299:Drivers/STM32F3xx_HAL_Driver/Src/stm32f3xx_hal_dma.c **** 
 300:Drivers/STM32F3xx_HAL_Driver/Src/stm32f3xx_hal_dma.c ****     /* Configure the source, destination address and the data length */
 301:Drivers/STM32F3xx_HAL_Driver/Src/stm32f3xx_hal_dma.c ****     DMA_SetConfig(hdma, SrcAddress, DstAddress, DataLength);
 302:Drivers/STM32F3xx_HAL_Driver/Src/stm32f3xx_hal_dma.c **** 
 303:Drivers/STM32F3xx_HAL_Driver/Src/stm32f3xx_hal_dma.c ****     /* Enable the Peripheral */
 304:Drivers/STM32F3xx_HAL_Driver/Src/stm32f3xx_hal_dma.c ****     hdma->Instance->CCR |= DMA_CCR_EN;
 305:Drivers/STM32F3xx_HAL_Driver/Src/stm32f3xx_hal_dma.c ****   }
 306:Drivers/STM32F3xx_HAL_Driver/Src/stm32f3xx_hal_dma.c ****   else
 307:Drivers/STM32F3xx_HAL_Driver/Src/stm32f3xx_hal_dma.c ****   {
 308:Drivers/STM32F3xx_HAL_Driver/Src/stm32f3xx_hal_dma.c ****     /* Process Unlocked */
 309:Drivers/STM32F3xx_HAL_Driver/Src/stm32f3xx_hal_dma.c ****     __HAL_UNLOCK(hdma);
 310:Drivers/STM32F3xx_HAL_Driver/Src/stm32f3xx_hal_dma.c **** 
 311:Drivers/STM32F3xx_HAL_Driver/Src/stm32f3xx_hal_dma.c ****     /* Remain BUSY */
 312:Drivers/STM32F3xx_HAL_Driver/Src/stm32f3xx_hal_dma.c ****     status = HAL_BUSY;
 313:Drivers/STM32F3xx_HAL_Driver/Src/stm32f3xx_hal_dma.c ****   }
 314:Drivers/STM32F3xx_HAL_Driver/Src/stm32f3xx_hal_dma.c **** 
 315:Drivers/STM32F3xx_HAL_Driver/Src/stm32f3xx_hal_dma.c ****   return status;
ARM GAS  /tmp/cctQcci2.s 			page 7


 316:Drivers/STM32F3xx_HAL_Driver/Src/stm32f3xx_hal_dma.c **** }
 317:Drivers/STM32F3xx_HAL_Driver/Src/stm32f3xx_hal_dma.c **** 
 318:Drivers/STM32F3xx_HAL_Driver/Src/stm32f3xx_hal_dma.c **** /**
 319:Drivers/STM32F3xx_HAL_Driver/Src/stm32f3xx_hal_dma.c ****   * @brief  Start the DMA Transfer with interrupt enabled.
 320:Drivers/STM32F3xx_HAL_Driver/Src/stm32f3xx_hal_dma.c ****   * @param  hdma       pointer to a DMA_HandleTypeDef structure that contains
 321:Drivers/STM32F3xx_HAL_Driver/Src/stm32f3xx_hal_dma.c ****   *                     the configuration information for the specified DMA Channel.
 322:Drivers/STM32F3xx_HAL_Driver/Src/stm32f3xx_hal_dma.c ****   * @param  SrcAddress The source memory Buffer address
 323:Drivers/STM32F3xx_HAL_Driver/Src/stm32f3xx_hal_dma.c ****   * @param  DstAddress The destination memory Buffer address
 324:Drivers/STM32F3xx_HAL_Driver/Src/stm32f3xx_hal_dma.c ****   * @param  DataLength The length of data to be transferred from source to destination
 325:Drivers/STM32F3xx_HAL_Driver/Src/stm32f3xx_hal_dma.c ****   * @retval HAL status
 326:Drivers/STM32F3xx_HAL_Driver/Src/stm32f3xx_hal_dma.c ****   */
 327:Drivers/STM32F3xx_HAL_Driver/Src/stm32f3xx_hal_dma.c **** HAL_StatusTypeDef HAL_DMA_Start_IT(DMA_HandleTypeDef *hdma, uint32_t SrcAddress, uint32_t DstAddres
 328:Drivers/STM32F3xx_HAL_Driver/Src/stm32f3xx_hal_dma.c **** {
 329:Drivers/STM32F3xx_HAL_Driver/Src/stm32f3xx_hal_dma.c ****   HAL_StatusTypeDef status = HAL_OK;
 330:Drivers/STM32F3xx_HAL_Driver/Src/stm32f3xx_hal_dma.c **** 
 331:Drivers/STM32F3xx_HAL_Driver/Src/stm32f3xx_hal_dma.c ****   /* Check the parameters */
 332:Drivers/STM32F3xx_HAL_Driver/Src/stm32f3xx_hal_dma.c ****   assert_param(IS_DMA_BUFFER_SIZE(DataLength));
 333:Drivers/STM32F3xx_HAL_Driver/Src/stm32f3xx_hal_dma.c **** 
 334:Drivers/STM32F3xx_HAL_Driver/Src/stm32f3xx_hal_dma.c ****   /* Process locked */
 335:Drivers/STM32F3xx_HAL_Driver/Src/stm32f3xx_hal_dma.c ****   __HAL_LOCK(hdma);
 336:Drivers/STM32F3xx_HAL_Driver/Src/stm32f3xx_hal_dma.c **** 
 337:Drivers/STM32F3xx_HAL_Driver/Src/stm32f3xx_hal_dma.c ****   if(HAL_DMA_STATE_READY == hdma->State)
 338:Drivers/STM32F3xx_HAL_Driver/Src/stm32f3xx_hal_dma.c ****   {
 339:Drivers/STM32F3xx_HAL_Driver/Src/stm32f3xx_hal_dma.c ****     /* Change DMA peripheral state */
 340:Drivers/STM32F3xx_HAL_Driver/Src/stm32f3xx_hal_dma.c ****     hdma->State = HAL_DMA_STATE_BUSY;
 341:Drivers/STM32F3xx_HAL_Driver/Src/stm32f3xx_hal_dma.c **** 
 342:Drivers/STM32F3xx_HAL_Driver/Src/stm32f3xx_hal_dma.c ****     hdma->ErrorCode = HAL_DMA_ERROR_NONE;
 343:Drivers/STM32F3xx_HAL_Driver/Src/stm32f3xx_hal_dma.c **** 
 344:Drivers/STM32F3xx_HAL_Driver/Src/stm32f3xx_hal_dma.c ****     /* Disable the peripheral */
 345:Drivers/STM32F3xx_HAL_Driver/Src/stm32f3xx_hal_dma.c ****     hdma->Instance->CCR &= ~DMA_CCR_EN;
 346:Drivers/STM32F3xx_HAL_Driver/Src/stm32f3xx_hal_dma.c **** 
 347:Drivers/STM32F3xx_HAL_Driver/Src/stm32f3xx_hal_dma.c ****     /* Configure the source, destination address and the data length */
 348:Drivers/STM32F3xx_HAL_Driver/Src/stm32f3xx_hal_dma.c ****     DMA_SetConfig(hdma, SrcAddress, DstAddress, DataLength);
 349:Drivers/STM32F3xx_HAL_Driver/Src/stm32f3xx_hal_dma.c **** 
 350:Drivers/STM32F3xx_HAL_Driver/Src/stm32f3xx_hal_dma.c ****     /* Enable the transfer complete, & transfer error interrupts */
 351:Drivers/STM32F3xx_HAL_Driver/Src/stm32f3xx_hal_dma.c ****     /* Half transfer interrupt is optional: enable it only if associated callback is available */
 352:Drivers/STM32F3xx_HAL_Driver/Src/stm32f3xx_hal_dma.c ****     if(NULL != hdma->XferHalfCpltCallback )
 353:Drivers/STM32F3xx_HAL_Driver/Src/stm32f3xx_hal_dma.c ****     {
 354:Drivers/STM32F3xx_HAL_Driver/Src/stm32f3xx_hal_dma.c ****       hdma->Instance->CCR |= (DMA_IT_TC | DMA_IT_HT | DMA_IT_TE);
 355:Drivers/STM32F3xx_HAL_Driver/Src/stm32f3xx_hal_dma.c ****     }
 356:Drivers/STM32F3xx_HAL_Driver/Src/stm32f3xx_hal_dma.c ****     else
 357:Drivers/STM32F3xx_HAL_Driver/Src/stm32f3xx_hal_dma.c ****     {
 358:Drivers/STM32F3xx_HAL_Driver/Src/stm32f3xx_hal_dma.c ****       hdma->Instance->CCR |= (DMA_IT_TC | DMA_IT_TE);
 359:Drivers/STM32F3xx_HAL_Driver/Src/stm32f3xx_hal_dma.c ****       hdma->Instance->CCR &= ~DMA_IT_HT;
 360:Drivers/STM32F3xx_HAL_Driver/Src/stm32f3xx_hal_dma.c ****     }
 361:Drivers/STM32F3xx_HAL_Driver/Src/stm32f3xx_hal_dma.c **** 
 362:Drivers/STM32F3xx_HAL_Driver/Src/stm32f3xx_hal_dma.c ****     /* Enable the Peripheral */
 363:Drivers/STM32F3xx_HAL_Driver/Src/stm32f3xx_hal_dma.c ****     hdma->Instance->CCR |= DMA_CCR_EN;
 364:Drivers/STM32F3xx_HAL_Driver/Src/stm32f3xx_hal_dma.c ****   }
 365:Drivers/STM32F3xx_HAL_Driver/Src/stm32f3xx_hal_dma.c ****   else
 366:Drivers/STM32F3xx_HAL_Driver/Src/stm32f3xx_hal_dma.c ****   {
 367:Drivers/STM32F3xx_HAL_Driver/Src/stm32f3xx_hal_dma.c ****     /* Process Unlocked */
 368:Drivers/STM32F3xx_HAL_Driver/Src/stm32f3xx_hal_dma.c ****     __HAL_UNLOCK(hdma);
 369:Drivers/STM32F3xx_HAL_Driver/Src/stm32f3xx_hal_dma.c **** 
 370:Drivers/STM32F3xx_HAL_Driver/Src/stm32f3xx_hal_dma.c ****     /* Remain BUSY */
 371:Drivers/STM32F3xx_HAL_Driver/Src/stm32f3xx_hal_dma.c ****     status = HAL_BUSY;
 372:Drivers/STM32F3xx_HAL_Driver/Src/stm32f3xx_hal_dma.c ****   }
ARM GAS  /tmp/cctQcci2.s 			page 8


 373:Drivers/STM32F3xx_HAL_Driver/Src/stm32f3xx_hal_dma.c **** 
 374:Drivers/STM32F3xx_HAL_Driver/Src/stm32f3xx_hal_dma.c ****   return status;
 375:Drivers/STM32F3xx_HAL_Driver/Src/stm32f3xx_hal_dma.c **** }
 376:Drivers/STM32F3xx_HAL_Driver/Src/stm32f3xx_hal_dma.c **** 
 377:Drivers/STM32F3xx_HAL_Driver/Src/stm32f3xx_hal_dma.c **** /**
 378:Drivers/STM32F3xx_HAL_Driver/Src/stm32f3xx_hal_dma.c ****   * @brief  Abort the DMA Transfer.
 379:Drivers/STM32F3xx_HAL_Driver/Src/stm32f3xx_hal_dma.c ****   * @param  hdma  : pointer to a DMA_HandleTypeDef structure that contains
 380:Drivers/STM32F3xx_HAL_Driver/Src/stm32f3xx_hal_dma.c ****   *                 the configuration information for the specified DMA Channel.
 381:Drivers/STM32F3xx_HAL_Driver/Src/stm32f3xx_hal_dma.c ****   * @retval HAL status
 382:Drivers/STM32F3xx_HAL_Driver/Src/stm32f3xx_hal_dma.c ****   */
 383:Drivers/STM32F3xx_HAL_Driver/Src/stm32f3xx_hal_dma.c **** HAL_StatusTypeDef HAL_DMA_Abort(DMA_HandleTypeDef *hdma)
 384:Drivers/STM32F3xx_HAL_Driver/Src/stm32f3xx_hal_dma.c **** {
 385:Drivers/STM32F3xx_HAL_Driver/Src/stm32f3xx_hal_dma.c ****   /* Check the DMA handle allocation */
 386:Drivers/STM32F3xx_HAL_Driver/Src/stm32f3xx_hal_dma.c ****   if(NULL == hdma)
 387:Drivers/STM32F3xx_HAL_Driver/Src/stm32f3xx_hal_dma.c ****   {
 388:Drivers/STM32F3xx_HAL_Driver/Src/stm32f3xx_hal_dma.c ****     return HAL_ERROR;
 389:Drivers/STM32F3xx_HAL_Driver/Src/stm32f3xx_hal_dma.c ****   }
 390:Drivers/STM32F3xx_HAL_Driver/Src/stm32f3xx_hal_dma.c **** 
 391:Drivers/STM32F3xx_HAL_Driver/Src/stm32f3xx_hal_dma.c ****   if(hdma->State != HAL_DMA_STATE_BUSY)
 392:Drivers/STM32F3xx_HAL_Driver/Src/stm32f3xx_hal_dma.c ****   {
 393:Drivers/STM32F3xx_HAL_Driver/Src/stm32f3xx_hal_dma.c ****     /* no transfer ongoing */
 394:Drivers/STM32F3xx_HAL_Driver/Src/stm32f3xx_hal_dma.c ****     hdma->ErrorCode = HAL_DMA_ERROR_NO_XFER;
 395:Drivers/STM32F3xx_HAL_Driver/Src/stm32f3xx_hal_dma.c **** 
 396:Drivers/STM32F3xx_HAL_Driver/Src/stm32f3xx_hal_dma.c ****     /* Process Unlocked */
 397:Drivers/STM32F3xx_HAL_Driver/Src/stm32f3xx_hal_dma.c ****     __HAL_UNLOCK(hdma);
 398:Drivers/STM32F3xx_HAL_Driver/Src/stm32f3xx_hal_dma.c **** 
 399:Drivers/STM32F3xx_HAL_Driver/Src/stm32f3xx_hal_dma.c ****     return HAL_ERROR;
 400:Drivers/STM32F3xx_HAL_Driver/Src/stm32f3xx_hal_dma.c ****   }
 401:Drivers/STM32F3xx_HAL_Driver/Src/stm32f3xx_hal_dma.c ****   else
 402:Drivers/STM32F3xx_HAL_Driver/Src/stm32f3xx_hal_dma.c ****   {
 403:Drivers/STM32F3xx_HAL_Driver/Src/stm32f3xx_hal_dma.c ****     /* Disable DMA IT */
 404:Drivers/STM32F3xx_HAL_Driver/Src/stm32f3xx_hal_dma.c ****     hdma->Instance->CCR &= ~(DMA_IT_TC | DMA_IT_HT | DMA_IT_TE);
 405:Drivers/STM32F3xx_HAL_Driver/Src/stm32f3xx_hal_dma.c **** 
 406:Drivers/STM32F3xx_HAL_Driver/Src/stm32f3xx_hal_dma.c ****     /* Disable the channel */
 407:Drivers/STM32F3xx_HAL_Driver/Src/stm32f3xx_hal_dma.c ****     hdma->Instance->CCR &= ~DMA_CCR_EN;
 408:Drivers/STM32F3xx_HAL_Driver/Src/stm32f3xx_hal_dma.c **** 
 409:Drivers/STM32F3xx_HAL_Driver/Src/stm32f3xx_hal_dma.c ****     /* Clear all flags */
 410:Drivers/STM32F3xx_HAL_Driver/Src/stm32f3xx_hal_dma.c ****     hdma->DmaBaseAddress->IFCR = (DMA_FLAG_GL1 << hdma->ChannelIndex);
 411:Drivers/STM32F3xx_HAL_Driver/Src/stm32f3xx_hal_dma.c ****   }
 412:Drivers/STM32F3xx_HAL_Driver/Src/stm32f3xx_hal_dma.c ****   /* Change the DMA state*/
 413:Drivers/STM32F3xx_HAL_Driver/Src/stm32f3xx_hal_dma.c ****   hdma->State = HAL_DMA_STATE_READY;
 414:Drivers/STM32F3xx_HAL_Driver/Src/stm32f3xx_hal_dma.c **** 
 415:Drivers/STM32F3xx_HAL_Driver/Src/stm32f3xx_hal_dma.c ****   /* Process Unlocked */
 416:Drivers/STM32F3xx_HAL_Driver/Src/stm32f3xx_hal_dma.c ****   __HAL_UNLOCK(hdma);
 417:Drivers/STM32F3xx_HAL_Driver/Src/stm32f3xx_hal_dma.c **** 
 418:Drivers/STM32F3xx_HAL_Driver/Src/stm32f3xx_hal_dma.c ****   return HAL_OK;
 419:Drivers/STM32F3xx_HAL_Driver/Src/stm32f3xx_hal_dma.c **** }
 420:Drivers/STM32F3xx_HAL_Driver/Src/stm32f3xx_hal_dma.c **** 
 421:Drivers/STM32F3xx_HAL_Driver/Src/stm32f3xx_hal_dma.c **** /**
 422:Drivers/STM32F3xx_HAL_Driver/Src/stm32f3xx_hal_dma.c ****   * @brief  Abort the DMA Transfer in Interrupt mode.
 423:Drivers/STM32F3xx_HAL_Driver/Src/stm32f3xx_hal_dma.c ****   * @param  hdma  : pointer to a DMA_HandleTypeDef structure that contains
 424:Drivers/STM32F3xx_HAL_Driver/Src/stm32f3xx_hal_dma.c ****   *                 the configuration information for the specified DMA Stream.
 425:Drivers/STM32F3xx_HAL_Driver/Src/stm32f3xx_hal_dma.c ****   * @retval HAL status
 426:Drivers/STM32F3xx_HAL_Driver/Src/stm32f3xx_hal_dma.c ****   */
 427:Drivers/STM32F3xx_HAL_Driver/Src/stm32f3xx_hal_dma.c **** HAL_StatusTypeDef HAL_DMA_Abort_IT(DMA_HandleTypeDef *hdma)
 428:Drivers/STM32F3xx_HAL_Driver/Src/stm32f3xx_hal_dma.c **** {
 429:Drivers/STM32F3xx_HAL_Driver/Src/stm32f3xx_hal_dma.c ****   HAL_StatusTypeDef status = HAL_OK;
ARM GAS  /tmp/cctQcci2.s 			page 9


 430:Drivers/STM32F3xx_HAL_Driver/Src/stm32f3xx_hal_dma.c **** 
 431:Drivers/STM32F3xx_HAL_Driver/Src/stm32f3xx_hal_dma.c ****   if(HAL_DMA_STATE_BUSY != hdma->State)
 432:Drivers/STM32F3xx_HAL_Driver/Src/stm32f3xx_hal_dma.c ****   {
 433:Drivers/STM32F3xx_HAL_Driver/Src/stm32f3xx_hal_dma.c ****     /* no transfer ongoing */
 434:Drivers/STM32F3xx_HAL_Driver/Src/stm32f3xx_hal_dma.c ****     hdma->ErrorCode = HAL_DMA_ERROR_NO_XFER;
 435:Drivers/STM32F3xx_HAL_Driver/Src/stm32f3xx_hal_dma.c **** 
 436:Drivers/STM32F3xx_HAL_Driver/Src/stm32f3xx_hal_dma.c ****     status = HAL_ERROR;
 437:Drivers/STM32F3xx_HAL_Driver/Src/stm32f3xx_hal_dma.c ****   }
 438:Drivers/STM32F3xx_HAL_Driver/Src/stm32f3xx_hal_dma.c ****   else
 439:Drivers/STM32F3xx_HAL_Driver/Src/stm32f3xx_hal_dma.c ****   {
 440:Drivers/STM32F3xx_HAL_Driver/Src/stm32f3xx_hal_dma.c ****     /* Disable DMA IT */
 441:Drivers/STM32F3xx_HAL_Driver/Src/stm32f3xx_hal_dma.c ****     hdma->Instance->CCR &= ~(DMA_IT_TC | DMA_IT_HT | DMA_IT_TE);
 442:Drivers/STM32F3xx_HAL_Driver/Src/stm32f3xx_hal_dma.c **** 
 443:Drivers/STM32F3xx_HAL_Driver/Src/stm32f3xx_hal_dma.c ****     /* Disable the channel */
 444:Drivers/STM32F3xx_HAL_Driver/Src/stm32f3xx_hal_dma.c ****     hdma->Instance->CCR &= ~DMA_CCR_EN;
 445:Drivers/STM32F3xx_HAL_Driver/Src/stm32f3xx_hal_dma.c **** 
 446:Drivers/STM32F3xx_HAL_Driver/Src/stm32f3xx_hal_dma.c ****     /* Clear all flags */
 447:Drivers/STM32F3xx_HAL_Driver/Src/stm32f3xx_hal_dma.c ****     hdma->DmaBaseAddress->IFCR = DMA_FLAG_GL1 << hdma->ChannelIndex;
 448:Drivers/STM32F3xx_HAL_Driver/Src/stm32f3xx_hal_dma.c **** 
 449:Drivers/STM32F3xx_HAL_Driver/Src/stm32f3xx_hal_dma.c ****     /* Change the DMA state */
 450:Drivers/STM32F3xx_HAL_Driver/Src/stm32f3xx_hal_dma.c ****     hdma->State = HAL_DMA_STATE_READY;
 451:Drivers/STM32F3xx_HAL_Driver/Src/stm32f3xx_hal_dma.c **** 
 452:Drivers/STM32F3xx_HAL_Driver/Src/stm32f3xx_hal_dma.c ****     /* Process Unlocked */
 453:Drivers/STM32F3xx_HAL_Driver/Src/stm32f3xx_hal_dma.c ****     __HAL_UNLOCK(hdma);
 454:Drivers/STM32F3xx_HAL_Driver/Src/stm32f3xx_hal_dma.c **** 
 455:Drivers/STM32F3xx_HAL_Driver/Src/stm32f3xx_hal_dma.c ****     /* Call User Abort callback */
 456:Drivers/STM32F3xx_HAL_Driver/Src/stm32f3xx_hal_dma.c ****     if(hdma->XferAbortCallback != NULL)
 457:Drivers/STM32F3xx_HAL_Driver/Src/stm32f3xx_hal_dma.c ****     {
 458:Drivers/STM32F3xx_HAL_Driver/Src/stm32f3xx_hal_dma.c ****       hdma->XferAbortCallback(hdma);
 459:Drivers/STM32F3xx_HAL_Driver/Src/stm32f3xx_hal_dma.c ****     }
 460:Drivers/STM32F3xx_HAL_Driver/Src/stm32f3xx_hal_dma.c ****   }
 461:Drivers/STM32F3xx_HAL_Driver/Src/stm32f3xx_hal_dma.c ****   return status;
 462:Drivers/STM32F3xx_HAL_Driver/Src/stm32f3xx_hal_dma.c **** }
 463:Drivers/STM32F3xx_HAL_Driver/Src/stm32f3xx_hal_dma.c **** 
 464:Drivers/STM32F3xx_HAL_Driver/Src/stm32f3xx_hal_dma.c **** /**
 465:Drivers/STM32F3xx_HAL_Driver/Src/stm32f3xx_hal_dma.c ****   * @brief  Polling for transfer complete.
 466:Drivers/STM32F3xx_HAL_Driver/Src/stm32f3xx_hal_dma.c ****   * @param  hdma    pointer to a DMA_HandleTypeDef structure that contains
 467:Drivers/STM32F3xx_HAL_Driver/Src/stm32f3xx_hal_dma.c ****   *                  the configuration information for the specified DMA Channel.
 468:Drivers/STM32F3xx_HAL_Driver/Src/stm32f3xx_hal_dma.c ****   * @param  CompleteLevel Specifies the DMA level complete.
 469:Drivers/STM32F3xx_HAL_Driver/Src/stm32f3xx_hal_dma.c ****   * @param  Timeout       Timeout duration.
 470:Drivers/STM32F3xx_HAL_Driver/Src/stm32f3xx_hal_dma.c ****   * @retval HAL status
 471:Drivers/STM32F3xx_HAL_Driver/Src/stm32f3xx_hal_dma.c ****   */
 472:Drivers/STM32F3xx_HAL_Driver/Src/stm32f3xx_hal_dma.c **** HAL_StatusTypeDef HAL_DMA_PollForTransfer(DMA_HandleTypeDef *hdma, uint32_t CompleteLevel, uint32_t
 473:Drivers/STM32F3xx_HAL_Driver/Src/stm32f3xx_hal_dma.c **** {
 474:Drivers/STM32F3xx_HAL_Driver/Src/stm32f3xx_hal_dma.c ****   uint32_t temp;
 475:Drivers/STM32F3xx_HAL_Driver/Src/stm32f3xx_hal_dma.c ****   uint32_t tickstart = 0U;
 476:Drivers/STM32F3xx_HAL_Driver/Src/stm32f3xx_hal_dma.c **** 
 477:Drivers/STM32F3xx_HAL_Driver/Src/stm32f3xx_hal_dma.c ****   if(HAL_DMA_STATE_BUSY != hdma->State)
 478:Drivers/STM32F3xx_HAL_Driver/Src/stm32f3xx_hal_dma.c ****   {
 479:Drivers/STM32F3xx_HAL_Driver/Src/stm32f3xx_hal_dma.c ****     /* no transfer ongoing */
 480:Drivers/STM32F3xx_HAL_Driver/Src/stm32f3xx_hal_dma.c ****     hdma->ErrorCode = HAL_DMA_ERROR_NO_XFER;
 481:Drivers/STM32F3xx_HAL_Driver/Src/stm32f3xx_hal_dma.c ****     __HAL_UNLOCK(hdma);
 482:Drivers/STM32F3xx_HAL_Driver/Src/stm32f3xx_hal_dma.c ****     return HAL_ERROR;
 483:Drivers/STM32F3xx_HAL_Driver/Src/stm32f3xx_hal_dma.c ****   }
 484:Drivers/STM32F3xx_HAL_Driver/Src/stm32f3xx_hal_dma.c **** 
 485:Drivers/STM32F3xx_HAL_Driver/Src/stm32f3xx_hal_dma.c ****   /* Polling mode not supported in circular mode */
 486:Drivers/STM32F3xx_HAL_Driver/Src/stm32f3xx_hal_dma.c ****   if (RESET != (hdma->Instance->CCR & DMA_CCR_CIRC))
ARM GAS  /tmp/cctQcci2.s 			page 10


 487:Drivers/STM32F3xx_HAL_Driver/Src/stm32f3xx_hal_dma.c ****   {
 488:Drivers/STM32F3xx_HAL_Driver/Src/stm32f3xx_hal_dma.c ****     hdma->ErrorCode = HAL_DMA_ERROR_NOT_SUPPORTED;
 489:Drivers/STM32F3xx_HAL_Driver/Src/stm32f3xx_hal_dma.c ****     return HAL_ERROR;
 490:Drivers/STM32F3xx_HAL_Driver/Src/stm32f3xx_hal_dma.c ****   }
 491:Drivers/STM32F3xx_HAL_Driver/Src/stm32f3xx_hal_dma.c **** 
 492:Drivers/STM32F3xx_HAL_Driver/Src/stm32f3xx_hal_dma.c ****   /* Get the level transfer complete flag */
 493:Drivers/STM32F3xx_HAL_Driver/Src/stm32f3xx_hal_dma.c ****   if(HAL_DMA_FULL_TRANSFER == CompleteLevel)
 494:Drivers/STM32F3xx_HAL_Driver/Src/stm32f3xx_hal_dma.c ****   {
 495:Drivers/STM32F3xx_HAL_Driver/Src/stm32f3xx_hal_dma.c ****     /* Transfer Complete flag */
 496:Drivers/STM32F3xx_HAL_Driver/Src/stm32f3xx_hal_dma.c ****     temp = DMA_FLAG_TC1 << hdma->ChannelIndex;
 497:Drivers/STM32F3xx_HAL_Driver/Src/stm32f3xx_hal_dma.c ****   }
 498:Drivers/STM32F3xx_HAL_Driver/Src/stm32f3xx_hal_dma.c ****   else
 499:Drivers/STM32F3xx_HAL_Driver/Src/stm32f3xx_hal_dma.c ****   {
 500:Drivers/STM32F3xx_HAL_Driver/Src/stm32f3xx_hal_dma.c ****     /* Half Transfer Complete flag */
 501:Drivers/STM32F3xx_HAL_Driver/Src/stm32f3xx_hal_dma.c ****     temp = DMA_FLAG_HT1 << hdma->ChannelIndex;
 502:Drivers/STM32F3xx_HAL_Driver/Src/stm32f3xx_hal_dma.c ****   }
 503:Drivers/STM32F3xx_HAL_Driver/Src/stm32f3xx_hal_dma.c **** 
 504:Drivers/STM32F3xx_HAL_Driver/Src/stm32f3xx_hal_dma.c ****   /* Get tick */
 505:Drivers/STM32F3xx_HAL_Driver/Src/stm32f3xx_hal_dma.c ****   tickstart = HAL_GetTick();
 506:Drivers/STM32F3xx_HAL_Driver/Src/stm32f3xx_hal_dma.c **** 
 507:Drivers/STM32F3xx_HAL_Driver/Src/stm32f3xx_hal_dma.c ****   while(RESET == (hdma->DmaBaseAddress->ISR & temp))
 508:Drivers/STM32F3xx_HAL_Driver/Src/stm32f3xx_hal_dma.c ****   {
 509:Drivers/STM32F3xx_HAL_Driver/Src/stm32f3xx_hal_dma.c ****     if(RESET != (hdma->DmaBaseAddress->ISR & (DMA_FLAG_TE1 << hdma->ChannelIndex)))
 510:Drivers/STM32F3xx_HAL_Driver/Src/stm32f3xx_hal_dma.c ****     {
 511:Drivers/STM32F3xx_HAL_Driver/Src/stm32f3xx_hal_dma.c ****       /* When a DMA transfer error occurs */
 512:Drivers/STM32F3xx_HAL_Driver/Src/stm32f3xx_hal_dma.c ****       /* A hardware clear of its EN bits is performed */
 513:Drivers/STM32F3xx_HAL_Driver/Src/stm32f3xx_hal_dma.c ****       /* Clear all flags */
 514:Drivers/STM32F3xx_HAL_Driver/Src/stm32f3xx_hal_dma.c ****       hdma->DmaBaseAddress->IFCR = DMA_FLAG_GL1 << hdma->ChannelIndex;
 515:Drivers/STM32F3xx_HAL_Driver/Src/stm32f3xx_hal_dma.c **** 
 516:Drivers/STM32F3xx_HAL_Driver/Src/stm32f3xx_hal_dma.c ****       /* Update error code */
 517:Drivers/STM32F3xx_HAL_Driver/Src/stm32f3xx_hal_dma.c ****       hdma->ErrorCode = HAL_DMA_ERROR_TE;
 518:Drivers/STM32F3xx_HAL_Driver/Src/stm32f3xx_hal_dma.c **** 
 519:Drivers/STM32F3xx_HAL_Driver/Src/stm32f3xx_hal_dma.c ****       /* Change the DMA state */
 520:Drivers/STM32F3xx_HAL_Driver/Src/stm32f3xx_hal_dma.c ****       hdma->State= HAL_DMA_STATE_READY;
 521:Drivers/STM32F3xx_HAL_Driver/Src/stm32f3xx_hal_dma.c **** 
 522:Drivers/STM32F3xx_HAL_Driver/Src/stm32f3xx_hal_dma.c ****       /* Process Unlocked */
 523:Drivers/STM32F3xx_HAL_Driver/Src/stm32f3xx_hal_dma.c ****       __HAL_UNLOCK(hdma);
 524:Drivers/STM32F3xx_HAL_Driver/Src/stm32f3xx_hal_dma.c **** 
 525:Drivers/STM32F3xx_HAL_Driver/Src/stm32f3xx_hal_dma.c ****       return HAL_ERROR;
 526:Drivers/STM32F3xx_HAL_Driver/Src/stm32f3xx_hal_dma.c ****     }
 527:Drivers/STM32F3xx_HAL_Driver/Src/stm32f3xx_hal_dma.c ****     /* Check for the Timeout */
 528:Drivers/STM32F3xx_HAL_Driver/Src/stm32f3xx_hal_dma.c ****     if(Timeout != HAL_MAX_DELAY)
 529:Drivers/STM32F3xx_HAL_Driver/Src/stm32f3xx_hal_dma.c ****     {
 530:Drivers/STM32F3xx_HAL_Driver/Src/stm32f3xx_hal_dma.c ****       if((Timeout == 0U) || ((HAL_GetTick() - tickstart) > Timeout))
 531:Drivers/STM32F3xx_HAL_Driver/Src/stm32f3xx_hal_dma.c ****       {
 532:Drivers/STM32F3xx_HAL_Driver/Src/stm32f3xx_hal_dma.c ****         /* Update error code */
 533:Drivers/STM32F3xx_HAL_Driver/Src/stm32f3xx_hal_dma.c ****         hdma->ErrorCode = HAL_DMA_ERROR_TIMEOUT;
 534:Drivers/STM32F3xx_HAL_Driver/Src/stm32f3xx_hal_dma.c **** 
 535:Drivers/STM32F3xx_HAL_Driver/Src/stm32f3xx_hal_dma.c ****         /* Change the DMA state */
 536:Drivers/STM32F3xx_HAL_Driver/Src/stm32f3xx_hal_dma.c ****         hdma->State = HAL_DMA_STATE_READY;
 537:Drivers/STM32F3xx_HAL_Driver/Src/stm32f3xx_hal_dma.c **** 
 538:Drivers/STM32F3xx_HAL_Driver/Src/stm32f3xx_hal_dma.c ****         /* Process Unlocked */
 539:Drivers/STM32F3xx_HAL_Driver/Src/stm32f3xx_hal_dma.c ****         __HAL_UNLOCK(hdma);
 540:Drivers/STM32F3xx_HAL_Driver/Src/stm32f3xx_hal_dma.c **** 
 541:Drivers/STM32F3xx_HAL_Driver/Src/stm32f3xx_hal_dma.c ****         return HAL_ERROR;
 542:Drivers/STM32F3xx_HAL_Driver/Src/stm32f3xx_hal_dma.c ****       }
 543:Drivers/STM32F3xx_HAL_Driver/Src/stm32f3xx_hal_dma.c ****     }
ARM GAS  /tmp/cctQcci2.s 			page 11


 544:Drivers/STM32F3xx_HAL_Driver/Src/stm32f3xx_hal_dma.c ****   }
 545:Drivers/STM32F3xx_HAL_Driver/Src/stm32f3xx_hal_dma.c **** 
 546:Drivers/STM32F3xx_HAL_Driver/Src/stm32f3xx_hal_dma.c ****   if(HAL_DMA_FULL_TRANSFER == CompleteLevel)
 547:Drivers/STM32F3xx_HAL_Driver/Src/stm32f3xx_hal_dma.c ****   {
 548:Drivers/STM32F3xx_HAL_Driver/Src/stm32f3xx_hal_dma.c ****     /* Clear the transfer complete flag */
 549:Drivers/STM32F3xx_HAL_Driver/Src/stm32f3xx_hal_dma.c ****     hdma->DmaBaseAddress->IFCR = DMA_FLAG_TC1 << hdma->ChannelIndex;
 550:Drivers/STM32F3xx_HAL_Driver/Src/stm32f3xx_hal_dma.c **** 
 551:Drivers/STM32F3xx_HAL_Driver/Src/stm32f3xx_hal_dma.c ****     /* The selected Channelx EN bit is cleared (DMA is disabled and
 552:Drivers/STM32F3xx_HAL_Driver/Src/stm32f3xx_hal_dma.c ****     all transfers are complete) */
 553:Drivers/STM32F3xx_HAL_Driver/Src/stm32f3xx_hal_dma.c ****     hdma->State = HAL_DMA_STATE_READY;
 554:Drivers/STM32F3xx_HAL_Driver/Src/stm32f3xx_hal_dma.c ****   }
 555:Drivers/STM32F3xx_HAL_Driver/Src/stm32f3xx_hal_dma.c ****   else
 556:Drivers/STM32F3xx_HAL_Driver/Src/stm32f3xx_hal_dma.c ****   {
 557:Drivers/STM32F3xx_HAL_Driver/Src/stm32f3xx_hal_dma.c ****     /* Clear the half transfer complete flag */
 558:Drivers/STM32F3xx_HAL_Driver/Src/stm32f3xx_hal_dma.c ****     hdma->DmaBaseAddress->IFCR = DMA_FLAG_HT1 << hdma->ChannelIndex;
 559:Drivers/STM32F3xx_HAL_Driver/Src/stm32f3xx_hal_dma.c ****   }
 560:Drivers/STM32F3xx_HAL_Driver/Src/stm32f3xx_hal_dma.c **** 
 561:Drivers/STM32F3xx_HAL_Driver/Src/stm32f3xx_hal_dma.c ****   /* Process unlocked */
 562:Drivers/STM32F3xx_HAL_Driver/Src/stm32f3xx_hal_dma.c ****   __HAL_UNLOCK(hdma);
 563:Drivers/STM32F3xx_HAL_Driver/Src/stm32f3xx_hal_dma.c **** 
 564:Drivers/STM32F3xx_HAL_Driver/Src/stm32f3xx_hal_dma.c ****   return HAL_OK;
 565:Drivers/STM32F3xx_HAL_Driver/Src/stm32f3xx_hal_dma.c **** }
 566:Drivers/STM32F3xx_HAL_Driver/Src/stm32f3xx_hal_dma.c **** 
 567:Drivers/STM32F3xx_HAL_Driver/Src/stm32f3xx_hal_dma.c **** /**
 568:Drivers/STM32F3xx_HAL_Driver/Src/stm32f3xx_hal_dma.c ****   * @brief  Handle DMA interrupt request.
 569:Drivers/STM32F3xx_HAL_Driver/Src/stm32f3xx_hal_dma.c ****   * @param  hdma pointer to a DMA_HandleTypeDef structure that contains
 570:Drivers/STM32F3xx_HAL_Driver/Src/stm32f3xx_hal_dma.c ****   *               the configuration information for the specified DMA Channel.
 571:Drivers/STM32F3xx_HAL_Driver/Src/stm32f3xx_hal_dma.c ****   * @retval None
 572:Drivers/STM32F3xx_HAL_Driver/Src/stm32f3xx_hal_dma.c ****   */
 573:Drivers/STM32F3xx_HAL_Driver/Src/stm32f3xx_hal_dma.c **** void HAL_DMA_IRQHandler(DMA_HandleTypeDef *hdma)
 574:Drivers/STM32F3xx_HAL_Driver/Src/stm32f3xx_hal_dma.c **** {
 575:Drivers/STM32F3xx_HAL_Driver/Src/stm32f3xx_hal_dma.c ****   uint32_t flag_it = hdma->DmaBaseAddress->ISR;
 576:Drivers/STM32F3xx_HAL_Driver/Src/stm32f3xx_hal_dma.c ****   uint32_t source_it = hdma->Instance->CCR;
 577:Drivers/STM32F3xx_HAL_Driver/Src/stm32f3xx_hal_dma.c **** 
 578:Drivers/STM32F3xx_HAL_Driver/Src/stm32f3xx_hal_dma.c ****   /* Half Transfer Complete Interrupt management ******************************/
 579:Drivers/STM32F3xx_HAL_Driver/Src/stm32f3xx_hal_dma.c ****   if ((RESET != (flag_it & (DMA_FLAG_HT1 << hdma->ChannelIndex))) && (RESET != (source_it & DMA_IT_
 580:Drivers/STM32F3xx_HAL_Driver/Src/stm32f3xx_hal_dma.c ****   {
 581:Drivers/STM32F3xx_HAL_Driver/Src/stm32f3xx_hal_dma.c ****     /* Disable the half transfer interrupt if the DMA mode is not CIRCULAR */
 582:Drivers/STM32F3xx_HAL_Driver/Src/stm32f3xx_hal_dma.c ****     if((hdma->Instance->CCR & DMA_CCR_CIRC) == 0U)
 583:Drivers/STM32F3xx_HAL_Driver/Src/stm32f3xx_hal_dma.c ****     {
 584:Drivers/STM32F3xx_HAL_Driver/Src/stm32f3xx_hal_dma.c ****       /* Disable the half transfer interrupt */
 585:Drivers/STM32F3xx_HAL_Driver/Src/stm32f3xx_hal_dma.c ****       hdma->Instance->CCR &= ~DMA_IT_HT;
 586:Drivers/STM32F3xx_HAL_Driver/Src/stm32f3xx_hal_dma.c ****     }
 587:Drivers/STM32F3xx_HAL_Driver/Src/stm32f3xx_hal_dma.c **** 
 588:Drivers/STM32F3xx_HAL_Driver/Src/stm32f3xx_hal_dma.c ****     /* Clear the half transfer complete flag */
 589:Drivers/STM32F3xx_HAL_Driver/Src/stm32f3xx_hal_dma.c ****     hdma->DmaBaseAddress->IFCR = DMA_FLAG_HT1 << hdma->ChannelIndex;
 590:Drivers/STM32F3xx_HAL_Driver/Src/stm32f3xx_hal_dma.c **** 
 591:Drivers/STM32F3xx_HAL_Driver/Src/stm32f3xx_hal_dma.c ****     /* DMA peripheral state is not updated in Half Transfer */
 592:Drivers/STM32F3xx_HAL_Driver/Src/stm32f3xx_hal_dma.c ****     /* State is updated only in Transfer Complete case */
 593:Drivers/STM32F3xx_HAL_Driver/Src/stm32f3xx_hal_dma.c **** 
 594:Drivers/STM32F3xx_HAL_Driver/Src/stm32f3xx_hal_dma.c ****     if(hdma->XferHalfCpltCallback != NULL)
 595:Drivers/STM32F3xx_HAL_Driver/Src/stm32f3xx_hal_dma.c ****     {
 596:Drivers/STM32F3xx_HAL_Driver/Src/stm32f3xx_hal_dma.c ****       /* Half transfer callback */
 597:Drivers/STM32F3xx_HAL_Driver/Src/stm32f3xx_hal_dma.c ****       hdma->XferHalfCpltCallback(hdma);
 598:Drivers/STM32F3xx_HAL_Driver/Src/stm32f3xx_hal_dma.c ****     }
 599:Drivers/STM32F3xx_HAL_Driver/Src/stm32f3xx_hal_dma.c ****   }
 600:Drivers/STM32F3xx_HAL_Driver/Src/stm32f3xx_hal_dma.c **** 
ARM GAS  /tmp/cctQcci2.s 			page 12


 601:Drivers/STM32F3xx_HAL_Driver/Src/stm32f3xx_hal_dma.c ****   /* Transfer Complete Interrupt management ***********************************/
 602:Drivers/STM32F3xx_HAL_Driver/Src/stm32f3xx_hal_dma.c ****   else if ((RESET != (flag_it & (DMA_FLAG_TC1 << hdma->ChannelIndex))) && (RESET != (source_it & DM
 603:Drivers/STM32F3xx_HAL_Driver/Src/stm32f3xx_hal_dma.c ****   {
 604:Drivers/STM32F3xx_HAL_Driver/Src/stm32f3xx_hal_dma.c ****     if((hdma->Instance->CCR & DMA_CCR_CIRC) == 0U)
 605:Drivers/STM32F3xx_HAL_Driver/Src/stm32f3xx_hal_dma.c ****     {
 606:Drivers/STM32F3xx_HAL_Driver/Src/stm32f3xx_hal_dma.c ****       /* Disable the transfer complete  & transfer error interrupts */
 607:Drivers/STM32F3xx_HAL_Driver/Src/stm32f3xx_hal_dma.c ****       /* if the DMA mode is not CIRCULAR */
 608:Drivers/STM32F3xx_HAL_Driver/Src/stm32f3xx_hal_dma.c ****       hdma->Instance->CCR &= ~(DMA_IT_TC | DMA_IT_TE);
 609:Drivers/STM32F3xx_HAL_Driver/Src/stm32f3xx_hal_dma.c **** 
 610:Drivers/STM32F3xx_HAL_Driver/Src/stm32f3xx_hal_dma.c ****       /* Change the DMA state */
 611:Drivers/STM32F3xx_HAL_Driver/Src/stm32f3xx_hal_dma.c ****       hdma->State = HAL_DMA_STATE_READY;
 612:Drivers/STM32F3xx_HAL_Driver/Src/stm32f3xx_hal_dma.c ****     }
 613:Drivers/STM32F3xx_HAL_Driver/Src/stm32f3xx_hal_dma.c **** 
 614:Drivers/STM32F3xx_HAL_Driver/Src/stm32f3xx_hal_dma.c ****     /* Clear the transfer complete flag */
 615:Drivers/STM32F3xx_HAL_Driver/Src/stm32f3xx_hal_dma.c ****     hdma->DmaBaseAddress->IFCR = DMA_FLAG_TC1 << hdma->ChannelIndex;
 616:Drivers/STM32F3xx_HAL_Driver/Src/stm32f3xx_hal_dma.c **** 
 617:Drivers/STM32F3xx_HAL_Driver/Src/stm32f3xx_hal_dma.c ****     /* Process Unlocked */
 618:Drivers/STM32F3xx_HAL_Driver/Src/stm32f3xx_hal_dma.c ****     __HAL_UNLOCK(hdma);
 619:Drivers/STM32F3xx_HAL_Driver/Src/stm32f3xx_hal_dma.c **** 
 620:Drivers/STM32F3xx_HAL_Driver/Src/stm32f3xx_hal_dma.c ****     if(hdma->XferCpltCallback != NULL)
 621:Drivers/STM32F3xx_HAL_Driver/Src/stm32f3xx_hal_dma.c ****     {
 622:Drivers/STM32F3xx_HAL_Driver/Src/stm32f3xx_hal_dma.c ****       /* Transfer complete callback */
 623:Drivers/STM32F3xx_HAL_Driver/Src/stm32f3xx_hal_dma.c ****       hdma->XferCpltCallback(hdma);
 624:Drivers/STM32F3xx_HAL_Driver/Src/stm32f3xx_hal_dma.c ****     }
 625:Drivers/STM32F3xx_HAL_Driver/Src/stm32f3xx_hal_dma.c ****   }
 626:Drivers/STM32F3xx_HAL_Driver/Src/stm32f3xx_hal_dma.c **** 
 627:Drivers/STM32F3xx_HAL_Driver/Src/stm32f3xx_hal_dma.c ****   /* Transfer Error Interrupt management ***************************************/
 628:Drivers/STM32F3xx_HAL_Driver/Src/stm32f3xx_hal_dma.c ****   else if (( RESET != (flag_it & (DMA_FLAG_TE1 << hdma->ChannelIndex))) && (RESET != (source_it & D
 629:Drivers/STM32F3xx_HAL_Driver/Src/stm32f3xx_hal_dma.c ****   {
 630:Drivers/STM32F3xx_HAL_Driver/Src/stm32f3xx_hal_dma.c ****     /* When a DMA transfer error occurs */
 631:Drivers/STM32F3xx_HAL_Driver/Src/stm32f3xx_hal_dma.c ****     /* A hardware clear of its EN bits is performed */
 632:Drivers/STM32F3xx_HAL_Driver/Src/stm32f3xx_hal_dma.c ****     /* Then, disable all DMA interrupts */
 633:Drivers/STM32F3xx_HAL_Driver/Src/stm32f3xx_hal_dma.c ****     hdma->Instance->CCR &= ~(DMA_IT_TC | DMA_IT_HT | DMA_IT_TE);
 634:Drivers/STM32F3xx_HAL_Driver/Src/stm32f3xx_hal_dma.c **** 
 635:Drivers/STM32F3xx_HAL_Driver/Src/stm32f3xx_hal_dma.c ****     /* Clear all flags */
 636:Drivers/STM32F3xx_HAL_Driver/Src/stm32f3xx_hal_dma.c ****     hdma->DmaBaseAddress->IFCR = DMA_FLAG_GL1 << hdma->ChannelIndex;
 637:Drivers/STM32F3xx_HAL_Driver/Src/stm32f3xx_hal_dma.c **** 
 638:Drivers/STM32F3xx_HAL_Driver/Src/stm32f3xx_hal_dma.c ****     /* Update error code */
 639:Drivers/STM32F3xx_HAL_Driver/Src/stm32f3xx_hal_dma.c ****     hdma->ErrorCode = HAL_DMA_ERROR_TE;
 640:Drivers/STM32F3xx_HAL_Driver/Src/stm32f3xx_hal_dma.c **** 
 641:Drivers/STM32F3xx_HAL_Driver/Src/stm32f3xx_hal_dma.c ****     /* Change the DMA state */
 642:Drivers/STM32F3xx_HAL_Driver/Src/stm32f3xx_hal_dma.c ****     hdma->State = HAL_DMA_STATE_READY;
 643:Drivers/STM32F3xx_HAL_Driver/Src/stm32f3xx_hal_dma.c **** 
 644:Drivers/STM32F3xx_HAL_Driver/Src/stm32f3xx_hal_dma.c ****     /* Process Unlocked */
 645:Drivers/STM32F3xx_HAL_Driver/Src/stm32f3xx_hal_dma.c ****     __HAL_UNLOCK(hdma);
 646:Drivers/STM32F3xx_HAL_Driver/Src/stm32f3xx_hal_dma.c **** 
 647:Drivers/STM32F3xx_HAL_Driver/Src/stm32f3xx_hal_dma.c ****     if(hdma->XferErrorCallback != NULL)
 648:Drivers/STM32F3xx_HAL_Driver/Src/stm32f3xx_hal_dma.c ****     {
 649:Drivers/STM32F3xx_HAL_Driver/Src/stm32f3xx_hal_dma.c ****       /* Transfer error callback */
 650:Drivers/STM32F3xx_HAL_Driver/Src/stm32f3xx_hal_dma.c ****       hdma->XferErrorCallback(hdma);
 651:Drivers/STM32F3xx_HAL_Driver/Src/stm32f3xx_hal_dma.c ****     }
 652:Drivers/STM32F3xx_HAL_Driver/Src/stm32f3xx_hal_dma.c ****   }
 653:Drivers/STM32F3xx_HAL_Driver/Src/stm32f3xx_hal_dma.c **** }
 654:Drivers/STM32F3xx_HAL_Driver/Src/stm32f3xx_hal_dma.c **** 
 655:Drivers/STM32F3xx_HAL_Driver/Src/stm32f3xx_hal_dma.c **** /**
 656:Drivers/STM32F3xx_HAL_Driver/Src/stm32f3xx_hal_dma.c ****   * @brief  Register callbacks
 657:Drivers/STM32F3xx_HAL_Driver/Src/stm32f3xx_hal_dma.c ****   * @param  hdma                 pointer to a DMA_HandleTypeDef structure that contains
ARM GAS  /tmp/cctQcci2.s 			page 13


 658:Drivers/STM32F3xx_HAL_Driver/Src/stm32f3xx_hal_dma.c ****   *                               the configuration information for the specified DMA Stream.
 659:Drivers/STM32F3xx_HAL_Driver/Src/stm32f3xx_hal_dma.c ****   * @param  CallbackID           User Callback identifier
 660:Drivers/STM32F3xx_HAL_Driver/Src/stm32f3xx_hal_dma.c ****   *                               a HAL_DMA_CallbackIDTypeDef ENUM as parameter.
 661:Drivers/STM32F3xx_HAL_Driver/Src/stm32f3xx_hal_dma.c ****   * @param  pCallback            pointer to private callback function which has pointer to
 662:Drivers/STM32F3xx_HAL_Driver/Src/stm32f3xx_hal_dma.c ****   *                               a DMA_HandleTypeDef structure as parameter.
 663:Drivers/STM32F3xx_HAL_Driver/Src/stm32f3xx_hal_dma.c ****   * @retval HAL status
 664:Drivers/STM32F3xx_HAL_Driver/Src/stm32f3xx_hal_dma.c ****   */
 665:Drivers/STM32F3xx_HAL_Driver/Src/stm32f3xx_hal_dma.c **** HAL_StatusTypeDef HAL_DMA_RegisterCallback(DMA_HandleTypeDef *hdma, HAL_DMA_CallbackIDTypeDef Callb
 666:Drivers/STM32F3xx_HAL_Driver/Src/stm32f3xx_hal_dma.c **** {
 667:Drivers/STM32F3xx_HAL_Driver/Src/stm32f3xx_hal_dma.c ****   HAL_StatusTypeDef status = HAL_OK;
 668:Drivers/STM32F3xx_HAL_Driver/Src/stm32f3xx_hal_dma.c **** 
 669:Drivers/STM32F3xx_HAL_Driver/Src/stm32f3xx_hal_dma.c ****   /* Process locked */
 670:Drivers/STM32F3xx_HAL_Driver/Src/stm32f3xx_hal_dma.c ****   __HAL_LOCK(hdma);
 671:Drivers/STM32F3xx_HAL_Driver/Src/stm32f3xx_hal_dma.c **** 
 672:Drivers/STM32F3xx_HAL_Driver/Src/stm32f3xx_hal_dma.c ****   if(HAL_DMA_STATE_READY == hdma->State)
 673:Drivers/STM32F3xx_HAL_Driver/Src/stm32f3xx_hal_dma.c ****   {
 674:Drivers/STM32F3xx_HAL_Driver/Src/stm32f3xx_hal_dma.c ****     switch (CallbackID)
 675:Drivers/STM32F3xx_HAL_Driver/Src/stm32f3xx_hal_dma.c ****     {
 676:Drivers/STM32F3xx_HAL_Driver/Src/stm32f3xx_hal_dma.c ****      case  HAL_DMA_XFER_CPLT_CB_ID:
 677:Drivers/STM32F3xx_HAL_Driver/Src/stm32f3xx_hal_dma.c ****            hdma->XferCpltCallback = pCallback;
 678:Drivers/STM32F3xx_HAL_Driver/Src/stm32f3xx_hal_dma.c ****            break;
 679:Drivers/STM32F3xx_HAL_Driver/Src/stm32f3xx_hal_dma.c **** 
 680:Drivers/STM32F3xx_HAL_Driver/Src/stm32f3xx_hal_dma.c ****      case  HAL_DMA_XFER_HALFCPLT_CB_ID:
 681:Drivers/STM32F3xx_HAL_Driver/Src/stm32f3xx_hal_dma.c ****            hdma->XferHalfCpltCallback = pCallback;
 682:Drivers/STM32F3xx_HAL_Driver/Src/stm32f3xx_hal_dma.c ****            break;
 683:Drivers/STM32F3xx_HAL_Driver/Src/stm32f3xx_hal_dma.c **** 
 684:Drivers/STM32F3xx_HAL_Driver/Src/stm32f3xx_hal_dma.c ****      case  HAL_DMA_XFER_ERROR_CB_ID:
 685:Drivers/STM32F3xx_HAL_Driver/Src/stm32f3xx_hal_dma.c ****            hdma->XferErrorCallback = pCallback;
 686:Drivers/STM32F3xx_HAL_Driver/Src/stm32f3xx_hal_dma.c ****            break;
 687:Drivers/STM32F3xx_HAL_Driver/Src/stm32f3xx_hal_dma.c **** 
 688:Drivers/STM32F3xx_HAL_Driver/Src/stm32f3xx_hal_dma.c ****      case  HAL_DMA_XFER_ABORT_CB_ID:
 689:Drivers/STM32F3xx_HAL_Driver/Src/stm32f3xx_hal_dma.c ****            hdma->XferAbortCallback = pCallback;
 690:Drivers/STM32F3xx_HAL_Driver/Src/stm32f3xx_hal_dma.c ****            break;
 691:Drivers/STM32F3xx_HAL_Driver/Src/stm32f3xx_hal_dma.c **** 
 692:Drivers/STM32F3xx_HAL_Driver/Src/stm32f3xx_hal_dma.c ****      default:
 693:Drivers/STM32F3xx_HAL_Driver/Src/stm32f3xx_hal_dma.c ****            status = HAL_ERROR;
 694:Drivers/STM32F3xx_HAL_Driver/Src/stm32f3xx_hal_dma.c ****            break;
 695:Drivers/STM32F3xx_HAL_Driver/Src/stm32f3xx_hal_dma.c ****     }
 696:Drivers/STM32F3xx_HAL_Driver/Src/stm32f3xx_hal_dma.c ****   }
 697:Drivers/STM32F3xx_HAL_Driver/Src/stm32f3xx_hal_dma.c ****   else
 698:Drivers/STM32F3xx_HAL_Driver/Src/stm32f3xx_hal_dma.c ****   {
 699:Drivers/STM32F3xx_HAL_Driver/Src/stm32f3xx_hal_dma.c ****     status = HAL_ERROR;
 700:Drivers/STM32F3xx_HAL_Driver/Src/stm32f3xx_hal_dma.c ****   }
 701:Drivers/STM32F3xx_HAL_Driver/Src/stm32f3xx_hal_dma.c **** 
 702:Drivers/STM32F3xx_HAL_Driver/Src/stm32f3xx_hal_dma.c ****   /* Release Lock */
 703:Drivers/STM32F3xx_HAL_Driver/Src/stm32f3xx_hal_dma.c ****   __HAL_UNLOCK(hdma);
 704:Drivers/STM32F3xx_HAL_Driver/Src/stm32f3xx_hal_dma.c **** 
 705:Drivers/STM32F3xx_HAL_Driver/Src/stm32f3xx_hal_dma.c ****   return status;
 706:Drivers/STM32F3xx_HAL_Driver/Src/stm32f3xx_hal_dma.c **** }
 707:Drivers/STM32F3xx_HAL_Driver/Src/stm32f3xx_hal_dma.c **** 
 708:Drivers/STM32F3xx_HAL_Driver/Src/stm32f3xx_hal_dma.c **** /**
 709:Drivers/STM32F3xx_HAL_Driver/Src/stm32f3xx_hal_dma.c ****   * @brief  UnRegister callbacks
 710:Drivers/STM32F3xx_HAL_Driver/Src/stm32f3xx_hal_dma.c ****   * @param  hdma                 pointer to a DMA_HandleTypeDef structure that contains
 711:Drivers/STM32F3xx_HAL_Driver/Src/stm32f3xx_hal_dma.c ****   *                               the configuration information for the specified DMA Stream.
 712:Drivers/STM32F3xx_HAL_Driver/Src/stm32f3xx_hal_dma.c ****   * @param  CallbackID           User Callback identifier
 713:Drivers/STM32F3xx_HAL_Driver/Src/stm32f3xx_hal_dma.c ****   *                               a HAL_DMA_CallbackIDTypeDef ENUM as parameter.
 714:Drivers/STM32F3xx_HAL_Driver/Src/stm32f3xx_hal_dma.c ****   * @retval HAL status
ARM GAS  /tmp/cctQcci2.s 			page 14


 715:Drivers/STM32F3xx_HAL_Driver/Src/stm32f3xx_hal_dma.c ****   */
 716:Drivers/STM32F3xx_HAL_Driver/Src/stm32f3xx_hal_dma.c **** HAL_StatusTypeDef HAL_DMA_UnRegisterCallback(DMA_HandleTypeDef *hdma, HAL_DMA_CallbackIDTypeDef Cal
 717:Drivers/STM32F3xx_HAL_Driver/Src/stm32f3xx_hal_dma.c **** {
 718:Drivers/STM32F3xx_HAL_Driver/Src/stm32f3xx_hal_dma.c ****   HAL_StatusTypeDef status = HAL_OK;
 719:Drivers/STM32F3xx_HAL_Driver/Src/stm32f3xx_hal_dma.c **** 
 720:Drivers/STM32F3xx_HAL_Driver/Src/stm32f3xx_hal_dma.c ****   /* Process locked */
 721:Drivers/STM32F3xx_HAL_Driver/Src/stm32f3xx_hal_dma.c ****   __HAL_LOCK(hdma);
 722:Drivers/STM32F3xx_HAL_Driver/Src/stm32f3xx_hal_dma.c **** 
 723:Drivers/STM32F3xx_HAL_Driver/Src/stm32f3xx_hal_dma.c ****   if(HAL_DMA_STATE_READY == hdma->State)
 724:Drivers/STM32F3xx_HAL_Driver/Src/stm32f3xx_hal_dma.c ****   {
 725:Drivers/STM32F3xx_HAL_Driver/Src/stm32f3xx_hal_dma.c ****     switch (CallbackID)
 726:Drivers/STM32F3xx_HAL_Driver/Src/stm32f3xx_hal_dma.c ****     {
 727:Drivers/STM32F3xx_HAL_Driver/Src/stm32f3xx_hal_dma.c ****      case  HAL_DMA_XFER_CPLT_CB_ID:
 728:Drivers/STM32F3xx_HAL_Driver/Src/stm32f3xx_hal_dma.c ****            hdma->XferCpltCallback = NULL;
 729:Drivers/STM32F3xx_HAL_Driver/Src/stm32f3xx_hal_dma.c ****            break;
 730:Drivers/STM32F3xx_HAL_Driver/Src/stm32f3xx_hal_dma.c **** 
 731:Drivers/STM32F3xx_HAL_Driver/Src/stm32f3xx_hal_dma.c ****      case  HAL_DMA_XFER_HALFCPLT_CB_ID:
 732:Drivers/STM32F3xx_HAL_Driver/Src/stm32f3xx_hal_dma.c ****            hdma->XferHalfCpltCallback = NULL;
 733:Drivers/STM32F3xx_HAL_Driver/Src/stm32f3xx_hal_dma.c ****            break;
 734:Drivers/STM32F3xx_HAL_Driver/Src/stm32f3xx_hal_dma.c **** 
 735:Drivers/STM32F3xx_HAL_Driver/Src/stm32f3xx_hal_dma.c ****      case  HAL_DMA_XFER_ERROR_CB_ID:
 736:Drivers/STM32F3xx_HAL_Driver/Src/stm32f3xx_hal_dma.c ****            hdma->XferErrorCallback = NULL;
 737:Drivers/STM32F3xx_HAL_Driver/Src/stm32f3xx_hal_dma.c ****            break;
 738:Drivers/STM32F3xx_HAL_Driver/Src/stm32f3xx_hal_dma.c **** 
 739:Drivers/STM32F3xx_HAL_Driver/Src/stm32f3xx_hal_dma.c ****      case  HAL_DMA_XFER_ABORT_CB_ID:
 740:Drivers/STM32F3xx_HAL_Driver/Src/stm32f3xx_hal_dma.c ****            hdma->XferAbortCallback = NULL;
 741:Drivers/STM32F3xx_HAL_Driver/Src/stm32f3xx_hal_dma.c ****            break;
 742:Drivers/STM32F3xx_HAL_Driver/Src/stm32f3xx_hal_dma.c **** 
 743:Drivers/STM32F3xx_HAL_Driver/Src/stm32f3xx_hal_dma.c ****     case   HAL_DMA_XFER_ALL_CB_ID:
 744:Drivers/STM32F3xx_HAL_Driver/Src/stm32f3xx_hal_dma.c ****            hdma->XferCpltCallback = NULL;
 745:Drivers/STM32F3xx_HAL_Driver/Src/stm32f3xx_hal_dma.c ****            hdma->XferHalfCpltCallback = NULL;
 746:Drivers/STM32F3xx_HAL_Driver/Src/stm32f3xx_hal_dma.c ****            hdma->XferErrorCallback = NULL;
 747:Drivers/STM32F3xx_HAL_Driver/Src/stm32f3xx_hal_dma.c ****            hdma->XferAbortCallback = NULL;
 748:Drivers/STM32F3xx_HAL_Driver/Src/stm32f3xx_hal_dma.c ****            break;
 749:Drivers/STM32F3xx_HAL_Driver/Src/stm32f3xx_hal_dma.c **** 
 750:Drivers/STM32F3xx_HAL_Driver/Src/stm32f3xx_hal_dma.c ****     default:
 751:Drivers/STM32F3xx_HAL_Driver/Src/stm32f3xx_hal_dma.c ****            status = HAL_ERROR;
 752:Drivers/STM32F3xx_HAL_Driver/Src/stm32f3xx_hal_dma.c ****            break;
 753:Drivers/STM32F3xx_HAL_Driver/Src/stm32f3xx_hal_dma.c ****     }
 754:Drivers/STM32F3xx_HAL_Driver/Src/stm32f3xx_hal_dma.c ****   }
 755:Drivers/STM32F3xx_HAL_Driver/Src/stm32f3xx_hal_dma.c ****   else
 756:Drivers/STM32F3xx_HAL_Driver/Src/stm32f3xx_hal_dma.c ****   {
 757:Drivers/STM32F3xx_HAL_Driver/Src/stm32f3xx_hal_dma.c ****     status = HAL_ERROR;
 758:Drivers/STM32F3xx_HAL_Driver/Src/stm32f3xx_hal_dma.c ****   }
 759:Drivers/STM32F3xx_HAL_Driver/Src/stm32f3xx_hal_dma.c **** 
 760:Drivers/STM32F3xx_HAL_Driver/Src/stm32f3xx_hal_dma.c ****   /* Release Lock */
 761:Drivers/STM32F3xx_HAL_Driver/Src/stm32f3xx_hal_dma.c ****   __HAL_UNLOCK(hdma);
 762:Drivers/STM32F3xx_HAL_Driver/Src/stm32f3xx_hal_dma.c **** 
 763:Drivers/STM32F3xx_HAL_Driver/Src/stm32f3xx_hal_dma.c ****   return status;
 764:Drivers/STM32F3xx_HAL_Driver/Src/stm32f3xx_hal_dma.c **** }
 765:Drivers/STM32F3xx_HAL_Driver/Src/stm32f3xx_hal_dma.c **** 
 766:Drivers/STM32F3xx_HAL_Driver/Src/stm32f3xx_hal_dma.c **** /**
 767:Drivers/STM32F3xx_HAL_Driver/Src/stm32f3xx_hal_dma.c ****   * @}
 768:Drivers/STM32F3xx_HAL_Driver/Src/stm32f3xx_hal_dma.c ****   */
 769:Drivers/STM32F3xx_HAL_Driver/Src/stm32f3xx_hal_dma.c **** 
 770:Drivers/STM32F3xx_HAL_Driver/Src/stm32f3xx_hal_dma.c **** /** @defgroup DMA_Exported_Functions_Group3 Peripheral State functions
 771:Drivers/STM32F3xx_HAL_Driver/Src/stm32f3xx_hal_dma.c ****  *  @brief    Peripheral State functions
ARM GAS  /tmp/cctQcci2.s 			page 15


 772:Drivers/STM32F3xx_HAL_Driver/Src/stm32f3xx_hal_dma.c ****  *
 773:Drivers/STM32F3xx_HAL_Driver/Src/stm32f3xx_hal_dma.c **** @verbatim
 774:Drivers/STM32F3xx_HAL_Driver/Src/stm32f3xx_hal_dma.c ****  ===============================================================================
 775:Drivers/STM32F3xx_HAL_Driver/Src/stm32f3xx_hal_dma.c ****                     ##### State and Errors functions #####
 776:Drivers/STM32F3xx_HAL_Driver/Src/stm32f3xx_hal_dma.c ****  ===============================================================================
 777:Drivers/STM32F3xx_HAL_Driver/Src/stm32f3xx_hal_dma.c ****     [..]
 778:Drivers/STM32F3xx_HAL_Driver/Src/stm32f3xx_hal_dma.c ****     This subsection provides functions allowing to
 779:Drivers/STM32F3xx_HAL_Driver/Src/stm32f3xx_hal_dma.c ****       (+) Check the DMA state
 780:Drivers/STM32F3xx_HAL_Driver/Src/stm32f3xx_hal_dma.c ****       (+) Get error code
 781:Drivers/STM32F3xx_HAL_Driver/Src/stm32f3xx_hal_dma.c **** 
 782:Drivers/STM32F3xx_HAL_Driver/Src/stm32f3xx_hal_dma.c **** @endverbatim
 783:Drivers/STM32F3xx_HAL_Driver/Src/stm32f3xx_hal_dma.c ****   * @{
 784:Drivers/STM32F3xx_HAL_Driver/Src/stm32f3xx_hal_dma.c ****   */
 785:Drivers/STM32F3xx_HAL_Driver/Src/stm32f3xx_hal_dma.c **** 
 786:Drivers/STM32F3xx_HAL_Driver/Src/stm32f3xx_hal_dma.c **** /**
 787:Drivers/STM32F3xx_HAL_Driver/Src/stm32f3xx_hal_dma.c ****   * @brief  Returns the DMA state.
 788:Drivers/STM32F3xx_HAL_Driver/Src/stm32f3xx_hal_dma.c ****   * @param  hdma pointer to a DMA_HandleTypeDef structure that contains
 789:Drivers/STM32F3xx_HAL_Driver/Src/stm32f3xx_hal_dma.c ****   *               the configuration information for the specified DMA Channel.
 790:Drivers/STM32F3xx_HAL_Driver/Src/stm32f3xx_hal_dma.c ****   * @retval HAL state
 791:Drivers/STM32F3xx_HAL_Driver/Src/stm32f3xx_hal_dma.c ****   */
 792:Drivers/STM32F3xx_HAL_Driver/Src/stm32f3xx_hal_dma.c **** HAL_DMA_StateTypeDef HAL_DMA_GetState(DMA_HandleTypeDef *hdma)
 793:Drivers/STM32F3xx_HAL_Driver/Src/stm32f3xx_hal_dma.c **** {
 794:Drivers/STM32F3xx_HAL_Driver/Src/stm32f3xx_hal_dma.c ****   return hdma->State;
 795:Drivers/STM32F3xx_HAL_Driver/Src/stm32f3xx_hal_dma.c **** }
 796:Drivers/STM32F3xx_HAL_Driver/Src/stm32f3xx_hal_dma.c **** 
 797:Drivers/STM32F3xx_HAL_Driver/Src/stm32f3xx_hal_dma.c **** /**
 798:Drivers/STM32F3xx_HAL_Driver/Src/stm32f3xx_hal_dma.c ****   * @brief  Return the DMA error code
 799:Drivers/STM32F3xx_HAL_Driver/Src/stm32f3xx_hal_dma.c ****   * @param  hdma pointer to a DMA_HandleTypeDef structure that contains
 800:Drivers/STM32F3xx_HAL_Driver/Src/stm32f3xx_hal_dma.c ****   *              the configuration information for the specified DMA Channel.
 801:Drivers/STM32F3xx_HAL_Driver/Src/stm32f3xx_hal_dma.c ****   * @retval DMA Error Code
 802:Drivers/STM32F3xx_HAL_Driver/Src/stm32f3xx_hal_dma.c ****   */
 803:Drivers/STM32F3xx_HAL_Driver/Src/stm32f3xx_hal_dma.c **** uint32_t HAL_DMA_GetError(DMA_HandleTypeDef *hdma)
 804:Drivers/STM32F3xx_HAL_Driver/Src/stm32f3xx_hal_dma.c **** {
 805:Drivers/STM32F3xx_HAL_Driver/Src/stm32f3xx_hal_dma.c ****   return hdma->ErrorCode;
 806:Drivers/STM32F3xx_HAL_Driver/Src/stm32f3xx_hal_dma.c **** }
 807:Drivers/STM32F3xx_HAL_Driver/Src/stm32f3xx_hal_dma.c **** 
 808:Drivers/STM32F3xx_HAL_Driver/Src/stm32f3xx_hal_dma.c **** /**
 809:Drivers/STM32F3xx_HAL_Driver/Src/stm32f3xx_hal_dma.c ****   * @}
 810:Drivers/STM32F3xx_HAL_Driver/Src/stm32f3xx_hal_dma.c ****   */
 811:Drivers/STM32F3xx_HAL_Driver/Src/stm32f3xx_hal_dma.c **** 
 812:Drivers/STM32F3xx_HAL_Driver/Src/stm32f3xx_hal_dma.c **** /**
 813:Drivers/STM32F3xx_HAL_Driver/Src/stm32f3xx_hal_dma.c ****   * @}
 814:Drivers/STM32F3xx_HAL_Driver/Src/stm32f3xx_hal_dma.c ****   */
 815:Drivers/STM32F3xx_HAL_Driver/Src/stm32f3xx_hal_dma.c **** 
 816:Drivers/STM32F3xx_HAL_Driver/Src/stm32f3xx_hal_dma.c **** /** @addtogroup DMA_Private_Functions
 817:Drivers/STM32F3xx_HAL_Driver/Src/stm32f3xx_hal_dma.c ****   * @{
 818:Drivers/STM32F3xx_HAL_Driver/Src/stm32f3xx_hal_dma.c ****   */
 819:Drivers/STM32F3xx_HAL_Driver/Src/stm32f3xx_hal_dma.c **** 
 820:Drivers/STM32F3xx_HAL_Driver/Src/stm32f3xx_hal_dma.c **** /**
 821:Drivers/STM32F3xx_HAL_Driver/Src/stm32f3xx_hal_dma.c ****   * @brief  Set the DMA Transfer parameters.
 822:Drivers/STM32F3xx_HAL_Driver/Src/stm32f3xx_hal_dma.c ****   * @param  hdma       pointer to a DMA_HandleTypeDef structure that contains
 823:Drivers/STM32F3xx_HAL_Driver/Src/stm32f3xx_hal_dma.c ****   *                     the configuration information for the specified DMA Channel.
 824:Drivers/STM32F3xx_HAL_Driver/Src/stm32f3xx_hal_dma.c ****   * @param  SrcAddress The source memory Buffer address
 825:Drivers/STM32F3xx_HAL_Driver/Src/stm32f3xx_hal_dma.c ****   * @param  DstAddress The destination memory Buffer address
 826:Drivers/STM32F3xx_HAL_Driver/Src/stm32f3xx_hal_dma.c ****   * @param  DataLength The length of data to be transferred from source to destination
 827:Drivers/STM32F3xx_HAL_Driver/Src/stm32f3xx_hal_dma.c ****   * @retval HAL status
 828:Drivers/STM32F3xx_HAL_Driver/Src/stm32f3xx_hal_dma.c ****   */
ARM GAS  /tmp/cctQcci2.s 			page 16


 829:Drivers/STM32F3xx_HAL_Driver/Src/stm32f3xx_hal_dma.c **** static void DMA_SetConfig(DMA_HandleTypeDef *hdma, uint32_t SrcAddress, uint32_t DstAddress, uint32
 830:Drivers/STM32F3xx_HAL_Driver/Src/stm32f3xx_hal_dma.c **** {
  29              		.loc 1 830 1 view -0
  30              		.cfi_startproc
  31              		@ args = 0, pretend = 0, frame = 0
  32              		@ frame_needed = 0, uses_anonymous_args = 0
  33              		@ link register save eliminated.
  34              		.loc 1 830 1 is_stmt 0 view .LVU1
  35 0000 30B4     		push	{r4, r5}
  36              	.LCFI0:
  37              		.cfi_def_cfa_offset 8
  38              		.cfi_offset 4, -8
  39              		.cfi_offset 5, -4
 831:Drivers/STM32F3xx_HAL_Driver/Src/stm32f3xx_hal_dma.c ****   /* Clear all flags */
 832:Drivers/STM32F3xx_HAL_Driver/Src/stm32f3xx_hal_dma.c ****   hdma->DmaBaseAddress->IFCR  = (DMA_FLAG_GL1 << hdma->ChannelIndex);
  40              		.loc 1 832 3 is_stmt 1 view .LVU2
  41              		.loc 1 832 47 is_stmt 0 view .LVU3
  42 0002 0124     		movs	r4, #1
  43 0004 056C     		ldr	r5, [r0, #64]
  44 0006 AC40     		lsls	r4, r4, r5
  45              		.loc 1 832 31 view .LVU4
  46 0008 C56B     		ldr	r5, [r0, #60]
  47 000a 6C60     		str	r4, [r5, #4]
 833:Drivers/STM32F3xx_HAL_Driver/Src/stm32f3xx_hal_dma.c **** 
 834:Drivers/STM32F3xx_HAL_Driver/Src/stm32f3xx_hal_dma.c ****   /* Configure DMA Channel data length */
 835:Drivers/STM32F3xx_HAL_Driver/Src/stm32f3xx_hal_dma.c ****   hdma->Instance->CNDTR = DataLength;
  48              		.loc 1 835 3 is_stmt 1 view .LVU5
  49              		.loc 1 835 7 is_stmt 0 view .LVU6
  50 000c 0468     		ldr	r4, [r0]
  51              		.loc 1 835 25 view .LVU7
  52 000e 6360     		str	r3, [r4, #4]
 836:Drivers/STM32F3xx_HAL_Driver/Src/stm32f3xx_hal_dma.c **** 
 837:Drivers/STM32F3xx_HAL_Driver/Src/stm32f3xx_hal_dma.c ****   /* Peripheral to Memory */
 838:Drivers/STM32F3xx_HAL_Driver/Src/stm32f3xx_hal_dma.c ****   if((hdma->Init.Direction) == DMA_MEMORY_TO_PERIPH)
  53              		.loc 1 838 3 is_stmt 1 view .LVU8
  54              		.loc 1 838 17 is_stmt 0 view .LVU9
  55 0010 4368     		ldr	r3, [r0, #4]
  56              	.LVL1:
  57              		.loc 1 838 5 view .LVU10
  58 0012 102B     		cmp	r3, #16
  59 0014 05D0     		beq	.L5
 839:Drivers/STM32F3xx_HAL_Driver/Src/stm32f3xx_hal_dma.c ****   {
 840:Drivers/STM32F3xx_HAL_Driver/Src/stm32f3xx_hal_dma.c ****     /* Configure DMA Channel destination address */
 841:Drivers/STM32F3xx_HAL_Driver/Src/stm32f3xx_hal_dma.c ****     hdma->Instance->CPAR = DstAddress;
 842:Drivers/STM32F3xx_HAL_Driver/Src/stm32f3xx_hal_dma.c **** 
 843:Drivers/STM32F3xx_HAL_Driver/Src/stm32f3xx_hal_dma.c ****     /* Configure DMA Channel source address */
 844:Drivers/STM32F3xx_HAL_Driver/Src/stm32f3xx_hal_dma.c ****     hdma->Instance->CMAR = SrcAddress;
 845:Drivers/STM32F3xx_HAL_Driver/Src/stm32f3xx_hal_dma.c ****   }
 846:Drivers/STM32F3xx_HAL_Driver/Src/stm32f3xx_hal_dma.c ****   /* Memory to Peripheral */
 847:Drivers/STM32F3xx_HAL_Driver/Src/stm32f3xx_hal_dma.c ****   else
 848:Drivers/STM32F3xx_HAL_Driver/Src/stm32f3xx_hal_dma.c ****   {
 849:Drivers/STM32F3xx_HAL_Driver/Src/stm32f3xx_hal_dma.c ****     /* Configure DMA Channel source address */
 850:Drivers/STM32F3xx_HAL_Driver/Src/stm32f3xx_hal_dma.c ****     hdma->Instance->CPAR = SrcAddress;
  60              		.loc 1 850 5 is_stmt 1 view .LVU11
  61              		.loc 1 850 9 is_stmt 0 view .LVU12
  62 0016 0368     		ldr	r3, [r0]
  63              		.loc 1 850 26 view .LVU13
ARM GAS  /tmp/cctQcci2.s 			page 17


  64 0018 9960     		str	r1, [r3, #8]
  65              	.LVL2:
 851:Drivers/STM32F3xx_HAL_Driver/Src/stm32f3xx_hal_dma.c **** 
 852:Drivers/STM32F3xx_HAL_Driver/Src/stm32f3xx_hal_dma.c ****     /* Configure DMA Channel destination address */
 853:Drivers/STM32F3xx_HAL_Driver/Src/stm32f3xx_hal_dma.c ****     hdma->Instance->CMAR = DstAddress;
  66              		.loc 1 853 5 is_stmt 1 view .LVU14
  67              		.loc 1 853 9 is_stmt 0 view .LVU15
  68 001a 0368     		ldr	r3, [r0]
  69              		.loc 1 853 26 view .LVU16
  70 001c DA60     		str	r2, [r3, #12]
  71              	.L1:
 854:Drivers/STM32F3xx_HAL_Driver/Src/stm32f3xx_hal_dma.c ****   }
 855:Drivers/STM32F3xx_HAL_Driver/Src/stm32f3xx_hal_dma.c **** }
  72              		.loc 1 855 1 view .LVU17
  73 001e 30BC     		pop	{r4, r5}
  74              	.LCFI1:
  75              		.cfi_remember_state
  76              		.cfi_restore 5
  77              		.cfi_restore 4
  78              		.cfi_def_cfa_offset 0
  79 0020 7047     		bx	lr
  80              	.LVL3:
  81              	.L5:
  82              	.LCFI2:
  83              		.cfi_restore_state
 841:Drivers/STM32F3xx_HAL_Driver/Src/stm32f3xx_hal_dma.c **** 
  84              		.loc 1 841 5 is_stmt 1 view .LVU18
 841:Drivers/STM32F3xx_HAL_Driver/Src/stm32f3xx_hal_dma.c **** 
  85              		.loc 1 841 9 is_stmt 0 view .LVU19
  86 0022 0368     		ldr	r3, [r0]
 841:Drivers/STM32F3xx_HAL_Driver/Src/stm32f3xx_hal_dma.c **** 
  87              		.loc 1 841 26 view .LVU20
  88 0024 9A60     		str	r2, [r3, #8]
  89              	.LVL4:
 844:Drivers/STM32F3xx_HAL_Driver/Src/stm32f3xx_hal_dma.c ****   }
  90              		.loc 1 844 5 is_stmt 1 view .LVU21
 844:Drivers/STM32F3xx_HAL_Driver/Src/stm32f3xx_hal_dma.c ****   }
  91              		.loc 1 844 9 is_stmt 0 view .LVU22
  92 0026 0368     		ldr	r3, [r0]
 844:Drivers/STM32F3xx_HAL_Driver/Src/stm32f3xx_hal_dma.c ****   }
  93              		.loc 1 844 26 view .LVU23
  94 0028 D960     		str	r1, [r3, #12]
  95 002a F8E7     		b	.L1
  96              		.cfi_endproc
  97              	.LFE142:
  99              		.section	.text.DMA_CalcBaseAndBitshift,"ax",%progbits
 100              		.align	1
 101              		.syntax unified
 102              		.thumb
 103              		.thumb_func
 105              	DMA_CalcBaseAndBitshift:
 106              	.LVL5:
 107              	.LFB143:
 856:Drivers/STM32F3xx_HAL_Driver/Src/stm32f3xx_hal_dma.c **** 
 857:Drivers/STM32F3xx_HAL_Driver/Src/stm32f3xx_hal_dma.c **** /**
 858:Drivers/STM32F3xx_HAL_Driver/Src/stm32f3xx_hal_dma.c ****   * @brief  Set the DMA base address and channel index depending on DMA instance
 859:Drivers/STM32F3xx_HAL_Driver/Src/stm32f3xx_hal_dma.c ****   * @param  hdma       pointer to a DMA_HandleTypeDef structure that contains
ARM GAS  /tmp/cctQcci2.s 			page 18


 860:Drivers/STM32F3xx_HAL_Driver/Src/stm32f3xx_hal_dma.c ****   *                     the configuration information for the specified DMA Stream.
 861:Drivers/STM32F3xx_HAL_Driver/Src/stm32f3xx_hal_dma.c ****   * @retval None
 862:Drivers/STM32F3xx_HAL_Driver/Src/stm32f3xx_hal_dma.c ****   */
 863:Drivers/STM32F3xx_HAL_Driver/Src/stm32f3xx_hal_dma.c **** static void DMA_CalcBaseAndBitshift(DMA_HandleTypeDef *hdma)
 864:Drivers/STM32F3xx_HAL_Driver/Src/stm32f3xx_hal_dma.c **** {
 108              		.loc 1 864 1 is_stmt 1 view -0
 109              		.cfi_startproc
 110              		@ args = 0, pretend = 0, frame = 0
 111              		@ frame_needed = 0, uses_anonymous_args = 0
 112              		@ link register save eliminated.
 865:Drivers/STM32F3xx_HAL_Driver/Src/stm32f3xx_hal_dma.c **** #if defined (DMA2)
 866:Drivers/STM32F3xx_HAL_Driver/Src/stm32f3xx_hal_dma.c ****   /* calculation of the channel index */
 867:Drivers/STM32F3xx_HAL_Driver/Src/stm32f3xx_hal_dma.c ****   if ((uint32_t)(hdma->Instance) < (uint32_t)(DMA2_Channel1))
 113              		.loc 1 867 3 view .LVU25
 114              		.loc 1 867 22 is_stmt 0 view .LVU26
 115 0000 0268     		ldr	r2, [r0]
 116              		.loc 1 867 6 view .LVU27
 117 0002 0C4B     		ldr	r3, .L9
 118 0004 9A42     		cmp	r2, r3
 119 0006 0AD8     		bhi	.L7
 868:Drivers/STM32F3xx_HAL_Driver/Src/stm32f3xx_hal_dma.c ****   {
 869:Drivers/STM32F3xx_HAL_Driver/Src/stm32f3xx_hal_dma.c ****     /* DMA1 */
 870:Drivers/STM32F3xx_HAL_Driver/Src/stm32f3xx_hal_dma.c ****     hdma->ChannelIndex = (((uint32_t)hdma->Instance - (uint32_t)DMA1_Channel1) / ((uint32_t)DMA1_Ch
 120              		.loc 1 870 5 is_stmt 1 view .LVU28
 121              		.loc 1 870 53 is_stmt 0 view .LVU29
 122 0008 0B4B     		ldr	r3, .L9+4
 123 000a 1344     		add	r3, r3, r2
 124              		.loc 1 870 80 view .LVU30
 125 000c 0B4A     		ldr	r2, .L9+8
 126 000e A2FB0323 		umull	r2, r3, r2, r3
 127 0012 1B09     		lsrs	r3, r3, #4
 128              		.loc 1 870 135 view .LVU31
 129 0014 9B00     		lsls	r3, r3, #2
 130              		.loc 1 870 24 view .LVU32
 131 0016 0364     		str	r3, [r0, #64]
 871:Drivers/STM32F3xx_HAL_Driver/Src/stm32f3xx_hal_dma.c ****     hdma->DmaBaseAddress = DMA1;
 132              		.loc 1 871 5 is_stmt 1 view .LVU33
 133              		.loc 1 871 26 is_stmt 0 view .LVU34
 134 0018 094B     		ldr	r3, .L9+12
 135 001a C363     		str	r3, [r0, #60]
 136 001c 7047     		bx	lr
 137              	.L7:
 872:Drivers/STM32F3xx_HAL_Driver/Src/stm32f3xx_hal_dma.c ****   }
 873:Drivers/STM32F3xx_HAL_Driver/Src/stm32f3xx_hal_dma.c ****   else
 874:Drivers/STM32F3xx_HAL_Driver/Src/stm32f3xx_hal_dma.c ****   {
 875:Drivers/STM32F3xx_HAL_Driver/Src/stm32f3xx_hal_dma.c ****     /* DMA2 */
 876:Drivers/STM32F3xx_HAL_Driver/Src/stm32f3xx_hal_dma.c ****     hdma->ChannelIndex = (((uint32_t)hdma->Instance - (uint32_t)DMA2_Channel1) / ((uint32_t)DMA2_Ch
 138              		.loc 1 876 5 is_stmt 1 view .LVU35
 139              		.loc 1 876 53 is_stmt 0 view .LVU36
 140 001e 094B     		ldr	r3, .L9+16
 141 0020 1344     		add	r3, r3, r2
 142              		.loc 1 876 80 view .LVU37
 143 0022 064A     		ldr	r2, .L9+8
 144 0024 A2FB0323 		umull	r2, r3, r2, r3
 145 0028 1B09     		lsrs	r3, r3, #4
 146              		.loc 1 876 135 view .LVU38
 147 002a 9B00     		lsls	r3, r3, #2
ARM GAS  /tmp/cctQcci2.s 			page 19


 148              		.loc 1 876 24 view .LVU39
 149 002c 0364     		str	r3, [r0, #64]
 877:Drivers/STM32F3xx_HAL_Driver/Src/stm32f3xx_hal_dma.c ****     hdma->DmaBaseAddress = DMA2;
 150              		.loc 1 877 5 is_stmt 1 view .LVU40
 151              		.loc 1 877 26 is_stmt 0 view .LVU41
 152 002e 064B     		ldr	r3, .L9+20
 153 0030 C363     		str	r3, [r0, #60]
 878:Drivers/STM32F3xx_HAL_Driver/Src/stm32f3xx_hal_dma.c ****   }
 879:Drivers/STM32F3xx_HAL_Driver/Src/stm32f3xx_hal_dma.c **** #else
 880:Drivers/STM32F3xx_HAL_Driver/Src/stm32f3xx_hal_dma.c ****   /* calculation of the channel index */
 881:Drivers/STM32F3xx_HAL_Driver/Src/stm32f3xx_hal_dma.c ****   /* DMA1 */
 882:Drivers/STM32F3xx_HAL_Driver/Src/stm32f3xx_hal_dma.c ****   hdma->ChannelIndex = (((uint32_t)hdma->Instance - (uint32_t)DMA1_Channel1) / ((uint32_t)DMA1_Chan
 883:Drivers/STM32F3xx_HAL_Driver/Src/stm32f3xx_hal_dma.c ****   hdma->DmaBaseAddress = DMA1;
 884:Drivers/STM32F3xx_HAL_Driver/Src/stm32f3xx_hal_dma.c **** #endif
 885:Drivers/STM32F3xx_HAL_Driver/Src/stm32f3xx_hal_dma.c **** }
 154              		.loc 1 885 1 view .LVU42
 155 0032 7047     		bx	lr
 156              	.L10:
 157              		.align	2
 158              	.L9:
 159 0034 07040240 		.word	1073873927
 160 0038 F8FFFDBF 		.word	-1073872904
 161 003c CDCCCCCC 		.word	-858993459
 162 0040 00000240 		.word	1073872896
 163 0044 F8FBFDBF 		.word	-1073873928
 164 0048 00040240 		.word	1073873920
 165              		.cfi_endproc
 166              	.LFE143:
 168              		.section	.text.HAL_DMA_Init,"ax",%progbits
 169              		.align	1
 170              		.global	HAL_DMA_Init
 171              		.syntax unified
 172              		.thumb
 173              		.thumb_func
 175              	HAL_DMA_Init:
 176              	.LVL6:
 177              	.LFB130:
 137:Drivers/STM32F3xx_HAL_Driver/Src/stm32f3xx_hal_dma.c ****   uint32_t tmp = 0U;
 178              		.loc 1 137 1 is_stmt 1 view -0
 179              		.cfi_startproc
 180              		@ args = 0, pretend = 0, frame = 0
 181              		@ frame_needed = 0, uses_anonymous_args = 0
 138:Drivers/STM32F3xx_HAL_Driver/Src/stm32f3xx_hal_dma.c **** 
 182              		.loc 1 138 3 view .LVU44
 141:Drivers/STM32F3xx_HAL_Driver/Src/stm32f3xx_hal_dma.c ****   {
 183              		.loc 1 141 3 view .LVU45
 141:Drivers/STM32F3xx_HAL_Driver/Src/stm32f3xx_hal_dma.c ****   {
 184              		.loc 1 141 5 is_stmt 0 view .LVU46
 185 0000 10B3     		cbz	r0, .L13
 137:Drivers/STM32F3xx_HAL_Driver/Src/stm32f3xx_hal_dma.c ****   uint32_t tmp = 0U;
 186              		.loc 1 137 1 view .LVU47
 187 0002 10B5     		push	{r4, lr}
 188              	.LCFI3:
 189              		.cfi_def_cfa_offset 8
 190              		.cfi_offset 4, -8
 191              		.cfi_offset 14, -4
 192 0004 0446     		mov	r4, r0
ARM GAS  /tmp/cctQcci2.s 			page 20


 147:Drivers/STM32F3xx_HAL_Driver/Src/stm32f3xx_hal_dma.c ****   assert_param(IS_DMA_DIRECTION(hdma->Init.Direction));
 193              		.loc 1 147 3 is_stmt 1 view .LVU48
 148:Drivers/STM32F3xx_HAL_Driver/Src/stm32f3xx_hal_dma.c ****   assert_param(IS_DMA_PERIPHERAL_INC_STATE(hdma->Init.PeriphInc));
 194              		.loc 1 148 3 view .LVU49
 149:Drivers/STM32F3xx_HAL_Driver/Src/stm32f3xx_hal_dma.c ****   assert_param(IS_DMA_MEMORY_INC_STATE(hdma->Init.MemInc));
 195              		.loc 1 149 3 view .LVU50
 150:Drivers/STM32F3xx_HAL_Driver/Src/stm32f3xx_hal_dma.c ****   assert_param(IS_DMA_PERIPHERAL_DATA_SIZE(hdma->Init.PeriphDataAlignment));
 196              		.loc 1 150 3 view .LVU51
 151:Drivers/STM32F3xx_HAL_Driver/Src/stm32f3xx_hal_dma.c ****   assert_param(IS_DMA_MEMORY_DATA_SIZE(hdma->Init.MemDataAlignment));
 197              		.loc 1 151 3 view .LVU52
 152:Drivers/STM32F3xx_HAL_Driver/Src/stm32f3xx_hal_dma.c ****   assert_param(IS_DMA_MODE(hdma->Init.Mode));
 198              		.loc 1 152 3 view .LVU53
 153:Drivers/STM32F3xx_HAL_Driver/Src/stm32f3xx_hal_dma.c ****   assert_param(IS_DMA_PRIORITY(hdma->Init.Priority));
 199              		.loc 1 153 3 view .LVU54
 154:Drivers/STM32F3xx_HAL_Driver/Src/stm32f3xx_hal_dma.c **** 
 200              		.loc 1 154 3 view .LVU55
 157:Drivers/STM32F3xx_HAL_Driver/Src/stm32f3xx_hal_dma.c **** 
 201              		.loc 1 157 3 view .LVU56
 157:Drivers/STM32F3xx_HAL_Driver/Src/stm32f3xx_hal_dma.c **** 
 202              		.loc 1 157 15 is_stmt 0 view .LVU57
 203 0006 0223     		movs	r3, #2
 204 0008 80F82130 		strb	r3, [r0, #33]
 160:Drivers/STM32F3xx_HAL_Driver/Src/stm32f3xx_hal_dma.c **** 
 205              		.loc 1 160 3 is_stmt 1 view .LVU58
 160:Drivers/STM32F3xx_HAL_Driver/Src/stm32f3xx_hal_dma.c **** 
 206              		.loc 1 160 13 is_stmt 0 view .LVU59
 207 000c 0168     		ldr	r1, [r0]
 160:Drivers/STM32F3xx_HAL_Driver/Src/stm32f3xx_hal_dma.c **** 
 208              		.loc 1 160 7 view .LVU60
 209 000e 0A68     		ldr	r2, [r1]
 210              	.LVL7:
 163:Drivers/STM32F3xx_HAL_Driver/Src/stm32f3xx_hal_dma.c ****                       DMA_CCR_MINC  | DMA_CCR_PINC   | DMA_CCR_CIRC   | \
 211              		.loc 1 163 3 is_stmt 1 view .LVU61
 163:Drivers/STM32F3xx_HAL_Driver/Src/stm32f3xx_hal_dma.c ****                       DMA_CCR_MINC  | DMA_CCR_PINC   | DMA_CCR_CIRC   | \
 212              		.loc 1 163 7 is_stmt 0 view .LVU62
 213 0010 6FF30D12 		bfc	r2, #4, #10
 214              	.LVL8:
 168:Drivers/STM32F3xx_HAL_Driver/Src/stm32f3xx_hal_dma.c ****           hdma->Init.PeriphInc           | hdma->Init.MemInc           |
 215              		.loc 1 168 3 is_stmt 1 view .LVU63
 168:Drivers/STM32F3xx_HAL_Driver/Src/stm32f3xx_hal_dma.c ****           hdma->Init.PeriphInc           | hdma->Init.MemInc           |
 216              		.loc 1 168 21 is_stmt 0 view .LVU64
 217 0014 4368     		ldr	r3, [r0, #4]
 169:Drivers/STM32F3xx_HAL_Driver/Src/stm32f3xx_hal_dma.c ****           hdma->Init.PeriphDataAlignment | hdma->Init.MemDataAlignment |
 218              		.loc 1 169 21 view .LVU65
 219 0016 8068     		ldr	r0, [r0, #8]
 220              	.LVL9:
 168:Drivers/STM32F3xx_HAL_Driver/Src/stm32f3xx_hal_dma.c ****           hdma->Init.PeriphInc           | hdma->Init.MemInc           |
 221              		.loc 1 168 39 view .LVU66
 222 0018 0343     		orrs	r3, r3, r0
 169:Drivers/STM32F3xx_HAL_Driver/Src/stm32f3xx_hal_dma.c ****           hdma->Init.PeriphDataAlignment | hdma->Init.MemDataAlignment |
 223              		.loc 1 169 54 view .LVU67
 224 001a E068     		ldr	r0, [r4, #12]
 169:Drivers/STM32F3xx_HAL_Driver/Src/stm32f3xx_hal_dma.c ****           hdma->Init.PeriphDataAlignment | hdma->Init.MemDataAlignment |
 225              		.loc 1 169 42 view .LVU68
 226 001c 0343     		orrs	r3, r3, r0
 170:Drivers/STM32F3xx_HAL_Driver/Src/stm32f3xx_hal_dma.c ****           hdma->Init.Mode                | hdma->Init.Priority;
 227              		.loc 1 170 21 view .LVU69
ARM GAS  /tmp/cctQcci2.s 			page 21


 228 001e 2069     		ldr	r0, [r4, #16]
 169:Drivers/STM32F3xx_HAL_Driver/Src/stm32f3xx_hal_dma.c ****           hdma->Init.PeriphDataAlignment | hdma->Init.MemDataAlignment |
 229              		.loc 1 169 72 view .LVU70
 230 0020 0343     		orrs	r3, r3, r0
 170:Drivers/STM32F3xx_HAL_Driver/Src/stm32f3xx_hal_dma.c ****           hdma->Init.Mode                | hdma->Init.Priority;
 231              		.loc 1 170 54 view .LVU71
 232 0022 6069     		ldr	r0, [r4, #20]
 170:Drivers/STM32F3xx_HAL_Driver/Src/stm32f3xx_hal_dma.c ****           hdma->Init.Mode                | hdma->Init.Priority;
 233              		.loc 1 170 42 view .LVU72
 234 0024 0343     		orrs	r3, r3, r0
 171:Drivers/STM32F3xx_HAL_Driver/Src/stm32f3xx_hal_dma.c **** 
 235              		.loc 1 171 21 view .LVU73
 236 0026 A069     		ldr	r0, [r4, #24]
 170:Drivers/STM32F3xx_HAL_Driver/Src/stm32f3xx_hal_dma.c ****           hdma->Init.Mode                | hdma->Init.Priority;
 237              		.loc 1 170 72 view .LVU74
 238 0028 0343     		orrs	r3, r3, r0
 171:Drivers/STM32F3xx_HAL_Driver/Src/stm32f3xx_hal_dma.c **** 
 239              		.loc 1 171 54 view .LVU75
 240 002a E069     		ldr	r0, [r4, #28]
 171:Drivers/STM32F3xx_HAL_Driver/Src/stm32f3xx_hal_dma.c **** 
 241              		.loc 1 171 42 view .LVU76
 242 002c 0343     		orrs	r3, r3, r0
 168:Drivers/STM32F3xx_HAL_Driver/Src/stm32f3xx_hal_dma.c ****           hdma->Init.PeriphInc           | hdma->Init.MemInc           |
 243              		.loc 1 168 7 view .LVU77
 244 002e 1343     		orrs	r3, r3, r2
 245              	.LVL10:
 174:Drivers/STM32F3xx_HAL_Driver/Src/stm32f3xx_hal_dma.c **** 
 246              		.loc 1 174 3 is_stmt 1 view .LVU78
 174:Drivers/STM32F3xx_HAL_Driver/Src/stm32f3xx_hal_dma.c **** 
 247              		.loc 1 174 23 is_stmt 0 view .LVU79
 248 0030 0B60     		str	r3, [r1]
 178:Drivers/STM32F3xx_HAL_Driver/Src/stm32f3xx_hal_dma.c **** 
 249              		.loc 1 178 3 is_stmt 1 view .LVU80
 250 0032 2046     		mov	r0, r4
 251 0034 FFF7FEFF 		bl	DMA_CalcBaseAndBitshift
 252              	.LVL11:
 181:Drivers/STM32F3xx_HAL_Driver/Src/stm32f3xx_hal_dma.c **** 
 253              		.loc 1 181 3 view .LVU81
 181:Drivers/STM32F3xx_HAL_Driver/Src/stm32f3xx_hal_dma.c **** 
 254              		.loc 1 181 19 is_stmt 0 view .LVU82
 255 0038 0020     		movs	r0, #0
 256 003a A063     		str	r0, [r4, #56]
 184:Drivers/STM32F3xx_HAL_Driver/Src/stm32f3xx_hal_dma.c **** 
 257              		.loc 1 184 3 is_stmt 1 view .LVU83
 184:Drivers/STM32F3xx_HAL_Driver/Src/stm32f3xx_hal_dma.c **** 
 258              		.loc 1 184 15 is_stmt 0 view .LVU84
 259 003c 0123     		movs	r3, #1
 260 003e 84F82130 		strb	r3, [r4, #33]
 187:Drivers/STM32F3xx_HAL_Driver/Src/stm32f3xx_hal_dma.c **** 
 261              		.loc 1 187 3 is_stmt 1 view .LVU85
 187:Drivers/STM32F3xx_HAL_Driver/Src/stm32f3xx_hal_dma.c **** 
 262              		.loc 1 187 14 is_stmt 0 view .LVU86
 263 0042 84F82000 		strb	r0, [r4, #32]
 189:Drivers/STM32F3xx_HAL_Driver/Src/stm32f3xx_hal_dma.c **** }
 264              		.loc 1 189 3 is_stmt 1 view .LVU87
 190:Drivers/STM32F3xx_HAL_Driver/Src/stm32f3xx_hal_dma.c **** 
 265              		.loc 1 190 1 is_stmt 0 view .LVU88
ARM GAS  /tmp/cctQcci2.s 			page 22


 266 0046 10BD     		pop	{r4, pc}
 267              	.LVL12:
 268              	.L13:
 269              	.LCFI4:
 270              		.cfi_def_cfa_offset 0
 271              		.cfi_restore 4
 272              		.cfi_restore 14
 143:Drivers/STM32F3xx_HAL_Driver/Src/stm32f3xx_hal_dma.c ****   }
 273              		.loc 1 143 12 view .LVU89
 274 0048 0120     		movs	r0, #1
 275              	.LVL13:
 190:Drivers/STM32F3xx_HAL_Driver/Src/stm32f3xx_hal_dma.c **** 
 276              		.loc 1 190 1 view .LVU90
 277 004a 7047     		bx	lr
 278              		.cfi_endproc
 279              	.LFE130:
 281              		.section	.text.HAL_DMA_DeInit,"ax",%progbits
 282              		.align	1
 283              		.global	HAL_DMA_DeInit
 284              		.syntax unified
 285              		.thumb
 286              		.thumb_func
 288              	HAL_DMA_DeInit:
 289              	.LVL14:
 290              	.LFB131:
 199:Drivers/STM32F3xx_HAL_Driver/Src/stm32f3xx_hal_dma.c ****   /* Check the DMA handle allocation */
 291              		.loc 1 199 1 is_stmt 1 view -0
 292              		.cfi_startproc
 293              		@ args = 0, pretend = 0, frame = 0
 294              		@ frame_needed = 0, uses_anonymous_args = 0
 201:Drivers/STM32F3xx_HAL_Driver/Src/stm32f3xx_hal_dma.c ****   {
 295              		.loc 1 201 3 view .LVU92
 201:Drivers/STM32F3xx_HAL_Driver/Src/stm32f3xx_hal_dma.c ****   {
 296              		.loc 1 201 5 is_stmt 0 view .LVU93
 297 0000 08B3     		cbz	r0, .L20
 199:Drivers/STM32F3xx_HAL_Driver/Src/stm32f3xx_hal_dma.c ****   /* Check the DMA handle allocation */
 298              		.loc 1 199 1 view .LVU94
 299 0002 38B5     		push	{r3, r4, r5, lr}
 300              	.LCFI5:
 301              		.cfi_def_cfa_offset 16
 302              		.cfi_offset 3, -16
 303              		.cfi_offset 4, -12
 304              		.cfi_offset 5, -8
 305              		.cfi_offset 14, -4
 306 0004 0446     		mov	r4, r0
 207:Drivers/STM32F3xx_HAL_Driver/Src/stm32f3xx_hal_dma.c **** 
 307              		.loc 1 207 3 is_stmt 1 view .LVU95
 210:Drivers/STM32F3xx_HAL_Driver/Src/stm32f3xx_hal_dma.c **** 
 308              		.loc 1 210 3 view .LVU96
 210:Drivers/STM32F3xx_HAL_Driver/Src/stm32f3xx_hal_dma.c **** 
 309              		.loc 1 210 7 is_stmt 0 view .LVU97
 310 0006 0268     		ldr	r2, [r0]
 210:Drivers/STM32F3xx_HAL_Driver/Src/stm32f3xx_hal_dma.c **** 
 311              		.loc 1 210 17 view .LVU98
 312 0008 1368     		ldr	r3, [r2]
 210:Drivers/STM32F3xx_HAL_Driver/Src/stm32f3xx_hal_dma.c **** 
 313              		.loc 1 210 23 view .LVU99
ARM GAS  /tmp/cctQcci2.s 			page 23


 314 000a 23F00103 		bic	r3, r3, #1
 315 000e 1360     		str	r3, [r2]
 213:Drivers/STM32F3xx_HAL_Driver/Src/stm32f3xx_hal_dma.c **** 
 316              		.loc 1 213 3 is_stmt 1 view .LVU100
 213:Drivers/STM32F3xx_HAL_Driver/Src/stm32f3xx_hal_dma.c **** 
 317              		.loc 1 213 7 is_stmt 0 view .LVU101
 318 0010 0368     		ldr	r3, [r0]
 213:Drivers/STM32F3xx_HAL_Driver/Src/stm32f3xx_hal_dma.c **** 
 319              		.loc 1 213 24 view .LVU102
 320 0012 0025     		movs	r5, #0
 321 0014 1D60     		str	r5, [r3]
 216:Drivers/STM32F3xx_HAL_Driver/Src/stm32f3xx_hal_dma.c **** 
 322              		.loc 1 216 3 is_stmt 1 view .LVU103
 216:Drivers/STM32F3xx_HAL_Driver/Src/stm32f3xx_hal_dma.c **** 
 323              		.loc 1 216 7 is_stmt 0 view .LVU104
 324 0016 0368     		ldr	r3, [r0]
 216:Drivers/STM32F3xx_HAL_Driver/Src/stm32f3xx_hal_dma.c **** 
 325              		.loc 1 216 25 view .LVU105
 326 0018 5D60     		str	r5, [r3, #4]
 219:Drivers/STM32F3xx_HAL_Driver/Src/stm32f3xx_hal_dma.c **** 
 327              		.loc 1 219 3 is_stmt 1 view .LVU106
 219:Drivers/STM32F3xx_HAL_Driver/Src/stm32f3xx_hal_dma.c **** 
 328              		.loc 1 219 7 is_stmt 0 view .LVU107
 329 001a 0368     		ldr	r3, [r0]
 219:Drivers/STM32F3xx_HAL_Driver/Src/stm32f3xx_hal_dma.c **** 
 330              		.loc 1 219 25 view .LVU108
 331 001c 9D60     		str	r5, [r3, #8]
 222:Drivers/STM32F3xx_HAL_Driver/Src/stm32f3xx_hal_dma.c **** 
 332              		.loc 1 222 3 is_stmt 1 view .LVU109
 222:Drivers/STM32F3xx_HAL_Driver/Src/stm32f3xx_hal_dma.c **** 
 333              		.loc 1 222 7 is_stmt 0 view .LVU110
 334 001e 0368     		ldr	r3, [r0]
 222:Drivers/STM32F3xx_HAL_Driver/Src/stm32f3xx_hal_dma.c **** 
 335              		.loc 1 222 24 view .LVU111
 336 0020 DD60     		str	r5, [r3, #12]
 225:Drivers/STM32F3xx_HAL_Driver/Src/stm32f3xx_hal_dma.c **** 
 337              		.loc 1 225 3 is_stmt 1 view .LVU112
 338 0022 FFF7FEFF 		bl	DMA_CalcBaseAndBitshift
 339              	.LVL15:
 228:Drivers/STM32F3xx_HAL_Driver/Src/stm32f3xx_hal_dma.c **** 
 340              		.loc 1 228 3 view .LVU113
 228:Drivers/STM32F3xx_HAL_Driver/Src/stm32f3xx_hal_dma.c **** 
 341              		.loc 1 228 52 is_stmt 0 view .LVU114
 342 0026 216C     		ldr	r1, [r4, #64]
 228:Drivers/STM32F3xx_HAL_Driver/Src/stm32f3xx_hal_dma.c **** 
 343              		.loc 1 228 7 view .LVU115
 344 0028 E26B     		ldr	r2, [r4, #60]
 228:Drivers/STM32F3xx_HAL_Driver/Src/stm32f3xx_hal_dma.c **** 
 345              		.loc 1 228 45 view .LVU116
 346 002a 0123     		movs	r3, #1
 347 002c 8B40     		lsls	r3, r3, r1
 228:Drivers/STM32F3xx_HAL_Driver/Src/stm32f3xx_hal_dma.c **** 
 348              		.loc 1 228 30 view .LVU117
 349 002e 5360     		str	r3, [r2, #4]
 231:Drivers/STM32F3xx_HAL_Driver/Src/stm32f3xx_hal_dma.c ****   hdma->XferHalfCpltCallback = NULL;
 350              		.loc 1 231 3 is_stmt 1 view .LVU118
 231:Drivers/STM32F3xx_HAL_Driver/Src/stm32f3xx_hal_dma.c ****   hdma->XferHalfCpltCallback = NULL;
ARM GAS  /tmp/cctQcci2.s 			page 24


 351              		.loc 1 231 26 is_stmt 0 view .LVU119
 352 0030 A562     		str	r5, [r4, #40]
 232:Drivers/STM32F3xx_HAL_Driver/Src/stm32f3xx_hal_dma.c ****   hdma->XferErrorCallback = NULL;
 353              		.loc 1 232 3 is_stmt 1 view .LVU120
 232:Drivers/STM32F3xx_HAL_Driver/Src/stm32f3xx_hal_dma.c ****   hdma->XferErrorCallback = NULL;
 354              		.loc 1 232 30 is_stmt 0 view .LVU121
 355 0032 E562     		str	r5, [r4, #44]
 233:Drivers/STM32F3xx_HAL_Driver/Src/stm32f3xx_hal_dma.c ****   hdma->XferAbortCallback = NULL;
 356              		.loc 1 233 3 is_stmt 1 view .LVU122
 233:Drivers/STM32F3xx_HAL_Driver/Src/stm32f3xx_hal_dma.c ****   hdma->XferAbortCallback = NULL;
 357              		.loc 1 233 27 is_stmt 0 view .LVU123
 358 0034 2563     		str	r5, [r4, #48]
 234:Drivers/STM32F3xx_HAL_Driver/Src/stm32f3xx_hal_dma.c **** 
 359              		.loc 1 234 3 is_stmt 1 view .LVU124
 234:Drivers/STM32F3xx_HAL_Driver/Src/stm32f3xx_hal_dma.c **** 
 360              		.loc 1 234 27 is_stmt 0 view .LVU125
 361 0036 6563     		str	r5, [r4, #52]
 237:Drivers/STM32F3xx_HAL_Driver/Src/stm32f3xx_hal_dma.c **** 
 362              		.loc 1 237 3 is_stmt 1 view .LVU126
 237:Drivers/STM32F3xx_HAL_Driver/Src/stm32f3xx_hal_dma.c **** 
 363              		.loc 1 237 19 is_stmt 0 view .LVU127
 364 0038 A563     		str	r5, [r4, #56]
 240:Drivers/STM32F3xx_HAL_Driver/Src/stm32f3xx_hal_dma.c **** 
 365              		.loc 1 240 3 is_stmt 1 view .LVU128
 240:Drivers/STM32F3xx_HAL_Driver/Src/stm32f3xx_hal_dma.c **** 
 366              		.loc 1 240 15 is_stmt 0 view .LVU129
 367 003a 84F82150 		strb	r5, [r4, #33]
 243:Drivers/STM32F3xx_HAL_Driver/Src/stm32f3xx_hal_dma.c **** 
 368              		.loc 1 243 3 is_stmt 1 view .LVU130
 243:Drivers/STM32F3xx_HAL_Driver/Src/stm32f3xx_hal_dma.c **** 
 369              		.loc 1 243 3 view .LVU131
 370 003e 84F82050 		strb	r5, [r4, #32]
 243:Drivers/STM32F3xx_HAL_Driver/Src/stm32f3xx_hal_dma.c **** 
 371              		.loc 1 243 3 view .LVU132
 245:Drivers/STM32F3xx_HAL_Driver/Src/stm32f3xx_hal_dma.c **** }
 372              		.loc 1 245 3 view .LVU133
 245:Drivers/STM32F3xx_HAL_Driver/Src/stm32f3xx_hal_dma.c **** }
 373              		.loc 1 245 10 is_stmt 0 view .LVU134
 374 0042 2846     		mov	r0, r5
 246:Drivers/STM32F3xx_HAL_Driver/Src/stm32f3xx_hal_dma.c **** 
 375              		.loc 1 246 1 view .LVU135
 376 0044 38BD     		pop	{r3, r4, r5, pc}
 377              	.LVL16:
 378              	.L20:
 379              	.LCFI6:
 380              		.cfi_def_cfa_offset 0
 381              		.cfi_restore 3
 382              		.cfi_restore 4
 383              		.cfi_restore 5
 384              		.cfi_restore 14
 203:Drivers/STM32F3xx_HAL_Driver/Src/stm32f3xx_hal_dma.c ****   }
 385              		.loc 1 203 12 view .LVU136
 386 0046 0120     		movs	r0, #1
 387              	.LVL17:
 246:Drivers/STM32F3xx_HAL_Driver/Src/stm32f3xx_hal_dma.c **** 
 388              		.loc 1 246 1 view .LVU137
 389 0048 7047     		bx	lr
ARM GAS  /tmp/cctQcci2.s 			page 25


 390              		.cfi_endproc
 391              	.LFE131:
 393              		.section	.text.HAL_DMA_Start,"ax",%progbits
 394              		.align	1
 395              		.global	HAL_DMA_Start
 396              		.syntax unified
 397              		.thumb
 398              		.thumb_func
 400              	HAL_DMA_Start:
 401              	.LVL18:
 402              	.LFB132:
 281:Drivers/STM32F3xx_HAL_Driver/Src/stm32f3xx_hal_dma.c ****   HAL_StatusTypeDef status = HAL_OK;
 403              		.loc 1 281 1 is_stmt 1 view -0
 404              		.cfi_startproc
 405              		@ args = 0, pretend = 0, frame = 0
 406              		@ frame_needed = 0, uses_anonymous_args = 0
 281:Drivers/STM32F3xx_HAL_Driver/Src/stm32f3xx_hal_dma.c ****   HAL_StatusTypeDef status = HAL_OK;
 407              		.loc 1 281 1 is_stmt 0 view .LVU139
 408 0000 70B5     		push	{r4, r5, r6, lr}
 409              	.LCFI7:
 410              		.cfi_def_cfa_offset 16
 411              		.cfi_offset 4, -16
 412              		.cfi_offset 5, -12
 413              		.cfi_offset 6, -8
 414              		.cfi_offset 14, -4
 415 0002 0446     		mov	r4, r0
 282:Drivers/STM32F3xx_HAL_Driver/Src/stm32f3xx_hal_dma.c **** 
 416              		.loc 1 282 3 is_stmt 1 view .LVU140
 417              	.LVL19:
 285:Drivers/STM32F3xx_HAL_Driver/Src/stm32f3xx_hal_dma.c **** 
 418              		.loc 1 285 3 view .LVU141
 288:Drivers/STM32F3xx_HAL_Driver/Src/stm32f3xx_hal_dma.c **** 
 419              		.loc 1 288 3 view .LVU142
 288:Drivers/STM32F3xx_HAL_Driver/Src/stm32f3xx_hal_dma.c **** 
 420              		.loc 1 288 3 view .LVU143
 421 0004 90F82000 		ldrb	r0, [r0, #32]	@ zero_extendqisi2
 422              	.LVL20:
 288:Drivers/STM32F3xx_HAL_Driver/Src/stm32f3xx_hal_dma.c **** 
 423              		.loc 1 288 3 is_stmt 0 view .LVU144
 424 0008 0128     		cmp	r0, #1
 425 000a 1FD0     		beq	.L28
 288:Drivers/STM32F3xx_HAL_Driver/Src/stm32f3xx_hal_dma.c **** 
 426              		.loc 1 288 3 is_stmt 1 discriminator 2 view .LVU145
 427 000c 0120     		movs	r0, #1
 428 000e 84F82000 		strb	r0, [r4, #32]
 288:Drivers/STM32F3xx_HAL_Driver/Src/stm32f3xx_hal_dma.c **** 
 429              		.loc 1 288 3 discriminator 2 view .LVU146
 290:Drivers/STM32F3xx_HAL_Driver/Src/stm32f3xx_hal_dma.c ****   {
 430              		.loc 1 290 3 view .LVU147
 290:Drivers/STM32F3xx_HAL_Driver/Src/stm32f3xx_hal_dma.c ****   {
 431              		.loc 1 290 33 is_stmt 0 view .LVU148
 432 0012 94F82100 		ldrb	r0, [r4, #33]	@ zero_extendqisi2
 290:Drivers/STM32F3xx_HAL_Driver/Src/stm32f3xx_hal_dma.c ****   {
 433              		.loc 1 290 5 view .LVU149
 434 0016 0128     		cmp	r0, #1
 435 0018 04D0     		beq	.L30
 309:Drivers/STM32F3xx_HAL_Driver/Src/stm32f3xx_hal_dma.c **** 
ARM GAS  /tmp/cctQcci2.s 			page 26


 436              		.loc 1 309 5 is_stmt 1 view .LVU150
 309:Drivers/STM32F3xx_HAL_Driver/Src/stm32f3xx_hal_dma.c **** 
 437              		.loc 1 309 5 view .LVU151
 438 001a 0023     		movs	r3, #0
 439              	.LVL21:
 309:Drivers/STM32F3xx_HAL_Driver/Src/stm32f3xx_hal_dma.c **** 
 440              		.loc 1 309 5 is_stmt 0 view .LVU152
 441 001c 84F82030 		strb	r3, [r4, #32]
 309:Drivers/STM32F3xx_HAL_Driver/Src/stm32f3xx_hal_dma.c **** 
 442              		.loc 1 309 5 is_stmt 1 view .LVU153
 312:Drivers/STM32F3xx_HAL_Driver/Src/stm32f3xx_hal_dma.c ****   }
 443              		.loc 1 312 5 view .LVU154
 444              	.LVL22:
 312:Drivers/STM32F3xx_HAL_Driver/Src/stm32f3xx_hal_dma.c ****   }
 445              		.loc 1 312 12 is_stmt 0 view .LVU155
 446 0020 0220     		movs	r0, #2
 447              	.LVL23:
 448              	.L26:
 316:Drivers/STM32F3xx_HAL_Driver/Src/stm32f3xx_hal_dma.c **** 
 449              		.loc 1 316 1 view .LVU156
 450 0022 70BD     		pop	{r4, r5, r6, pc}
 451              	.LVL24:
 452              	.L30:
 293:Drivers/STM32F3xx_HAL_Driver/Src/stm32f3xx_hal_dma.c **** 
 453              		.loc 1 293 5 is_stmt 1 view .LVU157
 293:Drivers/STM32F3xx_HAL_Driver/Src/stm32f3xx_hal_dma.c **** 
 454              		.loc 1 293 17 is_stmt 0 view .LVU158
 455 0024 0220     		movs	r0, #2
 456 0026 84F82100 		strb	r0, [r4, #33]
 295:Drivers/STM32F3xx_HAL_Driver/Src/stm32f3xx_hal_dma.c **** 
 457              		.loc 1 295 5 is_stmt 1 view .LVU159
 295:Drivers/STM32F3xx_HAL_Driver/Src/stm32f3xx_hal_dma.c **** 
 458              		.loc 1 295 21 is_stmt 0 view .LVU160
 459 002a 0025     		movs	r5, #0
 460 002c A563     		str	r5, [r4, #56]
 298:Drivers/STM32F3xx_HAL_Driver/Src/stm32f3xx_hal_dma.c **** 
 461              		.loc 1 298 5 is_stmt 1 view .LVU161
 298:Drivers/STM32F3xx_HAL_Driver/Src/stm32f3xx_hal_dma.c **** 
 462              		.loc 1 298 9 is_stmt 0 view .LVU162
 463 002e 2668     		ldr	r6, [r4]
 298:Drivers/STM32F3xx_HAL_Driver/Src/stm32f3xx_hal_dma.c **** 
 464              		.loc 1 298 19 view .LVU163
 465 0030 3068     		ldr	r0, [r6]
 298:Drivers/STM32F3xx_HAL_Driver/Src/stm32f3xx_hal_dma.c **** 
 466              		.loc 1 298 25 view .LVU164
 467 0032 20F00100 		bic	r0, r0, #1
 468 0036 3060     		str	r0, [r6]
 301:Drivers/STM32F3xx_HAL_Driver/Src/stm32f3xx_hal_dma.c **** 
 469              		.loc 1 301 5 is_stmt 1 view .LVU165
 470 0038 2046     		mov	r0, r4
 471 003a FFF7FEFF 		bl	DMA_SetConfig
 472              	.LVL25:
 304:Drivers/STM32F3xx_HAL_Driver/Src/stm32f3xx_hal_dma.c ****   }
 473              		.loc 1 304 5 view .LVU166
 304:Drivers/STM32F3xx_HAL_Driver/Src/stm32f3xx_hal_dma.c ****   }
 474              		.loc 1 304 9 is_stmt 0 view .LVU167
 475 003e 2268     		ldr	r2, [r4]
ARM GAS  /tmp/cctQcci2.s 			page 27


 304:Drivers/STM32F3xx_HAL_Driver/Src/stm32f3xx_hal_dma.c ****   }
 476              		.loc 1 304 19 view .LVU168
 477 0040 1368     		ldr	r3, [r2]
 304:Drivers/STM32F3xx_HAL_Driver/Src/stm32f3xx_hal_dma.c ****   }
 478              		.loc 1 304 25 view .LVU169
 479 0042 43F00103 		orr	r3, r3, #1
 480 0046 1360     		str	r3, [r2]
 282:Drivers/STM32F3xx_HAL_Driver/Src/stm32f3xx_hal_dma.c **** 
 481              		.loc 1 282 21 view .LVU170
 482 0048 2846     		mov	r0, r5
 483 004a EAE7     		b	.L26
 484              	.LVL26:
 485              	.L28:
 288:Drivers/STM32F3xx_HAL_Driver/Src/stm32f3xx_hal_dma.c **** 
 486              		.loc 1 288 3 discriminator 1 view .LVU171
 487 004c 0220     		movs	r0, #2
 488 004e E8E7     		b	.L26
 489              		.cfi_endproc
 490              	.LFE132:
 492              		.section	.text.HAL_DMA_Start_IT,"ax",%progbits
 493              		.align	1
 494              		.global	HAL_DMA_Start_IT
 495              		.syntax unified
 496              		.thumb
 497              		.thumb_func
 499              	HAL_DMA_Start_IT:
 500              	.LVL27:
 501              	.LFB133:
 328:Drivers/STM32F3xx_HAL_Driver/Src/stm32f3xx_hal_dma.c ****   HAL_StatusTypeDef status = HAL_OK;
 502              		.loc 1 328 1 is_stmt 1 view -0
 503              		.cfi_startproc
 504              		@ args = 0, pretend = 0, frame = 0
 505              		@ frame_needed = 0, uses_anonymous_args = 0
 328:Drivers/STM32F3xx_HAL_Driver/Src/stm32f3xx_hal_dma.c ****   HAL_StatusTypeDef status = HAL_OK;
 506              		.loc 1 328 1 is_stmt 0 view .LVU173
 507 0000 38B5     		push	{r3, r4, r5, lr}
 508              	.LCFI8:
 509              		.cfi_def_cfa_offset 16
 510              		.cfi_offset 3, -16
 511              		.cfi_offset 4, -12
 512              		.cfi_offset 5, -8
 513              		.cfi_offset 14, -4
 514 0002 0446     		mov	r4, r0
 329:Drivers/STM32F3xx_HAL_Driver/Src/stm32f3xx_hal_dma.c **** 
 515              		.loc 1 329 3 is_stmt 1 view .LVU174
 516              	.LVL28:
 332:Drivers/STM32F3xx_HAL_Driver/Src/stm32f3xx_hal_dma.c **** 
 517              		.loc 1 332 3 view .LVU175
 335:Drivers/STM32F3xx_HAL_Driver/Src/stm32f3xx_hal_dma.c **** 
 518              		.loc 1 335 3 view .LVU176
 335:Drivers/STM32F3xx_HAL_Driver/Src/stm32f3xx_hal_dma.c **** 
 519              		.loc 1 335 3 view .LVU177
 520 0004 90F82000 		ldrb	r0, [r0, #32]	@ zero_extendqisi2
 521              	.LVL29:
 335:Drivers/STM32F3xx_HAL_Driver/Src/stm32f3xx_hal_dma.c **** 
 522              		.loc 1 335 3 is_stmt 0 view .LVU178
 523 0008 0128     		cmp	r0, #1
ARM GAS  /tmp/cctQcci2.s 			page 28


 524 000a 31D0     		beq	.L36
 335:Drivers/STM32F3xx_HAL_Driver/Src/stm32f3xx_hal_dma.c **** 
 525              		.loc 1 335 3 is_stmt 1 discriminator 2 view .LVU179
 526 000c 0120     		movs	r0, #1
 527 000e 84F82000 		strb	r0, [r4, #32]
 335:Drivers/STM32F3xx_HAL_Driver/Src/stm32f3xx_hal_dma.c **** 
 528              		.loc 1 335 3 discriminator 2 view .LVU180
 337:Drivers/STM32F3xx_HAL_Driver/Src/stm32f3xx_hal_dma.c ****   {
 529              		.loc 1 337 3 view .LVU181
 337:Drivers/STM32F3xx_HAL_Driver/Src/stm32f3xx_hal_dma.c ****   {
 530              		.loc 1 337 33 is_stmt 0 view .LVU182
 531 0012 94F82100 		ldrb	r0, [r4, #33]	@ zero_extendqisi2
 337:Drivers/STM32F3xx_HAL_Driver/Src/stm32f3xx_hal_dma.c ****   {
 532              		.loc 1 337 5 view .LVU183
 533 0016 0128     		cmp	r0, #1
 534 0018 04D0     		beq	.L38
 368:Drivers/STM32F3xx_HAL_Driver/Src/stm32f3xx_hal_dma.c **** 
 535              		.loc 1 368 5 is_stmt 1 view .LVU184
 368:Drivers/STM32F3xx_HAL_Driver/Src/stm32f3xx_hal_dma.c **** 
 536              		.loc 1 368 5 view .LVU185
 537 001a 0023     		movs	r3, #0
 538              	.LVL30:
 368:Drivers/STM32F3xx_HAL_Driver/Src/stm32f3xx_hal_dma.c **** 
 539              		.loc 1 368 5 is_stmt 0 view .LVU186
 540 001c 84F82030 		strb	r3, [r4, #32]
 368:Drivers/STM32F3xx_HAL_Driver/Src/stm32f3xx_hal_dma.c **** 
 541              		.loc 1 368 5 is_stmt 1 view .LVU187
 371:Drivers/STM32F3xx_HAL_Driver/Src/stm32f3xx_hal_dma.c ****   }
 542              		.loc 1 371 5 view .LVU188
 543              	.LVL31:
 371:Drivers/STM32F3xx_HAL_Driver/Src/stm32f3xx_hal_dma.c ****   }
 544              		.loc 1 371 12 is_stmt 0 view .LVU189
 545 0020 0220     		movs	r0, #2
 546              	.LVL32:
 547              	.L32:
 375:Drivers/STM32F3xx_HAL_Driver/Src/stm32f3xx_hal_dma.c **** 
 548              		.loc 1 375 1 view .LVU190
 549 0022 38BD     		pop	{r3, r4, r5, pc}
 550              	.LVL33:
 551              	.L38:
 340:Drivers/STM32F3xx_HAL_Driver/Src/stm32f3xx_hal_dma.c **** 
 552              		.loc 1 340 5 is_stmt 1 view .LVU191
 340:Drivers/STM32F3xx_HAL_Driver/Src/stm32f3xx_hal_dma.c **** 
 553              		.loc 1 340 17 is_stmt 0 view .LVU192
 554 0024 0220     		movs	r0, #2
 555 0026 84F82100 		strb	r0, [r4, #33]
 342:Drivers/STM32F3xx_HAL_Driver/Src/stm32f3xx_hal_dma.c **** 
 556              		.loc 1 342 5 is_stmt 1 view .LVU193
 342:Drivers/STM32F3xx_HAL_Driver/Src/stm32f3xx_hal_dma.c **** 
 557              		.loc 1 342 21 is_stmt 0 view .LVU194
 558 002a 0020     		movs	r0, #0
 559 002c A063     		str	r0, [r4, #56]
 345:Drivers/STM32F3xx_HAL_Driver/Src/stm32f3xx_hal_dma.c **** 
 560              		.loc 1 345 5 is_stmt 1 view .LVU195
 345:Drivers/STM32F3xx_HAL_Driver/Src/stm32f3xx_hal_dma.c **** 
 561              		.loc 1 345 9 is_stmt 0 view .LVU196
 562 002e 2568     		ldr	r5, [r4]
ARM GAS  /tmp/cctQcci2.s 			page 29


 345:Drivers/STM32F3xx_HAL_Driver/Src/stm32f3xx_hal_dma.c **** 
 563              		.loc 1 345 19 view .LVU197
 564 0030 2868     		ldr	r0, [r5]
 345:Drivers/STM32F3xx_HAL_Driver/Src/stm32f3xx_hal_dma.c **** 
 565              		.loc 1 345 25 view .LVU198
 566 0032 20F00100 		bic	r0, r0, #1
 567 0036 2860     		str	r0, [r5]
 348:Drivers/STM32F3xx_HAL_Driver/Src/stm32f3xx_hal_dma.c **** 
 568              		.loc 1 348 5 is_stmt 1 view .LVU199
 569 0038 2046     		mov	r0, r4
 570 003a FFF7FEFF 		bl	DMA_SetConfig
 571              	.LVL34:
 352:Drivers/STM32F3xx_HAL_Driver/Src/stm32f3xx_hal_dma.c ****     {
 572              		.loc 1 352 5 view .LVU200
 352:Drivers/STM32F3xx_HAL_Driver/Src/stm32f3xx_hal_dma.c ****     {
 573              		.loc 1 352 20 is_stmt 0 view .LVU201
 574 003e E36A     		ldr	r3, [r4, #44]
 352:Drivers/STM32F3xx_HAL_Driver/Src/stm32f3xx_hal_dma.c ****     {
 575              		.loc 1 352 7 view .LVU202
 576 0040 5BB1     		cbz	r3, .L34
 354:Drivers/STM32F3xx_HAL_Driver/Src/stm32f3xx_hal_dma.c ****     }
 577              		.loc 1 354 7 is_stmt 1 view .LVU203
 354:Drivers/STM32F3xx_HAL_Driver/Src/stm32f3xx_hal_dma.c ****     }
 578              		.loc 1 354 11 is_stmt 0 view .LVU204
 579 0042 2268     		ldr	r2, [r4]
 354:Drivers/STM32F3xx_HAL_Driver/Src/stm32f3xx_hal_dma.c ****     }
 580              		.loc 1 354 21 view .LVU205
 581 0044 1368     		ldr	r3, [r2]
 354:Drivers/STM32F3xx_HAL_Driver/Src/stm32f3xx_hal_dma.c ****     }
 582              		.loc 1 354 27 view .LVU206
 583 0046 43F00E03 		orr	r3, r3, #14
 584 004a 1360     		str	r3, [r2]
 585              	.L35:
 363:Drivers/STM32F3xx_HAL_Driver/Src/stm32f3xx_hal_dma.c ****   }
 586              		.loc 1 363 5 is_stmt 1 view .LVU207
 363:Drivers/STM32F3xx_HAL_Driver/Src/stm32f3xx_hal_dma.c ****   }
 587              		.loc 1 363 9 is_stmt 0 view .LVU208
 588 004c 2268     		ldr	r2, [r4]
 363:Drivers/STM32F3xx_HAL_Driver/Src/stm32f3xx_hal_dma.c ****   }
 589              		.loc 1 363 19 view .LVU209
 590 004e 1368     		ldr	r3, [r2]
 363:Drivers/STM32F3xx_HAL_Driver/Src/stm32f3xx_hal_dma.c ****   }
 591              		.loc 1 363 25 view .LVU210
 592 0050 43F00103 		orr	r3, r3, #1
 593 0054 1360     		str	r3, [r2]
 329:Drivers/STM32F3xx_HAL_Driver/Src/stm32f3xx_hal_dma.c **** 
 594              		.loc 1 329 21 view .LVU211
 595 0056 0020     		movs	r0, #0
 596 0058 E3E7     		b	.L32
 597              	.L34:
 358:Drivers/STM32F3xx_HAL_Driver/Src/stm32f3xx_hal_dma.c ****       hdma->Instance->CCR &= ~DMA_IT_HT;
 598              		.loc 1 358 7 is_stmt 1 view .LVU212
 358:Drivers/STM32F3xx_HAL_Driver/Src/stm32f3xx_hal_dma.c ****       hdma->Instance->CCR &= ~DMA_IT_HT;
 599              		.loc 1 358 11 is_stmt 0 view .LVU213
 600 005a 2268     		ldr	r2, [r4]
 358:Drivers/STM32F3xx_HAL_Driver/Src/stm32f3xx_hal_dma.c ****       hdma->Instance->CCR &= ~DMA_IT_HT;
 601              		.loc 1 358 21 view .LVU214
ARM GAS  /tmp/cctQcci2.s 			page 30


 602 005c 1368     		ldr	r3, [r2]
 358:Drivers/STM32F3xx_HAL_Driver/Src/stm32f3xx_hal_dma.c ****       hdma->Instance->CCR &= ~DMA_IT_HT;
 603              		.loc 1 358 27 view .LVU215
 604 005e 43F00A03 		orr	r3, r3, #10
 605 0062 1360     		str	r3, [r2]
 359:Drivers/STM32F3xx_HAL_Driver/Src/stm32f3xx_hal_dma.c ****     }
 606              		.loc 1 359 7 is_stmt 1 view .LVU216
 359:Drivers/STM32F3xx_HAL_Driver/Src/stm32f3xx_hal_dma.c ****     }
 607              		.loc 1 359 11 is_stmt 0 view .LVU217
 608 0064 2268     		ldr	r2, [r4]
 359:Drivers/STM32F3xx_HAL_Driver/Src/stm32f3xx_hal_dma.c ****     }
 609              		.loc 1 359 21 view .LVU218
 610 0066 1368     		ldr	r3, [r2]
 359:Drivers/STM32F3xx_HAL_Driver/Src/stm32f3xx_hal_dma.c ****     }
 611              		.loc 1 359 27 view .LVU219
 612 0068 23F00403 		bic	r3, r3, #4
 613 006c 1360     		str	r3, [r2]
 614 006e EDE7     		b	.L35
 615              	.LVL35:
 616              	.L36:
 335:Drivers/STM32F3xx_HAL_Driver/Src/stm32f3xx_hal_dma.c **** 
 617              		.loc 1 335 3 discriminator 1 view .LVU220
 618 0070 0220     		movs	r0, #2
 619 0072 D6E7     		b	.L32
 620              		.cfi_endproc
 621              	.LFE133:
 623              		.section	.text.HAL_DMA_Abort,"ax",%progbits
 624              		.align	1
 625              		.global	HAL_DMA_Abort
 626              		.syntax unified
 627              		.thumb
 628              		.thumb_func
 630              	HAL_DMA_Abort:
 631              	.LVL36:
 632              	.LFB134:
 384:Drivers/STM32F3xx_HAL_Driver/Src/stm32f3xx_hal_dma.c ****   /* Check the DMA handle allocation */
 633              		.loc 1 384 1 is_stmt 1 view -0
 634              		.cfi_startproc
 635              		@ args = 0, pretend = 0, frame = 0
 636              		@ frame_needed = 0, uses_anonymous_args = 0
 637              		@ link register save eliminated.
 386:Drivers/STM32F3xx_HAL_Driver/Src/stm32f3xx_hal_dma.c ****   {
 638              		.loc 1 386 3 view .LVU222
 386:Drivers/STM32F3xx_HAL_Driver/Src/stm32f3xx_hal_dma.c ****   {
 639              		.loc 1 386 5 is_stmt 0 view .LVU223
 640 0000 0346     		mov	r3, r0
 641 0002 00B3     		cbz	r0, .L42
 391:Drivers/STM32F3xx_HAL_Driver/Src/stm32f3xx_hal_dma.c ****   {
 642              		.loc 1 391 3 is_stmt 1 view .LVU224
 391:Drivers/STM32F3xx_HAL_Driver/Src/stm32f3xx_hal_dma.c ****   {
 643              		.loc 1 391 10 is_stmt 0 view .LVU225
 644 0004 90F82120 		ldrb	r2, [r0, #33]	@ zero_extendqisi2
 391:Drivers/STM32F3xx_HAL_Driver/Src/stm32f3xx_hal_dma.c ****   {
 645              		.loc 1 391 5 view .LVU226
 646 0008 022A     		cmp	r2, #2
 647 000a 06D0     		beq	.L41
 394:Drivers/STM32F3xx_HAL_Driver/Src/stm32f3xx_hal_dma.c **** 
ARM GAS  /tmp/cctQcci2.s 			page 31


 648              		.loc 1 394 5 is_stmt 1 view .LVU227
 394:Drivers/STM32F3xx_HAL_Driver/Src/stm32f3xx_hal_dma.c **** 
 649              		.loc 1 394 21 is_stmt 0 view .LVU228
 650 000c 0422     		movs	r2, #4
 651 000e 8263     		str	r2, [r0, #56]
 397:Drivers/STM32F3xx_HAL_Driver/Src/stm32f3xx_hal_dma.c **** 
 652              		.loc 1 397 5 is_stmt 1 view .LVU229
 397:Drivers/STM32F3xx_HAL_Driver/Src/stm32f3xx_hal_dma.c **** 
 653              		.loc 1 397 5 view .LVU230
 654 0010 0022     		movs	r2, #0
 655 0012 80F82020 		strb	r2, [r0, #32]
 397:Drivers/STM32F3xx_HAL_Driver/Src/stm32f3xx_hal_dma.c **** 
 656              		.loc 1 397 5 view .LVU231
 399:Drivers/STM32F3xx_HAL_Driver/Src/stm32f3xx_hal_dma.c ****   }
 657              		.loc 1 399 5 view .LVU232
 399:Drivers/STM32F3xx_HAL_Driver/Src/stm32f3xx_hal_dma.c ****   }
 658              		.loc 1 399 12 is_stmt 0 view .LVU233
 659 0016 0120     		movs	r0, #1
 660              	.LVL37:
 399:Drivers/STM32F3xx_HAL_Driver/Src/stm32f3xx_hal_dma.c ****   }
 661              		.loc 1 399 12 view .LVU234
 662 0018 7047     		bx	lr
 663              	.LVL38:
 664              	.L41:
 404:Drivers/STM32F3xx_HAL_Driver/Src/stm32f3xx_hal_dma.c **** 
 665              		.loc 1 404 5 is_stmt 1 view .LVU235
 404:Drivers/STM32F3xx_HAL_Driver/Src/stm32f3xx_hal_dma.c **** 
 666              		.loc 1 404 9 is_stmt 0 view .LVU236
 667 001a 0168     		ldr	r1, [r0]
 404:Drivers/STM32F3xx_HAL_Driver/Src/stm32f3xx_hal_dma.c **** 
 668              		.loc 1 404 19 view .LVU237
 669 001c 0A68     		ldr	r2, [r1]
 404:Drivers/STM32F3xx_HAL_Driver/Src/stm32f3xx_hal_dma.c **** 
 670              		.loc 1 404 25 view .LVU238
 671 001e 22F00E02 		bic	r2, r2, #14
 672 0022 0A60     		str	r2, [r1]
 407:Drivers/STM32F3xx_HAL_Driver/Src/stm32f3xx_hal_dma.c **** 
 673              		.loc 1 407 5 is_stmt 1 view .LVU239
 407:Drivers/STM32F3xx_HAL_Driver/Src/stm32f3xx_hal_dma.c **** 
 674              		.loc 1 407 9 is_stmt 0 view .LVU240
 675 0024 0168     		ldr	r1, [r0]
 407:Drivers/STM32F3xx_HAL_Driver/Src/stm32f3xx_hal_dma.c **** 
 676              		.loc 1 407 19 view .LVU241
 677 0026 0A68     		ldr	r2, [r1]
 407:Drivers/STM32F3xx_HAL_Driver/Src/stm32f3xx_hal_dma.c **** 
 678              		.loc 1 407 25 view .LVU242
 679 0028 22F00102 		bic	r2, r2, #1
 680 002c 0A60     		str	r2, [r1]
 410:Drivers/STM32F3xx_HAL_Driver/Src/stm32f3xx_hal_dma.c ****   }
 681              		.loc 1 410 5 is_stmt 1 view .LVU243
 410:Drivers/STM32F3xx_HAL_Driver/Src/stm32f3xx_hal_dma.c ****   }
 682              		.loc 1 410 55 is_stmt 0 view .LVU244
 683 002e 026C     		ldr	r2, [r0, #64]
 410:Drivers/STM32F3xx_HAL_Driver/Src/stm32f3xx_hal_dma.c ****   }
 684              		.loc 1 410 9 view .LVU245
 685 0030 C06B     		ldr	r0, [r0, #60]
 686              	.LVL39:
ARM GAS  /tmp/cctQcci2.s 			page 32


 410:Drivers/STM32F3xx_HAL_Driver/Src/stm32f3xx_hal_dma.c ****   }
 687              		.loc 1 410 48 view .LVU246
 688 0032 0121     		movs	r1, #1
 689 0034 01FA02F2 		lsl	r2, r1, r2
 410:Drivers/STM32F3xx_HAL_Driver/Src/stm32f3xx_hal_dma.c ****   }
 690              		.loc 1 410 32 view .LVU247
 691 0038 4260     		str	r2, [r0, #4]
 413:Drivers/STM32F3xx_HAL_Driver/Src/stm32f3xx_hal_dma.c **** 
 692              		.loc 1 413 3 is_stmt 1 view .LVU248
 413:Drivers/STM32F3xx_HAL_Driver/Src/stm32f3xx_hal_dma.c **** 
 693              		.loc 1 413 15 is_stmt 0 view .LVU249
 694 003a 83F82110 		strb	r1, [r3, #33]
 416:Drivers/STM32F3xx_HAL_Driver/Src/stm32f3xx_hal_dma.c **** 
 695              		.loc 1 416 3 is_stmt 1 view .LVU250
 416:Drivers/STM32F3xx_HAL_Driver/Src/stm32f3xx_hal_dma.c **** 
 696              		.loc 1 416 3 view .LVU251
 697 003e 0020     		movs	r0, #0
 698 0040 83F82000 		strb	r0, [r3, #32]
 416:Drivers/STM32F3xx_HAL_Driver/Src/stm32f3xx_hal_dma.c **** 
 699              		.loc 1 416 3 view .LVU252
 418:Drivers/STM32F3xx_HAL_Driver/Src/stm32f3xx_hal_dma.c **** }
 700              		.loc 1 418 3 view .LVU253
 418:Drivers/STM32F3xx_HAL_Driver/Src/stm32f3xx_hal_dma.c **** }
 701              		.loc 1 418 10 is_stmt 0 view .LVU254
 702 0044 7047     		bx	lr
 703              	.LVL40:
 704              	.L42:
 388:Drivers/STM32F3xx_HAL_Driver/Src/stm32f3xx_hal_dma.c ****   }
 705              		.loc 1 388 12 view .LVU255
 706 0046 0120     		movs	r0, #1
 707              	.LVL41:
 419:Drivers/STM32F3xx_HAL_Driver/Src/stm32f3xx_hal_dma.c **** 
 708              		.loc 1 419 1 view .LVU256
 709 0048 7047     		bx	lr
 710              		.cfi_endproc
 711              	.LFE134:
 713              		.section	.text.HAL_DMA_Abort_IT,"ax",%progbits
 714              		.align	1
 715              		.global	HAL_DMA_Abort_IT
 716              		.syntax unified
 717              		.thumb
 718              		.thumb_func
 720              	HAL_DMA_Abort_IT:
 721              	.LVL42:
 722              	.LFB135:
 428:Drivers/STM32F3xx_HAL_Driver/Src/stm32f3xx_hal_dma.c ****   HAL_StatusTypeDef status = HAL_OK;
 723              		.loc 1 428 1 is_stmt 1 view -0
 724              		.cfi_startproc
 725              		@ args = 0, pretend = 0, frame = 0
 726              		@ frame_needed = 0, uses_anonymous_args = 0
 428:Drivers/STM32F3xx_HAL_Driver/Src/stm32f3xx_hal_dma.c ****   HAL_StatusTypeDef status = HAL_OK;
 727              		.loc 1 428 1 is_stmt 0 view .LVU258
 728 0000 08B5     		push	{r3, lr}
 729              	.LCFI9:
 730              		.cfi_def_cfa_offset 8
 731              		.cfi_offset 3, -8
 732              		.cfi_offset 14, -4
ARM GAS  /tmp/cctQcci2.s 			page 33


 429:Drivers/STM32F3xx_HAL_Driver/Src/stm32f3xx_hal_dma.c **** 
 733              		.loc 1 429 3 is_stmt 1 view .LVU259
 734              	.LVL43:
 431:Drivers/STM32F3xx_HAL_Driver/Src/stm32f3xx_hal_dma.c ****   {
 735              		.loc 1 431 3 view .LVU260
 431:Drivers/STM32F3xx_HAL_Driver/Src/stm32f3xx_hal_dma.c ****   {
 736              		.loc 1 431 32 is_stmt 0 view .LVU261
 737 0002 90F82130 		ldrb	r3, [r0, #33]	@ zero_extendqisi2
 431:Drivers/STM32F3xx_HAL_Driver/Src/stm32f3xx_hal_dma.c ****   {
 738              		.loc 1 431 5 view .LVU262
 739 0006 022B     		cmp	r3, #2
 740 0008 03D0     		beq	.L44
 434:Drivers/STM32F3xx_HAL_Driver/Src/stm32f3xx_hal_dma.c **** 
 741              		.loc 1 434 5 is_stmt 1 view .LVU263
 434:Drivers/STM32F3xx_HAL_Driver/Src/stm32f3xx_hal_dma.c **** 
 742              		.loc 1 434 21 is_stmt 0 view .LVU264
 743 000a 0423     		movs	r3, #4
 744 000c 8363     		str	r3, [r0, #56]
 436:Drivers/STM32F3xx_HAL_Driver/Src/stm32f3xx_hal_dma.c ****   }
 745              		.loc 1 436 5 is_stmt 1 view .LVU265
 746              	.LVL44:
 436:Drivers/STM32F3xx_HAL_Driver/Src/stm32f3xx_hal_dma.c ****   }
 747              		.loc 1 436 12 is_stmt 0 view .LVU266
 748 000e 0120     		movs	r0, #1
 749              	.LVL45:
 750              	.L45:
 461:Drivers/STM32F3xx_HAL_Driver/Src/stm32f3xx_hal_dma.c **** }
 751              		.loc 1 461 3 is_stmt 1 view .LVU267
 462:Drivers/STM32F3xx_HAL_Driver/Src/stm32f3xx_hal_dma.c **** 
 752              		.loc 1 462 1 is_stmt 0 view .LVU268
 753 0010 08BD     		pop	{r3, pc}
 754              	.LVL46:
 755              	.L44:
 441:Drivers/STM32F3xx_HAL_Driver/Src/stm32f3xx_hal_dma.c **** 
 756              		.loc 1 441 5 is_stmt 1 view .LVU269
 441:Drivers/STM32F3xx_HAL_Driver/Src/stm32f3xx_hal_dma.c **** 
 757              		.loc 1 441 9 is_stmt 0 view .LVU270
 758 0012 0268     		ldr	r2, [r0]
 441:Drivers/STM32F3xx_HAL_Driver/Src/stm32f3xx_hal_dma.c **** 
 759              		.loc 1 441 19 view .LVU271
 760 0014 1368     		ldr	r3, [r2]
 441:Drivers/STM32F3xx_HAL_Driver/Src/stm32f3xx_hal_dma.c **** 
 761              		.loc 1 441 25 view .LVU272
 762 0016 23F00E03 		bic	r3, r3, #14
 763 001a 1360     		str	r3, [r2]
 444:Drivers/STM32F3xx_HAL_Driver/Src/stm32f3xx_hal_dma.c **** 
 764              		.loc 1 444 5 is_stmt 1 view .LVU273
 444:Drivers/STM32F3xx_HAL_Driver/Src/stm32f3xx_hal_dma.c **** 
 765              		.loc 1 444 9 is_stmt 0 view .LVU274
 766 001c 0268     		ldr	r2, [r0]
 444:Drivers/STM32F3xx_HAL_Driver/Src/stm32f3xx_hal_dma.c **** 
 767              		.loc 1 444 19 view .LVU275
 768 001e 1368     		ldr	r3, [r2]
 444:Drivers/STM32F3xx_HAL_Driver/Src/stm32f3xx_hal_dma.c **** 
 769              		.loc 1 444 25 view .LVU276
 770 0020 23F00103 		bic	r3, r3, #1
 771 0024 1360     		str	r3, [r2]
ARM GAS  /tmp/cctQcci2.s 			page 34


 447:Drivers/STM32F3xx_HAL_Driver/Src/stm32f3xx_hal_dma.c **** 
 772              		.loc 1 447 5 is_stmt 1 view .LVU277
 447:Drivers/STM32F3xx_HAL_Driver/Src/stm32f3xx_hal_dma.c **** 
 773              		.loc 1 447 54 is_stmt 0 view .LVU278
 774 0026 036C     		ldr	r3, [r0, #64]
 447:Drivers/STM32F3xx_HAL_Driver/Src/stm32f3xx_hal_dma.c **** 
 775              		.loc 1 447 9 view .LVU279
 776 0028 C16B     		ldr	r1, [r0, #60]
 447:Drivers/STM32F3xx_HAL_Driver/Src/stm32f3xx_hal_dma.c **** 
 777              		.loc 1 447 47 view .LVU280
 778 002a 0122     		movs	r2, #1
 779 002c 02FA03F3 		lsl	r3, r2, r3
 447:Drivers/STM32F3xx_HAL_Driver/Src/stm32f3xx_hal_dma.c **** 
 780              		.loc 1 447 32 view .LVU281
 781 0030 4B60     		str	r3, [r1, #4]
 450:Drivers/STM32F3xx_HAL_Driver/Src/stm32f3xx_hal_dma.c **** 
 782              		.loc 1 450 5 is_stmt 1 view .LVU282
 450:Drivers/STM32F3xx_HAL_Driver/Src/stm32f3xx_hal_dma.c **** 
 783              		.loc 1 450 17 is_stmt 0 view .LVU283
 784 0032 80F82120 		strb	r2, [r0, #33]
 453:Drivers/STM32F3xx_HAL_Driver/Src/stm32f3xx_hal_dma.c **** 
 785              		.loc 1 453 5 is_stmt 1 view .LVU284
 453:Drivers/STM32F3xx_HAL_Driver/Src/stm32f3xx_hal_dma.c **** 
 786              		.loc 1 453 5 view .LVU285
 787 0036 0023     		movs	r3, #0
 788 0038 80F82030 		strb	r3, [r0, #32]
 453:Drivers/STM32F3xx_HAL_Driver/Src/stm32f3xx_hal_dma.c **** 
 789              		.loc 1 453 5 view .LVU286
 456:Drivers/STM32F3xx_HAL_Driver/Src/stm32f3xx_hal_dma.c ****     {
 790              		.loc 1 456 5 view .LVU287
 456:Drivers/STM32F3xx_HAL_Driver/Src/stm32f3xx_hal_dma.c ****     {
 791              		.loc 1 456 12 is_stmt 0 view .LVU288
 792 003c 436B     		ldr	r3, [r0, #52]
 456:Drivers/STM32F3xx_HAL_Driver/Src/stm32f3xx_hal_dma.c ****     {
 793              		.loc 1 456 7 view .LVU289
 794 003e 13B1     		cbz	r3, .L46
 458:Drivers/STM32F3xx_HAL_Driver/Src/stm32f3xx_hal_dma.c ****     }
 795              		.loc 1 458 7 is_stmt 1 view .LVU290
 796 0040 9847     		blx	r3
 797              	.LVL47:
 429:Drivers/STM32F3xx_HAL_Driver/Src/stm32f3xx_hal_dma.c **** 
 798              		.loc 1 429 21 is_stmt 0 view .LVU291
 799 0042 0020     		movs	r0, #0
 800 0044 E4E7     		b	.L45
 801              	.LVL48:
 802              	.L46:
 429:Drivers/STM32F3xx_HAL_Driver/Src/stm32f3xx_hal_dma.c **** 
 803              		.loc 1 429 21 view .LVU292
 804 0046 0020     		movs	r0, #0
 805              	.LVL49:
 429:Drivers/STM32F3xx_HAL_Driver/Src/stm32f3xx_hal_dma.c **** 
 806              		.loc 1 429 21 view .LVU293
 807 0048 E2E7     		b	.L45
 808              		.cfi_endproc
 809              	.LFE135:
 811              		.section	.text.HAL_DMA_PollForTransfer,"ax",%progbits
 812              		.align	1
ARM GAS  /tmp/cctQcci2.s 			page 35


 813              		.global	HAL_DMA_PollForTransfer
 814              		.syntax unified
 815              		.thumb
 816              		.thumb_func
 818              	HAL_DMA_PollForTransfer:
 819              	.LVL50:
 820              	.LFB136:
 473:Drivers/STM32F3xx_HAL_Driver/Src/stm32f3xx_hal_dma.c ****   uint32_t temp;
 821              		.loc 1 473 1 is_stmt 1 view -0
 822              		.cfi_startproc
 823              		@ args = 0, pretend = 0, frame = 0
 824              		@ frame_needed = 0, uses_anonymous_args = 0
 473:Drivers/STM32F3xx_HAL_Driver/Src/stm32f3xx_hal_dma.c ****   uint32_t temp;
 825              		.loc 1 473 1 is_stmt 0 view .LVU295
 826 0000 2DE9F843 		push	{r3, r4, r5, r6, r7, r8, r9, lr}
 827              	.LCFI10:
 828              		.cfi_def_cfa_offset 32
 829              		.cfi_offset 3, -32
 830              		.cfi_offset 4, -28
 831              		.cfi_offset 5, -24
 832              		.cfi_offset 6, -20
 833              		.cfi_offset 7, -16
 834              		.cfi_offset 8, -12
 835              		.cfi_offset 9, -8
 836              		.cfi_offset 14, -4
 837 0004 0446     		mov	r4, r0
 474:Drivers/STM32F3xx_HAL_Driver/Src/stm32f3xx_hal_dma.c ****   uint32_t tickstart = 0U;
 838              		.loc 1 474 3 is_stmt 1 view .LVU296
 475:Drivers/STM32F3xx_HAL_Driver/Src/stm32f3xx_hal_dma.c **** 
 839              		.loc 1 475 3 view .LVU297
 840              	.LVL51:
 477:Drivers/STM32F3xx_HAL_Driver/Src/stm32f3xx_hal_dma.c ****   {
 841              		.loc 1 477 3 view .LVU298
 477:Drivers/STM32F3xx_HAL_Driver/Src/stm32f3xx_hal_dma.c ****   {
 842              		.loc 1 477 32 is_stmt 0 view .LVU299
 843 0006 90F82130 		ldrb	r3, [r0, #33]	@ zero_extendqisi2
 477:Drivers/STM32F3xx_HAL_Driver/Src/stm32f3xx_hal_dma.c ****   {
 844              		.loc 1 477 5 view .LVU300
 845 000a 022B     		cmp	r3, #2
 846 000c 07D0     		beq	.L49
 480:Drivers/STM32F3xx_HAL_Driver/Src/stm32f3xx_hal_dma.c ****     __HAL_UNLOCK(hdma);
 847              		.loc 1 480 5 is_stmt 1 view .LVU301
 480:Drivers/STM32F3xx_HAL_Driver/Src/stm32f3xx_hal_dma.c ****     __HAL_UNLOCK(hdma);
 848              		.loc 1 480 21 is_stmt 0 view .LVU302
 849 000e 0423     		movs	r3, #4
 850 0010 8363     		str	r3, [r0, #56]
 481:Drivers/STM32F3xx_HAL_Driver/Src/stm32f3xx_hal_dma.c ****     return HAL_ERROR;
 851              		.loc 1 481 5 is_stmt 1 view .LVU303
 481:Drivers/STM32F3xx_HAL_Driver/Src/stm32f3xx_hal_dma.c ****     return HAL_ERROR;
 852              		.loc 1 481 5 view .LVU304
 853 0012 0023     		movs	r3, #0
 854 0014 80F82030 		strb	r3, [r0, #32]
 481:Drivers/STM32F3xx_HAL_Driver/Src/stm32f3xx_hal_dma.c ****     return HAL_ERROR;
 855              		.loc 1 481 5 view .LVU305
 482:Drivers/STM32F3xx_HAL_Driver/Src/stm32f3xx_hal_dma.c ****   }
 856              		.loc 1 482 5 view .LVU306
 482:Drivers/STM32F3xx_HAL_Driver/Src/stm32f3xx_hal_dma.c ****   }
ARM GAS  /tmp/cctQcci2.s 			page 36


 857              		.loc 1 482 12 is_stmt 0 view .LVU307
 858 0018 0120     		movs	r0, #1
 859              	.LVL52:
 860              	.L50:
 565:Drivers/STM32F3xx_HAL_Driver/Src/stm32f3xx_hal_dma.c **** 
 861              		.loc 1 565 1 view .LVU308
 862 001a BDE8F883 		pop	{r3, r4, r5, r6, r7, r8, r9, pc}
 863              	.LVL53:
 864              	.L49:
 565:Drivers/STM32F3xx_HAL_Driver/Src/stm32f3xx_hal_dma.c **** 
 865              		.loc 1 565 1 view .LVU309
 866 001e 8846     		mov	r8, r1
 867 0020 1646     		mov	r6, r2
 486:Drivers/STM32F3xx_HAL_Driver/Src/stm32f3xx_hal_dma.c ****   {
 868              		.loc 1 486 3 is_stmt 1 view .LVU310
 486:Drivers/STM32F3xx_HAL_Driver/Src/stm32f3xx_hal_dma.c ****   {
 869              		.loc 1 486 21 is_stmt 0 view .LVU311
 870 0022 0368     		ldr	r3, [r0]
 486:Drivers/STM32F3xx_HAL_Driver/Src/stm32f3xx_hal_dma.c ****   {
 871              		.loc 1 486 31 view .LVU312
 872 0024 1B68     		ldr	r3, [r3]
 486:Drivers/STM32F3xx_HAL_Driver/Src/stm32f3xx_hal_dma.c ****   {
 873              		.loc 1 486 6 view .LVU313
 874 0026 13F0200F 		tst	r3, #32
 875 002a 23D1     		bne	.L62
 493:Drivers/STM32F3xx_HAL_Driver/Src/stm32f3xx_hal_dma.c ****   {
 876              		.loc 1 493 3 is_stmt 1 view .LVU314
 493:Drivers/STM32F3xx_HAL_Driver/Src/stm32f3xx_hal_dma.c ****   {
 877              		.loc 1 493 5 is_stmt 0 view .LVU315
 878 002c 39BB     		cbnz	r1, .L52
 496:Drivers/STM32F3xx_HAL_Driver/Src/stm32f3xx_hal_dma.c ****   }
 879              		.loc 1 496 5 is_stmt 1 view .LVU316
 496:Drivers/STM32F3xx_HAL_Driver/Src/stm32f3xx_hal_dma.c ****   }
 880              		.loc 1 496 32 is_stmt 0 view .LVU317
 881 002e 036C     		ldr	r3, [r0, #64]
 496:Drivers/STM32F3xx_HAL_Driver/Src/stm32f3xx_hal_dma.c ****   }
 882              		.loc 1 496 10 view .LVU318
 883 0030 0227     		movs	r7, #2
 884 0032 9F40     		lsls	r7, r7, r3
 885              	.LVL54:
 886              	.L53:
 505:Drivers/STM32F3xx_HAL_Driver/Src/stm32f3xx_hal_dma.c **** 
 887              		.loc 1 505 3 is_stmt 1 view .LVU319
 505:Drivers/STM32F3xx_HAL_Driver/Src/stm32f3xx_hal_dma.c **** 
 888              		.loc 1 505 15 is_stmt 0 view .LVU320
 889 0034 FFF7FEFF 		bl	HAL_GetTick
 890              	.LVL55:
 505:Drivers/STM32F3xx_HAL_Driver/Src/stm32f3xx_hal_dma.c **** 
 891              		.loc 1 505 15 view .LVU321
 892 0038 8146     		mov	r9, r0
 893              	.LVL56:
 507:Drivers/STM32F3xx_HAL_Driver/Src/stm32f3xx_hal_dma.c ****   {
 894              		.loc 1 507 3 is_stmt 1 view .LVU322
 895              	.L56:
 507:Drivers/STM32F3xx_HAL_Driver/Src/stm32f3xx_hal_dma.c ****   {
 896              		.loc 1 507 15 view .LVU323
 507:Drivers/STM32F3xx_HAL_Driver/Src/stm32f3xx_hal_dma.c ****   {
ARM GAS  /tmp/cctQcci2.s 			page 37


 897              		.loc 1 507 23 is_stmt 0 view .LVU324
 898 003a E56B     		ldr	r5, [r4, #60]
 507:Drivers/STM32F3xx_HAL_Driver/Src/stm32f3xx_hal_dma.c ****   {
 899              		.loc 1 507 39 view .LVU325
 900 003c 2B68     		ldr	r3, [r5]
 507:Drivers/STM32F3xx_HAL_Driver/Src/stm32f3xx_hal_dma.c ****   {
 901              		.loc 1 507 15 view .LVU326
 902 003e 3B42     		tst	r3, r7
 903 0040 2CD1     		bne	.L63
 509:Drivers/STM32F3xx_HAL_Driver/Src/stm32f3xx_hal_dma.c ****     {
 904              		.loc 1 509 5 is_stmt 1 view .LVU327
 509:Drivers/STM32F3xx_HAL_Driver/Src/stm32f3xx_hal_dma.c ****     {
 905              		.loc 1 509 38 is_stmt 0 view .LVU328
 906 0042 2968     		ldr	r1, [r5]
 509:Drivers/STM32F3xx_HAL_Driver/Src/stm32f3xx_hal_dma.c ****     {
 907              		.loc 1 509 67 view .LVU329
 908 0044 226C     		ldr	r2, [r4, #64]
 509:Drivers/STM32F3xx_HAL_Driver/Src/stm32f3xx_hal_dma.c ****     {
 909              		.loc 1 509 60 view .LVU330
 910 0046 0823     		movs	r3, #8
 911 0048 9340     		lsls	r3, r3, r2
 509:Drivers/STM32F3xx_HAL_Driver/Src/stm32f3xx_hal_dma.c ****     {
 912              		.loc 1 509 7 view .LVU331
 913 004a 1942     		tst	r1, r3
 914 004c 1BD1     		bne	.L64
 528:Drivers/STM32F3xx_HAL_Driver/Src/stm32f3xx_hal_dma.c ****     {
 915              		.loc 1 528 5 is_stmt 1 view .LVU332
 528:Drivers/STM32F3xx_HAL_Driver/Src/stm32f3xx_hal_dma.c ****     {
 916              		.loc 1 528 7 is_stmt 0 view .LVU333
 917 004e B6F1FF3F 		cmp	r6, #-1
 918 0052 F2D0     		beq	.L56
 530:Drivers/STM32F3xx_HAL_Driver/Src/stm32f3xx_hal_dma.c ****       {
 919              		.loc 1 530 7 is_stmt 1 view .LVU334
 530:Drivers/STM32F3xx_HAL_Driver/Src/stm32f3xx_hal_dma.c ****       {
 920              		.loc 1 530 9 is_stmt 0 view .LVU335
 921 0054 2EB1     		cbz	r6, .L57
 530:Drivers/STM32F3xx_HAL_Driver/Src/stm32f3xx_hal_dma.c ****       {
 922              		.loc 1 530 31 discriminator 1 view .LVU336
 923 0056 FFF7FEFF 		bl	HAL_GetTick
 924              	.LVL57:
 530:Drivers/STM32F3xx_HAL_Driver/Src/stm32f3xx_hal_dma.c ****       {
 925              		.loc 1 530 45 discriminator 1 view .LVU337
 926 005a A0EB0900 		sub	r0, r0, r9
 530:Drivers/STM32F3xx_HAL_Driver/Src/stm32f3xx_hal_dma.c ****       {
 927              		.loc 1 530 26 discriminator 1 view .LVU338
 928 005e B042     		cmp	r0, r6
 929 0060 EBD9     		bls	.L56
 930              	.L57:
 533:Drivers/STM32F3xx_HAL_Driver/Src/stm32f3xx_hal_dma.c **** 
 931              		.loc 1 533 9 is_stmt 1 view .LVU339
 533:Drivers/STM32F3xx_HAL_Driver/Src/stm32f3xx_hal_dma.c **** 
 932              		.loc 1 533 25 is_stmt 0 view .LVU340
 933 0062 2023     		movs	r3, #32
 934 0064 A363     		str	r3, [r4, #56]
 536:Drivers/STM32F3xx_HAL_Driver/Src/stm32f3xx_hal_dma.c **** 
 935              		.loc 1 536 9 is_stmt 1 view .LVU341
 536:Drivers/STM32F3xx_HAL_Driver/Src/stm32f3xx_hal_dma.c **** 
ARM GAS  /tmp/cctQcci2.s 			page 38


 936              		.loc 1 536 21 is_stmt 0 view .LVU342
 937 0066 0120     		movs	r0, #1
 938 0068 84F82100 		strb	r0, [r4, #33]
 539:Drivers/STM32F3xx_HAL_Driver/Src/stm32f3xx_hal_dma.c **** 
 939              		.loc 1 539 9 is_stmt 1 view .LVU343
 539:Drivers/STM32F3xx_HAL_Driver/Src/stm32f3xx_hal_dma.c **** 
 940              		.loc 1 539 9 view .LVU344
 941 006c 0023     		movs	r3, #0
 942 006e 84F82030 		strb	r3, [r4, #32]
 539:Drivers/STM32F3xx_HAL_Driver/Src/stm32f3xx_hal_dma.c **** 
 943              		.loc 1 539 9 view .LVU345
 541:Drivers/STM32F3xx_HAL_Driver/Src/stm32f3xx_hal_dma.c ****       }
 944              		.loc 1 541 9 view .LVU346
 541:Drivers/STM32F3xx_HAL_Driver/Src/stm32f3xx_hal_dma.c ****       }
 945              		.loc 1 541 16 is_stmt 0 view .LVU347
 946 0072 D2E7     		b	.L50
 947              	.LVL58:
 948              	.L62:
 488:Drivers/STM32F3xx_HAL_Driver/Src/stm32f3xx_hal_dma.c ****     return HAL_ERROR;
 949              		.loc 1 488 5 is_stmt 1 view .LVU348
 488:Drivers/STM32F3xx_HAL_Driver/Src/stm32f3xx_hal_dma.c ****     return HAL_ERROR;
 950              		.loc 1 488 21 is_stmt 0 view .LVU349
 951 0074 4FF48073 		mov	r3, #256
 952 0078 8363     		str	r3, [r0, #56]
 489:Drivers/STM32F3xx_HAL_Driver/Src/stm32f3xx_hal_dma.c ****   }
 953              		.loc 1 489 5 is_stmt 1 view .LVU350
 489:Drivers/STM32F3xx_HAL_Driver/Src/stm32f3xx_hal_dma.c ****   }
 954              		.loc 1 489 12 is_stmt 0 view .LVU351
 955 007a 0120     		movs	r0, #1
 956              	.LVL59:
 489:Drivers/STM32F3xx_HAL_Driver/Src/stm32f3xx_hal_dma.c ****   }
 957              		.loc 1 489 12 view .LVU352
 958 007c CDE7     		b	.L50
 959              	.LVL60:
 960              	.L52:
 501:Drivers/STM32F3xx_HAL_Driver/Src/stm32f3xx_hal_dma.c ****   }
 961              		.loc 1 501 5 is_stmt 1 view .LVU353
 501:Drivers/STM32F3xx_HAL_Driver/Src/stm32f3xx_hal_dma.c ****   }
 962              		.loc 1 501 32 is_stmt 0 view .LVU354
 963 007e 036C     		ldr	r3, [r0, #64]
 501:Drivers/STM32F3xx_HAL_Driver/Src/stm32f3xx_hal_dma.c ****   }
 964              		.loc 1 501 10 view .LVU355
 965 0080 0427     		movs	r7, #4
 966 0082 9F40     		lsls	r7, r7, r3
 967              	.LVL61:
 501:Drivers/STM32F3xx_HAL_Driver/Src/stm32f3xx_hal_dma.c ****   }
 968              		.loc 1 501 10 view .LVU356
 969 0084 D6E7     		b	.L53
 970              	.LVL62:
 971              	.L64:
 514:Drivers/STM32F3xx_HAL_Driver/Src/stm32f3xx_hal_dma.c **** 
 972              		.loc 1 514 7 is_stmt 1 view .LVU357
 514:Drivers/STM32F3xx_HAL_Driver/Src/stm32f3xx_hal_dma.c **** 
 973              		.loc 1 514 49 is_stmt 0 view .LVU358
 974 0086 0120     		movs	r0, #1
 975 0088 00FA02F2 		lsl	r2, r0, r2
 514:Drivers/STM32F3xx_HAL_Driver/Src/stm32f3xx_hal_dma.c **** 
ARM GAS  /tmp/cctQcci2.s 			page 39


 976              		.loc 1 514 34 view .LVU359
 977 008c 6A60     		str	r2, [r5, #4]
 517:Drivers/STM32F3xx_HAL_Driver/Src/stm32f3xx_hal_dma.c **** 
 978              		.loc 1 517 7 is_stmt 1 view .LVU360
 517:Drivers/STM32F3xx_HAL_Driver/Src/stm32f3xx_hal_dma.c **** 
 979              		.loc 1 517 23 is_stmt 0 view .LVU361
 980 008e A063     		str	r0, [r4, #56]
 520:Drivers/STM32F3xx_HAL_Driver/Src/stm32f3xx_hal_dma.c **** 
 981              		.loc 1 520 7 is_stmt 1 view .LVU362
 520:Drivers/STM32F3xx_HAL_Driver/Src/stm32f3xx_hal_dma.c **** 
 982              		.loc 1 520 18 is_stmt 0 view .LVU363
 983 0090 84F82100 		strb	r0, [r4, #33]
 523:Drivers/STM32F3xx_HAL_Driver/Src/stm32f3xx_hal_dma.c **** 
 984              		.loc 1 523 7 is_stmt 1 view .LVU364
 523:Drivers/STM32F3xx_HAL_Driver/Src/stm32f3xx_hal_dma.c **** 
 985              		.loc 1 523 7 view .LVU365
 986 0094 0023     		movs	r3, #0
 987 0096 84F82030 		strb	r3, [r4, #32]
 523:Drivers/STM32F3xx_HAL_Driver/Src/stm32f3xx_hal_dma.c **** 
 988              		.loc 1 523 7 view .LVU366
 525:Drivers/STM32F3xx_HAL_Driver/Src/stm32f3xx_hal_dma.c ****     }
 989              		.loc 1 525 7 view .LVU367
 525:Drivers/STM32F3xx_HAL_Driver/Src/stm32f3xx_hal_dma.c ****     }
 990              		.loc 1 525 14 is_stmt 0 view .LVU368
 991 009a BEE7     		b	.L50
 992              	.L63:
 546:Drivers/STM32F3xx_HAL_Driver/Src/stm32f3xx_hal_dma.c ****   {
 993              		.loc 1 546 3 is_stmt 1 view .LVU369
 546:Drivers/STM32F3xx_HAL_Driver/Src/stm32f3xx_hal_dma.c ****   {
 994              		.loc 1 546 5 is_stmt 0 view .LVU370
 995 009c B8F1000F 		cmp	r8, #0
 996 00a0 0AD1     		bne	.L59
 549:Drivers/STM32F3xx_HAL_Driver/Src/stm32f3xx_hal_dma.c **** 
 997              		.loc 1 549 5 is_stmt 1 view .LVU371
 549:Drivers/STM32F3xx_HAL_Driver/Src/stm32f3xx_hal_dma.c **** 
 998              		.loc 1 549 54 is_stmt 0 view .LVU372
 999 00a2 226C     		ldr	r2, [r4, #64]
 549:Drivers/STM32F3xx_HAL_Driver/Src/stm32f3xx_hal_dma.c **** 
 1000              		.loc 1 549 47 view .LVU373
 1001 00a4 0223     		movs	r3, #2
 1002 00a6 9340     		lsls	r3, r3, r2
 549:Drivers/STM32F3xx_HAL_Driver/Src/stm32f3xx_hal_dma.c **** 
 1003              		.loc 1 549 32 view .LVU374
 1004 00a8 6B60     		str	r3, [r5, #4]
 553:Drivers/STM32F3xx_HAL_Driver/Src/stm32f3xx_hal_dma.c ****   }
 1005              		.loc 1 553 5 is_stmt 1 view .LVU375
 553:Drivers/STM32F3xx_HAL_Driver/Src/stm32f3xx_hal_dma.c ****   }
 1006              		.loc 1 553 17 is_stmt 0 view .LVU376
 1007 00aa 0123     		movs	r3, #1
 1008 00ac 84F82130 		strb	r3, [r4, #33]
 1009              	.L60:
 562:Drivers/STM32F3xx_HAL_Driver/Src/stm32f3xx_hal_dma.c **** 
 1010              		.loc 1 562 3 is_stmt 1 view .LVU377
 562:Drivers/STM32F3xx_HAL_Driver/Src/stm32f3xx_hal_dma.c **** 
 1011              		.loc 1 562 3 view .LVU378
 1012 00b0 0020     		movs	r0, #0
 1013 00b2 84F82000 		strb	r0, [r4, #32]
ARM GAS  /tmp/cctQcci2.s 			page 40


 562:Drivers/STM32F3xx_HAL_Driver/Src/stm32f3xx_hal_dma.c **** 
 1014              		.loc 1 562 3 view .LVU379
 564:Drivers/STM32F3xx_HAL_Driver/Src/stm32f3xx_hal_dma.c **** }
 1015              		.loc 1 564 3 view .LVU380
 564:Drivers/STM32F3xx_HAL_Driver/Src/stm32f3xx_hal_dma.c **** }
 1016              		.loc 1 564 10 is_stmt 0 view .LVU381
 1017 00b6 B0E7     		b	.L50
 1018              	.L59:
 558:Drivers/STM32F3xx_HAL_Driver/Src/stm32f3xx_hal_dma.c ****   }
 1019              		.loc 1 558 5 is_stmt 1 view .LVU382
 558:Drivers/STM32F3xx_HAL_Driver/Src/stm32f3xx_hal_dma.c ****   }
 1020              		.loc 1 558 54 is_stmt 0 view .LVU383
 1021 00b8 226C     		ldr	r2, [r4, #64]
 558:Drivers/STM32F3xx_HAL_Driver/Src/stm32f3xx_hal_dma.c ****   }
 1022              		.loc 1 558 47 view .LVU384
 1023 00ba 0423     		movs	r3, #4
 1024 00bc 9340     		lsls	r3, r3, r2
 558:Drivers/STM32F3xx_HAL_Driver/Src/stm32f3xx_hal_dma.c ****   }
 1025              		.loc 1 558 32 view .LVU385
 1026 00be 6B60     		str	r3, [r5, #4]
 1027 00c0 F6E7     		b	.L60
 1028              		.cfi_endproc
 1029              	.LFE136:
 1031              		.section	.text.HAL_DMA_IRQHandler,"ax",%progbits
 1032              		.align	1
 1033              		.global	HAL_DMA_IRQHandler
 1034              		.syntax unified
 1035              		.thumb
 1036              		.thumb_func
 1038              	HAL_DMA_IRQHandler:
 1039              	.LVL63:
 1040              	.LFB137:
 574:Drivers/STM32F3xx_HAL_Driver/Src/stm32f3xx_hal_dma.c ****   uint32_t flag_it = hdma->DmaBaseAddress->ISR;
 1041              		.loc 1 574 1 is_stmt 1 view -0
 1042              		.cfi_startproc
 1043              		@ args = 0, pretend = 0, frame = 0
 1044              		@ frame_needed = 0, uses_anonymous_args = 0
 574:Drivers/STM32F3xx_HAL_Driver/Src/stm32f3xx_hal_dma.c ****   uint32_t flag_it = hdma->DmaBaseAddress->ISR;
 1045              		.loc 1 574 1 is_stmt 0 view .LVU387
 1046 0000 38B5     		push	{r3, r4, r5, lr}
 1047              	.LCFI11:
 1048              		.cfi_def_cfa_offset 16
 1049              		.cfi_offset 3, -16
 1050              		.cfi_offset 4, -12
 1051              		.cfi_offset 5, -8
 1052              		.cfi_offset 14, -4
 575:Drivers/STM32F3xx_HAL_Driver/Src/stm32f3xx_hal_dma.c ****   uint32_t source_it = hdma->Instance->CCR;
 1053              		.loc 1 575 3 is_stmt 1 view .LVU388
 575:Drivers/STM32F3xx_HAL_Driver/Src/stm32f3xx_hal_dma.c ****   uint32_t source_it = hdma->Instance->CCR;
 1054              		.loc 1 575 26 is_stmt 0 view .LVU389
 1055 0002 C36B     		ldr	r3, [r0, #60]
 575:Drivers/STM32F3xx_HAL_Driver/Src/stm32f3xx_hal_dma.c ****   uint32_t source_it = hdma->Instance->CCR;
 1056              		.loc 1 575 12 view .LVU390
 1057 0004 1A68     		ldr	r2, [r3]
 1058              	.LVL64:
 576:Drivers/STM32F3xx_HAL_Driver/Src/stm32f3xx_hal_dma.c **** 
 1059              		.loc 1 576 3 is_stmt 1 view .LVU391
ARM GAS  /tmp/cctQcci2.s 			page 41


 576:Drivers/STM32F3xx_HAL_Driver/Src/stm32f3xx_hal_dma.c **** 
 1060              		.loc 1 576 28 is_stmt 0 view .LVU392
 1061 0006 0468     		ldr	r4, [r0]
 576:Drivers/STM32F3xx_HAL_Driver/Src/stm32f3xx_hal_dma.c **** 
 1062              		.loc 1 576 12 view .LVU393
 1063 0008 2568     		ldr	r5, [r4]
 1064              	.LVL65:
 579:Drivers/STM32F3xx_HAL_Driver/Src/stm32f3xx_hal_dma.c ****   {
 1065              		.loc 1 579 3 is_stmt 1 view .LVU394
 579:Drivers/STM32F3xx_HAL_Driver/Src/stm32f3xx_hal_dma.c ****   {
 1066              		.loc 1 579 49 is_stmt 0 view .LVU395
 1067 000a 016C     		ldr	r1, [r0, #64]
 579:Drivers/STM32F3xx_HAL_Driver/Src/stm32f3xx_hal_dma.c ****   {
 1068              		.loc 1 579 42 view .LVU396
 1069 000c 0423     		movs	r3, #4
 1070 000e 8B40     		lsls	r3, r3, r1
 579:Drivers/STM32F3xx_HAL_Driver/Src/stm32f3xx_hal_dma.c ****   {
 1071              		.loc 1 579 6 view .LVU397
 1072 0010 1342     		tst	r3, r2
 1073 0012 13D0     		beq	.L66
 579:Drivers/STM32F3xx_HAL_Driver/Src/stm32f3xx_hal_dma.c ****   {
 1074              		.loc 1 579 67 discriminator 1 view .LVU398
 1075 0014 15F0040F 		tst	r5, #4
 1076 0018 10D0     		beq	.L66
 582:Drivers/STM32F3xx_HAL_Driver/Src/stm32f3xx_hal_dma.c ****     {
 1077              		.loc 1 582 5 is_stmt 1 view .LVU399
 582:Drivers/STM32F3xx_HAL_Driver/Src/stm32f3xx_hal_dma.c ****     {
 1078              		.loc 1 582 23 is_stmt 0 view .LVU400
 1079 001a 2368     		ldr	r3, [r4]
 582:Drivers/STM32F3xx_HAL_Driver/Src/stm32f3xx_hal_dma.c ****     {
 1080              		.loc 1 582 7 view .LVU401
 1081 001c 13F0200F 		tst	r3, #32
 1082 0020 03D1     		bne	.L67
 585:Drivers/STM32F3xx_HAL_Driver/Src/stm32f3xx_hal_dma.c ****     }
 1083              		.loc 1 585 7 is_stmt 1 view .LVU402
 585:Drivers/STM32F3xx_HAL_Driver/Src/stm32f3xx_hal_dma.c ****     }
 1084              		.loc 1 585 21 is_stmt 0 view .LVU403
 1085 0022 2368     		ldr	r3, [r4]
 585:Drivers/STM32F3xx_HAL_Driver/Src/stm32f3xx_hal_dma.c ****     }
 1086              		.loc 1 585 27 view .LVU404
 1087 0024 23F00403 		bic	r3, r3, #4
 1088 0028 2360     		str	r3, [r4]
 1089              	.L67:
 589:Drivers/STM32F3xx_HAL_Driver/Src/stm32f3xx_hal_dma.c **** 
 1090              		.loc 1 589 5 is_stmt 1 view .LVU405
 589:Drivers/STM32F3xx_HAL_Driver/Src/stm32f3xx_hal_dma.c **** 
 1091              		.loc 1 589 54 is_stmt 0 view .LVU406
 1092 002a 016C     		ldr	r1, [r0, #64]
 589:Drivers/STM32F3xx_HAL_Driver/Src/stm32f3xx_hal_dma.c **** 
 1093              		.loc 1 589 9 view .LVU407
 1094 002c C26B     		ldr	r2, [r0, #60]
 1095              	.LVL66:
 589:Drivers/STM32F3xx_HAL_Driver/Src/stm32f3xx_hal_dma.c **** 
 1096              		.loc 1 589 47 view .LVU408
 1097 002e 0423     		movs	r3, #4
 1098 0030 8B40     		lsls	r3, r3, r1
 589:Drivers/STM32F3xx_HAL_Driver/Src/stm32f3xx_hal_dma.c **** 
ARM GAS  /tmp/cctQcci2.s 			page 42


 1099              		.loc 1 589 32 view .LVU409
 1100 0032 5360     		str	r3, [r2, #4]
 594:Drivers/STM32F3xx_HAL_Driver/Src/stm32f3xx_hal_dma.c ****     {
 1101              		.loc 1 594 5 is_stmt 1 view .LVU410
 594:Drivers/STM32F3xx_HAL_Driver/Src/stm32f3xx_hal_dma.c ****     {
 1102              		.loc 1 594 12 is_stmt 0 view .LVU411
 1103 0034 C36A     		ldr	r3, [r0, #44]
 594:Drivers/STM32F3xx_HAL_Driver/Src/stm32f3xx_hal_dma.c ****     {
 1104              		.loc 1 594 7 view .LVU412
 1105 0036 03B1     		cbz	r3, .L65
 597:Drivers/STM32F3xx_HAL_Driver/Src/stm32f3xx_hal_dma.c ****     }
 1106              		.loc 1 597 7 is_stmt 1 view .LVU413
 1107 0038 9847     		blx	r3
 1108              	.LVL67:
 1109              	.L65:
 653:Drivers/STM32F3xx_HAL_Driver/Src/stm32f3xx_hal_dma.c **** 
 1110              		.loc 1 653 1 is_stmt 0 view .LVU414
 1111 003a 38BD     		pop	{r3, r4, r5, pc}
 1112              	.LVL68:
 1113              	.L66:
 602:Drivers/STM32F3xx_HAL_Driver/Src/stm32f3xx_hal_dma.c ****   {
 1114              		.loc 1 602 8 is_stmt 1 view .LVU415
 602:Drivers/STM32F3xx_HAL_Driver/Src/stm32f3xx_hal_dma.c ****   {
 1115              		.loc 1 602 47 is_stmt 0 view .LVU416
 1116 003c 0223     		movs	r3, #2
 1117 003e 8B40     		lsls	r3, r3, r1
 602:Drivers/STM32F3xx_HAL_Driver/Src/stm32f3xx_hal_dma.c ****   {
 1118              		.loc 1 602 11 view .LVU417
 1119 0040 1342     		tst	r3, r2
 1120 0042 1AD0     		beq	.L69
 602:Drivers/STM32F3xx_HAL_Driver/Src/stm32f3xx_hal_dma.c ****   {
 1121              		.loc 1 602 72 discriminator 1 view .LVU418
 1122 0044 15F0020F 		tst	r5, #2
 1123 0048 17D0     		beq	.L69
 604:Drivers/STM32F3xx_HAL_Driver/Src/stm32f3xx_hal_dma.c ****     {
 1124              		.loc 1 604 5 is_stmt 1 view .LVU419
 604:Drivers/STM32F3xx_HAL_Driver/Src/stm32f3xx_hal_dma.c ****     {
 1125              		.loc 1 604 23 is_stmt 0 view .LVU420
 1126 004a 2368     		ldr	r3, [r4]
 604:Drivers/STM32F3xx_HAL_Driver/Src/stm32f3xx_hal_dma.c ****     {
 1127              		.loc 1 604 7 view .LVU421
 1128 004c 13F0200F 		tst	r3, #32
 1129 0050 06D1     		bne	.L70
 608:Drivers/STM32F3xx_HAL_Driver/Src/stm32f3xx_hal_dma.c **** 
 1130              		.loc 1 608 7 is_stmt 1 view .LVU422
 608:Drivers/STM32F3xx_HAL_Driver/Src/stm32f3xx_hal_dma.c **** 
 1131              		.loc 1 608 21 is_stmt 0 view .LVU423
 1132 0052 2368     		ldr	r3, [r4]
 608:Drivers/STM32F3xx_HAL_Driver/Src/stm32f3xx_hal_dma.c **** 
 1133              		.loc 1 608 27 view .LVU424
 1134 0054 23F00A03 		bic	r3, r3, #10
 1135 0058 2360     		str	r3, [r4]
 611:Drivers/STM32F3xx_HAL_Driver/Src/stm32f3xx_hal_dma.c ****     }
 1136              		.loc 1 611 7 is_stmt 1 view .LVU425
 611:Drivers/STM32F3xx_HAL_Driver/Src/stm32f3xx_hal_dma.c ****     }
 1137              		.loc 1 611 19 is_stmt 0 view .LVU426
 1138 005a 0123     		movs	r3, #1
ARM GAS  /tmp/cctQcci2.s 			page 43


 1139 005c 80F82130 		strb	r3, [r0, #33]
 1140              	.L70:
 615:Drivers/STM32F3xx_HAL_Driver/Src/stm32f3xx_hal_dma.c **** 
 1141              		.loc 1 615 5 is_stmt 1 view .LVU427
 615:Drivers/STM32F3xx_HAL_Driver/Src/stm32f3xx_hal_dma.c **** 
 1142              		.loc 1 615 54 is_stmt 0 view .LVU428
 1143 0060 016C     		ldr	r1, [r0, #64]
 615:Drivers/STM32F3xx_HAL_Driver/Src/stm32f3xx_hal_dma.c **** 
 1144              		.loc 1 615 9 view .LVU429
 1145 0062 C26B     		ldr	r2, [r0, #60]
 1146              	.LVL69:
 615:Drivers/STM32F3xx_HAL_Driver/Src/stm32f3xx_hal_dma.c **** 
 1147              		.loc 1 615 47 view .LVU430
 1148 0064 0223     		movs	r3, #2
 1149 0066 8B40     		lsls	r3, r3, r1
 615:Drivers/STM32F3xx_HAL_Driver/Src/stm32f3xx_hal_dma.c **** 
 1150              		.loc 1 615 32 view .LVU431
 1151 0068 5360     		str	r3, [r2, #4]
 618:Drivers/STM32F3xx_HAL_Driver/Src/stm32f3xx_hal_dma.c **** 
 1152              		.loc 1 618 5 is_stmt 1 view .LVU432
 618:Drivers/STM32F3xx_HAL_Driver/Src/stm32f3xx_hal_dma.c **** 
 1153              		.loc 1 618 5 view .LVU433
 1154 006a 0023     		movs	r3, #0
 1155 006c 80F82030 		strb	r3, [r0, #32]
 618:Drivers/STM32F3xx_HAL_Driver/Src/stm32f3xx_hal_dma.c **** 
 1156              		.loc 1 618 5 view .LVU434
 620:Drivers/STM32F3xx_HAL_Driver/Src/stm32f3xx_hal_dma.c ****     {
 1157              		.loc 1 620 5 view .LVU435
 620:Drivers/STM32F3xx_HAL_Driver/Src/stm32f3xx_hal_dma.c ****     {
 1158              		.loc 1 620 12 is_stmt 0 view .LVU436
 1159 0070 836A     		ldr	r3, [r0, #40]
 620:Drivers/STM32F3xx_HAL_Driver/Src/stm32f3xx_hal_dma.c ****     {
 1160              		.loc 1 620 7 view .LVU437
 1161 0072 002B     		cmp	r3, #0
 1162 0074 E1D0     		beq	.L65
 623:Drivers/STM32F3xx_HAL_Driver/Src/stm32f3xx_hal_dma.c ****     }
 1163              		.loc 1 623 7 is_stmt 1 view .LVU438
 1164 0076 9847     		blx	r3
 1165              	.LVL70:
 623:Drivers/STM32F3xx_HAL_Driver/Src/stm32f3xx_hal_dma.c ****     }
 1166              		.loc 1 623 7 is_stmt 0 view .LVU439
 1167 0078 DFE7     		b	.L65
 1168              	.LVL71:
 1169              	.L69:
 628:Drivers/STM32F3xx_HAL_Driver/Src/stm32f3xx_hal_dma.c ****   {
 1170              		.loc 1 628 8 is_stmt 1 view .LVU440
 628:Drivers/STM32F3xx_HAL_Driver/Src/stm32f3xx_hal_dma.c ****   {
 1171              		.loc 1 628 48 is_stmt 0 view .LVU441
 1172 007a 0823     		movs	r3, #8
 1173 007c 8B40     		lsls	r3, r3, r1
 628:Drivers/STM32F3xx_HAL_Driver/Src/stm32f3xx_hal_dma.c ****   {
 1174              		.loc 1 628 11 view .LVU442
 1175 007e 1342     		tst	r3, r2
 1176 0080 DBD0     		beq	.L65
 628:Drivers/STM32F3xx_HAL_Driver/Src/stm32f3xx_hal_dma.c ****   {
 1177              		.loc 1 628 73 discriminator 1 view .LVU443
 1178 0082 15F0080F 		tst	r5, #8
ARM GAS  /tmp/cctQcci2.s 			page 44


 1179 0086 D8D0     		beq	.L65
 633:Drivers/STM32F3xx_HAL_Driver/Src/stm32f3xx_hal_dma.c **** 
 1180              		.loc 1 633 5 is_stmt 1 view .LVU444
 633:Drivers/STM32F3xx_HAL_Driver/Src/stm32f3xx_hal_dma.c **** 
 1181              		.loc 1 633 19 is_stmt 0 view .LVU445
 1182 0088 2368     		ldr	r3, [r4]
 633:Drivers/STM32F3xx_HAL_Driver/Src/stm32f3xx_hal_dma.c **** 
 1183              		.loc 1 633 25 view .LVU446
 1184 008a 23F00E03 		bic	r3, r3, #14
 1185 008e 2360     		str	r3, [r4]
 636:Drivers/STM32F3xx_HAL_Driver/Src/stm32f3xx_hal_dma.c **** 
 1186              		.loc 1 636 5 is_stmt 1 view .LVU447
 636:Drivers/STM32F3xx_HAL_Driver/Src/stm32f3xx_hal_dma.c **** 
 1187              		.loc 1 636 54 is_stmt 0 view .LVU448
 1188 0090 026C     		ldr	r2, [r0, #64]
 1189              	.LVL72:
 636:Drivers/STM32F3xx_HAL_Driver/Src/stm32f3xx_hal_dma.c **** 
 1190              		.loc 1 636 9 view .LVU449
 1191 0092 C16B     		ldr	r1, [r0, #60]
 636:Drivers/STM32F3xx_HAL_Driver/Src/stm32f3xx_hal_dma.c **** 
 1192              		.loc 1 636 47 view .LVU450
 1193 0094 0123     		movs	r3, #1
 1194 0096 03FA02F2 		lsl	r2, r3, r2
 636:Drivers/STM32F3xx_HAL_Driver/Src/stm32f3xx_hal_dma.c **** 
 1195              		.loc 1 636 32 view .LVU451
 1196 009a 4A60     		str	r2, [r1, #4]
 639:Drivers/STM32F3xx_HAL_Driver/Src/stm32f3xx_hal_dma.c **** 
 1197              		.loc 1 639 5 is_stmt 1 view .LVU452
 639:Drivers/STM32F3xx_HAL_Driver/Src/stm32f3xx_hal_dma.c **** 
 1198              		.loc 1 639 21 is_stmt 0 view .LVU453
 1199 009c 8363     		str	r3, [r0, #56]
 642:Drivers/STM32F3xx_HAL_Driver/Src/stm32f3xx_hal_dma.c **** 
 1200              		.loc 1 642 5 is_stmt 1 view .LVU454
 642:Drivers/STM32F3xx_HAL_Driver/Src/stm32f3xx_hal_dma.c **** 
 1201              		.loc 1 642 17 is_stmt 0 view .LVU455
 1202 009e 80F82130 		strb	r3, [r0, #33]
 645:Drivers/STM32F3xx_HAL_Driver/Src/stm32f3xx_hal_dma.c **** 
 1203              		.loc 1 645 5 is_stmt 1 view .LVU456
 645:Drivers/STM32F3xx_HAL_Driver/Src/stm32f3xx_hal_dma.c **** 
 1204              		.loc 1 645 5 view .LVU457
 1205 00a2 0023     		movs	r3, #0
 1206 00a4 80F82030 		strb	r3, [r0, #32]
 645:Drivers/STM32F3xx_HAL_Driver/Src/stm32f3xx_hal_dma.c **** 
 1207              		.loc 1 645 5 view .LVU458
 647:Drivers/STM32F3xx_HAL_Driver/Src/stm32f3xx_hal_dma.c ****     {
 1208              		.loc 1 647 5 view .LVU459
 647:Drivers/STM32F3xx_HAL_Driver/Src/stm32f3xx_hal_dma.c ****     {
 1209              		.loc 1 647 12 is_stmt 0 view .LVU460
 1210 00a8 036B     		ldr	r3, [r0, #48]
 647:Drivers/STM32F3xx_HAL_Driver/Src/stm32f3xx_hal_dma.c ****     {
 1211              		.loc 1 647 7 view .LVU461
 1212 00aa 002B     		cmp	r3, #0
 1213 00ac C5D0     		beq	.L65
 650:Drivers/STM32F3xx_HAL_Driver/Src/stm32f3xx_hal_dma.c ****     }
 1214              		.loc 1 650 7 is_stmt 1 view .LVU462
 1215 00ae 9847     		blx	r3
 1216              	.LVL73:
ARM GAS  /tmp/cctQcci2.s 			page 45


 653:Drivers/STM32F3xx_HAL_Driver/Src/stm32f3xx_hal_dma.c **** 
 1217              		.loc 1 653 1 is_stmt 0 view .LVU463
 1218 00b0 C3E7     		b	.L65
 1219              		.cfi_endproc
 1220              	.LFE137:
 1222              		.section	.text.HAL_DMA_RegisterCallback,"ax",%progbits
 1223              		.align	1
 1224              		.global	HAL_DMA_RegisterCallback
 1225              		.syntax unified
 1226              		.thumb
 1227              		.thumb_func
 1229              	HAL_DMA_RegisterCallback:
 1230              	.LVL74:
 1231              	.LFB138:
 666:Drivers/STM32F3xx_HAL_Driver/Src/stm32f3xx_hal_dma.c ****   HAL_StatusTypeDef status = HAL_OK;
 1232              		.loc 1 666 1 is_stmt 1 view -0
 1233              		.cfi_startproc
 1234              		@ args = 0, pretend = 0, frame = 0
 1235              		@ frame_needed = 0, uses_anonymous_args = 0
 1236              		@ link register save eliminated.
 666:Drivers/STM32F3xx_HAL_Driver/Src/stm32f3xx_hal_dma.c ****   HAL_StatusTypeDef status = HAL_OK;
 1237              		.loc 1 666 1 is_stmt 0 view .LVU465
 1238 0000 0346     		mov	r3, r0
 667:Drivers/STM32F3xx_HAL_Driver/Src/stm32f3xx_hal_dma.c **** 
 1239              		.loc 1 667 3 is_stmt 1 view .LVU466
 1240              	.LVL75:
 670:Drivers/STM32F3xx_HAL_Driver/Src/stm32f3xx_hal_dma.c **** 
 1241              		.loc 1 670 3 view .LVU467
 670:Drivers/STM32F3xx_HAL_Driver/Src/stm32f3xx_hal_dma.c **** 
 1242              		.loc 1 670 3 view .LVU468
 1243 0002 90F82000 		ldrb	r0, [r0, #32]	@ zero_extendqisi2
 1244              	.LVL76:
 670:Drivers/STM32F3xx_HAL_Driver/Src/stm32f3xx_hal_dma.c **** 
 1245              		.loc 1 670 3 is_stmt 0 view .LVU469
 1246 0006 0128     		cmp	r0, #1
 1247 0008 1DD0     		beq	.L80
 670:Drivers/STM32F3xx_HAL_Driver/Src/stm32f3xx_hal_dma.c **** 
 1248              		.loc 1 670 3 is_stmt 1 discriminator 2 view .LVU470
 1249 000a 0120     		movs	r0, #1
 1250 000c 83F82000 		strb	r0, [r3, #32]
 670:Drivers/STM32F3xx_HAL_Driver/Src/stm32f3xx_hal_dma.c **** 
 1251              		.loc 1 670 3 discriminator 2 view .LVU471
 672:Drivers/STM32F3xx_HAL_Driver/Src/stm32f3xx_hal_dma.c ****   {
 1252              		.loc 1 672 3 view .LVU472
 672:Drivers/STM32F3xx_HAL_Driver/Src/stm32f3xx_hal_dma.c ****   {
 1253              		.loc 1 672 33 is_stmt 0 view .LVU473
 1254 0010 93F82100 		ldrb	r0, [r3, #33]	@ zero_extendqisi2
 672:Drivers/STM32F3xx_HAL_Driver/Src/stm32f3xx_hal_dma.c ****   {
 1255              		.loc 1 672 5 view .LVU474
 1256 0014 0128     		cmp	r0, #1
 1257 0016 04D0     		beq	.L83
 699:Drivers/STM32F3xx_HAL_Driver/Src/stm32f3xx_hal_dma.c ****   }
 1258              		.loc 1 699 12 view .LVU475
 1259 0018 0120     		movs	r0, #1
 1260              	.L74:
 1261              	.LVL77:
 703:Drivers/STM32F3xx_HAL_Driver/Src/stm32f3xx_hal_dma.c **** 
ARM GAS  /tmp/cctQcci2.s 			page 46


 1262              		.loc 1 703 3 is_stmt 1 view .LVU476
 703:Drivers/STM32F3xx_HAL_Driver/Src/stm32f3xx_hal_dma.c **** 
 1263              		.loc 1 703 3 view .LVU477
 1264 001a 0022     		movs	r2, #0
 1265              	.LVL78:
 703:Drivers/STM32F3xx_HAL_Driver/Src/stm32f3xx_hal_dma.c **** 
 1266              		.loc 1 703 3 is_stmt 0 view .LVU478
 1267 001c 83F82020 		strb	r2, [r3, #32]
 703:Drivers/STM32F3xx_HAL_Driver/Src/stm32f3xx_hal_dma.c **** 
 1268              		.loc 1 703 3 is_stmt 1 view .LVU479
 705:Drivers/STM32F3xx_HAL_Driver/Src/stm32f3xx_hal_dma.c **** }
 1269              		.loc 1 705 3 view .LVU480
 705:Drivers/STM32F3xx_HAL_Driver/Src/stm32f3xx_hal_dma.c **** }
 1270              		.loc 1 705 10 is_stmt 0 view .LVU481
 1271 0020 7047     		bx	lr
 1272              	.LVL79:
 1273              	.L83:
 674:Drivers/STM32F3xx_HAL_Driver/Src/stm32f3xx_hal_dma.c ****     {
 1274              		.loc 1 674 5 is_stmt 1 view .LVU482
 1275 0022 0329     		cmp	r1, #3
 1276 0024 F9D8     		bhi	.L74
 1277 0026 DFE801F0 		tbb	[pc, r1]
 1278              	.L76:
 1279 002a 02       		.byte	(.L79-.L76)/2
 1280 002b 05       		.byte	(.L78-.L76)/2
 1281 002c 08       		.byte	(.L77-.L76)/2
 1282 002d 0B       		.byte	(.L75-.L76)/2
 1283              		.p2align 1
 1284              	.L79:
 677:Drivers/STM32F3xx_HAL_Driver/Src/stm32f3xx_hal_dma.c ****            break;
 1285              		.loc 1 677 12 view .LVU483
 677:Drivers/STM32F3xx_HAL_Driver/Src/stm32f3xx_hal_dma.c ****            break;
 1286              		.loc 1 677 35 is_stmt 0 view .LVU484
 1287 002e 9A62     		str	r2, [r3, #40]
 678:Drivers/STM32F3xx_HAL_Driver/Src/stm32f3xx_hal_dma.c **** 
 1288              		.loc 1 678 12 is_stmt 1 view .LVU485
 667:Drivers/STM32F3xx_HAL_Driver/Src/stm32f3xx_hal_dma.c **** 
 1289              		.loc 1 667 21 is_stmt 0 view .LVU486
 1290 0030 0846     		mov	r0, r1
 678:Drivers/STM32F3xx_HAL_Driver/Src/stm32f3xx_hal_dma.c **** 
 1291              		.loc 1 678 12 view .LVU487
 1292 0032 F2E7     		b	.L74
 1293              	.L78:
 681:Drivers/STM32F3xx_HAL_Driver/Src/stm32f3xx_hal_dma.c ****            break;
 1294              		.loc 1 681 12 is_stmt 1 view .LVU488
 681:Drivers/STM32F3xx_HAL_Driver/Src/stm32f3xx_hal_dma.c ****            break;
 1295              		.loc 1 681 39 is_stmt 0 view .LVU489
 1296 0034 DA62     		str	r2, [r3, #44]
 682:Drivers/STM32F3xx_HAL_Driver/Src/stm32f3xx_hal_dma.c **** 
 1297              		.loc 1 682 12 is_stmt 1 view .LVU490
 667:Drivers/STM32F3xx_HAL_Driver/Src/stm32f3xx_hal_dma.c **** 
 1298              		.loc 1 667 21 is_stmt 0 view .LVU491
 1299 0036 0020     		movs	r0, #0
 682:Drivers/STM32F3xx_HAL_Driver/Src/stm32f3xx_hal_dma.c **** 
 1300              		.loc 1 682 12 view .LVU492
 1301 0038 EFE7     		b	.L74
 1302              	.L77:
ARM GAS  /tmp/cctQcci2.s 			page 47


 685:Drivers/STM32F3xx_HAL_Driver/Src/stm32f3xx_hal_dma.c ****            break;
 1303              		.loc 1 685 12 is_stmt 1 view .LVU493
 685:Drivers/STM32F3xx_HAL_Driver/Src/stm32f3xx_hal_dma.c ****            break;
 1304              		.loc 1 685 36 is_stmt 0 view .LVU494
 1305 003a 1A63     		str	r2, [r3, #48]
 686:Drivers/STM32F3xx_HAL_Driver/Src/stm32f3xx_hal_dma.c **** 
 1306              		.loc 1 686 12 is_stmt 1 view .LVU495
 667:Drivers/STM32F3xx_HAL_Driver/Src/stm32f3xx_hal_dma.c **** 
 1307              		.loc 1 667 21 is_stmt 0 view .LVU496
 1308 003c 0020     		movs	r0, #0
 686:Drivers/STM32F3xx_HAL_Driver/Src/stm32f3xx_hal_dma.c **** 
 1309              		.loc 1 686 12 view .LVU497
 1310 003e ECE7     		b	.L74
 1311              	.L75:
 689:Drivers/STM32F3xx_HAL_Driver/Src/stm32f3xx_hal_dma.c ****            break;
 1312              		.loc 1 689 12 is_stmt 1 view .LVU498
 689:Drivers/STM32F3xx_HAL_Driver/Src/stm32f3xx_hal_dma.c ****            break;
 1313              		.loc 1 689 36 is_stmt 0 view .LVU499
 1314 0040 5A63     		str	r2, [r3, #52]
 690:Drivers/STM32F3xx_HAL_Driver/Src/stm32f3xx_hal_dma.c **** 
 1315              		.loc 1 690 12 is_stmt 1 view .LVU500
 667:Drivers/STM32F3xx_HAL_Driver/Src/stm32f3xx_hal_dma.c **** 
 1316              		.loc 1 667 21 is_stmt 0 view .LVU501
 1317 0042 0020     		movs	r0, #0
 690:Drivers/STM32F3xx_HAL_Driver/Src/stm32f3xx_hal_dma.c **** 
 1318              		.loc 1 690 12 view .LVU502
 1319 0044 E9E7     		b	.L74
 1320              	.L80:
 670:Drivers/STM32F3xx_HAL_Driver/Src/stm32f3xx_hal_dma.c **** 
 1321              		.loc 1 670 3 discriminator 1 view .LVU503
 1322 0046 0220     		movs	r0, #2
 706:Drivers/STM32F3xx_HAL_Driver/Src/stm32f3xx_hal_dma.c **** 
 1323              		.loc 1 706 1 view .LVU504
 1324 0048 7047     		bx	lr
 1325              		.cfi_endproc
 1326              	.LFE138:
 1328              		.section	.text.HAL_DMA_UnRegisterCallback,"ax",%progbits
 1329              		.align	1
 1330              		.global	HAL_DMA_UnRegisterCallback
 1331              		.syntax unified
 1332              		.thumb
 1333              		.thumb_func
 1335              	HAL_DMA_UnRegisterCallback:
 1336              	.LVL80:
 1337              	.LFB139:
 717:Drivers/STM32F3xx_HAL_Driver/Src/stm32f3xx_hal_dma.c ****   HAL_StatusTypeDef status = HAL_OK;
 1338              		.loc 1 717 1 is_stmt 1 view -0
 1339              		.cfi_startproc
 1340              		@ args = 0, pretend = 0, frame = 0
 1341              		@ frame_needed = 0, uses_anonymous_args = 0
 1342              		@ link register save eliminated.
 717:Drivers/STM32F3xx_HAL_Driver/Src/stm32f3xx_hal_dma.c ****   HAL_StatusTypeDef status = HAL_OK;
 1343              		.loc 1 717 1 is_stmt 0 view .LVU506
 1344 0000 0346     		mov	r3, r0
 718:Drivers/STM32F3xx_HAL_Driver/Src/stm32f3xx_hal_dma.c **** 
 1345              		.loc 1 718 3 is_stmt 1 view .LVU507
 1346              	.LVL81:
ARM GAS  /tmp/cctQcci2.s 			page 48


 721:Drivers/STM32F3xx_HAL_Driver/Src/stm32f3xx_hal_dma.c **** 
 1347              		.loc 1 721 3 view .LVU508
 721:Drivers/STM32F3xx_HAL_Driver/Src/stm32f3xx_hal_dma.c **** 
 1348              		.loc 1 721 3 view .LVU509
 1349 0002 90F82020 		ldrb	r2, [r0, #32]	@ zero_extendqisi2
 1350 0006 012A     		cmp	r2, #1
 1351 0008 25D0     		beq	.L93
 721:Drivers/STM32F3xx_HAL_Driver/Src/stm32f3xx_hal_dma.c **** 
 1352              		.loc 1 721 3 discriminator 2 view .LVU510
 1353 000a 0122     		movs	r2, #1
 1354 000c 80F82020 		strb	r2, [r0, #32]
 721:Drivers/STM32F3xx_HAL_Driver/Src/stm32f3xx_hal_dma.c **** 
 1355              		.loc 1 721 3 discriminator 2 view .LVU511
 723:Drivers/STM32F3xx_HAL_Driver/Src/stm32f3xx_hal_dma.c ****   {
 1356              		.loc 1 723 3 view .LVU512
 723:Drivers/STM32F3xx_HAL_Driver/Src/stm32f3xx_hal_dma.c ****   {
 1357              		.loc 1 723 33 is_stmt 0 view .LVU513
 1358 0010 90F82100 		ldrb	r0, [r0, #33]	@ zero_extendqisi2
 1359              	.LVL82:
 723:Drivers/STM32F3xx_HAL_Driver/Src/stm32f3xx_hal_dma.c ****   {
 1360              		.loc 1 723 5 view .LVU514
 1361 0014 9042     		cmp	r0, r2
 1362 0016 04D0     		beq	.L96
 757:Drivers/STM32F3xx_HAL_Driver/Src/stm32f3xx_hal_dma.c ****   }
 1363              		.loc 1 757 12 view .LVU515
 1364 0018 0120     		movs	r0, #1
 1365              	.L86:
 1366              	.LVL83:
 761:Drivers/STM32F3xx_HAL_Driver/Src/stm32f3xx_hal_dma.c **** 
 1367              		.loc 1 761 3 is_stmt 1 view .LVU516
 761:Drivers/STM32F3xx_HAL_Driver/Src/stm32f3xx_hal_dma.c **** 
 1368              		.loc 1 761 3 view .LVU517
 1369 001a 0022     		movs	r2, #0
 1370 001c 83F82020 		strb	r2, [r3, #32]
 761:Drivers/STM32F3xx_HAL_Driver/Src/stm32f3xx_hal_dma.c **** 
 1371              		.loc 1 761 3 view .LVU518
 763:Drivers/STM32F3xx_HAL_Driver/Src/stm32f3xx_hal_dma.c **** }
 1372              		.loc 1 763 3 view .LVU519
 763:Drivers/STM32F3xx_HAL_Driver/Src/stm32f3xx_hal_dma.c **** }
 1373              		.loc 1 763 10 is_stmt 0 view .LVU520
 1374 0020 7047     		bx	lr
 1375              	.LVL84:
 1376              	.L96:
 725:Drivers/STM32F3xx_HAL_Driver/Src/stm32f3xx_hal_dma.c ****     {
 1377              		.loc 1 725 5 is_stmt 1 view .LVU521
 1378 0022 0429     		cmp	r1, #4
 1379 0024 F9D8     		bhi	.L86
 1380 0026 DFE801F0 		tbb	[pc, r1]
 1381              	.L88:
 1382 002a 03       		.byte	(.L92-.L88)/2
 1383 002b 07       		.byte	(.L91-.L88)/2
 1384 002c 0A       		.byte	(.L90-.L88)/2
 1385 002d 0D       		.byte	(.L89-.L88)/2
 1386 002e 10       		.byte	(.L87-.L88)/2
 1387 002f 00       		.p2align 1
 1388              	.L92:
 728:Drivers/STM32F3xx_HAL_Driver/Src/stm32f3xx_hal_dma.c ****            break;
ARM GAS  /tmp/cctQcci2.s 			page 49


 1389              		.loc 1 728 12 view .LVU522
 728:Drivers/STM32F3xx_HAL_Driver/Src/stm32f3xx_hal_dma.c ****            break;
 1390              		.loc 1 728 35 is_stmt 0 view .LVU523
 1391 0030 0022     		movs	r2, #0
 1392 0032 9A62     		str	r2, [r3, #40]
 729:Drivers/STM32F3xx_HAL_Driver/Src/stm32f3xx_hal_dma.c **** 
 1393              		.loc 1 729 12 is_stmt 1 view .LVU524
 718:Drivers/STM32F3xx_HAL_Driver/Src/stm32f3xx_hal_dma.c **** 
 1394              		.loc 1 718 21 is_stmt 0 view .LVU525
 1395 0034 0846     		mov	r0, r1
 729:Drivers/STM32F3xx_HAL_Driver/Src/stm32f3xx_hal_dma.c **** 
 1396              		.loc 1 729 12 view .LVU526
 1397 0036 F0E7     		b	.L86
 1398              	.L91:
 732:Drivers/STM32F3xx_HAL_Driver/Src/stm32f3xx_hal_dma.c ****            break;
 1399              		.loc 1 732 12 is_stmt 1 view .LVU527
 732:Drivers/STM32F3xx_HAL_Driver/Src/stm32f3xx_hal_dma.c ****            break;
 1400              		.loc 1 732 39 is_stmt 0 view .LVU528
 1401 0038 0020     		movs	r0, #0
 1402 003a D862     		str	r0, [r3, #44]
 733:Drivers/STM32F3xx_HAL_Driver/Src/stm32f3xx_hal_dma.c **** 
 1403              		.loc 1 733 12 is_stmt 1 view .LVU529
 1404 003c EDE7     		b	.L86
 1405              	.L90:
 736:Drivers/STM32F3xx_HAL_Driver/Src/stm32f3xx_hal_dma.c ****            break;
 1406              		.loc 1 736 12 view .LVU530
 736:Drivers/STM32F3xx_HAL_Driver/Src/stm32f3xx_hal_dma.c ****            break;
 1407              		.loc 1 736 36 is_stmt 0 view .LVU531
 1408 003e 0020     		movs	r0, #0
 1409 0040 1863     		str	r0, [r3, #48]
 737:Drivers/STM32F3xx_HAL_Driver/Src/stm32f3xx_hal_dma.c **** 
 1410              		.loc 1 737 12 is_stmt 1 view .LVU532
 1411 0042 EAE7     		b	.L86
 1412              	.L89:
 740:Drivers/STM32F3xx_HAL_Driver/Src/stm32f3xx_hal_dma.c ****            break;
 1413              		.loc 1 740 12 view .LVU533
 740:Drivers/STM32F3xx_HAL_Driver/Src/stm32f3xx_hal_dma.c ****            break;
 1414              		.loc 1 740 36 is_stmt 0 view .LVU534
 1415 0044 0020     		movs	r0, #0
 1416 0046 5863     		str	r0, [r3, #52]
 741:Drivers/STM32F3xx_HAL_Driver/Src/stm32f3xx_hal_dma.c **** 
 1417              		.loc 1 741 12 is_stmt 1 view .LVU535
 1418 0048 E7E7     		b	.L86
 1419              	.L87:
 744:Drivers/STM32F3xx_HAL_Driver/Src/stm32f3xx_hal_dma.c ****            hdma->XferHalfCpltCallback = NULL;
 1420              		.loc 1 744 12 view .LVU536
 744:Drivers/STM32F3xx_HAL_Driver/Src/stm32f3xx_hal_dma.c ****            hdma->XferHalfCpltCallback = NULL;
 1421              		.loc 1 744 35 is_stmt 0 view .LVU537
 1422 004a 0020     		movs	r0, #0
 1423 004c 9862     		str	r0, [r3, #40]
 745:Drivers/STM32F3xx_HAL_Driver/Src/stm32f3xx_hal_dma.c ****            hdma->XferErrorCallback = NULL;
 1424              		.loc 1 745 12 is_stmt 1 view .LVU538
 745:Drivers/STM32F3xx_HAL_Driver/Src/stm32f3xx_hal_dma.c ****            hdma->XferErrorCallback = NULL;
 1425              		.loc 1 745 39 is_stmt 0 view .LVU539
 1426 004e D862     		str	r0, [r3, #44]
 746:Drivers/STM32F3xx_HAL_Driver/Src/stm32f3xx_hal_dma.c ****            hdma->XferAbortCallback = NULL;
 1427              		.loc 1 746 12 is_stmt 1 view .LVU540
ARM GAS  /tmp/cctQcci2.s 			page 50


 746:Drivers/STM32F3xx_HAL_Driver/Src/stm32f3xx_hal_dma.c ****            hdma->XferAbortCallback = NULL;
 1428              		.loc 1 746 36 is_stmt 0 view .LVU541
 1429 0050 1863     		str	r0, [r3, #48]
 747:Drivers/STM32F3xx_HAL_Driver/Src/stm32f3xx_hal_dma.c ****            break;
 1430              		.loc 1 747 12 is_stmt 1 view .LVU542
 747:Drivers/STM32F3xx_HAL_Driver/Src/stm32f3xx_hal_dma.c ****            break;
 1431              		.loc 1 747 36 is_stmt 0 view .LVU543
 1432 0052 5863     		str	r0, [r3, #52]
 748:Drivers/STM32F3xx_HAL_Driver/Src/stm32f3xx_hal_dma.c **** 
 1433              		.loc 1 748 12 is_stmt 1 view .LVU544
 1434 0054 E1E7     		b	.L86
 1435              	.LVL85:
 1436              	.L93:
 721:Drivers/STM32F3xx_HAL_Driver/Src/stm32f3xx_hal_dma.c **** 
 1437              		.loc 1 721 3 is_stmt 0 discriminator 1 view .LVU545
 1438 0056 0220     		movs	r0, #2
 1439              	.LVL86:
 764:Drivers/STM32F3xx_HAL_Driver/Src/stm32f3xx_hal_dma.c **** 
 1440              		.loc 1 764 1 view .LVU546
 1441 0058 7047     		bx	lr
 1442              		.cfi_endproc
 1443              	.LFE139:
 1445              		.section	.text.HAL_DMA_GetState,"ax",%progbits
 1446              		.align	1
 1447              		.global	HAL_DMA_GetState
 1448              		.syntax unified
 1449              		.thumb
 1450              		.thumb_func
 1452              	HAL_DMA_GetState:
 1453              	.LVL87:
 1454              	.LFB140:
 793:Drivers/STM32F3xx_HAL_Driver/Src/stm32f3xx_hal_dma.c ****   return hdma->State;
 1455              		.loc 1 793 1 is_stmt 1 view -0
 1456              		.cfi_startproc
 1457              		@ args = 0, pretend = 0, frame = 0
 1458              		@ frame_needed = 0, uses_anonymous_args = 0
 1459              		@ link register save eliminated.
 794:Drivers/STM32F3xx_HAL_Driver/Src/stm32f3xx_hal_dma.c **** }
 1460              		.loc 1 794 3 view .LVU548
 795:Drivers/STM32F3xx_HAL_Driver/Src/stm32f3xx_hal_dma.c **** 
 1461              		.loc 1 795 1 is_stmt 0 view .LVU549
 1462 0000 90F82100 		ldrb	r0, [r0, #33]	@ zero_extendqisi2
 1463              	.LVL88:
 795:Drivers/STM32F3xx_HAL_Driver/Src/stm32f3xx_hal_dma.c **** 
 1464              		.loc 1 795 1 view .LVU550
 1465 0004 7047     		bx	lr
 1466              		.cfi_endproc
 1467              	.LFE140:
 1469              		.section	.text.HAL_DMA_GetError,"ax",%progbits
 1470              		.align	1
 1471              		.global	HAL_DMA_GetError
 1472              		.syntax unified
 1473              		.thumb
 1474              		.thumb_func
 1476              	HAL_DMA_GetError:
 1477              	.LVL89:
 1478              	.LFB141:
ARM GAS  /tmp/cctQcci2.s 			page 51


 804:Drivers/STM32F3xx_HAL_Driver/Src/stm32f3xx_hal_dma.c ****   return hdma->ErrorCode;
 1479              		.loc 1 804 1 is_stmt 1 view -0
 1480              		.cfi_startproc
 1481              		@ args = 0, pretend = 0, frame = 0
 1482              		@ frame_needed = 0, uses_anonymous_args = 0
 1483              		@ link register save eliminated.
 805:Drivers/STM32F3xx_HAL_Driver/Src/stm32f3xx_hal_dma.c **** }
 1484              		.loc 1 805 3 view .LVU552
 805:Drivers/STM32F3xx_HAL_Driver/Src/stm32f3xx_hal_dma.c **** }
 1485              		.loc 1 805 14 is_stmt 0 view .LVU553
 1486 0000 806B     		ldr	r0, [r0, #56]
 1487              	.LVL90:
 806:Drivers/STM32F3xx_HAL_Driver/Src/stm32f3xx_hal_dma.c **** 
 1488              		.loc 1 806 1 view .LVU554
 1489 0002 7047     		bx	lr
 1490              		.cfi_endproc
 1491              	.LFE141:
 1493              		.text
 1494              	.Letext0:
 1495              		.file 2 "Drivers/CMSIS/Device/ST/STM32F3xx/Include/stm32f303xe.h"
 1496              		.file 3 "/usr/lib/gcc/arm-none-eabi/13.2.1/include/stdint.h"
 1497              		.file 4 "Drivers/CMSIS/Device/ST/STM32F3xx/Include/stm32f3xx.h"
 1498              		.file 5 "Drivers/STM32F3xx_HAL_Driver/Inc/stm32f3xx_hal_def.h"
 1499              		.file 6 "Drivers/STM32F3xx_HAL_Driver/Inc/stm32f3xx_hal_dma.h"
 1500              		.file 7 "Drivers/STM32F3xx_HAL_Driver/Inc/stm32f3xx_hal.h"
ARM GAS  /tmp/cctQcci2.s 			page 52


DEFINED SYMBOLS
                            *ABS*:00000000 stm32f3xx_hal_dma.c
     /tmp/cctQcci2.s:21     .text.DMA_SetConfig:00000000 $t
     /tmp/cctQcci2.s:26     .text.DMA_SetConfig:00000000 DMA_SetConfig
     /tmp/cctQcci2.s:100    .text.DMA_CalcBaseAndBitshift:00000000 $t
     /tmp/cctQcci2.s:105    .text.DMA_CalcBaseAndBitshift:00000000 DMA_CalcBaseAndBitshift
     /tmp/cctQcci2.s:159    .text.DMA_CalcBaseAndBitshift:00000034 $d
     /tmp/cctQcci2.s:169    .text.HAL_DMA_Init:00000000 $t
     /tmp/cctQcci2.s:175    .text.HAL_DMA_Init:00000000 HAL_DMA_Init
     /tmp/cctQcci2.s:282    .text.HAL_DMA_DeInit:00000000 $t
     /tmp/cctQcci2.s:288    .text.HAL_DMA_DeInit:00000000 HAL_DMA_DeInit
     /tmp/cctQcci2.s:394    .text.HAL_DMA_Start:00000000 $t
     /tmp/cctQcci2.s:400    .text.HAL_DMA_Start:00000000 HAL_DMA_Start
     /tmp/cctQcci2.s:493    .text.HAL_DMA_Start_IT:00000000 $t
     /tmp/cctQcci2.s:499    .text.HAL_DMA_Start_IT:00000000 HAL_DMA_Start_IT
     /tmp/cctQcci2.s:624    .text.HAL_DMA_Abort:00000000 $t
     /tmp/cctQcci2.s:630    .text.HAL_DMA_Abort:00000000 HAL_DMA_Abort
     /tmp/cctQcci2.s:714    .text.HAL_DMA_Abort_IT:00000000 $t
     /tmp/cctQcci2.s:720    .text.HAL_DMA_Abort_IT:00000000 HAL_DMA_Abort_IT
     /tmp/cctQcci2.s:812    .text.HAL_DMA_PollForTransfer:00000000 $t
     /tmp/cctQcci2.s:818    .text.HAL_DMA_PollForTransfer:00000000 HAL_DMA_PollForTransfer
     /tmp/cctQcci2.s:1032   .text.HAL_DMA_IRQHandler:00000000 $t
     /tmp/cctQcci2.s:1038   .text.HAL_DMA_IRQHandler:00000000 HAL_DMA_IRQHandler
     /tmp/cctQcci2.s:1223   .text.HAL_DMA_RegisterCallback:00000000 $t
     /tmp/cctQcci2.s:1229   .text.HAL_DMA_RegisterCallback:00000000 HAL_DMA_RegisterCallback
     /tmp/cctQcci2.s:1279   .text.HAL_DMA_RegisterCallback:0000002a $d
     /tmp/cctQcci2.s:1283   .text.HAL_DMA_RegisterCallback:0000002e $t
     /tmp/cctQcci2.s:1329   .text.HAL_DMA_UnRegisterCallback:00000000 $t
     /tmp/cctQcci2.s:1335   .text.HAL_DMA_UnRegisterCallback:00000000 HAL_DMA_UnRegisterCallback
     /tmp/cctQcci2.s:1382   .text.HAL_DMA_UnRegisterCallback:0000002a $d
     /tmp/cctQcci2.s:1446   .text.HAL_DMA_GetState:00000000 $t
     /tmp/cctQcci2.s:1452   .text.HAL_DMA_GetState:00000000 HAL_DMA_GetState
     /tmp/cctQcci2.s:1470   .text.HAL_DMA_GetError:00000000 $t
     /tmp/cctQcci2.s:1476   .text.HAL_DMA_GetError:00000000 HAL_DMA_GetError
     /tmp/cctQcci2.s:1387   .text.HAL_DMA_UnRegisterCallback:0000002f $d
     /tmp/cctQcci2.s:1387   .text.HAL_DMA_UnRegisterCallback:00000030 $t

UNDEFINED SYMBOLS
HAL_GetTick
