ARM GAS  /tmp/ccZqO8pD.s 			page 1


   1              		.cpu cortex-m4
   2              		.arch armv7e-m
   3              		.fpu fpv4-sp-d16
   4              		.eabi_attribute 27, 1
   5              		.eabi_attribute 28, 1
   6              		.eabi_attribute 20, 1
   7              		.eabi_attribute 21, 1
   8              		.eabi_attribute 23, 3
   9              		.eabi_attribute 24, 1
  10              		.eabi_attribute 25, 1
  11              		.eabi_attribute 26, 1
  12              		.eabi_attribute 30, 1
  13              		.eabi_attribute 34, 1
  14              		.eabi_attribute 18, 4
  15              		.file	"stm32f3xx_hal_tim_ex.c"
  16              		.text
  17              	.Ltext0:
  18              		.cfi_sections	.debug_frame
  19              		.file 1 "Drivers/STM32F3xx_HAL_Driver/Src/stm32f3xx_hal_tim_ex.c"
  20              		.section	.text.TIM_CCxNChannelCmd,"ax",%progbits
  21              		.align	1
  22              		.syntax unified
  23              		.thumb
  24              		.thumb_func
  26              	TIM_CCxNChannelCmd:
  27              	.LVL0:
  28              	.LFB173:
   1:Drivers/STM32F3xx_HAL_Driver/Src/stm32f3xx_hal_tim_ex.c **** /**
   2:Drivers/STM32F3xx_HAL_Driver/Src/stm32f3xx_hal_tim_ex.c ****   ******************************************************************************
   3:Drivers/STM32F3xx_HAL_Driver/Src/stm32f3xx_hal_tim_ex.c ****   * @file    stm32f3xx_hal_tim_ex.c
   4:Drivers/STM32F3xx_HAL_Driver/Src/stm32f3xx_hal_tim_ex.c ****   * @author  MCD Application Team
   5:Drivers/STM32F3xx_HAL_Driver/Src/stm32f3xx_hal_tim_ex.c ****   * @brief   TIM HAL module driver.
   6:Drivers/STM32F3xx_HAL_Driver/Src/stm32f3xx_hal_tim_ex.c ****   *          This file provides firmware functions to manage the following
   7:Drivers/STM32F3xx_HAL_Driver/Src/stm32f3xx_hal_tim_ex.c ****   *          functionalities of the Timer Extended peripheral:
   8:Drivers/STM32F3xx_HAL_Driver/Src/stm32f3xx_hal_tim_ex.c ****   *           + Time Hall Sensor Interface Initialization
   9:Drivers/STM32F3xx_HAL_Driver/Src/stm32f3xx_hal_tim_ex.c ****   *           + Time Hall Sensor Interface Start
  10:Drivers/STM32F3xx_HAL_Driver/Src/stm32f3xx_hal_tim_ex.c ****   *           + Time Complementary signal break and dead time configuration
  11:Drivers/STM32F3xx_HAL_Driver/Src/stm32f3xx_hal_tim_ex.c ****   *           + Time Master and Slave synchronization configuration
  12:Drivers/STM32F3xx_HAL_Driver/Src/stm32f3xx_hal_tim_ex.c ****   *           + Time Output Compare/PWM Channel Configuration (for channels 5 and 6)
  13:Drivers/STM32F3xx_HAL_Driver/Src/stm32f3xx_hal_tim_ex.c ****   *           + Time OCRef clear configuration
  14:Drivers/STM32F3xx_HAL_Driver/Src/stm32f3xx_hal_tim_ex.c ****   *           + Timer remapping capabilities configuration
  15:Drivers/STM32F3xx_HAL_Driver/Src/stm32f3xx_hal_tim_ex.c ****   ******************************************************************************
  16:Drivers/STM32F3xx_HAL_Driver/Src/stm32f3xx_hal_tim_ex.c ****   * @attention
  17:Drivers/STM32F3xx_HAL_Driver/Src/stm32f3xx_hal_tim_ex.c ****   *
  18:Drivers/STM32F3xx_HAL_Driver/Src/stm32f3xx_hal_tim_ex.c ****   * Copyright (c) 2016 STMicroelectronics.
  19:Drivers/STM32F3xx_HAL_Driver/Src/stm32f3xx_hal_tim_ex.c ****   * All rights reserved.
  20:Drivers/STM32F3xx_HAL_Driver/Src/stm32f3xx_hal_tim_ex.c ****   *
  21:Drivers/STM32F3xx_HAL_Driver/Src/stm32f3xx_hal_tim_ex.c ****   * This software is licensed under terms that can be found in the LICENSE file
  22:Drivers/STM32F3xx_HAL_Driver/Src/stm32f3xx_hal_tim_ex.c ****   * in the root directory of this software component.
  23:Drivers/STM32F3xx_HAL_Driver/Src/stm32f3xx_hal_tim_ex.c ****   * If no LICENSE file comes with this software, it is provided AS-IS.
  24:Drivers/STM32F3xx_HAL_Driver/Src/stm32f3xx_hal_tim_ex.c ****   *
  25:Drivers/STM32F3xx_HAL_Driver/Src/stm32f3xx_hal_tim_ex.c ****   ******************************************************************************
  26:Drivers/STM32F3xx_HAL_Driver/Src/stm32f3xx_hal_tim_ex.c ****   @verbatim
  27:Drivers/STM32F3xx_HAL_Driver/Src/stm32f3xx_hal_tim_ex.c ****   ==============================================================================
  28:Drivers/STM32F3xx_HAL_Driver/Src/stm32f3xx_hal_tim_ex.c ****                       ##### TIMER Extended features #####
  29:Drivers/STM32F3xx_HAL_Driver/Src/stm32f3xx_hal_tim_ex.c ****   ==============================================================================
  30:Drivers/STM32F3xx_HAL_Driver/Src/stm32f3xx_hal_tim_ex.c ****   [..]
ARM GAS  /tmp/ccZqO8pD.s 			page 2


  31:Drivers/STM32F3xx_HAL_Driver/Src/stm32f3xx_hal_tim_ex.c ****     The Timer Extended features include:
  32:Drivers/STM32F3xx_HAL_Driver/Src/stm32f3xx_hal_tim_ex.c ****     (#) Complementary outputs with programmable dead-time for :
  33:Drivers/STM32F3xx_HAL_Driver/Src/stm32f3xx_hal_tim_ex.c ****         (++) Output Compare
  34:Drivers/STM32F3xx_HAL_Driver/Src/stm32f3xx_hal_tim_ex.c ****         (++) PWM generation (Edge and Center-aligned Mode)
  35:Drivers/STM32F3xx_HAL_Driver/Src/stm32f3xx_hal_tim_ex.c ****         (++) One-pulse mode output
  36:Drivers/STM32F3xx_HAL_Driver/Src/stm32f3xx_hal_tim_ex.c ****     (#) Synchronization circuit to control the timer with external signals and to
  37:Drivers/STM32F3xx_HAL_Driver/Src/stm32f3xx_hal_tim_ex.c ****         interconnect several timers together.
  38:Drivers/STM32F3xx_HAL_Driver/Src/stm32f3xx_hal_tim_ex.c ****     (#) Break input to put the timer output signals in reset state or in a known state.
  39:Drivers/STM32F3xx_HAL_Driver/Src/stm32f3xx_hal_tim_ex.c ****     (#) Supports incremental (quadrature) encoder and hall-sensor circuitry for
  40:Drivers/STM32F3xx_HAL_Driver/Src/stm32f3xx_hal_tim_ex.c ****         positioning purposes
  41:Drivers/STM32F3xx_HAL_Driver/Src/stm32f3xx_hal_tim_ex.c **** 
  42:Drivers/STM32F3xx_HAL_Driver/Src/stm32f3xx_hal_tim_ex.c ****             ##### How to use this driver #####
  43:Drivers/STM32F3xx_HAL_Driver/Src/stm32f3xx_hal_tim_ex.c ****   ==============================================================================
  44:Drivers/STM32F3xx_HAL_Driver/Src/stm32f3xx_hal_tim_ex.c ****     [..]
  45:Drivers/STM32F3xx_HAL_Driver/Src/stm32f3xx_hal_tim_ex.c ****      (#) Initialize the TIM low level resources by implementing the following functions
  46:Drivers/STM32F3xx_HAL_Driver/Src/stm32f3xx_hal_tim_ex.c ****          depending on the selected feature:
  47:Drivers/STM32F3xx_HAL_Driver/Src/stm32f3xx_hal_tim_ex.c ****            (++) Hall Sensor output : HAL_TIMEx_HallSensor_MspInit()
  48:Drivers/STM32F3xx_HAL_Driver/Src/stm32f3xx_hal_tim_ex.c **** 
  49:Drivers/STM32F3xx_HAL_Driver/Src/stm32f3xx_hal_tim_ex.c ****      (#) Initialize the TIM low level resources :
  50:Drivers/STM32F3xx_HAL_Driver/Src/stm32f3xx_hal_tim_ex.c ****         (##) Enable the TIM interface clock using __HAL_RCC_TIMx_CLK_ENABLE();
  51:Drivers/STM32F3xx_HAL_Driver/Src/stm32f3xx_hal_tim_ex.c ****         (##) TIM pins configuration
  52:Drivers/STM32F3xx_HAL_Driver/Src/stm32f3xx_hal_tim_ex.c ****             (+++) Enable the clock for the TIM GPIOs using the following function:
  53:Drivers/STM32F3xx_HAL_Driver/Src/stm32f3xx_hal_tim_ex.c ****               __HAL_RCC_GPIOx_CLK_ENABLE();
  54:Drivers/STM32F3xx_HAL_Driver/Src/stm32f3xx_hal_tim_ex.c ****             (+++) Configure these TIM pins in Alternate function mode using HAL_GPIO_Init();
  55:Drivers/STM32F3xx_HAL_Driver/Src/stm32f3xx_hal_tim_ex.c **** 
  56:Drivers/STM32F3xx_HAL_Driver/Src/stm32f3xx_hal_tim_ex.c ****      (#) The external Clock can be configured, if needed (the default clock is the
  57:Drivers/STM32F3xx_HAL_Driver/Src/stm32f3xx_hal_tim_ex.c ****          internal clock from the APBx), using the following function:
  58:Drivers/STM32F3xx_HAL_Driver/Src/stm32f3xx_hal_tim_ex.c ****          HAL_TIM_ConfigClockSource, the clock configuration should be done before
  59:Drivers/STM32F3xx_HAL_Driver/Src/stm32f3xx_hal_tim_ex.c ****          any start function.
  60:Drivers/STM32F3xx_HAL_Driver/Src/stm32f3xx_hal_tim_ex.c **** 
  61:Drivers/STM32F3xx_HAL_Driver/Src/stm32f3xx_hal_tim_ex.c ****      (#) Configure the TIM in the desired functioning mode using one of the
  62:Drivers/STM32F3xx_HAL_Driver/Src/stm32f3xx_hal_tim_ex.c ****          initialization function of this driver:
  63:Drivers/STM32F3xx_HAL_Driver/Src/stm32f3xx_hal_tim_ex.c ****           (++) HAL_TIMEx_HallSensor_Init() and HAL_TIMEx_ConfigCommutEvent(): to use the
  64:Drivers/STM32F3xx_HAL_Driver/Src/stm32f3xx_hal_tim_ex.c ****                Timer Hall Sensor Interface and the commutation event with the corresponding
  65:Drivers/STM32F3xx_HAL_Driver/Src/stm32f3xx_hal_tim_ex.c ****                Interrupt and DMA request if needed (Note that One Timer is used to interface
  66:Drivers/STM32F3xx_HAL_Driver/Src/stm32f3xx_hal_tim_ex.c ****                with the Hall sensor Interface and another Timer should be used to use
  67:Drivers/STM32F3xx_HAL_Driver/Src/stm32f3xx_hal_tim_ex.c ****                the commutation event).
  68:Drivers/STM32F3xx_HAL_Driver/Src/stm32f3xx_hal_tim_ex.c **** 
  69:Drivers/STM32F3xx_HAL_Driver/Src/stm32f3xx_hal_tim_ex.c ****      (#) Activate the TIM peripheral using one of the start functions:
  70:Drivers/STM32F3xx_HAL_Driver/Src/stm32f3xx_hal_tim_ex.c ****            (++) Complementary Output Compare : HAL_TIMEx_OCN_Start(), HAL_TIMEx_OCN_Start_DMA(),
  71:Drivers/STM32F3xx_HAL_Driver/Src/stm32f3xx_hal_tim_ex.c ****                 HAL_TIMEx_OCN_Start_IT()
  72:Drivers/STM32F3xx_HAL_Driver/Src/stm32f3xx_hal_tim_ex.c ****            (++) Complementary PWM generation : HAL_TIMEx_PWMN_Start(), HAL_TIMEx_PWMN_Start_DMA(),
  73:Drivers/STM32F3xx_HAL_Driver/Src/stm32f3xx_hal_tim_ex.c ****                 HAL_TIMEx_PWMN_Start_IT()
  74:Drivers/STM32F3xx_HAL_Driver/Src/stm32f3xx_hal_tim_ex.c ****            (++) Complementary One-pulse mode output : HAL_TIMEx_OnePulseN_Start(), HAL_TIMEx_OnePul
  75:Drivers/STM32F3xx_HAL_Driver/Src/stm32f3xx_hal_tim_ex.c ****            (++) Hall Sensor output : HAL_TIMEx_HallSensor_Start(), HAL_TIMEx_HallSensor_Start_DMA()
  76:Drivers/STM32F3xx_HAL_Driver/Src/stm32f3xx_hal_tim_ex.c ****                 HAL_TIMEx_HallSensor_Start_IT().
  77:Drivers/STM32F3xx_HAL_Driver/Src/stm32f3xx_hal_tim_ex.c **** 
  78:Drivers/STM32F3xx_HAL_Driver/Src/stm32f3xx_hal_tim_ex.c ****   @endverbatim
  79:Drivers/STM32F3xx_HAL_Driver/Src/stm32f3xx_hal_tim_ex.c ****   ******************************************************************************
  80:Drivers/STM32F3xx_HAL_Driver/Src/stm32f3xx_hal_tim_ex.c ****   */
  81:Drivers/STM32F3xx_HAL_Driver/Src/stm32f3xx_hal_tim_ex.c **** 
  82:Drivers/STM32F3xx_HAL_Driver/Src/stm32f3xx_hal_tim_ex.c **** /* Includes ------------------------------------------------------------------*/
  83:Drivers/STM32F3xx_HAL_Driver/Src/stm32f3xx_hal_tim_ex.c **** #include "stm32f3xx_hal.h"
  84:Drivers/STM32F3xx_HAL_Driver/Src/stm32f3xx_hal_tim_ex.c **** 
  85:Drivers/STM32F3xx_HAL_Driver/Src/stm32f3xx_hal_tim_ex.c **** /** @addtogroup STM32F3xx_HAL_Driver
  86:Drivers/STM32F3xx_HAL_Driver/Src/stm32f3xx_hal_tim_ex.c ****   * @{
  87:Drivers/STM32F3xx_HAL_Driver/Src/stm32f3xx_hal_tim_ex.c ****   */
ARM GAS  /tmp/ccZqO8pD.s 			page 3


  88:Drivers/STM32F3xx_HAL_Driver/Src/stm32f3xx_hal_tim_ex.c **** 
  89:Drivers/STM32F3xx_HAL_Driver/Src/stm32f3xx_hal_tim_ex.c **** /** @defgroup TIMEx TIMEx
  90:Drivers/STM32F3xx_HAL_Driver/Src/stm32f3xx_hal_tim_ex.c ****   * @brief TIM Extended HAL module driver
  91:Drivers/STM32F3xx_HAL_Driver/Src/stm32f3xx_hal_tim_ex.c ****   * @{
  92:Drivers/STM32F3xx_HAL_Driver/Src/stm32f3xx_hal_tim_ex.c ****   */
  93:Drivers/STM32F3xx_HAL_Driver/Src/stm32f3xx_hal_tim_ex.c **** 
  94:Drivers/STM32F3xx_HAL_Driver/Src/stm32f3xx_hal_tim_ex.c **** #ifdef HAL_TIM_MODULE_ENABLED
  95:Drivers/STM32F3xx_HAL_Driver/Src/stm32f3xx_hal_tim_ex.c **** 
  96:Drivers/STM32F3xx_HAL_Driver/Src/stm32f3xx_hal_tim_ex.c **** /* Private typedef -----------------------------------------------------------*/
  97:Drivers/STM32F3xx_HAL_Driver/Src/stm32f3xx_hal_tim_ex.c **** /* Private define ------------------------------------------------------------*/
  98:Drivers/STM32F3xx_HAL_Driver/Src/stm32f3xx_hal_tim_ex.c **** /* Private macros ------------------------------------------------------------*/
  99:Drivers/STM32F3xx_HAL_Driver/Src/stm32f3xx_hal_tim_ex.c **** /* Private variables ---------------------------------------------------------*/
 100:Drivers/STM32F3xx_HAL_Driver/Src/stm32f3xx_hal_tim_ex.c **** /* Private function prototypes -----------------------------------------------*/
 101:Drivers/STM32F3xx_HAL_Driver/Src/stm32f3xx_hal_tim_ex.c **** static void TIM_DMADelayPulseNCplt(DMA_HandleTypeDef *hdma);
 102:Drivers/STM32F3xx_HAL_Driver/Src/stm32f3xx_hal_tim_ex.c **** static void TIM_DMAErrorCCxN(DMA_HandleTypeDef *hdma);
 103:Drivers/STM32F3xx_HAL_Driver/Src/stm32f3xx_hal_tim_ex.c **** static void TIM_CCxNChannelCmd(TIM_TypeDef *TIMx, uint32_t Channel, uint32_t ChannelNState);
 104:Drivers/STM32F3xx_HAL_Driver/Src/stm32f3xx_hal_tim_ex.c **** 
 105:Drivers/STM32F3xx_HAL_Driver/Src/stm32f3xx_hal_tim_ex.c **** /* Exported functions --------------------------------------------------------*/
 106:Drivers/STM32F3xx_HAL_Driver/Src/stm32f3xx_hal_tim_ex.c **** /** @defgroup TIMEx_Exported_Functions TIM Extended Exported Functions
 107:Drivers/STM32F3xx_HAL_Driver/Src/stm32f3xx_hal_tim_ex.c ****   * @{
 108:Drivers/STM32F3xx_HAL_Driver/Src/stm32f3xx_hal_tim_ex.c ****   */
 109:Drivers/STM32F3xx_HAL_Driver/Src/stm32f3xx_hal_tim_ex.c **** 
 110:Drivers/STM32F3xx_HAL_Driver/Src/stm32f3xx_hal_tim_ex.c **** /** @defgroup TIMEx_Exported_Functions_Group1 Extended Timer Hall Sensor functions
 111:Drivers/STM32F3xx_HAL_Driver/Src/stm32f3xx_hal_tim_ex.c ****   * @brief    Timer Hall Sensor functions
 112:Drivers/STM32F3xx_HAL_Driver/Src/stm32f3xx_hal_tim_ex.c ****   *
 113:Drivers/STM32F3xx_HAL_Driver/Src/stm32f3xx_hal_tim_ex.c **** @verbatim
 114:Drivers/STM32F3xx_HAL_Driver/Src/stm32f3xx_hal_tim_ex.c ****   ==============================================================================
 115:Drivers/STM32F3xx_HAL_Driver/Src/stm32f3xx_hal_tim_ex.c ****                       ##### Timer Hall Sensor functions #####
 116:Drivers/STM32F3xx_HAL_Driver/Src/stm32f3xx_hal_tim_ex.c ****   ==============================================================================
 117:Drivers/STM32F3xx_HAL_Driver/Src/stm32f3xx_hal_tim_ex.c ****   [..]
 118:Drivers/STM32F3xx_HAL_Driver/Src/stm32f3xx_hal_tim_ex.c ****     This section provides functions allowing to:
 119:Drivers/STM32F3xx_HAL_Driver/Src/stm32f3xx_hal_tim_ex.c ****     (+) Initialize and configure TIM HAL Sensor.
 120:Drivers/STM32F3xx_HAL_Driver/Src/stm32f3xx_hal_tim_ex.c ****     (+) De-initialize TIM HAL Sensor.
 121:Drivers/STM32F3xx_HAL_Driver/Src/stm32f3xx_hal_tim_ex.c ****     (+) Start the Hall Sensor Interface.
 122:Drivers/STM32F3xx_HAL_Driver/Src/stm32f3xx_hal_tim_ex.c ****     (+) Stop the Hall Sensor Interface.
 123:Drivers/STM32F3xx_HAL_Driver/Src/stm32f3xx_hal_tim_ex.c ****     (+) Start the Hall Sensor Interface and enable interrupts.
 124:Drivers/STM32F3xx_HAL_Driver/Src/stm32f3xx_hal_tim_ex.c ****     (+) Stop the Hall Sensor Interface and disable interrupts.
 125:Drivers/STM32F3xx_HAL_Driver/Src/stm32f3xx_hal_tim_ex.c ****     (+) Start the Hall Sensor Interface and enable DMA transfers.
 126:Drivers/STM32F3xx_HAL_Driver/Src/stm32f3xx_hal_tim_ex.c ****     (+) Stop the Hall Sensor Interface and disable DMA transfers.
 127:Drivers/STM32F3xx_HAL_Driver/Src/stm32f3xx_hal_tim_ex.c **** 
 128:Drivers/STM32F3xx_HAL_Driver/Src/stm32f3xx_hal_tim_ex.c **** @endverbatim
 129:Drivers/STM32F3xx_HAL_Driver/Src/stm32f3xx_hal_tim_ex.c ****   * @{
 130:Drivers/STM32F3xx_HAL_Driver/Src/stm32f3xx_hal_tim_ex.c ****   */
 131:Drivers/STM32F3xx_HAL_Driver/Src/stm32f3xx_hal_tim_ex.c **** /**
 132:Drivers/STM32F3xx_HAL_Driver/Src/stm32f3xx_hal_tim_ex.c ****   * @brief  Initializes the TIM Hall Sensor Interface and initialize the associated handle.
 133:Drivers/STM32F3xx_HAL_Driver/Src/stm32f3xx_hal_tim_ex.c ****   * @note   When the timer instance is initialized in Hall Sensor Interface mode,
 134:Drivers/STM32F3xx_HAL_Driver/Src/stm32f3xx_hal_tim_ex.c ****   *         timer channels 1 and channel 2 are reserved and cannot be used for
 135:Drivers/STM32F3xx_HAL_Driver/Src/stm32f3xx_hal_tim_ex.c ****   *         other purpose.
 136:Drivers/STM32F3xx_HAL_Driver/Src/stm32f3xx_hal_tim_ex.c ****   * @param  htim TIM Hall Sensor Interface handle
 137:Drivers/STM32F3xx_HAL_Driver/Src/stm32f3xx_hal_tim_ex.c ****   * @param  sConfig TIM Hall Sensor configuration structure
 138:Drivers/STM32F3xx_HAL_Driver/Src/stm32f3xx_hal_tim_ex.c ****   * @retval HAL status
 139:Drivers/STM32F3xx_HAL_Driver/Src/stm32f3xx_hal_tim_ex.c ****   */
 140:Drivers/STM32F3xx_HAL_Driver/Src/stm32f3xx_hal_tim_ex.c **** HAL_StatusTypeDef HAL_TIMEx_HallSensor_Init(TIM_HandleTypeDef *htim, const TIM_HallSensor_InitTypeD
 141:Drivers/STM32F3xx_HAL_Driver/Src/stm32f3xx_hal_tim_ex.c **** {
 142:Drivers/STM32F3xx_HAL_Driver/Src/stm32f3xx_hal_tim_ex.c ****   TIM_OC_InitTypeDef OC_Config;
 143:Drivers/STM32F3xx_HAL_Driver/Src/stm32f3xx_hal_tim_ex.c **** 
 144:Drivers/STM32F3xx_HAL_Driver/Src/stm32f3xx_hal_tim_ex.c ****   /* Check the TIM handle allocation */
ARM GAS  /tmp/ccZqO8pD.s 			page 4


 145:Drivers/STM32F3xx_HAL_Driver/Src/stm32f3xx_hal_tim_ex.c ****   if (htim == NULL)
 146:Drivers/STM32F3xx_HAL_Driver/Src/stm32f3xx_hal_tim_ex.c ****   {
 147:Drivers/STM32F3xx_HAL_Driver/Src/stm32f3xx_hal_tim_ex.c ****     return HAL_ERROR;
 148:Drivers/STM32F3xx_HAL_Driver/Src/stm32f3xx_hal_tim_ex.c ****   }
 149:Drivers/STM32F3xx_HAL_Driver/Src/stm32f3xx_hal_tim_ex.c **** 
 150:Drivers/STM32F3xx_HAL_Driver/Src/stm32f3xx_hal_tim_ex.c ****   /* Check the parameters */
 151:Drivers/STM32F3xx_HAL_Driver/Src/stm32f3xx_hal_tim_ex.c ****   assert_param(IS_TIM_HALL_SENSOR_INTERFACE_INSTANCE(htim->Instance));
 152:Drivers/STM32F3xx_HAL_Driver/Src/stm32f3xx_hal_tim_ex.c ****   assert_param(IS_TIM_COUNTER_MODE(htim->Init.CounterMode));
 153:Drivers/STM32F3xx_HAL_Driver/Src/stm32f3xx_hal_tim_ex.c ****   assert_param(IS_TIM_CLOCKDIVISION_DIV(htim->Init.ClockDivision));
 154:Drivers/STM32F3xx_HAL_Driver/Src/stm32f3xx_hal_tim_ex.c ****   assert_param(IS_TIM_AUTORELOAD_PRELOAD(htim->Init.AutoReloadPreload));
 155:Drivers/STM32F3xx_HAL_Driver/Src/stm32f3xx_hal_tim_ex.c ****   assert_param(IS_TIM_IC_POLARITY(sConfig->IC1Polarity));
 156:Drivers/STM32F3xx_HAL_Driver/Src/stm32f3xx_hal_tim_ex.c ****   assert_param(IS_TIM_PERIOD(htim, htim->Init.Period));
 157:Drivers/STM32F3xx_HAL_Driver/Src/stm32f3xx_hal_tim_ex.c ****   assert_param(IS_TIM_IC_PRESCALER(sConfig->IC1Prescaler));
 158:Drivers/STM32F3xx_HAL_Driver/Src/stm32f3xx_hal_tim_ex.c ****   assert_param(IS_TIM_IC_FILTER(sConfig->IC1Filter));
 159:Drivers/STM32F3xx_HAL_Driver/Src/stm32f3xx_hal_tim_ex.c **** 
 160:Drivers/STM32F3xx_HAL_Driver/Src/stm32f3xx_hal_tim_ex.c ****   if (htim->State == HAL_TIM_STATE_RESET)
 161:Drivers/STM32F3xx_HAL_Driver/Src/stm32f3xx_hal_tim_ex.c ****   {
 162:Drivers/STM32F3xx_HAL_Driver/Src/stm32f3xx_hal_tim_ex.c ****     /* Allocate lock resource and initialize it */
 163:Drivers/STM32F3xx_HAL_Driver/Src/stm32f3xx_hal_tim_ex.c ****     htim->Lock = HAL_UNLOCKED;
 164:Drivers/STM32F3xx_HAL_Driver/Src/stm32f3xx_hal_tim_ex.c **** 
 165:Drivers/STM32F3xx_HAL_Driver/Src/stm32f3xx_hal_tim_ex.c **** #if (USE_HAL_TIM_REGISTER_CALLBACKS == 1)
 166:Drivers/STM32F3xx_HAL_Driver/Src/stm32f3xx_hal_tim_ex.c ****     /* Reset interrupt callbacks to legacy week callbacks */
 167:Drivers/STM32F3xx_HAL_Driver/Src/stm32f3xx_hal_tim_ex.c ****     TIM_ResetCallback(htim);
 168:Drivers/STM32F3xx_HAL_Driver/Src/stm32f3xx_hal_tim_ex.c **** 
 169:Drivers/STM32F3xx_HAL_Driver/Src/stm32f3xx_hal_tim_ex.c ****     if (htim->HallSensor_MspInitCallback == NULL)
 170:Drivers/STM32F3xx_HAL_Driver/Src/stm32f3xx_hal_tim_ex.c ****     {
 171:Drivers/STM32F3xx_HAL_Driver/Src/stm32f3xx_hal_tim_ex.c ****       htim->HallSensor_MspInitCallback = HAL_TIMEx_HallSensor_MspInit;
 172:Drivers/STM32F3xx_HAL_Driver/Src/stm32f3xx_hal_tim_ex.c ****     }
 173:Drivers/STM32F3xx_HAL_Driver/Src/stm32f3xx_hal_tim_ex.c ****     /* Init the low level hardware : GPIO, CLOCK, NVIC */
 174:Drivers/STM32F3xx_HAL_Driver/Src/stm32f3xx_hal_tim_ex.c ****     htim->HallSensor_MspInitCallback(htim);
 175:Drivers/STM32F3xx_HAL_Driver/Src/stm32f3xx_hal_tim_ex.c **** #else
 176:Drivers/STM32F3xx_HAL_Driver/Src/stm32f3xx_hal_tim_ex.c ****     /* Init the low level hardware : GPIO, CLOCK, NVIC and DMA */
 177:Drivers/STM32F3xx_HAL_Driver/Src/stm32f3xx_hal_tim_ex.c ****     HAL_TIMEx_HallSensor_MspInit(htim);
 178:Drivers/STM32F3xx_HAL_Driver/Src/stm32f3xx_hal_tim_ex.c **** #endif /* USE_HAL_TIM_REGISTER_CALLBACKS */
 179:Drivers/STM32F3xx_HAL_Driver/Src/stm32f3xx_hal_tim_ex.c ****   }
 180:Drivers/STM32F3xx_HAL_Driver/Src/stm32f3xx_hal_tim_ex.c **** 
 181:Drivers/STM32F3xx_HAL_Driver/Src/stm32f3xx_hal_tim_ex.c ****   /* Set the TIM state */
 182:Drivers/STM32F3xx_HAL_Driver/Src/stm32f3xx_hal_tim_ex.c ****   htim->State = HAL_TIM_STATE_BUSY;
 183:Drivers/STM32F3xx_HAL_Driver/Src/stm32f3xx_hal_tim_ex.c **** 
 184:Drivers/STM32F3xx_HAL_Driver/Src/stm32f3xx_hal_tim_ex.c ****   /* Configure the Time base in the Encoder Mode */
 185:Drivers/STM32F3xx_HAL_Driver/Src/stm32f3xx_hal_tim_ex.c ****   TIM_Base_SetConfig(htim->Instance, &htim->Init);
 186:Drivers/STM32F3xx_HAL_Driver/Src/stm32f3xx_hal_tim_ex.c **** 
 187:Drivers/STM32F3xx_HAL_Driver/Src/stm32f3xx_hal_tim_ex.c ****   /* Configure the Channel 1 as Input Channel to interface with the three Outputs of the  Hall sens
 188:Drivers/STM32F3xx_HAL_Driver/Src/stm32f3xx_hal_tim_ex.c ****   TIM_TI1_SetConfig(htim->Instance, sConfig->IC1Polarity, TIM_ICSELECTION_TRC, sConfig->IC1Filter);
 189:Drivers/STM32F3xx_HAL_Driver/Src/stm32f3xx_hal_tim_ex.c **** 
 190:Drivers/STM32F3xx_HAL_Driver/Src/stm32f3xx_hal_tim_ex.c ****   /* Reset the IC1PSC Bits */
 191:Drivers/STM32F3xx_HAL_Driver/Src/stm32f3xx_hal_tim_ex.c ****   htim->Instance->CCMR1 &= ~TIM_CCMR1_IC1PSC;
 192:Drivers/STM32F3xx_HAL_Driver/Src/stm32f3xx_hal_tim_ex.c ****   /* Set the IC1PSC value */
 193:Drivers/STM32F3xx_HAL_Driver/Src/stm32f3xx_hal_tim_ex.c ****   htim->Instance->CCMR1 |= sConfig->IC1Prescaler;
 194:Drivers/STM32F3xx_HAL_Driver/Src/stm32f3xx_hal_tim_ex.c **** 
 195:Drivers/STM32F3xx_HAL_Driver/Src/stm32f3xx_hal_tim_ex.c ****   /* Enable the Hall sensor interface (XOR function of the three inputs) */
 196:Drivers/STM32F3xx_HAL_Driver/Src/stm32f3xx_hal_tim_ex.c ****   htim->Instance->CR2 |= TIM_CR2_TI1S;
 197:Drivers/STM32F3xx_HAL_Driver/Src/stm32f3xx_hal_tim_ex.c **** 
 198:Drivers/STM32F3xx_HAL_Driver/Src/stm32f3xx_hal_tim_ex.c ****   /* Select the TIM_TS_TI1F_ED signal as Input trigger for the TIM */
 199:Drivers/STM32F3xx_HAL_Driver/Src/stm32f3xx_hal_tim_ex.c ****   htim->Instance->SMCR &= ~TIM_SMCR_TS;
 200:Drivers/STM32F3xx_HAL_Driver/Src/stm32f3xx_hal_tim_ex.c ****   htim->Instance->SMCR |= TIM_TS_TI1F_ED;
 201:Drivers/STM32F3xx_HAL_Driver/Src/stm32f3xx_hal_tim_ex.c **** 
ARM GAS  /tmp/ccZqO8pD.s 			page 5


 202:Drivers/STM32F3xx_HAL_Driver/Src/stm32f3xx_hal_tim_ex.c ****   /* Use the TIM_TS_TI1F_ED signal to reset the TIM counter each edge detection */
 203:Drivers/STM32F3xx_HAL_Driver/Src/stm32f3xx_hal_tim_ex.c ****   htim->Instance->SMCR &= ~TIM_SMCR_SMS;
 204:Drivers/STM32F3xx_HAL_Driver/Src/stm32f3xx_hal_tim_ex.c ****   htim->Instance->SMCR |= TIM_SLAVEMODE_RESET;
 205:Drivers/STM32F3xx_HAL_Driver/Src/stm32f3xx_hal_tim_ex.c **** 
 206:Drivers/STM32F3xx_HAL_Driver/Src/stm32f3xx_hal_tim_ex.c ****   /* Program channel 2 in PWM 2 mode with the desired Commutation_Delay*/
 207:Drivers/STM32F3xx_HAL_Driver/Src/stm32f3xx_hal_tim_ex.c ****   OC_Config.OCFastMode = TIM_OCFAST_DISABLE;
 208:Drivers/STM32F3xx_HAL_Driver/Src/stm32f3xx_hal_tim_ex.c ****   OC_Config.OCIdleState = TIM_OCIDLESTATE_RESET;
 209:Drivers/STM32F3xx_HAL_Driver/Src/stm32f3xx_hal_tim_ex.c ****   OC_Config.OCMode = TIM_OCMODE_PWM2;
 210:Drivers/STM32F3xx_HAL_Driver/Src/stm32f3xx_hal_tim_ex.c ****   OC_Config.OCNIdleState = TIM_OCNIDLESTATE_RESET;
 211:Drivers/STM32F3xx_HAL_Driver/Src/stm32f3xx_hal_tim_ex.c ****   OC_Config.OCNPolarity = TIM_OCNPOLARITY_HIGH;
 212:Drivers/STM32F3xx_HAL_Driver/Src/stm32f3xx_hal_tim_ex.c ****   OC_Config.OCPolarity = TIM_OCPOLARITY_HIGH;
 213:Drivers/STM32F3xx_HAL_Driver/Src/stm32f3xx_hal_tim_ex.c ****   OC_Config.Pulse = sConfig->Commutation_Delay;
 214:Drivers/STM32F3xx_HAL_Driver/Src/stm32f3xx_hal_tim_ex.c **** 
 215:Drivers/STM32F3xx_HAL_Driver/Src/stm32f3xx_hal_tim_ex.c ****   TIM_OC2_SetConfig(htim->Instance, &OC_Config);
 216:Drivers/STM32F3xx_HAL_Driver/Src/stm32f3xx_hal_tim_ex.c **** 
 217:Drivers/STM32F3xx_HAL_Driver/Src/stm32f3xx_hal_tim_ex.c ****   /* Select OC2REF as trigger output on TRGO: write the MMS bits in the TIMx_CR2
 218:Drivers/STM32F3xx_HAL_Driver/Src/stm32f3xx_hal_tim_ex.c ****     register to 101 */
 219:Drivers/STM32F3xx_HAL_Driver/Src/stm32f3xx_hal_tim_ex.c ****   htim->Instance->CR2 &= ~TIM_CR2_MMS;
 220:Drivers/STM32F3xx_HAL_Driver/Src/stm32f3xx_hal_tim_ex.c ****   htim->Instance->CR2 |= TIM_TRGO_OC2REF;
 221:Drivers/STM32F3xx_HAL_Driver/Src/stm32f3xx_hal_tim_ex.c **** 
 222:Drivers/STM32F3xx_HAL_Driver/Src/stm32f3xx_hal_tim_ex.c ****   /* Initialize the DMA burst operation state */
 223:Drivers/STM32F3xx_HAL_Driver/Src/stm32f3xx_hal_tim_ex.c ****   htim->DMABurstState = HAL_DMA_BURST_STATE_READY;
 224:Drivers/STM32F3xx_HAL_Driver/Src/stm32f3xx_hal_tim_ex.c **** 
 225:Drivers/STM32F3xx_HAL_Driver/Src/stm32f3xx_hal_tim_ex.c ****   /* Initialize the TIM channels state */
 226:Drivers/STM32F3xx_HAL_Driver/Src/stm32f3xx_hal_tim_ex.c ****   TIM_CHANNEL_STATE_SET(htim, TIM_CHANNEL_1, HAL_TIM_CHANNEL_STATE_READY);
 227:Drivers/STM32F3xx_HAL_Driver/Src/stm32f3xx_hal_tim_ex.c ****   TIM_CHANNEL_STATE_SET(htim, TIM_CHANNEL_2, HAL_TIM_CHANNEL_STATE_READY);
 228:Drivers/STM32F3xx_HAL_Driver/Src/stm32f3xx_hal_tim_ex.c ****   TIM_CHANNEL_N_STATE_SET(htim, TIM_CHANNEL_1, HAL_TIM_CHANNEL_STATE_READY);
 229:Drivers/STM32F3xx_HAL_Driver/Src/stm32f3xx_hal_tim_ex.c ****   TIM_CHANNEL_N_STATE_SET(htim, TIM_CHANNEL_2, HAL_TIM_CHANNEL_STATE_READY);
 230:Drivers/STM32F3xx_HAL_Driver/Src/stm32f3xx_hal_tim_ex.c **** 
 231:Drivers/STM32F3xx_HAL_Driver/Src/stm32f3xx_hal_tim_ex.c ****   /* Initialize the TIM state*/
 232:Drivers/STM32F3xx_HAL_Driver/Src/stm32f3xx_hal_tim_ex.c ****   htim->State = HAL_TIM_STATE_READY;
 233:Drivers/STM32F3xx_HAL_Driver/Src/stm32f3xx_hal_tim_ex.c **** 
 234:Drivers/STM32F3xx_HAL_Driver/Src/stm32f3xx_hal_tim_ex.c ****   return HAL_OK;
 235:Drivers/STM32F3xx_HAL_Driver/Src/stm32f3xx_hal_tim_ex.c **** }
 236:Drivers/STM32F3xx_HAL_Driver/Src/stm32f3xx_hal_tim_ex.c **** 
 237:Drivers/STM32F3xx_HAL_Driver/Src/stm32f3xx_hal_tim_ex.c **** /**
 238:Drivers/STM32F3xx_HAL_Driver/Src/stm32f3xx_hal_tim_ex.c ****   * @brief  DeInitializes the TIM Hall Sensor interface
 239:Drivers/STM32F3xx_HAL_Driver/Src/stm32f3xx_hal_tim_ex.c ****   * @param  htim TIM Hall Sensor Interface handle
 240:Drivers/STM32F3xx_HAL_Driver/Src/stm32f3xx_hal_tim_ex.c ****   * @retval HAL status
 241:Drivers/STM32F3xx_HAL_Driver/Src/stm32f3xx_hal_tim_ex.c ****   */
 242:Drivers/STM32F3xx_HAL_Driver/Src/stm32f3xx_hal_tim_ex.c **** HAL_StatusTypeDef HAL_TIMEx_HallSensor_DeInit(TIM_HandleTypeDef *htim)
 243:Drivers/STM32F3xx_HAL_Driver/Src/stm32f3xx_hal_tim_ex.c **** {
 244:Drivers/STM32F3xx_HAL_Driver/Src/stm32f3xx_hal_tim_ex.c ****   /* Check the parameters */
 245:Drivers/STM32F3xx_HAL_Driver/Src/stm32f3xx_hal_tim_ex.c ****   assert_param(IS_TIM_INSTANCE(htim->Instance));
 246:Drivers/STM32F3xx_HAL_Driver/Src/stm32f3xx_hal_tim_ex.c **** 
 247:Drivers/STM32F3xx_HAL_Driver/Src/stm32f3xx_hal_tim_ex.c ****   htim->State = HAL_TIM_STATE_BUSY;
 248:Drivers/STM32F3xx_HAL_Driver/Src/stm32f3xx_hal_tim_ex.c **** 
 249:Drivers/STM32F3xx_HAL_Driver/Src/stm32f3xx_hal_tim_ex.c ****   /* Disable the TIM Peripheral Clock */
 250:Drivers/STM32F3xx_HAL_Driver/Src/stm32f3xx_hal_tim_ex.c ****   __HAL_TIM_DISABLE(htim);
 251:Drivers/STM32F3xx_HAL_Driver/Src/stm32f3xx_hal_tim_ex.c **** 
 252:Drivers/STM32F3xx_HAL_Driver/Src/stm32f3xx_hal_tim_ex.c **** #if (USE_HAL_TIM_REGISTER_CALLBACKS == 1)
 253:Drivers/STM32F3xx_HAL_Driver/Src/stm32f3xx_hal_tim_ex.c ****   if (htim->HallSensor_MspDeInitCallback == NULL)
 254:Drivers/STM32F3xx_HAL_Driver/Src/stm32f3xx_hal_tim_ex.c ****   {
 255:Drivers/STM32F3xx_HAL_Driver/Src/stm32f3xx_hal_tim_ex.c ****     htim->HallSensor_MspDeInitCallback = HAL_TIMEx_HallSensor_MspDeInit;
 256:Drivers/STM32F3xx_HAL_Driver/Src/stm32f3xx_hal_tim_ex.c ****   }
 257:Drivers/STM32F3xx_HAL_Driver/Src/stm32f3xx_hal_tim_ex.c ****   /* DeInit the low level hardware */
 258:Drivers/STM32F3xx_HAL_Driver/Src/stm32f3xx_hal_tim_ex.c ****   htim->HallSensor_MspDeInitCallback(htim);
ARM GAS  /tmp/ccZqO8pD.s 			page 6


 259:Drivers/STM32F3xx_HAL_Driver/Src/stm32f3xx_hal_tim_ex.c **** #else
 260:Drivers/STM32F3xx_HAL_Driver/Src/stm32f3xx_hal_tim_ex.c ****   /* DeInit the low level hardware: GPIO, CLOCK, NVIC */
 261:Drivers/STM32F3xx_HAL_Driver/Src/stm32f3xx_hal_tim_ex.c ****   HAL_TIMEx_HallSensor_MspDeInit(htim);
 262:Drivers/STM32F3xx_HAL_Driver/Src/stm32f3xx_hal_tim_ex.c **** #endif /* USE_HAL_TIM_REGISTER_CALLBACKS */
 263:Drivers/STM32F3xx_HAL_Driver/Src/stm32f3xx_hal_tim_ex.c **** 
 264:Drivers/STM32F3xx_HAL_Driver/Src/stm32f3xx_hal_tim_ex.c ****   /* Change the DMA burst operation state */
 265:Drivers/STM32F3xx_HAL_Driver/Src/stm32f3xx_hal_tim_ex.c ****   htim->DMABurstState = HAL_DMA_BURST_STATE_RESET;
 266:Drivers/STM32F3xx_HAL_Driver/Src/stm32f3xx_hal_tim_ex.c **** 
 267:Drivers/STM32F3xx_HAL_Driver/Src/stm32f3xx_hal_tim_ex.c ****   /* Change the TIM channels state */
 268:Drivers/STM32F3xx_HAL_Driver/Src/stm32f3xx_hal_tim_ex.c ****   TIM_CHANNEL_STATE_SET(htim, TIM_CHANNEL_1, HAL_TIM_CHANNEL_STATE_RESET);
 269:Drivers/STM32F3xx_HAL_Driver/Src/stm32f3xx_hal_tim_ex.c ****   TIM_CHANNEL_STATE_SET(htim, TIM_CHANNEL_2, HAL_TIM_CHANNEL_STATE_RESET);
 270:Drivers/STM32F3xx_HAL_Driver/Src/stm32f3xx_hal_tim_ex.c ****   TIM_CHANNEL_N_STATE_SET(htim, TIM_CHANNEL_1, HAL_TIM_CHANNEL_STATE_RESET);
 271:Drivers/STM32F3xx_HAL_Driver/Src/stm32f3xx_hal_tim_ex.c ****   TIM_CHANNEL_N_STATE_SET(htim, TIM_CHANNEL_2, HAL_TIM_CHANNEL_STATE_RESET);
 272:Drivers/STM32F3xx_HAL_Driver/Src/stm32f3xx_hal_tim_ex.c **** 
 273:Drivers/STM32F3xx_HAL_Driver/Src/stm32f3xx_hal_tim_ex.c ****   /* Change TIM state */
 274:Drivers/STM32F3xx_HAL_Driver/Src/stm32f3xx_hal_tim_ex.c ****   htim->State = HAL_TIM_STATE_RESET;
 275:Drivers/STM32F3xx_HAL_Driver/Src/stm32f3xx_hal_tim_ex.c **** 
 276:Drivers/STM32F3xx_HAL_Driver/Src/stm32f3xx_hal_tim_ex.c ****   /* Release Lock */
 277:Drivers/STM32F3xx_HAL_Driver/Src/stm32f3xx_hal_tim_ex.c ****   __HAL_UNLOCK(htim);
 278:Drivers/STM32F3xx_HAL_Driver/Src/stm32f3xx_hal_tim_ex.c **** 
 279:Drivers/STM32F3xx_HAL_Driver/Src/stm32f3xx_hal_tim_ex.c ****   return HAL_OK;
 280:Drivers/STM32F3xx_HAL_Driver/Src/stm32f3xx_hal_tim_ex.c **** }
 281:Drivers/STM32F3xx_HAL_Driver/Src/stm32f3xx_hal_tim_ex.c **** 
 282:Drivers/STM32F3xx_HAL_Driver/Src/stm32f3xx_hal_tim_ex.c **** /**
 283:Drivers/STM32F3xx_HAL_Driver/Src/stm32f3xx_hal_tim_ex.c ****   * @brief  Initializes the TIM Hall Sensor MSP.
 284:Drivers/STM32F3xx_HAL_Driver/Src/stm32f3xx_hal_tim_ex.c ****   * @param  htim TIM Hall Sensor Interface handle
 285:Drivers/STM32F3xx_HAL_Driver/Src/stm32f3xx_hal_tim_ex.c ****   * @retval None
 286:Drivers/STM32F3xx_HAL_Driver/Src/stm32f3xx_hal_tim_ex.c ****   */
 287:Drivers/STM32F3xx_HAL_Driver/Src/stm32f3xx_hal_tim_ex.c **** __weak void HAL_TIMEx_HallSensor_MspInit(TIM_HandleTypeDef *htim)
 288:Drivers/STM32F3xx_HAL_Driver/Src/stm32f3xx_hal_tim_ex.c **** {
 289:Drivers/STM32F3xx_HAL_Driver/Src/stm32f3xx_hal_tim_ex.c ****   /* Prevent unused argument(s) compilation warning */
 290:Drivers/STM32F3xx_HAL_Driver/Src/stm32f3xx_hal_tim_ex.c ****   UNUSED(htim);
 291:Drivers/STM32F3xx_HAL_Driver/Src/stm32f3xx_hal_tim_ex.c **** 
 292:Drivers/STM32F3xx_HAL_Driver/Src/stm32f3xx_hal_tim_ex.c ****   /* NOTE : This function should not be modified, when the callback is needed,
 293:Drivers/STM32F3xx_HAL_Driver/Src/stm32f3xx_hal_tim_ex.c ****             the HAL_TIMEx_HallSensor_MspInit could be implemented in the user file
 294:Drivers/STM32F3xx_HAL_Driver/Src/stm32f3xx_hal_tim_ex.c ****    */
 295:Drivers/STM32F3xx_HAL_Driver/Src/stm32f3xx_hal_tim_ex.c **** }
 296:Drivers/STM32F3xx_HAL_Driver/Src/stm32f3xx_hal_tim_ex.c **** 
 297:Drivers/STM32F3xx_HAL_Driver/Src/stm32f3xx_hal_tim_ex.c **** /**
 298:Drivers/STM32F3xx_HAL_Driver/Src/stm32f3xx_hal_tim_ex.c ****   * @brief  DeInitializes TIM Hall Sensor MSP.
 299:Drivers/STM32F3xx_HAL_Driver/Src/stm32f3xx_hal_tim_ex.c ****   * @param  htim TIM Hall Sensor Interface handle
 300:Drivers/STM32F3xx_HAL_Driver/Src/stm32f3xx_hal_tim_ex.c ****   * @retval None
 301:Drivers/STM32F3xx_HAL_Driver/Src/stm32f3xx_hal_tim_ex.c ****   */
 302:Drivers/STM32F3xx_HAL_Driver/Src/stm32f3xx_hal_tim_ex.c **** __weak void HAL_TIMEx_HallSensor_MspDeInit(TIM_HandleTypeDef *htim)
 303:Drivers/STM32F3xx_HAL_Driver/Src/stm32f3xx_hal_tim_ex.c **** {
 304:Drivers/STM32F3xx_HAL_Driver/Src/stm32f3xx_hal_tim_ex.c ****   /* Prevent unused argument(s) compilation warning */
 305:Drivers/STM32F3xx_HAL_Driver/Src/stm32f3xx_hal_tim_ex.c ****   UNUSED(htim);
 306:Drivers/STM32F3xx_HAL_Driver/Src/stm32f3xx_hal_tim_ex.c **** 
 307:Drivers/STM32F3xx_HAL_Driver/Src/stm32f3xx_hal_tim_ex.c ****   /* NOTE : This function should not be modified, when the callback is needed,
 308:Drivers/STM32F3xx_HAL_Driver/Src/stm32f3xx_hal_tim_ex.c ****             the HAL_TIMEx_HallSensor_MspDeInit could be implemented in the user file
 309:Drivers/STM32F3xx_HAL_Driver/Src/stm32f3xx_hal_tim_ex.c ****    */
 310:Drivers/STM32F3xx_HAL_Driver/Src/stm32f3xx_hal_tim_ex.c **** }
 311:Drivers/STM32F3xx_HAL_Driver/Src/stm32f3xx_hal_tim_ex.c **** 
 312:Drivers/STM32F3xx_HAL_Driver/Src/stm32f3xx_hal_tim_ex.c **** /**
 313:Drivers/STM32F3xx_HAL_Driver/Src/stm32f3xx_hal_tim_ex.c ****   * @brief  Starts the TIM Hall Sensor Interface.
 314:Drivers/STM32F3xx_HAL_Driver/Src/stm32f3xx_hal_tim_ex.c ****   * @param  htim TIM Hall Sensor Interface handle
 315:Drivers/STM32F3xx_HAL_Driver/Src/stm32f3xx_hal_tim_ex.c ****   * @retval HAL status
ARM GAS  /tmp/ccZqO8pD.s 			page 7


 316:Drivers/STM32F3xx_HAL_Driver/Src/stm32f3xx_hal_tim_ex.c ****   */
 317:Drivers/STM32F3xx_HAL_Driver/Src/stm32f3xx_hal_tim_ex.c **** HAL_StatusTypeDef HAL_TIMEx_HallSensor_Start(TIM_HandleTypeDef *htim)
 318:Drivers/STM32F3xx_HAL_Driver/Src/stm32f3xx_hal_tim_ex.c **** {
 319:Drivers/STM32F3xx_HAL_Driver/Src/stm32f3xx_hal_tim_ex.c ****   uint32_t tmpsmcr;
 320:Drivers/STM32F3xx_HAL_Driver/Src/stm32f3xx_hal_tim_ex.c ****   HAL_TIM_ChannelStateTypeDef channel_1_state = TIM_CHANNEL_STATE_GET(htim, TIM_CHANNEL_1);
 321:Drivers/STM32F3xx_HAL_Driver/Src/stm32f3xx_hal_tim_ex.c ****   HAL_TIM_ChannelStateTypeDef channel_2_state = TIM_CHANNEL_STATE_GET(htim, TIM_CHANNEL_2);
 322:Drivers/STM32F3xx_HAL_Driver/Src/stm32f3xx_hal_tim_ex.c ****   HAL_TIM_ChannelStateTypeDef complementary_channel_1_state = TIM_CHANNEL_N_STATE_GET(htim, TIM_CHA
 323:Drivers/STM32F3xx_HAL_Driver/Src/stm32f3xx_hal_tim_ex.c ****   HAL_TIM_ChannelStateTypeDef complementary_channel_2_state = TIM_CHANNEL_N_STATE_GET(htim, TIM_CHA
 324:Drivers/STM32F3xx_HAL_Driver/Src/stm32f3xx_hal_tim_ex.c **** 
 325:Drivers/STM32F3xx_HAL_Driver/Src/stm32f3xx_hal_tim_ex.c ****   /* Check the parameters */
 326:Drivers/STM32F3xx_HAL_Driver/Src/stm32f3xx_hal_tim_ex.c ****   assert_param(IS_TIM_HALL_SENSOR_INTERFACE_INSTANCE(htim->Instance));
 327:Drivers/STM32F3xx_HAL_Driver/Src/stm32f3xx_hal_tim_ex.c **** 
 328:Drivers/STM32F3xx_HAL_Driver/Src/stm32f3xx_hal_tim_ex.c ****   /* Check the TIM channels state */
 329:Drivers/STM32F3xx_HAL_Driver/Src/stm32f3xx_hal_tim_ex.c ****   if ((channel_1_state != HAL_TIM_CHANNEL_STATE_READY)
 330:Drivers/STM32F3xx_HAL_Driver/Src/stm32f3xx_hal_tim_ex.c ****       || (channel_2_state != HAL_TIM_CHANNEL_STATE_READY)
 331:Drivers/STM32F3xx_HAL_Driver/Src/stm32f3xx_hal_tim_ex.c ****       || (complementary_channel_1_state != HAL_TIM_CHANNEL_STATE_READY)
 332:Drivers/STM32F3xx_HAL_Driver/Src/stm32f3xx_hal_tim_ex.c ****       || (complementary_channel_2_state != HAL_TIM_CHANNEL_STATE_READY))
 333:Drivers/STM32F3xx_HAL_Driver/Src/stm32f3xx_hal_tim_ex.c ****   {
 334:Drivers/STM32F3xx_HAL_Driver/Src/stm32f3xx_hal_tim_ex.c ****     return HAL_ERROR;
 335:Drivers/STM32F3xx_HAL_Driver/Src/stm32f3xx_hal_tim_ex.c ****   }
 336:Drivers/STM32F3xx_HAL_Driver/Src/stm32f3xx_hal_tim_ex.c **** 
 337:Drivers/STM32F3xx_HAL_Driver/Src/stm32f3xx_hal_tim_ex.c ****   /* Set the TIM channels state */
 338:Drivers/STM32F3xx_HAL_Driver/Src/stm32f3xx_hal_tim_ex.c ****   TIM_CHANNEL_STATE_SET(htim, TIM_CHANNEL_1, HAL_TIM_CHANNEL_STATE_BUSY);
 339:Drivers/STM32F3xx_HAL_Driver/Src/stm32f3xx_hal_tim_ex.c ****   TIM_CHANNEL_STATE_SET(htim, TIM_CHANNEL_2, HAL_TIM_CHANNEL_STATE_BUSY);
 340:Drivers/STM32F3xx_HAL_Driver/Src/stm32f3xx_hal_tim_ex.c ****   TIM_CHANNEL_N_STATE_SET(htim, TIM_CHANNEL_1, HAL_TIM_CHANNEL_STATE_BUSY);
 341:Drivers/STM32F3xx_HAL_Driver/Src/stm32f3xx_hal_tim_ex.c ****   TIM_CHANNEL_N_STATE_SET(htim, TIM_CHANNEL_2, HAL_TIM_CHANNEL_STATE_BUSY);
 342:Drivers/STM32F3xx_HAL_Driver/Src/stm32f3xx_hal_tim_ex.c **** 
 343:Drivers/STM32F3xx_HAL_Driver/Src/stm32f3xx_hal_tim_ex.c ****   /* Enable the Input Capture channel 1
 344:Drivers/STM32F3xx_HAL_Driver/Src/stm32f3xx_hal_tim_ex.c ****   (in the Hall Sensor Interface the three possible channels that can be used are TIM_CHANNEL_1,
 345:Drivers/STM32F3xx_HAL_Driver/Src/stm32f3xx_hal_tim_ex.c ****   TIM_CHANNEL_2 and TIM_CHANNEL_3) */
 346:Drivers/STM32F3xx_HAL_Driver/Src/stm32f3xx_hal_tim_ex.c ****   TIM_CCxChannelCmd(htim->Instance, TIM_CHANNEL_1, TIM_CCx_ENABLE);
 347:Drivers/STM32F3xx_HAL_Driver/Src/stm32f3xx_hal_tim_ex.c **** 
 348:Drivers/STM32F3xx_HAL_Driver/Src/stm32f3xx_hal_tim_ex.c ****   /* Enable the Peripheral, except in trigger mode where enable is automatically done with trigger 
 349:Drivers/STM32F3xx_HAL_Driver/Src/stm32f3xx_hal_tim_ex.c ****   if (IS_TIM_SLAVE_INSTANCE(htim->Instance))
 350:Drivers/STM32F3xx_HAL_Driver/Src/stm32f3xx_hal_tim_ex.c ****   {
 351:Drivers/STM32F3xx_HAL_Driver/Src/stm32f3xx_hal_tim_ex.c ****     tmpsmcr = htim->Instance->SMCR & TIM_SMCR_SMS;
 352:Drivers/STM32F3xx_HAL_Driver/Src/stm32f3xx_hal_tim_ex.c ****     if (!IS_TIM_SLAVEMODE_TRIGGER_ENABLED(tmpsmcr))
 353:Drivers/STM32F3xx_HAL_Driver/Src/stm32f3xx_hal_tim_ex.c ****     {
 354:Drivers/STM32F3xx_HAL_Driver/Src/stm32f3xx_hal_tim_ex.c ****       __HAL_TIM_ENABLE(htim);
 355:Drivers/STM32F3xx_HAL_Driver/Src/stm32f3xx_hal_tim_ex.c ****     }
 356:Drivers/STM32F3xx_HAL_Driver/Src/stm32f3xx_hal_tim_ex.c ****   }
 357:Drivers/STM32F3xx_HAL_Driver/Src/stm32f3xx_hal_tim_ex.c ****   else
 358:Drivers/STM32F3xx_HAL_Driver/Src/stm32f3xx_hal_tim_ex.c ****   {
 359:Drivers/STM32F3xx_HAL_Driver/Src/stm32f3xx_hal_tim_ex.c ****     __HAL_TIM_ENABLE(htim);
 360:Drivers/STM32F3xx_HAL_Driver/Src/stm32f3xx_hal_tim_ex.c ****   }
 361:Drivers/STM32F3xx_HAL_Driver/Src/stm32f3xx_hal_tim_ex.c **** 
 362:Drivers/STM32F3xx_HAL_Driver/Src/stm32f3xx_hal_tim_ex.c ****   /* Return function status */
 363:Drivers/STM32F3xx_HAL_Driver/Src/stm32f3xx_hal_tim_ex.c ****   return HAL_OK;
 364:Drivers/STM32F3xx_HAL_Driver/Src/stm32f3xx_hal_tim_ex.c **** }
 365:Drivers/STM32F3xx_HAL_Driver/Src/stm32f3xx_hal_tim_ex.c **** 
 366:Drivers/STM32F3xx_HAL_Driver/Src/stm32f3xx_hal_tim_ex.c **** /**
 367:Drivers/STM32F3xx_HAL_Driver/Src/stm32f3xx_hal_tim_ex.c ****   * @brief  Stops the TIM Hall sensor Interface.
 368:Drivers/STM32F3xx_HAL_Driver/Src/stm32f3xx_hal_tim_ex.c ****   * @param  htim TIM Hall Sensor Interface handle
 369:Drivers/STM32F3xx_HAL_Driver/Src/stm32f3xx_hal_tim_ex.c ****   * @retval HAL status
 370:Drivers/STM32F3xx_HAL_Driver/Src/stm32f3xx_hal_tim_ex.c ****   */
 371:Drivers/STM32F3xx_HAL_Driver/Src/stm32f3xx_hal_tim_ex.c **** HAL_StatusTypeDef HAL_TIMEx_HallSensor_Stop(TIM_HandleTypeDef *htim)
 372:Drivers/STM32F3xx_HAL_Driver/Src/stm32f3xx_hal_tim_ex.c **** {
ARM GAS  /tmp/ccZqO8pD.s 			page 8


 373:Drivers/STM32F3xx_HAL_Driver/Src/stm32f3xx_hal_tim_ex.c ****   /* Check the parameters */
 374:Drivers/STM32F3xx_HAL_Driver/Src/stm32f3xx_hal_tim_ex.c ****   assert_param(IS_TIM_HALL_SENSOR_INTERFACE_INSTANCE(htim->Instance));
 375:Drivers/STM32F3xx_HAL_Driver/Src/stm32f3xx_hal_tim_ex.c **** 
 376:Drivers/STM32F3xx_HAL_Driver/Src/stm32f3xx_hal_tim_ex.c ****   /* Disable the Input Capture channels 1, 2 and 3
 377:Drivers/STM32F3xx_HAL_Driver/Src/stm32f3xx_hal_tim_ex.c ****   (in the Hall Sensor Interface the three possible channels that can be used are TIM_CHANNEL_1,
 378:Drivers/STM32F3xx_HAL_Driver/Src/stm32f3xx_hal_tim_ex.c ****   TIM_CHANNEL_2 and TIM_CHANNEL_3) */
 379:Drivers/STM32F3xx_HAL_Driver/Src/stm32f3xx_hal_tim_ex.c ****   TIM_CCxChannelCmd(htim->Instance, TIM_CHANNEL_1, TIM_CCx_DISABLE);
 380:Drivers/STM32F3xx_HAL_Driver/Src/stm32f3xx_hal_tim_ex.c **** 
 381:Drivers/STM32F3xx_HAL_Driver/Src/stm32f3xx_hal_tim_ex.c ****   /* Disable the Peripheral */
 382:Drivers/STM32F3xx_HAL_Driver/Src/stm32f3xx_hal_tim_ex.c ****   __HAL_TIM_DISABLE(htim);
 383:Drivers/STM32F3xx_HAL_Driver/Src/stm32f3xx_hal_tim_ex.c **** 
 384:Drivers/STM32F3xx_HAL_Driver/Src/stm32f3xx_hal_tim_ex.c ****   /* Set the TIM channels state */
 385:Drivers/STM32F3xx_HAL_Driver/Src/stm32f3xx_hal_tim_ex.c ****   TIM_CHANNEL_STATE_SET(htim, TIM_CHANNEL_1, HAL_TIM_CHANNEL_STATE_READY);
 386:Drivers/STM32F3xx_HAL_Driver/Src/stm32f3xx_hal_tim_ex.c ****   TIM_CHANNEL_STATE_SET(htim, TIM_CHANNEL_2, HAL_TIM_CHANNEL_STATE_READY);
 387:Drivers/STM32F3xx_HAL_Driver/Src/stm32f3xx_hal_tim_ex.c ****   TIM_CHANNEL_N_STATE_SET(htim, TIM_CHANNEL_1, HAL_TIM_CHANNEL_STATE_READY);
 388:Drivers/STM32F3xx_HAL_Driver/Src/stm32f3xx_hal_tim_ex.c ****   TIM_CHANNEL_N_STATE_SET(htim, TIM_CHANNEL_2, HAL_TIM_CHANNEL_STATE_READY);
 389:Drivers/STM32F3xx_HAL_Driver/Src/stm32f3xx_hal_tim_ex.c **** 
 390:Drivers/STM32F3xx_HAL_Driver/Src/stm32f3xx_hal_tim_ex.c ****   /* Return function status */
 391:Drivers/STM32F3xx_HAL_Driver/Src/stm32f3xx_hal_tim_ex.c ****   return HAL_OK;
 392:Drivers/STM32F3xx_HAL_Driver/Src/stm32f3xx_hal_tim_ex.c **** }
 393:Drivers/STM32F3xx_HAL_Driver/Src/stm32f3xx_hal_tim_ex.c **** 
 394:Drivers/STM32F3xx_HAL_Driver/Src/stm32f3xx_hal_tim_ex.c **** /**
 395:Drivers/STM32F3xx_HAL_Driver/Src/stm32f3xx_hal_tim_ex.c ****   * @brief  Starts the TIM Hall Sensor Interface in interrupt mode.
 396:Drivers/STM32F3xx_HAL_Driver/Src/stm32f3xx_hal_tim_ex.c ****   * @param  htim TIM Hall Sensor Interface handle
 397:Drivers/STM32F3xx_HAL_Driver/Src/stm32f3xx_hal_tim_ex.c ****   * @retval HAL status
 398:Drivers/STM32F3xx_HAL_Driver/Src/stm32f3xx_hal_tim_ex.c ****   */
 399:Drivers/STM32F3xx_HAL_Driver/Src/stm32f3xx_hal_tim_ex.c **** HAL_StatusTypeDef HAL_TIMEx_HallSensor_Start_IT(TIM_HandleTypeDef *htim)
 400:Drivers/STM32F3xx_HAL_Driver/Src/stm32f3xx_hal_tim_ex.c **** {
 401:Drivers/STM32F3xx_HAL_Driver/Src/stm32f3xx_hal_tim_ex.c ****   uint32_t tmpsmcr;
 402:Drivers/STM32F3xx_HAL_Driver/Src/stm32f3xx_hal_tim_ex.c ****   HAL_TIM_ChannelStateTypeDef channel_1_state = TIM_CHANNEL_STATE_GET(htim, TIM_CHANNEL_1);
 403:Drivers/STM32F3xx_HAL_Driver/Src/stm32f3xx_hal_tim_ex.c ****   HAL_TIM_ChannelStateTypeDef channel_2_state = TIM_CHANNEL_STATE_GET(htim, TIM_CHANNEL_2);
 404:Drivers/STM32F3xx_HAL_Driver/Src/stm32f3xx_hal_tim_ex.c ****   HAL_TIM_ChannelStateTypeDef complementary_channel_1_state = TIM_CHANNEL_N_STATE_GET(htim, TIM_CHA
 405:Drivers/STM32F3xx_HAL_Driver/Src/stm32f3xx_hal_tim_ex.c ****   HAL_TIM_ChannelStateTypeDef complementary_channel_2_state = TIM_CHANNEL_N_STATE_GET(htim, TIM_CHA
 406:Drivers/STM32F3xx_HAL_Driver/Src/stm32f3xx_hal_tim_ex.c **** 
 407:Drivers/STM32F3xx_HAL_Driver/Src/stm32f3xx_hal_tim_ex.c ****   /* Check the parameters */
 408:Drivers/STM32F3xx_HAL_Driver/Src/stm32f3xx_hal_tim_ex.c ****   assert_param(IS_TIM_HALL_SENSOR_INTERFACE_INSTANCE(htim->Instance));
 409:Drivers/STM32F3xx_HAL_Driver/Src/stm32f3xx_hal_tim_ex.c **** 
 410:Drivers/STM32F3xx_HAL_Driver/Src/stm32f3xx_hal_tim_ex.c ****   /* Check the TIM channels state */
 411:Drivers/STM32F3xx_HAL_Driver/Src/stm32f3xx_hal_tim_ex.c ****   if ((channel_1_state != HAL_TIM_CHANNEL_STATE_READY)
 412:Drivers/STM32F3xx_HAL_Driver/Src/stm32f3xx_hal_tim_ex.c ****       || (channel_2_state != HAL_TIM_CHANNEL_STATE_READY)
 413:Drivers/STM32F3xx_HAL_Driver/Src/stm32f3xx_hal_tim_ex.c ****       || (complementary_channel_1_state != HAL_TIM_CHANNEL_STATE_READY)
 414:Drivers/STM32F3xx_HAL_Driver/Src/stm32f3xx_hal_tim_ex.c ****       || (complementary_channel_2_state != HAL_TIM_CHANNEL_STATE_READY))
 415:Drivers/STM32F3xx_HAL_Driver/Src/stm32f3xx_hal_tim_ex.c ****   {
 416:Drivers/STM32F3xx_HAL_Driver/Src/stm32f3xx_hal_tim_ex.c ****     return HAL_ERROR;
 417:Drivers/STM32F3xx_HAL_Driver/Src/stm32f3xx_hal_tim_ex.c ****   }
 418:Drivers/STM32F3xx_HAL_Driver/Src/stm32f3xx_hal_tim_ex.c **** 
 419:Drivers/STM32F3xx_HAL_Driver/Src/stm32f3xx_hal_tim_ex.c ****   /* Set the TIM channels state */
 420:Drivers/STM32F3xx_HAL_Driver/Src/stm32f3xx_hal_tim_ex.c ****   TIM_CHANNEL_STATE_SET(htim, TIM_CHANNEL_1, HAL_TIM_CHANNEL_STATE_BUSY);
 421:Drivers/STM32F3xx_HAL_Driver/Src/stm32f3xx_hal_tim_ex.c ****   TIM_CHANNEL_STATE_SET(htim, TIM_CHANNEL_2, HAL_TIM_CHANNEL_STATE_BUSY);
 422:Drivers/STM32F3xx_HAL_Driver/Src/stm32f3xx_hal_tim_ex.c ****   TIM_CHANNEL_N_STATE_SET(htim, TIM_CHANNEL_1, HAL_TIM_CHANNEL_STATE_BUSY);
 423:Drivers/STM32F3xx_HAL_Driver/Src/stm32f3xx_hal_tim_ex.c ****   TIM_CHANNEL_N_STATE_SET(htim, TIM_CHANNEL_2, HAL_TIM_CHANNEL_STATE_BUSY);
 424:Drivers/STM32F3xx_HAL_Driver/Src/stm32f3xx_hal_tim_ex.c **** 
 425:Drivers/STM32F3xx_HAL_Driver/Src/stm32f3xx_hal_tim_ex.c ****   /* Enable the capture compare Interrupts 1 event */
 426:Drivers/STM32F3xx_HAL_Driver/Src/stm32f3xx_hal_tim_ex.c ****   __HAL_TIM_ENABLE_IT(htim, TIM_IT_CC1);
 427:Drivers/STM32F3xx_HAL_Driver/Src/stm32f3xx_hal_tim_ex.c **** 
 428:Drivers/STM32F3xx_HAL_Driver/Src/stm32f3xx_hal_tim_ex.c ****   /* Enable the Input Capture channel 1
 429:Drivers/STM32F3xx_HAL_Driver/Src/stm32f3xx_hal_tim_ex.c ****   (in the Hall Sensor Interface the three possible channels that can be used are TIM_CHANNEL_1,
ARM GAS  /tmp/ccZqO8pD.s 			page 9


 430:Drivers/STM32F3xx_HAL_Driver/Src/stm32f3xx_hal_tim_ex.c ****   TIM_CHANNEL_2 and TIM_CHANNEL_3) */
 431:Drivers/STM32F3xx_HAL_Driver/Src/stm32f3xx_hal_tim_ex.c ****   TIM_CCxChannelCmd(htim->Instance, TIM_CHANNEL_1, TIM_CCx_ENABLE);
 432:Drivers/STM32F3xx_HAL_Driver/Src/stm32f3xx_hal_tim_ex.c **** 
 433:Drivers/STM32F3xx_HAL_Driver/Src/stm32f3xx_hal_tim_ex.c ****   /* Enable the Peripheral, except in trigger mode where enable is automatically done with trigger 
 434:Drivers/STM32F3xx_HAL_Driver/Src/stm32f3xx_hal_tim_ex.c ****   if (IS_TIM_SLAVE_INSTANCE(htim->Instance))
 435:Drivers/STM32F3xx_HAL_Driver/Src/stm32f3xx_hal_tim_ex.c ****   {
 436:Drivers/STM32F3xx_HAL_Driver/Src/stm32f3xx_hal_tim_ex.c ****     tmpsmcr = htim->Instance->SMCR & TIM_SMCR_SMS;
 437:Drivers/STM32F3xx_HAL_Driver/Src/stm32f3xx_hal_tim_ex.c ****     if (!IS_TIM_SLAVEMODE_TRIGGER_ENABLED(tmpsmcr))
 438:Drivers/STM32F3xx_HAL_Driver/Src/stm32f3xx_hal_tim_ex.c ****     {
 439:Drivers/STM32F3xx_HAL_Driver/Src/stm32f3xx_hal_tim_ex.c ****       __HAL_TIM_ENABLE(htim);
 440:Drivers/STM32F3xx_HAL_Driver/Src/stm32f3xx_hal_tim_ex.c ****     }
 441:Drivers/STM32F3xx_HAL_Driver/Src/stm32f3xx_hal_tim_ex.c ****   }
 442:Drivers/STM32F3xx_HAL_Driver/Src/stm32f3xx_hal_tim_ex.c ****   else
 443:Drivers/STM32F3xx_HAL_Driver/Src/stm32f3xx_hal_tim_ex.c ****   {
 444:Drivers/STM32F3xx_HAL_Driver/Src/stm32f3xx_hal_tim_ex.c ****     __HAL_TIM_ENABLE(htim);
 445:Drivers/STM32F3xx_HAL_Driver/Src/stm32f3xx_hal_tim_ex.c ****   }
 446:Drivers/STM32F3xx_HAL_Driver/Src/stm32f3xx_hal_tim_ex.c **** 
 447:Drivers/STM32F3xx_HAL_Driver/Src/stm32f3xx_hal_tim_ex.c ****   /* Return function status */
 448:Drivers/STM32F3xx_HAL_Driver/Src/stm32f3xx_hal_tim_ex.c ****   return HAL_OK;
 449:Drivers/STM32F3xx_HAL_Driver/Src/stm32f3xx_hal_tim_ex.c **** }
 450:Drivers/STM32F3xx_HAL_Driver/Src/stm32f3xx_hal_tim_ex.c **** 
 451:Drivers/STM32F3xx_HAL_Driver/Src/stm32f3xx_hal_tim_ex.c **** /**
 452:Drivers/STM32F3xx_HAL_Driver/Src/stm32f3xx_hal_tim_ex.c ****   * @brief  Stops the TIM Hall Sensor Interface in interrupt mode.
 453:Drivers/STM32F3xx_HAL_Driver/Src/stm32f3xx_hal_tim_ex.c ****   * @param  htim TIM Hall Sensor Interface handle
 454:Drivers/STM32F3xx_HAL_Driver/Src/stm32f3xx_hal_tim_ex.c ****   * @retval HAL status
 455:Drivers/STM32F3xx_HAL_Driver/Src/stm32f3xx_hal_tim_ex.c ****   */
 456:Drivers/STM32F3xx_HAL_Driver/Src/stm32f3xx_hal_tim_ex.c **** HAL_StatusTypeDef HAL_TIMEx_HallSensor_Stop_IT(TIM_HandleTypeDef *htim)
 457:Drivers/STM32F3xx_HAL_Driver/Src/stm32f3xx_hal_tim_ex.c **** {
 458:Drivers/STM32F3xx_HAL_Driver/Src/stm32f3xx_hal_tim_ex.c ****   /* Check the parameters */
 459:Drivers/STM32F3xx_HAL_Driver/Src/stm32f3xx_hal_tim_ex.c ****   assert_param(IS_TIM_HALL_SENSOR_INTERFACE_INSTANCE(htim->Instance));
 460:Drivers/STM32F3xx_HAL_Driver/Src/stm32f3xx_hal_tim_ex.c **** 
 461:Drivers/STM32F3xx_HAL_Driver/Src/stm32f3xx_hal_tim_ex.c ****   /* Disable the Input Capture channel 1
 462:Drivers/STM32F3xx_HAL_Driver/Src/stm32f3xx_hal_tim_ex.c ****   (in the Hall Sensor Interface the three possible channels that can be used are TIM_CHANNEL_1,
 463:Drivers/STM32F3xx_HAL_Driver/Src/stm32f3xx_hal_tim_ex.c ****   TIM_CHANNEL_2 and TIM_CHANNEL_3) */
 464:Drivers/STM32F3xx_HAL_Driver/Src/stm32f3xx_hal_tim_ex.c ****   TIM_CCxChannelCmd(htim->Instance, TIM_CHANNEL_1, TIM_CCx_DISABLE);
 465:Drivers/STM32F3xx_HAL_Driver/Src/stm32f3xx_hal_tim_ex.c **** 
 466:Drivers/STM32F3xx_HAL_Driver/Src/stm32f3xx_hal_tim_ex.c ****   /* Disable the capture compare Interrupts event */
 467:Drivers/STM32F3xx_HAL_Driver/Src/stm32f3xx_hal_tim_ex.c ****   __HAL_TIM_DISABLE_IT(htim, TIM_IT_CC1);
 468:Drivers/STM32F3xx_HAL_Driver/Src/stm32f3xx_hal_tim_ex.c **** 
 469:Drivers/STM32F3xx_HAL_Driver/Src/stm32f3xx_hal_tim_ex.c ****   /* Disable the Peripheral */
 470:Drivers/STM32F3xx_HAL_Driver/Src/stm32f3xx_hal_tim_ex.c ****   __HAL_TIM_DISABLE(htim);
 471:Drivers/STM32F3xx_HAL_Driver/Src/stm32f3xx_hal_tim_ex.c **** 
 472:Drivers/STM32F3xx_HAL_Driver/Src/stm32f3xx_hal_tim_ex.c ****   /* Set the TIM channels state */
 473:Drivers/STM32F3xx_HAL_Driver/Src/stm32f3xx_hal_tim_ex.c ****   TIM_CHANNEL_STATE_SET(htim, TIM_CHANNEL_1, HAL_TIM_CHANNEL_STATE_READY);
 474:Drivers/STM32F3xx_HAL_Driver/Src/stm32f3xx_hal_tim_ex.c ****   TIM_CHANNEL_STATE_SET(htim, TIM_CHANNEL_2, HAL_TIM_CHANNEL_STATE_READY);
 475:Drivers/STM32F3xx_HAL_Driver/Src/stm32f3xx_hal_tim_ex.c ****   TIM_CHANNEL_N_STATE_SET(htim, TIM_CHANNEL_1, HAL_TIM_CHANNEL_STATE_READY);
 476:Drivers/STM32F3xx_HAL_Driver/Src/stm32f3xx_hal_tim_ex.c ****   TIM_CHANNEL_N_STATE_SET(htim, TIM_CHANNEL_2, HAL_TIM_CHANNEL_STATE_READY);
 477:Drivers/STM32F3xx_HAL_Driver/Src/stm32f3xx_hal_tim_ex.c **** 
 478:Drivers/STM32F3xx_HAL_Driver/Src/stm32f3xx_hal_tim_ex.c ****   /* Return function status */
 479:Drivers/STM32F3xx_HAL_Driver/Src/stm32f3xx_hal_tim_ex.c ****   return HAL_OK;
 480:Drivers/STM32F3xx_HAL_Driver/Src/stm32f3xx_hal_tim_ex.c **** }
 481:Drivers/STM32F3xx_HAL_Driver/Src/stm32f3xx_hal_tim_ex.c **** 
 482:Drivers/STM32F3xx_HAL_Driver/Src/stm32f3xx_hal_tim_ex.c **** /**
 483:Drivers/STM32F3xx_HAL_Driver/Src/stm32f3xx_hal_tim_ex.c ****   * @brief  Starts the TIM Hall Sensor Interface in DMA mode.
 484:Drivers/STM32F3xx_HAL_Driver/Src/stm32f3xx_hal_tim_ex.c ****   * @param  htim TIM Hall Sensor Interface handle
 485:Drivers/STM32F3xx_HAL_Driver/Src/stm32f3xx_hal_tim_ex.c ****   * @param  pData The destination Buffer address.
 486:Drivers/STM32F3xx_HAL_Driver/Src/stm32f3xx_hal_tim_ex.c ****   * @param  Length The length of data to be transferred from TIM peripheral to memory.
ARM GAS  /tmp/ccZqO8pD.s 			page 10


 487:Drivers/STM32F3xx_HAL_Driver/Src/stm32f3xx_hal_tim_ex.c ****   * @retval HAL status
 488:Drivers/STM32F3xx_HAL_Driver/Src/stm32f3xx_hal_tim_ex.c ****   */
 489:Drivers/STM32F3xx_HAL_Driver/Src/stm32f3xx_hal_tim_ex.c **** HAL_StatusTypeDef HAL_TIMEx_HallSensor_Start_DMA(TIM_HandleTypeDef *htim, uint32_t *pData, uint16_t
 490:Drivers/STM32F3xx_HAL_Driver/Src/stm32f3xx_hal_tim_ex.c **** {
 491:Drivers/STM32F3xx_HAL_Driver/Src/stm32f3xx_hal_tim_ex.c ****   uint32_t tmpsmcr;
 492:Drivers/STM32F3xx_HAL_Driver/Src/stm32f3xx_hal_tim_ex.c ****   HAL_TIM_ChannelStateTypeDef channel_1_state = TIM_CHANNEL_STATE_GET(htim, TIM_CHANNEL_1);
 493:Drivers/STM32F3xx_HAL_Driver/Src/stm32f3xx_hal_tim_ex.c ****   HAL_TIM_ChannelStateTypeDef complementary_channel_1_state = TIM_CHANNEL_N_STATE_GET(htim, TIM_CHA
 494:Drivers/STM32F3xx_HAL_Driver/Src/stm32f3xx_hal_tim_ex.c **** 
 495:Drivers/STM32F3xx_HAL_Driver/Src/stm32f3xx_hal_tim_ex.c ****   /* Check the parameters */
 496:Drivers/STM32F3xx_HAL_Driver/Src/stm32f3xx_hal_tim_ex.c ****   assert_param(IS_TIM_HALL_SENSOR_INTERFACE_INSTANCE(htim->Instance));
 497:Drivers/STM32F3xx_HAL_Driver/Src/stm32f3xx_hal_tim_ex.c **** 
 498:Drivers/STM32F3xx_HAL_Driver/Src/stm32f3xx_hal_tim_ex.c ****   /* Set the TIM channel state */
 499:Drivers/STM32F3xx_HAL_Driver/Src/stm32f3xx_hal_tim_ex.c ****   if ((channel_1_state == HAL_TIM_CHANNEL_STATE_BUSY)
 500:Drivers/STM32F3xx_HAL_Driver/Src/stm32f3xx_hal_tim_ex.c ****       || (complementary_channel_1_state == HAL_TIM_CHANNEL_STATE_BUSY))
 501:Drivers/STM32F3xx_HAL_Driver/Src/stm32f3xx_hal_tim_ex.c ****   {
 502:Drivers/STM32F3xx_HAL_Driver/Src/stm32f3xx_hal_tim_ex.c ****     return HAL_BUSY;
 503:Drivers/STM32F3xx_HAL_Driver/Src/stm32f3xx_hal_tim_ex.c ****   }
 504:Drivers/STM32F3xx_HAL_Driver/Src/stm32f3xx_hal_tim_ex.c ****   else if ((channel_1_state == HAL_TIM_CHANNEL_STATE_READY)
 505:Drivers/STM32F3xx_HAL_Driver/Src/stm32f3xx_hal_tim_ex.c ****            && (complementary_channel_1_state == HAL_TIM_CHANNEL_STATE_READY))
 506:Drivers/STM32F3xx_HAL_Driver/Src/stm32f3xx_hal_tim_ex.c ****   {
 507:Drivers/STM32F3xx_HAL_Driver/Src/stm32f3xx_hal_tim_ex.c ****     if ((pData == NULL) || (Length == 0U))
 508:Drivers/STM32F3xx_HAL_Driver/Src/stm32f3xx_hal_tim_ex.c ****     {
 509:Drivers/STM32F3xx_HAL_Driver/Src/stm32f3xx_hal_tim_ex.c ****       return HAL_ERROR;
 510:Drivers/STM32F3xx_HAL_Driver/Src/stm32f3xx_hal_tim_ex.c ****     }
 511:Drivers/STM32F3xx_HAL_Driver/Src/stm32f3xx_hal_tim_ex.c ****     else
 512:Drivers/STM32F3xx_HAL_Driver/Src/stm32f3xx_hal_tim_ex.c ****     {
 513:Drivers/STM32F3xx_HAL_Driver/Src/stm32f3xx_hal_tim_ex.c ****       TIM_CHANNEL_STATE_SET(htim, TIM_CHANNEL_1, HAL_TIM_CHANNEL_STATE_BUSY);
 514:Drivers/STM32F3xx_HAL_Driver/Src/stm32f3xx_hal_tim_ex.c ****       TIM_CHANNEL_N_STATE_SET(htim, TIM_CHANNEL_1, HAL_TIM_CHANNEL_STATE_BUSY);
 515:Drivers/STM32F3xx_HAL_Driver/Src/stm32f3xx_hal_tim_ex.c ****     }
 516:Drivers/STM32F3xx_HAL_Driver/Src/stm32f3xx_hal_tim_ex.c ****   }
 517:Drivers/STM32F3xx_HAL_Driver/Src/stm32f3xx_hal_tim_ex.c ****   else
 518:Drivers/STM32F3xx_HAL_Driver/Src/stm32f3xx_hal_tim_ex.c ****   {
 519:Drivers/STM32F3xx_HAL_Driver/Src/stm32f3xx_hal_tim_ex.c ****     return HAL_ERROR;
 520:Drivers/STM32F3xx_HAL_Driver/Src/stm32f3xx_hal_tim_ex.c ****   }
 521:Drivers/STM32F3xx_HAL_Driver/Src/stm32f3xx_hal_tim_ex.c **** 
 522:Drivers/STM32F3xx_HAL_Driver/Src/stm32f3xx_hal_tim_ex.c ****   /* Enable the Input Capture channel 1
 523:Drivers/STM32F3xx_HAL_Driver/Src/stm32f3xx_hal_tim_ex.c ****   (in the Hall Sensor Interface the three possible channels that can be used are TIM_CHANNEL_1,
 524:Drivers/STM32F3xx_HAL_Driver/Src/stm32f3xx_hal_tim_ex.c ****   TIM_CHANNEL_2 and TIM_CHANNEL_3) */
 525:Drivers/STM32F3xx_HAL_Driver/Src/stm32f3xx_hal_tim_ex.c ****   TIM_CCxChannelCmd(htim->Instance, TIM_CHANNEL_1, TIM_CCx_ENABLE);
 526:Drivers/STM32F3xx_HAL_Driver/Src/stm32f3xx_hal_tim_ex.c **** 
 527:Drivers/STM32F3xx_HAL_Driver/Src/stm32f3xx_hal_tim_ex.c ****   /* Set the DMA Input Capture 1 Callbacks */
 528:Drivers/STM32F3xx_HAL_Driver/Src/stm32f3xx_hal_tim_ex.c ****   htim->hdma[TIM_DMA_ID_CC1]->XferCpltCallback = TIM_DMACaptureCplt;
 529:Drivers/STM32F3xx_HAL_Driver/Src/stm32f3xx_hal_tim_ex.c ****   htim->hdma[TIM_DMA_ID_CC1]->XferHalfCpltCallback = TIM_DMACaptureHalfCplt;
 530:Drivers/STM32F3xx_HAL_Driver/Src/stm32f3xx_hal_tim_ex.c ****   /* Set the DMA error callback */
 531:Drivers/STM32F3xx_HAL_Driver/Src/stm32f3xx_hal_tim_ex.c ****   htim->hdma[TIM_DMA_ID_CC1]->XferErrorCallback = TIM_DMAError ;
 532:Drivers/STM32F3xx_HAL_Driver/Src/stm32f3xx_hal_tim_ex.c **** 
 533:Drivers/STM32F3xx_HAL_Driver/Src/stm32f3xx_hal_tim_ex.c ****   /* Enable the DMA channel for Capture 1*/
 534:Drivers/STM32F3xx_HAL_Driver/Src/stm32f3xx_hal_tim_ex.c ****   if (HAL_DMA_Start_IT(htim->hdma[TIM_DMA_ID_CC1], (uint32_t)&htim->Instance->CCR1, (uint32_t)pData
 535:Drivers/STM32F3xx_HAL_Driver/Src/stm32f3xx_hal_tim_ex.c ****   {
 536:Drivers/STM32F3xx_HAL_Driver/Src/stm32f3xx_hal_tim_ex.c ****     /* Return error status */
 537:Drivers/STM32F3xx_HAL_Driver/Src/stm32f3xx_hal_tim_ex.c ****     return HAL_ERROR;
 538:Drivers/STM32F3xx_HAL_Driver/Src/stm32f3xx_hal_tim_ex.c ****   }
 539:Drivers/STM32F3xx_HAL_Driver/Src/stm32f3xx_hal_tim_ex.c ****   /* Enable the capture compare 1 Interrupt */
 540:Drivers/STM32F3xx_HAL_Driver/Src/stm32f3xx_hal_tim_ex.c ****   __HAL_TIM_ENABLE_DMA(htim, TIM_DMA_CC1);
 541:Drivers/STM32F3xx_HAL_Driver/Src/stm32f3xx_hal_tim_ex.c **** 
 542:Drivers/STM32F3xx_HAL_Driver/Src/stm32f3xx_hal_tim_ex.c ****   /* Enable the Peripheral, except in trigger mode where enable is automatically done with trigger 
 543:Drivers/STM32F3xx_HAL_Driver/Src/stm32f3xx_hal_tim_ex.c ****   if (IS_TIM_SLAVE_INSTANCE(htim->Instance))
ARM GAS  /tmp/ccZqO8pD.s 			page 11


 544:Drivers/STM32F3xx_HAL_Driver/Src/stm32f3xx_hal_tim_ex.c ****   {
 545:Drivers/STM32F3xx_HAL_Driver/Src/stm32f3xx_hal_tim_ex.c ****     tmpsmcr = htim->Instance->SMCR & TIM_SMCR_SMS;
 546:Drivers/STM32F3xx_HAL_Driver/Src/stm32f3xx_hal_tim_ex.c ****     if (!IS_TIM_SLAVEMODE_TRIGGER_ENABLED(tmpsmcr))
 547:Drivers/STM32F3xx_HAL_Driver/Src/stm32f3xx_hal_tim_ex.c ****     {
 548:Drivers/STM32F3xx_HAL_Driver/Src/stm32f3xx_hal_tim_ex.c ****       __HAL_TIM_ENABLE(htim);
 549:Drivers/STM32F3xx_HAL_Driver/Src/stm32f3xx_hal_tim_ex.c ****     }
 550:Drivers/STM32F3xx_HAL_Driver/Src/stm32f3xx_hal_tim_ex.c ****   }
 551:Drivers/STM32F3xx_HAL_Driver/Src/stm32f3xx_hal_tim_ex.c ****   else
 552:Drivers/STM32F3xx_HAL_Driver/Src/stm32f3xx_hal_tim_ex.c ****   {
 553:Drivers/STM32F3xx_HAL_Driver/Src/stm32f3xx_hal_tim_ex.c ****     __HAL_TIM_ENABLE(htim);
 554:Drivers/STM32F3xx_HAL_Driver/Src/stm32f3xx_hal_tim_ex.c ****   }
 555:Drivers/STM32F3xx_HAL_Driver/Src/stm32f3xx_hal_tim_ex.c **** 
 556:Drivers/STM32F3xx_HAL_Driver/Src/stm32f3xx_hal_tim_ex.c ****   /* Return function status */
 557:Drivers/STM32F3xx_HAL_Driver/Src/stm32f3xx_hal_tim_ex.c ****   return HAL_OK;
 558:Drivers/STM32F3xx_HAL_Driver/Src/stm32f3xx_hal_tim_ex.c **** }
 559:Drivers/STM32F3xx_HAL_Driver/Src/stm32f3xx_hal_tim_ex.c **** 
 560:Drivers/STM32F3xx_HAL_Driver/Src/stm32f3xx_hal_tim_ex.c **** /**
 561:Drivers/STM32F3xx_HAL_Driver/Src/stm32f3xx_hal_tim_ex.c ****   * @brief  Stops the TIM Hall Sensor Interface in DMA mode.
 562:Drivers/STM32F3xx_HAL_Driver/Src/stm32f3xx_hal_tim_ex.c ****   * @param  htim TIM Hall Sensor Interface handle
 563:Drivers/STM32F3xx_HAL_Driver/Src/stm32f3xx_hal_tim_ex.c ****   * @retval HAL status
 564:Drivers/STM32F3xx_HAL_Driver/Src/stm32f3xx_hal_tim_ex.c ****   */
 565:Drivers/STM32F3xx_HAL_Driver/Src/stm32f3xx_hal_tim_ex.c **** HAL_StatusTypeDef HAL_TIMEx_HallSensor_Stop_DMA(TIM_HandleTypeDef *htim)
 566:Drivers/STM32F3xx_HAL_Driver/Src/stm32f3xx_hal_tim_ex.c **** {
 567:Drivers/STM32F3xx_HAL_Driver/Src/stm32f3xx_hal_tim_ex.c ****   /* Check the parameters */
 568:Drivers/STM32F3xx_HAL_Driver/Src/stm32f3xx_hal_tim_ex.c ****   assert_param(IS_TIM_HALL_SENSOR_INTERFACE_INSTANCE(htim->Instance));
 569:Drivers/STM32F3xx_HAL_Driver/Src/stm32f3xx_hal_tim_ex.c **** 
 570:Drivers/STM32F3xx_HAL_Driver/Src/stm32f3xx_hal_tim_ex.c ****   /* Disable the Input Capture channel 1
 571:Drivers/STM32F3xx_HAL_Driver/Src/stm32f3xx_hal_tim_ex.c ****   (in the Hall Sensor Interface the three possible channels that can be used are TIM_CHANNEL_1,
 572:Drivers/STM32F3xx_HAL_Driver/Src/stm32f3xx_hal_tim_ex.c ****   TIM_CHANNEL_2 and TIM_CHANNEL_3) */
 573:Drivers/STM32F3xx_HAL_Driver/Src/stm32f3xx_hal_tim_ex.c ****   TIM_CCxChannelCmd(htim->Instance, TIM_CHANNEL_1, TIM_CCx_DISABLE);
 574:Drivers/STM32F3xx_HAL_Driver/Src/stm32f3xx_hal_tim_ex.c **** 
 575:Drivers/STM32F3xx_HAL_Driver/Src/stm32f3xx_hal_tim_ex.c **** 
 576:Drivers/STM32F3xx_HAL_Driver/Src/stm32f3xx_hal_tim_ex.c ****   /* Disable the capture compare Interrupts 1 event */
 577:Drivers/STM32F3xx_HAL_Driver/Src/stm32f3xx_hal_tim_ex.c ****   __HAL_TIM_DISABLE_DMA(htim, TIM_DMA_CC1);
 578:Drivers/STM32F3xx_HAL_Driver/Src/stm32f3xx_hal_tim_ex.c **** 
 579:Drivers/STM32F3xx_HAL_Driver/Src/stm32f3xx_hal_tim_ex.c ****   (void)HAL_DMA_Abort_IT(htim->hdma[TIM_DMA_ID_CC1]);
 580:Drivers/STM32F3xx_HAL_Driver/Src/stm32f3xx_hal_tim_ex.c **** 
 581:Drivers/STM32F3xx_HAL_Driver/Src/stm32f3xx_hal_tim_ex.c ****   /* Disable the Peripheral */
 582:Drivers/STM32F3xx_HAL_Driver/Src/stm32f3xx_hal_tim_ex.c ****   __HAL_TIM_DISABLE(htim);
 583:Drivers/STM32F3xx_HAL_Driver/Src/stm32f3xx_hal_tim_ex.c **** 
 584:Drivers/STM32F3xx_HAL_Driver/Src/stm32f3xx_hal_tim_ex.c ****   /* Set the TIM channel state */
 585:Drivers/STM32F3xx_HAL_Driver/Src/stm32f3xx_hal_tim_ex.c ****   TIM_CHANNEL_STATE_SET(htim, TIM_CHANNEL_1, HAL_TIM_CHANNEL_STATE_READY);
 586:Drivers/STM32F3xx_HAL_Driver/Src/stm32f3xx_hal_tim_ex.c ****   TIM_CHANNEL_N_STATE_SET(htim, TIM_CHANNEL_1, HAL_TIM_CHANNEL_STATE_READY);
 587:Drivers/STM32F3xx_HAL_Driver/Src/stm32f3xx_hal_tim_ex.c **** 
 588:Drivers/STM32F3xx_HAL_Driver/Src/stm32f3xx_hal_tim_ex.c ****   /* Return function status */
 589:Drivers/STM32F3xx_HAL_Driver/Src/stm32f3xx_hal_tim_ex.c ****   return HAL_OK;
 590:Drivers/STM32F3xx_HAL_Driver/Src/stm32f3xx_hal_tim_ex.c **** }
 591:Drivers/STM32F3xx_HAL_Driver/Src/stm32f3xx_hal_tim_ex.c **** 
 592:Drivers/STM32F3xx_HAL_Driver/Src/stm32f3xx_hal_tim_ex.c **** /**
 593:Drivers/STM32F3xx_HAL_Driver/Src/stm32f3xx_hal_tim_ex.c ****   * @}
 594:Drivers/STM32F3xx_HAL_Driver/Src/stm32f3xx_hal_tim_ex.c ****   */
 595:Drivers/STM32F3xx_HAL_Driver/Src/stm32f3xx_hal_tim_ex.c **** 
 596:Drivers/STM32F3xx_HAL_Driver/Src/stm32f3xx_hal_tim_ex.c **** /** @defgroup TIMEx_Exported_Functions_Group2 Extended Timer Complementary Output Compare functions
 597:Drivers/STM32F3xx_HAL_Driver/Src/stm32f3xx_hal_tim_ex.c ****   *  @brief   Timer Complementary Output Compare functions
 598:Drivers/STM32F3xx_HAL_Driver/Src/stm32f3xx_hal_tim_ex.c ****   *
 599:Drivers/STM32F3xx_HAL_Driver/Src/stm32f3xx_hal_tim_ex.c **** @verbatim
 600:Drivers/STM32F3xx_HAL_Driver/Src/stm32f3xx_hal_tim_ex.c ****   ==============================================================================
ARM GAS  /tmp/ccZqO8pD.s 			page 12


 601:Drivers/STM32F3xx_HAL_Driver/Src/stm32f3xx_hal_tim_ex.c ****               ##### Timer Complementary Output Compare functions #####
 602:Drivers/STM32F3xx_HAL_Driver/Src/stm32f3xx_hal_tim_ex.c ****   ==============================================================================
 603:Drivers/STM32F3xx_HAL_Driver/Src/stm32f3xx_hal_tim_ex.c ****   [..]
 604:Drivers/STM32F3xx_HAL_Driver/Src/stm32f3xx_hal_tim_ex.c ****     This section provides functions allowing to:
 605:Drivers/STM32F3xx_HAL_Driver/Src/stm32f3xx_hal_tim_ex.c ****     (+) Start the Complementary Output Compare/PWM.
 606:Drivers/STM32F3xx_HAL_Driver/Src/stm32f3xx_hal_tim_ex.c ****     (+) Stop the Complementary Output Compare/PWM.
 607:Drivers/STM32F3xx_HAL_Driver/Src/stm32f3xx_hal_tim_ex.c ****     (+) Start the Complementary Output Compare/PWM and enable interrupts.
 608:Drivers/STM32F3xx_HAL_Driver/Src/stm32f3xx_hal_tim_ex.c ****     (+) Stop the Complementary Output Compare/PWM and disable interrupts.
 609:Drivers/STM32F3xx_HAL_Driver/Src/stm32f3xx_hal_tim_ex.c ****     (+) Start the Complementary Output Compare/PWM and enable DMA transfers.
 610:Drivers/STM32F3xx_HAL_Driver/Src/stm32f3xx_hal_tim_ex.c ****     (+) Stop the Complementary Output Compare/PWM and disable DMA transfers.
 611:Drivers/STM32F3xx_HAL_Driver/Src/stm32f3xx_hal_tim_ex.c **** 
 612:Drivers/STM32F3xx_HAL_Driver/Src/stm32f3xx_hal_tim_ex.c **** @endverbatim
 613:Drivers/STM32F3xx_HAL_Driver/Src/stm32f3xx_hal_tim_ex.c ****   * @{
 614:Drivers/STM32F3xx_HAL_Driver/Src/stm32f3xx_hal_tim_ex.c ****   */
 615:Drivers/STM32F3xx_HAL_Driver/Src/stm32f3xx_hal_tim_ex.c **** 
 616:Drivers/STM32F3xx_HAL_Driver/Src/stm32f3xx_hal_tim_ex.c **** /**
 617:Drivers/STM32F3xx_HAL_Driver/Src/stm32f3xx_hal_tim_ex.c ****   * @brief  Starts the TIM Output Compare signal generation on the complementary
 618:Drivers/STM32F3xx_HAL_Driver/Src/stm32f3xx_hal_tim_ex.c ****   *         output.
 619:Drivers/STM32F3xx_HAL_Driver/Src/stm32f3xx_hal_tim_ex.c ****   * @param  htim TIM Output Compare handle
 620:Drivers/STM32F3xx_HAL_Driver/Src/stm32f3xx_hal_tim_ex.c ****   * @param  Channel TIM Channel to be enabled
 621:Drivers/STM32F3xx_HAL_Driver/Src/stm32f3xx_hal_tim_ex.c ****   *          This parameter can be one of the following values:
 622:Drivers/STM32F3xx_HAL_Driver/Src/stm32f3xx_hal_tim_ex.c ****   *            @arg TIM_CHANNEL_1: TIM Channel 1 selected
 623:Drivers/STM32F3xx_HAL_Driver/Src/stm32f3xx_hal_tim_ex.c ****   *            @arg TIM_CHANNEL_2: TIM Channel 2 selected
 624:Drivers/STM32F3xx_HAL_Driver/Src/stm32f3xx_hal_tim_ex.c ****   *            @arg TIM_CHANNEL_3: TIM Channel 3 selected
 625:Drivers/STM32F3xx_HAL_Driver/Src/stm32f3xx_hal_tim_ex.c ****   * @retval HAL status
 626:Drivers/STM32F3xx_HAL_Driver/Src/stm32f3xx_hal_tim_ex.c ****   */
 627:Drivers/STM32F3xx_HAL_Driver/Src/stm32f3xx_hal_tim_ex.c **** HAL_StatusTypeDef HAL_TIMEx_OCN_Start(TIM_HandleTypeDef *htim, uint32_t Channel)
 628:Drivers/STM32F3xx_HAL_Driver/Src/stm32f3xx_hal_tim_ex.c **** {
 629:Drivers/STM32F3xx_HAL_Driver/Src/stm32f3xx_hal_tim_ex.c ****   uint32_t tmpsmcr;
 630:Drivers/STM32F3xx_HAL_Driver/Src/stm32f3xx_hal_tim_ex.c **** 
 631:Drivers/STM32F3xx_HAL_Driver/Src/stm32f3xx_hal_tim_ex.c ****   /* Check the parameters */
 632:Drivers/STM32F3xx_HAL_Driver/Src/stm32f3xx_hal_tim_ex.c ****   assert_param(IS_TIM_CCXN_INSTANCE(htim->Instance, Channel));
 633:Drivers/STM32F3xx_HAL_Driver/Src/stm32f3xx_hal_tim_ex.c **** 
 634:Drivers/STM32F3xx_HAL_Driver/Src/stm32f3xx_hal_tim_ex.c ****   /* Check the TIM complementary channel state */
 635:Drivers/STM32F3xx_HAL_Driver/Src/stm32f3xx_hal_tim_ex.c ****   if (TIM_CHANNEL_N_STATE_GET(htim, Channel) != HAL_TIM_CHANNEL_STATE_READY)
 636:Drivers/STM32F3xx_HAL_Driver/Src/stm32f3xx_hal_tim_ex.c ****   {
 637:Drivers/STM32F3xx_HAL_Driver/Src/stm32f3xx_hal_tim_ex.c ****     return HAL_ERROR;
 638:Drivers/STM32F3xx_HAL_Driver/Src/stm32f3xx_hal_tim_ex.c ****   }
 639:Drivers/STM32F3xx_HAL_Driver/Src/stm32f3xx_hal_tim_ex.c **** 
 640:Drivers/STM32F3xx_HAL_Driver/Src/stm32f3xx_hal_tim_ex.c ****   /* Set the TIM complementary channel state */
 641:Drivers/STM32F3xx_HAL_Driver/Src/stm32f3xx_hal_tim_ex.c ****   TIM_CHANNEL_N_STATE_SET(htim, Channel, HAL_TIM_CHANNEL_STATE_BUSY);
 642:Drivers/STM32F3xx_HAL_Driver/Src/stm32f3xx_hal_tim_ex.c **** 
 643:Drivers/STM32F3xx_HAL_Driver/Src/stm32f3xx_hal_tim_ex.c ****   /* Enable the Capture compare channel N */
 644:Drivers/STM32F3xx_HAL_Driver/Src/stm32f3xx_hal_tim_ex.c ****   TIM_CCxNChannelCmd(htim->Instance, Channel, TIM_CCxN_ENABLE);
 645:Drivers/STM32F3xx_HAL_Driver/Src/stm32f3xx_hal_tim_ex.c **** 
 646:Drivers/STM32F3xx_HAL_Driver/Src/stm32f3xx_hal_tim_ex.c ****   /* Enable the Main Output */
 647:Drivers/STM32F3xx_HAL_Driver/Src/stm32f3xx_hal_tim_ex.c ****   __HAL_TIM_MOE_ENABLE(htim);
 648:Drivers/STM32F3xx_HAL_Driver/Src/stm32f3xx_hal_tim_ex.c **** 
 649:Drivers/STM32F3xx_HAL_Driver/Src/stm32f3xx_hal_tim_ex.c ****   /* Enable the Peripheral, except in trigger mode where enable is automatically done with trigger 
 650:Drivers/STM32F3xx_HAL_Driver/Src/stm32f3xx_hal_tim_ex.c ****   if (IS_TIM_SLAVE_INSTANCE(htim->Instance))
 651:Drivers/STM32F3xx_HAL_Driver/Src/stm32f3xx_hal_tim_ex.c ****   {
 652:Drivers/STM32F3xx_HAL_Driver/Src/stm32f3xx_hal_tim_ex.c ****     tmpsmcr = htim->Instance->SMCR & TIM_SMCR_SMS;
 653:Drivers/STM32F3xx_HAL_Driver/Src/stm32f3xx_hal_tim_ex.c ****     if (!IS_TIM_SLAVEMODE_TRIGGER_ENABLED(tmpsmcr))
 654:Drivers/STM32F3xx_HAL_Driver/Src/stm32f3xx_hal_tim_ex.c ****     {
 655:Drivers/STM32F3xx_HAL_Driver/Src/stm32f3xx_hal_tim_ex.c ****       __HAL_TIM_ENABLE(htim);
 656:Drivers/STM32F3xx_HAL_Driver/Src/stm32f3xx_hal_tim_ex.c ****     }
 657:Drivers/STM32F3xx_HAL_Driver/Src/stm32f3xx_hal_tim_ex.c ****   }
ARM GAS  /tmp/ccZqO8pD.s 			page 13


 658:Drivers/STM32F3xx_HAL_Driver/Src/stm32f3xx_hal_tim_ex.c ****   else
 659:Drivers/STM32F3xx_HAL_Driver/Src/stm32f3xx_hal_tim_ex.c ****   {
 660:Drivers/STM32F3xx_HAL_Driver/Src/stm32f3xx_hal_tim_ex.c ****     __HAL_TIM_ENABLE(htim);
 661:Drivers/STM32F3xx_HAL_Driver/Src/stm32f3xx_hal_tim_ex.c ****   }
 662:Drivers/STM32F3xx_HAL_Driver/Src/stm32f3xx_hal_tim_ex.c **** 
 663:Drivers/STM32F3xx_HAL_Driver/Src/stm32f3xx_hal_tim_ex.c ****   /* Return function status */
 664:Drivers/STM32F3xx_HAL_Driver/Src/stm32f3xx_hal_tim_ex.c ****   return HAL_OK;
 665:Drivers/STM32F3xx_HAL_Driver/Src/stm32f3xx_hal_tim_ex.c **** }
 666:Drivers/STM32F3xx_HAL_Driver/Src/stm32f3xx_hal_tim_ex.c **** 
 667:Drivers/STM32F3xx_HAL_Driver/Src/stm32f3xx_hal_tim_ex.c **** /**
 668:Drivers/STM32F3xx_HAL_Driver/Src/stm32f3xx_hal_tim_ex.c ****   * @brief  Stops the TIM Output Compare signal generation on the complementary
 669:Drivers/STM32F3xx_HAL_Driver/Src/stm32f3xx_hal_tim_ex.c ****   *         output.
 670:Drivers/STM32F3xx_HAL_Driver/Src/stm32f3xx_hal_tim_ex.c ****   * @param  htim TIM handle
 671:Drivers/STM32F3xx_HAL_Driver/Src/stm32f3xx_hal_tim_ex.c ****   * @param  Channel TIM Channel to be disabled
 672:Drivers/STM32F3xx_HAL_Driver/Src/stm32f3xx_hal_tim_ex.c ****   *          This parameter can be one of the following values:
 673:Drivers/STM32F3xx_HAL_Driver/Src/stm32f3xx_hal_tim_ex.c ****   *            @arg TIM_CHANNEL_1: TIM Channel 1 selected
 674:Drivers/STM32F3xx_HAL_Driver/Src/stm32f3xx_hal_tim_ex.c ****   *            @arg TIM_CHANNEL_2: TIM Channel 2 selected
 675:Drivers/STM32F3xx_HAL_Driver/Src/stm32f3xx_hal_tim_ex.c ****   *            @arg TIM_CHANNEL_3: TIM Channel 3 selected
 676:Drivers/STM32F3xx_HAL_Driver/Src/stm32f3xx_hal_tim_ex.c ****   * @retval HAL status
 677:Drivers/STM32F3xx_HAL_Driver/Src/stm32f3xx_hal_tim_ex.c ****   */
 678:Drivers/STM32F3xx_HAL_Driver/Src/stm32f3xx_hal_tim_ex.c **** HAL_StatusTypeDef HAL_TIMEx_OCN_Stop(TIM_HandleTypeDef *htim, uint32_t Channel)
 679:Drivers/STM32F3xx_HAL_Driver/Src/stm32f3xx_hal_tim_ex.c **** {
 680:Drivers/STM32F3xx_HAL_Driver/Src/stm32f3xx_hal_tim_ex.c ****   /* Check the parameters */
 681:Drivers/STM32F3xx_HAL_Driver/Src/stm32f3xx_hal_tim_ex.c ****   assert_param(IS_TIM_CCXN_INSTANCE(htim->Instance, Channel));
 682:Drivers/STM32F3xx_HAL_Driver/Src/stm32f3xx_hal_tim_ex.c **** 
 683:Drivers/STM32F3xx_HAL_Driver/Src/stm32f3xx_hal_tim_ex.c ****   /* Disable the Capture compare channel N */
 684:Drivers/STM32F3xx_HAL_Driver/Src/stm32f3xx_hal_tim_ex.c ****   TIM_CCxNChannelCmd(htim->Instance, Channel, TIM_CCxN_DISABLE);
 685:Drivers/STM32F3xx_HAL_Driver/Src/stm32f3xx_hal_tim_ex.c **** 
 686:Drivers/STM32F3xx_HAL_Driver/Src/stm32f3xx_hal_tim_ex.c ****   /* Disable the Main Output */
 687:Drivers/STM32F3xx_HAL_Driver/Src/stm32f3xx_hal_tim_ex.c ****   __HAL_TIM_MOE_DISABLE(htim);
 688:Drivers/STM32F3xx_HAL_Driver/Src/stm32f3xx_hal_tim_ex.c **** 
 689:Drivers/STM32F3xx_HAL_Driver/Src/stm32f3xx_hal_tim_ex.c ****   /* Disable the Peripheral */
 690:Drivers/STM32F3xx_HAL_Driver/Src/stm32f3xx_hal_tim_ex.c ****   __HAL_TIM_DISABLE(htim);
 691:Drivers/STM32F3xx_HAL_Driver/Src/stm32f3xx_hal_tim_ex.c **** 
 692:Drivers/STM32F3xx_HAL_Driver/Src/stm32f3xx_hal_tim_ex.c ****   /* Set the TIM complementary channel state */
 693:Drivers/STM32F3xx_HAL_Driver/Src/stm32f3xx_hal_tim_ex.c ****   TIM_CHANNEL_N_STATE_SET(htim, Channel, HAL_TIM_CHANNEL_STATE_READY);
 694:Drivers/STM32F3xx_HAL_Driver/Src/stm32f3xx_hal_tim_ex.c **** 
 695:Drivers/STM32F3xx_HAL_Driver/Src/stm32f3xx_hal_tim_ex.c ****   /* Return function status */
 696:Drivers/STM32F3xx_HAL_Driver/Src/stm32f3xx_hal_tim_ex.c ****   return HAL_OK;
 697:Drivers/STM32F3xx_HAL_Driver/Src/stm32f3xx_hal_tim_ex.c **** }
 698:Drivers/STM32F3xx_HAL_Driver/Src/stm32f3xx_hal_tim_ex.c **** 
 699:Drivers/STM32F3xx_HAL_Driver/Src/stm32f3xx_hal_tim_ex.c **** /**
 700:Drivers/STM32F3xx_HAL_Driver/Src/stm32f3xx_hal_tim_ex.c ****   * @brief  Starts the TIM Output Compare signal generation in interrupt mode
 701:Drivers/STM32F3xx_HAL_Driver/Src/stm32f3xx_hal_tim_ex.c ****   *         on the complementary output.
 702:Drivers/STM32F3xx_HAL_Driver/Src/stm32f3xx_hal_tim_ex.c ****   * @param  htim TIM OC handle
 703:Drivers/STM32F3xx_HAL_Driver/Src/stm32f3xx_hal_tim_ex.c ****   * @param  Channel TIM Channel to be enabled
 704:Drivers/STM32F3xx_HAL_Driver/Src/stm32f3xx_hal_tim_ex.c ****   *          This parameter can be one of the following values:
 705:Drivers/STM32F3xx_HAL_Driver/Src/stm32f3xx_hal_tim_ex.c ****   *            @arg TIM_CHANNEL_1: TIM Channel 1 selected
 706:Drivers/STM32F3xx_HAL_Driver/Src/stm32f3xx_hal_tim_ex.c ****   *            @arg TIM_CHANNEL_2: TIM Channel 2 selected
 707:Drivers/STM32F3xx_HAL_Driver/Src/stm32f3xx_hal_tim_ex.c ****   *            @arg TIM_CHANNEL_3: TIM Channel 3 selected
 708:Drivers/STM32F3xx_HAL_Driver/Src/stm32f3xx_hal_tim_ex.c ****   * @retval HAL status
 709:Drivers/STM32F3xx_HAL_Driver/Src/stm32f3xx_hal_tim_ex.c ****   */
 710:Drivers/STM32F3xx_HAL_Driver/Src/stm32f3xx_hal_tim_ex.c **** HAL_StatusTypeDef HAL_TIMEx_OCN_Start_IT(TIM_HandleTypeDef *htim, uint32_t Channel)
 711:Drivers/STM32F3xx_HAL_Driver/Src/stm32f3xx_hal_tim_ex.c **** {
 712:Drivers/STM32F3xx_HAL_Driver/Src/stm32f3xx_hal_tim_ex.c ****   HAL_StatusTypeDef status = HAL_OK;
 713:Drivers/STM32F3xx_HAL_Driver/Src/stm32f3xx_hal_tim_ex.c ****   uint32_t tmpsmcr;
 714:Drivers/STM32F3xx_HAL_Driver/Src/stm32f3xx_hal_tim_ex.c **** 
ARM GAS  /tmp/ccZqO8pD.s 			page 14


 715:Drivers/STM32F3xx_HAL_Driver/Src/stm32f3xx_hal_tim_ex.c ****   /* Check the parameters */
 716:Drivers/STM32F3xx_HAL_Driver/Src/stm32f3xx_hal_tim_ex.c ****   assert_param(IS_TIM_CCXN_INSTANCE(htim->Instance, Channel));
 717:Drivers/STM32F3xx_HAL_Driver/Src/stm32f3xx_hal_tim_ex.c **** 
 718:Drivers/STM32F3xx_HAL_Driver/Src/stm32f3xx_hal_tim_ex.c ****   /* Check the TIM complementary channel state */
 719:Drivers/STM32F3xx_HAL_Driver/Src/stm32f3xx_hal_tim_ex.c ****   if (TIM_CHANNEL_N_STATE_GET(htim, Channel) != HAL_TIM_CHANNEL_STATE_READY)
 720:Drivers/STM32F3xx_HAL_Driver/Src/stm32f3xx_hal_tim_ex.c ****   {
 721:Drivers/STM32F3xx_HAL_Driver/Src/stm32f3xx_hal_tim_ex.c ****     return HAL_ERROR;
 722:Drivers/STM32F3xx_HAL_Driver/Src/stm32f3xx_hal_tim_ex.c ****   }
 723:Drivers/STM32F3xx_HAL_Driver/Src/stm32f3xx_hal_tim_ex.c **** 
 724:Drivers/STM32F3xx_HAL_Driver/Src/stm32f3xx_hal_tim_ex.c ****   /* Set the TIM complementary channel state */
 725:Drivers/STM32F3xx_HAL_Driver/Src/stm32f3xx_hal_tim_ex.c ****   TIM_CHANNEL_N_STATE_SET(htim, Channel, HAL_TIM_CHANNEL_STATE_BUSY);
 726:Drivers/STM32F3xx_HAL_Driver/Src/stm32f3xx_hal_tim_ex.c **** 
 727:Drivers/STM32F3xx_HAL_Driver/Src/stm32f3xx_hal_tim_ex.c ****   switch (Channel)
 728:Drivers/STM32F3xx_HAL_Driver/Src/stm32f3xx_hal_tim_ex.c ****   {
 729:Drivers/STM32F3xx_HAL_Driver/Src/stm32f3xx_hal_tim_ex.c ****     case TIM_CHANNEL_1:
 730:Drivers/STM32F3xx_HAL_Driver/Src/stm32f3xx_hal_tim_ex.c ****     {
 731:Drivers/STM32F3xx_HAL_Driver/Src/stm32f3xx_hal_tim_ex.c ****       /* Enable the TIM Output Compare interrupt */
 732:Drivers/STM32F3xx_HAL_Driver/Src/stm32f3xx_hal_tim_ex.c ****       __HAL_TIM_ENABLE_IT(htim, TIM_IT_CC1);
 733:Drivers/STM32F3xx_HAL_Driver/Src/stm32f3xx_hal_tim_ex.c ****       break;
 734:Drivers/STM32F3xx_HAL_Driver/Src/stm32f3xx_hal_tim_ex.c ****     }
 735:Drivers/STM32F3xx_HAL_Driver/Src/stm32f3xx_hal_tim_ex.c **** 
 736:Drivers/STM32F3xx_HAL_Driver/Src/stm32f3xx_hal_tim_ex.c ****     case TIM_CHANNEL_2:
 737:Drivers/STM32F3xx_HAL_Driver/Src/stm32f3xx_hal_tim_ex.c ****     {
 738:Drivers/STM32F3xx_HAL_Driver/Src/stm32f3xx_hal_tim_ex.c ****       /* Enable the TIM Output Compare interrupt */
 739:Drivers/STM32F3xx_HAL_Driver/Src/stm32f3xx_hal_tim_ex.c ****       __HAL_TIM_ENABLE_IT(htim, TIM_IT_CC2);
 740:Drivers/STM32F3xx_HAL_Driver/Src/stm32f3xx_hal_tim_ex.c ****       break;
 741:Drivers/STM32F3xx_HAL_Driver/Src/stm32f3xx_hal_tim_ex.c ****     }
 742:Drivers/STM32F3xx_HAL_Driver/Src/stm32f3xx_hal_tim_ex.c **** 
 743:Drivers/STM32F3xx_HAL_Driver/Src/stm32f3xx_hal_tim_ex.c ****     case TIM_CHANNEL_3:
 744:Drivers/STM32F3xx_HAL_Driver/Src/stm32f3xx_hal_tim_ex.c ****     {
 745:Drivers/STM32F3xx_HAL_Driver/Src/stm32f3xx_hal_tim_ex.c ****       /* Enable the TIM Output Compare interrupt */
 746:Drivers/STM32F3xx_HAL_Driver/Src/stm32f3xx_hal_tim_ex.c ****       __HAL_TIM_ENABLE_IT(htim, TIM_IT_CC3);
 747:Drivers/STM32F3xx_HAL_Driver/Src/stm32f3xx_hal_tim_ex.c ****       break;
 748:Drivers/STM32F3xx_HAL_Driver/Src/stm32f3xx_hal_tim_ex.c ****     }
 749:Drivers/STM32F3xx_HAL_Driver/Src/stm32f3xx_hal_tim_ex.c **** 
 750:Drivers/STM32F3xx_HAL_Driver/Src/stm32f3xx_hal_tim_ex.c **** 
 751:Drivers/STM32F3xx_HAL_Driver/Src/stm32f3xx_hal_tim_ex.c ****     default:
 752:Drivers/STM32F3xx_HAL_Driver/Src/stm32f3xx_hal_tim_ex.c ****       status = HAL_ERROR;
 753:Drivers/STM32F3xx_HAL_Driver/Src/stm32f3xx_hal_tim_ex.c ****       break;
 754:Drivers/STM32F3xx_HAL_Driver/Src/stm32f3xx_hal_tim_ex.c ****   }
 755:Drivers/STM32F3xx_HAL_Driver/Src/stm32f3xx_hal_tim_ex.c **** 
 756:Drivers/STM32F3xx_HAL_Driver/Src/stm32f3xx_hal_tim_ex.c ****   if (status == HAL_OK)
 757:Drivers/STM32F3xx_HAL_Driver/Src/stm32f3xx_hal_tim_ex.c ****   {
 758:Drivers/STM32F3xx_HAL_Driver/Src/stm32f3xx_hal_tim_ex.c ****     /* Enable the TIM Break interrupt */
 759:Drivers/STM32F3xx_HAL_Driver/Src/stm32f3xx_hal_tim_ex.c ****     __HAL_TIM_ENABLE_IT(htim, TIM_IT_BREAK);
 760:Drivers/STM32F3xx_HAL_Driver/Src/stm32f3xx_hal_tim_ex.c **** 
 761:Drivers/STM32F3xx_HAL_Driver/Src/stm32f3xx_hal_tim_ex.c ****     /* Enable the Capture compare channel N */
 762:Drivers/STM32F3xx_HAL_Driver/Src/stm32f3xx_hal_tim_ex.c ****     TIM_CCxNChannelCmd(htim->Instance, Channel, TIM_CCxN_ENABLE);
 763:Drivers/STM32F3xx_HAL_Driver/Src/stm32f3xx_hal_tim_ex.c **** 
 764:Drivers/STM32F3xx_HAL_Driver/Src/stm32f3xx_hal_tim_ex.c ****     /* Enable the Main Output */
 765:Drivers/STM32F3xx_HAL_Driver/Src/stm32f3xx_hal_tim_ex.c ****     __HAL_TIM_MOE_ENABLE(htim);
 766:Drivers/STM32F3xx_HAL_Driver/Src/stm32f3xx_hal_tim_ex.c **** 
 767:Drivers/STM32F3xx_HAL_Driver/Src/stm32f3xx_hal_tim_ex.c ****     /* Enable the Peripheral, except in trigger mode where enable is automatically done with trigge
 768:Drivers/STM32F3xx_HAL_Driver/Src/stm32f3xx_hal_tim_ex.c ****     if (IS_TIM_SLAVE_INSTANCE(htim->Instance))
 769:Drivers/STM32F3xx_HAL_Driver/Src/stm32f3xx_hal_tim_ex.c ****     {
 770:Drivers/STM32F3xx_HAL_Driver/Src/stm32f3xx_hal_tim_ex.c ****       tmpsmcr = htim->Instance->SMCR & TIM_SMCR_SMS;
 771:Drivers/STM32F3xx_HAL_Driver/Src/stm32f3xx_hal_tim_ex.c ****       if (!IS_TIM_SLAVEMODE_TRIGGER_ENABLED(tmpsmcr))
ARM GAS  /tmp/ccZqO8pD.s 			page 15


 772:Drivers/STM32F3xx_HAL_Driver/Src/stm32f3xx_hal_tim_ex.c ****       {
 773:Drivers/STM32F3xx_HAL_Driver/Src/stm32f3xx_hal_tim_ex.c ****         __HAL_TIM_ENABLE(htim);
 774:Drivers/STM32F3xx_HAL_Driver/Src/stm32f3xx_hal_tim_ex.c ****       }
 775:Drivers/STM32F3xx_HAL_Driver/Src/stm32f3xx_hal_tim_ex.c ****     }
 776:Drivers/STM32F3xx_HAL_Driver/Src/stm32f3xx_hal_tim_ex.c ****     else
 777:Drivers/STM32F3xx_HAL_Driver/Src/stm32f3xx_hal_tim_ex.c ****     {
 778:Drivers/STM32F3xx_HAL_Driver/Src/stm32f3xx_hal_tim_ex.c ****       __HAL_TIM_ENABLE(htim);
 779:Drivers/STM32F3xx_HAL_Driver/Src/stm32f3xx_hal_tim_ex.c ****     }
 780:Drivers/STM32F3xx_HAL_Driver/Src/stm32f3xx_hal_tim_ex.c ****   }
 781:Drivers/STM32F3xx_HAL_Driver/Src/stm32f3xx_hal_tim_ex.c **** 
 782:Drivers/STM32F3xx_HAL_Driver/Src/stm32f3xx_hal_tim_ex.c ****   /* Return function status */
 783:Drivers/STM32F3xx_HAL_Driver/Src/stm32f3xx_hal_tim_ex.c ****   return status;
 784:Drivers/STM32F3xx_HAL_Driver/Src/stm32f3xx_hal_tim_ex.c **** }
 785:Drivers/STM32F3xx_HAL_Driver/Src/stm32f3xx_hal_tim_ex.c **** 
 786:Drivers/STM32F3xx_HAL_Driver/Src/stm32f3xx_hal_tim_ex.c **** /**
 787:Drivers/STM32F3xx_HAL_Driver/Src/stm32f3xx_hal_tim_ex.c ****   * @brief  Stops the TIM Output Compare signal generation in interrupt mode
 788:Drivers/STM32F3xx_HAL_Driver/Src/stm32f3xx_hal_tim_ex.c ****   *         on the complementary output.
 789:Drivers/STM32F3xx_HAL_Driver/Src/stm32f3xx_hal_tim_ex.c ****   * @param  htim TIM Output Compare handle
 790:Drivers/STM32F3xx_HAL_Driver/Src/stm32f3xx_hal_tim_ex.c ****   * @param  Channel TIM Channel to be disabled
 791:Drivers/STM32F3xx_HAL_Driver/Src/stm32f3xx_hal_tim_ex.c ****   *          This parameter can be one of the following values:
 792:Drivers/STM32F3xx_HAL_Driver/Src/stm32f3xx_hal_tim_ex.c ****   *            @arg TIM_CHANNEL_1: TIM Channel 1 selected
 793:Drivers/STM32F3xx_HAL_Driver/Src/stm32f3xx_hal_tim_ex.c ****   *            @arg TIM_CHANNEL_2: TIM Channel 2 selected
 794:Drivers/STM32F3xx_HAL_Driver/Src/stm32f3xx_hal_tim_ex.c ****   *            @arg TIM_CHANNEL_3: TIM Channel 3 selected
 795:Drivers/STM32F3xx_HAL_Driver/Src/stm32f3xx_hal_tim_ex.c ****   * @retval HAL status
 796:Drivers/STM32F3xx_HAL_Driver/Src/stm32f3xx_hal_tim_ex.c ****   */
 797:Drivers/STM32F3xx_HAL_Driver/Src/stm32f3xx_hal_tim_ex.c **** HAL_StatusTypeDef HAL_TIMEx_OCN_Stop_IT(TIM_HandleTypeDef *htim, uint32_t Channel)
 798:Drivers/STM32F3xx_HAL_Driver/Src/stm32f3xx_hal_tim_ex.c **** {
 799:Drivers/STM32F3xx_HAL_Driver/Src/stm32f3xx_hal_tim_ex.c ****   HAL_StatusTypeDef status = HAL_OK;
 800:Drivers/STM32F3xx_HAL_Driver/Src/stm32f3xx_hal_tim_ex.c ****   uint32_t tmpccer;
 801:Drivers/STM32F3xx_HAL_Driver/Src/stm32f3xx_hal_tim_ex.c **** 
 802:Drivers/STM32F3xx_HAL_Driver/Src/stm32f3xx_hal_tim_ex.c ****   /* Check the parameters */
 803:Drivers/STM32F3xx_HAL_Driver/Src/stm32f3xx_hal_tim_ex.c ****   assert_param(IS_TIM_CCXN_INSTANCE(htim->Instance, Channel));
 804:Drivers/STM32F3xx_HAL_Driver/Src/stm32f3xx_hal_tim_ex.c **** 
 805:Drivers/STM32F3xx_HAL_Driver/Src/stm32f3xx_hal_tim_ex.c ****   switch (Channel)
 806:Drivers/STM32F3xx_HAL_Driver/Src/stm32f3xx_hal_tim_ex.c ****   {
 807:Drivers/STM32F3xx_HAL_Driver/Src/stm32f3xx_hal_tim_ex.c ****     case TIM_CHANNEL_1:
 808:Drivers/STM32F3xx_HAL_Driver/Src/stm32f3xx_hal_tim_ex.c ****     {
 809:Drivers/STM32F3xx_HAL_Driver/Src/stm32f3xx_hal_tim_ex.c ****       /* Disable the TIM Output Compare interrupt */
 810:Drivers/STM32F3xx_HAL_Driver/Src/stm32f3xx_hal_tim_ex.c ****       __HAL_TIM_DISABLE_IT(htim, TIM_IT_CC1);
 811:Drivers/STM32F3xx_HAL_Driver/Src/stm32f3xx_hal_tim_ex.c ****       break;
 812:Drivers/STM32F3xx_HAL_Driver/Src/stm32f3xx_hal_tim_ex.c ****     }
 813:Drivers/STM32F3xx_HAL_Driver/Src/stm32f3xx_hal_tim_ex.c **** 
 814:Drivers/STM32F3xx_HAL_Driver/Src/stm32f3xx_hal_tim_ex.c ****     case TIM_CHANNEL_2:
 815:Drivers/STM32F3xx_HAL_Driver/Src/stm32f3xx_hal_tim_ex.c ****     {
 816:Drivers/STM32F3xx_HAL_Driver/Src/stm32f3xx_hal_tim_ex.c ****       /* Disable the TIM Output Compare interrupt */
 817:Drivers/STM32F3xx_HAL_Driver/Src/stm32f3xx_hal_tim_ex.c ****       __HAL_TIM_DISABLE_IT(htim, TIM_IT_CC2);
 818:Drivers/STM32F3xx_HAL_Driver/Src/stm32f3xx_hal_tim_ex.c ****       break;
 819:Drivers/STM32F3xx_HAL_Driver/Src/stm32f3xx_hal_tim_ex.c ****     }
 820:Drivers/STM32F3xx_HAL_Driver/Src/stm32f3xx_hal_tim_ex.c **** 
 821:Drivers/STM32F3xx_HAL_Driver/Src/stm32f3xx_hal_tim_ex.c ****     case TIM_CHANNEL_3:
 822:Drivers/STM32F3xx_HAL_Driver/Src/stm32f3xx_hal_tim_ex.c ****     {
 823:Drivers/STM32F3xx_HAL_Driver/Src/stm32f3xx_hal_tim_ex.c ****       /* Disable the TIM Output Compare interrupt */
 824:Drivers/STM32F3xx_HAL_Driver/Src/stm32f3xx_hal_tim_ex.c ****       __HAL_TIM_DISABLE_IT(htim, TIM_IT_CC3);
 825:Drivers/STM32F3xx_HAL_Driver/Src/stm32f3xx_hal_tim_ex.c ****       break;
 826:Drivers/STM32F3xx_HAL_Driver/Src/stm32f3xx_hal_tim_ex.c ****     }
 827:Drivers/STM32F3xx_HAL_Driver/Src/stm32f3xx_hal_tim_ex.c **** 
 828:Drivers/STM32F3xx_HAL_Driver/Src/stm32f3xx_hal_tim_ex.c ****     default:
ARM GAS  /tmp/ccZqO8pD.s 			page 16


 829:Drivers/STM32F3xx_HAL_Driver/Src/stm32f3xx_hal_tim_ex.c ****       status = HAL_ERROR;
 830:Drivers/STM32F3xx_HAL_Driver/Src/stm32f3xx_hal_tim_ex.c ****       break;
 831:Drivers/STM32F3xx_HAL_Driver/Src/stm32f3xx_hal_tim_ex.c ****   }
 832:Drivers/STM32F3xx_HAL_Driver/Src/stm32f3xx_hal_tim_ex.c **** 
 833:Drivers/STM32F3xx_HAL_Driver/Src/stm32f3xx_hal_tim_ex.c ****   if (status == HAL_OK)
 834:Drivers/STM32F3xx_HAL_Driver/Src/stm32f3xx_hal_tim_ex.c ****   {
 835:Drivers/STM32F3xx_HAL_Driver/Src/stm32f3xx_hal_tim_ex.c ****     /* Disable the Capture compare channel N */
 836:Drivers/STM32F3xx_HAL_Driver/Src/stm32f3xx_hal_tim_ex.c ****     TIM_CCxNChannelCmd(htim->Instance, Channel, TIM_CCxN_DISABLE);
 837:Drivers/STM32F3xx_HAL_Driver/Src/stm32f3xx_hal_tim_ex.c **** 
 838:Drivers/STM32F3xx_HAL_Driver/Src/stm32f3xx_hal_tim_ex.c ****     /* Disable the TIM Break interrupt (only if no more channel is active) */
 839:Drivers/STM32F3xx_HAL_Driver/Src/stm32f3xx_hal_tim_ex.c ****     tmpccer = htim->Instance->CCER;
 840:Drivers/STM32F3xx_HAL_Driver/Src/stm32f3xx_hal_tim_ex.c ****     if ((tmpccer & TIM_CCER_CCxNE_MASK) == (uint32_t)RESET)
 841:Drivers/STM32F3xx_HAL_Driver/Src/stm32f3xx_hal_tim_ex.c ****     {
 842:Drivers/STM32F3xx_HAL_Driver/Src/stm32f3xx_hal_tim_ex.c ****       __HAL_TIM_DISABLE_IT(htim, TIM_IT_BREAK);
 843:Drivers/STM32F3xx_HAL_Driver/Src/stm32f3xx_hal_tim_ex.c ****     }
 844:Drivers/STM32F3xx_HAL_Driver/Src/stm32f3xx_hal_tim_ex.c **** 
 845:Drivers/STM32F3xx_HAL_Driver/Src/stm32f3xx_hal_tim_ex.c ****     /* Disable the Main Output */
 846:Drivers/STM32F3xx_HAL_Driver/Src/stm32f3xx_hal_tim_ex.c ****     __HAL_TIM_MOE_DISABLE(htim);
 847:Drivers/STM32F3xx_HAL_Driver/Src/stm32f3xx_hal_tim_ex.c **** 
 848:Drivers/STM32F3xx_HAL_Driver/Src/stm32f3xx_hal_tim_ex.c ****     /* Disable the Peripheral */
 849:Drivers/STM32F3xx_HAL_Driver/Src/stm32f3xx_hal_tim_ex.c ****     __HAL_TIM_DISABLE(htim);
 850:Drivers/STM32F3xx_HAL_Driver/Src/stm32f3xx_hal_tim_ex.c **** 
 851:Drivers/STM32F3xx_HAL_Driver/Src/stm32f3xx_hal_tim_ex.c ****     /* Set the TIM complementary channel state */
 852:Drivers/STM32F3xx_HAL_Driver/Src/stm32f3xx_hal_tim_ex.c ****     TIM_CHANNEL_N_STATE_SET(htim, Channel, HAL_TIM_CHANNEL_STATE_READY);
 853:Drivers/STM32F3xx_HAL_Driver/Src/stm32f3xx_hal_tim_ex.c ****   }
 854:Drivers/STM32F3xx_HAL_Driver/Src/stm32f3xx_hal_tim_ex.c **** 
 855:Drivers/STM32F3xx_HAL_Driver/Src/stm32f3xx_hal_tim_ex.c ****   /* Return function status */
 856:Drivers/STM32F3xx_HAL_Driver/Src/stm32f3xx_hal_tim_ex.c ****   return status;
 857:Drivers/STM32F3xx_HAL_Driver/Src/stm32f3xx_hal_tim_ex.c **** }
 858:Drivers/STM32F3xx_HAL_Driver/Src/stm32f3xx_hal_tim_ex.c **** 
 859:Drivers/STM32F3xx_HAL_Driver/Src/stm32f3xx_hal_tim_ex.c **** /**
 860:Drivers/STM32F3xx_HAL_Driver/Src/stm32f3xx_hal_tim_ex.c ****   * @brief  Starts the TIM Output Compare signal generation in DMA mode
 861:Drivers/STM32F3xx_HAL_Driver/Src/stm32f3xx_hal_tim_ex.c ****   *         on the complementary output.
 862:Drivers/STM32F3xx_HAL_Driver/Src/stm32f3xx_hal_tim_ex.c ****   * @param  htim TIM Output Compare handle
 863:Drivers/STM32F3xx_HAL_Driver/Src/stm32f3xx_hal_tim_ex.c ****   * @param  Channel TIM Channel to be enabled
 864:Drivers/STM32F3xx_HAL_Driver/Src/stm32f3xx_hal_tim_ex.c ****   *          This parameter can be one of the following values:
 865:Drivers/STM32F3xx_HAL_Driver/Src/stm32f3xx_hal_tim_ex.c ****   *            @arg TIM_CHANNEL_1: TIM Channel 1 selected
 866:Drivers/STM32F3xx_HAL_Driver/Src/stm32f3xx_hal_tim_ex.c ****   *            @arg TIM_CHANNEL_2: TIM Channel 2 selected
 867:Drivers/STM32F3xx_HAL_Driver/Src/stm32f3xx_hal_tim_ex.c ****   *            @arg TIM_CHANNEL_3: TIM Channel 3 selected
 868:Drivers/STM32F3xx_HAL_Driver/Src/stm32f3xx_hal_tim_ex.c ****   * @param  pData The source Buffer address.
 869:Drivers/STM32F3xx_HAL_Driver/Src/stm32f3xx_hal_tim_ex.c ****   * @param  Length The length of data to be transferred from memory to TIM peripheral
 870:Drivers/STM32F3xx_HAL_Driver/Src/stm32f3xx_hal_tim_ex.c ****   * @retval HAL status
 871:Drivers/STM32F3xx_HAL_Driver/Src/stm32f3xx_hal_tim_ex.c ****   */
 872:Drivers/STM32F3xx_HAL_Driver/Src/stm32f3xx_hal_tim_ex.c **** HAL_StatusTypeDef HAL_TIMEx_OCN_Start_DMA(TIM_HandleTypeDef *htim, uint32_t Channel, const uint32_t
 873:Drivers/STM32F3xx_HAL_Driver/Src/stm32f3xx_hal_tim_ex.c ****                                           uint16_t Length)
 874:Drivers/STM32F3xx_HAL_Driver/Src/stm32f3xx_hal_tim_ex.c **** {
 875:Drivers/STM32F3xx_HAL_Driver/Src/stm32f3xx_hal_tim_ex.c ****   HAL_StatusTypeDef status = HAL_OK;
 876:Drivers/STM32F3xx_HAL_Driver/Src/stm32f3xx_hal_tim_ex.c ****   uint32_t tmpsmcr;
 877:Drivers/STM32F3xx_HAL_Driver/Src/stm32f3xx_hal_tim_ex.c **** 
 878:Drivers/STM32F3xx_HAL_Driver/Src/stm32f3xx_hal_tim_ex.c ****   /* Check the parameters */
 879:Drivers/STM32F3xx_HAL_Driver/Src/stm32f3xx_hal_tim_ex.c ****   assert_param(IS_TIM_CCXN_INSTANCE(htim->Instance, Channel));
 880:Drivers/STM32F3xx_HAL_Driver/Src/stm32f3xx_hal_tim_ex.c **** 
 881:Drivers/STM32F3xx_HAL_Driver/Src/stm32f3xx_hal_tim_ex.c ****   /* Set the TIM complementary channel state */
 882:Drivers/STM32F3xx_HAL_Driver/Src/stm32f3xx_hal_tim_ex.c ****   if (TIM_CHANNEL_N_STATE_GET(htim, Channel) == HAL_TIM_CHANNEL_STATE_BUSY)
 883:Drivers/STM32F3xx_HAL_Driver/Src/stm32f3xx_hal_tim_ex.c ****   {
 884:Drivers/STM32F3xx_HAL_Driver/Src/stm32f3xx_hal_tim_ex.c ****     return HAL_BUSY;
 885:Drivers/STM32F3xx_HAL_Driver/Src/stm32f3xx_hal_tim_ex.c ****   }
ARM GAS  /tmp/ccZqO8pD.s 			page 17


 886:Drivers/STM32F3xx_HAL_Driver/Src/stm32f3xx_hal_tim_ex.c ****   else if (TIM_CHANNEL_N_STATE_GET(htim, Channel) == HAL_TIM_CHANNEL_STATE_READY)
 887:Drivers/STM32F3xx_HAL_Driver/Src/stm32f3xx_hal_tim_ex.c ****   {
 888:Drivers/STM32F3xx_HAL_Driver/Src/stm32f3xx_hal_tim_ex.c ****     if ((pData == NULL) || (Length == 0U))
 889:Drivers/STM32F3xx_HAL_Driver/Src/stm32f3xx_hal_tim_ex.c ****     {
 890:Drivers/STM32F3xx_HAL_Driver/Src/stm32f3xx_hal_tim_ex.c ****       return HAL_ERROR;
 891:Drivers/STM32F3xx_HAL_Driver/Src/stm32f3xx_hal_tim_ex.c ****     }
 892:Drivers/STM32F3xx_HAL_Driver/Src/stm32f3xx_hal_tim_ex.c ****     else
 893:Drivers/STM32F3xx_HAL_Driver/Src/stm32f3xx_hal_tim_ex.c ****     {
 894:Drivers/STM32F3xx_HAL_Driver/Src/stm32f3xx_hal_tim_ex.c ****       TIM_CHANNEL_N_STATE_SET(htim, Channel, HAL_TIM_CHANNEL_STATE_BUSY);
 895:Drivers/STM32F3xx_HAL_Driver/Src/stm32f3xx_hal_tim_ex.c ****     }
 896:Drivers/STM32F3xx_HAL_Driver/Src/stm32f3xx_hal_tim_ex.c ****   }
 897:Drivers/STM32F3xx_HAL_Driver/Src/stm32f3xx_hal_tim_ex.c ****   else
 898:Drivers/STM32F3xx_HAL_Driver/Src/stm32f3xx_hal_tim_ex.c ****   {
 899:Drivers/STM32F3xx_HAL_Driver/Src/stm32f3xx_hal_tim_ex.c ****     return HAL_ERROR;
 900:Drivers/STM32F3xx_HAL_Driver/Src/stm32f3xx_hal_tim_ex.c ****   }
 901:Drivers/STM32F3xx_HAL_Driver/Src/stm32f3xx_hal_tim_ex.c **** 
 902:Drivers/STM32F3xx_HAL_Driver/Src/stm32f3xx_hal_tim_ex.c ****   switch (Channel)
 903:Drivers/STM32F3xx_HAL_Driver/Src/stm32f3xx_hal_tim_ex.c ****   {
 904:Drivers/STM32F3xx_HAL_Driver/Src/stm32f3xx_hal_tim_ex.c ****     case TIM_CHANNEL_1:
 905:Drivers/STM32F3xx_HAL_Driver/Src/stm32f3xx_hal_tim_ex.c ****     {
 906:Drivers/STM32F3xx_HAL_Driver/Src/stm32f3xx_hal_tim_ex.c ****       /* Set the DMA compare callbacks */
 907:Drivers/STM32F3xx_HAL_Driver/Src/stm32f3xx_hal_tim_ex.c ****       htim->hdma[TIM_DMA_ID_CC1]->XferCpltCallback = TIM_DMADelayPulseNCplt;
 908:Drivers/STM32F3xx_HAL_Driver/Src/stm32f3xx_hal_tim_ex.c ****       htim->hdma[TIM_DMA_ID_CC1]->XferHalfCpltCallback = TIM_DMADelayPulseHalfCplt;
 909:Drivers/STM32F3xx_HAL_Driver/Src/stm32f3xx_hal_tim_ex.c **** 
 910:Drivers/STM32F3xx_HAL_Driver/Src/stm32f3xx_hal_tim_ex.c ****       /* Set the DMA error callback */
 911:Drivers/STM32F3xx_HAL_Driver/Src/stm32f3xx_hal_tim_ex.c ****       htim->hdma[TIM_DMA_ID_CC1]->XferErrorCallback = TIM_DMAErrorCCxN ;
 912:Drivers/STM32F3xx_HAL_Driver/Src/stm32f3xx_hal_tim_ex.c **** 
 913:Drivers/STM32F3xx_HAL_Driver/Src/stm32f3xx_hal_tim_ex.c ****       /* Enable the DMA channel */
 914:Drivers/STM32F3xx_HAL_Driver/Src/stm32f3xx_hal_tim_ex.c ****       if (HAL_DMA_Start_IT(htim->hdma[TIM_DMA_ID_CC1], (uint32_t)pData, (uint32_t)&htim->Instance->
 915:Drivers/STM32F3xx_HAL_Driver/Src/stm32f3xx_hal_tim_ex.c ****                            Length) != HAL_OK)
 916:Drivers/STM32F3xx_HAL_Driver/Src/stm32f3xx_hal_tim_ex.c ****       {
 917:Drivers/STM32F3xx_HAL_Driver/Src/stm32f3xx_hal_tim_ex.c ****         /* Return error status */
 918:Drivers/STM32F3xx_HAL_Driver/Src/stm32f3xx_hal_tim_ex.c ****         return HAL_ERROR;
 919:Drivers/STM32F3xx_HAL_Driver/Src/stm32f3xx_hal_tim_ex.c ****       }
 920:Drivers/STM32F3xx_HAL_Driver/Src/stm32f3xx_hal_tim_ex.c ****       /* Enable the TIM Output Compare DMA request */
 921:Drivers/STM32F3xx_HAL_Driver/Src/stm32f3xx_hal_tim_ex.c ****       __HAL_TIM_ENABLE_DMA(htim, TIM_DMA_CC1);
 922:Drivers/STM32F3xx_HAL_Driver/Src/stm32f3xx_hal_tim_ex.c ****       break;
 923:Drivers/STM32F3xx_HAL_Driver/Src/stm32f3xx_hal_tim_ex.c ****     }
 924:Drivers/STM32F3xx_HAL_Driver/Src/stm32f3xx_hal_tim_ex.c **** 
 925:Drivers/STM32F3xx_HAL_Driver/Src/stm32f3xx_hal_tim_ex.c ****     case TIM_CHANNEL_2:
 926:Drivers/STM32F3xx_HAL_Driver/Src/stm32f3xx_hal_tim_ex.c ****     {
 927:Drivers/STM32F3xx_HAL_Driver/Src/stm32f3xx_hal_tim_ex.c ****       /* Set the DMA compare callbacks */
 928:Drivers/STM32F3xx_HAL_Driver/Src/stm32f3xx_hal_tim_ex.c ****       htim->hdma[TIM_DMA_ID_CC2]->XferCpltCallback = TIM_DMADelayPulseNCplt;
 929:Drivers/STM32F3xx_HAL_Driver/Src/stm32f3xx_hal_tim_ex.c ****       htim->hdma[TIM_DMA_ID_CC2]->XferHalfCpltCallback = TIM_DMADelayPulseHalfCplt;
 930:Drivers/STM32F3xx_HAL_Driver/Src/stm32f3xx_hal_tim_ex.c **** 
 931:Drivers/STM32F3xx_HAL_Driver/Src/stm32f3xx_hal_tim_ex.c ****       /* Set the DMA error callback */
 932:Drivers/STM32F3xx_HAL_Driver/Src/stm32f3xx_hal_tim_ex.c ****       htim->hdma[TIM_DMA_ID_CC2]->XferErrorCallback = TIM_DMAErrorCCxN ;
 933:Drivers/STM32F3xx_HAL_Driver/Src/stm32f3xx_hal_tim_ex.c **** 
 934:Drivers/STM32F3xx_HAL_Driver/Src/stm32f3xx_hal_tim_ex.c ****       /* Enable the DMA channel */
 935:Drivers/STM32F3xx_HAL_Driver/Src/stm32f3xx_hal_tim_ex.c ****       if (HAL_DMA_Start_IT(htim->hdma[TIM_DMA_ID_CC2], (uint32_t)pData, (uint32_t)&htim->Instance->
 936:Drivers/STM32F3xx_HAL_Driver/Src/stm32f3xx_hal_tim_ex.c ****                            Length) != HAL_OK)
 937:Drivers/STM32F3xx_HAL_Driver/Src/stm32f3xx_hal_tim_ex.c ****       {
 938:Drivers/STM32F3xx_HAL_Driver/Src/stm32f3xx_hal_tim_ex.c ****         /* Return error status */
 939:Drivers/STM32F3xx_HAL_Driver/Src/stm32f3xx_hal_tim_ex.c ****         return HAL_ERROR;
 940:Drivers/STM32F3xx_HAL_Driver/Src/stm32f3xx_hal_tim_ex.c ****       }
 941:Drivers/STM32F3xx_HAL_Driver/Src/stm32f3xx_hal_tim_ex.c ****       /* Enable the TIM Output Compare DMA request */
 942:Drivers/STM32F3xx_HAL_Driver/Src/stm32f3xx_hal_tim_ex.c ****       __HAL_TIM_ENABLE_DMA(htim, TIM_DMA_CC2);
ARM GAS  /tmp/ccZqO8pD.s 			page 18


 943:Drivers/STM32F3xx_HAL_Driver/Src/stm32f3xx_hal_tim_ex.c ****       break;
 944:Drivers/STM32F3xx_HAL_Driver/Src/stm32f3xx_hal_tim_ex.c ****     }
 945:Drivers/STM32F3xx_HAL_Driver/Src/stm32f3xx_hal_tim_ex.c **** 
 946:Drivers/STM32F3xx_HAL_Driver/Src/stm32f3xx_hal_tim_ex.c ****     case TIM_CHANNEL_3:
 947:Drivers/STM32F3xx_HAL_Driver/Src/stm32f3xx_hal_tim_ex.c ****     {
 948:Drivers/STM32F3xx_HAL_Driver/Src/stm32f3xx_hal_tim_ex.c ****       /* Set the DMA compare callbacks */
 949:Drivers/STM32F3xx_HAL_Driver/Src/stm32f3xx_hal_tim_ex.c ****       htim->hdma[TIM_DMA_ID_CC3]->XferCpltCallback = TIM_DMADelayPulseNCplt;
 950:Drivers/STM32F3xx_HAL_Driver/Src/stm32f3xx_hal_tim_ex.c ****       htim->hdma[TIM_DMA_ID_CC3]->XferHalfCpltCallback = TIM_DMADelayPulseHalfCplt;
 951:Drivers/STM32F3xx_HAL_Driver/Src/stm32f3xx_hal_tim_ex.c **** 
 952:Drivers/STM32F3xx_HAL_Driver/Src/stm32f3xx_hal_tim_ex.c ****       /* Set the DMA error callback */
 953:Drivers/STM32F3xx_HAL_Driver/Src/stm32f3xx_hal_tim_ex.c ****       htim->hdma[TIM_DMA_ID_CC3]->XferErrorCallback = TIM_DMAErrorCCxN ;
 954:Drivers/STM32F3xx_HAL_Driver/Src/stm32f3xx_hal_tim_ex.c **** 
 955:Drivers/STM32F3xx_HAL_Driver/Src/stm32f3xx_hal_tim_ex.c ****       /* Enable the DMA channel */
 956:Drivers/STM32F3xx_HAL_Driver/Src/stm32f3xx_hal_tim_ex.c ****       if (HAL_DMA_Start_IT(htim->hdma[TIM_DMA_ID_CC3], (uint32_t)pData, (uint32_t)&htim->Instance->
 957:Drivers/STM32F3xx_HAL_Driver/Src/stm32f3xx_hal_tim_ex.c ****                            Length) != HAL_OK)
 958:Drivers/STM32F3xx_HAL_Driver/Src/stm32f3xx_hal_tim_ex.c ****       {
 959:Drivers/STM32F3xx_HAL_Driver/Src/stm32f3xx_hal_tim_ex.c ****         /* Return error status */
 960:Drivers/STM32F3xx_HAL_Driver/Src/stm32f3xx_hal_tim_ex.c ****         return HAL_ERROR;
 961:Drivers/STM32F3xx_HAL_Driver/Src/stm32f3xx_hal_tim_ex.c ****       }
 962:Drivers/STM32F3xx_HAL_Driver/Src/stm32f3xx_hal_tim_ex.c ****       /* Enable the TIM Output Compare DMA request */
 963:Drivers/STM32F3xx_HAL_Driver/Src/stm32f3xx_hal_tim_ex.c ****       __HAL_TIM_ENABLE_DMA(htim, TIM_DMA_CC3);
 964:Drivers/STM32F3xx_HAL_Driver/Src/stm32f3xx_hal_tim_ex.c ****       break;
 965:Drivers/STM32F3xx_HAL_Driver/Src/stm32f3xx_hal_tim_ex.c ****     }
 966:Drivers/STM32F3xx_HAL_Driver/Src/stm32f3xx_hal_tim_ex.c **** 
 967:Drivers/STM32F3xx_HAL_Driver/Src/stm32f3xx_hal_tim_ex.c ****     default:
 968:Drivers/STM32F3xx_HAL_Driver/Src/stm32f3xx_hal_tim_ex.c ****       status = HAL_ERROR;
 969:Drivers/STM32F3xx_HAL_Driver/Src/stm32f3xx_hal_tim_ex.c ****       break;
 970:Drivers/STM32F3xx_HAL_Driver/Src/stm32f3xx_hal_tim_ex.c ****   }
 971:Drivers/STM32F3xx_HAL_Driver/Src/stm32f3xx_hal_tim_ex.c **** 
 972:Drivers/STM32F3xx_HAL_Driver/Src/stm32f3xx_hal_tim_ex.c ****   if (status == HAL_OK)
 973:Drivers/STM32F3xx_HAL_Driver/Src/stm32f3xx_hal_tim_ex.c ****   {
 974:Drivers/STM32F3xx_HAL_Driver/Src/stm32f3xx_hal_tim_ex.c ****     /* Enable the Capture compare channel N */
 975:Drivers/STM32F3xx_HAL_Driver/Src/stm32f3xx_hal_tim_ex.c ****     TIM_CCxNChannelCmd(htim->Instance, Channel, TIM_CCxN_ENABLE);
 976:Drivers/STM32F3xx_HAL_Driver/Src/stm32f3xx_hal_tim_ex.c **** 
 977:Drivers/STM32F3xx_HAL_Driver/Src/stm32f3xx_hal_tim_ex.c ****     /* Enable the Main Output */
 978:Drivers/STM32F3xx_HAL_Driver/Src/stm32f3xx_hal_tim_ex.c ****     __HAL_TIM_MOE_ENABLE(htim);
 979:Drivers/STM32F3xx_HAL_Driver/Src/stm32f3xx_hal_tim_ex.c **** 
 980:Drivers/STM32F3xx_HAL_Driver/Src/stm32f3xx_hal_tim_ex.c ****     /* Enable the Peripheral, except in trigger mode where enable is automatically done with trigge
 981:Drivers/STM32F3xx_HAL_Driver/Src/stm32f3xx_hal_tim_ex.c ****     if (IS_TIM_SLAVE_INSTANCE(htim->Instance))
 982:Drivers/STM32F3xx_HAL_Driver/Src/stm32f3xx_hal_tim_ex.c ****     {
 983:Drivers/STM32F3xx_HAL_Driver/Src/stm32f3xx_hal_tim_ex.c ****       tmpsmcr = htim->Instance->SMCR & TIM_SMCR_SMS;
 984:Drivers/STM32F3xx_HAL_Driver/Src/stm32f3xx_hal_tim_ex.c ****       if (!IS_TIM_SLAVEMODE_TRIGGER_ENABLED(tmpsmcr))
 985:Drivers/STM32F3xx_HAL_Driver/Src/stm32f3xx_hal_tim_ex.c ****       {
 986:Drivers/STM32F3xx_HAL_Driver/Src/stm32f3xx_hal_tim_ex.c ****         __HAL_TIM_ENABLE(htim);
 987:Drivers/STM32F3xx_HAL_Driver/Src/stm32f3xx_hal_tim_ex.c ****       }
 988:Drivers/STM32F3xx_HAL_Driver/Src/stm32f3xx_hal_tim_ex.c ****     }
 989:Drivers/STM32F3xx_HAL_Driver/Src/stm32f3xx_hal_tim_ex.c ****     else
 990:Drivers/STM32F3xx_HAL_Driver/Src/stm32f3xx_hal_tim_ex.c ****     {
 991:Drivers/STM32F3xx_HAL_Driver/Src/stm32f3xx_hal_tim_ex.c ****       __HAL_TIM_ENABLE(htim);
 992:Drivers/STM32F3xx_HAL_Driver/Src/stm32f3xx_hal_tim_ex.c ****     }
 993:Drivers/STM32F3xx_HAL_Driver/Src/stm32f3xx_hal_tim_ex.c ****   }
 994:Drivers/STM32F3xx_HAL_Driver/Src/stm32f3xx_hal_tim_ex.c **** 
 995:Drivers/STM32F3xx_HAL_Driver/Src/stm32f3xx_hal_tim_ex.c ****   /* Return function status */
 996:Drivers/STM32F3xx_HAL_Driver/Src/stm32f3xx_hal_tim_ex.c ****   return status;
 997:Drivers/STM32F3xx_HAL_Driver/Src/stm32f3xx_hal_tim_ex.c **** }
 998:Drivers/STM32F3xx_HAL_Driver/Src/stm32f3xx_hal_tim_ex.c **** 
 999:Drivers/STM32F3xx_HAL_Driver/Src/stm32f3xx_hal_tim_ex.c **** /**
ARM GAS  /tmp/ccZqO8pD.s 			page 19


1000:Drivers/STM32F3xx_HAL_Driver/Src/stm32f3xx_hal_tim_ex.c ****   * @brief  Stops the TIM Output Compare signal generation in DMA mode
1001:Drivers/STM32F3xx_HAL_Driver/Src/stm32f3xx_hal_tim_ex.c ****   *         on the complementary output.
1002:Drivers/STM32F3xx_HAL_Driver/Src/stm32f3xx_hal_tim_ex.c ****   * @param  htim TIM Output Compare handle
1003:Drivers/STM32F3xx_HAL_Driver/Src/stm32f3xx_hal_tim_ex.c ****   * @param  Channel TIM Channel to be disabled
1004:Drivers/STM32F3xx_HAL_Driver/Src/stm32f3xx_hal_tim_ex.c ****   *          This parameter can be one of the following values:
1005:Drivers/STM32F3xx_HAL_Driver/Src/stm32f3xx_hal_tim_ex.c ****   *            @arg TIM_CHANNEL_1: TIM Channel 1 selected
1006:Drivers/STM32F3xx_HAL_Driver/Src/stm32f3xx_hal_tim_ex.c ****   *            @arg TIM_CHANNEL_2: TIM Channel 2 selected
1007:Drivers/STM32F3xx_HAL_Driver/Src/stm32f3xx_hal_tim_ex.c ****   *            @arg TIM_CHANNEL_3: TIM Channel 3 selected
1008:Drivers/STM32F3xx_HAL_Driver/Src/stm32f3xx_hal_tim_ex.c ****   * @retval HAL status
1009:Drivers/STM32F3xx_HAL_Driver/Src/stm32f3xx_hal_tim_ex.c ****   */
1010:Drivers/STM32F3xx_HAL_Driver/Src/stm32f3xx_hal_tim_ex.c **** HAL_StatusTypeDef HAL_TIMEx_OCN_Stop_DMA(TIM_HandleTypeDef *htim, uint32_t Channel)
1011:Drivers/STM32F3xx_HAL_Driver/Src/stm32f3xx_hal_tim_ex.c **** {
1012:Drivers/STM32F3xx_HAL_Driver/Src/stm32f3xx_hal_tim_ex.c ****   HAL_StatusTypeDef status = HAL_OK;
1013:Drivers/STM32F3xx_HAL_Driver/Src/stm32f3xx_hal_tim_ex.c **** 
1014:Drivers/STM32F3xx_HAL_Driver/Src/stm32f3xx_hal_tim_ex.c ****   /* Check the parameters */
1015:Drivers/STM32F3xx_HAL_Driver/Src/stm32f3xx_hal_tim_ex.c ****   assert_param(IS_TIM_CCXN_INSTANCE(htim->Instance, Channel));
1016:Drivers/STM32F3xx_HAL_Driver/Src/stm32f3xx_hal_tim_ex.c **** 
1017:Drivers/STM32F3xx_HAL_Driver/Src/stm32f3xx_hal_tim_ex.c ****   switch (Channel)
1018:Drivers/STM32F3xx_HAL_Driver/Src/stm32f3xx_hal_tim_ex.c ****   {
1019:Drivers/STM32F3xx_HAL_Driver/Src/stm32f3xx_hal_tim_ex.c ****     case TIM_CHANNEL_1:
1020:Drivers/STM32F3xx_HAL_Driver/Src/stm32f3xx_hal_tim_ex.c ****     {
1021:Drivers/STM32F3xx_HAL_Driver/Src/stm32f3xx_hal_tim_ex.c ****       /* Disable the TIM Output Compare DMA request */
1022:Drivers/STM32F3xx_HAL_Driver/Src/stm32f3xx_hal_tim_ex.c ****       __HAL_TIM_DISABLE_DMA(htim, TIM_DMA_CC1);
1023:Drivers/STM32F3xx_HAL_Driver/Src/stm32f3xx_hal_tim_ex.c ****       (void)HAL_DMA_Abort_IT(htim->hdma[TIM_DMA_ID_CC1]);
1024:Drivers/STM32F3xx_HAL_Driver/Src/stm32f3xx_hal_tim_ex.c ****       break;
1025:Drivers/STM32F3xx_HAL_Driver/Src/stm32f3xx_hal_tim_ex.c ****     }
1026:Drivers/STM32F3xx_HAL_Driver/Src/stm32f3xx_hal_tim_ex.c **** 
1027:Drivers/STM32F3xx_HAL_Driver/Src/stm32f3xx_hal_tim_ex.c ****     case TIM_CHANNEL_2:
1028:Drivers/STM32F3xx_HAL_Driver/Src/stm32f3xx_hal_tim_ex.c ****     {
1029:Drivers/STM32F3xx_HAL_Driver/Src/stm32f3xx_hal_tim_ex.c ****       /* Disable the TIM Output Compare DMA request */
1030:Drivers/STM32F3xx_HAL_Driver/Src/stm32f3xx_hal_tim_ex.c ****       __HAL_TIM_DISABLE_DMA(htim, TIM_DMA_CC2);
1031:Drivers/STM32F3xx_HAL_Driver/Src/stm32f3xx_hal_tim_ex.c ****       (void)HAL_DMA_Abort_IT(htim->hdma[TIM_DMA_ID_CC2]);
1032:Drivers/STM32F3xx_HAL_Driver/Src/stm32f3xx_hal_tim_ex.c ****       break;
1033:Drivers/STM32F3xx_HAL_Driver/Src/stm32f3xx_hal_tim_ex.c ****     }
1034:Drivers/STM32F3xx_HAL_Driver/Src/stm32f3xx_hal_tim_ex.c **** 
1035:Drivers/STM32F3xx_HAL_Driver/Src/stm32f3xx_hal_tim_ex.c ****     case TIM_CHANNEL_3:
1036:Drivers/STM32F3xx_HAL_Driver/Src/stm32f3xx_hal_tim_ex.c ****     {
1037:Drivers/STM32F3xx_HAL_Driver/Src/stm32f3xx_hal_tim_ex.c ****       /* Disable the TIM Output Compare DMA request */
1038:Drivers/STM32F3xx_HAL_Driver/Src/stm32f3xx_hal_tim_ex.c ****       __HAL_TIM_DISABLE_DMA(htim, TIM_DMA_CC3);
1039:Drivers/STM32F3xx_HAL_Driver/Src/stm32f3xx_hal_tim_ex.c ****       (void)HAL_DMA_Abort_IT(htim->hdma[TIM_DMA_ID_CC3]);
1040:Drivers/STM32F3xx_HAL_Driver/Src/stm32f3xx_hal_tim_ex.c ****       break;
1041:Drivers/STM32F3xx_HAL_Driver/Src/stm32f3xx_hal_tim_ex.c ****     }
1042:Drivers/STM32F3xx_HAL_Driver/Src/stm32f3xx_hal_tim_ex.c **** 
1043:Drivers/STM32F3xx_HAL_Driver/Src/stm32f3xx_hal_tim_ex.c ****     default:
1044:Drivers/STM32F3xx_HAL_Driver/Src/stm32f3xx_hal_tim_ex.c ****       status = HAL_ERROR;
1045:Drivers/STM32F3xx_HAL_Driver/Src/stm32f3xx_hal_tim_ex.c ****       break;
1046:Drivers/STM32F3xx_HAL_Driver/Src/stm32f3xx_hal_tim_ex.c ****   }
1047:Drivers/STM32F3xx_HAL_Driver/Src/stm32f3xx_hal_tim_ex.c **** 
1048:Drivers/STM32F3xx_HAL_Driver/Src/stm32f3xx_hal_tim_ex.c ****   if (status == HAL_OK)
1049:Drivers/STM32F3xx_HAL_Driver/Src/stm32f3xx_hal_tim_ex.c ****   {
1050:Drivers/STM32F3xx_HAL_Driver/Src/stm32f3xx_hal_tim_ex.c ****     /* Disable the Capture compare channel N */
1051:Drivers/STM32F3xx_HAL_Driver/Src/stm32f3xx_hal_tim_ex.c ****     TIM_CCxNChannelCmd(htim->Instance, Channel, TIM_CCxN_DISABLE);
1052:Drivers/STM32F3xx_HAL_Driver/Src/stm32f3xx_hal_tim_ex.c **** 
1053:Drivers/STM32F3xx_HAL_Driver/Src/stm32f3xx_hal_tim_ex.c ****     /* Disable the Main Output */
1054:Drivers/STM32F3xx_HAL_Driver/Src/stm32f3xx_hal_tim_ex.c ****     __HAL_TIM_MOE_DISABLE(htim);
1055:Drivers/STM32F3xx_HAL_Driver/Src/stm32f3xx_hal_tim_ex.c **** 
1056:Drivers/STM32F3xx_HAL_Driver/Src/stm32f3xx_hal_tim_ex.c ****     /* Disable the Peripheral */
ARM GAS  /tmp/ccZqO8pD.s 			page 20


1057:Drivers/STM32F3xx_HAL_Driver/Src/stm32f3xx_hal_tim_ex.c ****     __HAL_TIM_DISABLE(htim);
1058:Drivers/STM32F3xx_HAL_Driver/Src/stm32f3xx_hal_tim_ex.c **** 
1059:Drivers/STM32F3xx_HAL_Driver/Src/stm32f3xx_hal_tim_ex.c ****     /* Set the TIM complementary channel state */
1060:Drivers/STM32F3xx_HAL_Driver/Src/stm32f3xx_hal_tim_ex.c ****     TIM_CHANNEL_N_STATE_SET(htim, Channel, HAL_TIM_CHANNEL_STATE_READY);
1061:Drivers/STM32F3xx_HAL_Driver/Src/stm32f3xx_hal_tim_ex.c ****   }
1062:Drivers/STM32F3xx_HAL_Driver/Src/stm32f3xx_hal_tim_ex.c **** 
1063:Drivers/STM32F3xx_HAL_Driver/Src/stm32f3xx_hal_tim_ex.c ****   /* Return function status */
1064:Drivers/STM32F3xx_HAL_Driver/Src/stm32f3xx_hal_tim_ex.c ****   return status;
1065:Drivers/STM32F3xx_HAL_Driver/Src/stm32f3xx_hal_tim_ex.c **** }
1066:Drivers/STM32F3xx_HAL_Driver/Src/stm32f3xx_hal_tim_ex.c **** 
1067:Drivers/STM32F3xx_HAL_Driver/Src/stm32f3xx_hal_tim_ex.c **** /**
1068:Drivers/STM32F3xx_HAL_Driver/Src/stm32f3xx_hal_tim_ex.c ****   * @}
1069:Drivers/STM32F3xx_HAL_Driver/Src/stm32f3xx_hal_tim_ex.c ****   */
1070:Drivers/STM32F3xx_HAL_Driver/Src/stm32f3xx_hal_tim_ex.c **** 
1071:Drivers/STM32F3xx_HAL_Driver/Src/stm32f3xx_hal_tim_ex.c **** /** @defgroup TIMEx_Exported_Functions_Group3 Extended Timer Complementary PWM functions
1072:Drivers/STM32F3xx_HAL_Driver/Src/stm32f3xx_hal_tim_ex.c ****   * @brief    Timer Complementary PWM functions
1073:Drivers/STM32F3xx_HAL_Driver/Src/stm32f3xx_hal_tim_ex.c ****   *
1074:Drivers/STM32F3xx_HAL_Driver/Src/stm32f3xx_hal_tim_ex.c **** @verbatim
1075:Drivers/STM32F3xx_HAL_Driver/Src/stm32f3xx_hal_tim_ex.c ****   ==============================================================================
1076:Drivers/STM32F3xx_HAL_Driver/Src/stm32f3xx_hal_tim_ex.c ****                  ##### Timer Complementary PWM functions #####
1077:Drivers/STM32F3xx_HAL_Driver/Src/stm32f3xx_hal_tim_ex.c ****   ==============================================================================
1078:Drivers/STM32F3xx_HAL_Driver/Src/stm32f3xx_hal_tim_ex.c ****   [..]
1079:Drivers/STM32F3xx_HAL_Driver/Src/stm32f3xx_hal_tim_ex.c ****     This section provides functions allowing to:
1080:Drivers/STM32F3xx_HAL_Driver/Src/stm32f3xx_hal_tim_ex.c ****     (+) Start the Complementary PWM.
1081:Drivers/STM32F3xx_HAL_Driver/Src/stm32f3xx_hal_tim_ex.c ****     (+) Stop the Complementary PWM.
1082:Drivers/STM32F3xx_HAL_Driver/Src/stm32f3xx_hal_tim_ex.c ****     (+) Start the Complementary PWM and enable interrupts.
1083:Drivers/STM32F3xx_HAL_Driver/Src/stm32f3xx_hal_tim_ex.c ****     (+) Stop the Complementary PWM and disable interrupts.
1084:Drivers/STM32F3xx_HAL_Driver/Src/stm32f3xx_hal_tim_ex.c ****     (+) Start the Complementary PWM and enable DMA transfers.
1085:Drivers/STM32F3xx_HAL_Driver/Src/stm32f3xx_hal_tim_ex.c ****     (+) Stop the Complementary PWM and disable DMA transfers.
1086:Drivers/STM32F3xx_HAL_Driver/Src/stm32f3xx_hal_tim_ex.c **** @endverbatim
1087:Drivers/STM32F3xx_HAL_Driver/Src/stm32f3xx_hal_tim_ex.c ****   * @{
1088:Drivers/STM32F3xx_HAL_Driver/Src/stm32f3xx_hal_tim_ex.c ****   */
1089:Drivers/STM32F3xx_HAL_Driver/Src/stm32f3xx_hal_tim_ex.c **** 
1090:Drivers/STM32F3xx_HAL_Driver/Src/stm32f3xx_hal_tim_ex.c **** /**
1091:Drivers/STM32F3xx_HAL_Driver/Src/stm32f3xx_hal_tim_ex.c ****   * @brief  Starts the PWM signal generation on the complementary output.
1092:Drivers/STM32F3xx_HAL_Driver/Src/stm32f3xx_hal_tim_ex.c ****   * @param  htim TIM handle
1093:Drivers/STM32F3xx_HAL_Driver/Src/stm32f3xx_hal_tim_ex.c ****   * @param  Channel TIM Channel to be enabled
1094:Drivers/STM32F3xx_HAL_Driver/Src/stm32f3xx_hal_tim_ex.c ****   *          This parameter can be one of the following values:
1095:Drivers/STM32F3xx_HAL_Driver/Src/stm32f3xx_hal_tim_ex.c ****   *            @arg TIM_CHANNEL_1: TIM Channel 1 selected
1096:Drivers/STM32F3xx_HAL_Driver/Src/stm32f3xx_hal_tim_ex.c ****   *            @arg TIM_CHANNEL_2: TIM Channel 2 selected
1097:Drivers/STM32F3xx_HAL_Driver/Src/stm32f3xx_hal_tim_ex.c ****   *            @arg TIM_CHANNEL_3: TIM Channel 3 selected
1098:Drivers/STM32F3xx_HAL_Driver/Src/stm32f3xx_hal_tim_ex.c ****   * @retval HAL status
1099:Drivers/STM32F3xx_HAL_Driver/Src/stm32f3xx_hal_tim_ex.c ****   */
1100:Drivers/STM32F3xx_HAL_Driver/Src/stm32f3xx_hal_tim_ex.c **** HAL_StatusTypeDef HAL_TIMEx_PWMN_Start(TIM_HandleTypeDef *htim, uint32_t Channel)
1101:Drivers/STM32F3xx_HAL_Driver/Src/stm32f3xx_hal_tim_ex.c **** {
1102:Drivers/STM32F3xx_HAL_Driver/Src/stm32f3xx_hal_tim_ex.c ****   uint32_t tmpsmcr;
1103:Drivers/STM32F3xx_HAL_Driver/Src/stm32f3xx_hal_tim_ex.c **** 
1104:Drivers/STM32F3xx_HAL_Driver/Src/stm32f3xx_hal_tim_ex.c ****   /* Check the parameters */
1105:Drivers/STM32F3xx_HAL_Driver/Src/stm32f3xx_hal_tim_ex.c ****   assert_param(IS_TIM_CCXN_INSTANCE(htim->Instance, Channel));
1106:Drivers/STM32F3xx_HAL_Driver/Src/stm32f3xx_hal_tim_ex.c **** 
1107:Drivers/STM32F3xx_HAL_Driver/Src/stm32f3xx_hal_tim_ex.c ****   /* Check the TIM complementary channel state */
1108:Drivers/STM32F3xx_HAL_Driver/Src/stm32f3xx_hal_tim_ex.c ****   if (TIM_CHANNEL_N_STATE_GET(htim, Channel) != HAL_TIM_CHANNEL_STATE_READY)
1109:Drivers/STM32F3xx_HAL_Driver/Src/stm32f3xx_hal_tim_ex.c ****   {
1110:Drivers/STM32F3xx_HAL_Driver/Src/stm32f3xx_hal_tim_ex.c ****     return HAL_ERROR;
1111:Drivers/STM32F3xx_HAL_Driver/Src/stm32f3xx_hal_tim_ex.c ****   }
1112:Drivers/STM32F3xx_HAL_Driver/Src/stm32f3xx_hal_tim_ex.c **** 
1113:Drivers/STM32F3xx_HAL_Driver/Src/stm32f3xx_hal_tim_ex.c ****   /* Set the TIM complementary channel state */
ARM GAS  /tmp/ccZqO8pD.s 			page 21


1114:Drivers/STM32F3xx_HAL_Driver/Src/stm32f3xx_hal_tim_ex.c ****   TIM_CHANNEL_N_STATE_SET(htim, Channel, HAL_TIM_CHANNEL_STATE_BUSY);
1115:Drivers/STM32F3xx_HAL_Driver/Src/stm32f3xx_hal_tim_ex.c **** 
1116:Drivers/STM32F3xx_HAL_Driver/Src/stm32f3xx_hal_tim_ex.c ****   /* Enable the complementary PWM output  */
1117:Drivers/STM32F3xx_HAL_Driver/Src/stm32f3xx_hal_tim_ex.c ****   TIM_CCxNChannelCmd(htim->Instance, Channel, TIM_CCxN_ENABLE);
1118:Drivers/STM32F3xx_HAL_Driver/Src/stm32f3xx_hal_tim_ex.c **** 
1119:Drivers/STM32F3xx_HAL_Driver/Src/stm32f3xx_hal_tim_ex.c ****   /* Enable the Main Output */
1120:Drivers/STM32F3xx_HAL_Driver/Src/stm32f3xx_hal_tim_ex.c ****   __HAL_TIM_MOE_ENABLE(htim);
1121:Drivers/STM32F3xx_HAL_Driver/Src/stm32f3xx_hal_tim_ex.c **** 
1122:Drivers/STM32F3xx_HAL_Driver/Src/stm32f3xx_hal_tim_ex.c ****   /* Enable the Peripheral, except in trigger mode where enable is automatically done with trigger 
1123:Drivers/STM32F3xx_HAL_Driver/Src/stm32f3xx_hal_tim_ex.c ****   if (IS_TIM_SLAVE_INSTANCE(htim->Instance))
1124:Drivers/STM32F3xx_HAL_Driver/Src/stm32f3xx_hal_tim_ex.c ****   {
1125:Drivers/STM32F3xx_HAL_Driver/Src/stm32f3xx_hal_tim_ex.c ****     tmpsmcr = htim->Instance->SMCR & TIM_SMCR_SMS;
1126:Drivers/STM32F3xx_HAL_Driver/Src/stm32f3xx_hal_tim_ex.c ****     if (!IS_TIM_SLAVEMODE_TRIGGER_ENABLED(tmpsmcr))
1127:Drivers/STM32F3xx_HAL_Driver/Src/stm32f3xx_hal_tim_ex.c ****     {
1128:Drivers/STM32F3xx_HAL_Driver/Src/stm32f3xx_hal_tim_ex.c ****       __HAL_TIM_ENABLE(htim);
1129:Drivers/STM32F3xx_HAL_Driver/Src/stm32f3xx_hal_tim_ex.c ****     }
1130:Drivers/STM32F3xx_HAL_Driver/Src/stm32f3xx_hal_tim_ex.c ****   }
1131:Drivers/STM32F3xx_HAL_Driver/Src/stm32f3xx_hal_tim_ex.c ****   else
1132:Drivers/STM32F3xx_HAL_Driver/Src/stm32f3xx_hal_tim_ex.c ****   {
1133:Drivers/STM32F3xx_HAL_Driver/Src/stm32f3xx_hal_tim_ex.c ****     __HAL_TIM_ENABLE(htim);
1134:Drivers/STM32F3xx_HAL_Driver/Src/stm32f3xx_hal_tim_ex.c ****   }
1135:Drivers/STM32F3xx_HAL_Driver/Src/stm32f3xx_hal_tim_ex.c **** 
1136:Drivers/STM32F3xx_HAL_Driver/Src/stm32f3xx_hal_tim_ex.c ****   /* Return function status */
1137:Drivers/STM32F3xx_HAL_Driver/Src/stm32f3xx_hal_tim_ex.c ****   return HAL_OK;
1138:Drivers/STM32F3xx_HAL_Driver/Src/stm32f3xx_hal_tim_ex.c **** }
1139:Drivers/STM32F3xx_HAL_Driver/Src/stm32f3xx_hal_tim_ex.c **** 
1140:Drivers/STM32F3xx_HAL_Driver/Src/stm32f3xx_hal_tim_ex.c **** /**
1141:Drivers/STM32F3xx_HAL_Driver/Src/stm32f3xx_hal_tim_ex.c ****   * @brief  Stops the PWM signal generation on the complementary output.
1142:Drivers/STM32F3xx_HAL_Driver/Src/stm32f3xx_hal_tim_ex.c ****   * @param  htim TIM handle
1143:Drivers/STM32F3xx_HAL_Driver/Src/stm32f3xx_hal_tim_ex.c ****   * @param  Channel TIM Channel to be disabled
1144:Drivers/STM32F3xx_HAL_Driver/Src/stm32f3xx_hal_tim_ex.c ****   *          This parameter can be one of the following values:
1145:Drivers/STM32F3xx_HAL_Driver/Src/stm32f3xx_hal_tim_ex.c ****   *            @arg TIM_CHANNEL_1: TIM Channel 1 selected
1146:Drivers/STM32F3xx_HAL_Driver/Src/stm32f3xx_hal_tim_ex.c ****   *            @arg TIM_CHANNEL_2: TIM Channel 2 selected
1147:Drivers/STM32F3xx_HAL_Driver/Src/stm32f3xx_hal_tim_ex.c ****   *            @arg TIM_CHANNEL_3: TIM Channel 3 selected
1148:Drivers/STM32F3xx_HAL_Driver/Src/stm32f3xx_hal_tim_ex.c ****   * @retval HAL status
1149:Drivers/STM32F3xx_HAL_Driver/Src/stm32f3xx_hal_tim_ex.c ****   */
1150:Drivers/STM32F3xx_HAL_Driver/Src/stm32f3xx_hal_tim_ex.c **** HAL_StatusTypeDef HAL_TIMEx_PWMN_Stop(TIM_HandleTypeDef *htim, uint32_t Channel)
1151:Drivers/STM32F3xx_HAL_Driver/Src/stm32f3xx_hal_tim_ex.c **** {
1152:Drivers/STM32F3xx_HAL_Driver/Src/stm32f3xx_hal_tim_ex.c ****   /* Check the parameters */
1153:Drivers/STM32F3xx_HAL_Driver/Src/stm32f3xx_hal_tim_ex.c ****   assert_param(IS_TIM_CCXN_INSTANCE(htim->Instance, Channel));
1154:Drivers/STM32F3xx_HAL_Driver/Src/stm32f3xx_hal_tim_ex.c **** 
1155:Drivers/STM32F3xx_HAL_Driver/Src/stm32f3xx_hal_tim_ex.c ****   /* Disable the complementary PWM output  */
1156:Drivers/STM32F3xx_HAL_Driver/Src/stm32f3xx_hal_tim_ex.c ****   TIM_CCxNChannelCmd(htim->Instance, Channel, TIM_CCxN_DISABLE);
1157:Drivers/STM32F3xx_HAL_Driver/Src/stm32f3xx_hal_tim_ex.c **** 
1158:Drivers/STM32F3xx_HAL_Driver/Src/stm32f3xx_hal_tim_ex.c ****   /* Disable the Main Output */
1159:Drivers/STM32F3xx_HAL_Driver/Src/stm32f3xx_hal_tim_ex.c ****   __HAL_TIM_MOE_DISABLE(htim);
1160:Drivers/STM32F3xx_HAL_Driver/Src/stm32f3xx_hal_tim_ex.c **** 
1161:Drivers/STM32F3xx_HAL_Driver/Src/stm32f3xx_hal_tim_ex.c ****   /* Disable the Peripheral */
1162:Drivers/STM32F3xx_HAL_Driver/Src/stm32f3xx_hal_tim_ex.c ****   __HAL_TIM_DISABLE(htim);
1163:Drivers/STM32F3xx_HAL_Driver/Src/stm32f3xx_hal_tim_ex.c **** 
1164:Drivers/STM32F3xx_HAL_Driver/Src/stm32f3xx_hal_tim_ex.c ****   /* Set the TIM complementary channel state */
1165:Drivers/STM32F3xx_HAL_Driver/Src/stm32f3xx_hal_tim_ex.c ****   TIM_CHANNEL_N_STATE_SET(htim, Channel, HAL_TIM_CHANNEL_STATE_READY);
1166:Drivers/STM32F3xx_HAL_Driver/Src/stm32f3xx_hal_tim_ex.c **** 
1167:Drivers/STM32F3xx_HAL_Driver/Src/stm32f3xx_hal_tim_ex.c ****   /* Return function status */
1168:Drivers/STM32F3xx_HAL_Driver/Src/stm32f3xx_hal_tim_ex.c ****   return HAL_OK;
1169:Drivers/STM32F3xx_HAL_Driver/Src/stm32f3xx_hal_tim_ex.c **** }
1170:Drivers/STM32F3xx_HAL_Driver/Src/stm32f3xx_hal_tim_ex.c **** 
ARM GAS  /tmp/ccZqO8pD.s 			page 22


1171:Drivers/STM32F3xx_HAL_Driver/Src/stm32f3xx_hal_tim_ex.c **** /**
1172:Drivers/STM32F3xx_HAL_Driver/Src/stm32f3xx_hal_tim_ex.c ****   * @brief  Starts the PWM signal generation in interrupt mode on the
1173:Drivers/STM32F3xx_HAL_Driver/Src/stm32f3xx_hal_tim_ex.c ****   *         complementary output.
1174:Drivers/STM32F3xx_HAL_Driver/Src/stm32f3xx_hal_tim_ex.c ****   * @param  htim TIM handle
1175:Drivers/STM32F3xx_HAL_Driver/Src/stm32f3xx_hal_tim_ex.c ****   * @param  Channel TIM Channel to be disabled
1176:Drivers/STM32F3xx_HAL_Driver/Src/stm32f3xx_hal_tim_ex.c ****   *          This parameter can be one of the following values:
1177:Drivers/STM32F3xx_HAL_Driver/Src/stm32f3xx_hal_tim_ex.c ****   *            @arg TIM_CHANNEL_1: TIM Channel 1 selected
1178:Drivers/STM32F3xx_HAL_Driver/Src/stm32f3xx_hal_tim_ex.c ****   *            @arg TIM_CHANNEL_2: TIM Channel 2 selected
1179:Drivers/STM32F3xx_HAL_Driver/Src/stm32f3xx_hal_tim_ex.c ****   *            @arg TIM_CHANNEL_3: TIM Channel 3 selected
1180:Drivers/STM32F3xx_HAL_Driver/Src/stm32f3xx_hal_tim_ex.c ****   * @retval HAL status
1181:Drivers/STM32F3xx_HAL_Driver/Src/stm32f3xx_hal_tim_ex.c ****   */
1182:Drivers/STM32F3xx_HAL_Driver/Src/stm32f3xx_hal_tim_ex.c **** HAL_StatusTypeDef HAL_TIMEx_PWMN_Start_IT(TIM_HandleTypeDef *htim, uint32_t Channel)
1183:Drivers/STM32F3xx_HAL_Driver/Src/stm32f3xx_hal_tim_ex.c **** {
1184:Drivers/STM32F3xx_HAL_Driver/Src/stm32f3xx_hal_tim_ex.c ****   HAL_StatusTypeDef status = HAL_OK;
1185:Drivers/STM32F3xx_HAL_Driver/Src/stm32f3xx_hal_tim_ex.c ****   uint32_t tmpsmcr;
1186:Drivers/STM32F3xx_HAL_Driver/Src/stm32f3xx_hal_tim_ex.c **** 
1187:Drivers/STM32F3xx_HAL_Driver/Src/stm32f3xx_hal_tim_ex.c ****   /* Check the parameters */
1188:Drivers/STM32F3xx_HAL_Driver/Src/stm32f3xx_hal_tim_ex.c ****   assert_param(IS_TIM_CCXN_INSTANCE(htim->Instance, Channel));
1189:Drivers/STM32F3xx_HAL_Driver/Src/stm32f3xx_hal_tim_ex.c **** 
1190:Drivers/STM32F3xx_HAL_Driver/Src/stm32f3xx_hal_tim_ex.c ****   /* Check the TIM complementary channel state */
1191:Drivers/STM32F3xx_HAL_Driver/Src/stm32f3xx_hal_tim_ex.c ****   if (TIM_CHANNEL_N_STATE_GET(htim, Channel) != HAL_TIM_CHANNEL_STATE_READY)
1192:Drivers/STM32F3xx_HAL_Driver/Src/stm32f3xx_hal_tim_ex.c ****   {
1193:Drivers/STM32F3xx_HAL_Driver/Src/stm32f3xx_hal_tim_ex.c ****     return HAL_ERROR;
1194:Drivers/STM32F3xx_HAL_Driver/Src/stm32f3xx_hal_tim_ex.c ****   }
1195:Drivers/STM32F3xx_HAL_Driver/Src/stm32f3xx_hal_tim_ex.c **** 
1196:Drivers/STM32F3xx_HAL_Driver/Src/stm32f3xx_hal_tim_ex.c ****   /* Set the TIM complementary channel state */
1197:Drivers/STM32F3xx_HAL_Driver/Src/stm32f3xx_hal_tim_ex.c ****   TIM_CHANNEL_N_STATE_SET(htim, Channel, HAL_TIM_CHANNEL_STATE_BUSY);
1198:Drivers/STM32F3xx_HAL_Driver/Src/stm32f3xx_hal_tim_ex.c **** 
1199:Drivers/STM32F3xx_HAL_Driver/Src/stm32f3xx_hal_tim_ex.c ****   switch (Channel)
1200:Drivers/STM32F3xx_HAL_Driver/Src/stm32f3xx_hal_tim_ex.c ****   {
1201:Drivers/STM32F3xx_HAL_Driver/Src/stm32f3xx_hal_tim_ex.c ****     case TIM_CHANNEL_1:
1202:Drivers/STM32F3xx_HAL_Driver/Src/stm32f3xx_hal_tim_ex.c ****     {
1203:Drivers/STM32F3xx_HAL_Driver/Src/stm32f3xx_hal_tim_ex.c ****       /* Enable the TIM Capture/Compare 1 interrupt */
1204:Drivers/STM32F3xx_HAL_Driver/Src/stm32f3xx_hal_tim_ex.c ****       __HAL_TIM_ENABLE_IT(htim, TIM_IT_CC1);
1205:Drivers/STM32F3xx_HAL_Driver/Src/stm32f3xx_hal_tim_ex.c ****       break;
1206:Drivers/STM32F3xx_HAL_Driver/Src/stm32f3xx_hal_tim_ex.c ****     }
1207:Drivers/STM32F3xx_HAL_Driver/Src/stm32f3xx_hal_tim_ex.c **** 
1208:Drivers/STM32F3xx_HAL_Driver/Src/stm32f3xx_hal_tim_ex.c ****     case TIM_CHANNEL_2:
1209:Drivers/STM32F3xx_HAL_Driver/Src/stm32f3xx_hal_tim_ex.c ****     {
1210:Drivers/STM32F3xx_HAL_Driver/Src/stm32f3xx_hal_tim_ex.c ****       /* Enable the TIM Capture/Compare 2 interrupt */
1211:Drivers/STM32F3xx_HAL_Driver/Src/stm32f3xx_hal_tim_ex.c ****       __HAL_TIM_ENABLE_IT(htim, TIM_IT_CC2);
1212:Drivers/STM32F3xx_HAL_Driver/Src/stm32f3xx_hal_tim_ex.c ****       break;
1213:Drivers/STM32F3xx_HAL_Driver/Src/stm32f3xx_hal_tim_ex.c ****     }
1214:Drivers/STM32F3xx_HAL_Driver/Src/stm32f3xx_hal_tim_ex.c **** 
1215:Drivers/STM32F3xx_HAL_Driver/Src/stm32f3xx_hal_tim_ex.c ****     case TIM_CHANNEL_3:
1216:Drivers/STM32F3xx_HAL_Driver/Src/stm32f3xx_hal_tim_ex.c ****     {
1217:Drivers/STM32F3xx_HAL_Driver/Src/stm32f3xx_hal_tim_ex.c ****       /* Enable the TIM Capture/Compare 3 interrupt */
1218:Drivers/STM32F3xx_HAL_Driver/Src/stm32f3xx_hal_tim_ex.c ****       __HAL_TIM_ENABLE_IT(htim, TIM_IT_CC3);
1219:Drivers/STM32F3xx_HAL_Driver/Src/stm32f3xx_hal_tim_ex.c ****       break;
1220:Drivers/STM32F3xx_HAL_Driver/Src/stm32f3xx_hal_tim_ex.c ****     }
1221:Drivers/STM32F3xx_HAL_Driver/Src/stm32f3xx_hal_tim_ex.c **** 
1222:Drivers/STM32F3xx_HAL_Driver/Src/stm32f3xx_hal_tim_ex.c ****     default:
1223:Drivers/STM32F3xx_HAL_Driver/Src/stm32f3xx_hal_tim_ex.c ****       status = HAL_ERROR;
1224:Drivers/STM32F3xx_HAL_Driver/Src/stm32f3xx_hal_tim_ex.c ****       break;
1225:Drivers/STM32F3xx_HAL_Driver/Src/stm32f3xx_hal_tim_ex.c ****   }
1226:Drivers/STM32F3xx_HAL_Driver/Src/stm32f3xx_hal_tim_ex.c **** 
1227:Drivers/STM32F3xx_HAL_Driver/Src/stm32f3xx_hal_tim_ex.c ****   if (status == HAL_OK)
ARM GAS  /tmp/ccZqO8pD.s 			page 23


1228:Drivers/STM32F3xx_HAL_Driver/Src/stm32f3xx_hal_tim_ex.c ****   {
1229:Drivers/STM32F3xx_HAL_Driver/Src/stm32f3xx_hal_tim_ex.c ****     /* Enable the TIM Break interrupt */
1230:Drivers/STM32F3xx_HAL_Driver/Src/stm32f3xx_hal_tim_ex.c ****     __HAL_TIM_ENABLE_IT(htim, TIM_IT_BREAK);
1231:Drivers/STM32F3xx_HAL_Driver/Src/stm32f3xx_hal_tim_ex.c **** 
1232:Drivers/STM32F3xx_HAL_Driver/Src/stm32f3xx_hal_tim_ex.c ****     /* Enable the complementary PWM output  */
1233:Drivers/STM32F3xx_HAL_Driver/Src/stm32f3xx_hal_tim_ex.c ****     TIM_CCxNChannelCmd(htim->Instance, Channel, TIM_CCxN_ENABLE);
1234:Drivers/STM32F3xx_HAL_Driver/Src/stm32f3xx_hal_tim_ex.c **** 
1235:Drivers/STM32F3xx_HAL_Driver/Src/stm32f3xx_hal_tim_ex.c ****     /* Enable the Main Output */
1236:Drivers/STM32F3xx_HAL_Driver/Src/stm32f3xx_hal_tim_ex.c ****     __HAL_TIM_MOE_ENABLE(htim);
1237:Drivers/STM32F3xx_HAL_Driver/Src/stm32f3xx_hal_tim_ex.c **** 
1238:Drivers/STM32F3xx_HAL_Driver/Src/stm32f3xx_hal_tim_ex.c ****     /* Enable the Peripheral, except in trigger mode where enable is automatically done with trigge
1239:Drivers/STM32F3xx_HAL_Driver/Src/stm32f3xx_hal_tim_ex.c ****     if (IS_TIM_SLAVE_INSTANCE(htim->Instance))
1240:Drivers/STM32F3xx_HAL_Driver/Src/stm32f3xx_hal_tim_ex.c ****     {
1241:Drivers/STM32F3xx_HAL_Driver/Src/stm32f3xx_hal_tim_ex.c ****       tmpsmcr = htim->Instance->SMCR & TIM_SMCR_SMS;
1242:Drivers/STM32F3xx_HAL_Driver/Src/stm32f3xx_hal_tim_ex.c ****       if (!IS_TIM_SLAVEMODE_TRIGGER_ENABLED(tmpsmcr))
1243:Drivers/STM32F3xx_HAL_Driver/Src/stm32f3xx_hal_tim_ex.c ****       {
1244:Drivers/STM32F3xx_HAL_Driver/Src/stm32f3xx_hal_tim_ex.c ****         __HAL_TIM_ENABLE(htim);
1245:Drivers/STM32F3xx_HAL_Driver/Src/stm32f3xx_hal_tim_ex.c ****       }
1246:Drivers/STM32F3xx_HAL_Driver/Src/stm32f3xx_hal_tim_ex.c ****     }
1247:Drivers/STM32F3xx_HAL_Driver/Src/stm32f3xx_hal_tim_ex.c ****     else
1248:Drivers/STM32F3xx_HAL_Driver/Src/stm32f3xx_hal_tim_ex.c ****     {
1249:Drivers/STM32F3xx_HAL_Driver/Src/stm32f3xx_hal_tim_ex.c ****       __HAL_TIM_ENABLE(htim);
1250:Drivers/STM32F3xx_HAL_Driver/Src/stm32f3xx_hal_tim_ex.c ****     }
1251:Drivers/STM32F3xx_HAL_Driver/Src/stm32f3xx_hal_tim_ex.c ****   }
1252:Drivers/STM32F3xx_HAL_Driver/Src/stm32f3xx_hal_tim_ex.c **** 
1253:Drivers/STM32F3xx_HAL_Driver/Src/stm32f3xx_hal_tim_ex.c ****   /* Return function status */
1254:Drivers/STM32F3xx_HAL_Driver/Src/stm32f3xx_hal_tim_ex.c ****   return status;
1255:Drivers/STM32F3xx_HAL_Driver/Src/stm32f3xx_hal_tim_ex.c **** }
1256:Drivers/STM32F3xx_HAL_Driver/Src/stm32f3xx_hal_tim_ex.c **** 
1257:Drivers/STM32F3xx_HAL_Driver/Src/stm32f3xx_hal_tim_ex.c **** /**
1258:Drivers/STM32F3xx_HAL_Driver/Src/stm32f3xx_hal_tim_ex.c ****   * @brief  Stops the PWM signal generation in interrupt mode on the
1259:Drivers/STM32F3xx_HAL_Driver/Src/stm32f3xx_hal_tim_ex.c ****   *         complementary output.
1260:Drivers/STM32F3xx_HAL_Driver/Src/stm32f3xx_hal_tim_ex.c ****   * @param  htim TIM handle
1261:Drivers/STM32F3xx_HAL_Driver/Src/stm32f3xx_hal_tim_ex.c ****   * @param  Channel TIM Channel to be disabled
1262:Drivers/STM32F3xx_HAL_Driver/Src/stm32f3xx_hal_tim_ex.c ****   *          This parameter can be one of the following values:
1263:Drivers/STM32F3xx_HAL_Driver/Src/stm32f3xx_hal_tim_ex.c ****   *            @arg TIM_CHANNEL_1: TIM Channel 1 selected
1264:Drivers/STM32F3xx_HAL_Driver/Src/stm32f3xx_hal_tim_ex.c ****   *            @arg TIM_CHANNEL_2: TIM Channel 2 selected
1265:Drivers/STM32F3xx_HAL_Driver/Src/stm32f3xx_hal_tim_ex.c ****   *            @arg TIM_CHANNEL_3: TIM Channel 3 selected
1266:Drivers/STM32F3xx_HAL_Driver/Src/stm32f3xx_hal_tim_ex.c ****   * @retval HAL status
1267:Drivers/STM32F3xx_HAL_Driver/Src/stm32f3xx_hal_tim_ex.c ****   */
1268:Drivers/STM32F3xx_HAL_Driver/Src/stm32f3xx_hal_tim_ex.c **** HAL_StatusTypeDef HAL_TIMEx_PWMN_Stop_IT(TIM_HandleTypeDef *htim, uint32_t Channel)
1269:Drivers/STM32F3xx_HAL_Driver/Src/stm32f3xx_hal_tim_ex.c **** {
1270:Drivers/STM32F3xx_HAL_Driver/Src/stm32f3xx_hal_tim_ex.c ****   HAL_StatusTypeDef status = HAL_OK;
1271:Drivers/STM32F3xx_HAL_Driver/Src/stm32f3xx_hal_tim_ex.c ****   uint32_t tmpccer;
1272:Drivers/STM32F3xx_HAL_Driver/Src/stm32f3xx_hal_tim_ex.c **** 
1273:Drivers/STM32F3xx_HAL_Driver/Src/stm32f3xx_hal_tim_ex.c ****   /* Check the parameters */
1274:Drivers/STM32F3xx_HAL_Driver/Src/stm32f3xx_hal_tim_ex.c ****   assert_param(IS_TIM_CCXN_INSTANCE(htim->Instance, Channel));
1275:Drivers/STM32F3xx_HAL_Driver/Src/stm32f3xx_hal_tim_ex.c **** 
1276:Drivers/STM32F3xx_HAL_Driver/Src/stm32f3xx_hal_tim_ex.c ****   switch (Channel)
1277:Drivers/STM32F3xx_HAL_Driver/Src/stm32f3xx_hal_tim_ex.c ****   {
1278:Drivers/STM32F3xx_HAL_Driver/Src/stm32f3xx_hal_tim_ex.c ****     case TIM_CHANNEL_1:
1279:Drivers/STM32F3xx_HAL_Driver/Src/stm32f3xx_hal_tim_ex.c ****     {
1280:Drivers/STM32F3xx_HAL_Driver/Src/stm32f3xx_hal_tim_ex.c ****       /* Disable the TIM Capture/Compare 1 interrupt */
1281:Drivers/STM32F3xx_HAL_Driver/Src/stm32f3xx_hal_tim_ex.c ****       __HAL_TIM_DISABLE_IT(htim, TIM_IT_CC1);
1282:Drivers/STM32F3xx_HAL_Driver/Src/stm32f3xx_hal_tim_ex.c ****       break;
1283:Drivers/STM32F3xx_HAL_Driver/Src/stm32f3xx_hal_tim_ex.c ****     }
1284:Drivers/STM32F3xx_HAL_Driver/Src/stm32f3xx_hal_tim_ex.c **** 
ARM GAS  /tmp/ccZqO8pD.s 			page 24


1285:Drivers/STM32F3xx_HAL_Driver/Src/stm32f3xx_hal_tim_ex.c ****     case TIM_CHANNEL_2:
1286:Drivers/STM32F3xx_HAL_Driver/Src/stm32f3xx_hal_tim_ex.c ****     {
1287:Drivers/STM32F3xx_HAL_Driver/Src/stm32f3xx_hal_tim_ex.c ****       /* Disable the TIM Capture/Compare 2 interrupt */
1288:Drivers/STM32F3xx_HAL_Driver/Src/stm32f3xx_hal_tim_ex.c ****       __HAL_TIM_DISABLE_IT(htim, TIM_IT_CC2);
1289:Drivers/STM32F3xx_HAL_Driver/Src/stm32f3xx_hal_tim_ex.c ****       break;
1290:Drivers/STM32F3xx_HAL_Driver/Src/stm32f3xx_hal_tim_ex.c ****     }
1291:Drivers/STM32F3xx_HAL_Driver/Src/stm32f3xx_hal_tim_ex.c **** 
1292:Drivers/STM32F3xx_HAL_Driver/Src/stm32f3xx_hal_tim_ex.c ****     case TIM_CHANNEL_3:
1293:Drivers/STM32F3xx_HAL_Driver/Src/stm32f3xx_hal_tim_ex.c ****     {
1294:Drivers/STM32F3xx_HAL_Driver/Src/stm32f3xx_hal_tim_ex.c ****       /* Disable the TIM Capture/Compare 3 interrupt */
1295:Drivers/STM32F3xx_HAL_Driver/Src/stm32f3xx_hal_tim_ex.c ****       __HAL_TIM_DISABLE_IT(htim, TIM_IT_CC3);
1296:Drivers/STM32F3xx_HAL_Driver/Src/stm32f3xx_hal_tim_ex.c ****       break;
1297:Drivers/STM32F3xx_HAL_Driver/Src/stm32f3xx_hal_tim_ex.c ****     }
1298:Drivers/STM32F3xx_HAL_Driver/Src/stm32f3xx_hal_tim_ex.c **** 
1299:Drivers/STM32F3xx_HAL_Driver/Src/stm32f3xx_hal_tim_ex.c ****     default:
1300:Drivers/STM32F3xx_HAL_Driver/Src/stm32f3xx_hal_tim_ex.c ****       status = HAL_ERROR;
1301:Drivers/STM32F3xx_HAL_Driver/Src/stm32f3xx_hal_tim_ex.c ****       break;
1302:Drivers/STM32F3xx_HAL_Driver/Src/stm32f3xx_hal_tim_ex.c ****   }
1303:Drivers/STM32F3xx_HAL_Driver/Src/stm32f3xx_hal_tim_ex.c **** 
1304:Drivers/STM32F3xx_HAL_Driver/Src/stm32f3xx_hal_tim_ex.c ****   if (status == HAL_OK)
1305:Drivers/STM32F3xx_HAL_Driver/Src/stm32f3xx_hal_tim_ex.c ****   {
1306:Drivers/STM32F3xx_HAL_Driver/Src/stm32f3xx_hal_tim_ex.c ****     /* Disable the complementary PWM output  */
1307:Drivers/STM32F3xx_HAL_Driver/Src/stm32f3xx_hal_tim_ex.c ****     TIM_CCxNChannelCmd(htim->Instance, Channel, TIM_CCxN_DISABLE);
1308:Drivers/STM32F3xx_HAL_Driver/Src/stm32f3xx_hal_tim_ex.c **** 
1309:Drivers/STM32F3xx_HAL_Driver/Src/stm32f3xx_hal_tim_ex.c ****     /* Disable the TIM Break interrupt (only if no more channel is active) */
1310:Drivers/STM32F3xx_HAL_Driver/Src/stm32f3xx_hal_tim_ex.c ****     tmpccer = htim->Instance->CCER;
1311:Drivers/STM32F3xx_HAL_Driver/Src/stm32f3xx_hal_tim_ex.c ****     if ((tmpccer & TIM_CCER_CCxNE_MASK) == (uint32_t)RESET)
1312:Drivers/STM32F3xx_HAL_Driver/Src/stm32f3xx_hal_tim_ex.c ****     {
1313:Drivers/STM32F3xx_HAL_Driver/Src/stm32f3xx_hal_tim_ex.c ****       __HAL_TIM_DISABLE_IT(htim, TIM_IT_BREAK);
1314:Drivers/STM32F3xx_HAL_Driver/Src/stm32f3xx_hal_tim_ex.c ****     }
1315:Drivers/STM32F3xx_HAL_Driver/Src/stm32f3xx_hal_tim_ex.c **** 
1316:Drivers/STM32F3xx_HAL_Driver/Src/stm32f3xx_hal_tim_ex.c ****     /* Disable the Main Output */
1317:Drivers/STM32F3xx_HAL_Driver/Src/stm32f3xx_hal_tim_ex.c ****     __HAL_TIM_MOE_DISABLE(htim);
1318:Drivers/STM32F3xx_HAL_Driver/Src/stm32f3xx_hal_tim_ex.c **** 
1319:Drivers/STM32F3xx_HAL_Driver/Src/stm32f3xx_hal_tim_ex.c ****     /* Disable the Peripheral */
1320:Drivers/STM32F3xx_HAL_Driver/Src/stm32f3xx_hal_tim_ex.c ****     __HAL_TIM_DISABLE(htim);
1321:Drivers/STM32F3xx_HAL_Driver/Src/stm32f3xx_hal_tim_ex.c **** 
1322:Drivers/STM32F3xx_HAL_Driver/Src/stm32f3xx_hal_tim_ex.c ****     /* Set the TIM complementary channel state */
1323:Drivers/STM32F3xx_HAL_Driver/Src/stm32f3xx_hal_tim_ex.c ****     TIM_CHANNEL_N_STATE_SET(htim, Channel, HAL_TIM_CHANNEL_STATE_READY);
1324:Drivers/STM32F3xx_HAL_Driver/Src/stm32f3xx_hal_tim_ex.c ****   }
1325:Drivers/STM32F3xx_HAL_Driver/Src/stm32f3xx_hal_tim_ex.c **** 
1326:Drivers/STM32F3xx_HAL_Driver/Src/stm32f3xx_hal_tim_ex.c ****   /* Return function status */
1327:Drivers/STM32F3xx_HAL_Driver/Src/stm32f3xx_hal_tim_ex.c ****   return status;
1328:Drivers/STM32F3xx_HAL_Driver/Src/stm32f3xx_hal_tim_ex.c **** }
1329:Drivers/STM32F3xx_HAL_Driver/Src/stm32f3xx_hal_tim_ex.c **** 
1330:Drivers/STM32F3xx_HAL_Driver/Src/stm32f3xx_hal_tim_ex.c **** /**
1331:Drivers/STM32F3xx_HAL_Driver/Src/stm32f3xx_hal_tim_ex.c ****   * @brief  Starts the TIM PWM signal generation in DMA mode on the
1332:Drivers/STM32F3xx_HAL_Driver/Src/stm32f3xx_hal_tim_ex.c ****   *         complementary output
1333:Drivers/STM32F3xx_HAL_Driver/Src/stm32f3xx_hal_tim_ex.c ****   * @param  htim TIM handle
1334:Drivers/STM32F3xx_HAL_Driver/Src/stm32f3xx_hal_tim_ex.c ****   * @param  Channel TIM Channel to be enabled
1335:Drivers/STM32F3xx_HAL_Driver/Src/stm32f3xx_hal_tim_ex.c ****   *          This parameter can be one of the following values:
1336:Drivers/STM32F3xx_HAL_Driver/Src/stm32f3xx_hal_tim_ex.c ****   *            @arg TIM_CHANNEL_1: TIM Channel 1 selected
1337:Drivers/STM32F3xx_HAL_Driver/Src/stm32f3xx_hal_tim_ex.c ****   *            @arg TIM_CHANNEL_2: TIM Channel 2 selected
1338:Drivers/STM32F3xx_HAL_Driver/Src/stm32f3xx_hal_tim_ex.c ****   *            @arg TIM_CHANNEL_3: TIM Channel 3 selected
1339:Drivers/STM32F3xx_HAL_Driver/Src/stm32f3xx_hal_tim_ex.c ****   * @param  pData The source Buffer address.
1340:Drivers/STM32F3xx_HAL_Driver/Src/stm32f3xx_hal_tim_ex.c ****   * @param  Length The length of data to be transferred from memory to TIM peripheral
1341:Drivers/STM32F3xx_HAL_Driver/Src/stm32f3xx_hal_tim_ex.c ****   * @retval HAL status
ARM GAS  /tmp/ccZqO8pD.s 			page 25


1342:Drivers/STM32F3xx_HAL_Driver/Src/stm32f3xx_hal_tim_ex.c ****   */
1343:Drivers/STM32F3xx_HAL_Driver/Src/stm32f3xx_hal_tim_ex.c **** HAL_StatusTypeDef HAL_TIMEx_PWMN_Start_DMA(TIM_HandleTypeDef *htim, uint32_t Channel, const uint32_
1344:Drivers/STM32F3xx_HAL_Driver/Src/stm32f3xx_hal_tim_ex.c ****                                            uint16_t Length)
1345:Drivers/STM32F3xx_HAL_Driver/Src/stm32f3xx_hal_tim_ex.c **** {
1346:Drivers/STM32F3xx_HAL_Driver/Src/stm32f3xx_hal_tim_ex.c ****   HAL_StatusTypeDef status = HAL_OK;
1347:Drivers/STM32F3xx_HAL_Driver/Src/stm32f3xx_hal_tim_ex.c ****   uint32_t tmpsmcr;
1348:Drivers/STM32F3xx_HAL_Driver/Src/stm32f3xx_hal_tim_ex.c **** 
1349:Drivers/STM32F3xx_HAL_Driver/Src/stm32f3xx_hal_tim_ex.c ****   /* Check the parameters */
1350:Drivers/STM32F3xx_HAL_Driver/Src/stm32f3xx_hal_tim_ex.c ****   assert_param(IS_TIM_CCXN_INSTANCE(htim->Instance, Channel));
1351:Drivers/STM32F3xx_HAL_Driver/Src/stm32f3xx_hal_tim_ex.c **** 
1352:Drivers/STM32F3xx_HAL_Driver/Src/stm32f3xx_hal_tim_ex.c ****   /* Set the TIM complementary channel state */
1353:Drivers/STM32F3xx_HAL_Driver/Src/stm32f3xx_hal_tim_ex.c ****   if (TIM_CHANNEL_N_STATE_GET(htim, Channel) == HAL_TIM_CHANNEL_STATE_BUSY)
1354:Drivers/STM32F3xx_HAL_Driver/Src/stm32f3xx_hal_tim_ex.c ****   {
1355:Drivers/STM32F3xx_HAL_Driver/Src/stm32f3xx_hal_tim_ex.c ****     return HAL_BUSY;
1356:Drivers/STM32F3xx_HAL_Driver/Src/stm32f3xx_hal_tim_ex.c ****   }
1357:Drivers/STM32F3xx_HAL_Driver/Src/stm32f3xx_hal_tim_ex.c ****   else if (TIM_CHANNEL_N_STATE_GET(htim, Channel) == HAL_TIM_CHANNEL_STATE_READY)
1358:Drivers/STM32F3xx_HAL_Driver/Src/stm32f3xx_hal_tim_ex.c ****   {
1359:Drivers/STM32F3xx_HAL_Driver/Src/stm32f3xx_hal_tim_ex.c ****     if ((pData == NULL) || (Length == 0U))
1360:Drivers/STM32F3xx_HAL_Driver/Src/stm32f3xx_hal_tim_ex.c ****     {
1361:Drivers/STM32F3xx_HAL_Driver/Src/stm32f3xx_hal_tim_ex.c ****       return HAL_ERROR;
1362:Drivers/STM32F3xx_HAL_Driver/Src/stm32f3xx_hal_tim_ex.c ****     }
1363:Drivers/STM32F3xx_HAL_Driver/Src/stm32f3xx_hal_tim_ex.c ****     else
1364:Drivers/STM32F3xx_HAL_Driver/Src/stm32f3xx_hal_tim_ex.c ****     {
1365:Drivers/STM32F3xx_HAL_Driver/Src/stm32f3xx_hal_tim_ex.c ****       TIM_CHANNEL_N_STATE_SET(htim, Channel, HAL_TIM_CHANNEL_STATE_BUSY);
1366:Drivers/STM32F3xx_HAL_Driver/Src/stm32f3xx_hal_tim_ex.c ****     }
1367:Drivers/STM32F3xx_HAL_Driver/Src/stm32f3xx_hal_tim_ex.c ****   }
1368:Drivers/STM32F3xx_HAL_Driver/Src/stm32f3xx_hal_tim_ex.c ****   else
1369:Drivers/STM32F3xx_HAL_Driver/Src/stm32f3xx_hal_tim_ex.c ****   {
1370:Drivers/STM32F3xx_HAL_Driver/Src/stm32f3xx_hal_tim_ex.c ****     return HAL_ERROR;
1371:Drivers/STM32F3xx_HAL_Driver/Src/stm32f3xx_hal_tim_ex.c ****   }
1372:Drivers/STM32F3xx_HAL_Driver/Src/stm32f3xx_hal_tim_ex.c **** 
1373:Drivers/STM32F3xx_HAL_Driver/Src/stm32f3xx_hal_tim_ex.c ****   switch (Channel)
1374:Drivers/STM32F3xx_HAL_Driver/Src/stm32f3xx_hal_tim_ex.c ****   {
1375:Drivers/STM32F3xx_HAL_Driver/Src/stm32f3xx_hal_tim_ex.c ****     case TIM_CHANNEL_1:
1376:Drivers/STM32F3xx_HAL_Driver/Src/stm32f3xx_hal_tim_ex.c ****     {
1377:Drivers/STM32F3xx_HAL_Driver/Src/stm32f3xx_hal_tim_ex.c ****       /* Set the DMA compare callbacks */
1378:Drivers/STM32F3xx_HAL_Driver/Src/stm32f3xx_hal_tim_ex.c ****       htim->hdma[TIM_DMA_ID_CC1]->XferCpltCallback = TIM_DMADelayPulseNCplt;
1379:Drivers/STM32F3xx_HAL_Driver/Src/stm32f3xx_hal_tim_ex.c ****       htim->hdma[TIM_DMA_ID_CC1]->XferHalfCpltCallback = TIM_DMADelayPulseHalfCplt;
1380:Drivers/STM32F3xx_HAL_Driver/Src/stm32f3xx_hal_tim_ex.c **** 
1381:Drivers/STM32F3xx_HAL_Driver/Src/stm32f3xx_hal_tim_ex.c ****       /* Set the DMA error callback */
1382:Drivers/STM32F3xx_HAL_Driver/Src/stm32f3xx_hal_tim_ex.c ****       htim->hdma[TIM_DMA_ID_CC1]->XferErrorCallback = TIM_DMAErrorCCxN ;
1383:Drivers/STM32F3xx_HAL_Driver/Src/stm32f3xx_hal_tim_ex.c **** 
1384:Drivers/STM32F3xx_HAL_Driver/Src/stm32f3xx_hal_tim_ex.c ****       /* Enable the DMA channel */
1385:Drivers/STM32F3xx_HAL_Driver/Src/stm32f3xx_hal_tim_ex.c ****       if (HAL_DMA_Start_IT(htim->hdma[TIM_DMA_ID_CC1], (uint32_t)pData, (uint32_t)&htim->Instance->
1386:Drivers/STM32F3xx_HAL_Driver/Src/stm32f3xx_hal_tim_ex.c ****                            Length) != HAL_OK)
1387:Drivers/STM32F3xx_HAL_Driver/Src/stm32f3xx_hal_tim_ex.c ****       {
1388:Drivers/STM32F3xx_HAL_Driver/Src/stm32f3xx_hal_tim_ex.c ****         /* Return error status */
1389:Drivers/STM32F3xx_HAL_Driver/Src/stm32f3xx_hal_tim_ex.c ****         return HAL_ERROR;
1390:Drivers/STM32F3xx_HAL_Driver/Src/stm32f3xx_hal_tim_ex.c ****       }
1391:Drivers/STM32F3xx_HAL_Driver/Src/stm32f3xx_hal_tim_ex.c ****       /* Enable the TIM Capture/Compare 1 DMA request */
1392:Drivers/STM32F3xx_HAL_Driver/Src/stm32f3xx_hal_tim_ex.c ****       __HAL_TIM_ENABLE_DMA(htim, TIM_DMA_CC1);
1393:Drivers/STM32F3xx_HAL_Driver/Src/stm32f3xx_hal_tim_ex.c ****       break;
1394:Drivers/STM32F3xx_HAL_Driver/Src/stm32f3xx_hal_tim_ex.c ****     }
1395:Drivers/STM32F3xx_HAL_Driver/Src/stm32f3xx_hal_tim_ex.c **** 
1396:Drivers/STM32F3xx_HAL_Driver/Src/stm32f3xx_hal_tim_ex.c ****     case TIM_CHANNEL_2:
1397:Drivers/STM32F3xx_HAL_Driver/Src/stm32f3xx_hal_tim_ex.c ****     {
1398:Drivers/STM32F3xx_HAL_Driver/Src/stm32f3xx_hal_tim_ex.c ****       /* Set the DMA compare callbacks */
ARM GAS  /tmp/ccZqO8pD.s 			page 26


1399:Drivers/STM32F3xx_HAL_Driver/Src/stm32f3xx_hal_tim_ex.c ****       htim->hdma[TIM_DMA_ID_CC2]->XferCpltCallback = TIM_DMADelayPulseNCplt;
1400:Drivers/STM32F3xx_HAL_Driver/Src/stm32f3xx_hal_tim_ex.c ****       htim->hdma[TIM_DMA_ID_CC2]->XferHalfCpltCallback = TIM_DMADelayPulseHalfCplt;
1401:Drivers/STM32F3xx_HAL_Driver/Src/stm32f3xx_hal_tim_ex.c **** 
1402:Drivers/STM32F3xx_HAL_Driver/Src/stm32f3xx_hal_tim_ex.c ****       /* Set the DMA error callback */
1403:Drivers/STM32F3xx_HAL_Driver/Src/stm32f3xx_hal_tim_ex.c ****       htim->hdma[TIM_DMA_ID_CC2]->XferErrorCallback = TIM_DMAErrorCCxN ;
1404:Drivers/STM32F3xx_HAL_Driver/Src/stm32f3xx_hal_tim_ex.c **** 
1405:Drivers/STM32F3xx_HAL_Driver/Src/stm32f3xx_hal_tim_ex.c ****       /* Enable the DMA channel */
1406:Drivers/STM32F3xx_HAL_Driver/Src/stm32f3xx_hal_tim_ex.c ****       if (HAL_DMA_Start_IT(htim->hdma[TIM_DMA_ID_CC2], (uint32_t)pData, (uint32_t)&htim->Instance->
1407:Drivers/STM32F3xx_HAL_Driver/Src/stm32f3xx_hal_tim_ex.c ****                            Length) != HAL_OK)
1408:Drivers/STM32F3xx_HAL_Driver/Src/stm32f3xx_hal_tim_ex.c ****       {
1409:Drivers/STM32F3xx_HAL_Driver/Src/stm32f3xx_hal_tim_ex.c ****         /* Return error status */
1410:Drivers/STM32F3xx_HAL_Driver/Src/stm32f3xx_hal_tim_ex.c ****         return HAL_ERROR;
1411:Drivers/STM32F3xx_HAL_Driver/Src/stm32f3xx_hal_tim_ex.c ****       }
1412:Drivers/STM32F3xx_HAL_Driver/Src/stm32f3xx_hal_tim_ex.c ****       /* Enable the TIM Capture/Compare 2 DMA request */
1413:Drivers/STM32F3xx_HAL_Driver/Src/stm32f3xx_hal_tim_ex.c ****       __HAL_TIM_ENABLE_DMA(htim, TIM_DMA_CC2);
1414:Drivers/STM32F3xx_HAL_Driver/Src/stm32f3xx_hal_tim_ex.c ****       break;
1415:Drivers/STM32F3xx_HAL_Driver/Src/stm32f3xx_hal_tim_ex.c ****     }
1416:Drivers/STM32F3xx_HAL_Driver/Src/stm32f3xx_hal_tim_ex.c **** 
1417:Drivers/STM32F3xx_HAL_Driver/Src/stm32f3xx_hal_tim_ex.c ****     case TIM_CHANNEL_3:
1418:Drivers/STM32F3xx_HAL_Driver/Src/stm32f3xx_hal_tim_ex.c ****     {
1419:Drivers/STM32F3xx_HAL_Driver/Src/stm32f3xx_hal_tim_ex.c ****       /* Set the DMA compare callbacks */
1420:Drivers/STM32F3xx_HAL_Driver/Src/stm32f3xx_hal_tim_ex.c ****       htim->hdma[TIM_DMA_ID_CC3]->XferCpltCallback = TIM_DMADelayPulseNCplt;
1421:Drivers/STM32F3xx_HAL_Driver/Src/stm32f3xx_hal_tim_ex.c ****       htim->hdma[TIM_DMA_ID_CC3]->XferHalfCpltCallback = TIM_DMADelayPulseHalfCplt;
1422:Drivers/STM32F3xx_HAL_Driver/Src/stm32f3xx_hal_tim_ex.c **** 
1423:Drivers/STM32F3xx_HAL_Driver/Src/stm32f3xx_hal_tim_ex.c ****       /* Set the DMA error callback */
1424:Drivers/STM32F3xx_HAL_Driver/Src/stm32f3xx_hal_tim_ex.c ****       htim->hdma[TIM_DMA_ID_CC3]->XferErrorCallback = TIM_DMAErrorCCxN ;
1425:Drivers/STM32F3xx_HAL_Driver/Src/stm32f3xx_hal_tim_ex.c **** 
1426:Drivers/STM32F3xx_HAL_Driver/Src/stm32f3xx_hal_tim_ex.c ****       /* Enable the DMA channel */
1427:Drivers/STM32F3xx_HAL_Driver/Src/stm32f3xx_hal_tim_ex.c ****       if (HAL_DMA_Start_IT(htim->hdma[TIM_DMA_ID_CC3], (uint32_t)pData, (uint32_t)&htim->Instance->
1428:Drivers/STM32F3xx_HAL_Driver/Src/stm32f3xx_hal_tim_ex.c ****                            Length) != HAL_OK)
1429:Drivers/STM32F3xx_HAL_Driver/Src/stm32f3xx_hal_tim_ex.c ****       {
1430:Drivers/STM32F3xx_HAL_Driver/Src/stm32f3xx_hal_tim_ex.c ****         /* Return error status */
1431:Drivers/STM32F3xx_HAL_Driver/Src/stm32f3xx_hal_tim_ex.c ****         return HAL_ERROR;
1432:Drivers/STM32F3xx_HAL_Driver/Src/stm32f3xx_hal_tim_ex.c ****       }
1433:Drivers/STM32F3xx_HAL_Driver/Src/stm32f3xx_hal_tim_ex.c ****       /* Enable the TIM Capture/Compare 3 DMA request */
1434:Drivers/STM32F3xx_HAL_Driver/Src/stm32f3xx_hal_tim_ex.c ****       __HAL_TIM_ENABLE_DMA(htim, TIM_DMA_CC3);
1435:Drivers/STM32F3xx_HAL_Driver/Src/stm32f3xx_hal_tim_ex.c ****       break;
1436:Drivers/STM32F3xx_HAL_Driver/Src/stm32f3xx_hal_tim_ex.c ****     }
1437:Drivers/STM32F3xx_HAL_Driver/Src/stm32f3xx_hal_tim_ex.c **** 
1438:Drivers/STM32F3xx_HAL_Driver/Src/stm32f3xx_hal_tim_ex.c ****     default:
1439:Drivers/STM32F3xx_HAL_Driver/Src/stm32f3xx_hal_tim_ex.c ****       status = HAL_ERROR;
1440:Drivers/STM32F3xx_HAL_Driver/Src/stm32f3xx_hal_tim_ex.c ****       break;
1441:Drivers/STM32F3xx_HAL_Driver/Src/stm32f3xx_hal_tim_ex.c ****   }
1442:Drivers/STM32F3xx_HAL_Driver/Src/stm32f3xx_hal_tim_ex.c **** 
1443:Drivers/STM32F3xx_HAL_Driver/Src/stm32f3xx_hal_tim_ex.c ****   if (status == HAL_OK)
1444:Drivers/STM32F3xx_HAL_Driver/Src/stm32f3xx_hal_tim_ex.c ****   {
1445:Drivers/STM32F3xx_HAL_Driver/Src/stm32f3xx_hal_tim_ex.c ****     /* Enable the complementary PWM output  */
1446:Drivers/STM32F3xx_HAL_Driver/Src/stm32f3xx_hal_tim_ex.c ****     TIM_CCxNChannelCmd(htim->Instance, Channel, TIM_CCxN_ENABLE);
1447:Drivers/STM32F3xx_HAL_Driver/Src/stm32f3xx_hal_tim_ex.c **** 
1448:Drivers/STM32F3xx_HAL_Driver/Src/stm32f3xx_hal_tim_ex.c ****     /* Enable the Main Output */
1449:Drivers/STM32F3xx_HAL_Driver/Src/stm32f3xx_hal_tim_ex.c ****     __HAL_TIM_MOE_ENABLE(htim);
1450:Drivers/STM32F3xx_HAL_Driver/Src/stm32f3xx_hal_tim_ex.c **** 
1451:Drivers/STM32F3xx_HAL_Driver/Src/stm32f3xx_hal_tim_ex.c ****     /* Enable the Peripheral, except in trigger mode where enable is automatically done with trigge
1452:Drivers/STM32F3xx_HAL_Driver/Src/stm32f3xx_hal_tim_ex.c ****     if (IS_TIM_SLAVE_INSTANCE(htim->Instance))
1453:Drivers/STM32F3xx_HAL_Driver/Src/stm32f3xx_hal_tim_ex.c ****     {
1454:Drivers/STM32F3xx_HAL_Driver/Src/stm32f3xx_hal_tim_ex.c ****       tmpsmcr = htim->Instance->SMCR & TIM_SMCR_SMS;
1455:Drivers/STM32F3xx_HAL_Driver/Src/stm32f3xx_hal_tim_ex.c ****       if (!IS_TIM_SLAVEMODE_TRIGGER_ENABLED(tmpsmcr))
ARM GAS  /tmp/ccZqO8pD.s 			page 27


1456:Drivers/STM32F3xx_HAL_Driver/Src/stm32f3xx_hal_tim_ex.c ****       {
1457:Drivers/STM32F3xx_HAL_Driver/Src/stm32f3xx_hal_tim_ex.c ****         __HAL_TIM_ENABLE(htim);
1458:Drivers/STM32F3xx_HAL_Driver/Src/stm32f3xx_hal_tim_ex.c ****       }
1459:Drivers/STM32F3xx_HAL_Driver/Src/stm32f3xx_hal_tim_ex.c ****     }
1460:Drivers/STM32F3xx_HAL_Driver/Src/stm32f3xx_hal_tim_ex.c ****     else
1461:Drivers/STM32F3xx_HAL_Driver/Src/stm32f3xx_hal_tim_ex.c ****     {
1462:Drivers/STM32F3xx_HAL_Driver/Src/stm32f3xx_hal_tim_ex.c ****       __HAL_TIM_ENABLE(htim);
1463:Drivers/STM32F3xx_HAL_Driver/Src/stm32f3xx_hal_tim_ex.c ****     }
1464:Drivers/STM32F3xx_HAL_Driver/Src/stm32f3xx_hal_tim_ex.c ****   }
1465:Drivers/STM32F3xx_HAL_Driver/Src/stm32f3xx_hal_tim_ex.c **** 
1466:Drivers/STM32F3xx_HAL_Driver/Src/stm32f3xx_hal_tim_ex.c ****   /* Return function status */
1467:Drivers/STM32F3xx_HAL_Driver/Src/stm32f3xx_hal_tim_ex.c ****   return status;
1468:Drivers/STM32F3xx_HAL_Driver/Src/stm32f3xx_hal_tim_ex.c **** }
1469:Drivers/STM32F3xx_HAL_Driver/Src/stm32f3xx_hal_tim_ex.c **** 
1470:Drivers/STM32F3xx_HAL_Driver/Src/stm32f3xx_hal_tim_ex.c **** /**
1471:Drivers/STM32F3xx_HAL_Driver/Src/stm32f3xx_hal_tim_ex.c ****   * @brief  Stops the TIM PWM signal generation in DMA mode on the complementary
1472:Drivers/STM32F3xx_HAL_Driver/Src/stm32f3xx_hal_tim_ex.c ****   *         output
1473:Drivers/STM32F3xx_HAL_Driver/Src/stm32f3xx_hal_tim_ex.c ****   * @param  htim TIM handle
1474:Drivers/STM32F3xx_HAL_Driver/Src/stm32f3xx_hal_tim_ex.c ****   * @param  Channel TIM Channel to be disabled
1475:Drivers/STM32F3xx_HAL_Driver/Src/stm32f3xx_hal_tim_ex.c ****   *          This parameter can be one of the following values:
1476:Drivers/STM32F3xx_HAL_Driver/Src/stm32f3xx_hal_tim_ex.c ****   *            @arg TIM_CHANNEL_1: TIM Channel 1 selected
1477:Drivers/STM32F3xx_HAL_Driver/Src/stm32f3xx_hal_tim_ex.c ****   *            @arg TIM_CHANNEL_2: TIM Channel 2 selected
1478:Drivers/STM32F3xx_HAL_Driver/Src/stm32f3xx_hal_tim_ex.c ****   *            @arg TIM_CHANNEL_3: TIM Channel 3 selected
1479:Drivers/STM32F3xx_HAL_Driver/Src/stm32f3xx_hal_tim_ex.c ****   * @retval HAL status
1480:Drivers/STM32F3xx_HAL_Driver/Src/stm32f3xx_hal_tim_ex.c ****   */
1481:Drivers/STM32F3xx_HAL_Driver/Src/stm32f3xx_hal_tim_ex.c **** HAL_StatusTypeDef HAL_TIMEx_PWMN_Stop_DMA(TIM_HandleTypeDef *htim, uint32_t Channel)
1482:Drivers/STM32F3xx_HAL_Driver/Src/stm32f3xx_hal_tim_ex.c **** {
1483:Drivers/STM32F3xx_HAL_Driver/Src/stm32f3xx_hal_tim_ex.c ****   HAL_StatusTypeDef status = HAL_OK;
1484:Drivers/STM32F3xx_HAL_Driver/Src/stm32f3xx_hal_tim_ex.c **** 
1485:Drivers/STM32F3xx_HAL_Driver/Src/stm32f3xx_hal_tim_ex.c ****   /* Check the parameters */
1486:Drivers/STM32F3xx_HAL_Driver/Src/stm32f3xx_hal_tim_ex.c ****   assert_param(IS_TIM_CCXN_INSTANCE(htim->Instance, Channel));
1487:Drivers/STM32F3xx_HAL_Driver/Src/stm32f3xx_hal_tim_ex.c **** 
1488:Drivers/STM32F3xx_HAL_Driver/Src/stm32f3xx_hal_tim_ex.c ****   switch (Channel)
1489:Drivers/STM32F3xx_HAL_Driver/Src/stm32f3xx_hal_tim_ex.c ****   {
1490:Drivers/STM32F3xx_HAL_Driver/Src/stm32f3xx_hal_tim_ex.c ****     case TIM_CHANNEL_1:
1491:Drivers/STM32F3xx_HAL_Driver/Src/stm32f3xx_hal_tim_ex.c ****     {
1492:Drivers/STM32F3xx_HAL_Driver/Src/stm32f3xx_hal_tim_ex.c ****       /* Disable the TIM Capture/Compare 1 DMA request */
1493:Drivers/STM32F3xx_HAL_Driver/Src/stm32f3xx_hal_tim_ex.c ****       __HAL_TIM_DISABLE_DMA(htim, TIM_DMA_CC1);
1494:Drivers/STM32F3xx_HAL_Driver/Src/stm32f3xx_hal_tim_ex.c ****       (void)HAL_DMA_Abort_IT(htim->hdma[TIM_DMA_ID_CC1]);
1495:Drivers/STM32F3xx_HAL_Driver/Src/stm32f3xx_hal_tim_ex.c ****       break;
1496:Drivers/STM32F3xx_HAL_Driver/Src/stm32f3xx_hal_tim_ex.c ****     }
1497:Drivers/STM32F3xx_HAL_Driver/Src/stm32f3xx_hal_tim_ex.c **** 
1498:Drivers/STM32F3xx_HAL_Driver/Src/stm32f3xx_hal_tim_ex.c ****     case TIM_CHANNEL_2:
1499:Drivers/STM32F3xx_HAL_Driver/Src/stm32f3xx_hal_tim_ex.c ****     {
1500:Drivers/STM32F3xx_HAL_Driver/Src/stm32f3xx_hal_tim_ex.c ****       /* Disable the TIM Capture/Compare 2 DMA request */
1501:Drivers/STM32F3xx_HAL_Driver/Src/stm32f3xx_hal_tim_ex.c ****       __HAL_TIM_DISABLE_DMA(htim, TIM_DMA_CC2);
1502:Drivers/STM32F3xx_HAL_Driver/Src/stm32f3xx_hal_tim_ex.c ****       (void)HAL_DMA_Abort_IT(htim->hdma[TIM_DMA_ID_CC2]);
1503:Drivers/STM32F3xx_HAL_Driver/Src/stm32f3xx_hal_tim_ex.c ****       break;
1504:Drivers/STM32F3xx_HAL_Driver/Src/stm32f3xx_hal_tim_ex.c ****     }
1505:Drivers/STM32F3xx_HAL_Driver/Src/stm32f3xx_hal_tim_ex.c **** 
1506:Drivers/STM32F3xx_HAL_Driver/Src/stm32f3xx_hal_tim_ex.c ****     case TIM_CHANNEL_3:
1507:Drivers/STM32F3xx_HAL_Driver/Src/stm32f3xx_hal_tim_ex.c ****     {
1508:Drivers/STM32F3xx_HAL_Driver/Src/stm32f3xx_hal_tim_ex.c ****       /* Disable the TIM Capture/Compare 3 DMA request */
1509:Drivers/STM32F3xx_HAL_Driver/Src/stm32f3xx_hal_tim_ex.c ****       __HAL_TIM_DISABLE_DMA(htim, TIM_DMA_CC3);
1510:Drivers/STM32F3xx_HAL_Driver/Src/stm32f3xx_hal_tim_ex.c ****       (void)HAL_DMA_Abort_IT(htim->hdma[TIM_DMA_ID_CC3]);
1511:Drivers/STM32F3xx_HAL_Driver/Src/stm32f3xx_hal_tim_ex.c ****       break;
1512:Drivers/STM32F3xx_HAL_Driver/Src/stm32f3xx_hal_tim_ex.c ****     }
ARM GAS  /tmp/ccZqO8pD.s 			page 28


1513:Drivers/STM32F3xx_HAL_Driver/Src/stm32f3xx_hal_tim_ex.c **** 
1514:Drivers/STM32F3xx_HAL_Driver/Src/stm32f3xx_hal_tim_ex.c ****     default:
1515:Drivers/STM32F3xx_HAL_Driver/Src/stm32f3xx_hal_tim_ex.c ****       status = HAL_ERROR;
1516:Drivers/STM32F3xx_HAL_Driver/Src/stm32f3xx_hal_tim_ex.c ****       break;
1517:Drivers/STM32F3xx_HAL_Driver/Src/stm32f3xx_hal_tim_ex.c ****   }
1518:Drivers/STM32F3xx_HAL_Driver/Src/stm32f3xx_hal_tim_ex.c **** 
1519:Drivers/STM32F3xx_HAL_Driver/Src/stm32f3xx_hal_tim_ex.c ****   if (status == HAL_OK)
1520:Drivers/STM32F3xx_HAL_Driver/Src/stm32f3xx_hal_tim_ex.c ****   {
1521:Drivers/STM32F3xx_HAL_Driver/Src/stm32f3xx_hal_tim_ex.c ****     /* Disable the complementary PWM output */
1522:Drivers/STM32F3xx_HAL_Driver/Src/stm32f3xx_hal_tim_ex.c ****     TIM_CCxNChannelCmd(htim->Instance, Channel, TIM_CCxN_DISABLE);
1523:Drivers/STM32F3xx_HAL_Driver/Src/stm32f3xx_hal_tim_ex.c **** 
1524:Drivers/STM32F3xx_HAL_Driver/Src/stm32f3xx_hal_tim_ex.c ****     /* Disable the Main Output */
1525:Drivers/STM32F3xx_HAL_Driver/Src/stm32f3xx_hal_tim_ex.c ****     __HAL_TIM_MOE_DISABLE(htim);
1526:Drivers/STM32F3xx_HAL_Driver/Src/stm32f3xx_hal_tim_ex.c **** 
1527:Drivers/STM32F3xx_HAL_Driver/Src/stm32f3xx_hal_tim_ex.c ****     /* Disable the Peripheral */
1528:Drivers/STM32F3xx_HAL_Driver/Src/stm32f3xx_hal_tim_ex.c ****     __HAL_TIM_DISABLE(htim);
1529:Drivers/STM32F3xx_HAL_Driver/Src/stm32f3xx_hal_tim_ex.c **** 
1530:Drivers/STM32F3xx_HAL_Driver/Src/stm32f3xx_hal_tim_ex.c ****     /* Set the TIM complementary channel state */
1531:Drivers/STM32F3xx_HAL_Driver/Src/stm32f3xx_hal_tim_ex.c ****     TIM_CHANNEL_N_STATE_SET(htim, Channel, HAL_TIM_CHANNEL_STATE_READY);
1532:Drivers/STM32F3xx_HAL_Driver/Src/stm32f3xx_hal_tim_ex.c ****   }
1533:Drivers/STM32F3xx_HAL_Driver/Src/stm32f3xx_hal_tim_ex.c **** 
1534:Drivers/STM32F3xx_HAL_Driver/Src/stm32f3xx_hal_tim_ex.c ****   /* Return function status */
1535:Drivers/STM32F3xx_HAL_Driver/Src/stm32f3xx_hal_tim_ex.c ****   return status;
1536:Drivers/STM32F3xx_HAL_Driver/Src/stm32f3xx_hal_tim_ex.c **** }
1537:Drivers/STM32F3xx_HAL_Driver/Src/stm32f3xx_hal_tim_ex.c **** 
1538:Drivers/STM32F3xx_HAL_Driver/Src/stm32f3xx_hal_tim_ex.c **** /**
1539:Drivers/STM32F3xx_HAL_Driver/Src/stm32f3xx_hal_tim_ex.c ****   * @}
1540:Drivers/STM32F3xx_HAL_Driver/Src/stm32f3xx_hal_tim_ex.c ****   */
1541:Drivers/STM32F3xx_HAL_Driver/Src/stm32f3xx_hal_tim_ex.c **** 
1542:Drivers/STM32F3xx_HAL_Driver/Src/stm32f3xx_hal_tim_ex.c **** /** @defgroup TIMEx_Exported_Functions_Group4 Extended Timer Complementary One Pulse functions
1543:Drivers/STM32F3xx_HAL_Driver/Src/stm32f3xx_hal_tim_ex.c ****   * @brief    Timer Complementary One Pulse functions
1544:Drivers/STM32F3xx_HAL_Driver/Src/stm32f3xx_hal_tim_ex.c ****   *
1545:Drivers/STM32F3xx_HAL_Driver/Src/stm32f3xx_hal_tim_ex.c **** @verbatim
1546:Drivers/STM32F3xx_HAL_Driver/Src/stm32f3xx_hal_tim_ex.c ****   ==============================================================================
1547:Drivers/STM32F3xx_HAL_Driver/Src/stm32f3xx_hal_tim_ex.c ****                 ##### Timer Complementary One Pulse functions #####
1548:Drivers/STM32F3xx_HAL_Driver/Src/stm32f3xx_hal_tim_ex.c ****   ==============================================================================
1549:Drivers/STM32F3xx_HAL_Driver/Src/stm32f3xx_hal_tim_ex.c ****   [..]
1550:Drivers/STM32F3xx_HAL_Driver/Src/stm32f3xx_hal_tim_ex.c ****     This section provides functions allowing to:
1551:Drivers/STM32F3xx_HAL_Driver/Src/stm32f3xx_hal_tim_ex.c ****     (+) Start the Complementary One Pulse generation.
1552:Drivers/STM32F3xx_HAL_Driver/Src/stm32f3xx_hal_tim_ex.c ****     (+) Stop the Complementary One Pulse.
1553:Drivers/STM32F3xx_HAL_Driver/Src/stm32f3xx_hal_tim_ex.c ****     (+) Start the Complementary One Pulse and enable interrupts.
1554:Drivers/STM32F3xx_HAL_Driver/Src/stm32f3xx_hal_tim_ex.c ****     (+) Stop the Complementary One Pulse and disable interrupts.
1555:Drivers/STM32F3xx_HAL_Driver/Src/stm32f3xx_hal_tim_ex.c **** 
1556:Drivers/STM32F3xx_HAL_Driver/Src/stm32f3xx_hal_tim_ex.c **** @endverbatim
1557:Drivers/STM32F3xx_HAL_Driver/Src/stm32f3xx_hal_tim_ex.c ****   * @{
1558:Drivers/STM32F3xx_HAL_Driver/Src/stm32f3xx_hal_tim_ex.c ****   */
1559:Drivers/STM32F3xx_HAL_Driver/Src/stm32f3xx_hal_tim_ex.c **** 
1560:Drivers/STM32F3xx_HAL_Driver/Src/stm32f3xx_hal_tim_ex.c **** /**
1561:Drivers/STM32F3xx_HAL_Driver/Src/stm32f3xx_hal_tim_ex.c ****   * @brief  Starts the TIM One Pulse signal generation on the complementary
1562:Drivers/STM32F3xx_HAL_Driver/Src/stm32f3xx_hal_tim_ex.c ****   *         output.
1563:Drivers/STM32F3xx_HAL_Driver/Src/stm32f3xx_hal_tim_ex.c ****   * @note OutputChannel must match the pulse output channel chosen when calling
1564:Drivers/STM32F3xx_HAL_Driver/Src/stm32f3xx_hal_tim_ex.c ****   *       @ref HAL_TIM_OnePulse_ConfigChannel().
1565:Drivers/STM32F3xx_HAL_Driver/Src/stm32f3xx_hal_tim_ex.c ****   * @param  htim TIM One Pulse handle
1566:Drivers/STM32F3xx_HAL_Driver/Src/stm32f3xx_hal_tim_ex.c ****   * @param  OutputChannel pulse output channel to enable
1567:Drivers/STM32F3xx_HAL_Driver/Src/stm32f3xx_hal_tim_ex.c ****   *          This parameter can be one of the following values:
1568:Drivers/STM32F3xx_HAL_Driver/Src/stm32f3xx_hal_tim_ex.c ****   *            @arg TIM_CHANNEL_1: TIM Channel 1 selected
1569:Drivers/STM32F3xx_HAL_Driver/Src/stm32f3xx_hal_tim_ex.c ****   *            @arg TIM_CHANNEL_2: TIM Channel 2 selected
ARM GAS  /tmp/ccZqO8pD.s 			page 29


1570:Drivers/STM32F3xx_HAL_Driver/Src/stm32f3xx_hal_tim_ex.c ****   * @retval HAL status
1571:Drivers/STM32F3xx_HAL_Driver/Src/stm32f3xx_hal_tim_ex.c ****   */
1572:Drivers/STM32F3xx_HAL_Driver/Src/stm32f3xx_hal_tim_ex.c **** HAL_StatusTypeDef HAL_TIMEx_OnePulseN_Start(TIM_HandleTypeDef *htim, uint32_t OutputChannel)
1573:Drivers/STM32F3xx_HAL_Driver/Src/stm32f3xx_hal_tim_ex.c **** {
1574:Drivers/STM32F3xx_HAL_Driver/Src/stm32f3xx_hal_tim_ex.c ****   uint32_t input_channel = (OutputChannel == TIM_CHANNEL_1) ? TIM_CHANNEL_2 : TIM_CHANNEL_1;
1575:Drivers/STM32F3xx_HAL_Driver/Src/stm32f3xx_hal_tim_ex.c ****   HAL_TIM_ChannelStateTypeDef channel_1_state = TIM_CHANNEL_STATE_GET(htim, TIM_CHANNEL_1);
1576:Drivers/STM32F3xx_HAL_Driver/Src/stm32f3xx_hal_tim_ex.c ****   HAL_TIM_ChannelStateTypeDef channel_2_state = TIM_CHANNEL_STATE_GET(htim, TIM_CHANNEL_2);
1577:Drivers/STM32F3xx_HAL_Driver/Src/stm32f3xx_hal_tim_ex.c ****   HAL_TIM_ChannelStateTypeDef complementary_channel_1_state = TIM_CHANNEL_N_STATE_GET(htim, TIM_CHA
1578:Drivers/STM32F3xx_HAL_Driver/Src/stm32f3xx_hal_tim_ex.c ****   HAL_TIM_ChannelStateTypeDef complementary_channel_2_state = TIM_CHANNEL_N_STATE_GET(htim, TIM_CHA
1579:Drivers/STM32F3xx_HAL_Driver/Src/stm32f3xx_hal_tim_ex.c **** 
1580:Drivers/STM32F3xx_HAL_Driver/Src/stm32f3xx_hal_tim_ex.c ****   /* Check the parameters */
1581:Drivers/STM32F3xx_HAL_Driver/Src/stm32f3xx_hal_tim_ex.c ****   assert_param(IS_TIM_CCXN_INSTANCE(htim->Instance, OutputChannel));
1582:Drivers/STM32F3xx_HAL_Driver/Src/stm32f3xx_hal_tim_ex.c **** 
1583:Drivers/STM32F3xx_HAL_Driver/Src/stm32f3xx_hal_tim_ex.c ****   /* Check the TIM channels state */
1584:Drivers/STM32F3xx_HAL_Driver/Src/stm32f3xx_hal_tim_ex.c ****   if ((channel_1_state != HAL_TIM_CHANNEL_STATE_READY)
1585:Drivers/STM32F3xx_HAL_Driver/Src/stm32f3xx_hal_tim_ex.c ****       || (channel_2_state != HAL_TIM_CHANNEL_STATE_READY)
1586:Drivers/STM32F3xx_HAL_Driver/Src/stm32f3xx_hal_tim_ex.c ****       || (complementary_channel_1_state != HAL_TIM_CHANNEL_STATE_READY)
1587:Drivers/STM32F3xx_HAL_Driver/Src/stm32f3xx_hal_tim_ex.c ****       || (complementary_channel_2_state != HAL_TIM_CHANNEL_STATE_READY))
1588:Drivers/STM32F3xx_HAL_Driver/Src/stm32f3xx_hal_tim_ex.c ****   {
1589:Drivers/STM32F3xx_HAL_Driver/Src/stm32f3xx_hal_tim_ex.c ****     return HAL_ERROR;
1590:Drivers/STM32F3xx_HAL_Driver/Src/stm32f3xx_hal_tim_ex.c ****   }
1591:Drivers/STM32F3xx_HAL_Driver/Src/stm32f3xx_hal_tim_ex.c **** 
1592:Drivers/STM32F3xx_HAL_Driver/Src/stm32f3xx_hal_tim_ex.c ****   /* Set the TIM channels state */
1593:Drivers/STM32F3xx_HAL_Driver/Src/stm32f3xx_hal_tim_ex.c ****   TIM_CHANNEL_STATE_SET(htim, TIM_CHANNEL_1, HAL_TIM_CHANNEL_STATE_BUSY);
1594:Drivers/STM32F3xx_HAL_Driver/Src/stm32f3xx_hal_tim_ex.c ****   TIM_CHANNEL_STATE_SET(htim, TIM_CHANNEL_2, HAL_TIM_CHANNEL_STATE_BUSY);
1595:Drivers/STM32F3xx_HAL_Driver/Src/stm32f3xx_hal_tim_ex.c ****   TIM_CHANNEL_N_STATE_SET(htim, TIM_CHANNEL_1, HAL_TIM_CHANNEL_STATE_BUSY);
1596:Drivers/STM32F3xx_HAL_Driver/Src/stm32f3xx_hal_tim_ex.c ****   TIM_CHANNEL_N_STATE_SET(htim, TIM_CHANNEL_2, HAL_TIM_CHANNEL_STATE_BUSY);
1597:Drivers/STM32F3xx_HAL_Driver/Src/stm32f3xx_hal_tim_ex.c **** 
1598:Drivers/STM32F3xx_HAL_Driver/Src/stm32f3xx_hal_tim_ex.c ****   /* Enable the complementary One Pulse output channel and the Input Capture channel */
1599:Drivers/STM32F3xx_HAL_Driver/Src/stm32f3xx_hal_tim_ex.c ****   TIM_CCxNChannelCmd(htim->Instance, OutputChannel, TIM_CCxN_ENABLE);
1600:Drivers/STM32F3xx_HAL_Driver/Src/stm32f3xx_hal_tim_ex.c ****   TIM_CCxChannelCmd(htim->Instance, input_channel, TIM_CCx_ENABLE);
1601:Drivers/STM32F3xx_HAL_Driver/Src/stm32f3xx_hal_tim_ex.c **** 
1602:Drivers/STM32F3xx_HAL_Driver/Src/stm32f3xx_hal_tim_ex.c ****   /* Enable the Main Output */
1603:Drivers/STM32F3xx_HAL_Driver/Src/stm32f3xx_hal_tim_ex.c ****   __HAL_TIM_MOE_ENABLE(htim);
1604:Drivers/STM32F3xx_HAL_Driver/Src/stm32f3xx_hal_tim_ex.c **** 
1605:Drivers/STM32F3xx_HAL_Driver/Src/stm32f3xx_hal_tim_ex.c ****   /* Return function status */
1606:Drivers/STM32F3xx_HAL_Driver/Src/stm32f3xx_hal_tim_ex.c ****   return HAL_OK;
1607:Drivers/STM32F3xx_HAL_Driver/Src/stm32f3xx_hal_tim_ex.c **** }
1608:Drivers/STM32F3xx_HAL_Driver/Src/stm32f3xx_hal_tim_ex.c **** 
1609:Drivers/STM32F3xx_HAL_Driver/Src/stm32f3xx_hal_tim_ex.c **** /**
1610:Drivers/STM32F3xx_HAL_Driver/Src/stm32f3xx_hal_tim_ex.c ****   * @brief  Stops the TIM One Pulse signal generation on the complementary
1611:Drivers/STM32F3xx_HAL_Driver/Src/stm32f3xx_hal_tim_ex.c ****   *         output.
1612:Drivers/STM32F3xx_HAL_Driver/Src/stm32f3xx_hal_tim_ex.c ****   * @note OutputChannel must match the pulse output channel chosen when calling
1613:Drivers/STM32F3xx_HAL_Driver/Src/stm32f3xx_hal_tim_ex.c ****   *       @ref HAL_TIM_OnePulse_ConfigChannel().
1614:Drivers/STM32F3xx_HAL_Driver/Src/stm32f3xx_hal_tim_ex.c ****   * @param  htim TIM One Pulse handle
1615:Drivers/STM32F3xx_HAL_Driver/Src/stm32f3xx_hal_tim_ex.c ****   * @param  OutputChannel pulse output channel to disable
1616:Drivers/STM32F3xx_HAL_Driver/Src/stm32f3xx_hal_tim_ex.c ****   *          This parameter can be one of the following values:
1617:Drivers/STM32F3xx_HAL_Driver/Src/stm32f3xx_hal_tim_ex.c ****   *            @arg TIM_CHANNEL_1: TIM Channel 1 selected
1618:Drivers/STM32F3xx_HAL_Driver/Src/stm32f3xx_hal_tim_ex.c ****   *            @arg TIM_CHANNEL_2: TIM Channel 2 selected
1619:Drivers/STM32F3xx_HAL_Driver/Src/stm32f3xx_hal_tim_ex.c ****   * @retval HAL status
1620:Drivers/STM32F3xx_HAL_Driver/Src/stm32f3xx_hal_tim_ex.c ****   */
1621:Drivers/STM32F3xx_HAL_Driver/Src/stm32f3xx_hal_tim_ex.c **** HAL_StatusTypeDef HAL_TIMEx_OnePulseN_Stop(TIM_HandleTypeDef *htim, uint32_t OutputChannel)
1622:Drivers/STM32F3xx_HAL_Driver/Src/stm32f3xx_hal_tim_ex.c **** {
1623:Drivers/STM32F3xx_HAL_Driver/Src/stm32f3xx_hal_tim_ex.c ****   uint32_t input_channel = (OutputChannel == TIM_CHANNEL_1) ? TIM_CHANNEL_2 : TIM_CHANNEL_1;
1624:Drivers/STM32F3xx_HAL_Driver/Src/stm32f3xx_hal_tim_ex.c **** 
1625:Drivers/STM32F3xx_HAL_Driver/Src/stm32f3xx_hal_tim_ex.c ****   /* Check the parameters */
1626:Drivers/STM32F3xx_HAL_Driver/Src/stm32f3xx_hal_tim_ex.c ****   assert_param(IS_TIM_CCXN_INSTANCE(htim->Instance, OutputChannel));
ARM GAS  /tmp/ccZqO8pD.s 			page 30


1627:Drivers/STM32F3xx_HAL_Driver/Src/stm32f3xx_hal_tim_ex.c **** 
1628:Drivers/STM32F3xx_HAL_Driver/Src/stm32f3xx_hal_tim_ex.c ****   /* Disable the complementary One Pulse output channel and the Input Capture channel */
1629:Drivers/STM32F3xx_HAL_Driver/Src/stm32f3xx_hal_tim_ex.c ****   TIM_CCxNChannelCmd(htim->Instance, OutputChannel, TIM_CCxN_DISABLE);
1630:Drivers/STM32F3xx_HAL_Driver/Src/stm32f3xx_hal_tim_ex.c ****   TIM_CCxChannelCmd(htim->Instance, input_channel, TIM_CCx_DISABLE);
1631:Drivers/STM32F3xx_HAL_Driver/Src/stm32f3xx_hal_tim_ex.c **** 
1632:Drivers/STM32F3xx_HAL_Driver/Src/stm32f3xx_hal_tim_ex.c ****   /* Disable the Main Output */
1633:Drivers/STM32F3xx_HAL_Driver/Src/stm32f3xx_hal_tim_ex.c ****   __HAL_TIM_MOE_DISABLE(htim);
1634:Drivers/STM32F3xx_HAL_Driver/Src/stm32f3xx_hal_tim_ex.c **** 
1635:Drivers/STM32F3xx_HAL_Driver/Src/stm32f3xx_hal_tim_ex.c ****   /* Disable the Peripheral */
1636:Drivers/STM32F3xx_HAL_Driver/Src/stm32f3xx_hal_tim_ex.c ****   __HAL_TIM_DISABLE(htim);
1637:Drivers/STM32F3xx_HAL_Driver/Src/stm32f3xx_hal_tim_ex.c **** 
1638:Drivers/STM32F3xx_HAL_Driver/Src/stm32f3xx_hal_tim_ex.c ****   /* Set the TIM  channels state */
1639:Drivers/STM32F3xx_HAL_Driver/Src/stm32f3xx_hal_tim_ex.c ****   TIM_CHANNEL_STATE_SET(htim, TIM_CHANNEL_1, HAL_TIM_CHANNEL_STATE_READY);
1640:Drivers/STM32F3xx_HAL_Driver/Src/stm32f3xx_hal_tim_ex.c ****   TIM_CHANNEL_STATE_SET(htim, TIM_CHANNEL_2, HAL_TIM_CHANNEL_STATE_READY);
1641:Drivers/STM32F3xx_HAL_Driver/Src/stm32f3xx_hal_tim_ex.c ****   TIM_CHANNEL_N_STATE_SET(htim, TIM_CHANNEL_1, HAL_TIM_CHANNEL_STATE_READY);
1642:Drivers/STM32F3xx_HAL_Driver/Src/stm32f3xx_hal_tim_ex.c ****   TIM_CHANNEL_N_STATE_SET(htim, TIM_CHANNEL_2, HAL_TIM_CHANNEL_STATE_READY);
1643:Drivers/STM32F3xx_HAL_Driver/Src/stm32f3xx_hal_tim_ex.c **** 
1644:Drivers/STM32F3xx_HAL_Driver/Src/stm32f3xx_hal_tim_ex.c ****   /* Return function status */
1645:Drivers/STM32F3xx_HAL_Driver/Src/stm32f3xx_hal_tim_ex.c ****   return HAL_OK;
1646:Drivers/STM32F3xx_HAL_Driver/Src/stm32f3xx_hal_tim_ex.c **** }
1647:Drivers/STM32F3xx_HAL_Driver/Src/stm32f3xx_hal_tim_ex.c **** 
1648:Drivers/STM32F3xx_HAL_Driver/Src/stm32f3xx_hal_tim_ex.c **** /**
1649:Drivers/STM32F3xx_HAL_Driver/Src/stm32f3xx_hal_tim_ex.c ****   * @brief  Starts the TIM One Pulse signal generation in interrupt mode on the
1650:Drivers/STM32F3xx_HAL_Driver/Src/stm32f3xx_hal_tim_ex.c ****   *         complementary channel.
1651:Drivers/STM32F3xx_HAL_Driver/Src/stm32f3xx_hal_tim_ex.c ****   * @note OutputChannel must match the pulse output channel chosen when calling
1652:Drivers/STM32F3xx_HAL_Driver/Src/stm32f3xx_hal_tim_ex.c ****   *       @ref HAL_TIM_OnePulse_ConfigChannel().
1653:Drivers/STM32F3xx_HAL_Driver/Src/stm32f3xx_hal_tim_ex.c ****   * @param  htim TIM One Pulse handle
1654:Drivers/STM32F3xx_HAL_Driver/Src/stm32f3xx_hal_tim_ex.c ****   * @param  OutputChannel pulse output channel to enable
1655:Drivers/STM32F3xx_HAL_Driver/Src/stm32f3xx_hal_tim_ex.c ****   *          This parameter can be one of the following values:
1656:Drivers/STM32F3xx_HAL_Driver/Src/stm32f3xx_hal_tim_ex.c ****   *            @arg TIM_CHANNEL_1: TIM Channel 1 selected
1657:Drivers/STM32F3xx_HAL_Driver/Src/stm32f3xx_hal_tim_ex.c ****   *            @arg TIM_CHANNEL_2: TIM Channel 2 selected
1658:Drivers/STM32F3xx_HAL_Driver/Src/stm32f3xx_hal_tim_ex.c ****   * @retval HAL status
1659:Drivers/STM32F3xx_HAL_Driver/Src/stm32f3xx_hal_tim_ex.c ****   */
1660:Drivers/STM32F3xx_HAL_Driver/Src/stm32f3xx_hal_tim_ex.c **** HAL_StatusTypeDef HAL_TIMEx_OnePulseN_Start_IT(TIM_HandleTypeDef *htim, uint32_t OutputChannel)
1661:Drivers/STM32F3xx_HAL_Driver/Src/stm32f3xx_hal_tim_ex.c **** {
1662:Drivers/STM32F3xx_HAL_Driver/Src/stm32f3xx_hal_tim_ex.c ****   uint32_t input_channel = (OutputChannel == TIM_CHANNEL_1) ? TIM_CHANNEL_2 : TIM_CHANNEL_1;
1663:Drivers/STM32F3xx_HAL_Driver/Src/stm32f3xx_hal_tim_ex.c ****   HAL_TIM_ChannelStateTypeDef channel_1_state = TIM_CHANNEL_STATE_GET(htim, TIM_CHANNEL_1);
1664:Drivers/STM32F3xx_HAL_Driver/Src/stm32f3xx_hal_tim_ex.c ****   HAL_TIM_ChannelStateTypeDef channel_2_state = TIM_CHANNEL_STATE_GET(htim, TIM_CHANNEL_2);
1665:Drivers/STM32F3xx_HAL_Driver/Src/stm32f3xx_hal_tim_ex.c ****   HAL_TIM_ChannelStateTypeDef complementary_channel_1_state = TIM_CHANNEL_N_STATE_GET(htim, TIM_CHA
1666:Drivers/STM32F3xx_HAL_Driver/Src/stm32f3xx_hal_tim_ex.c ****   HAL_TIM_ChannelStateTypeDef complementary_channel_2_state = TIM_CHANNEL_N_STATE_GET(htim, TIM_CHA
1667:Drivers/STM32F3xx_HAL_Driver/Src/stm32f3xx_hal_tim_ex.c **** 
1668:Drivers/STM32F3xx_HAL_Driver/Src/stm32f3xx_hal_tim_ex.c ****   /* Check the parameters */
1669:Drivers/STM32F3xx_HAL_Driver/Src/stm32f3xx_hal_tim_ex.c ****   assert_param(IS_TIM_CCXN_INSTANCE(htim->Instance, OutputChannel));
1670:Drivers/STM32F3xx_HAL_Driver/Src/stm32f3xx_hal_tim_ex.c **** 
1671:Drivers/STM32F3xx_HAL_Driver/Src/stm32f3xx_hal_tim_ex.c ****   /* Check the TIM channels state */
1672:Drivers/STM32F3xx_HAL_Driver/Src/stm32f3xx_hal_tim_ex.c ****   if ((channel_1_state != HAL_TIM_CHANNEL_STATE_READY)
1673:Drivers/STM32F3xx_HAL_Driver/Src/stm32f3xx_hal_tim_ex.c ****       || (channel_2_state != HAL_TIM_CHANNEL_STATE_READY)
1674:Drivers/STM32F3xx_HAL_Driver/Src/stm32f3xx_hal_tim_ex.c ****       || (complementary_channel_1_state != HAL_TIM_CHANNEL_STATE_READY)
1675:Drivers/STM32F3xx_HAL_Driver/Src/stm32f3xx_hal_tim_ex.c ****       || (complementary_channel_2_state != HAL_TIM_CHANNEL_STATE_READY))
1676:Drivers/STM32F3xx_HAL_Driver/Src/stm32f3xx_hal_tim_ex.c ****   {
1677:Drivers/STM32F3xx_HAL_Driver/Src/stm32f3xx_hal_tim_ex.c ****     return HAL_ERROR;
1678:Drivers/STM32F3xx_HAL_Driver/Src/stm32f3xx_hal_tim_ex.c ****   }
1679:Drivers/STM32F3xx_HAL_Driver/Src/stm32f3xx_hal_tim_ex.c **** 
1680:Drivers/STM32F3xx_HAL_Driver/Src/stm32f3xx_hal_tim_ex.c ****   /* Set the TIM channels state */
1681:Drivers/STM32F3xx_HAL_Driver/Src/stm32f3xx_hal_tim_ex.c ****   TIM_CHANNEL_STATE_SET(htim, TIM_CHANNEL_1, HAL_TIM_CHANNEL_STATE_BUSY);
1682:Drivers/STM32F3xx_HAL_Driver/Src/stm32f3xx_hal_tim_ex.c ****   TIM_CHANNEL_STATE_SET(htim, TIM_CHANNEL_2, HAL_TIM_CHANNEL_STATE_BUSY);
1683:Drivers/STM32F3xx_HAL_Driver/Src/stm32f3xx_hal_tim_ex.c ****   TIM_CHANNEL_N_STATE_SET(htim, TIM_CHANNEL_1, HAL_TIM_CHANNEL_STATE_BUSY);
ARM GAS  /tmp/ccZqO8pD.s 			page 31


1684:Drivers/STM32F3xx_HAL_Driver/Src/stm32f3xx_hal_tim_ex.c ****   TIM_CHANNEL_N_STATE_SET(htim, TIM_CHANNEL_2, HAL_TIM_CHANNEL_STATE_BUSY);
1685:Drivers/STM32F3xx_HAL_Driver/Src/stm32f3xx_hal_tim_ex.c **** 
1686:Drivers/STM32F3xx_HAL_Driver/Src/stm32f3xx_hal_tim_ex.c ****   /* Enable the TIM Capture/Compare 1 interrupt */
1687:Drivers/STM32F3xx_HAL_Driver/Src/stm32f3xx_hal_tim_ex.c ****   __HAL_TIM_ENABLE_IT(htim, TIM_IT_CC1);
1688:Drivers/STM32F3xx_HAL_Driver/Src/stm32f3xx_hal_tim_ex.c **** 
1689:Drivers/STM32F3xx_HAL_Driver/Src/stm32f3xx_hal_tim_ex.c ****   /* Enable the TIM Capture/Compare 2 interrupt */
1690:Drivers/STM32F3xx_HAL_Driver/Src/stm32f3xx_hal_tim_ex.c ****   __HAL_TIM_ENABLE_IT(htim, TIM_IT_CC2);
1691:Drivers/STM32F3xx_HAL_Driver/Src/stm32f3xx_hal_tim_ex.c **** 
1692:Drivers/STM32F3xx_HAL_Driver/Src/stm32f3xx_hal_tim_ex.c ****   /* Enable the complementary One Pulse output channel and the Input Capture channel */
1693:Drivers/STM32F3xx_HAL_Driver/Src/stm32f3xx_hal_tim_ex.c ****   TIM_CCxNChannelCmd(htim->Instance, OutputChannel, TIM_CCxN_ENABLE);
1694:Drivers/STM32F3xx_HAL_Driver/Src/stm32f3xx_hal_tim_ex.c ****   TIM_CCxChannelCmd(htim->Instance, input_channel, TIM_CCx_ENABLE);
1695:Drivers/STM32F3xx_HAL_Driver/Src/stm32f3xx_hal_tim_ex.c **** 
1696:Drivers/STM32F3xx_HAL_Driver/Src/stm32f3xx_hal_tim_ex.c ****   /* Enable the Main Output */
1697:Drivers/STM32F3xx_HAL_Driver/Src/stm32f3xx_hal_tim_ex.c ****   __HAL_TIM_MOE_ENABLE(htim);
1698:Drivers/STM32F3xx_HAL_Driver/Src/stm32f3xx_hal_tim_ex.c **** 
1699:Drivers/STM32F3xx_HAL_Driver/Src/stm32f3xx_hal_tim_ex.c ****   /* Return function status */
1700:Drivers/STM32F3xx_HAL_Driver/Src/stm32f3xx_hal_tim_ex.c ****   return HAL_OK;
1701:Drivers/STM32F3xx_HAL_Driver/Src/stm32f3xx_hal_tim_ex.c **** }
1702:Drivers/STM32F3xx_HAL_Driver/Src/stm32f3xx_hal_tim_ex.c **** 
1703:Drivers/STM32F3xx_HAL_Driver/Src/stm32f3xx_hal_tim_ex.c **** /**
1704:Drivers/STM32F3xx_HAL_Driver/Src/stm32f3xx_hal_tim_ex.c ****   * @brief  Stops the TIM One Pulse signal generation in interrupt mode on the
1705:Drivers/STM32F3xx_HAL_Driver/Src/stm32f3xx_hal_tim_ex.c ****   *         complementary channel.
1706:Drivers/STM32F3xx_HAL_Driver/Src/stm32f3xx_hal_tim_ex.c ****   * @note OutputChannel must match the pulse output channel chosen when calling
1707:Drivers/STM32F3xx_HAL_Driver/Src/stm32f3xx_hal_tim_ex.c ****   *       @ref HAL_TIM_OnePulse_ConfigChannel().
1708:Drivers/STM32F3xx_HAL_Driver/Src/stm32f3xx_hal_tim_ex.c ****   * @param  htim TIM One Pulse handle
1709:Drivers/STM32F3xx_HAL_Driver/Src/stm32f3xx_hal_tim_ex.c ****   * @param  OutputChannel pulse output channel to disable
1710:Drivers/STM32F3xx_HAL_Driver/Src/stm32f3xx_hal_tim_ex.c ****   *          This parameter can be one of the following values:
1711:Drivers/STM32F3xx_HAL_Driver/Src/stm32f3xx_hal_tim_ex.c ****   *            @arg TIM_CHANNEL_1: TIM Channel 1 selected
1712:Drivers/STM32F3xx_HAL_Driver/Src/stm32f3xx_hal_tim_ex.c ****   *            @arg TIM_CHANNEL_2: TIM Channel 2 selected
1713:Drivers/STM32F3xx_HAL_Driver/Src/stm32f3xx_hal_tim_ex.c ****   * @retval HAL status
1714:Drivers/STM32F3xx_HAL_Driver/Src/stm32f3xx_hal_tim_ex.c ****   */
1715:Drivers/STM32F3xx_HAL_Driver/Src/stm32f3xx_hal_tim_ex.c **** HAL_StatusTypeDef HAL_TIMEx_OnePulseN_Stop_IT(TIM_HandleTypeDef *htim, uint32_t OutputChannel)
1716:Drivers/STM32F3xx_HAL_Driver/Src/stm32f3xx_hal_tim_ex.c **** {
1717:Drivers/STM32F3xx_HAL_Driver/Src/stm32f3xx_hal_tim_ex.c ****   uint32_t input_channel = (OutputChannel == TIM_CHANNEL_1) ? TIM_CHANNEL_2 : TIM_CHANNEL_1;
1718:Drivers/STM32F3xx_HAL_Driver/Src/stm32f3xx_hal_tim_ex.c **** 
1719:Drivers/STM32F3xx_HAL_Driver/Src/stm32f3xx_hal_tim_ex.c ****   /* Check the parameters */
1720:Drivers/STM32F3xx_HAL_Driver/Src/stm32f3xx_hal_tim_ex.c ****   assert_param(IS_TIM_CCXN_INSTANCE(htim->Instance, OutputChannel));
1721:Drivers/STM32F3xx_HAL_Driver/Src/stm32f3xx_hal_tim_ex.c **** 
1722:Drivers/STM32F3xx_HAL_Driver/Src/stm32f3xx_hal_tim_ex.c ****   /* Disable the TIM Capture/Compare 1 interrupt */
1723:Drivers/STM32F3xx_HAL_Driver/Src/stm32f3xx_hal_tim_ex.c ****   __HAL_TIM_DISABLE_IT(htim, TIM_IT_CC1);
1724:Drivers/STM32F3xx_HAL_Driver/Src/stm32f3xx_hal_tim_ex.c **** 
1725:Drivers/STM32F3xx_HAL_Driver/Src/stm32f3xx_hal_tim_ex.c ****   /* Disable the TIM Capture/Compare 2 interrupt */
1726:Drivers/STM32F3xx_HAL_Driver/Src/stm32f3xx_hal_tim_ex.c ****   __HAL_TIM_DISABLE_IT(htim, TIM_IT_CC2);
1727:Drivers/STM32F3xx_HAL_Driver/Src/stm32f3xx_hal_tim_ex.c **** 
1728:Drivers/STM32F3xx_HAL_Driver/Src/stm32f3xx_hal_tim_ex.c ****   /* Disable the complementary One Pulse output channel and the Input Capture channel */
1729:Drivers/STM32F3xx_HAL_Driver/Src/stm32f3xx_hal_tim_ex.c ****   TIM_CCxNChannelCmd(htim->Instance, OutputChannel, TIM_CCxN_DISABLE);
1730:Drivers/STM32F3xx_HAL_Driver/Src/stm32f3xx_hal_tim_ex.c ****   TIM_CCxChannelCmd(htim->Instance, input_channel, TIM_CCx_DISABLE);
1731:Drivers/STM32F3xx_HAL_Driver/Src/stm32f3xx_hal_tim_ex.c **** 
1732:Drivers/STM32F3xx_HAL_Driver/Src/stm32f3xx_hal_tim_ex.c ****   /* Disable the Main Output */
1733:Drivers/STM32F3xx_HAL_Driver/Src/stm32f3xx_hal_tim_ex.c ****   __HAL_TIM_MOE_DISABLE(htim);
1734:Drivers/STM32F3xx_HAL_Driver/Src/stm32f3xx_hal_tim_ex.c **** 
1735:Drivers/STM32F3xx_HAL_Driver/Src/stm32f3xx_hal_tim_ex.c ****   /* Disable the Peripheral */
1736:Drivers/STM32F3xx_HAL_Driver/Src/stm32f3xx_hal_tim_ex.c ****   __HAL_TIM_DISABLE(htim);
1737:Drivers/STM32F3xx_HAL_Driver/Src/stm32f3xx_hal_tim_ex.c **** 
1738:Drivers/STM32F3xx_HAL_Driver/Src/stm32f3xx_hal_tim_ex.c ****   /* Set the TIM  channels state */
1739:Drivers/STM32F3xx_HAL_Driver/Src/stm32f3xx_hal_tim_ex.c ****   TIM_CHANNEL_STATE_SET(htim, TIM_CHANNEL_1, HAL_TIM_CHANNEL_STATE_READY);
1740:Drivers/STM32F3xx_HAL_Driver/Src/stm32f3xx_hal_tim_ex.c ****   TIM_CHANNEL_STATE_SET(htim, TIM_CHANNEL_2, HAL_TIM_CHANNEL_STATE_READY);
ARM GAS  /tmp/ccZqO8pD.s 			page 32


1741:Drivers/STM32F3xx_HAL_Driver/Src/stm32f3xx_hal_tim_ex.c ****   TIM_CHANNEL_N_STATE_SET(htim, TIM_CHANNEL_1, HAL_TIM_CHANNEL_STATE_READY);
1742:Drivers/STM32F3xx_HAL_Driver/Src/stm32f3xx_hal_tim_ex.c ****   TIM_CHANNEL_N_STATE_SET(htim, TIM_CHANNEL_2, HAL_TIM_CHANNEL_STATE_READY);
1743:Drivers/STM32F3xx_HAL_Driver/Src/stm32f3xx_hal_tim_ex.c **** 
1744:Drivers/STM32F3xx_HAL_Driver/Src/stm32f3xx_hal_tim_ex.c ****   /* Return function status */
1745:Drivers/STM32F3xx_HAL_Driver/Src/stm32f3xx_hal_tim_ex.c ****   return HAL_OK;
1746:Drivers/STM32F3xx_HAL_Driver/Src/stm32f3xx_hal_tim_ex.c **** }
1747:Drivers/STM32F3xx_HAL_Driver/Src/stm32f3xx_hal_tim_ex.c **** 
1748:Drivers/STM32F3xx_HAL_Driver/Src/stm32f3xx_hal_tim_ex.c **** /**
1749:Drivers/STM32F3xx_HAL_Driver/Src/stm32f3xx_hal_tim_ex.c ****   * @}
1750:Drivers/STM32F3xx_HAL_Driver/Src/stm32f3xx_hal_tim_ex.c ****   */
1751:Drivers/STM32F3xx_HAL_Driver/Src/stm32f3xx_hal_tim_ex.c **** 
1752:Drivers/STM32F3xx_HAL_Driver/Src/stm32f3xx_hal_tim_ex.c **** /** @defgroup TIMEx_Exported_Functions_Group5 Extended Peripheral Control functions
1753:Drivers/STM32F3xx_HAL_Driver/Src/stm32f3xx_hal_tim_ex.c ****   * @brief    Peripheral Control functions
1754:Drivers/STM32F3xx_HAL_Driver/Src/stm32f3xx_hal_tim_ex.c ****   *
1755:Drivers/STM32F3xx_HAL_Driver/Src/stm32f3xx_hal_tim_ex.c **** @verbatim
1756:Drivers/STM32F3xx_HAL_Driver/Src/stm32f3xx_hal_tim_ex.c ****   ==============================================================================
1757:Drivers/STM32F3xx_HAL_Driver/Src/stm32f3xx_hal_tim_ex.c ****                     ##### Peripheral Control functions #####
1758:Drivers/STM32F3xx_HAL_Driver/Src/stm32f3xx_hal_tim_ex.c ****   ==============================================================================
1759:Drivers/STM32F3xx_HAL_Driver/Src/stm32f3xx_hal_tim_ex.c ****   [..]
1760:Drivers/STM32F3xx_HAL_Driver/Src/stm32f3xx_hal_tim_ex.c ****     This section provides functions allowing to:
1761:Drivers/STM32F3xx_HAL_Driver/Src/stm32f3xx_hal_tim_ex.c ****       (+) Configure the commutation event in case of use of the Hall sensor interface.
1762:Drivers/STM32F3xx_HAL_Driver/Src/stm32f3xx_hal_tim_ex.c ****       (+) Configure Output channels for OC and PWM mode.
1763:Drivers/STM32F3xx_HAL_Driver/Src/stm32f3xx_hal_tim_ex.c **** 
1764:Drivers/STM32F3xx_HAL_Driver/Src/stm32f3xx_hal_tim_ex.c ****       (+) Configure Complementary channels, break features and dead time.
1765:Drivers/STM32F3xx_HAL_Driver/Src/stm32f3xx_hal_tim_ex.c ****       (+) Configure Master synchronization.
1766:Drivers/STM32F3xx_HAL_Driver/Src/stm32f3xx_hal_tim_ex.c ****       (+) Configure timer remapping capabilities.
1767:Drivers/STM32F3xx_HAL_Driver/Src/stm32f3xx_hal_tim_ex.c ****       (+) Enable or disable channel grouping.
1768:Drivers/STM32F3xx_HAL_Driver/Src/stm32f3xx_hal_tim_ex.c **** 
1769:Drivers/STM32F3xx_HAL_Driver/Src/stm32f3xx_hal_tim_ex.c **** @endverbatim
1770:Drivers/STM32F3xx_HAL_Driver/Src/stm32f3xx_hal_tim_ex.c ****   * @{
1771:Drivers/STM32F3xx_HAL_Driver/Src/stm32f3xx_hal_tim_ex.c ****   */
1772:Drivers/STM32F3xx_HAL_Driver/Src/stm32f3xx_hal_tim_ex.c **** 
1773:Drivers/STM32F3xx_HAL_Driver/Src/stm32f3xx_hal_tim_ex.c **** /**
1774:Drivers/STM32F3xx_HAL_Driver/Src/stm32f3xx_hal_tim_ex.c ****   * @brief  Configure the TIM commutation event sequence.
1775:Drivers/STM32F3xx_HAL_Driver/Src/stm32f3xx_hal_tim_ex.c ****   * @note  This function is mandatory to use the commutation event in order to
1776:Drivers/STM32F3xx_HAL_Driver/Src/stm32f3xx_hal_tim_ex.c ****   *        update the configuration at each commutation detection on the TRGI input of the Timer,
1777:Drivers/STM32F3xx_HAL_Driver/Src/stm32f3xx_hal_tim_ex.c ****   *        the typical use of this feature is with the use of another Timer(interface Timer)
1778:Drivers/STM32F3xx_HAL_Driver/Src/stm32f3xx_hal_tim_ex.c ****   *        configured in Hall sensor interface, this interface Timer will generate the
1779:Drivers/STM32F3xx_HAL_Driver/Src/stm32f3xx_hal_tim_ex.c ****   *        commutation at its TRGO output (connected to Timer used in this function) each time
1780:Drivers/STM32F3xx_HAL_Driver/Src/stm32f3xx_hal_tim_ex.c ****   *        the TI1 of the Interface Timer detect a commutation at its input TI1.
1781:Drivers/STM32F3xx_HAL_Driver/Src/stm32f3xx_hal_tim_ex.c ****   * @param  htim TIM handle
1782:Drivers/STM32F3xx_HAL_Driver/Src/stm32f3xx_hal_tim_ex.c ****   * @param  InputTrigger the Internal trigger corresponding to the Timer Interfacing with the Hall 
1783:Drivers/STM32F3xx_HAL_Driver/Src/stm32f3xx_hal_tim_ex.c ****   *          This parameter can be one of the following values:
1784:Drivers/STM32F3xx_HAL_Driver/Src/stm32f3xx_hal_tim_ex.c ****   *            @arg TIM_TS_ITR0: Internal trigger 0 selected
1785:Drivers/STM32F3xx_HAL_Driver/Src/stm32f3xx_hal_tim_ex.c ****   *            @arg TIM_TS_ITR1: Internal trigger 1 selected
1786:Drivers/STM32F3xx_HAL_Driver/Src/stm32f3xx_hal_tim_ex.c ****   *            @arg TIM_TS_ITR2: Internal trigger 2 selected
1787:Drivers/STM32F3xx_HAL_Driver/Src/stm32f3xx_hal_tim_ex.c ****   *            @arg TIM_TS_ITR3: Internal trigger 3 selected
1788:Drivers/STM32F3xx_HAL_Driver/Src/stm32f3xx_hal_tim_ex.c ****   *            @arg TIM_TS_NONE: No trigger is needed
1789:Drivers/STM32F3xx_HAL_Driver/Src/stm32f3xx_hal_tim_ex.c ****   * @param  CommutationSource the Commutation Event source
1790:Drivers/STM32F3xx_HAL_Driver/Src/stm32f3xx_hal_tim_ex.c ****   *          This parameter can be one of the following values:
1791:Drivers/STM32F3xx_HAL_Driver/Src/stm32f3xx_hal_tim_ex.c ****   *            @arg TIM_COMMUTATION_TRGI: Commutation source is the TRGI of the Interface Timer
1792:Drivers/STM32F3xx_HAL_Driver/Src/stm32f3xx_hal_tim_ex.c ****   *            @arg TIM_COMMUTATION_SOFTWARE:  Commutation source is set by software using the COMG
1793:Drivers/STM32F3xx_HAL_Driver/Src/stm32f3xx_hal_tim_ex.c ****   * @retval HAL status
1794:Drivers/STM32F3xx_HAL_Driver/Src/stm32f3xx_hal_tim_ex.c ****   */
1795:Drivers/STM32F3xx_HAL_Driver/Src/stm32f3xx_hal_tim_ex.c **** HAL_StatusTypeDef HAL_TIMEx_ConfigCommutEvent(TIM_HandleTypeDef *htim, uint32_t  InputTrigger,
1796:Drivers/STM32F3xx_HAL_Driver/Src/stm32f3xx_hal_tim_ex.c ****                                               uint32_t  CommutationSource)
1797:Drivers/STM32F3xx_HAL_Driver/Src/stm32f3xx_hal_tim_ex.c **** {
ARM GAS  /tmp/ccZqO8pD.s 			page 33


1798:Drivers/STM32F3xx_HAL_Driver/Src/stm32f3xx_hal_tim_ex.c ****   /* Check the parameters */
1799:Drivers/STM32F3xx_HAL_Driver/Src/stm32f3xx_hal_tim_ex.c ****   assert_param(IS_TIM_COMMUTATION_EVENT_INSTANCE(htim->Instance));
1800:Drivers/STM32F3xx_HAL_Driver/Src/stm32f3xx_hal_tim_ex.c ****   assert_param(IS_TIM_INTERNAL_TRIGGEREVENT_SELECTION(InputTrigger));
1801:Drivers/STM32F3xx_HAL_Driver/Src/stm32f3xx_hal_tim_ex.c **** 
1802:Drivers/STM32F3xx_HAL_Driver/Src/stm32f3xx_hal_tim_ex.c ****   __HAL_LOCK(htim);
1803:Drivers/STM32F3xx_HAL_Driver/Src/stm32f3xx_hal_tim_ex.c **** 
1804:Drivers/STM32F3xx_HAL_Driver/Src/stm32f3xx_hal_tim_ex.c ****   if ((InputTrigger == TIM_TS_ITR0) || (InputTrigger == TIM_TS_ITR1) ||
1805:Drivers/STM32F3xx_HAL_Driver/Src/stm32f3xx_hal_tim_ex.c ****       (InputTrigger == TIM_TS_ITR2) || (InputTrigger == TIM_TS_ITR3))
1806:Drivers/STM32F3xx_HAL_Driver/Src/stm32f3xx_hal_tim_ex.c ****   {
1807:Drivers/STM32F3xx_HAL_Driver/Src/stm32f3xx_hal_tim_ex.c ****     /* Select the Input trigger */
1808:Drivers/STM32F3xx_HAL_Driver/Src/stm32f3xx_hal_tim_ex.c ****     htim->Instance->SMCR &= ~TIM_SMCR_TS;
1809:Drivers/STM32F3xx_HAL_Driver/Src/stm32f3xx_hal_tim_ex.c ****     htim->Instance->SMCR |= InputTrigger;
1810:Drivers/STM32F3xx_HAL_Driver/Src/stm32f3xx_hal_tim_ex.c ****   }
1811:Drivers/STM32F3xx_HAL_Driver/Src/stm32f3xx_hal_tim_ex.c **** 
1812:Drivers/STM32F3xx_HAL_Driver/Src/stm32f3xx_hal_tim_ex.c ****   /* Select the Capture Compare preload feature */
1813:Drivers/STM32F3xx_HAL_Driver/Src/stm32f3xx_hal_tim_ex.c ****   htim->Instance->CR2 |= TIM_CR2_CCPC;
1814:Drivers/STM32F3xx_HAL_Driver/Src/stm32f3xx_hal_tim_ex.c ****   /* Select the Commutation event source */
1815:Drivers/STM32F3xx_HAL_Driver/Src/stm32f3xx_hal_tim_ex.c ****   htim->Instance->CR2 &= ~TIM_CR2_CCUS;
1816:Drivers/STM32F3xx_HAL_Driver/Src/stm32f3xx_hal_tim_ex.c ****   htim->Instance->CR2 |= CommutationSource;
1817:Drivers/STM32F3xx_HAL_Driver/Src/stm32f3xx_hal_tim_ex.c **** 
1818:Drivers/STM32F3xx_HAL_Driver/Src/stm32f3xx_hal_tim_ex.c ****   /* Disable Commutation Interrupt */
1819:Drivers/STM32F3xx_HAL_Driver/Src/stm32f3xx_hal_tim_ex.c ****   __HAL_TIM_DISABLE_IT(htim, TIM_IT_COM);
1820:Drivers/STM32F3xx_HAL_Driver/Src/stm32f3xx_hal_tim_ex.c **** 
1821:Drivers/STM32F3xx_HAL_Driver/Src/stm32f3xx_hal_tim_ex.c ****   /* Disable Commutation DMA request */
1822:Drivers/STM32F3xx_HAL_Driver/Src/stm32f3xx_hal_tim_ex.c ****   __HAL_TIM_DISABLE_DMA(htim, TIM_DMA_COM);
1823:Drivers/STM32F3xx_HAL_Driver/Src/stm32f3xx_hal_tim_ex.c **** 
1824:Drivers/STM32F3xx_HAL_Driver/Src/stm32f3xx_hal_tim_ex.c ****   __HAL_UNLOCK(htim);
1825:Drivers/STM32F3xx_HAL_Driver/Src/stm32f3xx_hal_tim_ex.c **** 
1826:Drivers/STM32F3xx_HAL_Driver/Src/stm32f3xx_hal_tim_ex.c ****   return HAL_OK;
1827:Drivers/STM32F3xx_HAL_Driver/Src/stm32f3xx_hal_tim_ex.c **** }
1828:Drivers/STM32F3xx_HAL_Driver/Src/stm32f3xx_hal_tim_ex.c **** 
1829:Drivers/STM32F3xx_HAL_Driver/Src/stm32f3xx_hal_tim_ex.c **** /**
1830:Drivers/STM32F3xx_HAL_Driver/Src/stm32f3xx_hal_tim_ex.c ****   * @brief  Configure the TIM commutation event sequence with interrupt.
1831:Drivers/STM32F3xx_HAL_Driver/Src/stm32f3xx_hal_tim_ex.c ****   * @note  This function is mandatory to use the commutation event in order to
1832:Drivers/STM32F3xx_HAL_Driver/Src/stm32f3xx_hal_tim_ex.c ****   *        update the configuration at each commutation detection on the TRGI input of the Timer,
1833:Drivers/STM32F3xx_HAL_Driver/Src/stm32f3xx_hal_tim_ex.c ****   *        the typical use of this feature is with the use of another Timer(interface Timer)
1834:Drivers/STM32F3xx_HAL_Driver/Src/stm32f3xx_hal_tim_ex.c ****   *        configured in Hall sensor interface, this interface Timer will generate the
1835:Drivers/STM32F3xx_HAL_Driver/Src/stm32f3xx_hal_tim_ex.c ****   *        commutation at its TRGO output (connected to Timer used in this function) each time
1836:Drivers/STM32F3xx_HAL_Driver/Src/stm32f3xx_hal_tim_ex.c ****   *        the TI1 of the Interface Timer detect a commutation at its input TI1.
1837:Drivers/STM32F3xx_HAL_Driver/Src/stm32f3xx_hal_tim_ex.c ****   * @param  htim TIM handle
1838:Drivers/STM32F3xx_HAL_Driver/Src/stm32f3xx_hal_tim_ex.c ****   * @param  InputTrigger the Internal trigger corresponding to the Timer Interfacing with the Hall 
1839:Drivers/STM32F3xx_HAL_Driver/Src/stm32f3xx_hal_tim_ex.c ****   *          This parameter can be one of the following values:
1840:Drivers/STM32F3xx_HAL_Driver/Src/stm32f3xx_hal_tim_ex.c ****   *            @arg TIM_TS_ITR0: Internal trigger 0 selected
1841:Drivers/STM32F3xx_HAL_Driver/Src/stm32f3xx_hal_tim_ex.c ****   *            @arg TIM_TS_ITR1: Internal trigger 1 selected
1842:Drivers/STM32F3xx_HAL_Driver/Src/stm32f3xx_hal_tim_ex.c ****   *            @arg TIM_TS_ITR2: Internal trigger 2 selected
1843:Drivers/STM32F3xx_HAL_Driver/Src/stm32f3xx_hal_tim_ex.c ****   *            @arg TIM_TS_ITR3: Internal trigger 3 selected
1844:Drivers/STM32F3xx_HAL_Driver/Src/stm32f3xx_hal_tim_ex.c ****   *            @arg TIM_TS_NONE: No trigger is needed
1845:Drivers/STM32F3xx_HAL_Driver/Src/stm32f3xx_hal_tim_ex.c ****   * @param  CommutationSource the Commutation Event source
1846:Drivers/STM32F3xx_HAL_Driver/Src/stm32f3xx_hal_tim_ex.c ****   *          This parameter can be one of the following values:
1847:Drivers/STM32F3xx_HAL_Driver/Src/stm32f3xx_hal_tim_ex.c ****   *            @arg TIM_COMMUTATION_TRGI: Commutation source is the TRGI of the Interface Timer
1848:Drivers/STM32F3xx_HAL_Driver/Src/stm32f3xx_hal_tim_ex.c ****   *            @arg TIM_COMMUTATION_SOFTWARE:  Commutation source is set by software using the COMG
1849:Drivers/STM32F3xx_HAL_Driver/Src/stm32f3xx_hal_tim_ex.c ****   * @retval HAL status
1850:Drivers/STM32F3xx_HAL_Driver/Src/stm32f3xx_hal_tim_ex.c ****   */
1851:Drivers/STM32F3xx_HAL_Driver/Src/stm32f3xx_hal_tim_ex.c **** HAL_StatusTypeDef HAL_TIMEx_ConfigCommutEvent_IT(TIM_HandleTypeDef *htim, uint32_t  InputTrigger,
1852:Drivers/STM32F3xx_HAL_Driver/Src/stm32f3xx_hal_tim_ex.c ****                                                  uint32_t  CommutationSource)
1853:Drivers/STM32F3xx_HAL_Driver/Src/stm32f3xx_hal_tim_ex.c **** {
1854:Drivers/STM32F3xx_HAL_Driver/Src/stm32f3xx_hal_tim_ex.c ****   /* Check the parameters */
ARM GAS  /tmp/ccZqO8pD.s 			page 34


1855:Drivers/STM32F3xx_HAL_Driver/Src/stm32f3xx_hal_tim_ex.c ****   assert_param(IS_TIM_COMMUTATION_EVENT_INSTANCE(htim->Instance));
1856:Drivers/STM32F3xx_HAL_Driver/Src/stm32f3xx_hal_tim_ex.c ****   assert_param(IS_TIM_INTERNAL_TRIGGEREVENT_SELECTION(InputTrigger));
1857:Drivers/STM32F3xx_HAL_Driver/Src/stm32f3xx_hal_tim_ex.c **** 
1858:Drivers/STM32F3xx_HAL_Driver/Src/stm32f3xx_hal_tim_ex.c ****   __HAL_LOCK(htim);
1859:Drivers/STM32F3xx_HAL_Driver/Src/stm32f3xx_hal_tim_ex.c **** 
1860:Drivers/STM32F3xx_HAL_Driver/Src/stm32f3xx_hal_tim_ex.c ****   if ((InputTrigger == TIM_TS_ITR0) || (InputTrigger == TIM_TS_ITR1) ||
1861:Drivers/STM32F3xx_HAL_Driver/Src/stm32f3xx_hal_tim_ex.c ****       (InputTrigger == TIM_TS_ITR2) || (InputTrigger == TIM_TS_ITR3))
1862:Drivers/STM32F3xx_HAL_Driver/Src/stm32f3xx_hal_tim_ex.c ****   {
1863:Drivers/STM32F3xx_HAL_Driver/Src/stm32f3xx_hal_tim_ex.c ****     /* Select the Input trigger */
1864:Drivers/STM32F3xx_HAL_Driver/Src/stm32f3xx_hal_tim_ex.c ****     htim->Instance->SMCR &= ~TIM_SMCR_TS;
1865:Drivers/STM32F3xx_HAL_Driver/Src/stm32f3xx_hal_tim_ex.c ****     htim->Instance->SMCR |= InputTrigger;
1866:Drivers/STM32F3xx_HAL_Driver/Src/stm32f3xx_hal_tim_ex.c ****   }
1867:Drivers/STM32F3xx_HAL_Driver/Src/stm32f3xx_hal_tim_ex.c **** 
1868:Drivers/STM32F3xx_HAL_Driver/Src/stm32f3xx_hal_tim_ex.c ****   /* Select the Capture Compare preload feature */
1869:Drivers/STM32F3xx_HAL_Driver/Src/stm32f3xx_hal_tim_ex.c ****   htim->Instance->CR2 |= TIM_CR2_CCPC;
1870:Drivers/STM32F3xx_HAL_Driver/Src/stm32f3xx_hal_tim_ex.c ****   /* Select the Commutation event source */
1871:Drivers/STM32F3xx_HAL_Driver/Src/stm32f3xx_hal_tim_ex.c ****   htim->Instance->CR2 &= ~TIM_CR2_CCUS;
1872:Drivers/STM32F3xx_HAL_Driver/Src/stm32f3xx_hal_tim_ex.c ****   htim->Instance->CR2 |= CommutationSource;
1873:Drivers/STM32F3xx_HAL_Driver/Src/stm32f3xx_hal_tim_ex.c **** 
1874:Drivers/STM32F3xx_HAL_Driver/Src/stm32f3xx_hal_tim_ex.c ****   /* Disable Commutation DMA request */
1875:Drivers/STM32F3xx_HAL_Driver/Src/stm32f3xx_hal_tim_ex.c ****   __HAL_TIM_DISABLE_DMA(htim, TIM_DMA_COM);
1876:Drivers/STM32F3xx_HAL_Driver/Src/stm32f3xx_hal_tim_ex.c **** 
1877:Drivers/STM32F3xx_HAL_Driver/Src/stm32f3xx_hal_tim_ex.c ****   /* Enable the Commutation Interrupt */
1878:Drivers/STM32F3xx_HAL_Driver/Src/stm32f3xx_hal_tim_ex.c ****   __HAL_TIM_ENABLE_IT(htim, TIM_IT_COM);
1879:Drivers/STM32F3xx_HAL_Driver/Src/stm32f3xx_hal_tim_ex.c **** 
1880:Drivers/STM32F3xx_HAL_Driver/Src/stm32f3xx_hal_tim_ex.c ****   __HAL_UNLOCK(htim);
1881:Drivers/STM32F3xx_HAL_Driver/Src/stm32f3xx_hal_tim_ex.c **** 
1882:Drivers/STM32F3xx_HAL_Driver/Src/stm32f3xx_hal_tim_ex.c ****   return HAL_OK;
1883:Drivers/STM32F3xx_HAL_Driver/Src/stm32f3xx_hal_tim_ex.c **** }
1884:Drivers/STM32F3xx_HAL_Driver/Src/stm32f3xx_hal_tim_ex.c **** 
1885:Drivers/STM32F3xx_HAL_Driver/Src/stm32f3xx_hal_tim_ex.c **** /**
1886:Drivers/STM32F3xx_HAL_Driver/Src/stm32f3xx_hal_tim_ex.c ****   * @brief  Configure the TIM commutation event sequence with DMA.
1887:Drivers/STM32F3xx_HAL_Driver/Src/stm32f3xx_hal_tim_ex.c ****   * @note  This function is mandatory to use the commutation event in order to
1888:Drivers/STM32F3xx_HAL_Driver/Src/stm32f3xx_hal_tim_ex.c ****   *        update the configuration at each commutation detection on the TRGI input of the Timer,
1889:Drivers/STM32F3xx_HAL_Driver/Src/stm32f3xx_hal_tim_ex.c ****   *        the typical use of this feature is with the use of another Timer(interface Timer)
1890:Drivers/STM32F3xx_HAL_Driver/Src/stm32f3xx_hal_tim_ex.c ****   *        configured in Hall sensor interface, this interface Timer will generate the
1891:Drivers/STM32F3xx_HAL_Driver/Src/stm32f3xx_hal_tim_ex.c ****   *        commutation at its TRGO output (connected to Timer used in this function) each time
1892:Drivers/STM32F3xx_HAL_Driver/Src/stm32f3xx_hal_tim_ex.c ****   *        the TI1 of the Interface Timer detect a commutation at its input TI1.
1893:Drivers/STM32F3xx_HAL_Driver/Src/stm32f3xx_hal_tim_ex.c ****   * @note  The user should configure the DMA in his own software, in This function only the COMDE b
1894:Drivers/STM32F3xx_HAL_Driver/Src/stm32f3xx_hal_tim_ex.c ****   * @param  htim TIM handle
1895:Drivers/STM32F3xx_HAL_Driver/Src/stm32f3xx_hal_tim_ex.c ****   * @param  InputTrigger the Internal trigger corresponding to the Timer Interfacing with the Hall 
1896:Drivers/STM32F3xx_HAL_Driver/Src/stm32f3xx_hal_tim_ex.c ****   *          This parameter can be one of the following values:
1897:Drivers/STM32F3xx_HAL_Driver/Src/stm32f3xx_hal_tim_ex.c ****   *            @arg TIM_TS_ITR0: Internal trigger 0 selected
1898:Drivers/STM32F3xx_HAL_Driver/Src/stm32f3xx_hal_tim_ex.c ****   *            @arg TIM_TS_ITR1: Internal trigger 1 selected
1899:Drivers/STM32F3xx_HAL_Driver/Src/stm32f3xx_hal_tim_ex.c ****   *            @arg TIM_TS_ITR2: Internal trigger 2 selected
1900:Drivers/STM32F3xx_HAL_Driver/Src/stm32f3xx_hal_tim_ex.c ****   *            @arg TIM_TS_ITR3: Internal trigger 3 selected
1901:Drivers/STM32F3xx_HAL_Driver/Src/stm32f3xx_hal_tim_ex.c ****   *            @arg TIM_TS_NONE: No trigger is needed
1902:Drivers/STM32F3xx_HAL_Driver/Src/stm32f3xx_hal_tim_ex.c ****   * @param  CommutationSource the Commutation Event source
1903:Drivers/STM32F3xx_HAL_Driver/Src/stm32f3xx_hal_tim_ex.c ****   *          This parameter can be one of the following values:
1904:Drivers/STM32F3xx_HAL_Driver/Src/stm32f3xx_hal_tim_ex.c ****   *            @arg TIM_COMMUTATION_TRGI: Commutation source is the TRGI of the Interface Timer
1905:Drivers/STM32F3xx_HAL_Driver/Src/stm32f3xx_hal_tim_ex.c ****   *            @arg TIM_COMMUTATION_SOFTWARE:  Commutation source is set by software using the COMG
1906:Drivers/STM32F3xx_HAL_Driver/Src/stm32f3xx_hal_tim_ex.c ****   * @retval HAL status
1907:Drivers/STM32F3xx_HAL_Driver/Src/stm32f3xx_hal_tim_ex.c ****   */
1908:Drivers/STM32F3xx_HAL_Driver/Src/stm32f3xx_hal_tim_ex.c **** HAL_StatusTypeDef HAL_TIMEx_ConfigCommutEvent_DMA(TIM_HandleTypeDef *htim, uint32_t  InputTrigger,
1909:Drivers/STM32F3xx_HAL_Driver/Src/stm32f3xx_hal_tim_ex.c ****                                                   uint32_t  CommutationSource)
1910:Drivers/STM32F3xx_HAL_Driver/Src/stm32f3xx_hal_tim_ex.c **** {
1911:Drivers/STM32F3xx_HAL_Driver/Src/stm32f3xx_hal_tim_ex.c ****   /* Check the parameters */
ARM GAS  /tmp/ccZqO8pD.s 			page 35


1912:Drivers/STM32F3xx_HAL_Driver/Src/stm32f3xx_hal_tim_ex.c ****   assert_param(IS_TIM_COMMUTATION_EVENT_INSTANCE(htim->Instance));
1913:Drivers/STM32F3xx_HAL_Driver/Src/stm32f3xx_hal_tim_ex.c ****   assert_param(IS_TIM_INTERNAL_TRIGGEREVENT_SELECTION(InputTrigger));
1914:Drivers/STM32F3xx_HAL_Driver/Src/stm32f3xx_hal_tim_ex.c **** 
1915:Drivers/STM32F3xx_HAL_Driver/Src/stm32f3xx_hal_tim_ex.c ****   __HAL_LOCK(htim);
1916:Drivers/STM32F3xx_HAL_Driver/Src/stm32f3xx_hal_tim_ex.c **** 
1917:Drivers/STM32F3xx_HAL_Driver/Src/stm32f3xx_hal_tim_ex.c ****   if ((InputTrigger == TIM_TS_ITR0) || (InputTrigger == TIM_TS_ITR1) ||
1918:Drivers/STM32F3xx_HAL_Driver/Src/stm32f3xx_hal_tim_ex.c ****       (InputTrigger == TIM_TS_ITR2) || (InputTrigger == TIM_TS_ITR3))
1919:Drivers/STM32F3xx_HAL_Driver/Src/stm32f3xx_hal_tim_ex.c ****   {
1920:Drivers/STM32F3xx_HAL_Driver/Src/stm32f3xx_hal_tim_ex.c ****     /* Select the Input trigger */
1921:Drivers/STM32F3xx_HAL_Driver/Src/stm32f3xx_hal_tim_ex.c ****     htim->Instance->SMCR &= ~TIM_SMCR_TS;
1922:Drivers/STM32F3xx_HAL_Driver/Src/stm32f3xx_hal_tim_ex.c ****     htim->Instance->SMCR |= InputTrigger;
1923:Drivers/STM32F3xx_HAL_Driver/Src/stm32f3xx_hal_tim_ex.c ****   }
1924:Drivers/STM32F3xx_HAL_Driver/Src/stm32f3xx_hal_tim_ex.c **** 
1925:Drivers/STM32F3xx_HAL_Driver/Src/stm32f3xx_hal_tim_ex.c ****   /* Select the Capture Compare preload feature */
1926:Drivers/STM32F3xx_HAL_Driver/Src/stm32f3xx_hal_tim_ex.c ****   htim->Instance->CR2 |= TIM_CR2_CCPC;
1927:Drivers/STM32F3xx_HAL_Driver/Src/stm32f3xx_hal_tim_ex.c ****   /* Select the Commutation event source */
1928:Drivers/STM32F3xx_HAL_Driver/Src/stm32f3xx_hal_tim_ex.c ****   htim->Instance->CR2 &= ~TIM_CR2_CCUS;
1929:Drivers/STM32F3xx_HAL_Driver/Src/stm32f3xx_hal_tim_ex.c ****   htim->Instance->CR2 |= CommutationSource;
1930:Drivers/STM32F3xx_HAL_Driver/Src/stm32f3xx_hal_tim_ex.c **** 
1931:Drivers/STM32F3xx_HAL_Driver/Src/stm32f3xx_hal_tim_ex.c ****   /* Enable the Commutation DMA Request */
1932:Drivers/STM32F3xx_HAL_Driver/Src/stm32f3xx_hal_tim_ex.c ****   /* Set the DMA Commutation Callback */
1933:Drivers/STM32F3xx_HAL_Driver/Src/stm32f3xx_hal_tim_ex.c ****   htim->hdma[TIM_DMA_ID_COMMUTATION]->XferCpltCallback = TIMEx_DMACommutationCplt;
1934:Drivers/STM32F3xx_HAL_Driver/Src/stm32f3xx_hal_tim_ex.c ****   htim->hdma[TIM_DMA_ID_COMMUTATION]->XferHalfCpltCallback = TIMEx_DMACommutationHalfCplt;
1935:Drivers/STM32F3xx_HAL_Driver/Src/stm32f3xx_hal_tim_ex.c ****   /* Set the DMA error callback */
1936:Drivers/STM32F3xx_HAL_Driver/Src/stm32f3xx_hal_tim_ex.c ****   htim->hdma[TIM_DMA_ID_COMMUTATION]->XferErrorCallback = TIM_DMAError;
1937:Drivers/STM32F3xx_HAL_Driver/Src/stm32f3xx_hal_tim_ex.c **** 
1938:Drivers/STM32F3xx_HAL_Driver/Src/stm32f3xx_hal_tim_ex.c ****   /* Disable Commutation Interrupt */
1939:Drivers/STM32F3xx_HAL_Driver/Src/stm32f3xx_hal_tim_ex.c ****   __HAL_TIM_DISABLE_IT(htim, TIM_IT_COM);
1940:Drivers/STM32F3xx_HAL_Driver/Src/stm32f3xx_hal_tim_ex.c **** 
1941:Drivers/STM32F3xx_HAL_Driver/Src/stm32f3xx_hal_tim_ex.c ****   /* Enable the Commutation DMA Request */
1942:Drivers/STM32F3xx_HAL_Driver/Src/stm32f3xx_hal_tim_ex.c ****   __HAL_TIM_ENABLE_DMA(htim, TIM_DMA_COM);
1943:Drivers/STM32F3xx_HAL_Driver/Src/stm32f3xx_hal_tim_ex.c **** 
1944:Drivers/STM32F3xx_HAL_Driver/Src/stm32f3xx_hal_tim_ex.c ****   __HAL_UNLOCK(htim);
1945:Drivers/STM32F3xx_HAL_Driver/Src/stm32f3xx_hal_tim_ex.c **** 
1946:Drivers/STM32F3xx_HAL_Driver/Src/stm32f3xx_hal_tim_ex.c ****   return HAL_OK;
1947:Drivers/STM32F3xx_HAL_Driver/Src/stm32f3xx_hal_tim_ex.c **** }
1948:Drivers/STM32F3xx_HAL_Driver/Src/stm32f3xx_hal_tim_ex.c **** 
1949:Drivers/STM32F3xx_HAL_Driver/Src/stm32f3xx_hal_tim_ex.c **** /**
1950:Drivers/STM32F3xx_HAL_Driver/Src/stm32f3xx_hal_tim_ex.c ****   * @brief  Configures the TIM in master mode.
1951:Drivers/STM32F3xx_HAL_Driver/Src/stm32f3xx_hal_tim_ex.c ****   * @param  htim TIM handle.
1952:Drivers/STM32F3xx_HAL_Driver/Src/stm32f3xx_hal_tim_ex.c ****   * @param  sMasterConfig pointer to a TIM_MasterConfigTypeDef structure that
1953:Drivers/STM32F3xx_HAL_Driver/Src/stm32f3xx_hal_tim_ex.c ****   *         contains the selected trigger output (TRGO) and the Master/Slave
1954:Drivers/STM32F3xx_HAL_Driver/Src/stm32f3xx_hal_tim_ex.c ****   *         mode.
1955:Drivers/STM32F3xx_HAL_Driver/Src/stm32f3xx_hal_tim_ex.c ****   * @retval HAL status
1956:Drivers/STM32F3xx_HAL_Driver/Src/stm32f3xx_hal_tim_ex.c ****   */
1957:Drivers/STM32F3xx_HAL_Driver/Src/stm32f3xx_hal_tim_ex.c **** HAL_StatusTypeDef HAL_TIMEx_MasterConfigSynchronization(TIM_HandleTypeDef *htim,
1958:Drivers/STM32F3xx_HAL_Driver/Src/stm32f3xx_hal_tim_ex.c ****                                                         const TIM_MasterConfigTypeDef *sMasterConfi
1959:Drivers/STM32F3xx_HAL_Driver/Src/stm32f3xx_hal_tim_ex.c **** {
1960:Drivers/STM32F3xx_HAL_Driver/Src/stm32f3xx_hal_tim_ex.c ****   uint32_t tmpcr2;
1961:Drivers/STM32F3xx_HAL_Driver/Src/stm32f3xx_hal_tim_ex.c ****   uint32_t tmpsmcr;
1962:Drivers/STM32F3xx_HAL_Driver/Src/stm32f3xx_hal_tim_ex.c **** 
1963:Drivers/STM32F3xx_HAL_Driver/Src/stm32f3xx_hal_tim_ex.c ****   /* Check the parameters */
1964:Drivers/STM32F3xx_HAL_Driver/Src/stm32f3xx_hal_tim_ex.c ****   assert_param(IS_TIM_MASTER_INSTANCE(htim->Instance));
1965:Drivers/STM32F3xx_HAL_Driver/Src/stm32f3xx_hal_tim_ex.c ****   assert_param(IS_TIM_TRGO_SOURCE(sMasterConfig->MasterOutputTrigger));
1966:Drivers/STM32F3xx_HAL_Driver/Src/stm32f3xx_hal_tim_ex.c ****   assert_param(IS_TIM_MSM_STATE(sMasterConfig->MasterSlaveMode));
1967:Drivers/STM32F3xx_HAL_Driver/Src/stm32f3xx_hal_tim_ex.c **** 
1968:Drivers/STM32F3xx_HAL_Driver/Src/stm32f3xx_hal_tim_ex.c ****   /* Check input state */
ARM GAS  /tmp/ccZqO8pD.s 			page 36


1969:Drivers/STM32F3xx_HAL_Driver/Src/stm32f3xx_hal_tim_ex.c ****   __HAL_LOCK(htim);
1970:Drivers/STM32F3xx_HAL_Driver/Src/stm32f3xx_hal_tim_ex.c **** 
1971:Drivers/STM32F3xx_HAL_Driver/Src/stm32f3xx_hal_tim_ex.c ****   /* Change the handler state */
1972:Drivers/STM32F3xx_HAL_Driver/Src/stm32f3xx_hal_tim_ex.c ****   htim->State = HAL_TIM_STATE_BUSY;
1973:Drivers/STM32F3xx_HAL_Driver/Src/stm32f3xx_hal_tim_ex.c **** 
1974:Drivers/STM32F3xx_HAL_Driver/Src/stm32f3xx_hal_tim_ex.c ****   /* Get the TIMx CR2 register value */
1975:Drivers/STM32F3xx_HAL_Driver/Src/stm32f3xx_hal_tim_ex.c ****   tmpcr2 = htim->Instance->CR2;
1976:Drivers/STM32F3xx_HAL_Driver/Src/stm32f3xx_hal_tim_ex.c **** 
1977:Drivers/STM32F3xx_HAL_Driver/Src/stm32f3xx_hal_tim_ex.c ****   /* Get the TIMx SMCR register value */
1978:Drivers/STM32F3xx_HAL_Driver/Src/stm32f3xx_hal_tim_ex.c ****   tmpsmcr = htim->Instance->SMCR;
1979:Drivers/STM32F3xx_HAL_Driver/Src/stm32f3xx_hal_tim_ex.c **** 
1980:Drivers/STM32F3xx_HAL_Driver/Src/stm32f3xx_hal_tim_ex.c **** #if defined(TIM_CR2_MMS2)
1981:Drivers/STM32F3xx_HAL_Driver/Src/stm32f3xx_hal_tim_ex.c ****   /* If the timer supports ADC synchronization through TRGO2, set the master mode selection 2 */
1982:Drivers/STM32F3xx_HAL_Driver/Src/stm32f3xx_hal_tim_ex.c ****   if (IS_TIM_TRGO2_INSTANCE(htim->Instance))
1983:Drivers/STM32F3xx_HAL_Driver/Src/stm32f3xx_hal_tim_ex.c ****   {
1984:Drivers/STM32F3xx_HAL_Driver/Src/stm32f3xx_hal_tim_ex.c ****     /* Check the parameters */
1985:Drivers/STM32F3xx_HAL_Driver/Src/stm32f3xx_hal_tim_ex.c ****     assert_param(IS_TIM_TRGO2_SOURCE(sMasterConfig->MasterOutputTrigger2));
1986:Drivers/STM32F3xx_HAL_Driver/Src/stm32f3xx_hal_tim_ex.c **** 
1987:Drivers/STM32F3xx_HAL_Driver/Src/stm32f3xx_hal_tim_ex.c ****     /* Clear the MMS2 bits */
1988:Drivers/STM32F3xx_HAL_Driver/Src/stm32f3xx_hal_tim_ex.c ****     tmpcr2 &= ~TIM_CR2_MMS2;
1989:Drivers/STM32F3xx_HAL_Driver/Src/stm32f3xx_hal_tim_ex.c ****     /* Select the TRGO2 source*/
1990:Drivers/STM32F3xx_HAL_Driver/Src/stm32f3xx_hal_tim_ex.c ****     tmpcr2 |= sMasterConfig->MasterOutputTrigger2;
1991:Drivers/STM32F3xx_HAL_Driver/Src/stm32f3xx_hal_tim_ex.c ****   }
1992:Drivers/STM32F3xx_HAL_Driver/Src/stm32f3xx_hal_tim_ex.c **** #endif /* TIM_CR2_MMS2 */
1993:Drivers/STM32F3xx_HAL_Driver/Src/stm32f3xx_hal_tim_ex.c **** 
1994:Drivers/STM32F3xx_HAL_Driver/Src/stm32f3xx_hal_tim_ex.c ****   /* Reset the MMS Bits */
1995:Drivers/STM32F3xx_HAL_Driver/Src/stm32f3xx_hal_tim_ex.c ****   tmpcr2 &= ~TIM_CR2_MMS;
1996:Drivers/STM32F3xx_HAL_Driver/Src/stm32f3xx_hal_tim_ex.c ****   /* Select the TRGO source */
1997:Drivers/STM32F3xx_HAL_Driver/Src/stm32f3xx_hal_tim_ex.c ****   tmpcr2 |=  sMasterConfig->MasterOutputTrigger;
1998:Drivers/STM32F3xx_HAL_Driver/Src/stm32f3xx_hal_tim_ex.c **** 
1999:Drivers/STM32F3xx_HAL_Driver/Src/stm32f3xx_hal_tim_ex.c ****   /* Update TIMx CR2 */
2000:Drivers/STM32F3xx_HAL_Driver/Src/stm32f3xx_hal_tim_ex.c ****   htim->Instance->CR2 = tmpcr2;
2001:Drivers/STM32F3xx_HAL_Driver/Src/stm32f3xx_hal_tim_ex.c **** 
2002:Drivers/STM32F3xx_HAL_Driver/Src/stm32f3xx_hal_tim_ex.c ****   if (IS_TIM_SLAVE_INSTANCE(htim->Instance))
2003:Drivers/STM32F3xx_HAL_Driver/Src/stm32f3xx_hal_tim_ex.c ****   {
2004:Drivers/STM32F3xx_HAL_Driver/Src/stm32f3xx_hal_tim_ex.c ****     /* Reset the MSM Bit */
2005:Drivers/STM32F3xx_HAL_Driver/Src/stm32f3xx_hal_tim_ex.c ****     tmpsmcr &= ~TIM_SMCR_MSM;
2006:Drivers/STM32F3xx_HAL_Driver/Src/stm32f3xx_hal_tim_ex.c ****     /* Set master mode */
2007:Drivers/STM32F3xx_HAL_Driver/Src/stm32f3xx_hal_tim_ex.c ****     tmpsmcr |= sMasterConfig->MasterSlaveMode;
2008:Drivers/STM32F3xx_HAL_Driver/Src/stm32f3xx_hal_tim_ex.c **** 
2009:Drivers/STM32F3xx_HAL_Driver/Src/stm32f3xx_hal_tim_ex.c ****     /* Update TIMx SMCR */
2010:Drivers/STM32F3xx_HAL_Driver/Src/stm32f3xx_hal_tim_ex.c ****     htim->Instance->SMCR = tmpsmcr;
2011:Drivers/STM32F3xx_HAL_Driver/Src/stm32f3xx_hal_tim_ex.c ****   }
2012:Drivers/STM32F3xx_HAL_Driver/Src/stm32f3xx_hal_tim_ex.c **** 
2013:Drivers/STM32F3xx_HAL_Driver/Src/stm32f3xx_hal_tim_ex.c ****   /* Change the htim state */
2014:Drivers/STM32F3xx_HAL_Driver/Src/stm32f3xx_hal_tim_ex.c ****   htim->State = HAL_TIM_STATE_READY;
2015:Drivers/STM32F3xx_HAL_Driver/Src/stm32f3xx_hal_tim_ex.c **** 
2016:Drivers/STM32F3xx_HAL_Driver/Src/stm32f3xx_hal_tim_ex.c ****   __HAL_UNLOCK(htim);
2017:Drivers/STM32F3xx_HAL_Driver/Src/stm32f3xx_hal_tim_ex.c **** 
2018:Drivers/STM32F3xx_HAL_Driver/Src/stm32f3xx_hal_tim_ex.c ****   return HAL_OK;
2019:Drivers/STM32F3xx_HAL_Driver/Src/stm32f3xx_hal_tim_ex.c **** }
2020:Drivers/STM32F3xx_HAL_Driver/Src/stm32f3xx_hal_tim_ex.c **** 
2021:Drivers/STM32F3xx_HAL_Driver/Src/stm32f3xx_hal_tim_ex.c **** /**
2022:Drivers/STM32F3xx_HAL_Driver/Src/stm32f3xx_hal_tim_ex.c ****   * @brief  Configures the Break feature, dead time, Lock level, OSSI/OSSR State
2023:Drivers/STM32F3xx_HAL_Driver/Src/stm32f3xx_hal_tim_ex.c ****   *         and the AOE(automatic output enable).
2024:Drivers/STM32F3xx_HAL_Driver/Src/stm32f3xx_hal_tim_ex.c ****   * @param  htim TIM handle
2025:Drivers/STM32F3xx_HAL_Driver/Src/stm32f3xx_hal_tim_ex.c ****   * @param  sBreakDeadTimeConfig pointer to a TIM_ConfigBreakDeadConfigTypeDef structure that
ARM GAS  /tmp/ccZqO8pD.s 			page 37


2026:Drivers/STM32F3xx_HAL_Driver/Src/stm32f3xx_hal_tim_ex.c ****   *         contains the BDTR Register configuration  information for the TIM peripheral.
2027:Drivers/STM32F3xx_HAL_Driver/Src/stm32f3xx_hal_tim_ex.c ****   * @note   Interrupts can be generated when an active level is detected on the
2028:Drivers/STM32F3xx_HAL_Driver/Src/stm32f3xx_hal_tim_ex.c ****   *         break input, the break 2 input or the system break input. Break
2029:Drivers/STM32F3xx_HAL_Driver/Src/stm32f3xx_hal_tim_ex.c ****   *         interrupt can be enabled by calling the @ref __HAL_TIM_ENABLE_IT macro.
2030:Drivers/STM32F3xx_HAL_Driver/Src/stm32f3xx_hal_tim_ex.c ****   * @retval HAL status
2031:Drivers/STM32F3xx_HAL_Driver/Src/stm32f3xx_hal_tim_ex.c ****   */
2032:Drivers/STM32F3xx_HAL_Driver/Src/stm32f3xx_hal_tim_ex.c **** HAL_StatusTypeDef HAL_TIMEx_ConfigBreakDeadTime(TIM_HandleTypeDef *htim,
2033:Drivers/STM32F3xx_HAL_Driver/Src/stm32f3xx_hal_tim_ex.c ****                                                 const TIM_BreakDeadTimeConfigTypeDef *sBreakDeadTim
2034:Drivers/STM32F3xx_HAL_Driver/Src/stm32f3xx_hal_tim_ex.c **** {
2035:Drivers/STM32F3xx_HAL_Driver/Src/stm32f3xx_hal_tim_ex.c ****   /* Keep this variable initialized to 0 as it is used to configure BDTR register */
2036:Drivers/STM32F3xx_HAL_Driver/Src/stm32f3xx_hal_tim_ex.c ****   uint32_t tmpbdtr = 0U;
2037:Drivers/STM32F3xx_HAL_Driver/Src/stm32f3xx_hal_tim_ex.c **** 
2038:Drivers/STM32F3xx_HAL_Driver/Src/stm32f3xx_hal_tim_ex.c ****   /* Check the parameters */
2039:Drivers/STM32F3xx_HAL_Driver/Src/stm32f3xx_hal_tim_ex.c ****   assert_param(IS_TIM_BREAK_INSTANCE(htim->Instance));
2040:Drivers/STM32F3xx_HAL_Driver/Src/stm32f3xx_hal_tim_ex.c ****   assert_param(IS_TIM_OSSR_STATE(sBreakDeadTimeConfig->OffStateRunMode));
2041:Drivers/STM32F3xx_HAL_Driver/Src/stm32f3xx_hal_tim_ex.c ****   assert_param(IS_TIM_OSSI_STATE(sBreakDeadTimeConfig->OffStateIDLEMode));
2042:Drivers/STM32F3xx_HAL_Driver/Src/stm32f3xx_hal_tim_ex.c ****   assert_param(IS_TIM_LOCK_LEVEL(sBreakDeadTimeConfig->LockLevel));
2043:Drivers/STM32F3xx_HAL_Driver/Src/stm32f3xx_hal_tim_ex.c ****   assert_param(IS_TIM_DEADTIME(sBreakDeadTimeConfig->DeadTime));
2044:Drivers/STM32F3xx_HAL_Driver/Src/stm32f3xx_hal_tim_ex.c ****   assert_param(IS_TIM_BREAK_STATE(sBreakDeadTimeConfig->BreakState));
2045:Drivers/STM32F3xx_HAL_Driver/Src/stm32f3xx_hal_tim_ex.c ****   assert_param(IS_TIM_BREAK_POLARITY(sBreakDeadTimeConfig->BreakPolarity));
2046:Drivers/STM32F3xx_HAL_Driver/Src/stm32f3xx_hal_tim_ex.c **** #if defined(TIM_BDTR_BKF)
2047:Drivers/STM32F3xx_HAL_Driver/Src/stm32f3xx_hal_tim_ex.c ****   assert_param(IS_TIM_BREAK_FILTER(sBreakDeadTimeConfig->BreakFilter));
2048:Drivers/STM32F3xx_HAL_Driver/Src/stm32f3xx_hal_tim_ex.c **** #endif /* TIM_BDTR_BKF */
2049:Drivers/STM32F3xx_HAL_Driver/Src/stm32f3xx_hal_tim_ex.c ****   assert_param(IS_TIM_AUTOMATIC_OUTPUT_STATE(sBreakDeadTimeConfig->AutomaticOutput));
2050:Drivers/STM32F3xx_HAL_Driver/Src/stm32f3xx_hal_tim_ex.c **** 
2051:Drivers/STM32F3xx_HAL_Driver/Src/stm32f3xx_hal_tim_ex.c ****   /* Check input state */
2052:Drivers/STM32F3xx_HAL_Driver/Src/stm32f3xx_hal_tim_ex.c ****   __HAL_LOCK(htim);
2053:Drivers/STM32F3xx_HAL_Driver/Src/stm32f3xx_hal_tim_ex.c **** 
2054:Drivers/STM32F3xx_HAL_Driver/Src/stm32f3xx_hal_tim_ex.c ****   /* Set the Lock level, the Break enable Bit and the Polarity, the OSSR State,
2055:Drivers/STM32F3xx_HAL_Driver/Src/stm32f3xx_hal_tim_ex.c ****      the OSSI State, the dead time value and the Automatic Output Enable Bit */
2056:Drivers/STM32F3xx_HAL_Driver/Src/stm32f3xx_hal_tim_ex.c **** 
2057:Drivers/STM32F3xx_HAL_Driver/Src/stm32f3xx_hal_tim_ex.c ****   /* Set the BDTR bits */
2058:Drivers/STM32F3xx_HAL_Driver/Src/stm32f3xx_hal_tim_ex.c ****   MODIFY_REG(tmpbdtr, TIM_BDTR_DTG, sBreakDeadTimeConfig->DeadTime);
2059:Drivers/STM32F3xx_HAL_Driver/Src/stm32f3xx_hal_tim_ex.c ****   MODIFY_REG(tmpbdtr, TIM_BDTR_LOCK, sBreakDeadTimeConfig->LockLevel);
2060:Drivers/STM32F3xx_HAL_Driver/Src/stm32f3xx_hal_tim_ex.c ****   MODIFY_REG(tmpbdtr, TIM_BDTR_OSSI, sBreakDeadTimeConfig->OffStateIDLEMode);
2061:Drivers/STM32F3xx_HAL_Driver/Src/stm32f3xx_hal_tim_ex.c ****   MODIFY_REG(tmpbdtr, TIM_BDTR_OSSR, sBreakDeadTimeConfig->OffStateRunMode);
2062:Drivers/STM32F3xx_HAL_Driver/Src/stm32f3xx_hal_tim_ex.c ****   MODIFY_REG(tmpbdtr, TIM_BDTR_BKE, sBreakDeadTimeConfig->BreakState);
2063:Drivers/STM32F3xx_HAL_Driver/Src/stm32f3xx_hal_tim_ex.c ****   MODIFY_REG(tmpbdtr, TIM_BDTR_BKP, sBreakDeadTimeConfig->BreakPolarity);
2064:Drivers/STM32F3xx_HAL_Driver/Src/stm32f3xx_hal_tim_ex.c ****   MODIFY_REG(tmpbdtr, TIM_BDTR_AOE, sBreakDeadTimeConfig->AutomaticOutput);
2065:Drivers/STM32F3xx_HAL_Driver/Src/stm32f3xx_hal_tim_ex.c **** #if defined(TIM_BDTR_BKF)
2066:Drivers/STM32F3xx_HAL_Driver/Src/stm32f3xx_hal_tim_ex.c ****   MODIFY_REG(tmpbdtr, TIM_BDTR_BKF, (sBreakDeadTimeConfig->BreakFilter << TIM_BDTR_BKF_Pos));
2067:Drivers/STM32F3xx_HAL_Driver/Src/stm32f3xx_hal_tim_ex.c **** #endif /* TIM_BDTR_BKF */
2068:Drivers/STM32F3xx_HAL_Driver/Src/stm32f3xx_hal_tim_ex.c **** 
2069:Drivers/STM32F3xx_HAL_Driver/Src/stm32f3xx_hal_tim_ex.c **** #if defined(TIM_BDTR_BK2E)
2070:Drivers/STM32F3xx_HAL_Driver/Src/stm32f3xx_hal_tim_ex.c ****   if (IS_TIM_BKIN2_INSTANCE(htim->Instance))
2071:Drivers/STM32F3xx_HAL_Driver/Src/stm32f3xx_hal_tim_ex.c ****   {
2072:Drivers/STM32F3xx_HAL_Driver/Src/stm32f3xx_hal_tim_ex.c ****     /* Check the parameters */
2073:Drivers/STM32F3xx_HAL_Driver/Src/stm32f3xx_hal_tim_ex.c ****     assert_param(IS_TIM_BREAK2_STATE(sBreakDeadTimeConfig->Break2State));
2074:Drivers/STM32F3xx_HAL_Driver/Src/stm32f3xx_hal_tim_ex.c ****     assert_param(IS_TIM_BREAK2_POLARITY(sBreakDeadTimeConfig->Break2Polarity));
2075:Drivers/STM32F3xx_HAL_Driver/Src/stm32f3xx_hal_tim_ex.c ****     assert_param(IS_TIM_BREAK_FILTER(sBreakDeadTimeConfig->Break2Filter));
2076:Drivers/STM32F3xx_HAL_Driver/Src/stm32f3xx_hal_tim_ex.c **** 
2077:Drivers/STM32F3xx_HAL_Driver/Src/stm32f3xx_hal_tim_ex.c ****     /* Set the BREAK2 input related BDTR bits */
2078:Drivers/STM32F3xx_HAL_Driver/Src/stm32f3xx_hal_tim_ex.c ****     MODIFY_REG(tmpbdtr, TIM_BDTR_BK2F, (sBreakDeadTimeConfig->Break2Filter << TIM_BDTR_BK2F_Pos));
2079:Drivers/STM32F3xx_HAL_Driver/Src/stm32f3xx_hal_tim_ex.c ****     MODIFY_REG(tmpbdtr, TIM_BDTR_BK2E, sBreakDeadTimeConfig->Break2State);
2080:Drivers/STM32F3xx_HAL_Driver/Src/stm32f3xx_hal_tim_ex.c ****     MODIFY_REG(tmpbdtr, TIM_BDTR_BK2P, sBreakDeadTimeConfig->Break2Polarity);
2081:Drivers/STM32F3xx_HAL_Driver/Src/stm32f3xx_hal_tim_ex.c ****   }
2082:Drivers/STM32F3xx_HAL_Driver/Src/stm32f3xx_hal_tim_ex.c **** #endif /* TIM_BDTR_BK2E */
ARM GAS  /tmp/ccZqO8pD.s 			page 38


2083:Drivers/STM32F3xx_HAL_Driver/Src/stm32f3xx_hal_tim_ex.c **** 
2084:Drivers/STM32F3xx_HAL_Driver/Src/stm32f3xx_hal_tim_ex.c ****   /* Set TIMx_BDTR */
2085:Drivers/STM32F3xx_HAL_Driver/Src/stm32f3xx_hal_tim_ex.c ****   htim->Instance->BDTR = tmpbdtr;
2086:Drivers/STM32F3xx_HAL_Driver/Src/stm32f3xx_hal_tim_ex.c **** 
2087:Drivers/STM32F3xx_HAL_Driver/Src/stm32f3xx_hal_tim_ex.c ****   __HAL_UNLOCK(htim);
2088:Drivers/STM32F3xx_HAL_Driver/Src/stm32f3xx_hal_tim_ex.c **** 
2089:Drivers/STM32F3xx_HAL_Driver/Src/stm32f3xx_hal_tim_ex.c ****   return HAL_OK;
2090:Drivers/STM32F3xx_HAL_Driver/Src/stm32f3xx_hal_tim_ex.c **** }
2091:Drivers/STM32F3xx_HAL_Driver/Src/stm32f3xx_hal_tim_ex.c **** 
2092:Drivers/STM32F3xx_HAL_Driver/Src/stm32f3xx_hal_tim_ex.c **** /**
2093:Drivers/STM32F3xx_HAL_Driver/Src/stm32f3xx_hal_tim_ex.c ****   * @brief  Configures the TIMx Remapping input capabilities.
2094:Drivers/STM32F3xx_HAL_Driver/Src/stm32f3xx_hal_tim_ex.c ****   * @param  htim TIM handle.
2095:Drivers/STM32F3xx_HAL_Driver/Src/stm32f3xx_hal_tim_ex.c ****   * @param  Remap specifies the TIM remapping source.
2096:Drivers/STM32F3xx_HAL_Driver/Src/stm32f3xx_hal_tim_ex.c ****   @if STM32F301x8
2097:Drivers/STM32F3xx_HAL_Driver/Src/stm32f3xx_hal_tim_ex.c ****   *         For TIM1, the parameter can have the following values:
2098:Drivers/STM32F3xx_HAL_Driver/Src/stm32f3xx_hal_tim_ex.c ****   *           @arg TIM_TIM1_ADC1_NONE:     TIM1_ETR is not connected to any AWD (analog watchdog)
2099:Drivers/STM32F3xx_HAL_Driver/Src/stm32f3xx_hal_tim_ex.c ****   *           @arg TIM_TIM1_ADC1_AWD1:     TIM1_ETR is connected to ADC1 AWD1
2100:Drivers/STM32F3xx_HAL_Driver/Src/stm32f3xx_hal_tim_ex.c ****   *           @arg TIM_TIM1_ADC1_AWD2:     TIM1_ETR is connected to ADC1 AWD2
2101:Drivers/STM32F3xx_HAL_Driver/Src/stm32f3xx_hal_tim_ex.c ****   *           @arg TIM_TIM1_ADC1_AWD3:     TIM1_ETR is connected to ADC1 AWD2
2102:Drivers/STM32F3xx_HAL_Driver/Src/stm32f3xx_hal_tim_ex.c ****   @elseif STM32F303xE
2103:Drivers/STM32F3xx_HAL_Driver/Src/stm32f3xx_hal_tim_ex.c ****   *         For TIM1, the parameter is a combination of 2 fields (field1 | field2):
2104:Drivers/STM32F3xx_HAL_Driver/Src/stm32f3xx_hal_tim_ex.c ****   *
2105:Drivers/STM32F3xx_HAL_Driver/Src/stm32f3xx_hal_tim_ex.c ****   *                   field1 can have the following values:
2106:Drivers/STM32F3xx_HAL_Driver/Src/stm32f3xx_hal_tim_ex.c ****   *           @arg TIM_TIM1_ADC1_NONE:     TIM1_ETR is not connected to any AWD (analog watchdog)
2107:Drivers/STM32F3xx_HAL_Driver/Src/stm32f3xx_hal_tim_ex.c ****   *           @arg TIM_TIM1_ADC1_AWD1:     TIM1_ETR is connected to ADC1 AWD1
2108:Drivers/STM32F3xx_HAL_Driver/Src/stm32f3xx_hal_tim_ex.c ****   *           @arg TIM_TIM1_ADC1_AWD2:     TIM1_ETR is connected to ADC1 AWD2
2109:Drivers/STM32F3xx_HAL_Driver/Src/stm32f3xx_hal_tim_ex.c ****   *           @arg TIM_TIM1_ADC1_AWD3:     TIM1_ETR is connected to ADC1 AWD2
2110:Drivers/STM32F3xx_HAL_Driver/Src/stm32f3xx_hal_tim_ex.c ****   *
2111:Drivers/STM32F3xx_HAL_Driver/Src/stm32f3xx_hal_tim_ex.c ****   *                   field2 can have the following values:
2112:Drivers/STM32F3xx_HAL_Driver/Src/stm32f3xx_hal_tim_ex.c ****   *           @arg TIM_TIM1_ADC4_NONE :    TIM1_ETR is not connected to any AWD (analog watchdog)
2113:Drivers/STM32F3xx_HAL_Driver/Src/stm32f3xx_hal_tim_ex.c ****   *           @arg TIM_TIM1_ADC4_AWD1:     TIM1_ETR is connected to ADC4 AWD1
2114:Drivers/STM32F3xx_HAL_Driver/Src/stm32f3xx_hal_tim_ex.c ****   *           @arg TIM_TIM1_ADC4_AWD2:     TIM1_ETR is connected to ADC4 AWD2
2115:Drivers/STM32F3xx_HAL_Driver/Src/stm32f3xx_hal_tim_ex.c ****   *           @arg TIM_TIM1_ADC4_AWD3:     TIM1_ETR is connected to ADC4 AWD3
2116:Drivers/STM32F3xx_HAL_Driver/Src/stm32f3xx_hal_tim_ex.c ****   @elseif STM32F334x8
2117:Drivers/STM32F3xx_HAL_Driver/Src/stm32f3xx_hal_tim_ex.c ****   *         For TIM1, the parameter is a combination of 2 fields (field1 | field2):
2118:Drivers/STM32F3xx_HAL_Driver/Src/stm32f3xx_hal_tim_ex.c ****   *
2119:Drivers/STM32F3xx_HAL_Driver/Src/stm32f3xx_hal_tim_ex.c ****   *                   field1 can have the following values:
2120:Drivers/STM32F3xx_HAL_Driver/Src/stm32f3xx_hal_tim_ex.c ****   *           @arg TIM_TIM1_ADC1_NONE:     TIM1_ETR is not connected to any AWD (analog watchdog)
2121:Drivers/STM32F3xx_HAL_Driver/Src/stm32f3xx_hal_tim_ex.c ****   *           @arg TIM_TIM1_ADC1_AWD1:     TIM1_ETR is connected to ADC1 AWD1
2122:Drivers/STM32F3xx_HAL_Driver/Src/stm32f3xx_hal_tim_ex.c ****   *           @arg TIM_TIM1_ADC1_AWD2:     TIM1_ETR is connected to ADC1 AWD2
2123:Drivers/STM32F3xx_HAL_Driver/Src/stm32f3xx_hal_tim_ex.c ****   *           @arg TIM_TIM1_ADC1_AWD3:     TIM1_ETR is connected to ADC1 AWD2
2124:Drivers/STM32F3xx_HAL_Driver/Src/stm32f3xx_hal_tim_ex.c ****   *
2125:Drivers/STM32F3xx_HAL_Driver/Src/stm32f3xx_hal_tim_ex.c ****   *                   field2 can have the following values:
2126:Drivers/STM32F3xx_HAL_Driver/Src/stm32f3xx_hal_tim_ex.c ****   *           @arg TIM_TIM1_ADC2_NONE :    TIM1_ETR is not connected to any AWD (analog watchdog)
2127:Drivers/STM32F3xx_HAL_Driver/Src/stm32f3xx_hal_tim_ex.c ****   *           @arg TIM_TIM1_ADC2_AWD1:     TIM1_ETR is connected to ADC2 AWD1
2128:Drivers/STM32F3xx_HAL_Driver/Src/stm32f3xx_hal_tim_ex.c ****   *           @arg TIM_TIM1_ADC2_AWD2:     TIM1_ETR is connected to ADC2 AWD2
2129:Drivers/STM32F3xx_HAL_Driver/Src/stm32f3xx_hal_tim_ex.c ****   *           @arg TIM_TIM1_ADC2_AWD3:     TIM1_ETR is connected to ADC2 AWD3
2130:Drivers/STM32F3xx_HAL_Driver/Src/stm32f3xx_hal_tim_ex.c ****   @endif
2131:Drivers/STM32F3xx_HAL_Driver/Src/stm32f3xx_hal_tim_ex.c ****   @if STM32F303xE
2132:Drivers/STM32F3xx_HAL_Driver/Src/stm32f3xx_hal_tim_ex.c ****   *         For TIM8, the parameter is a combination of 2 fields (field1 | field2):
2133:Drivers/STM32F3xx_HAL_Driver/Src/stm32f3xx_hal_tim_ex.c ****   *
2134:Drivers/STM32F3xx_HAL_Driver/Src/stm32f3xx_hal_tim_ex.c ****   *                   field1 can have the following values:
2135:Drivers/STM32F3xx_HAL_Driver/Src/stm32f3xx_hal_tim_ex.c ****   *           @arg TIM_TIM8_ADC2_NONE:     TIM1_ETR is not connected to any AWD (analog watchdog)
2136:Drivers/STM32F3xx_HAL_Driver/Src/stm32f3xx_hal_tim_ex.c ****   *           @arg TIM_TIM8_ADC2_AWD1:     TIM1_ETR is connected to ADC2 AWD1
2137:Drivers/STM32F3xx_HAL_Driver/Src/stm32f3xx_hal_tim_ex.c ****   *           @arg TIM_TIM8_ADC2_AWD2:     TIM1_ETR is connected to ADC2 AWD2
2138:Drivers/STM32F3xx_HAL_Driver/Src/stm32f3xx_hal_tim_ex.c ****   *           @arg TIM_TIM8_ADC2_AWD3:     TIM1_ETR is connected to ADC2 AWD2
2139:Drivers/STM32F3xx_HAL_Driver/Src/stm32f3xx_hal_tim_ex.c ****   *
ARM GAS  /tmp/ccZqO8pD.s 			page 39


2140:Drivers/STM32F3xx_HAL_Driver/Src/stm32f3xx_hal_tim_ex.c ****   *                   field2 can have the following values:
2141:Drivers/STM32F3xx_HAL_Driver/Src/stm32f3xx_hal_tim_ex.c ****   *           @arg TIM_TIM8_ADC3_NONE :    TIM1_ETR is not connected to any AWD (analog watchdog)
2142:Drivers/STM32F3xx_HAL_Driver/Src/stm32f3xx_hal_tim_ex.c ****   *           @arg TIM_TIM8_ADC3_AWD1:     TIM1_ETR is connected to ADC3 AWD1
2143:Drivers/STM32F3xx_HAL_Driver/Src/stm32f3xx_hal_tim_ex.c ****   *           @arg TIM_TIM8_ADC3_AWD2:     TIM1_ETR is connected to ADC3 AWD2
2144:Drivers/STM32F3xx_HAL_Driver/Src/stm32f3xx_hal_tim_ex.c ****   *           @arg TIM_TIM8_ADC3_AWD3:     TIM1_ETR is connected to ADC3 AWD3
2145:Drivers/STM32F3xx_HAL_Driver/Src/stm32f3xx_hal_tim_ex.c ****   @endif
2146:Drivers/STM32F3xx_HAL_Driver/Src/stm32f3xx_hal_tim_ex.c ****   @if STM32F373xC
2147:Drivers/STM32F3xx_HAL_Driver/Src/stm32f3xx_hal_tim_ex.c ****   *         For TIM14, the parameter can have the following values:
2148:Drivers/STM32F3xx_HAL_Driver/Src/stm32f3xx_hal_tim_ex.c ****   *           @arg TIM_TIM14_GPIO:    TIM14 TI1 is connected to GPIO
2149:Drivers/STM32F3xx_HAL_Driver/Src/stm32f3xx_hal_tim_ex.c ****   *           @arg TIM_TIM14_RTC:     TIM14 TI1 is connected to RTC_clock
2150:Drivers/STM32F3xx_HAL_Driver/Src/stm32f3xx_hal_tim_ex.c ****   *           @arg TIM_TIM14_HSE:     TIM14 TI1 is connected to HSE/32
2151:Drivers/STM32F3xx_HAL_Driver/Src/stm32f3xx_hal_tim_ex.c ****   *           @arg TIM_TIM14_MCO:     TIM14 TI1 is connected to MCO
2152:Drivers/STM32F3xx_HAL_Driver/Src/stm32f3xx_hal_tim_ex.c ****   @else
2153:Drivers/STM32F3xx_HAL_Driver/Src/stm32f3xx_hal_tim_ex.c ****   *         For TIM16, the parameter can have the following values:
2154:Drivers/STM32F3xx_HAL_Driver/Src/stm32f3xx_hal_tim_ex.c ****   *           @arg TIM_TIM16_GPIO:    TIM16 TI1 is connected to GPIO
2155:Drivers/STM32F3xx_HAL_Driver/Src/stm32f3xx_hal_tim_ex.c ****   *           @arg TIM_TIM16_RTC:     TIM16 TI1 is connected to RTC_clock
2156:Drivers/STM32F3xx_HAL_Driver/Src/stm32f3xx_hal_tim_ex.c ****   *           @arg TIM_TIM16_HSE:     TIM16 TI1 is connected to HSE/32
2157:Drivers/STM32F3xx_HAL_Driver/Src/stm32f3xx_hal_tim_ex.c ****   *           @arg TIM_TIM16_MCO:     TIM16 TI1 is connected to MCO
2158:Drivers/STM32F3xx_HAL_Driver/Src/stm32f3xx_hal_tim_ex.c ****   @endif
2159:Drivers/STM32F3xx_HAL_Driver/Src/stm32f3xx_hal_tim_ex.c ****   @if STM32F303xE
2160:Drivers/STM32F3xx_HAL_Driver/Src/stm32f3xx_hal_tim_ex.c ****   *         For TIM20, the parameter is a combination of 2 fields (field1 | field2):
2161:Drivers/STM32F3xx_HAL_Driver/Src/stm32f3xx_hal_tim_ex.c ****   *
2162:Drivers/STM32F3xx_HAL_Driver/Src/stm32f3xx_hal_tim_ex.c ****   *                   field1 can have the following values:
2163:Drivers/STM32F3xx_HAL_Driver/Src/stm32f3xx_hal_tim_ex.c ****   *           @arg TIM_TIM20_ADC3_NONE:     TIM1_ETR is not connected to any AWD (analog watchdog)
2164:Drivers/STM32F3xx_HAL_Driver/Src/stm32f3xx_hal_tim_ex.c ****   *           @arg TIM_TIM20_ADC3_AWD1:     TIM1_ETR is connected to ADC3 AWD1
2165:Drivers/STM32F3xx_HAL_Driver/Src/stm32f3xx_hal_tim_ex.c ****   *           @arg TIM_TIM20_ADC3_AWD2:     TIM1_ETR is connected to ADC3 AWD2
2166:Drivers/STM32F3xx_HAL_Driver/Src/stm32f3xx_hal_tim_ex.c ****   *           @arg TIM_TIM20_ADC3_AWD3:     TIM1_ETR is connected to ADC3 AWD2
2167:Drivers/STM32F3xx_HAL_Driver/Src/stm32f3xx_hal_tim_ex.c ****   *
2168:Drivers/STM32F3xx_HAL_Driver/Src/stm32f3xx_hal_tim_ex.c ****   *                   field2 can have the following values:
2169:Drivers/STM32F3xx_HAL_Driver/Src/stm32f3xx_hal_tim_ex.c ****   *           @arg TIM_TIM20_ADC4_NONE :    TIM1_ETR is not connected to any AWD (analog watchdog)
2170:Drivers/STM32F3xx_HAL_Driver/Src/stm32f3xx_hal_tim_ex.c ****   *           @arg TIM_TIM20_ADC4_AWD1:     TIM1_ETR is connected to ADC4 AWD1
2171:Drivers/STM32F3xx_HAL_Driver/Src/stm32f3xx_hal_tim_ex.c ****   *           @arg TIM_TIM20_ADC4_AWD2:     TIM1_ETR is connected to ADC4 AWD2
2172:Drivers/STM32F3xx_HAL_Driver/Src/stm32f3xx_hal_tim_ex.c ****   *           @arg TIM_TIM20_ADC4_AWD3:     TIM1_ETR is connected to ADC4 AWD3
2173:Drivers/STM32F3xx_HAL_Driver/Src/stm32f3xx_hal_tim_ex.c ****   @endif
2174:Drivers/STM32F3xx_HAL_Driver/Src/stm32f3xx_hal_tim_ex.c ****   *
2175:Drivers/STM32F3xx_HAL_Driver/Src/stm32f3xx_hal_tim_ex.c ****   * @retval HAL status
2176:Drivers/STM32F3xx_HAL_Driver/Src/stm32f3xx_hal_tim_ex.c ****   */
2177:Drivers/STM32F3xx_HAL_Driver/Src/stm32f3xx_hal_tim_ex.c **** HAL_StatusTypeDef HAL_TIMEx_RemapConfig(TIM_HandleTypeDef *htim, uint32_t Remap)
2178:Drivers/STM32F3xx_HAL_Driver/Src/stm32f3xx_hal_tim_ex.c **** {
2179:Drivers/STM32F3xx_HAL_Driver/Src/stm32f3xx_hal_tim_ex.c **** 
2180:Drivers/STM32F3xx_HAL_Driver/Src/stm32f3xx_hal_tim_ex.c ****   /* Check parameters */
2181:Drivers/STM32F3xx_HAL_Driver/Src/stm32f3xx_hal_tim_ex.c ****   assert_param(IS_TIM_REMAP(htim->Instance, Remap));
2182:Drivers/STM32F3xx_HAL_Driver/Src/stm32f3xx_hal_tim_ex.c **** 
2183:Drivers/STM32F3xx_HAL_Driver/Src/stm32f3xx_hal_tim_ex.c ****   __HAL_LOCK(htim);
2184:Drivers/STM32F3xx_HAL_Driver/Src/stm32f3xx_hal_tim_ex.c **** 
2185:Drivers/STM32F3xx_HAL_Driver/Src/stm32f3xx_hal_tim_ex.c ****   /* Set the Timer remapping configuration */
2186:Drivers/STM32F3xx_HAL_Driver/Src/stm32f3xx_hal_tim_ex.c ****   WRITE_REG(htim->Instance->OR, Remap);
2187:Drivers/STM32F3xx_HAL_Driver/Src/stm32f3xx_hal_tim_ex.c **** 
2188:Drivers/STM32F3xx_HAL_Driver/Src/stm32f3xx_hal_tim_ex.c ****   __HAL_UNLOCK(htim);
2189:Drivers/STM32F3xx_HAL_Driver/Src/stm32f3xx_hal_tim_ex.c **** 
2190:Drivers/STM32F3xx_HAL_Driver/Src/stm32f3xx_hal_tim_ex.c ****   return HAL_OK;
2191:Drivers/STM32F3xx_HAL_Driver/Src/stm32f3xx_hal_tim_ex.c **** }
2192:Drivers/STM32F3xx_HAL_Driver/Src/stm32f3xx_hal_tim_ex.c **** 
2193:Drivers/STM32F3xx_HAL_Driver/Src/stm32f3xx_hal_tim_ex.c **** #if defined(TIM_CCR5_CCR5)
2194:Drivers/STM32F3xx_HAL_Driver/Src/stm32f3xx_hal_tim_ex.c **** /**
2195:Drivers/STM32F3xx_HAL_Driver/Src/stm32f3xx_hal_tim_ex.c ****   * @brief  Group channel 5 and channel 1, 2 or 3
2196:Drivers/STM32F3xx_HAL_Driver/Src/stm32f3xx_hal_tim_ex.c ****   * @param  htim TIM handle.
ARM GAS  /tmp/ccZqO8pD.s 			page 40


2197:Drivers/STM32F3xx_HAL_Driver/Src/stm32f3xx_hal_tim_ex.c ****   * @param  Channels specifies the reference signal(s) the OC5REF is combined with.
2198:Drivers/STM32F3xx_HAL_Driver/Src/stm32f3xx_hal_tim_ex.c ****   *         This parameter can be any combination of the following values:
2199:Drivers/STM32F3xx_HAL_Driver/Src/stm32f3xx_hal_tim_ex.c ****   *         TIM_GROUPCH5_NONE: No effect of OC5REF on OC1REFC, OC2REFC and OC3REFC
2200:Drivers/STM32F3xx_HAL_Driver/Src/stm32f3xx_hal_tim_ex.c ****   *         TIM_GROUPCH5_OC1REFC: OC1REFC is the logical AND of OC1REFC and OC5REF
2201:Drivers/STM32F3xx_HAL_Driver/Src/stm32f3xx_hal_tim_ex.c ****   *         TIM_GROUPCH5_OC2REFC: OC2REFC is the logical AND of OC2REFC and OC5REF
2202:Drivers/STM32F3xx_HAL_Driver/Src/stm32f3xx_hal_tim_ex.c ****   *         TIM_GROUPCH5_OC3REFC: OC3REFC is the logical AND of OC3REFC and OC5REF
2203:Drivers/STM32F3xx_HAL_Driver/Src/stm32f3xx_hal_tim_ex.c ****   * @retval HAL status
2204:Drivers/STM32F3xx_HAL_Driver/Src/stm32f3xx_hal_tim_ex.c ****   */
2205:Drivers/STM32F3xx_HAL_Driver/Src/stm32f3xx_hal_tim_ex.c **** HAL_StatusTypeDef HAL_TIMEx_GroupChannel5(TIM_HandleTypeDef *htim, uint32_t Channels)
2206:Drivers/STM32F3xx_HAL_Driver/Src/stm32f3xx_hal_tim_ex.c **** {
2207:Drivers/STM32F3xx_HAL_Driver/Src/stm32f3xx_hal_tim_ex.c ****   /* Check parameters */
2208:Drivers/STM32F3xx_HAL_Driver/Src/stm32f3xx_hal_tim_ex.c ****   assert_param(IS_TIM_COMBINED3PHASEPWM_INSTANCE(htim->Instance));
2209:Drivers/STM32F3xx_HAL_Driver/Src/stm32f3xx_hal_tim_ex.c ****   assert_param(IS_TIM_GROUPCH5(Channels));
2210:Drivers/STM32F3xx_HAL_Driver/Src/stm32f3xx_hal_tim_ex.c **** 
2211:Drivers/STM32F3xx_HAL_Driver/Src/stm32f3xx_hal_tim_ex.c ****   /* Process Locked */
2212:Drivers/STM32F3xx_HAL_Driver/Src/stm32f3xx_hal_tim_ex.c ****   __HAL_LOCK(htim);
2213:Drivers/STM32F3xx_HAL_Driver/Src/stm32f3xx_hal_tim_ex.c **** 
2214:Drivers/STM32F3xx_HAL_Driver/Src/stm32f3xx_hal_tim_ex.c ****   htim->State = HAL_TIM_STATE_BUSY;
2215:Drivers/STM32F3xx_HAL_Driver/Src/stm32f3xx_hal_tim_ex.c **** 
2216:Drivers/STM32F3xx_HAL_Driver/Src/stm32f3xx_hal_tim_ex.c ****   /* Clear GC5Cx bit fields */
2217:Drivers/STM32F3xx_HAL_Driver/Src/stm32f3xx_hal_tim_ex.c ****   htim->Instance->CCR5 &= ~(TIM_CCR5_GC5C3 | TIM_CCR5_GC5C2 | TIM_CCR5_GC5C1);
2218:Drivers/STM32F3xx_HAL_Driver/Src/stm32f3xx_hal_tim_ex.c **** 
2219:Drivers/STM32F3xx_HAL_Driver/Src/stm32f3xx_hal_tim_ex.c ****   /* Set GC5Cx bit fields */
2220:Drivers/STM32F3xx_HAL_Driver/Src/stm32f3xx_hal_tim_ex.c ****   htim->Instance->CCR5 |= Channels;
2221:Drivers/STM32F3xx_HAL_Driver/Src/stm32f3xx_hal_tim_ex.c **** 
2222:Drivers/STM32F3xx_HAL_Driver/Src/stm32f3xx_hal_tim_ex.c ****   /* Change the htim state */
2223:Drivers/STM32F3xx_HAL_Driver/Src/stm32f3xx_hal_tim_ex.c ****   htim->State = HAL_TIM_STATE_READY;
2224:Drivers/STM32F3xx_HAL_Driver/Src/stm32f3xx_hal_tim_ex.c **** 
2225:Drivers/STM32F3xx_HAL_Driver/Src/stm32f3xx_hal_tim_ex.c ****   __HAL_UNLOCK(htim);
2226:Drivers/STM32F3xx_HAL_Driver/Src/stm32f3xx_hal_tim_ex.c **** 
2227:Drivers/STM32F3xx_HAL_Driver/Src/stm32f3xx_hal_tim_ex.c ****   return HAL_OK;
2228:Drivers/STM32F3xx_HAL_Driver/Src/stm32f3xx_hal_tim_ex.c **** }
2229:Drivers/STM32F3xx_HAL_Driver/Src/stm32f3xx_hal_tim_ex.c **** #endif /* TIM_CCR5_CCR5 */
2230:Drivers/STM32F3xx_HAL_Driver/Src/stm32f3xx_hal_tim_ex.c **** 
2231:Drivers/STM32F3xx_HAL_Driver/Src/stm32f3xx_hal_tim_ex.c **** /**
2232:Drivers/STM32F3xx_HAL_Driver/Src/stm32f3xx_hal_tim_ex.c ****   * @}
2233:Drivers/STM32F3xx_HAL_Driver/Src/stm32f3xx_hal_tim_ex.c ****   */
2234:Drivers/STM32F3xx_HAL_Driver/Src/stm32f3xx_hal_tim_ex.c **** 
2235:Drivers/STM32F3xx_HAL_Driver/Src/stm32f3xx_hal_tim_ex.c **** /** @defgroup TIMEx_Exported_Functions_Group6 Extended Callbacks functions
2236:Drivers/STM32F3xx_HAL_Driver/Src/stm32f3xx_hal_tim_ex.c ****   * @brief    Extended Callbacks functions
2237:Drivers/STM32F3xx_HAL_Driver/Src/stm32f3xx_hal_tim_ex.c ****   *
2238:Drivers/STM32F3xx_HAL_Driver/Src/stm32f3xx_hal_tim_ex.c **** @verbatim
2239:Drivers/STM32F3xx_HAL_Driver/Src/stm32f3xx_hal_tim_ex.c ****   ==============================================================================
2240:Drivers/STM32F3xx_HAL_Driver/Src/stm32f3xx_hal_tim_ex.c ****                     ##### Extended Callbacks functions #####
2241:Drivers/STM32F3xx_HAL_Driver/Src/stm32f3xx_hal_tim_ex.c ****   ==============================================================================
2242:Drivers/STM32F3xx_HAL_Driver/Src/stm32f3xx_hal_tim_ex.c ****   [..]
2243:Drivers/STM32F3xx_HAL_Driver/Src/stm32f3xx_hal_tim_ex.c ****     This section provides Extended TIM callback functions:
2244:Drivers/STM32F3xx_HAL_Driver/Src/stm32f3xx_hal_tim_ex.c ****     (+) Timer Commutation callback
2245:Drivers/STM32F3xx_HAL_Driver/Src/stm32f3xx_hal_tim_ex.c ****     (+) Timer Break callback
2246:Drivers/STM32F3xx_HAL_Driver/Src/stm32f3xx_hal_tim_ex.c **** 
2247:Drivers/STM32F3xx_HAL_Driver/Src/stm32f3xx_hal_tim_ex.c **** @endverbatim
2248:Drivers/STM32F3xx_HAL_Driver/Src/stm32f3xx_hal_tim_ex.c ****   * @{
2249:Drivers/STM32F3xx_HAL_Driver/Src/stm32f3xx_hal_tim_ex.c ****   */
2250:Drivers/STM32F3xx_HAL_Driver/Src/stm32f3xx_hal_tim_ex.c **** 
2251:Drivers/STM32F3xx_HAL_Driver/Src/stm32f3xx_hal_tim_ex.c **** /**
2252:Drivers/STM32F3xx_HAL_Driver/Src/stm32f3xx_hal_tim_ex.c ****   * @brief  Commutation callback in non-blocking mode
2253:Drivers/STM32F3xx_HAL_Driver/Src/stm32f3xx_hal_tim_ex.c ****   * @param  htim TIM handle
ARM GAS  /tmp/ccZqO8pD.s 			page 41


2254:Drivers/STM32F3xx_HAL_Driver/Src/stm32f3xx_hal_tim_ex.c ****   * @retval None
2255:Drivers/STM32F3xx_HAL_Driver/Src/stm32f3xx_hal_tim_ex.c ****   */
2256:Drivers/STM32F3xx_HAL_Driver/Src/stm32f3xx_hal_tim_ex.c **** __weak void HAL_TIMEx_CommutCallback(TIM_HandleTypeDef *htim)
2257:Drivers/STM32F3xx_HAL_Driver/Src/stm32f3xx_hal_tim_ex.c **** {
2258:Drivers/STM32F3xx_HAL_Driver/Src/stm32f3xx_hal_tim_ex.c ****   /* Prevent unused argument(s) compilation warning */
2259:Drivers/STM32F3xx_HAL_Driver/Src/stm32f3xx_hal_tim_ex.c ****   UNUSED(htim);
2260:Drivers/STM32F3xx_HAL_Driver/Src/stm32f3xx_hal_tim_ex.c **** 
2261:Drivers/STM32F3xx_HAL_Driver/Src/stm32f3xx_hal_tim_ex.c ****   /* NOTE : This function should not be modified, when the callback is needed,
2262:Drivers/STM32F3xx_HAL_Driver/Src/stm32f3xx_hal_tim_ex.c ****             the HAL_TIMEx_CommutCallback could be implemented in the user file
2263:Drivers/STM32F3xx_HAL_Driver/Src/stm32f3xx_hal_tim_ex.c ****    */
2264:Drivers/STM32F3xx_HAL_Driver/Src/stm32f3xx_hal_tim_ex.c **** }
2265:Drivers/STM32F3xx_HAL_Driver/Src/stm32f3xx_hal_tim_ex.c **** /**
2266:Drivers/STM32F3xx_HAL_Driver/Src/stm32f3xx_hal_tim_ex.c ****   * @brief  Commutation half complete callback in non-blocking mode
2267:Drivers/STM32F3xx_HAL_Driver/Src/stm32f3xx_hal_tim_ex.c ****   * @param  htim TIM handle
2268:Drivers/STM32F3xx_HAL_Driver/Src/stm32f3xx_hal_tim_ex.c ****   * @retval None
2269:Drivers/STM32F3xx_HAL_Driver/Src/stm32f3xx_hal_tim_ex.c ****   */
2270:Drivers/STM32F3xx_HAL_Driver/Src/stm32f3xx_hal_tim_ex.c **** __weak void HAL_TIMEx_CommutHalfCpltCallback(TIM_HandleTypeDef *htim)
2271:Drivers/STM32F3xx_HAL_Driver/Src/stm32f3xx_hal_tim_ex.c **** {
2272:Drivers/STM32F3xx_HAL_Driver/Src/stm32f3xx_hal_tim_ex.c ****   /* Prevent unused argument(s) compilation warning */
2273:Drivers/STM32F3xx_HAL_Driver/Src/stm32f3xx_hal_tim_ex.c ****   UNUSED(htim);
2274:Drivers/STM32F3xx_HAL_Driver/Src/stm32f3xx_hal_tim_ex.c **** 
2275:Drivers/STM32F3xx_HAL_Driver/Src/stm32f3xx_hal_tim_ex.c ****   /* NOTE : This function should not be modified, when the callback is needed,
2276:Drivers/STM32F3xx_HAL_Driver/Src/stm32f3xx_hal_tim_ex.c ****             the HAL_TIMEx_CommutHalfCpltCallback could be implemented in the user file
2277:Drivers/STM32F3xx_HAL_Driver/Src/stm32f3xx_hal_tim_ex.c ****    */
2278:Drivers/STM32F3xx_HAL_Driver/Src/stm32f3xx_hal_tim_ex.c **** }
2279:Drivers/STM32F3xx_HAL_Driver/Src/stm32f3xx_hal_tim_ex.c **** 
2280:Drivers/STM32F3xx_HAL_Driver/Src/stm32f3xx_hal_tim_ex.c **** /**
2281:Drivers/STM32F3xx_HAL_Driver/Src/stm32f3xx_hal_tim_ex.c ****   * @brief  Break detection callback in non-blocking mode
2282:Drivers/STM32F3xx_HAL_Driver/Src/stm32f3xx_hal_tim_ex.c ****   * @param  htim TIM handle
2283:Drivers/STM32F3xx_HAL_Driver/Src/stm32f3xx_hal_tim_ex.c ****   * @retval None
2284:Drivers/STM32F3xx_HAL_Driver/Src/stm32f3xx_hal_tim_ex.c ****   */
2285:Drivers/STM32F3xx_HAL_Driver/Src/stm32f3xx_hal_tim_ex.c **** __weak void HAL_TIMEx_BreakCallback(TIM_HandleTypeDef *htim)
2286:Drivers/STM32F3xx_HAL_Driver/Src/stm32f3xx_hal_tim_ex.c **** {
2287:Drivers/STM32F3xx_HAL_Driver/Src/stm32f3xx_hal_tim_ex.c ****   /* Prevent unused argument(s) compilation warning */
2288:Drivers/STM32F3xx_HAL_Driver/Src/stm32f3xx_hal_tim_ex.c ****   UNUSED(htim);
2289:Drivers/STM32F3xx_HAL_Driver/Src/stm32f3xx_hal_tim_ex.c **** 
2290:Drivers/STM32F3xx_HAL_Driver/Src/stm32f3xx_hal_tim_ex.c ****   /* NOTE : This function should not be modified, when the callback is needed,
2291:Drivers/STM32F3xx_HAL_Driver/Src/stm32f3xx_hal_tim_ex.c ****             the HAL_TIMEx_BreakCallback could be implemented in the user file
2292:Drivers/STM32F3xx_HAL_Driver/Src/stm32f3xx_hal_tim_ex.c ****    */
2293:Drivers/STM32F3xx_HAL_Driver/Src/stm32f3xx_hal_tim_ex.c **** }
2294:Drivers/STM32F3xx_HAL_Driver/Src/stm32f3xx_hal_tim_ex.c **** 
2295:Drivers/STM32F3xx_HAL_Driver/Src/stm32f3xx_hal_tim_ex.c **** #if defined(TIM_BDTR_BK2E)
2296:Drivers/STM32F3xx_HAL_Driver/Src/stm32f3xx_hal_tim_ex.c **** /**
2297:Drivers/STM32F3xx_HAL_Driver/Src/stm32f3xx_hal_tim_ex.c ****   * @brief  Break2 detection callback in non blocking mode
2298:Drivers/STM32F3xx_HAL_Driver/Src/stm32f3xx_hal_tim_ex.c ****   * @param  htim: TIM handle
2299:Drivers/STM32F3xx_HAL_Driver/Src/stm32f3xx_hal_tim_ex.c ****   * @retval None
2300:Drivers/STM32F3xx_HAL_Driver/Src/stm32f3xx_hal_tim_ex.c ****   */
2301:Drivers/STM32F3xx_HAL_Driver/Src/stm32f3xx_hal_tim_ex.c **** __weak void HAL_TIMEx_Break2Callback(TIM_HandleTypeDef *htim)
2302:Drivers/STM32F3xx_HAL_Driver/Src/stm32f3xx_hal_tim_ex.c **** {
2303:Drivers/STM32F3xx_HAL_Driver/Src/stm32f3xx_hal_tim_ex.c ****   /* Prevent unused argument(s) compilation warning */
2304:Drivers/STM32F3xx_HAL_Driver/Src/stm32f3xx_hal_tim_ex.c ****   UNUSED(htim);
2305:Drivers/STM32F3xx_HAL_Driver/Src/stm32f3xx_hal_tim_ex.c **** 
2306:Drivers/STM32F3xx_HAL_Driver/Src/stm32f3xx_hal_tim_ex.c ****   /* NOTE : This function Should not be modified, when the callback is needed,
2307:Drivers/STM32F3xx_HAL_Driver/Src/stm32f3xx_hal_tim_ex.c ****             the HAL_TIMEx_Break2Callback could be implemented in the user file
2308:Drivers/STM32F3xx_HAL_Driver/Src/stm32f3xx_hal_tim_ex.c ****    */
2309:Drivers/STM32F3xx_HAL_Driver/Src/stm32f3xx_hal_tim_ex.c **** }
2310:Drivers/STM32F3xx_HAL_Driver/Src/stm32f3xx_hal_tim_ex.c **** #endif /* TIM_BDTR_BK2E */
ARM GAS  /tmp/ccZqO8pD.s 			page 42


2311:Drivers/STM32F3xx_HAL_Driver/Src/stm32f3xx_hal_tim_ex.c **** /**
2312:Drivers/STM32F3xx_HAL_Driver/Src/stm32f3xx_hal_tim_ex.c ****   * @}
2313:Drivers/STM32F3xx_HAL_Driver/Src/stm32f3xx_hal_tim_ex.c ****   */
2314:Drivers/STM32F3xx_HAL_Driver/Src/stm32f3xx_hal_tim_ex.c **** 
2315:Drivers/STM32F3xx_HAL_Driver/Src/stm32f3xx_hal_tim_ex.c **** /** @defgroup TIMEx_Exported_Functions_Group7 Extended Peripheral State functions
2316:Drivers/STM32F3xx_HAL_Driver/Src/stm32f3xx_hal_tim_ex.c ****   * @brief    Extended Peripheral State functions
2317:Drivers/STM32F3xx_HAL_Driver/Src/stm32f3xx_hal_tim_ex.c ****   *
2318:Drivers/STM32F3xx_HAL_Driver/Src/stm32f3xx_hal_tim_ex.c **** @verbatim
2319:Drivers/STM32F3xx_HAL_Driver/Src/stm32f3xx_hal_tim_ex.c ****   ==============================================================================
2320:Drivers/STM32F3xx_HAL_Driver/Src/stm32f3xx_hal_tim_ex.c ****                 ##### Extended Peripheral State functions #####
2321:Drivers/STM32F3xx_HAL_Driver/Src/stm32f3xx_hal_tim_ex.c ****   ==============================================================================
2322:Drivers/STM32F3xx_HAL_Driver/Src/stm32f3xx_hal_tim_ex.c ****   [..]
2323:Drivers/STM32F3xx_HAL_Driver/Src/stm32f3xx_hal_tim_ex.c ****     This subsection permits to get in run-time the status of the peripheral
2324:Drivers/STM32F3xx_HAL_Driver/Src/stm32f3xx_hal_tim_ex.c ****     and the data flow.
2325:Drivers/STM32F3xx_HAL_Driver/Src/stm32f3xx_hal_tim_ex.c **** 
2326:Drivers/STM32F3xx_HAL_Driver/Src/stm32f3xx_hal_tim_ex.c **** @endverbatim
2327:Drivers/STM32F3xx_HAL_Driver/Src/stm32f3xx_hal_tim_ex.c ****   * @{
2328:Drivers/STM32F3xx_HAL_Driver/Src/stm32f3xx_hal_tim_ex.c ****   */
2329:Drivers/STM32F3xx_HAL_Driver/Src/stm32f3xx_hal_tim_ex.c **** 
2330:Drivers/STM32F3xx_HAL_Driver/Src/stm32f3xx_hal_tim_ex.c **** /**
2331:Drivers/STM32F3xx_HAL_Driver/Src/stm32f3xx_hal_tim_ex.c ****   * @brief  Return the TIM Hall Sensor interface handle state.
2332:Drivers/STM32F3xx_HAL_Driver/Src/stm32f3xx_hal_tim_ex.c ****   * @param  htim TIM Hall Sensor handle
2333:Drivers/STM32F3xx_HAL_Driver/Src/stm32f3xx_hal_tim_ex.c ****   * @retval HAL state
2334:Drivers/STM32F3xx_HAL_Driver/Src/stm32f3xx_hal_tim_ex.c ****   */
2335:Drivers/STM32F3xx_HAL_Driver/Src/stm32f3xx_hal_tim_ex.c **** HAL_TIM_StateTypeDef HAL_TIMEx_HallSensor_GetState(const TIM_HandleTypeDef *htim)
2336:Drivers/STM32F3xx_HAL_Driver/Src/stm32f3xx_hal_tim_ex.c **** {
2337:Drivers/STM32F3xx_HAL_Driver/Src/stm32f3xx_hal_tim_ex.c ****   return htim->State;
2338:Drivers/STM32F3xx_HAL_Driver/Src/stm32f3xx_hal_tim_ex.c **** }
2339:Drivers/STM32F3xx_HAL_Driver/Src/stm32f3xx_hal_tim_ex.c **** 
2340:Drivers/STM32F3xx_HAL_Driver/Src/stm32f3xx_hal_tim_ex.c **** /**
2341:Drivers/STM32F3xx_HAL_Driver/Src/stm32f3xx_hal_tim_ex.c ****   * @brief  Return actual state of the TIM complementary channel.
2342:Drivers/STM32F3xx_HAL_Driver/Src/stm32f3xx_hal_tim_ex.c ****   * @param  htim TIM handle
2343:Drivers/STM32F3xx_HAL_Driver/Src/stm32f3xx_hal_tim_ex.c ****   * @param  ChannelN TIM Complementary channel
2344:Drivers/STM32F3xx_HAL_Driver/Src/stm32f3xx_hal_tim_ex.c ****   *          This parameter can be one of the following values:
2345:Drivers/STM32F3xx_HAL_Driver/Src/stm32f3xx_hal_tim_ex.c ****   *            @arg TIM_CHANNEL_1: TIM Channel 1
2346:Drivers/STM32F3xx_HAL_Driver/Src/stm32f3xx_hal_tim_ex.c ****   *            @arg TIM_CHANNEL_2: TIM Channel 2
2347:Drivers/STM32F3xx_HAL_Driver/Src/stm32f3xx_hal_tim_ex.c ****   *            @arg TIM_CHANNEL_3: TIM Channel 3
2348:Drivers/STM32F3xx_HAL_Driver/Src/stm32f3xx_hal_tim_ex.c ****   * @retval TIM Complementary channel state
2349:Drivers/STM32F3xx_HAL_Driver/Src/stm32f3xx_hal_tim_ex.c ****   */
2350:Drivers/STM32F3xx_HAL_Driver/Src/stm32f3xx_hal_tim_ex.c **** HAL_TIM_ChannelStateTypeDef HAL_TIMEx_GetChannelNState(const TIM_HandleTypeDef *htim,  uint32_t Cha
2351:Drivers/STM32F3xx_HAL_Driver/Src/stm32f3xx_hal_tim_ex.c **** {
2352:Drivers/STM32F3xx_HAL_Driver/Src/stm32f3xx_hal_tim_ex.c ****   HAL_TIM_ChannelStateTypeDef channel_state;
2353:Drivers/STM32F3xx_HAL_Driver/Src/stm32f3xx_hal_tim_ex.c **** 
2354:Drivers/STM32F3xx_HAL_Driver/Src/stm32f3xx_hal_tim_ex.c ****   /* Check the parameters */
2355:Drivers/STM32F3xx_HAL_Driver/Src/stm32f3xx_hal_tim_ex.c ****   assert_param(IS_TIM_CCXN_INSTANCE(htim->Instance, ChannelN));
2356:Drivers/STM32F3xx_HAL_Driver/Src/stm32f3xx_hal_tim_ex.c **** 
2357:Drivers/STM32F3xx_HAL_Driver/Src/stm32f3xx_hal_tim_ex.c ****   channel_state = TIM_CHANNEL_N_STATE_GET(htim, ChannelN);
2358:Drivers/STM32F3xx_HAL_Driver/Src/stm32f3xx_hal_tim_ex.c **** 
2359:Drivers/STM32F3xx_HAL_Driver/Src/stm32f3xx_hal_tim_ex.c ****   return channel_state;
2360:Drivers/STM32F3xx_HAL_Driver/Src/stm32f3xx_hal_tim_ex.c **** }
2361:Drivers/STM32F3xx_HAL_Driver/Src/stm32f3xx_hal_tim_ex.c **** /**
2362:Drivers/STM32F3xx_HAL_Driver/Src/stm32f3xx_hal_tim_ex.c ****   * @}
2363:Drivers/STM32F3xx_HAL_Driver/Src/stm32f3xx_hal_tim_ex.c ****   */
2364:Drivers/STM32F3xx_HAL_Driver/Src/stm32f3xx_hal_tim_ex.c **** 
2365:Drivers/STM32F3xx_HAL_Driver/Src/stm32f3xx_hal_tim_ex.c **** /**
2366:Drivers/STM32F3xx_HAL_Driver/Src/stm32f3xx_hal_tim_ex.c ****   * @}
2367:Drivers/STM32F3xx_HAL_Driver/Src/stm32f3xx_hal_tim_ex.c ****   */
ARM GAS  /tmp/ccZqO8pD.s 			page 43


2368:Drivers/STM32F3xx_HAL_Driver/Src/stm32f3xx_hal_tim_ex.c **** 
2369:Drivers/STM32F3xx_HAL_Driver/Src/stm32f3xx_hal_tim_ex.c **** /* Private functions ---------------------------------------------------------*/
2370:Drivers/STM32F3xx_HAL_Driver/Src/stm32f3xx_hal_tim_ex.c **** /** @defgroup TIMEx_Private_Functions TIM Extended Private Functions
2371:Drivers/STM32F3xx_HAL_Driver/Src/stm32f3xx_hal_tim_ex.c ****   * @{
2372:Drivers/STM32F3xx_HAL_Driver/Src/stm32f3xx_hal_tim_ex.c ****   */
2373:Drivers/STM32F3xx_HAL_Driver/Src/stm32f3xx_hal_tim_ex.c **** 
2374:Drivers/STM32F3xx_HAL_Driver/Src/stm32f3xx_hal_tim_ex.c **** /**
2375:Drivers/STM32F3xx_HAL_Driver/Src/stm32f3xx_hal_tim_ex.c ****   * @brief  TIM DMA Commutation callback.
2376:Drivers/STM32F3xx_HAL_Driver/Src/stm32f3xx_hal_tim_ex.c ****   * @param  hdma pointer to DMA handle.
2377:Drivers/STM32F3xx_HAL_Driver/Src/stm32f3xx_hal_tim_ex.c ****   * @retval None
2378:Drivers/STM32F3xx_HAL_Driver/Src/stm32f3xx_hal_tim_ex.c ****   */
2379:Drivers/STM32F3xx_HAL_Driver/Src/stm32f3xx_hal_tim_ex.c **** void TIMEx_DMACommutationCplt(DMA_HandleTypeDef *hdma)
2380:Drivers/STM32F3xx_HAL_Driver/Src/stm32f3xx_hal_tim_ex.c **** {
2381:Drivers/STM32F3xx_HAL_Driver/Src/stm32f3xx_hal_tim_ex.c ****   TIM_HandleTypeDef *htim = (TIM_HandleTypeDef *)((DMA_HandleTypeDef *)hdma)->Parent;
2382:Drivers/STM32F3xx_HAL_Driver/Src/stm32f3xx_hal_tim_ex.c **** 
2383:Drivers/STM32F3xx_HAL_Driver/Src/stm32f3xx_hal_tim_ex.c ****   /* Change the htim state */
2384:Drivers/STM32F3xx_HAL_Driver/Src/stm32f3xx_hal_tim_ex.c ****   htim->State = HAL_TIM_STATE_READY;
2385:Drivers/STM32F3xx_HAL_Driver/Src/stm32f3xx_hal_tim_ex.c **** 
2386:Drivers/STM32F3xx_HAL_Driver/Src/stm32f3xx_hal_tim_ex.c **** #if (USE_HAL_TIM_REGISTER_CALLBACKS == 1)
2387:Drivers/STM32F3xx_HAL_Driver/Src/stm32f3xx_hal_tim_ex.c ****   htim->CommutationCallback(htim);
2388:Drivers/STM32F3xx_HAL_Driver/Src/stm32f3xx_hal_tim_ex.c **** #else
2389:Drivers/STM32F3xx_HAL_Driver/Src/stm32f3xx_hal_tim_ex.c ****   HAL_TIMEx_CommutCallback(htim);
2390:Drivers/STM32F3xx_HAL_Driver/Src/stm32f3xx_hal_tim_ex.c **** #endif /* USE_HAL_TIM_REGISTER_CALLBACKS */
2391:Drivers/STM32F3xx_HAL_Driver/Src/stm32f3xx_hal_tim_ex.c **** }
2392:Drivers/STM32F3xx_HAL_Driver/Src/stm32f3xx_hal_tim_ex.c **** 
2393:Drivers/STM32F3xx_HAL_Driver/Src/stm32f3xx_hal_tim_ex.c **** /**
2394:Drivers/STM32F3xx_HAL_Driver/Src/stm32f3xx_hal_tim_ex.c ****   * @brief  TIM DMA Commutation half complete callback.
2395:Drivers/STM32F3xx_HAL_Driver/Src/stm32f3xx_hal_tim_ex.c ****   * @param  hdma pointer to DMA handle.
2396:Drivers/STM32F3xx_HAL_Driver/Src/stm32f3xx_hal_tim_ex.c ****   * @retval None
2397:Drivers/STM32F3xx_HAL_Driver/Src/stm32f3xx_hal_tim_ex.c ****   */
2398:Drivers/STM32F3xx_HAL_Driver/Src/stm32f3xx_hal_tim_ex.c **** void TIMEx_DMACommutationHalfCplt(DMA_HandleTypeDef *hdma)
2399:Drivers/STM32F3xx_HAL_Driver/Src/stm32f3xx_hal_tim_ex.c **** {
2400:Drivers/STM32F3xx_HAL_Driver/Src/stm32f3xx_hal_tim_ex.c ****   TIM_HandleTypeDef *htim = (TIM_HandleTypeDef *)((DMA_HandleTypeDef *)hdma)->Parent;
2401:Drivers/STM32F3xx_HAL_Driver/Src/stm32f3xx_hal_tim_ex.c **** 
2402:Drivers/STM32F3xx_HAL_Driver/Src/stm32f3xx_hal_tim_ex.c ****   /* Change the htim state */
2403:Drivers/STM32F3xx_HAL_Driver/Src/stm32f3xx_hal_tim_ex.c ****   htim->State = HAL_TIM_STATE_READY;
2404:Drivers/STM32F3xx_HAL_Driver/Src/stm32f3xx_hal_tim_ex.c **** 
2405:Drivers/STM32F3xx_HAL_Driver/Src/stm32f3xx_hal_tim_ex.c **** #if (USE_HAL_TIM_REGISTER_CALLBACKS == 1)
2406:Drivers/STM32F3xx_HAL_Driver/Src/stm32f3xx_hal_tim_ex.c ****   htim->CommutationHalfCpltCallback(htim);
2407:Drivers/STM32F3xx_HAL_Driver/Src/stm32f3xx_hal_tim_ex.c **** #else
2408:Drivers/STM32F3xx_HAL_Driver/Src/stm32f3xx_hal_tim_ex.c ****   HAL_TIMEx_CommutHalfCpltCallback(htim);
2409:Drivers/STM32F3xx_HAL_Driver/Src/stm32f3xx_hal_tim_ex.c **** #endif /* USE_HAL_TIM_REGISTER_CALLBACKS */
2410:Drivers/STM32F3xx_HAL_Driver/Src/stm32f3xx_hal_tim_ex.c **** }
2411:Drivers/STM32F3xx_HAL_Driver/Src/stm32f3xx_hal_tim_ex.c **** 
2412:Drivers/STM32F3xx_HAL_Driver/Src/stm32f3xx_hal_tim_ex.c **** 
2413:Drivers/STM32F3xx_HAL_Driver/Src/stm32f3xx_hal_tim_ex.c **** /**
2414:Drivers/STM32F3xx_HAL_Driver/Src/stm32f3xx_hal_tim_ex.c ****   * @brief  TIM DMA Delay Pulse complete callback (complementary channel).
2415:Drivers/STM32F3xx_HAL_Driver/Src/stm32f3xx_hal_tim_ex.c ****   * @param  hdma pointer to DMA handle.
2416:Drivers/STM32F3xx_HAL_Driver/Src/stm32f3xx_hal_tim_ex.c ****   * @retval None
2417:Drivers/STM32F3xx_HAL_Driver/Src/stm32f3xx_hal_tim_ex.c ****   */
2418:Drivers/STM32F3xx_HAL_Driver/Src/stm32f3xx_hal_tim_ex.c **** static void TIM_DMADelayPulseNCplt(DMA_HandleTypeDef *hdma)
2419:Drivers/STM32F3xx_HAL_Driver/Src/stm32f3xx_hal_tim_ex.c **** {
2420:Drivers/STM32F3xx_HAL_Driver/Src/stm32f3xx_hal_tim_ex.c ****   TIM_HandleTypeDef *htim = (TIM_HandleTypeDef *)((DMA_HandleTypeDef *)hdma)->Parent;
2421:Drivers/STM32F3xx_HAL_Driver/Src/stm32f3xx_hal_tim_ex.c **** 
2422:Drivers/STM32F3xx_HAL_Driver/Src/stm32f3xx_hal_tim_ex.c ****   if (hdma == htim->hdma[TIM_DMA_ID_CC1])
2423:Drivers/STM32F3xx_HAL_Driver/Src/stm32f3xx_hal_tim_ex.c ****   {
2424:Drivers/STM32F3xx_HAL_Driver/Src/stm32f3xx_hal_tim_ex.c ****     htim->Channel = HAL_TIM_ACTIVE_CHANNEL_1;
ARM GAS  /tmp/ccZqO8pD.s 			page 44


2425:Drivers/STM32F3xx_HAL_Driver/Src/stm32f3xx_hal_tim_ex.c **** 
2426:Drivers/STM32F3xx_HAL_Driver/Src/stm32f3xx_hal_tim_ex.c ****     if (hdma->Init.Mode == DMA_NORMAL)
2427:Drivers/STM32F3xx_HAL_Driver/Src/stm32f3xx_hal_tim_ex.c ****     {
2428:Drivers/STM32F3xx_HAL_Driver/Src/stm32f3xx_hal_tim_ex.c ****       TIM_CHANNEL_N_STATE_SET(htim, TIM_CHANNEL_1, HAL_TIM_CHANNEL_STATE_READY);
2429:Drivers/STM32F3xx_HAL_Driver/Src/stm32f3xx_hal_tim_ex.c ****     }
2430:Drivers/STM32F3xx_HAL_Driver/Src/stm32f3xx_hal_tim_ex.c ****   }
2431:Drivers/STM32F3xx_HAL_Driver/Src/stm32f3xx_hal_tim_ex.c ****   else if (hdma == htim->hdma[TIM_DMA_ID_CC2])
2432:Drivers/STM32F3xx_HAL_Driver/Src/stm32f3xx_hal_tim_ex.c ****   {
2433:Drivers/STM32F3xx_HAL_Driver/Src/stm32f3xx_hal_tim_ex.c ****     htim->Channel = HAL_TIM_ACTIVE_CHANNEL_2;
2434:Drivers/STM32F3xx_HAL_Driver/Src/stm32f3xx_hal_tim_ex.c **** 
2435:Drivers/STM32F3xx_HAL_Driver/Src/stm32f3xx_hal_tim_ex.c ****     if (hdma->Init.Mode == DMA_NORMAL)
2436:Drivers/STM32F3xx_HAL_Driver/Src/stm32f3xx_hal_tim_ex.c ****     {
2437:Drivers/STM32F3xx_HAL_Driver/Src/stm32f3xx_hal_tim_ex.c ****       TIM_CHANNEL_N_STATE_SET(htim, TIM_CHANNEL_2, HAL_TIM_CHANNEL_STATE_READY);
2438:Drivers/STM32F3xx_HAL_Driver/Src/stm32f3xx_hal_tim_ex.c ****     }
2439:Drivers/STM32F3xx_HAL_Driver/Src/stm32f3xx_hal_tim_ex.c ****   }
2440:Drivers/STM32F3xx_HAL_Driver/Src/stm32f3xx_hal_tim_ex.c ****   else if (hdma == htim->hdma[TIM_DMA_ID_CC3])
2441:Drivers/STM32F3xx_HAL_Driver/Src/stm32f3xx_hal_tim_ex.c ****   {
2442:Drivers/STM32F3xx_HAL_Driver/Src/stm32f3xx_hal_tim_ex.c ****     htim->Channel = HAL_TIM_ACTIVE_CHANNEL_3;
2443:Drivers/STM32F3xx_HAL_Driver/Src/stm32f3xx_hal_tim_ex.c **** 
2444:Drivers/STM32F3xx_HAL_Driver/Src/stm32f3xx_hal_tim_ex.c ****     if (hdma->Init.Mode == DMA_NORMAL)
2445:Drivers/STM32F3xx_HAL_Driver/Src/stm32f3xx_hal_tim_ex.c ****     {
2446:Drivers/STM32F3xx_HAL_Driver/Src/stm32f3xx_hal_tim_ex.c ****       TIM_CHANNEL_N_STATE_SET(htim, TIM_CHANNEL_3, HAL_TIM_CHANNEL_STATE_READY);
2447:Drivers/STM32F3xx_HAL_Driver/Src/stm32f3xx_hal_tim_ex.c ****     }
2448:Drivers/STM32F3xx_HAL_Driver/Src/stm32f3xx_hal_tim_ex.c ****   }
2449:Drivers/STM32F3xx_HAL_Driver/Src/stm32f3xx_hal_tim_ex.c ****   else
2450:Drivers/STM32F3xx_HAL_Driver/Src/stm32f3xx_hal_tim_ex.c ****   {
2451:Drivers/STM32F3xx_HAL_Driver/Src/stm32f3xx_hal_tim_ex.c ****     /* nothing to do */
2452:Drivers/STM32F3xx_HAL_Driver/Src/stm32f3xx_hal_tim_ex.c ****   }
2453:Drivers/STM32F3xx_HAL_Driver/Src/stm32f3xx_hal_tim_ex.c **** 
2454:Drivers/STM32F3xx_HAL_Driver/Src/stm32f3xx_hal_tim_ex.c **** #if (USE_HAL_TIM_REGISTER_CALLBACKS == 1)
2455:Drivers/STM32F3xx_HAL_Driver/Src/stm32f3xx_hal_tim_ex.c ****   htim->PWM_PulseFinishedCallback(htim);
2456:Drivers/STM32F3xx_HAL_Driver/Src/stm32f3xx_hal_tim_ex.c **** #else
2457:Drivers/STM32F3xx_HAL_Driver/Src/stm32f3xx_hal_tim_ex.c ****   HAL_TIM_PWM_PulseFinishedCallback(htim);
2458:Drivers/STM32F3xx_HAL_Driver/Src/stm32f3xx_hal_tim_ex.c **** #endif /* USE_HAL_TIM_REGISTER_CALLBACKS */
2459:Drivers/STM32F3xx_HAL_Driver/Src/stm32f3xx_hal_tim_ex.c **** 
2460:Drivers/STM32F3xx_HAL_Driver/Src/stm32f3xx_hal_tim_ex.c ****   htim->Channel = HAL_TIM_ACTIVE_CHANNEL_CLEARED;
2461:Drivers/STM32F3xx_HAL_Driver/Src/stm32f3xx_hal_tim_ex.c **** }
2462:Drivers/STM32F3xx_HAL_Driver/Src/stm32f3xx_hal_tim_ex.c **** 
2463:Drivers/STM32F3xx_HAL_Driver/Src/stm32f3xx_hal_tim_ex.c **** /**
2464:Drivers/STM32F3xx_HAL_Driver/Src/stm32f3xx_hal_tim_ex.c ****   * @brief  TIM DMA error callback (complementary channel)
2465:Drivers/STM32F3xx_HAL_Driver/Src/stm32f3xx_hal_tim_ex.c ****   * @param  hdma pointer to DMA handle.
2466:Drivers/STM32F3xx_HAL_Driver/Src/stm32f3xx_hal_tim_ex.c ****   * @retval None
2467:Drivers/STM32F3xx_HAL_Driver/Src/stm32f3xx_hal_tim_ex.c ****   */
2468:Drivers/STM32F3xx_HAL_Driver/Src/stm32f3xx_hal_tim_ex.c **** static void TIM_DMAErrorCCxN(DMA_HandleTypeDef *hdma)
2469:Drivers/STM32F3xx_HAL_Driver/Src/stm32f3xx_hal_tim_ex.c **** {
2470:Drivers/STM32F3xx_HAL_Driver/Src/stm32f3xx_hal_tim_ex.c ****   TIM_HandleTypeDef *htim = (TIM_HandleTypeDef *)((DMA_HandleTypeDef *)hdma)->Parent;
2471:Drivers/STM32F3xx_HAL_Driver/Src/stm32f3xx_hal_tim_ex.c **** 
2472:Drivers/STM32F3xx_HAL_Driver/Src/stm32f3xx_hal_tim_ex.c ****   if (hdma == htim->hdma[TIM_DMA_ID_CC1])
2473:Drivers/STM32F3xx_HAL_Driver/Src/stm32f3xx_hal_tim_ex.c ****   {
2474:Drivers/STM32F3xx_HAL_Driver/Src/stm32f3xx_hal_tim_ex.c ****     htim->Channel = HAL_TIM_ACTIVE_CHANNEL_1;
2475:Drivers/STM32F3xx_HAL_Driver/Src/stm32f3xx_hal_tim_ex.c ****     TIM_CHANNEL_N_STATE_SET(htim, TIM_CHANNEL_1, HAL_TIM_CHANNEL_STATE_READY);
2476:Drivers/STM32F3xx_HAL_Driver/Src/stm32f3xx_hal_tim_ex.c ****   }
2477:Drivers/STM32F3xx_HAL_Driver/Src/stm32f3xx_hal_tim_ex.c ****   else if (hdma == htim->hdma[TIM_DMA_ID_CC2])
2478:Drivers/STM32F3xx_HAL_Driver/Src/stm32f3xx_hal_tim_ex.c ****   {
2479:Drivers/STM32F3xx_HAL_Driver/Src/stm32f3xx_hal_tim_ex.c ****     htim->Channel = HAL_TIM_ACTIVE_CHANNEL_2;
2480:Drivers/STM32F3xx_HAL_Driver/Src/stm32f3xx_hal_tim_ex.c ****     TIM_CHANNEL_N_STATE_SET(htim, TIM_CHANNEL_2, HAL_TIM_CHANNEL_STATE_READY);
2481:Drivers/STM32F3xx_HAL_Driver/Src/stm32f3xx_hal_tim_ex.c ****   }
ARM GAS  /tmp/ccZqO8pD.s 			page 45


2482:Drivers/STM32F3xx_HAL_Driver/Src/stm32f3xx_hal_tim_ex.c ****   else if (hdma == htim->hdma[TIM_DMA_ID_CC3])
2483:Drivers/STM32F3xx_HAL_Driver/Src/stm32f3xx_hal_tim_ex.c ****   {
2484:Drivers/STM32F3xx_HAL_Driver/Src/stm32f3xx_hal_tim_ex.c ****     htim->Channel = HAL_TIM_ACTIVE_CHANNEL_3;
2485:Drivers/STM32F3xx_HAL_Driver/Src/stm32f3xx_hal_tim_ex.c ****     TIM_CHANNEL_N_STATE_SET(htim, TIM_CHANNEL_3, HAL_TIM_CHANNEL_STATE_READY);
2486:Drivers/STM32F3xx_HAL_Driver/Src/stm32f3xx_hal_tim_ex.c ****   }
2487:Drivers/STM32F3xx_HAL_Driver/Src/stm32f3xx_hal_tim_ex.c ****   else
2488:Drivers/STM32F3xx_HAL_Driver/Src/stm32f3xx_hal_tim_ex.c ****   {
2489:Drivers/STM32F3xx_HAL_Driver/Src/stm32f3xx_hal_tim_ex.c ****     /* nothing to do */
2490:Drivers/STM32F3xx_HAL_Driver/Src/stm32f3xx_hal_tim_ex.c ****   }
2491:Drivers/STM32F3xx_HAL_Driver/Src/stm32f3xx_hal_tim_ex.c **** 
2492:Drivers/STM32F3xx_HAL_Driver/Src/stm32f3xx_hal_tim_ex.c **** #if (USE_HAL_TIM_REGISTER_CALLBACKS == 1)
2493:Drivers/STM32F3xx_HAL_Driver/Src/stm32f3xx_hal_tim_ex.c ****   htim->ErrorCallback(htim);
2494:Drivers/STM32F3xx_HAL_Driver/Src/stm32f3xx_hal_tim_ex.c **** #else
2495:Drivers/STM32F3xx_HAL_Driver/Src/stm32f3xx_hal_tim_ex.c ****   HAL_TIM_ErrorCallback(htim);
2496:Drivers/STM32F3xx_HAL_Driver/Src/stm32f3xx_hal_tim_ex.c **** #endif /* USE_HAL_TIM_REGISTER_CALLBACKS */
2497:Drivers/STM32F3xx_HAL_Driver/Src/stm32f3xx_hal_tim_ex.c **** 
2498:Drivers/STM32F3xx_HAL_Driver/Src/stm32f3xx_hal_tim_ex.c ****   htim->Channel = HAL_TIM_ACTIVE_CHANNEL_CLEARED;
2499:Drivers/STM32F3xx_HAL_Driver/Src/stm32f3xx_hal_tim_ex.c **** }
2500:Drivers/STM32F3xx_HAL_Driver/Src/stm32f3xx_hal_tim_ex.c **** 
2501:Drivers/STM32F3xx_HAL_Driver/Src/stm32f3xx_hal_tim_ex.c **** /**
2502:Drivers/STM32F3xx_HAL_Driver/Src/stm32f3xx_hal_tim_ex.c ****   * @brief  Enables or disables the TIM Capture Compare Channel xN.
2503:Drivers/STM32F3xx_HAL_Driver/Src/stm32f3xx_hal_tim_ex.c ****   * @param  TIMx to select the TIM peripheral
2504:Drivers/STM32F3xx_HAL_Driver/Src/stm32f3xx_hal_tim_ex.c ****   * @param  Channel specifies the TIM Channel
2505:Drivers/STM32F3xx_HAL_Driver/Src/stm32f3xx_hal_tim_ex.c ****   *          This parameter can be one of the following values:
2506:Drivers/STM32F3xx_HAL_Driver/Src/stm32f3xx_hal_tim_ex.c ****   *            @arg TIM_CHANNEL_1: TIM Channel 1
2507:Drivers/STM32F3xx_HAL_Driver/Src/stm32f3xx_hal_tim_ex.c ****   *            @arg TIM_CHANNEL_2: TIM Channel 2
2508:Drivers/STM32F3xx_HAL_Driver/Src/stm32f3xx_hal_tim_ex.c ****   *            @arg TIM_CHANNEL_3: TIM Channel 3
2509:Drivers/STM32F3xx_HAL_Driver/Src/stm32f3xx_hal_tim_ex.c ****   * @param  ChannelNState specifies the TIM Channel CCxNE bit new state.
2510:Drivers/STM32F3xx_HAL_Driver/Src/stm32f3xx_hal_tim_ex.c ****   *          This parameter can be: TIM_CCxN_ENABLE or TIM_CCxN_Disable.
2511:Drivers/STM32F3xx_HAL_Driver/Src/stm32f3xx_hal_tim_ex.c ****   * @retval None
2512:Drivers/STM32F3xx_HAL_Driver/Src/stm32f3xx_hal_tim_ex.c ****   */
2513:Drivers/STM32F3xx_HAL_Driver/Src/stm32f3xx_hal_tim_ex.c **** static void TIM_CCxNChannelCmd(TIM_TypeDef *TIMx, uint32_t Channel, uint32_t ChannelNState)
2514:Drivers/STM32F3xx_HAL_Driver/Src/stm32f3xx_hal_tim_ex.c **** {
  29              		.loc 1 2514 1 view -0
  30              		.cfi_startproc
  31              		@ args = 0, pretend = 0, frame = 0
  32              		@ frame_needed = 0, uses_anonymous_args = 0
  33              		@ link register save eliminated.
2515:Drivers/STM32F3xx_HAL_Driver/Src/stm32f3xx_hal_tim_ex.c ****   uint32_t tmp;
  34              		.loc 1 2515 3 view .LVU1
2516:Drivers/STM32F3xx_HAL_Driver/Src/stm32f3xx_hal_tim_ex.c **** 
2517:Drivers/STM32F3xx_HAL_Driver/Src/stm32f3xx_hal_tim_ex.c ****   tmp = TIM_CCER_CC1NE << (Channel & 0xFU); /* 0xFU = 15 bits max shift */
  35              		.loc 1 2517 3 view .LVU2
  36              		.loc 1 2517 36 is_stmt 0 view .LVU3
  37 0000 01F00F01 		and	r1, r1, #15
  38              	.LVL1:
  39              		.loc 1 2517 7 view .LVU4
  40 0004 4FF0040C 		mov	ip, #4
  41 0008 0CFA01FC 		lsl	ip, ip, r1
  42              	.LVL2:
2518:Drivers/STM32F3xx_HAL_Driver/Src/stm32f3xx_hal_tim_ex.c **** 
2519:Drivers/STM32F3xx_HAL_Driver/Src/stm32f3xx_hal_tim_ex.c ****   /* Reset the CCxNE Bit */
2520:Drivers/STM32F3xx_HAL_Driver/Src/stm32f3xx_hal_tim_ex.c ****   TIMx->CCER &=  ~tmp;
  43              		.loc 1 2520 3 is_stmt 1 view .LVU5
  44              		.loc 1 2520 7 is_stmt 0 view .LVU6
  45 000c 036A     		ldr	r3, [r0, #32]
  46              		.loc 1 2520 14 view .LVU7
ARM GAS  /tmp/ccZqO8pD.s 			page 46


  47 000e 23EA0C03 		bic	r3, r3, ip
  48 0012 0362     		str	r3, [r0, #32]
2521:Drivers/STM32F3xx_HAL_Driver/Src/stm32f3xx_hal_tim_ex.c **** 
2522:Drivers/STM32F3xx_HAL_Driver/Src/stm32f3xx_hal_tim_ex.c ****   /* Set or reset the CCxNE Bit */
2523:Drivers/STM32F3xx_HAL_Driver/Src/stm32f3xx_hal_tim_ex.c ****   TIMx->CCER |= (uint32_t)(ChannelNState << (Channel & 0xFU)); /* 0xFU = 15 bits max shift */
  49              		.loc 1 2523 3 is_stmt 1 view .LVU8
  50              		.loc 1 2523 7 is_stmt 0 view .LVU9
  51 0014 036A     		ldr	r3, [r0, #32]
  52              		.loc 1 2523 42 view .LVU10
  53 0016 8A40     		lsls	r2, r2, r1
  54              	.LVL3:
  55              		.loc 1 2523 14 view .LVU11
  56 0018 1343     		orrs	r3, r3, r2
  57 001a 0362     		str	r3, [r0, #32]
2524:Drivers/STM32F3xx_HAL_Driver/Src/stm32f3xx_hal_tim_ex.c **** }
  58              		.loc 1 2524 1 view .LVU12
  59 001c 7047     		bx	lr
  60              		.cfi_endproc
  61              	.LFE173:
  63              		.section	.text.TIM_DMAErrorCCxN,"ax",%progbits
  64              		.align	1
  65              		.syntax unified
  66              		.thumb
  67              		.thumb_func
  69              	TIM_DMAErrorCCxN:
  70              	.LVL4:
  71              	.LFB172:
2469:Drivers/STM32F3xx_HAL_Driver/Src/stm32f3xx_hal_tim_ex.c ****   TIM_HandleTypeDef *htim = (TIM_HandleTypeDef *)((DMA_HandleTypeDef *)hdma)->Parent;
  72              		.loc 1 2469 1 is_stmt 1 view -0
  73              		.cfi_startproc
  74              		@ args = 0, pretend = 0, frame = 0
  75              		@ frame_needed = 0, uses_anonymous_args = 0
2469:Drivers/STM32F3xx_HAL_Driver/Src/stm32f3xx_hal_tim_ex.c ****   TIM_HandleTypeDef *htim = (TIM_HandleTypeDef *)((DMA_HandleTypeDef *)hdma)->Parent;
  76              		.loc 1 2469 1 is_stmt 0 view .LVU14
  77 0000 10B5     		push	{r4, lr}
  78              	.LCFI0:
  79              		.cfi_def_cfa_offset 8
  80              		.cfi_offset 4, -8
  81              		.cfi_offset 14, -4
2470:Drivers/STM32F3xx_HAL_Driver/Src/stm32f3xx_hal_tim_ex.c **** 
  82              		.loc 1 2470 3 is_stmt 1 view .LVU15
2470:Drivers/STM32F3xx_HAL_Driver/Src/stm32f3xx_hal_tim_ex.c **** 
  83              		.loc 1 2470 22 is_stmt 0 view .LVU16
  84 0002 446A     		ldr	r4, [r0, #36]
  85              	.LVL5:
2472:Drivers/STM32F3xx_HAL_Driver/Src/stm32f3xx_hal_tim_ex.c ****   {
  86              		.loc 1 2472 3 is_stmt 1 view .LVU17
2472:Drivers/STM32F3xx_HAL_Driver/Src/stm32f3xx_hal_tim_ex.c ****   {
  87              		.loc 1 2472 25 is_stmt 0 view .LVU18
  88 0004 636A     		ldr	r3, [r4, #36]
2472:Drivers/STM32F3xx_HAL_Driver/Src/stm32f3xx_hal_tim_ex.c ****   {
  89              		.loc 1 2472 6 view .LVU19
  90 0006 8342     		cmp	r3, r0
  91 0008 0BD0     		beq	.L7
2477:Drivers/STM32F3xx_HAL_Driver/Src/stm32f3xx_hal_tim_ex.c ****   {
  92              		.loc 1 2477 8 is_stmt 1 view .LVU20
2477:Drivers/STM32F3xx_HAL_Driver/Src/stm32f3xx_hal_tim_ex.c ****   {
ARM GAS  /tmp/ccZqO8pD.s 			page 47


  93              		.loc 1 2477 30 is_stmt 0 view .LVU21
  94 000a A36A     		ldr	r3, [r4, #40]
2477:Drivers/STM32F3xx_HAL_Driver/Src/stm32f3xx_hal_tim_ex.c ****   {
  95              		.loc 1 2477 11 view .LVU22
  96 000c 8342     		cmp	r3, r0
  97 000e 0DD0     		beq	.L8
2482:Drivers/STM32F3xx_HAL_Driver/Src/stm32f3xx_hal_tim_ex.c ****   {
  98              		.loc 1 2482 8 is_stmt 1 view .LVU23
2482:Drivers/STM32F3xx_HAL_Driver/Src/stm32f3xx_hal_tim_ex.c ****   {
  99              		.loc 1 2482 30 is_stmt 0 view .LVU24
 100 0010 E36A     		ldr	r3, [r4, #44]
2482:Drivers/STM32F3xx_HAL_Driver/Src/stm32f3xx_hal_tim_ex.c ****   {
 101              		.loc 1 2482 11 view .LVU25
 102 0012 8342     		cmp	r3, r0
 103 0014 10D0     		beq	.L9
 104              	.L4:
2490:Drivers/STM32F3xx_HAL_Driver/Src/stm32f3xx_hal_tim_ex.c **** 
 105              		.loc 1 2490 3 is_stmt 1 view .LVU26
2495:Drivers/STM32F3xx_HAL_Driver/Src/stm32f3xx_hal_tim_ex.c **** #endif /* USE_HAL_TIM_REGISTER_CALLBACKS */
 106              		.loc 1 2495 3 view .LVU27
 107 0016 2046     		mov	r0, r4
 108              	.LVL6:
2495:Drivers/STM32F3xx_HAL_Driver/Src/stm32f3xx_hal_tim_ex.c **** #endif /* USE_HAL_TIM_REGISTER_CALLBACKS */
 109              		.loc 1 2495 3 is_stmt 0 view .LVU28
 110 0018 FFF7FEFF 		bl	HAL_TIM_ErrorCallback
 111              	.LVL7:
2498:Drivers/STM32F3xx_HAL_Driver/Src/stm32f3xx_hal_tim_ex.c **** }
 112              		.loc 1 2498 3 is_stmt 1 view .LVU29
2498:Drivers/STM32F3xx_HAL_Driver/Src/stm32f3xx_hal_tim_ex.c **** }
 113              		.loc 1 2498 17 is_stmt 0 view .LVU30
 114 001c 0023     		movs	r3, #0
 115 001e 2377     		strb	r3, [r4, #28]
2499:Drivers/STM32F3xx_HAL_Driver/Src/stm32f3xx_hal_tim_ex.c **** 
 116              		.loc 1 2499 1 view .LVU31
 117 0020 10BD     		pop	{r4, pc}
 118              	.LVL8:
 119              	.L7:
2474:Drivers/STM32F3xx_HAL_Driver/Src/stm32f3xx_hal_tim_ex.c ****     TIM_CHANNEL_N_STATE_SET(htim, TIM_CHANNEL_1, HAL_TIM_CHANNEL_STATE_READY);
 120              		.loc 1 2474 5 is_stmt 1 view .LVU32
2474:Drivers/STM32F3xx_HAL_Driver/Src/stm32f3xx_hal_tim_ex.c ****     TIM_CHANNEL_N_STATE_SET(htim, TIM_CHANNEL_1, HAL_TIM_CHANNEL_STATE_READY);
 121              		.loc 1 2474 19 is_stmt 0 view .LVU33
 122 0022 0123     		movs	r3, #1
 123 0024 2377     		strb	r3, [r4, #28]
2475:Drivers/STM32F3xx_HAL_Driver/Src/stm32f3xx_hal_tim_ex.c ****   }
 124              		.loc 1 2475 5 is_stmt 1 view .LVU34
 125 0026 84F84430 		strb	r3, [r4, #68]
 126 002a F4E7     		b	.L4
 127              	.L8:
2479:Drivers/STM32F3xx_HAL_Driver/Src/stm32f3xx_hal_tim_ex.c ****     TIM_CHANNEL_N_STATE_SET(htim, TIM_CHANNEL_2, HAL_TIM_CHANNEL_STATE_READY);
 128              		.loc 1 2479 5 view .LVU35
2479:Drivers/STM32F3xx_HAL_Driver/Src/stm32f3xx_hal_tim_ex.c ****     TIM_CHANNEL_N_STATE_SET(htim, TIM_CHANNEL_2, HAL_TIM_CHANNEL_STATE_READY);
 129              		.loc 1 2479 19 is_stmt 0 view .LVU36
 130 002c 0223     		movs	r3, #2
 131 002e 2377     		strb	r3, [r4, #28]
2480:Drivers/STM32F3xx_HAL_Driver/Src/stm32f3xx_hal_tim_ex.c ****   }
 132              		.loc 1 2480 5 is_stmt 1 view .LVU37
 133 0030 0123     		movs	r3, #1
ARM GAS  /tmp/ccZqO8pD.s 			page 48


 134 0032 84F84530 		strb	r3, [r4, #69]
 135 0036 EEE7     		b	.L4
 136              	.L9:
2484:Drivers/STM32F3xx_HAL_Driver/Src/stm32f3xx_hal_tim_ex.c ****     TIM_CHANNEL_N_STATE_SET(htim, TIM_CHANNEL_3, HAL_TIM_CHANNEL_STATE_READY);
 137              		.loc 1 2484 5 view .LVU38
2484:Drivers/STM32F3xx_HAL_Driver/Src/stm32f3xx_hal_tim_ex.c ****     TIM_CHANNEL_N_STATE_SET(htim, TIM_CHANNEL_3, HAL_TIM_CHANNEL_STATE_READY);
 138              		.loc 1 2484 19 is_stmt 0 view .LVU39
 139 0038 0423     		movs	r3, #4
 140 003a 2377     		strb	r3, [r4, #28]
2485:Drivers/STM32F3xx_HAL_Driver/Src/stm32f3xx_hal_tim_ex.c ****   }
 141              		.loc 1 2485 5 is_stmt 1 view .LVU40
 142 003c 0123     		movs	r3, #1
 143 003e 84F84630 		strb	r3, [r4, #70]
 144 0042 E8E7     		b	.L4
 145              		.cfi_endproc
 146              	.LFE172:
 148              		.section	.text.TIM_DMADelayPulseNCplt,"ax",%progbits
 149              		.align	1
 150              		.syntax unified
 151              		.thumb
 152              		.thumb_func
 154              	TIM_DMADelayPulseNCplt:
 155              	.LVL9:
 156              	.LFB171:
2419:Drivers/STM32F3xx_HAL_Driver/Src/stm32f3xx_hal_tim_ex.c ****   TIM_HandleTypeDef *htim = (TIM_HandleTypeDef *)((DMA_HandleTypeDef *)hdma)->Parent;
 157              		.loc 1 2419 1 view -0
 158              		.cfi_startproc
 159              		@ args = 0, pretend = 0, frame = 0
 160              		@ frame_needed = 0, uses_anonymous_args = 0
2419:Drivers/STM32F3xx_HAL_Driver/Src/stm32f3xx_hal_tim_ex.c ****   TIM_HandleTypeDef *htim = (TIM_HandleTypeDef *)((DMA_HandleTypeDef *)hdma)->Parent;
 161              		.loc 1 2419 1 is_stmt 0 view .LVU42
 162 0000 10B5     		push	{r4, lr}
 163              	.LCFI1:
 164              		.cfi_def_cfa_offset 8
 165              		.cfi_offset 4, -8
 166              		.cfi_offset 14, -4
2420:Drivers/STM32F3xx_HAL_Driver/Src/stm32f3xx_hal_tim_ex.c **** 
 167              		.loc 1 2420 3 is_stmt 1 view .LVU43
2420:Drivers/STM32F3xx_HAL_Driver/Src/stm32f3xx_hal_tim_ex.c **** 
 168              		.loc 1 2420 22 is_stmt 0 view .LVU44
 169 0002 446A     		ldr	r4, [r0, #36]
 170              	.LVL10:
2422:Drivers/STM32F3xx_HAL_Driver/Src/stm32f3xx_hal_tim_ex.c ****   {
 171              		.loc 1 2422 3 is_stmt 1 view .LVU45
2422:Drivers/STM32F3xx_HAL_Driver/Src/stm32f3xx_hal_tim_ex.c ****   {
 172              		.loc 1 2422 25 is_stmt 0 view .LVU46
 173 0004 636A     		ldr	r3, [r4, #36]
2422:Drivers/STM32F3xx_HAL_Driver/Src/stm32f3xx_hal_tim_ex.c ****   {
 174              		.loc 1 2422 6 view .LVU47
 175 0006 8342     		cmp	r3, r0
 176 0008 0BD0     		beq	.L15
2431:Drivers/STM32F3xx_HAL_Driver/Src/stm32f3xx_hal_tim_ex.c ****   {
 177              		.loc 1 2431 8 is_stmt 1 view .LVU48
2431:Drivers/STM32F3xx_HAL_Driver/Src/stm32f3xx_hal_tim_ex.c ****   {
 178              		.loc 1 2431 30 is_stmt 0 view .LVU49
 179 000a A36A     		ldr	r3, [r4, #40]
2431:Drivers/STM32F3xx_HAL_Driver/Src/stm32f3xx_hal_tim_ex.c ****   {
ARM GAS  /tmp/ccZqO8pD.s 			page 49


 180              		.loc 1 2431 11 view .LVU50
 181 000c 8342     		cmp	r3, r0
 182 000e 11D0     		beq	.L16
2440:Drivers/STM32F3xx_HAL_Driver/Src/stm32f3xx_hal_tim_ex.c ****   {
 183              		.loc 1 2440 8 is_stmt 1 view .LVU51
2440:Drivers/STM32F3xx_HAL_Driver/Src/stm32f3xx_hal_tim_ex.c ****   {
 184              		.loc 1 2440 30 is_stmt 0 view .LVU52
 185 0010 E36A     		ldr	r3, [r4, #44]
2440:Drivers/STM32F3xx_HAL_Driver/Src/stm32f3xx_hal_tim_ex.c ****   {
 186              		.loc 1 2440 11 view .LVU53
 187 0012 8342     		cmp	r3, r0
 188 0014 17D0     		beq	.L17
 189              	.L12:
2452:Drivers/STM32F3xx_HAL_Driver/Src/stm32f3xx_hal_tim_ex.c **** 
 190              		.loc 1 2452 3 is_stmt 1 view .LVU54
2457:Drivers/STM32F3xx_HAL_Driver/Src/stm32f3xx_hal_tim_ex.c **** #endif /* USE_HAL_TIM_REGISTER_CALLBACKS */
 191              		.loc 1 2457 3 view .LVU55
 192 0016 2046     		mov	r0, r4
 193              	.LVL11:
2457:Drivers/STM32F3xx_HAL_Driver/Src/stm32f3xx_hal_tim_ex.c **** #endif /* USE_HAL_TIM_REGISTER_CALLBACKS */
 194              		.loc 1 2457 3 is_stmt 0 view .LVU56
 195 0018 FFF7FEFF 		bl	HAL_TIM_PWM_PulseFinishedCallback
 196              	.LVL12:
2460:Drivers/STM32F3xx_HAL_Driver/Src/stm32f3xx_hal_tim_ex.c **** }
 197              		.loc 1 2460 3 is_stmt 1 view .LVU57
2460:Drivers/STM32F3xx_HAL_Driver/Src/stm32f3xx_hal_tim_ex.c **** }
 198              		.loc 1 2460 17 is_stmt 0 view .LVU58
 199 001c 0023     		movs	r3, #0
 200 001e 2377     		strb	r3, [r4, #28]
2461:Drivers/STM32F3xx_HAL_Driver/Src/stm32f3xx_hal_tim_ex.c **** 
 201              		.loc 1 2461 1 view .LVU59
 202 0020 10BD     		pop	{r4, pc}
 203              	.LVL13:
 204              	.L15:
2424:Drivers/STM32F3xx_HAL_Driver/Src/stm32f3xx_hal_tim_ex.c **** 
 205              		.loc 1 2424 5 is_stmt 1 view .LVU60
2424:Drivers/STM32F3xx_HAL_Driver/Src/stm32f3xx_hal_tim_ex.c **** 
 206              		.loc 1 2424 19 is_stmt 0 view .LVU61
 207 0022 0123     		movs	r3, #1
 208 0024 2377     		strb	r3, [r4, #28]
2426:Drivers/STM32F3xx_HAL_Driver/Src/stm32f3xx_hal_tim_ex.c ****     {
 209              		.loc 1 2426 5 is_stmt 1 view .LVU62
2426:Drivers/STM32F3xx_HAL_Driver/Src/stm32f3xx_hal_tim_ex.c ****     {
 210              		.loc 1 2426 19 is_stmt 0 view .LVU63
 211 0026 8369     		ldr	r3, [r0, #24]
2426:Drivers/STM32F3xx_HAL_Driver/Src/stm32f3xx_hal_tim_ex.c ****     {
 212              		.loc 1 2426 8 view .LVU64
 213 0028 002B     		cmp	r3, #0
 214 002a F4D1     		bne	.L12
2428:Drivers/STM32F3xx_HAL_Driver/Src/stm32f3xx_hal_tim_ex.c ****     }
 215              		.loc 1 2428 7 is_stmt 1 view .LVU65
 216 002c 0123     		movs	r3, #1
 217 002e 84F84430 		strb	r3, [r4, #68]
 218 0032 F0E7     		b	.L12
 219              	.L16:
2433:Drivers/STM32F3xx_HAL_Driver/Src/stm32f3xx_hal_tim_ex.c **** 
 220              		.loc 1 2433 5 view .LVU66
ARM GAS  /tmp/ccZqO8pD.s 			page 50


2433:Drivers/STM32F3xx_HAL_Driver/Src/stm32f3xx_hal_tim_ex.c **** 
 221              		.loc 1 2433 19 is_stmt 0 view .LVU67
 222 0034 0223     		movs	r3, #2
 223 0036 2377     		strb	r3, [r4, #28]
2435:Drivers/STM32F3xx_HAL_Driver/Src/stm32f3xx_hal_tim_ex.c ****     {
 224              		.loc 1 2435 5 is_stmt 1 view .LVU68
2435:Drivers/STM32F3xx_HAL_Driver/Src/stm32f3xx_hal_tim_ex.c ****     {
 225              		.loc 1 2435 19 is_stmt 0 view .LVU69
 226 0038 8369     		ldr	r3, [r0, #24]
2435:Drivers/STM32F3xx_HAL_Driver/Src/stm32f3xx_hal_tim_ex.c ****     {
 227              		.loc 1 2435 8 view .LVU70
 228 003a 002B     		cmp	r3, #0
 229 003c EBD1     		bne	.L12
2437:Drivers/STM32F3xx_HAL_Driver/Src/stm32f3xx_hal_tim_ex.c ****     }
 230              		.loc 1 2437 7 is_stmt 1 view .LVU71
 231 003e 0123     		movs	r3, #1
 232 0040 84F84530 		strb	r3, [r4, #69]
 233 0044 E7E7     		b	.L12
 234              	.L17:
2442:Drivers/STM32F3xx_HAL_Driver/Src/stm32f3xx_hal_tim_ex.c **** 
 235              		.loc 1 2442 5 view .LVU72
2442:Drivers/STM32F3xx_HAL_Driver/Src/stm32f3xx_hal_tim_ex.c **** 
 236              		.loc 1 2442 19 is_stmt 0 view .LVU73
 237 0046 0423     		movs	r3, #4
 238 0048 2377     		strb	r3, [r4, #28]
2444:Drivers/STM32F3xx_HAL_Driver/Src/stm32f3xx_hal_tim_ex.c ****     {
 239              		.loc 1 2444 5 is_stmt 1 view .LVU74
2444:Drivers/STM32F3xx_HAL_Driver/Src/stm32f3xx_hal_tim_ex.c ****     {
 240              		.loc 1 2444 19 is_stmt 0 view .LVU75
 241 004a 8369     		ldr	r3, [r0, #24]
2444:Drivers/STM32F3xx_HAL_Driver/Src/stm32f3xx_hal_tim_ex.c ****     {
 242              		.loc 1 2444 8 view .LVU76
 243 004c 002B     		cmp	r3, #0
 244 004e E2D1     		bne	.L12
2446:Drivers/STM32F3xx_HAL_Driver/Src/stm32f3xx_hal_tim_ex.c ****     }
 245              		.loc 1 2446 7 is_stmt 1 view .LVU77
 246 0050 0123     		movs	r3, #1
 247 0052 84F84630 		strb	r3, [r4, #70]
 248 0056 DEE7     		b	.L12
 249              		.cfi_endproc
 250              	.LFE171:
 252              		.section	.text.HAL_TIMEx_HallSensor_MspInit,"ax",%progbits
 253              		.align	1
 254              		.weak	HAL_TIMEx_HallSensor_MspInit
 255              		.syntax unified
 256              		.thumb
 257              		.thumb_func
 259              	HAL_TIMEx_HallSensor_MspInit:
 260              	.LVL14:
 261              	.LFB132:
 288:Drivers/STM32F3xx_HAL_Driver/Src/stm32f3xx_hal_tim_ex.c ****   /* Prevent unused argument(s) compilation warning */
 262              		.loc 1 288 1 view -0
 263              		.cfi_startproc
 264              		@ args = 0, pretend = 0, frame = 0
 265              		@ frame_needed = 0, uses_anonymous_args = 0
 266              		@ link register save eliminated.
 290:Drivers/STM32F3xx_HAL_Driver/Src/stm32f3xx_hal_tim_ex.c **** 
ARM GAS  /tmp/ccZqO8pD.s 			page 51


 267              		.loc 1 290 3 view .LVU79
 295:Drivers/STM32F3xx_HAL_Driver/Src/stm32f3xx_hal_tim_ex.c **** 
 268              		.loc 1 295 1 is_stmt 0 view .LVU80
 269 0000 7047     		bx	lr
 270              		.cfi_endproc
 271              	.LFE132:
 273              		.section	.text.HAL_TIMEx_HallSensor_Init,"ax",%progbits
 274              		.align	1
 275              		.global	HAL_TIMEx_HallSensor_Init
 276              		.syntax unified
 277              		.thumb
 278              		.thumb_func
 280              	HAL_TIMEx_HallSensor_Init:
 281              	.LVL15:
 282              	.LFB130:
 141:Drivers/STM32F3xx_HAL_Driver/Src/stm32f3xx_hal_tim_ex.c ****   TIM_OC_InitTypeDef OC_Config;
 283              		.loc 1 141 1 is_stmt 1 view -0
 284              		.cfi_startproc
 285              		@ args = 0, pretend = 0, frame = 32
 286              		@ frame_needed = 0, uses_anonymous_args = 0
 142:Drivers/STM32F3xx_HAL_Driver/Src/stm32f3xx_hal_tim_ex.c **** 
 287              		.loc 1 142 3 view .LVU82
 145:Drivers/STM32F3xx_HAL_Driver/Src/stm32f3xx_hal_tim_ex.c ****   {
 288              		.loc 1 145 3 view .LVU83
 145:Drivers/STM32F3xx_HAL_Driver/Src/stm32f3xx_hal_tim_ex.c ****   {
 289              		.loc 1 145 6 is_stmt 0 view .LVU84
 290 0000 0028     		cmp	r0, #0
 291 0002 67D0     		beq	.L22
 141:Drivers/STM32F3xx_HAL_Driver/Src/stm32f3xx_hal_tim_ex.c ****   TIM_OC_InitTypeDef OC_Config;
 292              		.loc 1 141 1 view .LVU85
 293 0004 70B5     		push	{r4, r5, r6, lr}
 294              	.LCFI2:
 295              		.cfi_def_cfa_offset 16
 296              		.cfi_offset 4, -16
 297              		.cfi_offset 5, -12
 298              		.cfi_offset 6, -8
 299              		.cfi_offset 14, -4
 300 0006 88B0     		sub	sp, sp, #32
 301              	.LCFI3:
 302              		.cfi_def_cfa_offset 48
 303 0008 0E46     		mov	r6, r1
 304 000a 0446     		mov	r4, r0
 151:Drivers/STM32F3xx_HAL_Driver/Src/stm32f3xx_hal_tim_ex.c ****   assert_param(IS_TIM_COUNTER_MODE(htim->Init.CounterMode));
 305              		.loc 1 151 3 is_stmt 1 view .LVU86
 152:Drivers/STM32F3xx_HAL_Driver/Src/stm32f3xx_hal_tim_ex.c ****   assert_param(IS_TIM_CLOCKDIVISION_DIV(htim->Init.ClockDivision));
 306              		.loc 1 152 3 view .LVU87
 153:Drivers/STM32F3xx_HAL_Driver/Src/stm32f3xx_hal_tim_ex.c ****   assert_param(IS_TIM_AUTORELOAD_PRELOAD(htim->Init.AutoReloadPreload));
 307              		.loc 1 153 3 view .LVU88
 154:Drivers/STM32F3xx_HAL_Driver/Src/stm32f3xx_hal_tim_ex.c ****   assert_param(IS_TIM_IC_POLARITY(sConfig->IC1Polarity));
 308              		.loc 1 154 3 view .LVU89
 155:Drivers/STM32F3xx_HAL_Driver/Src/stm32f3xx_hal_tim_ex.c ****   assert_param(IS_TIM_PERIOD(htim, htim->Init.Period));
 309              		.loc 1 155 3 view .LVU90
 156:Drivers/STM32F3xx_HAL_Driver/Src/stm32f3xx_hal_tim_ex.c ****   assert_param(IS_TIM_IC_PRESCALER(sConfig->IC1Prescaler));
 310              		.loc 1 156 3 view .LVU91
 157:Drivers/STM32F3xx_HAL_Driver/Src/stm32f3xx_hal_tim_ex.c ****   assert_param(IS_TIM_IC_FILTER(sConfig->IC1Filter));
 311              		.loc 1 157 3 view .LVU92
 158:Drivers/STM32F3xx_HAL_Driver/Src/stm32f3xx_hal_tim_ex.c **** 
ARM GAS  /tmp/ccZqO8pD.s 			page 52


 312              		.loc 1 158 3 view .LVU93
 160:Drivers/STM32F3xx_HAL_Driver/Src/stm32f3xx_hal_tim_ex.c ****   {
 313              		.loc 1 160 3 view .LVU94
 160:Drivers/STM32F3xx_HAL_Driver/Src/stm32f3xx_hal_tim_ex.c ****   {
 314              		.loc 1 160 11 is_stmt 0 view .LVU95
 315 000c 90F83D30 		ldrb	r3, [r0, #61]	@ zero_extendqisi2
 160:Drivers/STM32F3xx_HAL_Driver/Src/stm32f3xx_hal_tim_ex.c ****   {
 316              		.loc 1 160 6 view .LVU96
 317 0010 002B     		cmp	r3, #0
 318 0012 5AD0     		beq	.L27
 319              	.LVL16:
 320              	.L21:
 182:Drivers/STM32F3xx_HAL_Driver/Src/stm32f3xx_hal_tim_ex.c **** 
 321              		.loc 1 182 3 is_stmt 1 view .LVU97
 182:Drivers/STM32F3xx_HAL_Driver/Src/stm32f3xx_hal_tim_ex.c **** 
 322              		.loc 1 182 15 is_stmt 0 view .LVU98
 323 0014 0223     		movs	r3, #2
 324 0016 84F83D30 		strb	r3, [r4, #61]
 185:Drivers/STM32F3xx_HAL_Driver/Src/stm32f3xx_hal_tim_ex.c **** 
 325              		.loc 1 185 3 is_stmt 1 view .LVU99
 185:Drivers/STM32F3xx_HAL_Driver/Src/stm32f3xx_hal_tim_ex.c **** 
 326              		.loc 1 185 38 is_stmt 0 view .LVU100
 327 001a 2146     		mov	r1, r4
 185:Drivers/STM32F3xx_HAL_Driver/Src/stm32f3xx_hal_tim_ex.c **** 
 328              		.loc 1 185 3 view .LVU101
 329 001c 51F8040B 		ldr	r0, [r1], #4
 330 0020 FFF7FEFF 		bl	TIM_Base_SetConfig
 331              	.LVL17:
 188:Drivers/STM32F3xx_HAL_Driver/Src/stm32f3xx_hal_tim_ex.c **** 
 332              		.loc 1 188 3 is_stmt 1 view .LVU102
 333 0024 B368     		ldr	r3, [r6, #8]
 334 0026 0322     		movs	r2, #3
 335 0028 3168     		ldr	r1, [r6]
 336 002a 2068     		ldr	r0, [r4]
 337 002c FFF7FEFF 		bl	TIM_TI1_SetConfig
 338              	.LVL18:
 191:Drivers/STM32F3xx_HAL_Driver/Src/stm32f3xx_hal_tim_ex.c ****   /* Set the IC1PSC value */
 339              		.loc 1 191 3 view .LVU103
 191:Drivers/STM32F3xx_HAL_Driver/Src/stm32f3xx_hal_tim_ex.c ****   /* Set the IC1PSC value */
 340              		.loc 1 191 7 is_stmt 0 view .LVU104
 341 0030 2268     		ldr	r2, [r4]
 191:Drivers/STM32F3xx_HAL_Driver/Src/stm32f3xx_hal_tim_ex.c ****   /* Set the IC1PSC value */
 342              		.loc 1 191 17 view .LVU105
 343 0032 9369     		ldr	r3, [r2, #24]
 191:Drivers/STM32F3xx_HAL_Driver/Src/stm32f3xx_hal_tim_ex.c ****   /* Set the IC1PSC value */
 344              		.loc 1 191 25 view .LVU106
 345 0034 23F00C03 		bic	r3, r3, #12
 346 0038 9361     		str	r3, [r2, #24]
 193:Drivers/STM32F3xx_HAL_Driver/Src/stm32f3xx_hal_tim_ex.c **** 
 347              		.loc 1 193 3 is_stmt 1 view .LVU107
 193:Drivers/STM32F3xx_HAL_Driver/Src/stm32f3xx_hal_tim_ex.c **** 
 348              		.loc 1 193 7 is_stmt 0 view .LVU108
 349 003a 2268     		ldr	r2, [r4]
 193:Drivers/STM32F3xx_HAL_Driver/Src/stm32f3xx_hal_tim_ex.c **** 
 350              		.loc 1 193 17 view .LVU109
 351 003c 9369     		ldr	r3, [r2, #24]
 193:Drivers/STM32F3xx_HAL_Driver/Src/stm32f3xx_hal_tim_ex.c **** 
ARM GAS  /tmp/ccZqO8pD.s 			page 53


 352              		.loc 1 193 35 view .LVU110
 353 003e 7168     		ldr	r1, [r6, #4]
 193:Drivers/STM32F3xx_HAL_Driver/Src/stm32f3xx_hal_tim_ex.c **** 
 354              		.loc 1 193 25 view .LVU111
 355 0040 0B43     		orrs	r3, r3, r1
 356 0042 9361     		str	r3, [r2, #24]
 196:Drivers/STM32F3xx_HAL_Driver/Src/stm32f3xx_hal_tim_ex.c **** 
 357              		.loc 1 196 3 is_stmt 1 view .LVU112
 196:Drivers/STM32F3xx_HAL_Driver/Src/stm32f3xx_hal_tim_ex.c **** 
 358              		.loc 1 196 7 is_stmt 0 view .LVU113
 359 0044 2268     		ldr	r2, [r4]
 196:Drivers/STM32F3xx_HAL_Driver/Src/stm32f3xx_hal_tim_ex.c **** 
 360              		.loc 1 196 17 view .LVU114
 361 0046 5368     		ldr	r3, [r2, #4]
 196:Drivers/STM32F3xx_HAL_Driver/Src/stm32f3xx_hal_tim_ex.c **** 
 362              		.loc 1 196 23 view .LVU115
 363 0048 43F08003 		orr	r3, r3, #128
 364 004c 5360     		str	r3, [r2, #4]
 199:Drivers/STM32F3xx_HAL_Driver/Src/stm32f3xx_hal_tim_ex.c ****   htim->Instance->SMCR |= TIM_TS_TI1F_ED;
 365              		.loc 1 199 3 is_stmt 1 view .LVU116
 199:Drivers/STM32F3xx_HAL_Driver/Src/stm32f3xx_hal_tim_ex.c ****   htim->Instance->SMCR |= TIM_TS_TI1F_ED;
 366              		.loc 1 199 7 is_stmt 0 view .LVU117
 367 004e 2268     		ldr	r2, [r4]
 199:Drivers/STM32F3xx_HAL_Driver/Src/stm32f3xx_hal_tim_ex.c ****   htim->Instance->SMCR |= TIM_TS_TI1F_ED;
 368              		.loc 1 199 17 view .LVU118
 369 0050 9368     		ldr	r3, [r2, #8]
 199:Drivers/STM32F3xx_HAL_Driver/Src/stm32f3xx_hal_tim_ex.c ****   htim->Instance->SMCR |= TIM_TS_TI1F_ED;
 370              		.loc 1 199 24 view .LVU119
 371 0052 23F07003 		bic	r3, r3, #112
 372 0056 9360     		str	r3, [r2, #8]
 200:Drivers/STM32F3xx_HAL_Driver/Src/stm32f3xx_hal_tim_ex.c **** 
 373              		.loc 1 200 3 is_stmt 1 view .LVU120
 200:Drivers/STM32F3xx_HAL_Driver/Src/stm32f3xx_hal_tim_ex.c **** 
 374              		.loc 1 200 7 is_stmt 0 view .LVU121
 375 0058 2268     		ldr	r2, [r4]
 200:Drivers/STM32F3xx_HAL_Driver/Src/stm32f3xx_hal_tim_ex.c **** 
 376              		.loc 1 200 17 view .LVU122
 377 005a 9368     		ldr	r3, [r2, #8]
 200:Drivers/STM32F3xx_HAL_Driver/Src/stm32f3xx_hal_tim_ex.c **** 
 378              		.loc 1 200 24 view .LVU123
 379 005c 43F04003 		orr	r3, r3, #64
 380 0060 9360     		str	r3, [r2, #8]
 203:Drivers/STM32F3xx_HAL_Driver/Src/stm32f3xx_hal_tim_ex.c ****   htim->Instance->SMCR |= TIM_SLAVEMODE_RESET;
 381              		.loc 1 203 3 is_stmt 1 view .LVU124
 203:Drivers/STM32F3xx_HAL_Driver/Src/stm32f3xx_hal_tim_ex.c ****   htim->Instance->SMCR |= TIM_SLAVEMODE_RESET;
 382              		.loc 1 203 7 is_stmt 0 view .LVU125
 383 0062 2268     		ldr	r2, [r4]
 203:Drivers/STM32F3xx_HAL_Driver/Src/stm32f3xx_hal_tim_ex.c ****   htim->Instance->SMCR |= TIM_SLAVEMODE_RESET;
 384              		.loc 1 203 17 view .LVU126
 385 0064 9368     		ldr	r3, [r2, #8]
 203:Drivers/STM32F3xx_HAL_Driver/Src/stm32f3xx_hal_tim_ex.c ****   htim->Instance->SMCR |= TIM_SLAVEMODE_RESET;
 386              		.loc 1 203 24 view .LVU127
 387 0066 23F48033 		bic	r3, r3, #65536
 388 006a 23F00703 		bic	r3, r3, #7
 389 006e 9360     		str	r3, [r2, #8]
 204:Drivers/STM32F3xx_HAL_Driver/Src/stm32f3xx_hal_tim_ex.c **** 
 390              		.loc 1 204 3 is_stmt 1 view .LVU128
ARM GAS  /tmp/ccZqO8pD.s 			page 54


 204:Drivers/STM32F3xx_HAL_Driver/Src/stm32f3xx_hal_tim_ex.c **** 
 391              		.loc 1 204 7 is_stmt 0 view .LVU129
 392 0070 2268     		ldr	r2, [r4]
 204:Drivers/STM32F3xx_HAL_Driver/Src/stm32f3xx_hal_tim_ex.c **** 
 393              		.loc 1 204 17 view .LVU130
 394 0072 9368     		ldr	r3, [r2, #8]
 204:Drivers/STM32F3xx_HAL_Driver/Src/stm32f3xx_hal_tim_ex.c **** 
 395              		.loc 1 204 24 view .LVU131
 396 0074 43F00403 		orr	r3, r3, #4
 397 0078 9360     		str	r3, [r2, #8]
 207:Drivers/STM32F3xx_HAL_Driver/Src/stm32f3xx_hal_tim_ex.c ****   OC_Config.OCIdleState = TIM_OCIDLESTATE_RESET;
 398              		.loc 1 207 3 is_stmt 1 view .LVU132
 207:Drivers/STM32F3xx_HAL_Driver/Src/stm32f3xx_hal_tim_ex.c ****   OC_Config.OCIdleState = TIM_OCIDLESTATE_RESET;
 399              		.loc 1 207 24 is_stmt 0 view .LVU133
 400 007a 0025     		movs	r5, #0
 401 007c 0595     		str	r5, [sp, #20]
 208:Drivers/STM32F3xx_HAL_Driver/Src/stm32f3xx_hal_tim_ex.c ****   OC_Config.OCMode = TIM_OCMODE_PWM2;
 402              		.loc 1 208 3 is_stmt 1 view .LVU134
 208:Drivers/STM32F3xx_HAL_Driver/Src/stm32f3xx_hal_tim_ex.c ****   OC_Config.OCMode = TIM_OCMODE_PWM2;
 403              		.loc 1 208 25 is_stmt 0 view .LVU135
 404 007e 0695     		str	r5, [sp, #24]
 209:Drivers/STM32F3xx_HAL_Driver/Src/stm32f3xx_hal_tim_ex.c ****   OC_Config.OCNIdleState = TIM_OCNIDLESTATE_RESET;
 405              		.loc 1 209 3 is_stmt 1 view .LVU136
 209:Drivers/STM32F3xx_HAL_Driver/Src/stm32f3xx_hal_tim_ex.c ****   OC_Config.OCNIdleState = TIM_OCNIDLESTATE_RESET;
 406              		.loc 1 209 20 is_stmt 0 view .LVU137
 407 0080 7023     		movs	r3, #112
 408 0082 0193     		str	r3, [sp, #4]
 210:Drivers/STM32F3xx_HAL_Driver/Src/stm32f3xx_hal_tim_ex.c ****   OC_Config.OCNPolarity = TIM_OCNPOLARITY_HIGH;
 409              		.loc 1 210 3 is_stmt 1 view .LVU138
 210:Drivers/STM32F3xx_HAL_Driver/Src/stm32f3xx_hal_tim_ex.c ****   OC_Config.OCNPolarity = TIM_OCNPOLARITY_HIGH;
 410              		.loc 1 210 26 is_stmt 0 view .LVU139
 411 0084 0795     		str	r5, [sp, #28]
 211:Drivers/STM32F3xx_HAL_Driver/Src/stm32f3xx_hal_tim_ex.c ****   OC_Config.OCPolarity = TIM_OCPOLARITY_HIGH;
 412              		.loc 1 211 3 is_stmt 1 view .LVU140
 211:Drivers/STM32F3xx_HAL_Driver/Src/stm32f3xx_hal_tim_ex.c ****   OC_Config.OCPolarity = TIM_OCPOLARITY_HIGH;
 413              		.loc 1 211 25 is_stmt 0 view .LVU141
 414 0086 0495     		str	r5, [sp, #16]
 212:Drivers/STM32F3xx_HAL_Driver/Src/stm32f3xx_hal_tim_ex.c ****   OC_Config.Pulse = sConfig->Commutation_Delay;
 415              		.loc 1 212 3 is_stmt 1 view .LVU142
 212:Drivers/STM32F3xx_HAL_Driver/Src/stm32f3xx_hal_tim_ex.c ****   OC_Config.Pulse = sConfig->Commutation_Delay;
 416              		.loc 1 212 24 is_stmt 0 view .LVU143
 417 0088 0395     		str	r5, [sp, #12]
 213:Drivers/STM32F3xx_HAL_Driver/Src/stm32f3xx_hal_tim_ex.c **** 
 418              		.loc 1 213 3 is_stmt 1 view .LVU144
 213:Drivers/STM32F3xx_HAL_Driver/Src/stm32f3xx_hal_tim_ex.c **** 
 419              		.loc 1 213 28 is_stmt 0 view .LVU145
 420 008a F368     		ldr	r3, [r6, #12]
 213:Drivers/STM32F3xx_HAL_Driver/Src/stm32f3xx_hal_tim_ex.c **** 
 421              		.loc 1 213 19 view .LVU146
 422 008c 0293     		str	r3, [sp, #8]
 215:Drivers/STM32F3xx_HAL_Driver/Src/stm32f3xx_hal_tim_ex.c **** 
 423              		.loc 1 215 3 is_stmt 1 view .LVU147
 424 008e 01A9     		add	r1, sp, #4
 425 0090 2068     		ldr	r0, [r4]
 426 0092 FFF7FEFF 		bl	TIM_OC2_SetConfig
 427              	.LVL19:
 219:Drivers/STM32F3xx_HAL_Driver/Src/stm32f3xx_hal_tim_ex.c ****   htim->Instance->CR2 |= TIM_TRGO_OC2REF;
ARM GAS  /tmp/ccZqO8pD.s 			page 55


 428              		.loc 1 219 3 view .LVU148
 219:Drivers/STM32F3xx_HAL_Driver/Src/stm32f3xx_hal_tim_ex.c ****   htim->Instance->CR2 |= TIM_TRGO_OC2REF;
 429              		.loc 1 219 7 is_stmt 0 view .LVU149
 430 0096 2268     		ldr	r2, [r4]
 219:Drivers/STM32F3xx_HAL_Driver/Src/stm32f3xx_hal_tim_ex.c ****   htim->Instance->CR2 |= TIM_TRGO_OC2REF;
 431              		.loc 1 219 17 view .LVU150
 432 0098 5368     		ldr	r3, [r2, #4]
 219:Drivers/STM32F3xx_HAL_Driver/Src/stm32f3xx_hal_tim_ex.c ****   htim->Instance->CR2 |= TIM_TRGO_OC2REF;
 433              		.loc 1 219 23 view .LVU151
 434 009a 23F07003 		bic	r3, r3, #112
 435 009e 5360     		str	r3, [r2, #4]
 220:Drivers/STM32F3xx_HAL_Driver/Src/stm32f3xx_hal_tim_ex.c **** 
 436              		.loc 1 220 3 is_stmt 1 view .LVU152
 220:Drivers/STM32F3xx_HAL_Driver/Src/stm32f3xx_hal_tim_ex.c **** 
 437              		.loc 1 220 7 is_stmt 0 view .LVU153
 438 00a0 2268     		ldr	r2, [r4]
 220:Drivers/STM32F3xx_HAL_Driver/Src/stm32f3xx_hal_tim_ex.c **** 
 439              		.loc 1 220 17 view .LVU154
 440 00a2 5368     		ldr	r3, [r2, #4]
 220:Drivers/STM32F3xx_HAL_Driver/Src/stm32f3xx_hal_tim_ex.c **** 
 441              		.loc 1 220 23 view .LVU155
 442 00a4 43F05003 		orr	r3, r3, #80
 443 00a8 5360     		str	r3, [r2, #4]
 223:Drivers/STM32F3xx_HAL_Driver/Src/stm32f3xx_hal_tim_ex.c **** 
 444              		.loc 1 223 3 is_stmt 1 view .LVU156
 223:Drivers/STM32F3xx_HAL_Driver/Src/stm32f3xx_hal_tim_ex.c **** 
 445              		.loc 1 223 23 is_stmt 0 view .LVU157
 446 00aa 0123     		movs	r3, #1
 447 00ac 84F84830 		strb	r3, [r4, #72]
 226:Drivers/STM32F3xx_HAL_Driver/Src/stm32f3xx_hal_tim_ex.c ****   TIM_CHANNEL_STATE_SET(htim, TIM_CHANNEL_2, HAL_TIM_CHANNEL_STATE_READY);
 448              		.loc 1 226 3 is_stmt 1 view .LVU158
 449 00b0 84F83E30 		strb	r3, [r4, #62]
 227:Drivers/STM32F3xx_HAL_Driver/Src/stm32f3xx_hal_tim_ex.c ****   TIM_CHANNEL_N_STATE_SET(htim, TIM_CHANNEL_1, HAL_TIM_CHANNEL_STATE_READY);
 450              		.loc 1 227 3 view .LVU159
 451 00b4 84F83F30 		strb	r3, [r4, #63]
 228:Drivers/STM32F3xx_HAL_Driver/Src/stm32f3xx_hal_tim_ex.c ****   TIM_CHANNEL_N_STATE_SET(htim, TIM_CHANNEL_2, HAL_TIM_CHANNEL_STATE_READY);
 452              		.loc 1 228 3 view .LVU160
 453 00b8 84F84430 		strb	r3, [r4, #68]
 229:Drivers/STM32F3xx_HAL_Driver/Src/stm32f3xx_hal_tim_ex.c **** 
 454              		.loc 1 229 3 view .LVU161
 455 00bc 84F84530 		strb	r3, [r4, #69]
 232:Drivers/STM32F3xx_HAL_Driver/Src/stm32f3xx_hal_tim_ex.c **** 
 456              		.loc 1 232 3 view .LVU162
 232:Drivers/STM32F3xx_HAL_Driver/Src/stm32f3xx_hal_tim_ex.c **** 
 457              		.loc 1 232 15 is_stmt 0 view .LVU163
 458 00c0 84F83D30 		strb	r3, [r4, #61]
 234:Drivers/STM32F3xx_HAL_Driver/Src/stm32f3xx_hal_tim_ex.c **** }
 459              		.loc 1 234 3 is_stmt 1 view .LVU164
 234:Drivers/STM32F3xx_HAL_Driver/Src/stm32f3xx_hal_tim_ex.c **** }
 460              		.loc 1 234 10 is_stmt 0 view .LVU165
 461 00c4 2846     		mov	r0, r5
 235:Drivers/STM32F3xx_HAL_Driver/Src/stm32f3xx_hal_tim_ex.c **** 
 462              		.loc 1 235 1 view .LVU166
 463 00c6 08B0     		add	sp, sp, #32
 464              	.LCFI4:
 465              		.cfi_remember_state
 466              		.cfi_def_cfa_offset 16
ARM GAS  /tmp/ccZqO8pD.s 			page 56


 467              		@ sp needed
 468 00c8 70BD     		pop	{r4, r5, r6, pc}
 469              	.LVL20:
 470              	.L27:
 471              	.LCFI5:
 472              		.cfi_restore_state
 163:Drivers/STM32F3xx_HAL_Driver/Src/stm32f3xx_hal_tim_ex.c **** 
 473              		.loc 1 163 5 is_stmt 1 view .LVU167
 163:Drivers/STM32F3xx_HAL_Driver/Src/stm32f3xx_hal_tim_ex.c **** 
 474              		.loc 1 163 16 is_stmt 0 view .LVU168
 475 00ca 80F83C30 		strb	r3, [r0, #60]
 177:Drivers/STM32F3xx_HAL_Driver/Src/stm32f3xx_hal_tim_ex.c **** #endif /* USE_HAL_TIM_REGISTER_CALLBACKS */
 476              		.loc 1 177 5 is_stmt 1 view .LVU169
 477 00ce FFF7FEFF 		bl	HAL_TIMEx_HallSensor_MspInit
 478              	.LVL21:
 177:Drivers/STM32F3xx_HAL_Driver/Src/stm32f3xx_hal_tim_ex.c **** #endif /* USE_HAL_TIM_REGISTER_CALLBACKS */
 479              		.loc 1 177 5 is_stmt 0 view .LVU170
 480 00d2 9FE7     		b	.L21
 481              	.LVL22:
 482              	.L22:
 483              	.LCFI6:
 484              		.cfi_def_cfa_offset 0
 485              		.cfi_restore 4
 486              		.cfi_restore 5
 487              		.cfi_restore 6
 488              		.cfi_restore 14
 147:Drivers/STM32F3xx_HAL_Driver/Src/stm32f3xx_hal_tim_ex.c ****   }
 489              		.loc 1 147 12 view .LVU171
 490 00d4 0120     		movs	r0, #1
 491              	.LVL23:
 235:Drivers/STM32F3xx_HAL_Driver/Src/stm32f3xx_hal_tim_ex.c **** 
 492              		.loc 1 235 1 view .LVU172
 493 00d6 7047     		bx	lr
 494              		.cfi_endproc
 495              	.LFE130:
 497              		.section	.text.HAL_TIMEx_HallSensor_MspDeInit,"ax",%progbits
 498              		.align	1
 499              		.weak	HAL_TIMEx_HallSensor_MspDeInit
 500              		.syntax unified
 501              		.thumb
 502              		.thumb_func
 504              	HAL_TIMEx_HallSensor_MspDeInit:
 505              	.LVL24:
 506              	.LFB133:
 303:Drivers/STM32F3xx_HAL_Driver/Src/stm32f3xx_hal_tim_ex.c ****   /* Prevent unused argument(s) compilation warning */
 507              		.loc 1 303 1 is_stmt 1 view -0
 508              		.cfi_startproc
 509              		@ args = 0, pretend = 0, frame = 0
 510              		@ frame_needed = 0, uses_anonymous_args = 0
 511              		@ link register save eliminated.
 305:Drivers/STM32F3xx_HAL_Driver/Src/stm32f3xx_hal_tim_ex.c **** 
 512              		.loc 1 305 3 view .LVU174
 310:Drivers/STM32F3xx_HAL_Driver/Src/stm32f3xx_hal_tim_ex.c **** 
 513              		.loc 1 310 1 is_stmt 0 view .LVU175
 514 0000 7047     		bx	lr
 515              		.cfi_endproc
 516              	.LFE133:
ARM GAS  /tmp/ccZqO8pD.s 			page 57


 518              		.section	.text.HAL_TIMEx_HallSensor_DeInit,"ax",%progbits
 519              		.align	1
 520              		.global	HAL_TIMEx_HallSensor_DeInit
 521              		.syntax unified
 522              		.thumb
 523              		.thumb_func
 525              	HAL_TIMEx_HallSensor_DeInit:
 526              	.LVL25:
 527              	.LFB131:
 243:Drivers/STM32F3xx_HAL_Driver/Src/stm32f3xx_hal_tim_ex.c ****   /* Check the parameters */
 528              		.loc 1 243 1 is_stmt 1 view -0
 529              		.cfi_startproc
 530              		@ args = 0, pretend = 0, frame = 0
 531              		@ frame_needed = 0, uses_anonymous_args = 0
 243:Drivers/STM32F3xx_HAL_Driver/Src/stm32f3xx_hal_tim_ex.c ****   /* Check the parameters */
 532              		.loc 1 243 1 is_stmt 0 view .LVU177
 533 0000 10B5     		push	{r4, lr}
 534              	.LCFI7:
 535              		.cfi_def_cfa_offset 8
 536              		.cfi_offset 4, -8
 537              		.cfi_offset 14, -4
 538 0002 0446     		mov	r4, r0
 245:Drivers/STM32F3xx_HAL_Driver/Src/stm32f3xx_hal_tim_ex.c **** 
 539              		.loc 1 245 3 is_stmt 1 view .LVU178
 247:Drivers/STM32F3xx_HAL_Driver/Src/stm32f3xx_hal_tim_ex.c **** 
 540              		.loc 1 247 3 view .LVU179
 247:Drivers/STM32F3xx_HAL_Driver/Src/stm32f3xx_hal_tim_ex.c **** 
 541              		.loc 1 247 15 is_stmt 0 view .LVU180
 542 0004 0223     		movs	r3, #2
 543 0006 80F83D30 		strb	r3, [r0, #61]
 250:Drivers/STM32F3xx_HAL_Driver/Src/stm32f3xx_hal_tim_ex.c **** 
 544              		.loc 1 250 3 is_stmt 1 view .LVU181
 250:Drivers/STM32F3xx_HAL_Driver/Src/stm32f3xx_hal_tim_ex.c **** 
 545              		.loc 1 250 3 view .LVU182
 546 000a 0368     		ldr	r3, [r0]
 547 000c 196A     		ldr	r1, [r3, #32]
 548 000e 41F21112 		movw	r2, #4369
 549 0012 1142     		tst	r1, r2
 550 0014 08D1     		bne	.L30
 250:Drivers/STM32F3xx_HAL_Driver/Src/stm32f3xx_hal_tim_ex.c **** 
 551              		.loc 1 250 3 discriminator 1 view .LVU183
 552 0016 196A     		ldr	r1, [r3, #32]
 553 0018 40F24442 		movw	r2, #1092
 554 001c 1142     		tst	r1, r2
 555 001e 03D1     		bne	.L30
 250:Drivers/STM32F3xx_HAL_Driver/Src/stm32f3xx_hal_tim_ex.c **** 
 556              		.loc 1 250 3 discriminator 3 view .LVU184
 557 0020 1A68     		ldr	r2, [r3]
 558 0022 22F00102 		bic	r2, r2, #1
 559 0026 1A60     		str	r2, [r3]
 560              	.L30:
 250:Drivers/STM32F3xx_HAL_Driver/Src/stm32f3xx_hal_tim_ex.c **** 
 561              		.loc 1 250 3 discriminator 5 view .LVU185
 261:Drivers/STM32F3xx_HAL_Driver/Src/stm32f3xx_hal_tim_ex.c **** #endif /* USE_HAL_TIM_REGISTER_CALLBACKS */
 562              		.loc 1 261 3 view .LVU186
 563 0028 2046     		mov	r0, r4
 564              	.LVL26:
ARM GAS  /tmp/ccZqO8pD.s 			page 58


 261:Drivers/STM32F3xx_HAL_Driver/Src/stm32f3xx_hal_tim_ex.c **** #endif /* USE_HAL_TIM_REGISTER_CALLBACKS */
 565              		.loc 1 261 3 is_stmt 0 view .LVU187
 566 002a FFF7FEFF 		bl	HAL_TIMEx_HallSensor_MspDeInit
 567              	.LVL27:
 265:Drivers/STM32F3xx_HAL_Driver/Src/stm32f3xx_hal_tim_ex.c **** 
 568              		.loc 1 265 3 is_stmt 1 view .LVU188
 265:Drivers/STM32F3xx_HAL_Driver/Src/stm32f3xx_hal_tim_ex.c **** 
 569              		.loc 1 265 23 is_stmt 0 view .LVU189
 570 002e 0020     		movs	r0, #0
 571 0030 84F84800 		strb	r0, [r4, #72]
 268:Drivers/STM32F3xx_HAL_Driver/Src/stm32f3xx_hal_tim_ex.c ****   TIM_CHANNEL_STATE_SET(htim, TIM_CHANNEL_2, HAL_TIM_CHANNEL_STATE_RESET);
 572              		.loc 1 268 3 is_stmt 1 view .LVU190
 573 0034 84F83E00 		strb	r0, [r4, #62]
 269:Drivers/STM32F3xx_HAL_Driver/Src/stm32f3xx_hal_tim_ex.c ****   TIM_CHANNEL_N_STATE_SET(htim, TIM_CHANNEL_1, HAL_TIM_CHANNEL_STATE_RESET);
 574              		.loc 1 269 3 view .LVU191
 575 0038 84F83F00 		strb	r0, [r4, #63]
 270:Drivers/STM32F3xx_HAL_Driver/Src/stm32f3xx_hal_tim_ex.c ****   TIM_CHANNEL_N_STATE_SET(htim, TIM_CHANNEL_2, HAL_TIM_CHANNEL_STATE_RESET);
 576              		.loc 1 270 3 view .LVU192
 577 003c 84F84400 		strb	r0, [r4, #68]
 271:Drivers/STM32F3xx_HAL_Driver/Src/stm32f3xx_hal_tim_ex.c **** 
 578              		.loc 1 271 3 view .LVU193
 579 0040 84F84500 		strb	r0, [r4, #69]
 274:Drivers/STM32F3xx_HAL_Driver/Src/stm32f3xx_hal_tim_ex.c **** 
 580              		.loc 1 274 3 view .LVU194
 274:Drivers/STM32F3xx_HAL_Driver/Src/stm32f3xx_hal_tim_ex.c **** 
 581              		.loc 1 274 15 is_stmt 0 view .LVU195
 582 0044 84F83D00 		strb	r0, [r4, #61]
 277:Drivers/STM32F3xx_HAL_Driver/Src/stm32f3xx_hal_tim_ex.c **** 
 583              		.loc 1 277 3 is_stmt 1 view .LVU196
 277:Drivers/STM32F3xx_HAL_Driver/Src/stm32f3xx_hal_tim_ex.c **** 
 584              		.loc 1 277 3 view .LVU197
 585 0048 84F83C00 		strb	r0, [r4, #60]
 277:Drivers/STM32F3xx_HAL_Driver/Src/stm32f3xx_hal_tim_ex.c **** 
 586              		.loc 1 277 3 view .LVU198
 279:Drivers/STM32F3xx_HAL_Driver/Src/stm32f3xx_hal_tim_ex.c **** }
 587              		.loc 1 279 3 view .LVU199
 280:Drivers/STM32F3xx_HAL_Driver/Src/stm32f3xx_hal_tim_ex.c **** 
 588              		.loc 1 280 1 is_stmt 0 view .LVU200
 589 004c 10BD     		pop	{r4, pc}
 280:Drivers/STM32F3xx_HAL_Driver/Src/stm32f3xx_hal_tim_ex.c **** 
 590              		.loc 1 280 1 view .LVU201
 591              		.cfi_endproc
 592              	.LFE131:
 594              		.section	.text.HAL_TIMEx_HallSensor_Start,"ax",%progbits
 595              		.align	1
 596              		.global	HAL_TIMEx_HallSensor_Start
 597              		.syntax unified
 598              		.thumb
 599              		.thumb_func
 601              	HAL_TIMEx_HallSensor_Start:
 602              	.LVL28:
 603              	.LFB134:
 318:Drivers/STM32F3xx_HAL_Driver/Src/stm32f3xx_hal_tim_ex.c ****   uint32_t tmpsmcr;
 604              		.loc 1 318 1 is_stmt 1 view -0
 605              		.cfi_startproc
 606              		@ args = 0, pretend = 0, frame = 0
 607              		@ frame_needed = 0, uses_anonymous_args = 0
ARM GAS  /tmp/ccZqO8pD.s 			page 59


 318:Drivers/STM32F3xx_HAL_Driver/Src/stm32f3xx_hal_tim_ex.c ****   uint32_t tmpsmcr;
 608              		.loc 1 318 1 is_stmt 0 view .LVU203
 609 0000 10B5     		push	{r4, lr}
 610              	.LCFI8:
 611              		.cfi_def_cfa_offset 8
 612              		.cfi_offset 4, -8
 613              		.cfi_offset 14, -4
 614 0002 0446     		mov	r4, r0
 319:Drivers/STM32F3xx_HAL_Driver/Src/stm32f3xx_hal_tim_ex.c ****   HAL_TIM_ChannelStateTypeDef channel_1_state = TIM_CHANNEL_STATE_GET(htim, TIM_CHANNEL_1);
 615              		.loc 1 319 3 is_stmt 1 view .LVU204
 320:Drivers/STM32F3xx_HAL_Driver/Src/stm32f3xx_hal_tim_ex.c ****   HAL_TIM_ChannelStateTypeDef channel_2_state = TIM_CHANNEL_STATE_GET(htim, TIM_CHANNEL_2);
 616              		.loc 1 320 3 view .LVU205
 320:Drivers/STM32F3xx_HAL_Driver/Src/stm32f3xx_hal_tim_ex.c ****   HAL_TIM_ChannelStateTypeDef channel_2_state = TIM_CHANNEL_STATE_GET(htim, TIM_CHANNEL_2);
 617              		.loc 1 320 31 is_stmt 0 view .LVU206
 618 0004 90F83E00 		ldrb	r0, [r0, #62]	@ zero_extendqisi2
 619              	.LVL29:
 320:Drivers/STM32F3xx_HAL_Driver/Src/stm32f3xx_hal_tim_ex.c ****   HAL_TIM_ChannelStateTypeDef channel_2_state = TIM_CHANNEL_STATE_GET(htim, TIM_CHANNEL_2);
 620              		.loc 1 320 31 view .LVU207
 621 0008 C0B2     		uxtb	r0, r0
 622              	.LVL30:
 321:Drivers/STM32F3xx_HAL_Driver/Src/stm32f3xx_hal_tim_ex.c ****   HAL_TIM_ChannelStateTypeDef complementary_channel_1_state = TIM_CHANNEL_N_STATE_GET(htim, TIM_CHA
 623              		.loc 1 321 3 is_stmt 1 view .LVU208
 321:Drivers/STM32F3xx_HAL_Driver/Src/stm32f3xx_hal_tim_ex.c ****   HAL_TIM_ChannelStateTypeDef complementary_channel_1_state = TIM_CHANNEL_N_STATE_GET(htim, TIM_CHA
 624              		.loc 1 321 31 is_stmt 0 view .LVU209
 625 000a 94F83F30 		ldrb	r3, [r4, #63]	@ zero_extendqisi2
 626              	.LVL31:
 322:Drivers/STM32F3xx_HAL_Driver/Src/stm32f3xx_hal_tim_ex.c ****   HAL_TIM_ChannelStateTypeDef complementary_channel_2_state = TIM_CHANNEL_N_STATE_GET(htim, TIM_CHA
 627              		.loc 1 322 3 is_stmt 1 view .LVU210
 322:Drivers/STM32F3xx_HAL_Driver/Src/stm32f3xx_hal_tim_ex.c ****   HAL_TIM_ChannelStateTypeDef complementary_channel_2_state = TIM_CHANNEL_N_STATE_GET(htim, TIM_CHA
 628              		.loc 1 322 31 is_stmt 0 view .LVU211
 629 000e 94F84420 		ldrb	r2, [r4, #68]	@ zero_extendqisi2
 630              	.LVL32:
 323:Drivers/STM32F3xx_HAL_Driver/Src/stm32f3xx_hal_tim_ex.c **** 
 631              		.loc 1 323 3 is_stmt 1 view .LVU212
 323:Drivers/STM32F3xx_HAL_Driver/Src/stm32f3xx_hal_tim_ex.c **** 
 632              		.loc 1 323 31 is_stmt 0 view .LVU213
 633 0012 94F84510 		ldrb	r1, [r4, #69]	@ zero_extendqisi2
 634              	.LVL33:
 326:Drivers/STM32F3xx_HAL_Driver/Src/stm32f3xx_hal_tim_ex.c **** 
 635              		.loc 1 326 3 is_stmt 1 view .LVU214
 329:Drivers/STM32F3xx_HAL_Driver/Src/stm32f3xx_hal_tim_ex.c ****       || (channel_2_state != HAL_TIM_CHANNEL_STATE_READY)
 636              		.loc 1 329 3 view .LVU215
 329:Drivers/STM32F3xx_HAL_Driver/Src/stm32f3xx_hal_tim_ex.c ****       || (channel_2_state != HAL_TIM_CHANNEL_STATE_READY)
 637              		.loc 1 329 6 is_stmt 0 view .LVU216
 638 0016 0128     		cmp	r0, #1
 639 0018 46D1     		bne	.L36
 640 001a DBB2     		uxtb	r3, r3
 329:Drivers/STM32F3xx_HAL_Driver/Src/stm32f3xx_hal_tim_ex.c ****       || (channel_2_state != HAL_TIM_CHANNEL_STATE_READY)
 641              		.loc 1 329 6 view .LVU217
 642 001c D2B2     		uxtb	r2, r2
 329:Drivers/STM32F3xx_HAL_Driver/Src/stm32f3xx_hal_tim_ex.c ****       || (channel_2_state != HAL_TIM_CHANNEL_STATE_READY)
 643              		.loc 1 329 6 view .LVU218
 644 001e C9B2     		uxtb	r1, r1
 330:Drivers/STM32F3xx_HAL_Driver/Src/stm32f3xx_hal_tim_ex.c ****       || (complementary_channel_1_state != HAL_TIM_CHANNEL_STATE_READY)
 645              		.loc 1 330 7 view .LVU219
 646 0020 012B     		cmp	r3, #1
 647 0022 42D1     		bne	.L33
ARM GAS  /tmp/ccZqO8pD.s 			page 60


 331:Drivers/STM32F3xx_HAL_Driver/Src/stm32f3xx_hal_tim_ex.c ****       || (complementary_channel_2_state != HAL_TIM_CHANNEL_STATE_READY))
 648              		.loc 1 331 7 view .LVU220
 649 0024 012A     		cmp	r2, #1
 650 0026 41D1     		bne	.L37
 332:Drivers/STM32F3xx_HAL_Driver/Src/stm32f3xx_hal_tim_ex.c ****   {
 651              		.loc 1 332 7 view .LVU221
 652 0028 0129     		cmp	r1, #1
 653 002a 01D0     		beq	.L42
 334:Drivers/STM32F3xx_HAL_Driver/Src/stm32f3xx_hal_tim_ex.c ****   }
 654              		.loc 1 334 12 view .LVU222
 655 002c 1046     		mov	r0, r2
 656              	.LVL34:
 334:Drivers/STM32F3xx_HAL_Driver/Src/stm32f3xx_hal_tim_ex.c ****   }
 657              		.loc 1 334 12 view .LVU223
 658 002e 3CE0     		b	.L33
 659              	.LVL35:
 660              	.L42:
 338:Drivers/STM32F3xx_HAL_Driver/Src/stm32f3xx_hal_tim_ex.c ****   TIM_CHANNEL_STATE_SET(htim, TIM_CHANNEL_2, HAL_TIM_CHANNEL_STATE_BUSY);
 661              		.loc 1 338 3 is_stmt 1 view .LVU224
 662 0030 0223     		movs	r3, #2
 663              	.LVL36:
 338:Drivers/STM32F3xx_HAL_Driver/Src/stm32f3xx_hal_tim_ex.c ****   TIM_CHANNEL_STATE_SET(htim, TIM_CHANNEL_2, HAL_TIM_CHANNEL_STATE_BUSY);
 664              		.loc 1 338 3 is_stmt 0 view .LVU225
 665 0032 84F83E30 		strb	r3, [r4, #62]
 339:Drivers/STM32F3xx_HAL_Driver/Src/stm32f3xx_hal_tim_ex.c ****   TIM_CHANNEL_N_STATE_SET(htim, TIM_CHANNEL_1, HAL_TIM_CHANNEL_STATE_BUSY);
 666              		.loc 1 339 3 is_stmt 1 view .LVU226
 667 0036 84F83F30 		strb	r3, [r4, #63]
 340:Drivers/STM32F3xx_HAL_Driver/Src/stm32f3xx_hal_tim_ex.c ****   TIM_CHANNEL_N_STATE_SET(htim, TIM_CHANNEL_2, HAL_TIM_CHANNEL_STATE_BUSY);
 668              		.loc 1 340 3 view .LVU227
 669 003a 84F84430 		strb	r3, [r4, #68]
 341:Drivers/STM32F3xx_HAL_Driver/Src/stm32f3xx_hal_tim_ex.c **** 
 670              		.loc 1 341 3 view .LVU228
 671 003e 84F84530 		strb	r3, [r4, #69]
 346:Drivers/STM32F3xx_HAL_Driver/Src/stm32f3xx_hal_tim_ex.c **** 
 672              		.loc 1 346 3 view .LVU229
 673 0042 0021     		movs	r1, #0
 674              	.LVL37:
 346:Drivers/STM32F3xx_HAL_Driver/Src/stm32f3xx_hal_tim_ex.c **** 
 675              		.loc 1 346 3 is_stmt 0 view .LVU230
 676 0044 2068     		ldr	r0, [r4]
 677              	.LVL38:
 346:Drivers/STM32F3xx_HAL_Driver/Src/stm32f3xx_hal_tim_ex.c **** 
 678              		.loc 1 346 3 view .LVU231
 679 0046 FFF7FEFF 		bl	TIM_CCxChannelCmd
 680              	.LVL39:
 349:Drivers/STM32F3xx_HAL_Driver/Src/stm32f3xx_hal_tim_ex.c ****   {
 681              		.loc 1 349 3 is_stmt 1 view .LVU232
 349:Drivers/STM32F3xx_HAL_Driver/Src/stm32f3xx_hal_tim_ex.c ****   {
 682              		.loc 1 349 7 is_stmt 0 view .LVU233
 683 004a 2368     		ldr	r3, [r4]
 349:Drivers/STM32F3xx_HAL_Driver/Src/stm32f3xx_hal_tim_ex.c ****   {
 684              		.loc 1 349 6 view .LVU234
 685 004c 1A4A     		ldr	r2, .L43
 686 004e 9342     		cmp	r3, r2
 687 0050 1CD0     		beq	.L34
 349:Drivers/STM32F3xx_HAL_Driver/Src/stm32f3xx_hal_tim_ex.c ****   {
 688              		.loc 1 349 7 discriminator 1 view .LVU235
ARM GAS  /tmp/ccZqO8pD.s 			page 61


 689 0052 B3F1804F 		cmp	r3, #1073741824
 690 0056 19D0     		beq	.L34
 349:Drivers/STM32F3xx_HAL_Driver/Src/stm32f3xx_hal_tim_ex.c ****   {
 691              		.loc 1 349 7 discriminator 2 view .LVU236
 692 0058 A2F59432 		sub	r2, r2, #75776
 693 005c 9342     		cmp	r3, r2
 694 005e 15D0     		beq	.L34
 349:Drivers/STM32F3xx_HAL_Driver/Src/stm32f3xx_hal_tim_ex.c ****   {
 695              		.loc 1 349 7 discriminator 3 view .LVU237
 696 0060 02F58062 		add	r2, r2, #1024
 697 0064 9342     		cmp	r3, r2
 698 0066 11D0     		beq	.L34
 349:Drivers/STM32F3xx_HAL_Driver/Src/stm32f3xx_hal_tim_ex.c ****   {
 699              		.loc 1 349 7 discriminator 4 view .LVU238
 700 0068 02F59632 		add	r2, r2, #76800
 701 006c 9342     		cmp	r3, r2
 702 006e 0DD0     		beq	.L34
 349:Drivers/STM32F3xx_HAL_Driver/Src/stm32f3xx_hal_tim_ex.c ****   {
 703              		.loc 1 349 7 discriminator 5 view .LVU239
 704 0070 02F54062 		add	r2, r2, #3072
 705 0074 9342     		cmp	r3, r2
 706 0076 09D0     		beq	.L34
 349:Drivers/STM32F3xx_HAL_Driver/Src/stm32f3xx_hal_tim_ex.c ****   {
 707              		.loc 1 349 7 discriminator 6 view .LVU240
 708 0078 02F58052 		add	r2, r2, #4096
 709 007c 9342     		cmp	r3, r2
 710 007e 05D0     		beq	.L34
 359:Drivers/STM32F3xx_HAL_Driver/Src/stm32f3xx_hal_tim_ex.c ****   }
 711              		.loc 1 359 5 is_stmt 1 view .LVU241
 712 0080 1A68     		ldr	r2, [r3]
 713 0082 42F00102 		orr	r2, r2, #1
 714 0086 1A60     		str	r2, [r3]
 363:Drivers/STM32F3xx_HAL_Driver/Src/stm32f3xx_hal_tim_ex.c **** }
 715              		.loc 1 363 10 is_stmt 0 view .LVU242
 716 0088 0020     		movs	r0, #0
 717 008a 0EE0     		b	.L33
 718              	.L34:
 351:Drivers/STM32F3xx_HAL_Driver/Src/stm32f3xx_hal_tim_ex.c ****     if (!IS_TIM_SLAVEMODE_TRIGGER_ENABLED(tmpsmcr))
 719              		.loc 1 351 5 is_stmt 1 view .LVU243
 351:Drivers/STM32F3xx_HAL_Driver/Src/stm32f3xx_hal_tim_ex.c ****     if (!IS_TIM_SLAVEMODE_TRIGGER_ENABLED(tmpsmcr))
 720              		.loc 1 351 29 is_stmt 0 view .LVU244
 721 008c 9968     		ldr	r1, [r3, #8]
 351:Drivers/STM32F3xx_HAL_Driver/Src/stm32f3xx_hal_tim_ex.c ****     if (!IS_TIM_SLAVEMODE_TRIGGER_ENABLED(tmpsmcr))
 722              		.loc 1 351 13 view .LVU245
 723 008e 0B4A     		ldr	r2, .L43+4
 724 0090 0A40     		ands	r2, r2, r1
 725              	.LVL40:
 352:Drivers/STM32F3xx_HAL_Driver/Src/stm32f3xx_hal_tim_ex.c ****     {
 726              		.loc 1 352 5 is_stmt 1 view .LVU246
 352:Drivers/STM32F3xx_HAL_Driver/Src/stm32f3xx_hal_tim_ex.c ****     {
 727              		.loc 1 352 8 is_stmt 0 view .LVU247
 728 0092 062A     		cmp	r2, #6
 729 0094 0CD0     		beq	.L39
 352:Drivers/STM32F3xx_HAL_Driver/Src/stm32f3xx_hal_tim_ex.c ****     {
 730              		.loc 1 352 9 discriminator 1 view .LVU248
 731 0096 B2F5803F 		cmp	r2, #65536
 732 009a 0BD0     		beq	.L40
ARM GAS  /tmp/ccZqO8pD.s 			page 62


 354:Drivers/STM32F3xx_HAL_Driver/Src/stm32f3xx_hal_tim_ex.c ****     }
 733              		.loc 1 354 7 is_stmt 1 view .LVU249
 734 009c 1A68     		ldr	r2, [r3]
 735              	.LVL41:
 354:Drivers/STM32F3xx_HAL_Driver/Src/stm32f3xx_hal_tim_ex.c ****     }
 736              		.loc 1 354 7 is_stmt 0 view .LVU250
 737 009e 42F00102 		orr	r2, r2, #1
 738 00a2 1A60     		str	r2, [r3]
 363:Drivers/STM32F3xx_HAL_Driver/Src/stm32f3xx_hal_tim_ex.c **** }
 739              		.loc 1 363 10 view .LVU251
 740 00a4 0020     		movs	r0, #0
 741 00a6 00E0     		b	.L33
 742              	.LVL42:
 743              	.L36:
 334:Drivers/STM32F3xx_HAL_Driver/Src/stm32f3xx_hal_tim_ex.c ****   }
 744              		.loc 1 334 12 view .LVU252
 745 00a8 0120     		movs	r0, #1
 746              	.LVL43:
 747              	.L33:
 364:Drivers/STM32F3xx_HAL_Driver/Src/stm32f3xx_hal_tim_ex.c **** 
 748              		.loc 1 364 1 view .LVU253
 749 00aa 10BD     		pop	{r4, pc}
 750              	.LVL44:
 751              	.L37:
 334:Drivers/STM32F3xx_HAL_Driver/Src/stm32f3xx_hal_tim_ex.c ****   }
 752              		.loc 1 334 12 view .LVU254
 753 00ac 1846     		mov	r0, r3
 754              	.LVL45:
 334:Drivers/STM32F3xx_HAL_Driver/Src/stm32f3xx_hal_tim_ex.c ****   }
 755              		.loc 1 334 12 view .LVU255
 756 00ae FCE7     		b	.L33
 757              	.LVL46:
 758              	.L39:
 363:Drivers/STM32F3xx_HAL_Driver/Src/stm32f3xx_hal_tim_ex.c **** }
 759              		.loc 1 363 10 view .LVU256
 760 00b0 0020     		movs	r0, #0
 761 00b2 FAE7     		b	.L33
 762              	.L40:
 763 00b4 0020     		movs	r0, #0
 764 00b6 F8E7     		b	.L33
 765              	.L44:
 766              		.align	2
 767              	.L43:
 768 00b8 002C0140 		.word	1073818624
 769 00bc 07000100 		.word	65543
 770              		.cfi_endproc
 771              	.LFE134:
 773              		.section	.text.HAL_TIMEx_HallSensor_Stop,"ax",%progbits
 774              		.align	1
 775              		.global	HAL_TIMEx_HallSensor_Stop
 776              		.syntax unified
 777              		.thumb
 778              		.thumb_func
 780              	HAL_TIMEx_HallSensor_Stop:
 781              	.LVL47:
 782              	.LFB135:
 372:Drivers/STM32F3xx_HAL_Driver/Src/stm32f3xx_hal_tim_ex.c ****   /* Check the parameters */
ARM GAS  /tmp/ccZqO8pD.s 			page 63


 783              		.loc 1 372 1 is_stmt 1 view -0
 784              		.cfi_startproc
 785              		@ args = 0, pretend = 0, frame = 0
 786              		@ frame_needed = 0, uses_anonymous_args = 0
 372:Drivers/STM32F3xx_HAL_Driver/Src/stm32f3xx_hal_tim_ex.c ****   /* Check the parameters */
 787              		.loc 1 372 1 is_stmt 0 view .LVU258
 788 0000 10B5     		push	{r4, lr}
 789              	.LCFI9:
 790              		.cfi_def_cfa_offset 8
 791              		.cfi_offset 4, -8
 792              		.cfi_offset 14, -4
 793 0002 0446     		mov	r4, r0
 374:Drivers/STM32F3xx_HAL_Driver/Src/stm32f3xx_hal_tim_ex.c **** 
 794              		.loc 1 374 3 is_stmt 1 view .LVU259
 379:Drivers/STM32F3xx_HAL_Driver/Src/stm32f3xx_hal_tim_ex.c **** 
 795              		.loc 1 379 3 view .LVU260
 796 0004 0022     		movs	r2, #0
 797 0006 1146     		mov	r1, r2
 798 0008 0068     		ldr	r0, [r0]
 799              	.LVL48:
 379:Drivers/STM32F3xx_HAL_Driver/Src/stm32f3xx_hal_tim_ex.c **** 
 800              		.loc 1 379 3 is_stmt 0 view .LVU261
 801 000a FFF7FEFF 		bl	TIM_CCxChannelCmd
 802              	.LVL49:
 382:Drivers/STM32F3xx_HAL_Driver/Src/stm32f3xx_hal_tim_ex.c **** 
 803              		.loc 1 382 3 is_stmt 1 view .LVU262
 382:Drivers/STM32F3xx_HAL_Driver/Src/stm32f3xx_hal_tim_ex.c **** 
 804              		.loc 1 382 3 view .LVU263
 805 000e 2368     		ldr	r3, [r4]
 806 0010 196A     		ldr	r1, [r3, #32]
 807 0012 41F21112 		movw	r2, #4369
 808 0016 1142     		tst	r1, r2
 809 0018 08D1     		bne	.L46
 382:Drivers/STM32F3xx_HAL_Driver/Src/stm32f3xx_hal_tim_ex.c **** 
 810              		.loc 1 382 3 discriminator 1 view .LVU264
 811 001a 196A     		ldr	r1, [r3, #32]
 812 001c 40F24442 		movw	r2, #1092
 813 0020 1142     		tst	r1, r2
 814 0022 03D1     		bne	.L46
 382:Drivers/STM32F3xx_HAL_Driver/Src/stm32f3xx_hal_tim_ex.c **** 
 815              		.loc 1 382 3 discriminator 3 view .LVU265
 816 0024 1A68     		ldr	r2, [r3]
 817 0026 22F00102 		bic	r2, r2, #1
 818 002a 1A60     		str	r2, [r3]
 819              	.L46:
 382:Drivers/STM32F3xx_HAL_Driver/Src/stm32f3xx_hal_tim_ex.c **** 
 820              		.loc 1 382 3 discriminator 5 view .LVU266
 385:Drivers/STM32F3xx_HAL_Driver/Src/stm32f3xx_hal_tim_ex.c ****   TIM_CHANNEL_STATE_SET(htim, TIM_CHANNEL_2, HAL_TIM_CHANNEL_STATE_READY);
 821              		.loc 1 385 3 view .LVU267
 822 002c 0123     		movs	r3, #1
 823 002e 84F83E30 		strb	r3, [r4, #62]
 386:Drivers/STM32F3xx_HAL_Driver/Src/stm32f3xx_hal_tim_ex.c ****   TIM_CHANNEL_N_STATE_SET(htim, TIM_CHANNEL_1, HAL_TIM_CHANNEL_STATE_READY);
 824              		.loc 1 386 3 view .LVU268
 825 0032 84F83F30 		strb	r3, [r4, #63]
 387:Drivers/STM32F3xx_HAL_Driver/Src/stm32f3xx_hal_tim_ex.c ****   TIM_CHANNEL_N_STATE_SET(htim, TIM_CHANNEL_2, HAL_TIM_CHANNEL_STATE_READY);
 826              		.loc 1 387 3 view .LVU269
 827 0036 84F84430 		strb	r3, [r4, #68]
ARM GAS  /tmp/ccZqO8pD.s 			page 64


 388:Drivers/STM32F3xx_HAL_Driver/Src/stm32f3xx_hal_tim_ex.c **** 
 828              		.loc 1 388 3 view .LVU270
 829 003a 84F84530 		strb	r3, [r4, #69]
 391:Drivers/STM32F3xx_HAL_Driver/Src/stm32f3xx_hal_tim_ex.c **** }
 830              		.loc 1 391 3 view .LVU271
 392:Drivers/STM32F3xx_HAL_Driver/Src/stm32f3xx_hal_tim_ex.c **** 
 831              		.loc 1 392 1 is_stmt 0 view .LVU272
 832 003e 0020     		movs	r0, #0
 833 0040 10BD     		pop	{r4, pc}
 392:Drivers/STM32F3xx_HAL_Driver/Src/stm32f3xx_hal_tim_ex.c **** 
 834              		.loc 1 392 1 view .LVU273
 835              		.cfi_endproc
 836              	.LFE135:
 838              		.section	.text.HAL_TIMEx_HallSensor_Start_IT,"ax",%progbits
 839              		.align	1
 840              		.global	HAL_TIMEx_HallSensor_Start_IT
 841              		.syntax unified
 842              		.thumb
 843              		.thumb_func
 845              	HAL_TIMEx_HallSensor_Start_IT:
 846              	.LVL50:
 847              	.LFB136:
 400:Drivers/STM32F3xx_HAL_Driver/Src/stm32f3xx_hal_tim_ex.c ****   uint32_t tmpsmcr;
 848              		.loc 1 400 1 is_stmt 1 view -0
 849              		.cfi_startproc
 850              		@ args = 0, pretend = 0, frame = 0
 851              		@ frame_needed = 0, uses_anonymous_args = 0
 400:Drivers/STM32F3xx_HAL_Driver/Src/stm32f3xx_hal_tim_ex.c ****   uint32_t tmpsmcr;
 852              		.loc 1 400 1 is_stmt 0 view .LVU275
 853 0000 10B5     		push	{r4, lr}
 854              	.LCFI10:
 855              		.cfi_def_cfa_offset 8
 856              		.cfi_offset 4, -8
 857              		.cfi_offset 14, -4
 858 0002 0446     		mov	r4, r0
 401:Drivers/STM32F3xx_HAL_Driver/Src/stm32f3xx_hal_tim_ex.c ****   HAL_TIM_ChannelStateTypeDef channel_1_state = TIM_CHANNEL_STATE_GET(htim, TIM_CHANNEL_1);
 859              		.loc 1 401 3 is_stmt 1 view .LVU276
 402:Drivers/STM32F3xx_HAL_Driver/Src/stm32f3xx_hal_tim_ex.c ****   HAL_TIM_ChannelStateTypeDef channel_2_state = TIM_CHANNEL_STATE_GET(htim, TIM_CHANNEL_2);
 860              		.loc 1 402 3 view .LVU277
 402:Drivers/STM32F3xx_HAL_Driver/Src/stm32f3xx_hal_tim_ex.c ****   HAL_TIM_ChannelStateTypeDef channel_2_state = TIM_CHANNEL_STATE_GET(htim, TIM_CHANNEL_2);
 861              		.loc 1 402 31 is_stmt 0 view .LVU278
 862 0004 90F83E00 		ldrb	r0, [r0, #62]	@ zero_extendqisi2
 863              	.LVL51:
 402:Drivers/STM32F3xx_HAL_Driver/Src/stm32f3xx_hal_tim_ex.c ****   HAL_TIM_ChannelStateTypeDef channel_2_state = TIM_CHANNEL_STATE_GET(htim, TIM_CHANNEL_2);
 864              		.loc 1 402 31 view .LVU279
 865 0008 C0B2     		uxtb	r0, r0
 866              	.LVL52:
 403:Drivers/STM32F3xx_HAL_Driver/Src/stm32f3xx_hal_tim_ex.c ****   HAL_TIM_ChannelStateTypeDef complementary_channel_1_state = TIM_CHANNEL_N_STATE_GET(htim, TIM_CHA
 867              		.loc 1 403 3 is_stmt 1 view .LVU280
 403:Drivers/STM32F3xx_HAL_Driver/Src/stm32f3xx_hal_tim_ex.c ****   HAL_TIM_ChannelStateTypeDef complementary_channel_1_state = TIM_CHANNEL_N_STATE_GET(htim, TIM_CHA
 868              		.loc 1 403 31 is_stmt 0 view .LVU281
 869 000a 94F83F30 		ldrb	r3, [r4, #63]	@ zero_extendqisi2
 870              	.LVL53:
 404:Drivers/STM32F3xx_HAL_Driver/Src/stm32f3xx_hal_tim_ex.c ****   HAL_TIM_ChannelStateTypeDef complementary_channel_2_state = TIM_CHANNEL_N_STATE_GET(htim, TIM_CHA
 871              		.loc 1 404 3 is_stmt 1 view .LVU282
 404:Drivers/STM32F3xx_HAL_Driver/Src/stm32f3xx_hal_tim_ex.c ****   HAL_TIM_ChannelStateTypeDef complementary_channel_2_state = TIM_CHANNEL_N_STATE_GET(htim, TIM_CHA
 872              		.loc 1 404 31 is_stmt 0 view .LVU283
ARM GAS  /tmp/ccZqO8pD.s 			page 65


 873 000e 94F84420 		ldrb	r2, [r4, #68]	@ zero_extendqisi2
 874              	.LVL54:
 405:Drivers/STM32F3xx_HAL_Driver/Src/stm32f3xx_hal_tim_ex.c **** 
 875              		.loc 1 405 3 is_stmt 1 view .LVU284
 405:Drivers/STM32F3xx_HAL_Driver/Src/stm32f3xx_hal_tim_ex.c **** 
 876              		.loc 1 405 31 is_stmt 0 view .LVU285
 877 0012 94F84510 		ldrb	r1, [r4, #69]	@ zero_extendqisi2
 878              	.LVL55:
 408:Drivers/STM32F3xx_HAL_Driver/Src/stm32f3xx_hal_tim_ex.c **** 
 879              		.loc 1 408 3 is_stmt 1 view .LVU286
 411:Drivers/STM32F3xx_HAL_Driver/Src/stm32f3xx_hal_tim_ex.c ****       || (channel_2_state != HAL_TIM_CHANNEL_STATE_READY)
 880              		.loc 1 411 3 view .LVU287
 411:Drivers/STM32F3xx_HAL_Driver/Src/stm32f3xx_hal_tim_ex.c ****       || (channel_2_state != HAL_TIM_CHANNEL_STATE_READY)
 881              		.loc 1 411 6 is_stmt 0 view .LVU288
 882 0016 0128     		cmp	r0, #1
 883 0018 4CD1     		bne	.L52
 884 001a DBB2     		uxtb	r3, r3
 411:Drivers/STM32F3xx_HAL_Driver/Src/stm32f3xx_hal_tim_ex.c ****       || (channel_2_state != HAL_TIM_CHANNEL_STATE_READY)
 885              		.loc 1 411 6 view .LVU289
 886 001c D2B2     		uxtb	r2, r2
 411:Drivers/STM32F3xx_HAL_Driver/Src/stm32f3xx_hal_tim_ex.c ****       || (channel_2_state != HAL_TIM_CHANNEL_STATE_READY)
 887              		.loc 1 411 6 view .LVU290
 888 001e C9B2     		uxtb	r1, r1
 412:Drivers/STM32F3xx_HAL_Driver/Src/stm32f3xx_hal_tim_ex.c ****       || (complementary_channel_1_state != HAL_TIM_CHANNEL_STATE_READY)
 889              		.loc 1 412 7 view .LVU291
 890 0020 012B     		cmp	r3, #1
 891 0022 48D1     		bne	.L49
 413:Drivers/STM32F3xx_HAL_Driver/Src/stm32f3xx_hal_tim_ex.c ****       || (complementary_channel_2_state != HAL_TIM_CHANNEL_STATE_READY))
 892              		.loc 1 413 7 view .LVU292
 893 0024 012A     		cmp	r2, #1
 894 0026 47D1     		bne	.L53
 414:Drivers/STM32F3xx_HAL_Driver/Src/stm32f3xx_hal_tim_ex.c ****   {
 895              		.loc 1 414 7 view .LVU293
 896 0028 0129     		cmp	r1, #1
 897 002a 01D0     		beq	.L58
 416:Drivers/STM32F3xx_HAL_Driver/Src/stm32f3xx_hal_tim_ex.c ****   }
 898              		.loc 1 416 12 view .LVU294
 899 002c 1046     		mov	r0, r2
 900              	.LVL56:
 416:Drivers/STM32F3xx_HAL_Driver/Src/stm32f3xx_hal_tim_ex.c ****   }
 901              		.loc 1 416 12 view .LVU295
 902 002e 42E0     		b	.L49
 903              	.LVL57:
 904              	.L58:
 420:Drivers/STM32F3xx_HAL_Driver/Src/stm32f3xx_hal_tim_ex.c ****   TIM_CHANNEL_STATE_SET(htim, TIM_CHANNEL_2, HAL_TIM_CHANNEL_STATE_BUSY);
 905              		.loc 1 420 3 is_stmt 1 view .LVU296
 906 0030 0223     		movs	r3, #2
 907              	.LVL58:
 420:Drivers/STM32F3xx_HAL_Driver/Src/stm32f3xx_hal_tim_ex.c ****   TIM_CHANNEL_STATE_SET(htim, TIM_CHANNEL_2, HAL_TIM_CHANNEL_STATE_BUSY);
 908              		.loc 1 420 3 is_stmt 0 view .LVU297
 909 0032 84F83E30 		strb	r3, [r4, #62]
 421:Drivers/STM32F3xx_HAL_Driver/Src/stm32f3xx_hal_tim_ex.c ****   TIM_CHANNEL_N_STATE_SET(htim, TIM_CHANNEL_1, HAL_TIM_CHANNEL_STATE_BUSY);
 910              		.loc 1 421 3 is_stmt 1 view .LVU298
 911 0036 84F83F30 		strb	r3, [r4, #63]
 422:Drivers/STM32F3xx_HAL_Driver/Src/stm32f3xx_hal_tim_ex.c ****   TIM_CHANNEL_N_STATE_SET(htim, TIM_CHANNEL_2, HAL_TIM_CHANNEL_STATE_BUSY);
 912              		.loc 1 422 3 view .LVU299
 913 003a 84F84430 		strb	r3, [r4, #68]
ARM GAS  /tmp/ccZqO8pD.s 			page 66


 423:Drivers/STM32F3xx_HAL_Driver/Src/stm32f3xx_hal_tim_ex.c **** 
 914              		.loc 1 423 3 view .LVU300
 915 003e 84F84530 		strb	r3, [r4, #69]
 426:Drivers/STM32F3xx_HAL_Driver/Src/stm32f3xx_hal_tim_ex.c **** 
 916              		.loc 1 426 3 view .LVU301
 917 0042 2268     		ldr	r2, [r4]
 918              	.LVL59:
 426:Drivers/STM32F3xx_HAL_Driver/Src/stm32f3xx_hal_tim_ex.c **** 
 919              		.loc 1 426 3 is_stmt 0 view .LVU302
 920 0044 D368     		ldr	r3, [r2, #12]
 921 0046 43F00203 		orr	r3, r3, #2
 922 004a D360     		str	r3, [r2, #12]
 431:Drivers/STM32F3xx_HAL_Driver/Src/stm32f3xx_hal_tim_ex.c **** 
 923              		.loc 1 431 3 is_stmt 1 view .LVU303
 924 004c 0122     		movs	r2, #1
 925 004e 0021     		movs	r1, #0
 926              	.LVL60:
 431:Drivers/STM32F3xx_HAL_Driver/Src/stm32f3xx_hal_tim_ex.c **** 
 927              		.loc 1 431 3 is_stmt 0 view .LVU304
 928 0050 2068     		ldr	r0, [r4]
 929              	.LVL61:
 431:Drivers/STM32F3xx_HAL_Driver/Src/stm32f3xx_hal_tim_ex.c **** 
 930              		.loc 1 431 3 view .LVU305
 931 0052 FFF7FEFF 		bl	TIM_CCxChannelCmd
 932              	.LVL62:
 434:Drivers/STM32F3xx_HAL_Driver/Src/stm32f3xx_hal_tim_ex.c ****   {
 933              		.loc 1 434 3 is_stmt 1 view .LVU306
 434:Drivers/STM32F3xx_HAL_Driver/Src/stm32f3xx_hal_tim_ex.c ****   {
 934              		.loc 1 434 7 is_stmt 0 view .LVU307
 935 0056 2368     		ldr	r3, [r4]
 434:Drivers/STM32F3xx_HAL_Driver/Src/stm32f3xx_hal_tim_ex.c ****   {
 936              		.loc 1 434 6 view .LVU308
 937 0058 1A4A     		ldr	r2, .L59
 938 005a 9342     		cmp	r3, r2
 939 005c 1CD0     		beq	.L50
 434:Drivers/STM32F3xx_HAL_Driver/Src/stm32f3xx_hal_tim_ex.c ****   {
 940              		.loc 1 434 7 discriminator 1 view .LVU309
 941 005e B3F1804F 		cmp	r3, #1073741824
 942 0062 19D0     		beq	.L50
 434:Drivers/STM32F3xx_HAL_Driver/Src/stm32f3xx_hal_tim_ex.c ****   {
 943              		.loc 1 434 7 discriminator 2 view .LVU310
 944 0064 A2F59432 		sub	r2, r2, #75776
 945 0068 9342     		cmp	r3, r2
 946 006a 15D0     		beq	.L50
 434:Drivers/STM32F3xx_HAL_Driver/Src/stm32f3xx_hal_tim_ex.c ****   {
 947              		.loc 1 434 7 discriminator 3 view .LVU311
 948 006c 02F58062 		add	r2, r2, #1024
 949 0070 9342     		cmp	r3, r2
 950 0072 11D0     		beq	.L50
 434:Drivers/STM32F3xx_HAL_Driver/Src/stm32f3xx_hal_tim_ex.c ****   {
 951              		.loc 1 434 7 discriminator 4 view .LVU312
 952 0074 02F59632 		add	r2, r2, #76800
 953 0078 9342     		cmp	r3, r2
 954 007a 0DD0     		beq	.L50
 434:Drivers/STM32F3xx_HAL_Driver/Src/stm32f3xx_hal_tim_ex.c ****   {
 955              		.loc 1 434 7 discriminator 5 view .LVU313
 956 007c 02F54062 		add	r2, r2, #3072
ARM GAS  /tmp/ccZqO8pD.s 			page 67


 957 0080 9342     		cmp	r3, r2
 958 0082 09D0     		beq	.L50
 434:Drivers/STM32F3xx_HAL_Driver/Src/stm32f3xx_hal_tim_ex.c ****   {
 959              		.loc 1 434 7 discriminator 6 view .LVU314
 960 0084 02F58052 		add	r2, r2, #4096
 961 0088 9342     		cmp	r3, r2
 962 008a 05D0     		beq	.L50
 444:Drivers/STM32F3xx_HAL_Driver/Src/stm32f3xx_hal_tim_ex.c ****   }
 963              		.loc 1 444 5 is_stmt 1 view .LVU315
 964 008c 1A68     		ldr	r2, [r3]
 965 008e 42F00102 		orr	r2, r2, #1
 966 0092 1A60     		str	r2, [r3]
 448:Drivers/STM32F3xx_HAL_Driver/Src/stm32f3xx_hal_tim_ex.c **** }
 967              		.loc 1 448 10 is_stmt 0 view .LVU316
 968 0094 0020     		movs	r0, #0
 969 0096 0EE0     		b	.L49
 970              	.L50:
 436:Drivers/STM32F3xx_HAL_Driver/Src/stm32f3xx_hal_tim_ex.c ****     if (!IS_TIM_SLAVEMODE_TRIGGER_ENABLED(tmpsmcr))
 971              		.loc 1 436 5 is_stmt 1 view .LVU317
 436:Drivers/STM32F3xx_HAL_Driver/Src/stm32f3xx_hal_tim_ex.c ****     if (!IS_TIM_SLAVEMODE_TRIGGER_ENABLED(tmpsmcr))
 972              		.loc 1 436 29 is_stmt 0 view .LVU318
 973 0098 9968     		ldr	r1, [r3, #8]
 436:Drivers/STM32F3xx_HAL_Driver/Src/stm32f3xx_hal_tim_ex.c ****     if (!IS_TIM_SLAVEMODE_TRIGGER_ENABLED(tmpsmcr))
 974              		.loc 1 436 13 view .LVU319
 975 009a 0B4A     		ldr	r2, .L59+4
 976 009c 0A40     		ands	r2, r2, r1
 977              	.LVL63:
 437:Drivers/STM32F3xx_HAL_Driver/Src/stm32f3xx_hal_tim_ex.c ****     {
 978              		.loc 1 437 5 is_stmt 1 view .LVU320
 437:Drivers/STM32F3xx_HAL_Driver/Src/stm32f3xx_hal_tim_ex.c ****     {
 979              		.loc 1 437 8 is_stmt 0 view .LVU321
 980 009e 062A     		cmp	r2, #6
 981 00a0 0CD0     		beq	.L55
 437:Drivers/STM32F3xx_HAL_Driver/Src/stm32f3xx_hal_tim_ex.c ****     {
 982              		.loc 1 437 9 discriminator 1 view .LVU322
 983 00a2 B2F5803F 		cmp	r2, #65536
 984 00a6 0BD0     		beq	.L56
 439:Drivers/STM32F3xx_HAL_Driver/Src/stm32f3xx_hal_tim_ex.c ****     }
 985              		.loc 1 439 7 is_stmt 1 view .LVU323
 986 00a8 1A68     		ldr	r2, [r3]
 987              	.LVL64:
 439:Drivers/STM32F3xx_HAL_Driver/Src/stm32f3xx_hal_tim_ex.c ****     }
 988              		.loc 1 439 7 is_stmt 0 view .LVU324
 989 00aa 42F00102 		orr	r2, r2, #1
 990 00ae 1A60     		str	r2, [r3]
 448:Drivers/STM32F3xx_HAL_Driver/Src/stm32f3xx_hal_tim_ex.c **** }
 991              		.loc 1 448 10 view .LVU325
 992 00b0 0020     		movs	r0, #0
 993 00b2 00E0     		b	.L49
 994              	.LVL65:
 995              	.L52:
 416:Drivers/STM32F3xx_HAL_Driver/Src/stm32f3xx_hal_tim_ex.c ****   }
 996              		.loc 1 416 12 view .LVU326
 997 00b4 0120     		movs	r0, #1
 998              	.LVL66:
 999              	.L49:
 449:Drivers/STM32F3xx_HAL_Driver/Src/stm32f3xx_hal_tim_ex.c **** 
ARM GAS  /tmp/ccZqO8pD.s 			page 68


 1000              		.loc 1 449 1 view .LVU327
 1001 00b6 10BD     		pop	{r4, pc}
 1002              	.LVL67:
 1003              	.L53:
 416:Drivers/STM32F3xx_HAL_Driver/Src/stm32f3xx_hal_tim_ex.c ****   }
 1004              		.loc 1 416 12 view .LVU328
 1005 00b8 1846     		mov	r0, r3
 1006              	.LVL68:
 416:Drivers/STM32F3xx_HAL_Driver/Src/stm32f3xx_hal_tim_ex.c ****   }
 1007              		.loc 1 416 12 view .LVU329
 1008 00ba FCE7     		b	.L49
 1009              	.LVL69:
 1010              	.L55:
 448:Drivers/STM32F3xx_HAL_Driver/Src/stm32f3xx_hal_tim_ex.c **** }
 1011              		.loc 1 448 10 view .LVU330
 1012 00bc 0020     		movs	r0, #0
 1013 00be FAE7     		b	.L49
 1014              	.L56:
 1015 00c0 0020     		movs	r0, #0
 1016 00c2 F8E7     		b	.L49
 1017              	.L60:
 1018              		.align	2
 1019              	.L59:
 1020 00c4 002C0140 		.word	1073818624
 1021 00c8 07000100 		.word	65543
 1022              		.cfi_endproc
 1023              	.LFE136:
 1025              		.section	.text.HAL_TIMEx_HallSensor_Stop_IT,"ax",%progbits
 1026              		.align	1
 1027              		.global	HAL_TIMEx_HallSensor_Stop_IT
 1028              		.syntax unified
 1029              		.thumb
 1030              		.thumb_func
 1032              	HAL_TIMEx_HallSensor_Stop_IT:
 1033              	.LVL70:
 1034              	.LFB137:
 457:Drivers/STM32F3xx_HAL_Driver/Src/stm32f3xx_hal_tim_ex.c ****   /* Check the parameters */
 1035              		.loc 1 457 1 is_stmt 1 view -0
 1036              		.cfi_startproc
 1037              		@ args = 0, pretend = 0, frame = 0
 1038              		@ frame_needed = 0, uses_anonymous_args = 0
 457:Drivers/STM32F3xx_HAL_Driver/Src/stm32f3xx_hal_tim_ex.c ****   /* Check the parameters */
 1039              		.loc 1 457 1 is_stmt 0 view .LVU332
 1040 0000 10B5     		push	{r4, lr}
 1041              	.LCFI11:
 1042              		.cfi_def_cfa_offset 8
 1043              		.cfi_offset 4, -8
 1044              		.cfi_offset 14, -4
 1045 0002 0446     		mov	r4, r0
 459:Drivers/STM32F3xx_HAL_Driver/Src/stm32f3xx_hal_tim_ex.c **** 
 1046              		.loc 1 459 3 is_stmt 1 view .LVU333
 464:Drivers/STM32F3xx_HAL_Driver/Src/stm32f3xx_hal_tim_ex.c **** 
 1047              		.loc 1 464 3 view .LVU334
 1048 0004 0022     		movs	r2, #0
 1049 0006 1146     		mov	r1, r2
 1050 0008 0068     		ldr	r0, [r0]
 1051              	.LVL71:
ARM GAS  /tmp/ccZqO8pD.s 			page 69


 464:Drivers/STM32F3xx_HAL_Driver/Src/stm32f3xx_hal_tim_ex.c **** 
 1052              		.loc 1 464 3 is_stmt 0 view .LVU335
 1053 000a FFF7FEFF 		bl	TIM_CCxChannelCmd
 1054              	.LVL72:
 467:Drivers/STM32F3xx_HAL_Driver/Src/stm32f3xx_hal_tim_ex.c **** 
 1055              		.loc 1 467 3 is_stmt 1 view .LVU336
 1056 000e 2268     		ldr	r2, [r4]
 1057 0010 D368     		ldr	r3, [r2, #12]
 1058 0012 23F00203 		bic	r3, r3, #2
 1059 0016 D360     		str	r3, [r2, #12]
 470:Drivers/STM32F3xx_HAL_Driver/Src/stm32f3xx_hal_tim_ex.c **** 
 1060              		.loc 1 470 3 view .LVU337
 470:Drivers/STM32F3xx_HAL_Driver/Src/stm32f3xx_hal_tim_ex.c **** 
 1061              		.loc 1 470 3 view .LVU338
 1062 0018 2368     		ldr	r3, [r4]
 1063 001a 196A     		ldr	r1, [r3, #32]
 1064 001c 41F21112 		movw	r2, #4369
 1065 0020 1142     		tst	r1, r2
 1066 0022 08D1     		bne	.L62
 470:Drivers/STM32F3xx_HAL_Driver/Src/stm32f3xx_hal_tim_ex.c **** 
 1067              		.loc 1 470 3 discriminator 1 view .LVU339
 1068 0024 196A     		ldr	r1, [r3, #32]
 1069 0026 40F24442 		movw	r2, #1092
 1070 002a 1142     		tst	r1, r2
 1071 002c 03D1     		bne	.L62
 470:Drivers/STM32F3xx_HAL_Driver/Src/stm32f3xx_hal_tim_ex.c **** 
 1072              		.loc 1 470 3 discriminator 3 view .LVU340
 1073 002e 1A68     		ldr	r2, [r3]
 1074 0030 22F00102 		bic	r2, r2, #1
 1075 0034 1A60     		str	r2, [r3]
 1076              	.L62:
 470:Drivers/STM32F3xx_HAL_Driver/Src/stm32f3xx_hal_tim_ex.c **** 
 1077              		.loc 1 470 3 discriminator 5 view .LVU341
 473:Drivers/STM32F3xx_HAL_Driver/Src/stm32f3xx_hal_tim_ex.c ****   TIM_CHANNEL_STATE_SET(htim, TIM_CHANNEL_2, HAL_TIM_CHANNEL_STATE_READY);
 1078              		.loc 1 473 3 view .LVU342
 1079 0036 0123     		movs	r3, #1
 1080 0038 84F83E30 		strb	r3, [r4, #62]
 474:Drivers/STM32F3xx_HAL_Driver/Src/stm32f3xx_hal_tim_ex.c ****   TIM_CHANNEL_N_STATE_SET(htim, TIM_CHANNEL_1, HAL_TIM_CHANNEL_STATE_READY);
 1081              		.loc 1 474 3 view .LVU343
 1082 003c 84F83F30 		strb	r3, [r4, #63]
 475:Drivers/STM32F3xx_HAL_Driver/Src/stm32f3xx_hal_tim_ex.c ****   TIM_CHANNEL_N_STATE_SET(htim, TIM_CHANNEL_2, HAL_TIM_CHANNEL_STATE_READY);
 1083              		.loc 1 475 3 view .LVU344
 1084 0040 84F84430 		strb	r3, [r4, #68]
 476:Drivers/STM32F3xx_HAL_Driver/Src/stm32f3xx_hal_tim_ex.c **** 
 1085              		.loc 1 476 3 view .LVU345
 1086 0044 84F84530 		strb	r3, [r4, #69]
 479:Drivers/STM32F3xx_HAL_Driver/Src/stm32f3xx_hal_tim_ex.c **** }
 1087              		.loc 1 479 3 view .LVU346
 480:Drivers/STM32F3xx_HAL_Driver/Src/stm32f3xx_hal_tim_ex.c **** 
 1088              		.loc 1 480 1 is_stmt 0 view .LVU347
 1089 0048 0020     		movs	r0, #0
 1090 004a 10BD     		pop	{r4, pc}
 480:Drivers/STM32F3xx_HAL_Driver/Src/stm32f3xx_hal_tim_ex.c **** 
 1091              		.loc 1 480 1 view .LVU348
 1092              		.cfi_endproc
 1093              	.LFE137:
 1095              		.section	.text.HAL_TIMEx_HallSensor_Start_DMA,"ax",%progbits
ARM GAS  /tmp/ccZqO8pD.s 			page 70


 1096              		.align	1
 1097              		.global	HAL_TIMEx_HallSensor_Start_DMA
 1098              		.syntax unified
 1099              		.thumb
 1100              		.thumb_func
 1102              	HAL_TIMEx_HallSensor_Start_DMA:
 1103              	.LVL73:
 1104              	.LFB138:
 490:Drivers/STM32F3xx_HAL_Driver/Src/stm32f3xx_hal_tim_ex.c ****   uint32_t tmpsmcr;
 1105              		.loc 1 490 1 is_stmt 1 view -0
 1106              		.cfi_startproc
 1107              		@ args = 0, pretend = 0, frame = 0
 1108              		@ frame_needed = 0, uses_anonymous_args = 0
 490:Drivers/STM32F3xx_HAL_Driver/Src/stm32f3xx_hal_tim_ex.c ****   uint32_t tmpsmcr;
 1109              		.loc 1 490 1 is_stmt 0 view .LVU350
 1110 0000 F8B5     		push	{r3, r4, r5, r6, r7, lr}
 1111              	.LCFI12:
 1112              		.cfi_def_cfa_offset 24
 1113              		.cfi_offset 3, -24
 1114              		.cfi_offset 4, -20
 1115              		.cfi_offset 5, -16
 1116              		.cfi_offset 6, -12
 1117              		.cfi_offset 7, -8
 1118              		.cfi_offset 14, -4
 1119 0002 0446     		mov	r4, r0
 491:Drivers/STM32F3xx_HAL_Driver/Src/stm32f3xx_hal_tim_ex.c ****   HAL_TIM_ChannelStateTypeDef channel_1_state = TIM_CHANNEL_STATE_GET(htim, TIM_CHANNEL_1);
 1120              		.loc 1 491 3 is_stmt 1 view .LVU351
 492:Drivers/STM32F3xx_HAL_Driver/Src/stm32f3xx_hal_tim_ex.c ****   HAL_TIM_ChannelStateTypeDef complementary_channel_1_state = TIM_CHANNEL_N_STATE_GET(htim, TIM_CHA
 1121              		.loc 1 492 3 view .LVU352
 492:Drivers/STM32F3xx_HAL_Driver/Src/stm32f3xx_hal_tim_ex.c ****   HAL_TIM_ChannelStateTypeDef complementary_channel_1_state = TIM_CHANNEL_N_STATE_GET(htim, TIM_CHA
 1122              		.loc 1 492 31 is_stmt 0 view .LVU353
 1123 0004 90F83EC0 		ldrb	ip, [r0, #62]	@ zero_extendqisi2
 1124 0008 5FFA8CF0 		uxtb	r0, ip
 1125              	.LVL74:
 493:Drivers/STM32F3xx_HAL_Driver/Src/stm32f3xx_hal_tim_ex.c **** 
 1126              		.loc 1 493 3 is_stmt 1 view .LVU354
 493:Drivers/STM32F3xx_HAL_Driver/Src/stm32f3xx_hal_tim_ex.c **** 
 1127              		.loc 1 493 31 is_stmt 0 view .LVU355
 1128 000c 94F844C0 		ldrb	ip, [r4, #68]	@ zero_extendqisi2
 1129              	.LVL75:
 496:Drivers/STM32F3xx_HAL_Driver/Src/stm32f3xx_hal_tim_ex.c **** 
 1130              		.loc 1 496 3 is_stmt 1 view .LVU356
 499:Drivers/STM32F3xx_HAL_Driver/Src/stm32f3xx_hal_tim_ex.c ****       || (complementary_channel_1_state == HAL_TIM_CHANNEL_STATE_BUSY))
 1131              		.loc 1 499 3 view .LVU357
 499:Drivers/STM32F3xx_HAL_Driver/Src/stm32f3xx_hal_tim_ex.c ****       || (complementary_channel_1_state == HAL_TIM_CHANNEL_STATE_BUSY))
 1132              		.loc 1 499 6 is_stmt 0 view .LVU358
 1133 0010 0228     		cmp	r0, #2
 1134 0012 5FD0     		beq	.L65
 1135 0014 0F46     		mov	r7, r1
 1136 0016 1646     		mov	r6, r2
 1137 0018 5FFA8CF5 		uxtb	r5, ip
 500:Drivers/STM32F3xx_HAL_Driver/Src/stm32f3xx_hal_tim_ex.c ****   {
 1138              		.loc 1 500 7 view .LVU359
 1139 001c 022D     		cmp	r5, #2
 1140 001e 56D0     		beq	.L68
 504:Drivers/STM32F3xx_HAL_Driver/Src/stm32f3xx_hal_tim_ex.c ****            && (complementary_channel_1_state == HAL_TIM_CHANNEL_STATE_READY))
 1141              		.loc 1 504 8 is_stmt 1 view .LVU360
ARM GAS  /tmp/ccZqO8pD.s 			page 71


 504:Drivers/STM32F3xx_HAL_Driver/Src/stm32f3xx_hal_tim_ex.c ****            && (complementary_channel_1_state == HAL_TIM_CHANNEL_STATE_READY))
 1142              		.loc 1 504 11 is_stmt 0 view .LVU361
 1143 0020 0128     		cmp	r0, #1
 1144 0022 56D1     		bne	.L69
 505:Drivers/STM32F3xx_HAL_Driver/Src/stm32f3xx_hal_tim_ex.c ****   {
 1145              		.loc 1 505 12 view .LVU362
 1146 0024 012D     		cmp	r5, #1
 1147 0026 55D1     		bne	.L65
 507:Drivers/STM32F3xx_HAL_Driver/Src/stm32f3xx_hal_tim_ex.c ****     {
 1148              		.loc 1 507 5 is_stmt 1 view .LVU363
 507:Drivers/STM32F3xx_HAL_Driver/Src/stm32f3xx_hal_tim_ex.c ****     {
 1149              		.loc 1 507 8 is_stmt 0 view .LVU364
 1150 0028 0029     		cmp	r1, #0
 1151 002a 54D0     		beq	.L70
 507:Drivers/STM32F3xx_HAL_Driver/Src/stm32f3xx_hal_tim_ex.c ****     {
 1152              		.loc 1 507 25 discriminator 1 view .LVU365
 1153 002c 0AB9     		cbnz	r2, .L74
 509:Drivers/STM32F3xx_HAL_Driver/Src/stm32f3xx_hal_tim_ex.c ****     }
 1154              		.loc 1 509 14 view .LVU366
 1155 002e 2846     		mov	r0, r5
 1156              	.LVL76:
 509:Drivers/STM32F3xx_HAL_Driver/Src/stm32f3xx_hal_tim_ex.c ****     }
 1157              		.loc 1 509 14 view .LVU367
 1158 0030 50E0     		b	.L65
 1159              	.LVL77:
 1160              	.L74:
 513:Drivers/STM32F3xx_HAL_Driver/Src/stm32f3xx_hal_tim_ex.c ****       TIM_CHANNEL_N_STATE_SET(htim, TIM_CHANNEL_1, HAL_TIM_CHANNEL_STATE_BUSY);
 1161              		.loc 1 513 7 is_stmt 1 view .LVU368
 1162 0032 0223     		movs	r3, #2
 1163 0034 84F83E30 		strb	r3, [r4, #62]
 514:Drivers/STM32F3xx_HAL_Driver/Src/stm32f3xx_hal_tim_ex.c ****     }
 1164              		.loc 1 514 7 view .LVU369
 1165 0038 84F84430 		strb	r3, [r4, #68]
 525:Drivers/STM32F3xx_HAL_Driver/Src/stm32f3xx_hal_tim_ex.c **** 
 1166              		.loc 1 525 3 view .LVU370
 1167 003c 0122     		movs	r2, #1
 1168              	.LVL78:
 525:Drivers/STM32F3xx_HAL_Driver/Src/stm32f3xx_hal_tim_ex.c **** 
 1169              		.loc 1 525 3 is_stmt 0 view .LVU371
 1170 003e 0021     		movs	r1, #0
 1171              	.LVL79:
 525:Drivers/STM32F3xx_HAL_Driver/Src/stm32f3xx_hal_tim_ex.c **** 
 1172              		.loc 1 525 3 view .LVU372
 1173 0040 2068     		ldr	r0, [r4]
 1174              	.LVL80:
 525:Drivers/STM32F3xx_HAL_Driver/Src/stm32f3xx_hal_tim_ex.c **** 
 1175              		.loc 1 525 3 view .LVU373
 1176 0042 FFF7FEFF 		bl	TIM_CCxChannelCmd
 1177              	.LVL81:
 528:Drivers/STM32F3xx_HAL_Driver/Src/stm32f3xx_hal_tim_ex.c ****   htim->hdma[TIM_DMA_ID_CC1]->XferHalfCpltCallback = TIM_DMACaptureHalfCplt;
 1178              		.loc 1 528 3 is_stmt 1 view .LVU374
 528:Drivers/STM32F3xx_HAL_Driver/Src/stm32f3xx_hal_tim_ex.c ****   htim->hdma[TIM_DMA_ID_CC1]->XferHalfCpltCallback = TIM_DMACaptureHalfCplt;
 1179              		.loc 1 528 13 is_stmt 0 view .LVU375
 1180 0046 636A     		ldr	r3, [r4, #36]
 528:Drivers/STM32F3xx_HAL_Driver/Src/stm32f3xx_hal_tim_ex.c ****   htim->hdma[TIM_DMA_ID_CC1]->XferHalfCpltCallback = TIM_DMACaptureHalfCplt;
 1181              		.loc 1 528 48 view .LVU376
 1182 0048 254A     		ldr	r2, .L75
ARM GAS  /tmp/ccZqO8pD.s 			page 72


 1183 004a 9A62     		str	r2, [r3, #40]
 529:Drivers/STM32F3xx_HAL_Driver/Src/stm32f3xx_hal_tim_ex.c ****   /* Set the DMA error callback */
 1184              		.loc 1 529 3 is_stmt 1 view .LVU377
 529:Drivers/STM32F3xx_HAL_Driver/Src/stm32f3xx_hal_tim_ex.c ****   /* Set the DMA error callback */
 1185              		.loc 1 529 13 is_stmt 0 view .LVU378
 1186 004c 636A     		ldr	r3, [r4, #36]
 529:Drivers/STM32F3xx_HAL_Driver/Src/stm32f3xx_hal_tim_ex.c ****   /* Set the DMA error callback */
 1187              		.loc 1 529 52 view .LVU379
 1188 004e 254A     		ldr	r2, .L75+4
 1189 0050 DA62     		str	r2, [r3, #44]
 531:Drivers/STM32F3xx_HAL_Driver/Src/stm32f3xx_hal_tim_ex.c **** 
 1190              		.loc 1 531 3 is_stmt 1 view .LVU380
 531:Drivers/STM32F3xx_HAL_Driver/Src/stm32f3xx_hal_tim_ex.c **** 
 1191              		.loc 1 531 13 is_stmt 0 view .LVU381
 1192 0052 636A     		ldr	r3, [r4, #36]
 531:Drivers/STM32F3xx_HAL_Driver/Src/stm32f3xx_hal_tim_ex.c **** 
 1193              		.loc 1 531 49 view .LVU382
 1194 0054 244A     		ldr	r2, .L75+8
 1195 0056 1A63     		str	r2, [r3, #48]
 534:Drivers/STM32F3xx_HAL_Driver/Src/stm32f3xx_hal_tim_ex.c ****   {
 1196              		.loc 1 534 3 is_stmt 1 view .LVU383
 534:Drivers/STM32F3xx_HAL_Driver/Src/stm32f3xx_hal_tim_ex.c ****   {
 1197              		.loc 1 534 67 is_stmt 0 view .LVU384
 1198 0058 2168     		ldr	r1, [r4]
 534:Drivers/STM32F3xx_HAL_Driver/Src/stm32f3xx_hal_tim_ex.c ****   {
 1199              		.loc 1 534 7 view .LVU385
 1200 005a 3346     		mov	r3, r6
 1201 005c 3A46     		mov	r2, r7
 1202 005e 3431     		adds	r1, r1, #52
 1203 0060 606A     		ldr	r0, [r4, #36]
 1204 0062 FFF7FEFF 		bl	HAL_DMA_Start_IT
 1205              	.LVL82:
 534:Drivers/STM32F3xx_HAL_Driver/Src/stm32f3xx_hal_tim_ex.c ****   {
 1206              		.loc 1 534 6 discriminator 1 view .LVU386
 1207 0066 0028     		cmp	r0, #0
 1208 0068 37D1     		bne	.L72
 540:Drivers/STM32F3xx_HAL_Driver/Src/stm32f3xx_hal_tim_ex.c **** 
 1209              		.loc 1 540 3 is_stmt 1 view .LVU387
 1210 006a 2268     		ldr	r2, [r4]
 1211 006c D368     		ldr	r3, [r2, #12]
 1212 006e 43F40073 		orr	r3, r3, #512
 1213 0072 D360     		str	r3, [r2, #12]
 543:Drivers/STM32F3xx_HAL_Driver/Src/stm32f3xx_hal_tim_ex.c ****   {
 1214              		.loc 1 543 3 view .LVU388
 543:Drivers/STM32F3xx_HAL_Driver/Src/stm32f3xx_hal_tim_ex.c ****   {
 1215              		.loc 1 543 7 is_stmt 0 view .LVU389
 1216 0074 2368     		ldr	r3, [r4]
 543:Drivers/STM32F3xx_HAL_Driver/Src/stm32f3xx_hal_tim_ex.c ****   {
 1217              		.loc 1 543 6 view .LVU390
 1218 0076 1D4A     		ldr	r2, .L75+12
 1219 0078 9342     		cmp	r3, r2
 1220 007a 1BD0     		beq	.L66
 543:Drivers/STM32F3xx_HAL_Driver/Src/stm32f3xx_hal_tim_ex.c ****   {
 1221              		.loc 1 543 7 discriminator 1 view .LVU391
 1222 007c B3F1804F 		cmp	r3, #1073741824
 1223 0080 18D0     		beq	.L66
 543:Drivers/STM32F3xx_HAL_Driver/Src/stm32f3xx_hal_tim_ex.c ****   {
ARM GAS  /tmp/ccZqO8pD.s 			page 73


 1224              		.loc 1 543 7 discriminator 2 view .LVU392
 1225 0082 A2F59432 		sub	r2, r2, #75776
 1226 0086 9342     		cmp	r3, r2
 1227 0088 14D0     		beq	.L66
 543:Drivers/STM32F3xx_HAL_Driver/Src/stm32f3xx_hal_tim_ex.c ****   {
 1228              		.loc 1 543 7 discriminator 3 view .LVU393
 1229 008a 02F58062 		add	r2, r2, #1024
 1230 008e 9342     		cmp	r3, r2
 1231 0090 10D0     		beq	.L66
 543:Drivers/STM32F3xx_HAL_Driver/Src/stm32f3xx_hal_tim_ex.c ****   {
 1232              		.loc 1 543 7 discriminator 4 view .LVU394
 1233 0092 02F59632 		add	r2, r2, #76800
 1234 0096 9342     		cmp	r3, r2
 1235 0098 0CD0     		beq	.L66
 543:Drivers/STM32F3xx_HAL_Driver/Src/stm32f3xx_hal_tim_ex.c ****   {
 1236              		.loc 1 543 7 discriminator 5 view .LVU395
 1237 009a 02F54062 		add	r2, r2, #3072
 1238 009e 9342     		cmp	r3, r2
 1239 00a0 08D0     		beq	.L66
 543:Drivers/STM32F3xx_HAL_Driver/Src/stm32f3xx_hal_tim_ex.c ****   {
 1240              		.loc 1 543 7 discriminator 6 view .LVU396
 1241 00a2 02F58052 		add	r2, r2, #4096
 1242 00a6 9342     		cmp	r3, r2
 1243 00a8 04D0     		beq	.L66
 553:Drivers/STM32F3xx_HAL_Driver/Src/stm32f3xx_hal_tim_ex.c ****   }
 1244              		.loc 1 553 5 is_stmt 1 view .LVU397
 1245 00aa 1A68     		ldr	r2, [r3]
 1246 00ac 42F00102 		orr	r2, r2, #1
 1247 00b0 1A60     		str	r2, [r3]
 1248 00b2 0FE0     		b	.L65
 1249              	.L66:
 545:Drivers/STM32F3xx_HAL_Driver/Src/stm32f3xx_hal_tim_ex.c ****     if (!IS_TIM_SLAVEMODE_TRIGGER_ENABLED(tmpsmcr))
 1250              		.loc 1 545 5 view .LVU398
 545:Drivers/STM32F3xx_HAL_Driver/Src/stm32f3xx_hal_tim_ex.c ****     if (!IS_TIM_SLAVEMODE_TRIGGER_ENABLED(tmpsmcr))
 1251              		.loc 1 545 29 is_stmt 0 view .LVU399
 1252 00b4 9968     		ldr	r1, [r3, #8]
 545:Drivers/STM32F3xx_HAL_Driver/Src/stm32f3xx_hal_tim_ex.c ****     if (!IS_TIM_SLAVEMODE_TRIGGER_ENABLED(tmpsmcr))
 1253              		.loc 1 545 13 view .LVU400
 1254 00b6 0E4A     		ldr	r2, .L75+16
 1255 00b8 0A40     		ands	r2, r2, r1
 1256              	.LVL83:
 546:Drivers/STM32F3xx_HAL_Driver/Src/stm32f3xx_hal_tim_ex.c ****     {
 1257              		.loc 1 546 5 is_stmt 1 view .LVU401
 546:Drivers/STM32F3xx_HAL_Driver/Src/stm32f3xx_hal_tim_ex.c ****     {
 1258              		.loc 1 546 8 is_stmt 0 view .LVU402
 1259 00ba 062A     		cmp	r2, #6
 1260 00bc 0AD0     		beq	.L65
 546:Drivers/STM32F3xx_HAL_Driver/Src/stm32f3xx_hal_tim_ex.c ****     {
 1261              		.loc 1 546 9 discriminator 1 view .LVU403
 1262 00be B2F5803F 		cmp	r2, #65536
 1263 00c2 07D0     		beq	.L65
 548:Drivers/STM32F3xx_HAL_Driver/Src/stm32f3xx_hal_tim_ex.c ****     }
 1264              		.loc 1 548 7 is_stmt 1 view .LVU404
 1265 00c4 1A68     		ldr	r2, [r3]
 1266              	.LVL84:
 548:Drivers/STM32F3xx_HAL_Driver/Src/stm32f3xx_hal_tim_ex.c ****     }
 1267              		.loc 1 548 7 is_stmt 0 view .LVU405
ARM GAS  /tmp/ccZqO8pD.s 			page 74


 1268 00c6 42F00102 		orr	r2, r2, #1
 1269 00ca 1A60     		str	r2, [r3]
 1270 00cc 02E0     		b	.L65
 1271              	.LVL85:
 1272              	.L68:
 502:Drivers/STM32F3xx_HAL_Driver/Src/stm32f3xx_hal_tim_ex.c ****   }
 1273              		.loc 1 502 12 view .LVU406
 1274 00ce 2846     		mov	r0, r5
 1275              	.LVL86:
 502:Drivers/STM32F3xx_HAL_Driver/Src/stm32f3xx_hal_tim_ex.c ****   }
 1276              		.loc 1 502 12 view .LVU407
 1277 00d0 00E0     		b	.L65
 1278              	.LVL87:
 1279              	.L69:
 519:Drivers/STM32F3xx_HAL_Driver/Src/stm32f3xx_hal_tim_ex.c ****   }
 1280              		.loc 1 519 12 view .LVU408
 1281 00d2 0120     		movs	r0, #1
 1282              	.LVL88:
 1283              	.L65:
 558:Drivers/STM32F3xx_HAL_Driver/Src/stm32f3xx_hal_tim_ex.c **** 
 1284              		.loc 1 558 1 view .LVU409
 1285 00d4 F8BD     		pop	{r3, r4, r5, r6, r7, pc}
 1286              	.LVL89:
 1287              	.L70:
 509:Drivers/STM32F3xx_HAL_Driver/Src/stm32f3xx_hal_tim_ex.c ****     }
 1288              		.loc 1 509 14 view .LVU410
 1289 00d6 2846     		mov	r0, r5
 1290              	.LVL90:
 509:Drivers/STM32F3xx_HAL_Driver/Src/stm32f3xx_hal_tim_ex.c ****     }
 1291              		.loc 1 509 14 view .LVU411
 1292 00d8 FCE7     		b	.L65
 1293              	.LVL91:
 1294              	.L72:
 537:Drivers/STM32F3xx_HAL_Driver/Src/stm32f3xx_hal_tim_ex.c ****   }
 1295              		.loc 1 537 12 view .LVU412
 1296 00da 2846     		mov	r0, r5
 1297 00dc FAE7     		b	.L65
 1298              	.L76:
 1299 00de 00BF     		.align	2
 1300              	.L75:
 1301 00e0 00000000 		.word	TIM_DMACaptureCplt
 1302 00e4 00000000 		.word	TIM_DMACaptureHalfCplt
 1303 00e8 00000000 		.word	TIM_DMAError
 1304 00ec 002C0140 		.word	1073818624
 1305 00f0 07000100 		.word	65543
 1306              		.cfi_endproc
 1307              	.LFE138:
 1309              		.section	.text.HAL_TIMEx_HallSensor_Stop_DMA,"ax",%progbits
 1310              		.align	1
 1311              		.global	HAL_TIMEx_HallSensor_Stop_DMA
 1312              		.syntax unified
 1313              		.thumb
 1314              		.thumb_func
 1316              	HAL_TIMEx_HallSensor_Stop_DMA:
 1317              	.LVL92:
 1318              	.LFB139:
 566:Drivers/STM32F3xx_HAL_Driver/Src/stm32f3xx_hal_tim_ex.c ****   /* Check the parameters */
ARM GAS  /tmp/ccZqO8pD.s 			page 75


 1319              		.loc 1 566 1 is_stmt 1 view -0
 1320              		.cfi_startproc
 1321              		@ args = 0, pretend = 0, frame = 0
 1322              		@ frame_needed = 0, uses_anonymous_args = 0
 566:Drivers/STM32F3xx_HAL_Driver/Src/stm32f3xx_hal_tim_ex.c ****   /* Check the parameters */
 1323              		.loc 1 566 1 is_stmt 0 view .LVU414
 1324 0000 10B5     		push	{r4, lr}
 1325              	.LCFI13:
 1326              		.cfi_def_cfa_offset 8
 1327              		.cfi_offset 4, -8
 1328              		.cfi_offset 14, -4
 1329 0002 0446     		mov	r4, r0
 568:Drivers/STM32F3xx_HAL_Driver/Src/stm32f3xx_hal_tim_ex.c **** 
 1330              		.loc 1 568 3 is_stmt 1 view .LVU415
 573:Drivers/STM32F3xx_HAL_Driver/Src/stm32f3xx_hal_tim_ex.c **** 
 1331              		.loc 1 573 3 view .LVU416
 1332 0004 0022     		movs	r2, #0
 1333 0006 1146     		mov	r1, r2
 1334 0008 0068     		ldr	r0, [r0]
 1335              	.LVL93:
 573:Drivers/STM32F3xx_HAL_Driver/Src/stm32f3xx_hal_tim_ex.c **** 
 1336              		.loc 1 573 3 is_stmt 0 view .LVU417
 1337 000a FFF7FEFF 		bl	TIM_CCxChannelCmd
 1338              	.LVL94:
 577:Drivers/STM32F3xx_HAL_Driver/Src/stm32f3xx_hal_tim_ex.c **** 
 1339              		.loc 1 577 3 is_stmt 1 view .LVU418
 1340 000e 2268     		ldr	r2, [r4]
 1341 0010 D368     		ldr	r3, [r2, #12]
 1342 0012 23F40073 		bic	r3, r3, #512
 1343 0016 D360     		str	r3, [r2, #12]
 579:Drivers/STM32F3xx_HAL_Driver/Src/stm32f3xx_hal_tim_ex.c **** 
 1344              		.loc 1 579 3 view .LVU419
 579:Drivers/STM32F3xx_HAL_Driver/Src/stm32f3xx_hal_tim_ex.c **** 
 1345              		.loc 1 579 9 is_stmt 0 view .LVU420
 1346 0018 606A     		ldr	r0, [r4, #36]
 1347 001a FFF7FEFF 		bl	HAL_DMA_Abort_IT
 1348              	.LVL95:
 582:Drivers/STM32F3xx_HAL_Driver/Src/stm32f3xx_hal_tim_ex.c **** 
 1349              		.loc 1 582 3 is_stmt 1 view .LVU421
 582:Drivers/STM32F3xx_HAL_Driver/Src/stm32f3xx_hal_tim_ex.c **** 
 1350              		.loc 1 582 3 view .LVU422
 1351 001e 2368     		ldr	r3, [r4]
 1352 0020 196A     		ldr	r1, [r3, #32]
 1353 0022 41F21112 		movw	r2, #4369
 1354 0026 1142     		tst	r1, r2
 1355 0028 08D1     		bne	.L78
 582:Drivers/STM32F3xx_HAL_Driver/Src/stm32f3xx_hal_tim_ex.c **** 
 1356              		.loc 1 582 3 discriminator 1 view .LVU423
 1357 002a 196A     		ldr	r1, [r3, #32]
 1358 002c 40F24442 		movw	r2, #1092
 1359 0030 1142     		tst	r1, r2
 1360 0032 03D1     		bne	.L78
 582:Drivers/STM32F3xx_HAL_Driver/Src/stm32f3xx_hal_tim_ex.c **** 
 1361              		.loc 1 582 3 discriminator 3 view .LVU424
 1362 0034 1A68     		ldr	r2, [r3]
 1363 0036 22F00102 		bic	r2, r2, #1
 1364 003a 1A60     		str	r2, [r3]
ARM GAS  /tmp/ccZqO8pD.s 			page 76


 1365              	.L78:
 582:Drivers/STM32F3xx_HAL_Driver/Src/stm32f3xx_hal_tim_ex.c **** 
 1366              		.loc 1 582 3 discriminator 5 view .LVU425
 585:Drivers/STM32F3xx_HAL_Driver/Src/stm32f3xx_hal_tim_ex.c ****   TIM_CHANNEL_N_STATE_SET(htim, TIM_CHANNEL_1, HAL_TIM_CHANNEL_STATE_READY);
 1367              		.loc 1 585 3 view .LVU426
 1368 003c 0123     		movs	r3, #1
 1369 003e 84F83E30 		strb	r3, [r4, #62]
 586:Drivers/STM32F3xx_HAL_Driver/Src/stm32f3xx_hal_tim_ex.c **** 
 1370              		.loc 1 586 3 view .LVU427
 1371 0042 84F84430 		strb	r3, [r4, #68]
 589:Drivers/STM32F3xx_HAL_Driver/Src/stm32f3xx_hal_tim_ex.c **** }
 1372              		.loc 1 589 3 view .LVU428
 590:Drivers/STM32F3xx_HAL_Driver/Src/stm32f3xx_hal_tim_ex.c **** 
 1373              		.loc 1 590 1 is_stmt 0 view .LVU429
 1374 0046 0020     		movs	r0, #0
 1375 0048 10BD     		pop	{r4, pc}
 590:Drivers/STM32F3xx_HAL_Driver/Src/stm32f3xx_hal_tim_ex.c **** 
 1376              		.loc 1 590 1 view .LVU430
 1377              		.cfi_endproc
 1378              	.LFE139:
 1380              		.section	.text.HAL_TIMEx_OCN_Start,"ax",%progbits
 1381              		.align	1
 1382              		.global	HAL_TIMEx_OCN_Start
 1383              		.syntax unified
 1384              		.thumb
 1385              		.thumb_func
 1387              	HAL_TIMEx_OCN_Start:
 1388              	.LVL96:
 1389              	.LFB140:
 628:Drivers/STM32F3xx_HAL_Driver/Src/stm32f3xx_hal_tim_ex.c ****   uint32_t tmpsmcr;
 1390              		.loc 1 628 1 is_stmt 1 view -0
 1391              		.cfi_startproc
 1392              		@ args = 0, pretend = 0, frame = 0
 1393              		@ frame_needed = 0, uses_anonymous_args = 0
 628:Drivers/STM32F3xx_HAL_Driver/Src/stm32f3xx_hal_tim_ex.c ****   uint32_t tmpsmcr;
 1394              		.loc 1 628 1 is_stmt 0 view .LVU432
 1395 0000 10B5     		push	{r4, lr}
 1396              	.LCFI14:
 1397              		.cfi_def_cfa_offset 8
 1398              		.cfi_offset 4, -8
 1399              		.cfi_offset 14, -4
 1400 0002 0446     		mov	r4, r0
 629:Drivers/STM32F3xx_HAL_Driver/Src/stm32f3xx_hal_tim_ex.c **** 
 1401              		.loc 1 629 3 is_stmt 1 view .LVU433
 632:Drivers/STM32F3xx_HAL_Driver/Src/stm32f3xx_hal_tim_ex.c **** 
 1402              		.loc 1 632 3 view .LVU434
 635:Drivers/STM32F3xx_HAL_Driver/Src/stm32f3xx_hal_tim_ex.c ****   {
 1403              		.loc 1 635 3 view .LVU435
 635:Drivers/STM32F3xx_HAL_Driver/Src/stm32f3xx_hal_tim_ex.c ****   {
 1404              		.loc 1 635 46 is_stmt 0 view .LVU436
 1405 0004 0846     		mov	r0, r1
 1406              	.LVL97:
 635:Drivers/STM32F3xx_HAL_Driver/Src/stm32f3xx_hal_tim_ex.c ****   {
 1407              		.loc 1 635 46 view .LVU437
 1408 0006 0029     		cmp	r1, #0
 1409 0008 37D1     		bne	.L81
 635:Drivers/STM32F3xx_HAL_Driver/Src/stm32f3xx_hal_tim_ex.c ****   {
ARM GAS  /tmp/ccZqO8pD.s 			page 77


 1410              		.loc 1 635 7 discriminator 1 view .LVU438
 1411 000a 94F84430 		ldrb	r3, [r4, #68]	@ zero_extendqisi2
 1412 000e DBB2     		uxtb	r3, r3
 635:Drivers/STM32F3xx_HAL_Driver/Src/stm32f3xx_hal_tim_ex.c ****   {
 1413              		.loc 1 635 46 discriminator 1 view .LVU439
 1414 0010 013B     		subs	r3, r3, #1
 1415 0012 18BF     		it	ne
 1416 0014 0123     		movne	r3, #1
 1417              	.L82:
 635:Drivers/STM32F3xx_HAL_Driver/Src/stm32f3xx_hal_tim_ex.c ****   {
 1418              		.loc 1 635 6 discriminator 12 view .LVU440
 1419 0016 002B     		cmp	r3, #0
 1420 0018 66D1     		bne	.L92
 641:Drivers/STM32F3xx_HAL_Driver/Src/stm32f3xx_hal_tim_ex.c **** 
 1421              		.loc 1 641 3 is_stmt 1 view .LVU441
 1422 001a 0028     		cmp	r0, #0
 1423 001c 46D1     		bne	.L86
 641:Drivers/STM32F3xx_HAL_Driver/Src/stm32f3xx_hal_tim_ex.c **** 
 1424              		.loc 1 641 3 is_stmt 0 discriminator 1 view .LVU442
 1425 001e 0223     		movs	r3, #2
 1426 0020 84F84430 		strb	r3, [r4, #68]
 1427              	.L87:
 644:Drivers/STM32F3xx_HAL_Driver/Src/stm32f3xx_hal_tim_ex.c **** 
 1428              		.loc 1 644 3 is_stmt 1 view .LVU443
 1429 0024 0422     		movs	r2, #4
 1430 0026 0146     		mov	r1, r0
 1431              	.LVL98:
 644:Drivers/STM32F3xx_HAL_Driver/Src/stm32f3xx_hal_tim_ex.c **** 
 1432              		.loc 1 644 3 is_stmt 0 view .LVU444
 1433 0028 2068     		ldr	r0, [r4]
 1434              	.LVL99:
 644:Drivers/STM32F3xx_HAL_Driver/Src/stm32f3xx_hal_tim_ex.c **** 
 1435              		.loc 1 644 3 view .LVU445
 1436 002a FFF7FEFF 		bl	TIM_CCxNChannelCmd
 1437              	.LVL100:
 647:Drivers/STM32F3xx_HAL_Driver/Src/stm32f3xx_hal_tim_ex.c **** 
 1438              		.loc 1 647 3 is_stmt 1 view .LVU446
 1439 002e 2268     		ldr	r2, [r4]
 1440 0030 536C     		ldr	r3, [r2, #68]
 1441 0032 43F40043 		orr	r3, r3, #32768
 1442 0036 5364     		str	r3, [r2, #68]
 650:Drivers/STM32F3xx_HAL_Driver/Src/stm32f3xx_hal_tim_ex.c ****   {
 1443              		.loc 1 650 3 view .LVU447
 650:Drivers/STM32F3xx_HAL_Driver/Src/stm32f3xx_hal_tim_ex.c ****   {
 1444              		.loc 1 650 7 is_stmt 0 view .LVU448
 1445 0038 2368     		ldr	r3, [r4]
 650:Drivers/STM32F3xx_HAL_Driver/Src/stm32f3xx_hal_tim_ex.c ****   {
 1446              		.loc 1 650 6 view .LVU449
 1447 003a 2E4A     		ldr	r2, .L100
 1448 003c 9342     		cmp	r3, r2
 1449 003e 45D0     		beq	.L90
 650:Drivers/STM32F3xx_HAL_Driver/Src/stm32f3xx_hal_tim_ex.c ****   {
 1450              		.loc 1 650 7 discriminator 1 view .LVU450
 1451 0040 B3F1804F 		cmp	r3, #1073741824
 1452 0044 42D0     		beq	.L90
 650:Drivers/STM32F3xx_HAL_Driver/Src/stm32f3xx_hal_tim_ex.c ****   {
 1453              		.loc 1 650 7 discriminator 2 view .LVU451
ARM GAS  /tmp/ccZqO8pD.s 			page 78


 1454 0046 A2F59432 		sub	r2, r2, #75776
 1455 004a 9342     		cmp	r3, r2
 1456 004c 3ED0     		beq	.L90
 650:Drivers/STM32F3xx_HAL_Driver/Src/stm32f3xx_hal_tim_ex.c ****   {
 1457              		.loc 1 650 7 discriminator 3 view .LVU452
 1458 004e 02F58062 		add	r2, r2, #1024
 1459 0052 9342     		cmp	r3, r2
 1460 0054 3AD0     		beq	.L90
 650:Drivers/STM32F3xx_HAL_Driver/Src/stm32f3xx_hal_tim_ex.c ****   {
 1461              		.loc 1 650 7 discriminator 4 view .LVU453
 1462 0056 02F59632 		add	r2, r2, #76800
 1463 005a 9342     		cmp	r3, r2
 1464 005c 36D0     		beq	.L90
 650:Drivers/STM32F3xx_HAL_Driver/Src/stm32f3xx_hal_tim_ex.c ****   {
 1465              		.loc 1 650 7 discriminator 5 view .LVU454
 1466 005e 02F54062 		add	r2, r2, #3072
 1467 0062 9342     		cmp	r3, r2
 1468 0064 32D0     		beq	.L90
 650:Drivers/STM32F3xx_HAL_Driver/Src/stm32f3xx_hal_tim_ex.c ****   {
 1469              		.loc 1 650 7 discriminator 6 view .LVU455
 1470 0066 02F58052 		add	r2, r2, #4096
 1471 006a 9342     		cmp	r3, r2
 1472 006c 2ED0     		beq	.L90
 660:Drivers/STM32F3xx_HAL_Driver/Src/stm32f3xx_hal_tim_ex.c ****   }
 1473              		.loc 1 660 5 is_stmt 1 view .LVU456
 1474 006e 1A68     		ldr	r2, [r3]
 1475 0070 42F00102 		orr	r2, r2, #1
 1476 0074 1A60     		str	r2, [r3]
 664:Drivers/STM32F3xx_HAL_Driver/Src/stm32f3xx_hal_tim_ex.c **** }
 1477              		.loc 1 664 10 is_stmt 0 view .LVU457
 1478 0076 0020     		movs	r0, #0
 1479 0078 37E0     		b	.L85
 1480              	.LVL101:
 1481              	.L81:
 635:Drivers/STM32F3xx_HAL_Driver/Src/stm32f3xx_hal_tim_ex.c ****   {
 1482              		.loc 1 635 46 discriminator 2 view .LVU458
 1483 007a 0429     		cmp	r1, #4
 1484 007c 08D0     		beq	.L96
 635:Drivers/STM32F3xx_HAL_Driver/Src/stm32f3xx_hal_tim_ex.c ****   {
 1485              		.loc 1 635 46 discriminator 5 view .LVU459
 1486 007e 0829     		cmp	r1, #8
 1487 0080 0DD0     		beq	.L97
 635:Drivers/STM32F3xx_HAL_Driver/Src/stm32f3xx_hal_tim_ex.c ****   {
 1488              		.loc 1 635 7 discriminator 8 view .LVU460
 1489 0082 94F84730 		ldrb	r3, [r4, #71]	@ zero_extendqisi2
 1490 0086 DBB2     		uxtb	r3, r3
 635:Drivers/STM32F3xx_HAL_Driver/Src/stm32f3xx_hal_tim_ex.c ****   {
 1491              		.loc 1 635 46 discriminator 8 view .LVU461
 1492 0088 013B     		subs	r3, r3, #1
 1493 008a 18BF     		it	ne
 1494 008c 0123     		movne	r3, #1
 1495 008e C2E7     		b	.L82
 1496              	.L96:
 635:Drivers/STM32F3xx_HAL_Driver/Src/stm32f3xx_hal_tim_ex.c ****   {
 1497              		.loc 1 635 7 discriminator 4 view .LVU462
 1498 0090 94F84530 		ldrb	r3, [r4, #69]	@ zero_extendqisi2
 1499 0094 DBB2     		uxtb	r3, r3
ARM GAS  /tmp/ccZqO8pD.s 			page 79


 635:Drivers/STM32F3xx_HAL_Driver/Src/stm32f3xx_hal_tim_ex.c ****   {
 1500              		.loc 1 635 46 discriminator 4 view .LVU463
 1501 0096 013B     		subs	r3, r3, #1
 1502 0098 18BF     		it	ne
 1503 009a 0123     		movne	r3, #1
 1504 009c BBE7     		b	.L82
 1505              	.L97:
 635:Drivers/STM32F3xx_HAL_Driver/Src/stm32f3xx_hal_tim_ex.c ****   {
 1506              		.loc 1 635 7 discriminator 7 view .LVU464
 1507 009e 94F84630 		ldrb	r3, [r4, #70]	@ zero_extendqisi2
 1508 00a2 DBB2     		uxtb	r3, r3
 635:Drivers/STM32F3xx_HAL_Driver/Src/stm32f3xx_hal_tim_ex.c ****   {
 1509              		.loc 1 635 46 discriminator 7 view .LVU465
 1510 00a4 013B     		subs	r3, r3, #1
 1511 00a6 18BF     		it	ne
 1512 00a8 0123     		movne	r3, #1
 1513 00aa B4E7     		b	.L82
 1514              	.L86:
 641:Drivers/STM32F3xx_HAL_Driver/Src/stm32f3xx_hal_tim_ex.c **** 
 1515              		.loc 1 641 3 discriminator 2 view .LVU466
 1516 00ac 0428     		cmp	r0, #4
 1517 00ae 05D0     		beq	.L98
 641:Drivers/STM32F3xx_HAL_Driver/Src/stm32f3xx_hal_tim_ex.c **** 
 1518              		.loc 1 641 3 discriminator 4 view .LVU467
 1519 00b0 0828     		cmp	r0, #8
 1520 00b2 07D0     		beq	.L99
 641:Drivers/STM32F3xx_HAL_Driver/Src/stm32f3xx_hal_tim_ex.c **** 
 1521              		.loc 1 641 3 discriminator 7 view .LVU468
 1522 00b4 0223     		movs	r3, #2
 1523 00b6 84F84730 		strb	r3, [r4, #71]
 1524 00ba B3E7     		b	.L87
 1525              	.L98:
 641:Drivers/STM32F3xx_HAL_Driver/Src/stm32f3xx_hal_tim_ex.c **** 
 1526              		.loc 1 641 3 discriminator 3 view .LVU469
 1527 00bc 0223     		movs	r3, #2
 1528 00be 84F84530 		strb	r3, [r4, #69]
 1529 00c2 AFE7     		b	.L87
 1530              	.L99:
 641:Drivers/STM32F3xx_HAL_Driver/Src/stm32f3xx_hal_tim_ex.c **** 
 1531              		.loc 1 641 3 discriminator 6 view .LVU470
 1532 00c4 0223     		movs	r3, #2
 1533 00c6 84F84630 		strb	r3, [r4, #70]
 1534 00ca ABE7     		b	.L87
 1535              	.LVL102:
 1536              	.L90:
 652:Drivers/STM32F3xx_HAL_Driver/Src/stm32f3xx_hal_tim_ex.c ****     if (!IS_TIM_SLAVEMODE_TRIGGER_ENABLED(tmpsmcr))
 1537              		.loc 1 652 5 is_stmt 1 view .LVU471
 652:Drivers/STM32F3xx_HAL_Driver/Src/stm32f3xx_hal_tim_ex.c ****     if (!IS_TIM_SLAVEMODE_TRIGGER_ENABLED(tmpsmcr))
 1538              		.loc 1 652 29 is_stmt 0 view .LVU472
 1539 00cc 9968     		ldr	r1, [r3, #8]
 652:Drivers/STM32F3xx_HAL_Driver/Src/stm32f3xx_hal_tim_ex.c ****     if (!IS_TIM_SLAVEMODE_TRIGGER_ENABLED(tmpsmcr))
 1540              		.loc 1 652 13 view .LVU473
 1541 00ce 0A4A     		ldr	r2, .L100+4
 1542 00d0 0A40     		ands	r2, r2, r1
 1543              	.LVL103:
 653:Drivers/STM32F3xx_HAL_Driver/Src/stm32f3xx_hal_tim_ex.c ****     {
 1544              		.loc 1 653 5 is_stmt 1 view .LVU474
ARM GAS  /tmp/ccZqO8pD.s 			page 80


 653:Drivers/STM32F3xx_HAL_Driver/Src/stm32f3xx_hal_tim_ex.c ****     {
 1545              		.loc 1 653 8 is_stmt 0 view .LVU475
 1546 00d2 062A     		cmp	r2, #6
 1547 00d4 0AD0     		beq	.L93
 653:Drivers/STM32F3xx_HAL_Driver/Src/stm32f3xx_hal_tim_ex.c ****     {
 1548              		.loc 1 653 9 discriminator 1 view .LVU476
 1549 00d6 B2F5803F 		cmp	r2, #65536
 1550 00da 09D0     		beq	.L94
 655:Drivers/STM32F3xx_HAL_Driver/Src/stm32f3xx_hal_tim_ex.c ****     }
 1551              		.loc 1 655 7 is_stmt 1 view .LVU477
 1552 00dc 1A68     		ldr	r2, [r3]
 1553              	.LVL104:
 655:Drivers/STM32F3xx_HAL_Driver/Src/stm32f3xx_hal_tim_ex.c ****     }
 1554              		.loc 1 655 7 is_stmt 0 view .LVU478
 1555 00de 42F00102 		orr	r2, r2, #1
 1556 00e2 1A60     		str	r2, [r3]
 664:Drivers/STM32F3xx_HAL_Driver/Src/stm32f3xx_hal_tim_ex.c **** }
 1557              		.loc 1 664 10 view .LVU479
 1558 00e4 0020     		movs	r0, #0
 1559 00e6 00E0     		b	.L85
 1560              	.LVL105:
 1561              	.L92:
 637:Drivers/STM32F3xx_HAL_Driver/Src/stm32f3xx_hal_tim_ex.c ****   }
 1562              		.loc 1 637 12 view .LVU480
 1563 00e8 0120     		movs	r0, #1
 1564              	.LVL106:
 1565              	.L85:
 665:Drivers/STM32F3xx_HAL_Driver/Src/stm32f3xx_hal_tim_ex.c **** 
 1566              		.loc 1 665 1 view .LVU481
 1567 00ea 10BD     		pop	{r4, pc}
 1568              	.LVL107:
 1569              	.L93:
 664:Drivers/STM32F3xx_HAL_Driver/Src/stm32f3xx_hal_tim_ex.c **** }
 1570              		.loc 1 664 10 view .LVU482
 1571 00ec 0020     		movs	r0, #0
 1572 00ee FCE7     		b	.L85
 1573              	.L94:
 1574 00f0 0020     		movs	r0, #0
 1575 00f2 FAE7     		b	.L85
 1576              	.L101:
 1577              		.align	2
 1578              	.L100:
 1579 00f4 002C0140 		.word	1073818624
 1580 00f8 07000100 		.word	65543
 1581              		.cfi_endproc
 1582              	.LFE140:
 1584              		.section	.text.HAL_TIMEx_OCN_Stop,"ax",%progbits
 1585              		.align	1
 1586              		.global	HAL_TIMEx_OCN_Stop
 1587              		.syntax unified
 1588              		.thumb
 1589              		.thumb_func
 1591              	HAL_TIMEx_OCN_Stop:
 1592              	.LVL108:
 1593              	.LFB141:
 679:Drivers/STM32F3xx_HAL_Driver/Src/stm32f3xx_hal_tim_ex.c ****   /* Check the parameters */
 1594              		.loc 1 679 1 is_stmt 1 view -0
ARM GAS  /tmp/ccZqO8pD.s 			page 81


 1595              		.cfi_startproc
 1596              		@ args = 0, pretend = 0, frame = 0
 1597              		@ frame_needed = 0, uses_anonymous_args = 0
 679:Drivers/STM32F3xx_HAL_Driver/Src/stm32f3xx_hal_tim_ex.c ****   /* Check the parameters */
 1598              		.loc 1 679 1 is_stmt 0 view .LVU484
 1599 0000 38B5     		push	{r3, r4, r5, lr}
 1600              	.LCFI15:
 1601              		.cfi_def_cfa_offset 16
 1602              		.cfi_offset 3, -16
 1603              		.cfi_offset 4, -12
 1604              		.cfi_offset 5, -8
 1605              		.cfi_offset 14, -4
 1606 0002 0446     		mov	r4, r0
 1607 0004 0D46     		mov	r5, r1
 681:Drivers/STM32F3xx_HAL_Driver/Src/stm32f3xx_hal_tim_ex.c **** 
 1608              		.loc 1 681 3 is_stmt 1 view .LVU485
 684:Drivers/STM32F3xx_HAL_Driver/Src/stm32f3xx_hal_tim_ex.c **** 
 1609              		.loc 1 684 3 view .LVU486
 1610 0006 0022     		movs	r2, #0
 1611 0008 0068     		ldr	r0, [r0]
 1612              	.LVL109:
 684:Drivers/STM32F3xx_HAL_Driver/Src/stm32f3xx_hal_tim_ex.c **** 
 1613              		.loc 1 684 3 is_stmt 0 view .LVU487
 1614 000a FFF7FEFF 		bl	TIM_CCxNChannelCmd
 1615              	.LVL110:
 687:Drivers/STM32F3xx_HAL_Driver/Src/stm32f3xx_hal_tim_ex.c **** 
 1616              		.loc 1 687 3 is_stmt 1 view .LVU488
 687:Drivers/STM32F3xx_HAL_Driver/Src/stm32f3xx_hal_tim_ex.c **** 
 1617              		.loc 1 687 3 view .LVU489
 1618 000e 2368     		ldr	r3, [r4]
 1619 0010 196A     		ldr	r1, [r3, #32]
 1620 0012 41F21112 		movw	r2, #4369
 1621 0016 1142     		tst	r1, r2
 1622 0018 08D1     		bne	.L103
 687:Drivers/STM32F3xx_HAL_Driver/Src/stm32f3xx_hal_tim_ex.c **** 
 1623              		.loc 1 687 3 discriminator 1 view .LVU490
 1624 001a 196A     		ldr	r1, [r3, #32]
 1625 001c 40F24442 		movw	r2, #1092
 1626 0020 1142     		tst	r1, r2
 1627 0022 03D1     		bne	.L103
 687:Drivers/STM32F3xx_HAL_Driver/Src/stm32f3xx_hal_tim_ex.c **** 
 1628              		.loc 1 687 3 discriminator 3 view .LVU491
 1629 0024 5A6C     		ldr	r2, [r3, #68]
 1630 0026 22F40042 		bic	r2, r2, #32768
 1631 002a 5A64     		str	r2, [r3, #68]
 1632              	.L103:
 687:Drivers/STM32F3xx_HAL_Driver/Src/stm32f3xx_hal_tim_ex.c **** 
 1633              		.loc 1 687 3 discriminator 5 view .LVU492
 690:Drivers/STM32F3xx_HAL_Driver/Src/stm32f3xx_hal_tim_ex.c **** 
 1634              		.loc 1 690 3 view .LVU493
 690:Drivers/STM32F3xx_HAL_Driver/Src/stm32f3xx_hal_tim_ex.c **** 
 1635              		.loc 1 690 3 view .LVU494
 1636 002c 2368     		ldr	r3, [r4]
 1637 002e 196A     		ldr	r1, [r3, #32]
 1638 0030 41F21112 		movw	r2, #4369
 1639 0034 1142     		tst	r1, r2
 1640 0036 08D1     		bne	.L104
ARM GAS  /tmp/ccZqO8pD.s 			page 82


 690:Drivers/STM32F3xx_HAL_Driver/Src/stm32f3xx_hal_tim_ex.c **** 
 1641              		.loc 1 690 3 discriminator 1 view .LVU495
 1642 0038 196A     		ldr	r1, [r3, #32]
 1643 003a 40F24442 		movw	r2, #1092
 1644 003e 1142     		tst	r1, r2
 1645 0040 03D1     		bne	.L104
 690:Drivers/STM32F3xx_HAL_Driver/Src/stm32f3xx_hal_tim_ex.c **** 
 1646              		.loc 1 690 3 discriminator 3 view .LVU496
 1647 0042 1A68     		ldr	r2, [r3]
 1648 0044 22F00102 		bic	r2, r2, #1
 1649 0048 1A60     		str	r2, [r3]
 1650              	.L104:
 690:Drivers/STM32F3xx_HAL_Driver/Src/stm32f3xx_hal_tim_ex.c **** 
 1651              		.loc 1 690 3 discriminator 5 view .LVU497
 693:Drivers/STM32F3xx_HAL_Driver/Src/stm32f3xx_hal_tim_ex.c **** 
 1652              		.loc 1 693 3 view .LVU498
 1653 004a 25B9     		cbnz	r5, .L105
 693:Drivers/STM32F3xx_HAL_Driver/Src/stm32f3xx_hal_tim_ex.c **** 
 1654              		.loc 1 693 3 is_stmt 0 discriminator 1 view .LVU499
 1655 004c 0123     		movs	r3, #1
 1656 004e 84F84430 		strb	r3, [r4, #68]
 1657              	.L106:
 696:Drivers/STM32F3xx_HAL_Driver/Src/stm32f3xx_hal_tim_ex.c **** }
 1658              		.loc 1 696 3 is_stmt 1 view .LVU500
 697:Drivers/STM32F3xx_HAL_Driver/Src/stm32f3xx_hal_tim_ex.c **** 
 1659              		.loc 1 697 1 is_stmt 0 view .LVU501
 1660 0052 0020     		movs	r0, #0
 1661 0054 38BD     		pop	{r3, r4, r5, pc}
 1662              	.LVL111:
 1663              	.L105:
 693:Drivers/STM32F3xx_HAL_Driver/Src/stm32f3xx_hal_tim_ex.c **** 
 1664              		.loc 1 693 3 discriminator 2 view .LVU502
 1665 0056 042D     		cmp	r5, #4
 1666 0058 05D0     		beq	.L110
 693:Drivers/STM32F3xx_HAL_Driver/Src/stm32f3xx_hal_tim_ex.c **** 
 1667              		.loc 1 693 3 discriminator 4 view .LVU503
 1668 005a 082D     		cmp	r5, #8
 1669 005c 07D0     		beq	.L111
 693:Drivers/STM32F3xx_HAL_Driver/Src/stm32f3xx_hal_tim_ex.c **** 
 1670              		.loc 1 693 3 discriminator 7 view .LVU504
 1671 005e 0123     		movs	r3, #1
 1672 0060 84F84730 		strb	r3, [r4, #71]
 1673 0064 F5E7     		b	.L106
 1674              	.L110:
 693:Drivers/STM32F3xx_HAL_Driver/Src/stm32f3xx_hal_tim_ex.c **** 
 1675              		.loc 1 693 3 discriminator 3 view .LVU505
 1676 0066 0123     		movs	r3, #1
 1677 0068 84F84530 		strb	r3, [r4, #69]
 1678 006c F1E7     		b	.L106
 1679              	.L111:
 693:Drivers/STM32F3xx_HAL_Driver/Src/stm32f3xx_hal_tim_ex.c **** 
 1680              		.loc 1 693 3 discriminator 6 view .LVU506
 1681 006e 0123     		movs	r3, #1
 1682 0070 84F84630 		strb	r3, [r4, #70]
 1683 0074 EDE7     		b	.L106
 1684              		.cfi_endproc
 1685              	.LFE141:
ARM GAS  /tmp/ccZqO8pD.s 			page 83


 1687              		.section	.text.HAL_TIMEx_OCN_Start_IT,"ax",%progbits
 1688              		.align	1
 1689              		.global	HAL_TIMEx_OCN_Start_IT
 1690              		.syntax unified
 1691              		.thumb
 1692              		.thumb_func
 1694              	HAL_TIMEx_OCN_Start_IT:
 1695              	.LVL112:
 1696              	.LFB142:
 711:Drivers/STM32F3xx_HAL_Driver/Src/stm32f3xx_hal_tim_ex.c ****   HAL_StatusTypeDef status = HAL_OK;
 1697              		.loc 1 711 1 is_stmt 1 view -0
 1698              		.cfi_startproc
 1699              		@ args = 0, pretend = 0, frame = 0
 1700              		@ frame_needed = 0, uses_anonymous_args = 0
 711:Drivers/STM32F3xx_HAL_Driver/Src/stm32f3xx_hal_tim_ex.c ****   HAL_StatusTypeDef status = HAL_OK;
 1701              		.loc 1 711 1 is_stmt 0 view .LVU508
 1702 0000 10B5     		push	{r4, lr}
 1703              	.LCFI16:
 1704              		.cfi_def_cfa_offset 8
 1705              		.cfi_offset 4, -8
 1706              		.cfi_offset 14, -4
 1707 0002 0446     		mov	r4, r0
 712:Drivers/STM32F3xx_HAL_Driver/Src/stm32f3xx_hal_tim_ex.c ****   uint32_t tmpsmcr;
 1708              		.loc 1 712 3 is_stmt 1 view .LVU509
 1709              	.LVL113:
 713:Drivers/STM32F3xx_HAL_Driver/Src/stm32f3xx_hal_tim_ex.c **** 
 1710              		.loc 1 713 3 view .LVU510
 716:Drivers/STM32F3xx_HAL_Driver/Src/stm32f3xx_hal_tim_ex.c **** 
 1711              		.loc 1 716 3 view .LVU511
 719:Drivers/STM32F3xx_HAL_Driver/Src/stm32f3xx_hal_tim_ex.c ****   {
 1712              		.loc 1 719 3 view .LVU512
 719:Drivers/STM32F3xx_HAL_Driver/Src/stm32f3xx_hal_tim_ex.c ****   {
 1713              		.loc 1 719 46 is_stmt 0 view .LVU513
 1714 0004 0846     		mov	r0, r1
 1715              	.LVL114:
 719:Drivers/STM32F3xx_HAL_Driver/Src/stm32f3xx_hal_tim_ex.c ****   {
 1716              		.loc 1 719 46 view .LVU514
 1717 0006 0029     		cmp	r1, #0
 1718 0008 42D1     		bne	.L113
 719:Drivers/STM32F3xx_HAL_Driver/Src/stm32f3xx_hal_tim_ex.c ****   {
 1719              		.loc 1 719 7 discriminator 1 view .LVU515
 1720 000a 94F84430 		ldrb	r3, [r4, #68]	@ zero_extendqisi2
 1721 000e DBB2     		uxtb	r3, r3
 719:Drivers/STM32F3xx_HAL_Driver/Src/stm32f3xx_hal_tim_ex.c ****   {
 1722              		.loc 1 719 46 discriminator 1 view .LVU516
 1723 0010 013B     		subs	r3, r3, #1
 1724 0012 18BF     		it	ne
 1725 0014 0123     		movne	r3, #1
 1726              	.L114:
 719:Drivers/STM32F3xx_HAL_Driver/Src/stm32f3xx_hal_tim_ex.c ****   {
 1727              		.loc 1 719 6 discriminator 12 view .LVU517
 1728 0016 002B     		cmp	r3, #0
 1729 0018 40F08280 		bne	.L127
 725:Drivers/STM32F3xx_HAL_Driver/Src/stm32f3xx_hal_tim_ex.c **** 
 1730              		.loc 1 725 3 is_stmt 1 view .LVU518
 1731 001c 0028     		cmp	r0, #0
 1732 001e 50D1     		bne	.L118
ARM GAS  /tmp/ccZqO8pD.s 			page 84


 725:Drivers/STM32F3xx_HAL_Driver/Src/stm32f3xx_hal_tim_ex.c **** 
 1733              		.loc 1 725 3 is_stmt 0 discriminator 1 view .LVU519
 1734 0020 0223     		movs	r3, #2
 1735 0022 84F84430 		strb	r3, [r4, #68]
 727:Drivers/STM32F3xx_HAL_Driver/Src/stm32f3xx_hal_tim_ex.c ****   {
 1736              		.loc 1 727 3 is_stmt 1 view .LVU520
 1737              	.L119:
 732:Drivers/STM32F3xx_HAL_Driver/Src/stm32f3xx_hal_tim_ex.c ****       break;
 1738              		.loc 1 732 7 view .LVU521
 1739 0026 2268     		ldr	r2, [r4]
 1740 0028 D368     		ldr	r3, [r2, #12]
 1741 002a 43F00203 		orr	r3, r3, #2
 1742 002e D360     		str	r3, [r2, #12]
 733:Drivers/STM32F3xx_HAL_Driver/Src/stm32f3xx_hal_tim_ex.c ****     }
 1743              		.loc 1 733 7 view .LVU522
 756:Drivers/STM32F3xx_HAL_Driver/Src/stm32f3xx_hal_tim_ex.c ****   {
 1744              		.loc 1 756 3 view .LVU523
 1745              	.L124:
 759:Drivers/STM32F3xx_HAL_Driver/Src/stm32f3xx_hal_tim_ex.c **** 
 1746              		.loc 1 759 5 view .LVU524
 1747 0030 2268     		ldr	r2, [r4]
 1748 0032 D368     		ldr	r3, [r2, #12]
 1749 0034 43F08003 		orr	r3, r3, #128
 1750 0038 D360     		str	r3, [r2, #12]
 762:Drivers/STM32F3xx_HAL_Driver/Src/stm32f3xx_hal_tim_ex.c **** 
 1751              		.loc 1 762 5 view .LVU525
 1752 003a 0422     		movs	r2, #4
 1753 003c 0146     		mov	r1, r0
 1754              	.LVL115:
 762:Drivers/STM32F3xx_HAL_Driver/Src/stm32f3xx_hal_tim_ex.c **** 
 1755              		.loc 1 762 5 is_stmt 0 view .LVU526
 1756 003e 2068     		ldr	r0, [r4]
 1757              	.LVL116:
 762:Drivers/STM32F3xx_HAL_Driver/Src/stm32f3xx_hal_tim_ex.c **** 
 1758              		.loc 1 762 5 view .LVU527
 1759 0040 FFF7FEFF 		bl	TIM_CCxNChannelCmd
 1760              	.LVL117:
 765:Drivers/STM32F3xx_HAL_Driver/Src/stm32f3xx_hal_tim_ex.c **** 
 1761              		.loc 1 765 5 is_stmt 1 view .LVU528
 1762 0044 2268     		ldr	r2, [r4]
 1763 0046 536C     		ldr	r3, [r2, #68]
 1764 0048 43F40043 		orr	r3, r3, #32768
 1765 004c 5364     		str	r3, [r2, #68]
 768:Drivers/STM32F3xx_HAL_Driver/Src/stm32f3xx_hal_tim_ex.c ****     {
 1766              		.loc 1 768 5 view .LVU529
 768:Drivers/STM32F3xx_HAL_Driver/Src/stm32f3xx_hal_tim_ex.c ****     {
 1767              		.loc 1 768 9 is_stmt 0 view .LVU530
 1768 004e 2368     		ldr	r3, [r4]
 768:Drivers/STM32F3xx_HAL_Driver/Src/stm32f3xx_hal_tim_ex.c ****     {
 1769              		.loc 1 768 8 view .LVU531
 1770 0050 364A     		ldr	r2, .L136
 1771 0052 9342     		cmp	r3, r2
 1772 0054 56D0     		beq	.L125
 768:Drivers/STM32F3xx_HAL_Driver/Src/stm32f3xx_hal_tim_ex.c ****     {
 1773              		.loc 1 768 9 discriminator 1 view .LVU532
 1774 0056 B3F1804F 		cmp	r3, #1073741824
 1775 005a 53D0     		beq	.L125
ARM GAS  /tmp/ccZqO8pD.s 			page 85


 768:Drivers/STM32F3xx_HAL_Driver/Src/stm32f3xx_hal_tim_ex.c ****     {
 1776              		.loc 1 768 9 discriminator 2 view .LVU533
 1777 005c A2F59432 		sub	r2, r2, #75776
 1778 0060 9342     		cmp	r3, r2
 1779 0062 4FD0     		beq	.L125
 768:Drivers/STM32F3xx_HAL_Driver/Src/stm32f3xx_hal_tim_ex.c ****     {
 1780              		.loc 1 768 9 discriminator 3 view .LVU534
 1781 0064 02F58062 		add	r2, r2, #1024
 1782 0068 9342     		cmp	r3, r2
 1783 006a 4BD0     		beq	.L125
 768:Drivers/STM32F3xx_HAL_Driver/Src/stm32f3xx_hal_tim_ex.c ****     {
 1784              		.loc 1 768 9 discriminator 4 view .LVU535
 1785 006c 02F59632 		add	r2, r2, #76800
 1786 0070 9342     		cmp	r3, r2
 1787 0072 47D0     		beq	.L125
 768:Drivers/STM32F3xx_HAL_Driver/Src/stm32f3xx_hal_tim_ex.c ****     {
 1788              		.loc 1 768 9 discriminator 5 view .LVU536
 1789 0074 02F54062 		add	r2, r2, #3072
 1790 0078 9342     		cmp	r3, r2
 1791 007a 43D0     		beq	.L125
 768:Drivers/STM32F3xx_HAL_Driver/Src/stm32f3xx_hal_tim_ex.c ****     {
 1792              		.loc 1 768 9 discriminator 6 view .LVU537
 1793 007c 02F58052 		add	r2, r2, #4096
 1794 0080 9342     		cmp	r3, r2
 1795 0082 3FD0     		beq	.L125
 778:Drivers/STM32F3xx_HAL_Driver/Src/stm32f3xx_hal_tim_ex.c ****     }
 1796              		.loc 1 778 7 is_stmt 1 view .LVU538
 1797 0084 1A68     		ldr	r2, [r3]
 1798 0086 42F00102 		orr	r2, r2, #1
 1799 008a 1A60     		str	r2, [r3]
 1800 008c 0020     		movs	r0, #0
 1801 008e 48E0     		b	.L117
 1802              	.LVL118:
 1803              	.L113:
 719:Drivers/STM32F3xx_HAL_Driver/Src/stm32f3xx_hal_tim_ex.c ****   {
 1804              		.loc 1 719 46 is_stmt 0 discriminator 2 view .LVU539
 1805 0090 0429     		cmp	r1, #4
 1806 0092 08D0     		beq	.L132
 719:Drivers/STM32F3xx_HAL_Driver/Src/stm32f3xx_hal_tim_ex.c ****   {
 1807              		.loc 1 719 46 discriminator 5 view .LVU540
 1808 0094 0829     		cmp	r1, #8
 1809 0096 0DD0     		beq	.L133
 719:Drivers/STM32F3xx_HAL_Driver/Src/stm32f3xx_hal_tim_ex.c ****   {
 1810              		.loc 1 719 7 discriminator 8 view .LVU541
 1811 0098 94F84730 		ldrb	r3, [r4, #71]	@ zero_extendqisi2
 1812 009c DBB2     		uxtb	r3, r3
 719:Drivers/STM32F3xx_HAL_Driver/Src/stm32f3xx_hal_tim_ex.c ****   {
 1813              		.loc 1 719 46 discriminator 8 view .LVU542
 1814 009e 013B     		subs	r3, r3, #1
 1815 00a0 18BF     		it	ne
 1816 00a2 0123     		movne	r3, #1
 1817 00a4 B7E7     		b	.L114
 1818              	.L132:
 719:Drivers/STM32F3xx_HAL_Driver/Src/stm32f3xx_hal_tim_ex.c ****   {
 1819              		.loc 1 719 7 discriminator 4 view .LVU543
 1820 00a6 94F84530 		ldrb	r3, [r4, #69]	@ zero_extendqisi2
 1821 00aa DBB2     		uxtb	r3, r3
ARM GAS  /tmp/ccZqO8pD.s 			page 86


 719:Drivers/STM32F3xx_HAL_Driver/Src/stm32f3xx_hal_tim_ex.c ****   {
 1822              		.loc 1 719 46 discriminator 4 view .LVU544
 1823 00ac 013B     		subs	r3, r3, #1
 1824 00ae 18BF     		it	ne
 1825 00b0 0123     		movne	r3, #1
 1826 00b2 B0E7     		b	.L114
 1827              	.L133:
 719:Drivers/STM32F3xx_HAL_Driver/Src/stm32f3xx_hal_tim_ex.c ****   {
 1828              		.loc 1 719 7 discriminator 7 view .LVU545
 1829 00b4 94F84630 		ldrb	r3, [r4, #70]	@ zero_extendqisi2
 1830 00b8 DBB2     		uxtb	r3, r3
 719:Drivers/STM32F3xx_HAL_Driver/Src/stm32f3xx_hal_tim_ex.c ****   {
 1831              		.loc 1 719 46 discriminator 7 view .LVU546
 1832 00ba 013B     		subs	r3, r3, #1
 1833 00bc 18BF     		it	ne
 1834 00be 0123     		movne	r3, #1
 1835 00c0 A9E7     		b	.L114
 1836              	.L118:
 725:Drivers/STM32F3xx_HAL_Driver/Src/stm32f3xx_hal_tim_ex.c **** 
 1837              		.loc 1 725 3 discriminator 2 view .LVU547
 1838 00c2 0428     		cmp	r0, #4
 1839 00c4 0CD0     		beq	.L134
 725:Drivers/STM32F3xx_HAL_Driver/Src/stm32f3xx_hal_tim_ex.c **** 
 1840              		.loc 1 725 3 discriminator 4 view .LVU548
 1841 00c6 0828     		cmp	r0, #8
 1842 00c8 13D0     		beq	.L135
 725:Drivers/STM32F3xx_HAL_Driver/Src/stm32f3xx_hal_tim_ex.c **** 
 1843              		.loc 1 725 3 discriminator 7 view .LVU549
 1844 00ca 0223     		movs	r3, #2
 1845 00cc 84F84730 		strb	r3, [r4, #71]
 727:Drivers/STM32F3xx_HAL_Driver/Src/stm32f3xx_hal_tim_ex.c ****   {
 1846              		.loc 1 727 3 is_stmt 1 view .LVU550
 1847 00d0 0428     		cmp	r0, #4
 1848 00d2 08D0     		beq	.L121
 1849 00d4 0828     		cmp	r0, #8
 1850 00d6 0FD0     		beq	.L123
 1851 00d8 0028     		cmp	r0, #0
 1852 00da A4D0     		beq	.L119
 1853 00dc 0120     		movs	r0, #1
 1854              	.LVL119:
 727:Drivers/STM32F3xx_HAL_Driver/Src/stm32f3xx_hal_tim_ex.c ****   {
 1855              		.loc 1 727 3 is_stmt 0 view .LVU551
 1856 00de 20E0     		b	.L117
 1857              	.LVL120:
 1858              	.L134:
 725:Drivers/STM32F3xx_HAL_Driver/Src/stm32f3xx_hal_tim_ex.c **** 
 1859              		.loc 1 725 3 discriminator 3 view .LVU552
 1860 00e0 0223     		movs	r3, #2
 1861 00e2 84F84530 		strb	r3, [r4, #69]
 727:Drivers/STM32F3xx_HAL_Driver/Src/stm32f3xx_hal_tim_ex.c ****   {
 1862              		.loc 1 727 3 is_stmt 1 view .LVU553
 1863              	.L121:
 739:Drivers/STM32F3xx_HAL_Driver/Src/stm32f3xx_hal_tim_ex.c ****       break;
 1864              		.loc 1 739 7 view .LVU554
 1865 00e6 2268     		ldr	r2, [r4]
 1866 00e8 D368     		ldr	r3, [r2, #12]
 1867 00ea 43F00403 		orr	r3, r3, #4
ARM GAS  /tmp/ccZqO8pD.s 			page 87


 1868 00ee D360     		str	r3, [r2, #12]
 740:Drivers/STM32F3xx_HAL_Driver/Src/stm32f3xx_hal_tim_ex.c ****     }
 1869              		.loc 1 740 7 view .LVU555
 756:Drivers/STM32F3xx_HAL_Driver/Src/stm32f3xx_hal_tim_ex.c ****   {
 1870              		.loc 1 756 3 view .LVU556
 1871 00f0 9EE7     		b	.L124
 1872              	.L135:
 725:Drivers/STM32F3xx_HAL_Driver/Src/stm32f3xx_hal_tim_ex.c **** 
 1873              		.loc 1 725 3 is_stmt 0 discriminator 6 view .LVU557
 1874 00f2 0223     		movs	r3, #2
 1875 00f4 84F84630 		strb	r3, [r4, #70]
 727:Drivers/STM32F3xx_HAL_Driver/Src/stm32f3xx_hal_tim_ex.c ****   {
 1876              		.loc 1 727 3 is_stmt 1 view .LVU558
 1877              	.L123:
 746:Drivers/STM32F3xx_HAL_Driver/Src/stm32f3xx_hal_tim_ex.c ****       break;
 1878              		.loc 1 746 7 view .LVU559
 1879 00f8 2268     		ldr	r2, [r4]
 1880 00fa D368     		ldr	r3, [r2, #12]
 1881 00fc 43F00803 		orr	r3, r3, #8
 1882 0100 D360     		str	r3, [r2, #12]
 747:Drivers/STM32F3xx_HAL_Driver/Src/stm32f3xx_hal_tim_ex.c ****     }
 1883              		.loc 1 747 7 view .LVU560
 756:Drivers/STM32F3xx_HAL_Driver/Src/stm32f3xx_hal_tim_ex.c ****   {
 1884              		.loc 1 756 3 view .LVU561
 1885 0102 95E7     		b	.L124
 1886              	.LVL121:
 1887              	.L125:
 770:Drivers/STM32F3xx_HAL_Driver/Src/stm32f3xx_hal_tim_ex.c ****       if (!IS_TIM_SLAVEMODE_TRIGGER_ENABLED(tmpsmcr))
 1888              		.loc 1 770 7 view .LVU562
 770:Drivers/STM32F3xx_HAL_Driver/Src/stm32f3xx_hal_tim_ex.c ****       if (!IS_TIM_SLAVEMODE_TRIGGER_ENABLED(tmpsmcr))
 1889              		.loc 1 770 31 is_stmt 0 view .LVU563
 1890 0104 9968     		ldr	r1, [r3, #8]
 770:Drivers/STM32F3xx_HAL_Driver/Src/stm32f3xx_hal_tim_ex.c ****       if (!IS_TIM_SLAVEMODE_TRIGGER_ENABLED(tmpsmcr))
 1891              		.loc 1 770 15 view .LVU564
 1892 0106 0A4A     		ldr	r2, .L136+4
 1893 0108 0A40     		ands	r2, r2, r1
 1894              	.LVL122:
 771:Drivers/STM32F3xx_HAL_Driver/Src/stm32f3xx_hal_tim_ex.c ****       {
 1895              		.loc 1 771 7 is_stmt 1 view .LVU565
 771:Drivers/STM32F3xx_HAL_Driver/Src/stm32f3xx_hal_tim_ex.c ****       {
 1896              		.loc 1 771 10 is_stmt 0 view .LVU566
 1897 010a 062A     		cmp	r2, #6
 1898 010c 0AD0     		beq	.L129
 771:Drivers/STM32F3xx_HAL_Driver/Src/stm32f3xx_hal_tim_ex.c ****       {
 1899              		.loc 1 771 11 discriminator 1 view .LVU567
 1900 010e B2F5803F 		cmp	r2, #65536
 1901 0112 09D0     		beq	.L130
 773:Drivers/STM32F3xx_HAL_Driver/Src/stm32f3xx_hal_tim_ex.c ****       }
 1902              		.loc 1 773 9 is_stmt 1 view .LVU568
 1903 0114 1A68     		ldr	r2, [r3]
 1904              	.LVL123:
 773:Drivers/STM32F3xx_HAL_Driver/Src/stm32f3xx_hal_tim_ex.c ****       }
 1905              		.loc 1 773 9 is_stmt 0 view .LVU569
 1906 0116 42F00102 		orr	r2, r2, #1
 1907 011a 1A60     		str	r2, [r3]
 1908 011c 0020     		movs	r0, #0
 1909 011e 00E0     		b	.L117
ARM GAS  /tmp/ccZqO8pD.s 			page 88


 1910              	.LVL124:
 1911              	.L127:
 721:Drivers/STM32F3xx_HAL_Driver/Src/stm32f3xx_hal_tim_ex.c ****   }
 1912              		.loc 1 721 12 view .LVU570
 1913 0120 0120     		movs	r0, #1
 1914              	.LVL125:
 1915              	.L117:
 784:Drivers/STM32F3xx_HAL_Driver/Src/stm32f3xx_hal_tim_ex.c **** 
 1916              		.loc 1 784 1 view .LVU571
 1917 0122 10BD     		pop	{r4, pc}
 1918              	.LVL126:
 1919              	.L129:
 784:Drivers/STM32F3xx_HAL_Driver/Src/stm32f3xx_hal_tim_ex.c **** 
 1920              		.loc 1 784 1 view .LVU572
 1921 0124 0020     		movs	r0, #0
 1922 0126 FCE7     		b	.L117
 1923              	.L130:
 1924 0128 0020     		movs	r0, #0
 1925 012a FAE7     		b	.L117
 1926              	.L137:
 1927              		.align	2
 1928              	.L136:
 1929 012c 002C0140 		.word	1073818624
 1930 0130 07000100 		.word	65543
 1931              		.cfi_endproc
 1932              	.LFE142:
 1934              		.section	.text.HAL_TIMEx_OCN_Stop_IT,"ax",%progbits
 1935              		.align	1
 1936              		.global	HAL_TIMEx_OCN_Stop_IT
 1937              		.syntax unified
 1938              		.thumb
 1939              		.thumb_func
 1941              	HAL_TIMEx_OCN_Stop_IT:
 1942              	.LVL127:
 1943              	.LFB143:
 798:Drivers/STM32F3xx_HAL_Driver/Src/stm32f3xx_hal_tim_ex.c ****   HAL_StatusTypeDef status = HAL_OK;
 1944              		.loc 1 798 1 is_stmt 1 view -0
 1945              		.cfi_startproc
 1946              		@ args = 0, pretend = 0, frame = 0
 1947              		@ frame_needed = 0, uses_anonymous_args = 0
 798:Drivers/STM32F3xx_HAL_Driver/Src/stm32f3xx_hal_tim_ex.c ****   HAL_StatusTypeDef status = HAL_OK;
 1948              		.loc 1 798 1 is_stmt 0 view .LVU574
 1949 0000 38B5     		push	{r3, r4, r5, lr}
 1950              	.LCFI17:
 1951              		.cfi_def_cfa_offset 16
 1952              		.cfi_offset 3, -16
 1953              		.cfi_offset 4, -12
 1954              		.cfi_offset 5, -8
 1955              		.cfi_offset 14, -4
 1956 0002 0446     		mov	r4, r0
 1957 0004 0D46     		mov	r5, r1
 799:Drivers/STM32F3xx_HAL_Driver/Src/stm32f3xx_hal_tim_ex.c ****   uint32_t tmpccer;
 1958              		.loc 1 799 3 is_stmt 1 view .LVU575
 1959              	.LVL128:
 800:Drivers/STM32F3xx_HAL_Driver/Src/stm32f3xx_hal_tim_ex.c **** 
 1960              		.loc 1 800 3 view .LVU576
 803:Drivers/STM32F3xx_HAL_Driver/Src/stm32f3xx_hal_tim_ex.c **** 
ARM GAS  /tmp/ccZqO8pD.s 			page 89


 1961              		.loc 1 803 3 view .LVU577
 805:Drivers/STM32F3xx_HAL_Driver/Src/stm32f3xx_hal_tim_ex.c ****   {
 1962              		.loc 1 805 3 view .LVU578
 1963 0006 0429     		cmp	r1, #4
 1964 0008 3BD0     		beq	.L139
 1965 000a 0829     		cmp	r1, #8
 1966 000c 3FD0     		beq	.L140
 1967 000e 0029     		cmp	r1, #0
 1968 0010 56D1     		bne	.L149
 810:Drivers/STM32F3xx_HAL_Driver/Src/stm32f3xx_hal_tim_ex.c ****       break;
 1969              		.loc 1 810 7 view .LVU579
 1970 0012 0268     		ldr	r2, [r0]
 1971 0014 D368     		ldr	r3, [r2, #12]
 1972 0016 23F00203 		bic	r3, r3, #2
 1973 001a D360     		str	r3, [r2, #12]
 811:Drivers/STM32F3xx_HAL_Driver/Src/stm32f3xx_hal_tim_ex.c ****     }
 1974              		.loc 1 811 7 view .LVU580
 833:Drivers/STM32F3xx_HAL_Driver/Src/stm32f3xx_hal_tim_ex.c ****   {
 1975              		.loc 1 833 3 view .LVU581
 1976              	.L142:
 836:Drivers/STM32F3xx_HAL_Driver/Src/stm32f3xx_hal_tim_ex.c **** 
 1977              		.loc 1 836 5 view .LVU582
 1978 001c 0022     		movs	r2, #0
 1979 001e 2946     		mov	r1, r5
 1980              	.LVL129:
 836:Drivers/STM32F3xx_HAL_Driver/Src/stm32f3xx_hal_tim_ex.c **** 
 1981              		.loc 1 836 5 is_stmt 0 view .LVU583
 1982 0020 2068     		ldr	r0, [r4]
 1983              	.LVL130:
 836:Drivers/STM32F3xx_HAL_Driver/Src/stm32f3xx_hal_tim_ex.c **** 
 1984              		.loc 1 836 5 view .LVU584
 1985 0022 FFF7FEFF 		bl	TIM_CCxNChannelCmd
 1986              	.LVL131:
 839:Drivers/STM32F3xx_HAL_Driver/Src/stm32f3xx_hal_tim_ex.c ****     if ((tmpccer & TIM_CCER_CCxNE_MASK) == (uint32_t)RESET)
 1987              		.loc 1 839 5 is_stmt 1 view .LVU585
 839:Drivers/STM32F3xx_HAL_Driver/Src/stm32f3xx_hal_tim_ex.c ****     if ((tmpccer & TIM_CCER_CCxNE_MASK) == (uint32_t)RESET)
 1988              		.loc 1 839 19 is_stmt 0 view .LVU586
 1989 0026 2368     		ldr	r3, [r4]
 839:Drivers/STM32F3xx_HAL_Driver/Src/stm32f3xx_hal_tim_ex.c ****     if ((tmpccer & TIM_CCER_CCxNE_MASK) == (uint32_t)RESET)
 1990              		.loc 1 839 13 view .LVU587
 1991 0028 196A     		ldr	r1, [r3, #32]
 1992              	.LVL132:
 840:Drivers/STM32F3xx_HAL_Driver/Src/stm32f3xx_hal_tim_ex.c ****     {
 1993              		.loc 1 840 5 is_stmt 1 view .LVU588
 840:Drivers/STM32F3xx_HAL_Driver/Src/stm32f3xx_hal_tim_ex.c ****     {
 1994              		.loc 1 840 8 is_stmt 0 view .LVU589
 1995 002a 40F24442 		movw	r2, #1092
 1996 002e 1142     		tst	r1, r2
 1997 0030 03D1     		bne	.L143
 842:Drivers/STM32F3xx_HAL_Driver/Src/stm32f3xx_hal_tim_ex.c ****     }
 1998              		.loc 1 842 7 is_stmt 1 view .LVU590
 1999 0032 DA68     		ldr	r2, [r3, #12]
 2000 0034 22F08002 		bic	r2, r2, #128
 2001 0038 DA60     		str	r2, [r3, #12]
 2002              	.L143:
 846:Drivers/STM32F3xx_HAL_Driver/Src/stm32f3xx_hal_tim_ex.c **** 
 2003              		.loc 1 846 5 view .LVU591
ARM GAS  /tmp/ccZqO8pD.s 			page 90


 846:Drivers/STM32F3xx_HAL_Driver/Src/stm32f3xx_hal_tim_ex.c **** 
 2004              		.loc 1 846 5 view .LVU592
 2005 003a 2368     		ldr	r3, [r4]
 2006 003c 196A     		ldr	r1, [r3, #32]
 2007              	.LVL133:
 846:Drivers/STM32F3xx_HAL_Driver/Src/stm32f3xx_hal_tim_ex.c **** 
 2008              		.loc 1 846 5 is_stmt 0 view .LVU593
 2009 003e 41F21112 		movw	r2, #4369
 2010 0042 1142     		tst	r1, r2
 2011 0044 08D1     		bne	.L144
 846:Drivers/STM32F3xx_HAL_Driver/Src/stm32f3xx_hal_tim_ex.c **** 
 2012              		.loc 1 846 5 is_stmt 1 discriminator 1 view .LVU594
 2013 0046 196A     		ldr	r1, [r3, #32]
 2014 0048 40F24442 		movw	r2, #1092
 2015 004c 1142     		tst	r1, r2
 2016 004e 03D1     		bne	.L144
 846:Drivers/STM32F3xx_HAL_Driver/Src/stm32f3xx_hal_tim_ex.c **** 
 2017              		.loc 1 846 5 discriminator 3 view .LVU595
 2018 0050 5A6C     		ldr	r2, [r3, #68]
 2019 0052 22F40042 		bic	r2, r2, #32768
 2020 0056 5A64     		str	r2, [r3, #68]
 2021              	.L144:
 846:Drivers/STM32F3xx_HAL_Driver/Src/stm32f3xx_hal_tim_ex.c **** 
 2022              		.loc 1 846 5 discriminator 5 view .LVU596
 849:Drivers/STM32F3xx_HAL_Driver/Src/stm32f3xx_hal_tim_ex.c **** 
 2023              		.loc 1 849 5 view .LVU597
 849:Drivers/STM32F3xx_HAL_Driver/Src/stm32f3xx_hal_tim_ex.c **** 
 2024              		.loc 1 849 5 view .LVU598
 2025 0058 2368     		ldr	r3, [r4]
 2026 005a 196A     		ldr	r1, [r3, #32]
 2027 005c 41F21112 		movw	r2, #4369
 2028 0060 1142     		tst	r1, r2
 2029 0062 08D1     		bne	.L145
 849:Drivers/STM32F3xx_HAL_Driver/Src/stm32f3xx_hal_tim_ex.c **** 
 2030              		.loc 1 849 5 discriminator 1 view .LVU599
 2031 0064 196A     		ldr	r1, [r3, #32]
 2032 0066 40F24442 		movw	r2, #1092
 2033 006a 1142     		tst	r1, r2
 2034 006c 03D1     		bne	.L145
 849:Drivers/STM32F3xx_HAL_Driver/Src/stm32f3xx_hal_tim_ex.c **** 
 2035              		.loc 1 849 5 discriminator 3 view .LVU600
 2036 006e 1A68     		ldr	r2, [r3]
 2037 0070 22F00102 		bic	r2, r2, #1
 2038 0074 1A60     		str	r2, [r3]
 2039              	.L145:
 849:Drivers/STM32F3xx_HAL_Driver/Src/stm32f3xx_hal_tim_ex.c **** 
 2040              		.loc 1 849 5 discriminator 5 view .LVU601
 852:Drivers/STM32F3xx_HAL_Driver/Src/stm32f3xx_hal_tim_ex.c ****   }
 2041              		.loc 1 852 5 view .LVU602
 2042 0076 85B9     		cbnz	r5, .L146
 852:Drivers/STM32F3xx_HAL_Driver/Src/stm32f3xx_hal_tim_ex.c ****   }
 2043              		.loc 1 852 5 is_stmt 0 discriminator 1 view .LVU603
 2044 0078 0123     		movs	r3, #1
 2045 007a 84F84430 		strb	r3, [r4, #68]
 2046 007e 0020     		movs	r0, #0
 2047              	.LVL134:
 2048              	.L141:
ARM GAS  /tmp/ccZqO8pD.s 			page 91


 856:Drivers/STM32F3xx_HAL_Driver/Src/stm32f3xx_hal_tim_ex.c **** }
 2049              		.loc 1 856 3 is_stmt 1 view .LVU604
 857:Drivers/STM32F3xx_HAL_Driver/Src/stm32f3xx_hal_tim_ex.c **** 
 2050              		.loc 1 857 1 is_stmt 0 view .LVU605
 2051 0080 38BD     		pop	{r3, r4, r5, pc}
 2052              	.LVL135:
 2053              	.L139:
 817:Drivers/STM32F3xx_HAL_Driver/Src/stm32f3xx_hal_tim_ex.c ****       break;
 2054              		.loc 1 817 7 is_stmt 1 view .LVU606
 2055 0082 0268     		ldr	r2, [r0]
 2056 0084 D368     		ldr	r3, [r2, #12]
 2057 0086 23F00403 		bic	r3, r3, #4
 2058 008a D360     		str	r3, [r2, #12]
 818:Drivers/STM32F3xx_HAL_Driver/Src/stm32f3xx_hal_tim_ex.c ****     }
 2059              		.loc 1 818 7 view .LVU607
 833:Drivers/STM32F3xx_HAL_Driver/Src/stm32f3xx_hal_tim_ex.c ****   {
 2060              		.loc 1 833 3 view .LVU608
 2061 008c C6E7     		b	.L142
 2062              	.L140:
 824:Drivers/STM32F3xx_HAL_Driver/Src/stm32f3xx_hal_tim_ex.c ****       break;
 2063              		.loc 1 824 7 view .LVU609
 2064 008e 0268     		ldr	r2, [r0]
 2065 0090 D368     		ldr	r3, [r2, #12]
 2066 0092 23F00803 		bic	r3, r3, #8
 2067 0096 D360     		str	r3, [r2, #12]
 825:Drivers/STM32F3xx_HAL_Driver/Src/stm32f3xx_hal_tim_ex.c ****     }
 2068              		.loc 1 825 7 view .LVU610
 833:Drivers/STM32F3xx_HAL_Driver/Src/stm32f3xx_hal_tim_ex.c ****   {
 2069              		.loc 1 833 3 view .LVU611
 2070 0098 C0E7     		b	.L142
 2071              	.LVL136:
 2072              	.L146:
 852:Drivers/STM32F3xx_HAL_Driver/Src/stm32f3xx_hal_tim_ex.c ****   }
 2073              		.loc 1 852 5 is_stmt 0 discriminator 2 view .LVU612
 2074 009a 042D     		cmp	r5, #4
 2075 009c 06D0     		beq	.L151
 852:Drivers/STM32F3xx_HAL_Driver/Src/stm32f3xx_hal_tim_ex.c ****   }
 2076              		.loc 1 852 5 discriminator 4 view .LVU613
 2077 009e 082D     		cmp	r5, #8
 2078 00a0 09D0     		beq	.L152
 852:Drivers/STM32F3xx_HAL_Driver/Src/stm32f3xx_hal_tim_ex.c ****   }
 2079              		.loc 1 852 5 discriminator 7 view .LVU614
 2080 00a2 0123     		movs	r3, #1
 2081 00a4 84F84730 		strb	r3, [r4, #71]
 2082 00a8 0020     		movs	r0, #0
 2083 00aa E9E7     		b	.L141
 2084              	.L151:
 852:Drivers/STM32F3xx_HAL_Driver/Src/stm32f3xx_hal_tim_ex.c ****   }
 2085              		.loc 1 852 5 discriminator 3 view .LVU615
 2086 00ac 0123     		movs	r3, #1
 2087 00ae 84F84530 		strb	r3, [r4, #69]
 2088 00b2 0020     		movs	r0, #0
 2089 00b4 E4E7     		b	.L141
 2090              	.L152:
 852:Drivers/STM32F3xx_HAL_Driver/Src/stm32f3xx_hal_tim_ex.c ****   }
 2091              		.loc 1 852 5 discriminator 6 view .LVU616
 2092 00b6 0123     		movs	r3, #1
ARM GAS  /tmp/ccZqO8pD.s 			page 92


 2093 00b8 84F84630 		strb	r3, [r4, #70]
 2094 00bc 0020     		movs	r0, #0
 2095 00be DFE7     		b	.L141
 2096              	.LVL137:
 2097              	.L149:
 805:Drivers/STM32F3xx_HAL_Driver/Src/stm32f3xx_hal_tim_ex.c ****   {
 2098              		.loc 1 805 3 view .LVU617
 2099 00c0 0120     		movs	r0, #1
 2100              	.LVL138:
 805:Drivers/STM32F3xx_HAL_Driver/Src/stm32f3xx_hal_tim_ex.c ****   {
 2101              		.loc 1 805 3 view .LVU618
 2102 00c2 DDE7     		b	.L141
 2103              		.cfi_endproc
 2104              	.LFE143:
 2106              		.section	.text.HAL_TIMEx_OCN_Start_DMA,"ax",%progbits
 2107              		.align	1
 2108              		.global	HAL_TIMEx_OCN_Start_DMA
 2109              		.syntax unified
 2110              		.thumb
 2111              		.thumb_func
 2113              	HAL_TIMEx_OCN_Start_DMA:
 2114              	.LVL139:
 2115              	.LFB144:
 874:Drivers/STM32F3xx_HAL_Driver/Src/stm32f3xx_hal_tim_ex.c ****   HAL_StatusTypeDef status = HAL_OK;
 2116              		.loc 1 874 1 is_stmt 1 view -0
 2117              		.cfi_startproc
 2118              		@ args = 0, pretend = 0, frame = 0
 2119              		@ frame_needed = 0, uses_anonymous_args = 0
 874:Drivers/STM32F3xx_HAL_Driver/Src/stm32f3xx_hal_tim_ex.c ****   HAL_StatusTypeDef status = HAL_OK;
 2120              		.loc 1 874 1 is_stmt 0 view .LVU620
 2121 0000 70B5     		push	{r4, r5, r6, lr}
 2122              	.LCFI18:
 2123              		.cfi_def_cfa_offset 16
 2124              		.cfi_offset 4, -16
 2125              		.cfi_offset 5, -12
 2126              		.cfi_offset 6, -8
 2127              		.cfi_offset 14, -4
 2128 0002 0446     		mov	r4, r0
 2129 0004 1646     		mov	r6, r2
 875:Drivers/STM32F3xx_HAL_Driver/Src/stm32f3xx_hal_tim_ex.c ****   uint32_t tmpsmcr;
 2130              		.loc 1 875 3 is_stmt 1 view .LVU621
 2131              	.LVL140:
 876:Drivers/STM32F3xx_HAL_Driver/Src/stm32f3xx_hal_tim_ex.c **** 
 2132              		.loc 1 876 3 view .LVU622
 879:Drivers/STM32F3xx_HAL_Driver/Src/stm32f3xx_hal_tim_ex.c **** 
 2133              		.loc 1 879 3 view .LVU623
 882:Drivers/STM32F3xx_HAL_Driver/Src/stm32f3xx_hal_tim_ex.c ****   {
 2134              		.loc 1 882 3 view .LVU624
 882:Drivers/STM32F3xx_HAL_Driver/Src/stm32f3xx_hal_tim_ex.c ****   {
 2135              		.loc 1 882 46 is_stmt 0 view .LVU625
 2136 0006 0D46     		mov	r5, r1
 2137 0008 0029     		cmp	r1, #0
 2138 000a 6AD1     		bne	.L154
 882:Drivers/STM32F3xx_HAL_Driver/Src/stm32f3xx_hal_tim_ex.c ****   {
 2139              		.loc 1 882 7 discriminator 1 view .LVU626
 2140 000c 90F84400 		ldrb	r0, [r0, #68]	@ zero_extendqisi2
 2141              	.LVL141:
ARM GAS  /tmp/ccZqO8pD.s 			page 93


 882:Drivers/STM32F3xx_HAL_Driver/Src/stm32f3xx_hal_tim_ex.c ****   {
 2142              		.loc 1 882 7 discriminator 1 view .LVU627
 2143 0010 C0B2     		uxtb	r0, r0
 882:Drivers/STM32F3xx_HAL_Driver/Src/stm32f3xx_hal_tim_ex.c ****   {
 2144              		.loc 1 882 46 discriminator 1 view .LVU628
 2145 0012 0228     		cmp	r0, #2
 2146 0014 14BF     		ite	ne
 2147 0016 0020     		movne	r0, #0
 2148 0018 0120     		moveq	r0, #1
 2149              	.L155:
 882:Drivers/STM32F3xx_HAL_Driver/Src/stm32f3xx_hal_tim_ex.c ****   {
 2150              		.loc 1 882 6 discriminator 12 view .LVU629
 2151 001a 0028     		cmp	r0, #0
 2152 001c 40F0EA80 		bne	.L172
 886:Drivers/STM32F3xx_HAL_Driver/Src/stm32f3xx_hal_tim_ex.c ****   {
 2153              		.loc 1 886 8 is_stmt 1 view .LVU630
 886:Drivers/STM32F3xx_HAL_Driver/Src/stm32f3xx_hal_tim_ex.c ****   {
 2154              		.loc 1 886 51 is_stmt 0 view .LVU631
 2155 0020 002D     		cmp	r5, #0
 2156 0022 7AD1     		bne	.L159
 886:Drivers/STM32F3xx_HAL_Driver/Src/stm32f3xx_hal_tim_ex.c ****   {
 2157              		.loc 1 886 12 discriminator 1 view .LVU632
 2158 0024 94F84420 		ldrb	r2, [r4, #68]	@ zero_extendqisi2
 2159              	.LVL142:
 886:Drivers/STM32F3xx_HAL_Driver/Src/stm32f3xx_hal_tim_ex.c ****   {
 2160              		.loc 1 886 12 discriminator 1 view .LVU633
 2161 0028 D2B2     		uxtb	r2, r2
 886:Drivers/STM32F3xx_HAL_Driver/Src/stm32f3xx_hal_tim_ex.c ****   {
 2162              		.loc 1 886 51 discriminator 1 view .LVU634
 2163 002a 012A     		cmp	r2, #1
 2164 002c 14BF     		ite	ne
 2165 002e 0022     		movne	r2, #0
 2166 0030 0122     		moveq	r2, #1
 2167              	.L160:
 886:Drivers/STM32F3xx_HAL_Driver/Src/stm32f3xx_hal_tim_ex.c ****   {
 2168              		.loc 1 886 11 discriminator 12 view .LVU635
 2169 0032 002A     		cmp	r2, #0
 2170 0034 00F0E080 		beq	.L173
 888:Drivers/STM32F3xx_HAL_Driver/Src/stm32f3xx_hal_tim_ex.c ****     {
 2171              		.loc 1 888 5 is_stmt 1 view .LVU636
 888:Drivers/STM32F3xx_HAL_Driver/Src/stm32f3xx_hal_tim_ex.c ****     {
 2172              		.loc 1 888 8 is_stmt 0 view .LVU637
 2173 0038 002E     		cmp	r6, #0
 2174 003a 00F0DF80 		beq	.L174
 888:Drivers/STM32F3xx_HAL_Driver/Src/stm32f3xx_hal_tim_ex.c ****     {
 2175              		.loc 1 888 25 discriminator 1 view .LVU638
 2176 003e 002B     		cmp	r3, #0
 2177 0040 00F0DE80 		beq	.L175
 894:Drivers/STM32F3xx_HAL_Driver/Src/stm32f3xx_hal_tim_ex.c ****     }
 2178              		.loc 1 894 7 is_stmt 1 view .LVU639
 2179 0044 002D     		cmp	r5, #0
 2180 0046 40F08480 		bne	.L163
 894:Drivers/STM32F3xx_HAL_Driver/Src/stm32f3xx_hal_tim_ex.c ****     }
 2181              		.loc 1 894 7 is_stmt 0 discriminator 1 view .LVU640
 2182 004a 0222     		movs	r2, #2
 2183 004c 84F84420 		strb	r2, [r4, #68]
 902:Drivers/STM32F3xx_HAL_Driver/Src/stm32f3xx_hal_tim_ex.c ****   {
ARM GAS  /tmp/ccZqO8pD.s 			page 94


 2184              		.loc 1 902 3 is_stmt 1 view .LVU641
 2185              	.L164:
 907:Drivers/STM32F3xx_HAL_Driver/Src/stm32f3xx_hal_tim_ex.c ****       htim->hdma[TIM_DMA_ID_CC1]->XferHalfCpltCallback = TIM_DMADelayPulseHalfCplt;
 2186              		.loc 1 907 7 view .LVU642
 907:Drivers/STM32F3xx_HAL_Driver/Src/stm32f3xx_hal_tim_ex.c ****       htim->hdma[TIM_DMA_ID_CC1]->XferHalfCpltCallback = TIM_DMADelayPulseHalfCplt;
 2187              		.loc 1 907 17 is_stmt 0 view .LVU643
 2188 0050 626A     		ldr	r2, [r4, #36]
 907:Drivers/STM32F3xx_HAL_Driver/Src/stm32f3xx_hal_tim_ex.c ****       htim->hdma[TIM_DMA_ID_CC1]->XferHalfCpltCallback = TIM_DMADelayPulseHalfCplt;
 2189              		.loc 1 907 52 view .LVU644
 2190 0052 7149     		ldr	r1, .L189
 2191              	.LVL143:
 907:Drivers/STM32F3xx_HAL_Driver/Src/stm32f3xx_hal_tim_ex.c ****       htim->hdma[TIM_DMA_ID_CC1]->XferHalfCpltCallback = TIM_DMADelayPulseHalfCplt;
 2192              		.loc 1 907 52 view .LVU645
 2193 0054 9162     		str	r1, [r2, #40]
 908:Drivers/STM32F3xx_HAL_Driver/Src/stm32f3xx_hal_tim_ex.c **** 
 2194              		.loc 1 908 7 is_stmt 1 view .LVU646
 908:Drivers/STM32F3xx_HAL_Driver/Src/stm32f3xx_hal_tim_ex.c **** 
 2195              		.loc 1 908 17 is_stmt 0 view .LVU647
 2196 0056 626A     		ldr	r2, [r4, #36]
 908:Drivers/STM32F3xx_HAL_Driver/Src/stm32f3xx_hal_tim_ex.c **** 
 2197              		.loc 1 908 56 view .LVU648
 2198 0058 7049     		ldr	r1, .L189+4
 2199 005a D162     		str	r1, [r2, #44]
 911:Drivers/STM32F3xx_HAL_Driver/Src/stm32f3xx_hal_tim_ex.c **** 
 2200              		.loc 1 911 7 is_stmt 1 view .LVU649
 911:Drivers/STM32F3xx_HAL_Driver/Src/stm32f3xx_hal_tim_ex.c **** 
 2201              		.loc 1 911 17 is_stmt 0 view .LVU650
 2202 005c 626A     		ldr	r2, [r4, #36]
 911:Drivers/STM32F3xx_HAL_Driver/Src/stm32f3xx_hal_tim_ex.c **** 
 2203              		.loc 1 911 53 view .LVU651
 2204 005e 7049     		ldr	r1, .L189+8
 2205 0060 1163     		str	r1, [r2, #48]
 914:Drivers/STM32F3xx_HAL_Driver/Src/stm32f3xx_hal_tim_ex.c ****                            Length) != HAL_OK)
 2206              		.loc 1 914 7 is_stmt 1 view .LVU652
 914:Drivers/STM32F3xx_HAL_Driver/Src/stm32f3xx_hal_tim_ex.c ****                            Length) != HAL_OK)
 2207              		.loc 1 914 88 is_stmt 0 view .LVU653
 2208 0062 2268     		ldr	r2, [r4]
 914:Drivers/STM32F3xx_HAL_Driver/Src/stm32f3xx_hal_tim_ex.c ****                            Length) != HAL_OK)
 2209              		.loc 1 914 11 view .LVU654
 2210 0064 3432     		adds	r2, r2, #52
 2211 0066 3146     		mov	r1, r6
 2212 0068 606A     		ldr	r0, [r4, #36]
 2213 006a FFF7FEFF 		bl	HAL_DMA_Start_IT
 2214              	.LVL144:
 914:Drivers/STM32F3xx_HAL_Driver/Src/stm32f3xx_hal_tim_ex.c ****                            Length) != HAL_OK)
 2215              		.loc 1 914 10 discriminator 1 view .LVU655
 2216 006e 0028     		cmp	r0, #0
 2217 0070 40F0C880 		bne	.L177
 921:Drivers/STM32F3xx_HAL_Driver/Src/stm32f3xx_hal_tim_ex.c ****       break;
 2218              		.loc 1 921 7 is_stmt 1 view .LVU656
 2219 0074 2268     		ldr	r2, [r4]
 2220 0076 D368     		ldr	r3, [r2, #12]
 2221 0078 43F40073 		orr	r3, r3, #512
 2222 007c D360     		str	r3, [r2, #12]
 922:Drivers/STM32F3xx_HAL_Driver/Src/stm32f3xx_hal_tim_ex.c ****     }
 2223              		.loc 1 922 7 view .LVU657
 972:Drivers/STM32F3xx_HAL_Driver/Src/stm32f3xx_hal_tim_ex.c ****   {
ARM GAS  /tmp/ccZqO8pD.s 			page 95


 2224              		.loc 1 972 3 view .LVU658
 2225              	.L169:
 975:Drivers/STM32F3xx_HAL_Driver/Src/stm32f3xx_hal_tim_ex.c **** 
 2226              		.loc 1 975 5 view .LVU659
 2227 007e 0422     		movs	r2, #4
 2228 0080 2946     		mov	r1, r5
 2229 0082 2068     		ldr	r0, [r4]
 2230 0084 FFF7FEFF 		bl	TIM_CCxNChannelCmd
 2231              	.LVL145:
 978:Drivers/STM32F3xx_HAL_Driver/Src/stm32f3xx_hal_tim_ex.c **** 
 2232              		.loc 1 978 5 view .LVU660
 2233 0088 2268     		ldr	r2, [r4]
 2234 008a 536C     		ldr	r3, [r2, #68]
 2235 008c 43F40043 		orr	r3, r3, #32768
 2236 0090 5364     		str	r3, [r2, #68]
 981:Drivers/STM32F3xx_HAL_Driver/Src/stm32f3xx_hal_tim_ex.c ****     {
 2237              		.loc 1 981 5 view .LVU661
 981:Drivers/STM32F3xx_HAL_Driver/Src/stm32f3xx_hal_tim_ex.c ****     {
 2238              		.loc 1 981 9 is_stmt 0 view .LVU662
 2239 0092 2368     		ldr	r3, [r4]
 981:Drivers/STM32F3xx_HAL_Driver/Src/stm32f3xx_hal_tim_ex.c ****     {
 2240              		.loc 1 981 8 view .LVU663
 2241 0094 634A     		ldr	r2, .L189+12
 2242 0096 9342     		cmp	r3, r2
 2243 0098 00F09E80 		beq	.L170
 981:Drivers/STM32F3xx_HAL_Driver/Src/stm32f3xx_hal_tim_ex.c ****     {
 2244              		.loc 1 981 9 discriminator 1 view .LVU664
 2245 009c B3F1804F 		cmp	r3, #1073741824
 2246 00a0 00F09A80 		beq	.L170
 981:Drivers/STM32F3xx_HAL_Driver/Src/stm32f3xx_hal_tim_ex.c ****     {
 2247              		.loc 1 981 9 discriminator 2 view .LVU665
 2248 00a4 A2F59432 		sub	r2, r2, #75776
 2249 00a8 9342     		cmp	r3, r2
 2250 00aa 00F09580 		beq	.L170
 981:Drivers/STM32F3xx_HAL_Driver/Src/stm32f3xx_hal_tim_ex.c ****     {
 2251              		.loc 1 981 9 discriminator 3 view .LVU666
 2252 00ae 02F58062 		add	r2, r2, #1024
 2253 00b2 9342     		cmp	r3, r2
 2254 00b4 00F09080 		beq	.L170
 981:Drivers/STM32F3xx_HAL_Driver/Src/stm32f3xx_hal_tim_ex.c ****     {
 2255              		.loc 1 981 9 discriminator 4 view .LVU667
 2256 00b8 02F59632 		add	r2, r2, #76800
 2257 00bc 9342     		cmp	r3, r2
 2258 00be 00F08B80 		beq	.L170
 981:Drivers/STM32F3xx_HAL_Driver/Src/stm32f3xx_hal_tim_ex.c ****     {
 2259              		.loc 1 981 9 discriminator 5 view .LVU668
 2260 00c2 02F54062 		add	r2, r2, #3072
 2261 00c6 9342     		cmp	r3, r2
 2262 00c8 00F08680 		beq	.L170
 981:Drivers/STM32F3xx_HAL_Driver/Src/stm32f3xx_hal_tim_ex.c ****     {
 2263              		.loc 1 981 9 discriminator 6 view .LVU669
 2264 00cc 02F58052 		add	r2, r2, #4096
 2265 00d0 9342     		cmp	r3, r2
 2266 00d2 00F08180 		beq	.L170
 991:Drivers/STM32F3xx_HAL_Driver/Src/stm32f3xx_hal_tim_ex.c ****     }
 2267              		.loc 1 991 7 is_stmt 1 view .LVU670
 2268 00d6 1A68     		ldr	r2, [r3]
ARM GAS  /tmp/ccZqO8pD.s 			page 96


 2269 00d8 42F00102 		orr	r2, r2, #1
 2270 00dc 1A60     		str	r2, [r3]
 2271 00de 0020     		movs	r0, #0
 2272 00e0 8BE0     		b	.L158
 2273              	.LVL146:
 2274              	.L154:
 882:Drivers/STM32F3xx_HAL_Driver/Src/stm32f3xx_hal_tim_ex.c ****   {
 2275              		.loc 1 882 46 is_stmt 0 discriminator 2 view .LVU671
 2276 00e2 0429     		cmp	r1, #4
 2277 00e4 09D0     		beq	.L183
 882:Drivers/STM32F3xx_HAL_Driver/Src/stm32f3xx_hal_tim_ex.c ****   {
 2278              		.loc 1 882 46 discriminator 5 view .LVU672
 2279 00e6 0829     		cmp	r1, #8
 2280 00e8 0FD0     		beq	.L184
 882:Drivers/STM32F3xx_HAL_Driver/Src/stm32f3xx_hal_tim_ex.c ****   {
 2281              		.loc 1 882 7 discriminator 8 view .LVU673
 2282 00ea 90F84700 		ldrb	r0, [r0, #71]	@ zero_extendqisi2
 2283              	.LVL147:
 882:Drivers/STM32F3xx_HAL_Driver/Src/stm32f3xx_hal_tim_ex.c ****   {
 2284              		.loc 1 882 7 discriminator 8 view .LVU674
 2285 00ee C0B2     		uxtb	r0, r0
 882:Drivers/STM32F3xx_HAL_Driver/Src/stm32f3xx_hal_tim_ex.c ****   {
 2286              		.loc 1 882 46 discriminator 8 view .LVU675
 2287 00f0 0228     		cmp	r0, #2
 2288 00f2 14BF     		ite	ne
 2289 00f4 0020     		movne	r0, #0
 2290 00f6 0120     		moveq	r0, #1
 2291 00f8 8FE7     		b	.L155
 2292              	.LVL148:
 2293              	.L183:
 882:Drivers/STM32F3xx_HAL_Driver/Src/stm32f3xx_hal_tim_ex.c ****   {
 2294              		.loc 1 882 7 discriminator 4 view .LVU676
 2295 00fa 90F84500 		ldrb	r0, [r0, #69]	@ zero_extendqisi2
 2296              	.LVL149:
 882:Drivers/STM32F3xx_HAL_Driver/Src/stm32f3xx_hal_tim_ex.c ****   {
 2297              		.loc 1 882 7 discriminator 4 view .LVU677
 2298 00fe C0B2     		uxtb	r0, r0
 882:Drivers/STM32F3xx_HAL_Driver/Src/stm32f3xx_hal_tim_ex.c ****   {
 2299              		.loc 1 882 46 discriminator 4 view .LVU678
 2300 0100 0228     		cmp	r0, #2
 2301 0102 14BF     		ite	ne
 2302 0104 0020     		movne	r0, #0
 2303 0106 0120     		moveq	r0, #1
 2304 0108 87E7     		b	.L155
 2305              	.LVL150:
 2306              	.L184:
 882:Drivers/STM32F3xx_HAL_Driver/Src/stm32f3xx_hal_tim_ex.c ****   {
 2307              		.loc 1 882 7 discriminator 7 view .LVU679
 2308 010a 90F84600 		ldrb	r0, [r0, #70]	@ zero_extendqisi2
 2309              	.LVL151:
 882:Drivers/STM32F3xx_HAL_Driver/Src/stm32f3xx_hal_tim_ex.c ****   {
 2310              		.loc 1 882 7 discriminator 7 view .LVU680
 2311 010e C0B2     		uxtb	r0, r0
 882:Drivers/STM32F3xx_HAL_Driver/Src/stm32f3xx_hal_tim_ex.c ****   {
 2312              		.loc 1 882 46 discriminator 7 view .LVU681
 2313 0110 0228     		cmp	r0, #2
 2314 0112 14BF     		ite	ne
ARM GAS  /tmp/ccZqO8pD.s 			page 97


 2315 0114 0020     		movne	r0, #0
 2316 0116 0120     		moveq	r0, #1
 2317 0118 7FE7     		b	.L155
 2318              	.L159:
 886:Drivers/STM32F3xx_HAL_Driver/Src/stm32f3xx_hal_tim_ex.c ****   {
 2319              		.loc 1 886 51 discriminator 2 view .LVU682
 2320 011a 042D     		cmp	r5, #4
 2321 011c 09D0     		beq	.L185
 886:Drivers/STM32F3xx_HAL_Driver/Src/stm32f3xx_hal_tim_ex.c ****   {
 2322              		.loc 1 886 51 discriminator 5 view .LVU683
 2323 011e 082D     		cmp	r5, #8
 2324 0120 0FD0     		beq	.L186
 886:Drivers/STM32F3xx_HAL_Driver/Src/stm32f3xx_hal_tim_ex.c ****   {
 2325              		.loc 1 886 12 discriminator 8 view .LVU684
 2326 0122 94F84720 		ldrb	r2, [r4, #71]	@ zero_extendqisi2
 2327              	.LVL152:
 886:Drivers/STM32F3xx_HAL_Driver/Src/stm32f3xx_hal_tim_ex.c ****   {
 2328              		.loc 1 886 12 discriminator 8 view .LVU685
 2329 0126 D2B2     		uxtb	r2, r2
 886:Drivers/STM32F3xx_HAL_Driver/Src/stm32f3xx_hal_tim_ex.c ****   {
 2330              		.loc 1 886 51 discriminator 8 view .LVU686
 2331 0128 012A     		cmp	r2, #1
 2332 012a 14BF     		ite	ne
 2333 012c 0022     		movne	r2, #0
 2334 012e 0122     		moveq	r2, #1
 2335 0130 7FE7     		b	.L160
 2336              	.LVL153:
 2337              	.L185:
 886:Drivers/STM32F3xx_HAL_Driver/Src/stm32f3xx_hal_tim_ex.c ****   {
 2338              		.loc 1 886 12 discriminator 4 view .LVU687
 2339 0132 94F84520 		ldrb	r2, [r4, #69]	@ zero_extendqisi2
 2340              	.LVL154:
 886:Drivers/STM32F3xx_HAL_Driver/Src/stm32f3xx_hal_tim_ex.c ****   {
 2341              		.loc 1 886 12 discriminator 4 view .LVU688
 2342 0136 D2B2     		uxtb	r2, r2
 886:Drivers/STM32F3xx_HAL_Driver/Src/stm32f3xx_hal_tim_ex.c ****   {
 2343              		.loc 1 886 51 discriminator 4 view .LVU689
 2344 0138 012A     		cmp	r2, #1
 2345 013a 14BF     		ite	ne
 2346 013c 0022     		movne	r2, #0
 2347 013e 0122     		moveq	r2, #1
 2348 0140 77E7     		b	.L160
 2349              	.LVL155:
 2350              	.L186:
 886:Drivers/STM32F3xx_HAL_Driver/Src/stm32f3xx_hal_tim_ex.c ****   {
 2351              		.loc 1 886 12 discriminator 7 view .LVU690
 2352 0142 94F84620 		ldrb	r2, [r4, #70]	@ zero_extendqisi2
 2353              	.LVL156:
 886:Drivers/STM32F3xx_HAL_Driver/Src/stm32f3xx_hal_tim_ex.c ****   {
 2354              		.loc 1 886 12 discriminator 7 view .LVU691
 2355 0146 D2B2     		uxtb	r2, r2
 886:Drivers/STM32F3xx_HAL_Driver/Src/stm32f3xx_hal_tim_ex.c ****   {
 2356              		.loc 1 886 51 discriminator 7 view .LVU692
 2357 0148 012A     		cmp	r2, #1
 2358 014a 14BF     		ite	ne
 2359 014c 0022     		movne	r2, #0
 2360 014e 0122     		moveq	r2, #1
ARM GAS  /tmp/ccZqO8pD.s 			page 98


 2361 0150 6FE7     		b	.L160
 2362              	.L163:
 894:Drivers/STM32F3xx_HAL_Driver/Src/stm32f3xx_hal_tim_ex.c ****     }
 2363              		.loc 1 894 7 discriminator 2 view .LVU693
 2364 0152 042D     		cmp	r5, #4
 2365 0154 0DD0     		beq	.L187
 894:Drivers/STM32F3xx_HAL_Driver/Src/stm32f3xx_hal_tim_ex.c ****     }
 2366              		.loc 1 894 7 discriminator 4 view .LVU694
 2367 0156 082D     		cmp	r5, #8
 2368 0158 25D0     		beq	.L188
 894:Drivers/STM32F3xx_HAL_Driver/Src/stm32f3xx_hal_tim_ex.c ****     }
 2369              		.loc 1 894 7 discriminator 7 view .LVU695
 2370 015a 0222     		movs	r2, #2
 2371 015c 84F84720 		strb	r2, [r4, #71]
 902:Drivers/STM32F3xx_HAL_Driver/Src/stm32f3xx_hal_tim_ex.c ****   {
 2372              		.loc 1 902 3 is_stmt 1 view .LVU696
 2373 0160 042D     		cmp	r5, #4
 2374 0162 09D0     		beq	.L166
 2375 0164 082D     		cmp	r5, #8
 2376 0166 21D0     		beq	.L168
 2377 0168 002D     		cmp	r5, #0
 2378 016a 3FF471AF 		beq	.L164
 2379 016e 0120     		movs	r0, #1
 2380 0170 43E0     		b	.L158
 2381              	.L187:
 894:Drivers/STM32F3xx_HAL_Driver/Src/stm32f3xx_hal_tim_ex.c ****     }
 2382              		.loc 1 894 7 is_stmt 0 discriminator 3 view .LVU697
 2383 0172 0222     		movs	r2, #2
 2384 0174 84F84520 		strb	r2, [r4, #69]
 902:Drivers/STM32F3xx_HAL_Driver/Src/stm32f3xx_hal_tim_ex.c ****   {
 2385              		.loc 1 902 3 is_stmt 1 view .LVU698
 2386              	.L166:
 928:Drivers/STM32F3xx_HAL_Driver/Src/stm32f3xx_hal_tim_ex.c ****       htim->hdma[TIM_DMA_ID_CC2]->XferHalfCpltCallback = TIM_DMADelayPulseHalfCplt;
 2387              		.loc 1 928 7 view .LVU699
 928:Drivers/STM32F3xx_HAL_Driver/Src/stm32f3xx_hal_tim_ex.c ****       htim->hdma[TIM_DMA_ID_CC2]->XferHalfCpltCallback = TIM_DMADelayPulseHalfCplt;
 2388              		.loc 1 928 17 is_stmt 0 view .LVU700
 2389 0178 A26A     		ldr	r2, [r4, #40]
 928:Drivers/STM32F3xx_HAL_Driver/Src/stm32f3xx_hal_tim_ex.c ****       htim->hdma[TIM_DMA_ID_CC2]->XferHalfCpltCallback = TIM_DMADelayPulseHalfCplt;
 2390              		.loc 1 928 52 view .LVU701
 2391 017a 2749     		ldr	r1, .L189
 2392              	.LVL157:
 928:Drivers/STM32F3xx_HAL_Driver/Src/stm32f3xx_hal_tim_ex.c ****       htim->hdma[TIM_DMA_ID_CC2]->XferHalfCpltCallback = TIM_DMADelayPulseHalfCplt;
 2393              		.loc 1 928 52 view .LVU702
 2394 017c 9162     		str	r1, [r2, #40]
 929:Drivers/STM32F3xx_HAL_Driver/Src/stm32f3xx_hal_tim_ex.c **** 
 2395              		.loc 1 929 7 is_stmt 1 view .LVU703
 929:Drivers/STM32F3xx_HAL_Driver/Src/stm32f3xx_hal_tim_ex.c **** 
 2396              		.loc 1 929 17 is_stmt 0 view .LVU704
 2397 017e A26A     		ldr	r2, [r4, #40]
 929:Drivers/STM32F3xx_HAL_Driver/Src/stm32f3xx_hal_tim_ex.c **** 
 2398              		.loc 1 929 56 view .LVU705
 2399 0180 2649     		ldr	r1, .L189+4
 2400 0182 D162     		str	r1, [r2, #44]
 932:Drivers/STM32F3xx_HAL_Driver/Src/stm32f3xx_hal_tim_ex.c **** 
 2401              		.loc 1 932 7 is_stmt 1 view .LVU706
 932:Drivers/STM32F3xx_HAL_Driver/Src/stm32f3xx_hal_tim_ex.c **** 
 2402              		.loc 1 932 17 is_stmt 0 view .LVU707
ARM GAS  /tmp/ccZqO8pD.s 			page 99


 2403 0184 A26A     		ldr	r2, [r4, #40]
 932:Drivers/STM32F3xx_HAL_Driver/Src/stm32f3xx_hal_tim_ex.c **** 
 2404              		.loc 1 932 53 view .LVU708
 2405 0186 2649     		ldr	r1, .L189+8
 2406 0188 1163     		str	r1, [r2, #48]
 935:Drivers/STM32F3xx_HAL_Driver/Src/stm32f3xx_hal_tim_ex.c ****                            Length) != HAL_OK)
 2407              		.loc 1 935 7 is_stmt 1 view .LVU709
 935:Drivers/STM32F3xx_HAL_Driver/Src/stm32f3xx_hal_tim_ex.c ****                            Length) != HAL_OK)
 2408              		.loc 1 935 88 is_stmt 0 view .LVU710
 2409 018a 2268     		ldr	r2, [r4]
 935:Drivers/STM32F3xx_HAL_Driver/Src/stm32f3xx_hal_tim_ex.c ****                            Length) != HAL_OK)
 2410              		.loc 1 935 11 view .LVU711
 2411 018c 3832     		adds	r2, r2, #56
 2412 018e 3146     		mov	r1, r6
 2413 0190 A06A     		ldr	r0, [r4, #40]
 2414 0192 FFF7FEFF 		bl	HAL_DMA_Start_IT
 2415              	.LVL158:
 935:Drivers/STM32F3xx_HAL_Driver/Src/stm32f3xx_hal_tim_ex.c ****                            Length) != HAL_OK)
 2416              		.loc 1 935 10 discriminator 1 view .LVU712
 2417 0196 0028     		cmp	r0, #0
 2418 0198 36D1     		bne	.L178
 942:Drivers/STM32F3xx_HAL_Driver/Src/stm32f3xx_hal_tim_ex.c ****       break;
 2419              		.loc 1 942 7 is_stmt 1 view .LVU713
 2420 019a 2268     		ldr	r2, [r4]
 2421 019c D368     		ldr	r3, [r2, #12]
 2422 019e 43F48063 		orr	r3, r3, #1024
 2423 01a2 D360     		str	r3, [r2, #12]
 943:Drivers/STM32F3xx_HAL_Driver/Src/stm32f3xx_hal_tim_ex.c ****     }
 2424              		.loc 1 943 7 view .LVU714
 972:Drivers/STM32F3xx_HAL_Driver/Src/stm32f3xx_hal_tim_ex.c ****   {
 2425              		.loc 1 972 3 view .LVU715
 2426 01a4 6BE7     		b	.L169
 2427              	.LVL159:
 2428              	.L188:
 894:Drivers/STM32F3xx_HAL_Driver/Src/stm32f3xx_hal_tim_ex.c ****     }
 2429              		.loc 1 894 7 is_stmt 0 discriminator 6 view .LVU716
 2430 01a6 0222     		movs	r2, #2
 2431 01a8 84F84620 		strb	r2, [r4, #70]
 902:Drivers/STM32F3xx_HAL_Driver/Src/stm32f3xx_hal_tim_ex.c ****   {
 2432              		.loc 1 902 3 is_stmt 1 view .LVU717
 2433              	.L168:
 949:Drivers/STM32F3xx_HAL_Driver/Src/stm32f3xx_hal_tim_ex.c ****       htim->hdma[TIM_DMA_ID_CC3]->XferHalfCpltCallback = TIM_DMADelayPulseHalfCplt;
 2434              		.loc 1 949 7 view .LVU718
 949:Drivers/STM32F3xx_HAL_Driver/Src/stm32f3xx_hal_tim_ex.c ****       htim->hdma[TIM_DMA_ID_CC3]->XferHalfCpltCallback = TIM_DMADelayPulseHalfCplt;
 2435              		.loc 1 949 17 is_stmt 0 view .LVU719
 2436 01ac E26A     		ldr	r2, [r4, #44]
 949:Drivers/STM32F3xx_HAL_Driver/Src/stm32f3xx_hal_tim_ex.c ****       htim->hdma[TIM_DMA_ID_CC3]->XferHalfCpltCallback = TIM_DMADelayPulseHalfCplt;
 2437              		.loc 1 949 52 view .LVU720
 2438 01ae 1A49     		ldr	r1, .L189
 2439              	.LVL160:
 949:Drivers/STM32F3xx_HAL_Driver/Src/stm32f3xx_hal_tim_ex.c ****       htim->hdma[TIM_DMA_ID_CC3]->XferHalfCpltCallback = TIM_DMADelayPulseHalfCplt;
 2440              		.loc 1 949 52 view .LVU721
 2441 01b0 9162     		str	r1, [r2, #40]
 950:Drivers/STM32F3xx_HAL_Driver/Src/stm32f3xx_hal_tim_ex.c **** 
 2442              		.loc 1 950 7 is_stmt 1 view .LVU722
 950:Drivers/STM32F3xx_HAL_Driver/Src/stm32f3xx_hal_tim_ex.c **** 
 2443              		.loc 1 950 17 is_stmt 0 view .LVU723
ARM GAS  /tmp/ccZqO8pD.s 			page 100


 2444 01b2 E26A     		ldr	r2, [r4, #44]
 950:Drivers/STM32F3xx_HAL_Driver/Src/stm32f3xx_hal_tim_ex.c **** 
 2445              		.loc 1 950 56 view .LVU724
 2446 01b4 1949     		ldr	r1, .L189+4
 2447 01b6 D162     		str	r1, [r2, #44]
 953:Drivers/STM32F3xx_HAL_Driver/Src/stm32f3xx_hal_tim_ex.c **** 
 2448              		.loc 1 953 7 is_stmt 1 view .LVU725
 953:Drivers/STM32F3xx_HAL_Driver/Src/stm32f3xx_hal_tim_ex.c **** 
 2449              		.loc 1 953 17 is_stmt 0 view .LVU726
 2450 01b8 E26A     		ldr	r2, [r4, #44]
 953:Drivers/STM32F3xx_HAL_Driver/Src/stm32f3xx_hal_tim_ex.c **** 
 2451              		.loc 1 953 53 view .LVU727
 2452 01ba 1949     		ldr	r1, .L189+8
 2453 01bc 1163     		str	r1, [r2, #48]
 956:Drivers/STM32F3xx_HAL_Driver/Src/stm32f3xx_hal_tim_ex.c ****                            Length) != HAL_OK)
 2454              		.loc 1 956 7 is_stmt 1 view .LVU728
 956:Drivers/STM32F3xx_HAL_Driver/Src/stm32f3xx_hal_tim_ex.c ****                            Length) != HAL_OK)
 2455              		.loc 1 956 88 is_stmt 0 view .LVU729
 2456 01be 2268     		ldr	r2, [r4]
 956:Drivers/STM32F3xx_HAL_Driver/Src/stm32f3xx_hal_tim_ex.c ****                            Length) != HAL_OK)
 2457              		.loc 1 956 11 view .LVU730
 2458 01c0 3C32     		adds	r2, r2, #60
 2459 01c2 3146     		mov	r1, r6
 2460 01c4 E06A     		ldr	r0, [r4, #44]
 2461 01c6 FFF7FEFF 		bl	HAL_DMA_Start_IT
 2462              	.LVL161:
 956:Drivers/STM32F3xx_HAL_Driver/Src/stm32f3xx_hal_tim_ex.c ****                            Length) != HAL_OK)
 2463              		.loc 1 956 10 discriminator 1 view .LVU731
 2464 01ca F8B9     		cbnz	r0, .L179
 963:Drivers/STM32F3xx_HAL_Driver/Src/stm32f3xx_hal_tim_ex.c ****       break;
 2465              		.loc 1 963 7 is_stmt 1 view .LVU732
 2466 01cc 2268     		ldr	r2, [r4]
 2467 01ce D368     		ldr	r3, [r2, #12]
 2468 01d0 43F40063 		orr	r3, r3, #2048
 2469 01d4 D360     		str	r3, [r2, #12]
 964:Drivers/STM32F3xx_HAL_Driver/Src/stm32f3xx_hal_tim_ex.c ****     }
 2470              		.loc 1 964 7 view .LVU733
 972:Drivers/STM32F3xx_HAL_Driver/Src/stm32f3xx_hal_tim_ex.c ****   {
 2471              		.loc 1 972 3 view .LVU734
 2472 01d6 52E7     		b	.L169
 2473              	.L170:
 983:Drivers/STM32F3xx_HAL_Driver/Src/stm32f3xx_hal_tim_ex.c ****       if (!IS_TIM_SLAVEMODE_TRIGGER_ENABLED(tmpsmcr))
 2474              		.loc 1 983 7 view .LVU735
 983:Drivers/STM32F3xx_HAL_Driver/Src/stm32f3xx_hal_tim_ex.c ****       if (!IS_TIM_SLAVEMODE_TRIGGER_ENABLED(tmpsmcr))
 2475              		.loc 1 983 31 is_stmt 0 view .LVU736
 2476 01d8 9968     		ldr	r1, [r3, #8]
 983:Drivers/STM32F3xx_HAL_Driver/Src/stm32f3xx_hal_tim_ex.c ****       if (!IS_TIM_SLAVEMODE_TRIGGER_ENABLED(tmpsmcr))
 2477              		.loc 1 983 15 view .LVU737
 2478 01da 134A     		ldr	r2, .L189+16
 2479 01dc 0A40     		ands	r2, r2, r1
 2480              	.LVL162:
 984:Drivers/STM32F3xx_HAL_Driver/Src/stm32f3xx_hal_tim_ex.c ****       {
 2481              		.loc 1 984 7 is_stmt 1 view .LVU738
 984:Drivers/STM32F3xx_HAL_Driver/Src/stm32f3xx_hal_tim_ex.c ****       {
 2482              		.loc 1 984 10 is_stmt 0 view .LVU739
 2483 01de 062A     		cmp	r2, #6
 2484 01e0 16D0     		beq	.L180
ARM GAS  /tmp/ccZqO8pD.s 			page 101


 984:Drivers/STM32F3xx_HAL_Driver/Src/stm32f3xx_hal_tim_ex.c ****       {
 2485              		.loc 1 984 11 discriminator 1 view .LVU740
 2486 01e2 B2F5803F 		cmp	r2, #65536
 2487 01e6 15D0     		beq	.L181
 986:Drivers/STM32F3xx_HAL_Driver/Src/stm32f3xx_hal_tim_ex.c ****       }
 2488              		.loc 1 986 9 is_stmt 1 view .LVU741
 2489 01e8 1A68     		ldr	r2, [r3]
 2490              	.LVL163:
 986:Drivers/STM32F3xx_HAL_Driver/Src/stm32f3xx_hal_tim_ex.c ****       }
 2491              		.loc 1 986 9 is_stmt 0 view .LVU742
 2492 01ea 42F00102 		orr	r2, r2, #1
 2493 01ee 1A60     		str	r2, [r3]
 2494 01f0 0020     		movs	r0, #0
 2495 01f2 02E0     		b	.L158
 2496              	.LVL164:
 2497              	.L172:
 884:Drivers/STM32F3xx_HAL_Driver/Src/stm32f3xx_hal_tim_ex.c ****   }
 2498              		.loc 1 884 12 view .LVU743
 2499 01f4 0220     		movs	r0, #2
 2500 01f6 00E0     		b	.L158
 2501              	.LVL165:
 2502              	.L173:
 899:Drivers/STM32F3xx_HAL_Driver/Src/stm32f3xx_hal_tim_ex.c ****   }
 2503              		.loc 1 899 12 view .LVU744
 2504 01f8 0120     		movs	r0, #1
 2505              	.LVL166:
 2506              	.L158:
 997:Drivers/STM32F3xx_HAL_Driver/Src/stm32f3xx_hal_tim_ex.c **** 
 2507              		.loc 1 997 1 view .LVU745
 2508 01fa 70BD     		pop	{r4, r5, r6, pc}
 2509              	.LVL167:
 2510              	.L174:
 890:Drivers/STM32F3xx_HAL_Driver/Src/stm32f3xx_hal_tim_ex.c ****     }
 2511              		.loc 1 890 14 view .LVU746
 2512 01fc 0120     		movs	r0, #1
 2513 01fe FCE7     		b	.L158
 2514              	.L175:
 2515 0200 0120     		movs	r0, #1
 2516 0202 FAE7     		b	.L158
 2517              	.LVL168:
 2518              	.L177:
 918:Drivers/STM32F3xx_HAL_Driver/Src/stm32f3xx_hal_tim_ex.c ****       }
 2519              		.loc 1 918 16 view .LVU747
 2520 0204 0120     		movs	r0, #1
 2521 0206 F8E7     		b	.L158
 2522              	.L178:
 939:Drivers/STM32F3xx_HAL_Driver/Src/stm32f3xx_hal_tim_ex.c ****       }
 2523              		.loc 1 939 16 view .LVU748
 2524 0208 0120     		movs	r0, #1
 2525 020a F6E7     		b	.L158
 2526              	.L179:
 960:Drivers/STM32F3xx_HAL_Driver/Src/stm32f3xx_hal_tim_ex.c ****       }
 2527              		.loc 1 960 16 view .LVU749
 2528 020c 0120     		movs	r0, #1
 2529 020e F4E7     		b	.L158
 2530              	.LVL169:
 2531              	.L180:
ARM GAS  /tmp/ccZqO8pD.s 			page 102


 960:Drivers/STM32F3xx_HAL_Driver/Src/stm32f3xx_hal_tim_ex.c ****       }
 2532              		.loc 1 960 16 view .LVU750
 2533 0210 0020     		movs	r0, #0
 2534 0212 F2E7     		b	.L158
 2535              	.L181:
 2536 0214 0020     		movs	r0, #0
 2537 0216 F0E7     		b	.L158
 2538              	.L190:
 2539              		.align	2
 2540              	.L189:
 2541 0218 00000000 		.word	TIM_DMADelayPulseNCplt
 2542 021c 00000000 		.word	TIM_DMADelayPulseHalfCplt
 2543 0220 00000000 		.word	TIM_DMAErrorCCxN
 2544 0224 002C0140 		.word	1073818624
 2545 0228 07000100 		.word	65543
 2546              		.cfi_endproc
 2547              	.LFE144:
 2549              		.section	.text.HAL_TIMEx_OCN_Stop_DMA,"ax",%progbits
 2550              		.align	1
 2551              		.global	HAL_TIMEx_OCN_Stop_DMA
 2552              		.syntax unified
 2553              		.thumb
 2554              		.thumb_func
 2556              	HAL_TIMEx_OCN_Stop_DMA:
 2557              	.LVL170:
 2558              	.LFB145:
1011:Drivers/STM32F3xx_HAL_Driver/Src/stm32f3xx_hal_tim_ex.c ****   HAL_StatusTypeDef status = HAL_OK;
 2559              		.loc 1 1011 1 is_stmt 1 view -0
 2560              		.cfi_startproc
 2561              		@ args = 0, pretend = 0, frame = 0
 2562              		@ frame_needed = 0, uses_anonymous_args = 0
1011:Drivers/STM32F3xx_HAL_Driver/Src/stm32f3xx_hal_tim_ex.c ****   HAL_StatusTypeDef status = HAL_OK;
 2563              		.loc 1 1011 1 is_stmt 0 view .LVU752
 2564 0000 38B5     		push	{r3, r4, r5, lr}
 2565              	.LCFI19:
 2566              		.cfi_def_cfa_offset 16
 2567              		.cfi_offset 3, -16
 2568              		.cfi_offset 4, -12
 2569              		.cfi_offset 5, -8
 2570              		.cfi_offset 14, -4
 2571 0002 0446     		mov	r4, r0
 2572 0004 0D46     		mov	r5, r1
1012:Drivers/STM32F3xx_HAL_Driver/Src/stm32f3xx_hal_tim_ex.c **** 
 2573              		.loc 1 1012 3 is_stmt 1 view .LVU753
 2574              	.LVL171:
1015:Drivers/STM32F3xx_HAL_Driver/Src/stm32f3xx_hal_tim_ex.c **** 
 2575              		.loc 1 1015 3 view .LVU754
1017:Drivers/STM32F3xx_HAL_Driver/Src/stm32f3xx_hal_tim_ex.c ****   {
 2576              		.loc 1 1017 3 view .LVU755
 2577 0006 0429     		cmp	r1, #4
 2578 0008 34D0     		beq	.L192
 2579 000a 0829     		cmp	r1, #8
 2580 000c 3BD0     		beq	.L193
 2581 000e 0029     		cmp	r1, #0
 2582 0010 55D1     		bne	.L201
1022:Drivers/STM32F3xx_HAL_Driver/Src/stm32f3xx_hal_tim_ex.c ****       (void)HAL_DMA_Abort_IT(htim->hdma[TIM_DMA_ID_CC1]);
 2583              		.loc 1 1022 7 view .LVU756
ARM GAS  /tmp/ccZqO8pD.s 			page 103


 2584 0012 0268     		ldr	r2, [r0]
 2585 0014 D368     		ldr	r3, [r2, #12]
 2586 0016 23F40073 		bic	r3, r3, #512
 2587 001a D360     		str	r3, [r2, #12]
1023:Drivers/STM32F3xx_HAL_Driver/Src/stm32f3xx_hal_tim_ex.c ****       break;
 2588              		.loc 1 1023 7 view .LVU757
1023:Drivers/STM32F3xx_HAL_Driver/Src/stm32f3xx_hal_tim_ex.c ****       break;
 2589              		.loc 1 1023 13 is_stmt 0 view .LVU758
 2590 001c 406A     		ldr	r0, [r0, #36]
 2591              	.LVL172:
1023:Drivers/STM32F3xx_HAL_Driver/Src/stm32f3xx_hal_tim_ex.c ****       break;
 2592              		.loc 1 1023 13 view .LVU759
 2593 001e FFF7FEFF 		bl	HAL_DMA_Abort_IT
 2594              	.LVL173:
1024:Drivers/STM32F3xx_HAL_Driver/Src/stm32f3xx_hal_tim_ex.c ****     }
 2595              		.loc 1 1024 7 is_stmt 1 view .LVU760
1048:Drivers/STM32F3xx_HAL_Driver/Src/stm32f3xx_hal_tim_ex.c ****   {
 2596              		.loc 1 1048 3 view .LVU761
 2597              	.L195:
1051:Drivers/STM32F3xx_HAL_Driver/Src/stm32f3xx_hal_tim_ex.c **** 
 2598              		.loc 1 1051 5 view .LVU762
 2599 0022 0022     		movs	r2, #0
 2600 0024 2946     		mov	r1, r5
 2601 0026 2068     		ldr	r0, [r4]
 2602 0028 FFF7FEFF 		bl	TIM_CCxNChannelCmd
 2603              	.LVL174:
1054:Drivers/STM32F3xx_HAL_Driver/Src/stm32f3xx_hal_tim_ex.c **** 
 2604              		.loc 1 1054 5 view .LVU763
1054:Drivers/STM32F3xx_HAL_Driver/Src/stm32f3xx_hal_tim_ex.c **** 
 2605              		.loc 1 1054 5 view .LVU764
 2606 002c 2368     		ldr	r3, [r4]
 2607 002e 196A     		ldr	r1, [r3, #32]
 2608 0030 41F21112 		movw	r2, #4369
 2609 0034 1142     		tst	r1, r2
 2610 0036 08D1     		bne	.L196
1054:Drivers/STM32F3xx_HAL_Driver/Src/stm32f3xx_hal_tim_ex.c **** 
 2611              		.loc 1 1054 5 discriminator 1 view .LVU765
 2612 0038 196A     		ldr	r1, [r3, #32]
 2613 003a 40F24442 		movw	r2, #1092
 2614 003e 1142     		tst	r1, r2
 2615 0040 03D1     		bne	.L196
1054:Drivers/STM32F3xx_HAL_Driver/Src/stm32f3xx_hal_tim_ex.c **** 
 2616              		.loc 1 1054 5 discriminator 3 view .LVU766
 2617 0042 5A6C     		ldr	r2, [r3, #68]
 2618 0044 22F40042 		bic	r2, r2, #32768
 2619 0048 5A64     		str	r2, [r3, #68]
 2620              	.L196:
1054:Drivers/STM32F3xx_HAL_Driver/Src/stm32f3xx_hal_tim_ex.c **** 
 2621              		.loc 1 1054 5 discriminator 5 view .LVU767
1057:Drivers/STM32F3xx_HAL_Driver/Src/stm32f3xx_hal_tim_ex.c **** 
 2622              		.loc 1 1057 5 view .LVU768
1057:Drivers/STM32F3xx_HAL_Driver/Src/stm32f3xx_hal_tim_ex.c **** 
 2623              		.loc 1 1057 5 view .LVU769
 2624 004a 2368     		ldr	r3, [r4]
 2625 004c 196A     		ldr	r1, [r3, #32]
 2626 004e 41F21112 		movw	r2, #4369
 2627 0052 1142     		tst	r1, r2
ARM GAS  /tmp/ccZqO8pD.s 			page 104


 2628 0054 08D1     		bne	.L197
1057:Drivers/STM32F3xx_HAL_Driver/Src/stm32f3xx_hal_tim_ex.c **** 
 2629              		.loc 1 1057 5 discriminator 1 view .LVU770
 2630 0056 196A     		ldr	r1, [r3, #32]
 2631 0058 40F24442 		movw	r2, #1092
 2632 005c 1142     		tst	r1, r2
 2633 005e 03D1     		bne	.L197
1057:Drivers/STM32F3xx_HAL_Driver/Src/stm32f3xx_hal_tim_ex.c **** 
 2634              		.loc 1 1057 5 discriminator 3 view .LVU771
 2635 0060 1A68     		ldr	r2, [r3]
 2636 0062 22F00102 		bic	r2, r2, #1
 2637 0066 1A60     		str	r2, [r3]
 2638              	.L197:
1057:Drivers/STM32F3xx_HAL_Driver/Src/stm32f3xx_hal_tim_ex.c **** 
 2639              		.loc 1 1057 5 discriminator 5 view .LVU772
1060:Drivers/STM32F3xx_HAL_Driver/Src/stm32f3xx_hal_tim_ex.c ****   }
 2640              		.loc 1 1060 5 view .LVU773
 2641 0068 B5B9     		cbnz	r5, .L198
1060:Drivers/STM32F3xx_HAL_Driver/Src/stm32f3xx_hal_tim_ex.c ****   }
 2642              		.loc 1 1060 5 is_stmt 0 discriminator 1 view .LVU774
 2643 006a 0123     		movs	r3, #1
 2644 006c 84F84430 		strb	r3, [r4, #68]
 2645 0070 0020     		movs	r0, #0
 2646              	.L194:
 2647              	.LVL175:
1064:Drivers/STM32F3xx_HAL_Driver/Src/stm32f3xx_hal_tim_ex.c **** }
 2648              		.loc 1 1064 3 is_stmt 1 view .LVU775
1065:Drivers/STM32F3xx_HAL_Driver/Src/stm32f3xx_hal_tim_ex.c **** 
 2649              		.loc 1 1065 1 is_stmt 0 view .LVU776
 2650 0072 38BD     		pop	{r3, r4, r5, pc}
 2651              	.LVL176:
 2652              	.L192:
1030:Drivers/STM32F3xx_HAL_Driver/Src/stm32f3xx_hal_tim_ex.c ****       (void)HAL_DMA_Abort_IT(htim->hdma[TIM_DMA_ID_CC2]);
 2653              		.loc 1 1030 7 is_stmt 1 view .LVU777
 2654 0074 0268     		ldr	r2, [r0]
 2655 0076 D368     		ldr	r3, [r2, #12]
 2656 0078 23F48063 		bic	r3, r3, #1024
 2657 007c D360     		str	r3, [r2, #12]
1031:Drivers/STM32F3xx_HAL_Driver/Src/stm32f3xx_hal_tim_ex.c ****       break;
 2658              		.loc 1 1031 7 view .LVU778
1031:Drivers/STM32F3xx_HAL_Driver/Src/stm32f3xx_hal_tim_ex.c ****       break;
 2659              		.loc 1 1031 13 is_stmt 0 view .LVU779
 2660 007e 806A     		ldr	r0, [r0, #40]
 2661              	.LVL177:
1031:Drivers/STM32F3xx_HAL_Driver/Src/stm32f3xx_hal_tim_ex.c ****       break;
 2662              		.loc 1 1031 13 view .LVU780
 2663 0080 FFF7FEFF 		bl	HAL_DMA_Abort_IT
 2664              	.LVL178:
1032:Drivers/STM32F3xx_HAL_Driver/Src/stm32f3xx_hal_tim_ex.c ****     }
 2665              		.loc 1 1032 7 is_stmt 1 view .LVU781
1048:Drivers/STM32F3xx_HAL_Driver/Src/stm32f3xx_hal_tim_ex.c ****   {
 2666              		.loc 1 1048 3 view .LVU782
 2667 0084 CDE7     		b	.L195
 2668              	.LVL179:
 2669              	.L193:
1038:Drivers/STM32F3xx_HAL_Driver/Src/stm32f3xx_hal_tim_ex.c ****       (void)HAL_DMA_Abort_IT(htim->hdma[TIM_DMA_ID_CC3]);
 2670              		.loc 1 1038 7 view .LVU783
ARM GAS  /tmp/ccZqO8pD.s 			page 105


 2671 0086 0268     		ldr	r2, [r0]
 2672 0088 D368     		ldr	r3, [r2, #12]
 2673 008a 23F40063 		bic	r3, r3, #2048
 2674 008e D360     		str	r3, [r2, #12]
1039:Drivers/STM32F3xx_HAL_Driver/Src/stm32f3xx_hal_tim_ex.c ****       break;
 2675              		.loc 1 1039 7 view .LVU784
1039:Drivers/STM32F3xx_HAL_Driver/Src/stm32f3xx_hal_tim_ex.c ****       break;
 2676              		.loc 1 1039 13 is_stmt 0 view .LVU785
 2677 0090 C06A     		ldr	r0, [r0, #44]
 2678              	.LVL180:
1039:Drivers/STM32F3xx_HAL_Driver/Src/stm32f3xx_hal_tim_ex.c ****       break;
 2679              		.loc 1 1039 13 view .LVU786
 2680 0092 FFF7FEFF 		bl	HAL_DMA_Abort_IT
 2681              	.LVL181:
1040:Drivers/STM32F3xx_HAL_Driver/Src/stm32f3xx_hal_tim_ex.c ****     }
 2682              		.loc 1 1040 7 is_stmt 1 view .LVU787
1048:Drivers/STM32F3xx_HAL_Driver/Src/stm32f3xx_hal_tim_ex.c ****   {
 2683              		.loc 1 1048 3 view .LVU788
 2684 0096 C4E7     		b	.L195
 2685              	.L198:
1060:Drivers/STM32F3xx_HAL_Driver/Src/stm32f3xx_hal_tim_ex.c ****   }
 2686              		.loc 1 1060 5 is_stmt 0 discriminator 2 view .LVU789
 2687 0098 042D     		cmp	r5, #4
 2688 009a 06D0     		beq	.L203
1060:Drivers/STM32F3xx_HAL_Driver/Src/stm32f3xx_hal_tim_ex.c ****   }
 2689              		.loc 1 1060 5 discriminator 4 view .LVU790
 2690 009c 082D     		cmp	r5, #8
 2691 009e 09D0     		beq	.L204
1060:Drivers/STM32F3xx_HAL_Driver/Src/stm32f3xx_hal_tim_ex.c ****   }
 2692              		.loc 1 1060 5 discriminator 7 view .LVU791
 2693 00a0 0123     		movs	r3, #1
 2694 00a2 84F84730 		strb	r3, [r4, #71]
 2695 00a6 0020     		movs	r0, #0
 2696 00a8 E3E7     		b	.L194
 2697              	.L203:
1060:Drivers/STM32F3xx_HAL_Driver/Src/stm32f3xx_hal_tim_ex.c ****   }
 2698              		.loc 1 1060 5 discriminator 3 view .LVU792
 2699 00aa 0123     		movs	r3, #1
 2700 00ac 84F84530 		strb	r3, [r4, #69]
 2701 00b0 0020     		movs	r0, #0
 2702 00b2 DEE7     		b	.L194
 2703              	.L204:
1060:Drivers/STM32F3xx_HAL_Driver/Src/stm32f3xx_hal_tim_ex.c ****   }
 2704              		.loc 1 1060 5 discriminator 6 view .LVU793
 2705 00b4 0123     		movs	r3, #1
 2706 00b6 84F84630 		strb	r3, [r4, #70]
 2707 00ba 0020     		movs	r0, #0
 2708 00bc D9E7     		b	.L194
 2709              	.LVL182:
 2710              	.L201:
1017:Drivers/STM32F3xx_HAL_Driver/Src/stm32f3xx_hal_tim_ex.c ****   {
 2711              		.loc 1 1017 3 view .LVU794
 2712 00be 0120     		movs	r0, #1
 2713              	.LVL183:
1017:Drivers/STM32F3xx_HAL_Driver/Src/stm32f3xx_hal_tim_ex.c ****   {
 2714              		.loc 1 1017 3 view .LVU795
 2715 00c0 D7E7     		b	.L194
ARM GAS  /tmp/ccZqO8pD.s 			page 106


 2716              		.cfi_endproc
 2717              	.LFE145:
 2719              		.section	.text.HAL_TIMEx_PWMN_Start,"ax",%progbits
 2720              		.align	1
 2721              		.global	HAL_TIMEx_PWMN_Start
 2722              		.syntax unified
 2723              		.thumb
 2724              		.thumb_func
 2726              	HAL_TIMEx_PWMN_Start:
 2727              	.LVL184:
 2728              	.LFB146:
1101:Drivers/STM32F3xx_HAL_Driver/Src/stm32f3xx_hal_tim_ex.c ****   uint32_t tmpsmcr;
 2729              		.loc 1 1101 1 is_stmt 1 view -0
 2730              		.cfi_startproc
 2731              		@ args = 0, pretend = 0, frame = 0
 2732              		@ frame_needed = 0, uses_anonymous_args = 0
1101:Drivers/STM32F3xx_HAL_Driver/Src/stm32f3xx_hal_tim_ex.c ****   uint32_t tmpsmcr;
 2733              		.loc 1 1101 1 is_stmt 0 view .LVU797
 2734 0000 10B5     		push	{r4, lr}
 2735              	.LCFI20:
 2736              		.cfi_def_cfa_offset 8
 2737              		.cfi_offset 4, -8
 2738              		.cfi_offset 14, -4
 2739 0002 0446     		mov	r4, r0
1102:Drivers/STM32F3xx_HAL_Driver/Src/stm32f3xx_hal_tim_ex.c **** 
 2740              		.loc 1 1102 3 is_stmt 1 view .LVU798
1105:Drivers/STM32F3xx_HAL_Driver/Src/stm32f3xx_hal_tim_ex.c **** 
 2741              		.loc 1 1105 3 view .LVU799
1108:Drivers/STM32F3xx_HAL_Driver/Src/stm32f3xx_hal_tim_ex.c ****   {
 2742              		.loc 1 1108 3 view .LVU800
1108:Drivers/STM32F3xx_HAL_Driver/Src/stm32f3xx_hal_tim_ex.c ****   {
 2743              		.loc 1 1108 46 is_stmt 0 view .LVU801
 2744 0004 0846     		mov	r0, r1
 2745              	.LVL185:
1108:Drivers/STM32F3xx_HAL_Driver/Src/stm32f3xx_hal_tim_ex.c ****   {
 2746              		.loc 1 1108 46 view .LVU802
 2747 0006 0029     		cmp	r1, #0
 2748 0008 37D1     		bne	.L206
1108:Drivers/STM32F3xx_HAL_Driver/Src/stm32f3xx_hal_tim_ex.c ****   {
 2749              		.loc 1 1108 7 discriminator 1 view .LVU803
 2750 000a 94F84430 		ldrb	r3, [r4, #68]	@ zero_extendqisi2
 2751 000e DBB2     		uxtb	r3, r3
1108:Drivers/STM32F3xx_HAL_Driver/Src/stm32f3xx_hal_tim_ex.c ****   {
 2752              		.loc 1 1108 46 discriminator 1 view .LVU804
 2753 0010 013B     		subs	r3, r3, #1
 2754 0012 18BF     		it	ne
 2755 0014 0123     		movne	r3, #1
 2756              	.L207:
1108:Drivers/STM32F3xx_HAL_Driver/Src/stm32f3xx_hal_tim_ex.c ****   {
 2757              		.loc 1 1108 6 discriminator 12 view .LVU805
 2758 0016 002B     		cmp	r3, #0
 2759 0018 66D1     		bne	.L217
1114:Drivers/STM32F3xx_HAL_Driver/Src/stm32f3xx_hal_tim_ex.c **** 
 2760              		.loc 1 1114 3 is_stmt 1 view .LVU806
 2761 001a 0028     		cmp	r0, #0
 2762 001c 46D1     		bne	.L211
1114:Drivers/STM32F3xx_HAL_Driver/Src/stm32f3xx_hal_tim_ex.c **** 
ARM GAS  /tmp/ccZqO8pD.s 			page 107


 2763              		.loc 1 1114 3 is_stmt 0 discriminator 1 view .LVU807
 2764 001e 0223     		movs	r3, #2
 2765 0020 84F84430 		strb	r3, [r4, #68]
 2766              	.L212:
1117:Drivers/STM32F3xx_HAL_Driver/Src/stm32f3xx_hal_tim_ex.c **** 
 2767              		.loc 1 1117 3 is_stmt 1 view .LVU808
 2768 0024 0422     		movs	r2, #4
 2769 0026 0146     		mov	r1, r0
 2770              	.LVL186:
1117:Drivers/STM32F3xx_HAL_Driver/Src/stm32f3xx_hal_tim_ex.c **** 
 2771              		.loc 1 1117 3 is_stmt 0 view .LVU809
 2772 0028 2068     		ldr	r0, [r4]
 2773              	.LVL187:
1117:Drivers/STM32F3xx_HAL_Driver/Src/stm32f3xx_hal_tim_ex.c **** 
 2774              		.loc 1 1117 3 view .LVU810
 2775 002a FFF7FEFF 		bl	TIM_CCxNChannelCmd
 2776              	.LVL188:
1120:Drivers/STM32F3xx_HAL_Driver/Src/stm32f3xx_hal_tim_ex.c **** 
 2777              		.loc 1 1120 3 is_stmt 1 view .LVU811
 2778 002e 2268     		ldr	r2, [r4]
 2779 0030 536C     		ldr	r3, [r2, #68]
 2780 0032 43F40043 		orr	r3, r3, #32768
 2781 0036 5364     		str	r3, [r2, #68]
1123:Drivers/STM32F3xx_HAL_Driver/Src/stm32f3xx_hal_tim_ex.c ****   {
 2782              		.loc 1 1123 3 view .LVU812
1123:Drivers/STM32F3xx_HAL_Driver/Src/stm32f3xx_hal_tim_ex.c ****   {
 2783              		.loc 1 1123 7 is_stmt 0 view .LVU813
 2784 0038 2368     		ldr	r3, [r4]
1123:Drivers/STM32F3xx_HAL_Driver/Src/stm32f3xx_hal_tim_ex.c ****   {
 2785              		.loc 1 1123 6 view .LVU814
 2786 003a 2E4A     		ldr	r2, .L225
 2787 003c 9342     		cmp	r3, r2
 2788 003e 45D0     		beq	.L215
1123:Drivers/STM32F3xx_HAL_Driver/Src/stm32f3xx_hal_tim_ex.c ****   {
 2789              		.loc 1 1123 7 discriminator 1 view .LVU815
 2790 0040 B3F1804F 		cmp	r3, #1073741824
 2791 0044 42D0     		beq	.L215
1123:Drivers/STM32F3xx_HAL_Driver/Src/stm32f3xx_hal_tim_ex.c ****   {
 2792              		.loc 1 1123 7 discriminator 2 view .LVU816
 2793 0046 A2F59432 		sub	r2, r2, #75776
 2794 004a 9342     		cmp	r3, r2
 2795 004c 3ED0     		beq	.L215
1123:Drivers/STM32F3xx_HAL_Driver/Src/stm32f3xx_hal_tim_ex.c ****   {
 2796              		.loc 1 1123 7 discriminator 3 view .LVU817
 2797 004e 02F58062 		add	r2, r2, #1024
 2798 0052 9342     		cmp	r3, r2
 2799 0054 3AD0     		beq	.L215
1123:Drivers/STM32F3xx_HAL_Driver/Src/stm32f3xx_hal_tim_ex.c ****   {
 2800              		.loc 1 1123 7 discriminator 4 view .LVU818
 2801 0056 02F59632 		add	r2, r2, #76800
 2802 005a 9342     		cmp	r3, r2
 2803 005c 36D0     		beq	.L215
1123:Drivers/STM32F3xx_HAL_Driver/Src/stm32f3xx_hal_tim_ex.c ****   {
 2804              		.loc 1 1123 7 discriminator 5 view .LVU819
 2805 005e 02F54062 		add	r2, r2, #3072
 2806 0062 9342     		cmp	r3, r2
 2807 0064 32D0     		beq	.L215
ARM GAS  /tmp/ccZqO8pD.s 			page 108


1123:Drivers/STM32F3xx_HAL_Driver/Src/stm32f3xx_hal_tim_ex.c ****   {
 2808              		.loc 1 1123 7 discriminator 6 view .LVU820
 2809 0066 02F58052 		add	r2, r2, #4096
 2810 006a 9342     		cmp	r3, r2
 2811 006c 2ED0     		beq	.L215
1133:Drivers/STM32F3xx_HAL_Driver/Src/stm32f3xx_hal_tim_ex.c ****   }
 2812              		.loc 1 1133 5 is_stmt 1 view .LVU821
 2813 006e 1A68     		ldr	r2, [r3]
 2814 0070 42F00102 		orr	r2, r2, #1
 2815 0074 1A60     		str	r2, [r3]
1137:Drivers/STM32F3xx_HAL_Driver/Src/stm32f3xx_hal_tim_ex.c **** }
 2816              		.loc 1 1137 10 is_stmt 0 view .LVU822
 2817 0076 0020     		movs	r0, #0
 2818 0078 37E0     		b	.L210
 2819              	.LVL189:
 2820              	.L206:
1108:Drivers/STM32F3xx_HAL_Driver/Src/stm32f3xx_hal_tim_ex.c ****   {
 2821              		.loc 1 1108 46 discriminator 2 view .LVU823
 2822 007a 0429     		cmp	r1, #4
 2823 007c 08D0     		beq	.L221
1108:Drivers/STM32F3xx_HAL_Driver/Src/stm32f3xx_hal_tim_ex.c ****   {
 2824              		.loc 1 1108 46 discriminator 5 view .LVU824
 2825 007e 0829     		cmp	r1, #8
 2826 0080 0DD0     		beq	.L222
1108:Drivers/STM32F3xx_HAL_Driver/Src/stm32f3xx_hal_tim_ex.c ****   {
 2827              		.loc 1 1108 7 discriminator 8 view .LVU825
 2828 0082 94F84730 		ldrb	r3, [r4, #71]	@ zero_extendqisi2
 2829 0086 DBB2     		uxtb	r3, r3
1108:Drivers/STM32F3xx_HAL_Driver/Src/stm32f3xx_hal_tim_ex.c ****   {
 2830              		.loc 1 1108 46 discriminator 8 view .LVU826
 2831 0088 013B     		subs	r3, r3, #1
 2832 008a 18BF     		it	ne
 2833 008c 0123     		movne	r3, #1
 2834 008e C2E7     		b	.L207
 2835              	.L221:
1108:Drivers/STM32F3xx_HAL_Driver/Src/stm32f3xx_hal_tim_ex.c ****   {
 2836              		.loc 1 1108 7 discriminator 4 view .LVU827
 2837 0090 94F84530 		ldrb	r3, [r4, #69]	@ zero_extendqisi2
 2838 0094 DBB2     		uxtb	r3, r3
1108:Drivers/STM32F3xx_HAL_Driver/Src/stm32f3xx_hal_tim_ex.c ****   {
 2839              		.loc 1 1108 46 discriminator 4 view .LVU828
 2840 0096 013B     		subs	r3, r3, #1
 2841 0098 18BF     		it	ne
 2842 009a 0123     		movne	r3, #1
 2843 009c BBE7     		b	.L207
 2844              	.L222:
1108:Drivers/STM32F3xx_HAL_Driver/Src/stm32f3xx_hal_tim_ex.c ****   {
 2845              		.loc 1 1108 7 discriminator 7 view .LVU829
 2846 009e 94F84630 		ldrb	r3, [r4, #70]	@ zero_extendqisi2
 2847 00a2 DBB2     		uxtb	r3, r3
1108:Drivers/STM32F3xx_HAL_Driver/Src/stm32f3xx_hal_tim_ex.c ****   {
 2848              		.loc 1 1108 46 discriminator 7 view .LVU830
 2849 00a4 013B     		subs	r3, r3, #1
 2850 00a6 18BF     		it	ne
 2851 00a8 0123     		movne	r3, #1
 2852 00aa B4E7     		b	.L207
 2853              	.L211:
ARM GAS  /tmp/ccZqO8pD.s 			page 109


1114:Drivers/STM32F3xx_HAL_Driver/Src/stm32f3xx_hal_tim_ex.c **** 
 2854              		.loc 1 1114 3 discriminator 2 view .LVU831
 2855 00ac 0428     		cmp	r0, #4
 2856 00ae 05D0     		beq	.L223
1114:Drivers/STM32F3xx_HAL_Driver/Src/stm32f3xx_hal_tim_ex.c **** 
 2857              		.loc 1 1114 3 discriminator 4 view .LVU832
 2858 00b0 0828     		cmp	r0, #8
 2859 00b2 07D0     		beq	.L224
1114:Drivers/STM32F3xx_HAL_Driver/Src/stm32f3xx_hal_tim_ex.c **** 
 2860              		.loc 1 1114 3 discriminator 7 view .LVU833
 2861 00b4 0223     		movs	r3, #2
 2862 00b6 84F84730 		strb	r3, [r4, #71]
 2863 00ba B3E7     		b	.L212
 2864              	.L223:
1114:Drivers/STM32F3xx_HAL_Driver/Src/stm32f3xx_hal_tim_ex.c **** 
 2865              		.loc 1 1114 3 discriminator 3 view .LVU834
 2866 00bc 0223     		movs	r3, #2
 2867 00be 84F84530 		strb	r3, [r4, #69]
 2868 00c2 AFE7     		b	.L212
 2869              	.L224:
1114:Drivers/STM32F3xx_HAL_Driver/Src/stm32f3xx_hal_tim_ex.c **** 
 2870              		.loc 1 1114 3 discriminator 6 view .LVU835
 2871 00c4 0223     		movs	r3, #2
 2872 00c6 84F84630 		strb	r3, [r4, #70]
 2873 00ca ABE7     		b	.L212
 2874              	.LVL190:
 2875              	.L215:
1125:Drivers/STM32F3xx_HAL_Driver/Src/stm32f3xx_hal_tim_ex.c ****     if (!IS_TIM_SLAVEMODE_TRIGGER_ENABLED(tmpsmcr))
 2876              		.loc 1 1125 5 is_stmt 1 view .LVU836
1125:Drivers/STM32F3xx_HAL_Driver/Src/stm32f3xx_hal_tim_ex.c ****     if (!IS_TIM_SLAVEMODE_TRIGGER_ENABLED(tmpsmcr))
 2877              		.loc 1 1125 29 is_stmt 0 view .LVU837
 2878 00cc 9968     		ldr	r1, [r3, #8]
1125:Drivers/STM32F3xx_HAL_Driver/Src/stm32f3xx_hal_tim_ex.c ****     if (!IS_TIM_SLAVEMODE_TRIGGER_ENABLED(tmpsmcr))
 2879              		.loc 1 1125 13 view .LVU838
 2880 00ce 0A4A     		ldr	r2, .L225+4
 2881 00d0 0A40     		ands	r2, r2, r1
 2882              	.LVL191:
1126:Drivers/STM32F3xx_HAL_Driver/Src/stm32f3xx_hal_tim_ex.c ****     {
 2883              		.loc 1 1126 5 is_stmt 1 view .LVU839
1126:Drivers/STM32F3xx_HAL_Driver/Src/stm32f3xx_hal_tim_ex.c ****     {
 2884              		.loc 1 1126 8 is_stmt 0 view .LVU840
 2885 00d2 062A     		cmp	r2, #6
 2886 00d4 0AD0     		beq	.L218
1126:Drivers/STM32F3xx_HAL_Driver/Src/stm32f3xx_hal_tim_ex.c ****     {
 2887              		.loc 1 1126 9 discriminator 1 view .LVU841
 2888 00d6 B2F5803F 		cmp	r2, #65536
 2889 00da 09D0     		beq	.L219
1128:Drivers/STM32F3xx_HAL_Driver/Src/stm32f3xx_hal_tim_ex.c ****     }
 2890              		.loc 1 1128 7 is_stmt 1 view .LVU842
 2891 00dc 1A68     		ldr	r2, [r3]
 2892              	.LVL192:
1128:Drivers/STM32F3xx_HAL_Driver/Src/stm32f3xx_hal_tim_ex.c ****     }
 2893              		.loc 1 1128 7 is_stmt 0 view .LVU843
 2894 00de 42F00102 		orr	r2, r2, #1
 2895 00e2 1A60     		str	r2, [r3]
1137:Drivers/STM32F3xx_HAL_Driver/Src/stm32f3xx_hal_tim_ex.c **** }
 2896              		.loc 1 1137 10 view .LVU844
ARM GAS  /tmp/ccZqO8pD.s 			page 110


 2897 00e4 0020     		movs	r0, #0
 2898 00e6 00E0     		b	.L210
 2899              	.LVL193:
 2900              	.L217:
1110:Drivers/STM32F3xx_HAL_Driver/Src/stm32f3xx_hal_tim_ex.c ****   }
 2901              		.loc 1 1110 12 view .LVU845
 2902 00e8 0120     		movs	r0, #1
 2903              	.LVL194:
 2904              	.L210:
1138:Drivers/STM32F3xx_HAL_Driver/Src/stm32f3xx_hal_tim_ex.c **** 
 2905              		.loc 1 1138 1 view .LVU846
 2906 00ea 10BD     		pop	{r4, pc}
 2907              	.LVL195:
 2908              	.L218:
1137:Drivers/STM32F3xx_HAL_Driver/Src/stm32f3xx_hal_tim_ex.c **** }
 2909              		.loc 1 1137 10 view .LVU847
 2910 00ec 0020     		movs	r0, #0
 2911 00ee FCE7     		b	.L210
 2912              	.L219:
 2913 00f0 0020     		movs	r0, #0
 2914 00f2 FAE7     		b	.L210
 2915              	.L226:
 2916              		.align	2
 2917              	.L225:
 2918 00f4 002C0140 		.word	1073818624
 2919 00f8 07000100 		.word	65543
 2920              		.cfi_endproc
 2921              	.LFE146:
 2923              		.section	.text.HAL_TIMEx_PWMN_Stop,"ax",%progbits
 2924              		.align	1
 2925              		.global	HAL_TIMEx_PWMN_Stop
 2926              		.syntax unified
 2927              		.thumb
 2928              		.thumb_func
 2930              	HAL_TIMEx_PWMN_Stop:
 2931              	.LVL196:
 2932              	.LFB147:
1151:Drivers/STM32F3xx_HAL_Driver/Src/stm32f3xx_hal_tim_ex.c ****   /* Check the parameters */
 2933              		.loc 1 1151 1 is_stmt 1 view -0
 2934              		.cfi_startproc
 2935              		@ args = 0, pretend = 0, frame = 0
 2936              		@ frame_needed = 0, uses_anonymous_args = 0
1151:Drivers/STM32F3xx_HAL_Driver/Src/stm32f3xx_hal_tim_ex.c ****   /* Check the parameters */
 2937              		.loc 1 1151 1 is_stmt 0 view .LVU849
 2938 0000 38B5     		push	{r3, r4, r5, lr}
 2939              	.LCFI21:
 2940              		.cfi_def_cfa_offset 16
 2941              		.cfi_offset 3, -16
 2942              		.cfi_offset 4, -12
 2943              		.cfi_offset 5, -8
 2944              		.cfi_offset 14, -4
 2945 0002 0446     		mov	r4, r0
 2946 0004 0D46     		mov	r5, r1
1153:Drivers/STM32F3xx_HAL_Driver/Src/stm32f3xx_hal_tim_ex.c **** 
 2947              		.loc 1 1153 3 is_stmt 1 view .LVU850
1156:Drivers/STM32F3xx_HAL_Driver/Src/stm32f3xx_hal_tim_ex.c **** 
 2948              		.loc 1 1156 3 view .LVU851
ARM GAS  /tmp/ccZqO8pD.s 			page 111


 2949 0006 0022     		movs	r2, #0
 2950 0008 0068     		ldr	r0, [r0]
 2951              	.LVL197:
1156:Drivers/STM32F3xx_HAL_Driver/Src/stm32f3xx_hal_tim_ex.c **** 
 2952              		.loc 1 1156 3 is_stmt 0 view .LVU852
 2953 000a FFF7FEFF 		bl	TIM_CCxNChannelCmd
 2954              	.LVL198:
1159:Drivers/STM32F3xx_HAL_Driver/Src/stm32f3xx_hal_tim_ex.c **** 
 2955              		.loc 1 1159 3 is_stmt 1 view .LVU853
1159:Drivers/STM32F3xx_HAL_Driver/Src/stm32f3xx_hal_tim_ex.c **** 
 2956              		.loc 1 1159 3 view .LVU854
 2957 000e 2368     		ldr	r3, [r4]
 2958 0010 196A     		ldr	r1, [r3, #32]
 2959 0012 41F21112 		movw	r2, #4369
 2960 0016 1142     		tst	r1, r2
 2961 0018 08D1     		bne	.L228
1159:Drivers/STM32F3xx_HAL_Driver/Src/stm32f3xx_hal_tim_ex.c **** 
 2962              		.loc 1 1159 3 discriminator 1 view .LVU855
 2963 001a 196A     		ldr	r1, [r3, #32]
 2964 001c 40F24442 		movw	r2, #1092
 2965 0020 1142     		tst	r1, r2
 2966 0022 03D1     		bne	.L228
1159:Drivers/STM32F3xx_HAL_Driver/Src/stm32f3xx_hal_tim_ex.c **** 
 2967              		.loc 1 1159 3 discriminator 3 view .LVU856
 2968 0024 5A6C     		ldr	r2, [r3, #68]
 2969 0026 22F40042 		bic	r2, r2, #32768
 2970 002a 5A64     		str	r2, [r3, #68]
 2971              	.L228:
1159:Drivers/STM32F3xx_HAL_Driver/Src/stm32f3xx_hal_tim_ex.c **** 
 2972              		.loc 1 1159 3 discriminator 5 view .LVU857
1162:Drivers/STM32F3xx_HAL_Driver/Src/stm32f3xx_hal_tim_ex.c **** 
 2973              		.loc 1 1162 3 view .LVU858
1162:Drivers/STM32F3xx_HAL_Driver/Src/stm32f3xx_hal_tim_ex.c **** 
 2974              		.loc 1 1162 3 view .LVU859
 2975 002c 2368     		ldr	r3, [r4]
 2976 002e 196A     		ldr	r1, [r3, #32]
 2977 0030 41F21112 		movw	r2, #4369
 2978 0034 1142     		tst	r1, r2
 2979 0036 08D1     		bne	.L229
1162:Drivers/STM32F3xx_HAL_Driver/Src/stm32f3xx_hal_tim_ex.c **** 
 2980              		.loc 1 1162 3 discriminator 1 view .LVU860
 2981 0038 196A     		ldr	r1, [r3, #32]
 2982 003a 40F24442 		movw	r2, #1092
 2983 003e 1142     		tst	r1, r2
 2984 0040 03D1     		bne	.L229
1162:Drivers/STM32F3xx_HAL_Driver/Src/stm32f3xx_hal_tim_ex.c **** 
 2985              		.loc 1 1162 3 discriminator 3 view .LVU861
 2986 0042 1A68     		ldr	r2, [r3]
 2987 0044 22F00102 		bic	r2, r2, #1
 2988 0048 1A60     		str	r2, [r3]
 2989              	.L229:
1162:Drivers/STM32F3xx_HAL_Driver/Src/stm32f3xx_hal_tim_ex.c **** 
 2990              		.loc 1 1162 3 discriminator 5 view .LVU862
1165:Drivers/STM32F3xx_HAL_Driver/Src/stm32f3xx_hal_tim_ex.c **** 
 2991              		.loc 1 1165 3 view .LVU863
 2992 004a 25B9     		cbnz	r5, .L230
1165:Drivers/STM32F3xx_HAL_Driver/Src/stm32f3xx_hal_tim_ex.c **** 
ARM GAS  /tmp/ccZqO8pD.s 			page 112


 2993              		.loc 1 1165 3 is_stmt 0 discriminator 1 view .LVU864
 2994 004c 0123     		movs	r3, #1
 2995 004e 84F84430 		strb	r3, [r4, #68]
 2996              	.L231:
1168:Drivers/STM32F3xx_HAL_Driver/Src/stm32f3xx_hal_tim_ex.c **** }
 2997              		.loc 1 1168 3 is_stmt 1 view .LVU865
1169:Drivers/STM32F3xx_HAL_Driver/Src/stm32f3xx_hal_tim_ex.c **** 
 2998              		.loc 1 1169 1 is_stmt 0 view .LVU866
 2999 0052 0020     		movs	r0, #0
 3000 0054 38BD     		pop	{r3, r4, r5, pc}
 3001              	.LVL199:
 3002              	.L230:
1165:Drivers/STM32F3xx_HAL_Driver/Src/stm32f3xx_hal_tim_ex.c **** 
 3003              		.loc 1 1165 3 discriminator 2 view .LVU867
 3004 0056 042D     		cmp	r5, #4
 3005 0058 05D0     		beq	.L235
1165:Drivers/STM32F3xx_HAL_Driver/Src/stm32f3xx_hal_tim_ex.c **** 
 3006              		.loc 1 1165 3 discriminator 4 view .LVU868
 3007 005a 082D     		cmp	r5, #8
 3008 005c 07D0     		beq	.L236
1165:Drivers/STM32F3xx_HAL_Driver/Src/stm32f3xx_hal_tim_ex.c **** 
 3009              		.loc 1 1165 3 discriminator 7 view .LVU869
 3010 005e 0123     		movs	r3, #1
 3011 0060 84F84730 		strb	r3, [r4, #71]
 3012 0064 F5E7     		b	.L231
 3013              	.L235:
1165:Drivers/STM32F3xx_HAL_Driver/Src/stm32f3xx_hal_tim_ex.c **** 
 3014              		.loc 1 1165 3 discriminator 3 view .LVU870
 3015 0066 0123     		movs	r3, #1
 3016 0068 84F84530 		strb	r3, [r4, #69]
 3017 006c F1E7     		b	.L231
 3018              	.L236:
1165:Drivers/STM32F3xx_HAL_Driver/Src/stm32f3xx_hal_tim_ex.c **** 
 3019              		.loc 1 1165 3 discriminator 6 view .LVU871
 3020 006e 0123     		movs	r3, #1
 3021 0070 84F84630 		strb	r3, [r4, #70]
 3022 0074 EDE7     		b	.L231
 3023              		.cfi_endproc
 3024              	.LFE147:
 3026              		.section	.text.HAL_TIMEx_PWMN_Start_IT,"ax",%progbits
 3027              		.align	1
 3028              		.global	HAL_TIMEx_PWMN_Start_IT
 3029              		.syntax unified
 3030              		.thumb
 3031              		.thumb_func
 3033              	HAL_TIMEx_PWMN_Start_IT:
 3034              	.LVL200:
 3035              	.LFB148:
1183:Drivers/STM32F3xx_HAL_Driver/Src/stm32f3xx_hal_tim_ex.c ****   HAL_StatusTypeDef status = HAL_OK;
 3036              		.loc 1 1183 1 is_stmt 1 view -0
 3037              		.cfi_startproc
 3038              		@ args = 0, pretend = 0, frame = 0
 3039              		@ frame_needed = 0, uses_anonymous_args = 0
1183:Drivers/STM32F3xx_HAL_Driver/Src/stm32f3xx_hal_tim_ex.c ****   HAL_StatusTypeDef status = HAL_OK;
 3040              		.loc 1 1183 1 is_stmt 0 view .LVU873
 3041 0000 10B5     		push	{r4, lr}
 3042              	.LCFI22:
ARM GAS  /tmp/ccZqO8pD.s 			page 113


 3043              		.cfi_def_cfa_offset 8
 3044              		.cfi_offset 4, -8
 3045              		.cfi_offset 14, -4
 3046 0002 0446     		mov	r4, r0
1184:Drivers/STM32F3xx_HAL_Driver/Src/stm32f3xx_hal_tim_ex.c ****   uint32_t tmpsmcr;
 3047              		.loc 1 1184 3 is_stmt 1 view .LVU874
 3048              	.LVL201:
1185:Drivers/STM32F3xx_HAL_Driver/Src/stm32f3xx_hal_tim_ex.c **** 
 3049              		.loc 1 1185 3 view .LVU875
1188:Drivers/STM32F3xx_HAL_Driver/Src/stm32f3xx_hal_tim_ex.c **** 
 3050              		.loc 1 1188 3 view .LVU876
1191:Drivers/STM32F3xx_HAL_Driver/Src/stm32f3xx_hal_tim_ex.c ****   {
 3051              		.loc 1 1191 3 view .LVU877
1191:Drivers/STM32F3xx_HAL_Driver/Src/stm32f3xx_hal_tim_ex.c ****   {
 3052              		.loc 1 1191 46 is_stmt 0 view .LVU878
 3053 0004 0846     		mov	r0, r1
 3054              	.LVL202:
1191:Drivers/STM32F3xx_HAL_Driver/Src/stm32f3xx_hal_tim_ex.c ****   {
 3055              		.loc 1 1191 46 view .LVU879
 3056 0006 0029     		cmp	r1, #0
 3057 0008 42D1     		bne	.L238
1191:Drivers/STM32F3xx_HAL_Driver/Src/stm32f3xx_hal_tim_ex.c ****   {
 3058              		.loc 1 1191 7 discriminator 1 view .LVU880
 3059 000a 94F84430 		ldrb	r3, [r4, #68]	@ zero_extendqisi2
 3060 000e DBB2     		uxtb	r3, r3
1191:Drivers/STM32F3xx_HAL_Driver/Src/stm32f3xx_hal_tim_ex.c ****   {
 3061              		.loc 1 1191 46 discriminator 1 view .LVU881
 3062 0010 013B     		subs	r3, r3, #1
 3063 0012 18BF     		it	ne
 3064 0014 0123     		movne	r3, #1
 3065              	.L239:
1191:Drivers/STM32F3xx_HAL_Driver/Src/stm32f3xx_hal_tim_ex.c ****   {
 3066              		.loc 1 1191 6 discriminator 12 view .LVU882
 3067 0016 002B     		cmp	r3, #0
 3068 0018 40F08280 		bne	.L252
1197:Drivers/STM32F3xx_HAL_Driver/Src/stm32f3xx_hal_tim_ex.c **** 
 3069              		.loc 1 1197 3 is_stmt 1 view .LVU883
 3070 001c 0028     		cmp	r0, #0
 3071 001e 50D1     		bne	.L243
1197:Drivers/STM32F3xx_HAL_Driver/Src/stm32f3xx_hal_tim_ex.c **** 
 3072              		.loc 1 1197 3 is_stmt 0 discriminator 1 view .LVU884
 3073 0020 0223     		movs	r3, #2
 3074 0022 84F84430 		strb	r3, [r4, #68]
1199:Drivers/STM32F3xx_HAL_Driver/Src/stm32f3xx_hal_tim_ex.c ****   {
 3075              		.loc 1 1199 3 is_stmt 1 view .LVU885
 3076              	.L244:
1204:Drivers/STM32F3xx_HAL_Driver/Src/stm32f3xx_hal_tim_ex.c ****       break;
 3077              		.loc 1 1204 7 view .LVU886
 3078 0026 2268     		ldr	r2, [r4]
 3079 0028 D368     		ldr	r3, [r2, #12]
 3080 002a 43F00203 		orr	r3, r3, #2
 3081 002e D360     		str	r3, [r2, #12]
1205:Drivers/STM32F3xx_HAL_Driver/Src/stm32f3xx_hal_tim_ex.c ****     }
 3082              		.loc 1 1205 7 view .LVU887
1227:Drivers/STM32F3xx_HAL_Driver/Src/stm32f3xx_hal_tim_ex.c ****   {
 3083              		.loc 1 1227 3 view .LVU888
 3084              	.L249:
ARM GAS  /tmp/ccZqO8pD.s 			page 114


1230:Drivers/STM32F3xx_HAL_Driver/Src/stm32f3xx_hal_tim_ex.c **** 
 3085              		.loc 1 1230 5 view .LVU889
 3086 0030 2268     		ldr	r2, [r4]
 3087 0032 D368     		ldr	r3, [r2, #12]
 3088 0034 43F08003 		orr	r3, r3, #128
 3089 0038 D360     		str	r3, [r2, #12]
1233:Drivers/STM32F3xx_HAL_Driver/Src/stm32f3xx_hal_tim_ex.c **** 
 3090              		.loc 1 1233 5 view .LVU890
 3091 003a 0422     		movs	r2, #4
 3092 003c 0146     		mov	r1, r0
 3093              	.LVL203:
1233:Drivers/STM32F3xx_HAL_Driver/Src/stm32f3xx_hal_tim_ex.c **** 
 3094              		.loc 1 1233 5 is_stmt 0 view .LVU891
 3095 003e 2068     		ldr	r0, [r4]
 3096              	.LVL204:
1233:Drivers/STM32F3xx_HAL_Driver/Src/stm32f3xx_hal_tim_ex.c **** 
 3097              		.loc 1 1233 5 view .LVU892
 3098 0040 FFF7FEFF 		bl	TIM_CCxNChannelCmd
 3099              	.LVL205:
1236:Drivers/STM32F3xx_HAL_Driver/Src/stm32f3xx_hal_tim_ex.c **** 
 3100              		.loc 1 1236 5 is_stmt 1 view .LVU893
 3101 0044 2268     		ldr	r2, [r4]
 3102 0046 536C     		ldr	r3, [r2, #68]
 3103 0048 43F40043 		orr	r3, r3, #32768
 3104 004c 5364     		str	r3, [r2, #68]
1239:Drivers/STM32F3xx_HAL_Driver/Src/stm32f3xx_hal_tim_ex.c ****     {
 3105              		.loc 1 1239 5 view .LVU894
1239:Drivers/STM32F3xx_HAL_Driver/Src/stm32f3xx_hal_tim_ex.c ****     {
 3106              		.loc 1 1239 9 is_stmt 0 view .LVU895
 3107 004e 2368     		ldr	r3, [r4]
1239:Drivers/STM32F3xx_HAL_Driver/Src/stm32f3xx_hal_tim_ex.c ****     {
 3108              		.loc 1 1239 8 view .LVU896
 3109 0050 364A     		ldr	r2, .L261
 3110 0052 9342     		cmp	r3, r2
 3111 0054 56D0     		beq	.L250
1239:Drivers/STM32F3xx_HAL_Driver/Src/stm32f3xx_hal_tim_ex.c ****     {
 3112              		.loc 1 1239 9 discriminator 1 view .LVU897
 3113 0056 B3F1804F 		cmp	r3, #1073741824
 3114 005a 53D0     		beq	.L250
1239:Drivers/STM32F3xx_HAL_Driver/Src/stm32f3xx_hal_tim_ex.c ****     {
 3115              		.loc 1 1239 9 discriminator 2 view .LVU898
 3116 005c A2F59432 		sub	r2, r2, #75776
 3117 0060 9342     		cmp	r3, r2
 3118 0062 4FD0     		beq	.L250
1239:Drivers/STM32F3xx_HAL_Driver/Src/stm32f3xx_hal_tim_ex.c ****     {
 3119              		.loc 1 1239 9 discriminator 3 view .LVU899
 3120 0064 02F58062 		add	r2, r2, #1024
 3121 0068 9342     		cmp	r3, r2
 3122 006a 4BD0     		beq	.L250
1239:Drivers/STM32F3xx_HAL_Driver/Src/stm32f3xx_hal_tim_ex.c ****     {
 3123              		.loc 1 1239 9 discriminator 4 view .LVU900
 3124 006c 02F59632 		add	r2, r2, #76800
 3125 0070 9342     		cmp	r3, r2
 3126 0072 47D0     		beq	.L250
1239:Drivers/STM32F3xx_HAL_Driver/Src/stm32f3xx_hal_tim_ex.c ****     {
 3127              		.loc 1 1239 9 discriminator 5 view .LVU901
 3128 0074 02F54062 		add	r2, r2, #3072
ARM GAS  /tmp/ccZqO8pD.s 			page 115


 3129 0078 9342     		cmp	r3, r2
 3130 007a 43D0     		beq	.L250
1239:Drivers/STM32F3xx_HAL_Driver/Src/stm32f3xx_hal_tim_ex.c ****     {
 3131              		.loc 1 1239 9 discriminator 6 view .LVU902
 3132 007c 02F58052 		add	r2, r2, #4096
 3133 0080 9342     		cmp	r3, r2
 3134 0082 3FD0     		beq	.L250
1249:Drivers/STM32F3xx_HAL_Driver/Src/stm32f3xx_hal_tim_ex.c ****     }
 3135              		.loc 1 1249 7 is_stmt 1 view .LVU903
 3136 0084 1A68     		ldr	r2, [r3]
 3137 0086 42F00102 		orr	r2, r2, #1
 3138 008a 1A60     		str	r2, [r3]
 3139 008c 0020     		movs	r0, #0
 3140 008e 48E0     		b	.L242
 3141              	.LVL206:
 3142              	.L238:
1191:Drivers/STM32F3xx_HAL_Driver/Src/stm32f3xx_hal_tim_ex.c ****   {
 3143              		.loc 1 1191 46 is_stmt 0 discriminator 2 view .LVU904
 3144 0090 0429     		cmp	r1, #4
 3145 0092 08D0     		beq	.L257
1191:Drivers/STM32F3xx_HAL_Driver/Src/stm32f3xx_hal_tim_ex.c ****   {
 3146              		.loc 1 1191 46 discriminator 5 view .LVU905
 3147 0094 0829     		cmp	r1, #8
 3148 0096 0DD0     		beq	.L258
1191:Drivers/STM32F3xx_HAL_Driver/Src/stm32f3xx_hal_tim_ex.c ****   {
 3149              		.loc 1 1191 7 discriminator 8 view .LVU906
 3150 0098 94F84730 		ldrb	r3, [r4, #71]	@ zero_extendqisi2
 3151 009c DBB2     		uxtb	r3, r3
1191:Drivers/STM32F3xx_HAL_Driver/Src/stm32f3xx_hal_tim_ex.c ****   {
 3152              		.loc 1 1191 46 discriminator 8 view .LVU907
 3153 009e 013B     		subs	r3, r3, #1
 3154 00a0 18BF     		it	ne
 3155 00a2 0123     		movne	r3, #1
 3156 00a4 B7E7     		b	.L239
 3157              	.L257:
1191:Drivers/STM32F3xx_HAL_Driver/Src/stm32f3xx_hal_tim_ex.c ****   {
 3158              		.loc 1 1191 7 discriminator 4 view .LVU908
 3159 00a6 94F84530 		ldrb	r3, [r4, #69]	@ zero_extendqisi2
 3160 00aa DBB2     		uxtb	r3, r3
1191:Drivers/STM32F3xx_HAL_Driver/Src/stm32f3xx_hal_tim_ex.c ****   {
 3161              		.loc 1 1191 46 discriminator 4 view .LVU909
 3162 00ac 013B     		subs	r3, r3, #1
 3163 00ae 18BF     		it	ne
 3164 00b0 0123     		movne	r3, #1
 3165 00b2 B0E7     		b	.L239
 3166              	.L258:
1191:Drivers/STM32F3xx_HAL_Driver/Src/stm32f3xx_hal_tim_ex.c ****   {
 3167              		.loc 1 1191 7 discriminator 7 view .LVU910
 3168 00b4 94F84630 		ldrb	r3, [r4, #70]	@ zero_extendqisi2
 3169 00b8 DBB2     		uxtb	r3, r3
1191:Drivers/STM32F3xx_HAL_Driver/Src/stm32f3xx_hal_tim_ex.c ****   {
 3170              		.loc 1 1191 46 discriminator 7 view .LVU911
 3171 00ba 013B     		subs	r3, r3, #1
 3172 00bc 18BF     		it	ne
 3173 00be 0123     		movne	r3, #1
 3174 00c0 A9E7     		b	.L239
 3175              	.L243:
ARM GAS  /tmp/ccZqO8pD.s 			page 116


1197:Drivers/STM32F3xx_HAL_Driver/Src/stm32f3xx_hal_tim_ex.c **** 
 3176              		.loc 1 1197 3 discriminator 2 view .LVU912
 3177 00c2 0428     		cmp	r0, #4
 3178 00c4 0CD0     		beq	.L259
1197:Drivers/STM32F3xx_HAL_Driver/Src/stm32f3xx_hal_tim_ex.c **** 
 3179              		.loc 1 1197 3 discriminator 4 view .LVU913
 3180 00c6 0828     		cmp	r0, #8
 3181 00c8 13D0     		beq	.L260
1197:Drivers/STM32F3xx_HAL_Driver/Src/stm32f3xx_hal_tim_ex.c **** 
 3182              		.loc 1 1197 3 discriminator 7 view .LVU914
 3183 00ca 0223     		movs	r3, #2
 3184 00cc 84F84730 		strb	r3, [r4, #71]
1199:Drivers/STM32F3xx_HAL_Driver/Src/stm32f3xx_hal_tim_ex.c ****   {
 3185              		.loc 1 1199 3 is_stmt 1 view .LVU915
 3186 00d0 0428     		cmp	r0, #4
 3187 00d2 08D0     		beq	.L246
 3188 00d4 0828     		cmp	r0, #8
 3189 00d6 0FD0     		beq	.L248
 3190 00d8 0028     		cmp	r0, #0
 3191 00da A4D0     		beq	.L244
 3192 00dc 0120     		movs	r0, #1
 3193              	.LVL207:
1199:Drivers/STM32F3xx_HAL_Driver/Src/stm32f3xx_hal_tim_ex.c ****   {
 3194              		.loc 1 1199 3 is_stmt 0 view .LVU916
 3195 00de 20E0     		b	.L242
 3196              	.LVL208:
 3197              	.L259:
1197:Drivers/STM32F3xx_HAL_Driver/Src/stm32f3xx_hal_tim_ex.c **** 
 3198              		.loc 1 1197 3 discriminator 3 view .LVU917
 3199 00e0 0223     		movs	r3, #2
 3200 00e2 84F84530 		strb	r3, [r4, #69]
1199:Drivers/STM32F3xx_HAL_Driver/Src/stm32f3xx_hal_tim_ex.c ****   {
 3201              		.loc 1 1199 3 is_stmt 1 view .LVU918
 3202              	.L246:
1211:Drivers/STM32F3xx_HAL_Driver/Src/stm32f3xx_hal_tim_ex.c ****       break;
 3203              		.loc 1 1211 7 view .LVU919
 3204 00e6 2268     		ldr	r2, [r4]
 3205 00e8 D368     		ldr	r3, [r2, #12]
 3206 00ea 43F00403 		orr	r3, r3, #4
 3207 00ee D360     		str	r3, [r2, #12]
1212:Drivers/STM32F3xx_HAL_Driver/Src/stm32f3xx_hal_tim_ex.c ****     }
 3208              		.loc 1 1212 7 view .LVU920
1227:Drivers/STM32F3xx_HAL_Driver/Src/stm32f3xx_hal_tim_ex.c ****   {
 3209              		.loc 1 1227 3 view .LVU921
 3210 00f0 9EE7     		b	.L249
 3211              	.L260:
1197:Drivers/STM32F3xx_HAL_Driver/Src/stm32f3xx_hal_tim_ex.c **** 
 3212              		.loc 1 1197 3 is_stmt 0 discriminator 6 view .LVU922
 3213 00f2 0223     		movs	r3, #2
 3214 00f4 84F84630 		strb	r3, [r4, #70]
1199:Drivers/STM32F3xx_HAL_Driver/Src/stm32f3xx_hal_tim_ex.c ****   {
 3215              		.loc 1 1199 3 is_stmt 1 view .LVU923
 3216              	.L248:
1218:Drivers/STM32F3xx_HAL_Driver/Src/stm32f3xx_hal_tim_ex.c ****       break;
 3217              		.loc 1 1218 7 view .LVU924
 3218 00f8 2268     		ldr	r2, [r4]
 3219 00fa D368     		ldr	r3, [r2, #12]
ARM GAS  /tmp/ccZqO8pD.s 			page 117


 3220 00fc 43F00803 		orr	r3, r3, #8
 3221 0100 D360     		str	r3, [r2, #12]
1219:Drivers/STM32F3xx_HAL_Driver/Src/stm32f3xx_hal_tim_ex.c ****     }
 3222              		.loc 1 1219 7 view .LVU925
1227:Drivers/STM32F3xx_HAL_Driver/Src/stm32f3xx_hal_tim_ex.c ****   {
 3223              		.loc 1 1227 3 view .LVU926
 3224 0102 95E7     		b	.L249
 3225              	.LVL209:
 3226              	.L250:
1241:Drivers/STM32F3xx_HAL_Driver/Src/stm32f3xx_hal_tim_ex.c ****       if (!IS_TIM_SLAVEMODE_TRIGGER_ENABLED(tmpsmcr))
 3227              		.loc 1 1241 7 view .LVU927
1241:Drivers/STM32F3xx_HAL_Driver/Src/stm32f3xx_hal_tim_ex.c ****       if (!IS_TIM_SLAVEMODE_TRIGGER_ENABLED(tmpsmcr))
 3228              		.loc 1 1241 31 is_stmt 0 view .LVU928
 3229 0104 9968     		ldr	r1, [r3, #8]
1241:Drivers/STM32F3xx_HAL_Driver/Src/stm32f3xx_hal_tim_ex.c ****       if (!IS_TIM_SLAVEMODE_TRIGGER_ENABLED(tmpsmcr))
 3230              		.loc 1 1241 15 view .LVU929
 3231 0106 0A4A     		ldr	r2, .L261+4
 3232 0108 0A40     		ands	r2, r2, r1
 3233              	.LVL210:
1242:Drivers/STM32F3xx_HAL_Driver/Src/stm32f3xx_hal_tim_ex.c ****       {
 3234              		.loc 1 1242 7 is_stmt 1 view .LVU930
1242:Drivers/STM32F3xx_HAL_Driver/Src/stm32f3xx_hal_tim_ex.c ****       {
 3235              		.loc 1 1242 10 is_stmt 0 view .LVU931
 3236 010a 062A     		cmp	r2, #6
 3237 010c 0AD0     		beq	.L254
1242:Drivers/STM32F3xx_HAL_Driver/Src/stm32f3xx_hal_tim_ex.c ****       {
 3238              		.loc 1 1242 11 discriminator 1 view .LVU932
 3239 010e B2F5803F 		cmp	r2, #65536
 3240 0112 09D0     		beq	.L255
1244:Drivers/STM32F3xx_HAL_Driver/Src/stm32f3xx_hal_tim_ex.c ****       }
 3241              		.loc 1 1244 9 is_stmt 1 view .LVU933
 3242 0114 1A68     		ldr	r2, [r3]
 3243              	.LVL211:
1244:Drivers/STM32F3xx_HAL_Driver/Src/stm32f3xx_hal_tim_ex.c ****       }
 3244              		.loc 1 1244 9 is_stmt 0 view .LVU934
 3245 0116 42F00102 		orr	r2, r2, #1
 3246 011a 1A60     		str	r2, [r3]
 3247 011c 0020     		movs	r0, #0
 3248 011e 00E0     		b	.L242
 3249              	.LVL212:
 3250              	.L252:
1193:Drivers/STM32F3xx_HAL_Driver/Src/stm32f3xx_hal_tim_ex.c ****   }
 3251              		.loc 1 1193 12 view .LVU935
 3252 0120 0120     		movs	r0, #1
 3253              	.LVL213:
 3254              	.L242:
1255:Drivers/STM32F3xx_HAL_Driver/Src/stm32f3xx_hal_tim_ex.c **** 
 3255              		.loc 1 1255 1 view .LVU936
 3256 0122 10BD     		pop	{r4, pc}
 3257              	.LVL214:
 3258              	.L254:
1255:Drivers/STM32F3xx_HAL_Driver/Src/stm32f3xx_hal_tim_ex.c **** 
 3259              		.loc 1 1255 1 view .LVU937
 3260 0124 0020     		movs	r0, #0
 3261 0126 FCE7     		b	.L242
 3262              	.L255:
 3263 0128 0020     		movs	r0, #0
ARM GAS  /tmp/ccZqO8pD.s 			page 118


 3264 012a FAE7     		b	.L242
 3265              	.L262:
 3266              		.align	2
 3267              	.L261:
 3268 012c 002C0140 		.word	1073818624
 3269 0130 07000100 		.word	65543
 3270              		.cfi_endproc
 3271              	.LFE148:
 3273              		.section	.text.HAL_TIMEx_PWMN_Stop_IT,"ax",%progbits
 3274              		.align	1
 3275              		.global	HAL_TIMEx_PWMN_Stop_IT
 3276              		.syntax unified
 3277              		.thumb
 3278              		.thumb_func
 3280              	HAL_TIMEx_PWMN_Stop_IT:
 3281              	.LVL215:
 3282              	.LFB149:
1269:Drivers/STM32F3xx_HAL_Driver/Src/stm32f3xx_hal_tim_ex.c ****   HAL_StatusTypeDef status = HAL_OK;
 3283              		.loc 1 1269 1 is_stmt 1 view -0
 3284              		.cfi_startproc
 3285              		@ args = 0, pretend = 0, frame = 0
 3286              		@ frame_needed = 0, uses_anonymous_args = 0
1269:Drivers/STM32F3xx_HAL_Driver/Src/stm32f3xx_hal_tim_ex.c ****   HAL_StatusTypeDef status = HAL_OK;
 3287              		.loc 1 1269 1 is_stmt 0 view .LVU939
 3288 0000 38B5     		push	{r3, r4, r5, lr}
 3289              	.LCFI23:
 3290              		.cfi_def_cfa_offset 16
 3291              		.cfi_offset 3, -16
 3292              		.cfi_offset 4, -12
 3293              		.cfi_offset 5, -8
 3294              		.cfi_offset 14, -4
 3295 0002 0446     		mov	r4, r0
 3296 0004 0D46     		mov	r5, r1
1270:Drivers/STM32F3xx_HAL_Driver/Src/stm32f3xx_hal_tim_ex.c ****   uint32_t tmpccer;
 3297              		.loc 1 1270 3 is_stmt 1 view .LVU940
 3298              	.LVL216:
1271:Drivers/STM32F3xx_HAL_Driver/Src/stm32f3xx_hal_tim_ex.c **** 
 3299              		.loc 1 1271 3 view .LVU941
1274:Drivers/STM32F3xx_HAL_Driver/Src/stm32f3xx_hal_tim_ex.c **** 
 3300              		.loc 1 1274 3 view .LVU942
1276:Drivers/STM32F3xx_HAL_Driver/Src/stm32f3xx_hal_tim_ex.c ****   {
 3301              		.loc 1 1276 3 view .LVU943
 3302 0006 0429     		cmp	r1, #4
 3303 0008 3BD0     		beq	.L264
 3304 000a 0829     		cmp	r1, #8
 3305 000c 3FD0     		beq	.L265
 3306 000e 0029     		cmp	r1, #0
 3307 0010 56D1     		bne	.L274
1281:Drivers/STM32F3xx_HAL_Driver/Src/stm32f3xx_hal_tim_ex.c ****       break;
 3308              		.loc 1 1281 7 view .LVU944
 3309 0012 0268     		ldr	r2, [r0]
 3310 0014 D368     		ldr	r3, [r2, #12]
 3311 0016 23F00203 		bic	r3, r3, #2
 3312 001a D360     		str	r3, [r2, #12]
1282:Drivers/STM32F3xx_HAL_Driver/Src/stm32f3xx_hal_tim_ex.c ****     }
 3313              		.loc 1 1282 7 view .LVU945
1304:Drivers/STM32F3xx_HAL_Driver/Src/stm32f3xx_hal_tim_ex.c ****   {
ARM GAS  /tmp/ccZqO8pD.s 			page 119


 3314              		.loc 1 1304 3 view .LVU946
 3315              	.L267:
1307:Drivers/STM32F3xx_HAL_Driver/Src/stm32f3xx_hal_tim_ex.c **** 
 3316              		.loc 1 1307 5 view .LVU947
 3317 001c 0022     		movs	r2, #0
 3318 001e 2946     		mov	r1, r5
 3319              	.LVL217:
1307:Drivers/STM32F3xx_HAL_Driver/Src/stm32f3xx_hal_tim_ex.c **** 
 3320              		.loc 1 1307 5 is_stmt 0 view .LVU948
 3321 0020 2068     		ldr	r0, [r4]
 3322              	.LVL218:
1307:Drivers/STM32F3xx_HAL_Driver/Src/stm32f3xx_hal_tim_ex.c **** 
 3323              		.loc 1 1307 5 view .LVU949
 3324 0022 FFF7FEFF 		bl	TIM_CCxNChannelCmd
 3325              	.LVL219:
1310:Drivers/STM32F3xx_HAL_Driver/Src/stm32f3xx_hal_tim_ex.c ****     if ((tmpccer & TIM_CCER_CCxNE_MASK) == (uint32_t)RESET)
 3326              		.loc 1 1310 5 is_stmt 1 view .LVU950
1310:Drivers/STM32F3xx_HAL_Driver/Src/stm32f3xx_hal_tim_ex.c ****     if ((tmpccer & TIM_CCER_CCxNE_MASK) == (uint32_t)RESET)
 3327              		.loc 1 1310 19 is_stmt 0 view .LVU951
 3328 0026 2368     		ldr	r3, [r4]
1310:Drivers/STM32F3xx_HAL_Driver/Src/stm32f3xx_hal_tim_ex.c ****     if ((tmpccer & TIM_CCER_CCxNE_MASK) == (uint32_t)RESET)
 3329              		.loc 1 1310 13 view .LVU952
 3330 0028 196A     		ldr	r1, [r3, #32]
 3331              	.LVL220:
1311:Drivers/STM32F3xx_HAL_Driver/Src/stm32f3xx_hal_tim_ex.c ****     {
 3332              		.loc 1 1311 5 is_stmt 1 view .LVU953
1311:Drivers/STM32F3xx_HAL_Driver/Src/stm32f3xx_hal_tim_ex.c ****     {
 3333              		.loc 1 1311 8 is_stmt 0 view .LVU954
 3334 002a 40F24442 		movw	r2, #1092
 3335 002e 1142     		tst	r1, r2
 3336 0030 03D1     		bne	.L268
1313:Drivers/STM32F3xx_HAL_Driver/Src/stm32f3xx_hal_tim_ex.c ****     }
 3337              		.loc 1 1313 7 is_stmt 1 view .LVU955
 3338 0032 DA68     		ldr	r2, [r3, #12]
 3339 0034 22F08002 		bic	r2, r2, #128
 3340 0038 DA60     		str	r2, [r3, #12]
 3341              	.L268:
1317:Drivers/STM32F3xx_HAL_Driver/Src/stm32f3xx_hal_tim_ex.c **** 
 3342              		.loc 1 1317 5 view .LVU956
1317:Drivers/STM32F3xx_HAL_Driver/Src/stm32f3xx_hal_tim_ex.c **** 
 3343              		.loc 1 1317 5 view .LVU957
 3344 003a 2368     		ldr	r3, [r4]
 3345 003c 196A     		ldr	r1, [r3, #32]
 3346              	.LVL221:
1317:Drivers/STM32F3xx_HAL_Driver/Src/stm32f3xx_hal_tim_ex.c **** 
 3347              		.loc 1 1317 5 is_stmt 0 view .LVU958
 3348 003e 41F21112 		movw	r2, #4369
 3349 0042 1142     		tst	r1, r2
 3350 0044 08D1     		bne	.L269
1317:Drivers/STM32F3xx_HAL_Driver/Src/stm32f3xx_hal_tim_ex.c **** 
 3351              		.loc 1 1317 5 is_stmt 1 discriminator 1 view .LVU959
 3352 0046 196A     		ldr	r1, [r3, #32]
 3353 0048 40F24442 		movw	r2, #1092
 3354 004c 1142     		tst	r1, r2
 3355 004e 03D1     		bne	.L269
1317:Drivers/STM32F3xx_HAL_Driver/Src/stm32f3xx_hal_tim_ex.c **** 
 3356              		.loc 1 1317 5 discriminator 3 view .LVU960
ARM GAS  /tmp/ccZqO8pD.s 			page 120


 3357 0050 5A6C     		ldr	r2, [r3, #68]
 3358 0052 22F40042 		bic	r2, r2, #32768
 3359 0056 5A64     		str	r2, [r3, #68]
 3360              	.L269:
1317:Drivers/STM32F3xx_HAL_Driver/Src/stm32f3xx_hal_tim_ex.c **** 
 3361              		.loc 1 1317 5 discriminator 5 view .LVU961
1320:Drivers/STM32F3xx_HAL_Driver/Src/stm32f3xx_hal_tim_ex.c **** 
 3362              		.loc 1 1320 5 view .LVU962
1320:Drivers/STM32F3xx_HAL_Driver/Src/stm32f3xx_hal_tim_ex.c **** 
 3363              		.loc 1 1320 5 view .LVU963
 3364 0058 2368     		ldr	r3, [r4]
 3365 005a 196A     		ldr	r1, [r3, #32]
 3366 005c 41F21112 		movw	r2, #4369
 3367 0060 1142     		tst	r1, r2
 3368 0062 08D1     		bne	.L270
1320:Drivers/STM32F3xx_HAL_Driver/Src/stm32f3xx_hal_tim_ex.c **** 
 3369              		.loc 1 1320 5 discriminator 1 view .LVU964
 3370 0064 196A     		ldr	r1, [r3, #32]
 3371 0066 40F24442 		movw	r2, #1092
 3372 006a 1142     		tst	r1, r2
 3373 006c 03D1     		bne	.L270
1320:Drivers/STM32F3xx_HAL_Driver/Src/stm32f3xx_hal_tim_ex.c **** 
 3374              		.loc 1 1320 5 discriminator 3 view .LVU965
 3375 006e 1A68     		ldr	r2, [r3]
 3376 0070 22F00102 		bic	r2, r2, #1
 3377 0074 1A60     		str	r2, [r3]
 3378              	.L270:
1320:Drivers/STM32F3xx_HAL_Driver/Src/stm32f3xx_hal_tim_ex.c **** 
 3379              		.loc 1 1320 5 discriminator 5 view .LVU966
1323:Drivers/STM32F3xx_HAL_Driver/Src/stm32f3xx_hal_tim_ex.c ****   }
 3380              		.loc 1 1323 5 view .LVU967
 3381 0076 85B9     		cbnz	r5, .L271
1323:Drivers/STM32F3xx_HAL_Driver/Src/stm32f3xx_hal_tim_ex.c ****   }
 3382              		.loc 1 1323 5 is_stmt 0 discriminator 1 view .LVU968
 3383 0078 0123     		movs	r3, #1
 3384 007a 84F84430 		strb	r3, [r4, #68]
 3385 007e 0020     		movs	r0, #0
 3386              	.LVL222:
 3387              	.L266:
1327:Drivers/STM32F3xx_HAL_Driver/Src/stm32f3xx_hal_tim_ex.c **** }
 3388              		.loc 1 1327 3 is_stmt 1 view .LVU969
1328:Drivers/STM32F3xx_HAL_Driver/Src/stm32f3xx_hal_tim_ex.c **** 
 3389              		.loc 1 1328 1 is_stmt 0 view .LVU970
 3390 0080 38BD     		pop	{r3, r4, r5, pc}
 3391              	.LVL223:
 3392              	.L264:
1288:Drivers/STM32F3xx_HAL_Driver/Src/stm32f3xx_hal_tim_ex.c ****       break;
 3393              		.loc 1 1288 7 is_stmt 1 view .LVU971
 3394 0082 0268     		ldr	r2, [r0]
 3395 0084 D368     		ldr	r3, [r2, #12]
 3396 0086 23F00403 		bic	r3, r3, #4
 3397 008a D360     		str	r3, [r2, #12]
1289:Drivers/STM32F3xx_HAL_Driver/Src/stm32f3xx_hal_tim_ex.c ****     }
 3398              		.loc 1 1289 7 view .LVU972
1304:Drivers/STM32F3xx_HAL_Driver/Src/stm32f3xx_hal_tim_ex.c ****   {
 3399              		.loc 1 1304 3 view .LVU973
 3400 008c C6E7     		b	.L267
ARM GAS  /tmp/ccZqO8pD.s 			page 121


 3401              	.L265:
1295:Drivers/STM32F3xx_HAL_Driver/Src/stm32f3xx_hal_tim_ex.c ****       break;
 3402              		.loc 1 1295 7 view .LVU974
 3403 008e 0268     		ldr	r2, [r0]
 3404 0090 D368     		ldr	r3, [r2, #12]
 3405 0092 23F00803 		bic	r3, r3, #8
 3406 0096 D360     		str	r3, [r2, #12]
1296:Drivers/STM32F3xx_HAL_Driver/Src/stm32f3xx_hal_tim_ex.c ****     }
 3407              		.loc 1 1296 7 view .LVU975
1304:Drivers/STM32F3xx_HAL_Driver/Src/stm32f3xx_hal_tim_ex.c ****   {
 3408              		.loc 1 1304 3 view .LVU976
 3409 0098 C0E7     		b	.L267
 3410              	.LVL224:
 3411              	.L271:
1323:Drivers/STM32F3xx_HAL_Driver/Src/stm32f3xx_hal_tim_ex.c ****   }
 3412              		.loc 1 1323 5 is_stmt 0 discriminator 2 view .LVU977
 3413 009a 042D     		cmp	r5, #4
 3414 009c 06D0     		beq	.L276
1323:Drivers/STM32F3xx_HAL_Driver/Src/stm32f3xx_hal_tim_ex.c ****   }
 3415              		.loc 1 1323 5 discriminator 4 view .LVU978
 3416 009e 082D     		cmp	r5, #8
 3417 00a0 09D0     		beq	.L277
1323:Drivers/STM32F3xx_HAL_Driver/Src/stm32f3xx_hal_tim_ex.c ****   }
 3418              		.loc 1 1323 5 discriminator 7 view .LVU979
 3419 00a2 0123     		movs	r3, #1
 3420 00a4 84F84730 		strb	r3, [r4, #71]
 3421 00a8 0020     		movs	r0, #0
 3422 00aa E9E7     		b	.L266
 3423              	.L276:
1323:Drivers/STM32F3xx_HAL_Driver/Src/stm32f3xx_hal_tim_ex.c ****   }
 3424              		.loc 1 1323 5 discriminator 3 view .LVU980
 3425 00ac 0123     		movs	r3, #1
 3426 00ae 84F84530 		strb	r3, [r4, #69]
 3427 00b2 0020     		movs	r0, #0
 3428 00b4 E4E7     		b	.L266
 3429              	.L277:
1323:Drivers/STM32F3xx_HAL_Driver/Src/stm32f3xx_hal_tim_ex.c ****   }
 3430              		.loc 1 1323 5 discriminator 6 view .LVU981
 3431 00b6 0123     		movs	r3, #1
 3432 00b8 84F84630 		strb	r3, [r4, #70]
 3433 00bc 0020     		movs	r0, #0
 3434 00be DFE7     		b	.L266
 3435              	.LVL225:
 3436              	.L274:
1276:Drivers/STM32F3xx_HAL_Driver/Src/stm32f3xx_hal_tim_ex.c ****   {
 3437              		.loc 1 1276 3 view .LVU982
 3438 00c0 0120     		movs	r0, #1
 3439              	.LVL226:
1276:Drivers/STM32F3xx_HAL_Driver/Src/stm32f3xx_hal_tim_ex.c ****   {
 3440              		.loc 1 1276 3 view .LVU983
 3441 00c2 DDE7     		b	.L266
 3442              		.cfi_endproc
 3443              	.LFE149:
 3445              		.section	.text.HAL_TIMEx_PWMN_Start_DMA,"ax",%progbits
 3446              		.align	1
 3447              		.global	HAL_TIMEx_PWMN_Start_DMA
 3448              		.syntax unified
ARM GAS  /tmp/ccZqO8pD.s 			page 122


 3449              		.thumb
 3450              		.thumb_func
 3452              	HAL_TIMEx_PWMN_Start_DMA:
 3453              	.LVL227:
 3454              	.LFB150:
1345:Drivers/STM32F3xx_HAL_Driver/Src/stm32f3xx_hal_tim_ex.c ****   HAL_StatusTypeDef status = HAL_OK;
 3455              		.loc 1 1345 1 is_stmt 1 view -0
 3456              		.cfi_startproc
 3457              		@ args = 0, pretend = 0, frame = 0
 3458              		@ frame_needed = 0, uses_anonymous_args = 0
1345:Drivers/STM32F3xx_HAL_Driver/Src/stm32f3xx_hal_tim_ex.c ****   HAL_StatusTypeDef status = HAL_OK;
 3459              		.loc 1 1345 1 is_stmt 0 view .LVU985
 3460 0000 70B5     		push	{r4, r5, r6, lr}
 3461              	.LCFI24:
 3462              		.cfi_def_cfa_offset 16
 3463              		.cfi_offset 4, -16
 3464              		.cfi_offset 5, -12
 3465              		.cfi_offset 6, -8
 3466              		.cfi_offset 14, -4
 3467 0002 0446     		mov	r4, r0
 3468 0004 1646     		mov	r6, r2
1346:Drivers/STM32F3xx_HAL_Driver/Src/stm32f3xx_hal_tim_ex.c ****   uint32_t tmpsmcr;
 3469              		.loc 1 1346 3 is_stmt 1 view .LVU986
 3470              	.LVL228:
1347:Drivers/STM32F3xx_HAL_Driver/Src/stm32f3xx_hal_tim_ex.c **** 
 3471              		.loc 1 1347 3 view .LVU987
1350:Drivers/STM32F3xx_HAL_Driver/Src/stm32f3xx_hal_tim_ex.c **** 
 3472              		.loc 1 1350 3 view .LVU988
1353:Drivers/STM32F3xx_HAL_Driver/Src/stm32f3xx_hal_tim_ex.c ****   {
 3473              		.loc 1 1353 3 view .LVU989
1353:Drivers/STM32F3xx_HAL_Driver/Src/stm32f3xx_hal_tim_ex.c ****   {
 3474              		.loc 1 1353 46 is_stmt 0 view .LVU990
 3475 0006 0D46     		mov	r5, r1
 3476 0008 0029     		cmp	r1, #0
 3477 000a 6AD1     		bne	.L279
1353:Drivers/STM32F3xx_HAL_Driver/Src/stm32f3xx_hal_tim_ex.c ****   {
 3478              		.loc 1 1353 7 discriminator 1 view .LVU991
 3479 000c 90F84400 		ldrb	r0, [r0, #68]	@ zero_extendqisi2
 3480              	.LVL229:
1353:Drivers/STM32F3xx_HAL_Driver/Src/stm32f3xx_hal_tim_ex.c ****   {
 3481              		.loc 1 1353 7 discriminator 1 view .LVU992
 3482 0010 C0B2     		uxtb	r0, r0
1353:Drivers/STM32F3xx_HAL_Driver/Src/stm32f3xx_hal_tim_ex.c ****   {
 3483              		.loc 1 1353 46 discriminator 1 view .LVU993
 3484 0012 0228     		cmp	r0, #2
 3485 0014 14BF     		ite	ne
 3486 0016 0020     		movne	r0, #0
 3487 0018 0120     		moveq	r0, #1
 3488              	.L280:
1353:Drivers/STM32F3xx_HAL_Driver/Src/stm32f3xx_hal_tim_ex.c ****   {
 3489              		.loc 1 1353 6 discriminator 12 view .LVU994
 3490 001a 0028     		cmp	r0, #0
 3491 001c 40F0EA80 		bne	.L297
1357:Drivers/STM32F3xx_HAL_Driver/Src/stm32f3xx_hal_tim_ex.c ****   {
 3492              		.loc 1 1357 8 is_stmt 1 view .LVU995
1357:Drivers/STM32F3xx_HAL_Driver/Src/stm32f3xx_hal_tim_ex.c ****   {
 3493              		.loc 1 1357 51 is_stmt 0 view .LVU996
ARM GAS  /tmp/ccZqO8pD.s 			page 123


 3494 0020 002D     		cmp	r5, #0
 3495 0022 7AD1     		bne	.L284
1357:Drivers/STM32F3xx_HAL_Driver/Src/stm32f3xx_hal_tim_ex.c ****   {
 3496              		.loc 1 1357 12 discriminator 1 view .LVU997
 3497 0024 94F84420 		ldrb	r2, [r4, #68]	@ zero_extendqisi2
 3498              	.LVL230:
1357:Drivers/STM32F3xx_HAL_Driver/Src/stm32f3xx_hal_tim_ex.c ****   {
 3499              		.loc 1 1357 12 discriminator 1 view .LVU998
 3500 0028 D2B2     		uxtb	r2, r2
1357:Drivers/STM32F3xx_HAL_Driver/Src/stm32f3xx_hal_tim_ex.c ****   {
 3501              		.loc 1 1357 51 discriminator 1 view .LVU999
 3502 002a 012A     		cmp	r2, #1
 3503 002c 14BF     		ite	ne
 3504 002e 0022     		movne	r2, #0
 3505 0030 0122     		moveq	r2, #1
 3506              	.L285:
1357:Drivers/STM32F3xx_HAL_Driver/Src/stm32f3xx_hal_tim_ex.c ****   {
 3507              		.loc 1 1357 11 discriminator 12 view .LVU1000
 3508 0032 002A     		cmp	r2, #0
 3509 0034 00F0E080 		beq	.L298
1359:Drivers/STM32F3xx_HAL_Driver/Src/stm32f3xx_hal_tim_ex.c ****     {
 3510              		.loc 1 1359 5 is_stmt 1 view .LVU1001
1359:Drivers/STM32F3xx_HAL_Driver/Src/stm32f3xx_hal_tim_ex.c ****     {
 3511              		.loc 1 1359 8 is_stmt 0 view .LVU1002
 3512 0038 002E     		cmp	r6, #0
 3513 003a 00F0DF80 		beq	.L299
1359:Drivers/STM32F3xx_HAL_Driver/Src/stm32f3xx_hal_tim_ex.c ****     {
 3514              		.loc 1 1359 25 discriminator 1 view .LVU1003
 3515 003e 002B     		cmp	r3, #0
 3516 0040 00F0DE80 		beq	.L300
1365:Drivers/STM32F3xx_HAL_Driver/Src/stm32f3xx_hal_tim_ex.c ****     }
 3517              		.loc 1 1365 7 is_stmt 1 view .LVU1004
 3518 0044 002D     		cmp	r5, #0
 3519 0046 40F08480 		bne	.L288
1365:Drivers/STM32F3xx_HAL_Driver/Src/stm32f3xx_hal_tim_ex.c ****     }
 3520              		.loc 1 1365 7 is_stmt 0 discriminator 1 view .LVU1005
 3521 004a 0222     		movs	r2, #2
 3522 004c 84F84420 		strb	r2, [r4, #68]
1373:Drivers/STM32F3xx_HAL_Driver/Src/stm32f3xx_hal_tim_ex.c ****   {
 3523              		.loc 1 1373 3 is_stmt 1 view .LVU1006
 3524              	.L289:
1378:Drivers/STM32F3xx_HAL_Driver/Src/stm32f3xx_hal_tim_ex.c ****       htim->hdma[TIM_DMA_ID_CC1]->XferHalfCpltCallback = TIM_DMADelayPulseHalfCplt;
 3525              		.loc 1 1378 7 view .LVU1007
1378:Drivers/STM32F3xx_HAL_Driver/Src/stm32f3xx_hal_tim_ex.c ****       htim->hdma[TIM_DMA_ID_CC1]->XferHalfCpltCallback = TIM_DMADelayPulseHalfCplt;
 3526              		.loc 1 1378 17 is_stmt 0 view .LVU1008
 3527 0050 626A     		ldr	r2, [r4, #36]
1378:Drivers/STM32F3xx_HAL_Driver/Src/stm32f3xx_hal_tim_ex.c ****       htim->hdma[TIM_DMA_ID_CC1]->XferHalfCpltCallback = TIM_DMADelayPulseHalfCplt;
 3528              		.loc 1 1378 52 view .LVU1009
 3529 0052 7149     		ldr	r1, .L314
 3530              	.LVL231:
1378:Drivers/STM32F3xx_HAL_Driver/Src/stm32f3xx_hal_tim_ex.c ****       htim->hdma[TIM_DMA_ID_CC1]->XferHalfCpltCallback = TIM_DMADelayPulseHalfCplt;
 3531              		.loc 1 1378 52 view .LVU1010
 3532 0054 9162     		str	r1, [r2, #40]
1379:Drivers/STM32F3xx_HAL_Driver/Src/stm32f3xx_hal_tim_ex.c **** 
 3533              		.loc 1 1379 7 is_stmt 1 view .LVU1011
1379:Drivers/STM32F3xx_HAL_Driver/Src/stm32f3xx_hal_tim_ex.c **** 
 3534              		.loc 1 1379 17 is_stmt 0 view .LVU1012
ARM GAS  /tmp/ccZqO8pD.s 			page 124


 3535 0056 626A     		ldr	r2, [r4, #36]
1379:Drivers/STM32F3xx_HAL_Driver/Src/stm32f3xx_hal_tim_ex.c **** 
 3536              		.loc 1 1379 56 view .LVU1013
 3537 0058 7049     		ldr	r1, .L314+4
 3538 005a D162     		str	r1, [r2, #44]
1382:Drivers/STM32F3xx_HAL_Driver/Src/stm32f3xx_hal_tim_ex.c **** 
 3539              		.loc 1 1382 7 is_stmt 1 view .LVU1014
1382:Drivers/STM32F3xx_HAL_Driver/Src/stm32f3xx_hal_tim_ex.c **** 
 3540              		.loc 1 1382 17 is_stmt 0 view .LVU1015
 3541 005c 626A     		ldr	r2, [r4, #36]
1382:Drivers/STM32F3xx_HAL_Driver/Src/stm32f3xx_hal_tim_ex.c **** 
 3542              		.loc 1 1382 53 view .LVU1016
 3543 005e 7049     		ldr	r1, .L314+8
 3544 0060 1163     		str	r1, [r2, #48]
1385:Drivers/STM32F3xx_HAL_Driver/Src/stm32f3xx_hal_tim_ex.c ****                            Length) != HAL_OK)
 3545              		.loc 1 1385 7 is_stmt 1 view .LVU1017
1385:Drivers/STM32F3xx_HAL_Driver/Src/stm32f3xx_hal_tim_ex.c ****                            Length) != HAL_OK)
 3546              		.loc 1 1385 88 is_stmt 0 view .LVU1018
 3547 0062 2268     		ldr	r2, [r4]
1385:Drivers/STM32F3xx_HAL_Driver/Src/stm32f3xx_hal_tim_ex.c ****                            Length) != HAL_OK)
 3548              		.loc 1 1385 11 view .LVU1019
 3549 0064 3432     		adds	r2, r2, #52
 3550 0066 3146     		mov	r1, r6
 3551 0068 606A     		ldr	r0, [r4, #36]
 3552 006a FFF7FEFF 		bl	HAL_DMA_Start_IT
 3553              	.LVL232:
1385:Drivers/STM32F3xx_HAL_Driver/Src/stm32f3xx_hal_tim_ex.c ****                            Length) != HAL_OK)
 3554              		.loc 1 1385 10 discriminator 1 view .LVU1020
 3555 006e 0028     		cmp	r0, #0
 3556 0070 40F0C880 		bne	.L302
1392:Drivers/STM32F3xx_HAL_Driver/Src/stm32f3xx_hal_tim_ex.c ****       break;
 3557              		.loc 1 1392 7 is_stmt 1 view .LVU1021
 3558 0074 2268     		ldr	r2, [r4]
 3559 0076 D368     		ldr	r3, [r2, #12]
 3560 0078 43F40073 		orr	r3, r3, #512
 3561 007c D360     		str	r3, [r2, #12]
1393:Drivers/STM32F3xx_HAL_Driver/Src/stm32f3xx_hal_tim_ex.c ****     }
 3562              		.loc 1 1393 7 view .LVU1022
1443:Drivers/STM32F3xx_HAL_Driver/Src/stm32f3xx_hal_tim_ex.c ****   {
 3563              		.loc 1 1443 3 view .LVU1023
 3564              	.L294:
1446:Drivers/STM32F3xx_HAL_Driver/Src/stm32f3xx_hal_tim_ex.c **** 
 3565              		.loc 1 1446 5 view .LVU1024
 3566 007e 0422     		movs	r2, #4
 3567 0080 2946     		mov	r1, r5
 3568 0082 2068     		ldr	r0, [r4]
 3569 0084 FFF7FEFF 		bl	TIM_CCxNChannelCmd
 3570              	.LVL233:
1449:Drivers/STM32F3xx_HAL_Driver/Src/stm32f3xx_hal_tim_ex.c **** 
 3571              		.loc 1 1449 5 view .LVU1025
 3572 0088 2268     		ldr	r2, [r4]
 3573 008a 536C     		ldr	r3, [r2, #68]
 3574 008c 43F40043 		orr	r3, r3, #32768
 3575 0090 5364     		str	r3, [r2, #68]
1452:Drivers/STM32F3xx_HAL_Driver/Src/stm32f3xx_hal_tim_ex.c ****     {
 3576              		.loc 1 1452 5 view .LVU1026
1452:Drivers/STM32F3xx_HAL_Driver/Src/stm32f3xx_hal_tim_ex.c ****     {
ARM GAS  /tmp/ccZqO8pD.s 			page 125


 3577              		.loc 1 1452 9 is_stmt 0 view .LVU1027
 3578 0092 2368     		ldr	r3, [r4]
1452:Drivers/STM32F3xx_HAL_Driver/Src/stm32f3xx_hal_tim_ex.c ****     {
 3579              		.loc 1 1452 8 view .LVU1028
 3580 0094 634A     		ldr	r2, .L314+12
 3581 0096 9342     		cmp	r3, r2
 3582 0098 00F09E80 		beq	.L295
1452:Drivers/STM32F3xx_HAL_Driver/Src/stm32f3xx_hal_tim_ex.c ****     {
 3583              		.loc 1 1452 9 discriminator 1 view .LVU1029
 3584 009c B3F1804F 		cmp	r3, #1073741824
 3585 00a0 00F09A80 		beq	.L295
1452:Drivers/STM32F3xx_HAL_Driver/Src/stm32f3xx_hal_tim_ex.c ****     {
 3586              		.loc 1 1452 9 discriminator 2 view .LVU1030
 3587 00a4 A2F59432 		sub	r2, r2, #75776
 3588 00a8 9342     		cmp	r3, r2
 3589 00aa 00F09580 		beq	.L295
1452:Drivers/STM32F3xx_HAL_Driver/Src/stm32f3xx_hal_tim_ex.c ****     {
 3590              		.loc 1 1452 9 discriminator 3 view .LVU1031
 3591 00ae 02F58062 		add	r2, r2, #1024
 3592 00b2 9342     		cmp	r3, r2
 3593 00b4 00F09080 		beq	.L295
1452:Drivers/STM32F3xx_HAL_Driver/Src/stm32f3xx_hal_tim_ex.c ****     {
 3594              		.loc 1 1452 9 discriminator 4 view .LVU1032
 3595 00b8 02F59632 		add	r2, r2, #76800
 3596 00bc 9342     		cmp	r3, r2
 3597 00be 00F08B80 		beq	.L295
1452:Drivers/STM32F3xx_HAL_Driver/Src/stm32f3xx_hal_tim_ex.c ****     {
 3598              		.loc 1 1452 9 discriminator 5 view .LVU1033
 3599 00c2 02F54062 		add	r2, r2, #3072
 3600 00c6 9342     		cmp	r3, r2
 3601 00c8 00F08680 		beq	.L295
1452:Drivers/STM32F3xx_HAL_Driver/Src/stm32f3xx_hal_tim_ex.c ****     {
 3602              		.loc 1 1452 9 discriminator 6 view .LVU1034
 3603 00cc 02F58052 		add	r2, r2, #4096
 3604 00d0 9342     		cmp	r3, r2
 3605 00d2 00F08180 		beq	.L295
1462:Drivers/STM32F3xx_HAL_Driver/Src/stm32f3xx_hal_tim_ex.c ****     }
 3606              		.loc 1 1462 7 is_stmt 1 view .LVU1035
 3607 00d6 1A68     		ldr	r2, [r3]
 3608 00d8 42F00102 		orr	r2, r2, #1
 3609 00dc 1A60     		str	r2, [r3]
 3610 00de 0020     		movs	r0, #0
 3611 00e0 8BE0     		b	.L283
 3612              	.LVL234:
 3613              	.L279:
1353:Drivers/STM32F3xx_HAL_Driver/Src/stm32f3xx_hal_tim_ex.c ****   {
 3614              		.loc 1 1353 46 is_stmt 0 discriminator 2 view .LVU1036
 3615 00e2 0429     		cmp	r1, #4
 3616 00e4 09D0     		beq	.L308
1353:Drivers/STM32F3xx_HAL_Driver/Src/stm32f3xx_hal_tim_ex.c ****   {
 3617              		.loc 1 1353 46 discriminator 5 view .LVU1037
 3618 00e6 0829     		cmp	r1, #8
 3619 00e8 0FD0     		beq	.L309
1353:Drivers/STM32F3xx_HAL_Driver/Src/stm32f3xx_hal_tim_ex.c ****   {
 3620              		.loc 1 1353 7 discriminator 8 view .LVU1038
 3621 00ea 90F84700 		ldrb	r0, [r0, #71]	@ zero_extendqisi2
 3622              	.LVL235:
ARM GAS  /tmp/ccZqO8pD.s 			page 126


1353:Drivers/STM32F3xx_HAL_Driver/Src/stm32f3xx_hal_tim_ex.c ****   {
 3623              		.loc 1 1353 7 discriminator 8 view .LVU1039
 3624 00ee C0B2     		uxtb	r0, r0
1353:Drivers/STM32F3xx_HAL_Driver/Src/stm32f3xx_hal_tim_ex.c ****   {
 3625              		.loc 1 1353 46 discriminator 8 view .LVU1040
 3626 00f0 0228     		cmp	r0, #2
 3627 00f2 14BF     		ite	ne
 3628 00f4 0020     		movne	r0, #0
 3629 00f6 0120     		moveq	r0, #1
 3630 00f8 8FE7     		b	.L280
 3631              	.LVL236:
 3632              	.L308:
1353:Drivers/STM32F3xx_HAL_Driver/Src/stm32f3xx_hal_tim_ex.c ****   {
 3633              		.loc 1 1353 7 discriminator 4 view .LVU1041
 3634 00fa 90F84500 		ldrb	r0, [r0, #69]	@ zero_extendqisi2
 3635              	.LVL237:
1353:Drivers/STM32F3xx_HAL_Driver/Src/stm32f3xx_hal_tim_ex.c ****   {
 3636              		.loc 1 1353 7 discriminator 4 view .LVU1042
 3637 00fe C0B2     		uxtb	r0, r0
1353:Drivers/STM32F3xx_HAL_Driver/Src/stm32f3xx_hal_tim_ex.c ****   {
 3638              		.loc 1 1353 46 discriminator 4 view .LVU1043
 3639 0100 0228     		cmp	r0, #2
 3640 0102 14BF     		ite	ne
 3641 0104 0020     		movne	r0, #0
 3642 0106 0120     		moveq	r0, #1
 3643 0108 87E7     		b	.L280
 3644              	.LVL238:
 3645              	.L309:
1353:Drivers/STM32F3xx_HAL_Driver/Src/stm32f3xx_hal_tim_ex.c ****   {
 3646              		.loc 1 1353 7 discriminator 7 view .LVU1044
 3647 010a 90F84600 		ldrb	r0, [r0, #70]	@ zero_extendqisi2
 3648              	.LVL239:
1353:Drivers/STM32F3xx_HAL_Driver/Src/stm32f3xx_hal_tim_ex.c ****   {
 3649              		.loc 1 1353 7 discriminator 7 view .LVU1045
 3650 010e C0B2     		uxtb	r0, r0
1353:Drivers/STM32F3xx_HAL_Driver/Src/stm32f3xx_hal_tim_ex.c ****   {
 3651              		.loc 1 1353 46 discriminator 7 view .LVU1046
 3652 0110 0228     		cmp	r0, #2
 3653 0112 14BF     		ite	ne
 3654 0114 0020     		movne	r0, #0
 3655 0116 0120     		moveq	r0, #1
 3656 0118 7FE7     		b	.L280
 3657              	.L284:
1357:Drivers/STM32F3xx_HAL_Driver/Src/stm32f3xx_hal_tim_ex.c ****   {
 3658              		.loc 1 1357 51 discriminator 2 view .LVU1047
 3659 011a 042D     		cmp	r5, #4
 3660 011c 09D0     		beq	.L310
1357:Drivers/STM32F3xx_HAL_Driver/Src/stm32f3xx_hal_tim_ex.c ****   {
 3661              		.loc 1 1357 51 discriminator 5 view .LVU1048
 3662 011e 082D     		cmp	r5, #8
 3663 0120 0FD0     		beq	.L311
1357:Drivers/STM32F3xx_HAL_Driver/Src/stm32f3xx_hal_tim_ex.c ****   {
 3664              		.loc 1 1357 12 discriminator 8 view .LVU1049
 3665 0122 94F84720 		ldrb	r2, [r4, #71]	@ zero_extendqisi2
 3666              	.LVL240:
1357:Drivers/STM32F3xx_HAL_Driver/Src/stm32f3xx_hal_tim_ex.c ****   {
 3667              		.loc 1 1357 12 discriminator 8 view .LVU1050
ARM GAS  /tmp/ccZqO8pD.s 			page 127


 3668 0126 D2B2     		uxtb	r2, r2
1357:Drivers/STM32F3xx_HAL_Driver/Src/stm32f3xx_hal_tim_ex.c ****   {
 3669              		.loc 1 1357 51 discriminator 8 view .LVU1051
 3670 0128 012A     		cmp	r2, #1
 3671 012a 14BF     		ite	ne
 3672 012c 0022     		movne	r2, #0
 3673 012e 0122     		moveq	r2, #1
 3674 0130 7FE7     		b	.L285
 3675              	.LVL241:
 3676              	.L310:
1357:Drivers/STM32F3xx_HAL_Driver/Src/stm32f3xx_hal_tim_ex.c ****   {
 3677              		.loc 1 1357 12 discriminator 4 view .LVU1052
 3678 0132 94F84520 		ldrb	r2, [r4, #69]	@ zero_extendqisi2
 3679              	.LVL242:
1357:Drivers/STM32F3xx_HAL_Driver/Src/stm32f3xx_hal_tim_ex.c ****   {
 3680              		.loc 1 1357 12 discriminator 4 view .LVU1053
 3681 0136 D2B2     		uxtb	r2, r2
1357:Drivers/STM32F3xx_HAL_Driver/Src/stm32f3xx_hal_tim_ex.c ****   {
 3682              		.loc 1 1357 51 discriminator 4 view .LVU1054
 3683 0138 012A     		cmp	r2, #1
 3684 013a 14BF     		ite	ne
 3685 013c 0022     		movne	r2, #0
 3686 013e 0122     		moveq	r2, #1
 3687 0140 77E7     		b	.L285
 3688              	.LVL243:
 3689              	.L311:
1357:Drivers/STM32F3xx_HAL_Driver/Src/stm32f3xx_hal_tim_ex.c ****   {
 3690              		.loc 1 1357 12 discriminator 7 view .LVU1055
 3691 0142 94F84620 		ldrb	r2, [r4, #70]	@ zero_extendqisi2
 3692              	.LVL244:
1357:Drivers/STM32F3xx_HAL_Driver/Src/stm32f3xx_hal_tim_ex.c ****   {
 3693              		.loc 1 1357 12 discriminator 7 view .LVU1056
 3694 0146 D2B2     		uxtb	r2, r2
1357:Drivers/STM32F3xx_HAL_Driver/Src/stm32f3xx_hal_tim_ex.c ****   {
 3695              		.loc 1 1357 51 discriminator 7 view .LVU1057
 3696 0148 012A     		cmp	r2, #1
 3697 014a 14BF     		ite	ne
 3698 014c 0022     		movne	r2, #0
 3699 014e 0122     		moveq	r2, #1
 3700 0150 6FE7     		b	.L285
 3701              	.L288:
1365:Drivers/STM32F3xx_HAL_Driver/Src/stm32f3xx_hal_tim_ex.c ****     }
 3702              		.loc 1 1365 7 discriminator 2 view .LVU1058
 3703 0152 042D     		cmp	r5, #4
 3704 0154 0DD0     		beq	.L312
1365:Drivers/STM32F3xx_HAL_Driver/Src/stm32f3xx_hal_tim_ex.c ****     }
 3705              		.loc 1 1365 7 discriminator 4 view .LVU1059
 3706 0156 082D     		cmp	r5, #8
 3707 0158 25D0     		beq	.L313
1365:Drivers/STM32F3xx_HAL_Driver/Src/stm32f3xx_hal_tim_ex.c ****     }
 3708              		.loc 1 1365 7 discriminator 7 view .LVU1060
 3709 015a 0222     		movs	r2, #2
 3710 015c 84F84720 		strb	r2, [r4, #71]
1373:Drivers/STM32F3xx_HAL_Driver/Src/stm32f3xx_hal_tim_ex.c ****   {
 3711              		.loc 1 1373 3 is_stmt 1 view .LVU1061
 3712 0160 042D     		cmp	r5, #4
 3713 0162 09D0     		beq	.L291
ARM GAS  /tmp/ccZqO8pD.s 			page 128


 3714 0164 082D     		cmp	r5, #8
 3715 0166 21D0     		beq	.L293
 3716 0168 002D     		cmp	r5, #0
 3717 016a 3FF471AF 		beq	.L289
 3718 016e 0120     		movs	r0, #1
 3719 0170 43E0     		b	.L283
 3720              	.L312:
1365:Drivers/STM32F3xx_HAL_Driver/Src/stm32f3xx_hal_tim_ex.c ****     }
 3721              		.loc 1 1365 7 is_stmt 0 discriminator 3 view .LVU1062
 3722 0172 0222     		movs	r2, #2
 3723 0174 84F84520 		strb	r2, [r4, #69]
1373:Drivers/STM32F3xx_HAL_Driver/Src/stm32f3xx_hal_tim_ex.c ****   {
 3724              		.loc 1 1373 3 is_stmt 1 view .LVU1063
 3725              	.L291:
1399:Drivers/STM32F3xx_HAL_Driver/Src/stm32f3xx_hal_tim_ex.c ****       htim->hdma[TIM_DMA_ID_CC2]->XferHalfCpltCallback = TIM_DMADelayPulseHalfCplt;
 3726              		.loc 1 1399 7 view .LVU1064
1399:Drivers/STM32F3xx_HAL_Driver/Src/stm32f3xx_hal_tim_ex.c ****       htim->hdma[TIM_DMA_ID_CC2]->XferHalfCpltCallback = TIM_DMADelayPulseHalfCplt;
 3727              		.loc 1 1399 17 is_stmt 0 view .LVU1065
 3728 0178 A26A     		ldr	r2, [r4, #40]
1399:Drivers/STM32F3xx_HAL_Driver/Src/stm32f3xx_hal_tim_ex.c ****       htim->hdma[TIM_DMA_ID_CC2]->XferHalfCpltCallback = TIM_DMADelayPulseHalfCplt;
 3729              		.loc 1 1399 52 view .LVU1066
 3730 017a 2749     		ldr	r1, .L314
 3731              	.LVL245:
1399:Drivers/STM32F3xx_HAL_Driver/Src/stm32f3xx_hal_tim_ex.c ****       htim->hdma[TIM_DMA_ID_CC2]->XferHalfCpltCallback = TIM_DMADelayPulseHalfCplt;
 3732              		.loc 1 1399 52 view .LVU1067
 3733 017c 9162     		str	r1, [r2, #40]
1400:Drivers/STM32F3xx_HAL_Driver/Src/stm32f3xx_hal_tim_ex.c **** 
 3734              		.loc 1 1400 7 is_stmt 1 view .LVU1068
1400:Drivers/STM32F3xx_HAL_Driver/Src/stm32f3xx_hal_tim_ex.c **** 
 3735              		.loc 1 1400 17 is_stmt 0 view .LVU1069
 3736 017e A26A     		ldr	r2, [r4, #40]
1400:Drivers/STM32F3xx_HAL_Driver/Src/stm32f3xx_hal_tim_ex.c **** 
 3737              		.loc 1 1400 56 view .LVU1070
 3738 0180 2649     		ldr	r1, .L314+4
 3739 0182 D162     		str	r1, [r2, #44]
1403:Drivers/STM32F3xx_HAL_Driver/Src/stm32f3xx_hal_tim_ex.c **** 
 3740              		.loc 1 1403 7 is_stmt 1 view .LVU1071
1403:Drivers/STM32F3xx_HAL_Driver/Src/stm32f3xx_hal_tim_ex.c **** 
 3741              		.loc 1 1403 17 is_stmt 0 view .LVU1072
 3742 0184 A26A     		ldr	r2, [r4, #40]
1403:Drivers/STM32F3xx_HAL_Driver/Src/stm32f3xx_hal_tim_ex.c **** 
 3743              		.loc 1 1403 53 view .LVU1073
 3744 0186 2649     		ldr	r1, .L314+8
 3745 0188 1163     		str	r1, [r2, #48]
1406:Drivers/STM32F3xx_HAL_Driver/Src/stm32f3xx_hal_tim_ex.c ****                            Length) != HAL_OK)
 3746              		.loc 1 1406 7 is_stmt 1 view .LVU1074
1406:Drivers/STM32F3xx_HAL_Driver/Src/stm32f3xx_hal_tim_ex.c ****                            Length) != HAL_OK)
 3747              		.loc 1 1406 88 is_stmt 0 view .LVU1075
 3748 018a 2268     		ldr	r2, [r4]
1406:Drivers/STM32F3xx_HAL_Driver/Src/stm32f3xx_hal_tim_ex.c ****                            Length) != HAL_OK)
 3749              		.loc 1 1406 11 view .LVU1076
 3750 018c 3832     		adds	r2, r2, #56
 3751 018e 3146     		mov	r1, r6
 3752 0190 A06A     		ldr	r0, [r4, #40]
 3753 0192 FFF7FEFF 		bl	HAL_DMA_Start_IT
 3754              	.LVL246:
1406:Drivers/STM32F3xx_HAL_Driver/Src/stm32f3xx_hal_tim_ex.c ****                            Length) != HAL_OK)
ARM GAS  /tmp/ccZqO8pD.s 			page 129


 3755              		.loc 1 1406 10 discriminator 1 view .LVU1077
 3756 0196 0028     		cmp	r0, #0
 3757 0198 36D1     		bne	.L303
1413:Drivers/STM32F3xx_HAL_Driver/Src/stm32f3xx_hal_tim_ex.c ****       break;
 3758              		.loc 1 1413 7 is_stmt 1 view .LVU1078
 3759 019a 2268     		ldr	r2, [r4]
 3760 019c D368     		ldr	r3, [r2, #12]
 3761 019e 43F48063 		orr	r3, r3, #1024
 3762 01a2 D360     		str	r3, [r2, #12]
1414:Drivers/STM32F3xx_HAL_Driver/Src/stm32f3xx_hal_tim_ex.c ****     }
 3763              		.loc 1 1414 7 view .LVU1079
1443:Drivers/STM32F3xx_HAL_Driver/Src/stm32f3xx_hal_tim_ex.c ****   {
 3764              		.loc 1 1443 3 view .LVU1080
 3765 01a4 6BE7     		b	.L294
 3766              	.LVL247:
 3767              	.L313:
1365:Drivers/STM32F3xx_HAL_Driver/Src/stm32f3xx_hal_tim_ex.c ****     }
 3768              		.loc 1 1365 7 is_stmt 0 discriminator 6 view .LVU1081
 3769 01a6 0222     		movs	r2, #2
 3770 01a8 84F84620 		strb	r2, [r4, #70]
1373:Drivers/STM32F3xx_HAL_Driver/Src/stm32f3xx_hal_tim_ex.c ****   {
 3771              		.loc 1 1373 3 is_stmt 1 view .LVU1082
 3772              	.L293:
1420:Drivers/STM32F3xx_HAL_Driver/Src/stm32f3xx_hal_tim_ex.c ****       htim->hdma[TIM_DMA_ID_CC3]->XferHalfCpltCallback = TIM_DMADelayPulseHalfCplt;
 3773              		.loc 1 1420 7 view .LVU1083
1420:Drivers/STM32F3xx_HAL_Driver/Src/stm32f3xx_hal_tim_ex.c ****       htim->hdma[TIM_DMA_ID_CC3]->XferHalfCpltCallback = TIM_DMADelayPulseHalfCplt;
 3774              		.loc 1 1420 17 is_stmt 0 view .LVU1084
 3775 01ac E26A     		ldr	r2, [r4, #44]
1420:Drivers/STM32F3xx_HAL_Driver/Src/stm32f3xx_hal_tim_ex.c ****       htim->hdma[TIM_DMA_ID_CC3]->XferHalfCpltCallback = TIM_DMADelayPulseHalfCplt;
 3776              		.loc 1 1420 52 view .LVU1085
 3777 01ae 1A49     		ldr	r1, .L314
 3778              	.LVL248:
1420:Drivers/STM32F3xx_HAL_Driver/Src/stm32f3xx_hal_tim_ex.c ****       htim->hdma[TIM_DMA_ID_CC3]->XferHalfCpltCallback = TIM_DMADelayPulseHalfCplt;
 3779              		.loc 1 1420 52 view .LVU1086
 3780 01b0 9162     		str	r1, [r2, #40]
1421:Drivers/STM32F3xx_HAL_Driver/Src/stm32f3xx_hal_tim_ex.c **** 
 3781              		.loc 1 1421 7 is_stmt 1 view .LVU1087
1421:Drivers/STM32F3xx_HAL_Driver/Src/stm32f3xx_hal_tim_ex.c **** 
 3782              		.loc 1 1421 17 is_stmt 0 view .LVU1088
 3783 01b2 E26A     		ldr	r2, [r4, #44]
1421:Drivers/STM32F3xx_HAL_Driver/Src/stm32f3xx_hal_tim_ex.c **** 
 3784              		.loc 1 1421 56 view .LVU1089
 3785 01b4 1949     		ldr	r1, .L314+4
 3786 01b6 D162     		str	r1, [r2, #44]
1424:Drivers/STM32F3xx_HAL_Driver/Src/stm32f3xx_hal_tim_ex.c **** 
 3787              		.loc 1 1424 7 is_stmt 1 view .LVU1090
1424:Drivers/STM32F3xx_HAL_Driver/Src/stm32f3xx_hal_tim_ex.c **** 
 3788              		.loc 1 1424 17 is_stmt 0 view .LVU1091
 3789 01b8 E26A     		ldr	r2, [r4, #44]
1424:Drivers/STM32F3xx_HAL_Driver/Src/stm32f3xx_hal_tim_ex.c **** 
 3790              		.loc 1 1424 53 view .LVU1092
 3791 01ba 1949     		ldr	r1, .L314+8
 3792 01bc 1163     		str	r1, [r2, #48]
1427:Drivers/STM32F3xx_HAL_Driver/Src/stm32f3xx_hal_tim_ex.c ****                            Length) != HAL_OK)
 3793              		.loc 1 1427 7 is_stmt 1 view .LVU1093
1427:Drivers/STM32F3xx_HAL_Driver/Src/stm32f3xx_hal_tim_ex.c ****                            Length) != HAL_OK)
 3794              		.loc 1 1427 88 is_stmt 0 view .LVU1094
ARM GAS  /tmp/ccZqO8pD.s 			page 130


 3795 01be 2268     		ldr	r2, [r4]
1427:Drivers/STM32F3xx_HAL_Driver/Src/stm32f3xx_hal_tim_ex.c ****                            Length) != HAL_OK)
 3796              		.loc 1 1427 11 view .LVU1095
 3797 01c0 3C32     		adds	r2, r2, #60
 3798 01c2 3146     		mov	r1, r6
 3799 01c4 E06A     		ldr	r0, [r4, #44]
 3800 01c6 FFF7FEFF 		bl	HAL_DMA_Start_IT
 3801              	.LVL249:
1427:Drivers/STM32F3xx_HAL_Driver/Src/stm32f3xx_hal_tim_ex.c ****                            Length) != HAL_OK)
 3802              		.loc 1 1427 10 discriminator 1 view .LVU1096
 3803 01ca F8B9     		cbnz	r0, .L304
1434:Drivers/STM32F3xx_HAL_Driver/Src/stm32f3xx_hal_tim_ex.c ****       break;
 3804              		.loc 1 1434 7 is_stmt 1 view .LVU1097
 3805 01cc 2268     		ldr	r2, [r4]
 3806 01ce D368     		ldr	r3, [r2, #12]
 3807 01d0 43F40063 		orr	r3, r3, #2048
 3808 01d4 D360     		str	r3, [r2, #12]
1435:Drivers/STM32F3xx_HAL_Driver/Src/stm32f3xx_hal_tim_ex.c ****     }
 3809              		.loc 1 1435 7 view .LVU1098
1443:Drivers/STM32F3xx_HAL_Driver/Src/stm32f3xx_hal_tim_ex.c ****   {
 3810              		.loc 1 1443 3 view .LVU1099
 3811 01d6 52E7     		b	.L294
 3812              	.L295:
1454:Drivers/STM32F3xx_HAL_Driver/Src/stm32f3xx_hal_tim_ex.c ****       if (!IS_TIM_SLAVEMODE_TRIGGER_ENABLED(tmpsmcr))
 3813              		.loc 1 1454 7 view .LVU1100
1454:Drivers/STM32F3xx_HAL_Driver/Src/stm32f3xx_hal_tim_ex.c ****       if (!IS_TIM_SLAVEMODE_TRIGGER_ENABLED(tmpsmcr))
 3814              		.loc 1 1454 31 is_stmt 0 view .LVU1101
 3815 01d8 9968     		ldr	r1, [r3, #8]
1454:Drivers/STM32F3xx_HAL_Driver/Src/stm32f3xx_hal_tim_ex.c ****       if (!IS_TIM_SLAVEMODE_TRIGGER_ENABLED(tmpsmcr))
 3816              		.loc 1 1454 15 view .LVU1102
 3817 01da 134A     		ldr	r2, .L314+16
 3818 01dc 0A40     		ands	r2, r2, r1
 3819              	.LVL250:
1455:Drivers/STM32F3xx_HAL_Driver/Src/stm32f3xx_hal_tim_ex.c ****       {
 3820              		.loc 1 1455 7 is_stmt 1 view .LVU1103
1455:Drivers/STM32F3xx_HAL_Driver/Src/stm32f3xx_hal_tim_ex.c ****       {
 3821              		.loc 1 1455 10 is_stmt 0 view .LVU1104
 3822 01de 062A     		cmp	r2, #6
 3823 01e0 16D0     		beq	.L305
1455:Drivers/STM32F3xx_HAL_Driver/Src/stm32f3xx_hal_tim_ex.c ****       {
 3824              		.loc 1 1455 11 discriminator 1 view .LVU1105
 3825 01e2 B2F5803F 		cmp	r2, #65536
 3826 01e6 15D0     		beq	.L306
1457:Drivers/STM32F3xx_HAL_Driver/Src/stm32f3xx_hal_tim_ex.c ****       }
 3827              		.loc 1 1457 9 is_stmt 1 view .LVU1106
 3828 01e8 1A68     		ldr	r2, [r3]
 3829              	.LVL251:
1457:Drivers/STM32F3xx_HAL_Driver/Src/stm32f3xx_hal_tim_ex.c ****       }
 3830              		.loc 1 1457 9 is_stmt 0 view .LVU1107
 3831 01ea 42F00102 		orr	r2, r2, #1
 3832 01ee 1A60     		str	r2, [r3]
 3833 01f0 0020     		movs	r0, #0
 3834 01f2 02E0     		b	.L283
 3835              	.LVL252:
 3836              	.L297:
1355:Drivers/STM32F3xx_HAL_Driver/Src/stm32f3xx_hal_tim_ex.c ****   }
 3837              		.loc 1 1355 12 view .LVU1108
ARM GAS  /tmp/ccZqO8pD.s 			page 131


 3838 01f4 0220     		movs	r0, #2
 3839 01f6 00E0     		b	.L283
 3840              	.LVL253:
 3841              	.L298:
1370:Drivers/STM32F3xx_HAL_Driver/Src/stm32f3xx_hal_tim_ex.c ****   }
 3842              		.loc 1 1370 12 view .LVU1109
 3843 01f8 0120     		movs	r0, #1
 3844              	.LVL254:
 3845              	.L283:
1468:Drivers/STM32F3xx_HAL_Driver/Src/stm32f3xx_hal_tim_ex.c **** 
 3846              		.loc 1 1468 1 view .LVU1110
 3847 01fa 70BD     		pop	{r4, r5, r6, pc}
 3848              	.LVL255:
 3849              	.L299:
1361:Drivers/STM32F3xx_HAL_Driver/Src/stm32f3xx_hal_tim_ex.c ****     }
 3850              		.loc 1 1361 14 view .LVU1111
 3851 01fc 0120     		movs	r0, #1
 3852 01fe FCE7     		b	.L283
 3853              	.L300:
 3854 0200 0120     		movs	r0, #1
 3855 0202 FAE7     		b	.L283
 3856              	.LVL256:
 3857              	.L302:
1389:Drivers/STM32F3xx_HAL_Driver/Src/stm32f3xx_hal_tim_ex.c ****       }
 3858              		.loc 1 1389 16 view .LVU1112
 3859 0204 0120     		movs	r0, #1
 3860 0206 F8E7     		b	.L283
 3861              	.L303:
1410:Drivers/STM32F3xx_HAL_Driver/Src/stm32f3xx_hal_tim_ex.c ****       }
 3862              		.loc 1 1410 16 view .LVU1113
 3863 0208 0120     		movs	r0, #1
 3864 020a F6E7     		b	.L283
 3865              	.L304:
1431:Drivers/STM32F3xx_HAL_Driver/Src/stm32f3xx_hal_tim_ex.c ****       }
 3866              		.loc 1 1431 16 view .LVU1114
 3867 020c 0120     		movs	r0, #1
 3868 020e F4E7     		b	.L283
 3869              	.LVL257:
 3870              	.L305:
1431:Drivers/STM32F3xx_HAL_Driver/Src/stm32f3xx_hal_tim_ex.c ****       }
 3871              		.loc 1 1431 16 view .LVU1115
 3872 0210 0020     		movs	r0, #0
 3873 0212 F2E7     		b	.L283
 3874              	.L306:
 3875 0214 0020     		movs	r0, #0
 3876 0216 F0E7     		b	.L283
 3877              	.L315:
 3878              		.align	2
 3879              	.L314:
 3880 0218 00000000 		.word	TIM_DMADelayPulseNCplt
 3881 021c 00000000 		.word	TIM_DMADelayPulseHalfCplt
 3882 0220 00000000 		.word	TIM_DMAErrorCCxN
 3883 0224 002C0140 		.word	1073818624
 3884 0228 07000100 		.word	65543
 3885              		.cfi_endproc
 3886              	.LFE150:
 3888              		.section	.text.HAL_TIMEx_PWMN_Stop_DMA,"ax",%progbits
ARM GAS  /tmp/ccZqO8pD.s 			page 132


 3889              		.align	1
 3890              		.global	HAL_TIMEx_PWMN_Stop_DMA
 3891              		.syntax unified
 3892              		.thumb
 3893              		.thumb_func
 3895              	HAL_TIMEx_PWMN_Stop_DMA:
 3896              	.LVL258:
 3897              	.LFB151:
1482:Drivers/STM32F3xx_HAL_Driver/Src/stm32f3xx_hal_tim_ex.c ****   HAL_StatusTypeDef status = HAL_OK;
 3898              		.loc 1 1482 1 is_stmt 1 view -0
 3899              		.cfi_startproc
 3900              		@ args = 0, pretend = 0, frame = 0
 3901              		@ frame_needed = 0, uses_anonymous_args = 0
1482:Drivers/STM32F3xx_HAL_Driver/Src/stm32f3xx_hal_tim_ex.c ****   HAL_StatusTypeDef status = HAL_OK;
 3902              		.loc 1 1482 1 is_stmt 0 view .LVU1117
 3903 0000 38B5     		push	{r3, r4, r5, lr}
 3904              	.LCFI25:
 3905              		.cfi_def_cfa_offset 16
 3906              		.cfi_offset 3, -16
 3907              		.cfi_offset 4, -12
 3908              		.cfi_offset 5, -8
 3909              		.cfi_offset 14, -4
 3910 0002 0446     		mov	r4, r0
 3911 0004 0D46     		mov	r5, r1
1483:Drivers/STM32F3xx_HAL_Driver/Src/stm32f3xx_hal_tim_ex.c **** 
 3912              		.loc 1 1483 3 is_stmt 1 view .LVU1118
 3913              	.LVL259:
1486:Drivers/STM32F3xx_HAL_Driver/Src/stm32f3xx_hal_tim_ex.c **** 
 3914              		.loc 1 1486 3 view .LVU1119
1488:Drivers/STM32F3xx_HAL_Driver/Src/stm32f3xx_hal_tim_ex.c ****   {
 3915              		.loc 1 1488 3 view .LVU1120
 3916 0006 0429     		cmp	r1, #4
 3917 0008 34D0     		beq	.L317
 3918 000a 0829     		cmp	r1, #8
 3919 000c 3BD0     		beq	.L318
 3920 000e 0029     		cmp	r1, #0
 3921 0010 55D1     		bne	.L326
1493:Drivers/STM32F3xx_HAL_Driver/Src/stm32f3xx_hal_tim_ex.c ****       (void)HAL_DMA_Abort_IT(htim->hdma[TIM_DMA_ID_CC1]);
 3922              		.loc 1 1493 7 view .LVU1121
 3923 0012 0268     		ldr	r2, [r0]
 3924 0014 D368     		ldr	r3, [r2, #12]
 3925 0016 23F40073 		bic	r3, r3, #512
 3926 001a D360     		str	r3, [r2, #12]
1494:Drivers/STM32F3xx_HAL_Driver/Src/stm32f3xx_hal_tim_ex.c ****       break;
 3927              		.loc 1 1494 7 view .LVU1122
1494:Drivers/STM32F3xx_HAL_Driver/Src/stm32f3xx_hal_tim_ex.c ****       break;
 3928              		.loc 1 1494 13 is_stmt 0 view .LVU1123
 3929 001c 406A     		ldr	r0, [r0, #36]
 3930              	.LVL260:
1494:Drivers/STM32F3xx_HAL_Driver/Src/stm32f3xx_hal_tim_ex.c ****       break;
 3931              		.loc 1 1494 13 view .LVU1124
 3932 001e FFF7FEFF 		bl	HAL_DMA_Abort_IT
 3933              	.LVL261:
1495:Drivers/STM32F3xx_HAL_Driver/Src/stm32f3xx_hal_tim_ex.c ****     }
 3934              		.loc 1 1495 7 is_stmt 1 view .LVU1125
1519:Drivers/STM32F3xx_HAL_Driver/Src/stm32f3xx_hal_tim_ex.c ****   {
 3935              		.loc 1 1519 3 view .LVU1126
ARM GAS  /tmp/ccZqO8pD.s 			page 133


 3936              	.L320:
1522:Drivers/STM32F3xx_HAL_Driver/Src/stm32f3xx_hal_tim_ex.c **** 
 3937              		.loc 1 1522 5 view .LVU1127
 3938 0022 0022     		movs	r2, #0
 3939 0024 2946     		mov	r1, r5
 3940 0026 2068     		ldr	r0, [r4]
 3941 0028 FFF7FEFF 		bl	TIM_CCxNChannelCmd
 3942              	.LVL262:
1525:Drivers/STM32F3xx_HAL_Driver/Src/stm32f3xx_hal_tim_ex.c **** 
 3943              		.loc 1 1525 5 view .LVU1128
1525:Drivers/STM32F3xx_HAL_Driver/Src/stm32f3xx_hal_tim_ex.c **** 
 3944              		.loc 1 1525 5 view .LVU1129
 3945 002c 2368     		ldr	r3, [r4]
 3946 002e 196A     		ldr	r1, [r3, #32]
 3947 0030 41F21112 		movw	r2, #4369
 3948 0034 1142     		tst	r1, r2
 3949 0036 08D1     		bne	.L321
1525:Drivers/STM32F3xx_HAL_Driver/Src/stm32f3xx_hal_tim_ex.c **** 
 3950              		.loc 1 1525 5 discriminator 1 view .LVU1130
 3951 0038 196A     		ldr	r1, [r3, #32]
 3952 003a 40F24442 		movw	r2, #1092
 3953 003e 1142     		tst	r1, r2
 3954 0040 03D1     		bne	.L321
1525:Drivers/STM32F3xx_HAL_Driver/Src/stm32f3xx_hal_tim_ex.c **** 
 3955              		.loc 1 1525 5 discriminator 3 view .LVU1131
 3956 0042 5A6C     		ldr	r2, [r3, #68]
 3957 0044 22F40042 		bic	r2, r2, #32768
 3958 0048 5A64     		str	r2, [r3, #68]
 3959              	.L321:
1525:Drivers/STM32F3xx_HAL_Driver/Src/stm32f3xx_hal_tim_ex.c **** 
 3960              		.loc 1 1525 5 discriminator 5 view .LVU1132
1528:Drivers/STM32F3xx_HAL_Driver/Src/stm32f3xx_hal_tim_ex.c **** 
 3961              		.loc 1 1528 5 view .LVU1133
1528:Drivers/STM32F3xx_HAL_Driver/Src/stm32f3xx_hal_tim_ex.c **** 
 3962              		.loc 1 1528 5 view .LVU1134
 3963 004a 2368     		ldr	r3, [r4]
 3964 004c 196A     		ldr	r1, [r3, #32]
 3965 004e 41F21112 		movw	r2, #4369
 3966 0052 1142     		tst	r1, r2
 3967 0054 08D1     		bne	.L322
1528:Drivers/STM32F3xx_HAL_Driver/Src/stm32f3xx_hal_tim_ex.c **** 
 3968              		.loc 1 1528 5 discriminator 1 view .LVU1135
 3969 0056 196A     		ldr	r1, [r3, #32]
 3970 0058 40F24442 		movw	r2, #1092
 3971 005c 1142     		tst	r1, r2
 3972 005e 03D1     		bne	.L322
1528:Drivers/STM32F3xx_HAL_Driver/Src/stm32f3xx_hal_tim_ex.c **** 
 3973              		.loc 1 1528 5 discriminator 3 view .LVU1136
 3974 0060 1A68     		ldr	r2, [r3]
 3975 0062 22F00102 		bic	r2, r2, #1
 3976 0066 1A60     		str	r2, [r3]
 3977              	.L322:
1528:Drivers/STM32F3xx_HAL_Driver/Src/stm32f3xx_hal_tim_ex.c **** 
 3978              		.loc 1 1528 5 discriminator 5 view .LVU1137
1531:Drivers/STM32F3xx_HAL_Driver/Src/stm32f3xx_hal_tim_ex.c ****   }
 3979              		.loc 1 1531 5 view .LVU1138
 3980 0068 B5B9     		cbnz	r5, .L323
ARM GAS  /tmp/ccZqO8pD.s 			page 134


1531:Drivers/STM32F3xx_HAL_Driver/Src/stm32f3xx_hal_tim_ex.c ****   }
 3981              		.loc 1 1531 5 is_stmt 0 discriminator 1 view .LVU1139
 3982 006a 0123     		movs	r3, #1
 3983 006c 84F84430 		strb	r3, [r4, #68]
 3984 0070 0020     		movs	r0, #0
 3985              	.L319:
 3986              	.LVL263:
1535:Drivers/STM32F3xx_HAL_Driver/Src/stm32f3xx_hal_tim_ex.c **** }
 3987              		.loc 1 1535 3 is_stmt 1 view .LVU1140
1536:Drivers/STM32F3xx_HAL_Driver/Src/stm32f3xx_hal_tim_ex.c **** 
 3988              		.loc 1 1536 1 is_stmt 0 view .LVU1141
 3989 0072 38BD     		pop	{r3, r4, r5, pc}
 3990              	.LVL264:
 3991              	.L317:
1501:Drivers/STM32F3xx_HAL_Driver/Src/stm32f3xx_hal_tim_ex.c ****       (void)HAL_DMA_Abort_IT(htim->hdma[TIM_DMA_ID_CC2]);
 3992              		.loc 1 1501 7 is_stmt 1 view .LVU1142
 3993 0074 0268     		ldr	r2, [r0]
 3994 0076 D368     		ldr	r3, [r2, #12]
 3995 0078 23F48063 		bic	r3, r3, #1024
 3996 007c D360     		str	r3, [r2, #12]
1502:Drivers/STM32F3xx_HAL_Driver/Src/stm32f3xx_hal_tim_ex.c ****       break;
 3997              		.loc 1 1502 7 view .LVU1143
1502:Drivers/STM32F3xx_HAL_Driver/Src/stm32f3xx_hal_tim_ex.c ****       break;
 3998              		.loc 1 1502 13 is_stmt 0 view .LVU1144
 3999 007e 806A     		ldr	r0, [r0, #40]
 4000              	.LVL265:
1502:Drivers/STM32F3xx_HAL_Driver/Src/stm32f3xx_hal_tim_ex.c ****       break;
 4001              		.loc 1 1502 13 view .LVU1145
 4002 0080 FFF7FEFF 		bl	HAL_DMA_Abort_IT
 4003              	.LVL266:
1503:Drivers/STM32F3xx_HAL_Driver/Src/stm32f3xx_hal_tim_ex.c ****     }
 4004              		.loc 1 1503 7 is_stmt 1 view .LVU1146
1519:Drivers/STM32F3xx_HAL_Driver/Src/stm32f3xx_hal_tim_ex.c ****   {
 4005              		.loc 1 1519 3 view .LVU1147
 4006 0084 CDE7     		b	.L320
 4007              	.LVL267:
 4008              	.L318:
1509:Drivers/STM32F3xx_HAL_Driver/Src/stm32f3xx_hal_tim_ex.c ****       (void)HAL_DMA_Abort_IT(htim->hdma[TIM_DMA_ID_CC3]);
 4009              		.loc 1 1509 7 view .LVU1148
 4010 0086 0268     		ldr	r2, [r0]
 4011 0088 D368     		ldr	r3, [r2, #12]
 4012 008a 23F40063 		bic	r3, r3, #2048
 4013 008e D360     		str	r3, [r2, #12]
1510:Drivers/STM32F3xx_HAL_Driver/Src/stm32f3xx_hal_tim_ex.c ****       break;
 4014              		.loc 1 1510 7 view .LVU1149
1510:Drivers/STM32F3xx_HAL_Driver/Src/stm32f3xx_hal_tim_ex.c ****       break;
 4015              		.loc 1 1510 13 is_stmt 0 view .LVU1150
 4016 0090 C06A     		ldr	r0, [r0, #44]
 4017              	.LVL268:
1510:Drivers/STM32F3xx_HAL_Driver/Src/stm32f3xx_hal_tim_ex.c ****       break;
 4018              		.loc 1 1510 13 view .LVU1151
 4019 0092 FFF7FEFF 		bl	HAL_DMA_Abort_IT
 4020              	.LVL269:
1511:Drivers/STM32F3xx_HAL_Driver/Src/stm32f3xx_hal_tim_ex.c ****     }
 4021              		.loc 1 1511 7 is_stmt 1 view .LVU1152
1519:Drivers/STM32F3xx_HAL_Driver/Src/stm32f3xx_hal_tim_ex.c ****   {
 4022              		.loc 1 1519 3 view .LVU1153
ARM GAS  /tmp/ccZqO8pD.s 			page 135


 4023 0096 C4E7     		b	.L320
 4024              	.L323:
1531:Drivers/STM32F3xx_HAL_Driver/Src/stm32f3xx_hal_tim_ex.c ****   }
 4025              		.loc 1 1531 5 is_stmt 0 discriminator 2 view .LVU1154
 4026 0098 042D     		cmp	r5, #4
 4027 009a 06D0     		beq	.L328
1531:Drivers/STM32F3xx_HAL_Driver/Src/stm32f3xx_hal_tim_ex.c ****   }
 4028              		.loc 1 1531 5 discriminator 4 view .LVU1155
 4029 009c 082D     		cmp	r5, #8
 4030 009e 09D0     		beq	.L329
1531:Drivers/STM32F3xx_HAL_Driver/Src/stm32f3xx_hal_tim_ex.c ****   }
 4031              		.loc 1 1531 5 discriminator 7 view .LVU1156
 4032 00a0 0123     		movs	r3, #1
 4033 00a2 84F84730 		strb	r3, [r4, #71]
 4034 00a6 0020     		movs	r0, #0
 4035 00a8 E3E7     		b	.L319
 4036              	.L328:
1531:Drivers/STM32F3xx_HAL_Driver/Src/stm32f3xx_hal_tim_ex.c ****   }
 4037              		.loc 1 1531 5 discriminator 3 view .LVU1157
 4038 00aa 0123     		movs	r3, #1
 4039 00ac 84F84530 		strb	r3, [r4, #69]
 4040 00b0 0020     		movs	r0, #0
 4041 00b2 DEE7     		b	.L319
 4042              	.L329:
1531:Drivers/STM32F3xx_HAL_Driver/Src/stm32f3xx_hal_tim_ex.c ****   }
 4043              		.loc 1 1531 5 discriminator 6 view .LVU1158
 4044 00b4 0123     		movs	r3, #1
 4045 00b6 84F84630 		strb	r3, [r4, #70]
 4046 00ba 0020     		movs	r0, #0
 4047 00bc D9E7     		b	.L319
 4048              	.LVL270:
 4049              	.L326:
1488:Drivers/STM32F3xx_HAL_Driver/Src/stm32f3xx_hal_tim_ex.c ****   {
 4050              		.loc 1 1488 3 view .LVU1159
 4051 00be 0120     		movs	r0, #1
 4052              	.LVL271:
1488:Drivers/STM32F3xx_HAL_Driver/Src/stm32f3xx_hal_tim_ex.c ****   {
 4053              		.loc 1 1488 3 view .LVU1160
 4054 00c0 D7E7     		b	.L319
 4055              		.cfi_endproc
 4056              	.LFE151:
 4058              		.section	.text.HAL_TIMEx_OnePulseN_Start,"ax",%progbits
 4059              		.align	1
 4060              		.global	HAL_TIMEx_OnePulseN_Start
 4061              		.syntax unified
 4062              		.thumb
 4063              		.thumb_func
 4065              	HAL_TIMEx_OnePulseN_Start:
 4066              	.LVL272:
 4067              	.LFB152:
1573:Drivers/STM32F3xx_HAL_Driver/Src/stm32f3xx_hal_tim_ex.c ****   uint32_t input_channel = (OutputChannel == TIM_CHANNEL_1) ? TIM_CHANNEL_2 : TIM_CHANNEL_1;
 4068              		.loc 1 1573 1 is_stmt 1 view -0
 4069              		.cfi_startproc
 4070              		@ args = 0, pretend = 0, frame = 0
 4071              		@ frame_needed = 0, uses_anonymous_args = 0
1573:Drivers/STM32F3xx_HAL_Driver/Src/stm32f3xx_hal_tim_ex.c ****   uint32_t input_channel = (OutputChannel == TIM_CHANNEL_1) ? TIM_CHANNEL_2 : TIM_CHANNEL_1;
 4072              		.loc 1 1573 1 is_stmt 0 view .LVU1162
ARM GAS  /tmp/ccZqO8pD.s 			page 136


 4073 0000 38B5     		push	{r3, r4, r5, lr}
 4074              	.LCFI26:
 4075              		.cfi_def_cfa_offset 16
 4076              		.cfi_offset 3, -16
 4077              		.cfi_offset 4, -12
 4078              		.cfi_offset 5, -8
 4079              		.cfi_offset 14, -4
 4080 0002 0446     		mov	r4, r0
1574:Drivers/STM32F3xx_HAL_Driver/Src/stm32f3xx_hal_tim_ex.c ****   HAL_TIM_ChannelStateTypeDef channel_1_state = TIM_CHANNEL_STATE_GET(htim, TIM_CHANNEL_1);
 4081              		.loc 1 1574 3 is_stmt 1 view .LVU1163
1574:Drivers/STM32F3xx_HAL_Driver/Src/stm32f3xx_hal_tim_ex.c ****   HAL_TIM_ChannelStateTypeDef channel_1_state = TIM_CHANNEL_STATE_GET(htim, TIM_CHANNEL_1);
 4082              		.loc 1 1574 77 is_stmt 0 view .LVU1164
 4083 0004 8E46     		mov	lr, r1
 4084 0006 C1B9     		cbnz	r1, .L333
1574:Drivers/STM32F3xx_HAL_Driver/Src/stm32f3xx_hal_tim_ex.c ****   HAL_TIM_ChannelStateTypeDef channel_1_state = TIM_CHANNEL_STATE_GET(htim, TIM_CHANNEL_1);
 4085              		.loc 1 1574 77 discriminator 1 view .LVU1165
 4086 0008 0425     		movs	r5, #4
 4087              	.L331:
 4088              	.LVL273:
1575:Drivers/STM32F3xx_HAL_Driver/Src/stm32f3xx_hal_tim_ex.c ****   HAL_TIM_ChannelStateTypeDef channel_2_state = TIM_CHANNEL_STATE_GET(htim, TIM_CHANNEL_2);
 4089              		.loc 1 1575 3 is_stmt 1 view .LVU1166
1575:Drivers/STM32F3xx_HAL_Driver/Src/stm32f3xx_hal_tim_ex.c ****   HAL_TIM_ChannelStateTypeDef channel_2_state = TIM_CHANNEL_STATE_GET(htim, TIM_CHANNEL_2);
 4090              		.loc 1 1575 31 is_stmt 0 view .LVU1167
 4091 000a 94F83E00 		ldrb	r0, [r4, #62]	@ zero_extendqisi2
 4092              	.LVL274:
1575:Drivers/STM32F3xx_HAL_Driver/Src/stm32f3xx_hal_tim_ex.c ****   HAL_TIM_ChannelStateTypeDef channel_2_state = TIM_CHANNEL_STATE_GET(htim, TIM_CHANNEL_2);
 4093              		.loc 1 1575 31 view .LVU1168
 4094 000e C0B2     		uxtb	r0, r0
 4095              	.LVL275:
1576:Drivers/STM32F3xx_HAL_Driver/Src/stm32f3xx_hal_tim_ex.c ****   HAL_TIM_ChannelStateTypeDef complementary_channel_1_state = TIM_CHANNEL_N_STATE_GET(htim, TIM_CHA
 4096              		.loc 1 1576 3 is_stmt 1 view .LVU1169
1576:Drivers/STM32F3xx_HAL_Driver/Src/stm32f3xx_hal_tim_ex.c ****   HAL_TIM_ChannelStateTypeDef complementary_channel_1_state = TIM_CHANNEL_N_STATE_GET(htim, TIM_CHA
 4097              		.loc 1 1576 31 is_stmt 0 view .LVU1170
 4098 0010 94F83F30 		ldrb	r3, [r4, #63]	@ zero_extendqisi2
 4099 0014 DBB2     		uxtb	r3, r3
 4100              	.LVL276:
1577:Drivers/STM32F3xx_HAL_Driver/Src/stm32f3xx_hal_tim_ex.c ****   HAL_TIM_ChannelStateTypeDef complementary_channel_2_state = TIM_CHANNEL_N_STATE_GET(htim, TIM_CHA
 4101              		.loc 1 1577 3 is_stmt 1 view .LVU1171
1577:Drivers/STM32F3xx_HAL_Driver/Src/stm32f3xx_hal_tim_ex.c ****   HAL_TIM_ChannelStateTypeDef complementary_channel_2_state = TIM_CHANNEL_N_STATE_GET(htim, TIM_CHA
 4102              		.loc 1 1577 31 is_stmt 0 view .LVU1172
 4103 0016 94F84420 		ldrb	r2, [r4, #68]	@ zero_extendqisi2
 4104 001a D2B2     		uxtb	r2, r2
 4105              	.LVL277:
1578:Drivers/STM32F3xx_HAL_Driver/Src/stm32f3xx_hal_tim_ex.c **** 
 4106              		.loc 1 1578 3 is_stmt 1 view .LVU1173
1578:Drivers/STM32F3xx_HAL_Driver/Src/stm32f3xx_hal_tim_ex.c **** 
 4107              		.loc 1 1578 31 is_stmt 0 view .LVU1174
 4108 001c 94F845C0 		ldrb	ip, [r4, #69]	@ zero_extendqisi2
 4109 0020 5FFA8CFC 		uxtb	ip, ip
 4110              	.LVL278:
1581:Drivers/STM32F3xx_HAL_Driver/Src/stm32f3xx_hal_tim_ex.c **** 
 4111              		.loc 1 1581 3 is_stmt 1 view .LVU1175
1584:Drivers/STM32F3xx_HAL_Driver/Src/stm32f3xx_hal_tim_ex.c ****       || (channel_2_state != HAL_TIM_CHANNEL_STATE_READY)
 4112              		.loc 1 1584 3 view .LVU1176
1584:Drivers/STM32F3xx_HAL_Driver/Src/stm32f3xx_hal_tim_ex.c ****       || (channel_2_state != HAL_TIM_CHANNEL_STATE_READY)
 4113              		.loc 1 1584 6 is_stmt 0 view .LVU1177
 4114 0024 0128     		cmp	r0, #1
ARM GAS  /tmp/ccZqO8pD.s 			page 137


 4115 0026 24D1     		bne	.L334
1585:Drivers/STM32F3xx_HAL_Driver/Src/stm32f3xx_hal_tim_ex.c ****       || (complementary_channel_1_state != HAL_TIM_CHANNEL_STATE_READY)
 4116              		.loc 1 1585 7 view .LVU1178
 4117 0028 012B     		cmp	r3, #1
 4118 002a 23D1     		bne	.L332
1586:Drivers/STM32F3xx_HAL_Driver/Src/stm32f3xx_hal_tim_ex.c ****       || (complementary_channel_2_state != HAL_TIM_CHANNEL_STATE_READY))
 4119              		.loc 1 1586 7 view .LVU1179
 4120 002c 012A     		cmp	r2, #1
 4121 002e 22D1     		bne	.L335
1587:Drivers/STM32F3xx_HAL_Driver/Src/stm32f3xx_hal_tim_ex.c ****   {
 4122              		.loc 1 1587 7 view .LVU1180
 4123 0030 BCF1010F 		cmp	ip, #1
 4124 0034 03D0     		beq	.L338
1589:Drivers/STM32F3xx_HAL_Driver/Src/stm32f3xx_hal_tim_ex.c ****   }
 4125              		.loc 1 1589 12 view .LVU1181
 4126 0036 1046     		mov	r0, r2
 4127              	.LVL279:
1589:Drivers/STM32F3xx_HAL_Driver/Src/stm32f3xx_hal_tim_ex.c ****   }
 4128              		.loc 1 1589 12 view .LVU1182
 4129 0038 1CE0     		b	.L332
 4130              	.LVL280:
 4131              	.L333:
1574:Drivers/STM32F3xx_HAL_Driver/Src/stm32f3xx_hal_tim_ex.c ****   HAL_TIM_ChannelStateTypeDef channel_1_state = TIM_CHANNEL_STATE_GET(htim, TIM_CHANNEL_1);
 4132              		.loc 1 1574 77 discriminator 2 view .LVU1183
 4133 003a 0025     		movs	r5, #0
 4134 003c E5E7     		b	.L331
 4135              	.LVL281:
 4136              	.L338:
1593:Drivers/STM32F3xx_HAL_Driver/Src/stm32f3xx_hal_tim_ex.c ****   TIM_CHANNEL_STATE_SET(htim, TIM_CHANNEL_2, HAL_TIM_CHANNEL_STATE_BUSY);
 4137              		.loc 1 1593 3 is_stmt 1 view .LVU1184
 4138 003e 0223     		movs	r3, #2
 4139              	.LVL282:
1593:Drivers/STM32F3xx_HAL_Driver/Src/stm32f3xx_hal_tim_ex.c ****   TIM_CHANNEL_STATE_SET(htim, TIM_CHANNEL_2, HAL_TIM_CHANNEL_STATE_BUSY);
 4140              		.loc 1 1593 3 is_stmt 0 view .LVU1185
 4141 0040 84F83E30 		strb	r3, [r4, #62]
1594:Drivers/STM32F3xx_HAL_Driver/Src/stm32f3xx_hal_tim_ex.c ****   TIM_CHANNEL_N_STATE_SET(htim, TIM_CHANNEL_1, HAL_TIM_CHANNEL_STATE_BUSY);
 4142              		.loc 1 1594 3 is_stmt 1 view .LVU1186
 4143 0044 84F83F30 		strb	r3, [r4, #63]
1595:Drivers/STM32F3xx_HAL_Driver/Src/stm32f3xx_hal_tim_ex.c ****   TIM_CHANNEL_N_STATE_SET(htim, TIM_CHANNEL_2, HAL_TIM_CHANNEL_STATE_BUSY);
 4144              		.loc 1 1595 3 view .LVU1187
 4145 0048 84F84430 		strb	r3, [r4, #68]
1596:Drivers/STM32F3xx_HAL_Driver/Src/stm32f3xx_hal_tim_ex.c **** 
 4146              		.loc 1 1596 3 view .LVU1188
 4147 004c 84F84530 		strb	r3, [r4, #69]
1599:Drivers/STM32F3xx_HAL_Driver/Src/stm32f3xx_hal_tim_ex.c ****   TIM_CCxChannelCmd(htim->Instance, input_channel, TIM_CCx_ENABLE);
 4148              		.loc 1 1599 3 view .LVU1189
 4149 0050 0422     		movs	r2, #4
 4150              	.LVL283:
1599:Drivers/STM32F3xx_HAL_Driver/Src/stm32f3xx_hal_tim_ex.c ****   TIM_CCxChannelCmd(htim->Instance, input_channel, TIM_CCx_ENABLE);
 4151              		.loc 1 1599 3 is_stmt 0 view .LVU1190
 4152 0052 7146     		mov	r1, lr
 4153              	.LVL284:
1599:Drivers/STM32F3xx_HAL_Driver/Src/stm32f3xx_hal_tim_ex.c ****   TIM_CCxChannelCmd(htim->Instance, input_channel, TIM_CCx_ENABLE);
 4154              		.loc 1 1599 3 view .LVU1191
 4155 0054 2068     		ldr	r0, [r4]
 4156              	.LVL285:
1599:Drivers/STM32F3xx_HAL_Driver/Src/stm32f3xx_hal_tim_ex.c ****   TIM_CCxChannelCmd(htim->Instance, input_channel, TIM_CCx_ENABLE);
ARM GAS  /tmp/ccZqO8pD.s 			page 138


 4157              		.loc 1 1599 3 view .LVU1192
 4158 0056 FFF7FEFF 		bl	TIM_CCxNChannelCmd
 4159              	.LVL286:
1600:Drivers/STM32F3xx_HAL_Driver/Src/stm32f3xx_hal_tim_ex.c **** 
 4160              		.loc 1 1600 3 is_stmt 1 view .LVU1193
 4161 005a 0122     		movs	r2, #1
 4162 005c 2946     		mov	r1, r5
 4163 005e 2068     		ldr	r0, [r4]
 4164 0060 FFF7FEFF 		bl	TIM_CCxChannelCmd
 4165              	.LVL287:
1603:Drivers/STM32F3xx_HAL_Driver/Src/stm32f3xx_hal_tim_ex.c **** 
 4166              		.loc 1 1603 3 view .LVU1194
 4167 0064 2268     		ldr	r2, [r4]
 4168 0066 536C     		ldr	r3, [r2, #68]
 4169 0068 43F40043 		orr	r3, r3, #32768
 4170 006c 5364     		str	r3, [r2, #68]
1606:Drivers/STM32F3xx_HAL_Driver/Src/stm32f3xx_hal_tim_ex.c **** }
 4171              		.loc 1 1606 3 view .LVU1195
1606:Drivers/STM32F3xx_HAL_Driver/Src/stm32f3xx_hal_tim_ex.c **** }
 4172              		.loc 1 1606 10 is_stmt 0 view .LVU1196
 4173 006e 0020     		movs	r0, #0
 4174 0070 00E0     		b	.L332
 4175              	.LVL288:
 4176              	.L334:
1589:Drivers/STM32F3xx_HAL_Driver/Src/stm32f3xx_hal_tim_ex.c ****   }
 4177              		.loc 1 1589 12 view .LVU1197
 4178 0072 0120     		movs	r0, #1
 4179              	.LVL289:
 4180              	.L332:
1607:Drivers/STM32F3xx_HAL_Driver/Src/stm32f3xx_hal_tim_ex.c **** 
 4181              		.loc 1 1607 1 view .LVU1198
 4182 0074 38BD     		pop	{r3, r4, r5, pc}
 4183              	.LVL290:
 4184              	.L335:
1589:Drivers/STM32F3xx_HAL_Driver/Src/stm32f3xx_hal_tim_ex.c ****   }
 4185              		.loc 1 1589 12 view .LVU1199
 4186 0076 1846     		mov	r0, r3
 4187              	.LVL291:
1589:Drivers/STM32F3xx_HAL_Driver/Src/stm32f3xx_hal_tim_ex.c ****   }
 4188              		.loc 1 1589 12 view .LVU1200
 4189 0078 FCE7     		b	.L332
 4190              		.cfi_endproc
 4191              	.LFE152:
 4193              		.section	.text.HAL_TIMEx_OnePulseN_Stop,"ax",%progbits
 4194              		.align	1
 4195              		.global	HAL_TIMEx_OnePulseN_Stop
 4196              		.syntax unified
 4197              		.thumb
 4198              		.thumb_func
 4200              	HAL_TIMEx_OnePulseN_Stop:
 4201              	.LVL292:
 4202              	.LFB153:
1622:Drivers/STM32F3xx_HAL_Driver/Src/stm32f3xx_hal_tim_ex.c ****   uint32_t input_channel = (OutputChannel == TIM_CHANNEL_1) ? TIM_CHANNEL_2 : TIM_CHANNEL_1;
 4203              		.loc 1 1622 1 is_stmt 1 view -0
 4204              		.cfi_startproc
 4205              		@ args = 0, pretend = 0, frame = 0
 4206              		@ frame_needed = 0, uses_anonymous_args = 0
ARM GAS  /tmp/ccZqO8pD.s 			page 139


1622:Drivers/STM32F3xx_HAL_Driver/Src/stm32f3xx_hal_tim_ex.c ****   uint32_t input_channel = (OutputChannel == TIM_CHANNEL_1) ? TIM_CHANNEL_2 : TIM_CHANNEL_1;
 4207              		.loc 1 1622 1 is_stmt 0 view .LVU1202
 4208 0000 38B5     		push	{r3, r4, r5, lr}
 4209              	.LCFI27:
 4210              		.cfi_def_cfa_offset 16
 4211              		.cfi_offset 3, -16
 4212              		.cfi_offset 4, -12
 4213              		.cfi_offset 5, -8
 4214              		.cfi_offset 14, -4
 4215 0002 0446     		mov	r4, r0
1623:Drivers/STM32F3xx_HAL_Driver/Src/stm32f3xx_hal_tim_ex.c **** 
 4216              		.loc 1 1623 3 is_stmt 1 view .LVU1203
1623:Drivers/STM32F3xx_HAL_Driver/Src/stm32f3xx_hal_tim_ex.c **** 
 4217              		.loc 1 1623 77 is_stmt 0 view .LVU1204
 4218 0004 0029     		cmp	r1, #0
 4219 0006 32D1     		bne	.L343
1623:Drivers/STM32F3xx_HAL_Driver/Src/stm32f3xx_hal_tim_ex.c **** 
 4220              		.loc 1 1623 77 discriminator 1 view .LVU1205
 4221 0008 0425     		movs	r5, #4
 4222              	.L340:
 4223              	.LVL293:
1626:Drivers/STM32F3xx_HAL_Driver/Src/stm32f3xx_hal_tim_ex.c **** 
 4224              		.loc 1 1626 3 is_stmt 1 view .LVU1206
1629:Drivers/STM32F3xx_HAL_Driver/Src/stm32f3xx_hal_tim_ex.c ****   TIM_CCxChannelCmd(htim->Instance, input_channel, TIM_CCx_DISABLE);
 4225              		.loc 1 1629 3 view .LVU1207
 4226 000a 0022     		movs	r2, #0
 4227 000c 2068     		ldr	r0, [r4]
 4228              	.LVL294:
1629:Drivers/STM32F3xx_HAL_Driver/Src/stm32f3xx_hal_tim_ex.c ****   TIM_CCxChannelCmd(htim->Instance, input_channel, TIM_CCx_DISABLE);
 4229              		.loc 1 1629 3 is_stmt 0 view .LVU1208
 4230 000e FFF7FEFF 		bl	TIM_CCxNChannelCmd
 4231              	.LVL295:
1630:Drivers/STM32F3xx_HAL_Driver/Src/stm32f3xx_hal_tim_ex.c **** 
 4232              		.loc 1 1630 3 is_stmt 1 view .LVU1209
 4233 0012 0022     		movs	r2, #0
 4234 0014 2946     		mov	r1, r5
 4235 0016 2068     		ldr	r0, [r4]
 4236 0018 FFF7FEFF 		bl	TIM_CCxChannelCmd
 4237              	.LVL296:
1633:Drivers/STM32F3xx_HAL_Driver/Src/stm32f3xx_hal_tim_ex.c **** 
 4238              		.loc 1 1633 3 view .LVU1210
1633:Drivers/STM32F3xx_HAL_Driver/Src/stm32f3xx_hal_tim_ex.c **** 
 4239              		.loc 1 1633 3 view .LVU1211
 4240 001c 2368     		ldr	r3, [r4]
 4241 001e 196A     		ldr	r1, [r3, #32]
 4242 0020 41F21112 		movw	r2, #4369
 4243 0024 1142     		tst	r1, r2
 4244 0026 08D1     		bne	.L341
1633:Drivers/STM32F3xx_HAL_Driver/Src/stm32f3xx_hal_tim_ex.c **** 
 4245              		.loc 1 1633 3 discriminator 1 view .LVU1212
 4246 0028 196A     		ldr	r1, [r3, #32]
 4247 002a 40F24442 		movw	r2, #1092
 4248 002e 1142     		tst	r1, r2
 4249 0030 03D1     		bne	.L341
1633:Drivers/STM32F3xx_HAL_Driver/Src/stm32f3xx_hal_tim_ex.c **** 
 4250              		.loc 1 1633 3 discriminator 3 view .LVU1213
 4251 0032 5A6C     		ldr	r2, [r3, #68]
ARM GAS  /tmp/ccZqO8pD.s 			page 140


 4252 0034 22F40042 		bic	r2, r2, #32768
 4253 0038 5A64     		str	r2, [r3, #68]
 4254              	.L341:
1633:Drivers/STM32F3xx_HAL_Driver/Src/stm32f3xx_hal_tim_ex.c **** 
 4255              		.loc 1 1633 3 discriminator 5 view .LVU1214
1636:Drivers/STM32F3xx_HAL_Driver/Src/stm32f3xx_hal_tim_ex.c **** 
 4256              		.loc 1 1636 3 view .LVU1215
1636:Drivers/STM32F3xx_HAL_Driver/Src/stm32f3xx_hal_tim_ex.c **** 
 4257              		.loc 1 1636 3 view .LVU1216
 4258 003a 2368     		ldr	r3, [r4]
 4259 003c 196A     		ldr	r1, [r3, #32]
 4260 003e 41F21112 		movw	r2, #4369
 4261 0042 1142     		tst	r1, r2
 4262 0044 08D1     		bne	.L342
1636:Drivers/STM32F3xx_HAL_Driver/Src/stm32f3xx_hal_tim_ex.c **** 
 4263              		.loc 1 1636 3 discriminator 1 view .LVU1217
 4264 0046 196A     		ldr	r1, [r3, #32]
 4265 0048 40F24442 		movw	r2, #1092
 4266 004c 1142     		tst	r1, r2
 4267 004e 03D1     		bne	.L342
1636:Drivers/STM32F3xx_HAL_Driver/Src/stm32f3xx_hal_tim_ex.c **** 
 4268              		.loc 1 1636 3 discriminator 3 view .LVU1218
 4269 0050 1A68     		ldr	r2, [r3]
 4270 0052 22F00102 		bic	r2, r2, #1
 4271 0056 1A60     		str	r2, [r3]
 4272              	.L342:
1636:Drivers/STM32F3xx_HAL_Driver/Src/stm32f3xx_hal_tim_ex.c **** 
 4273              		.loc 1 1636 3 discriminator 5 view .LVU1219
1639:Drivers/STM32F3xx_HAL_Driver/Src/stm32f3xx_hal_tim_ex.c ****   TIM_CHANNEL_STATE_SET(htim, TIM_CHANNEL_2, HAL_TIM_CHANNEL_STATE_READY);
 4274              		.loc 1 1639 3 view .LVU1220
 4275 0058 0123     		movs	r3, #1
 4276 005a 84F83E30 		strb	r3, [r4, #62]
1640:Drivers/STM32F3xx_HAL_Driver/Src/stm32f3xx_hal_tim_ex.c ****   TIM_CHANNEL_N_STATE_SET(htim, TIM_CHANNEL_1, HAL_TIM_CHANNEL_STATE_READY);
 4277              		.loc 1 1640 3 view .LVU1221
 4278 005e 84F83F30 		strb	r3, [r4, #63]
1641:Drivers/STM32F3xx_HAL_Driver/Src/stm32f3xx_hal_tim_ex.c ****   TIM_CHANNEL_N_STATE_SET(htim, TIM_CHANNEL_2, HAL_TIM_CHANNEL_STATE_READY);
 4279              		.loc 1 1641 3 view .LVU1222
 4280 0062 84F84430 		strb	r3, [r4, #68]
1642:Drivers/STM32F3xx_HAL_Driver/Src/stm32f3xx_hal_tim_ex.c **** 
 4281              		.loc 1 1642 3 view .LVU1223
 4282 0066 84F84530 		strb	r3, [r4, #69]
1645:Drivers/STM32F3xx_HAL_Driver/Src/stm32f3xx_hal_tim_ex.c **** }
 4283              		.loc 1 1645 3 view .LVU1224
1646:Drivers/STM32F3xx_HAL_Driver/Src/stm32f3xx_hal_tim_ex.c **** 
 4284              		.loc 1 1646 1 is_stmt 0 view .LVU1225
 4285 006a 0020     		movs	r0, #0
 4286 006c 38BD     		pop	{r3, r4, r5, pc}
 4287              	.LVL297:
 4288              	.L343:
1623:Drivers/STM32F3xx_HAL_Driver/Src/stm32f3xx_hal_tim_ex.c **** 
 4289              		.loc 1 1623 77 discriminator 2 view .LVU1226
 4290 006e 0025     		movs	r5, #0
 4291 0070 CBE7     		b	.L340
 4292              		.cfi_endproc
 4293              	.LFE153:
 4295              		.section	.text.HAL_TIMEx_OnePulseN_Start_IT,"ax",%progbits
 4296              		.align	1
ARM GAS  /tmp/ccZqO8pD.s 			page 141


 4297              		.global	HAL_TIMEx_OnePulseN_Start_IT
 4298              		.syntax unified
 4299              		.thumb
 4300              		.thumb_func
 4302              	HAL_TIMEx_OnePulseN_Start_IT:
 4303              	.LVL298:
 4304              	.LFB154:
1661:Drivers/STM32F3xx_HAL_Driver/Src/stm32f3xx_hal_tim_ex.c ****   uint32_t input_channel = (OutputChannel == TIM_CHANNEL_1) ? TIM_CHANNEL_2 : TIM_CHANNEL_1;
 4305              		.loc 1 1661 1 is_stmt 1 view -0
 4306              		.cfi_startproc
 4307              		@ args = 0, pretend = 0, frame = 0
 4308              		@ frame_needed = 0, uses_anonymous_args = 0
1661:Drivers/STM32F3xx_HAL_Driver/Src/stm32f3xx_hal_tim_ex.c ****   uint32_t input_channel = (OutputChannel == TIM_CHANNEL_1) ? TIM_CHANNEL_2 : TIM_CHANNEL_1;
 4309              		.loc 1 1661 1 is_stmt 0 view .LVU1228
 4310 0000 38B5     		push	{r3, r4, r5, lr}
 4311              	.LCFI28:
 4312              		.cfi_def_cfa_offset 16
 4313              		.cfi_offset 3, -16
 4314              		.cfi_offset 4, -12
 4315              		.cfi_offset 5, -8
 4316              		.cfi_offset 14, -4
 4317 0002 0446     		mov	r4, r0
1662:Drivers/STM32F3xx_HAL_Driver/Src/stm32f3xx_hal_tim_ex.c ****   HAL_TIM_ChannelStateTypeDef channel_1_state = TIM_CHANNEL_STATE_GET(htim, TIM_CHANNEL_1);
 4318              		.loc 1 1662 3 is_stmt 1 view .LVU1229
1662:Drivers/STM32F3xx_HAL_Driver/Src/stm32f3xx_hal_tim_ex.c ****   HAL_TIM_ChannelStateTypeDef channel_1_state = TIM_CHANNEL_STATE_GET(htim, TIM_CHANNEL_1);
 4319              		.loc 1 1662 77 is_stmt 0 view .LVU1230
 4320 0004 8E46     		mov	lr, r1
 4321 0006 C1B9     		cbnz	r1, .L348
1662:Drivers/STM32F3xx_HAL_Driver/Src/stm32f3xx_hal_tim_ex.c ****   HAL_TIM_ChannelStateTypeDef channel_1_state = TIM_CHANNEL_STATE_GET(htim, TIM_CHANNEL_1);
 4322              		.loc 1 1662 77 discriminator 1 view .LVU1231
 4323 0008 0425     		movs	r5, #4
 4324              	.L346:
 4325              	.LVL299:
1663:Drivers/STM32F3xx_HAL_Driver/Src/stm32f3xx_hal_tim_ex.c ****   HAL_TIM_ChannelStateTypeDef channel_2_state = TIM_CHANNEL_STATE_GET(htim, TIM_CHANNEL_2);
 4326              		.loc 1 1663 3 is_stmt 1 view .LVU1232
1663:Drivers/STM32F3xx_HAL_Driver/Src/stm32f3xx_hal_tim_ex.c ****   HAL_TIM_ChannelStateTypeDef channel_2_state = TIM_CHANNEL_STATE_GET(htim, TIM_CHANNEL_2);
 4327              		.loc 1 1663 31 is_stmt 0 view .LVU1233
 4328 000a 94F83E00 		ldrb	r0, [r4, #62]	@ zero_extendqisi2
 4329              	.LVL300:
1663:Drivers/STM32F3xx_HAL_Driver/Src/stm32f3xx_hal_tim_ex.c ****   HAL_TIM_ChannelStateTypeDef channel_2_state = TIM_CHANNEL_STATE_GET(htim, TIM_CHANNEL_2);
 4330              		.loc 1 1663 31 view .LVU1234
 4331 000e C0B2     		uxtb	r0, r0
 4332              	.LVL301:
1664:Drivers/STM32F3xx_HAL_Driver/Src/stm32f3xx_hal_tim_ex.c ****   HAL_TIM_ChannelStateTypeDef complementary_channel_1_state = TIM_CHANNEL_N_STATE_GET(htim, TIM_CHA
 4333              		.loc 1 1664 3 is_stmt 1 view .LVU1235
1664:Drivers/STM32F3xx_HAL_Driver/Src/stm32f3xx_hal_tim_ex.c ****   HAL_TIM_ChannelStateTypeDef complementary_channel_1_state = TIM_CHANNEL_N_STATE_GET(htim, TIM_CHA
 4334              		.loc 1 1664 31 is_stmt 0 view .LVU1236
 4335 0010 94F83F30 		ldrb	r3, [r4, #63]	@ zero_extendqisi2
 4336 0014 DBB2     		uxtb	r3, r3
 4337              	.LVL302:
1665:Drivers/STM32F3xx_HAL_Driver/Src/stm32f3xx_hal_tim_ex.c ****   HAL_TIM_ChannelStateTypeDef complementary_channel_2_state = TIM_CHANNEL_N_STATE_GET(htim, TIM_CHA
 4338              		.loc 1 1665 3 is_stmt 1 view .LVU1237
1665:Drivers/STM32F3xx_HAL_Driver/Src/stm32f3xx_hal_tim_ex.c ****   HAL_TIM_ChannelStateTypeDef complementary_channel_2_state = TIM_CHANNEL_N_STATE_GET(htim, TIM_CHA
 4339              		.loc 1 1665 31 is_stmt 0 view .LVU1238
 4340 0016 94F84420 		ldrb	r2, [r4, #68]	@ zero_extendqisi2
 4341 001a D2B2     		uxtb	r2, r2
 4342              	.LVL303:
ARM GAS  /tmp/ccZqO8pD.s 			page 142


1666:Drivers/STM32F3xx_HAL_Driver/Src/stm32f3xx_hal_tim_ex.c **** 
 4343              		.loc 1 1666 3 is_stmt 1 view .LVU1239
1666:Drivers/STM32F3xx_HAL_Driver/Src/stm32f3xx_hal_tim_ex.c **** 
 4344              		.loc 1 1666 31 is_stmt 0 view .LVU1240
 4345 001c 94F845C0 		ldrb	ip, [r4, #69]	@ zero_extendqisi2
 4346 0020 5FFA8CFC 		uxtb	ip, ip
 4347              	.LVL304:
1669:Drivers/STM32F3xx_HAL_Driver/Src/stm32f3xx_hal_tim_ex.c **** 
 4348              		.loc 1 1669 3 is_stmt 1 view .LVU1241
1672:Drivers/STM32F3xx_HAL_Driver/Src/stm32f3xx_hal_tim_ex.c ****       || (channel_2_state != HAL_TIM_CHANNEL_STATE_READY)
 4349              		.loc 1 1672 3 view .LVU1242
1672:Drivers/STM32F3xx_HAL_Driver/Src/stm32f3xx_hal_tim_ex.c ****       || (channel_2_state != HAL_TIM_CHANNEL_STATE_READY)
 4350              		.loc 1 1672 6 is_stmt 0 view .LVU1243
 4351 0024 0128     		cmp	r0, #1
 4352 0026 2ED1     		bne	.L349
1673:Drivers/STM32F3xx_HAL_Driver/Src/stm32f3xx_hal_tim_ex.c ****       || (complementary_channel_1_state != HAL_TIM_CHANNEL_STATE_READY)
 4353              		.loc 1 1673 7 view .LVU1244
 4354 0028 012B     		cmp	r3, #1
 4355 002a 2DD1     		bne	.L347
1674:Drivers/STM32F3xx_HAL_Driver/Src/stm32f3xx_hal_tim_ex.c ****       || (complementary_channel_2_state != HAL_TIM_CHANNEL_STATE_READY))
 4356              		.loc 1 1674 7 view .LVU1245
 4357 002c 012A     		cmp	r2, #1
 4358 002e 2CD1     		bne	.L350
1675:Drivers/STM32F3xx_HAL_Driver/Src/stm32f3xx_hal_tim_ex.c ****   {
 4359              		.loc 1 1675 7 view .LVU1246
 4360 0030 BCF1010F 		cmp	ip, #1
 4361 0034 03D0     		beq	.L353
1677:Drivers/STM32F3xx_HAL_Driver/Src/stm32f3xx_hal_tim_ex.c ****   }
 4362              		.loc 1 1677 12 view .LVU1247
 4363 0036 1046     		mov	r0, r2
 4364              	.LVL305:
1677:Drivers/STM32F3xx_HAL_Driver/Src/stm32f3xx_hal_tim_ex.c ****   }
 4365              		.loc 1 1677 12 view .LVU1248
 4366 0038 26E0     		b	.L347
 4367              	.LVL306:
 4368              	.L348:
1662:Drivers/STM32F3xx_HAL_Driver/Src/stm32f3xx_hal_tim_ex.c ****   HAL_TIM_ChannelStateTypeDef channel_1_state = TIM_CHANNEL_STATE_GET(htim, TIM_CHANNEL_1);
 4369              		.loc 1 1662 77 discriminator 2 view .LVU1249
 4370 003a 0025     		movs	r5, #0
 4371 003c E5E7     		b	.L346
 4372              	.LVL307:
 4373              	.L353:
1681:Drivers/STM32F3xx_HAL_Driver/Src/stm32f3xx_hal_tim_ex.c ****   TIM_CHANNEL_STATE_SET(htim, TIM_CHANNEL_2, HAL_TIM_CHANNEL_STATE_BUSY);
 4374              		.loc 1 1681 3 is_stmt 1 view .LVU1250
 4375 003e 0223     		movs	r3, #2
 4376              	.LVL308:
1681:Drivers/STM32F3xx_HAL_Driver/Src/stm32f3xx_hal_tim_ex.c ****   TIM_CHANNEL_STATE_SET(htim, TIM_CHANNEL_2, HAL_TIM_CHANNEL_STATE_BUSY);
 4377              		.loc 1 1681 3 is_stmt 0 view .LVU1251
 4378 0040 84F83E30 		strb	r3, [r4, #62]
1682:Drivers/STM32F3xx_HAL_Driver/Src/stm32f3xx_hal_tim_ex.c ****   TIM_CHANNEL_N_STATE_SET(htim, TIM_CHANNEL_1, HAL_TIM_CHANNEL_STATE_BUSY);
 4379              		.loc 1 1682 3 is_stmt 1 view .LVU1252
 4380 0044 84F83F30 		strb	r3, [r4, #63]
1683:Drivers/STM32F3xx_HAL_Driver/Src/stm32f3xx_hal_tim_ex.c ****   TIM_CHANNEL_N_STATE_SET(htim, TIM_CHANNEL_2, HAL_TIM_CHANNEL_STATE_BUSY);
 4381              		.loc 1 1683 3 view .LVU1253
 4382 0048 84F84430 		strb	r3, [r4, #68]
1684:Drivers/STM32F3xx_HAL_Driver/Src/stm32f3xx_hal_tim_ex.c **** 
 4383              		.loc 1 1684 3 view .LVU1254
ARM GAS  /tmp/ccZqO8pD.s 			page 143


 4384 004c 84F84530 		strb	r3, [r4, #69]
1687:Drivers/STM32F3xx_HAL_Driver/Src/stm32f3xx_hal_tim_ex.c **** 
 4385              		.loc 1 1687 3 view .LVU1255
 4386 0050 2268     		ldr	r2, [r4]
 4387              	.LVL309:
1687:Drivers/STM32F3xx_HAL_Driver/Src/stm32f3xx_hal_tim_ex.c **** 
 4388              		.loc 1 1687 3 is_stmt 0 view .LVU1256
 4389 0052 D368     		ldr	r3, [r2, #12]
 4390 0054 43F00203 		orr	r3, r3, #2
 4391 0058 D360     		str	r3, [r2, #12]
1690:Drivers/STM32F3xx_HAL_Driver/Src/stm32f3xx_hal_tim_ex.c **** 
 4392              		.loc 1 1690 3 is_stmt 1 view .LVU1257
 4393 005a 2268     		ldr	r2, [r4]
 4394 005c D368     		ldr	r3, [r2, #12]
 4395 005e 43F00403 		orr	r3, r3, #4
 4396 0062 D360     		str	r3, [r2, #12]
1693:Drivers/STM32F3xx_HAL_Driver/Src/stm32f3xx_hal_tim_ex.c ****   TIM_CCxChannelCmd(htim->Instance, input_channel, TIM_CCx_ENABLE);
 4397              		.loc 1 1693 3 view .LVU1258
 4398 0064 0422     		movs	r2, #4
 4399 0066 7146     		mov	r1, lr
 4400              	.LVL310:
1693:Drivers/STM32F3xx_HAL_Driver/Src/stm32f3xx_hal_tim_ex.c ****   TIM_CCxChannelCmd(htim->Instance, input_channel, TIM_CCx_ENABLE);
 4401              		.loc 1 1693 3 is_stmt 0 view .LVU1259
 4402 0068 2068     		ldr	r0, [r4]
 4403              	.LVL311:
1693:Drivers/STM32F3xx_HAL_Driver/Src/stm32f3xx_hal_tim_ex.c ****   TIM_CCxChannelCmd(htim->Instance, input_channel, TIM_CCx_ENABLE);
 4404              		.loc 1 1693 3 view .LVU1260
 4405 006a FFF7FEFF 		bl	TIM_CCxNChannelCmd
 4406              	.LVL312:
1694:Drivers/STM32F3xx_HAL_Driver/Src/stm32f3xx_hal_tim_ex.c **** 
 4407              		.loc 1 1694 3 is_stmt 1 view .LVU1261
 4408 006e 0122     		movs	r2, #1
 4409 0070 2946     		mov	r1, r5
 4410 0072 2068     		ldr	r0, [r4]
 4411 0074 FFF7FEFF 		bl	TIM_CCxChannelCmd
 4412              	.LVL313:
1697:Drivers/STM32F3xx_HAL_Driver/Src/stm32f3xx_hal_tim_ex.c **** 
 4413              		.loc 1 1697 3 view .LVU1262
 4414 0078 2268     		ldr	r2, [r4]
 4415 007a 536C     		ldr	r3, [r2, #68]
 4416 007c 43F40043 		orr	r3, r3, #32768
 4417 0080 5364     		str	r3, [r2, #68]
1700:Drivers/STM32F3xx_HAL_Driver/Src/stm32f3xx_hal_tim_ex.c **** }
 4418              		.loc 1 1700 3 view .LVU1263
1700:Drivers/STM32F3xx_HAL_Driver/Src/stm32f3xx_hal_tim_ex.c **** }
 4419              		.loc 1 1700 10 is_stmt 0 view .LVU1264
 4420 0082 0020     		movs	r0, #0
 4421 0084 00E0     		b	.L347
 4422              	.LVL314:
 4423              	.L349:
1677:Drivers/STM32F3xx_HAL_Driver/Src/stm32f3xx_hal_tim_ex.c ****   }
 4424              		.loc 1 1677 12 view .LVU1265
 4425 0086 0120     		movs	r0, #1
 4426              	.LVL315:
 4427              	.L347:
1701:Drivers/STM32F3xx_HAL_Driver/Src/stm32f3xx_hal_tim_ex.c **** 
 4428              		.loc 1 1701 1 view .LVU1266
ARM GAS  /tmp/ccZqO8pD.s 			page 144


 4429 0088 38BD     		pop	{r3, r4, r5, pc}
 4430              	.LVL316:
 4431              	.L350:
1677:Drivers/STM32F3xx_HAL_Driver/Src/stm32f3xx_hal_tim_ex.c ****   }
 4432              		.loc 1 1677 12 view .LVU1267
 4433 008a 1846     		mov	r0, r3
 4434              	.LVL317:
1677:Drivers/STM32F3xx_HAL_Driver/Src/stm32f3xx_hal_tim_ex.c ****   }
 4435              		.loc 1 1677 12 view .LVU1268
 4436 008c FCE7     		b	.L347
 4437              		.cfi_endproc
 4438              	.LFE154:
 4440              		.section	.text.HAL_TIMEx_OnePulseN_Stop_IT,"ax",%progbits
 4441              		.align	1
 4442              		.global	HAL_TIMEx_OnePulseN_Stop_IT
 4443              		.syntax unified
 4444              		.thumb
 4445              		.thumb_func
 4447              	HAL_TIMEx_OnePulseN_Stop_IT:
 4448              	.LVL318:
 4449              	.LFB155:
1716:Drivers/STM32F3xx_HAL_Driver/Src/stm32f3xx_hal_tim_ex.c ****   uint32_t input_channel = (OutputChannel == TIM_CHANNEL_1) ? TIM_CHANNEL_2 : TIM_CHANNEL_1;
 4450              		.loc 1 1716 1 is_stmt 1 view -0
 4451              		.cfi_startproc
 4452              		@ args = 0, pretend = 0, frame = 0
 4453              		@ frame_needed = 0, uses_anonymous_args = 0
1716:Drivers/STM32F3xx_HAL_Driver/Src/stm32f3xx_hal_tim_ex.c ****   uint32_t input_channel = (OutputChannel == TIM_CHANNEL_1) ? TIM_CHANNEL_2 : TIM_CHANNEL_1;
 4454              		.loc 1 1716 1 is_stmt 0 view .LVU1270
 4455 0000 38B5     		push	{r3, r4, r5, lr}
 4456              	.LCFI29:
 4457              		.cfi_def_cfa_offset 16
 4458              		.cfi_offset 3, -16
 4459              		.cfi_offset 4, -12
 4460              		.cfi_offset 5, -8
 4461              		.cfi_offset 14, -4
 4462 0002 0446     		mov	r4, r0
1717:Drivers/STM32F3xx_HAL_Driver/Src/stm32f3xx_hal_tim_ex.c **** 
 4463              		.loc 1 1717 3 is_stmt 1 view .LVU1271
1717:Drivers/STM32F3xx_HAL_Driver/Src/stm32f3xx_hal_tim_ex.c **** 
 4464              		.loc 1 1717 77 is_stmt 0 view .LVU1272
 4465 0004 0029     		cmp	r1, #0
 4466 0006 3CD1     		bne	.L358
1717:Drivers/STM32F3xx_HAL_Driver/Src/stm32f3xx_hal_tim_ex.c **** 
 4467              		.loc 1 1717 77 discriminator 1 view .LVU1273
 4468 0008 0425     		movs	r5, #4
 4469              	.L355:
 4470              	.LVL319:
1720:Drivers/STM32F3xx_HAL_Driver/Src/stm32f3xx_hal_tim_ex.c **** 
 4471              		.loc 1 1720 3 is_stmt 1 view .LVU1274
1723:Drivers/STM32F3xx_HAL_Driver/Src/stm32f3xx_hal_tim_ex.c **** 
 4472              		.loc 1 1723 3 view .LVU1275
 4473 000a 2268     		ldr	r2, [r4]
 4474 000c D368     		ldr	r3, [r2, #12]
 4475 000e 23F00203 		bic	r3, r3, #2
 4476 0012 D360     		str	r3, [r2, #12]
1726:Drivers/STM32F3xx_HAL_Driver/Src/stm32f3xx_hal_tim_ex.c **** 
 4477              		.loc 1 1726 3 view .LVU1276
ARM GAS  /tmp/ccZqO8pD.s 			page 145


 4478 0014 2268     		ldr	r2, [r4]
 4479 0016 D368     		ldr	r3, [r2, #12]
 4480 0018 23F00403 		bic	r3, r3, #4
 4481 001c D360     		str	r3, [r2, #12]
1729:Drivers/STM32F3xx_HAL_Driver/Src/stm32f3xx_hal_tim_ex.c ****   TIM_CCxChannelCmd(htim->Instance, input_channel, TIM_CCx_DISABLE);
 4482              		.loc 1 1729 3 view .LVU1277
 4483 001e 0022     		movs	r2, #0
 4484 0020 2068     		ldr	r0, [r4]
 4485              	.LVL320:
1729:Drivers/STM32F3xx_HAL_Driver/Src/stm32f3xx_hal_tim_ex.c ****   TIM_CCxChannelCmd(htim->Instance, input_channel, TIM_CCx_DISABLE);
 4486              		.loc 1 1729 3 is_stmt 0 view .LVU1278
 4487 0022 FFF7FEFF 		bl	TIM_CCxNChannelCmd
 4488              	.LVL321:
1730:Drivers/STM32F3xx_HAL_Driver/Src/stm32f3xx_hal_tim_ex.c **** 
 4489              		.loc 1 1730 3 is_stmt 1 view .LVU1279
 4490 0026 0022     		movs	r2, #0
 4491 0028 2946     		mov	r1, r5
 4492 002a 2068     		ldr	r0, [r4]
 4493 002c FFF7FEFF 		bl	TIM_CCxChannelCmd
 4494              	.LVL322:
1733:Drivers/STM32F3xx_HAL_Driver/Src/stm32f3xx_hal_tim_ex.c **** 
 4495              		.loc 1 1733 3 view .LVU1280
1733:Drivers/STM32F3xx_HAL_Driver/Src/stm32f3xx_hal_tim_ex.c **** 
 4496              		.loc 1 1733 3 view .LVU1281
 4497 0030 2368     		ldr	r3, [r4]
 4498 0032 196A     		ldr	r1, [r3, #32]
 4499 0034 41F21112 		movw	r2, #4369
 4500 0038 1142     		tst	r1, r2
 4501 003a 08D1     		bne	.L356
1733:Drivers/STM32F3xx_HAL_Driver/Src/stm32f3xx_hal_tim_ex.c **** 
 4502              		.loc 1 1733 3 discriminator 1 view .LVU1282
 4503 003c 196A     		ldr	r1, [r3, #32]
 4504 003e 40F24442 		movw	r2, #1092
 4505 0042 1142     		tst	r1, r2
 4506 0044 03D1     		bne	.L356
1733:Drivers/STM32F3xx_HAL_Driver/Src/stm32f3xx_hal_tim_ex.c **** 
 4507              		.loc 1 1733 3 discriminator 3 view .LVU1283
 4508 0046 5A6C     		ldr	r2, [r3, #68]
 4509 0048 22F40042 		bic	r2, r2, #32768
 4510 004c 5A64     		str	r2, [r3, #68]
 4511              	.L356:
1733:Drivers/STM32F3xx_HAL_Driver/Src/stm32f3xx_hal_tim_ex.c **** 
 4512              		.loc 1 1733 3 discriminator 5 view .LVU1284
1736:Drivers/STM32F3xx_HAL_Driver/Src/stm32f3xx_hal_tim_ex.c **** 
 4513              		.loc 1 1736 3 view .LVU1285
1736:Drivers/STM32F3xx_HAL_Driver/Src/stm32f3xx_hal_tim_ex.c **** 
 4514              		.loc 1 1736 3 view .LVU1286
 4515 004e 2368     		ldr	r3, [r4]
 4516 0050 196A     		ldr	r1, [r3, #32]
 4517 0052 41F21112 		movw	r2, #4369
 4518 0056 1142     		tst	r1, r2
 4519 0058 08D1     		bne	.L357
1736:Drivers/STM32F3xx_HAL_Driver/Src/stm32f3xx_hal_tim_ex.c **** 
 4520              		.loc 1 1736 3 discriminator 1 view .LVU1287
 4521 005a 196A     		ldr	r1, [r3, #32]
 4522 005c 40F24442 		movw	r2, #1092
 4523 0060 1142     		tst	r1, r2
ARM GAS  /tmp/ccZqO8pD.s 			page 146


 4524 0062 03D1     		bne	.L357
1736:Drivers/STM32F3xx_HAL_Driver/Src/stm32f3xx_hal_tim_ex.c **** 
 4525              		.loc 1 1736 3 discriminator 3 view .LVU1288
 4526 0064 1A68     		ldr	r2, [r3]
 4527 0066 22F00102 		bic	r2, r2, #1
 4528 006a 1A60     		str	r2, [r3]
 4529              	.L357:
1736:Drivers/STM32F3xx_HAL_Driver/Src/stm32f3xx_hal_tim_ex.c **** 
 4530              		.loc 1 1736 3 discriminator 5 view .LVU1289
1739:Drivers/STM32F3xx_HAL_Driver/Src/stm32f3xx_hal_tim_ex.c ****   TIM_CHANNEL_STATE_SET(htim, TIM_CHANNEL_2, HAL_TIM_CHANNEL_STATE_READY);
 4531              		.loc 1 1739 3 view .LVU1290
 4532 006c 0123     		movs	r3, #1
 4533 006e 84F83E30 		strb	r3, [r4, #62]
1740:Drivers/STM32F3xx_HAL_Driver/Src/stm32f3xx_hal_tim_ex.c ****   TIM_CHANNEL_N_STATE_SET(htim, TIM_CHANNEL_1, HAL_TIM_CHANNEL_STATE_READY);
 4534              		.loc 1 1740 3 view .LVU1291
 4535 0072 84F83F30 		strb	r3, [r4, #63]
1741:Drivers/STM32F3xx_HAL_Driver/Src/stm32f3xx_hal_tim_ex.c ****   TIM_CHANNEL_N_STATE_SET(htim, TIM_CHANNEL_2, HAL_TIM_CHANNEL_STATE_READY);
 4536              		.loc 1 1741 3 view .LVU1292
 4537 0076 84F84430 		strb	r3, [r4, #68]
1742:Drivers/STM32F3xx_HAL_Driver/Src/stm32f3xx_hal_tim_ex.c **** 
 4538              		.loc 1 1742 3 view .LVU1293
 4539 007a 84F84530 		strb	r3, [r4, #69]
1745:Drivers/STM32F3xx_HAL_Driver/Src/stm32f3xx_hal_tim_ex.c **** }
 4540              		.loc 1 1745 3 view .LVU1294
1746:Drivers/STM32F3xx_HAL_Driver/Src/stm32f3xx_hal_tim_ex.c **** 
 4541              		.loc 1 1746 1 is_stmt 0 view .LVU1295
 4542 007e 0020     		movs	r0, #0
 4543 0080 38BD     		pop	{r3, r4, r5, pc}
 4544              	.LVL323:
 4545              	.L358:
1717:Drivers/STM32F3xx_HAL_Driver/Src/stm32f3xx_hal_tim_ex.c **** 
 4546              		.loc 1 1717 77 discriminator 2 view .LVU1296
 4547 0082 0025     		movs	r5, #0
 4548 0084 C1E7     		b	.L355
 4549              		.cfi_endproc
 4550              	.LFE155:
 4552              		.section	.text.HAL_TIMEx_ConfigCommutEvent,"ax",%progbits
 4553              		.align	1
 4554              		.global	HAL_TIMEx_ConfigCommutEvent
 4555              		.syntax unified
 4556              		.thumb
 4557              		.thumb_func
 4559              	HAL_TIMEx_ConfigCommutEvent:
 4560              	.LVL324:
 4561              	.LFB156:
1797:Drivers/STM32F3xx_HAL_Driver/Src/stm32f3xx_hal_tim_ex.c ****   /* Check the parameters */
 4562              		.loc 1 1797 1 is_stmt 1 view -0
 4563              		.cfi_startproc
 4564              		@ args = 0, pretend = 0, frame = 0
 4565              		@ frame_needed = 0, uses_anonymous_args = 0
 4566              		@ link register save eliminated.
1797:Drivers/STM32F3xx_HAL_Driver/Src/stm32f3xx_hal_tim_ex.c ****   /* Check the parameters */
 4567              		.loc 1 1797 1 is_stmt 0 view .LVU1298
 4568 0000 0346     		mov	r3, r0
1799:Drivers/STM32F3xx_HAL_Driver/Src/stm32f3xx_hal_tim_ex.c ****   assert_param(IS_TIM_INTERNAL_TRIGGEREVENT_SELECTION(InputTrigger));
 4569              		.loc 1 1799 3 is_stmt 1 view .LVU1299
1800:Drivers/STM32F3xx_HAL_Driver/Src/stm32f3xx_hal_tim_ex.c **** 
ARM GAS  /tmp/ccZqO8pD.s 			page 147


 4570              		.loc 1 1800 3 view .LVU1300
1802:Drivers/STM32F3xx_HAL_Driver/Src/stm32f3xx_hal_tim_ex.c **** 
 4571              		.loc 1 1802 3 view .LVU1301
1802:Drivers/STM32F3xx_HAL_Driver/Src/stm32f3xx_hal_tim_ex.c **** 
 4572              		.loc 1 1802 3 view .LVU1302
 4573 0002 90F83C00 		ldrb	r0, [r0, #60]	@ zero_extendqisi2
 4574              	.LVL325:
1802:Drivers/STM32F3xx_HAL_Driver/Src/stm32f3xx_hal_tim_ex.c **** 
 4575              		.loc 1 1802 3 is_stmt 0 view .LVU1303
 4576 0006 0128     		cmp	r0, #1
 4577 0008 33D0     		beq	.L365
1797:Drivers/STM32F3xx_HAL_Driver/Src/stm32f3xx_hal_tim_ex.c ****   /* Check the parameters */
 4578              		.loc 1 1797 1 view .LVU1304
 4579 000a 10B4     		push	{r4}
 4580              	.LCFI30:
 4581              		.cfi_def_cfa_offset 4
 4582              		.cfi_offset 4, -4
1802:Drivers/STM32F3xx_HAL_Driver/Src/stm32f3xx_hal_tim_ex.c **** 
 4583              		.loc 1 1802 3 is_stmt 1 discriminator 2 view .LVU1305
 4584 000c 0120     		movs	r0, #1
 4585 000e 83F83C00 		strb	r0, [r3, #60]
1802:Drivers/STM32F3xx_HAL_Driver/Src/stm32f3xx_hal_tim_ex.c **** 
 4586              		.loc 1 1802 3 discriminator 2 view .LVU1306
1804:Drivers/STM32F3xx_HAL_Driver/Src/stm32f3xx_hal_tim_ex.c ****       (InputTrigger == TIM_TS_ITR2) || (InputTrigger == TIM_TS_ITR3))
 4587              		.loc 1 1804 3 view .LVU1307
 4588 0012 2029     		cmp	r1, #32
 4589 0014 03D0     		beq	.L362
 4590 0016 29D8     		bhi	.L363
 4591 0018 09B1     		cbz	r1, .L362
 4592 001a 1029     		cmp	r1, #16
 4593 001c 08D1     		bne	.L364
 4594              	.L362:
1808:Drivers/STM32F3xx_HAL_Driver/Src/stm32f3xx_hal_tim_ex.c ****     htim->Instance->SMCR |= InputTrigger;
 4595              		.loc 1 1808 5 view .LVU1308
1808:Drivers/STM32F3xx_HAL_Driver/Src/stm32f3xx_hal_tim_ex.c ****     htim->Instance->SMCR |= InputTrigger;
 4596              		.loc 1 1808 9 is_stmt 0 view .LVU1309
 4597 001e 1C68     		ldr	r4, [r3]
1808:Drivers/STM32F3xx_HAL_Driver/Src/stm32f3xx_hal_tim_ex.c ****     htim->Instance->SMCR |= InputTrigger;
 4598              		.loc 1 1808 19 view .LVU1310
 4599 0020 A068     		ldr	r0, [r4, #8]
1808:Drivers/STM32F3xx_HAL_Driver/Src/stm32f3xx_hal_tim_ex.c ****     htim->Instance->SMCR |= InputTrigger;
 4600              		.loc 1 1808 26 view .LVU1311
 4601 0022 20F07000 		bic	r0, r0, #112
 4602 0026 A060     		str	r0, [r4, #8]
1809:Drivers/STM32F3xx_HAL_Driver/Src/stm32f3xx_hal_tim_ex.c ****   }
 4603              		.loc 1 1809 5 is_stmt 1 view .LVU1312
1809:Drivers/STM32F3xx_HAL_Driver/Src/stm32f3xx_hal_tim_ex.c ****   }
 4604              		.loc 1 1809 9 is_stmt 0 view .LVU1313
 4605 0028 1C68     		ldr	r4, [r3]
1809:Drivers/STM32F3xx_HAL_Driver/Src/stm32f3xx_hal_tim_ex.c ****   }
 4606              		.loc 1 1809 19 view .LVU1314
 4607 002a A068     		ldr	r0, [r4, #8]
1809:Drivers/STM32F3xx_HAL_Driver/Src/stm32f3xx_hal_tim_ex.c ****   }
 4608              		.loc 1 1809 26 view .LVU1315
 4609 002c 0143     		orrs	r1, r1, r0
 4610              	.LVL326:
1809:Drivers/STM32F3xx_HAL_Driver/Src/stm32f3xx_hal_tim_ex.c ****   }
ARM GAS  /tmp/ccZqO8pD.s 			page 148


 4611              		.loc 1 1809 26 view .LVU1316
 4612 002e A160     		str	r1, [r4, #8]
 4613              	.L364:
1813:Drivers/STM32F3xx_HAL_Driver/Src/stm32f3xx_hal_tim_ex.c ****   /* Select the Commutation event source */
 4614              		.loc 1 1813 3 is_stmt 1 view .LVU1317
1813:Drivers/STM32F3xx_HAL_Driver/Src/stm32f3xx_hal_tim_ex.c ****   /* Select the Commutation event source */
 4615              		.loc 1 1813 7 is_stmt 0 view .LVU1318
 4616 0030 1868     		ldr	r0, [r3]
1813:Drivers/STM32F3xx_HAL_Driver/Src/stm32f3xx_hal_tim_ex.c ****   /* Select the Commutation event source */
 4617              		.loc 1 1813 17 view .LVU1319
 4618 0032 4168     		ldr	r1, [r0, #4]
1813:Drivers/STM32F3xx_HAL_Driver/Src/stm32f3xx_hal_tim_ex.c ****   /* Select the Commutation event source */
 4619              		.loc 1 1813 23 view .LVU1320
 4620 0034 41F00101 		orr	r1, r1, #1
 4621 0038 4160     		str	r1, [r0, #4]
1815:Drivers/STM32F3xx_HAL_Driver/Src/stm32f3xx_hal_tim_ex.c ****   htim->Instance->CR2 |= CommutationSource;
 4622              		.loc 1 1815 3 is_stmt 1 view .LVU1321
1815:Drivers/STM32F3xx_HAL_Driver/Src/stm32f3xx_hal_tim_ex.c ****   htim->Instance->CR2 |= CommutationSource;
 4623              		.loc 1 1815 7 is_stmt 0 view .LVU1322
 4624 003a 1868     		ldr	r0, [r3]
1815:Drivers/STM32F3xx_HAL_Driver/Src/stm32f3xx_hal_tim_ex.c ****   htim->Instance->CR2 |= CommutationSource;
 4625              		.loc 1 1815 17 view .LVU1323
 4626 003c 4168     		ldr	r1, [r0, #4]
1815:Drivers/STM32F3xx_HAL_Driver/Src/stm32f3xx_hal_tim_ex.c ****   htim->Instance->CR2 |= CommutationSource;
 4627              		.loc 1 1815 23 view .LVU1324
 4628 003e 21F00401 		bic	r1, r1, #4
 4629 0042 4160     		str	r1, [r0, #4]
1816:Drivers/STM32F3xx_HAL_Driver/Src/stm32f3xx_hal_tim_ex.c **** 
 4630              		.loc 1 1816 3 is_stmt 1 view .LVU1325
1816:Drivers/STM32F3xx_HAL_Driver/Src/stm32f3xx_hal_tim_ex.c **** 
 4631              		.loc 1 1816 7 is_stmt 0 view .LVU1326
 4632 0044 1868     		ldr	r0, [r3]
1816:Drivers/STM32F3xx_HAL_Driver/Src/stm32f3xx_hal_tim_ex.c **** 
 4633              		.loc 1 1816 17 view .LVU1327
 4634 0046 4168     		ldr	r1, [r0, #4]
1816:Drivers/STM32F3xx_HAL_Driver/Src/stm32f3xx_hal_tim_ex.c **** 
 4635              		.loc 1 1816 23 view .LVU1328
 4636 0048 0A43     		orrs	r2, r2, r1
 4637              	.LVL327:
1816:Drivers/STM32F3xx_HAL_Driver/Src/stm32f3xx_hal_tim_ex.c **** 
 4638              		.loc 1 1816 23 view .LVU1329
 4639 004a 4260     		str	r2, [r0, #4]
1819:Drivers/STM32F3xx_HAL_Driver/Src/stm32f3xx_hal_tim_ex.c **** 
 4640              		.loc 1 1819 3 is_stmt 1 view .LVU1330
 4641 004c 1968     		ldr	r1, [r3]
 4642 004e CA68     		ldr	r2, [r1, #12]
 4643 0050 22F02002 		bic	r2, r2, #32
 4644 0054 CA60     		str	r2, [r1, #12]
1822:Drivers/STM32F3xx_HAL_Driver/Src/stm32f3xx_hal_tim_ex.c **** 
 4645              		.loc 1 1822 3 view .LVU1331
 4646 0056 1968     		ldr	r1, [r3]
 4647 0058 CA68     		ldr	r2, [r1, #12]
 4648 005a 22F40052 		bic	r2, r2, #8192
 4649 005e CA60     		str	r2, [r1, #12]
1824:Drivers/STM32F3xx_HAL_Driver/Src/stm32f3xx_hal_tim_ex.c **** 
 4650              		.loc 1 1824 3 view .LVU1332
1824:Drivers/STM32F3xx_HAL_Driver/Src/stm32f3xx_hal_tim_ex.c **** 
ARM GAS  /tmp/ccZqO8pD.s 			page 149


 4651              		.loc 1 1824 3 view .LVU1333
 4652 0060 0020     		movs	r0, #0
 4653 0062 83F83C00 		strb	r0, [r3, #60]
1824:Drivers/STM32F3xx_HAL_Driver/Src/stm32f3xx_hal_tim_ex.c **** 
 4654              		.loc 1 1824 3 view .LVU1334
1826:Drivers/STM32F3xx_HAL_Driver/Src/stm32f3xx_hal_tim_ex.c **** }
 4655              		.loc 1 1826 3 view .LVU1335
1827:Drivers/STM32F3xx_HAL_Driver/Src/stm32f3xx_hal_tim_ex.c **** 
 4656              		.loc 1 1827 1 is_stmt 0 view .LVU1336
 4657 0066 5DF8044B 		ldr	r4, [sp], #4
 4658              	.LCFI31:
 4659              		.cfi_remember_state
 4660              		.cfi_restore 4
 4661              		.cfi_def_cfa_offset 0
 4662 006a 7047     		bx	lr
 4663              	.LVL328:
 4664              	.L363:
 4665              	.LCFI32:
 4666              		.cfi_restore_state
1827:Drivers/STM32F3xx_HAL_Driver/Src/stm32f3xx_hal_tim_ex.c **** 
 4667              		.loc 1 1827 1 view .LVU1337
 4668 006c 3029     		cmp	r1, #48
 4669 006e DFD1     		bne	.L364
 4670 0070 D5E7     		b	.L362
 4671              	.L365:
 4672              	.LCFI33:
 4673              		.cfi_def_cfa_offset 0
 4674              		.cfi_restore 4
1802:Drivers/STM32F3xx_HAL_Driver/Src/stm32f3xx_hal_tim_ex.c **** 
 4675              		.loc 1 1802 3 discriminator 1 view .LVU1338
 4676 0072 0220     		movs	r0, #2
1827:Drivers/STM32F3xx_HAL_Driver/Src/stm32f3xx_hal_tim_ex.c **** 
 4677              		.loc 1 1827 1 view .LVU1339
 4678 0074 7047     		bx	lr
 4679              		.cfi_endproc
 4680              	.LFE156:
 4682              		.section	.text.HAL_TIMEx_ConfigCommutEvent_IT,"ax",%progbits
 4683              		.align	1
 4684              		.global	HAL_TIMEx_ConfigCommutEvent_IT
 4685              		.syntax unified
 4686              		.thumb
 4687              		.thumb_func
 4689              	HAL_TIMEx_ConfigCommutEvent_IT:
 4690              	.LVL329:
 4691              	.LFB157:
1853:Drivers/STM32F3xx_HAL_Driver/Src/stm32f3xx_hal_tim_ex.c ****   /* Check the parameters */
 4692              		.loc 1 1853 1 is_stmt 1 view -0
 4693              		.cfi_startproc
 4694              		@ args = 0, pretend = 0, frame = 0
 4695              		@ frame_needed = 0, uses_anonymous_args = 0
 4696              		@ link register save eliminated.
1853:Drivers/STM32F3xx_HAL_Driver/Src/stm32f3xx_hal_tim_ex.c ****   /* Check the parameters */
 4697              		.loc 1 1853 1 is_stmt 0 view .LVU1341
 4698 0000 0346     		mov	r3, r0
1855:Drivers/STM32F3xx_HAL_Driver/Src/stm32f3xx_hal_tim_ex.c ****   assert_param(IS_TIM_INTERNAL_TRIGGEREVENT_SELECTION(InputTrigger));
 4699              		.loc 1 1855 3 is_stmt 1 view .LVU1342
1856:Drivers/STM32F3xx_HAL_Driver/Src/stm32f3xx_hal_tim_ex.c **** 
ARM GAS  /tmp/ccZqO8pD.s 			page 150


 4700              		.loc 1 1856 3 view .LVU1343
1858:Drivers/STM32F3xx_HAL_Driver/Src/stm32f3xx_hal_tim_ex.c **** 
 4701              		.loc 1 1858 3 view .LVU1344
1858:Drivers/STM32F3xx_HAL_Driver/Src/stm32f3xx_hal_tim_ex.c **** 
 4702              		.loc 1 1858 3 view .LVU1345
 4703 0002 90F83C00 		ldrb	r0, [r0, #60]	@ zero_extendqisi2
 4704              	.LVL330:
1858:Drivers/STM32F3xx_HAL_Driver/Src/stm32f3xx_hal_tim_ex.c **** 
 4705              		.loc 1 1858 3 is_stmt 0 view .LVU1346
 4706 0006 0128     		cmp	r0, #1
 4707 0008 33D0     		beq	.L375
1853:Drivers/STM32F3xx_HAL_Driver/Src/stm32f3xx_hal_tim_ex.c ****   /* Check the parameters */
 4708              		.loc 1 1853 1 view .LVU1347
 4709 000a 10B4     		push	{r4}
 4710              	.LCFI34:
 4711              		.cfi_def_cfa_offset 4
 4712              		.cfi_offset 4, -4
1858:Drivers/STM32F3xx_HAL_Driver/Src/stm32f3xx_hal_tim_ex.c **** 
 4713              		.loc 1 1858 3 is_stmt 1 discriminator 2 view .LVU1348
 4714 000c 0120     		movs	r0, #1
 4715 000e 83F83C00 		strb	r0, [r3, #60]
1858:Drivers/STM32F3xx_HAL_Driver/Src/stm32f3xx_hal_tim_ex.c **** 
 4716              		.loc 1 1858 3 discriminator 2 view .LVU1349
1860:Drivers/STM32F3xx_HAL_Driver/Src/stm32f3xx_hal_tim_ex.c ****       (InputTrigger == TIM_TS_ITR2) || (InputTrigger == TIM_TS_ITR3))
 4717              		.loc 1 1860 3 view .LVU1350
 4718 0012 2029     		cmp	r1, #32
 4719 0014 03D0     		beq	.L372
 4720 0016 29D8     		bhi	.L373
 4721 0018 09B1     		cbz	r1, .L372
 4722 001a 1029     		cmp	r1, #16
 4723 001c 08D1     		bne	.L374
 4724              	.L372:
1864:Drivers/STM32F3xx_HAL_Driver/Src/stm32f3xx_hal_tim_ex.c ****     htim->Instance->SMCR |= InputTrigger;
 4725              		.loc 1 1864 5 view .LVU1351
1864:Drivers/STM32F3xx_HAL_Driver/Src/stm32f3xx_hal_tim_ex.c ****     htim->Instance->SMCR |= InputTrigger;
 4726              		.loc 1 1864 9 is_stmt 0 view .LVU1352
 4727 001e 1C68     		ldr	r4, [r3]
1864:Drivers/STM32F3xx_HAL_Driver/Src/stm32f3xx_hal_tim_ex.c ****     htim->Instance->SMCR |= InputTrigger;
 4728              		.loc 1 1864 19 view .LVU1353
 4729 0020 A068     		ldr	r0, [r4, #8]
1864:Drivers/STM32F3xx_HAL_Driver/Src/stm32f3xx_hal_tim_ex.c ****     htim->Instance->SMCR |= InputTrigger;
 4730              		.loc 1 1864 26 view .LVU1354
 4731 0022 20F07000 		bic	r0, r0, #112
 4732 0026 A060     		str	r0, [r4, #8]
1865:Drivers/STM32F3xx_HAL_Driver/Src/stm32f3xx_hal_tim_ex.c ****   }
 4733              		.loc 1 1865 5 is_stmt 1 view .LVU1355
1865:Drivers/STM32F3xx_HAL_Driver/Src/stm32f3xx_hal_tim_ex.c ****   }
 4734              		.loc 1 1865 9 is_stmt 0 view .LVU1356
 4735 0028 1C68     		ldr	r4, [r3]
1865:Drivers/STM32F3xx_HAL_Driver/Src/stm32f3xx_hal_tim_ex.c ****   }
 4736              		.loc 1 1865 19 view .LVU1357
 4737 002a A068     		ldr	r0, [r4, #8]
1865:Drivers/STM32F3xx_HAL_Driver/Src/stm32f3xx_hal_tim_ex.c ****   }
 4738              		.loc 1 1865 26 view .LVU1358
 4739 002c 0143     		orrs	r1, r1, r0
 4740              	.LVL331:
1865:Drivers/STM32F3xx_HAL_Driver/Src/stm32f3xx_hal_tim_ex.c ****   }
ARM GAS  /tmp/ccZqO8pD.s 			page 151


 4741              		.loc 1 1865 26 view .LVU1359
 4742 002e A160     		str	r1, [r4, #8]
 4743              	.L374:
1869:Drivers/STM32F3xx_HAL_Driver/Src/stm32f3xx_hal_tim_ex.c ****   /* Select the Commutation event source */
 4744              		.loc 1 1869 3 is_stmt 1 view .LVU1360
1869:Drivers/STM32F3xx_HAL_Driver/Src/stm32f3xx_hal_tim_ex.c ****   /* Select the Commutation event source */
 4745              		.loc 1 1869 7 is_stmt 0 view .LVU1361
 4746 0030 1868     		ldr	r0, [r3]
1869:Drivers/STM32F3xx_HAL_Driver/Src/stm32f3xx_hal_tim_ex.c ****   /* Select the Commutation event source */
 4747              		.loc 1 1869 17 view .LVU1362
 4748 0032 4168     		ldr	r1, [r0, #4]
1869:Drivers/STM32F3xx_HAL_Driver/Src/stm32f3xx_hal_tim_ex.c ****   /* Select the Commutation event source */
 4749              		.loc 1 1869 23 view .LVU1363
 4750 0034 41F00101 		orr	r1, r1, #1
 4751 0038 4160     		str	r1, [r0, #4]
1871:Drivers/STM32F3xx_HAL_Driver/Src/stm32f3xx_hal_tim_ex.c ****   htim->Instance->CR2 |= CommutationSource;
 4752              		.loc 1 1871 3 is_stmt 1 view .LVU1364
1871:Drivers/STM32F3xx_HAL_Driver/Src/stm32f3xx_hal_tim_ex.c ****   htim->Instance->CR2 |= CommutationSource;
 4753              		.loc 1 1871 7 is_stmt 0 view .LVU1365
 4754 003a 1868     		ldr	r0, [r3]
1871:Drivers/STM32F3xx_HAL_Driver/Src/stm32f3xx_hal_tim_ex.c ****   htim->Instance->CR2 |= CommutationSource;
 4755              		.loc 1 1871 17 view .LVU1366
 4756 003c 4168     		ldr	r1, [r0, #4]
1871:Drivers/STM32F3xx_HAL_Driver/Src/stm32f3xx_hal_tim_ex.c ****   htim->Instance->CR2 |= CommutationSource;
 4757              		.loc 1 1871 23 view .LVU1367
 4758 003e 21F00401 		bic	r1, r1, #4
 4759 0042 4160     		str	r1, [r0, #4]
1872:Drivers/STM32F3xx_HAL_Driver/Src/stm32f3xx_hal_tim_ex.c **** 
 4760              		.loc 1 1872 3 is_stmt 1 view .LVU1368
1872:Drivers/STM32F3xx_HAL_Driver/Src/stm32f3xx_hal_tim_ex.c **** 
 4761              		.loc 1 1872 7 is_stmt 0 view .LVU1369
 4762 0044 1868     		ldr	r0, [r3]
1872:Drivers/STM32F3xx_HAL_Driver/Src/stm32f3xx_hal_tim_ex.c **** 
 4763              		.loc 1 1872 17 view .LVU1370
 4764 0046 4168     		ldr	r1, [r0, #4]
1872:Drivers/STM32F3xx_HAL_Driver/Src/stm32f3xx_hal_tim_ex.c **** 
 4765              		.loc 1 1872 23 view .LVU1371
 4766 0048 0A43     		orrs	r2, r2, r1
 4767              	.LVL332:
1872:Drivers/STM32F3xx_HAL_Driver/Src/stm32f3xx_hal_tim_ex.c **** 
 4768              		.loc 1 1872 23 view .LVU1372
 4769 004a 4260     		str	r2, [r0, #4]
1875:Drivers/STM32F3xx_HAL_Driver/Src/stm32f3xx_hal_tim_ex.c **** 
 4770              		.loc 1 1875 3 is_stmt 1 view .LVU1373
 4771 004c 1968     		ldr	r1, [r3]
 4772 004e CA68     		ldr	r2, [r1, #12]
 4773 0050 22F40052 		bic	r2, r2, #8192
 4774 0054 CA60     		str	r2, [r1, #12]
1878:Drivers/STM32F3xx_HAL_Driver/Src/stm32f3xx_hal_tim_ex.c **** 
 4775              		.loc 1 1878 3 view .LVU1374
 4776 0056 1968     		ldr	r1, [r3]
 4777 0058 CA68     		ldr	r2, [r1, #12]
 4778 005a 42F02002 		orr	r2, r2, #32
 4779 005e CA60     		str	r2, [r1, #12]
1880:Drivers/STM32F3xx_HAL_Driver/Src/stm32f3xx_hal_tim_ex.c **** 
 4780              		.loc 1 1880 3 view .LVU1375
1880:Drivers/STM32F3xx_HAL_Driver/Src/stm32f3xx_hal_tim_ex.c **** 
ARM GAS  /tmp/ccZqO8pD.s 			page 152


 4781              		.loc 1 1880 3 view .LVU1376
 4782 0060 0020     		movs	r0, #0
 4783 0062 83F83C00 		strb	r0, [r3, #60]
1880:Drivers/STM32F3xx_HAL_Driver/Src/stm32f3xx_hal_tim_ex.c **** 
 4784              		.loc 1 1880 3 view .LVU1377
1882:Drivers/STM32F3xx_HAL_Driver/Src/stm32f3xx_hal_tim_ex.c **** }
 4785              		.loc 1 1882 3 view .LVU1378
1883:Drivers/STM32F3xx_HAL_Driver/Src/stm32f3xx_hal_tim_ex.c **** 
 4786              		.loc 1 1883 1 is_stmt 0 view .LVU1379
 4787 0066 5DF8044B 		ldr	r4, [sp], #4
 4788              	.LCFI35:
 4789              		.cfi_remember_state
 4790              		.cfi_restore 4
 4791              		.cfi_def_cfa_offset 0
 4792 006a 7047     		bx	lr
 4793              	.LVL333:
 4794              	.L373:
 4795              	.LCFI36:
 4796              		.cfi_restore_state
1883:Drivers/STM32F3xx_HAL_Driver/Src/stm32f3xx_hal_tim_ex.c **** 
 4797              		.loc 1 1883 1 view .LVU1380
 4798 006c 3029     		cmp	r1, #48
 4799 006e DFD1     		bne	.L374
 4800 0070 D5E7     		b	.L372
 4801              	.L375:
 4802              	.LCFI37:
 4803              		.cfi_def_cfa_offset 0
 4804              		.cfi_restore 4
1858:Drivers/STM32F3xx_HAL_Driver/Src/stm32f3xx_hal_tim_ex.c **** 
 4805              		.loc 1 1858 3 discriminator 1 view .LVU1381
 4806 0072 0220     		movs	r0, #2
1883:Drivers/STM32F3xx_HAL_Driver/Src/stm32f3xx_hal_tim_ex.c **** 
 4807              		.loc 1 1883 1 view .LVU1382
 4808 0074 7047     		bx	lr
 4809              		.cfi_endproc
 4810              	.LFE157:
 4812              		.section	.text.HAL_TIMEx_ConfigCommutEvent_DMA,"ax",%progbits
 4813              		.align	1
 4814              		.global	HAL_TIMEx_ConfigCommutEvent_DMA
 4815              		.syntax unified
 4816              		.thumb
 4817              		.thumb_func
 4819              	HAL_TIMEx_ConfigCommutEvent_DMA:
 4820              	.LVL334:
 4821              	.LFB158:
1910:Drivers/STM32F3xx_HAL_Driver/Src/stm32f3xx_hal_tim_ex.c ****   /* Check the parameters */
 4822              		.loc 1 1910 1 is_stmt 1 view -0
 4823              		.cfi_startproc
 4824              		@ args = 0, pretend = 0, frame = 0
 4825              		@ frame_needed = 0, uses_anonymous_args = 0
 4826              		@ link register save eliminated.
1910:Drivers/STM32F3xx_HAL_Driver/Src/stm32f3xx_hal_tim_ex.c ****   /* Check the parameters */
 4827              		.loc 1 1910 1 is_stmt 0 view .LVU1384
 4828 0000 0346     		mov	r3, r0
1912:Drivers/STM32F3xx_HAL_Driver/Src/stm32f3xx_hal_tim_ex.c ****   assert_param(IS_TIM_INTERNAL_TRIGGEREVENT_SELECTION(InputTrigger));
 4829              		.loc 1 1912 3 is_stmt 1 view .LVU1385
1913:Drivers/STM32F3xx_HAL_Driver/Src/stm32f3xx_hal_tim_ex.c **** 
ARM GAS  /tmp/ccZqO8pD.s 			page 153


 4830              		.loc 1 1913 3 view .LVU1386
1915:Drivers/STM32F3xx_HAL_Driver/Src/stm32f3xx_hal_tim_ex.c **** 
 4831              		.loc 1 1915 3 view .LVU1387
1915:Drivers/STM32F3xx_HAL_Driver/Src/stm32f3xx_hal_tim_ex.c **** 
 4832              		.loc 1 1915 3 view .LVU1388
 4833 0002 90F83C00 		ldrb	r0, [r0, #60]	@ zero_extendqisi2
 4834              	.LVL335:
1915:Drivers/STM32F3xx_HAL_Driver/Src/stm32f3xx_hal_tim_ex.c **** 
 4835              		.loc 1 1915 3 is_stmt 0 view .LVU1389
 4836 0006 0128     		cmp	r0, #1
 4837 0008 3CD0     		beq	.L385
1910:Drivers/STM32F3xx_HAL_Driver/Src/stm32f3xx_hal_tim_ex.c ****   /* Check the parameters */
 4838              		.loc 1 1910 1 view .LVU1390
 4839 000a 10B4     		push	{r4}
 4840              	.LCFI38:
 4841              		.cfi_def_cfa_offset 4
 4842              		.cfi_offset 4, -4
1915:Drivers/STM32F3xx_HAL_Driver/Src/stm32f3xx_hal_tim_ex.c **** 
 4843              		.loc 1 1915 3 is_stmt 1 discriminator 2 view .LVU1391
 4844 000c 0120     		movs	r0, #1
 4845 000e 83F83C00 		strb	r0, [r3, #60]
1915:Drivers/STM32F3xx_HAL_Driver/Src/stm32f3xx_hal_tim_ex.c **** 
 4846              		.loc 1 1915 3 discriminator 2 view .LVU1392
1917:Drivers/STM32F3xx_HAL_Driver/Src/stm32f3xx_hal_tim_ex.c ****       (InputTrigger == TIM_TS_ITR2) || (InputTrigger == TIM_TS_ITR3))
 4847              		.loc 1 1917 3 view .LVU1393
 4848 0012 2029     		cmp	r1, #32
 4849 0014 03D0     		beq	.L382
 4850 0016 32D8     		bhi	.L383
 4851 0018 09B1     		cbz	r1, .L382
 4852 001a 1029     		cmp	r1, #16
 4853 001c 08D1     		bne	.L384
 4854              	.L382:
1921:Drivers/STM32F3xx_HAL_Driver/Src/stm32f3xx_hal_tim_ex.c ****     htim->Instance->SMCR |= InputTrigger;
 4855              		.loc 1 1921 5 view .LVU1394
1921:Drivers/STM32F3xx_HAL_Driver/Src/stm32f3xx_hal_tim_ex.c ****     htim->Instance->SMCR |= InputTrigger;
 4856              		.loc 1 1921 9 is_stmt 0 view .LVU1395
 4857 001e 1C68     		ldr	r4, [r3]
1921:Drivers/STM32F3xx_HAL_Driver/Src/stm32f3xx_hal_tim_ex.c ****     htim->Instance->SMCR |= InputTrigger;
 4858              		.loc 1 1921 19 view .LVU1396
 4859 0020 A068     		ldr	r0, [r4, #8]
1921:Drivers/STM32F3xx_HAL_Driver/Src/stm32f3xx_hal_tim_ex.c ****     htim->Instance->SMCR |= InputTrigger;
 4860              		.loc 1 1921 26 view .LVU1397
 4861 0022 20F07000 		bic	r0, r0, #112
 4862 0026 A060     		str	r0, [r4, #8]
1922:Drivers/STM32F3xx_HAL_Driver/Src/stm32f3xx_hal_tim_ex.c ****   }
 4863              		.loc 1 1922 5 is_stmt 1 view .LVU1398
1922:Drivers/STM32F3xx_HAL_Driver/Src/stm32f3xx_hal_tim_ex.c ****   }
 4864              		.loc 1 1922 9 is_stmt 0 view .LVU1399
 4865 0028 1C68     		ldr	r4, [r3]
1922:Drivers/STM32F3xx_HAL_Driver/Src/stm32f3xx_hal_tim_ex.c ****   }
 4866              		.loc 1 1922 19 view .LVU1400
 4867 002a A068     		ldr	r0, [r4, #8]
1922:Drivers/STM32F3xx_HAL_Driver/Src/stm32f3xx_hal_tim_ex.c ****   }
 4868              		.loc 1 1922 26 view .LVU1401
 4869 002c 0143     		orrs	r1, r1, r0
 4870              	.LVL336:
1922:Drivers/STM32F3xx_HAL_Driver/Src/stm32f3xx_hal_tim_ex.c ****   }
ARM GAS  /tmp/ccZqO8pD.s 			page 154


 4871              		.loc 1 1922 26 view .LVU1402
 4872 002e A160     		str	r1, [r4, #8]
 4873              	.L384:
1926:Drivers/STM32F3xx_HAL_Driver/Src/stm32f3xx_hal_tim_ex.c ****   /* Select the Commutation event source */
 4874              		.loc 1 1926 3 is_stmt 1 view .LVU1403
1926:Drivers/STM32F3xx_HAL_Driver/Src/stm32f3xx_hal_tim_ex.c ****   /* Select the Commutation event source */
 4875              		.loc 1 1926 7 is_stmt 0 view .LVU1404
 4876 0030 1868     		ldr	r0, [r3]
1926:Drivers/STM32F3xx_HAL_Driver/Src/stm32f3xx_hal_tim_ex.c ****   /* Select the Commutation event source */
 4877              		.loc 1 1926 17 view .LVU1405
 4878 0032 4168     		ldr	r1, [r0, #4]
1926:Drivers/STM32F3xx_HAL_Driver/Src/stm32f3xx_hal_tim_ex.c ****   /* Select the Commutation event source */
 4879              		.loc 1 1926 23 view .LVU1406
 4880 0034 41F00101 		orr	r1, r1, #1
 4881 0038 4160     		str	r1, [r0, #4]
1928:Drivers/STM32F3xx_HAL_Driver/Src/stm32f3xx_hal_tim_ex.c ****   htim->Instance->CR2 |= CommutationSource;
 4882              		.loc 1 1928 3 is_stmt 1 view .LVU1407
1928:Drivers/STM32F3xx_HAL_Driver/Src/stm32f3xx_hal_tim_ex.c ****   htim->Instance->CR2 |= CommutationSource;
 4883              		.loc 1 1928 7 is_stmt 0 view .LVU1408
 4884 003a 1868     		ldr	r0, [r3]
1928:Drivers/STM32F3xx_HAL_Driver/Src/stm32f3xx_hal_tim_ex.c ****   htim->Instance->CR2 |= CommutationSource;
 4885              		.loc 1 1928 17 view .LVU1409
 4886 003c 4168     		ldr	r1, [r0, #4]
1928:Drivers/STM32F3xx_HAL_Driver/Src/stm32f3xx_hal_tim_ex.c ****   htim->Instance->CR2 |= CommutationSource;
 4887              		.loc 1 1928 23 view .LVU1410
 4888 003e 21F00401 		bic	r1, r1, #4
 4889 0042 4160     		str	r1, [r0, #4]
1929:Drivers/STM32F3xx_HAL_Driver/Src/stm32f3xx_hal_tim_ex.c **** 
 4890              		.loc 1 1929 3 is_stmt 1 view .LVU1411
1929:Drivers/STM32F3xx_HAL_Driver/Src/stm32f3xx_hal_tim_ex.c **** 
 4891              		.loc 1 1929 7 is_stmt 0 view .LVU1412
 4892 0044 1868     		ldr	r0, [r3]
1929:Drivers/STM32F3xx_HAL_Driver/Src/stm32f3xx_hal_tim_ex.c **** 
 4893              		.loc 1 1929 17 view .LVU1413
 4894 0046 4168     		ldr	r1, [r0, #4]
1929:Drivers/STM32F3xx_HAL_Driver/Src/stm32f3xx_hal_tim_ex.c **** 
 4895              		.loc 1 1929 23 view .LVU1414
 4896 0048 0A43     		orrs	r2, r2, r1
 4897              	.LVL337:
1929:Drivers/STM32F3xx_HAL_Driver/Src/stm32f3xx_hal_tim_ex.c **** 
 4898              		.loc 1 1929 23 view .LVU1415
 4899 004a 4260     		str	r2, [r0, #4]
1933:Drivers/STM32F3xx_HAL_Driver/Src/stm32f3xx_hal_tim_ex.c ****   htim->hdma[TIM_DMA_ID_COMMUTATION]->XferHalfCpltCallback = TIMEx_DMACommutationHalfCplt;
 4900              		.loc 1 1933 3 is_stmt 1 view .LVU1416
1933:Drivers/STM32F3xx_HAL_Driver/Src/stm32f3xx_hal_tim_ex.c ****   htim->hdma[TIM_DMA_ID_COMMUTATION]->XferHalfCpltCallback = TIMEx_DMACommutationHalfCplt;
 4901              		.loc 1 1933 13 is_stmt 0 view .LVU1417
 4902 004c 5A6B     		ldr	r2, [r3, #52]
1933:Drivers/STM32F3xx_HAL_Driver/Src/stm32f3xx_hal_tim_ex.c ****   htim->hdma[TIM_DMA_ID_COMMUTATION]->XferHalfCpltCallback = TIMEx_DMACommutationHalfCplt;
 4903              		.loc 1 1933 56 view .LVU1418
 4904 004e 0E49     		ldr	r1, .L390
 4905 0050 9162     		str	r1, [r2, #40]
1934:Drivers/STM32F3xx_HAL_Driver/Src/stm32f3xx_hal_tim_ex.c ****   /* Set the DMA error callback */
 4906              		.loc 1 1934 3 is_stmt 1 view .LVU1419
1934:Drivers/STM32F3xx_HAL_Driver/Src/stm32f3xx_hal_tim_ex.c ****   /* Set the DMA error callback */
 4907              		.loc 1 1934 13 is_stmt 0 view .LVU1420
 4908 0052 5A6B     		ldr	r2, [r3, #52]
1934:Drivers/STM32F3xx_HAL_Driver/Src/stm32f3xx_hal_tim_ex.c ****   /* Set the DMA error callback */
ARM GAS  /tmp/ccZqO8pD.s 			page 155


 4909              		.loc 1 1934 60 view .LVU1421
 4910 0054 0D49     		ldr	r1, .L390+4
 4911 0056 D162     		str	r1, [r2, #44]
1936:Drivers/STM32F3xx_HAL_Driver/Src/stm32f3xx_hal_tim_ex.c **** 
 4912              		.loc 1 1936 3 is_stmt 1 view .LVU1422
1936:Drivers/STM32F3xx_HAL_Driver/Src/stm32f3xx_hal_tim_ex.c **** 
 4913              		.loc 1 1936 13 is_stmt 0 view .LVU1423
 4914 0058 5A6B     		ldr	r2, [r3, #52]
1936:Drivers/STM32F3xx_HAL_Driver/Src/stm32f3xx_hal_tim_ex.c **** 
 4915              		.loc 1 1936 57 view .LVU1424
 4916 005a 0D49     		ldr	r1, .L390+8
 4917 005c 1163     		str	r1, [r2, #48]
1939:Drivers/STM32F3xx_HAL_Driver/Src/stm32f3xx_hal_tim_ex.c **** 
 4918              		.loc 1 1939 3 is_stmt 1 view .LVU1425
 4919 005e 1968     		ldr	r1, [r3]
 4920 0060 CA68     		ldr	r2, [r1, #12]
 4921 0062 22F02002 		bic	r2, r2, #32
 4922 0066 CA60     		str	r2, [r1, #12]
1942:Drivers/STM32F3xx_HAL_Driver/Src/stm32f3xx_hal_tim_ex.c **** 
 4923              		.loc 1 1942 3 view .LVU1426
 4924 0068 1968     		ldr	r1, [r3]
 4925 006a CA68     		ldr	r2, [r1, #12]
 4926 006c 42F40052 		orr	r2, r2, #8192
 4927 0070 CA60     		str	r2, [r1, #12]
1944:Drivers/STM32F3xx_HAL_Driver/Src/stm32f3xx_hal_tim_ex.c **** 
 4928              		.loc 1 1944 3 view .LVU1427
1944:Drivers/STM32F3xx_HAL_Driver/Src/stm32f3xx_hal_tim_ex.c **** 
 4929              		.loc 1 1944 3 view .LVU1428
 4930 0072 0020     		movs	r0, #0
 4931 0074 83F83C00 		strb	r0, [r3, #60]
1944:Drivers/STM32F3xx_HAL_Driver/Src/stm32f3xx_hal_tim_ex.c **** 
 4932              		.loc 1 1944 3 view .LVU1429
1946:Drivers/STM32F3xx_HAL_Driver/Src/stm32f3xx_hal_tim_ex.c **** }
 4933              		.loc 1 1946 3 view .LVU1430
1947:Drivers/STM32F3xx_HAL_Driver/Src/stm32f3xx_hal_tim_ex.c **** 
 4934              		.loc 1 1947 1 is_stmt 0 view .LVU1431
 4935 0078 5DF8044B 		ldr	r4, [sp], #4
 4936              	.LCFI39:
 4937              		.cfi_remember_state
 4938              		.cfi_restore 4
 4939              		.cfi_def_cfa_offset 0
 4940 007c 7047     		bx	lr
 4941              	.LVL338:
 4942              	.L383:
 4943              	.LCFI40:
 4944              		.cfi_restore_state
1947:Drivers/STM32F3xx_HAL_Driver/Src/stm32f3xx_hal_tim_ex.c **** 
 4945              		.loc 1 1947 1 view .LVU1432
 4946 007e 3029     		cmp	r1, #48
 4947 0080 D6D1     		bne	.L384
 4948 0082 CCE7     		b	.L382
 4949              	.L385:
 4950              	.LCFI41:
 4951              		.cfi_def_cfa_offset 0
 4952              		.cfi_restore 4
1915:Drivers/STM32F3xx_HAL_Driver/Src/stm32f3xx_hal_tim_ex.c **** 
 4953              		.loc 1 1915 3 discriminator 1 view .LVU1433
ARM GAS  /tmp/ccZqO8pD.s 			page 156


 4954 0084 0220     		movs	r0, #2
1947:Drivers/STM32F3xx_HAL_Driver/Src/stm32f3xx_hal_tim_ex.c **** 
 4955              		.loc 1 1947 1 view .LVU1434
 4956 0086 7047     		bx	lr
 4957              	.L391:
 4958              		.align	2
 4959              	.L390:
 4960 0088 00000000 		.word	TIMEx_DMACommutationCplt
 4961 008c 00000000 		.word	TIMEx_DMACommutationHalfCplt
 4962 0090 00000000 		.word	TIM_DMAError
 4963              		.cfi_endproc
 4964              	.LFE158:
 4966              		.section	.text.HAL_TIMEx_MasterConfigSynchronization,"ax",%progbits
 4967              		.align	1
 4968              		.global	HAL_TIMEx_MasterConfigSynchronization
 4969              		.syntax unified
 4970              		.thumb
 4971              		.thumb_func
 4973              	HAL_TIMEx_MasterConfigSynchronization:
 4974              	.LVL339:
 4975              	.LFB159:
1959:Drivers/STM32F3xx_HAL_Driver/Src/stm32f3xx_hal_tim_ex.c ****   uint32_t tmpcr2;
 4976              		.loc 1 1959 1 is_stmt 1 view -0
 4977              		.cfi_startproc
 4978              		@ args = 0, pretend = 0, frame = 0
 4979              		@ frame_needed = 0, uses_anonymous_args = 0
 4980              		@ link register save eliminated.
1960:Drivers/STM32F3xx_HAL_Driver/Src/stm32f3xx_hal_tim_ex.c ****   uint32_t tmpsmcr;
 4981              		.loc 1 1960 3 view .LVU1436
1961:Drivers/STM32F3xx_HAL_Driver/Src/stm32f3xx_hal_tim_ex.c **** 
 4982              		.loc 1 1961 3 view .LVU1437
1964:Drivers/STM32F3xx_HAL_Driver/Src/stm32f3xx_hal_tim_ex.c ****   assert_param(IS_TIM_TRGO_SOURCE(sMasterConfig->MasterOutputTrigger));
 4983              		.loc 1 1964 3 view .LVU1438
1965:Drivers/STM32F3xx_HAL_Driver/Src/stm32f3xx_hal_tim_ex.c ****   assert_param(IS_TIM_MSM_STATE(sMasterConfig->MasterSlaveMode));
 4984              		.loc 1 1965 3 view .LVU1439
1966:Drivers/STM32F3xx_HAL_Driver/Src/stm32f3xx_hal_tim_ex.c **** 
 4985              		.loc 1 1966 3 view .LVU1440
1969:Drivers/STM32F3xx_HAL_Driver/Src/stm32f3xx_hal_tim_ex.c **** 
 4986              		.loc 1 1969 3 view .LVU1441
1969:Drivers/STM32F3xx_HAL_Driver/Src/stm32f3xx_hal_tim_ex.c **** 
 4987              		.loc 1 1969 3 view .LVU1442
 4988 0000 90F83C20 		ldrb	r2, [r0, #60]	@ zero_extendqisi2
 4989 0004 012A     		cmp	r2, #1
 4990 0006 46D0     		beq	.L398
1959:Drivers/STM32F3xx_HAL_Driver/Src/stm32f3xx_hal_tim_ex.c ****   uint32_t tmpcr2;
 4991              		.loc 1 1959 1 is_stmt 0 view .LVU1443
 4992 0008 30B4     		push	{r4, r5}
 4993              	.LCFI42:
 4994              		.cfi_def_cfa_offset 8
 4995              		.cfi_offset 4, -8
 4996              		.cfi_offset 5, -4
 4997 000a 0346     		mov	r3, r0
1969:Drivers/STM32F3xx_HAL_Driver/Src/stm32f3xx_hal_tim_ex.c **** 
 4998              		.loc 1 1969 3 is_stmt 1 discriminator 2 view .LVU1444
 4999 000c 0122     		movs	r2, #1
 5000 000e 80F83C20 		strb	r2, [r0, #60]
1969:Drivers/STM32F3xx_HAL_Driver/Src/stm32f3xx_hal_tim_ex.c **** 
ARM GAS  /tmp/ccZqO8pD.s 			page 157


 5001              		.loc 1 1969 3 discriminator 2 view .LVU1445
1972:Drivers/STM32F3xx_HAL_Driver/Src/stm32f3xx_hal_tim_ex.c **** 
 5002              		.loc 1 1972 3 view .LVU1446
1972:Drivers/STM32F3xx_HAL_Driver/Src/stm32f3xx_hal_tim_ex.c **** 
 5003              		.loc 1 1972 15 is_stmt 0 view .LVU1447
 5004 0012 0222     		movs	r2, #2
 5005 0014 80F83D20 		strb	r2, [r0, #61]
1975:Drivers/STM32F3xx_HAL_Driver/Src/stm32f3xx_hal_tim_ex.c **** 
 5006              		.loc 1 1975 3 is_stmt 1 view .LVU1448
1975:Drivers/STM32F3xx_HAL_Driver/Src/stm32f3xx_hal_tim_ex.c **** 
 5007              		.loc 1 1975 16 is_stmt 0 view .LVU1449
 5008 0018 0068     		ldr	r0, [r0]
 5009              	.LVL340:
1975:Drivers/STM32F3xx_HAL_Driver/Src/stm32f3xx_hal_tim_ex.c **** 
 5010              		.loc 1 1975 10 view .LVU1450
 5011 001a 4268     		ldr	r2, [r0, #4]
 5012              	.LVL341:
1978:Drivers/STM32F3xx_HAL_Driver/Src/stm32f3xx_hal_tim_ex.c **** 
 5013              		.loc 1 1978 3 is_stmt 1 view .LVU1451
1978:Drivers/STM32F3xx_HAL_Driver/Src/stm32f3xx_hal_tim_ex.c **** 
 5014              		.loc 1 1978 11 is_stmt 0 view .LVU1452
 5015 001c 8468     		ldr	r4, [r0, #8]
 5016              	.LVL342:
1982:Drivers/STM32F3xx_HAL_Driver/Src/stm32f3xx_hal_tim_ex.c ****   {
 5017              		.loc 1 1982 3 is_stmt 1 view .LVU1453
1982:Drivers/STM32F3xx_HAL_Driver/Src/stm32f3xx_hal_tim_ex.c ****   {
 5018              		.loc 1 1982 6 is_stmt 0 view .LVU1454
 5019 001e 1F4D     		ldr	r5, .L403
 5020 0020 A842     		cmp	r0, r5
 5021 0022 07D0     		beq	.L394
1982:Drivers/STM32F3xx_HAL_Driver/Src/stm32f3xx_hal_tim_ex.c ****   {
 5022              		.loc 1 1982 7 discriminator 1 view .LVU1455
 5023 0024 05F50065 		add	r5, r5, #2048
 5024 0028 A842     		cmp	r0, r5
 5025 002a 03D0     		beq	.L394
1982:Drivers/STM32F3xx_HAL_Driver/Src/stm32f3xx_hal_tim_ex.c ****   {
 5026              		.loc 1 1982 7 discriminator 2 view .LVU1456
 5027 002c 05F5E055 		add	r5, r5, #7168
 5028 0030 A842     		cmp	r0, r5
 5029 0032 03D1     		bne	.L395
 5030              	.L394:
1985:Drivers/STM32F3xx_HAL_Driver/Src/stm32f3xx_hal_tim_ex.c **** 
 5031              		.loc 1 1985 5 is_stmt 1 view .LVU1457
1988:Drivers/STM32F3xx_HAL_Driver/Src/stm32f3xx_hal_tim_ex.c ****     /* Select the TRGO2 source*/
 5032              		.loc 1 1988 5 view .LVU1458
1988:Drivers/STM32F3xx_HAL_Driver/Src/stm32f3xx_hal_tim_ex.c ****     /* Select the TRGO2 source*/
 5033              		.loc 1 1988 12 is_stmt 0 view .LVU1459
 5034 0034 22F47002 		bic	r2, r2, #15728640
 5035              	.LVL343:
1990:Drivers/STM32F3xx_HAL_Driver/Src/stm32f3xx_hal_tim_ex.c ****   }
 5036              		.loc 1 1990 5 is_stmt 1 view .LVU1460
1990:Drivers/STM32F3xx_HAL_Driver/Src/stm32f3xx_hal_tim_ex.c ****   }
 5037              		.loc 1 1990 28 is_stmt 0 view .LVU1461
 5038 0038 4D68     		ldr	r5, [r1, #4]
1990:Drivers/STM32F3xx_HAL_Driver/Src/stm32f3xx_hal_tim_ex.c ****   }
 5039              		.loc 1 1990 12 view .LVU1462
 5040 003a 2A43     		orrs	r2, r2, r5
ARM GAS  /tmp/ccZqO8pD.s 			page 158


 5041              	.LVL344:
 5042              	.L395:
1995:Drivers/STM32F3xx_HAL_Driver/Src/stm32f3xx_hal_tim_ex.c ****   /* Select the TRGO source */
 5043              		.loc 1 1995 3 is_stmt 1 view .LVU1463
1995:Drivers/STM32F3xx_HAL_Driver/Src/stm32f3xx_hal_tim_ex.c ****   /* Select the TRGO source */
 5044              		.loc 1 1995 10 is_stmt 0 view .LVU1464
 5045 003c 22F07002 		bic	r2, r2, #112
 5046              	.LVL345:
1997:Drivers/STM32F3xx_HAL_Driver/Src/stm32f3xx_hal_tim_ex.c **** 
 5047              		.loc 1 1997 3 is_stmt 1 view .LVU1465
1997:Drivers/STM32F3xx_HAL_Driver/Src/stm32f3xx_hal_tim_ex.c **** 
 5048              		.loc 1 1997 10 is_stmt 0 view .LVU1466
 5049 0040 0D68     		ldr	r5, [r1]
 5050 0042 2A43     		orrs	r2, r2, r5
 5051              	.LVL346:
2000:Drivers/STM32F3xx_HAL_Driver/Src/stm32f3xx_hal_tim_ex.c **** 
 5052              		.loc 1 2000 3 is_stmt 1 view .LVU1467
2000:Drivers/STM32F3xx_HAL_Driver/Src/stm32f3xx_hal_tim_ex.c **** 
 5053              		.loc 1 2000 23 is_stmt 0 view .LVU1468
 5054 0044 4260     		str	r2, [r0, #4]
2002:Drivers/STM32F3xx_HAL_Driver/Src/stm32f3xx_hal_tim_ex.c ****   {
 5055              		.loc 1 2002 3 is_stmt 1 view .LVU1469
2002:Drivers/STM32F3xx_HAL_Driver/Src/stm32f3xx_hal_tim_ex.c ****   {
 5056              		.loc 1 2002 7 is_stmt 0 view .LVU1470
 5057 0046 1A68     		ldr	r2, [r3]
 5058              	.LVL347:
2002:Drivers/STM32F3xx_HAL_Driver/Src/stm32f3xx_hal_tim_ex.c ****   {
 5059              		.loc 1 2002 6 view .LVU1471
 5060 0048 1448     		ldr	r0, .L403
 5061              	.LVL348:
2002:Drivers/STM32F3xx_HAL_Driver/Src/stm32f3xx_hal_tim_ex.c ****   {
 5062              		.loc 1 2002 6 view .LVU1472
 5063 004a 8242     		cmp	r2, r0
 5064 004c 16D0     		beq	.L396
2002:Drivers/STM32F3xx_HAL_Driver/Src/stm32f3xx_hal_tim_ex.c ****   {
 5065              		.loc 1 2002 7 discriminator 1 view .LVU1473
 5066 004e B2F1804F 		cmp	r2, #1073741824
 5067 0052 13D0     		beq	.L396
2002:Drivers/STM32F3xx_HAL_Driver/Src/stm32f3xx_hal_tim_ex.c ****   {
 5068              		.loc 1 2002 7 discriminator 2 view .LVU1474
 5069 0054 A0F59430 		sub	r0, r0, #75776
 5070 0058 8242     		cmp	r2, r0
 5071 005a 0FD0     		beq	.L396
2002:Drivers/STM32F3xx_HAL_Driver/Src/stm32f3xx_hal_tim_ex.c ****   {
 5072              		.loc 1 2002 7 discriminator 3 view .LVU1475
 5073 005c 00F58060 		add	r0, r0, #1024
 5074 0060 8242     		cmp	r2, r0
 5075 0062 0BD0     		beq	.L396
2002:Drivers/STM32F3xx_HAL_Driver/Src/stm32f3xx_hal_tim_ex.c ****   {
 5076              		.loc 1 2002 7 discriminator 4 view .LVU1476
 5077 0064 00F59630 		add	r0, r0, #76800
 5078 0068 8242     		cmp	r2, r0
 5079 006a 07D0     		beq	.L396
2002:Drivers/STM32F3xx_HAL_Driver/Src/stm32f3xx_hal_tim_ex.c ****   {
 5080              		.loc 1 2002 7 discriminator 5 view .LVU1477
 5081 006c 00F54060 		add	r0, r0, #3072
 5082 0070 8242     		cmp	r2, r0
ARM GAS  /tmp/ccZqO8pD.s 			page 159


 5083 0072 03D0     		beq	.L396
2002:Drivers/STM32F3xx_HAL_Driver/Src/stm32f3xx_hal_tim_ex.c ****   {
 5084              		.loc 1 2002 7 discriminator 6 view .LVU1478
 5085 0074 00F58050 		add	r0, r0, #4096
 5086 0078 8242     		cmp	r2, r0
 5087 007a 04D1     		bne	.L397
 5088              	.L396:
2005:Drivers/STM32F3xx_HAL_Driver/Src/stm32f3xx_hal_tim_ex.c ****     /* Set master mode */
 5089              		.loc 1 2005 5 is_stmt 1 view .LVU1479
2005:Drivers/STM32F3xx_HAL_Driver/Src/stm32f3xx_hal_tim_ex.c ****     /* Set master mode */
 5090              		.loc 1 2005 13 is_stmt 0 view .LVU1480
 5091 007c 24F08004 		bic	r4, r4, #128
 5092              	.LVL349:
2007:Drivers/STM32F3xx_HAL_Driver/Src/stm32f3xx_hal_tim_ex.c **** 
 5093              		.loc 1 2007 5 is_stmt 1 view .LVU1481
2007:Drivers/STM32F3xx_HAL_Driver/Src/stm32f3xx_hal_tim_ex.c **** 
 5094              		.loc 1 2007 29 is_stmt 0 view .LVU1482
 5095 0080 8968     		ldr	r1, [r1, #8]
 5096              	.LVL350:
2007:Drivers/STM32F3xx_HAL_Driver/Src/stm32f3xx_hal_tim_ex.c **** 
 5097              		.loc 1 2007 13 view .LVU1483
 5098 0082 2143     		orrs	r1, r1, r4
 5099              	.LVL351:
2010:Drivers/STM32F3xx_HAL_Driver/Src/stm32f3xx_hal_tim_ex.c ****   }
 5100              		.loc 1 2010 5 is_stmt 1 view .LVU1484
2010:Drivers/STM32F3xx_HAL_Driver/Src/stm32f3xx_hal_tim_ex.c ****   }
 5101              		.loc 1 2010 26 is_stmt 0 view .LVU1485
 5102 0084 9160     		str	r1, [r2, #8]
 5103              	.LVL352:
 5104              	.L397:
2014:Drivers/STM32F3xx_HAL_Driver/Src/stm32f3xx_hal_tim_ex.c **** 
 5105              		.loc 1 2014 3 is_stmt 1 view .LVU1486
2014:Drivers/STM32F3xx_HAL_Driver/Src/stm32f3xx_hal_tim_ex.c **** 
 5106              		.loc 1 2014 15 is_stmt 0 view .LVU1487
 5107 0086 0122     		movs	r2, #1
 5108 0088 83F83D20 		strb	r2, [r3, #61]
2016:Drivers/STM32F3xx_HAL_Driver/Src/stm32f3xx_hal_tim_ex.c **** 
 5109              		.loc 1 2016 3 is_stmt 1 view .LVU1488
2016:Drivers/STM32F3xx_HAL_Driver/Src/stm32f3xx_hal_tim_ex.c **** 
 5110              		.loc 1 2016 3 view .LVU1489
 5111 008c 0020     		movs	r0, #0
 5112 008e 83F83C00 		strb	r0, [r3, #60]
2016:Drivers/STM32F3xx_HAL_Driver/Src/stm32f3xx_hal_tim_ex.c **** 
 5113              		.loc 1 2016 3 view .LVU1490
2018:Drivers/STM32F3xx_HAL_Driver/Src/stm32f3xx_hal_tim_ex.c **** }
 5114              		.loc 1 2018 3 view .LVU1491
2019:Drivers/STM32F3xx_HAL_Driver/Src/stm32f3xx_hal_tim_ex.c **** 
 5115              		.loc 1 2019 1 is_stmt 0 view .LVU1492
 5116 0092 30BC     		pop	{r4, r5}
 5117              	.LCFI43:
 5118              		.cfi_restore 5
 5119              		.cfi_restore 4
 5120              		.cfi_def_cfa_offset 0
 5121 0094 7047     		bx	lr
 5122              	.LVL353:
 5123              	.L398:
1969:Drivers/STM32F3xx_HAL_Driver/Src/stm32f3xx_hal_tim_ex.c **** 
ARM GAS  /tmp/ccZqO8pD.s 			page 160


 5124              		.loc 1 1969 3 discriminator 1 view .LVU1493
 5125 0096 0220     		movs	r0, #2
 5126              	.LVL354:
2019:Drivers/STM32F3xx_HAL_Driver/Src/stm32f3xx_hal_tim_ex.c **** 
 5127              		.loc 1 2019 1 view .LVU1494
 5128 0098 7047     		bx	lr
 5129              	.L404:
 5130 009a 00BF     		.align	2
 5131              	.L403:
 5132 009c 002C0140 		.word	1073818624
 5133              		.cfi_endproc
 5134              	.LFE159:
 5136              		.section	.text.HAL_TIMEx_ConfigBreakDeadTime,"ax",%progbits
 5137              		.align	1
 5138              		.global	HAL_TIMEx_ConfigBreakDeadTime
 5139              		.syntax unified
 5140              		.thumb
 5141              		.thumb_func
 5143              	HAL_TIMEx_ConfigBreakDeadTime:
 5144              	.LVL355:
 5145              	.LFB160:
2034:Drivers/STM32F3xx_HAL_Driver/Src/stm32f3xx_hal_tim_ex.c ****   /* Keep this variable initialized to 0 as it is used to configure BDTR register */
 5146              		.loc 1 2034 1 is_stmt 1 view -0
 5147              		.cfi_startproc
 5148              		@ args = 0, pretend = 0, frame = 0
 5149              		@ frame_needed = 0, uses_anonymous_args = 0
 5150              		@ link register save eliminated.
2036:Drivers/STM32F3xx_HAL_Driver/Src/stm32f3xx_hal_tim_ex.c **** 
 5151              		.loc 1 2036 3 view .LVU1496
2039:Drivers/STM32F3xx_HAL_Driver/Src/stm32f3xx_hal_tim_ex.c ****   assert_param(IS_TIM_OSSR_STATE(sBreakDeadTimeConfig->OffStateRunMode));
 5152              		.loc 1 2039 3 view .LVU1497
2040:Drivers/STM32F3xx_HAL_Driver/Src/stm32f3xx_hal_tim_ex.c ****   assert_param(IS_TIM_OSSI_STATE(sBreakDeadTimeConfig->OffStateIDLEMode));
 5153              		.loc 1 2040 3 view .LVU1498
2041:Drivers/STM32F3xx_HAL_Driver/Src/stm32f3xx_hal_tim_ex.c ****   assert_param(IS_TIM_LOCK_LEVEL(sBreakDeadTimeConfig->LockLevel));
 5154              		.loc 1 2041 3 view .LVU1499
2042:Drivers/STM32F3xx_HAL_Driver/Src/stm32f3xx_hal_tim_ex.c ****   assert_param(IS_TIM_DEADTIME(sBreakDeadTimeConfig->DeadTime));
 5155              		.loc 1 2042 3 view .LVU1500
2043:Drivers/STM32F3xx_HAL_Driver/Src/stm32f3xx_hal_tim_ex.c ****   assert_param(IS_TIM_BREAK_STATE(sBreakDeadTimeConfig->BreakState));
 5156              		.loc 1 2043 3 view .LVU1501
2044:Drivers/STM32F3xx_HAL_Driver/Src/stm32f3xx_hal_tim_ex.c ****   assert_param(IS_TIM_BREAK_POLARITY(sBreakDeadTimeConfig->BreakPolarity));
 5157              		.loc 1 2044 3 view .LVU1502
2045:Drivers/STM32F3xx_HAL_Driver/Src/stm32f3xx_hal_tim_ex.c **** #if defined(TIM_BDTR_BKF)
 5158              		.loc 1 2045 3 view .LVU1503
2047:Drivers/STM32F3xx_HAL_Driver/Src/stm32f3xx_hal_tim_ex.c **** #endif /* TIM_BDTR_BKF */
 5159              		.loc 1 2047 3 view .LVU1504
2049:Drivers/STM32F3xx_HAL_Driver/Src/stm32f3xx_hal_tim_ex.c **** 
 5160              		.loc 1 2049 3 view .LVU1505
2052:Drivers/STM32F3xx_HAL_Driver/Src/stm32f3xx_hal_tim_ex.c **** 
 5161              		.loc 1 2052 3 view .LVU1506
2052:Drivers/STM32F3xx_HAL_Driver/Src/stm32f3xx_hal_tim_ex.c **** 
 5162              		.loc 1 2052 3 view .LVU1507
 5163 0000 90F83C30 		ldrb	r3, [r0, #60]	@ zero_extendqisi2
 5164 0004 012B     		cmp	r3, #1
 5165 0006 42D0     		beq	.L409
2034:Drivers/STM32F3xx_HAL_Driver/Src/stm32f3xx_hal_tim_ex.c ****   /* Keep this variable initialized to 0 as it is used to configure BDTR register */
 5166              		.loc 1 2034 1 is_stmt 0 view .LVU1508
 5167 0008 10B4     		push	{r4}
ARM GAS  /tmp/ccZqO8pD.s 			page 161


 5168              	.LCFI44:
 5169              		.cfi_def_cfa_offset 4
 5170              		.cfi_offset 4, -4
 5171 000a 0246     		mov	r2, r0
2052:Drivers/STM32F3xx_HAL_Driver/Src/stm32f3xx_hal_tim_ex.c **** 
 5172              		.loc 1 2052 3 is_stmt 1 discriminator 2 view .LVU1509
 5173 000c 0123     		movs	r3, #1
 5174 000e 80F83C30 		strb	r3, [r0, #60]
2052:Drivers/STM32F3xx_HAL_Driver/Src/stm32f3xx_hal_tim_ex.c **** 
 5175              		.loc 1 2052 3 discriminator 2 view .LVU1510
2058:Drivers/STM32F3xx_HAL_Driver/Src/stm32f3xx_hal_tim_ex.c ****   MODIFY_REG(tmpbdtr, TIM_BDTR_LOCK, sBreakDeadTimeConfig->LockLevel);
 5176              		.loc 1 2058 3 view .LVU1511
 5177 0012 CB68     		ldr	r3, [r1, #12]
 5178              	.LVL356:
2059:Drivers/STM32F3xx_HAL_Driver/Src/stm32f3xx_hal_tim_ex.c ****   MODIFY_REG(tmpbdtr, TIM_BDTR_OSSI, sBreakDeadTimeConfig->OffStateIDLEMode);
 5179              		.loc 1 2059 3 view .LVU1512
 5180 0014 23F44073 		bic	r3, r3, #768
 5181              	.LVL357:
2059:Drivers/STM32F3xx_HAL_Driver/Src/stm32f3xx_hal_tim_ex.c ****   MODIFY_REG(tmpbdtr, TIM_BDTR_OSSI, sBreakDeadTimeConfig->OffStateIDLEMode);
 5182              		.loc 1 2059 3 is_stmt 0 view .LVU1513
 5183 0018 8868     		ldr	r0, [r1, #8]
 5184              	.LVL358:
2059:Drivers/STM32F3xx_HAL_Driver/Src/stm32f3xx_hal_tim_ex.c ****   MODIFY_REG(tmpbdtr, TIM_BDTR_OSSI, sBreakDeadTimeConfig->OffStateIDLEMode);
 5185              		.loc 1 2059 3 view .LVU1514
 5186 001a 0343     		orrs	r3, r3, r0
 5187              	.LVL359:
2060:Drivers/STM32F3xx_HAL_Driver/Src/stm32f3xx_hal_tim_ex.c ****   MODIFY_REG(tmpbdtr, TIM_BDTR_OSSR, sBreakDeadTimeConfig->OffStateRunMode);
 5188              		.loc 1 2060 3 is_stmt 1 view .LVU1515
 5189 001c 23F48063 		bic	r3, r3, #1024
 5190              	.LVL360:
2060:Drivers/STM32F3xx_HAL_Driver/Src/stm32f3xx_hal_tim_ex.c ****   MODIFY_REG(tmpbdtr, TIM_BDTR_OSSR, sBreakDeadTimeConfig->OffStateRunMode);
 5191              		.loc 1 2060 3 is_stmt 0 view .LVU1516
 5192 0020 4868     		ldr	r0, [r1, #4]
 5193              	.LVL361:
2060:Drivers/STM32F3xx_HAL_Driver/Src/stm32f3xx_hal_tim_ex.c ****   MODIFY_REG(tmpbdtr, TIM_BDTR_OSSR, sBreakDeadTimeConfig->OffStateRunMode);
 5194              		.loc 1 2060 3 view .LVU1517
 5195 0022 0343     		orrs	r3, r3, r0
 5196              	.LVL362:
2061:Drivers/STM32F3xx_HAL_Driver/Src/stm32f3xx_hal_tim_ex.c ****   MODIFY_REG(tmpbdtr, TIM_BDTR_BKE, sBreakDeadTimeConfig->BreakState);
 5197              		.loc 1 2061 3 is_stmt 1 view .LVU1518
 5198 0024 23F40063 		bic	r3, r3, #2048
 5199              	.LVL363:
2061:Drivers/STM32F3xx_HAL_Driver/Src/stm32f3xx_hal_tim_ex.c ****   MODIFY_REG(tmpbdtr, TIM_BDTR_BKE, sBreakDeadTimeConfig->BreakState);
 5200              		.loc 1 2061 3 is_stmt 0 view .LVU1519
 5201 0028 0868     		ldr	r0, [r1]
 5202              	.LVL364:
2061:Drivers/STM32F3xx_HAL_Driver/Src/stm32f3xx_hal_tim_ex.c ****   MODIFY_REG(tmpbdtr, TIM_BDTR_BKE, sBreakDeadTimeConfig->BreakState);
 5203              		.loc 1 2061 3 view .LVU1520
 5204 002a 0343     		orrs	r3, r3, r0
 5205              	.LVL365:
2062:Drivers/STM32F3xx_HAL_Driver/Src/stm32f3xx_hal_tim_ex.c ****   MODIFY_REG(tmpbdtr, TIM_BDTR_BKP, sBreakDeadTimeConfig->BreakPolarity);
 5206              		.loc 1 2062 3 is_stmt 1 view .LVU1521
 5207 002c 23F48053 		bic	r3, r3, #4096
 5208              	.LVL366:
2062:Drivers/STM32F3xx_HAL_Driver/Src/stm32f3xx_hal_tim_ex.c ****   MODIFY_REG(tmpbdtr, TIM_BDTR_BKP, sBreakDeadTimeConfig->BreakPolarity);
 5209              		.loc 1 2062 3 is_stmt 0 view .LVU1522
 5210 0030 0869     		ldr	r0, [r1, #16]
ARM GAS  /tmp/ccZqO8pD.s 			page 162


 5211              	.LVL367:
2062:Drivers/STM32F3xx_HAL_Driver/Src/stm32f3xx_hal_tim_ex.c ****   MODIFY_REG(tmpbdtr, TIM_BDTR_BKP, sBreakDeadTimeConfig->BreakPolarity);
 5212              		.loc 1 2062 3 view .LVU1523
 5213 0032 0343     		orrs	r3, r3, r0
 5214              	.LVL368:
2063:Drivers/STM32F3xx_HAL_Driver/Src/stm32f3xx_hal_tim_ex.c ****   MODIFY_REG(tmpbdtr, TIM_BDTR_AOE, sBreakDeadTimeConfig->AutomaticOutput);
 5215              		.loc 1 2063 3 is_stmt 1 view .LVU1524
 5216 0034 23F40053 		bic	r3, r3, #8192
 5217              	.LVL369:
2063:Drivers/STM32F3xx_HAL_Driver/Src/stm32f3xx_hal_tim_ex.c ****   MODIFY_REG(tmpbdtr, TIM_BDTR_AOE, sBreakDeadTimeConfig->AutomaticOutput);
 5218              		.loc 1 2063 3 is_stmt 0 view .LVU1525
 5219 0038 4869     		ldr	r0, [r1, #20]
 5220              	.LVL370:
2063:Drivers/STM32F3xx_HAL_Driver/Src/stm32f3xx_hal_tim_ex.c ****   MODIFY_REG(tmpbdtr, TIM_BDTR_AOE, sBreakDeadTimeConfig->AutomaticOutput);
 5221              		.loc 1 2063 3 view .LVU1526
 5222 003a 0343     		orrs	r3, r3, r0
 5223              	.LVL371:
2064:Drivers/STM32F3xx_HAL_Driver/Src/stm32f3xx_hal_tim_ex.c **** #if defined(TIM_BDTR_BKF)
 5224              		.loc 1 2064 3 is_stmt 1 view .LVU1527
 5225 003c 23F48043 		bic	r3, r3, #16384
 5226              	.LVL372:
2064:Drivers/STM32F3xx_HAL_Driver/Src/stm32f3xx_hal_tim_ex.c **** #if defined(TIM_BDTR_BKF)
 5227              		.loc 1 2064 3 is_stmt 0 view .LVU1528
 5228 0040 886A     		ldr	r0, [r1, #40]
 5229              	.LVL373:
2064:Drivers/STM32F3xx_HAL_Driver/Src/stm32f3xx_hal_tim_ex.c **** #if defined(TIM_BDTR_BKF)
 5230              		.loc 1 2064 3 view .LVU1529
 5231 0042 0343     		orrs	r3, r3, r0
 5232              	.LVL374:
2066:Drivers/STM32F3xx_HAL_Driver/Src/stm32f3xx_hal_tim_ex.c **** #endif /* TIM_BDTR_BKF */
 5233              		.loc 1 2066 3 is_stmt 1 view .LVU1530
 5234 0044 23F47023 		bic	r3, r3, #983040
 5235              	.LVL375:
2066:Drivers/STM32F3xx_HAL_Driver/Src/stm32f3xx_hal_tim_ex.c **** #endif /* TIM_BDTR_BKF */
 5236              		.loc 1 2066 3 is_stmt 0 view .LVU1531
 5237 0048 8869     		ldr	r0, [r1, #24]
 5238              	.LVL376:
2066:Drivers/STM32F3xx_HAL_Driver/Src/stm32f3xx_hal_tim_ex.c **** #endif /* TIM_BDTR_BKF */
 5239              		.loc 1 2066 3 view .LVU1532
 5240 004a 43EA0043 		orr	r3, r3, r0, lsl #16
 5241              	.LVL377:
2070:Drivers/STM32F3xx_HAL_Driver/Src/stm32f3xx_hal_tim_ex.c ****   {
 5242              		.loc 1 2070 3 is_stmt 1 view .LVU1533
2070:Drivers/STM32F3xx_HAL_Driver/Src/stm32f3xx_hal_tim_ex.c ****   {
 5243              		.loc 1 2070 7 is_stmt 0 view .LVU1534
 5244 004e 1068     		ldr	r0, [r2]
2070:Drivers/STM32F3xx_HAL_Driver/Src/stm32f3xx_hal_tim_ex.c ****   {
 5245              		.loc 1 2070 6 view .LVU1535
 5246 0050 104C     		ldr	r4, .L414
 5247 0052 A042     		cmp	r0, r4
 5248 0054 07D0     		beq	.L407
2070:Drivers/STM32F3xx_HAL_Driver/Src/stm32f3xx_hal_tim_ex.c ****   {
 5249              		.loc 1 2070 7 discriminator 1 view .LVU1536
 5250 0056 04F50064 		add	r4, r4, #2048
 5251 005a A042     		cmp	r0, r4
 5252 005c 03D0     		beq	.L407
2070:Drivers/STM32F3xx_HAL_Driver/Src/stm32f3xx_hal_tim_ex.c ****   {
ARM GAS  /tmp/ccZqO8pD.s 			page 163


 5253              		.loc 1 2070 7 discriminator 2 view .LVU1537
 5254 005e 04F5E054 		add	r4, r4, #7168
 5255 0062 A042     		cmp	r0, r4
 5256 0064 0CD1     		bne	.L408
 5257              	.L407:
2073:Drivers/STM32F3xx_HAL_Driver/Src/stm32f3xx_hal_tim_ex.c ****     assert_param(IS_TIM_BREAK2_POLARITY(sBreakDeadTimeConfig->Break2Polarity));
 5258              		.loc 1 2073 5 is_stmt 1 view .LVU1538
2074:Drivers/STM32F3xx_HAL_Driver/Src/stm32f3xx_hal_tim_ex.c ****     assert_param(IS_TIM_BREAK_FILTER(sBreakDeadTimeConfig->Break2Filter));
 5259              		.loc 1 2074 5 view .LVU1539
2075:Drivers/STM32F3xx_HAL_Driver/Src/stm32f3xx_hal_tim_ex.c **** 
 5260              		.loc 1 2075 5 view .LVU1540
2078:Drivers/STM32F3xx_HAL_Driver/Src/stm32f3xx_hal_tim_ex.c ****     MODIFY_REG(tmpbdtr, TIM_BDTR_BK2E, sBreakDeadTimeConfig->Break2State);
 5261              		.loc 1 2078 5 view .LVU1541
 5262 0066 23F47003 		bic	r3, r3, #15728640
 5263              	.LVL378:
2078:Drivers/STM32F3xx_HAL_Driver/Src/stm32f3xx_hal_tim_ex.c ****     MODIFY_REG(tmpbdtr, TIM_BDTR_BK2E, sBreakDeadTimeConfig->Break2State);
 5264              		.loc 1 2078 5 is_stmt 0 view .LVU1542
 5265 006a 4C6A     		ldr	r4, [r1, #36]
 5266 006c 43EA0453 		orr	r3, r3, r4, lsl #20
 5267              	.LVL379:
2079:Drivers/STM32F3xx_HAL_Driver/Src/stm32f3xx_hal_tim_ex.c ****     MODIFY_REG(tmpbdtr, TIM_BDTR_BK2P, sBreakDeadTimeConfig->Break2Polarity);
 5268              		.loc 1 2079 5 is_stmt 1 view .LVU1543
 5269 0070 23F08073 		bic	r3, r3, #16777216
 5270              	.LVL380:
2079:Drivers/STM32F3xx_HAL_Driver/Src/stm32f3xx_hal_tim_ex.c ****     MODIFY_REG(tmpbdtr, TIM_BDTR_BK2P, sBreakDeadTimeConfig->Break2Polarity);
 5271              		.loc 1 2079 5 is_stmt 0 view .LVU1544
 5272 0074 CC69     		ldr	r4, [r1, #28]
 5273              	.LVL381:
2079:Drivers/STM32F3xx_HAL_Driver/Src/stm32f3xx_hal_tim_ex.c ****     MODIFY_REG(tmpbdtr, TIM_BDTR_BK2P, sBreakDeadTimeConfig->Break2Polarity);
 5274              		.loc 1 2079 5 view .LVU1545
 5275 0076 2343     		orrs	r3, r3, r4
 5276              	.LVL382:
2080:Drivers/STM32F3xx_HAL_Driver/Src/stm32f3xx_hal_tim_ex.c ****   }
 5277              		.loc 1 2080 5 is_stmt 1 view .LVU1546
 5278 0078 23F00073 		bic	r3, r3, #33554432
 5279              	.LVL383:
2080:Drivers/STM32F3xx_HAL_Driver/Src/stm32f3xx_hal_tim_ex.c ****   }
 5280              		.loc 1 2080 5 is_stmt 0 view .LVU1547
 5281 007c 096A     		ldr	r1, [r1, #32]
 5282              	.LVL384:
2080:Drivers/STM32F3xx_HAL_Driver/Src/stm32f3xx_hal_tim_ex.c ****   }
 5283              		.loc 1 2080 5 view .LVU1548
 5284 007e 0B43     		orrs	r3, r3, r1
 5285              	.LVL385:
 5286              	.L408:
2085:Drivers/STM32F3xx_HAL_Driver/Src/stm32f3xx_hal_tim_ex.c **** 
 5287              		.loc 1 2085 3 is_stmt 1 view .LVU1549
2085:Drivers/STM32F3xx_HAL_Driver/Src/stm32f3xx_hal_tim_ex.c **** 
 5288              		.loc 1 2085 24 is_stmt 0 view .LVU1550
 5289 0080 4364     		str	r3, [r0, #68]
2087:Drivers/STM32F3xx_HAL_Driver/Src/stm32f3xx_hal_tim_ex.c **** 
 5290              		.loc 1 2087 3 is_stmt 1 view .LVU1551
2087:Drivers/STM32F3xx_HAL_Driver/Src/stm32f3xx_hal_tim_ex.c **** 
 5291              		.loc 1 2087 3 view .LVU1552
 5292 0082 0020     		movs	r0, #0
 5293 0084 82F83C00 		strb	r0, [r2, #60]
2087:Drivers/STM32F3xx_HAL_Driver/Src/stm32f3xx_hal_tim_ex.c **** 
ARM GAS  /tmp/ccZqO8pD.s 			page 164


 5294              		.loc 1 2087 3 view .LVU1553
2089:Drivers/STM32F3xx_HAL_Driver/Src/stm32f3xx_hal_tim_ex.c **** }
 5295              		.loc 1 2089 3 view .LVU1554
2090:Drivers/STM32F3xx_HAL_Driver/Src/stm32f3xx_hal_tim_ex.c **** 
 5296              		.loc 1 2090 1 is_stmt 0 view .LVU1555
 5297 0088 5DF8044B 		ldr	r4, [sp], #4
 5298              	.LCFI45:
 5299              		.cfi_restore 4
 5300              		.cfi_def_cfa_offset 0
 5301 008c 7047     		bx	lr
 5302              	.LVL386:
 5303              	.L409:
2052:Drivers/STM32F3xx_HAL_Driver/Src/stm32f3xx_hal_tim_ex.c **** 
 5304              		.loc 1 2052 3 discriminator 1 view .LVU1556
 5305 008e 0220     		movs	r0, #2
 5306              	.LVL387:
2090:Drivers/STM32F3xx_HAL_Driver/Src/stm32f3xx_hal_tim_ex.c **** 
 5307              		.loc 1 2090 1 view .LVU1557
 5308 0090 7047     		bx	lr
 5309              	.L415:
 5310 0092 00BF     		.align	2
 5311              	.L414:
 5312 0094 002C0140 		.word	1073818624
 5313              		.cfi_endproc
 5314              	.LFE160:
 5316              		.section	.text.HAL_TIMEx_RemapConfig,"ax",%progbits
 5317              		.align	1
 5318              		.global	HAL_TIMEx_RemapConfig
 5319              		.syntax unified
 5320              		.thumb
 5321              		.thumb_func
 5323              	HAL_TIMEx_RemapConfig:
 5324              	.LVL388:
 5325              	.LFB161:
2178:Drivers/STM32F3xx_HAL_Driver/Src/stm32f3xx_hal_tim_ex.c **** 
 5326              		.loc 1 2178 1 is_stmt 1 view -0
 5327              		.cfi_startproc
 5328              		@ args = 0, pretend = 0, frame = 0
 5329              		@ frame_needed = 0, uses_anonymous_args = 0
 5330              		@ link register save eliminated.
2181:Drivers/STM32F3xx_HAL_Driver/Src/stm32f3xx_hal_tim_ex.c **** 
 5331              		.loc 1 2181 3 view .LVU1559
2183:Drivers/STM32F3xx_HAL_Driver/Src/stm32f3xx_hal_tim_ex.c **** 
 5332              		.loc 1 2183 3 view .LVU1560
2183:Drivers/STM32F3xx_HAL_Driver/Src/stm32f3xx_hal_tim_ex.c **** 
 5333              		.loc 1 2183 3 view .LVU1561
 5334 0000 90F83C30 		ldrb	r3, [r0, #60]	@ zero_extendqisi2
 5335 0004 012B     		cmp	r3, #1
 5336 0006 09D0     		beq	.L418
2183:Drivers/STM32F3xx_HAL_Driver/Src/stm32f3xx_hal_tim_ex.c **** 
 5337              		.loc 1 2183 3 discriminator 2 view .LVU1562
 5338 0008 0123     		movs	r3, #1
 5339 000a 80F83C30 		strb	r3, [r0, #60]
2183:Drivers/STM32F3xx_HAL_Driver/Src/stm32f3xx_hal_tim_ex.c **** 
 5340              		.loc 1 2183 3 discriminator 2 view .LVU1563
2186:Drivers/STM32F3xx_HAL_Driver/Src/stm32f3xx_hal_tim_ex.c **** 
 5341              		.loc 1 2186 3 view .LVU1564
ARM GAS  /tmp/ccZqO8pD.s 			page 165


 5342 000e 0368     		ldr	r3, [r0]
 5343 0010 1965     		str	r1, [r3, #80]
2188:Drivers/STM32F3xx_HAL_Driver/Src/stm32f3xx_hal_tim_ex.c **** 
 5344              		.loc 1 2188 3 view .LVU1565
2188:Drivers/STM32F3xx_HAL_Driver/Src/stm32f3xx_hal_tim_ex.c **** 
 5345              		.loc 1 2188 3 view .LVU1566
 5346 0012 0023     		movs	r3, #0
 5347 0014 80F83C30 		strb	r3, [r0, #60]
2188:Drivers/STM32F3xx_HAL_Driver/Src/stm32f3xx_hal_tim_ex.c **** 
 5348              		.loc 1 2188 3 view .LVU1567
2190:Drivers/STM32F3xx_HAL_Driver/Src/stm32f3xx_hal_tim_ex.c **** }
 5349              		.loc 1 2190 3 view .LVU1568
2190:Drivers/STM32F3xx_HAL_Driver/Src/stm32f3xx_hal_tim_ex.c **** }
 5350              		.loc 1 2190 10 is_stmt 0 view .LVU1569
 5351 0018 1846     		mov	r0, r3
 5352              	.LVL389:
2190:Drivers/STM32F3xx_HAL_Driver/Src/stm32f3xx_hal_tim_ex.c **** }
 5353              		.loc 1 2190 10 view .LVU1570
 5354 001a 7047     		bx	lr
 5355              	.LVL390:
 5356              	.L418:
2183:Drivers/STM32F3xx_HAL_Driver/Src/stm32f3xx_hal_tim_ex.c **** 
 5357              		.loc 1 2183 3 discriminator 1 view .LVU1571
 5358 001c 0220     		movs	r0, #2
 5359              	.LVL391:
2191:Drivers/STM32F3xx_HAL_Driver/Src/stm32f3xx_hal_tim_ex.c **** 
 5360              		.loc 1 2191 1 view .LVU1572
 5361 001e 7047     		bx	lr
 5362              		.cfi_endproc
 5363              	.LFE161:
 5365              		.section	.text.HAL_TIMEx_GroupChannel5,"ax",%progbits
 5366              		.align	1
 5367              		.global	HAL_TIMEx_GroupChannel5
 5368              		.syntax unified
 5369              		.thumb
 5370              		.thumb_func
 5372              	HAL_TIMEx_GroupChannel5:
 5373              	.LVL392:
 5374              	.LFB162:
2206:Drivers/STM32F3xx_HAL_Driver/Src/stm32f3xx_hal_tim_ex.c ****   /* Check parameters */
 5375              		.loc 1 2206 1 is_stmt 1 view -0
 5376              		.cfi_startproc
 5377              		@ args = 0, pretend = 0, frame = 0
 5378              		@ frame_needed = 0, uses_anonymous_args = 0
 5379              		@ link register save eliminated.
2208:Drivers/STM32F3xx_HAL_Driver/Src/stm32f3xx_hal_tim_ex.c ****   assert_param(IS_TIM_GROUPCH5(Channels));
 5380              		.loc 1 2208 3 view .LVU1574
2209:Drivers/STM32F3xx_HAL_Driver/Src/stm32f3xx_hal_tim_ex.c **** 
 5381              		.loc 1 2209 3 view .LVU1575
2212:Drivers/STM32F3xx_HAL_Driver/Src/stm32f3xx_hal_tim_ex.c **** 
 5382              		.loc 1 2212 3 view .LVU1576
2212:Drivers/STM32F3xx_HAL_Driver/Src/stm32f3xx_hal_tim_ex.c **** 
 5383              		.loc 1 2212 3 view .LVU1577
 5384 0000 90F83C30 		ldrb	r3, [r0, #60]	@ zero_extendqisi2
 5385 0004 012B     		cmp	r3, #1
 5386 0006 18D0     		beq	.L421
2206:Drivers/STM32F3xx_HAL_Driver/Src/stm32f3xx_hal_tim_ex.c ****   /* Check parameters */
ARM GAS  /tmp/ccZqO8pD.s 			page 166


 5387              		.loc 1 2206 1 is_stmt 0 view .LVU1578
 5388 0008 10B4     		push	{r4}
 5389              	.LCFI46:
 5390              		.cfi_def_cfa_offset 4
 5391              		.cfi_offset 4, -4
2212:Drivers/STM32F3xx_HAL_Driver/Src/stm32f3xx_hal_tim_ex.c **** 
 5392              		.loc 1 2212 3 is_stmt 1 discriminator 2 view .LVU1579
 5393 000a 0122     		movs	r2, #1
 5394 000c 80F83C20 		strb	r2, [r0, #60]
2212:Drivers/STM32F3xx_HAL_Driver/Src/stm32f3xx_hal_tim_ex.c **** 
 5395              		.loc 1 2212 3 discriminator 2 view .LVU1580
2214:Drivers/STM32F3xx_HAL_Driver/Src/stm32f3xx_hal_tim_ex.c **** 
 5396              		.loc 1 2214 3 view .LVU1581
2214:Drivers/STM32F3xx_HAL_Driver/Src/stm32f3xx_hal_tim_ex.c **** 
 5397              		.loc 1 2214 15 is_stmt 0 view .LVU1582
 5398 0010 0223     		movs	r3, #2
 5399 0012 80F83D30 		strb	r3, [r0, #61]
2217:Drivers/STM32F3xx_HAL_Driver/Src/stm32f3xx_hal_tim_ex.c **** 
 5400              		.loc 1 2217 3 is_stmt 1 view .LVU1583
2217:Drivers/STM32F3xx_HAL_Driver/Src/stm32f3xx_hal_tim_ex.c **** 
 5401              		.loc 1 2217 7 is_stmt 0 view .LVU1584
 5402 0016 0468     		ldr	r4, [r0]
2217:Drivers/STM32F3xx_HAL_Driver/Src/stm32f3xx_hal_tim_ex.c **** 
 5403              		.loc 1 2217 17 view .LVU1585
 5404 0018 A36D     		ldr	r3, [r4, #88]
2217:Drivers/STM32F3xx_HAL_Driver/Src/stm32f3xx_hal_tim_ex.c **** 
 5405              		.loc 1 2217 24 view .LVU1586
 5406 001a 23F06043 		bic	r3, r3, #-536870912
 5407 001e A365     		str	r3, [r4, #88]
2220:Drivers/STM32F3xx_HAL_Driver/Src/stm32f3xx_hal_tim_ex.c **** 
 5408              		.loc 1 2220 3 is_stmt 1 view .LVU1587
2220:Drivers/STM32F3xx_HAL_Driver/Src/stm32f3xx_hal_tim_ex.c **** 
 5409              		.loc 1 2220 7 is_stmt 0 view .LVU1588
 5410 0020 0468     		ldr	r4, [r0]
2220:Drivers/STM32F3xx_HAL_Driver/Src/stm32f3xx_hal_tim_ex.c **** 
 5411              		.loc 1 2220 17 view .LVU1589
 5412 0022 A36D     		ldr	r3, [r4, #88]
2220:Drivers/STM32F3xx_HAL_Driver/Src/stm32f3xx_hal_tim_ex.c **** 
 5413              		.loc 1 2220 24 view .LVU1590
 5414 0024 0B43     		orrs	r3, r3, r1
 5415 0026 A365     		str	r3, [r4, #88]
2223:Drivers/STM32F3xx_HAL_Driver/Src/stm32f3xx_hal_tim_ex.c **** 
 5416              		.loc 1 2223 3 is_stmt 1 view .LVU1591
2223:Drivers/STM32F3xx_HAL_Driver/Src/stm32f3xx_hal_tim_ex.c **** 
 5417              		.loc 1 2223 15 is_stmt 0 view .LVU1592
 5418 0028 80F83D20 		strb	r2, [r0, #61]
2225:Drivers/STM32F3xx_HAL_Driver/Src/stm32f3xx_hal_tim_ex.c **** 
 5419              		.loc 1 2225 3 is_stmt 1 view .LVU1593
2225:Drivers/STM32F3xx_HAL_Driver/Src/stm32f3xx_hal_tim_ex.c **** 
 5420              		.loc 1 2225 3 view .LVU1594
 5421 002c 0023     		movs	r3, #0
 5422 002e 80F83C30 		strb	r3, [r0, #60]
2225:Drivers/STM32F3xx_HAL_Driver/Src/stm32f3xx_hal_tim_ex.c **** 
 5423              		.loc 1 2225 3 view .LVU1595
2227:Drivers/STM32F3xx_HAL_Driver/Src/stm32f3xx_hal_tim_ex.c **** }
 5424              		.loc 1 2227 3 view .LVU1596
2227:Drivers/STM32F3xx_HAL_Driver/Src/stm32f3xx_hal_tim_ex.c **** }
ARM GAS  /tmp/ccZqO8pD.s 			page 167


 5425              		.loc 1 2227 10 is_stmt 0 view .LVU1597
 5426 0032 1846     		mov	r0, r3
 5427              	.LVL393:
2228:Drivers/STM32F3xx_HAL_Driver/Src/stm32f3xx_hal_tim_ex.c **** #endif /* TIM_CCR5_CCR5 */
 5428              		.loc 1 2228 1 view .LVU1598
 5429 0034 5DF8044B 		ldr	r4, [sp], #4
 5430              	.LCFI47:
 5431              		.cfi_restore 4
 5432              		.cfi_def_cfa_offset 0
 5433 0038 7047     		bx	lr
 5434              	.LVL394:
 5435              	.L421:
2212:Drivers/STM32F3xx_HAL_Driver/Src/stm32f3xx_hal_tim_ex.c **** 
 5436              		.loc 1 2212 3 discriminator 1 view .LVU1599
 5437 003a 0220     		movs	r0, #2
 5438              	.LVL395:
2228:Drivers/STM32F3xx_HAL_Driver/Src/stm32f3xx_hal_tim_ex.c **** #endif /* TIM_CCR5_CCR5 */
 5439              		.loc 1 2228 1 view .LVU1600
 5440 003c 7047     		bx	lr
 5441              		.cfi_endproc
 5442              	.LFE162:
 5444              		.section	.text.HAL_TIMEx_CommutCallback,"ax",%progbits
 5445              		.align	1
 5446              		.weak	HAL_TIMEx_CommutCallback
 5447              		.syntax unified
 5448              		.thumb
 5449              		.thumb_func
 5451              	HAL_TIMEx_CommutCallback:
 5452              	.LVL396:
 5453              	.LFB163:
2257:Drivers/STM32F3xx_HAL_Driver/Src/stm32f3xx_hal_tim_ex.c ****   /* Prevent unused argument(s) compilation warning */
 5454              		.loc 1 2257 1 is_stmt 1 view -0
 5455              		.cfi_startproc
 5456              		@ args = 0, pretend = 0, frame = 0
 5457              		@ frame_needed = 0, uses_anonymous_args = 0
 5458              		@ link register save eliminated.
2259:Drivers/STM32F3xx_HAL_Driver/Src/stm32f3xx_hal_tim_ex.c **** 
 5459              		.loc 1 2259 3 view .LVU1602
2264:Drivers/STM32F3xx_HAL_Driver/Src/stm32f3xx_hal_tim_ex.c **** /**
 5460              		.loc 1 2264 1 is_stmt 0 view .LVU1603
 5461 0000 7047     		bx	lr
 5462              		.cfi_endproc
 5463              	.LFE163:
 5465              		.section	.text.TIMEx_DMACommutationCplt,"ax",%progbits
 5466              		.align	1
 5467              		.global	TIMEx_DMACommutationCplt
 5468              		.syntax unified
 5469              		.thumb
 5470              		.thumb_func
 5472              	TIMEx_DMACommutationCplt:
 5473              	.LVL397:
 5474              	.LFB169:
2380:Drivers/STM32F3xx_HAL_Driver/Src/stm32f3xx_hal_tim_ex.c ****   TIM_HandleTypeDef *htim = (TIM_HandleTypeDef *)((DMA_HandleTypeDef *)hdma)->Parent;
 5475              		.loc 1 2380 1 is_stmt 1 view -0
 5476              		.cfi_startproc
 5477              		@ args = 0, pretend = 0, frame = 0
 5478              		@ frame_needed = 0, uses_anonymous_args = 0
ARM GAS  /tmp/ccZqO8pD.s 			page 168


2380:Drivers/STM32F3xx_HAL_Driver/Src/stm32f3xx_hal_tim_ex.c ****   TIM_HandleTypeDef *htim = (TIM_HandleTypeDef *)((DMA_HandleTypeDef *)hdma)->Parent;
 5479              		.loc 1 2380 1 is_stmt 0 view .LVU1605
 5480 0000 08B5     		push	{r3, lr}
 5481              	.LCFI48:
 5482              		.cfi_def_cfa_offset 8
 5483              		.cfi_offset 3, -8
 5484              		.cfi_offset 14, -4
2381:Drivers/STM32F3xx_HAL_Driver/Src/stm32f3xx_hal_tim_ex.c **** 
 5485              		.loc 1 2381 3 is_stmt 1 view .LVU1606
2381:Drivers/STM32F3xx_HAL_Driver/Src/stm32f3xx_hal_tim_ex.c **** 
 5486              		.loc 1 2381 22 is_stmt 0 view .LVU1607
 5487 0002 406A     		ldr	r0, [r0, #36]
 5488              	.LVL398:
2384:Drivers/STM32F3xx_HAL_Driver/Src/stm32f3xx_hal_tim_ex.c **** 
 5489              		.loc 1 2384 3 is_stmt 1 view .LVU1608
2384:Drivers/STM32F3xx_HAL_Driver/Src/stm32f3xx_hal_tim_ex.c **** 
 5490              		.loc 1 2384 15 is_stmt 0 view .LVU1609
 5491 0004 0123     		movs	r3, #1
 5492 0006 80F83D30 		strb	r3, [r0, #61]
2389:Drivers/STM32F3xx_HAL_Driver/Src/stm32f3xx_hal_tim_ex.c **** #endif /* USE_HAL_TIM_REGISTER_CALLBACKS */
 5493              		.loc 1 2389 3 is_stmt 1 view .LVU1610
 5494 000a FFF7FEFF 		bl	HAL_TIMEx_CommutCallback
 5495              	.LVL399:
2391:Drivers/STM32F3xx_HAL_Driver/Src/stm32f3xx_hal_tim_ex.c **** 
 5496              		.loc 1 2391 1 is_stmt 0 view .LVU1611
 5497 000e 08BD     		pop	{r3, pc}
 5498              		.cfi_endproc
 5499              	.LFE169:
 5501              		.section	.text.HAL_TIMEx_CommutHalfCpltCallback,"ax",%progbits
 5502              		.align	1
 5503              		.weak	HAL_TIMEx_CommutHalfCpltCallback
 5504              		.syntax unified
 5505              		.thumb
 5506              		.thumb_func
 5508              	HAL_TIMEx_CommutHalfCpltCallback:
 5509              	.LVL400:
 5510              	.LFB164:
2271:Drivers/STM32F3xx_HAL_Driver/Src/stm32f3xx_hal_tim_ex.c ****   /* Prevent unused argument(s) compilation warning */
 5511              		.loc 1 2271 1 is_stmt 1 view -0
 5512              		.cfi_startproc
 5513              		@ args = 0, pretend = 0, frame = 0
 5514              		@ frame_needed = 0, uses_anonymous_args = 0
 5515              		@ link register save eliminated.
2273:Drivers/STM32F3xx_HAL_Driver/Src/stm32f3xx_hal_tim_ex.c **** 
 5516              		.loc 1 2273 3 view .LVU1613
2278:Drivers/STM32F3xx_HAL_Driver/Src/stm32f3xx_hal_tim_ex.c **** 
 5517              		.loc 1 2278 1 is_stmt 0 view .LVU1614
 5518 0000 7047     		bx	lr
 5519              		.cfi_endproc
 5520              	.LFE164:
 5522              		.section	.text.TIMEx_DMACommutationHalfCplt,"ax",%progbits
 5523              		.align	1
 5524              		.global	TIMEx_DMACommutationHalfCplt
 5525              		.syntax unified
 5526              		.thumb
 5527              		.thumb_func
 5529              	TIMEx_DMACommutationHalfCplt:
ARM GAS  /tmp/ccZqO8pD.s 			page 169


 5530              	.LVL401:
 5531              	.LFB170:
2399:Drivers/STM32F3xx_HAL_Driver/Src/stm32f3xx_hal_tim_ex.c ****   TIM_HandleTypeDef *htim = (TIM_HandleTypeDef *)((DMA_HandleTypeDef *)hdma)->Parent;
 5532              		.loc 1 2399 1 is_stmt 1 view -0
 5533              		.cfi_startproc
 5534              		@ args = 0, pretend = 0, frame = 0
 5535              		@ frame_needed = 0, uses_anonymous_args = 0
2399:Drivers/STM32F3xx_HAL_Driver/Src/stm32f3xx_hal_tim_ex.c ****   TIM_HandleTypeDef *htim = (TIM_HandleTypeDef *)((DMA_HandleTypeDef *)hdma)->Parent;
 5536              		.loc 1 2399 1 is_stmt 0 view .LVU1616
 5537 0000 08B5     		push	{r3, lr}
 5538              	.LCFI49:
 5539              		.cfi_def_cfa_offset 8
 5540              		.cfi_offset 3, -8
 5541              		.cfi_offset 14, -4
2400:Drivers/STM32F3xx_HAL_Driver/Src/stm32f3xx_hal_tim_ex.c **** 
 5542              		.loc 1 2400 3 is_stmt 1 view .LVU1617
2400:Drivers/STM32F3xx_HAL_Driver/Src/stm32f3xx_hal_tim_ex.c **** 
 5543              		.loc 1 2400 22 is_stmt 0 view .LVU1618
 5544 0002 406A     		ldr	r0, [r0, #36]
 5545              	.LVL402:
2403:Drivers/STM32F3xx_HAL_Driver/Src/stm32f3xx_hal_tim_ex.c **** 
 5546              		.loc 1 2403 3 is_stmt 1 view .LVU1619
2403:Drivers/STM32F3xx_HAL_Driver/Src/stm32f3xx_hal_tim_ex.c **** 
 5547              		.loc 1 2403 15 is_stmt 0 view .LVU1620
 5548 0004 0123     		movs	r3, #1
 5549 0006 80F83D30 		strb	r3, [r0, #61]
2408:Drivers/STM32F3xx_HAL_Driver/Src/stm32f3xx_hal_tim_ex.c **** #endif /* USE_HAL_TIM_REGISTER_CALLBACKS */
 5550              		.loc 1 2408 3 is_stmt 1 view .LVU1621
 5551 000a FFF7FEFF 		bl	HAL_TIMEx_CommutHalfCpltCallback
 5552              	.LVL403:
2410:Drivers/STM32F3xx_HAL_Driver/Src/stm32f3xx_hal_tim_ex.c **** 
 5553              		.loc 1 2410 1 is_stmt 0 view .LVU1622
 5554 000e 08BD     		pop	{r3, pc}
 5555              		.cfi_endproc
 5556              	.LFE170:
 5558              		.section	.text.HAL_TIMEx_BreakCallback,"ax",%progbits
 5559              		.align	1
 5560              		.weak	HAL_TIMEx_BreakCallback
 5561              		.syntax unified
 5562              		.thumb
 5563              		.thumb_func
 5565              	HAL_TIMEx_BreakCallback:
 5566              	.LVL404:
 5567              	.LFB165:
2286:Drivers/STM32F3xx_HAL_Driver/Src/stm32f3xx_hal_tim_ex.c ****   /* Prevent unused argument(s) compilation warning */
 5568              		.loc 1 2286 1 is_stmt 1 view -0
 5569              		.cfi_startproc
 5570              		@ args = 0, pretend = 0, frame = 0
 5571              		@ frame_needed = 0, uses_anonymous_args = 0
 5572              		@ link register save eliminated.
2288:Drivers/STM32F3xx_HAL_Driver/Src/stm32f3xx_hal_tim_ex.c **** 
 5573              		.loc 1 2288 3 view .LVU1624
2293:Drivers/STM32F3xx_HAL_Driver/Src/stm32f3xx_hal_tim_ex.c **** 
 5574              		.loc 1 2293 1 is_stmt 0 view .LVU1625
 5575 0000 7047     		bx	lr
 5576              		.cfi_endproc
 5577              	.LFE165:
ARM GAS  /tmp/ccZqO8pD.s 			page 170


 5579              		.section	.text.HAL_TIMEx_Break2Callback,"ax",%progbits
 5580              		.align	1
 5581              		.weak	HAL_TIMEx_Break2Callback
 5582              		.syntax unified
 5583              		.thumb
 5584              		.thumb_func
 5586              	HAL_TIMEx_Break2Callback:
 5587              	.LVL405:
 5588              	.LFB166:
2302:Drivers/STM32F3xx_HAL_Driver/Src/stm32f3xx_hal_tim_ex.c ****   /* Prevent unused argument(s) compilation warning */
 5589              		.loc 1 2302 1 is_stmt 1 view -0
 5590              		.cfi_startproc
 5591              		@ args = 0, pretend = 0, frame = 0
 5592              		@ frame_needed = 0, uses_anonymous_args = 0
 5593              		@ link register save eliminated.
2304:Drivers/STM32F3xx_HAL_Driver/Src/stm32f3xx_hal_tim_ex.c **** 
 5594              		.loc 1 2304 3 view .LVU1627
2309:Drivers/STM32F3xx_HAL_Driver/Src/stm32f3xx_hal_tim_ex.c **** #endif /* TIM_BDTR_BK2E */
 5595              		.loc 1 2309 1 is_stmt 0 view .LVU1628
 5596 0000 7047     		bx	lr
 5597              		.cfi_endproc
 5598              	.LFE166:
 5600              		.section	.text.HAL_TIMEx_HallSensor_GetState,"ax",%progbits
 5601              		.align	1
 5602              		.global	HAL_TIMEx_HallSensor_GetState
 5603              		.syntax unified
 5604              		.thumb
 5605              		.thumb_func
 5607              	HAL_TIMEx_HallSensor_GetState:
 5608              	.LVL406:
 5609              	.LFB167:
2336:Drivers/STM32F3xx_HAL_Driver/Src/stm32f3xx_hal_tim_ex.c ****   return htim->State;
 5610              		.loc 1 2336 1 is_stmt 1 view -0
 5611              		.cfi_startproc
 5612              		@ args = 0, pretend = 0, frame = 0
 5613              		@ frame_needed = 0, uses_anonymous_args = 0
 5614              		@ link register save eliminated.
2337:Drivers/STM32F3xx_HAL_Driver/Src/stm32f3xx_hal_tim_ex.c **** }
 5615              		.loc 1 2337 3 view .LVU1630
2337:Drivers/STM32F3xx_HAL_Driver/Src/stm32f3xx_hal_tim_ex.c **** }
 5616              		.loc 1 2337 14 is_stmt 0 view .LVU1631
 5617 0000 90F83D00 		ldrb	r0, [r0, #61]	@ zero_extendqisi2
 5618              	.LVL407:
2338:Drivers/STM32F3xx_HAL_Driver/Src/stm32f3xx_hal_tim_ex.c **** 
 5619              		.loc 1 2338 1 view .LVU1632
 5620 0004 7047     		bx	lr
 5621              		.cfi_endproc
 5622              	.LFE167:
 5624              		.section	.text.HAL_TIMEx_GetChannelNState,"ax",%progbits
 5625              		.align	1
 5626              		.global	HAL_TIMEx_GetChannelNState
 5627              		.syntax unified
 5628              		.thumb
 5629              		.thumb_func
 5631              	HAL_TIMEx_GetChannelNState:
 5632              	.LVL408:
 5633              	.LFB168:
ARM GAS  /tmp/ccZqO8pD.s 			page 171


2351:Drivers/STM32F3xx_HAL_Driver/Src/stm32f3xx_hal_tim_ex.c ****   HAL_TIM_ChannelStateTypeDef channel_state;
 5634              		.loc 1 2351 1 is_stmt 1 view -0
 5635              		.cfi_startproc
 5636              		@ args = 0, pretend = 0, frame = 0
 5637              		@ frame_needed = 0, uses_anonymous_args = 0
 5638              		@ link register save eliminated.
2352:Drivers/STM32F3xx_HAL_Driver/Src/stm32f3xx_hal_tim_ex.c **** 
 5639              		.loc 1 2352 3 view .LVU1634
2355:Drivers/STM32F3xx_HAL_Driver/Src/stm32f3xx_hal_tim_ex.c **** 
 5640              		.loc 1 2355 3 view .LVU1635
2357:Drivers/STM32F3xx_HAL_Driver/Src/stm32f3xx_hal_tim_ex.c **** 
 5641              		.loc 1 2357 3 view .LVU1636
2357:Drivers/STM32F3xx_HAL_Driver/Src/stm32f3xx_hal_tim_ex.c **** 
 5642              		.loc 1 2357 19 is_stmt 0 view .LVU1637
 5643 0000 19B9     		cbnz	r1, .L436
2357:Drivers/STM32F3xx_HAL_Driver/Src/stm32f3xx_hal_tim_ex.c **** 
 5644              		.loc 1 2357 19 discriminator 1 view .LVU1638
 5645 0002 90F84400 		ldrb	r0, [r0, #68]	@ zero_extendqisi2
 5646              	.LVL409:
2357:Drivers/STM32F3xx_HAL_Driver/Src/stm32f3xx_hal_tim_ex.c **** 
 5647              		.loc 1 2357 19 discriminator 1 view .LVU1639
 5648 0006 C0B2     		uxtb	r0, r0
 5649 0008 7047     		bx	lr
 5650              	.LVL410:
 5651              	.L436:
2357:Drivers/STM32F3xx_HAL_Driver/Src/stm32f3xx_hal_tim_ex.c **** 
 5652              		.loc 1 2357 19 discriminator 2 view .LVU1640
 5653 000a 0429     		cmp	r1, #4
 5654 000c 05D0     		beq	.L440
2357:Drivers/STM32F3xx_HAL_Driver/Src/stm32f3xx_hal_tim_ex.c **** 
 5655              		.loc 1 2357 19 discriminator 5 view .LVU1641
 5656 000e 0829     		cmp	r1, #8
 5657 0010 07D0     		beq	.L441
2357:Drivers/STM32F3xx_HAL_Driver/Src/stm32f3xx_hal_tim_ex.c **** 
 5658              		.loc 1 2357 19 discriminator 8 view .LVU1642
 5659 0012 90F84700 		ldrb	r0, [r0, #71]	@ zero_extendqisi2
 5660              	.LVL411:
2357:Drivers/STM32F3xx_HAL_Driver/Src/stm32f3xx_hal_tim_ex.c **** 
 5661              		.loc 1 2357 19 discriminator 8 view .LVU1643
 5662 0016 C0B2     		uxtb	r0, r0
 5663              	.LVL412:
2359:Drivers/STM32F3xx_HAL_Driver/Src/stm32f3xx_hal_tim_ex.c **** }
 5664              		.loc 1 2359 3 is_stmt 1 view .LVU1644
2360:Drivers/STM32F3xx_HAL_Driver/Src/stm32f3xx_hal_tim_ex.c **** /**
 5665              		.loc 1 2360 1 is_stmt 0 view .LVU1645
 5666 0018 7047     		bx	lr
 5667              	.LVL413:
 5668              	.L440:
2357:Drivers/STM32F3xx_HAL_Driver/Src/stm32f3xx_hal_tim_ex.c **** 
 5669              		.loc 1 2357 19 discriminator 4 view .LVU1646
 5670 001a 90F84500 		ldrb	r0, [r0, #69]	@ zero_extendqisi2
 5671              	.LVL414:
2357:Drivers/STM32F3xx_HAL_Driver/Src/stm32f3xx_hal_tim_ex.c **** 
 5672              		.loc 1 2357 19 discriminator 4 view .LVU1647
 5673 001e C0B2     		uxtb	r0, r0
 5674 0020 7047     		bx	lr
 5675              	.LVL415:
ARM GAS  /tmp/ccZqO8pD.s 			page 172


 5676              	.L441:
2357:Drivers/STM32F3xx_HAL_Driver/Src/stm32f3xx_hal_tim_ex.c **** 
 5677              		.loc 1 2357 19 discriminator 7 view .LVU1648
 5678 0022 90F84600 		ldrb	r0, [r0, #70]	@ zero_extendqisi2
 5679              	.LVL416:
2357:Drivers/STM32F3xx_HAL_Driver/Src/stm32f3xx_hal_tim_ex.c **** 
 5680              		.loc 1 2357 19 discriminator 7 view .LVU1649
 5681 0026 C0B2     		uxtb	r0, r0
 5682 0028 7047     		bx	lr
 5683              		.cfi_endproc
 5684              	.LFE168:
 5686              		.text
 5687              	.Letext0:
 5688              		.file 2 "/usr/lib/gcc/arm-none-eabi/13.2.1/include/stdint.h"
 5689              		.file 3 "Drivers/CMSIS/Device/ST/STM32F3xx/Include/stm32f303xe.h"
 5690              		.file 4 "Drivers/CMSIS/Device/ST/STM32F3xx/Include/stm32f3xx.h"
 5691              		.file 5 "Drivers/STM32F3xx_HAL_Driver/Inc/stm32f3xx_hal_def.h"
 5692              		.file 6 "Drivers/STM32F3xx_HAL_Driver/Inc/stm32f3xx_hal_dma.h"
 5693              		.file 7 "Drivers/STM32F3xx_HAL_Driver/Inc/stm32f3xx_hal_tim.h"
 5694              		.file 8 "Drivers/STM32F3xx_HAL_Driver/Inc/stm32f3xx_hal_tim_ex.h"
ARM GAS  /tmp/ccZqO8pD.s 			page 173


DEFINED SYMBOLS
                            *ABS*:00000000 stm32f3xx_hal_tim_ex.c
     /tmp/ccZqO8pD.s:21     .text.TIM_CCxNChannelCmd:00000000 $t
     /tmp/ccZqO8pD.s:26     .text.TIM_CCxNChannelCmd:00000000 TIM_CCxNChannelCmd
     /tmp/ccZqO8pD.s:64     .text.TIM_DMAErrorCCxN:00000000 $t
     /tmp/ccZqO8pD.s:69     .text.TIM_DMAErrorCCxN:00000000 TIM_DMAErrorCCxN
     /tmp/ccZqO8pD.s:149    .text.TIM_DMADelayPulseNCplt:00000000 $t
     /tmp/ccZqO8pD.s:154    .text.TIM_DMADelayPulseNCplt:00000000 TIM_DMADelayPulseNCplt
     /tmp/ccZqO8pD.s:253    .text.HAL_TIMEx_HallSensor_MspInit:00000000 $t
     /tmp/ccZqO8pD.s:259    .text.HAL_TIMEx_HallSensor_MspInit:00000000 HAL_TIMEx_HallSensor_MspInit
     /tmp/ccZqO8pD.s:274    .text.HAL_TIMEx_HallSensor_Init:00000000 $t
     /tmp/ccZqO8pD.s:280    .text.HAL_TIMEx_HallSensor_Init:00000000 HAL_TIMEx_HallSensor_Init
     /tmp/ccZqO8pD.s:498    .text.HAL_TIMEx_HallSensor_MspDeInit:00000000 $t
     /tmp/ccZqO8pD.s:504    .text.HAL_TIMEx_HallSensor_MspDeInit:00000000 HAL_TIMEx_HallSensor_MspDeInit
     /tmp/ccZqO8pD.s:519    .text.HAL_TIMEx_HallSensor_DeInit:00000000 $t
     /tmp/ccZqO8pD.s:525    .text.HAL_TIMEx_HallSensor_DeInit:00000000 HAL_TIMEx_HallSensor_DeInit
     /tmp/ccZqO8pD.s:595    .text.HAL_TIMEx_HallSensor_Start:00000000 $t
     /tmp/ccZqO8pD.s:601    .text.HAL_TIMEx_HallSensor_Start:00000000 HAL_TIMEx_HallSensor_Start
     /tmp/ccZqO8pD.s:768    .text.HAL_TIMEx_HallSensor_Start:000000b8 $d
     /tmp/ccZqO8pD.s:774    .text.HAL_TIMEx_HallSensor_Stop:00000000 $t
     /tmp/ccZqO8pD.s:780    .text.HAL_TIMEx_HallSensor_Stop:00000000 HAL_TIMEx_HallSensor_Stop
     /tmp/ccZqO8pD.s:839    .text.HAL_TIMEx_HallSensor_Start_IT:00000000 $t
     /tmp/ccZqO8pD.s:845    .text.HAL_TIMEx_HallSensor_Start_IT:00000000 HAL_TIMEx_HallSensor_Start_IT
     /tmp/ccZqO8pD.s:1020   .text.HAL_TIMEx_HallSensor_Start_IT:000000c4 $d
     /tmp/ccZqO8pD.s:1026   .text.HAL_TIMEx_HallSensor_Stop_IT:00000000 $t
     /tmp/ccZqO8pD.s:1032   .text.HAL_TIMEx_HallSensor_Stop_IT:00000000 HAL_TIMEx_HallSensor_Stop_IT
     /tmp/ccZqO8pD.s:1096   .text.HAL_TIMEx_HallSensor_Start_DMA:00000000 $t
     /tmp/ccZqO8pD.s:1102   .text.HAL_TIMEx_HallSensor_Start_DMA:00000000 HAL_TIMEx_HallSensor_Start_DMA
     /tmp/ccZqO8pD.s:1301   .text.HAL_TIMEx_HallSensor_Start_DMA:000000e0 $d
     /tmp/ccZqO8pD.s:1310   .text.HAL_TIMEx_HallSensor_Stop_DMA:00000000 $t
     /tmp/ccZqO8pD.s:1316   .text.HAL_TIMEx_HallSensor_Stop_DMA:00000000 HAL_TIMEx_HallSensor_Stop_DMA
     /tmp/ccZqO8pD.s:1381   .text.HAL_TIMEx_OCN_Start:00000000 $t
     /tmp/ccZqO8pD.s:1387   .text.HAL_TIMEx_OCN_Start:00000000 HAL_TIMEx_OCN_Start
     /tmp/ccZqO8pD.s:1579   .text.HAL_TIMEx_OCN_Start:000000f4 $d
     /tmp/ccZqO8pD.s:1585   .text.HAL_TIMEx_OCN_Stop:00000000 $t
     /tmp/ccZqO8pD.s:1591   .text.HAL_TIMEx_OCN_Stop:00000000 HAL_TIMEx_OCN_Stop
     /tmp/ccZqO8pD.s:1688   .text.HAL_TIMEx_OCN_Start_IT:00000000 $t
     /tmp/ccZqO8pD.s:1694   .text.HAL_TIMEx_OCN_Start_IT:00000000 HAL_TIMEx_OCN_Start_IT
     /tmp/ccZqO8pD.s:1929   .text.HAL_TIMEx_OCN_Start_IT:0000012c $d
     /tmp/ccZqO8pD.s:1935   .text.HAL_TIMEx_OCN_Stop_IT:00000000 $t
     /tmp/ccZqO8pD.s:1941   .text.HAL_TIMEx_OCN_Stop_IT:00000000 HAL_TIMEx_OCN_Stop_IT
     /tmp/ccZqO8pD.s:2107   .text.HAL_TIMEx_OCN_Start_DMA:00000000 $t
     /tmp/ccZqO8pD.s:2113   .text.HAL_TIMEx_OCN_Start_DMA:00000000 HAL_TIMEx_OCN_Start_DMA
     /tmp/ccZqO8pD.s:2541   .text.HAL_TIMEx_OCN_Start_DMA:00000218 $d
     /tmp/ccZqO8pD.s:2550   .text.HAL_TIMEx_OCN_Stop_DMA:00000000 $t
     /tmp/ccZqO8pD.s:2556   .text.HAL_TIMEx_OCN_Stop_DMA:00000000 HAL_TIMEx_OCN_Stop_DMA
     /tmp/ccZqO8pD.s:2720   .text.HAL_TIMEx_PWMN_Start:00000000 $t
     /tmp/ccZqO8pD.s:2726   .text.HAL_TIMEx_PWMN_Start:00000000 HAL_TIMEx_PWMN_Start
     /tmp/ccZqO8pD.s:2918   .text.HAL_TIMEx_PWMN_Start:000000f4 $d
     /tmp/ccZqO8pD.s:2924   .text.HAL_TIMEx_PWMN_Stop:00000000 $t
     /tmp/ccZqO8pD.s:2930   .text.HAL_TIMEx_PWMN_Stop:00000000 HAL_TIMEx_PWMN_Stop
     /tmp/ccZqO8pD.s:3027   .text.HAL_TIMEx_PWMN_Start_IT:00000000 $t
     /tmp/ccZqO8pD.s:3033   .text.HAL_TIMEx_PWMN_Start_IT:00000000 HAL_TIMEx_PWMN_Start_IT
     /tmp/ccZqO8pD.s:3268   .text.HAL_TIMEx_PWMN_Start_IT:0000012c $d
     /tmp/ccZqO8pD.s:3274   .text.HAL_TIMEx_PWMN_Stop_IT:00000000 $t
     /tmp/ccZqO8pD.s:3280   .text.HAL_TIMEx_PWMN_Stop_IT:00000000 HAL_TIMEx_PWMN_Stop_IT
     /tmp/ccZqO8pD.s:3446   .text.HAL_TIMEx_PWMN_Start_DMA:00000000 $t
ARM GAS  /tmp/ccZqO8pD.s 			page 174


     /tmp/ccZqO8pD.s:3452   .text.HAL_TIMEx_PWMN_Start_DMA:00000000 HAL_TIMEx_PWMN_Start_DMA
     /tmp/ccZqO8pD.s:3880   .text.HAL_TIMEx_PWMN_Start_DMA:00000218 $d
     /tmp/ccZqO8pD.s:3889   .text.HAL_TIMEx_PWMN_Stop_DMA:00000000 $t
     /tmp/ccZqO8pD.s:3895   .text.HAL_TIMEx_PWMN_Stop_DMA:00000000 HAL_TIMEx_PWMN_Stop_DMA
     /tmp/ccZqO8pD.s:4059   .text.HAL_TIMEx_OnePulseN_Start:00000000 $t
     /tmp/ccZqO8pD.s:4065   .text.HAL_TIMEx_OnePulseN_Start:00000000 HAL_TIMEx_OnePulseN_Start
     /tmp/ccZqO8pD.s:4194   .text.HAL_TIMEx_OnePulseN_Stop:00000000 $t
     /tmp/ccZqO8pD.s:4200   .text.HAL_TIMEx_OnePulseN_Stop:00000000 HAL_TIMEx_OnePulseN_Stop
     /tmp/ccZqO8pD.s:4296   .text.HAL_TIMEx_OnePulseN_Start_IT:00000000 $t
     /tmp/ccZqO8pD.s:4302   .text.HAL_TIMEx_OnePulseN_Start_IT:00000000 HAL_TIMEx_OnePulseN_Start_IT
     /tmp/ccZqO8pD.s:4441   .text.HAL_TIMEx_OnePulseN_Stop_IT:00000000 $t
     /tmp/ccZqO8pD.s:4447   .text.HAL_TIMEx_OnePulseN_Stop_IT:00000000 HAL_TIMEx_OnePulseN_Stop_IT
     /tmp/ccZqO8pD.s:4553   .text.HAL_TIMEx_ConfigCommutEvent:00000000 $t
     /tmp/ccZqO8pD.s:4559   .text.HAL_TIMEx_ConfigCommutEvent:00000000 HAL_TIMEx_ConfigCommutEvent
     /tmp/ccZqO8pD.s:4683   .text.HAL_TIMEx_ConfigCommutEvent_IT:00000000 $t
     /tmp/ccZqO8pD.s:4689   .text.HAL_TIMEx_ConfigCommutEvent_IT:00000000 HAL_TIMEx_ConfigCommutEvent_IT
     /tmp/ccZqO8pD.s:4813   .text.HAL_TIMEx_ConfigCommutEvent_DMA:00000000 $t
     /tmp/ccZqO8pD.s:4819   .text.HAL_TIMEx_ConfigCommutEvent_DMA:00000000 HAL_TIMEx_ConfigCommutEvent_DMA
     /tmp/ccZqO8pD.s:4960   .text.HAL_TIMEx_ConfigCommutEvent_DMA:00000088 $d
     /tmp/ccZqO8pD.s:5472   .text.TIMEx_DMACommutationCplt:00000000 TIMEx_DMACommutationCplt
     /tmp/ccZqO8pD.s:5529   .text.TIMEx_DMACommutationHalfCplt:00000000 TIMEx_DMACommutationHalfCplt
     /tmp/ccZqO8pD.s:4967   .text.HAL_TIMEx_MasterConfigSynchronization:00000000 $t
     /tmp/ccZqO8pD.s:4973   .text.HAL_TIMEx_MasterConfigSynchronization:00000000 HAL_TIMEx_MasterConfigSynchronization
     /tmp/ccZqO8pD.s:5132   .text.HAL_TIMEx_MasterConfigSynchronization:0000009c $d
     /tmp/ccZqO8pD.s:5137   .text.HAL_TIMEx_ConfigBreakDeadTime:00000000 $t
     /tmp/ccZqO8pD.s:5143   .text.HAL_TIMEx_ConfigBreakDeadTime:00000000 HAL_TIMEx_ConfigBreakDeadTime
     /tmp/ccZqO8pD.s:5312   .text.HAL_TIMEx_ConfigBreakDeadTime:00000094 $d
     /tmp/ccZqO8pD.s:5317   .text.HAL_TIMEx_RemapConfig:00000000 $t
     /tmp/ccZqO8pD.s:5323   .text.HAL_TIMEx_RemapConfig:00000000 HAL_TIMEx_RemapConfig
     /tmp/ccZqO8pD.s:5366   .text.HAL_TIMEx_GroupChannel5:00000000 $t
     /tmp/ccZqO8pD.s:5372   .text.HAL_TIMEx_GroupChannel5:00000000 HAL_TIMEx_GroupChannel5
     /tmp/ccZqO8pD.s:5445   .text.HAL_TIMEx_CommutCallback:00000000 $t
     /tmp/ccZqO8pD.s:5451   .text.HAL_TIMEx_CommutCallback:00000000 HAL_TIMEx_CommutCallback
     /tmp/ccZqO8pD.s:5466   .text.TIMEx_DMACommutationCplt:00000000 $t
     /tmp/ccZqO8pD.s:5502   .text.HAL_TIMEx_CommutHalfCpltCallback:00000000 $t
     /tmp/ccZqO8pD.s:5508   .text.HAL_TIMEx_CommutHalfCpltCallback:00000000 HAL_TIMEx_CommutHalfCpltCallback
     /tmp/ccZqO8pD.s:5523   .text.TIMEx_DMACommutationHalfCplt:00000000 $t
     /tmp/ccZqO8pD.s:5559   .text.HAL_TIMEx_BreakCallback:00000000 $t
     /tmp/ccZqO8pD.s:5565   .text.HAL_TIMEx_BreakCallback:00000000 HAL_TIMEx_BreakCallback
     /tmp/ccZqO8pD.s:5580   .text.HAL_TIMEx_Break2Callback:00000000 $t
     /tmp/ccZqO8pD.s:5586   .text.HAL_TIMEx_Break2Callback:00000000 HAL_TIMEx_Break2Callback
     /tmp/ccZqO8pD.s:5601   .text.HAL_TIMEx_HallSensor_GetState:00000000 $t
     /tmp/ccZqO8pD.s:5607   .text.HAL_TIMEx_HallSensor_GetState:00000000 HAL_TIMEx_HallSensor_GetState
     /tmp/ccZqO8pD.s:5625   .text.HAL_TIMEx_GetChannelNState:00000000 $t
     /tmp/ccZqO8pD.s:5631   .text.HAL_TIMEx_GetChannelNState:00000000 HAL_TIMEx_GetChannelNState

UNDEFINED SYMBOLS
HAL_TIM_ErrorCallback
HAL_TIM_PWM_PulseFinishedCallback
TIM_Base_SetConfig
TIM_TI1_SetConfig
TIM_OC2_SetConfig
TIM_CCxChannelCmd
HAL_DMA_Start_IT
TIM_DMACaptureCplt
TIM_DMACaptureHalfCplt
TIM_DMAError
ARM GAS  /tmp/ccZqO8pD.s 			page 175


HAL_DMA_Abort_IT
TIM_DMADelayPulseHalfCplt
