:020000040800F2
:1000000000000120396F0008C3400008C540000807
:10001000C7400008C9400008CB40000800000000AD
:100020000000000000000000000000004141000846
:10003000CD40000800000000434100084541000891
:10004000896F0008896F0008896F0008896F0008B0
:10005000896F0008896F0008896F0008896F0008A0
:10006000896F0008896F0008896F0008896F000890
:10007000896F0008896F0008896F0008896F000880
:10008000D1400008E1400008896F0008896F00082E
:10009000896F0008896F0008896F0008896F000860
:1000A000896F0008896F0008896F000811410008F6
:1000B0002141000831410008896F0008896F00085C
:1000C000896F0008896F0008896F0008896F000830
:1000D000896F0008896F000801410008896F0008D6
:1000E000896F0008896F0008896F0008896F000810
:1000F000896F0008896F0008896F0008896F000800
:10010000896F00080000000000000000896F0008EF
:10011000896F0008896F0008F1400008896F0008A6
:10012000896F0008896F0008896F0008896F0008CF
:10013000896F0008896F00080000000000000000BF
:10014000896F0008896F0008896F000800000000AF
:10015000000000000000000000000000000000009F
:10016000896F0008896F0008896F0008896F00088F
:10017000896F0008896F0008896F0008896F00087F
:10018000896F0008896F000800000000000000006F
:04019000896F00086B
:1001C0000348044B834202D0034B03B118477047E6
:1001D0000017002000170020000000000548064B13
:1001E0001B1AD90F01EBA301491002D0034B03B135
:1001F000184770470017002000170020000000007B
:1002000010B5064C237843B9FFF7DAFF044B13B15E
:100210000448AFF300800123237010BD00170020B5
:1002200000000000E40C010808B5044B1BB10449B0
:100230000448AFF30080BDE80840CFE700000000AD
:1002400004170020E40C010870B50F4B0F4DAB42B2
:10025000A3EB050607D0B610002455F8043B013483
:100260009847A642F9D810F03DFD094D094B5E1B99
:10027000AB424FEAA60606D0002455F8043B0134F1
:100280009847A642F9D870BDD41D0108D41D0108B5
:10029000D41D0108E01D010810B4044C03460A46B1
:1002A00020685DF8044B194600F054B800000020A7
:1002B000830730B547D0541E002A3ED0CAB2034649
:1002C00001E0013C39D303F8012B9D07F9D1032C40
:1002D0002CD9CDB205EB05250F2C05EB054535D9FD
:1002E000A4F1100222F00F0C03F1100EE6444FEAC5
:1002F000121C1A46C2E90055C2E902551032724575
:10030000F8D10CF1010214F00C0F03EB021204F00F
:100310000F0C13D0ACF1040323F003030433134494
:1003200042F8045B9342FBD10CF003042CB1C9B238
:100330001C4403F8011BA342FBD130BD64461346A5
:10034000002CF4D1F9E703461446C0E71A46A44648
:10035000E0E700BF70B5A1FB025454B9294600F094
:1003600043F8064618B12A462146FFF7A1FF30465A
:1003700070BD0C2202600026F9E700BF014B18682F
:10038000704700BF0000002010B4044C03460A462A
:1003900020685DF8044B194600F0B6B80000002054
:1003A00070B5104E336805460C46B3B12146284659
:1003B00000F0F2F8431C0CD0C41C24F00304A0424B
:1003C00005D0211A284600F0E7F8013001D0204678
:1003D00070BD4FF0FF34204670BD194600F0DCF8C8
:1003E0003060E3E71C1700202DE9F843CD1C25F011
:1003F000030508350C2D38BF0C25002D064618DBEB
:10040000A94216D8DFF8DC8000F0B0F8D8F8042054
:10041000A2B1144603E0636822467BB11C46236800
:100420005B1BF8D40B2B1FD89442636854D05360E5
:100430000CE00C2333600020BDE8F88329463046E9
:10044000FFF7AEFF431C044619D00560304600F0AC
:100450008FF804F10B00231D20F00700C21A1CBF07
:100460001B1AA350BDE8F88361199442256014BF9C
:100470005160C8F80410635163684B60E6E7D8F830
:1004800004701FB33C467F68002FFBD123683946B8
:10049000304604EB030900F07FF8814516D123684C
:1004A000ED1A29463046FFF77BFF01300ED0236856
:1004B000D8F804202B442360536883B1A34203D0AF
:1004C0001A465B689C42FBD10023B0E70C233360E3
:1004D000304600F04DF8AEE7C8F80430B6E7C8F88B
:1004E0000470B3E71C170020024B01461868FFF7A1
:1004F0007BBF00BF00000020024B0146186800F0DF
:100500004BBA00BF000000202DE9F041144641B372
:100510000AB306460D4600F051F88442074602D859
:10052000B4EB500F13D821463046FFF75DFF8046ED
:1005300050B1BC422246294628BF3A4600F0ACFAE8
:100540002946304600F028FA4046BDE8F081A8462A
:100550004046BDE8F081A04600F01EFA4046BDE8E6
:10056000F081BDE8F0411146FFF73EBF704700BF84
:10057000704700BF08B5064B044613B1002100F0D8
:1005800081FB044B1B6803B19847204603F07EFFB4
:10059000850C00085C18002038B5074D0022044681
:1005A00008462A6003F096FF431C00D038BD2B6834
:1005B000002BFBD0236038BD6018002051F8043CAC
:1005C000181F002BBCBF0B58C01870470020704785
:1005D000024A0349034800F03DBA00BF5000002022
:1005E00015090008040000200C4B4168994210B521
:1005F000044601D000F08EF9A168094B994202D05F
:10060000204600F087F9E168064B994204D0204665
:10061000BDE8104000F07EB910BD00BF24170020D7
:100620008C170020F4170020002070472DE9F843B4
:100630002A4C2B49DFF8BC90DFF8BC80294FC4F866
:100640003811002504230822294604F15C00264EB7
:10065000E360C4E90055C4E90455A5606566A56179
:10066000FFF726FE214B63670822294604F1C400E8
:10067000C4E90849C4E90A87C4E91A55C4E91E5502
:100680002567C4F8CC50C4F880502663FFF710FEED
:10069000174BC4F8DC30294604F16803082204F53E
:1006A0009670C4F88830C4E92398C4E92576C4E973
:1006B0003455C4E93855C4F8D850C4F83451C4F896
:1006C000E850FFF7F5FD04F1D003C4E93D98C4E913
:1006D0003F76C4F8F030BDE8F88300BF241700204F
:1006E000D1050008350C0008590C0008090001006C
:1006F00012000200CD0B0008F50B0008F8B5254BE1
:10070000D3F838310646002B3CD0234FD7E90134CB
:10071000013B04D51DE05A1C04F1680419D0B4F95A
:100720000C50013B002DF6D11C4BE360C4E9015590
:10073000C4E9045565662560A5610822294604F1CF
:100740005C00FFF7B5FDC4E90D55C4E9125520461C
:10075000F8BD3D680DB12F46D8E74FF4D67130464D
:10076000FFF742FE044680B10423C0E900530C3079
:100770002946A0604FF4D0722546FFF799FD3C60F2
:100780002F46C3E7FFF752FFBFE70C233860336003
:10079000DDE700BF24170020500000200100FFFF0C
:1007A000036A03B17047044B044AD3F8383102623C
:1007B000002BF7D13AE700BF24170020E905000815
:1007C000704700BF704700BF024A0349002000F095
:1007D00041B900BF50000020CD050008024A03497E
:1007E000002000F037B900BF5000002029060008A3
:1007F000B1F90C302DE9F0411E070C4680463DD47E
:100800004A68002A56DDE56A002D34D00022D8F867
:100810000060C8F8002013F48052216A57D10123E8
:100820004046A847451C024666D0B4F90C30E56A3C
:10083000216A580705D56368D21A636B0BB1236C24
:10084000D21A00234046A847431C42D000236360CD
:1008500023692360A389DF0400D56065616BC8F854
:10086000006041B104F14403994202D0404600F0D7
:1008700093F8002363630020BDE8F0810E69002E29
:10088000F9D09B070D6808BF4B690E6018BF0023A5
:10089000AD1B8B600BE02B463246216AA76A4046AF
:1008A000B847B0F1000CA5EB0C05664406DD002D41
:1008B000F1DCE0E70A6C002AA5DCDCE7B4F90C30D7
:1008C00043F04003A3814FF0FF30BDE8F081626D3B
:1008D000AFE7D8F80010B4F90C301D29F0D80C4A55
:1008E000CA40D507ECD52269226000226260DA0492
:1008F000B4D50029B1D0B1E7D8F80030002B94D09E
:100900001D2B01D0162BD9D1C8F80060B3E700BF6A
:10091000010040200B69B3B110B5044682B008B1A4
:10092000036A5BB1B1F90C3013B9002002B010BDFD
:10093000204602B0BDE81040FFF75ABF0191FFF713
:100940002FFF0199EEE70020704700BFB8B138B51E
:100950000D4A0369156804462BB10DB12B6A53B1DA
:10096000B4F90C300BB9002038BD21462846BDE84B
:100970003840FFF73DBF2846FFF712FFF0E7034A74
:100980000349044800F066B8000000205000002031
:100990001509000804000020002950D038B551F88E
:1009A000043C0C1F002BB8BFE4180546FFF7DEFD22
:1009B000274A13682BB1A3420CD9216860188342DF
:1009C0002CD0636028461460BDE83840FFF7D0BDE6
:1009D000A3420FD81A465B68002BF9D11168501852
:1009E000844217D02CD3636054602846BDE8384059
:1009F000FFF7BEBD11685018A04214D020D821685E
:100A000060188342EFD118685B680844C4E90003AA
:100A10005460EAE723680B441360E6E718685B68F4
:100A200008442060CDE720680144501883421160DB
:100A3000DBD1D3E900040144C2E90014D5E77047D3
:100A40000C232B602846BDE83840FFF791BD00BF5E
:100A5000201700202DE9F8430746884616464FF038
:100A60000009D6E90154013D10D4A389012B08D90E
:100A7000B4F90E3001332146384602D0C04749EA66
:100A80000009013D6B1C04F16804EED13668002EAC
:100A9000E7D14846BDE8F883844641EA000313F0F5
:100AA00003036DD1403A41D351F8043B40F8043B75
:100AB00051F8043B40F8043B51F8043B40F8043B38
:100AC00051F8043B40F8043B51F8043B40F8043B28
:100AD00051F8043B40F8043B51F8043B40F8043B18
:100AE00051F8043B40F8043B51F8043B40F8043B08
:100AF00051F8043B40F8043B51F8043B40F8043BF8
:100B000051F8043B40F8043B51F8043B40F8043BE7
:100B100051F8043B40F8043B51F8043B40F8043BD7
:100B200051F8043B40F8043B403ABDD2303211D377
:100B300051F8043B40F8043B51F8043B40F8043BB7
:100B400051F8043B40F8043B51F8043B40F8043BA7
:100B5000103AEDD20C3205D351F8043B40F8043B77
:100B6000043AF9D2043208D0D2071CBF11F8013B75
:100B700000F8013B01D30B8803806046704700BF3B
:100B8000082A13D38B078DD010F003038AD0C3F14A
:100B90000403D21ADB071CBF11F8013B00F8013B2C
:100BA00080D331F8023B20F8023B7BE7043AD9D3EB
:100BB000013A11F8013B00F8013BF9D20B780370C0
:100BC0004B7843708B7883706046704710B50C4645
:100BD000B1F90E1000F0B8F8002803DB636D034490
:100BE000636510BDA38923F48053A38110BD00BFAA
:100BF000002070472DE9F0410C46B1F90C101F465A
:100C0000CB05054616460BD421F48051A1813B4605
:100C1000B4F90E1032462846BDE8F04100F0C0B8E5
:100C2000B4F90E100223002200F0A4F8B4F90C105D
:100C3000EAE700BF10B50C46B1F90E1000F09AF8C3
:100C4000B4F90C30421C0EBF23F4805343F480539C
:100C50006065A38110BD00BFB1F90E1000F000B8AF
:100C600038B5074D0022044608462A6003F058FCB8
:100C7000431C00D038BD2B68002BFBD0236038BD4F
:100C8000601800202DE9F04FDFF8B890D9F8006027
:100C900083B0002E34D0884601907568D6F88870ED
:100CA0006C1E2DD4013506EB850507F1800BB8F1DC
:100CB000000F28D173682A68013BA34216BF0023A6
:100CC00074602B60BAB1D6F804A06FB3D7F80011E6
:100CD0000123A3400B4227D0D7F8040157F8241072
:100CE00003422BD1019890477368D9F800205345EF
:100CF00020D1B2421ED1013C631CA5F10405D6D11E
:100D000003B0BDE8F08F57B15BF824304345D1D034
:100D1000013C621CA5F10405F2D0002FF4D1013C86
:100D2000EED3013CFBD2EBE790477368D9F8002083
:100D30005345DED0002AE3D01646AEE7084690477A
:100D4000D2E700BF6418002038B50C46084D844631
:100D5000114620461A4600232B60644603F09CFB94
:100D6000431C00D038BD2B68002BFBD0236038BD5E
:100D70006018002038B50C46084D844611462046C0
:100D80001A4600232B60644603F0D4FB431C00D0BA
:100D900038BD2B68002BFBD0236038BD60180020C5
:100DA00038B50C46084D8446114620461A460023A5
:100DB0002B60644603F080FB431C00D038BD2B68D9
:100DC000002BFBD0236038BD601800207BB972B9BE
:100DD0000029BEBF00204FF0004106E008BF0028F8
:100DE0001CBF6FF000414FF0FF3000F09DB9ADF136
:100DF000080C6DE904CE002909DB002B1ADB00F09A
:100E000035F8DDF804E0DDE9022304B07047404224
:100E100061EB4101002B1BDB00F028F8DDF804E05A
:100E2000DDE9022304B0404261EB4101524263EB31
:100E300043037047524263EB430300F017F8DDF8B9
:100E400004E0DDE9022304B0404261EB4101704758
:100E5000524263EB430300F009F8DDF804E0DDE9FA
:100E6000022304B0524263EB430370472DE9F0477D
:100E7000089D0E4604460F46002B4AD194468C45E9
:100E8000B2FA82F260D942B1C2F12003974020FA4F
:100E900003F30CFA02FC1F4394404FEA1C4E1FFA66
:100EA0008CF6B7FBFEF1230C0EFB117743EA0743E8
:100EB00001FB06F098420AD91CEB030301F1FF374E
:100EC00080F01581984240F21281023963441B1A66
:100ED000A4B2B3FBFEF00EFB103344EA034400FB64
:100EE00006F6A6420AD91CEB040400F1FF3380F099
:100EF0000081A64240F2FD806444023840EA01408D
:100F0000A41B00211DB1D4400023C5E90043BDE866
:100F1000F0878B4205D90DB1C5E9000100210846D3
:100F2000F5E7B3FA83F1002946D1B34202D38242F6
:100F300000F2F580841A66EB030201201746002DAB
:100F4000E5D0C5E90047E2E7002A40F09380A1EB35
:100F50000C034FEA1C471FFA8CFE0121B3FBF7F686
:100F600007FB1630230C43EA00430EFB06F09842C1
:100F700008D91CEB030306F1FF3802D2984200F2B5
:100F8000D08046461B1AA4B2B3FBF7F007FB103320
:100F900044EA03440EFB00FEA64508D91CEB0404FA
:100FA00000F1FF3302D2A64500F2B6801846A4EB4A
:100FB0000E0440EA0640A5E7C1F120078B4022FA63
:100FC00007FC4CEA030C06FA01FE20FA07F426FAA5
:100FD00007F344EA0E0400FA01F84FEA1C404FEA16
:100FE0001449B3FBF0FE1FFA8CF600FB1E3349EAEE
:100FF00003430EFB06F9994502FA01F20BD91CEBEB
:1010000003030EF1FF3A80F08580994540F282801B
:10101000AEF1020E6344A3EB0909A4B2B9FBF0F3ED
:1010200000FB139944EA094403FB06F6A64208D9DB
:101030001CEB040403F1FF3068D2A64266D9023BE0
:10104000644443EA0E40A41BA0FB02E6B44273468C
:10105000B14652D34FD05DB1B8EB030264EB090443
:1010600004FA07F722FA01F31F43CC40C5E90074E4
:1010700000214CE7C2F1200120FA01F30CFA02FC36
:1010800026FA01F1964033434FEA1C471FFA8CFEC3
:10109000B1FBF7F007FB1016190C41EA064100FB03
:1010A0000EF68E4204FA02F408D91CEB010100F19D
:1010B000FF382DD28E422BD902386144891B9BB256
:1010C000B1FBF7F607FB161143EA014306FB0EF1ED
:1010D000994208D91CEB030306F1FF3814D2994258
:1010E00012D9023E63445B1A46EA004136E73946AC
:1010F000EDE6184602E7F045ADD2BEEB020366EB23
:101100000C060138B146A6E74646ECE7034698E7E9
:101110004046D3E7D6467EE76444023847E70846B0
:101120000DE7023E63442DE7704700BF01292DE91A
:10113000F0415BD94FF00108C64600244FF0FF355F
:10114000434608E0A3EB05081C464FF0010E04EBF4
:101150000E03994210D900EB050CC75C1CF80E6019
:10116000B742EFD332D04FF001082546C64644447B
:1011700004EB0E039942EED80127C2F80080BE4668
:1011800000244FF0FF363B4607E09F1B1C464FF004
:10119000010E04EB0E03994210D900EB060C10F877
:1011A00003801CF80EC0E045EFD817D00127264673
:1011B000BE463C4404EB0E039942EED80136681C4F
:1011C000864201D317603046BDE8F081C6450ABFAC
:1011D00074440EF1010E4FF0010EB8E7BE450ABF90
:1011E00074440EF1010E4FF0010ED2E701270026E4
:1011F000E8E700BF2DE9F04F174687B005AA804603
:101200008946384619461C46FFF790FF059B029316
:1012100082460246F918384601F05CFE00285FD18C
:1012200044F400630193029BE31A06460546A9EBCA
:1012300004010393CAF1010BA9421BD3564533465F
:1012400038BF53469C4223D9581EEA1838444244BA
:1012500002E001339C421BD012F801CB10F801EFE1
:10126000E645F6D09C4213D95D441D44A9424FF097
:101270000006E3D2019908EB090001F059FE814410
:10128000A9EB0401A942D9D2002007B0BDE8F08F34
:1012900056450AF1FF336FD205EB0A02424407EBD1
:1012A0000A00009502E09E4211D0734610F801CD6D
:1012B00012F8015DAC4503F1FF3EF4D0009D01330F
:1012C00001369E4207D8029B039E1D44B4E70136B7
:1012D0009E42009DF7D908EB050007B0BDE8F08FEE
:1012E000A4EB0A03534538BF5346013301930593DA
:1012F00044F400630025A9EB040100930AF1FF36D2
:10130000CAF1010BA94216D3544520D905EB0A02B4
:101310004244B819534602E001339C4217D012F8F8
:1013200001CB10F801EFE645F6D09C420FD95D44A1
:101330001D44A942E8D2009908EB090001F0F8FD2C
:101340008144A9EB0401A9429ED35445DED8BAF1E9
:10135000000FC0D005EB0A00404407EB0A0201E091
:10136000BB42B8D012F801ED10F801CDE6451346A6
:10137000F6D0019B1D44C5E75346A1E72DE9F04F88
:101380009346ADF21C4D05AA80468A46584619463A
:101390001C46FFF7CBFE134681460DF2144243F87C
:1013A000044F9342FBD16CB1601E58440BF1FF32E5
:1013B00006AD12F8011FA31A013B5B44824245F8B7
:1013C0002130F6D1059B01934A460BEB03015846A9
:1013D00001F080FD002878D144F4006307460546FB
:1013E000AAEB040E0293661EAE4511D308EB050C62
:1013F00006AA1CF8063052F82330C3B11FB1019A77
:101400009A4288BFA31A1D44AE454FF00007EDD2A3
:1014100008EB0A00029901F08BFD8244AAEB040E4E
:10142000AE45E3D200200DF21C4DBDE8F08F4F45D4
:101430003B4638BF4B469E4218D9591EEA185944BC
:101440004244009502E001339E420ED012F8010B97
:1014500011F8015F8542F6D09E42009D06D9C9F180
:1014600001022A44D5180027BEE7009D4F4509F127
:10147000FF3380F0818005EB090242440BEB090148
:101480000095CDF80C9002E09F4213D04B4611F826
:10149000015D12F8010D854203F1FF39F4D0009D82
:1014A000DDF80C90013301379F4209D8019B1D44A0
:1014B000E71A99E701379F42009DDDF80C90F5D9B6
:1014C00060460DF21C4DBDE8F08FA4EB09034B45BF
:1014D00038BF4B4601330193059344F40063002564
:1014E000AAEB040E0093661EAE4509D308EB050077
:1014F00006AA835D52F823306BB11D44AE45F5D288
:1015000008EB0A00009901F013FD8244AAEB040ED7
:10151000AE45EBD286E7B14517D209F1FF3105EBB5
:101520000902594442444B4602E00133B3420CD015
:1015300012F8017B11F801CFBC45F6D09E4204D9C8
:10154000C9F101022A44D518CEE7B9F1000F3FF4E2
:101550006AAF05EB090141440BEB090202E05B4570
:101560003FF461AF12F801CD11F8017DBC4513467F
:10157000F5D0019B1D44C1E74B4694E72DE9F041AE
:101580000D46097890B00446002954D06A78002AA4
:1015900000F08280AB78002B51D0E8782E680028CC
:1015A00000F081802B79002B56D0284600F0A8FD52
:1015B000064640F40071204601F0BAFC86425AD833
:1015C000FE2E00F28880801B27184022711C68467E
:1015D000FEF76EFE7EB16A1E5FFA86FC901912F865
:1015E000013F03F03F0340336B44A91A614490422A
:1015F00003F8401CF3D1013CA35D03F03F034033EB
:101600006B4413F8403C1C44A74203D238E04444E6
:10161000A74235D314F806C00CF03F0C0CF1400380
:101620000DEB030C3246294620461CF8408C01F095
:1016300051FC0028EBD1204610B0BDE8F0810078C5
:1016400042EA0142B8B140EA03439A42214614F803
:10165000010FF7D14C1EEEE7227862B131BA01E0FA
:101660008B421ED042EA0323204614F8012F002AA1
:10167000F6D18B4215D00024204610B0BDE8F08191
:10168000BB5DB819002BF6D04FF4006101F050FC9F
:101690000744A742AFD2EEE710B0BDE8F04100F03A
:1016A000BBB8C41EC7E7120442EA0162217842EACD
:1016B00003230029DFD0024601E00029DBD041EA04
:1016C0000200B3EB002F25464FEA002214F8011F59
:1016D000F3D1AC1EAFE7014633462A46204610B090
:1016E000BDE8F0414AE600BF38B5124B1D682A6BD1
:1016F00004461AB10023C2E9044338BD1820FEF79E
:10170000F3FE0246286378B101200021C2E90401FA
:10171000094B0A480A499160C2E900030B239381EF
:101720000023C2E9044338BD064B0748462100F0B8
:10173000DBF800BF0000002034126DE60E33CDABA5
:10174000ECDE050098170108B01701081C4B10B516
:101750001C68226B8AB113691A4954691A4803FB41
:1017600001F100FB0411A3FB0030013341EB000148
:10177000C2E9043121F0004010BD1820FEF7B4FE8C
:101780000246206388B1114C114B0E4811499160FB
:101790009FED097BC2E900430B2393810E4B014669
:1017A00082ED047BC2E9043110BD0C4B0C48522180
:1017B00000F09AF8AFF30080010000000000000084
:1017C000000000202DF451582D7F954C0E33CDABE9
:1017D00034126DE6ECDE05002E7F954C981701085B
:1017E000B017010810B4044C03460A4620685DF89F
:1017F000044B194600F07CBE0000002000B5054BEC
:1018000083B0014601AA186800F072FE03B05DF8CB
:1018100004FB00BF0000002011F0FF01034600F0B0
:10182000030239D08ABB026810B501EB012E0EEB22
:101830000E4E8EEA0204A2F1013323EA0203A4F160
:10184000013222EA0402134313F0803F0FD150F813
:10185000044F84EA0E0CA4F10133ACF1013223EA07
:10186000040322EA0C02134313F0803FEFD0037805
:1018700023B936E010F8013F002B32D09942F9D15C
:1018800010BD8A4228D09A0729D01A781846013309
:10189000002AF6D110467047CAB90268A2F1013396
:1018A00023EA020313F0803F08D150F8042FA2F17D
:1018B000013323EA020313F0803FF6D003785BB1D3
:1018C00010F8013F002BFBD17047990705D018464F
:1018D00013F8012B002AF8D170471846DDE71846A7
:1018E000A1E7184610BD00BF00B50B4C2568144693
:1018F000EE681A4685B003460D464CB1074900957F
:10190000CDE901143046064900F0DEFD00F09AFBF7
:1019100004490C46F3E700BF00000020DC17010873
:10192000EC170108A012010808B513460022FFF7C2
:10193000DBFF00BF10B51C4C002924689AB02DDBDA
:10194000009004904FF40270ADF80C004FF00000CE
:10195000199013D001394FF6FF7002910591ADF83F
:101960000E006946204600F09DF9421C01DA8B23E7
:101970002360009B00221A701AB010BD4FF6FF7052
:1019800002910591ADF80E006946204600F08AF9F3
:10199000431C01DA8B2323601AB010BD8B23236014
:1019A0004FF0FF30F8E700BF0000002030B51446CC
:1019B000002C9BB005462EDB1A464FF40273ADF89F
:1019C0000C304FF0000300910491199313D04FF69F
:1019D000FF73013CADF80E3069461E9B02940594DE
:1019E00000F060F9421C01DA8B232B60009B00227F
:1019F0001A701BB030BD4FF6FF73ADF80E3069465C
:101A00001E9B0294059400F04DF9431C01DA8B23D0
:101A10002B601BB030BD8B2303604FF0FF30F8E725
:101A200080EA0102844612F0030F4FD111F0030F38
:101A300032D14DF8044D11F0040F51F8043B0BD096
:101A4000A3F101329A4312F0803F04BF4CF8043BEB
:101A500051F8043B16D100BF51F8044BA3F10132F9
:101A60009A4312F0803FA4F101320BD14CF8043BB1
:101A7000A24312F0803F04BF51F8043B4CF8044BE2
:101A8000EAD023460CF8013B13F0FF0F4FEA332353
:101A9000F8D15DF8044B704711F0010F06D011F832
:101AA000012B0CF8012B002A08BF704711F0020F20
:101AB000BFD031F8022B12F0FF0F16BF2CF8022B0B
:101AC0008CF8002012F47F4FB3D1704711F8012B2E
:101AD0000CF8012B002AF9D1704700BF2DE9F0471F
:101AE0008F681D46AF420B680C46164636D8B1F9D2
:101AF0000CC01CF4906F0ED13D46184631462A4664
:101B000000F06AFBA368DF1B2368A7602B4400205A
:101B10002360BDE8F0874A69096902EB42025F1A57
:101B200002EBD2726B1C52103B44934292BF91461F
:101B300099461A461CF4806F804611D01146FEF774
:101B400053FC824600B321693A46FEF7A5FFA389FC
:101B500023F4906343F08003A38105E02F46CCE794
:101B6000FEF7D2FC824658B10AEB0703A9EB070740
:101B7000A760C4F810A0C4F8149023602F46BCE7F7
:101B800021694046FEF708FFA3890C2243F0400379
:101B9000C8F800204FF0FF30A381BAE72DE9F04FDD
:101BA0009368176883B09246002B74D04FF0000BF7
:101BB0008B680A6881460C465D4645E0B4F90C30F6
:101BC00013F4906F2CD0D4E90401161A01EB4102F2
:101BD00002EBD272711C52102944914292BF90467E
:101BE00088460A465B0539D511464846FEF7FCFB98
:101BF000019000283DD032462169FEF74DFFA289B1
:101C0000019B22F4906242F08002A2819819A8EB15
:101C10000606A660C4F8148023612060A8462E46FC
:101C20003246594600F0D8FADAF80810A36822685C
:101C3000A3EB08033244491BA3602260CAF80810D2
:101C400049B3D7E900B5083798461046002DF8D0BB
:101C50009D421E46B2D2A8462E46E1E701464846BE
:101C6000FEF752FC03460028D0D121694846FEF712
:101C700093FEA3890C2243F04003C9F800204FF0E3
:101C8000FF30A38100220023CAF80820CAF80430DC
:101C900003B0BDE8F08F00200023CAF8043003B081
:101CA000BDE8F08F2DE9F04F1C468B891D069DB0D5
:101CB00088468146934603D50B69002B00F0F180DE
:101CC0000023099343F22003ADF829309BF800303C
:101CD0007D4D03940126002B73D0DA4603E01AF8F9
:101CE000013F002B75D0252BF9D1BAEB0B0473D132
:101CF0009AF80020002A64D000234FF0FF32CDE98B
:101D000005230AF1010A049307938DF853301A93BF
:101D100005E0049A06FA03F31A430492A2465446D5
:101D2000052214F8011B284600F0DAFAA346431BEB
:101D30000028EED1049BD80644BF20228DF8532002
:101D400019079AF8001044BF2B228DF853202A2936
:101D500050D1039A11680432002903927CDB079169
:101D60009AF801102E295BD0584C0322204600F02F
:101D7000B7FA38B1049B001B4022824013430BF199
:101D8000010B04931BF8011B51488DF82810062203
:101D900000F0A6FA002865D04E4B002B55D003AAC0
:101DA00000924D4B424604A94846AFF300800746D7
:101DB0007A1C06D0099B3B4409939BF80030002B0A
:101DC0008BD1B8F80C305B067AD409981DB0BDE809
:101DD000F08FBAEB0B04F4D023465A4641464846EE
:101DE000FFF77CFE0130ECD0099B9AF800202344D9
:101DF00009937FE7A1F13002092A88BFD346B1D801
:101E0000079B00E00134217803EB830302EB4303DB
:101E1000A1F13002092AF5D92E290793A346A3D1AF
:101E20009BF801102A2927D1039B9BF802101A68FE
:101E300005920433002A0BF102000393B8BF4FF060
:101E4000FF338346B8BF05938EE7039B073323F028
:101E5000070308330393ADE7494243F002030791B8
:101E600004937DE703AA00921B4B424604A948460F
:101E700000F018FC07469BE7A1F130020023092A75
:101E800005930BF1010B3FF66FAF1BF8011F03EB3E
:101E9000830302EB4303A1F13002092AF5D905932C
:101EA00062E74021FEF7A0FAC8F80000C8F8100069
:101EB00018B14023C8F8143002E70C23C9F80030E9
:101EC0004FF0FF3082E700BF1C18010824180108FA
:101ED0002818010800000000DD1A00082DE9F0476D
:101EE000074649480E46354616F801EB10F80EC075
:101EF0001CF0080CF7D1BEF12D0F5AD0BEF12B0FFC
:101F000003BF96F800E06446AE1C64464BB9BEF1D0
:101F1000300F5CD00A23DFF8F4804FF0050A9946B1
:101F20000AE0102B4AD04FF0FF38B8FBF3F803FB60
:101F300008FA6FEA0A0A99460025284605E02CD0DF
:101F400009FB00C0012516F801EBAEF1300CBCF125
:101F5000090F06D9AEF1410CBCF1190F0BD8AEF147
:101F6000370C634510DDB5F1FF3FECD04045E6D9B5
:101F70004FF0FF35E7E7AEF1610CBCF1190F03D864
:101F8000AEF1570C6345EEDC6B1C0BD004B1404244
:101F90000AB165B91160BDE8F087D445D0DD4FF0D6
:101FA000FF35D0E722233B602846002AF3D0711E7C
:101FB000F0E796F800E00124AE1CA7E7BEF1300F71
:101FC00011D04FF00F0A6FF070489946B4E733789C
:101FD00003F0DF03582B0BD008234FF0070A6FF0F4
:101FE00060489946A8E7307800F0DF005828E8D12B
:101FF0004FF0100996F801E04FF00F0A02366FF02B
:1020000070484B4698E700BF110D0108999999193E
:1020100064E700BF10B4044C8446134620685DF8A2
:10202000044B0A46614659E70000002010B4044CF6
:102030008446134620685DF8044B0A4661464DE726
:102040000000002008B5062001F088FB012002F006
:102050001DFA00BF2DE9F047089C90460E4602FB92
:1020600003F7814610B1036A002B36D0A3891B0702
:1020700026D5236923B34FB306F1FF3A002507E0C5
:1020800023685A1C226083F800C00135AF4220D07B
:10209000A3681AF801CF013B002BA360F0DAA66910
:1020A000B34222466146484602DBBCF10A0FE7D143
:1020B00001F0ECF80130E8D1B5FBF8F0BDE8F087AD
:1020C0002146484600F05CF90028D4D00020BDE845
:1020D000F087B7FBF8F0BDE8F087FEF761FBC5E7D6
:1020E00010B5064C82B084462068009313460A4619
:1020F0006146FFF7AFFF02B010BD00BF0000002037
:1021000030B490F800F020F007016FF0000C10F0F0
:10211000070491F820F040F048804FF000046FF081
:102120000700D1E9002391F840F000F1080082FA9D
:102130004CF2A4FA8CF283FA4CF3A2FA8CF34BBB68
:10214000D1E9022382FA4CF200F10800A4FA8CF2E1
:1021500083FA4CF3A2FA8CF3E3B9D1E9042382FAAF
:102160004CF200F10800A4FA8CF283FA4CF3A2FAC4
:102170008CF37BB9D1E9062301F1200182FA4CF2FC
:1021800000F10800A4FA8CF283FA4CF3A2FA8CF363
:10219000002BC6D0002A04BF04301A4612BAB2FA85
:1021A00082F200EBD20030BC7047D1E9002304F08A
:1021B0000305C4F100004FEAC50514F0040F91F8BF
:1021C00040F00CFA05F562EA05021CBF63EA05035C
:1021D00062464FF00004AAE788420ED98B1883426A
:1021E0000BD900EB020C002A6ED0624613F801CD29
:1021F00002F801CD9942F9D170470F2A0FD8034652
:1022000002F1FF3C002A5FD00CF1010C013B8C4431
:1022100011F8012B03F8012F6145F9D1704740EA0D
:1022200001039B0751D1A2F1100370B501F1200CFD
:1022300023F00F0501F1100E00F11004AC441B094E
:102240005EF8105C44F8105C5EF80C5C44F80C5CC2
:102250005EF8085C44F8085C5EF8045C44F8045CD2
:102260000EF1100EE64504F11004E9D1013312F02D
:102270000C0F01EB031102F00F0400EB031328D045
:10228000043C24F003064FEA940C1E441C1F8E46A7
:102290005EF8045B44F8045FB442F9D10CF1010428
:1022A00002F0030203EB840301EB840102F1FF3C23
:1022B0004AB10CF1010C013B8C4411F8012B03F8DD
:1022C000012F6145F9D170BD704702F1FF3C034613
:1022D0009AE72246EAE700BF000000000000000085
:1022E00001F0FF01102A2BDB10F0070F08D010F8C7
:1022F000013B013A8B422DD010F0070F42B3F6D1CB
:10230000F0B441EA012141EA014122F007047FF0E3
:1023100000070023F0E80256083C85EA010586EA3A
:10232000010685FA47F5A3FA87F586FA47F6A5FA76
:1023300087F68EB9EED1F0BC01F0FF0102F0070282
:1023400032B110F8013B013A83EA010313B1F8D12D
:102350000020704701387047002D06BF354603380E
:10236000073815F0010F07D1013015F4807F02BF47
:10237000013015F4C03F0130F0BC0138704700BF98
:1023800038B52F4B1B6805460C4613B11A6A002A54
:102390004BD0B4F90C3018071CD5226922B313F0C6
:1023A000010107D0616900204942A060A1613AB1F2
:1023B000002038BD980758BF6169A160002AF7D195
:1023C000190658BF1046F4D543F04003A3814FF0DF
:1023D000FF3038BDD9062CD55A0712D4226943F0F4
:1023E0000803A381002ADAD103F42071B1F5007F3C
:1023F000D5D02146284600F0DDFAB4F90C30226928
:10240000CDE7616B51B104F14402914204D02846FA
:10241000FEF7C2FAB4F90C3000226263226900218F
:10242000C4E9002123F02403D9E71846FEF7B8F9E0
:10243000AFE7092243F040032A60A381C7E700BF4A
:102440000000002040EA01039B0710B501D1032AD8
:1024500017D8844601F1FF3E07E01EF8011F03F87C
:10246000011B541E29B19C4622466346002AF4D122
:1024700010BD9444002CFBD003F8011B6345FBD135
:1024800010BD8E468446DEF80040A4F1013323EAF5
:10249000040313F0803F71460EF1040EDAD1043AC2
:1024A000032A4CF8044BEED87146D3E70CB400B5C0
:1024B00083B004AB53F8042B019300F0A3FD03B0E9
:1024C0005DF804EB02B070470EB410B583B005ABF5
:1024D000064C53F8042B01930146206800F092FD4E
:1024E00003B0BDE8104003B0704700BF00000020FB
:1024F0002DE9F047DFF8749007460E46904600F04D
:1025000015FFD9F800504DB133781C466BB13446F5
:1025100002E014F8013F3BB13D2BFAD1384600F000
:1025200007FF0020BDE8F087A41B28680028F5D02D
:102530002246314600F0F8F928B92868035D3D2BA2
:1025400000EB040A04D055F8040F0028F0D1E5E7A9
:10255000D9F80030EB1A9B103846C8F8003000F06C
:10256000E7FE0AF10100BDE8F08700BF600000202F
:1025700000B583B001AAFFF7BBFF03B05DF804FB11
:102580002DE9F84F92461F460A698B68DDF82890BE
:102590009A42B8BF1A46CAF8002091F843300C4658
:1025A000064613B10132CAF80020226891065FD5B1
:1025B000DAF800300233CAF80030226812F0060F51
:1025C00011461DD1E1689942D8BF114618DD4FF080
:1025D000000804F1190B05E0E568DAF80030ED1A9F
:1025E00045450CDD01235A4639463046C84701307F
:1025F00008F10108F0D14FF0FF30BDE8F88F2168F5
:1026000094F84330003B18BF01238A060AD5E1182D
:102610005A1C302081F84300224494F8451082F877
:102620004310023304F1430239463046C8470130B3
:10263000E1D02368DAF80050216903F00603042B87
:10264000D4E902201BD08A4220DD4FF00008521A44
:1026500090441A34002501E0454517DA012322464B
:1026600039463046C847013005F10105F4D1C2E7CB
:1026700012F0060F0DD0003B18BF0123D2E7401B1C
:102680008A4220EAE078E2DC0028E2DC0020BDE8B3
:10269000F88FE168DAF800309942D8BF114696DC2D
:1026A000AEE700BF2DE9F047174684B00A7E0C9DC7
:1026B0000C460646984601F1430C002A35D0A2F19B
:1026C0005803D9B2202969D8202B67D8DFE813F046
:1026D000E60066006600660066006600660066004A
:1026E000660066006600AC0070006600660066006A
:1026F00066007000660066006600660021008300C8
:10270000C60066006600B6006600830066006600CC
:10271000EC002B6822686169181D286010061B6890
:1027200002D4520600F1E08019600023E1462361E3
:10273000CDF800803B4603AA21463046FFF720FF34
:10274000013020D023694A4639463046C04701301F
:1027500019D02368E068DDF80C909B0718D5484530
:1027600016DD002504F1190A04E0E068A0EB090376
:10277000AB420DDD0123524639463046C047013099
:1027800005F10105F1D14FF0FF3004B0BDE8F0874D
:102790004845B8BF484604B0BDE8F08784F84220F9
:1027A000012004F142090023206184F84330BFE78F
:1027B0002A682368111D1806296002D4590600F101
:1027C00095801068014600286268C0F293805448E2
:1027D0004FF00A0E15E020682B6810F0800F53F8B8
:1027E000041B02D1400648BF89B26F2A4C482B60B7
:1027F00014BF4FF00A0E4FF0080E0023626884F8F1
:102800004330002AA26051DB236823F004032360D5
:1028100000294BD1002A7BD1E146BEF1080F56D0EA
:10282000ACEB0903236183E72B681A6804332B6040
:1028300004F1420984F842200120B4E72B68626861
:10284000191D2960D3F8009000214846FFF748FD84
:10285000002863D0A0EB09006060A4E7236843F080
:102860002003236078222F4884F845202A6813F03B
:10287000800F52F8041B03D113F0400F18BF89B228
:102880002A60DA0744BF43F02003236019B92368A4
:1028900023F0200323604FF0100EAEE7582384F896
:1028A00045301F482368E1E72368DBE77546E146CA
:1028B000B1FBF5F305FB131A0A46AA4210F80A10F9
:1028C00009F8011D1946F3D2BEF1080FA8D12368FB
:1028D000DD07A5D5626823699A42A1DC302309F897
:1028E000013C09F1FF399BE719801EE7B2F900109E
:1028F000084668E72D20002AA26084F8430002DB26
:1029000023F0040323600A2505484942AE46CEE77A
:10291000037884F8423004F142097EE7606842E7B8
:102920003018010844180108002A3ED030B584460A
:102930000446084380070B462ED1032A07D82BE014
:10294000043A25D01EF0803F22D1032A22D92068E4
:10295000194653F8045BA0F1013EA842A4462EEAB2
:10296000000E04F10404EBD09CF800000C788442C3
:102970001DD1E64668B11EF8010F11F8014FA2EB18
:102980000E03A04203F1FF3311D11CEB0303F1D17D
:10299000002030BDA44619469CF800000C78A042E7
:1029A00005D1012AF4D0E646E4E710467047001B43
:1029B00030BD00BF70B5B1F90C300C46990796B028
:1029C00007D504F147030122C4E90432236016B09D
:1029D00070BDB4F90E100029054629DB6A4600F0E7
:1029E00059FF002822DB4FF480612846019EFDF745
:1029F000FBFC88B3A389206043F0800306F4704693
:102A0000A381B6F5005F4FF48063C4E90403DED10F
:102A1000B4F90E10284600F09DFA0028D7D0A389FB
:102A200023F0030343F00103A381D0E7B4F90C3092
:102A300013F0800F14BF40264FF4806631462846BD
:102A4000FDF7D2FC40B1A389206043F08003C4E9C4
:102A50000406A38116B070BDB4F90C309A05B6D443
:102A600023F0030304F1470243F002030121C4E908
:102A70000421A3812260AAE770B50C46B1F90E10BB
:102A8000002996B015461E460FDB6A4600F002FF8D
:102A900000280ADB019B03F47043A3F50053B3FA4B
:102AA00083F34FF480625B0908E0A28912F0800F83
:102AB0004FF0000314BF40224FF4806200203360C7
:102AC0002A6016B070BD00BF0000000000000000CA
:102AD00000000000000000000000000000000000F6
:102AE00002780B78012A28BF9A4240F0D8806DE91D
:102AF000044540EA0104CDE902676FF0000C4FEA9B
:102B000044721AB380EA010414F0070F6BD100F08D
:102B1000070420F0070004F0030521F007014FEA45
:102B2000C505F0E8042314F0040FF1E804670CFA7B
:102B300005F462EA040266EA04060BD063EA0403C1
:102B4000624667EA0407664604E000BFF0E8042333
:102B5000F1E8046782FA4CF582EA0604A4FA8CF4E0
:102B60006CBB83FA4CF583EA0705A5FA8CF595B999
:102B700050E9022351E9026782FA4CF582EA060421
:102B8000A4FA8CF483FA4CF583EA0705A5FA8CF5D0
:102B90002543DBD09CB92DBAB5FA85F424F007049F
:102BA00027FA04F1DDE9026723FA04F303F0FF00DA
:102BB00001F0FF01FDE80445A0EB0100704724BAD5
:102BC000B4FA84F424F0070426FA04F1DDE902677C
:102BD00022FA04F202F0FF0001F0FF01FDE80445D3
:102BE000A0EB0100704714F0030F3CD110F0030478
:102BF00028D150F8082B51F8083B82FA4CF582EAAC
:102C00000305A5FA8CF55DB950F8042C51F8043C85
:102C100082FA4CF582EA0305A5FA8CF5002DE8D07E
:102C20002DBAB5FA85F424F0070423FA04F122FA48
:102C300004F202F0FF0001F0FF01FDE80445A0EB03
:102C4000010070474FEAC40420F0030050F8082B3D
:102C500021F0030151F8083B0CFA04F462EA040283
:102C600063EA0403C9E710F003041DD0A1EB0401DB
:102C700020F00300E40750F8042B06D012D28B7822
:102C80005FFAA2F4E41A06D12BB1CB785FFAB2F462
:102C9000E41A00D133B920465DF8104B7047A2EB1F
:102CA0000300704701F1040150F8042BCC0721F018
:102CB000030151F8043B48D824D222F07F4482FA21
:102CC0004CF594EA1325A5FA8CF50AD165B951F8AB
:102CD000043B84EA0204B4EB036F0ED150F8042BDA
:102CE000EBE74FEA132355E035F07F454DD10878E7
:102CF000FDE80445C0F1000070474FEA126203F09E
:102D0000FF0347E002EA1C4482FA4CF594EA1345BB
:102D1000A5FA8CF50AD165B951F8043B84EA02049E
:102D2000B4EB034F0CD150F8042BEBE74FEA1343FD
:102D300030E015EA1C4528D10B884FEA124229E001
:102D40004FEA124203EA1C4324E002F0FF0482FA35
:102D50004CF594EA1365A5FA8CF50AD165B951F8DA
:102D6000043B84EA0204B4EB032F09D150F8042B8E
:102D7000EBE74FEA13630DE015F0FF0F05D10B6889
:102D80004FEA122223F07F4304E04FF00000FDE8F9
:102D90000445704712BA1BBA82FA4CF482EA030463
:102DA000A4FA8CF5B5FA85F402FA04F203FA04F3F6
:102DB0004FEA1260FDE80445A0EB1360704700BFC6
:102DC00008B410B5002A9DB0044636DB4FF40273F8
:102DD000ADF814304FF000031B930291069120AB25
:102DE00017D0013A4FF6FF7104920792ADF8161012
:102DF0001F9A019302A9FEF755FF421C01DA8B23AB
:102E00002360029B00221A701DB0BDE8104001B083
:102E100070474FF6FF7104920792ADF816101F9A93
:102E2000019302A9FEF73EFF431C01DA8B232360C6
:102E30001DB0BDE8104001B070478B2303604FF018
:102E4000FF30F5E70CB410B5214B00291C689CB08D
:102E500038DB4FF000034FF402721B93ADF81420DF
:102E6000029006901FAB18D001394FF6FF72049103
:102E70000791ADF8162002A91E9A01932046FEF78D
:102E800011FF421C01DA8B232360029B00221A707F
:102E90001CB0BDE8104002B070474FF6FF720491BD
:102EA0000791ADF8162002A91E9A01932046FEF75D
:102EB000F9FE431C01DA8B2323601CB0BDE81040EF
:102EC00002B070478B2323604FF0FF30F5E700BF5F
:102ED00000000020032A30B415D941EA0004A407F9
:102EE00084460B4604D0541E0FE0043A032A08D946
:102EF0001946604653F8044B5CF8045BA542F4D0D5
:102F0000F1E760461946541E7AB1431E0139021991
:102F100001E09A4209D013F8010F11F801CF604582
:102F2000F7D0A0EB0C0030BC7047002030BC7047DD
:102F300071B1034600EB010C01E0634506D01A466F
:102F4000013311780029F8D1101A7047181A704708
:102F50000846704738B5074D0022044608462A60E7
:102F600001F0E6FA431C00D038BD2B68002BFBD0E3
:102F7000236038BD601800209368013B002B9360EC
:102F800011DA10B49469A34209DB0A2907D0136847
:102F9000581C1060197008465DF8044B70475DF8C6
:102FA000044B00F073B91368581C10601970084680
:102FB000704700BF9BB1F8B5134406460F46541E38
:102FC0005D1E01E0AC4208D014F8011F3A463046BD
:102FD000FFF7D2FF431CF5D1F8BD0020F8BD00205B
:102FE000704700BF936810B514461BB918460023FC
:102FF000636010BD00F09EF90023A36000236360AE
:1030000010BD00BF2DE9F04FA1B08B4691461C4684
:10301000049018B1036A002B00F01C81BBF80C303F
:10302000180740F19580DBF81030002B00F09080FD
:103030000023CA460D9343F22003ADF839309AF8C5
:103040000030864E07940127002B79D0D14604E04A
:1030500019F8013F002B00F08580252BF8D1B9EB42
:103060000A0840F0828099F80030002B68D00023D5
:103070004FF0FF32CDE9092309F1010908930B93C1
:103080008DF863301E9305E0089A07FA03F31A439C
:103090000892A1464C46052214F8011B3046FFF762
:1030A0001FF9A246831B0028EED1089BD90644BF16
:1030B00020228DF8632099F800101A0744BF2B22B4
:1030C0008DF863202A2966D1079A116804320029F5
:1030D0000792C0F29A800B9199F801102E2970D0B6
:1030E0005F4C03222046FFF7FBF838B1089B001B1A
:1030F0004022824013430AF1010A08931AF8011B87
:1031000058488DF838100622FFF7EAF8002800F03A
:103110008280554B002B69D007AA0092534B04982C
:103120005A4608A9AFF300800390039B013307D0F0
:103130000D9B039A13440D939AF80030002B85D110
:10314000BBF80C305B060AD40D9821B0BDE8F08FB7
:1031500004985946FFF714F900283FF469AF4FF07F
:10316000FF30F2E7B9EB0A08EAD00AF1FF35CDF8F3
:103170001490A946049D01E0A0453ED94C465A460C
:1031800019F8011F2846FFF7F7FE02340130A4EBBF
:103190000A04F1D1D4E7A1F13002092A88BFCA4656
:1031A0009CD80B9B00E00134217803EB830302EBF6
:1031B0004303A1F13002092AF5D92E290B93A24627
:1031C0008ED19AF801102A292FD1079B9AF8021064
:1031D0001A6809920433002A0AF102000793B8BF63
:1031E0004FF0FF338246B8BF099379E7079B073357
:1031F00023F00703083307939AE70D99DDF814903D
:10320000414499F800300D912FE7494243F0020301
:103210000B91089360E707AA0092144B04985A4652
:1032200008A9FFF73FFA03907FE7A1F130020023DE
:10323000092A09930AF1010A3FF652AF1AF8011F51
:1032400003EB830302EB4303A1F13002092AF5D912
:10325000099345E7FDF7A4FAE0E600BF1C18010852
:10326000241801082818010800000000B52F0008E4
:1032700010B4054C8446134620685DF8044B0A469A
:103280006146FFF7BFBE00BF00000020F8B50D4645
:103290001446064610B1036A002B37D0A389A269F1
:1032A000A2601A0719D52369BBB122686169D31AD4
:1032B000EDB299422F4620DD0133A1680139A160AA
:1032C000511C2160157062699A420DD0A389DB07F9
:1032D00001D50A2D08D03846F8BD21463046FFF703
:1032E0004FF838B92369E0E721463046FDF712FB75
:1032F0000028F0D04FF0FF37EDE721463046FDF7CC
:1033000009FB0028F6D122680123D6E7FDF748FA29
:10331000C4E700BF10B4044C03460A4620685DF8B9
:10332000044B1946FFF7B2BF00000020704700BFF2
:10333000704700BF9368002B00F0F8802DE9F04F34
:10334000B1F90CC01CF0080F83B0904681460C46C2
:1033500031D00B697BB31CF00207D8F8006038D07D
:103360000027D4F828B0216ADFF8C4A23D465545AD
:103370002B463A4628BF53464846C5B1D847002891
:1033800040F3CA80D8F808301B1A07442D1AC8F831
:103390000830002B00F0B68055452B46D4F828B0F5
:1033A000216A28BF53463A464846002DE6D1D6E961
:1033B00000750836DBE721464846FEF7E1FF0028A6
:1033C00040F0AF80B4F90CC0D8F800601CF00207E0
:1033D000C6D11CF0010A63D12368A168574618467C
:1033E0008B46002F58D01CF4007F00F0B580B94206
:1033F0000A4600F2E1801CF4906F2FD021696269C7
:103400005D1A02EB420202EBD2726B1C52103B447B
:10341000934292BF93469B461A461CF4806F00F07D
:10342000EA8011464846FCF7DFFF002800F0F980EB
:103430002A4621690090FDF72FFBA289009B22F408
:10344000906242F08002A2815819ABEB0505C4F8E6
:1034500014B02361A5602060BB463A4651460092F5
:10346000FEF7BAFEA1682368009AA1EB0B011A448B
:103470003D46A16022600027D8F808305B1BAA44B3
:10348000C8F80830002B3DD02368A168B4F90CC0FF
:1034900018468B46002FA6D1D6E900A708369EE72E
:1034A0003846BB463D460097002D41D0002846D007
:1034B000009A2068A168D4E90473AA4228BF2A466A
:1034C000B84204D901EB030A524500F385809342C8
:1034D00075DC216AA76A5A464846B847B0F1000A27
:1034E0001ADD009BB3EB0A0300930FD00120D8F83C
:1034F0000830A3EB0A03D344A5EB0A05C8F808304B
:10350000002BD1D1002003B0BDE8F08F2146484602
:10351000FDF700FA0028EAD0B4F90C3043F040037C
:10352000A3814FF0FF3003B0BDE8F08F002070475B
:10353000756833460836002DFAD0D3F800B02A4615
:103540000A215846FEF7CCFE002867D00130A0EBD8
:103550000B0300931A46ACE722699A4214D36269BE
:10356000BA4211D86FF00043BB4228BF3B46A56A60
:1035700093FBF2F3216A02FB03F348465246A84745
:10358000051EC9DD7F1B77E7B94228BF39460D46C6
:1035900018460A465146FEF71FFEA1682368491BDC
:1035A0002B44A16023600029ECD121464846FDF759
:1035B000B1F90028E6D0AFE7BB463A464EE7594698
:1035C0000192FEF709FE019AA3689B1AA360236883
:1035D00013442360924684E759465246FEF7FCFDA9
:1035E00023685344236021464846FDF793F9002899
:1035F0003FF477AF90E74846FCF786FF0346002884
:103600007FF422AF21694846FDF7C6F9B4F90C30C2
:103610000C22C9F8002023F080037FE76A1C009287
:1036200047E70C22B4F90C30C9F8002076E700BF58
:1036300000FCFF7F38B5C46B0CB1002038BD802181
:103640000546FCF7D1FE0246E86330B1031F7C3229
:1036500043F8044F9342FBD1EFE74FF0FF3038BD02
:1036600030B51F2983B0054608D8C36B0C4653B14B
:1036700053F8240043F8242003B030BD1623036020
:103680004FF0FF30F8E780210192FCF7ADFE019A80
:10369000E86303460028F3D0011F00F17C050020F9
:1036A00041F8040FA942FBD1E2E700BF1F2938B55A
:1036B00005461ED8C26B0C466AB152F8213053B190
:1036C000012B06D0591C10D0002142F824102046AE
:1036D0009847002038BD284600F008F922460146E8
:1036E0002846BDE8384000F0EBB8162303600120FF
:1036F00038BD162303604FF0FF3038BD1F292AD88C
:1037000038B5C36B0C460546A3B153F8242003EB30
:1037100084034AB1511C0BD0012A07D00025204652
:103720001D609047284638BD012038BD032038BDB4
:10373000022038BD8021FCF757FE0346E86338B10C
:10374000021F00217C3042F8041F8242FBD1DCE7DB
:103750004FF0FF3038BD4FF0FF30704738B5134B96
:103760001F281D681DD8EA6B044662B152F820304C
:103770004BB1012B05D0591C0FD0002142F820106D
:103780009847002038BD284600F0B0F82246014690
:103790002846BDE8384000F093B816232B6001207E
:1037A00038BD16232B604FF0FF3038BD00000020DD
:1037B000114B1F2870B51E6808D8F36B04460D46E0
:1037C0004BB153F8240043F8245070BD16233360E6
:1037D0004FF0FF3070BD80213046FCF705FE0346F8
:1037E000F0630028F4D0021F00217C3042F8041F4F
:1037F0008242FBD1E5E700BF0000002038B50B4B4B
:103800001D68EC6B0CB1002038BD80212846FCF708
:10381000EBFDE86338B1031F00F17C0243F8044F6D
:103820009342FBD1EFE74FF0FF3038BD000000209E
:1038300038B5174B1F281D6826D80446E86BA0B181
:1038400050F8243000EB84004BB15A1C0BD0012BF4
:1038500007D00025056020469847284638BD01203E
:1038600038BD032038BD022038BD80212846FCF732
:10387000BBFDE86340B1031F00F17C01002243F867
:10388000042F8B42FBD1DBE74FF0FF3038BD00BF88
:103890000000002070B50C46084D03460026204667
:1038A00011461C462E6000F03EFE431C00D070BD49
:1038B0002B68002BFBD0236070BD00BF6018002078
:1038C00070B50C46084D03460026204611461C469E
:1038D0002E6000F0D3FD431C00D070BD2B68002B80
:1038E000FBD0236070BD00BF6018002000F0C4BD95
:1038F00010B5044602680B4B9A4208D02368B3F116
:10390000804F07D02268084B9A4207D010BD03F0C1
:10391000FFF9F3E7204603F00BFAF3E7204603F044
:1039200017FAF3E7002C01400004004008B50268D4
:10393000034B9A4200D008BD00F054FEFBE700BFE5
:103940000010004072B6FEE7F0B5D1B000F038FECE
:1039500000F0F2FD00F0CAF900F098FA00F016FB52
:1039600000F0B6FA7F4B01937F4B00937F4B804A68
:103970008049012004F0ECF93BA803F04BFF00273D
:103980008DF888707C4923917C4A24924FF08143C2
:1039900025938DF85C70189119921A938DF83070F8
:1039A0000D910E920F9300F03BFC00F067FC00F0CD
:1039B00091FC03F04FF900230393FDE0FFF7C2FFF2
:1039C000FFF7C0FFFFF7BEFFFFF7BCFFFFF7BAFF2F
:1039D000FFF7B8FF00F012FEC01B40F6B833984264
:1039E00031D940AC664B0FCB84E80F00224604A9C6
:1039F00028A800F059FB00F001FE07460121322003
:103A000004F0BCF9F8B12CA92BA803F07FFD2CA978
:103A10002AA803F07BFD2CA929A803F077FD2CA987
:103A200028A803F073FD2CA803F010FC2EA803F0C7
:103A300041FE002220214FF0904001F0E0FC514B6C
:103A400002221A70B8E000261AE0012000F0DCFD26
:103A50004D4B2C2202FB053393F8203023B900F0A4
:103A6000CDFD001B3128F0D9474B2C2202FB05333A
:103A700093F82830C3B11E2000F0C6FD0136F6B21F
:103A8000022E00F2998035463F4B2C2202FB063372
:103A9000002283F8202083F82120304603F000F92B
:103AA00000F0ACFD0446D3E703AA2C21364B01FB02
:103AB0000531304603F0ACF900F0A0FDE6B1012E6F
:103AC00035D0DDED036A9FED317AC6EE877ACDED14
:103AD000267A2F4BA3FB00239B091D934FF47A7288
:103AE00002FB13002B4B03FB00F01E9000221DA9CC
:103AF0002BA803F071FDBEE7DDED036A9FED237A8D
:103B0000C6EE877ACDED1B7A214BA3FB00239B09E0
:103B100012934FF47A7202FB13031E4A02FB03F363
:103B20001393002212A92AA803F056FDA3E7DDEDA6
:103B3000036A9FED167AC6EE877ACDED107A144BA4
:103B4000A3FB00239B0907934FF47A7202FB130334
:103B5000104A02FB03F30893002207A929A803F0E7
:103B60003BFD88E7CD6E0008AF6E0008A16E00082F
:103B7000896E000858190020B81E853E0AD7233DDB
:103B8000B00E0108681800206C00002000007A4484
:103B9000D34D621040420F0020214FF0904001F0C1
:103BA00033FCC82000F030FD0121642004F0E6F869
:103BB00010B9434B00221A70414B1B78012B3FF484
:103BC00009AF022BE8D0002BF6D120214FF0904016
:103BD00001F01AFC4FF4FA7000F016FD0121642088
:103BE00004F0CCF80028E7D13BAB002211462EA808
:103BF00003F016FD00287FF4E1AE2EAB314A3249C6
:103C00002CA803F081FD00287FF4DAAE04F0DAFF7F
:103C100002462E4B2CA92BA803F0B2FD00287FF4FE
:103C2000D1AE04F0CFFF0246294B2CA92AA803F0FD
:103C3000A7FD00287FF4C8AE04F0C4FF0246254B60
:103C40002CA929A803F09CFD00287FF4BFAE05F045
:103C5000B7F80246204B2CA928A803F091FD0028B4
:103C60007FF4B6AE04A804F01DFF1FA804F01AFFED
:103C700014A804F017FF09A804F014FF17491FA89F
:103C800004F072FF164914A804F06EFF154909A844
:103C900004F06AFF40AC144D0FCD0FC42B68238095
:103CA00040AA04A928A800F0FFF9012220214FF022
:103CB000904001F0A4FB024B01221A707CE700BF88
:103CC00068180020A0120108140E0108240E010833
:103CD000340E0108480E01085C0E0108700E010840
:103CE0007C0E01088C0E01089C0E01082DE9F041A4
:103CF0008AB0002405940694079408940994604BB4
:103D00009A6942F001029A619A6902F001020092F6
:103D1000009A5A6942F400325A615A6902F4003238
:103D20000192019A5A6942F480225A615A6902F456
:103D300080220292029A5A6942F400225A615A6918
:103D400002F400220392039A5A6942F480025A61F3
:103D50005B6903F480030493049B01224FF48051B8
:103D60004FF0904001F04BFB012280214FF090403A
:103D700001F045FB224620214FF0904001F03FFB2F
:103D800020230593012506950794089405A94FF073
:103D9000904001F03DFA4FF4805305930695079447
:103DA000089405A94FF0904001F032FA8023059362
:103DB00006950794089405A94FF0904001F028FA61
:103DC000DFF8C4802A460221404601F018FB022693
:103DD000059606950794089405A9404601F018FA3F
:103DE0004FF4006305934FF404170697079505A950
:103DF0004FF0904001F00CFA402305930697079589
:103E000005A94FF0904001F003FA042305930697AB
:103E1000079505A9404601F0FBF94FF400530593BF
:103E200006970794174F05A9384601F0F1F9224685
:103E30000D21384601F0E3FA0D230593069507940A
:103E4000089405A9384601F0E3F9224631462820B6
:103E500001F06CFC282001F079FC22463146172045
:103E600001F064FC172001F071FC22463146082065
:103E700001F05CFC082001F069FC0AB0BDE8F081AB
:103E800000100240000800480004004800B583B05C
:103E90000E4B5A6942F001025A615B6903F001035B
:103EA0000193019B00220521102001F03FFC10200E
:103EB00001F04CFC00220521112001F037FC1120FB
:103EC00001F044FC03B05DF804FB00BF00100240A9
:103ED00008B51148114B03604FF48273436000230F
:103EE00083604FF4E062C2600222026101224261FB
:103EF0004FF4007282612022C261036243628362D6
:103F00000722C2620363436301F02EFC00B908BDBF
:103F1000FFF718FDFBE700BF6C18002000380040D9
:103F200000B589B000230393049305930693079388
:103F30000268144B9A4202D009B05DF804FB03F505
:103F4000EC33DA6942F48042DA61DA6902F48042E1
:103F50000192019A5A6942F480225A615B6903F422
:103F600080230293029B4FF4604303930223049344
:103F7000032306930523079303A9034801F048F997
:103F8000DAE700BF003800400004004808B50B48DD
:103F90000B4B03604FF4E133436000238360C36045
:103FA00003610C2242618361C3610362436202F0D8
:103FB0005EFD00B908BDFFF7C5FCFBE758190020FE
:103FC0000044004010B588B0002303930493059388
:103FD0000693079302682F4B9A4201D008B010BD98
:103FE000044603F5E633DA6942F40032DA61DA694D
:103FF00002F400320192019A5A6942F400325A6185
:104000005B6903F400330293029B0C2303930223A6
:1040100004930723079303A94FF0904001F0F8F8A9
:104020001D481E4B03600023436083608022C260F2
:1040300003614361202383614FF44053C36101F066
:1040400029FA00BB144B63675C621548154B03608B
:1040500010234360002383608022C26003614361B8
:1040600083614FF44053C36101F014FA70B90C4BF3
:1040700023675C6200220521262001F057FB2620E1
:1040800001F064FBAAE7FFF75DFCDBE7FFF75AFCF2
:10409000EDE700BF00440040141900206C0002400E
:1040A000D01800208000024038B505460C46114665
:1040B000204604F059FD00222146284603F08CFAE0
:1040C00038BDFEE7FEE7FEE7FEE7FEE770470000CB
:1040D00008B5024801F088FA08BD00BF1419002095
:1040E00008B5024801F080FA08BD00BFD0180020D2
:1040F00008B5024801F060FC08BD00BFE0190020CF
:1041000008B5024802F044F808BD00BF5819002065
:1041100008B5024801F050FC08BD00BFC41A0020D9
:1041200008B5024801F048FC08BD00BF781A00201D
:1041300008B5024801F040FC08BD00BF2C1A002061
:104140007047704708B500F04DFA08BD00B583B060
:104150000D4B9A6942F001029A619A6902F00102DC
:104160000092009ADA6942F08052DA61DB6903F06A
:1041700080530193019B00220F216FF0010001F099
:10418000D5FA03B05DF804FB0010024030B589B0E9
:1041900004461E4BDA6942F01002DA61DB6903F073
:1041A00010030193019B02A903A800F093FE00F005
:1041B0007BFE174AA2FB00239B0C013B1548164AC5
:1041C000026040F2E732C260436000230361836013
:1041D000836101F01FFD054610B1284609B030BDCE
:1041E0000C4801F087FB05460028F6D1362001F087
:1041F000ADFA0F2C01D90125EFE700222146362028
:1042000001F094FA054B1C60E7E700BF0010024084
:1042100083DE1B43E01900200010004068000020EE
:1042200070B584B000240094019402940394114D5D
:10423000114B2B6047236B60AC604FF6FF73EB6054
:104240002C616C61284601F015FD0A2300930126BC
:1042500001960294039422466946284601F074FDB3
:10426000224631461B2001F061FA1B2001F06EFA54
:1042700004B070BDC41A0020002C014070B584B099
:1042800000240094019402940394114D4FF0804354
:104290002B6047236B60AC604FF0FF33EB602C6109
:1042A000284601F0E7FC0A230093012601960294B8
:1042B00003940C226946284601F046FD2246314609
:1042C0001C2001F033FA1C2001F040FA04B070BD4C
:1042D000781A002070B584B00024009401940294F0
:1042E0000394114D114B2B6047236B60AC604FF66C
:1042F000FF73EB602C61284601F0BCFC0A2300939D
:10430000012601960294039404226946284601F08E
:104310001BFD224631461D2001F008FA1D2001F048
:1043200015FA04B070BD00BF2C1A00200004004034
:1043300010B58CB0044600230793089309930A93A1
:104340000B930268394B9A4209D02368B3F1804F2E
:1043500026D02268364B9A4246D00CB010BD03F5E9
:1043600064439A6942F400629A619A6902F40062B5
:104370000192019A5A6942F400325A615B6903F46E
:1043800000330293029B4FF4A06307930223089328
:1043900006230B9307A94FF0904000F039FFD4E7B4
:1043A00003F50433DA6942F00102DA61DA6902F0F6
:1043B00001020392039A5A6942F400325A615B691E
:1043C00003F400330493049B4FF4806307930223A8
:1043D0000893002309930A930A230B9307A94FF02C
:1043E000904000F015FFB4E703F50333DA6942F0BB
:1043F0000202DA61DA6902F002020592059A5A694C
:1044000042F400225A615B6903F400230693069B81
:104410008023079302230893002209920A920B93A8
:1044200007A9044800F0F4FE97E700BF002C014004
:1044300000040040000800480268094B9A4200D07E
:10444000704782B003F55C439A6942F400529A6166
:104450009B6903F400530193019B02B0704700BFB6
:1044600000340140034AD2F8883043F47003C2F8A4
:104470008830704700ED00E00120704708B5FBF779
:104480007DFF162303604FF0FF3008BD08B54FF0E5
:10449000FF31FFF7F3FFFEE770B50C461646002527
:1044A00006E0AFF30080214601F8010B01350C4610
:1044B000B542F6DB304670BD70B50C461646002599
:1044C00004E014F8010BAFF300800135B542F8DBCE
:1044D000304670BD08B503460D4A12685AB10C4A01
:1044E000106803440B4A11780B4A521A934206D8BB
:1044F000074A136008BD064A08491160EFE700BE8D
:10450000FBF73CFF0C2303604FF0FF30F2E700BFE6
:10451000101B00200010000000000120A06F0020F0
:104520004FF0FF3070474FF400534B60002070474E
:10453000012070470020704700B5A7B02822002155
:104540001CA8FBF7B5FE00211791189119911A913B
:104550001B91582201A8FBF7ABFE01221C924FF4DD
:1045600080331D931F920222229223934FF4E01373
:1045700024931CA800F05CF8C0B90F231793022104
:104580001891002319934FF480621A921B9317A875
:1045900000F09AFB68B9022301930023049301A859
:1045A00000F0B6FC40B927B05DF804FBFFF7CAF98C
:1045B000E3E7FFF7C7F9EEE7FFF7C4F9F3E7000019
:1045C00008B5074A136843F010031360032001F095
:1045D0009BF80F20FFF7DAFDFFF7B8FD002008BDBC
:1045E00000200240034A1168034B1B780B44136000
:1045F000704700BF181B002064000020014B1868A2
:10460000704700BF181B002038B50446FFF7F6FFBF
:104610000546B4F1FF3F02D0044B1B781C44FFF762
:10462000EDFF401BA042FAD338BD00BF640000205C
:10463000002800F0088370B582B00446036813F0C8
:10464000010F3DD0B24B5B6803F00C03042B20D06C
:10465000AF4B5B6803F00C03082B13D06368B3F512
:10466000803F6AD0002B40F08D8003F1804303F53A
:1046700004331A6822F480321A601A6822F4802205
:104680001A605FE0A24B5B6803F4C033B3F5803F70
:10469000E4D14FF4003393FAA3F39D4B19684FF420
:1046A000003393FAA3F3B3FA83F303F01F03012259
:1046B00002FA03F30B4203D06368002B00F0C582BB
:1046C000236813F0020F00F0BF80914B5B6813F07A
:1046D0000C0F00F097808E4B5B6803F00C03082BE7
:1046E00000F08880E368002B00F0EB80012292FA52
:1046F000A2F3B3FA83F303F1845303F584139B000D
:104700001A60FFF77BFF0546022393FAA3F3804B61
:104710001968022393FAA3F3B3FA83F303F01F0398
:10472000012202FA03F30B4240F0BD80FFF766FF5F
:10473000401B0228E8D9032090E2754A136843F42D
:10474000803313606368002B36D0FFF757FF0546B0
:104750004FF4003393FAA3F36D4B19684FF4003311
:1047600093FAA3F3B3FA83F303F01F03012202FACF
:1047700003F30B42A4D1FFF741FF401B6428E7D9A4
:1047800003206BE2B3F5A02F09D0614B1A6822F425
:1047900080321A601A6822F480221A60D2E703F18C
:1047A0008043A3F53C331A6842F480221A601A68E9
:1047B00042F480321A60C5E7FFF720FF05464FF448
:1047C000003393FAA3F3524B19684FF4003393FA72
:1047D000A3F3B3FA83F303F01F03012202FA03F3F6
:1047E0000B423FF46DAFFFF709FF401B6428E6D989
:1047F000032033E2464B5B6803F4C033B3F5004F4C
:104800007FF470AF022393FAA3F3414B196802239C
:1048100093FAA3F3B3FA83F303F01F03012202FA1E
:1048200003F30B4203D0E368934240F01082384810
:10483000036823F0F8032169F82292FAA2F2B2FA8F
:1048400082F291400B430360236813F0080F00F0DD
:104850008B806369002B5FD0012191FAA1F2B2FA3B
:1048600082F22C4B13449B001960FFF7C7FE0546EC
:10487000022393FAA3F293FAA3F293FAA3F2244A3F
:10488000516A93FAA3F3B3FA83F303F01F030122EF
:1048900002FA03F30B4267D1FFF7B0FE401B022878
:1048A000E6D90320DAE11A48036823F0F803216906
:1048B000F82292FAA2F2B2FA82F291400B4303601C
:1048C000C2E7012393FAA3F3B3FA83F303F184530A
:1048D00003F584139B0000221A60FFF78FFE054644
:1048E000022393FAA3F30A4B1968022393FAA3F362
:1048F000B3FA83F303F01F03012202FA03F30B421E
:10490000A2D0FFF77BFE401B0228E9D90320A5E1D6
:104910000010024020819010012292FAA2F2B2FA15
:1049200082F29C4B13449B0000221A60FFF766FE44
:104930000546022393FAA3F293FAA3F293FAA3F2A1
:10494000954A516A93FAA3F3B3FA83F303F01F0372
:10495000012202FA03F30B4206D0FFF74FFE401B81
:104960000228E6D9032079E1236813F0040F00F050
:10497000A980894BDB6913F0805F20D1864BDA690F
:1049800042F08052DA61DB6903F080530193019BAE
:104990000125824B1B6813F4807F12D0A368012B82
:1049A00023D073BB03F1804303F504331A6A22F06A
:1049B00001021A621A6A22F004021A621AE0002541
:1049C000E7E7764A136843F480731360FFF716FE37
:1049D0000646724B1B6813F4807FDFD1FFF70EFE93
:1049E000801B6428F5D9032038E16B4A136A43F031
:1049F00001031362A368002B3CD0FFF7FFFD0646BE
:104A00002EE0052B09D0644B1A6A22F001021A62CB
:104A10001A6A22F004021A62ECE75F4B1A6A42F04B
:104A200004021A621A6A42F001021A62E2E70223E1
:104A300093FAA3F3584B596A022393FAA3F3B3FAF8
:104A400083F303F01F03012202FA03F3194238D162
:104A5000FFF7D4FD801B41F28833984200F2F980C1
:104A6000022393FAA3F293FAA3F3002BDFD04A4B6D
:104A7000196AE1E7FFF7C2FD064618E0022393FA40
:104A8000A3F3454B596A022393FAA3F3B3FA83F3D2
:104A900003F01F03012202FA03F3194211D0FFF7BA
:104AA000ADFD801B41F28833984200F2D48002238E
:104AB00093FAA3F293FAA3F3002BDFD0364B196AD3
:104AC000E1E7B5BBA369002B00F0C780324A52680A
:104AD00002F00C02082A00F0A080022B2FD04FF029
:104AE000807393FAA3F3B3FA83F303F1845303F5CA
:104AF00084139B0000221A60FFF780FD04464FF0EC
:104B0000007393FAA3F3244B19684FF0007393FAE0
:104B1000A3F3B3FA83F303F01F03012202FA03F3B2
:104B2000194278D0FFF76AFD001B0228E7D903205D
:104B300094E0194AD36923F08053D361C2E74FF060
:104B4000807393FAA3F3B3FA83F303F1845303F569
:104B500084139B0000221A60FFF750FD05464FF0BA
:104B6000007393FAA3F30C4B19684FF0007393FA98
:104B7000A3F3B3FA83F303F01F03012202FA03F352
:104B800019420DD0FFF73AFD401B0228E7D9032058
:104B900064E000BF208190100010024000700040CF
:104BA000334AD36A23F00F03616A0B43D36253681D
:104BB00023F47613216AE06901430B4353604FF0FD
:104BC000807393FAA3F3B3FA83F303F1845303F5E9
:104BD00084139B0001221A60FFF710FD04464FF07A
:104BE000007393FAA3F3224B19684FF0007393FA02
:104BF000A3F3B3FA83F303F01F03012202FA03F3D2
:104C0000194206D1FFF7FAFC001B0228E7D903205E
:104C100024E0002022E0002020E0012B20D0144AD4
:104C20005368D06A03F4C031E26991421AD103F4A7
:104C30007013226A934217D100F00F00636A984202
:104C400014D100200AE001207047012006E0012075
:104C500004E0032002E0032000E0002002B070BD69
:104C60000120FBE70120F9E70120F7E70120F5E744
:104C700000100240104B5B6803F00C02082A01D0C0
:104C80000E487047C3F383420D49885C0A4AD26AD2
:104C900002F00F020B498A5C13F4803F05D0074BEA
:104CA000B3FBF2F303FB00F07047044BB3FBF2F3EA
:104CB00003FB00F0704700BF0010024000127A00B2
:104CC0008018010870180108002800F0BE8070B537
:104CD0000D460446614B1B6803F007038B420BD261
:104CE0005E4A136823F007030B431360136803F055
:104CF00007038B4240F0AB80236813F0020F06D00D
:104D0000574A536823F0F003A1680B4353602368AC
:104D100013F0010F5AD06368012B2DD0022B40D025
:104D2000022292FAA2F24E4A1068022292FAA2F2EB
:104D3000B2FA82F202F01F02012101FA02F21042DD
:104D400000F0878046494A6822F0030213434B6013
:104D5000FFF754FC0646424B5B6803F00C036268A5
:104D6000B3EB820F32D0FFF749FC801B41F288334E
:104D70009842F0D9032067E04FF4003292FAA2F291
:104D8000374A10684FF4003292FAA2F2B2FA82F275
:104D900002F01F02012101FA02F20242D2D10120E7
:104DA00052E04FF0007292FAA2F22D4A10684FF0D2
:104DB000007292FAA2F2B2FA82F202F01F0201210C
:104DC00001FA02F21042BDD101203DE0234B1B68E5
:104DD00003F00703AB420AD9204A136823F0070304
:104DE0002B431360136803F00703AB4233D12368EE
:104DF00013F0040F06D01A4A536823F4E063E16805
:104E00000B435360236813F0080F07D0144A53680C
:104E100023F46053216943EAC1035360FFF72AFF7B
:104E20000F4B5B6803F0F003F02292FAA2F2B2FAA1
:104E300082F2D3400B4AD35CD8400B4B18600B4B2B
:104E40001868FFF7A3F9002070BD0120704701200A
:104E5000FAE70120F8E70120F6E700BF0020024052
:104E600000100240601801085C000020680000206B
:104E7000014B1868704700BF5C00002008B5FFF7C1
:104E8000F7FF074B5B6803F4E0634FF4E06292FACC
:104E9000A2F2B2FA82F2D340024AD35CD84008BDF3
:104EA000001002405818010808B5FFF7E1FF074B52
:104EB0005B6803F460534FF4605292FAA2F2B2FAC4
:104EC00082F2D340024AD35CD84008BD00100240B1
:104ED000581801080F2303600B4B5A6802F00302B5
:104EE00042605A6802F0F00282605A6802F4E0629E
:104EF000C2605B68DB0803F4E0630361034B1B687B
:104F000003F007030B6070470010024000200240CE
:104F1000F0B583B00446036813F4803F48D0A14B3A
:104F2000DB6913F0805F40F021819E4BDA6942F02B
:104F30008052DA61DB6903F080530193019B012504
:104F4000994B1B6813F4807F00F01281954B1B6A0C
:104F500013F4407322D0626802F440729A421DD06A
:104F60009048016A21F440764FF4803393FAA3F21B
:104F7000B2FA82F28D4F3A4492004FF0010CC2F81F
:104F800000C093FAA3F3B3FA83F33B449B000022DF
:104F90001A60066211F0010F40F0FF80814A136A27
:104FA00023F4407361680B431362002D40F02381AA
:104FB000236813F0010F06D07A4A136B23F0030322
:104FC000A1680B431363236813F0020F06D0754AE0
:104FD000136B23F44033E1680B431363236813F02E
:104FE000040F06D06F4A136B23F4402321690B434F
:104FF0001363236813F0200F06D06A4A136B23F063
:105000001003E1690B431363236813F4003F06D0D8
:10501000644A536823F48003616D0B435360236833
:1050200013F0400F06D05F4A136B23F02003216A70
:105030000B431363236813F4802F06D0594A136B74
:1050400023F04003616A0B431363236813F0080FD6
:1050500006D0544A136B23F4401361690B43136366
:10506000236813F0100F06D04E4A136B23F440034D
:10507000A1690B431363236813F4007F06D0494AE8
:10508000536823F40003216B0B435360236813F030
:10509000800F06D0434AD36A23F4F873A16A0B4306
:1050A000D362236813F4807F06D03E4AD36A23F488
:1050B0007853E16A0B43D362236813F4805F06D010
:1050C000384A136B23F48073616B0B4313632368BB
:1050D00013F4005F06D0334A136B23F40073216C82
:1050E0000B431363236813F4801F06D02D4A136B00
:1050F00023F08073A16B0B431363236813F4001F29
:1051000006D0284A136B23F00073E16B0B43136343
:10511000236813F4800F06D0224A136B23F48063B4
:10512000616C0B431363236813F4000F06D01D4A10
:10513000136B23F40063A16C0B431363236813F018
:10514000807F06D0174A136B23F40053E16C0B43A6
:105150001363236813F0007F54D0124A136B23F4B7
:105160000043216D0B43136300204CE00025E7E66C
:105170000D4A136843F480731360FFF73FFA064645
:10518000094B1B6813F4807F7FF4E0AEFFF736FA1B
:10519000801B6428F4D9032035E0FFF72FFA064678
:1051A0001FE000BF0010024000700040008190101E
:1051B000022393FAA3F3154B596A022393FAA3F33C
:1051C000B3FA83F303F01F03012202FA03F30B4245
:1051D0007FF4E4AEFFF712FA801B41F28833984265
:1051E0000ED8022393FAA3F293FAA3F3002BDFD095
:1051F000064B196AE1E7D36923F08053D361D7E600
:10520000032000E0002003B0F0BD00BF001002400A
:10521000F0B583B0002362E085685E000324B440EB
:1052200025EA0405CC68B4402C438460456825EA2F
:105230000C054C68C4F300149C402C4344605FE0B0
:10524000DD08083550F8254003F0070C4FEA8C0CB8
:105250004FF00F0E0EFA0CFE24EA0E0E0C6904FA43
:105260000CF444EA0E0440F8254060E0062400E017
:10527000002404FA0EF42C430CF1020C584D45F8AE
:105280002C40584CA568D44325EA02064F6817F411
:10529000801F01D042EA0506524DAE60ED6804EA77
:1052A00005064F6817F4001F01D042EA05064D4D70
:1052B000EE606D6804EA05064F6817F4003F01D000
:1052C00042EA0506474D6E602D682C404E6816F484
:1052D000803F01D042EA0504424A146001330A6863
:1052E00032FA03F47AD04FF0010C0CFA03FC1CEAFA
:1052F0000202F3D04C6804F00304013C012C8BD96A
:105300004C6804F00304032C0CD0C4685D004FF01B
:10531000030C0CFA05FC24EA0C0C8C68AC4044EA43
:105320000C04C4604C6804F00304022C88D00468A8
:105330004FEA430E4FF0030C0CFA0EFC24EA0C0C5F
:105340004C6804F0030404FA0EF444EA0C0404600C
:105350004C6814F4403FC1D0234CA56945F00105C9
:10536000A561A46904F001040194019C4FEA930C27
:105370000CF102051A4C54F8255003F0030E4FEAC5
:105380008E0E0F2404FA0EF425EA0405B0F1904FB6
:105390003FF46EAF154CA04216D004F58064A042D5
:1053A00014D004F58064A04212D004F58064A042B9
:1053B00010D004F58064A0420ED004F58064A042B1
:1053C0003FF454AF072454E7012452E7022450E786
:1053D00003244EE704244CE705244AE703B0F0BD5C
:1053E0000000014000040140001002400004004899
:1053F0000369194201D001207047002070470AB1AB
:105400008161704781627047436901EA030221EAC2
:10541000030141EA02418161704730B40124056C07
:10542000AC40C56B6C60046863604368102B05D0AA
:10543000036899600368DA6030BC704703689A605B
:105440000368D960F8E7000002680C4B9A420AD85A
:105450000B4B13440B4AA2FB03231B099B00036461
:10546000094BC3637047094B1344064AA2FB03234D
:105470001B099B000364064BC3637047070402408B
:10548000F8FFFDBFCDCCCCCC00000240F8FBFDBF47
:105490000004024010B310B50446022380F8213006
:1054A00001680A686FF30D12436880680343E0687F
:1054B00003432069034360690343A0690343E06930
:1054C000034313430B602046FFF7BEFF0020A06399
:1054D000012384F8213084F8200010BD012070479A
:1054E00038B5044690F82000012831D0012084F816
:1054F000200094F82100012804D0002384F82030F3
:10550000022038BD022084F821000020A063256815
:10551000286820F0010028602046FFF77EFFE36A3C
:105520005BB12268136843F00E03136022681368AE
:1055300043F0010313600020E3E72268136843F09F
:105540000A0313602268136823F004031360EDE775
:105550000220D6E7034600B390F82120022A06D0A5
:1055600004228263002280F8202001207047016815
:105570000A6822F00E020A6001680A6822F001023D
:105580000A60026CC06B012101FA02F2426083F8EA
:105590002110002083F8200070470120704708B5D3
:1055A00090F82130022B03D004238363012008BD2F
:1055B0000268136823F00E0313600268136823F077
:1055C00001031360036CC16B012202FA03F34B6009
:1055D00080F82120002380F82030436B13B19847D6
:1055E0000020E4E70020E2E738B5C36B1A680468DE
:1055F0002568016C04238B40134213D015F0040F6F
:1056000010D0236813F0200F03D1236823F0040384
:105610002360016CC26B04238B405360C36A03B1E7
:10562000984738BD02238B4013421AD015F0020F61
:1056300017D0236813F0200F06D1236823F00A0344
:105640002360012380F82130016CC26B02238B4060
:105650005360002380F82030836A002BE1D0984704
:10566000DFE708238B401342DBD015F0080FD8D0BA
:10567000236823F00E032360026CC16B012303FA3D
:1056800002F24A60836380F82130002380F82030E2
:10569000036B002BC5D09847C3E7806B70470000B1
:1056A000002808DB0901C9B200F1604000F5614043
:1056B00080F80013704700F00F000901C9B2014BD8
:1056C0001954704714ED00E000B500F00700C0F178
:1056D000070CBCF1040F28BF4FF0040C031D062B70
:1056E0000FD9C31E4FF0FF3E0EFA0CF021EA000165
:1056F00099400EFA03FE22EA0E0241EA02005DF82A
:1057000004FB0023EEE70000074AD36823F4E063BC
:105710001B041B0C000200F4E060034343F0BF6372
:1057200043F40033D360704700ED00E010B5044649
:10573000054BD868C0F30220FFF7C6FF014620469C
:10574000FFF7AEFF10BD00BF00ED00E0002807DB53
:1057500000F01F02400901239340024A42F8203022
:10576000704700BF00E100E000286FD010B504468C
:10577000436A33B94368B3F5827F05D00023C36120
:1057800002E00023036143610023A36294F85D30CB
:10579000002B52D0022384F85D302268136823F076
:1057A00040031360E368B3F5E06F4CD90022B3F512
:1057B000706F04D0B3F5E06F01D00023A36263687B
:1057C00003F48273A16801F404410B43216901F0E1
:1057D00002010B43616901F001010B43A16901F46E
:1057E00000710B43E16901F038010B43216A01F0BC
:1057F00080010B43A16A01F4005120680B43036050
:10580000638B03F00403616A01F010010B43616BC9
:1058100001F008010B43E16801F470610B4321685A
:1058200013434B602268D36923F40063D3610020E3
:105830002066012384F85D3010BD84F85C3020467A
:10584000FEF76EFBA6E74FF48052B0E701207047E9
:1058500030B4056A046A24F010040462846924F4F4
:10586000407C4CEA022C2CF4704C1B039BB243EAA4
:105870000C0325F0A005090101F0A0012943836173
:10588000016230BC704730B4056A046A24F4807445
:105890000462C46924F0030C4CEA020C2CF0F00CF6
:1058A0001B01DBB243EA0C0325F42065090201F475
:1058B00020612943C361016230BC704730B4056A7E
:1058C000046A24F480540462C46924F4407C4CEAE1
:1058D000022C2CF4704C1B039BB243EA0C0325F4FE
:1058E0002045090301F420412943C361016230BC12
:1058F0007047000090F83D30DBB2012B36D1022317
:1059000080F83D300268D36843F00103D360036838
:10591000194A93421CD0B3F1804F19D0A2F59432AA
:10592000934215D002F58062934211D002F596326F
:1059300093420DD002F54062934209D002F58052A5
:10594000934205D01A6842F001021A6000207047A5
:1059500099680A4A0A40062A0AD0B2F5803F09D05F
:105960001A6842F001021A60002070470120704757
:105970000020704700207047002C01400700010004
:105980000C2914D8DFE801F0071313130A131313BB
:105990000D13131310000368586B70470368986B5E
:1059A00070470368D86B70470368186C7047002015
:1059B000704770477047704770B504460368DE68EB
:1059C0001D6915F0020F10D016F0020F0DD06FF008
:1059D00002021A610123037703689B6913F0030F26
:1059E00064D0FDF785FF0023237715F0040F12D054
:1059F00016F0040F0FD023686FF004021A6102231F
:105A0000237723689B6913F4407F55D02046FDF728
:105A10006FFF0023237715F0080F12D016F0080F40
:105A20000FD023686FF008021A61042323772368DC
:105A3000DB6913F0030F46D02046FDF759FF002322
:105A4000237715F0100F12D016F0100F0FD0236827
:105A50006FF010021A61082323772368DB6913F4BF
:105A6000407F37D02046FDF743FF0023237715F012
:105A7000010F02D016F0010F33D115F0800F02D0C4
:105A800016F0800F35D115F4807F02D016F0800F0C
:105A900037D115F0400F02D016F0400F39D115F074
:105AA000200F02D016F0200F3BD170BDFFF781FF11
:105AB0002046FFF77FFF96E72046FFF77AFF204654
:105AC000FFF778FFA5E72046FFF773FF2046FFF7B3
:105AD00071FFB4E72046FFF76CFF2046FFF76AFF2F
:105AE000C3E723686FF001021A612046FDF71EFF2D
:105AF000C3E723686FF080021A61204600F06FFA56
:105B0000C1E723686FF480721A61204600F068FADA
:105B1000BFE723686FF040021A612046FFF74BFF92
:105B2000BDE723686FF020021A61204600F056FAA4
:105B3000BBE700000368364A904212D0B0F1804FB4
:105B40000FD0A2F5943290420BD002F580629042C1
:105B500007D002F59632904203D002F5E05290420F
:105B600003D123F070034A681343294A90421ED0A0
:105B7000B0F1804F1BD0A2F59432904217D002F5BD
:105B80008062904213D002F5963290420FD002F517
:105B9000406290420BD002F58062904207D002F53D
:105BA0008062904203D002F50062904203D123F458
:105BB0004073CA68134323F080034A6913430360A8
:105BC0008B68C3620B688362114B984213D003F554
:105BD000006398420FD003F5406398420BD003F561
:105BE0008063984207D003F58063984203D003F5A1
:105BF0000063984201D10B69036301234361036988
:105C000013F0010F03D0036923F001030361704710
:105C1000002C014060B310B5044690F83D3013B33A
:105C2000022384F83D30214651F8040BFFF782FF30
:105C3000012384F8483084F83E3084F83F3084F8FB
:105C4000403084F8413084F8423084F8433084F89E
:105C5000443084F8453084F8463084F8473084F87E
:105C60003D30002010BD80F83C30FEF7E5FBD7E763
:105C70000120704760B310B5044690F83D3013B36F
:105C8000022384F83D30214651F8040BFFF752FF00
:105C9000012384F8483084F83E3084F83F3084F89B
:105CA000403084F8413084F8423084F8433084F83E
:105CB000443084F8453084F8463084F8473084F81E
:105CC0003D30002010BD80F83C30FEF731FBD7E7B7
:105CD0000120704770B49446066A046A24F00104F7
:105CE00004628469164DA84218D0B0F1804F15D0D7
:105CF000144A904212D002F5806290420ED002F512
:105D0000963290420AD002F54062904206D002F5E7
:105D10008052904202D044F0010203E024F00302DA
:105D200042EA0C0222F0F0021B01DBB2134326F020
:105D30000A0201F00A0111438361016270BC7047DD
:105D4000002C01400004004038B590F83C30012B95
:105D50005ED004460D46012380F83C300C2A52D810
:105D6000DFE802F007515151195151512C51515155
:105D70003E00CB684A6809680068FFF7ABFF2268FD
:105D8000936923F00C03936122689369A9680B431C
:105D90009361002038E0CB684A6809680068FFF723
:105DA00057FD2268936923F44063936122689369E5
:105DB000A96843EA01239361002025E0CB684A6883
:105DC00009680068FFF75FFD2268D36923F00C03C0
:105DD000D3612268D369A9680B43D361002013E023
:105DE000CB684A6809680068FFF768FD2268D369D4
:105DF00023F44063D3612268D369A96843EA01238D
:105E0000D361002000E00120002384F83C3038BD3D
:105E10000220FCE701F01F014FF0010C0CFA01FC1D
:105E2000036A23EA0C030362036A8A401343036292
:105E30007047000010B50446102934D8DFE801F09F
:105E40000933333323333333273333332B33333370
:105E50002F0090F83E00C0B249BB94F84430DBB24A
:105E6000012840F0AF80012B40F0AD80102955D8BB
:105E7000DFE801F02D5454543354545448545454CE
:105E80004C545454500090F83F00C0B2E4E790F8EE
:105E90004000C0B2E0E790F84100C0B2DCE790F803
:105EA0004200C0B2D8E790F84300C0B2D4E704295A
:105EB00005D0082907D094F84730DBB2D0E794F832
:105EC0004530DBB2CCE794F84630DBB2C8E70222BB
:105ED00084F83E2084F8442009E0022284F83F2020
:105EE00004291FD008294AD0022284F847200C290F
:105EF0006AD8DFE801F04D6969691A69696947691B
:105F000069695300022284F84020E9E7022284F8FC
:105F10004120E5E7022284F84220E1E7022284F8EA
:105F20004320DDE7022384F845302268D36843F03C
:105F30000403D36001222068FFF76CFF2368254A21
:105F4000934231D0B3F1804F2ED0A2F594329342D8
:105F50002AD002F58062934226D002F5963293420F
:105F600022D002F5406293421ED002F58052934245
:105F70001AD01A6842F001021A60002023E00223BE
:105F800084F846302268D36843F00803D360D1E731
:105F90002268D36843F00203D360CBE72268D3685A
:105FA00043F01003D360C5E799680B4A0A40062AFC
:105FB0000CD0B2F5803F0BD01A6842F001021A6093
:105FC000002000E0012010BD1846FCE70020FAE7A1
:105FD0000020F8E7002C01400700010070477047DF
:105FE0007047026852E8003F23F0C00342E80031E6
:105FF0000029F6D12023C3677047026852E8003FAA
:1060000023F4907342E800310029F6D1026802F1CE
:10601000080353E8003F23F00103083242E800314F
:106020000029F3D1036E012B06D02023C0F8803065
:106030000023036683667047026852E8003F23F03E
:10604000100342E800310029F6D1EEE738B50446E6
:10605000C26FD0F8805003689B6813F0800F01D0A6
:10606000212A08D023689B6813F0400F42D0222DCC
:1060700020D000203FE0226802F1080353E8003FEF
:1060800023F08003083242E800310029F3D1206F69
:1060900010B1FFF75FFA18B92046FFF7A2FFE1E75A
:1060A000206FFFF7FAFA2028F6D11023C4F88430C5
:1060B000032020E0226802F1080353E8003F23F0A8
:1060C0004003083242E800310029F3D1606F10B17B
:1060D000FFF740FA20B92046FFF78FFF00200AE0C3
:1060E000606FFFF7DAFA2028F5D11023C4F8843066
:1060F000032000E0002038BD704708B5026852E870
:10610000003F23F0400342E800310029F6D120236C
:10611000C3670023C366FFF7EFFF08BD70477047F2
:10612000704738B5446AE26FD4F8805023689B68A2
:1061300013F0800F01D0212A10D023689B6813F040
:10614000400F01D0222D10D0D4F8843043F010033A
:10615000C4F884302046FFF7E3FF38BD0023A4F8DD
:1061600052302046FFF73DFFE7E70023A4F85A30FE
:106170002046FFF742FFE7E708B5406A0023A0F892
:106180005A30A0F85230FFF7CBFF08BD704700002F
:1061900070B504460268D3691168906840F60F0C28
:1061A00013EA0C0F0AD113F0200F0DD011F0200FBD
:1061B0000AD0A36E0BB3204698471EE010F00105ED
:1061C0001CD1AB4E314219D1256E012D00F0A480B7
:1061D00013F4801F03D010F4800F40F0368113F0C9
:1061E000800F03D011F0800F40F0368113F0400F84
:1061F00003D011F0400F40F0368170BD13F0010F55
:1062000009D011F4807F06D001201062D4F88420D8
:106210000243C4F8842013F0020F09D045B122686C
:1062200002201062D4F8842042F00402C4F88420D2
:1062300013F0040F09D045B1226804201062D4F88D
:10624000842042F00202C4F8842013F0080F0BD01F
:1062500011F0200F00D13DB1226808201062D4F85F
:1062600084200243C4F8842013F4006F0CD011F092
:10627000806F09D022684FF400601062D4F8842047
:1062800042F02002C4F88420D4F88420002AB4D03C
:1062900013F0200F06D011F0200F03D0A36E0BB126
:1062A00020469847D4F8842023689B6813F0400F59
:1062B00002D112F0280F28D02046FFF79EFE236857
:1062C0009B6813F0400F1CD0226802F1080353E8CA
:1062D000003F23F04003083242E800310029F3D1A7
:1062E000636F53B1634A5A63606FFFF758F9002830
:1062F00083D0606F436B98477FE72046FFF710FF1E
:106300007BE72046FFF70CFF77E72046FFF708FF03
:106310000023C4F8843070E713F0100F3FF458AF37
:1063200011F0100F3FF454AF1023136223689B68E1
:1063300013F0400F4FD0626F13685B689BB2002B65
:106340003FF45BAFB4F8581099427FF656AFA4F80B
:106350005A309369202B31D0226852E8003F23F451
:10636000807342E800310029F6D1226802F1080367
:1063700053E8003F23F00103083242E800310029CE
:10638000F3D1226802F1080353E8003F23F04003F1
:10639000083242E800310029F3D12023C4F88030CC
:1063A00000232366226852E8003F23F0100342E8EE
:1063B00000310029F6D1606FFFF7CCF80223636645
:1063C000B4F85810B4F85A309BB2C91A89B22046B2
:1063D000FFF7DCFE11E7B4F85810B4F85A309BB25E
:1063E000C91A89B2B4F85A309BB2002B3FF405AFFA
:1063F00000293FF402AF226852E8003F23F4907373
:1064000042E800300028F6D1226802F1080353E880
:10641000003F23F00103083242E800300028F3D1A6
:106420002023C4F8803000232366A366226852E844
:10643000003F23F0100342E800300028F6D1022389
:1064400063662046FFF7A2FED7E64FF4801313627F
:10645000204600F0B1FBD0E6E36E002B3FF4CDAE5A
:1064600020469847C9E62046FFF747FEC5E600BF2D
:10647000200100047961000808B5406A01234366E1
:10648000036E012B02D0FFF74AFE08BDB0F858108A
:106490004908FFF77BFEF8E708B50346406A9B69A9
:1064A000202B29D00023A0F85A30026852E8003F80
:1064B00023F4807342E800310029F6D1026802F12A
:1064C000080353E8003F23F00103083242E800319B
:1064D0000029F3D1026802F1080353E8003F23F0DA
:1064E0004003083242E800310029F3D12023C0F8EC
:1064F0008030036E012B07D000234366036E012B0F
:106500000CD0FFF70BFE08BD026852E8003F23F0F5
:10651000100342E800310029F6D1EDE7B0F8581039
:10652000FFF734FEEFE7000010B504468368026908
:10653000134342691343C269134301680868864ADA
:1065400002401A430A602268536823F44053E1680A
:106550000B435360A269236A1A4321688B6823F4B2
:10656000306313438B6023687C4A93421BD07C4A80
:1065700093422AD07B4A93423BD07B4A93424BD0F2
:106580007A4A93425BD01023E069B0F5004F00F0E7
:106590008B80082B00F2DA80DFE803F0B3C9B1D8B2
:1065A000CCD8D8D8CF00724B1B6B03F00303032B5E
:1065B00009D8DFE803F0020406570123E4E70423C7
:1065C000E2E70823E0E71023DEE7694B1B6B03F4E7
:1065D0004033B3F5003F47D006D8002B46D0B3F583
:1065E000803F45D10423CFE7B3F5403F42D102239A
:1065F000CAE75F4B1B6B03F44023B3F5002F3BD07E
:1066000005D8DBB3B3F5802F3AD10423BCE7B3F54B
:10661000402F37D10223B7E7554B1B6B03F44013D0
:10662000B3F5001F30D005D883B3B3F5801F2FD149
:106630000423A9E7B3F5401F2CD10223A4E74C4B58
:106640001B6B03F44003B3F5000F25D005D82BB323
:10665000B3F5800F24D1042396E7B3F5400F21D181
:10666000022391E702238FE708238DE700238BE7BE
:10667000102389E7102387E7082385E7002383E7B2
:10668000102381E710237FE708237DE700237BE7C2
:10669000102379E7102377E7082375E7002373E7D2
:1066A000102371E710236FE7082B49D8DFE803F0C8
:1066B000051F2548224848480900FEF7DFFB00284F
:1066C00040D06268530803EB4003B3FBF2F3A3F13D
:1066D00010014FF6EF72914236D89AB222F00F02B3
:1066E000C3F3420313432268D36000201BE0FEF78C
:1066F000DBFBE4E7FEF7BEFAE1E71E48E1E71D48F1
:1067000002E0FEF7BBFB18B3636800EB5300B0FB7D
:10671000F3F0A0F110024FF6EF739A421AD82368F3
:1067200080B2D86000200023A366E36610BDFEF7A8
:10673000BBFBE8E7FEF79EFAE5E74FF40040E3E72E
:106740000120F0E70020EEE70120ECE70120EAE776
:106750000020E8E70120E6E7F369FFEF0038014099
:106760000044004000480040004C00400050004001
:106770000010024000127A00436A13F0080F06D09E
:106780000268536823F40043416B0B435360436A30
:1067900013F0010F06D00268536823F40033816AB6
:1067A0000B435360436A13F0020F06D0026853682C
:1067B00023F48033C16A0B435360436A13F0040F20
:1067C00006D00268536823F48023016B0B435360A7
:1067D000436A13F0100F06D00268936823F48053C5
:1067E000816B0B439360436A13F0200F06D002685D
:1067F000936823F40053C16B0B439360436A13F017
:10680000400F0AD00268536823F48013016C0B43D5
:106810005360036CB3F5801F0BD0436A13F0800FF5
:1068200006D00268536823F40023816C0B43536045
:1068300070470268536823F4C003416C0B435360F4
:10684000EBE72DE9F84305460E4617469946DDF875
:1068500020802B68DC6936EA04040CBF0124002484
:10686000BC4236D1B8F1FF3FF3D0FDF7C7FEA0EB35
:106870000900404530D8B8F1000F2FD02B681A68B6
:1068800012F0040FE5D0802EE3D0402EE1D0DA697B
:1068900012F0080F11D1DA6912F4006FD9D04FF459
:1068A00000621A622846FFF7A8FB2023C5F884304F
:1068B000002385F8783003200CE008241C62284669
:1068C000FFF79BFBC5F88440002385F87830012052
:1068D00000E00020BDE8F8830320FBE70320F9E790
:1068E0002DE9F04182B01E46C36F202B56D10446DD
:1068F0000D469046002955D00AB901204FE00023EB
:10690000C0F884302123C367FDF778FE0746A4F85A
:106910005080A4F85280A368B3F5805F02D04FF096
:10692000000818E0236913B14FF0000813E0A846EF
:10693000002510E02023E367032030E038F8023B15
:106940002268C3F308031385B4F8522092B2013AC7
:1069500092B2A4F85220B4F852309BB27BB10096A8
:106960003B46002280212046FFF76BFF0028E1D143
:10697000002DE3D015F8012B23681A85E4E7009673
:106980003B46002240212046FFF75BFF10B9202341
:10699000E36704E02023E367032000E0022002B065
:1069A000BDE8F0810120FAE730B583B0044600234A
:1069B000C0F88430FDF722FE05462268126812F006
:1069C000080F0FD123681B6813F0040F26D1202372
:1069D000E367C4F8803000202066606684F87800A1
:1069E00003B030BD6FF07E430093034600224FF4A6
:1069F00000112046FFF725FF0028E3D0226852E867
:106A0000003F23F0800342E800310029F6D1202323
:106A1000E367002384F878300320E1E76FF07E43DA
:106A200000932B4600224FF480012046FFF709FF18
:106A30000028CCD0226852E8003F23F4907342E84B
:106A400000310029F6D1226802F1080353E8003F23
:106A500023F00103083242E800310029F3D120235A
:106A6000C4F88030002384F878300320B8E768B396
:106A700010B50446C36F03B32423E3672268136889
:106A800023F001031360636AE3B92046FFF74CFD6E
:106A9000012811D02268536823F490435360226880
:106AA000936823F02A0393602268136843F001037C
:106AB00013602046FFF778FF10BD80F87830FDF7AF
:106AC00081FAD9E72046FFF757FEDEE7012070473D
:106AD00010B5044613464165A0F858200022C0F8BE
:106AE00084202222C0F88020426F8AB11F4991621F
:106AF000426F1F49D162426F1E491163426F0021EC
:106B000051630168426D2431406FFEF7E9FC20BB00
:106B1000236943B1226852E8003F43F4807342E89E
:106B200000310029F6D1226802F1080353E8003F42
:106B300043F00103083242E800310029F3D1226812
:106B400002F1080353E8003F43F04003083242E8F3
:106B500000310029F3D1002010BD1023C4F8843087
:106B60002023C4F880300120F6E700BF99640008B4
:106B7000796400082361000838B5D0F88030202BF4
:106B800014D1A9B1B2B10023036603685B6813F4A2
:106B9000000F08D0046854E8003F43F0806344E8E5
:106BA0000035002DF6D1FFF793FF00E0022038BD3D
:106BB0000120FCE70120FAE77047000038B50446E1
:106BC0000D4681898068FEF713FC012827D094F8D0
:106BD0002130C3B3A369AB4226D8A369EB1A07EEF1
:106BE000903AF8EE677A9FED187A67EE877ADFEDD4
:106BF000176A87EEA67AF3EE047AB4EEE77AF1EE3E
:106C000010FA17DBDFED127AB4EEE77AF1EE10FA44
:106C100010D884ED097A002384F828300DE0A561AE
:106C2000012384F821300EE0A369ED1A6B1E07EEF4
:106C3000903AD6E7022384F82830012384F82030E4
:106C4000002384F8213038BD0080AB430000FA44B3
:106C500000007A4508B50D4AD2F8FC3043F0807345
:106C6000C2F8FC300A4B002159601A6842F0010258
:106C70001A600848FFF7DEF80C210748FFF7DAF83A
:106C800004210648FFF7D6F808BD00BF00ED00E07C
:106C9000001000E0C41A0020781A00202C1A0020EE
:106CA000022800D9704738B5044616482C2304FB47
:106CB00003F3C118002581F82050012281F821201A
:106CC00081F828508988C058FEF799FB0E4B5D6803
:106CD000FEF7CEF80D4BA3FB0032920C02EB8202C2
:106CE0005200094B5B685B1B9342FAD3054B2C2285
:106CF00002FB04F41919002289881859FEF77FFB5A
:106D000038BD00BF6C000020001000E083DE1B4394
:106D100008B5037F012B00D008BD0021FEF730FE2F
:106D200001460248FFF74AFFF6E700BF980000203F
:106D300008B5037F082B00D008BD0C21FEF720FE0C
:106D400001460248FFF73AFFF6E700BF6C0000205B
:106D500008B5037F022B00D008BD0421FEF710FE0A
:106D600001460248FFF72AFFF6E700BFC4000020F3
:106D700010B40E4C225C00EB800111440C4B03EB71
:106D8000810383ED000A01320A4B83FB02135B107F
:106D900003EB8303D31A2354074B1B5C042B02D849
:106DA0000133054A13545DF8044B7047201B002043
:106DB000241B0020676666661C1B002010B4114B64
:106DC0001C5C1CB100239FED107A0EE000230B60C9
:106DD00015E000EB800C9C440C4A02EB8C02D2EDD7
:106DE000007A37EE277A0133DBB2A342F1D307EE04
:106DF000904AF8EEE77AC7EE276AC1ED006A5DF8BF
:106E0000044B70471C1B002000000000241B0020C6
:106E100038B50446154691ED090AF3EE047AB4EE4E
:106E2000E70AF1EE10FA09D9DFED097AB4EEE70AC4
:106E3000F1EE10FA04DBB0EE670A01E0B3EE040AEB
:106E40002046FFF795FF29462046FFF7B7FF38BDDC
:106E500000007A4510B50C46FDF7D0FB0346084A02
:106E6000A2FB001292090020226060604FF47A7148
:106E700001FB1233034A02FB03F3A36010BD00BF02
:106E8000D34D621040420F0008B54FF40062034931
:106E9000D0F88C02FFF770FE012008BD641B0020B3
:106EA00008B5D0F88C02FFF7D1F8012008BD10B565
:106EB00014464FF47A7392B2D0F88C02FFF710FDAB
:106EC00008B9204610BD0020FCE700002DE9F8437A
:106ED0000E4615469846D0F88C92FDF78FFB074674
:106EE00072B6D9F874301B685C68C4F5006462B689
:106EF0000F4B1B68A34207D10120FDF785FBFDF76F
:106F00007DFBC01B4045EBDB002008E0094AD25C5A
:106F100032540133C3F30A03054A13600130044BB2
:106F20001B68A34201D0A842F0D3BDE8F88300BF9C
:106F3000601B0020641B0020DFF834D0FDF792FABC
:106F40000C480D490D4A002302E0D458C4500433C4
:106F5000C4188C42F9D30A4A0A4C002301E013609A
:106F60000432A242FBD3F9F76FF9FCF7EDFCFEE720
:106F7000000001200000002000170020E41D01088F
:106F800000170020A06F0020FEE70000034A034620
:106F900092E8030083E80300184670479018010840
:106FA0002DE9F04FABB00446349D25A889469046A4
:106FB0001F4606F017FF002D00F0D880284600F08D
:106FC00037FC002800F0D280B9F1000F00F0CE802D
:106FD000B8F1000F00F0CA80002C00F0C78066688E
:106FE000002E40F0CA80002F00F0C080384606F026
:106FF000F3FD002800F0BF80324624A948462496BD
:1070000000F04EFE0646002840F0B180249800288B
:1070100040F0048198F80030002B00F0F0802F2B16
:1070200000F0B080854BCDF80C8002932B69009363
:107030004FF40063019395E80F0000F051FC804687
:10704000B8F1000F00F0E880002224A94046249205
:1070500000F008FE0646002840F0A480249800288E
:1070600040F09D80D5E903327821012098470646FB
:107070006060002800F0D6800AA800F061F90AA933
:1070800030466822F9F708FD61682760284600F05D
:1070900065F90646002840F085804046FBF730F849
:1070A00008EB0003666813F8013CCDE903892F2B38
:1070B0000CBF634B634B02932B6900934FF4006347
:1070C000019395E80F0000F00BFC636870675A6F3E
:1070D000002A00F0A98022680793106849462830EA
:1070E000424600F011FF079B98666368986E00287F
:1070F00000F09D8000F09AFF8146002800F09C80FF
:107100002B6829696668082098476368F066D3F899
:107110006CA0BAF1000F00F08D800DF1200B5846E5
:1071200006F0D4FD9BE803006368AC46D3F86CE03E
:107130008AE80300BCE80F0025AE0FC6DCF800307B
:1071400033602AAB13E90F008DE80F00259B3A4608
:107150004946704606F0C4FD064618BB6B682969AF
:1071600098476B6829694046984700E00B263046EF
:107170002BB0BDE8F08F6526F9E7642630462BB0CA
:10718000BDE8F08F05F10C0393E803008DE80300E0
:10719000404695E80E0000F0C1FC804650E700F044
:1071A00073FDCA266368F3B1D86E38B106F0F8FDF6
:1071B00063682969D86E6B6898476368986E10B1E8
:1071C00000F0B8FE6368186F29696B6898476368B8
:1071D0002969586F6B689847606800F0DDF86B6844
:1071E0002969606898476B682969002098476B682F
:1071F0002969404698470023C4E90033B7E705F101
:107200000C0393E803008DE803000F4895E80E0097
:1072100000F084FC804613E70A26A8E700F08CFD06
:10722000C926A4E70A26DEE7D86E0A26BDE7D86E8F
:107230000126BAE70A26C1E70126B3E7C80E01080E
:10724000CC0E0108D40E0108C40E0108F8B518B31D
:1072500045680446F5B1A86E6E682F6900F06AFEB5
:1072600063680546D86E06F09BFD636805433946A2
:10727000D86E14BF01250025B04763683946186FE2
:10728000B04763683946586FB04760683946B047C1
:10729000002363602846F8BDC8252846F8BD00BF16
:1072A00028B1406818B1806E003818BF01207047BF
:1072B00030B1436823B19B6E13B1006806F08CBCFB
:1072C0000020704720B1406810B1806E00B1806826
:1072D000704700BF20B1406810B1806E00B1C06837
:1072E000704700BF28B1406818B1836E002B08BFFB
:1072F0000020704710B1406800B1806E704700BF39
:1073000010B582B000230193A0B1044601A90B4837
:1073100000F09CFA10B1012002B010BD019A137860
:10732000313B08BF5378B3FA83F35B090020237025
:1073300002B010BD0B2002B010BD00BFDC0E010872
:1073400010B55322044600211530F8F7B1FF20464E
:1073500000F060FA01232375204610BDD0B170B54E
:107360000C46A9B18842844612D00546868A8E46CC
:107370000FCDAEE80F002B68CEF800300CF11801ED
:107380005022A68204F11800F9F786FB002070BD98
:107390000B2070BD0B207047C0B100B58446BCE81F
:1073A0000F0087B00DF1040EAEE80F00DCF80030DE
:1073B000CEF8003001A800F03BFA18B1002007B069
:1073C0005DF804FB0B2007B05DF804FB0B20704751
:1073D000014B1868704700BF981801082DE9F04765
:1073E00088B0109D002D6AD005F15009044648462A
:1073F0000E4690461F4600F01BFA00285FD0002C76
:107400005DD0D4F800A0BAF1000F04D0642738464C
:1074100008B0BDE8F0873046FFF74AFF002853D098
:10742000B8F1000F4BD0002F49D0CDE903AA07AA2D
:10743000059205F1580393E807008DE80700CDF8A1
:107440001CA0394699E80C00304606F027FF074695
:10745000002850D1D5E91732C82101209847206073
:1074600000284ED03046FFF745FF05F16403009336
:10747000079A27682B46414600F042FE2368C7F86A
:10748000C400D3F8C40070B303F1700100F014FF1E
:1074900023680746D0B995F8482083F8B8202946D4
:1074A00070221846F9F7F8FA3268C0F8C020079839
:1074B0006B6D296E9847384608B0BDE8F0870B27FA
:1074C000384608B0BDE8F087C827A0E78BB1D3F8ED
:1074D000C42042B13046FFF70DFF2368D3F8C41033
:1074E00000F0F8FE23686A6D296E18469047002365
:1074F00023600127DBE76728D9D0692803D00A2851
:10750000F7D10A27D3E76727D1E700BFF8B5F8B16D
:10751000044608460D46FFF7C3FEE8B12368A3B151
:1075200028465E6D1F6EFFF7E5FEC0B12368D3F8F5
:10753000C41000F0CFFE3946051E206818BF012593
:10754000B047002323602846F8BD1D462846F8BDF5
:107550004FF496752846F8BDC8252846F8BD0B257A
:10756000F1E700BFF0B51949194C8BB05022054620
:107570001848F9F791FA02A800F04CF90DF1080C3F
:10758000BCE80F000FC46F46DCF8003044F8043B41
:10759000384600F023FB97E80300002684E8030048
:1075A0000DF127008DF82760FFF7AAFE58B99DF866
:1075B000276008497022284681F86C60F9F76CFA58
:1075C00028460BB0F0BD00F06FF9F2E7A0180108F3
:1075D000B823002068230020F8B1036870B5044682
:1075E000B3B11646D3F8C42092B1D3F8C0000D460B
:1075F00006F0F2FA60B12368D3F8C40040B155B187
:107600003246294600F01CFD003818BF012070BD2D
:107610004FF4967070BD0B2070BD4FF4967070479C
:107620002DE9F04186B0B8B31C46ABB30F46904687
:10763000064606F02DFD04F10C03059093E80300C7
:107640008DE8030005A894E80E0006F023FD05462A
:10765000E0B902AD284606F0B5FA95E803003346D6
:1076600086E8030005AA4146384606F0D7FB0546E2
:10767000B8B9B460224606F10C01032006F0D0FE32
:10768000054670B905A806F061FD08B100F00CF9D7
:10769000284606B0BDE8F0810B25284606B0BDE8B7
:1076A000F08100F001F905A806F050FD0028EFD0A8
:1076B000ECE700BF38B520B304460C3006F01EFFDF
:1076C000054648B9204606F0C5FC68B9204606F0D4
:1076D000E9FA88B9284638BD00F0E6F820460125C9
:1076E00006F0B8FC0028F1D000F0DEF820460125B5
:1076F00006F0D8FA0028EDD0012500F0D5F828468C
:1077000038BD0B25284638BDB8B32DE9F0430D46EA
:10771000A1B029B316461AB31F460BB30DF11008DA
:1077200004464046FFF732FC98E803000DF11809C3
:1077300084E803004846FFF703FE4046FFF726FCB7
:10774000CDF8009098E803003B4684E803003246F9
:1077500029462046FFF724FC30B921B0BDE8F0836C
:107760000B2021B0BDE8F083039000F09DF800F0FD
:107770009BF8039821B0BDE8F0830B20704700BF51
:1077800068B32DE9F0410D46A0B021B3164612B3FF
:107790001F4603B30446FFF71BFE0DF110082060DF
:1077A0004046FFF7DFFE0F4950224046F9F774F9D3
:1077B000CDF800803B46324629462046FFF70EFEB4
:1077C00010B920B0BDE8F081039000F06DF8039887
:1077D00020B0BDE8F0810B2020B0BDE8F0810B2087
:1077E000704700BFF0180108F8F756BDF8F7CCBD98
:1077F000F8F782BEF8F778BE10B5054C8646844689
:107800000FCCACE80F002368CCF80030704610BDF8
:107810004019010810B5054C864684460FCCACE8EB
:107820000F002368CCF80030704610BDF000002037
:1078300058B1036843B1436833B1C36823B180686A
:10784000003818BF012070471846704750B110B576
:107850000C4609B9064810BDF9F7D0FF20B12060E9
:10786000002010BD03487047034B2360F8E700BFBA
:10787000140F0108F80E0108A0120108064B1B782E
:107880003BB1064B1A780AB901221A70044B1878DA
:107890007047044B18787047D8230020DD23002060
:1078A000DC2300204C1401089FED077B084A09489F
:1078B00009490023138082ED027B084A03700B7094
:1078C00013707047AFF3008000000000000000005C
:1078D000E0230020DD230020DC230020D82300202B
:1078E0000FB4F0B583B008AC0E9E84E80F0076B3F9
:1078F0002046FFF79DFF50B300210FAB32460846EC
:10790000CDE9003300F0F8F8431C05461FD00D9B6D
:107910000C99471C9F4284BF1F4603F1FF35384630
:10792000089B9847044690B1019B3246394600F0C7
:10793000E3F8002807DB00236355204603B0BDE8C9
:10794000F04004B07047099B0C99204698470024EA
:10795000F3E700BF2DE9F04F994689B0034648464A
:10796000CDE90212984600930C46FFF761FF00280C
:1079700000F0A3802046FAF7C3FB4FF0000AD9F8C5
:1079800010B001905746554610261EE00135AA4515
:1079900012D2B244D9F808304FEA8A019847002839
:1079A00000F0888006EB4606B6F5801FD9F810B0C7
:1079B000074628BF4FF48016009A07EB8503A21AEA
:1079C00043F8042C019B04EB030802994046F9F7A5
:1079D000D5FD04465A463846002CD7D14046FAF722
:1079E0008FFB009BA8EB030808EB00030493D9F876
:1079F0000080002D3FD00398FAF782FB06460198DD
:107A0000049A331A05FB032A59460AF10100C047BC
:107A1000834600284ED03A680099F9F73DF83B6854
:107A200006976A1E5B44A84602922546CDF81C9034
:107A30001C46039932462046F9F72EF8019B57F869
:107A4000042B02EB030C009B03EB0C01029B344460
:107A50009D42204622D03A68A2EB0C094A460135E5
:107A6000F9F71AF8A8454C44E3D10023DDE906797B
:107A70000BF80A3008E0184659460130C0478346E3
:107A800010B10099F9F7CCFF3846D9F80430D9F88D
:107A900010109847584609B0BDE8F08F049BA3EB3F
:107AA0000C0205920135F8F7F7FF059AA845144432
:107AB000BFD1DAE74FF0000BE6E78346584609B03E
:107AC000BDE8F08F0CB430B583B006AB53F8042B8F
:107AD000019352B138B141B1F9F72CFF03B0BDE8C1
:107AE000304002B070470029F6D0F8F747FC162363
:107AF00003604FF0FF30F1E770B53AB120B129B122
:107B0000BDE87040F9F716BF0029F9D0F8F736FC48
:107B1000162303604FF0FF3070BD00BF84B070B516
:107B200086B00DF12C0C8CE80E000446BCE80F006A
:107B30000DF1040EAEE80F00DCF80030CEF8003096
:107B400004B301A8FFF774FEE0B14FF0FF3200214B
:107B50002046FAF7C5FB90B1061B701C019B0599E6
:107B60009847054628B132462146F8F795FF00238D
:107B7000AB55284606B0BDE8704004B070474FF0E2
:107B8000FF36EBE70025F4E782B070B504AC84E87B
:107B90000C00E8B1054604A80C46FFF749FEB8B151
:107BA000224600212846FAF79BFB00B1441B049BA8
:107BB0000899601C9847064628B122462946F8F7DE
:107BC0006BFF002333553046BDE8704002B070476C
:107BD00000263046BDE8704002B0704700220260C7
:107BE00002717047002831D070B51446C2B0BAB1E6
:107BF00001290E461D4602D103782F2B15D001AA6C
:107C0000694606F095FE60B9009B63B1072B0AD068
:107C10005A1E052A1CD8DFE802F00C0C0C0C0C0CC8
:107C20000B2042B070BDF52E09D800232360002040
:107C3000F7E72360002DFAD0019B2B60F7E70723BD
:107C40002360002DF3D0F4232B60F0E70B20704766
:107C5000034A4FF4807102A8FFF734FF0120E0E7E8
:107C6000300F010868B170B50D4616460446FAF7A4
:107C700047FA334601462A462046BDE87040FFF7E2
:107C8000B1BF0B20704700BF07289ABF024B53F8C3
:107C900020000248704700BF54190108800F0108F6
:107CA000002837D0F8B50E46002935D017460446CF
:107CB000FAF726FAD8B1631E19181A4613F801EF1D
:107CC000AEF130052EF0200C092DACF1410C15D988
:107CD000BCF1190F12D9BEF15F0F0FD00223336030
:107CE0001FB1C4F1010414443C600020F8BD01231D
:107CF0003360002FF9D000233B60F6E79942DCD1D6
:107D000023780C4AD35C13F004030ED1FF2805D866
:107D10003360EAE70B2070470B20F8BD0423336083
:107D2000002FE2D0FE233B60DFE703233360002F08
:107D3000E1D1DAE7110D010804289ABF024B53F88C
:107D400020000248704700BF74190108281101087B
:107D500070B4DDE9035662B15BB155B14EB1064C6A
:107D60002070C4E90112C4E903356661002070BCCB
:107D700070470B2070BC7047F023002070B5224B79
:107D80001A7BADF5247D05460E460AB11C68BCB9C8
:107D90001E4B1A7818698DF800225A68A3920021A8
:107DA000DA689C9058699B929B689D906A46084649
:107DB0009A9300F085FB98B10DF5247D70BDF0B964
:107DC000A0683246294600F5287002F0AFFD6468CD
:107DD000002CF4D180F00100C0B20DF5247D70BDFF
:107DE000324629469EA802F0F1FD0446684602F09C
:107DF0006BFD84F00100C0B20DF5247D70BD002044
:107E00000DF5247D70BD00BF906D0020F023002093
:107E10002DE9F04383B0002B63D0064636480F4669
:107E200090461D4606F0FCFD00285AD08468EB6E93
:107E3000236106F05DFE04F12C09C4E90604C4F8D0
:107E400020903046FAF75CF9421C3C2A04F11805F0
:107E500044D84846314604F16809F8F71DFEC4F8D5
:107E600024903846FAF74CF9421C3C2A36D8394659
:107E70004846F8F711FE236903F580530121B3F852
:107E800094054218A3F8942502F022FD60613B7826
:107E90002F2B28D17B7833BB184A194833463C2115
:107EA000FAF7D0FF20691649D0F884230091062103
:107EB0000191116862691FFA88F300F5287002F0D9
:107EC0004DFB02462069D0F88C33D0F8841300F0C3
:107ED00049FD18B1284603B0BDE8F083284600F0FC
:107EE0006DFC0025F6E7074A00963B463C21044816
:107EF000FAF7A8FFD6E700BFD457002048120108C0
:107F00000C240020D40E010891B110B414460A7854
:107F10000346084642B13CB122782AB121469A6E06
:107F20005DF8044BFFF774BF00205DF8044B704709
:107F300000207047F8B528B30746006820B1364BDB
:107F40001968FAF7CDFDE8B97D68DDB1334B1C68DF
:107F5000002C5FD00026D4E90141D1F880309D4249
:107F600013D0002CF7D12E4B1C68C4B1D4E90141C9
:107F70000B6A9D42F9D17C31384600F041FA012864
:107F80000646F2D101263046F8BD8431384600F06D
:107F9000A1F901280646F5D0002CDCD1E3E7214BFE
:107FA0001C686CB1D4E901418B6F9D42F9D17C31E1
:107FB000384600F0E1F901280646E3D0002CF1D163
:107FC000194B1C686CB1D4E901418B6F9D42F9D10A
:107FD0007C31384606F048FD01280646D2D0002CF8
:107FE000F1D128696A69D0F8883300F528701968DA
:107FF00002F06AFA02462869D0F89033D0F8881364
:1080000000F0B0FC002808BF0226384600F0D6FB7E
:108010003046F8BD2646A6E7641C0108205700201C
:10802000A04E0020584A002080490020436818696B
:1080300000F55A70704700BFC96F03F0DBBA00BF8C
:10804000002853D070B50D468EB000294BD00446A1
:10805000006800F00DFD002845D06668002E42D073
:10806000B469284623699847F369059013B105A8B8
:1080700098470598D6F880301B6900907269B16FF7
:1080800003F5287006AB04F027FDD8B1A36806A954
:1080900028469847336A04460BB106A8984796F8D5
:1080A0007A30D6F88020012B106921D0F16F00F5CD
:1080B000287003F09FFA0440E4B284F00100C0B2DB
:1080C0000EB070BDD6F8803018690C4B0193059B3B
:1080D000009302967269B16F00F5287006AB04F048
:1080E0002BFD0028D2D101200EB070BD01207047B9
:1080F00000F5287002F020FFDFE700BF398000089C
:108100002DE9F04F87B0002800F0C9800F46002904
:1081100000F0C5800446006815461E4600F0A8FC25
:10812000002800F0BC80002D00F0B9802B78002BD7
:1081300000F0B580002E00F0B2805C48D4F80490C6
:1081400006F06EFC002800F0AA808468C4F888401D
:1081500006F0CEFC04F19C0AC4F88400C4F88CA09C
:108160002846F9F7CDFF01303C2804F1840800F2DD
:108170008F804F4A2B463C215046FAF763FE4FF45E
:108180007A73E3673146C4F88090502204F12800E6
:10819000F8F782FC337A4749022BD9F810300CBF2C
:1081A000D3F87C33D3F87833A3670023C4E90733CB
:1081B000384600F06BFC00286AD04268A261002AB1
:1081C00066D029463346484606F086FF606200289E
:1081D00062D0D9F8103003F580530321B3F8980525
:1081E000421CA3F8982502F073FBD4F88020D9F83C
:1081F00010302061D3F88433106906250095196882
:108200002269D9F8143000F5287002F00DFA024600
:10821000D9F81000D0F88C33D0F8841300F0A2FB0A
:10822000B0B3D9F8103003F580530521B3F89A059F
:10823000421CA3F89A2502F04BFBD4F88030606111
:10824000314604AF1E69D9F81030D4F824B0D3F801
:1082500084A3384600F0A6FB039597E8030001903D
:10826000ADF80810DBF81030009306F52876D4E955
:108270000432DAF80010304602F004FA0246D9F867
:108280001000D0F88C33D0F8841300F06BFB40B9A9
:10829000606A08B100F002FB404600F0A7FA4FF018
:1082A0000008404607B0BDE8F08F00BF205700200F
:1082B000481201081412010808B5034640B10846E7
:1082C00031B1596850222831F8F7E6FB002008BD8B
:1082D0000B2008BD2DE9F04128B1044600680D4689
:1082E00000F0C6FB18B901242046BDE8F0816368A0
:1082F000002BF8D0002DF6D0286800F0B9FB00283C
:10830000F1D06C68002CEED0606AD4F8807006F072
:1083100037FFD4F8803062691869D0F8883300F5E7
:108320002870196802F0D0F8D4F8803022698046AD
:108330001869D0F8883300F52870196802F0C4F87D
:10834000064638694246D0F89033D0F8881300F0DA
:1083500009FB044638693246D0F89033D0F88813C8
:1083600000F000FB044084F00104E4B228466400FD
:1083700000F03CFAB8E700BF70B528B104460068C9
:108380000D4600F075FB10B90124204670BD6368EE
:10839000002BF9D0002DF7D0286800F069FB0028E9
:1083A000F2D06E68002EEFD0646832692069D0F890
:1083B000883300F52870196802F0C2FB0246206974
:1083C000D0F89033D0F8881300F0CCFA20693269E5
:1083D000D0F8883300F52870196802F075F8024665
:1083E0002069D0F89033D0F8881300F0BBFA80F001
:1083F0000104E4B22846640000F024FAC5E700BF97
:108400002DE9F04128B1044600680D4600F030FB2C
:1084100018B901242046BDE8F0816368002BF8D02C
:10842000002DF6D0286800F023FB0028F1D06C68FE
:10843000002CEED0266A62693069D0F8883300F5E6
:108440002870196802F07CFB02463069D0F890333E
:10845000D0F8881300F086FAE06906F091FE236AEE
:1084600062691869D0F8883300F52870196802F03D
:108470002BF8236A226980461869D0F8883300F502
:108480002870196802F020F8074630694246D0F893
:108490009033D0F8881300F065FA044630693A4604
:1084A000D0F89033D0F8881300F05CFA044084F0E0
:1084B0000104E4B22846640000F0AEF9AAE700BF68
:1084C00008B508B100F1100239B14969104602F04F
:1084D000C7F980F00100C0B208BD044B10465968CE
:1084E00002F0BEF980F00100C0B208BDF023002008
:1084F000E2B12DE9F041057B0646ADB9C823C0E9DC
:108500000055836040F20113174683810C46A8464C
:1085100021463046013506F093FAAF42A46084F854
:108520000C8004F1C804F3D1BDE8F081704700BFAE
:10853000E2B12DE9F041057B0646ADB9C823C0E99B
:108540000055836040F20113174683810C46A8460C
:1085500021463046013506F073FAAF42A46084F834
:108560000C8004F1C804F3D1BDE8F081704700BF6E
:10857000E2B12DE9F041057B0646ADB9D823C0E94B
:108580000055836040F20113174683810C46A846CC
:1085900021463046013506F053FAAF42A46084F814
:1085A0000C8004F1D804F3D1BDE8F081704700BF1E
:1085B000E2B12DE9F041057B0646ADB9D823C0E90B
:1085C0000055836040F20113174683810C46A8468C
:1085D00021463046013506F033FAAF42A46084F8F4
:1085E0000C8004F1D804F3D1BDE8F081704700BFDE
:1085F000E2B12DE9F041057B0646ADB9A423C0E9FF
:108600000055836040F20113174683810C46A8464B
:1086100021463046013506F013FAAF42A46084F8D3
:108620000C8004F1A404F3D1BDE8F081704700BFD1
:10863000EAB12DE9F843057B0646B5B9C0E9005516
:1086400041F2A85840F201131746C0F808800C46C2
:108650008381A94621463046013506F0F1F9AF4243
:10866000A46084F80C904444F4D1BDE8F8837047CA
:10867000E2B12DE9F041057B0646ADB91C23C0E906
:108680000055836040F20113174683810C46A846CB
:1086900021463046013506F0D3F9AF42A46084F894
:1086A0000C8004F11C04F3D1BDE8F081704700BFD9
:1086B000EAB12DE9F041057B0646B5B94FF40463F4
:1086C000C0E90055836040F20113174683810C46D0
:1086D000A84621463046013506F0B2F9AF42A46003
:1086E00084F80C8004F50464F3D1BDE8F081704790
:1086F000E2B12DE9F041057B0646ADB92C23C0E976
:108700000055836040F20113174683810C46A8464A
:1087100021463046013506F093F9AF42A46084F853
:108720000C8004F12C04F3D1BDE8F081704700BF48
:10873000E2B12DE9F041057B0646ADB91C23C0E945
:108740000055836040F20113174683810C46A8460A
:1087500021463046013506F073F9AF42A46084F833
:108760000C8004F11C04F3D1BDE8F081704700BF18
:10877000E2B12DE9F041057B0646ADB92023C0E901
:108780000055836040F20113174683810C46A846CA
:1087900021463046013506F053F9AF42A46084F813
:1087A0000C8004F12004F3D1BDE8F081704700BFD4
:1087B0000146014806F044B9906D002038B50446E2
:1087C000006828B1074B1968FAF78AF940B92060A8
:1087D000616829B1002504480D6106F031F9656032
:1087E00038BD00BF641C0108D457002010B50446F2
:1087F000006828B1064B1968FAF772F938B9206099
:10880000616821B1034806F01BF90023636010BDC5
:10881000641C01082057002010B50446006828B1E8
:10882000064B1968FAF75CF938B92060616821B124
:10883000034806F005F90023636010BD641C0108BD
:10884000A04E002010B50446006828B1064B1968F8
:10885000FAF746F938B92060616821B1034806F09B
:10886000EFF80023636010BD641C0108584A002023
:1088700010B50446006828B1064B1968FAF730F9BC
:1088800038B92060616821B1034806F0D9F80023A7
:10889000636010BD641C01088049002010B50446C7
:1088A0002146034806F0CCF80023A36110BD00BFA9
:1088B000A448002082B030B5294903AC84E80C00FC
:1088C0000C681D460246002C43D0204600218368D8
:1088D0004068D3F814389A4208BF01310028F6D115
:1088E0009DF80C30022B27D006D9032B04D0BDE80D
:1088F0003040002002B07047FDB18D421DD8002CE1
:10890000F5D000204FF0FF3C6FF0004501E06468B7
:10891000DCB1A368D3F814188A42F8D1D3F8181838
:1089200003F50263614553F8043C73EB050EEEDA80
:108930008C461D462046EAE72DB9BDE83040084880
:1089400002B006F06DB88D42F7D8BDE8304002B0F5
:1089500070479DF80C30022BEFD0EED92146C4E7CA
:10896000F046002000B591F802C087B0BCF1010FBD
:10897000ADF80E200FD01946012300930DF10E0221
:108980000DF1170300F5287002F05AFE00B1012026
:1089900007B05DF804FB00F5287002F0CDFA012065
:1089A000F6E700BF0A7891F808C0A2F10202B2FA15
:1089B00082F2520982704A7A89888180A2F1020289
:1089C000ACF1020CB2FA82F2BCFA8CFC52094FEA0A
:1089D0005C1C520080F801C00270704730B5002363
:1089E0000B70036887B01446D3B10F4A1546039243
:1089F000009542680D48019008460D490492059182
:108A000002910C4A2146FAF71DFA002805DB844240
:108A1000D4BF0020012007B030BD002007B030BD1A
:108A2000054B014A1D46E2E73812010850120108C1
:108A30004C1201083C120108A012010810B582B0C6
:108A400014460090084B094A08462146FAF7FAF9FD
:108A5000002805DB8442D4BF0020012002B010BDF5
:108A6000002002B010BD00BF88190108CC0E01081B
:108A700010B5044640B106F03BF801462046FAF72F
:108A80002FF8B0FA80F0400910BD00BF8368184786
:108A900010B504460068FAF723F800280CBF2046FA
:108AA000002010BDB0B110B586B0044601A8FEF795
:108AB000B1FE019B059901209847206038B1002242
:108AC000012302701846C4E9012306B010BD00203E
:108AD00006B010BD0020704720B310B5036886B003
:108AE000044673B18368F3B101A8FEF793FE029BBD
:108AF0000599206898470023C4E90033A36006B0B5
:108B000010BD4368DBB98368002BF8D0124B1348C3
:108B10001B685122DB680121F9F7E2FA4FF0FF30C0
:108B2000F7F728FD70470C4B0D481B684C22DB689B
:108B30000121F9F7D5FA4FF0FF30F7F71BFD064B8F
:108B400008481B684E22DB680121F9F7C9FA4FF08B
:108B5000FF30F7F70FFD00BF00000020F4120108FE
:108B600054120108A41201082DE9F0410C4686B008
:108B700019B305460846F9F7C3FA0646CDB101A870
:108B800006F10108FEF746FE039B059A2868414658
:108B90009847074668B121463246F7F77DFF002324
:108BA0000120BB55C5E90076C5F8088006B0BDE8D0
:108BB000F081002006B0BDE8F081084606B0BDE8AF
:108BC000F08100BF044B1A680AB103487047034A9A
:108BD000014812681A607047040100204405002013
:108BE000024A034B12681A60704700BF4405002018
:108BF0000401002006F080BB06F08CBB08B500F035
:108C0000FBF8064B06491A68C8600AB1034808BD5C
:108C1000044A024812681A6008BD00BF24010020FF
:108C20003C0100204805002070B50C4600F01AF900
:108C300026180121304601F07FFB451C35440421F4
:108C4000284601F079FB061D2E440421304601F030
:108C500073FB051D35440421284601F06DFB061DFC
:108C60002E440421304601F067FB051D35440421E4
:108C7000284601F061FBC4F104042044284470BD7F
:108C800008B1FFF7D1BF704710B10021FFF7CCBF8B
:108C9000704700BF38B50C4639B3054600F064F99B
:108CA00043682146DB682846984704F114012846AA
:108CB00000F082FA04F11801284601F057FA04F195
:108CC0001C01284601F052FA04F12001284601F067
:108CD0004DFA04F12401284601F048FA04F1280174
:108CE0002846BDE8384001F041BA084638BD00BF0B
:108CF00040B338B50D46044600F036F943682946BE
:108D00009B6820469847217D284600F03FFA94ED65
:108D1000060A284601F090F994ED070A284601F06A
:108D20008BF994ED080A284601F086F994ED090ABA
:108D3000284601F081F994ED0A0A2846BDE838403A
:108D400001F07AB9704700BF70B5012505700C4677
:108D500000F000F926182946304601F0EDFA4519D1
:108D600035440421284601F0E7FA061D2E4404216B
:108D7000304601F0E1FA051D35440421284601F092
:108D8000DBFA061D2E440421304601F0D5FA051DFC
:108D900035440421284601F0CFFAC4F104042044EC
:108DA000284470BD00B583B000210DF10700FFF726
:108DB000CBFF03B05DF804FB00487047E0020020E1
:108DC000044B1A680AB103487047034A0148126805
:108DD0001A6070471403002044050020024A034B28
:108DE00012681A60704700BF440500201403002079
:108DF00006F0DCBA06F0FABA08B500F023F9064B23
:108E000006491A68C8600AB1034808BD044A024806
:108E100012681A6008BD00BF340300204C03002014
:108E20004805002006F01ABB06F026BB044B1A6862
:108E30000AB103487047034A014812681A60704734
:108E4000C40300204805002000B583B001230021A1
:108E50000DF107008DF8073000F052F903B05DF80E
:108E600004FB00BF70B5054668B10C4600F0F8F889
:108E700026180421304601F05FFAEB68C4F10504BE
:108E80001C440444A01970BDF0B50C4683B0E1B198
:108E9000064600F049F943682146DB6830469847AA
:108EA0002769A16801AB3A46304601F0C3FA019B3D
:108EB000054620B99F420CD3284603B0F0BD03B14C
:108EC000013B2846E36003B0F0BD0D46284603B0E1
:108ED000F0BD0121B0757175E060304601F042FAD5
:108EE0003046019901F074FA284603B0F0BD00BF86
:108EF000F8B170B504460D4600F016F943682946EE
:108F00009B6820469847A66856B13046F9F7F8F8AE
:108F10003146E060421C2846BDE8704001F078BA56
:108F20003046E060324631462846BDE8704001F0E8
:108F30006FBA704738B5044650B1002100F090F880
:108F40000421054601F0F8F9E46805342C44204476
:108F500038BD00BF10B501230446037000F0D0F8FF
:108F60000023237010BD00BF004870471804002084
:108F700000207047C0B170B506680D46044656B172
:108F80003046F9F7BDF831466060421C2846BDE81E
:108F9000704001F03DBA30466060324631462846A6
:108FA000BDE8704001F034BA704700BF10B5044608
:108FB00030B10846042101F0BFF96468053420444B
:108FC00010BD00BFF0B50C4683B0A1B18F68096831
:108FD00001AB3A46064601F02DFA019B054620B941
:108FE0009F420CD3284603B0F0BD03B1013B284695
:108FF000636003B0F0BD0D46284603B0F0BD01210B
:10900000B07571756060304601F0ACF93046019979
:1090100001F0DEF9284603B0F0BD00BF10B50446EC
:1090200030B10421002001F087F964680534204440
:1090300010BD00BF004870474C04002006F050BA35
:1090400006F052BA044B1A680AB103487047034A43
:10905000014812681A60704780040020480500200B
:1090600080B138B50D462846042101F065F9042188
:109070006C180444204601F05FF9C5F1040505446D
:10908000281938BD704700BF38B50C4641B10546B8
:1090900000F044FF211D2846BDE8384000F0BCBB6D
:1090A000084638BD60B138B50D460446016828460B
:1090B00000F09AFE61682846BDE8384000F082BAA8
:1090C000704700BF60B110B50421002001F034F9F1
:1090D000041D0421204601F02FF90430204410BD66
:1090E000704700BF10B50421002001F025F9041DD0
:1090F0000421204601F020F90430204410BD00BFB7
:1091000038B50C46012303700421204601F014F900
:1091100004216318C518284601F00EF9C4F10404AF
:109120002044284438BD00BF004870471005002087
:1091300038B50D460121044601F0B2F848B1A368E4
:109140001D70A268236901210A440B44A2602361B7
:109150006175A07D80F0010038BD00BF38B50D46B7
:109160000121044601F09CF860B1A268236912F85D
:10917000011B003918BF0121297001330121A260B0
:1091800023616175A07D80F0010038BD38B50D46C2
:109190000121044601F084F848B1A3681D70A2685B
:1091A000236901210A440B44A26023616175A07DFB
:1091B00080F0010038BD00BF38B50D4601210446DE
:1091C00001F06EF850B1A3681B782B70A268236978
:1091D00001210A440B44A26023616175A07D80F0E7
:1091E000010038BD2DE9F04182B00B460221044652
:1091F000ADF8063001F0A8F801462046677D01F081
:10920000E7F80221204601F03FF8C0B1227DA368B3
:10921000012A4ED09DF807201A70A3689DF80620F9
:109220005A70A2682369023202330221A2602361CC
:109230006175A07D80F0010002B0BDE8F081D4E945
:109240000135AB4223D95E1BA3602369C6F1020836
:10925000334423614146204601F022F868B3237D60
:10926000012B3BD09DF807302B709DF806306B70BA
:109270002369A268A07D023342449B1B022180F037
:109280000100A2602361617502B0BDE8F081022196
:10929000204601F005F80028CBD0237DA268012BE1
:1092A00018D09DF807301370A3689DF806205A70F7
:1092B000B7E7BDF806201A80B3E7A2682369A07D4E
:1092C0006775921B9B1B80F00100A260236102B0B6
:1092D000BDE8F081BDF806301380A2E728460DF105
:1092E000060532462946F7F7D7FBA0684246A9197A
:1092F000F7F7D2FBBCE700BF2DE9F04383B00D4682
:1093000002210446ADF8062001F01EF80146204671
:1093100094F8158001F05CF80221204600F0B4FFBB
:1093200060BBD4E90167BE4223D92369A660F61B5E
:109330003344C6F1020923614946204600F0B0FFDC
:10934000002837D0012D43D09DF807303B709DF8A1
:1093500006307B702369A268A07D02334A449B1BC0
:10936000022180F00100A2602361617503B0BDE8B5
:10937000F0830221204600F093FF88B1012DA368FD
:1093800014D09DF807201A70A3689DF806205A7023
:10939000A2682369023202330221A260236161754F
:1093A000A07D80F0010003B0BDE8F083BDF8062089
:1093B0001A80EDE7A2682369A07D84F81580921BCE
:1093C0009B1B80F00100A260236103B0BDE8F08325
:1093D0000DF10605324629463846F7F75DFBA068D1
:1093E0004A46A919F7F758FBB4E700BF2DE9F8433F
:1093F0000D460221044600F0A7FF0146204694F8DE
:10940000158000F0E5FF0221204600F03DFFA8B1E5
:10941000227DA368012A46D05B782B70A3681B7855
:109420006B70A2682369023202330221A2602361B9
:109430006175A07D80F00100BDE8F883D4E9016783
:10944000BE4220D92369A660F61B3344C6F1020947
:1094500023614946204600F023FF38B3237D012BCA
:1094600034D07B782B703B786B702369A268A07D29
:10947000022102334A449B1B6175A260236180F084
:109480000100BDE8F8830221204600F009FF002812
:10949000CFD0237DA268012B15D053782B70A36801
:1094A0001B786B70BDE71B882B80BAE7A268236925
:1094B000A07D84F81580921B9B1BA260236180F025
:1094C0000100BDE8F88313882B80AAE739463246AD
:1094D0002846F7F7E1FAA1684A46A819F7F7DCFA37
:1094E000C3E700BF2DE9F0470E46022104461546AA
:1094F00000F02AFF0146204694F8159000F068FF1E
:109500000221204600F0C0FE60BBD4E90178474547
:1095100023D92369A760A7EB08073B44C7F1020AD8
:1095200023615146204600F0BBFE002832D0012EB8
:109530003DD098F801302B7098F800306B7023699B
:10954000A268A07D022102335244DB1B6175A26038
:10955000236180F00100BDE8F0870221204600F081
:109560009FFE78B1012EA36811D05B782B70A368A1
:109570001B786B70A2682369023202330221A26059
:1095800023616175A07D80F00100BDE8F0871B8834
:109590002B80EFE7A2682369A07D84F81590D21B89
:1095A000DB1BA260236180F00100BDE8F08741462B
:1095B0003A462846F7F770FAA1685246E819F7F7D5
:1095C0006BFABCE72DE9F04182B004460191042119
:1095D00000F0BAFE01462046677D00F0F9FE042146
:1095E000204600F051FE00B3227DA368012A5DD021
:1095F0009DF807201A70A3689DF806205A70A3688A
:109600009DF805209A70A3689DF80420DA70A2687E
:109610002369043204330421A26023616175A07DB3
:1096200080F0010002B0BDE8F081D4E90135AB4221
:109630002ED95E1BA3602369C6F10408334423615D
:109640004146204600F02CFE98B3237D012B46D0E6
:109650009DF807302B70012E9DF806306B7035D0C9
:109660009DF80530AB70022E34D003359DF80430E0
:109670002B702369A268A07D043342449B1B042104
:1096800080F00100A2602361617502B0BDE8F08145
:109690000421204600F004FE0028C0D0237DA268EB
:1096A000012B19D09DF807301370A4E7019A1A60B6
:1096B000ADE7A2682369A07D6775921B9B1B80F0B4
:1096C0000100A260236102B0BDE8F081A3689DF8AB
:1096D00005201A70A568C9E7019B136097E7284623
:1096E00001AD32462946F7F7D7F9A0684246A919D5
:1096F000F7F7D2F9BDE700BF2DE9F04383B00D467F
:1097000004210446019200F01FFE0146204694F811
:10971000158000F05DFE0421204600F0B5FD002814
:1097200037D1D4E90176B7422ED92369A760BF1B90
:109730003B44C7F1040923614946204600F0B0FDCF
:10974000002849D0012D5BD09DF807303370012FE0
:109750009DF8063073704DD09DF80530B370022F20
:109760004CD003369DF8043033702369A268A07D85
:1097700004334A44DB1B042180F00100A260236112
:10978000617503B0BDE8F0830421204600F088FD38
:10979000C8B1012DA3681CD09DF807201A70A368DA
:1097A0009DF806205A70A3689DF805209A70A3685A
:1097B0009DF80420DA70A26823690432043304217E
:1097C000A26023616175A07D80F0010003B0BDE857
:1097D000F083019A1A60EEE7A2682369A07D84F8FD
:1097E0001580D21BDB1B80F00100A260236103B057
:1097F000BDE8F083A3689DF805201A70A668B1E75C
:1098000001AD3A4629463046F7F746F9A0684A4680
:10981000E919F7F741F9A8E72DE9F8430D460421C6
:10982000044600F091FD0146204694F8158000F0B2
:10983000CFFD0421204600F027FDD8B1227DA3688A
:10984000012A52D0DB782B70A3689B786B70A368D9
:109850005B78AB70A3681B78EB70A2682369043255
:1098600004330421A26023616175A07D80F00100B2
:10987000BDE8F883D4E90176B7422AD92369A76005
:10988000BF1B3B44C7F1040923614946204600F051
:1098900007FD68B3237D012B40D0F3782B70B3789C
:1098A0006B70012F31D07378AB70022F05F1030577
:1098B0002FD033782B702369A268A07D0421043354
:1098C0004A44DB1B6175A260236180F00100BDE8A2
:1098D000F8830421204600F0E3FC0028C5D0237D56
:1098E000A268012B17D0D378ADE71B682B60B4E7D3
:1098F000A2682369A07D84F81580D21BDB1BA260BF
:10990000236180F00100BDE8F883A3685B78AB7049
:109910000335A668CDE713682B609EE731463A46CB
:109920002846F7F7B9F8A1684A46E819F7F7B4F8F6
:10993000C1E700BF2DE9F0470E4604210446154655
:1099400000F002FD0146204694F8159000F040FD1D
:109950000421204600F098FC002837D1D4E90137D3
:10996000BB422ED9A3EB0708A3602369C8F1040A00
:10997000434423615146204600F092FC002843D026
:10998000012E56D0FB782B70BB786B70B8F1010FAD
:1099900049D07B78AB70B8F1020F05F1030546D0D2
:1099A0003B782B702369A268A07D042104335244C4
:1099B000A3EB08036175A260236180F00100BDE89C
:1099C000F0870421204600F06BFCA8B1012EA368AB
:1099D00017D0DB782B70A3689B786B70A3685B78DB
:1099E000AB70A3681B78EB70A26823690432043360
:1099F0000421A26023616175A07D80F00100BDE8B3
:109A0000F0871B682B60EFE7A2682369A07D84F8CC
:109A10001590A2EB0802A3EB0803A260236180F07B
:109A20000100BDE8F087A3685B78AB700335A768D9
:109A3000B6E7394642462846F7F72EF8A16852465F
:109A400005EB0800F7F728F8ACE700BF2DE9F04177
:109A5000082182B00446CDE9002300F075FC0146E0
:109A60002046677D00F0B4FC0821204600F00CFC85
:109A700000284DD1D4E90135AB4244D95E1BA36027
:109A80002369C6F10808334423614146204600F0AB
:109A900007FC002872D0237D012B00F092809DF8F6
:109AA00007302B70012E9DF806306B7073D09DF837
:109AB0000530AB70022E72D09DF80430EB70032E8F
:109AC00071D09DF803302B71042E70D09DF80230B8
:109AD0006B71052E6FD09DF80130AB71062E6ED0E4
:109AE00007359DF800302B702369A268A07D0833EC
:109AF00042449B1B082180F00100A2602361617534
:109B000002B0BDE8F0810821204600F0C9FB50B347
:109B1000227DA368012A2CD09DF807201A70A36823
:109B20009DF806205A70A3689DF805209A70A368D6
:109B30009DF80420DA70A3689DF803201A71A368C9
:109B40009DF802205A71A3689DF801209A71A368BC
:109B50009DF80020DA71A2682369083208330821D1
:109B6000A26023616175A07D80F0010002B0BDE8B4
:109B7000F081DDE9001219605A60ECE7A268236900
:109B8000A07D6775921B9B1B80F00100A260236182
:109B900002B0BDE8F081A3689DF805201A70A368A3
:109BA0009DF804201A70A3689DF803201A70A3681A
:109BB0009DF802201A70A3689DF801201A70A5680C
:109BC0008FE728466D4632462946F6F765FFA068BE
:109BD0004246A919F6F760FF86E700BF2DE9F0417C
:109BE00082B00B4602210446ADF8063000F0ACFB13
:109BF00001462046677D00F0EBFB0221204600F085
:109C000043FBC0B1227DA368012A4ED09DF80720F6
:109C10001A70A3689DF806205A70A2682369023260
:109C200002330221A26023616175A07D80F00100F2
:109C300002B0BDE8F081D4E90135AB4223D95E1B07
:109C4000A3602369C6F102083344236141462046DC
:109C500000F026FB68B3237D012B3BD09DF8073035
:109C60002B709DF806306B702369A268A07D0233CB
:109C700042449B1B022180F00100A26023616175B8
:109C800002B0BDE8F0810221204600F009FB002867
:109C9000CBD0237DA268012B18D09DF8073013701C
:109CA000A3689DF806205A70B7E7BDF806201A8011
:109CB000B3E7A2682369A07D6775921B9B1B80F0A8
:109CC0000100A260236102B0BDE8F081BDF806305A
:109CD0001380A2E728460DF1060532462946F6F71D
:109CE000DBFEA0684246A919F6F7D6FEBCE700BF26
:109CF0002DE9F8430D460221044600F025FB0146FC
:109D0000204694F8158000F063FB0221204600F005
:109D1000BBFAA8B1227DA368012A46D05B782B70DC
:109D2000A3681B786B70A268236902320233022198
:109D3000A26023616175A07D80F00100BDE8F88319
:109D4000D4E90167BE4220D92369A660F61B3344DB
:109D5000C6F1020923614946204600F0A1FA38B352
:109D6000237D012B34D07B782B703B786B7023697B
:109D7000A268A07D022102334A449B1B6175A26048
:109D8000236180F00100BDE8F8830221204600F045
:109D900087FA0028CFD0237DA268012B15D05378F5
:109DA0002B70A3681B786B70BDE71B882B80BAE70C
:109DB000A2682369A07D84F81580921B9B1BA2607A
:109DC000236180F00100BDE8F88313882B80AAE7A7
:109DD000394632462846F6F75FFEA1684A46A8197A
:109DE000F6F75AFEC3E700BF2DE9F04182B0044602
:109DF0000191042100F0A8FA01462046677D00F099
:109E0000E7FA0421204600F03FFA00B3227DA36860
:109E1000012A5DD09DF807201A70A3689DF80620DE
:109E20005A70A3689DF805209A70A3689DF80420D5
:109E3000DA70A2682369043204330421A26023612A
:109E40006175A07D80F0010002B0BDE8F081D4E929
:109E50000135AB422ED95E1BA3602369C6F104080D
:109E6000334423614146204600F01AFA98B3237D1B
:109E7000012B46D09DF807302B70012E9DF806303F
:109E80006B7035D09DF80530AB70022E34D00335A1
:109E90009DF804302B702369A268A07D04334244EE
:109EA0009B1B042180F00100A2602361617502B058
:109EB000BDE8F0810421204600F0F2F90028C0D06E
:109EC000237DA268012B19D09DF807301370A4E7F9
:109ED000019A1A60ADE7A2682369A07D6775921B9D
:109EE0009B1B80F00100A260236102B0BDE8F081FD
:109EF000A3689DF805201A70A568C9E7019B136047
:109F000097E7284601AD32462946F6F7C5FDA06819
:109F10004246A919F6F7C0FDBDE700BF2DE9F84399
:109F20000D460421044600F00FFA0146204694F83D
:109F3000158000F04DFA0421204600F0A5F9D8B1B3
:109F4000227DA368012A52D0DB782B70A3689B780E
:109F50006B70A3685B78AB70A3681B78EB70A2682A
:109F60002369043204330421A26023616175A07D5A
:109F700080F00100BDE8F883D4E90176B7422AD920
:109F80002369A760BF1B3B44C7F10409236149460D
:109F9000204600F085F968B3237D012B40D0F3788B
:109FA0002B70B3786B70012F31D07378AB70022FA8
:109FB00005F103052FD033782B702369A268A07DAB
:109FC000042104334A44DB1B6175A260236180F0E5
:109FD0000100BDE8F8830421204600F061F9002863
:109FE000C5D0237DA268012B17D0D378ADE71B68BD
:109FF0002B60B4E7A2682369A07D84F81580D21B8A
:10A00000DB1BA260236180F00100BDE8F883A36838
:10A010005B78AB700335A668CDE713682B609EE7CD
:10A0200031463A462846F6F737FDA1684A46E81910
:10A03000F6F732FDC1E700BF2DE9F041042182B0FF
:10A0400004468DED010A00F07FF901462046677D48
:10A0500000F0BEF90421204600F016F900B3227D7D
:10A06000A368012A5DD09DF807201A70A3689DF8A7
:10A0700006205A70A3689DF805209A70A3689DF881
:10A080000420DA70A2682369043204330421A26038
:10A0900023616175A07D80F0010002B0BDE8F08110
:10A0A000D4E90135AB422ED95E1BA3602369C6F10A
:10A0B0000408334423614146204600F0F1F898B388
:10A0C000237D012B46D09DF807302B70012E9DF883
:10A0D00006306B7035D09DF80530AB70022E34D051
:10A0E00003359DF804302B702369A268A07D0433EA
:10A0F00042449B1B042180F00100A2602361617532
:10A1000002B0BDE8F0810421204600F0C9F8002823
:10A11000C0D0237DA268012B19D09DF807301370A1
:10A12000A4E7019A1A60ADE7A2682369A07D67756C
:10A13000921B9B1B80F00100A260236102B0BDE86E
:10A14000F081A3689DF805201A70A568C9E7019BF6
:10A15000136097E7284601AD32462946F6F79CFC86
:10A16000A0684246A919F6F797FCBDE72DE9F84328
:10A170000D460421044600F0E7F80146204694F815
:10A18000158000F025F90421204600F07DF8D8B1B3
:10A19000227DA368012A52D0DB782B70A3689B78BC
:10A1A0006B70A3685B78AB70A3681B78EB70A268D8
:10A1B0002369043204330421A26023616175A07D08
:10A1C00080F00100BDE8F883D4E90176B7422AD9CE
:10A1D0002369A760BF1B3B44C7F1040923614946BB
:10A1E000204600F05DF868B3237D012B40D0F37862
:10A1F0002B70B3786B70012F31D07378AB70022F56
:10A2000005F103052FD033782B702369A268A07D58
:10A21000042104334A44DB1B6175A260236180F092
:10A220000100BDE8F8830421204600F039F8002839
:10A23000C5D0237DA268012B17D0D378ADE71B686A
:10A240002B60B4E7A2682369A07D84F81580D21B37
:10A25000DB1BA260236180F00100BDE8F883A368E6
:10A260005B78AB700335A668CDE713682B609EE77B
:10A2700031463A462846F6F70FFCA1684A46E819E7
:10A28000F6F70AFCC1E700BF837D3BB9D0E90103C3
:10A290000B44984234BF00200120704700207047D3
:10A2A000837D43B9D0E90121914210B5044605D21E
:10A2B0000123184610BD00231846704782693AB141
:10A2C000C169904780F00103DBB2A075184610BD4C
:10A2D0000120A075FAE700BFC0E90612704700BF71
:10A2E00010B4019C01600A4442600A191C44C0E990
:10A2F000033482609DF8083003750022C0E906220D
:10A300005DF8044B42758275704700BF10B582B08E
:10A31000049C009401240194FFF7E2FF02B010BDF9
:10A3200010B582B000240094FFF7F0FF02B010BD1A
:10A330000023FFF7F5BF00BFB0FBF1F303FB1100F3
:10A34000081A013908407047437D8B4208D20069E2
:10A35000B0FBF1F301FB1300081A01390840704704
:10A360000020704738B504460D46FFF7EDFFA3689F
:10A3700061682269657503448B4228BF0B4602441D
:10A38000A360226138BD00BF82680068101A704760
:10A39000D0E90120101A704738B5837D63B9D0E940
:10A3A00001329A4204460D4608D339B1836963B13C
:10A3B000C1699847A07508B1002038BD2046FFF755
:10A3C000E7FFA84228BF284638BD01238375F3E77D
:10A3D00038B504460D46FFF757FF78B12369A268E8
:10A3E0002B44236101232A446375A26038BDA2680F
:10A3F0002369024403442D1AA260236101222946E5
:10A400002046FFF7C9FF0028F1D10123637538BD4D
:10A4100070B50E461546017D0446FFF76DF90DB97E
:10A42000012070BD217D2B4632462046BDE870409C
:10A4300005F05CB82DE9F0411D4616460F461A4658
:10A44000017D0446FFF776FA2B689E4208D201226E
:10A45000A275217D3A462046BDE8F04105F078B866
:10A46000002BF6D10120BDE8F08100BF70B50E468B
:10A470001546017D0446FFF73FF90DB9012070BD77
:10A48000217D2B4632462046BDE8704005F0C4B819
:10A490002DE9F0411D4616460F461A46017D044639
:10A4A000FFF748FA2B689E4208D20122A275217D4F
:10A4B0003A462046BDE8F04105F012B9002BF6D12E
:10A4C0000120BDE8F08100BF10B500238EB0CDE9BA
:10A4D000013203230093042206AB044601F010FB73
:10A4E00018B9044620460EB010BD029905AA2046B0
:10A4F00001F040FC05A9044606A803F0D9F920465E
:10A500000EB010BD10B5C2F3074C8CB0CDE90221DE
:10A51000BCF1010F08BF03F001029DF8381018BF0D
:10A5200000220E331A440123CDE9003192B203997F
:10A5300004AB044601F0E4FA18B9044620460CB016
:10A5400010BD02990F9A204601F014FC0F990446A1
:10A5500004A803F0F7F820460CB010BD70B5ADF5B7
:10A56000167D11ACADF85432032323729A9B9DF8EB
:10A570006C62CDE9022101220021054622718DF88D
:10A580001410CBB18DF81C2008934FF4007215A95C
:10A5900009A8FFF7CDFE05A909A802F0C9FD0D9B8A
:10A5A00000960194DDE90221E36028469BB2FFF7A3
:10A5B000A9FF0DF5167D70BD8DF81C30E5E700BFD5
:10A5C00070B5ADF5187D05460591184697A902238B
:10A5D0009DF8786204928DF8503000F09BF90323C7
:10A5E0008DF854309C9B06939D9B0A9301238DF814
:10A5F00024304FF40072002317A90BA88DF81C30EB
:10A60000FFF796FE06A90BA802F0B4FD0F9B169368
:10A6100013ACDDE90421009601949BB22846FFF7B4
:10A6200071FF0DF5187D70BDF0B5ADF28C4D05468E
:10A6300005911846032692A99DF8A07404928DF8FE
:10A640003C6000F067F900234FF4007212A906A8DD
:10A650008DF84C328DF854328DF84060FFF768FE6B
:10A6600093A906A802F03CFE0A9B11930EACDDE90B
:10A670000421009701949BB22846FFF743FF0DF297
:10A680008C4DF0BDF0B5ADF5237D1DAC05910546B3
:10A69000A1A918460523BDF8A872049223719DF85C
:10A6A000AC6200F037F903230EA9A898237200F0DA
:10A6B00031F99DF8A532ADF844700022003FB3FA9D
:10A6C00083F39DF8A6128DF8642018BF01275B095B
:10A6D0008DF846208DF84C208DF8542001228DF8FD
:10A6E0004270ADF840308DF83A2019B943F00203BA
:10A6F000ADF840309DF8A422012A22D0032A1BD0B5
:10A700001AB943F00803ADF840304FF4007221A9A4
:10A7100006A8FFF70DFE0EA906A802F047FE0A9B49
:10A7200000960194DDE90421E36028469BB2FFF71F
:10A73000E9FE0DF5237DF0BD43F02003ADF8403078
:10A74000E3E743F01003ADF84030DEE7014B187843
:10A75000704700BFA06D00202DE9F04F89B09346EF
:10A7600090F8002204910021D0F874520593044619
:10A770008DF81E1032B300F2022A0DF11F090DF1FF
:10A7800014080DF11E074FF4007604E0059B002B22
:10A7900010DDD4F87452CDE90289CDE90067234673
:10A7A00022462946504601F0F7FC0028EED09DF8DD
:10A7B0001E30A3B10E4B9DF81F201A70002009B067
:10A7C000BDE8F08F0DF11F02009201464FF40072B8
:10A7D000A8470028EED09DF81E30002BEAD1049B3C
:10A7E000CBF8000001201C6009B0BDE8F08F00BF6D
:10A7F000A06D002070B590F80052D0F8704286B07D
:10A80000164665B90DF11703A04708B1B04214D040
:10A810000B4B9DF817201A70002006B070BD0DF18B
:10A82000170202920022CDE900620B460246214641
:10A8300000F2022001F0D2FAE7E7012006B070BD75
:10A84000A06D002010B4019CC0F87042C0E99A23AA
:10A85000029B80F800125DF8044BC0F87432704718
:10A8600038B5D0F8683203B3D0F86C220446E2B1B0
:10A87000D0F87022CAB1D0F87422B2B1C0F88C12EC
:10A880009847054688B194F800328BB90B490C4BB8
:10A890000C4AC4F880324FF40073C4E99E41C4F8F6
:10A8A0008422A4F88832284638BD0025284638BDC1
:10A8B000002104F2022001F08BFAE7E7F5A7000877
:10A8C00059A700084DA70008D0F86C32184700BF00
:10A8D00082B000238DF80610BDF8062060F30F0348
:10A8E00062F31F43184602B0704700BF43780178F7
:10A8F00082B003F00F028DF806201B09BDF8062078
:10A9000003EB0113002063F30F0062F31F4002B05A
:10A91000704700BFC0F3034382B0C0F30B1203EBD8
:10A9200000130A704B7002B0704700BF2DE9F0436E
:10A93000164691B0102205460F4608A80DEB0201FD
:10A94000FFF7F6FC204B00241B88ADF80A3000947A
:10A950004FF420634FF002082978ADF80830224602
:10A96000234608A8CDF80C8002F0B2F941462346F0
:10A97000082208A801F0AEFF02A9804608A802F04C
:10A980006FFFB8F1000F00D018B9002011B0BDE87A
:10A99000F08308A8FFF7F8FC8046002EF5D0A1460A
:10A9A0002B6F4246D3E9000404A9A0473946044668
:10A9B000284600F099FE204010F0FF0009F101093F
:10A9C000E4D14E45ECD1E0E7000D01082DE9F04F50
:10A9D000D3B00646884610A80CA992461022FFF76D
:10A9E000A7FC564B1B88ADF8823000244FF420633F
:10A9F0000225ADF8803022462346802110A800941D
:10AA0000219502F065F929462346082210A801F095
:10AA100061FF20A9054610A802F022FF054015F0AD
:10AA2000FF0504D10025284653B0BDE8F08F10A8DB
:10AA3000FFF7AAFC0490BAF1000FF3D00595A146E8
:10AA400027465546D6E90003049A0CA9984701F019
:10AA500087FFC246044603953068B56808974346A9
:10AA600009AA08A9A847834698B901F079FF001BF5
:10AA7000AAEB000A01F074FFBAF1000F0446EBDC08
:10AA8000039D09F10109BBF1000F2AD1A945D9D1D4
:10AA9000C8E7DDE9081218A8FFF74AFC07AB0DF17B
:10AAA000190218A90AA8CDE90A7701F01DF9C822F0
:10AAB000002120A8F5F7FCFB18A8FFF769FC042883
:10AAC00014D89DF835B101F04BFF001BAAEB000A2A
:10AAD00001F046FFBAF1000F044628DDBBF1000F7C
:10AAE000BAD0059D284653B0BDE8F08F0DF11E0386
:10AAF0000DF11B020DF11A0118A88DF81A708DF8CE
:10AB00001B70ADF81E7002F033F918A8FFF740FC77
:10AB1000BDF81E309842D4D39DF81A30062BD0D100
:10AB200018A920A88DF8357100F072FAC9E7BBF1B9
:10AB3000000B039D18BF4FF0010BA2E7000D0108A9
:10AB400010B594B0002301930592ADF81C3001229A
:10AB50008DF81E30CDF82630CDF82A3008238DF838
:10AB60002420009310220CAB044600F0C9FF18B952
:10AB70000446204614B010BD059906AA204601F0EF
:10AB8000F9F806A904460CA802F03CFF204614B0D0
:10AB900010BD00BF2DE9F04395B0BDF8787013B13A
:10ABA00015B0BDE8F0830C461646D1E901211D46DB
:10ABB0001C9B0493521A1D9B059380460CA89DF87C
:10ABC0007690FFF7B5FBD4E906120CA8FFF784FBDB
:10ABD000E3695BB3B9F1070F1D7543D0B9F1080FF5
:10ABE00032D0B9F1060F08D001221A75314620463D
:10ABF000FFF7EEFB15B0BDE8F083D8F88850002DC4
:10AC0000F2D00CABCDE9003606238DF81630D8F81B
:10AC10008C3002933A46DDE904314046A847E369A7
:10AC2000012288F8B420002BDED1DFE7B9F1070F4D
:10AC300032D0B9F1080F2AD0B9F1060FD6D1D8F821
:10AC40008850002DDDD1D1E7D8F8A420002ACBD040
:10AC500006A90CA8109D02F075FF28BBE369002B24
:10AC6000C2D1C3E7D8F8AC206AB106A90CA8109DE0
:10AC700002F068FC00283AD1A268E3693244A2607D
:10AC8000002BB1D1B2E7A2683244A260ACE7D8F899
:10AC9000A430002BDCD1A9E7D8F8AC30002BE4D1EC
:10ACA000A3683344A360A1E7DDE90D21109B521A8C
:10ACB000ED1A0CA8FFF73CFB3544D4E906120CA8AA
:10ACC000FFF70AFBADB20CAB0093019508218DF89C
:10ACD0001610D8F8A810029106ABD8F8A450059920
:10ACE0003A464046A847012388F8B430B6E7DDE984
:10ACF0000D21109B521AED1A0CA8FFF719FB3544D1
:10AD0000D4E906120CA8FFF7E7FAADB20CAB00933A
:10AD10000195BDF8183007218DF81610D8F8B0103D
:10AD200002915BBA9BB2D8F8AC5005993A464046BE
:10AD3000A847012388F8B4309EE700BF00B58BB068
:10AD40000146042202A8FFF7F3FA0DF105030DF105
:10AD5000060201A902A801F0D7FD9DF804300D2BD1
:10AD600003D000200BB05DF804FB9DF8053013F014
:10AD7000020F0CBF012002200BB05DF804FB00BFE6
:10AD800070B50025ADF5347D04464FF424720E46AF
:10AD900010A82946CDE90355F5F78AFA03A93046EC
:10ADA00002F072FDBDF80C30ADF84030204600F0E6
:10ADB000D9FF2B4600900C2205A908A8FFF7A6FA98
:10ADC00010A908A802F0D2FD089B2A462946204671
:10ADD00000F074FF08A8FFF7D7FA236F024605A911
:10ADE000D3E90004A0470DF5347D70BD70B592B075
:10ADF00005460E46144600F0B5FF05A90090002355
:10AE00000AA81122FFF782FA182303FB0454052233
:10AE1000002350340A210AA801F05CFD03A9204652
:10AE200004F03CFE40BAADF80E0003A90AA88DF864
:10AE3000106002F00BFE00220A9B1146284600F02B
:10AE40003DFF0AA8FFF7A0FA2B6F024605A9D3E938
:10AE50000004A04712B070BD10B59FED0D7B00231C
:10AE6000C0E91C130446C0E91E33C0E92033C0E921
:10AE70002233C0E9243380ED267B80F8A030812185
:10AE800000F080FE04F10800BDE8104001F03EBC77
:10AE90000000000000000000C0E92012704700BF61
:10AEA000C0E92212704700BFC0E92912704700BFF5
:10AEB000C0E92B12704700BF70B582B004460D4642
:10AEC000164600F04FFF32460346294604F10800BB
:10AED00002B0BDE8704001F063BC00BFF0B585B0C2
:10AEE00004460D4616461F4600F03CFF3B460090C8
:10AEF0003246294604F1080001F066FC05B0F0BDB9
:10AF000082B0083002B001F079BC00BF10B584B047
:10AF1000034C0094083001F087FC04B010BD00BF62
:10AF20003DAD000810B5044601F034FDD4E92632E9
:10AF3000C01A61EB020110BD2DE9F047037E84B019
:10AF4000044673B3002500F108090DF102082846F4
:10AF500003AF02AE06E0237E0135E8B2834209F179
:10AF600010091ED90122114601F098FB4346844680
:10AF70003A4631464846CDF804C004F013FE002896
:10AF8000E9D0029BBDF802209DF80410204600F095
:10AF900095FE236F039AD3F804A002991868D0474E
:10AFA000D9E794F848307BB34FF0000904F120054D
:10AFB0000DF1020803AF02AE48460122022101F062
:10AFC0006DFB01900EE0029BBDF802209DF804107D
:10AFD000204600F073FE236F039AD3F804A0029971
:10AFE0001868D04743463A463146284604F0EEFFFB
:10AFF0000028E8D194F8483009F101095FFA89F096
:10B00000834205F12805D8D804B0BDE8F08700BF19
:10B010002DE9F0410D46ADF5247D694607462846E9
:10B0200002F02EFB02A9044628469DF80580FEF793
:10B0300095F89DF808300440E4B25BB987A928462A
:10B04000FEF78CF89DF81C3206464BB90DF5247DB1
:10B05000BDE8F08103A9284602F0D4F90440EDE7E9
:10B0600088A92846FEF7A8F83442EFD00028EDD092
:10B070009DF820320D2BE9D18AA92846FEF738FE2B
:10B0800040B1BDF92832002B07DDB8F1000F0CBF2D
:10B090000220012087F8B500D8E70020FAE700BFBA
:10B0A0002DE9F04397B004460D4609920DF12F03A8
:10B0B0000CAA0DF12E01284601F026FC002800F014
:10B0C0002C819DF82E100998BDF830609DF82F70E6
:10B0D0000239C0F307430D29E8D801A252F821F044
:10B0E00011B30008ADB0000801B30008A3B2000816
:10B0F00099B20008ADB00008ADB000081DB200085C
:10B10000B5B1000875B10008ADB00008ADB00008D9
:10B11000ADB0000819B1000810A9284602F0E6FCFD
:10B12000D4F89060002E00F0008101F033FC4FF065
:10B130000008159F02460B4614989049C446C0FB70
:10B14000017CCDE9047C1098119FC646C0FB017EAE
:10B15000BC46DDE91207C0FB0178CDE902CECDE99E
:10B160000078D4F8941006912046B047012384F863
:10B17000A0309BE710A9284602F0A6FC00219DF80C
:10B18000440001F0A7FAC0F307260F90314604F1FE
:10B19000080001F07FFB002888D0BDF84220BDF8F0
:10B1A000401004F06FFC9DF83C1032462046FFF73B
:10B1B0001DFE7BE710A9284602F05EFC00219DF8E9
:10B1C000440001F087FA0D90C0F3072104F1080054
:10B1D00001F04CFB064600283FF468AFBDF8421072
:10B1E000BDF8402049BA89B204F09AFF304604F015
:10B1F0005BFF0DF13808ADF8320005E0236F0F9AC0
:10B200005F680E991868B8470DF132030FAA4146DE
:10B21000304604F04BFF0028F0D147E70DF1380825
:10B2200041460D90284602F08DF9043E40460FA994
:10B230000DF1320200F0BCFD1FFA86F8D4F88060F0
:10B240000F99BDF83290109107F00E0736B1D4F87F
:10B25000843000934A4600232046B047E36F6BB129
:10B26000606F0021023802E001318B4206D030F8D5
:10B27000026F4E45F8D1A36F00225A54BDF8321028
:10B2800002910F9901910D9900913B464246294642
:10B290002046FFF77FFC09E729462046FFF7B8FE66
:10B2A00004E7002B3CD010A9284602F041FB0EA970
:10B2B00010A80DAA00F07CFDD4F880600E999DF8CE
:10B2C0004480BDF834700F9136B1D4F884300093C7
:10B2D0003A4643462046B047E26F002A3FF4E6AEC6
:10B2E000606F0021023803E0013191423FF4DEAE8D
:10B2F00030F8026FBE42F7D1A36F03F80180D5E6A4
:10B30000002B7FF4D3AE2946204600F099FCCDE611
:10B3100029462046FFF734FDC8E617B0BDE8F083A4
:10B320002946204600F09AFCC0E601F033FBDDE937
:10B330001472DFF848C03346C7FB0C23101843EBE8
:10B340000103DDE91212B646C1FB0C2EDDE9101730
:10B35000C1FB0C76D2194EEB0601801A63EB010398
:10B36000DA0F121843F10003520842EAC3725B106D
:10B37000C4F89820C4F89C30F8E600BF00CA9A3B95
:10B380002DE9F04FB1F1000B9FB00646B8BF6FF04A
:10B39000004B01F0E5FA96F84830039004910DF166
:10B3A00028080DF1240A002B00F0A4800025CDE927
:10B3B00006B806F120044FF0FF376FF00049284629
:10B3C00011E0D4E90623BA4273EB0901B8BF9946EC
:10B3D00005F1010596F84830E8B2B8BF1746834238
:10B3E00004F128044AD90122022101F057F9DDE9CC
:10B3F0000323014620460B9104F026FE0028E0D0EE
:10B400009DF82C309DF82DB00593304600F0AAFC35
:10B410000DF158080BEB8B0B00900EA9404606EB84
:10B42000CB0B00231122FEF771FF002305220B2115
:10B43000404601F04FFABBF83200012104F0C6FE8D
:10B44000BBF83030ADF832300246059BADF8302005
:10B450000CA940468DF8343002F022FB0022169BE6
:10B460001146304600F02AFC4046FEF78DFF0246AA
:10B47000306F0EA9D0E900039847A2E76FF00043B0
:10B48000994508BFB7F1FF3FDDE906B832D0039B0D
:10B49000FF1A002F08BF0127336F5F45A8BF5F4623
:10B4A0009C68186842463B465146A047ABEB070BE9
:10B4B00058B9BBF1000F44DD01F052FA96F848305C
:10B4C000002B3CD0CDE9030170E7DDE90912044609
:10B4D0000EA8FEF72DFF00250DF1220308AA0EA9E4
:10B4E00030468DF8205000F0FFFB28B920461FB0F1
:10B4F000BDE8F08F5F46CCE729469DF8200001F0BB
:10B50000E9F8C0F30747012FCDE90B00BDF822A0F1
:10B510005FFA80F8C0F3072550D0022F16D0002F15
:10B52000E4D13946384601F0D5F80EA90246304636
:10B530000C92FFF7B5FD20461FB0BDE8F08F5F46C7
:10B54000AAE7044620461FB0BDE8F08F294606F161
:10B55000080001F09FF9814638B30EA8DDF840B02D
:10B56000FEF716FF03460DF1210000905A465146A2
:10B57000484604F095F9C0B19DF8213093B316AF59
:10B580004FF0020A0AE08DF830808DF831508DF8C6
:10B5900032A00C9A39463046FFF782FD0422394624
:10B5A000484604F0F7F90028EDD130462A464146D6
:10B5B000FFF71CFC20461FB0BDE8F08F294606F1BE
:10B5C000080001F05DF9002890D0514604F0D8F849
:10B5D00000288BD08DF832700C9A0EA93046FFF7F8
:10B5E0005FFD83E78DF832700C9A0EA93046FFF7A5
:10B5F00057FDC4E72DE9F04106460D4601F0B0F9CC
:10B6000007463046FFF798FC002D16DB2C4606F166
:10B61000080808E021463046FFF7B2FE01F0A0F925
:10B62000C11B6C1A04D4404601F03EF90028F1D049
:10B630004046BDE8F04101F037B906F10808F7E7E8
:10B640002DE9F843089C05460F4690461E46FFF735
:10B6500073FC24B12246FF213046F4F729FEC5E9E8
:10B660001D86EC6701F07CF9394681462846FFF7D4
:10B6700087FE01F075F9A0EB0901791A6CB3701E11
:10B68000C646021984461CF8013FFF2B07D094459B
:10B690000FD01CF8013FFF2B0EF1020EF7D194459D
:10B6A000BEF8003014D00EF1020E002BEBD00029B2
:10B6B000DCDC0023EB6701E0012B12D810F8013F1E
:10B6C0009042F9D1012B8CBF00200120BDE8F88306
:10B6D0000029EEDD002BC9D1EBE7EC670120BDE8C6
:10B6E000F8830020BDE8F88370B504460D4601F0EC
:10B6F00037F906462046FFF71FFC002384F8B530D3
:10B70000294605E001F02CF9811B691A00290CDD9E
:10B710002046FFF735FE94F8B5000028F2D0A0F1DE
:10B720000100B0FA80F0400970BD94F8B500A0F1B6
:10B730000100B0FA80F0400970BD00BF2DE9F04F64
:10B740000446FF209FB06071002B00F0BB80924642
:10B750009B464FF000080591236F0599D3E900053A
:10B760005246A84701F0FCF8002705464FF47A73CB
:10B7700009E001F0F5F8431BC3F57A73002B6279F9
:10B780003DDDFF2A3BD1226F0AA9966810680BAAFB
:10B79000B0470028EDD0DDE90A120EA8FEF7C8FD7B
:10B7A0000DF1260309AA0EA920468DF8247000F099
:10B7B0009BFA0028DDD09DF82400002100F08AFFCC
:10B7C000BDF826300493C0F30749C3B2B9F1010FA5
:10B7D000CDE90C000393C0F307265DD0B9F1020F49
:10B7E0001AD0B9F1000FC4D14946484600F072FFA3
:10B7F0000EA902460D902046FFF752FCB9E708F16A
:10B800000108C34501D0FF2AA6D0B2F1FF0018BF3E
:10B8100001201FB0BDE8F08F314604F1080001F0AF
:10B8200039F80690002831D00EAA1046109A0792D7
:10B83000FEF7AEFD03460DF125000090079A04992E
:10B84000069804F02DF808B39DF82530002B41D060
:10B85000CDF810800795DDF80C80069D4FF00209A9
:10B860000AE08DF834808DF835608DF836900D9AA9
:10B8700016A92046FFF714FC042216A9284604F056
:10B8800089F80028EDD1DDF81080079D0399324634
:10B890002046FFF7ABFA6CE7314604F1080000F0F0
:10B8A000EFFF00283FF465AF049903F069FF00281B
:10B8B0003FF45FAF8DF836900D9A0EA92046FFF742
:10B8C000EFFB56E7236FD3E90004A04701201FB028
:10B8D000BDE8F08F8DF836900D9A0EA92046FFF73F
:10B8E000DFFBB5E730B58FB004460D4600F03AFAFD
:10B8F00000231022009002A906A8FEF707FD06A962
:10B90000204600F081F900221146069B204600F0F7
:10B91000D5F906A8FEF738FD2B46024602A92046B7
:10B92000FFF70CFF18B16079B0FA80F040090FB052
:10B9300030BD00BF2DE9F04F00F10803ABB0044665
:10B940001846039300F0ECFE204600F00BFA0023AB
:10B9500000901C220BA912A8FEF7D8FC236F1A8AAC
:10B96000043A92B212A9204600F024F91299204616
:10B9700000F090F912A8FEF707FDFF2383466371DC
:10B980004FF00A08236F5A46D3E900050BA9A847D0
:10B9900000F0E6FF002705464FF47A7309E000F057
:10B9A000DFFF431BC3F57A73002B62793DDDFF2A6D
:10B9B0003BD1226F07A99668106808AAB0470028F3
:10B9C000EDD0DDE907121AA8FEF7B2FC0DF11A035B
:10B9D00006AA1AA920468DF8187000F085F90028EB
:10B9E000DDD09DF81800002100F074FEC0F3074977
:10B9F000BDF81A300293B9F1010FCDE909005FFAE1
:10BA000080FAC0F3072656D0B9F1020F18D0B9F169
:10BA1000000FC4D14946484600F05CFE1AA9024610
:10BA20000A902046FFF73CFBB9E7B8F1010801D0C6
:10BA3000FF2AA7D0002A5BD000202BB0BDE8F08FF2
:10BA40000398314600F026FF049070B31AAA1046FE
:10BA50001C9A0592FEF79CFC03460DF1190000901C
:10BA6000059A0299049803F01BFFF0B19DF8193074
:10BA7000002B35D0CDF808B04FF00209DDF810B03A
:10BA80000AE08DF828A08DF829608DF82A900A9A8E
:10BA900022A92046FFF704FB042222A9584603F0FE
:10BAA00079FF0028EDD1DDF808B032465146204636
:10BAB000FFF79CF973E70398314600F0E1FE002898
:10BAC0003FF46DAF029903F05BFE00283FF467AFCF
:10BAD0008DF82A900A9A1AA92046FFF7E1FA5EE744
:10BAE0008DF82A900A9A1AA92046FFF7D9FAC1E7D9
:10BAF000039800F015FE01202BB0BDE8F08F00BFC9
:10BB00002DE9F04782B006461046144601911F46C3
:10BB1000C1F307259DF828809DF82C9000F01AFFAE
:10BB20009DF80630211D012B01EB000A12D0022BDB
:10BB300003D0002002B0BDE8F087294606F10800D6
:10BB400000F094FE0028F4D051463A4604F0D8F8AC
:10BB500068B9EEE7294606F1080000F07FFE0028EC
:10BB6000E7D051463A4603F0FDFF0028E1D04B46AE
:10BB7000A2B24146384600F0ADFE012002B0BDE859
:10BB8000F08700BF002361F30703110E61F30F2359
:10BB9000C2F3074161F31743C2F3072161F31F6347
:10BBA0004FF0090CFF2103600271A0F806C041713B
:10BBB000704700BF30B5134D89B000230793ADF82F
:10BBC0001C202A6800920C460122A9880193C28099
:10BBD000ADF80610D0F80110007803938DF804201A
:10BBE0000291102219468DF80C002046CDE904334D
:10BBF000069300F06FFE6946204601F0A1FD09B0F2
:10BC000030BD00BF040D010810B50C4A82B00C46CF
:10BC100002231189C3804FF4007C00230422ADF875
:10BC2000061020460321ADF804C000F053FE01A920
:10BC3000204601F03DFE02B010BD00BF040D01081A
:10BC400010B50B4688B0044601A9184601F040FE25
:10BC50009DF80430637108B010BD00BF10B50B46ED
:10BC600082B004466946184601F062FEE388022B62
:10BC700001D002B010BD0DF10200FEF737FEBDF895
:10BC800000309DF80420B3F5007F08BF627102B058
:10BC900010BD00BF10B508228AB004460DEB0200AB
:10BCA000FEF746FB14F8011B009400231A4602A875
:10BCB00001F0800101F00CF80AB010BD70B5044627
:10BCC0008AB0164608220DEB02000D461946FEF713
:10BCD0002FFB14F8011B009433462A4602A800F0FB
:10BCE000F7FF0AB070BD00BFF0B5074685B0084643
:10BCF0000C4615461E46FEF74BFB082802D80020CE
:10BD000005B0F0BD03AB00932A4633460DF10B019D
:10BD1000204600F0FBFF3A789DF80B309342EED1BD
:10BD20001B061CD49DF80C207B789A4203D001207E
:10BD300080F00100E4E79DF80D20BB789A4207F1FE
:10BD40000201F4D19DF80E2011F8013F9A42EED184
:10BD50009DF80F204B789A42E9D10020E8E70120B6
:10BD6000CEE700BF90F90030002BB4BF04200820BC
:10BD7000704700BF10B5C38882B04FF6F4740191CC
:10BD8000A3F10A0189B2A1420ED801339CB2C3F3D8
:10BD90000721DBB2C480019811705370911CFEF72B
:10BDA000B9FD204602B010BD0A2300211C46F1E770
:10BDB00070B5044602300D461646FEF797FDC0F3F7
:10BDC0000F4328806B8023885BBA338070BD00BF2F
:10BDD0000023417003708385704700BF2DE9F04F49
:10BDE00090F801C017467E2285B080F83820ACF16B
:10BDF0007D02012ADDF838B09DF83C50DDF8408026
:10BE000004460E469A4640F22E81032002214FF04E
:10BE10000509042286460B4684F839C0A5F17D0C3D
:10BE2000BCF1010F84F86230214440F2108181F8A6
:10BE300038505FFA8BFCCBF30721ACF17D0EA1F1FA
:10BE40007D05BEF1010F84F86200EDB24CD92044AB
:10BE5000012D80F838C084F862205DD9A018013225
:10BE6000D2B280F8381084F86220BBF1000F00F0E5
:10BE700008814FF0000C6146DE46E346D4468A4610
:10BE8000DFF808921CF80A30A3F17D0101291BD9C3
:10BE9000292A4ED8A118013281F83830D2B28BEA63
:10BEA0000303DBB284F8622039F813300AF1010A87
:10BEB00083EA1B2BD6455AD91CF80A3094F8622025
:10BEC000A3F17D010129E3D8511CC9B2292930D839
:10BED000A1184FF07D00023281F8380083F0200075
:10BEE000D2B281F83900DAE704EB000E8CF0200CB6
:10BEF000821C8EF839C0D2B24FF07D0C012D8EF825
:10BF000038C084F8622007D92244033082F8381000
:10BF1000C2B284F86220ACE7A01881F0200102329E
:10BF200080F83910D2B27D2180F8381084F8622070
:10BF30009FE7CDE900BA0025E246F34600E090B164
:10BF400005F13801521B434621443846B04794F866
:10BF5000622005449542F2D3D446DE46DDF804A0C3
:10BF6000DDF800B06FD0002005B0BDE8F08FDC46F2
:10BF700094F86220ADF80CC0F3465FFA8CFCACF18B
:10BF80007D03012B4FF000094FF07D0A30D9292A9B
:10BF90001CD9002501E00028E5D005F13801521B2D
:10BFA000434621443846B04794F862200544954200
:10BFB000F1D3D8D109F110036B44002213F804CC5B
:10BFC00084F86220ACF17D03012B11D9A318013252
:10BFD000D2B283F838C084F86220B9F1000F19D1C9
:10BFE0009DF80DC0ACF17D03012B4FF00109CED8B7
:10BFF000531CDBB2292BCCD8A31802328CF0200CB6
:10C00000D2B283F839C083F838A084F86220B9F13D
:10C01000000FE5D0002501E00028A4D005F138018B
:10C02000521B434621443846B04794F862200544E9
:10C030009542F1D397D100231FFA8BF084F8623038
:10C0400005B0BDE8F08F002384F8623032E7A644E3
:10C0500085F020054FF07D0C104681F838C04A4627
:10C060008EF83850E5E68CF0200C80F83AC00321B9
:10C0700004204FF00609052286460B464FF07D0C42
:10C08000CAE6ADF80CB0DC4679E700BF541A0108E7
:10C090002DE9F04F044683B01F46DDF834B08946E1
:10C0A000924600F05DFC94F82C3094F82D60B34279
:10C0B000804662D01CD8751EED1AEDB200265D4593
:10C0C0001FD8AB195B4584BFABEB050B5FFA8BF652
:10C0D000E5B94FF0000B00F043FC3B68A0EB080112
:10C0E0005B1A584623EAE3733B6003B0BDE8F08F68
:10C0F000002E4AD0C3F12A03DDB2013E5D45F6B2FF
:10C10000DFD95FFA8BF50026002DE2D094F82C10D1
:10C1100002310C9B00933B6821442A465046C84795
:10C1200094F82C301B4A034459088346A2FB0101B2
:10C1300089082A2202FB113184F82C10BBF1000F70
:10C14000C7D0AB45C7D1002EC5D00C9B00930231A0
:10C150003246214400235046C84794F82C300D4AFB
:10C1600003445908A2FB012189082A2202FB11334A
:10C1700000EB050B84F82C30ADE70026BBF1280F4F
:10C18000A685BED929250221C3E7C3F12903DDB263
:10C1900095E700BF310CC3302DE9F04F1D4690F8F4
:10C1A0002CC090F82D3085B09C45DDF844B0044695
:10C1B0000F46164600F0AE8100203946002838D1DF
:10C1C0008A462378072BFDD8DFE813F03B011601E0
:10C1D000F000CD00A0005A003700080094F82C00B1
:10C1E00094F82D20904200F06781A318571CC7498E
:10C1F00093F802C07B08A1FB03839B084FF02A0839
:10C2000008FB1373BCF17D0FDFB200F0B281BCF10B
:10C210007E0F84F82D7000F020826146A38EE28E9E
:10C2200003EB01239BB200219A42A386217000F008
:10C230009881002005B0BDE8F08F94F82C7094F838
:10C240002D20974200F04881A31802F1010CAF495C
:10C2500098784FEA5C03A1FB03839B084FF02A0800
:10C2600008FB13C37D285FFA83FC00F094817E28CD
:10C2700084F82DC000F000820723A0862370A0E779
:10C28000638E278E9F4240F26481DFF88092CDF862
:10C290000CA02A211FE09AF802E0BEF17D0F00F009
:10C2A000EA80BEF17E0F84F82DC000F0428105F8CF
:10C2B00003E0E08E638E964F80EA0E02D2B2013325
:10C2C00037F81220278E9BB282EA1022BB42638687
:10C2D000E28680F0E78094F82D0094F82C8000F13D
:10C2E000010C4FEA5C0EA9FB0EE2920801FB12C2A0
:10C2F000804504EB000A5FFA82FCCCD1BB42DDF83A
:10C300000CA040F02881062323705AE794F82C7083
:10C3100094F82D20974200F0CF80A31802F1010C71
:10C320007A4998784FEA5C03A1FB03839B084FF09E
:10C330002A0808FB13C37D285FFA83FC00F03D81C7
:10C340007E2884F82DC000F08881238E0E9903EB9F
:10C3500000239BB200228B4223866286E28640F253
:10C36000F580227065E794F82C7094F82D209742A0
:10C3700000F0B280A31802F1010C644998784FEAEA
:10C380005C03A1FB03839B084FF02A0808FB13C33F
:10C390007D285FFA83FC00F03B817E2884F82DC065
:10C3A00000F06A810423208623700AE794F82C7039
:10C3B00094F82D20974200F0C480A31802F1010CDC
:10C3C000524998784FEA5C03A1FB03839B084FF026
:10C3D0002A0808FB13C37D285FFA83FC00F02B8139
:10C3E0007E2884F82DC000F05581637883420CBF0D
:10C3F000032300232370E4E694F82C0094F82D2006
:10C400000023904284F82E306BD0A31802F1010C67
:10C410003E499F784FEA5C03A1FB03839B084FF0E2
:10C420002A0808FB13C37D2F5FFA83FC00F0D88035
:10C430007E2F84F82DC084F82E7052D002232370F2
:10C44000BFE694F82C8094F82D2030494FF02A0C48
:10C4500004E0BB7884F82D207E2B2AD0501C4308A2
:10C46000A1FB03E39B080CFB1300904504EB0207C0
:10C47000C2B2EED1DDE602304FEA500E04EB020A02
:10C48000A9FB0EE29208E04501FB12003FF436AF33
:10C490009AF802E084F82D00BEF17E0F49D08EF0AC
:10C4A000200E04E7DDF80CA03FF42DAFBEF17E0FA7
:10C4B00051D10123237084E65146CDF800B0012309
:10C4C0000193109B039132462046FFF7E1FDB0FA3D
:10C4D00080F00399400971E65146CDF800B002237F
:10C4E000EEE704230193CDF800B0109B324651468D
:10C4F0002046FFF7CDFD00287FF463AE94F82E00B0
:10C500007E38514618BF012058E600BF310CC330B9
:10C51000541A010805230193CDF800B0109BFFF7D2
:10C52000B7FD94F82C2094F82D309A423FF481AE58
:10C5300042E6BB42DDF80CA03FF4E5AE01232370D8
:10C540003FE65146CDF800B00323B9E70523237039
:10C5500037E63FF4D8AEFB1A0233CDE900B35146BB
:10C56000AFE70F9A94F82E301370208E05B0BDE817
:10C57000F08F8742A0D02344023298785308A1FB61
:10C5800003E39B0808FB13227E2884F82D2064D047
:10C5900080F0200142E6BC459ED0234402329878C8
:10C5A0005308A1FB03E39B0808FB13227E2884F8B1
:10C5B0002D2061D080F020005EE667453FF47CAF1F
:10C5C0002344023298785308A1FB03E39B0808FB3D
:10C5D00013227E2884F82D203FD080F02000B4E67E
:10C5E00060453FF47EAF23440232987884F82E00F1
:10C5F0005308A1FB03E39B0808FB13227E2884F861
:10C600002D203FF46EAF80F0200084F82E0015E757
:10C6100067453FF461AF2344023298785308A1FB89
:10C6200003E39B0808FB13227E2884F82D2023D0E7
:10C6300080F02000B6E6BC4583D0234402329878CF
:10C640005308A1FB03E39B0808FB13227E2884F810
:10C650002D201FD080F02000C7E60127109BCDF8C9
:10C6600000B00197324651462046FFF711FD0028E1
:10C670007FF4A7AD2770A4E5CDF800B002230193A5
:10C680003246109B51462046FFF702FD00287FF4FA
:10C6900098AD0EE7CDF800B00323F0E7012982B092
:10C6A000034611D002294FF0000C0AD000206CF391
:10C6B000070063F30F2061F3174062F31F6002B0BD
:10C6C000704780F0800CF1E700F1010C5FFA8CFC00
:10C6D000ECE700BF82B0034630B1020611D4421E1F
:10C6E000D2B24FF0010C01E084460246002063F311
:10C6F000070062F30F206CF3174061F31F6002B074
:10C70000704780F080024FF0020CEFE700230374C3
:10C7100080F8403080F8443080F86030704700BFC7
:10C7200070B5037C044653B106460025304603F03D
:10C7300013FA237C0135AB4206F11006F6D894F8C3
:10C74000443063B104F142060025304603F014F88A
:10C7500094F844300135AB4206F10206F5D894F85E
:10C76000403063B104F118060025304603F09EFA0C
:10C7700094F840300135AB4206F12806F5D894F81C
:10C78000603063B104F148060025304603F064F8D8
:10C7900094F860300135AB4206F11806F5D870BD4B
:10C7A00010B5047C04F1010C82B080F810C000EBDD
:10C7B000041003F0C7F901221146204602B0BDE87B
:10C7C0001040FFF76BBF00BF10B584B084469DF8E2
:10C7D000180000909CF84040282000FB04C004F1A1
:10C7E000010E18308CF840E003F028FA01220221F3
:10C7F000204604B0BDE81040FFF750BF10B590F8D8
:10C800004440621C04F1210382B080F8442000EB14
:10C81000430002F0ADFF00220121204602B0BDE836
:10C820001040FFF73BBF00BF10B584B084460698A8
:10C8300000909CF86040182000FB04C004F1010E39
:10C8400048308CF860E002F0DBFF00220221204635
:10C8500004B0BDE81040FFF721BF00BF037C8B424E
:10C860008CBF00EB01100020704700BF90F84030F3
:10C870008B4283BF282303FB010018300020704740
:10C8800090F844308B4286BF213100EB41000020FC
:10C89000704700BF90F860308B4283BF182303FBC2
:10C8A000010048300020704790F8403083B170B5E7
:10C8B000064600F11805002401E0283538B1284665
:10C8C00003F05CFC96F840300134A342F5D870BD0B
:10C8D00001207047F8B504460E46042115461F4650
:10C8E000FDF740FD0123237547F001022B46314639
:10C8F000204600F02BFA2046FDF74AFDA84234BF3F
:10C9000000200120F8BD00BF2DE9F04104460D468E
:10C91000042116469846FDF725FD2046FDF738FD13
:10C9200003288CBF0127002702D83846BDE8F081D4
:10C93000334642462046294600F01AFA98F800305D
:10C9400003F0010203F0FE0388F800302275384638
:10C95000BDE8F08110F0030018BFC0F1040070477B
:10C9600010B584B069460120FAF774FA9DE8150005
:10C97000064BA0FB0301001903FB021141EBE4711C
:10C98000034A0023F4F722FA04B010BD00CA9A3B10
:10C9900040420F0010B584B069460120FAF75AFAF8
:10C9A000064A00980299019CA0FB0203401802FB72
:10C9B000043343EBE17104B010BD00BF00CA9A3BE1
:10C9C0002DE9F0410C468AB091F8C110064604F1F9
:10C9D0000800FFF74BFF054603F0DAFB68B9D4E91E
:10C9E0002E312046984718B901200AB0BDE8F081E1
:10C9F000284603F0CDFB0028F6D02A896B68B3FBEC
:10CA0000F2F8EB89297BB3FBF2F002FB1033C1F59E
:10CA10007F419BB208FB03F3FC31A8F104084144B9
:10CA2000D4F8C4208FB229680433D21B1944C4F847
:10CA3000C42051F8043C00934246002302A8FDF7AD
:10CA400065FCD4F8C42002F10803434528D93A46CE
:10CA500000230D2102A8FFF73DFF2989EB89B3FBD5
:10CA6000F1F201FB12339BB26A68B2FBF1F202FBF6
:10CA700003F32A6842F80380E889012103F0A6FB4A
:10CA80000499039AE881521A3046FDF751FC30466A
:10CA900010492246FDF720FC00200AB0BDE8F081D5
:10CAA00092B202230D2102A8FFF714FFD4F8C4307C
:10CAB000288903F10802EB89B3FBF0F100FB113385
:10CAC0009BB26968B1FBF0F101FB03F32968CA501E
:10CAD000D2E700BFC1C90008F0B587B007270292AE
:10CAE0000C9A00250432CDE900751C460646FFF776
:10CAF00007F880F00102D2B2A27512B1284607B041
:10CB0000F0BD05AA02993046FFF734F905A905469C
:10CB1000204600F08BFFD4E90121A669E769521A8B
:10CB20002046FDF705FC20463A463146FDF7D4FB8A
:10CB3000284607B0F0BD00BF2DE9F04F93B0054681
:10CB400007910830C1F3072103930692FFF78EFE89
:10CB50009DF81E30012B00F095800446002800F05F
:10CB6000918003F015FB002800F087802289E78977
:10CB7000B7FBF2F302FB13739BB26168B1FBF2F1F6
:10CB80002268059101FB03F3043302EB0309237BC5
:10CB900059F8048C4345A1F1040B7FD3ABF1040A8F
:10CBA000AAEB030A1C9ECDF800801FFA8AF30493B7
:10CBB0005A46002349460AA8FDF7A8FB06F1080AD1
:10CBC000DA452CBF00230123049A5B000D210AA83B
:10CBD000FFF780FEB4F808C0B7FBFCF20CFB127242
:10CBE00092B26368B3FBFCF302FB03F322680121FA
:10CBF00042F803B0384603F0E9FA059B039EA3F11F
:10CC0000080208F104010746A2EB08024944304635
:10CC1000FDF78EFB1C9BE7811A1DB2F5803F28BFF4
:10CC20000022002392B207213046FFF753FE0699F7
:10CC300009AA2846FFF79EF8044620B3039E09A9D7
:10CC4000304600F0F3FED6E901213046521AFDF7D6
:10CC50006FFB079BC5F8C0301D9BC5F8B8301E9B05
:10CC60001A49C5F8C4A03046C5F8BC302A46FDF7BD
:10CC700033FB204613B0BDE8F08F1E991D9B28465C
:10CC8000984720B90024204613B0BDE8F08F204615
:10CC900003F07EFA00287FF469AFF3E738460121FC
:10CCA00003F094FA2189B0FBF1F201FB120292B277
:10CCB0006368B3FBF1F302FB03F32268043302EB76
:10CCC00003090746237B59F8048C67E7C1C90008AC
:10CCD0002DE9F041174604461E460D46DDF8188042
:10CCE000FCF754FA39462046FCF750FA3246012147
:10CCF0002046FCF701FB2B0601D5BDE8F08141463B
:10CD000020460422BDE8F04102F054BC2DE9F04178
:10CD1000174604461E460D46DDF81880FCF74CFA0F
:10CD200039462046FCF748FA324601212046FCF7F6
:10CD3000D9FB95F90030002B01DABDE8F0814146BE
:10CD400020460422BDE8F04102F098BC70B51646BA
:10CD500004461D46FCF71AFA31462046FCF716FA3F
:10CD60002A4620460121BDE87040FCF7C5BA00BF45
:10CD700070B5164604461D46FCF71EFA314620469D
:10CD8000FCF71AFA2A4620460121BDE87040FCF75C
:10CD9000A9BB00BF2DE9F84304220E46054602F068
:10CDA00009FC0222311D0446284602F003FC02223F
:10CDB0000440B11D284602F0FDFBE4B20422044009
:10CDC00006F10801284602F0F5FB317B00EA040871
:10CDD0002846FCF7DBF9717B08EA00082846FCF7D7
:10CDE000A7F9737B08EA00083BB9B18B2846FCF72A
:10CDF000F9F908EA0000BDE8F88331692846FCF734
:10CE0000E1FB3369E3B1C0B137464FF0000901E0FF
:10CE1000083794B17969284602F094FCB969044650
:10CE2000284602F08FFC336909F101090440994555
:10CE3000E4B2EDD308EA0408D7E74FF00008D4E7DE
:10CE400008EA0008D1E700BF2DE9F84304220C46A8
:10CE5000054602F013FC0222211D0646284602F078
:10CE60000DFC02220640A11D284602F007FCF6B286
:10CE70000422064004F10801284602F0FFFB04F1F9
:10CE80000C0100EA06072846FCF796F904F10D01AB
:10CE900007402846FCF762F9637B07403BB904F181
:10CEA0001C012846FCF7A2FA3840BDE8F88304F1DB
:10CEB00010012846FCF7B0FC2369012B03D901239C
:10CEC000AB750027EBE70BB30028FAD0A0464FF074
:10CED000000903E008F10808002EF2D0D8F8141079
:10CEE0004FF40072284602F03BFCD8F818100646B2
:10CEF0004FF40072284602F033FC236909F101095E
:10CF000006409945F6B2E5D33740C8E70740C6E783
:10CF10002DE9F84304220F46054602F04BFB02229E
:10CF20000446391D284602F045FB20400222C4B2C7
:10CF3000B91D284602F03EFB397A04402846FCF72A
:10CF4000F7F83B7A00EA040813B94046BDE8F883D5
:10CF5000F9682846FCF736FBFB6803B3D0B13E46C0
:10CF60004FF0000901E00836A4B13169284602F00B
:10CF7000E9FB71690446284602F0E4FBFB6809F10D
:10CF8000010904409945E4B2EDD308EA040840469B
:10CF9000BDE8F8834FF000084046BDE8F88308EA92
:10CFA0000008D2E770B50D4609780646FCF7EEF8A2
:10CFB000044630B12B78022B0CD0032B10D0012B60
:10CFC00008D0022205F50271304602F0F3FA204043
:10CFD000C0B270BD6968304602F0B4FB0446F0E7A9
:10CFE0002946304651F8042F0431FDF73FFA044634
:10CFF000E7E700BF70B50B78013B0C4605460D2BEB
:10D0000016D8DFE803F03307171707070707150CD3
:10D010000C0C514CBDE870400431FFF7C3BF0979D7
:10D02000FCF7B4F800B32379012B42D0022B40D097
:10D03000012070BD0979FCF7A9F8064658B123799B
:10D04000022B3CD0032B06D1A26804F10C01284628
:10D05000FDF70CFA0646022204F50371284602F099
:10D06000A9FA3040C0B270BD002070BD0979FCF74C
:10D070008DF8064658B12379022B03D0032B24D018
:10D08000012B04D1A168284602F05CFB0646B4F9E6
:10D090000C122846FCF7A2FD3040C0B270BDBDE8BE
:10D0A00070400431FFF776BEBDE870400431FFF7F1
:10D0B0002FBFA1682846BDE8704002F043BBA168BD
:10D0C000284602F03FFB0646C5E7A26804F10C01C2
:10D0D0002846FDF7CBF90646D9E700BF70B50646EE
:10D0E0000D46FCF769F8044630B12B78022B0CD0C2
:10D0F000032B12D0012B08D0022205F50271304615
:10D1000002F0BCFA2040C0B270BD69684FF40072F2
:10D11000304602F025FB0446EEE72B1D4FF400726B
:10D1200005F108013046FDF7B3F90446E4E700BF16
:10D1300070B50D4609780646FBF7FAFF2B780446D2
:10D140004BB9297A3046FBF7F3FF2B7A0440E4B25F
:10D1500043B9204670BD6968304602F0F3FA0440D6
:10D16000E4B2EEE7E968304602F0ECFA044020460B
:10D1700070BD00BF70B50D460968064602F0E2FAC0
:10D18000297904463046FBF7D3FF2B790440E4B2FB
:10D1900043B9297B3046FBF7CBFF2B7B04403BB9DF
:10D1A000204670BDA968304602F0CCFA0440F0E792
:10D1B0002969304602F0C6FA0440E4B2204670BD48
:10D1C0002DE9F0410C4609780646FBF7B1FF2378BC
:10D1D00005466BB994F828103046FBF7A9FF94F880
:10D1E00028300540EDB2002B6AD12846BDE8F08119
:10D1F00061683046FCF7E6F96368002B6CD00028C4
:10D2000068D0A168304602F09DFA6268012A53D9BD
:10D2100000285FD0E168304602F094FA6268022A82
:10D220004AD9002856D02169304602F08BFA62684C
:10D23000032A41D900284DD06169304602F082FAB4
:10D240006268042A38D9002844D0A169304602F027
:10D2500079FA6268052A2FD900283BD0E169304667
:10D2600002F070FA6268062A26D998B3216A30461D
:10D2700002F068FA6268072A1ED958B3616A30461C
:10D2800002F060FA6268082A16D918B3A16A30461B
:10D2900002F058FA6268092A0ED9D8B104F12808B8
:10D2A000092700E0B0B158F8041F304602F04AFAEE
:10D2B000626801379742F5D305EA0003DDB289E7DA
:10D2C000E26A04F130013046FDF7D0F80540284607
:10D2D000BDE8F08100257DE72840C5B27AE700BFB0
:10D2E00070B50D4609780646FBF722FF2B780446F9
:10D2F0004BB9297A3046FBF71BFF2B7A0440E4B286
:10D3000043B9204670BD6968304602F01BFA0440FC
:10D31000E4B2EEE705F10C013046FFF751FF04409F
:10D32000204670BD70B50D4609880646FBF75AFFCA
:10D33000A97804463046FBF7FBFEAB780440E4B224
:10D34000B3B9A9793046FBF7F3FEAB79044033BBA0
:10D35000297B3046FBF7ECFE2B7B0440C3B9297DCB
:10D360003046FBF7E5FE2B7D04403BB9204670BDFF
:10D37000A9883046FBF736FF0440E2E7AA6905F1C9
:10D380001C013046FDF772F80440E4B2204670BD3F
:10D3900029693046FCF716F90440E4B2DFE7A968D2
:10D3A0003046FCF70FF90440E4B2D1E7F8B50222A9
:10D3B0000D46064602F0FEF8A97804463046FBF713
:10D3C000B7FEAB780440E4B20BB92046F8BD05F1D6
:10D3D00008013046FFF7A6FF95F82C1007463046A7
:10D3E000FBF7A6FE95F82C300740FFB213B93C407E
:10D3F0002046F8BDD5E90C233046FCF727FB074053
:10D40000F5E700BF70B505460E46FBF7D5FE68B1DF
:10D410003378013B04460D2B09D8DFE803F0640A9A
:10D4200023230A0A0A0A08101010415E002420462D
:10D4300070BD311D2846BDE87040FFF74FBE311D5D
:10D440002846FBF7B9FE0028F0D03379012B01D034
:10D45000022BECD1B16828464FF40072BDE8704051
:10D4600002F07EB9311D2846FBF7A6FE044670B1D6
:10D470003379022B53D0032B09D106F108034FF463
:10D48000007206F10C012846FDF702F8044602225C
:10D4900006F50371284602F0F1F80440E4B2C6E74D
:10D4A0000422B118284602F0E9F8022206F1080128
:10D4B0000446284602F0E2F80222044006F10A017E
:10D4C000284602F0DBF8E4B2034606F10C012846D8
:10D4D0001C40FBF743FE0440A9E7311D2846BDE888
:10D4E0007040FFF7B1BC311D2846FBF765FE0446CE
:10D4F00068B13379022B03D0032B18D0012B06D14E
:10D50000B1684FF40072284602F02AF9044606F585
:10D5100003712846FCF7ECFB0440E4B287E7B168EE
:10D520004FF40072284602F01BF90446AFE706F1FB
:10D5300008034FF4007206F10C012846FCF7A8FF1F
:10D540000446E4E770B5022205460E4602F096F85E
:10D5500002220446B118284602F090F82040C0B2DA
:10D5600070BD00BF2DE9F8430D4609780646FBF76C
:10D570000DFE30B12B78062B14D00D2B19D0052BB6
:10D5800001D0BDE8F883B5F908103046FCF726FB5A
:10D59000D5E9042304463046FCF758FA2040C0B2CF
:10D5A000BDE8F883B5F908103046BDE8F843FCF74C
:10D5B00015BBB5F908103046FCF710FBE968814649
:10D5C0003046FBF7FFFFEB68002B51D0E8B105F1C7
:10D5D00014074FF0000817F8041C3046FBF7D6FD7F
:10D5E00098B117F8043C032B39D8DFE803F02B1E61
:10D5F00011023968304602F0A5F8EB6808F101081D
:10D60000984531D218370028E5D10020BDE8F883CD
:10D6100010223946304601F0CDFF396904463046C4
:10D62000FBF7D0FF2040C0B2E7E70422394630467E
:10D6300001F0C0FFB98804463046FBF7D3FD204017
:10D64000C0B2DAE702223946304601F0B3FFB978BA
:10D6500004463046FBF79AFD2040C0B2CDE7EB68A8
:10D6600008F10108984508D309EA0000C0B288E72C
:10D6700009EA00095FFA89F083E71837ABE700BFD2
:10D680002DE9F041022206460F4601F0F7FF022283
:10D69000B9180546304601F0F1FF391D8046304685
:10D6A000FBF78AFD791D04463046FBF785FD05EA48
:10D6B00008052C402040C0B2BDE8F0812DE9F041C2
:10D6C0000D4609780646FBF761FD69780446304649
:10D6D000FBF75CFDA97804403046FBF729FDAB78E9
:10D6E000E4B204404BB9297A3046FBF721FD2B7A8E
:10D6F000044043B92046BDE8F0816968304602F035
:10D7000021F80440EFE769893046FBF76BFDA989F2
:10D7100007463046FBF766FDE98907403046FBF7D0
:10D7200061FD298A80463046FBF75CFDFFB204EAC2
:10D73000070505EA080500EA05042046BDE8F08172
:10D74000FFF728BBF8B5022206460D4601F032FF6E
:10D750000222A9180446304601F02CFF2979074619
:10D760003046FBF713FD70B12B793C40013BE4B22E
:10D770000D2B09D8DFE803F03E0A23230A0A0A0A20
:10D7800008121212585F00242046F8BD05F1080166
:10D790003046FFF707FC04402046F8BD297A3046A2
:10D7A000FBF7F4FC0028EED02B7A012B01D0022BE2
:10D7B000EAD1E968304601F0C5FF0440E4E7297A80
:10D7C0003046FBF7E3FC074658B12B7A022B39D0E1
:10D7D000032B06D1EA6805F110013046FCF746FE3E
:10D7E0000746022205F50471304601F0E3FE384099
:10D7F0000440C9E7297A3046FBF7C8FC074658B110
:10D800002B7A022B03D0032B22D0012B04D1E96801
:10D81000304601F097FF0746B5F910123046FCF785
:10D82000DDF938400440AFE705F108013046FFF765
:10D830006FFB0440A8E705F108013046FFF7AAFA9C
:10D840000440A1E7E968304601F07CFF0746C8E7DD
:10D85000EA6805F110013046FCF708FE0746DBE7F1
:10D8600070B5022205460E4601F0A4FE0222B11850
:10D870000446284601F09EFE716804402846FBF7E6
:10D88000A1FEE4B2204070BD70B5022205460E46EE
:10D8900001F0F4FE0222B1180446284601F0EEFE23
:10D8A000311D04402846FBF7B7FFE4B2204070BDAD
:10D8B00070B5022205460E4601F07CFE02220446A7
:10D8C000B118284601F076FE2040C0B270BD00BFFE
:10D8D0002DE9F84305460E46FBF76EFC711C044625
:10D8E0002846FBF769FC0422B1188146284601F05E
:10D8F000C5FE06F1080180460222284601F0BEFE60
:10D90000022206F10A010746284601F0B7FE04EAA2
:10D910000904034606F10C012846E4B21D4604EA58
:10D920000804FBF71BFC27403D402840BDE8F88376
:10D930002DE9F041022206460F4601F09FFE022229
:10D94000B9180546304601F099FE391D804630462B
:10D95000FBF732FC791D04463046FBF72DFC05EA47
:10D9600008052C402040C0B2BDE8F0812DE9F0410F
:10D9700002220C46054601F01DFE0222A118804637
:10D98000284601F017FE217907462846FBF7FEFBE3
:10D99000617906462846FBF7F9FB08EA070806EA1C
:10D9A000080600EA0607217A2846FBF7C1FB237A1E
:10D9B000FFB206466BB994F81C122846FBF7B8FB79
:10D9C00094F81C323040C6B283B906EA0700BDE8BD
:10D9D000F081217B2846FBF7D9FB88B104F10C01CB
:10D9E0002846FFF707FB3040C6B2E4E704F50871AC
:10D9F0002846FFF7B7FD064006EA0700BDE8F081BC
:10DA00000646D8E770B5022205460E4601F0D2FD63
:10DA10000222B1180446284601F0CCFD311D044015
:10DA20002846FFF74BFEE4B2204070BD70B50222DD
:10DA300005460E4601F0BEFD02220446B1182846F6
:10DA400001F0B8FD2040C0B270BD00BF70B50C46FB
:10DA50000E4634F8021B0546FBF7C4FB02222146A2
:10DA60000446284601F0A6FD317904402846FBF71C
:10DA70008DFBE4B2204070BD70B505460E46FBF745
:10DA8000B5FC0222B1180446284601F0F7FD311D0D
:10DA900004402846FBF790FBE4B2204070BD00BF75
:10DAA00070B50D4609880646FBF79CFB698804465D
:10DAB0003046FBF797FB297904403046FBF766FBBD
:10DAC000E4B2204070BD00BF70B505460E46FBF7BE
:10DAD0008DFCB11C04462846FBF788FC311D044030
:10DAE0002846FBF769FBE4B2204070BD2DE9F04108
:10DAF00005460E46FCF712FA311D07462846FBF78D
:10DB00008BFE06F1080180462846FCF707FA06F16D
:10DB10000C0104462846FBF77FFE07EA08073C4055
:10DB200006F1100104402846FCF7F8F906F114014B
:10DB300007462846FBF770FEE4B23C402040BDE8B3
:10DB4000F08100BF2DE9F8430C2204460D4601F098
:10DB500095FD032205F10C018046204601F08EFD63
:10DB600005F10F0181462046FBF726FB05F1100168
:10DB700007462046FCF7D2F905F114010646204677
:10DB8000FBF74AFE08EA090807EA08073E4030406A
:10DB9000C0B2BDE8F88300BF0B280DDC002809DB0C
:10DBA0000B2807D8DFE800F007060607060606067A
:10DBB0000606070701207047CB2814BF0120CB20A1
:10DBC000704700BF034A034692E8030083E803005E
:10DBD00018467047541C010818B14068003818BF37
:10DBE000012070472DE9F843064600680023736062
:10DBF000002842D04369D0F8049007699BB31430E1
:10DC000000F0A4FA8046002844D13068036B23B1A9
:10DC1000283001F02FFAB8BB3068036ADBB1D0E9D5
:10DC2000062C012A7CF1000111DB0024254653F863
:10DC300024003946C8B1C8473368D3E9062C0134FB
:10DC400045F10005944275EB0C011B6AEFDB1846A9
:10DC50003946C84730683946C8470023C6E900330B
:10DC60004046BDE8F8839846D0E7013445F1000509
:10DC7000944275EB0C01DADBE9E780460023C6E944
:10DC800000334046BDE8F883B8F1000F05D0F9F73E
:10DC90000BFEC1E7F9F708FEB7E7FFF77DFF804607
:10DCA000F5E700BF78B110B50446006850B163686D
:10DCB0003BB9F9F7BDFD20B12046BDE81040FFF7A4
:10DCC00091BF0B2010BD0B20704700BF034A0346D5
:10DCD00092E8030083E80300184670475C1C0108C3
:10DCE00082B02DE9F04186B00DF1300C04464CF8BD
:10DCF000043F0E461746BCE80F000DF1040EAEE8D7
:10DD00000F00DCF80030CEF8003001A8F9F790FDE4
:10DD100050B34CB3D4F80480B8F1000F1ED11FB338
:10DD20003846FFF759FF28B3019B05991C209847F7
:10DD30000546606058B3FEB1066080F8048001AC0F
:10DD40000FCC05F1080CACE80F002368CCF80030CC
:10DD5000002006B0BDE8F04102B07047642006B074
:10DD6000BDE8F04102B070470B2006B0BDE8F041BD
:10DD700002B070476520F2E73868283000F0BEFE38
:10DD8000286065682E6826B101232B71D7E70A2029
:10DD9000E5E72846029B0599984701206660DEE783
:10DDA000F8B5D8B10446406858B10368C6688769B9
:10DDB00053B1057955B93946B04700236360284609
:10DDC000F8BD05462846F8BD1D46F4E7184600F0A4
:10DDD000A9FE051E18BF01256068ECE70B25284643
:10DDE000F8BD00BFF0B587B006466846F9F712FDEA
:10DDF000EE46BEE80F00084CA446ACE80F002546EE
:10DE00000FCD3446DEF80070CCF800700FC43046F9
:10DE1000276007B0F0BD00BFA46D00202DE9F04FD2
:10DE2000041EA5B00D4617461E4613DD61B1A1F1D3
:10DE3000040E4FF0000C01E064450DD05EF8040FB5
:10DE40000CF1010C0028F7D14FF00B08404625B02B
:10DE5000BDE8F08F0029F7D1002FF5D03B68002BEB
:10DE6000F2D09C46BCE80F000DF17C0EAEE80F002E
:10DE7000DCF80030CEF800301FA8F9F7D9FC0028F4
:10DE8000E2D0002EE0D03368002B73D1DDE92232DE
:10DE900098210120984780463060002800F0B28029
:10DEA00002A800F001FD02A908F128007022F2F793
:10DEB000F3FD0DF17C0EBEE80F00D6F80080C446DD
:10DEC000ACE80F00DEF80030CCF8003008F11401A7
:10DED000384600F065F98046002847D1D6F8009012
:10DEE0004FEAE47AC9F82000C9F81840C9F81CA024
:10DEF000002C47D0002D45D0DDE9223204212046F8
:10DF00009847C9F82000D6F80090D9F820B0BBF1A6
:10DF1000000F29D0012C7AF1000333DB4FF0000809
:10DF2000043DC1460DE02968F2F7B6FD18F101087D
:10DF300049F10009CA4508BF444521D03368D3F8E8
:10DF400020B055F8040FF4F7DBF8421C1F9B23990F
:10DF500001921046984733684BF828001B6A019AD3
:10DF600053F828000028DED14FF00A083046FFF7AA
:10DF700039FE6BE74FF06408404625B0BDE8F08FEE
:10DF8000D6F80090324A1368013336D01D4600207F
:10DF90001946D9F814407360636A11600133C4E90B
:10DFA000065044D094F830307BB33A68012B92F895
:10DFB000342036D004F13405002A42D0E36B94F8C3
:10DFC000340053B9012808D01FA9284602F068F987
:10DFD00080460028CAD194F8340002F057F931681D
:10DFE00048692831183000F0ADFE804600283FF423
:10DFF0002DAFFFF7D1FD8046B8E7012118460D4649
:10E000000B46C6E74FF00A0820E704F1300000F0A5
:10E0100023F980460028A9D1326894F83030546939
:10E02000C3E70220002384F83400E363D5E704F15A
:10E03000240002F09FF98046002897D133685C697C
:10E04000B0E7284602F0E0F880460028B6D08DE719
:10E05000B86D0020A8B1036810B5044673B1FFF78E
:10E06000BBFD40B12068283000F0A0FF034658B93E
:10E070006060184610BD6A23184610BD0B23184671
:10E0800010BD0B2318467047BDE81040FFF784BD54
:10E090000020704784B070B59EB023AD85E80E00B7
:10E0A000002846D00368044633B1642528461EB0D4
:10E0B000BDE8704004B070472846F9F7B9FB002866
:10E0C00037D0AE46BEE80F000DF1640CACE80F008F
:10E0D000DEF80030CCF800302799239B7020984759
:10E0E0000646206038B30DF1640C8646BCE80F008C
:10E0F000AEE80F00DCF80030CEF8003002A800F0E7
:10E10000EBFB582202A906F11800F2F7C5FC26AB7A
:10E1100093E8030026688DE8030006F1180095E8EF
:10E120000E0000F013FD054638B9236883F834006B
:10E13000BCE70B25BAE70A25B8E7249B2799206896
:10E1400098472846FFF728FD0546AFE730B587B06A
:10E15000F0B103680446DBB19C46BCE80F000DF14A
:10E16000040EAEE80F00DCF80030CEF8003001A855
:10E17000F9F75EFB60B12068183000F0A9FD054694
:10E1800050B92068029B05999847284607B030BDD2
:10E190000B25284607B030BDFFF7FEFC0546F8E723
:10E1A000F0B59DB000284AD004460068002846D04B
:10E1B0000D46F9F73DFB002841D0002D3FD02B68DC
:10E1C0001BB1642420461DB0F0BD2668B646BEE8EB
:10E1D0000F000DF15C0CACE80F00DEF80030376882
:10E1E000CCF8003019467020B8470646286050B376
:10E1F0000DF15C0C8646BCE80F00AEE80F00DCF8C1
:10E200000030CEF80030684600F066FB58226946C0
:10E2100006F11800F2F740FC206829681830183120
:10E2200000F0F6FC04460028CCD0F9F727FBF9F7FC
:10E230003BFB2846FFF78AFF38B10446C2E70B24B0
:10E2400020461DB0F0BD0A24BCE720461DB0BDE845
:10E25000F040FFF7A1BC00BF10B582B000230193CE
:10E26000B8B1044601A90C48F9F7F0FA10B1012041
:10E2700002B010BD019B0BB11B7823B900232370A2
:10E28000002002B010BD312B14BF022301232370E4
:10E29000F6E70B2002B010BDF815010882B02DE999
:10E2A000F04F91B01AAC84E80C009DF87C800028F7
:10E2B0003AD00C460546F9F715F870B32846F9F739
:10E2C00001F881462846F9F705F80DF1680E074672
:10E2D000BEE80F000BADAC46ACE80F00DEF8003036
:10E2E000CCF80030219BFBB18A46DDF878B000F015
:10E2F0006BF910AB089013E907008DE807000021C7
:10E3000095E80C0008A800F0B9F9064670B1F9F7D5
:10E31000B5FAF9F7C9FA0A2E00D00126304611B035
:10E32000BDE8F04F02B070470B26F7E70990079061
:10E3300008A802F0ABF90646B0B10A28DDF81C9037
:10E3400000D0012608A800F0D7F9002832D109989A
:10E350005946D04759464846D047B8F1000FDDD05E
:10E36000672E08BF6826D9E709AB05930FCDEC46A9
:10E37000ACE80F002B68CCF800303A4649462046FE
:10E3800008AB02F025F80646C8B9DDF824900990DC
:10E3900002460AA9484600F0CBFA98B90A9C14BB79
:10E3A000219B08A8C3F8009000F0A6F9064678B9AA
:10E3B0008146CCE7F9F762FAF9F776FAC7E7DDF8B4
:10E3C0001C90BFE7F9F75AFA0126F9F76DFAB9E799
:10E3D000F9F754FAF9F768FA09985946D0475946B7
:10E3E0002046D04799E76726ACE700BF084600F013
:10E3F00007BA00BF084600F02DBA00BF037A10B577
:10E400000C4643B1052100F0A9F802460B46C4E9C9
:10E410000023002010BDBDE81040084600F0F0B910
:10E42000F8B50546104614460E46F9F701FA28B12C
:10E43000032D03D8DFE805F01A294C040B20F8BDA2
:10E44000002EFBD0002CF9D00023C6E90133DFF801
:10E45000A4C0336106F1140503270FCC0FC5236850
:10E460002B60C6F80CC037700020F8BD002EE5D038
:10E4700000233370C6E90133C6E903330FCC06F13C
:10E4800014050FC523682B60EEE7002ED6D0002CB4
:10E49000D4D000273770A446BCE80F0006F114055D
:10E4A000C6E90177C6E903770FC5DCF800302B60B9
:10E4B00021692368102098473061B8B100220023F9
:10E4C000C0E900230A4A07720123F2603370CBE7E8
:10E4D000002EB3D0002CB1D00023C6E90133DFF801
:10E4E00018C0336106F114050227B6E70A20F8BD0B
:10E4F000FDE30008F5E30008EDE3000858B338B584
:10E5000004461430F9F794F998B12378022B05D01A
:10E51000032B03D0012B0ED00B2038BDA36833B1E1
:10E520000025A369616A6068A5609847656000205E
:10E5300038BD012038BDA36833B10025A369616AE5
:10E540006068A56098476560A369616A206998471B
:10E5500000232361EBE70B20704700BF80EA1041E6
:10E5600081F03D01154A164B01EBC10181EA111101
:10E5700002FB01F181EAD131A3FB01231B0903EB6B
:10E580004302C3EBC203F0B40E4DC91A4A194FF04F
:10E59000010CD2E84F3FC2E844CF002CF9D1BFF3C1
:10E5A0005B8FDCB2002CF4D1D0E90067BFF35B8F46
:10E5B0006B5430463946F0BC704700BF2DEBD42772
:10E5C000C94216B2BC6D0020014B00201860704794
:10E5D000D46D002000284ED030B5036887B00446C3
:10E5E000002B43D003F10C0C0D46BCE80F000DF1DD
:10E5F000040EAEE80F00DCF80030CEF8003001A8C1
:10E60000F9F716F908B323689968A94229D85A6816
:10E61000AA4224D0E5B1B5F1005F2AD21868059A64
:10E62000039BE900984720B3246861682060A942F1
:10E6300014D200EBC103691A03EBC1010022C3E944
:10E64000002208338B42FAD108E00B2007B030BD1E
:10E65000029A059918689047246825606560002033
:10E66000F4E72046FFF7B6FF07B030BD1F2007B024
:10E6700030BD0A20EAE70B20704700BF82B070B5BA
:10E6800004AC84E80C0078B3066804462EB11E255D
:10E690002846BDE8704002B0704704A80D46F9F75F
:10E6A000C7F808B3049B089920209847206008B356
:10E6B0000DF1100EC0E90066866000F10C0CBEE89A
:10E6C0000F00ACE80F00DEF80030CCF8003029462F
:10E6D0002046FFF77FFF05460028D9D0059B089903
:10E6E000206898472660D3E70B252846BDE8704090
:10E6F00002B070470A25CBE72DE9F04786B0002825
:10E700004FD005680646002D46D06B6853B30024F1
:10E710002A68274652F834004FEAC408F8B1D5F801
:10E720001CA0D5F810905146C8472B6803EB08028F
:10E7300043F8347050685146C8472A68AB68424471
:10E74000013B5760AB6035686B6801349C4209D26D
:10E750002A6852F834004FEAC4080028DFD1013497
:10E76000A342D7D800213046FFF734FF044618B142
:10E77000204606B0BDE8F08735680C350FCD01AFF7
:10E780000FC72B683B6001A8F9F752F848B1029B0C
:10E7900005993068984734600024204606B0BDE8EB
:10E7A000F0870B24204606B0BDE8F08738B3006838
:10E7B00028B32DE9F8430E46C1B1D0E90098B8F16D
:10E7C000000F13D01746002459F83450284655B18D
:10E7D000F3F796FCB8420246294638BF3A4630461F
:10E7E000F4F7A2F828B10134A045EDD10020BDE82E
:10E7F000F88309EBC409D9F80400BDE8F883704731
:10E8000018B370B584B0044669460120F8F722FBBE
:10E81000002817DBDDE90031002913DB029D002D04
:10E820000DDB0B4EA3FB06325B1906FB01224FF0FA
:10E83000000042EBE572C4E9003204B070BD53EA57
:10E840000102EED1022004B070BD0B20704700BF62
:10E8500000CA9A3B18B370B584B0044669460020DC
:10E86000F8F7F8FA002817DBDDE90031002913DB9F
:10E87000029D002D0DDB0B4EA3FB06325B1906FB40
:10E8800001224FF0000042EBE572C4E9003204B00F
:10E8900070BD53EA0102EED1022004B070BD0B201E
:10E8A000704700BF00CA9A3B30B597B0044668462F
:10E8B00000F012F800230022C4E900230025694675
:10E8C000582204F11000A560F2F7E6F82046C4E9EA
:10E8D0001A5517B030BD00BF30B58BB06D46044639
:10E8E000284600F021F802A802F0E0F858220021A2
:10E8F0002046F1F7DDFC95E8030004F110034FF02A
:10E90000FF320DF1080C83E80300E260BCE80F0061
:10E9100004F11C0EAEE80F009CE80F008EE80F001B
:10E9200020460BB030BD00BF00220270426070472D
:10E93000002849D02DE9F0410E46002956D0154651
:10E940000446F3F7DDFB50B123782F2B0CD00223C4
:10E9500033600DB100232B600020BDE8F08101235E
:10E960003360002DF6D1F7E7471EE35D2F2B3FD034
:10E97000631E214603EB000E9C4613F8012F5F2A0D
:10E9800006D023D8392AA2F141082BD82E2A20D923
:10E990007345F1D1214C002303E0984201F10101BC
:10E9A0002CD09F4203F10103F7D00A782F2AF4D12B
:10E9B0004A782F2A2DD0A25C5207EED5062232606B
:10E9C000002DC9D02B60C7E70B207047613A192A88
:10E9D000DED904233360002DBED0C4F101046444A9
:10E9E0002C60B9E7B8F1190FD2D9F2E70B20B4E7E0
:10E9F00003233360002DAFD02F60ADE7F72802D896
:10EA000000233360A8E707233360002DA4D0F6234A
:10EA1000D8E705223260002DD4D19DE7110D010801
:10EA20000346406858B142685A600AB1002111603B
:10EA30001A68426002B110600022026018607047DC
:10EA40000B680BB14A685A604A6802B113600368E8
:10EA50008B42436808BF02604B6003B1196000231A
:10EA60000B604160704700BF70B528B10446006874
:10EA70000D46F9F7FDFF10B90124204670BD63680B
:10EA8000002BF9D0002DF7D02868F9F7F1FF002806
:10EA9000F2D06E68002EEFD0646832692069D0F839
:10EAA000883300F528701968FCF74AF80246206997
:10EAB000D0F89033D0F88813F9F754FF2069326901
:10EAC000D0F8883300F528701968FBF7FDFC024682
:10EAD0002069D0F89033D0F88813F9F743FF80F01D
:10EAE0000104E4B228466400F9F7C2FEC5E700BF9E
:10EAF000014B1868704700BF641C010838B5054613
:10EB00000748FFF78DFF48B1846800232374E5614F
:10EB1000FFF7EEFFC4E9050404F1140038BD00BF9F
:10EB2000C824002008B5084B196811B90AE04968E3
:10EB300041B18B6814339842F9D10348FFF780FF45
:10EB4000002008BD012008BDC824002084B0F0B515
:10EB500083B009AD85E80E0030B104462846F8F7C9
:10EB600067FE08B1A6682EB10B2003B0BDE8F040E7
:10EB700004B0704700220023C4E90023204B1B6827
:10EB8000A3600FCD04F1400CACE80F006F462B687A
:10EB9000CCF800303846E663E660FFF7C5FE97E83C
:10EBA000030004F1100383E803000322154816490B
:10EBB0002676F9F79DFD1348FFF732FFF0B1134AAF
:10EBC000836851681078636518745961D168D96198
:10EBD00011691962516992689A615962FDF7DAFE0A
:10EBE000F2F782FDF2F7B2FD636D98620028F9D06A
:10EBF000002003B0BDE8F04004B070470120B4E746
:10EC0000641C0108DC25002058250020F02300208A
:10EC100070B588B060B10D4651B10446806828B126
:10EC2000294B1968F3F75CFF002840D1AB681BB192
:10EC30000B24204608B070BD582221462846F1F723
:10EC40002BFF04F1400EBEE80F000DF10C0C6646E0
:10EC5000ACE80F00DEF80030CCF800303046F8F7B2
:10EC6000E7FD0028E4D008AB13E903008DE80300BA
:10EC700096E80E00E06BF8F751FFE863E36B03B131
:10EC8000F8B11248FFF7CCFEA8B183686B65626DDE
:10EC900002F1100C03F11005BCE80F000FC59CE851
:10ECA0000700002485E80700204608B070BD0C244A
:10ECB000204608B070BD049B0799E86B9847012473
:10ECC000B7E70A24B5E700BF641C0108DC25002073
:10ECD000002831D010B5044696B04030F8F7A8FDB2
:10ECE00010B3A06820B1154B1968F3F7F9FE08BB03
:10ECF000134B1968D9B1626D01E04968B9B18B68ED
:10ED00009A42FAD10E48FFF79BFE636C216DE06BCF
:10ED100098476846FFF7E0FD582269462046F1F71C
:10ED2000BBFE002016B010BD0B2016B010BD012098
:10ED300016B010BD0C20F5E70B207047641C0108CD
:10ED4000DC2500202DE9F04383B0002800F0D480BA
:10ED50000E46002900F0D080436D0546002B00F0E0
:10ED6000CB80774B80681F6828B13946F3F7B8FE2F
:10ED7000002840F0D380D5E90023724C72497348D3
:10ED8000B760C6E90023EB68B3660122F9F750FCCF
:10ED900020466F490422F9F78BFC4FF000086B48BE
:10EDA00084F80D80FFF73CFE002800F0B2808468F4
:10EDB000686D416A90F810C0D0E906230191006A9D
:10EDC000009004F1100961464846FBF73BFD4FF403
:10EDD0007A73C4E9E33304F5805304F55E72C4E941
:10EDE000E1225C49C3F89485C3F89885C3F89C85F3
:10EDF000C3F8A0855848C4E9DA780122F466F9F727
:10EE0000F7FB564956480522F9F7D2FB55495648B3
:10EE10000A22F9F7ADFB554955480122F9F768FB7D
:10EE2000544955480122F9F783FB544954480F22AD
:10EE3000F9F71EFC534954480322F9F759FC53498A
:10EE400053480422F9F774FC524953480422F9F755
:10EE50008FFC696DF06E4246F9F732FB07460028D9
:10EE600061D16B6D04F528759A6A284604F5227104
:10EE7000FBF7F2FF284649492246FCF711F82846DD
:10EE800047493A46FCF708F8284646493A46FCF70F
:10EE90000BF8284644493A46FCF70AF8B4F8982299
:10EEA0000423920004F565712846FCF72FF8B4F8A6
:10EEB0009822C4F874030423920004F6943128467F
:10EEC000FCF70CF8C4F878032846FCF719F804F5A9
:10EED0009C51B4F89822C4F8800314312846FBF7FB
:10EEE000EBFFC4F87C032846FCF724FD054640B13F
:10EEF000384603B0BDE8F0830B27384603B0BDE8C1
:10EF0000F0834846FBF7E0FC10482146FFF798FDE8
:10EF1000F5660127384603B0BDE8F0830C27384674
:10EF200003B0BDE8F0834846FBF7CEFC0748214616
:10EF3000FFF786FD3846C6F86C8003B0BDE8F08365
:10EF4000641C0108F0460020E8570020906D002066
:10EF5000F025002030570020D4570020684A0020B8
:10EF6000A04E0020B04E00202057002090490020E5
:10EF7000584A0020B848002080490020004700205F
:10EF8000A448002058250020DC250020D82400209B
:10EF90004825002048240020C82400201D0B01081B
:10EFA000150B0108B50B0108510C010870B59CB098
:10EFB000002851D00546806828B12B4B1968F3F71B
:10EFC0008FFD002844D1294BE86E1C68002C47D0E7
:10EFD0000026D4E901431A69824224D0002CF8D1DA
:10EFE00088B1D0F888339B78012B14BF0A21002107
:10EFF00000F52870FCF776FCE86EF9F7D9FBE86EAF
:10F000001030FBF761FC0023EB66BEB1184D2C6895
:10F0100034B1214664682846FFF712FD002CF8D170
:10F0200030461CB070BD03F11800F8F783FF0646A8
:10F03000E86E002CCDD10028D3D1E4E76846FFF775
:10F0400033FC702269462846F1F726FD0026DDE7ED
:10F050000C2630461CB070BD0B2630461CB070BD6F
:10F060000028EBD02646BCE7641C0108D4570020DA
:10F07000F0460020174B70B51C680546C06E3CB3C7
:10F080000026D4E901431A69824218D0002CF8D135
:10F0900088B1D0F888339B78012B14BF0A21002156
:10F0A00000F52870FCF71EFCE86EF9F781FBE86EAE
:10F0B0001030FBF709FC0023EB66304670BD03F10E
:10F0C0001800F8F737FF0646E86E002CD9D1DFE7C5
:10F0D0002646DDE7D45700202DE9F041044684B0F0
:10F0E00024480F461646FFF79BFC00283CD02369B6
:10F0F0008568DFF8888003F58053C5E90564B3F8B7
:10F100009605421C0221A3F89625FBF7E1FB3C2261
:10F11000286141463846F9F791FC10B3164F304646
:10F1200064223946F9F75AFCD8B120690623D0F891
:10F130008423CDF80080CDE9017300F528701168B3
:10F1400063692A69FBF73CFA02462069D0F88C33E0
:10F15000D0F88413F9F706FC18B1284604B0BDE8CE
:10F16000F0812846F9F79AFB0025284604B0BDE84F
:10F17000F08100BFA4480020D86D00203C6E002024
:10F1800038B58469D4B1054620692A69D0F8883336
:10F1900000F528701968FBF797F902462069D0F846
:10F1A0009033D0F88813F9F7DDFB80F00104E4B266
:10F1B00028466400F9F772FB204638BD012420463A
:10F1C00038BD00BF054B1B6823B1986800F5287057
:10F1D000FBF7A8BE00200021704700BF906D002003
:10F1E0002DE9F0410568044628460E46F3F778FC01
:10F1F00008B3124B28461968F3F772FC054680B92C
:10F20000D4F80480D8F80040ACB1D8F80870043FB6
:10F2100057F8040F3146F3F763FC28B10135A542D6
:10F22000F6D10020BDE8F081D8F8103053F8253031
:10F23000BDE8F04118472046BDE8F08144050020B4
:10F24000004870474C05002070B50C4E35780DB164
:10F250000B4870BD284600F017F90C3007C8094C60
:10F2600084E80700284600F05DF80C3007C8183421
:10F27000012384E807003370014870BDE56E00206B
:10F28000981C0108CC0D0020F8B5174E37780FB147
:10F290001648F8BD164D174C0FCD0FC40FCD0FC437
:10F2A0002B682546384645F8043B00F0F9F88446BB
:10F2B000BCE80F000FC5BCE80F000FC53846DCF8EE
:10F2C00000302B6000F046F8012384463370BCE820
:10F2D0000F0028340FC4BCE80F000FC4DCF8003066
:10F2E00002482360F8BD00BFE46E0020681C0108DE
:10F2F000741C0108786E002050B110B5044600F06F
:10F3000055F800B110BD204600F070F8002010BD87
:10F310000020704708B100F069B870470048704796
:10F320008410002010B5084C207808B1074810BDA3
:10F3300000F0AAF80C3007C8054B83E8070001234A
:10F340000248237010BD00BF316F0020EC1C010883
:10F35000FC11002000487047C81C0108F8B50F4E8A
:10F3600037780FB10E48F8BD0E4D0F4C0FCD0FC4BE
:10F370000FCD0FC42B6844F8043B384600F090F8DA
:10F38000012384463370BCE80F000FC4BCE80F00B3
:10F390000FC4DCF8003002482360F8BD306F002055
:10F3A000BC1C0108C81C0108E86E0020D8B138B5A3
:10F3B000044600F095F830B104F108052846F9F745
:10F3C00071FB48B138BD204600F08EF804F108000A
:10F3D000F9F782FB002038BD204600F085F828466A
:10F3E000F9F77AFBF6E70020704700BF48B110B587
:10F3F000044600F079F804F10800BDE81040F9F780
:10F400006BBB704700487047DC120020034B1A7832
:10F410000AB901221A700248704700BF596F0020D4
:10F42000401D0108094B1A786AB930B4084D094CDF
:10F4300001221A700FCD0FC40FCD0FC42B680648E0
:10F44000236030BC70470448704700BF586F0020ED
:10F450001C1D0108346F0020101D010850B110B5AB
:10F460000446F9F71FFB00B110BD2046F9F734FB45
:10F47000002010BD0020704708B1F9F72DBB704780
:10F480000048704774140020034B1A780AB901220F
:10F490001A700248704700BF816F0020941D010858
:10F4A00000487047701D0108094B1A786AB930B4DA
:10F4B000084D094C01221A700FCD0FC40FCD0FC497
:10F4C0002B680648236030BC70470448704700BF73
:10F4D000806F0020701D01085C6F0020641D010812
:10F4E000003818BF01207047704700BF2DE9F04178
:10F4F00019461F4605469046FAF7C6FEE0B93E4655
:10F5000009E0A868F1F7C8FAAB68286923442044E9
:10F51000361BAB602861012231462846FAF73CFFD2
:10F52000B91B0446024641440028EAD10123A87DC4
:10F530006B755840BDE8F0813A46A8684146F1F73E
:10F54000ABFAAA682B693A443B44AA602B61EDE709
:10F550002DE9F04119461F4605469046FAF794FEFC
:10F56000E0B93E4609E0A968F1F796FAAA682B6966
:10F5700022442344361BAA602B61012231462846CF
:10F58000FAF70AFF0446B81B22464044002CEAD191
:10F590000123A87D6B755840BDE8F0813A46A96803
:10F5A0004046F1F779FAAA682B693A443B44AA60CD
:10F5B0002B61EDE72DE9F0418846114617460546D7
:10F5C000FAF762FEE0B93E4609E0A868F1F764FA8E
:10F5D000AA682B6922442344361BAA602B610122AE
:10F5E00031462846FAF7D8FEB91B04460246414484
:10F5F0000028EAD10123A87D6B755840BDE8F08151
:10F600003A46A8684146F1F747FAAA682B693A4496
:10F610003B44AA602B61EDE72DE9F04119461F46F6
:10F6200005469046FAF730FEE0B93E4609E0A86884
:10F63000F1F732FAAB68286923442044361BAB60EB
:10F640002861012231462846FAF7A6FEB91B044676
:10F65000024641440028EAD10123A87D6B75584039
:10F66000BDE8F0813A46A8684146F1F715FAAA6864
:10F670002B693A443B44AA602B61EDE72DE9F04148
:10F680008846114617460546FAF7FEFDE0B93E46A4
:10F6900009E0A968F1F700FAAA682B69224423441B
:10F6A000361BAA602B61012231462846FAF774FE08
:10F6B0000446B81B22464044002CEAD10123A87D11
:10F6C0006B755840BDE8F0813A46A9684046F1F7AD
:10F6D000E3F9AA682B693A443B44AA602B61EDE741
:10F6E0002DE9F04119461F4605469046FAF7CCFD34
:10F6F000E0B93E4609E0A968F1F7CEF9AA682B699E
:10F7000022442344361BAA602B610122314628463D
:10F71000FAF742FE0446B81B22464044002CEAD1C8
:10F720000123A87D6B755840BDE8F0813A46A96871
:10F730004046F1F7B1F9AA682B693A443B44AA6004
:10F740002B61EDE738B5054608460C46F2F7D8FCC4
:10F750002146421C2846BDE83840FAF759BE00BF92
:10F7600000B583B001ABFAF765FE03B05DF804FBAA
:10F770004FF6FF73038070474FF6FF7303807047A7
:10F7800038B5044600880D4600F028FD0346002BDE
:10F790004FEAD070B8BF258038BD00BF70B50546B0
:10F7A0000C462B68096820896268B2FBF0F25B1A8C
:10F7B000B3FBF2F301339BB2B3FBF0F600FB16335D
:10F7C0009BB202FB03F3181D0844267D50F8042C5D
:10F7D00016B1002640F8046C032A01D8012070BD40
:10F7E0000833194428462B69043AFAF799FD28464C
:10F7F00002492246FAF770FD002070BD9DF700080F
:10F8000000B5C0E900124FF0000E019A03810261B9
:10F8100080F814E0D3B1C1F800E0B0F808C0BCF142
:10F82000010F13D90123B3FBFCF10CFB113189B299
:10F830004268B2FBFCF201FB02F2016841F802E00F
:10F840000133B0F808C09BB29C45ECD84FF0FF33B1
:10F85000C3605DF804FB00BF0189E9B14FF0000C03
:10F8600000B56346E646B3FBF1F201FB12339BB2EF
:10F870004268B2FBF1F203FB02F2036843F802E0D4
:10F880000CF1010C01891FFA8CF39942EBD84FF06F
:10F89000FF33C3605DF804FB4FF0FF33C360704774
:10F8A0002DE9F04104460D460189808990461F46A6
:10F8B00000F08CFC29460646A08900F08FFC002849
:10F8C0000ADB0026E089294600F088FC0028B8BF42
:10F8D000E5813046BDE8F0813046294600F07EFCE7
:10F8E0000028EEDB23694046984701210646A0899F
:10F8F00000F06CFC0EB9854246D02189B5FBF1F2CF
:10F9000001FB125292B263682068B3FBF1F302FB71
:10F9100003F30433184450F8043C002BD1D1414682
:10F920003A46F1F7B9F82189B5FBF1F201FB125221
:10F9300092B26368B3FBF1F302FB03F32268D75082
:10F94000069A01231370002EBBD0A68901213046F0
:10F9500000F03CFC2189B0FBF1F201FB120292B2F3
:10F960006368B3FBF1F3064602FB03F3206804333C
:10F97000184450F8043C002BA3D023699847022870
:10F9800005D00128E2D09CE7069BA5811E700126C8
:10F9900098E700BF2DE9F04704460F468089012112
:10F9A000904600F013FC2189B0FBF1F201FB12023A
:10F9B00092B263682668B3FBF1F302FB03F30433EE
:10F9C0001E4456F8049CB9F1000F23D02369054664
:10F9D00030469847824600B3B4F80CA00121504647
:10F9E00000F0F4FB2189B0FBF1F2824601FB120228
:10F9F000D4E9000392B2B3FBF1F302FB03F3043347
:10FA0000184450F8043C2BB12369984702281BD0B6
:10FA10000128E3D00020BDE8F0874A463146384649
:10FA2000FAF786FC2189B5FBF1F201FB125292B282
:10FA30006368B3FBF1F302FB03F3226842F803A00F
:10FA4000A5810120BDE8F08706EB08012689B5FBFA
:10FA5000F6F006FB105080B26368B3FBF6F300FBD0
:10FA600003F320680025C550A9EB08023846FAF7D1
:10FA70005FFC034922463846FAF72EFC5546DFE77D
:10FA80009DF7000838B511460446C089154600F0B8
:10FA9000A5FB0028B8BFE58138BD00BF2DE9F843BC
:10FAA0000389858904460E46002B48D02846012745
:10FAB00003E0674543D2A0890137B9B200F086FB65
:10FAC000B4F808C0B0FBFCF2D4E900130CFB12023E
:10FAD00092B2B3FBFCF302FB03F3CB58002BE8D14B
:10FAE00030800121E58900F075FB0146284600F0D1
:10FAF00071FB05460746F8B14FF000094D464FF03F
:10FB000001081FFA89F1308800F060FB2189B0FB01
:10FB1000F1F303FB1100D4E9002380B2B3FBF1F34E
:10FB200000FB03F308FA09F1D35809F101090BB9F5
:10FB300029438DB24F45E4D12846BDE8F8832846D5
:10FB4000CEE700BF4FF6FF7CC0E9013201600373CE
:10FB5000A0F80EC0704700BF027B42604FF6FF73F3
:10FB6000C3817047F0B5044683B040680D46164621
:10FB7000FCF7F0FE63681844A368421993422CBF57
:10FB80000127002702D2384603B0F0BD009021685B
:10FB900030460023FAF7BAFB636838462B446360AB
:10FBA00003B0F0BD2DE9F04104461D464068237BBB
:10FBB00098428CBF0126002602D83046BDE8F0816D
:10FBC0008846E0890121174600F000FB2368E081A8
:10FBD0002880C8F8003063683B60237B6360304650
:10FBE000BDE8F08138B50C4603680968B4F808C070
:10FBF0006268B2FBFCF25B1AB3FBF2F301339BB217
:10FC0000B3FBFCFE0CFB1E339BB202FB03F394F828
:10FC10000CC0CA586344A2EB0C02083305461944D1
:10FC2000043A0369FAF77CFB284603492246FAF7AF
:10FC300053FB002038BD00BFE5FB000810B49DF861
:10FC400004C00381C0E9001280F80CC0D3B1C1F830
:10FC500000C0B0F808C0BCF1010F13D90123B3FBF9
:10FC6000FCF10CFB113189B242680468B2FBFCF272
:10FC700001FB02F2017BA1500133B0F808C09BB236
:10FC80009C45ECD84FF0FF326FF00043C0E90623EB
:10FC900005495DF8044BC0F80E104FF6FF720023C3
:10FCA00042820384704700BF0000FFFF0189B1B1A9
:10FCB0004FF0000C6346B3FBF1F201FB12339BB231
:10FCC0004268B2FBF1F2016803FB02F2037B8B5046
:10FCD0000CF1010C01891FFA8CF39942EBD84FF01B
:10FCE000FF326FF00043C0E906230449C0F80E104C
:10FCF0004FF6FF7200234282038470470000FFFF2B
:10FD00002DE9F04F044691B00089E78923680492F9
:10FD1000B7FBF0F200FB127292B26568B5FBF0F52A
:10FD200005FB0232043252F804AC94F80CB0039292
:10FD30008846A5F10409002800F0438100210E4601
:10FD40008AB2B2FBF0FC00FB1C2292B205FB02F26D
:10FD500001319A585A4504BF0136B6B28142EFD1FB
:10FD6000504604210596FAF7E7FA82440AEB0802A6
:10FD70004A4540F2CA80227B42444A4540F2B28062
:10FD8000CBF57F42FC321FFA89F31A4492B206FB8C
:10FD900002FBC34505920692C0F0B3800AF104024B
:10FDA0004A4580F0DB80A3F1040BABEB0A0B059B0B
:10FDB0001FFA8BFBA8EB0B08B8FBF3FC03FB1C83BF
:10FDC0001FFA8CFC002B40F0C180B44500F29980F2
:10FDD0000DF12008BCF1000F40D0CDF81CA000268A
:10FDE000DDF814A005950DF12008654600E0D34626
:10FDF0002189B7FBF1F201FB127292B26368B3FB87
:10FE0000F1F3216802FB03F304331944404651F82F
:10FE1000042C009200234A46FAF778FA5A46002347
:10FE20000D214046FCF756FDB4F808C0B7FBFCF2C4
:10FE30000CFB127292B26368B3FBFCF302FB03F398
:10FE40002268384642F80390012100F0BFF90136DC
:10FE5000AE420746CBD1DDF81CA0059D2089B7FB3B
:10FE6000F0F100FB117189B26368B3FBF0F301FBA1
:10FE700003F32168043319444A4651F8040C0090F6
:10FE800000234046FAF742FA4046DDF81880022384
:10FE90001FFA88F20D21FCF71DFD2689039B207BAC
:10FEA000A5F108020AF10401B7FBF6F506FB15758A
:10FEB0000B44ADB2194604306368B3FBF6F305FB9F
:10FEC00003F325684044E850049DA2EB0A0228464B
:10FED000FAF72EFA3C4922462846FAF7FDF9E7815F
:10FEE00001200FE00121E08900F070F92189054629
:10FEF000608A00F06BF90146284600F06FF900288F
:10FF000045DD002011B0BDE8F08F2189608A05929F
:10FF100000F05CF90146384600F060F90028059AC7
:10FF2000EFDC2689B7FBF6F506FB1575ADB2636805
:10FF30002468B3FBF6F305FB03F3DDE90310E2509D
:10FF40000023CDF800A0FAF7E1F9C9E70CF1010CA4
:10FF50001FFA8CFCB4450693D3D839E73846012103
:10FF6000079300F033F9218962680746B0FBF1F08E
:10FF700001FB107080B2B2FBF1F1226800FB01F1CD
:10FF800004315318039353F804AC079B0BE7218902
:10FF9000B5FBF1F201FB125292B26368B3FBF1F3CD
:10FFA0002168049802FB03F30433227B1944424482
:10FFB00041F8042C237B00930023FAF7A7F9E5818D
:10FFC0008EE70646CCE600BFE5FB0008F8B5044620
:10FFD0000F46008A012115461E4600F0F7F83080D2
:10FFE0002289B0FBF2F302FB130C1FFA8CFC63684E
:10FFF000B3FBF2F30CFB03FC2368E1890CF1040C66
:020000040801F1
:1000000063443B602368634453F8043C2B6000F076
:10001000E5F8002801DD0020F8BD237B2A689A421C
:10002000F9D9618A208A00F0D5F823898342F2D079
:100030003088E3892082984201D00120F8BD012157
:1000400000F0C4F8E081F8E770B5018A0446408A00
:1000500015461E4600F0C2F8002807DB4FF0FF35BA
:100060006FF00046C4E90656002070BD94F82030B9
:1000700053B9012384F8203064354FF0000046F175
:100080000006C4E9065670BDD4E906128D4276EB2F
:100090000202F1DB0133643584F820304FF00100B7
:1000A00046F10006EDE700BF408A70472DE9F041B8
:1000B00090F82180B8F1000F04D14FF000084046BD
:1000C000BDE8F08104460E46188817461D4619E023
:1000D00021892888B0FBF1FCD4E9003201FB1C0C1B
:1000E0001FFA8CFCB2FBF1F202FB0CFC0CF1040CCD
:1000F000634433602368634453F8043C3B60227BD1
:100100009A42DCD1012100F061F82880218A00F0B8
:1001100065F80028DCDD002384F82130CDE700BF3E
:10012000F8B504460E461046012100F053F8618AE6
:1001300000F050F8C0B1054600270121608A00F0A8
:1001400045F8B4F808C0B0FBFCF1D4E900230CFB7F
:10015000110189B20137B3FBFCF301FB03F3BD428C
:10016000217B6082D150E8D1003E4FF0000318BFE0
:10017000012684F8203084F82160F8BD018A408A85
:1001800008B500F02BF8B0FA80F0400908BD00BFB8
:100190000189C1B130B5002243680568047BB3FB17
:1001A000F1FE104693B2B3FBF1FC01FB1C339BB292
:1001B0000EFB03F30132EB589C4204BF013080B2C6
:1001C0009142EFD130BD0846704700BF084480B26D
:1001D000704700BF401A80B2704700BF884210D0FD
:1001E00007D2091AB1F5004FB4BF4FF0FF3001201C
:1001F0007047411AB1F5004FCCBF4FF0FF300120DE
:1002000070470020704700BF30B583B000230193D2
:10021000C0B1044601A91848F7F718FB10B1012036
:1002200003B030BD019D2B7823B903232370002038
:1002300003B030BD11492846F2F752FC28B901231A
:100240002370F4E70B2003B030BD0D492846F2F7C8
:1002500047FC68B10B492846F2F742FC0028E4D07D
:1002600009492846F2F73CFC10B904232370DEE765
:1002700002232370DBE700BF3C1601085C1601086F
:10028000601601086C1601087416010804289ABF4C
:10029000024B53F820000020704700BFB81D010832
:1002A0002DE9F0478CB00023049300284ED00D4672
:1002B00000294BD0044604A92D48F7F7C7FA18B116
:1002C00001200CB0BDE8F087049B002BF8D005AFEF
:1002D000384600F085FB05F10803039793E8070013
:1002E0008DE80700049895E80C003B2100F0C6FA61
:1002F0000028E5D105992A46204600F0DFFB064696
:1003000090BBDDF81490B9F1000F26D0DDF818A0ED
:1003100080465AF826502846F1F7F2FEFF28294673
:100320004FEA062516D860684FF4807200EB06206D
:10033000F2F788F86368DDF8149001362B444E45D7
:1003400083F8FF8009D2DDF818A0E2E70B200CB09B
:10035000BDE8F08701364E45DBD3384600F080FB20
:10036000003818BF0120ACE7FDF716FCA9E700BF75
:100370008416010830B583B000230093F0B1044621
:1003800069461248F7F762FA024608B1012004E014
:10039000009808B1037813B9002003B030BD01A95B
:1003A0000192F1F743FE054658B1431C04D1EFF723
:1003B000E5FF0368222BE9D02560EDE70B2003B0B1
:1003C00030BD019B1B78002BF6D0DFE764170108D6
:1003D0002DE9F04F8BB00693002800F0AD800E465B
:1003E000002900F0A9801746002A00F0A580002B04
:1003F00000F0A280199B002B00F09E80002209A92A
:10040000804600F049F90546002840F09680099B97
:10041000002B40F09A80024609A93046F7F740FCCD
:10042000002840F08E80099A002A40F0938009A9A4
:100430003846F7F717FC002840F08380099D002D0F
:1004400040F0F4807B214046F1F7E6F998F800305F
:100450002F2B044600F09F807E2B40F0E980384629
:10046000F1F74EFE824A834B012808BF13460293E0
:10047000189B0093CDE9037608F1010305934FF42F
:100480000063019314AB0FCBF7F72AFA82460028DA
:1004900000F0D180002C00F085807B21F1F7BCF9C1
:1004A000D146044607954D46002C00F0A0807D21E2
:1004B0002846F1F7B1F9A0EB040909F1010B6E48E8
:1004C0005A462146F2F730FA002869D06B485A465E
:1004D0002146F2F729FA30B169485A462146F2F727
:1004E00023FA002838D1B94616AB93E807008DE807
:1004F000070014AB20460CCB5946F7F745FB0446E2
:10050000002800F09D804A46284614AB2146F7F7A4
:1005100021FA159B1899054620469847159B18996E
:1005200050469847002D00F086807B212846F1F741
:1005300073F9AA460446B7E70B2528460BB0BDE879
:10054000F08FFDF729FB0546F7E7672528460BB036
:10055000BDE8F08FC925F0E709F1FF320698611C6C
:10056000FEF724F981460028BED1199A16AB106017
:1005700093E807008DE8070014AB0CCB59462046E2
:10058000F7F702FB159B18999847159B1899504649
:1005900098476925D1E7002859D0C146AA4681E786
:1005A000B146A1E79AF800302F2B1CD03846F1F75E
:1005B000A7FD344A344BCDF810A0012818BF1346CC
:1005C0004FF40061CDE90113189A0397009214AB20
:1005D0000FCBF7F785F9159B1899044650469847B5
:1005E000A24653463BB3199BC3F800A0A5E7534668
:1005F000079D002BD6D198F800302F2BF3D038462A
:10060000F1F77EFD1F4A204BCDF81080012818BF5E
:1006100013464FF40061CDE90113189A0397009235
:1006200014AB0FCBF7F75CF98246DAE7CA2584E70B
:100630000028B2D1E3E7199A002313600A257CE76A
:10064000DDE91812159B146050469847F6E717AB82
:1006500093E803008DE8030014AB0ECB4046F7F798
:100660005DFA199B186000287FF467AFE6E700BFCA
:1006700044120108741701087C1701088417010847
:100680008C170108D40E0108CC0E010800280CBFFD
:100690000B200020704700BF00286BD02DE9F84FD9
:1006A0000D4600296DD016460446F1F729FD90B19C
:1006B0002178714A535C13F004035DD1471E14F88E
:1006C00007C0BCF12F0F0DD102232B6046B137605C
:1006D0000020BDE8F88F01232B600EB100233360AA
:1006E0000020F6E704F1FF389A469E4618F8019F6D
:1006F000A9F12F0CBCF14F0F5BD8DFE80CF063447D
:100700004444444444444444445A5A5A5A5A5A5A0F
:100710004444444444444444444444444444444499
:10072000444444444444444444445A5A5A5A2E5A31
:100730004444444444444444444444444444444479
:1007400044444444444444444444285A736BBAF1F6
:10075000000F3AD173464FF0010A0EF1010E7045B9
:10076000C4D1BAF1000F48D005222A60002EB7D0BC
:100770003360B5E70B20704704232B60002EADD10A
:10078000AEE70B20A5E712F809C01CF0040FE4D077
:10079000BAF1000FE1D0BEF1000FDED00EF1FF3C48
:1007A0006345DAD109232B60002E99D0C6F800E00A
:1007B00096E7BAF1000F0CBF032308232B60002E2D
:1007C000F4D18DE7BAF1000FC7D008232B60002EBB
:1007D000ECD185E7BEF1000FBFD006232B60002EC1
:1007E000E4D17DE7BAF1000F04D105232B60002E80
:1007F000DCD175E74FF0000AAFE77E291DD001215B
:1008000006E08E4504F1010401F1010312D91946F5
:1008100057450AF1010AF4D023782F2BF1D16378E0
:10082000D35C5B07EDD504232B60002E3FF458AF5B
:10083000316055E700232B6052E7534601210AE05F
:10084000012B12D08E4503F1010304F1010401F1E3
:100850000100EFD901469F42F4D020782F28EFD134
:100860006078105C4007EDD5DDE707222A60002E96
:100870007FF47EAF34E700BF110D010882B02DE98F
:10088000F04F8BB014AC199F84E80C00002F00F0DF
:100890009F800646002871D00478002C6ED00D464B
:1008A000F1F72EFC3318641B13F8013C8046B4FAB0
:1008B00084F46409AB4208BFA8F10108444578D22A
:1008C000331906EB0800012113F8012BAA4208BFD7
:1008D00001318342F8D114AA384600F09FF88146CE
:1008E000002859D17A68A24602E00134444522D258
:1008F000335DAB42F9D15445A4EB0A0B37D0149BBE
:10090000189901920BF102009847019A42F82900C8
:100910007A6852F8290006EB0A030BF1010100285E
:1009200038D02E4AF2F78EFA7A6809F101090134BB
:100930004445A246DCD3544543D0A4EB0A04149B9F
:1009400018990192A01C9847019A7B6842F82900E7
:1009500053F8290000B3214A06EB0A03611CF2F7A1
:1009600071FA00200BB0BDE8F04F02B070473B6851
:10097000013B00213B6042F82310D8E702A802ACFB
:1009800000F02EF80FCC0FC794E8070087E80700A7
:100990000020E7E7C7F80090384600F061F828B972
:1009A0000A200BB0BDE8F04F02B07047F6F77CFFAD
:1009B000F6E714AA0121384600F030F80028EBD100
:1009C0007A683B68013B00213B6042F82310DFE777
:1009D0000B200BB0BDE8F04F02B070474812010881
:1009E00070B586B006466846F6F706FFEE46BEE8E6
:1009F0000F00094C04F108050FC5A446DEF80030CD
:100A00002B60BCE80F0034460FC49CE8070084E864
:100A10000700304606B070BD846F0020DAB170B5B3
:100A20000546D0B10E461446D2E9033201600421D6
:100A300030469847686050B1A446BCE80F0005F105
:100A400008040FC4DCF800302360002070BD002EC5
:100A5000F2D00A2070BD0B2070470B2070BD00BF84
:100A600010B3436870B50446D3B10830F6F7E0FE22
:100A7000C0B1D4E900306BB100252E4650F82500F6
:100A8000E368A1699847D4E9003040F82560013552
:100A9000AB42F3D8E368A16998470023C4E9003367
:100AA000002070BD0B2070BD0B20704710B52022B8
:100AB00004460021EFF7FCFB204610BD28B370B5BB
:100AC000044610460E461546F6F7B2FED8B1A368A6
:100AD000CBB96368BBB923780BB90223237086B105
:100AE000D5E903324FF4807130469847606070B1A9
:100AF0000FCD04F10C0CA660ACE80F002B68CCF80D
:100B00000030002070BD0B2070BD0B2070470A2004
:100B100070BD00BF82B002B0704700BF2DE9F04148
:100B2000224A94B012681A9DBDF86C60CDE912316A
:100B3000C2B3BDF84C109DF84E0001E052688AB374
:100B40009468A38A8B42F9D1A37D8342F6D14822CF
:100B500004F130016846EFF79FFF04F128030CCB46
:100B60002046F7F7A7FE0746E0B1D0F808803246E6
:100B7000284608F11001FEF781FD30B90C483946CE
:100B800014B0BDE8F041FDF75BBFC8F81448C8F8E1
:100B90001068FEF717FB052308F5026242E902011F
:100BA00088F8203814B0BDE8F08100BFA04E0020C6
:100BB000F04600202DE9F041234894B000681A9FC8
:100BC000BDF86C60139100283BD01D4601E04068E1
:100BD000B8B38468218B9142F9D1482204F12801ED
:100BE0006846EFF759FF04F120030CCB2046F7F7D6
:100BF00061FE804628B33846D8F80870324607F1BF
:100C00001001FEF73BFD30B91048414614B0BDE875
:100C1000F041FDF715BF0FCD07F6280CC7F81448B3
:100C2000C7F81068ACE80F0095E803008CE80300F3
:100C3000FEF7C8FA032307F5026242E9020187F8CA
:100C4000203814B0BDE8F081584A0020F04600205A
:100C50002DE9F041214894B000681A9FBDF86C60FE
:100C60001391B8B31D4601E0406898B38468218BA6
:100C70009142F9D1482204F128016846EFF70CFFB0
:100C800004F120030CCB2046F7F714FE804608B38E
:100C90003846D8F80870324607F11001FEF7EEFC2E
:100CA00030B90F48414614B0BDE8F041FDF7C8BE69
:100CB0000022C7F82C28C7F81448C7F81068C7F8EE
:100CC0002858FEF77FFA042307F5026242E9020181
:100CD00087F8203814B0BDE8F08100BF80490020BB
:100CE000F0460020F8B500BFF8BC08BC9E4670472F
:0C0CF000F8B500BFF8BC08BC9E46704779
:100D0000FFFD000058524345010F0000FFFE0000A8
:100D100000202020202020202020282828282820CB
:100D200020202020202020202020202020202020C3
:100D3000208810101010101010101010101010102B
:100D4000100404040404040404040410101010101B
:100D500010104141414141410101010101010101E5
:100D60000101010101010101010101011010101037
:100D700010104242424242420202020202020202B7
:100D8000020202020202020202020202101010100B
:100D90002000000000000000000000000000000033
:100DA0000000000000000000000000000000000043
:100DB0000000000000000000000000000000000033
:100DC0000000000000000000000000000000000023
:100DD0000000000000000000000000000000000013
:100DE0000000000000000000000000000000000003
:100DF00000000000000000000000000000000000F3
:100E000000000000000000000000000000000000E2
:100E100000000000756C747261736F6E69635F6EC1
:100E20006F646500756C747261736F6E69632F6CAB
:100E300065667400756C747261736F6E69632F728E
:100E40006967687400000000756C747261736F6E7E
:100E500069632F6D6964646C65000000756C747261
:100E600061736F6E69632F646562756700000000CF
:100E700073656E736F725F6C6566740073656E7315
:100E80006F725F72696768740000000073656E734B
:100E90006F725F6D6964646C650000004167656E28
:100EA0007420636F6E6E65637465640D0A000000E4
:100EB00050696E67696E67204167656E740D0A0040
:100EC0002E0000002F0000002F25730025732573CE
:100ED0000000000025732F2573000000524F535F60
:100EE00044495341424C455F4C4F414E45445F4D50
:100EF0004553534147455300617267756D656E7484
:100F000020656E765F6E616D65206973206E756C0D
:100F10006C000000617267756D656E7420656E7699
:100F20005F76616C7565206973206E756C6C00006E
:100F3000726D775F76616C69646174655F6E616D17
:100F400065737061636528293A20756E6B6E6F77E3
:100F50006E20726D775F76616C69646174655F663F
:100F6000756C6C5F746F7069635F6E616D65282965
:100F700020726573756C74202725642700000000BB
:100F8000756E6B6E6F776E20726573756C7420630F
:100F90006F646520666F7220726D77206E616D657B
:100FA00073706163652076616C69646174696F6EEA
:100FB000000000006E616D657370616365206D7582
:100FC0007374206E6F7420626520656D7074790093
:100FD0006E616D657370616365206D7573742062F9
:100FE00065206162736F6C7574652C206974206D67
:100FF000757374206C656164207769746820612062
:10100000272F27006E616D657370616365206D75B4
:101010007374206E6F7420656E6420776974682025
:101020006120272F272C20756E6C657373206F6EDF
:101030006C79206120272F27000000006E616D650C
:101040007370616365206D757374206E6F742063B7
:101050006F6E7461696E206368617261637465723A
:1010600073206F74686572207468616E20616C70A3
:1010700068616E756D65726963732C20275F272C1C
:10108000206F7220272F27006E616D65737061637A
:1010900065206D757374206E6F7420636F6E74615C
:1010A000696E20726570656174656420272F270062
:1010B0006E616D657370616365206D757374206E0C
:1010C0006F742068617665206120746F6B656E2097
:1010D00074686174207374617274732077697468C2
:1010E0002061206E756D6265720000006E616D6535
:1010F00073706163652073686F756C64206E6F74C4
:10110000206578636565642027524D575F4E414DD9
:101110004553504143455F4D41585F4E414D455FFA
:101120004C454E4754482700756E6B6E6F776E20A6
:10113000726573756C7420636F646520666F7220CE
:10114000726D77206E6F6465206E616D65207661CB
:101150006C69646174696F6E000000006E6F646595
:10116000206E616D65206D757374206E6F742062E2
:101170006520656D707479006E6F6465206E616DB9
:1011800065206D757374206E6F7420636F6E74616B
:10119000696E2063686172616374657273206F7435
:1011A000686572207468616E20616C7068616E752C
:1011B0006D6572696373206F7220275F27000000DE
:1011C0006E6F6465206E616D65206D757374206E41
:1011D0006F74207374617274207769746820612061
:1011E0006E756D62657200006E6F6465206E616D74
:1011F00065206C656E6774682073686F756C642019
:101200006E6F7420657863656564202732353527F5
:1012100000000000726F7369646C5F7479706573AD
:101220007570706F72745F6D6963726F78726365E9
:101230006464735F630000003A3A0000257325730D
:101240002573257325732573257300005F00000047
:1012500064647300556E65787065637465642063BB
:101260006F6E646974696F6E3A20737472696E6729
:1012700020636170616369747920776173207A6596
:10128000726F20666F7220616C6C6F63617465644D
:101290002064617461212045786974696E672E0A43
:1012A00000000000556E65787065637465642063A6
:1012B0006F6E646974696F6E3A20737472696E67D9
:1012C0002073697A6520776173206E6F6E2D7A6561
:1012D000726F20666F72206465616C6C6F636174FD
:1012E00065642064617461212045786974696E6762
:1012F0002E0A0000556E657870656374656420621F
:1013000065686176696F723A20737472696E6720DE
:10131000636170616369747920776173206E6F6EA9
:101320002D7A65726F20666F72206465616C6C6FD8
:101330006361746564206461746121204578697417
:10134000696E672E0A00000073656E736F725F6DC1
:1013500073677300726F7369646C5F74797065731F
:101360007570706F72745F696E74726F737065639D
:1013700074696F6E5F635F5F6765745F6D657373DC
:101380006167655F747970655F737570706F727493
:101390005F68616E646C655F5F73656E736F725FCB
:1013A0006D7367735F5F6D73675F5F52616E6765D3
:1013B00000000000726F7369646C5F74797065730C
:1013C0007570706F72745F6D6963726F7872636548
:1013D0006464735F635F5F6765745F6D657373619A
:1013E00067655F747970655F737570706F72745F35
:1013F00068616E646C655F5F73656E736F725F6D5D
:101400007367735F5F6D73675F5F52616E676500DF
:10141000726F7369646C5F74797065737570706FE7
:1014200072745F696E74726F7370656374696F6EE6
:101430005F63000073656E736F725F6D7367735FD8
:101440005F6D73670000000052616E676500000009
:101450006865616465720000726164696174696FD6
:101460006E5F7479706500006669656C645F6F66B5
:101470005F766965770000006D696E5F72616E6707
:10148000650000006D61785F72616E676500000045
:1014900076617269616E63650000000073656E734A
:1014A0006F725F6D7367733A3A6D73670000000087
:1014B0007374645F6D73677300000000726F73690B
:1014C000646C5F74797065737570706F72745F6946
:1014D0006E74726F7370656374696F6E5F635F5F64
:1014E0006765745F6D6573736167655F7479706557
:1014F0005F737570706F72745F68616E646C655F46
:101500005F7374645F6D7367735F5F6D73675F5F55
:10151000537472696E670000726F7369646C5F74F4
:10152000797065737570706F72745F6D6963726FD7
:10153000787263656464735F635F5F6765745F6D32
:101540006573736167655F747970655F73757070DB
:101550006F72745F68616E646C655F5F7374645F03
:101560006D7367735F5F6D73675F5F537472696EEE
:10157000670000007374645F6D7367735F5F6D7302
:101580006700000048656164657200007374616DF6
:10159000700000006672616D655F696400000000A4
:1015A00064617461000000007374645F6D7367733D
:1015B0003A3A6D73670000006275696C74696E5F1A
:1015C000696E74657266616365735F5F6D736700F2
:1015D00054696D65000000006E616E6F7365630095
:1015E0006275696C74696E5F696E74657266616359
:1015F00065733A3A6D736700524F535F4C4F4341E6
:101600004C484F53545F4F4E4C5900006364720076
:10161000726D775F6D6963726F787263656464730E
:1016200000000000726F7369646C5F747970657399
:101630007570706F72745F6300000000524F535FEB
:101640004155544F4D415449435F444953434F56CC
:101650004552595F52414E47450000004F464600F3
:101660004C4F43414C484F53540000005355424E99
:101670004554000053595354454D5F444546415528
:101680004C540000524F535F5354415449435F50F0
:101690004545525300000000524D575F4155544F8D
:1016A0004D415449435F444953434F564552595F56
:1016B00052414E47455F4E4F545F53455400000022
:1016C000524D575F4155544F4D415449435F444932
:1016D00053434F564552595F52414E47455F4F461F
:1016E00046000000524D575F4155544F4D415449FB
:1016F000435F444953434F564552595F52414E4709
:10170000455F4C4F43414C484F535400524D575F37
:101710004155544F4D415449435F444953434F56FB
:101720004552595F52414E47455F5355424E4554CD
:1017300000000000524D575F4155544F4D415449F0
:10174000435F444953434F564552595F52414E47B8
:10175000455F53595354454D5F44454641554C549C
:1017600000000000524F535F444F4D41494E5F49C6
:101770004400000025732F25732573007B6E6F6472
:10178000657D00007B6E737D000000007B6E616DE7
:101790006573706163657D005245454E54206D61EF
:1017A0006C6C6F63207375636365656465640000CA
:1017B0002E2E2F2E2E2F2E2E2F2E2E2F2E2E2F2E44
:1017C0002E2F6E65776C69622F6C6962632F73745C
:1017D000646C69622F72616E642E63002C206675E2
:1017E0006E6374696F6E3A20000000006173736568
:1017F0007274696F6E2022257322206661696C65A0
:10180000643A2066696C6520222573222C206C695D
:101810006E65202564257325730A0000232D302B67
:1018200020000000686C4C00656667454647000074
:101830003031323334353637383941424344454606
:1018400000000000303132333435363738396162C8
:1018500063646566000000000000000001020304EC
:101860000000000000000000010203040607080950
:101870000102030405060708090A0B0C0D0E0F10E0
:1018800002030405060708090A0B0C0D0E0F1010C1
:101890000000000000000000000000000000000048
:1018A000010000000A00000001020000000000002A
:1018B0000000000000000000000000000000000028
:1018C0000000000000000000000000000000000018
:1018D0000000000000000000000000000000000008
:1018E00000000000000000000000000000000000F8
:1018F000010000000A0000000102000000000000DA
:1019000000000000000000000000000000000000D7
:1019100000000000000000000000000000000000C7
:1019200000000000000000000000000000000000B7
:1019300000000000000000000000000000000000A7
:101940000000000000000000000000000000000097
:101950000000000000000000B40F0108D00F0108D3
:10196000041001083C10010888100108B01001089B
:10197000EC100108000000005C110108781101085A
:10198000C0110108E8110108727400000200000093
:1019900048130108A8190108A01901081C0100201A
:1019A00054130108B413010810140108141201089B
:1019B0003414010848140108070000002C0000003E
:1019C000000000003C010020F58B0008F98B0008A6
:1019D00002000000B0140108EC190108E419010824
:1019E0002C030020BC14010818150108101401086C
:1019F0001412010874150108841501080200000082
:101A000014000000000000004C030020F18D0008CD
:101A1000F58D00087415010810150108010000007B
:101A20000C00000000000000DC030020258E0008F0
:101A3000298E0008B8150108D01501080200000021
:101A40000800000000000000980400203D900008FD
:101A5000419000080000C1C081C1400101C3C00322
:101A6000800241C201C6C006800741C70005C1C54A
:101A700081C4400401CCC00C800D41CD000FC1CF0A
:101A800081CE400E000AC1CA81CB400B01C9C009FA
:101A9000800841C801D8C018801941D9001BC1DB9A
:101AA00081DA401A001EC1DE81DF401F01DDC01D4A
:101AB000801C41DC0014C1D481D5401501D7C0176A
:101AC000801641D601D2C012801341D30011C1D17A
:101AD00081D0401001F0C030803141F10033C1F3BA
:101AE00081F240320036C1F681F7403701F5C0354A
:101AF000803441F4003CC1FC81FD403D01FFC03F0A
:101B0000803E41FE01FAC03A803B41FB0039C1F9F9
:101B100081F840380028C1E881E9402901EBC02B59
:101B2000802A41EA01EEC02E802F41EF002DC1ED49
:101B300081EC402C01E4C024802541E50027C1E769
:101B400081E640260022C1E281E3402301E1C02179
:101B5000802041E001A0C060806141A10063C1A379
:101B600081A240620066C1A681A7406701A5C06549
:101B7000806441A4006CC1AC81AD406D01AFC06F09
:101B8000806E41AE01AAC06A806B41AB0069C1A9F9
:101B900081A840680078C1B881B9407901BBC07B99
:101BA000807A41BA01BEC07E807F41BF007DC1BD49
:101BB00081BC407C01B4C074807541B50077C1B769
:101BC00081B640760072C1B281B3407301B1C07179
:101BD000807041B00050C190819140510193C05339
:101BE000805241920196C056805741970055C19549
:101BF00081944054019CC05C805D419D005FC19F09
:101C0000819E405E005AC19A819B405B0199C059F8
:101C1000805841980188C04880494189004BC18B58
:101C2000818A404A004EC18E818F404F018DC04D48
:101C3000804C418C0044C184818540450187C04768
:101C4000804641860182C042804341830041C18178
:101C50008180404000000000000000000000000003
:101C60000000000010160108786E0020030000003C
:101C7000030000006C10002015000000150000009B
:101C80007005002003000000030000007405002020
:101C90004C0800004C0800006C10002015000000EB
:101CA00015000000F00D00200700000007000000F4
:101CB000C00D00200200000002000000E86E0020BD
:101CC0000200000002000000C81200201300000003
:101CD00013000000A8100020030000000300000013
:101CE000AC1000204201000042010000C812002098
:101CF0001300000013000000081200200200000082
:101D000002000000F01100200100000001000000AE
:101D1000346F00200100000001000000601400206A
:101D20001300000013000000001300200300000057
:101D30000300000004130020070100000701000059
:101D40006014002013000000130000001014002095
:101D50000100000001000000000000000000000081
:101D6000000000005C6F0020010000000100000086
:101D7000E41600201B0000001B0000009814002047
:101D800003000000030000009C140020A5010000D7
:101D9000A5010000E41600201B0000001B0000004D
:101DA00048160020020000000200000000000000B1
:101DB000000000000000000098160108C01601088D
:0C1DC000E41601080C1701083417010894
:081DCC00CCECFE7F01000000D9
:0C1DD40029020008E18B0008DD8D0008EA
:041DE00001020008F4
:101DE4000400002000000000241700208C170020AD
:101DF400F4170020000000000000000000000000B4
:101E040000000000000000000000000000000000CE
:101E140000000000000000000000000000000000BE
:101E240000000000000000000000000000000000AE
:101E340000000000030000002417002000127A00B4
:101E4400141B0020010000001000000000080048DE
:101E5400010000000000004800040000781A00207F
:101E64000C00000000000000000000000000000062
:101E7400000000000000000000080048040000000A
:101E84000000004800010000C41A00200000000007
:101E9400000000000000000000000000000000003E
:101EA4000000000000080048080000000008004886
:101EB400800000002C1A0020040000000000000034
:101EC400000000000000000000000000000000000E
:101ED400F5770008F1770008ED770008E977000846
:101EE40000000000000000008C190108E1F1000866
:101EF40041F2000849F2000889F20008FD8B00084D
:101F0400B98D000800000000B0190108918A00088A
:101F140041F2000849F2000889F20008501401084F
:101F2400120000000000000000000000000000009B
:101F3400000000000000000000000000000000009D
:101F4400000000000000000000000000000000008D
:101F54000000000000000000581401080800000000
:101F6400000000000000000000000000000000006D
:101F74000000000014000000000000000000000049
:101F8400000000000000000000000000000000004D
:101F940000000000681401080100000000000000B7
:101FA400000000000000000000000000000000002D
:101FB4001800000000000000000000000000000005
:101FC400000000000000000000000000000000000D
:101FD4007814010801000000000000000000000067
:101FE4000000000000000000000000001C000000D1
:101FF40000000000000000000000000000000000DD
:10200400000000000000000000000000841401082B
:1020140001000000000000000000000000000000BB
:10202400000000000000000020000000000000008C
:10203400000000000000000000000000000000009C
:1020440000000000000000007C14010801000000F2
:10205400000000000000000000000000000000007C
:102064000000000024000000000000000000000048
:10207400000000000000000000000000000000005C
:10208400000000009014010801000000000000009E
:10209400000000000000000000000000000000003C
:1020A4002800000000000000000000000000000004
:1020B400000000000000000000000000000000001C
:1020C40014120108F8020020918A000841F2000865
:1020D40049F2000889F200089C1401084814010818
:1020E400F18C0008958C0008898C0008818C00080C
:1020F400A58D000800000000D0190108E1F10008D6
:1021040005F400080DF4000825F400082D8E0008DD
:102114003590000800000000F4190108918A0008B5
:102124001DF3000825F300085DF300088C15010871
:102134001200000000000000000000000000000089
:10214400000000000000000000000000000000008B
:10215400000000000000000000000000000000007B
:1021640000000000000000009415010810000000A9
:10217400000000000000000000000000000000005B
:102184000000000008000000000000000000000043
:10219400000000000000000000000000000000003B
:1021A4000000000000000000141A0108918A0008D1
:1021B40005F400080DF4000825F40008A015010832
:1021C40010000000000000000000000000000000FB
:1021D40000000000000000000000000000000000FB
:1021E40000000000000000000000000000000000EB
:1021F4000000000000000000141201083004002058
:10220400918A00081DF3000825F300085DF3000817
:10221400A815010884150108F18E0008898E0008AC
:10222400358F0008658E0008498E000814120108D5
:1022340064040020918A000805F400080DF40008E5
:1022440025F40008A815010810150108758F000869
:10225400C58F00081D900008AD8F0008718F00081D
:1022640000000000341A0108918A000881F4000873
:1022740089F40008A9F40008DC1501080D00000029
:10228400000000000000000000000000000000004A
:10229400000000000000000000000000000000003A
:1022A400000000000000000000000000000000002A
:1022B40000000000D81501080C0000000000000018
:1022C400000000000000000000000000000000000A
:1022D40004000000000000000000000000000000F6
:1022E40000000000000000000000000000000000EA
:1022F4001412010828050020918A000881F40008BE
:1023040089F40008A9F40008E0150108D0150108B3
:10231400A590000889900008C59000086190000805
:10232400E5900008241601081014010801B42B627A
:10233400562E93CBFE9D42B82FE5994DFA3D63D7B7
:10234400D5C90A317981703F7388ADFF3A00000026
:102354006D736700232053696E676C652072616E2C
:1023640067652072656164696E672066726F6D20AF
:10237400616E206163746976652072616E6765724F
:10238400207468617420656D69747320656E65726C
:10239400677920616E64207265706F7274730A23AA
:1023A400206F6E652072616E676520726561646975
:1023B4006E6720746861742069732076616C696447
:1023C40020616C6F6E6720616E206172632061749E
:1023D400207468652064697374616E6365206D653B
:1023E4006173757265642E0A232054686973206DC5
:1023F40065737361676520697320206E6F74206153
:102404007070726F70726961746520666F72206C8F
:1024140061736572207363616E6E6572732E2053EF
:10242400656520746865204C617365725363616EE1
:102434000A23206D65737361676520696620796F6F
:10244400752061726520776F726B696E672077699A
:1024540074682061206C61736572207363616E6EB1
:1024640065722E0A230A232054686973206D6573EC
:102474007361676520616C736F2063616E207265A0
:1024840070726573656E7420612066697865642D69
:1024940064697374616E6365202862696E61727920
:1024A400292072616E6765722E2020546869730A50
:1024B400232073656E736F722077696C6C2068617A
:1024C4007665206D696E5F72616E67653D3D3D6D39
:1024D40061785F72616E67653D3D3D6469737461E7
:1024E4006E6365206F6620646574656374696F6EDE
:1024F4002E0A232054686573652073656E736F72AA
:102504007320666F6C6C6F772052455020313137E1
:1025140020616E642077696C6C206F7574707574BB
:10252400202D496E6620696620746865206F626A92
:102534006563742069732064657465637465640AF3
:102544002320616E64202B496E66206966207468BE
:1025540065206F626A656374206973206F75747394
:10256400696465206F6620746865206465746563BA
:1025740074696F6E2072616E67652E0A0A737464E3
:102584005F6D7367732F4865616465722068656168
:1025940064657220232074696D657374616D7020A5
:1025A400696E20746865206865616465722069736A
:1025B400207468652074696D652074686520726193
:1025C4006E6765720A2020202020202020202020F1
:1025D40020202020202020202020202020202020F7
:1025E4002020232072657475726E6564207468659A
:1025F4002064697374616E63652072656164696ED9
:10260400670A0A2320526164696174696F6E2074D9
:1026140079706520656E756D730A2320496620798B
:102624006F752077616E7420612076616C7565200A
:10263400616464656420746F2074686973206C69D4
:1026440073742C2073656E6420616E20656D6169FE
:102654006C20746F2074686520726F732D757365B8
:102664007273206C6973740A75696E743820554CE2
:10267400545241534F554E443D300A75696E743877
:1026840020494E4652415245443D310A0A75696E0D
:10269400743820726164696174696F6E5F747970F3
:1026A40065202020202320746865207479706520BB
:1026B4006F6620726164696174696F6E20757365F9
:1026C40064206279207468652073656E736F720A82
:1026D40020202020202020202020202020202020F6
:1026E4002020202020202020232028736F756E6452
:1026F4002C2049522C2065746329205B656E756D0E
:102704005D0A0A666C6F61743332206669656C64B5
:102714005F6F665F76696577202020232074686583
:102724002073697A65206F6620746865206172631E
:102734002074686174207468652064697374616EC0
:1027440063652072656164696E672069730A20207D
:102754002020202020202020202020202020202075
:10276400202020202020232076616C696420666F5D
:1027740072205B7261645D0A2020202020202020CA
:102784002020202020202020202020202020202045
:102794002320746865206F626A65637420636175C1
:1027A40073696E67207468652072616E6765207254
:1027B400656164696E67206D617920686176650A78
:1027C4002020202020202020202020202020202005
:1027D400202020202020202023206265656E206197
:1027E4006E7977686572652077697468696E202DE3
:1027F4006669656C645F6F665F766965772F322002
:10280400616E640A20202020202020202020202007
:102814002020202020202020202020202320666922
:10282400656C645F6F665F766965772F32206174CB
:1028340020746865206D65617375726564207261CA
:102844006E67652E0A2020202020202020202020B2
:102854002020202020202020202020202023203061
:1028640020616E676C6520636F72726573706F6E42
:10287400647320746F2074686520782D617869739F
:10288400206F66207468652073656E736F722E0AFC
:102894000A666C6F61743332206D696E5F72616EAB
:1028A40067652020202020202023206D696E696D1B
:1028B400756D2072616E67652076616C7565205B4D
:1028C4006D5D0A666C6F61743332206D61785F727E
:1028D400616E67652020202020202023206D6178F0
:1028E400696D756D2072616E67652076616C7565C2
:1028F400205B6D5D0A202020202020202020202025
:10290400202020202020202020202020202320469A
:10291400697865642064697374616E6365207261AB
:102924006E676572732072657175697265206D6971
:102934006E5F72616E67653D3D6D61785F72616E59
:1029440067650A0A666C6F617433322072616E6760
:102954006520202020202020202020202320726198
:102964006E67652064617461205B6D5D0A202020C0
:102974002020202020202020202020202020202053
:1029840020202020202320284E6F74653A20766171
:102994006C756573203C2072616E67655F6D696E4E
:1029A400206F72203E2072616E67655F6D617820D2
:1029B40073686F756C642062652064697363617207
:1029C400646564290A202020202020202020202043
:1029D40020202020202020202020202020232046CA
:1029E400697865642064697374616E6365207261DB
:1029F4006E67657273206F6E6C79206F7574707575
:102A040074202D496E66206F72202B496E662E0A43
:102A140020202020202020202020202020202020B2
:102A2400202020202020202023202D496E66207283
:102A34006570726573656E74732061206465746576
:102A44006374696F6E2077697468696E206669784B
:102A540065642064697374616E63652E0A202020A6
:102A64002020202020202020202020202020202062
:102A74002020202020232028446574656374696F16
:102A84006E20746F6F20636C6F736520746F207495
:102A940068652073656E736F7220746F2071756141
:102AA4006E74696679290A202020202020202020A5
:102AB400202020202020202020202020202020230F
:102AC400202B496E6620726570726573656E74732F
:102AD400206E6F20646574656374696F6E20776916
:102AE4007468696E2074686520666978656420641A
:102AF400697374616E63652E0A20202020202020D3
:102B040020202020202020202020202020202020C1
:102B1400202320284F626A656374206F7574206FC8
:102B2400662072616E6765290A0A666C6F61743388
:102B3400322076617269616E636520202020202036
:102B44002020232076617269616E6365206F6620A0
:102B54007468652072616E67652073656E736F7249
:102B64000A20202020202020202020202020202077
:102B740020202020202020202023203020697320A2
:102B8400696E746572707265746564206173207611
:102B9400617269616E636520756E6B6E6F776E002E
:102BA400501000201B0000001B000000000000006B
:102BB40000000000000000003C1000201300000092
:102BC40013000000000000000000000000000000EE
:102BD4003410002006000000060000000000000081
:102BE40001000000000000000000000000000000E0
:102BF40000000000000000003C1000201300000052
:102C040013000000000000000000000000000000AD
:102C14000000000000000000241000200E0000004E
:102C24000E0000000000000003000000000000008F
:102C34000000000000000000000000000000000090
:102C44000000000000000000000000000000000080
:102C54000000000000000000000000000000000070
:102C6400141000200D0000000D0000000000000002
:102C74000A00000000000000000000000000000046
:102C84000000000000000000000000000000000040
:102C94000000000000000000000000000000000030
:102CA40000000000000000000810002009000000DF
:102CB40009000000000000000A00000000000000FD
:102CC4000000000000000000000000000000000000
:102CD40000000000000000000000000000000000F0
:102CE40000000000000000000000000000000000E0
:102CF400FC0F002009000000090000000000000093
:102D04000A000000000000000000000000000000B5
:102D140000000000000000000000000000000000AF
:102D2400000000000000000000000000000000009F
:102D34000000000000000000F40F00200500000067
:102D440005000000000000000A0000000000000070
:102D5400000000000000000000000000000000006F
:102D6400000000000000000000000000000000005F
:102D7400000000000000000000000000000000004F
:102D8400E80F002008000000080000000000000018
:102D94000A00000000000000000000000000000025
:102DA400000000000000000000000000000000001F
:102DB400000000000000000000000000000000000F
:102DC400000000000000000076617269616E6365B6
:102DD4000000000072616E67650000006D61785F3D
:102DE40072616E67650000006D696E5F72616E6787
:102DF400650000006669656C645F6F665F7669658F
:102E040077000000726164696174696F6E5F747940
:102E14007065000068656164657200007374645FC6
:102E24006D7367732F6D73672F48656164657200F6
:102E34006275696C74696E5F696E746572666163EC
:102E440065732F6D73672F54696D650073656E73B9
:102E54006F725F6D7367732F6D73672F52616E6747
:102E64006500000001F49FB3AE2CF070F793645F2B
:102E7400F749683AC6B06203E41C891E17701B1C2C
:102E8400B597CE6A010000006D7367002320537468
:102E9400616E64617264206D657461646174612043
:102EA400666F72206869676865722D6C6576656CFB
:102EB400207374616D706564206461746120747939
:102EC4007065732E0A232054686973206973206720
:102ED400656E6572616C6C79207573656420746FBE
:102EE40020636F6D6D756E69636174652074696DBF
:102EF400657374616D70656420646174610A232074
:102F0400696E206120706172746963756C617220EE
:102F1400636F6F7264696E617465206672616D655A
:102F24002E0A0A232054776F2D696E7465676572C3
:102F34002074696D657374616D70207468617420A8
:102F4400697320657870726573736564206173209A
:102F54007365636F6E647320616E64206E616E6F5F
:102F64007365636F6E64732E0A6275696C74696E3F
:102F74005F696E74657266616365732F54696D650C
:102F8400207374616D700A0A23205472616E736633
:102F94006F726D206672616D652077697468207741
:102FA4006869636820746869732064617461206966
:102FB40073206173736F6369617465642E0A73743B
:102FC40072696E67206672616D655F6964000000F6
:102FD400AC1200201B0000001B00000000000000D9
:102FE4000000000000000000A41200200500000002
:102FF40005000000000000000100000000000000C7
:1030040000000000000000000000000000000000BC
:10301400AC1200201B0000001B0000000000000098
:10302400000000000000000000000000000000009C
:1030340098120020080000000800000000000000B2
:10304400110000000000000000000000000000006B
:10305400000000000000000000000000000000006C
:10306400000000000000000000000000000000005C
:1030740000000000000000006672616D655F696415
:10308400000000007374616D700000006275696C6B
:1030940074696E5F696E74657266616365732F6DC2
:1030A40073672F54696D65007374645F6D73677320
:1030B4002F6D73672F4865616465720001DF668C4C
:1030C400740482BBD48FB39D76A70DFD4BD59DB1FF
:1030D400288021743503259E948F6B1A18000000F4
:1030E4006D73670023205468697320776173206FC0
:1030F400726967696E616C6C792070726F7669644D
:10310400656420617320616E206578616D706C6503
:10311400206D6573736167652E0A232049742069E5
:1031240073206465707265636174656420617320E3
:103134006F6620466F78790A2320497420697320CA
:103144007265636F6D6D656E64656420746F206372
:10315400726561746520796F7572206F776E207364
:10316400656D616E746963616C6C79206D65616E07
:10317400696E6766756C206D6573736167652E0A89
:103184002320486F776576657220696620796F75AC
:1031940020776F756C64206C696B6520746F206395
:1031A4006F6E74696E7565207573696E67207468D7
:1031B400697320706C65617365207573652074682C
:1031C40065206571756976616C656E7420696E2021
:1031D4006578616D706C655F6D7367732E0A0A7331
:1031E4007472696E672064617461000000000000FD
:1031F4005814002004000000040000000000000037
:1032040011000000000000000000000000000000A9
:1032140000000000000000000000000000000000AA
:10322400000000000000000000000000000000009A
:1032340000000000000000006461746100000000F0
:103244007374645F6D7367732F6D73672F53747238
:10325400696E670001B106235E25A4C5ED35098AB0
:10326400A0A61A3EE9C9B18D197F398B0E4206CE4C
:10327400A9ACF9C1970000006D736700232054685E
:103284006973206D65737361676520636F6D6D7518
:103294006E69636174657320524F532054696D6580
:1032A40020646566696E656420686572653A0A2300
:1032B4002068747470733A2F2F64657369676E2E77
:1032C400726F73322E6F72672F61727469636C65EB
:1032D400732F636C6F636B5F616E645F74696D659C
:1032E4002E68746D6C0A0A23205468652073656324
:1032F4006F6E647320636F6D706F6E656E742C20D7
:1033040076616C6964206F76657220616C6C2069EB
:103314006E7433322076616C7565732E0A696E742F
:103324003332207365630A0A2320546865206E6172
:103334006E6F7365636F6E647320636F6D706F6E11
:10334400656E742C2076616C696420696E207468E3
:10335400652072616E6765205B302C2031653929E8
:103364002C20746F20626520616464656420746F2E
:1033740020746865207365636F6E647320636F6D7A
:10338400706F6E656E742E200A2320652E672E0AD8
:1033940023205468652074696D65202D312E3720F3
:1033A4007365636F6E6473206973207265707265F0
:1033B40073656E746564206173207B7365633A2062
:1033C4002D322C206E616E6F7365633A203365383D
:1033D4007D0A23205468652074696D6520312E3779
:1033E400207365636F6E64732069732072657072F5
:1033F4006573656E746564206173207B7365633ADD
:1034040020312C206E616E6F7365633A2037653806
:103414007D0A75696E743332206E616E6F736563F5
:103424000000000000000000E0160020030000007F
:10343400030000000000000006000000000000007F
:103444000000000000000000000000000000000078
:103454000000000000000000000000000000000068
:103464000000000000000000000000000000000058
:10347400D81600200700000007000000000000002C
:103484000700000000000000000000000000000031
:103494000000000000000000000000000000000028
:1034A4000000000000000000000000000000000018
:1034B40000000000000000006E616E6F7365630021
:1034C400736563006275696C74696E5F696E7465B7
:1034D4007266616365732F6D73672F54696D650040
:0400000508006F3947
:00000001FF
